species_label, speciations, duplications, losses, transfers, presence, origination, copies, singletons, transfers_to
AABM5X1, 1, 0.003, 0.083, 0.183, 1, 0, 1, 0.213, 0.827
AABM5X2, 0, 0, 0.286, 0.118, 0, 0, 0, 0, 0.033
AABM5X3, 1, 0.007, 0.093, 0.487, 1, 0, 1, 0.189, 0.841
Abys1, 1, 0, 0.778, 0.257, 1, 0, 1, 0.993, 0.051
Acid1, 1, 0.007, 0.307, 0.502, 1, 0, 1, 0.12, 0.924
Acid10, 0, 0, 0.114, 0.053, 0, 0, 0, 0, 0.032
Acid11, 1, 0.001, 0.051, 0.286, 1, 0, 1, 0.878, 0.153
Acid12, 2, 0.004, 1.052, 0.339, 1, 0, 2, 0.809, 1.221
Acid13, 1, 0.001, 0.862, 0.284, 1, 0, 1, 0.996, 0.034
Acid14, 0, 0, 0.052, 0.064, 0, 0, 0, 0, 0.036
Acid16, 0, 0, 0.938, 0.197, 0, 0, 0, 0, 0.036
Acid17, 1, 0.002, 0.165, 0.278, 1, 0, 1, 0.239, 0.787
Acid18, 0, 0, 0.111, 0.09, 0, 0, 0, 0, 0.044
Acid2, 0, 0, 0.108, 0.088, 0, 0, 0, 0, 0.041
Acid20, 0, 0, 0.329, 0.177, 0, 0, 0, 0, 0.03
Acid21, 2, 0.009, 0.128, 0.765, 1, 0, 2, 0.661, 1.379
Acid22, 0, 0, 0.396, 0.052, 0, 0, 0, 0, 0.036
Acid23, 1, 0.001, 0.572, 0.216, 1, 0, 1, 0.994, 0.037
Acid24, 0, 0, 0.386, 0.032, 0, 0, 0, 0, 0.024
Acid25, 2, 0.004, 0.976, 0.418, 1, 0, 2, 1.147, 0.883
Acid26, 3, 0.005, 0.082, 0.859, 1, 0, 3, 1.345, 1.692
Acid27, 0, 0, 0.991, 0.101, 0, 0, 0, 0, 0.028
Acid28, 0, 0, 0.042, 0.042, 0, 0, 0, 0, 0.022
Acid29, 1, 0.002, 0.058, 0.119, 1, 0, 1, 0.943, 0.093
Acid3, 0, 0, 0.047, 0.039, 0, 0, 0, 0, 0.031
Acid30, 0, 0, 0.115, 0.083, 0, 0, 0, 0, 0.035
Acid31, 0, 0, 0.933, 0.18, 0, 0, 0, 0, 0.036
Acid32, 0, 0, 1.421, 0.339, 0, 0, 0, 0, 0.036
Acid33, 0, 0, 0.476, 0.05, 0, 0, 0, 0, 0.03
Acid34, 1, 0.002, 0.058, 0.108, 1, 0, 1, 0.951, 0.071
Acid35, 1, 0, 0.101, 0.086, 1, 0, 1, 0.997, 0.044
Acid36, 1, 0, 1.005, 0.048, 1, 0, 1, 0.992, 0.038
Acid37, 0, 0, 0.111, 0.074, 0, 0, 0, 0, 0.031
Acid38, 2, 0.001, 0.055, 0.152, 1, 0, 2, 1.943, 0.087
Acid39, 1, 0, 0.079, 0.061, 1, 0, 1, 0.999, 0.022
Acid4, 0, 0, 0.282, 0.071, 0, 0, 0, 0, 0.045
Acid40, 1, 0.009, 0.051, 0.265, 1, 0, 1, 0.284, 0.743
Acid5, 0, 0.001, 1.5, 0.217, 0, 0, 0, 0, 0.038
Acid6, 0, 0, 0.059, 0.053, 0, 0, 0, 0, 0.039
Acid7, 3, 1.999, 0.101, 0.063, 1, 0, 3, 0, 0.079
Acid8, 1, 0.003, 1.119, 0.471, 1, 0, 1, 0.672, 0.363
Acid9, 2, 0.008, 0.977, 0.886, 1, 0, 2, 0.136, 1.898
Acti10, 1, 0.005, 0.067, 0.237, 1, 0, 1, 0.269, 0.762
Acti11, 0, 0, 0.046, 0.046, 0, 0, 0, 0, 0.034
Acti12, 1, 0.005, 0.057, 0.369, 1, 0, 1, 0.983, 0.049
Acti13, 1, 0.004, 0.075, 0.181, 1, 0, 1, 0.649, 0.393
Acti14, 0, 0, 0.055, 0.051, 0, 0, 0, 0, 0.022
Acti15, 1, 0, 0.057, 0.041, 1, 0, 1, 1, 0.028
Acti16, 1, 0, 0.04, 0.037, 1, 0, 1, 0.999, 0.025
Acti18, 1, 0, 0.043, 0.043, 1, 0, 1, 0.999, 0.028
Acti19, 0, 0, 0.062, 0.059, 0, 0, 0, 0, 0.04
Acti2, 1, 0.007, 0.727, 0.37, 1, 0, 1, 0.97, 0.067
Acti20, 1, 0.006, 0.782, 1.063, 1, 0, 1, 0.087, 0.954
Acti21, 0, 0, 1.027, 0.348, 0, 0, 0, 0, 0.024
Acti22, 0, 0, 0.049, 0.049, 0, 0, 0, 0, 0.037
Acti23, 0, 0, 0.044, 0.04, 0, 0, 0, 0, 0.022
Acti24, 1, 0, 0.328, 0.077, 1, 0, 1, 0.999, 0.033
Acti25, 0, 0, 0.184, 0.084, 0, 0, 0, 0, 0.036
Acti26, 0, 0, 0.116, 0.063, 0, 0, 0, 0, 0.035
Acti27, 1, 0, 0.299, 0.167, 1, 0, 1, 0.999, 0.04
Acti28, 0, 0.001, 0.049, 0.053, 0, 0, 0, 0, 0.033
Acti29, 0, 0, 0.284, 0.097, 0, 0, 0, 0, 0.03
Acti3, 0, 0, 0.326, 0.136, 0, 0, 0, 0, 0.026
Acti30, 1, 0.005, 0.262, 0.488, 1, 0, 1, 0.224, 0.824
Acti31, 2, 0.018, 0.148, 0.712, 1, 0, 2, 0.351, 1.68
Acti32, 1, 0, 0.828, 0.041, 1, 0, 1, 0.92, 0.11
Acti33, 1, 0.011, 0.067, 0.29, 1, 0, 1, 0.271, 0.765
Acti34, 0, 0.001, 0.06, 0.057, 0, 0, 0, 0, 0.024
Acti35, 0, 0, 0.324, 0.162, 0, 0, 0, 0, 0.033
Acti36, 0, 0.001, 0.041, 0.035, 0, 0, 0, 0, 0.027
Acti37, 0, 0.001, 0.241, 0.062, 0, 0, 0, 0, 0.023
Acti38, 1, 0.003, 0.857, 0.182, 1, 0, 1, 0.884, 0.15
Acti39, 1, 0.002, 0.185, 0.217, 1, 0, 1, 0.158, 0.883
Acti4, 0, 0, 0.205, 0.101, 0, 0, 0, 0, 0.042
Acti40, 1, 0, 0.06, 0.054, 1, 0, 1, 1, 0.037
Acti41, 0, 0, 0.057, 0.063, 0, 0, 0, 0, 0.045
Acti42, 1, 0.008, 0.362, 0.441, 1, 0, 1, 0.136, 0.89
Acti43, 1, 0, 0.03, 0.041, 1, 0, 1, 0.008, 1.017
Acti44, 1, 0.004, 0.111, 0.4, 1, 0, 1, 0.985, 0.041
Acti45, 0, 0, 0.043, 0.039, 0, 0, 0, 0, 0.024
Acti46, 0, 0, 0.041, 0.033, 0, 0, 0, 0, 0.029
Acti47, 0, 0, 0.054, 0.054, 0, 0, 0, 0, 0.035
Acti48, 1, 0, 0.056, 0.047, 1, 0, 1, 0.998, 0.037
Acti49, 1, 0.003, 0.842, 0.147, 1, 0, 1, 0.898, 0.121
Acti5, 2, 0.97, 0.932, 0.218, 1, 0, 2, 0.052, 0.855
Acti50, 0, 0, 0.056, 0.051, 0, 0, 0, 0, 0.041
Acti51, 2, 0.005, 0.063, 0.368, 1, 0, 2, 1.23, 0.799
Acti52, 1, 0.001, 1.026, 0.361, 1, 0, 1, 0.066, 0.959
Acti6, 0, 0, 0.07, 0.068, 0, 0, 0, 0, 0.037
Acti7, 1, 0.001, 0.176, 0.298, 1, 0, 1, 0.25, 0.787
Acti8, 3, 0.965, 0.088, 0.108, 1, 0, 3, 1.054, 0.828
Acti9, 1, 0, 0.11, 0.179, 1, 0, 1, 0.184, 0.856
Aero1, 1, 0, 0.679, 0.393, 1, 0, 1, 0.934, 0.107
Aqui1, 0, 0, 0.044, 0.046, 0, 0, 0, 0, 0.025
Aqui2, 0, 0, 0.061, 0.059, 0, 0, 0, 0, 0.042
Aqui3, 1, 0, 0.075, 0.12, 1, 0, 1, 0.037, 0.997
Aqui4, 0, 0, 0.033, 0.041, 0, 0, 0, 0, 0.02
Aqui5, 0, 0, 0.045, 0.038, 0, 0, 0, 0, 0.022
Aqui6, 0, 0, 0.038, 0.042, 0, 0, 0, 0, 0.025
Arma11, 1, 0.001, 0.165, 0.394, 1, 0, 1, 0.211, 0.826
Arma12, 0, 0, 0.491, 0.154, 0, 0, 0, 0, 0.033
Arma13, 0, 0, 0.092, 0.094, 0, 0, 0, 0, 0.041
Arma14, 2, 0.004, 0.458, 0.713, 1, 0, 2, 0.45, 1.584
Arma15, 0, 0, 0.082, 0.06, 0, 0, 0, 0, 0.031
Arma16, 1, 0.001, 0.078, 0.073, 1, 0, 1, 1, 0.038
Arma3, 2, 0.008, 0.099, 0.304, 1, 0, 2, 1.284, 0.765
Arma4, 3, 1.003, 0.519, 0.719, 1, 0, 3, 0.292, 1.646
Arma6, 1, 0.008, 0.058, 0.577, 1, 0, 1, 0.209, 0.827
Arma7, 3, 0.005, 0.076, 0.43, 1, 0, 3, 0.423, 2.613
Arma9, 1, 0, 0.092, 0.078, 1, 0, 1, 0.999, 0.048
Aure1, 1, 0.001, 0.477, 0.335, 1, 0, 1, 0.571, 0.477
Aure2, 2, 0.011, 0.764, 0.691, 1, 0, 2, 0.287, 1.754
Aure3, 1, 0.008, 1.25, 0.663, 1, 0, 1, 0.608, 0.418
B130X1, 0, 0.003, 2.645, 0.932, 0, 0, 0, 0, 0.052
BMS3X1, 1, 0.005, 0.718, 0.588, 1, 0, 1, 0.27, 0.759
Bact1, 0, 0, 0.072, 0.063, 0, 0, 0, 0, 0.04
Bact10, 0, 0, 0.042, 0.047, 0, 0, 0, 0, 0.035
Bact11, 0, 0, 0.07, 0.078, 0, 0, 0, 0, 0.038
Bact12, 0, 0, 0.049, 0.049, 0, 0, 0, 0, 0.034
Bact13, 0, 0, 0.04, 0.035, 0, 0, 0, 0, 0.022
Bact14, 1, 0, 0.058, 0.067, 1, 0, 1, 0.16, 0.882
Bact16, 0, 0, 0.05, 0.051, 0, 0, 0, 0, 0.029
Bact17, 0, 0, 0.058, 0.048, 0, 0, 0, 0, 0.026
Bact18, 0, 0, 0.064, 0.063, 0, 0, 0, 0, 0.049
Bact19, 0, 0, 0.065, 0.063, 0, 0, 0, 0, 0.04
Bact2, 0, 0, 0.057, 0.059, 0, 0, 0, 0, 0.037
Bact20, 1, 0.001, 0.308, 0.162, 1, 0, 1, 0.201, 0.829
Bact21, 2, 0.001, 0.155, 0.091, 1, 0, 2, 1.188, 0.836
Bact22, 1, 0, 0.081, 0.059, 1, 0, 1, 0.99, 0.048
Bact23, 2, 0.002, 0.057, 0.169, 1, 0, 2, 1.15, 0.887
Bact24, 0, 0, 0.056, 0.05, 0, 0, 0, 0, 0.034
Bact25, 0, 0.001, 0.078, 0.066, 0, 0, 0, 0, 0.04
Bact27, 0, 0, 0.368, 0.182, 0, 0, 0, 0, 0.036
Bact28, 1, 0.001, 0.19, 0.05, 1, 0, 1, 0.997, 0.021
Bact29, 3, 0.967, 1.05, 1.094, 1, 0, 3, 0.229, 1.577
Bact3, 0, 0, 0.21, 0.062, 0, 0, 0, 0, 0.034
Bact30, 1, 0, 0.061, 0.059, 1, 0, 1, 0.999, 0.03
Bact31, 1, 0, 0.187, 0.065, 1, 0, 1, 0.992, 0.023
Bact32, 1, 0, 0.058, 0.058, 1, 0, 1, 0.999, 0.027
Bact33, 0, 0, 0.037, 0.04, 0, 0, 0, 0, 0.034
Bact34, 0, 0, 0.243, 0.123, 0, 0, 0, 0, 0.024
Bact35, 0, 0, 0.138, 0.075, 0, 0, 0, 0, 0.035
Bact36, 0, 0.001, 1.031, 0.035, 0, 0, 0, 0, 0.02
Bact37, 0, 0, 0.039, 0.046, 0, 0, 0, 0, 0.024
Bact38, 1, 0.004, 1.036, 0.37, 1, 0, 1, 0.161, 0.868
Bact39, 0, 0, 0.036, 0.047, 0, 0, 0, 0, 0.033
Bact4, 1, 0.003, 0.08, 0.308, 1, 0, 1, 0.249, 0.777
Bact40, 1, 0, 0.053, 0.046, 1, 0, 1, 1, 0.03
Bact41, 1, 0, 0.065, 0.071, 1, 0, 1, 1, 0.042
Bact42, 0, 0, 0.04, 0.031, 0, 0, 0, 0, 0.025
Bact43, 1, 0, 0.041, 0.043, 1, 0, 1, 0.997, 0.031
Bact44, 0, 0, 0.324, 0.111, 0, 0, 0, 0, 0.033
Bact5, 0, 0, 0.06, 0.062, 0, 0, 0, 0, 0.039
Bact6, 0, 0, 0.045, 0.05, 0, 0, 0, 0, 0.037
Bact7, 0, 0, 0.053, 0.06, 0, 0, 0, 0, 0.034
Bact8, 0, 0, 0.059, 0.069, 0, 0, 0, 0, 0.04
Bact9, 1, 0.012, 0.555, 0.796, 1, 0, 1, 0.985, 0.037
Bdell10, 0, 0, 0.054, 0.055, 0, 0, 0, 0, 0.037
Bdell11, 0, 0, 1.022, 0.053, 0, 0, 0, 0, 0.036
Bdell12, 1, 0, 0.056, 0.049, 1, 0, 1, 1, 0.037
Bdell13, 0, 0, 0.33, 0.092, 0, 0, 0, 0, 0.038
Bdell14, 1, 0, 0.062, 0.049, 1, 0, 1, 1, 0.027
Bdell15, 1, 0.004, 0.068, 0.188, 1, 0, 1, 0.228, 0.813
Bdell16, 1, 0, 0.051, 0.05, 1, 0, 1, 1, 0.027
Bdell17, 1, 0, 0.049, 0.045, 1, 0, 1, 1, 0.025
Bdell2, 0, 0, 0.062, 0.069, 0, 0, 0, 0, 0.045
Bdell3, 1, 0, 0.05, 0.05, 1, 0, 1, 1, 0.031
Bdell4, 1, 0, 0.076, 0.072, 1, 0, 1, 1, 0.041
Bdell5, 0, 0, 0.323, 0.113, 0, 0, 0, 0, 0.025
Bdell6, 0, 0, 0.072, 0.059, 0, 0, 0, 0, 0.035
Bdell7, 1, 0.008, 0.074, 0.606, 1, 0, 1, 0.268, 0.768
Bdell9, 0, 0, 0.293, 0.119, 0, 0, 0, 0, 0.042
BdellC1, 0, 0, 0.083, 0.068, 0, 0, 0, 0, 0.034
BdellC2, 0, 0, 0.089, 0.076, 0, 0, 0, 0, 0.04
Bipo1, 0, 0, 0.426, 0.142, 0, 0, 0, 0, 0.05
Bipo2, 2, 0.002, 0.112, 0.32, 1, 0, 2, 0.318, 1.734
CG267X1, 1, 0.001, 0.085, 0.158, 1, 0, 1, 0.95, 0.08
CG294X1, 0, 0, 1.039, 0.146, 0, 0, 0, 0, 0.035
CSP1X1, 0, 0.001, 0.277, 0.131, 0, 0, 0, 0, 0.045
Calda1, 2, 0.014, 0.134, 1.22, 1, 0, 2, 0.233, 1.799
Calda2, 0, 0, 0.355, 0.131, 0, 0, 0, 0, 0.034
Caldit1, 0, 0, 0.065, 0.057, 0, 0, 0, 0, 0.037
Caldit2, 0, 0, 0.057, 0.054, 0, 0, 0, 0, 0.029
Caldit3, 1, 0.01, 0.066, 0.632, 1, 0, 1, 0.072, 0.966
Camp1, 1, 0, 0.25, 0.144, 1, 0, 1, 0.144, 0.888
Camp10, 1, 0.005, 1.085, 0.498, 1, 0, 1, 0.25, 0.778
Camp11, 1, 0.001, 0.324, 0.079, 1, 0, 1, 0.975, 0.05
Camp12, 1, 0, 0.977, 0.223, 1, 0, 1, 0.198, 0.82
Camp13, 1, 0.009, 0.069, 1.015, 1, 0, 1, 0.979, 0.034
Camp14, 1, 0, 0.134, 0.1, 1, 0, 1, 0.984, 0.053
Camp15, 1, 0, 0.119, 0.084, 1, 0, 1, 0.984, 0.038
Camp16, 2, 0.975, 0.247, 0.784, 1, 0, 2, 0.064, 0.104
Camp2, 1, 0, 0.078, 0.067, 1, 0, 1, 0.987, 0.052
Camp3, 1, 0.003, 0.23, 0.159, 1, 0, 1, 0.169, 0.865
Camp4, 1, 0, 0.258, 0.049, 1, 0, 1, 0.933, 0.09
Camp5, 2, 0.003, 0.285, 0.268, 1, 0, 2, 1.037, 0.98
Camp6, 1, 0, 0.213, 0.085, 1, 0, 1, 0.096, 0.945
Camp7, 1, 0.001, 0.301, 0.332, 1, 0, 1, 0.904, 0.117
Camp9, 1, 0, 0.134, 0.096, 1, 0, 1, 0.162, 0.866
Chlo10, 1, 0, 1.064, 0.051, 1, 0, 1, 1, 0.032
Chlo11, 1, 0.002, 0.343, 0.242, 1, 0, 1, 0.975, 0.064
Chlo12, 0, 0, 0.543, 0.155, 0, 0, 0, 0, 0.034
Chlo13, 1, 0.004, 0.219, 0.483, 1, 0, 1, 0.697, 0.337
Chlo14, 0, 0, 0.411, 0.125, 0, 0, 0, 0, 0.027
Chlo15, 1, 0.018, 0.1, 1.015, 1, 0, 1, 0.935, 0.083
Chlo16, 0, 0, 0.724, 0.331, 0, 0, 0, 0, 0.034
Chlo17, 0, 0, 0.969, 0.059, 0, 0, 0, 0, 0.03
Chlo18, 0, 0.001, 0.812, 0.16, 0, 0, 0, 0, 0.025
Chlo19, 0, 0, 0.057, 0.056, 0, 0, 0, 0, 0.038
Chlo20, 1, 0, 0.057, 0.059, 1, 0, 1, 1, 0.024
Chlo21, 1, 0.004, 1.901, 0.313, 1, 0, 1, 0.994, 0.044
Chlo22, 1, 0.013, 0.116, 0.928, 1, 0, 1, 0.899, 0.119
Chlo23, 1, 0.006, 0.762, 0.357, 1, 0, 1, 0.834, 0.198
Chlo24, 2, 0.006, 0.128, 0.336, 1, 0, 2, 0.42, 1.613
Chlo25, 0, 0, 0.046, 0.048, 0, 0, 0, 0, 0.029
Chlo26, 2, 0.005, 0.093, 0.403, 1, 0, 2, 1.219, 0.811
Chlo27, 1, 0, 0.053, 0.036, 1, 0, 1, 0.999, 0.02
Chlo28, 1, 0.001, 0.35, 0.299, 1, 0, 1, 0.168, 0.875
Chlo29, 1, 0.014, 0.191, 1.087, 1, 0, 1, 0.985, 0.047
Chlo30, 1, 0, 0.039, 0.036, 1, 0, 1, 0.999, 0.029
Chlo31, 0, 0, 0.052, 0.051, 0, 0, 0, 0, 0.035
Chlo32, 1, 0.001, 0.255, 0.1, 1, 0, 1, 0.997, 0.044
Chlo33, 0, 0, 0.366, 0.126, 0, 0, 0, 0, 0.032
Chlo34, 1, 0, 0.057, 0.058, 1, 0, 1, 0.998, 0.033
Chlo35, 3, 0.024, 0.161, 1.61, 1, 0, 3, 2.732, 0.284
Chlo36, 2, 0.011, 0.149, 0.734, 1, 0, 2, 0.521, 1.507
Chlo37, 0, 0, 1.044, 0.054, 0, 0, 0, 0, 0.034
Chlo38, 0, 0, 0.049, 0.052, 0, 0, 0, 0, 0.03
Chlo39, 1, 0, 0.061, 0.053, 1, 0, 1, 1, 0.031
Chlo4, 3, 1.029, 1.116, 1.83, 1, 0, 3, 0.952, 0.219
Chlo40, 0, 0, 0.651, 0.291, 0, 0, 0, 0, 0.02
Chlo41, 1, 0, 0.052, 0.047, 1, 0, 1, 1, 0.022
Chlo42, 1, 0, 0.057, 0.053, 1, 0, 1, 0.998, 0.033
Chlo43, 0, 0.001, 0.379, 0.213, 0, 0, 0, 0, 0.032
Chlo44, 1, 0, 0.049, 0.085, 1, 0, 1, 0.911, 0.11
Chlo45, 1, 0, 0.046, 0.05, 1, 0, 1, 1, 0.034
Chlo46, 1, 0, 0.041, 0.039, 1, 0, 1, 1, 0.029
Chlo47, 3, 0, 0.07, 0.138, 1, 0, 3, 2.265, 0.762
Chlo48, 2, 0, 0.069, 0.064, 1, 0, 2, 1.997, 0.037
Chlo5, 1, 0.007, 0.072, 0.371, 1, 0, 1, 0.65, 0.375
Chlo6, 2, 0.003, 0.076, 0.179, 1, 0, 2, 0.756, 1.287
Chlo7, 0, 0, 1.039, 0.466, 0, 0, 0, 0, 0.04
Chlo8, 1, 0.006, 0.325, 0.35, 1, 0, 1, 0.254, 0.778
Chlo9, 0, 0.001, 0.518, 0.212, 0, 0, 0, 0, 0.05
Chry1, 1, 0, 0.321, 0.239, 1, 0, 1, 0.001, 1.038
Cloa1, 0, 0, 0.107, 0.083, 0, 0, 0, 0, 0.048
Cyan1, 0, 0.001, 1.065, 0.072, 0, 0, 0, 0, 0.046
Cyan10, 1, 0, 0.976, 0.213, 1, 0, 1, 1, 0.037
Cyan11, 2, 0, 0.054, 0.23, 1, 0, 2, 1.381, 0.655
Cyan12, 1, 0.001, 0.834, 0.17, 1, 0, 1, 0.888, 0.14
Cyan13, 1, 0, 0.817, 0.042, 1, 0, 1, 0.923, 0.1
Cyan14, 3, 0.004, 0.228, 0.207, 1, 0, 3, 2.179, 0.849
Cyan15, 2, 0.011, 0.747, 0.545, 1, 0, 2, 1.645, 0.361
Cyan16, 1, 0, 0.119, 0.08, 1, 0, 1, 0.994, 0.034
Cyan18, 1, 0.002, 0.869, 0.166, 1, 0, 1, 0.885, 0.15
Cyan19, 1, 0, 0.26, 0.083, 1, 0, 1, 0.998, 0.033
Cyan2, 1, 0, 0.065, 0.062, 1, 0, 1, 0.993, 0.047
Cyan20, 1, 0, 0.427, 0.19, 1, 0, 1, 0.988, 0.061
Cyan21, 1, 0, 0.052, 0.126, 1, 0, 1, 0.996, 0.032
Cyan22, 3, 0.016, 0.286, 0.823, 1, 0, 3, 2.788, 0.226
Cyan23, 1, 0, 1.721, 0.327, 1, 0, 1, 0.975, 0.053
Cyan24, 1, 0.001, 2.358, 0.499, 1, 0, 1, 0.225, 0.803
Cyan25, 2, 0.001, 0.477, 0.08, 1, 0, 2, 1.957, 0.065
Cyan26, 1, 0, 0.432, 0.175, 1, 0, 1, 1, 0.033
Cyan27, 2, 0.003, 0.175, 0.186, 1, 0, 2, 1.179, 0.85
Cyan28, 1, 0.002, 0.04, 0.281, 1, 0, 1, 0.893, 0.134
Cyan29, 1, 0, 0.116, 0.111, 1, 0, 1, 0.994, 0.031
Cyan3, 1, 0, 0.045, 0.034, 1, 0, 1, 1, 0.027
Cyan30, 1, 0.002, 1.063, 0.39, 1, 0, 1, 0.861, 0.165
Cyan31, 1, 0.003, 1.062, 0.226, 1, 0, 1, 0.329, 0.706
Cyan32, 3, 0.934, 0.226, 0.057, 1, 0, 3, 0.283, 1.504
Cyan33, 1, 0.006, 0.052, 0.372, 1, 0, 1, 0.987, 0.026
Cyan34, 2, 0.006, 0.211, 0.55, 1, 0, 2, 1.166, 0.852
Cyan35, 1, 0.002, 1.029, 0.361, 1, 0, 1, 0.844, 0.188
Cyan36, 1, 0.001, 2.483, 0.448, 1, 0, 1, 0.572, 0.457
Cyan37, 1, 0.002, 1.411, 0.181, 1, 0, 1, 0.975, 0.061
Cyan38, 1, 0, 0.913, 0.192, 1, 0, 1, 0.992, 0.04
Cyan4, 1, 0.002, 0.269, 0.135, 1, 0, 1, 0.173, 0.859
Cyan40, 1, 0.003, 0.935, 0.33, 1, 0, 1, 0.429, 0.61
Cyan41, 1, 0.001, 0.38, 0.042, 1, 0, 1, 0.999, 0.016
Cyan42, 1, 0.001, 0.049, 0.053, 1, 0, 1, 1, 0.03
Cyan43, 2, 0.002, 1.46, 0.315, 1, 0, 2, 0.457, 1.581
Cyan44, 3, 0, 0.061, 0.05, 1, 0, 3, 2.996, 0.028
Cyan45, 3, 0.003, 0.05, 0.298, 1, 0, 3, 1.913, 1.108
Cyan46, 1, 0, 0.625, 0.066, 1, 0, 1, 0.194, 0.837
Cyan47, 3, 0, 0.065, 0.058, 1, 0, 3, 2.996, 0.032
Cyan7, 1, 0, 0.083, 0.085, 1, 0, 1, 1, 0.046
Cyan8, 1, 0.004, 0.099, 0.656, 1, 0, 1, 0.957, 0.077
Cyan9, 1, 0.005, 0.316, 0.436, 1, 0, 1, 0.151, 0.903
DTU0X1, 0, 0, 1.331, 0.138, 0, 0, 0, 0, 0.03
Defe1, 1, 0.001, 0.086, 0.087, 1, 0, 1, 0.969, 0.057
Defe2, 1, 0, 0.049, 0.047, 1, 0, 1, 0.999, 0.028
Defe3, 1, 0.001, 0.048, 0.119, 1, 0, 1, 0.999, 0.026
Dein1, 1, 0, 1.052, 0.062, 1, 0, 1, 0.95, 0.092
Dein2, 1, 0, 0.132, 0.051, 1, 0, 1, 0.986, 0.051
Dein3, 1, 0, 0.047, 0.041, 1, 0, 1, 1, 0.026
Dein4, 1, 0, 0.042, 0.038, 1, 0, 1, 1, 0.03
Dein5, 1, 0, 0.983, 0.028, 1, 0, 1, 0.997, 0.023
Dein6, 1, 0, 0.037, 0.04, 1, 0, 1, 1, 0.025
Dein7, 1, 0, 0.051, 0.052, 1, 0, 1, 1, 0.03
Desa1, 1, 0.001, 1.502, 0.463, 1, 0, 1, 0.939, 0.11
DesuB1, 1, 0, 0.72, 0.054, 1, 0, 1, 0.863, 0.172
DesuB2, 1, 0.002, 0.624, 0.342, 1, 0, 1, 0.96, 0.074
DesuB3, 3, 0.005, 0.057, 0.066, 1, 0, 3, 2.922, 0.104
DesuB4, 2, 0.001, 0.987, 0.08, 1, 0, 2, 1.994, 0.038
DesuC1, 1, 0, 0.075, 0.055, 1, 0, 1, 0.999, 0.031
DesuC2, 1, 0, 0.077, 0.075, 1, 0, 1, 0.999, 0.033
DesuD1, 1, 0, 0.196, 0.165, 1, 0, 1, 0.998, 0.042
DesuD2, 1, 0, 0.183, 0.133, 1, 0, 1, 0.999, 0.029
Desua1, 2, 0.009, 0.066, 0.574, 1, 0, 2, 0.274, 1.759
Desua10, 1, 0, 0.74, 0.176, 1, 0, 1, 0.999, 0.029
Desua11, 2, 0.012, 1.044, 0.596, 1, 0, 2, 0.634, 1.381
Desua12, 1, 0.001, 0.285, 0.202, 1, 0, 1, 0.969, 0.055
Desua13, 1, 0.008, 1.684, 0.515, 1, 0, 1, 0.146, 0.888
Desua14, 2, 0.004, 1.067, 0.67, 1, 0, 2, 0.919, 1.106
Desua15, 0, 0, 0.069, 0.068, 0, 0, 0, 0, 0.037
Desua16, 0, 0, 0.061, 0.05, 0, 0, 0, 0, 0.029
Desua17, 0, 0, 0.046, 0.042, 0, 0, 0, 0, 0.026
Desua18, 0, 0.001, 0.063, 0.048, 0, 0, 0, 0, 0.023
Desua19, 1, 0.001, 1.287, 0.343, 1, 0, 1, 0.682, 0.343
Desua2, 1, 0.001, 0.836, 0.187, 1, 0, 1, 0.996, 0.047
Desua20, 0, 0, 0.284, 0.196, 0, 0, 0, 0, 0.038
Desua21, 1, 0, 0.071, 0.068, 1, 0, 1, 1, 0.035
Desua22, 0, 0.004, 1.132, 0.421, 0, 0, 0, 0, 0.029
Desua23, 1, 0.004, 0.136, 0.24, 1, 0, 1, 0.992, 0.033
Desua24, 0, 0, 0.078, 0.068, 0, 0, 0, 0, 0.034
Desua25, 1, 0.003, 0.257, 0.476, 1, 0, 1, 0.976, 0.06
Desua26, 3, 0.003, 0.831, 0.484, 1, 0, 3, 1.155, 1.889
Desua27, 1, 0, 0.683, 0.192, 1, 0, 1, 1, 0.032
Desua28, 1, 0, 0.133, 0.099, 1, 0, 1, 1, 0.035
Desua29, 2, 0, 1.04, 0.048, 1, 0, 2, 1.848, 0.175
Desua3, 0, 0, 0.158, 0.086, 0, 0, 0, 0, 0.038
Desua30, 2, 0.01, 1.228, 0.89, 1, 0, 2, 0.753, 1.279
Desua31, 1, 0.003, 0.053, 0.358, 1, 0, 1, 0.885, 0.142
Desua32, 1, 0, 0.22, 0.055, 1, 0, 1, 1, 0.025
Desua33, 3, 0.999, 0.113, 0.082, 1, 0, 3, 0.999, 0.035
Desua34, 0, 0, 0.329, 0.101, 0, 0, 0, 0, 0.031
Desua35, 1, 0.001, 0.128, 0.116, 1, 0, 1, 1, 0.029
Desua36, 1, 0, 0.054, 0.042, 1, 0, 1, 1, 0.028
Desua37, 2, 0.015, 0.113, 1.057, 1, 0, 2, 1.982, 0.031
Desua38, 1, 0, 0.053, 0.045, 1, 0, 1, 0.999, 0.027
Desua39, 1, 0, 0.134, 0.098, 1, 0, 1, 0.998, 0.033
Desua4, 0, 0.001, 1.196, 0.113, 0, 0, 0, 0, 0.042
Desua40, 0, 0, 0.944, 0.293, 0, 0, 0, 0, 0.036
Desua41, 1, 0.006, 1.862, 0.23, 1, 0, 1, 0.993, 0.031
Desua42, 1, 0.003, 0.332, 0.4, 1, 0, 1, 0.995, 0.038
Desua43, 1, 0, 0.319, 0.099, 1, 0, 1, 0.999, 0.028
Desua44, 1, 0.002, 0.663, 0.496, 1, 0, 1, 0.293, 0.743
Desua45, 0, 0.001, 0.269, 0.127, 0, 0, 0, 0, 0.036
Desua46, 1, 0.003, 1.028, 0.597, 1, 0, 1, 0.195, 0.831
Desua47, 2, 0.001, 0.897, 0.041, 1, 0, 2, 1.99, 0.031
Desua48, 2, 0, 0.115, 0.094, 1, 0, 2, 1.997, 0.036
Desua49, 1, 0, 0.069, 0.059, 1, 0, 1, 1, 0.033
Desua5, 3, 0.009, 0.292, 0.747, 1, 0, 3, 1.077, 1.971
Desua50, 1, 0, 0.861, 0.325, 1, 0, 1, 0.842, 0.19
Desua51, 2, 0.004, 0.374, 0.37, 1, 0, 2, 1.155, 0.868
Desua52, 2, 0.006, 0.067, 0.408, 1, 0, 2, 1.26, 0.77
Desua53, 1, 0.005, 1.219, 0.488, 1, 0, 1, 0.311, 0.712
Desua54, 1, 0.001, 0.703, 0.154, 1, 0, 1, 0.811, 0.214
Desua6, 2, 0, 0.942, 0.089, 1, 0, 2, 1.923, 0.127
Desua7, 3, 0.007, 0.664, 0.368, 1, 0, 3, 2.178, 0.842
Desua8, 4, 0.015, 0.215, 1.39, 1, 0, 4, 1.622, 2.412
Desua9, 0, 0, 0.052, 0.052, 0, 0, 0, 0, 0.032
Dict1, 1, 0.004, 0.126, 0.458, 1, 0, 1, 0.676, 0.365
Dorm1, 0, 0, 0.04, 0.044, 0, 0, 0, 0, 0.026
Dorm2, 0, 0, 0.039, 0.04, 0, 0, 0, 0, 0.025
Dorm3, 0, 0, 0.065, 0.05, 0, 0, 0, 0, 0.025
Dorm4, 0, 0, 0.064, 0.057, 0, 0, 0, 0, 0.039
Dorm5, 0, 0, 0.052, 0.047, 0, 0, 0, 0, 0.031
Edwa1, 0, 0, 0.053, 0.052, 0, 0, 0, 0, 0.034
Eise1, 1, 0.015, 1.043, 0.924, 1, 0, 1, 0.578, 0.433
Eise2, 1, 0, 0.652, 0.302, 1, 0, 1, 0.982, 0.057
Eise3, 1, 0.004, 1.042, 0.429, 1, 0, 1, 0.468, 0.553
Eise4, 1, 0.001, 0.528, 0.214, 1, 0, 1, 0.984, 0.042
Elus1, 1, 0.003, 0.975, 0.324, 1, 0, 1, 0.804, 0.237
Elus10, 1, 0.003, 0.235, 0.212, 1, 0, 1, 0.217, 0.814
Elus2, 0, 0, 0.926, 0.156, 0, 0, 0, 0, 0.033
Elus3, 1, 0.004, 0.14, 0.283, 1, 0, 1, 0.259, 0.779
Elus4, 0, 0, 0.085, 0.05, 0, 0, 0, 0, 0.037
Elus5, 1, 0.001, 0.045, 0.181, 1, 0, 1, 0.87, 0.151
Elus6, 1, 0.001, 0.3, 0.15, 1, 0, 1, 0.161, 0.868
Elus7, 1, 0.003, 0.116, 0.388, 1, 0, 1, 0.003, 1.041
Elus8, 1, 0, 0.221, 0.247, 1, 0, 1, 0.231, 0.79
Elus9, 1, 0.002, 0.265, 0.184, 1, 0, 1, 0.178, 0.845
Erem2, 1, 0, 0.355, 0.177, 1, 0, 1, 0.008, 1.037
Erem3, 2, 0.005, 0.094, 0.178, 1, 0, 2, 1.107, 0.92
Erem4, 0, 0, 1.01, 0.059, 0, 0, 0, 0, 0.036
Erem5, 1, 0, 0.041, 0.044, 1, 0, 1, 0.954, 0.067
Erem6, 1, 0.001, 0.111, 0.093, 1, 0, 1, 0.99, 0.031
FCPU1, 1, 0, 0.097, 0.07, 1, 0, 1, 1, 0.026
FCPU2, 1, 0, 0.098, 0.071, 1, 0, 1, 1, 0.027
Ferm1, 0, 0.001, 0.258, 0.132, 0, 0, 0, 0, 0.038
Fibr1, 0, 0, 0.76, 0.306, 0, 0, 0, 0, 0.044
Fibr2, 1, 0, 0.84, 0.34, 1, 0, 1, 0.029, 1.009
Fibr3, 2, 0.005, 0.263, 0.389, 1, 0, 2, 0.609, 1.424
Fibr4, 2, 0.969, 0.113, 0.749, 1, 0, 2, 0.074, 0.313
Fibr5, 5, 2.007, 0.079, 0.69, 1, 0, 5, 0.675, 2.356
Fibr6, 3, 0.013, 0.723, 1.024, 1, 0, 3, 0.512, 2.53
Fire1, 1, 0.006, 1.235, 0.636, 1, 0, 1, 0.453, 0.57
FirmA1, 1, 0.008, 0.281, 0.484, 1, 0, 1, 0.744, 0.294
FirmA10, 1, 0.007, 0.294, 0.562, 1, 0, 1, 0.988, 0.037
FirmA100, 0, 0, 0.254, 0.066, 0, 0, 0, 0, 0.037
FirmA101, 1, 0.001, 0.621, 0.285, 1, 0, 1, 0.911, 0.118
FirmA102, 2, 0.002, 0.107, 0.422, 1, 0, 2, 1.758, 0.265
FirmA103, 1, 0.001, 0.293, 0.245, 1, 0, 1, 0.196, 0.829
FirmA104, 1, 0.004, 0.206, 0.389, 1, 0, 1, 0.233, 0.787
FirmA105, 1, 0.002, 0.098, 0.091, 1, 0, 1, 0.92, 0.11
FirmA106, 1, 0.003, 0.321, 0.436, 1, 0, 1, 0.988, 0.041
FirmA107, 2, 0.002, 0.047, 0.128, 1, 0, 2, 0.305, 1.72
FirmA108, 1, 0.001, 0.415, 0.139, 1, 0, 1, 0.753, 0.273
FirmA109, 1, 0, 0.907, 0.317, 1, 0, 1, 0.162, 0.861
FirmA11, 1, 0.003, 1.627, 0.528, 1, 0, 1, 0.122, 0.905
FirmA110, 1, 0.002, 0.037, 0.304, 1, 0, 1, 0.889, 0.128
FirmA111, 1, 0.003, 1.927, 0.714, 1, 0, 1, 0.672, 0.36
FirmA112, 2, 0.01, 0.511, 0.836, 1, 0, 2, 1.839, 0.185
FirmA113, 0, 0, 0.15, 0.079, 0, 0, 0, 0, 0.03
FirmA114, 1, 0.001, 0.142, 0.101, 1, 0, 1, 1, 0.035
FirmA12, 1, 0.003, 1.13, 0.769, 1, 0, 1, 0.208, 0.816
FirmA14, 1, 0.008, 0.082, 0.614, 1, 0, 1, 0.081, 0.954
FirmA16, 2, 0.018, 1.166, 1.243, 1, 0, 2, 1.071, 0.95
FirmA18, 0, 0.001, 0.493, 0.228, 0, 0, 0, 0, 0.029
FirmA19, 2, 0.002, 0.319, 0.156, 1, 0, 2, 0.234, 1.8
FirmA2, 1, 0.008, 2.141, 0.708, 1, 0, 1, 0.747, 0.296
FirmA20, 1, 0.001, 0.06, 0.136, 1, 0, 1, 0.194, 0.842
FirmA21, 1, 0.008, 0.345, 0.723, 1, 0, 1, 0.601, 0.429
FirmA24, 1, 0.001, 0.215, 0.179, 1, 0, 1, 0.241, 0.792
FirmA25, 1, 0, 0.295, 0.11, 1, 0, 1, 0.123, 0.909
FirmA26, 5, 0.024, 0.261, 1.813, 1, 0, 5, 1.925, 3.094
FirmA27, 1, 0.012, 0.117, 1.077, 1, 0, 1, 0.986, 0.028
FirmA28, 1, 0.001, 0.184, 0.089, 1, 0, 1, 0.992, 0.042
FirmA29, 0, 0, 0.15, 0.106, 0, 0, 0, 0, 0.033
FirmA30, 1, 0, 0.285, 0.184, 1, 0, 1, 0.994, 0.046
FirmA31, 1, 0, 0.138, 0.118, 1, 0, 1, 0.847, 0.184
FirmA32, 1, 0, 0.978, 0.395, 1, 0, 1, 0.276, 0.759
FirmA33, 1, 0.007, 0.088, 0.479, 1, 0, 1, 0.18, 0.852
FirmA34, 2, 0.009, 0.2, 0.367, 1, 0, 2, 1.338, 0.696
FirmA35, 1, 0, 0.045, 0.042, 1, 0, 1, 1, 0.011
FirmA36, 1, 0.001, 1.034, 0.324, 1, 0, 1, 0.143, 0.892
FirmA37, 1, 0.01, 0.446, 1.041, 1, 0, 1, 0.317, 0.71
FirmA38, 2, 0.006, 0.378, 1.084, 1, 0, 2, 0.883, 1.153
FirmA39, 2, 0.003, 0.303, 0.47, 1, 0, 2, 1.179, 0.84
FirmA40, 1, 0.002, 0.705, 0.355, 1, 0, 1, 0.268, 0.765
FirmA41, 1, 0.001, 2.071, 0.737, 1, 0, 1, 0.099, 0.927
FirmA42, 0, 0, 0.113, 0.061, 0, 0, 0, 0, 0.024
FirmA43, 2, 0.004, 0.257, 0.478, 1, 0, 2, 1.242, 0.793
FirmA44, 1, 0, 1.048, 0.411, 1, 0, 1, 0.913, 0.112
FirmA45, 2, 0.016, 0.376, 0.856, 1, 0, 2, 0.608, 1.422
FirmA46, 2, 0.029, 0.354, 1.78, 1, 0, 2, 0.325, 1.7
FirmA47, 1, 0.015, 0.192, 0.67, 1, 0, 1, 0.743, 0.269
FirmA48, 1, 0.002, 0.778, 0.467, 1, 0, 1, 0.565, 0.46
FirmA49, 0, 0, 1.045, 0.124, 0, 0, 0, 0, 0.028
FirmA5, 1, 0, 0.914, 0.265, 1, 0, 1, 0.154, 0.874
FirmA50, 1, 0, 0.076, 0.06, 1, 0, 1, 0.999, 0.036
FirmA51, 0, 0, 0.14, 0.111, 0, 0, 0, 0, 0.023
FirmA52, 0, 0, 0.359, 0.087, 0, 0, 0, 0, 0.034
FirmA53, 1, 0, 0.064, 0.051, 1, 0, 1, 1, 0.03
FirmA54, 2, 0, 0.048, 0.046, 1, 0, 2, 1.16, 0.863
FirmA55, 1, 0.003, 0.298, 0.367, 1, 0, 1, 0.757, 0.272
FirmA56, 1, 0.003, 0.186, 0.309, 1, 0, 1, 0.233, 0.797
FirmA57, 1, 0.035, 0.322, 2.175, 1, 0, 1, 0.939, 0.06
FirmA58, 1, 0.007, 1.102, 0.918, 1, 0, 1, 0.172, 0.849
FirmA59, 2, 0.006, 0.624, 0.642, 1, 0, 2, 0.721, 1.302
FirmA6, 1, 0.008, 0.22, 0.613, 1, 0, 1, 0.905, 0.129
FirmA60, 1, 0, 0.116, 0.092, 1, 0, 1, 1, 0.028
FirmA61, 2, 0.003, 1.044, 0.431, 1, 0, 2, 1.918, 0.115
FirmA62, 1, 0.004, 0.973, 0.596, 1, 0, 1, 0.139, 0.886
FirmA63, 1, 0.001, 0.349, 0.309, 1, 0, 1, 0.28, 0.742
FirmA64, 0, 0, 0.253, 0.098, 0, 0, 0, 0, 0.024
FirmA65, 3, 0.006, 0.215, 0.768, 1, 0, 3, 0.862, 2.169
FirmA66, 1, 0, 1.963, 0.378, 1, 0, 1, 0.989, 0.037
FirmA67, 2, 0.01, 0.479, 0.933, 1, 0, 2, 0.299, 1.725
FirmA68, 1, 0, 0.272, 0.147, 1, 0, 1, 0.887, 0.135
FirmA69, 2, 0.008, 1.055, 0.405, 1, 0, 2, 1.461, 0.574
FirmA7, 1, 0, 0.217, 0.107, 1, 0, 1, 0.935, 0.09
FirmA70, 1, 0, 0.075, 0.08, 1, 0, 1, 0.998, 0.035
FirmA71, 1, 0.001, 0.108, 0.083, 1, 0, 1, 0.998, 0.03
FirmA72, 2, 0.007, 1.239, 1.011, 1, 0, 2, 1.232, 0.782
FirmA73, 2, 0.005, 1.284, 1.055, 1, 0, 2, 1.193, 0.829
FirmA74, 1, 0, 0.114, 0.095, 1, 0, 1, 1, 0.026
FirmA75, 1, 0, 0.218, 0.133, 1, 0, 1, 0.914, 0.127
FirmA76, 1, 0.002, 0.868, 0.421, 1, 0, 1, 0.998, 0.026
FirmA77, 2, 0.002, 0.926, 0.816, 1, 0, 2, 0.455, 1.573
FirmA78, 1, 0.005, 0.329, 0.357, 1, 0, 1, 0.121, 0.909
FirmA79, 2, 0.004, 0.37, 0.63, 1, 0, 2, 0.406, 1.622
FirmA8, 0, 0.001, 0.474, 0.214, 0, 0, 0, 0, 0.051
FirmA80, 1, 0.003, 1.385, 0.431, 1, 0, 1, 0.136, 0.887
FirmA81, 1, 0.001, 0.294, 0.29, 1, 0, 1, 0.244, 0.776
FirmA83, 1, 0.002, 0.1, 0.2, 1, 0, 1, 0.942, 0.081
FirmA84, 1, 0, 0.348, 0.252, 1, 0, 1, 0.222, 0.805
FirmA85, 3, 0.009, 1.067, 0.605, 1, 0, 3, 1.91, 1.13
FirmA86, 2, 0, 1.011, 0.089, 1, 0, 2, 1.979, 0.058
FirmA87, 2, 0.02, 0.168, 1.385, 1, 0, 2, 1.146, 0.875
FirmA88, 1, 0, 0.681, 0.051, 1, 0, 1, 0.846, 0.179
FirmA89, 0, 0, 0.936, 0.356, 0, 0, 0, 0, 0.029
FirmA9, 1, 0.003, 0.348, 0.332, 1, 0, 1, 0.238, 0.802
FirmA90, 2, 0.005, 1.222, 0.916, 1, 0, 2, 1.126, 0.901
FirmA91, 2, 0.014, 1.036, 1.508, 1, 0, 2, 0.435, 1.594
FirmA92, 1, 0, 0.212, 0.044, 1, 0, 1, 1, 0.027
FirmA93, 2, 0.006, 0.267, 0.485, 1, 0, 2, 1.07, 0.95
FirmA94, 1, 0, 0.965, 0.105, 1, 0, 1, 0.159, 0.874
FirmA95, 1, 0.007, 0.231, 0.442, 1, 0, 1, 0.837, 0.178
FirmA96, 1, 0.007, 0.513, 0.641, 1, 0, 1, 0.949, 0.078
FirmA97, 1, 0.004, 0.488, 0.664, 1, 0, 1, 0.172, 0.867
FirmA98, 1, 0, 0.13, 0.097, 1, 0, 1, 1, 0.024
FirmA99, 5, 2.417, 0.189, 4.416, 1, 0, 5, 1.458, 0.724
FirmB1, 2, 0, 0.396, 0.188, 1, 0, 2, 1.96, 0.067
FirmB10, 2, 0.005, 0.225, 0.33, 1, 0, 2, 1.976, 0.051
FirmB11, 3, 0.005, 0.454, 0.717, 1, 0, 3, 0.637, 2.397
FirmB12, 4, 0.089, 0.298, 1.427, 1, 0, 4, 2.177, 1.706
FirmB13, 1, 0, 0.092, 0.069, 1, 0, 1, 0.998, 0.033
FirmB14, 3, 0.012, 0.379, 0.706, 1, 0, 3, 1.788, 1.24
FirmB15, 2, 0, 0.051, 0.055, 1, 0, 2, 1.963, 0.068
FirmB16, 1, 0.006, 0.089, 0.31, 1, 0, 1, 0.993, 0.024
FirmB17, 1, 0, 1.012, 0.047, 1, 0, 1, 1, 0.029
FirmB2, 1, 0.003, 0.822, 0.544, 1, 0, 1, 0.254, 0.767
FirmB3, 2, 0.03, 0.941, 1.655, 1, 0, 2, 1.223, 0.784
FirmB4, 3, 0.001, 1.033, 0.23, 1, 0, 3, 2.035, 0.988
FirmB5, 2, 0.007, 0.384, 0.549, 1, 0, 2, 0.584, 1.45
FirmB6, 2, 0.002, 0.371, 0.128, 1, 0, 2, 1.835, 0.193
FirmB7, 1, 0.003, 1.926, 0.146, 1, 0, 1, 0.29, 0.747
FirmB8, 1, 0.002, 0.697, 0.431, 1, 0, 1, 0.259, 0.768
FirmB9, 2, 0.002, 0.218, 0.091, 1, 0, 2, 1.982, 0.047
FirmC1, 2, 0.005, 1.836, 0.44, 1, 0, 2, 1.181, 0.86
FirmC10, 1, 0, 1.091, 0.48, 1, 0, 1, 0.164, 0.867
FirmC11, 2, 0.001, 0.353, 0.118, 1, 0, 2, 1.982, 0.033
FirmC12, 1, 0, 0.037, 0.037, 1, 0, 1, 0.998, 0.027
FirmC13, 3, 0.979, 0.081, 0.559, 1, 0, 3, 0.872, 1.012
FirmC14, 1, 0.001, 0.281, 0.43, 1, 0, 1, 0.976, 0.056
FirmC15, 1, 0.001, 0.045, 0.045, 1, 0, 1, 0.998, 0.034
FirmC16, 2, 0.006, 1.077, 0.283, 1, 0, 2, 1.294, 0.719
FirmC17, 1, 0, 1.092, 0.24, 1, 0, 1, 0.024, 1.002
FirmC18, 2, 0.005, 0.094, 0.35, 1, 0, 2, 1.484, 0.539
FirmC19, 2, 0.003, 0.671, 0.44, 1, 0, 2, 0.231, 1.797
FirmC3, 1, 0.003, 2.033, 0.167, 1, 0, 1, 0.321, 0.711
FirmC4, 2, 0.005, 1.24, 0.402, 1, 0, 2, 1.76, 0.264
FirmC5, 5, 0.31, 0.692, 1.034, 1, 0, 5, 0.954, 3.745
FirmC6, 1, 0.001, 1.4, 0.248, 1, 0, 1, 0.979, 0.047
FirmC7, 2, 0, 1.123, 0.085, 1, 0, 2, 1.981, 0.044
FirmC8, 2, 0, 0.361, 0.114, 1, 0, 2, 1.978, 0.05
FirmC9, 1, 0, 1.357, 0.12, 1, 0, 1, 0.993, 0.036
FirmD1, 2, 0.013, 1.423, 0.93, 1, 0, 2, 1.135, 0.901
FirmD2, 3, 0.006, 1.123, 0.693, 1, 0, 3, 2.031, 0.999
FirmD3, 2, 0.005, 2.165, 0.601, 1, 0, 2, 0.991, 1.042
FirmD4, 1, 0.004, 2.763, 0.669, 1, 0, 1, 0.504, 0.519
FirmE1, 1, 0, 0.316, 0.173, 1, 0, 1, 0.998, 0.052
FirmE2, 2, 0.001, 0.289, 0.166, 1, 0, 2, 1.248, 0.786
FirmE3, 1, 0.001, 0.626, 0.26, 1, 0, 1, 0.445, 0.598
FirmE4, 1, 0.002, 0.382, 0.383, 1, 0, 1, 0.207, 0.823
FirmE5, 3, 0.014, 0.515, 0.851, 1, 0, 3, 0.554, 2.474
FirmE6, 1, 0.003, 0.29, 0.421, 1, 0, 1, 0.302, 0.73
FirmE7, 1, 0, 0.059, 0.051, 1, 0, 1, 0.998, 0.032
FirmE8, 1, 0, 0.058, 0.057, 1, 0, 1, 0.998, 0.031
FirmF1, 1, 0.003, 0.17, 0.367, 1, 0, 1, 0.319, 0.717
FirmF2, 4, 0.874, 0.102, 0.384, 1, 0, 4, 1.447, 0.886
FirmF3, 1, 0, 1.369, 0.184, 1, 0, 1, 0.997, 0.027
FirmG1, 1, 0.003, 0.299, 0.334, 1, 0, 1, 0.697, 0.336
FirmG2, 3, 1.06, 0.814, 0.658, 1, 0, 3, 0.117, 1.69
FirmG3, 1, 0.005, 0.706, 0.743, 1, 0, 1, 0.2, 0.838
FirmG4, 1, 0.002, 0.746, 0.559, 1, 0, 1, 0.095, 0.952
FirmG5, 1, 0.01, 0.79, 0.618, 1, 0, 1, 0.214, 0.82
FirmG6, 1, 0.007, 0.249, 0.681, 1, 0, 1, 0.637, 0.379
Firms1, 0, 0, 0.424, 0.116, 0, 0, 0, 0, 0.029
Firms10, 1, 0, 0.069, 0.083, 1, 0, 1, 0.353, 0.674
Firms11, 2, 0.001, 0.356, 0.051, 1, 0, 2, 1.866, 0.159
Firms12, 2, 0.006, 0.304, 0.299, 1, 0, 2, 1.129, 0.884
Firms13, 1, 0.002, 0.357, 0.357, 1, 0, 1, 0.34, 0.689
Firms15, 2, 0.004, 0.104, 0.203, 1, 0, 2, 1.83, 0.197
Firms16, 1, 0, 1.136, 0.122, 1, 0, 1, 0.995, 0.039
Firms17, 2, 0.017, 0.482, 1.414, 1, 0, 2, 1.748, 0.269
Firms18, 1, 0.006, 0.05, 0.291, 1, 0, 1, 0.229, 0.796
Firms2, 1, 0.008, 0.294, 0.311, 1, 0, 1, 0.331, 0.709
Firms20, 1, 0, 0.041, 0.031, 1, 0, 1, 1, 0.025
Firms21, 1, 0, 1.13, 0.054, 1, 0, 1, 0.997, 0.026
Firms22, 3, 0.002, 0.952, 0.163, 1, 0, 3, 1.435, 1.597
Firms23, 0, 0, 0.278, 0.089, 0, 0, 0, 0, 0.03
Firms24, 2, 0.011, 0.067, 0.456, 1, 0, 2, 1.259, 0.763
Firms25, 1, 0, 0.215, 0.068, 1, 0, 1, 0.968, 0.064
Firms26, 1, 0, 0.317, 0.112, 1, 0, 1, 1, 0.024
Firms27, 2, 0, 0.686, 0.059, 1, 0, 2, 1.691, 0.333
Firms28, 1, 0.002, 0.173, 0.377, 1, 0, 1, 0.248, 0.786
Firms29, 1, 0, 0.046, 0.041, 1, 0, 1, 1, 0.03
Firms3, 1, 0, 0.725, 0.107, 1, 0, 1, 0.997, 0.044
Firms30, 1, 0.001, 0.167, 0.088, 1, 0, 1, 0.146, 0.883
Firms31, 1, 0.001, 0.192, 0.063, 1, 0, 1, 0.117, 0.908
Firms32, 1, 0.001, 1.017, 0.103, 1, 0, 1, 0.164, 0.865
Firms33, 1, 0, 0.093, 0.057, 1, 0, 1, 0.974, 0.051
Firms4, 1, 0.001, 1.263, 0.503, 1, 0, 1, 0.353, 0.682
Firms5, 2, 0.009, 0.635, 0.973, 1, 0, 2, 1.521, 0.503
Firms6, 1, 0, 0.942, 0.143, 1, 0, 1, 0.986, 0.052
Firms7, 1, 0.002, 1.873, 0.416, 1, 0, 1, 0.257, 0.774
Firms8, 1, 0.002, 1.096, 0.748, 1, 0, 1, 0.354, 0.677
Firms9, 2, 0, 0.134, 0.081, 1, 0, 2, 1.082, 0.958
Fuso2, 0, 0.001, 0.406, 0.269, 0, 0, 0, 0, 0.035
Gemm2, 1, 0, 0.049, 0.054, 1, 0, 1, 0.998, 0.024
Gemm3, 0, 0, 0.04, 0.04, 0, 0, 0, 0, 0.024
Gemm4, 1, 0, 0.051, 0.053, 1, 0, 1, 0.998, 0.026
Gemm5, 0, 0, 0.079, 0.07, 0, 0, 0, 0, 0.037
Gemm6, 0, 0, 0.037, 0.035, 0, 0, 0, 0, 0.021
Gemm7, 0, 0, 0.074, 0.058, 0, 0, 0, 0, 0.03
Gemm8, 1, 0.003, 0.067, 0.301, 1, 0, 1, 0.188, 0.857
Gemm9, 0, 0, 0.056, 0.054, 0, 0, 0, 0, 0.035
GemmA1, 0, 0, 0.189, 0.095, 0, 0, 0, 0, 0.039
Gold1, 3, 0.012, 0.07, 0.709, 1, 0, 3, 1.572, 1.458
Gold2, 1, 0, 0.627, 0.18, 1, 0, 1, 0.998, 0.027
Hydr1, 1, 0, 0.093, 0.073, 1, 0, 1, 0.998, 0.043
Hydr2, 1, 0, 0.079, 0.065, 1, 0, 1, 0.998, 0.029
J088X1, 1, 0.011, 1.12, 0.782, 1, 0, 1, 0.006, 1.042
KSB1X1, 1, 0.004, 0.048, 0.34, 1, 0, 1, 0.206, 0.829
KSB1X2, 0, 0, 0.054, 0.064, 0, 0, 0, 0, 0.042
KSB1X3, 0, 0, 0.248, 0.084, 0, 0, 0, 0, 0.033
KSB1X4, 0, 0, 0.054, 0.055, 0, 0, 0, 0, 0.042
Krum1, 1, 0.005, 0.056, 0.442, 1, 0, 1, 0.197, 0.832
Late1, 2, 0.001, 0.991, 0.058, 1, 0, 2, 1.998, 0.031
Late2, 0, 0, 0.705, 0.184, 0, 0, 0, 0, 0.046
Late3, 3, 0.001, 0.062, 0.069, 1, 0, 3, 2.942, 0.102
Lind1, 1, 0, 0.325, 0.143, 1, 0, 1, 1, 0.029
Lind2, 2, 0.001, 0.213, 0.199, 1, 0, 2, 1.116, 0.916
Lind4, 1, 0.007, 1.201, 1.213, 1, 0, 1, 0.933, 0.116
Marg1, 1, 0.005, 0.181, 0.222, 1, 0, 1, 0.132, 0.903
Marg2, 1, 0.001, 0.306, 0.15, 1, 0, 1, 0.15, 0.877
Marg6, 1, 0.004, 0.239, 0.278, 1, 0, 1, 0.09, 0.962
Marg7, 1, 0, 0.246, 0.267, 1, 0, 1, 0.227, 0.818
Mari1, 1, 0.001, 0.237, 0.119, 1, 0, 1, 0.178, 0.854
Mari2, 0, 0, 0.044, 0.044, 0, 0, 0, 0, 0.038
Mari3, 0, 0, 0.046, 0.048, 0, 0, 0, 0, 0.04
Mari5, 0, 0, 0.167, 0.086, 0, 0, 0, 0, 0.04
Mari6, 1, 0.005, 0.222, 0.491, 1, 0, 1, 0.19, 0.835
Meth1, 1, 0.001, 0.345, 0.124, 1, 0, 1, 1, 0.036
Meth2, 2, 0.002, 0.087, 0.262, 1, 0, 2, 1.259, 0.777
Meth3, 1, 0, 0.048, 0.046, 1, 0, 1, 1, 0.024
Meth4, 1, 0, 0.052, 0.048, 1, 0, 1, 1, 0.028
Meth5, 1, 0, 0.101, 0.088, 1, 0, 1, 1, 0.035
Muir1, 1, 0.003, 0.078, 0.41, 1, 0, 1, 0.073, 0.969
MyxA1, 1, 0, 0.113, 0.065, 1, 0, 1, 1, 0.034
MyxA2, 1, 0, 0.295, 0.066, 1, 0, 1, 1, 0.045
MyxA3, 2, 0, 0.059, 0.068, 1, 0, 2, 1.229, 0.809
MyxA4, 1, 0, 0.141, 0.081, 1, 0, 1, 1, 0.03
Myxo1, 2, 0.013, 0.4, 0.651, 1, 0, 2, 0.708, 1.334
Myxo10, 2, 0.009, 1.826, 0.903, 1, 0, 2, 0.552, 1.485
Myxo11, 0, 0, 0.05, 0.054, 0, 0, 0, 0, 0.033
Myxo13, 0, 0, 0.042, 0.038, 0, 0, 0, 0, 0.025
Myxo14, 2, 0.003, 0.096, 0.469, 1, 0, 2, 1.277, 0.753
Myxo15, 1, 0, 1.329, 0.49, 1, 0, 1, 0.998, 0.032
Myxo17, 3, 0, 1.113, 0.206, 1, 0, 3, 2.725, 0.302
Myxo18, 3, 0.012, 0.123, 0.642, 1, 0, 3, 2.207, 0.814
Myxo19, 3, 0.147, 1.794, 0.799, 1, 0, 3, 1.915, 0.836
Myxo2, 1, 0.001, 0.822, 0.548, 1, 0, 1, 0.286, 0.768
Myxo3, 2, 0.011, 0.634, 0.697, 1, 0, 2, 0.87, 1.161
Myxo5, 3, 0.002, 0.186, 0.165, 1, 0, 3, 1.516, 1.522
Myxo6, 1, 0, 0.375, 0.15, 1, 0, 1, 1, 0.035
Myxo7, 0, 0, 0.057, 0.049, 0, 0, 0, 0, 0.033
Myxo8, 0, 0, 0.059, 0.058, 0, 0, 0, 0, 0.035
Myxo9, 0, 0, 0.993, 0.242, 0, 0, 0, 0, 0.043
NPL1, 1, 0.011, 0.924, 0.876, 1, 0, 1, 0.682, 0.341
Nitr1, 0, 0.001, 0.515, 0.248, 0, 0, 0, 0, 0.045
Nitr10, 1, 0, 0.043, 0.043, 1, 0, 1, 0.999, 0.025
Nitr11, 1, 0.018, 1.187, 0.322, 1, 0, 1, 0.271, 0.753
Nitr12, 1, 0, 0.042, 0.06, 1, 0, 1, 0.177, 0.849
Nitr13, 1, 0, 0.091, 0.066, 1, 0, 1, 1, 0.041
Nitr14, 0, 0, 0.228, 0.051, 0, 0, 0, 0, 0.035
Nitr15, 1, 0, 0.087, 0.07, 1, 0, 1, 1, 0.04
Nitr16, 2, 0.806, 0.32, 0.131, 1, 0, 2, 0.34, 0.098
Nitr17, 0, 0, 0.052, 0.047, 0, 0, 0, 0, 0.021
Nitr2, 1, 0, 0.064, 0.03, 1, 0, 1, 1, 0.02
Nitr3, 0, 0, 1.052, 0.057, 0, 0, 0, 0, 0.031
Nitr4, 1, 0.001, 0.071, 0.058, 1, 0, 1, 0.999, 0.035
Nitr5, 0, 0, 0.062, 0.052, 0, 0, 0, 0, 0.031
Nitr6, 1, 0, 0.055, 0.057, 1, 0, 1, 0.999, 0.037
Nitr7, 1, 0, 1.035, 0.071, 1, 0, 1, 0.135, 0.888
Nitr8, 1, 0.007, 0.434, 0.658, 1, 0, 1, 0.193, 0.847
Nitr9, 1, 0, 0.191, 0.069, 1, 0, 1, 0.997, 0.044
Nits1, 1, 0, 0.054, 0.039, 1, 0, 1, 0.999, 0.024
Nits2, 2, 0.013, 0.097, 0.881, 1, 0, 2, 1.252, 0.781
Nits3, 1, 0, 0.057, 0.061, 1, 0, 1, 1, 0.027
Nits4, 1, 0, 0.355, 0.202, 1, 0, 1, 0.99, 0.052
NitsA1, 1, 0, 0.678, 0.211, 1, 0, 1, 1, 0.037
NitsA2, 3, 0.248, 0.128, 0.795, 1, 0, 3, 1.505, 1.239
NitsA3, 0, 0, 1.089, 0.077, 0, 0, 0, 0, 0.034
Node_AABM5X1_AABM5X2_0, 0.253, 0, 0.203, 0.118, 0.241, 0, 0.253, 0.067, 0.211
Node_AABM5X1_AABM5X3_0, 0.245, 0.005, 0.056, 0.156, 0.229, 0, 0.245, 0.058, 0.197
Node_Acid11_Acid16_0, 0.902, 0.003, 0.111, 0.172, 0.876, 0, 0.902, 0.894, 0.012
Node_Acid11_Acid31_0, 0.897, 0.005, 0.048, 0.164, 0.881, 0, 0.897, 0.866, 0.038
Node_Acid12_Acid13_0, 1.827, 0.004, 0.052, 0.215, 1, 0, 1.827, 1.512, 0.341
Node_Acid1_Acid17_0, 0.376, 0.001, 0.064, 0.105, 0.346, 0, 0.376, 0.102, 0.284
Node_Acid1_Acid3_0, 0.155, 0, 0.56, 0.129, 0.148, 0, 0.155, 0.096, 0.075
Node_Acid23_Acid12_0, 1.534, 0.006, 0.053, 0.168, 0.999, 0, 1.534, 1.416, 0.12
Node_Acid29_Acid27_0, 0.963, 0.007, 0.092, 0.82, 0.946, 0, 0.963, 0.928, 0.063
Node_Acid2_Acid11_0, 0.998, 0.001, 0.769, 0.369, 0.895, 0, 0.998, 0.99, 0.014
Node_Acid2_Acid18_0, 0.067, 0, 0.944, 0.213, 0.066, 0, 0.067, 0.066, 0.013
Node_Acid32_Acid25_0, 2.089, 0.003, 0.067, 0.273, 0.987, 0, 2.089, 1.923, 0.179
Node_Acid32_Acid26_0, 1.385, 0.007, 1.178, 0.381, 0.94, 0, 1.385, 0.942, 0.467
Node_Acid34_Acid22_0, 0.36, 0.001, 0.092, 0.076, 0.354, 0, 0.36, 0.345, 0.034
Node_Acid34_Acid24_0, 0.362, 0.001, 0.04, 0.042, 0.358, 0, 0.362, 0.339, 0.041
Node_Acid34_Acid29_0, 0.985, 0.008, 0.038, 0.05, 0.956, 0, 0.985, 0.428, 0.569
Node_Acid34_Acid33_0, 0.446, 0.001, 0.048, 0.07, 0.435, 0, 0.446, 0.351, 0.131
Node_Acid37_Acid21_0, 0.74, 0.005, 1.32, 0.373, 0.661, 0, 0.74, 0.66, 0.081
Node_Acid37_Acid30_0, 0.08, 0, 0.678, 0.231, 0.078, 0, 0.08, 0.074, 0.018
Node_Acid37_Acid32_0, 1.974, 0.029, 0.142, 0.748, 0.979, 0, 1.974, 1.797, 0.144
Node_Acid38_Acid10_0, 0.082, 0, 0.39, 0.053, 0.08, 0, 0.082, 0.041, 0.055
Node_Acid38_Acid1_0, 0.64, 0.001, 1.12, 0.367, 0.559, 0, 0.64, 0.607, 0.043
Node_Acid38_Acid2_0, 1.752, 0.08, 0.997, 1.122, 0.977, 0, 1.752, 1.541, 0.099
Node_Acid38_Acid34_0, 0.417, 0.001, 0.24, 0.131, 0.402, 0, 0.417, 0.411, 0.016
Node_Acid38_Acid36_0, 1.967, 0.001, 0.117, 0.108, 1, 0, 1.967, 1.132, 0.861
Node_Acid38_Acid40_0, 1.222, 0.002, 0.056, 0.07, 0.958, 0, 1.222, 0.994, 0.253
Node_Acid38_Acid4_0, 0.237, 0, 0.03, 0.047, 0.224, 0, 0.237, 0.066, 0.185
Node_Acid38_Acid5_0, 1.716, 0.016, 0.179, 0.679, 0.976, 0, 1.716, 1.579, 0.127
Node_Acid38_Acid7_0, 1.023, 0.003, 0.035, 0.056, 0.955, 0, 1.023, 0.225, 0.818
Node_Acid38_Acid8_0, 2.57, 0.061, 0.217, 1.395, 0.993, 0, 2.57, 2.348, 0.136
Node_Acid38_B130X1_0, 2.59, 0.062, 1.545, 1.64, 0.994, 0, 2.59, 2.48, 0.028
Node_Acid39_Acid35_0, 1.057, 0.006, 0.273, 0.274, 1, 0, 1.057, 0.825, 0.253
Node_Acid3_Acid14_0, 0.016, 0, 0.045, 0.037, 0.016, 0, 0.016, 0.008, 0.023
Node_Acid3_Acid6_0, 0.038, 0, 0.154, 0.072, 0.038, 0, 0.038, 0.022, 0.037
Node_Acid40_Acid20_0, 0.299, 0, 1.168, 0.118, 0.295, 0, 0.299, 0.085, 0.245
Node_Acid5_Acid23_0, 1.461, 0.002, 0.525, 0.205, 0.964, 0, 1.461, 1.43, 0.041
Node_Acid5_Acid37_0, 1.943, 0.037, 0.128, 1.132, 0.987, 0, 1.943, 1.584, 0.318
Node_Acid6_Acid28_0, 0.02, 0, 0.059, 0.062, 0.019, 0, 0.02, 0.007, 0.041
Node_Acid8_Acid9_0, 1.753, 0.01, 0.915, 0.774, 0.954, 0, 1.753, 1.659, 0.088
Node_Acid9_Acid39_0, 1.071, 0.005, 0.82, 0.436, 0.841, 0, 1.071, 0.944, 0.133
Node_Acti10_Acti11_0, 0.089, 0.001, 0.031, 0.05, 0.085, 0, 0.089, 0.063, 0.038
Node_Acti10_Acti25_0, 0.148, 0.003, 0.037, 0.078, 0.144, 0, 0.148, 0.071, 0.093
Node_Acti10_Acti26_0, 0.081, 0, 0.094, 0.062, 0.08, 0, 0.081, 0.07, 0.024
Node_Acti10_Acti31_0, 0.45, 0.007, 0.034, 0.162, 0.392, 0, 0.45, 0.135, 0.329
Node_Acti10_Acti3_0, 0.3, 0.001, 0.343, 0.174, 0.294, 0, 0.3, 0.077, 0.254
Node_Acti10_Acti7_0, 0.388, 0.005, 0.334, 0.192, 0.355, 0, 0.388, 0.136, 0.267
Node_Acti11_Acti22_0, 0.012, 0, 0.095, 0.036, 0.012, 0, 0.012, 0.008, 0.018
Node_Acti12_Acti21_0, 1.003, 0.007, 0.082, 0.425, 0.988, 0, 1.003, 0.984, 0.059
Node_Acti12_Acti48_0, 1.019, 0.003, 0.058, 0.054, 0.999, 0, 1.019, 0.997, 0.045
Node_Acti14_Acti33_0, 0.109, 0.001, 0.034, 0.046, 0.107, 0, 0.109, 0.065, 0.052
Node_Acti14_Acti34_0, 0.035, 0.001, 0.13, 0.081, 0.035, 0, 0.035, 0.016, 0.055
Node_Acti14_Acti6_0, 0.033, 0, 0.053, 0.061, 0.032, 0, 0.033, 0.007, 0.051
Node_Acti18_Acti16_0, 1.015, 0.006, 0.064, 0.198, 0.999, 0, 1.015, 0.139, 0.91
Node_Acti18_Acti4_0, 0.163, 0.002, 0.098, 0.099, 0.157, 0, 0.163, 0.055, 0.125
Node_Acti19_Acti13_0, 0.678, 0.001, 1.01, 0.066, 0.66, 0, 0.678, 0.599, 0.084
Node_Acti19_Acti23_0, 0.022, 0.001, 0.697, 0.067, 0.022, 0, 0.022, 0.011, 0.04
Node_Acti19_Acti42_0, 0.464, 0.004, 0.22, 0.202, 0.39, 0, 0.464, 0.205, 0.264
Node_Acti19_Acti49_0, 1.603, 0.002, 0.077, 0.061, 0.995, 0, 1.603, 1.568, 0.043
Node_Acti19_Acti8_0, 1.635, 0.011, 0.143, 0.131, 0.989, 0, 1.635, 0.325, 1.303
Node_Acti33_Acti35_0, 0.291, 0.001, 0.049, 0.115, 0.282, 0, 0.291, 0.09, 0.23
Node_Acti43_Acti36_0, 0.013, 0.001, 0.054, 0.05, 0.013, 0, 0.013, 0.005, 0.032
Node_Acti46_Acti41_0, 0.012, 0, 0.047, 0.039, 0.012, 0, 0.012, 0.002, 0.031
Node_Acti47_Acti45_0, 0.019, 0, 0.036, 0.04, 0.019, 0, 0.019, 0.003, 0.037
Node_Acti49_Acti15_0, 1.029, 0.008, 0.036, 0.036, 1, 0, 1.029, 0.998, 0.034
Node_Acti49_Acti32_0, 1.718, 0.001, 0.06, 0.05, 1, 0, 1.718, 1.676, 0.073
Node_Acti49_Acti38_0, 1.704, 0.677, 0.045, 0.137, 1, 0, 1.704, 0.331, 0.043
Node_Acti49_Acti40_0, 1.023, 0.003, 0.623, 0.051, 1, 0, 1.023, 0.994, 0.04
Node_Acti50_Acti10_0, 0.151, 0.001, 0.181, 0.115, 0.143, 0, 0.151, 0.13, 0.031
Node_Acti50_Acti14_0, 0.09, 0, 0.075, 0.044, 0.089, 0, 0.09, 0.063, 0.031
Node_Acti50_Acti18_0, 0.134, 0.002, 0.075, 0.063, 0.131, 0, 0.134, 0.078, 0.056
Node_Acti50_Acti19_0, 0.416, 0.004, 0.501, 0.426, 0.356, 0, 0.416, 0.315, 0.1
Node_Acti50_Acti20_0, 0.822, 0.023, 0.312, 0.453, 0.66, 0, 0.822, 0.693, 0.102
Node_Acti50_Acti28_0, 0.015, 0, 0.055, 0.058, 0.015, 0, 0.015, 0.005, 0.052
Node_Acti50_Acti39_0, 0.3, 0.001, 0.261, 0.205, 0.267, 0, 0.3, 0.165, 0.144
Node_Acti50_Acti43_0, 0.034, 0.001, 0.082, 0.035, 0.033, 0, 0.034, 0.016, 0.025
Node_Acti50_Acti46_0, 0.028, 0, 0.037, 0.031, 0.028, 0, 0.028, 0.011, 0.031
Node_Acti50_Acti47_0, 0.018, 0, 0.079, 0.034, 0.018, 0, 0.018, 0.009, 0.026
Node_Acti50_Acti51_0, 0.813, 0.018, 0.124, 0.412, 0.67, 0, 0.813, 0.695, 0.097
Node_Acti50_Acti52_0, 0.071, 0, 0.03, 0.041, 0.071, 0, 0.071, 0.019, 0.073
Node_Acti50_FirmF1_0, 1.009, 0.038, 0.337, 0.274, 0.737, 0, 1.009, 0.89, 0.055
Node_Acti51_Acti27_0, 1.259, 0.018, 0.13, 0.583, 0.999, 0, 1.259, 0.685, 0.571
Node_Acti51_Acti9_0, 0.8, 0.012, 0.147, 0.36, 0.679, 0, 0.8, 0.665, 0.122
Node_Acti52_Acti12_0, 1.029, 0.02, 0.044, 0.221, 0.993, 0, 1.029, 0.204, 0.836
Node_Acti52_Acti37_0, 0.217, 0.001, 0.037, 0.063, 0.216, 0, 0.217, 0.055, 0.182
Node_Acti52_Acti44_0, 1.066, 0.006, 0.054, 0.354, 0.991, 0, 1.066, 0.996, 0.085
Node_Acti8_Acti24_0, 1.295, 0.032, 0.382, 0.234, 0.999, 0, 1.295, 0.751, 0.538
Node_Acti8_Acti2_0, 1.653, 0.008, 0.072, 0.313, 0.989, 0, 1.653, 1.569, 0.082
Node_Acti8_Acti5_0, 1.107, 0.022, 0.882, 0.376, 0.802, 0, 1.107, 0.784, 0.314
Node_Acti9_Acti29_0, 0.254, 0.001, 0.354, 0.202, 0.234, 0, 0.254, 0.093, 0.174
Node_Acti9_Acti30_0, 0.433, 0.005, 0.579, 0.408, 0.384, 0, 0.433, 0.239, 0.207
Node_Aero1_NPL1_0, 1.572, 0.013, 0.514, 0.701, 0.99, 0, 1.572, 1.483, 0.079
Node_Aero1_UBA6X1_0, 3.397, 0.259, 1.761, 1.807, 1, 0, 3.397, 2.819, 0.109
Node_Aero1_UBA9X1_0, 1.994, 0.307, 1.914, 1.142, 0.984, 0, 1.994, 1.291, 0.204
Node_Aqui2_Aqui1_0, 0.019, 0, 0.054, 0.056, 0.019, 0, 0.019, 0.005, 0.05
Node_Aqui2_Aqui3_0, 0.078, 0.002, 0.189, 0.145, 0.073, 0, 0.078, 0.065, 0.024
Node_Aqui2_Aqui5_0, 0.023, 0, 0.049, 0.053, 0.022, 0, 0.023, 0.006, 0.042
Node_Aqui2_Aqui6_0, 0.03, 0, 0.078, 0.065, 0.03, 0, 0.03, 0.023, 0.03
Node_Aqui2_Camp1_0, 0.467, 0.009, 0.598, 0.584, 0.391, 0, 0.467, 0.444, 0.02
Node_Aqui2_Thers1_0, 0.241, 0.001, 0.27, 0.242, 0.216, 0, 0.241, 0.2, 0.043
Node_Aqui6_Aqui4_0, 0.013, 0, 0.061, 0.06, 0.013, 0, 0.013, 0.003, 0.044
Node_Arma12_Arma11_0, 0.338, 0.005, 0.287, 0.199, 0.304, 0, 0.338, 0.154, 0.186
Node_Arma12_Arma7_0, 0.458, 0.002, 0.244, 0.193, 0.39, 0, 0.458, 0.111, 0.362
Node_Arma15_Arma13_0, 0.051, 0, 0.215, 0.142, 0.051, 0, 0.051, 0.036, 0.043
Node_Arma4_Acti50_0, 1.253, 0.034, 0.562, 0.447, 0.828, 0, 1.253, 1.174, 0.024
Node_Arma4_Arma12_0, 0.434, 0.002, 0.215, 0.13, 0.364, 0, 0.434, 0.212, 0.225
Node_Arma4_Arma14_0, 0.87, 0.014, 0.182, 0.334, 0.649, 0, 0.87, 0.279, 0.604
Node_Arma4_Arma6_0, 0.422, 0.002, 0.217, 0.09, 0.358, 0, 0.422, 0.185, 0.238
Node_Arma4_CSP1X1_0, 0.231, 0.003, 0.33, 0.166, 0.211, 0, 0.231, 0.191, 0.044
Node_Arma4_Erem6_0, 0.307, 0.007, 0.065, 0.117, 0.276, 0, 0.307, 0.176, 0.134
Node_Arma4_Pate48_0, 0.514, 0.007, 0.769, 0.316, 0.421, 0, 0.514, 0.485, 0.023
Node_Arma4_UBP13X1_0, 0.399, 0.002, 0.126, 0.083, 0.355, 0, 0.399, 0.19, 0.216
Node_Arma6_Arma15_0, 0.223, 0, 1.025, 0.122, 0.22, 0, 0.223, 0.034, 0.204
Node_Arma6_Arma16_0, 1.039, 0.004, 0.324, 0.139, 1, 0, 1.039, 1.011, 0.033
Node_Arma6_Arma3_0, 1.326, 0.006, 0.179, 0.148, 0.996, 0, 1.326, 0.254, 1.077
Node_Arma6_Arma9_0, 1.044, 0, 0.038, 0.057, 0.999, 0, 1.044, 1.015, 0.043
Node_Aure2_Aure1_0, 0.999, 0.007, 0.866, 0.571, 0.745, 0, 0.999, 0.749, 0.247
Node_Bact1_Bact11_0, 0.032, 0, 0.046, 0.058, 0.031, 0, 0.032, 0.013, 0.046
Node_Bact1_Bact17_0, 0.032, 0.002, 0.152, 0.086, 0.032, 0, 0.032, 0.015, 0.045
Node_Bact20_Bact1_0, 0.137, 0, 0.033, 0.044, 0.132, 0, 0.137, 0.025, 0.133
Node_Bact20_Bact30_0, 0.478, 0.003, 0.036, 0.074, 0.422, 0, 0.478, 0.126, 0.374
Node_Bact21_Bact29_0, 1.318, 0.01, 0.039, 0.114, 1, 0, 1.318, 1.048, 0.274
Node_Bact21_Bact36_0, 1.073, 0.012, 0.038, 0.295, 0.996, 0, 1.073, 0.275, 0.808
Node_Bact21_Bact44_0, 0.291, 0, 0.024, 0.092, 0.28, 0, 0.291, 0.104, 0.204
Node_Bact22_Bact31_0, 1.033, 0.002, 0.04, 0.065, 0.99, 0, 1.033, 0.109, 0.945
Node_Bact22_Bact5_0, 0.126, 0.001, 0.037, 0.051, 0.124, 0, 0.126, 0.005, 0.139
Node_Bact23_Bact28_0, 1.168, 0.023, 0.079, 0.451, 0.998, 0, 1.168, 0.187, 1.005
Node_Bact23_Bact34_0, 0.219, 0.001, 0.259, 0.126, 0.211, 0, 0.219, 0.064, 0.177
Node_Bact23_Bact4_0, 0.3, 0.001, 0.017, 0.086, 0.288, 0, 0.3, 0.077, 0.232
Node_Bact24_Bact23_0, 0.084, 0.001, 0.017, 0.033, 0.083, 0, 0.084, 0.029, 0.063
Node_Bact24_Bact25_0, 0.022, 0.001, 0.08, 0.031, 0.022, 0, 0.022, 0.012, 0.017
Node_Bact24_Bact3_0, 0.037, 0, 0.017, 0.02, 0.035, 0, 0.037, 0.014, 0.032
Node_Bact24_Bact7_0, 0.022, 0.001, 0.041, 0.034, 0.021, 0, 0.022, 0.013, 0.019
Node_Bact25_Bact20_0, 0.037, 0, 0.026, 0.03, 0.036, 0, 0.037, 0.008, 0.043
Node_Bact25_Bact2_0, 0.02, 0, 0.033, 0.03, 0.02, 0, 0.02, 0.006, 0.031
Node_Bact27_Bact19_0, 0.025, 0, 0.122, 0.056, 0.025, 0, 0.025, 0.01, 0.036
Node_Bact27_Bact21_0, 0.111, 0.006, 0.021, 0.051, 0.108, 0, 0.111, 0.03, 0.083
Node_Bact27_Bact22_0, 0.023, 0, 0.037, 0.03, 0.023, 0, 0.023, 0.013, 0.017
Node_Bact27_Bact24_0, 0.043, 0, 0.054, 0.036, 0.042, 0, 0.043, 0.023, 0.029
Node_Bact27_Bact35_0, 0.103, 0.002, 0.056, 0.098, 0.1, 0, 0.103, 0.01, 0.132
Node_Bact27_Bact37_0, 0.043, 0.001, 0.023, 0.032, 0.042, 0, 0.043, 0.009, 0.042
Node_Bact27_Bact40_0, 0.332, 0.005, 0.041, 0.181, 0.327, 0, 0.332, 0.091, 0.265
Node_Bact27_Mari3_0, 0.068, 0, 0.104, 0.064, 0.067, 0, 0.068, 0.05, 0.022
Node_Bact29_Bact9_0, 1.506, 0.052, 0.245, 0.995, 0.998, 0, 1.506, 1.083, 0.381
Node_Bact30_Bact32_0, 1.031, 0.011, 0.245, 0.309, 0.999, 0, 1.031, 0.274, 0.787
Node_Bact31_Bact38_0, 1.164, 0.002, 0.048, 0.069, 0.994, 0, 1.164, 1.017, 0.177
Node_Bact33_Bact10_0, 0.007, 0, 0.027, 0.029, 0.007, 0, 0.007, 0.001, 0.026
Node_Bact33_Bact39_0, 0.003, 0.001, 0.033, 0.041, 0.003, 0, 0.003, 0, 0.028
Node_Bact33_Bact6_0, 0.008, 0, 0.031, 0.026, 0.008, 0, 0.008, 0.003, 0.019
Node_Bact36_Bact43_0, 1.01, 0, 0.102, 0.054, 0.997, 0, 1.01, 0.998, 0.039
Node_Bact37_Bact33_0, 0.02, 0, 0.04, 0.026, 0.02, 0, 0.02, 0.012, 0.017
Node_Bact37_Bact42_0, 0.015, 0.001, 0.048, 0.056, 0.015, 0, 0.015, 0.002, 0.042
Node_Bact3_Bact12_0, 0.015, 0, 0.048, 0.032, 0.015, 0, 0.015, 0.006, 0.026
Node_Bact3_Bact13_0, 0.018, 0, 0.019, 0.022, 0.018, 0, 0.018, 0.006, 0.022
Node_Bact3_Bact14_0, 0.176, 0, 0.047, 0.056, 0.174, 0, 0.176, 0.004, 0.205
Node_Bact3_Bact18_0, 0.015, 0, 0.039, 0.04, 0.015, 0, 0.015, 0.004, 0.039
Node_Bact40_Bact41_0, 1.023, 0.011, 0.052, 0.469, 1, 0, 1.023, 0.322, 0.732
Node_Bact5_Bact16_0, 0.021, 0, 0.162, 0.066, 0.02, 0, 0.021, 0.006, 0.057
Node_Bact7_Bact8_0, 0.019, 0, 0.068, 0.071, 0.019, 0, 0.019, 0.001, 0.065
Node_Bdell12_Bdell3_0, 1.019, 0.004, 0.067, 0.236, 1, 0, 1.019, 0.26, 0.79
Node_Bdell13_Bdell12_0, 0.292, 0, 0.136, 0.159, 0.282, 0, 0.292, 0.122, 0.182
Node_Bdell14_Bdell11_0, 0.986, 0, 0.043, 0.036, 0.974, 0, 0.986, 0.969, 0.032
Node_Bdell14_Bdell4_0, 1.035, 0.006, 0.046, 0.057, 1, 0, 1.035, 0.97, 0.089
Node_Bdell15_Bdell14_0, 0.997, 0.001, 0.047, 0.043, 0.969, 0, 0.997, 0.978, 0.028
Node_Bdell15_Bdell7_0, 0.131, 0.001, 1.001, 0.057, 0.125, 0, 0.131, 0.013, 0.134
Node_Bdell15_Bdell9_0, 0.251, 0.001, 0.096, 0.084, 0.246, 0, 0.251, 0.061, 0.215
Node_Bdell17_Bdell15_0, 1.015, 0.002, 0.076, 0.058, 0.977, 0, 1.015, 0.481, 0.541
Node_Bdell17_Bdell16_0, 1.024, 0.004, 0.076, 0.074, 1, 0, 1.024, 0.976, 0.081
Node_Bdell2_Bdell10_0, 0.017, 0.001, 0.043, 0.044, 0.017, 0, 0.017, 0.012, 0.022
Node_Bdell6_Bdell17_0, 0.548, 0, 0.247, 0.139, 0.506, 0, 0.548, 0.444, 0.116
Node_Bdell6_Bdell2_0, 0.037, 0, 0.526, 0.046, 0.037, 0, 0.037, 0.033, 0.015
Node_Bdell6_UBA1X6_0, 0.679, 0.007, 0.689, 0.231, 0.534, 0, 0.679, 0.545, 0.132
Node_Bdell7_Bdell5_0, 0.298, 0.004, 0.104, 0.179, 0.291, 0, 0.298, 0.062, 0.267
Node_BdellC1_BdellC2_0, 0.049, 0.002, 0.415, 0.139, 0.047, 0, 0.049, 0.037, 0.036
Node_Bipo1_Bipo2_0, 0.376, 0.002, 0.84, 0.25, 0.335, 0, 0.376, 0.092, 0.293
Node_Bipo1_Therg8_0, 0.921, 0.066, 0.673, 0.401, 0.781, 0, 0.921, 0.73, 0.075
Node_CG294X1_CG267X1_0, 1.004, 0.001, 0.382, 0.23, 0.954, 0, 1.004, 0.99, 0.021
Node_Calda2_Calda1_0, 0.321, 0.004, 0.757, 0.278, 0.297, 0, 0.321, 0.188, 0.134
Node_Caldit2_Caldit1_0, 0.028, 0, 0.1, 0.082, 0.028, 0, 0.028, 0.016, 0.038
Node_Caldit2_Caldit3_0, 0.09, 0.002, 0.058, 0.092, 0.087, 0, 0.09, 0.016, 0.092
Node_Camp14_Camp15_0, 1.081, 0.003, 0.869, 0.345, 0.986, 0, 1.081, 0.349, 0.764
Node_Camp1_Camp2_0, 0.633, 0.146, 0.053, 0.325, 0.474, 0, 0.633, 0.032, 0.472
Node_Camp1_Camp3_0, 0.362, 0.002, 0.34, 0.197, 0.243, 0, 0.362, 0.31, 0.067
Node_Camp1_Camp9_0, 0.068, 0, 0.097, 0.089, 0.067, 0, 0.068, 0.059, 0.013
Node_Camp1_UBP6X1_0, 0.152, 0.003, 0.327, 0.233, 0.146, 0, 0.152, 0.141, 0.009
Node_Camp2_Camp11_0, 1.273, 0.133, 0.049, 0.644, 0.984, 0, 1.273, 0.577, 0.556
Node_Camp2_Camp13_0, 1.026, 0.001, 1.07, 0.115, 0.996, 0, 1.026, 0.317, 0.735
Node_Camp2_Camp4_0, 1.36, 0.028, 0.12, 0.086, 0.987, 0, 1.36, 1.172, 0.151
Node_Camp2_Camp5_0, 1.28, 0.034, 0.136, 0.09, 0.987, 0, 1.28, 1.133, 0.109
Node_Camp2_Camp7_0, 1.301, 0.085, 0.172, 0.096, 0.987, 0, 1.301, 1.061, 0.108
Node_Camp4_Camp16_0, 1.168, 0.072, 0.356, 0.113, 0.989, 0, 1.168, 0.974, 0.092
Node_Camp5_Camp10_0, 1.302, 0.002, 0.244, 0.282, 0.932, 0, 1.302, 0.939, 0.387
Node_Camp5_Camp12_0, 1.157, 0.003, 0.351, 0.247, 0.9, 0, 1.157, 0.957, 0.225
Node_Camp7_Camp14_0, 1.183, 0.005, 0.278, 0.32, 0.985, 0, 1.183, 1.052, 0.155
Node_Camp9_Camp6_0, 0.268, 0, 0.072, 0.06, 0.243, 0, 0.268, 0.013, 0.272
Node_Chlo12_Chlo24_0, 0.509, 0.001, 1.599, 0.362, 0.428, 0, 0.509, 0.184, 0.345
Node_Chlo26_Chlo11_0, 1.277, 0.01, 0.156, 0.227, 0.991, 0, 1.277, 0.329, 0.956
Node_Chlo26_Chlo9_0, 0.467, 0.003, 0.473, 0.385, 0.408, 0, 0.467, 0.217, 0.258
Node_Chlo30_Chlo20_0, 1.033, 0.003, 0.721, 0.055, 1, 0, 1.033, 0.848, 0.193
Node_Chlo30_Chlo23_0, 1.558, 0.009, 0.125, 0.109, 0.98, 0, 1.558, 1.47, 0.085
Node_Chlo30_Chlo36_0, 1.589, 0.239, 0.112, 0.511, 0.973, 0, 1.589, 1.042, 0.106
Node_Chlo30_Chlo37_0, 1.01, 0.001, 0.059, 0.057, 0.999, 0, 1.01, 1.003, 0.035
Node_Chlo30_Chlo38_0, 0.536, 0.005, 0.042, 0.103, 0.447, 0, 0.536, 0.318, 0.223
Node_Chlo30_Chlo41_0, 1.181, 0.01, 0.032, 0.26, 0.773, 0, 1.181, 0.517, 0.667
Node_Chlo30_Chlo43_0, 1.338, 0.04, 0.411, 0.43, 0.975, 0, 1.338, 0.77, 0.528
Node_Chlo30_Chlo6_0, 1.356, 0.271, 0.332, 1.163, 0.966, 0, 1.356, 0.781, 0.079
Node_Chlo30_Dorm2_0, 0.35, 0.001, 0.077, 0.093, 0.308, 0, 0.35, 0.272, 0.081
Node_Chlo31_Chlo25_0, 0.017, 0, 0.084, 0.072, 0.017, 0, 0.017, 0.007, 0.044
Node_Chlo35_Chlo21_0, 2.853, 0.018, 0.11, 0.244, 1, 0, 2.853, 2.761, 0.077
Node_Chlo36_Chlo13_0, 0.878, 0.012, 0.158, 0.352, 0.758, 0, 0.878, 0.635, 0.253
Node_Chlo36_Chlo14_0, 0.384, 0.007, 0.197, 0.126, 0.362, 0, 0.384, 0.292, 0.1
Node_Chlo36_Chlo28_0, 0.474, 0.005, 0.049, 0.114, 0.408, 0, 0.474, 0.293, 0.184
Node_Chlo36_Chlo33_0, 0.334, 0.004, 0.258, 0.155, 0.308, 0, 0.334, 0.3, 0.047
Node_Chlo36_Chlo40_0, 0.631, 0.006, 0.659, 0.472, 0.5, 0, 0.631, 0.246, 0.406
Node_Chlo36_Chlo5_0, 0.771, 0.042, 0.039, 0.184, 0.671, 0, 0.771, 0.344, 0.384
Node_Chlo36_Chlo8_0, 0.541, 0.003, 1.253, 0.169, 0.456, 0, 0.541, 0.351, 0.202
Node_Chlo38_Chlo19_0, 0.019, 0, 0.082, 0.069, 0.019, 0, 0.019, 0.006, 0.044
Node_Chlo38_Chlo31_0, 0.057, 0, 0.493, 0.138, 0.057, 0, 0.057, 0.053, 0.014
Node_Chlo41_Chlo29_0, 1.13, 0.017, 0.44, 0.168, 0.999, 0, 1.13, 1.016, 0.094
Node_Chlo41_Chlo32_0, 1.21, 0.002, 0.08, 0.099, 0.999, 0, 1.21, 1.063, 0.158
Node_Chlo41_Chlo39_0, 1.03, 0.004, 0.111, 0.083, 1, 0, 1.03, 0.955, 0.098
Node_Chlo41_Chlo44_0, 0.671, 0.005, 1.029, 0.215, 0.561, 0, 0.671, 0.193, 0.485
Node_Chlo41_Chlo4_0, 1.459, 0.026, 0.433, 0.425, 0.978, 0, 1.459, 0.746, 0.685
Node_Chlo41_Chlo7_0, 1.039, 0.024, 0.356, 0.324, 0.951, 0, 1.039, 0.34, 0.7
Node_Chlo42_Chlo34_0, 1.024, 0.018, 0.068, 0.392, 0.999, 0, 1.024, 0.316, 0.728
Node_Chlo43_Chlo42_0, 0.346, 0.004, 0.472, 0.167, 0.337, 0, 0.346, 0.141, 0.228
Node_Chlo43_Chlo45_0, 1.25, 0.004, 0.176, 0.143, 0.969, 0, 1.25, 1.169, 0.084
Node_Chlo43_Chlo47_0, 0.586, 0.044, 0.981, 0.14, 0.456, 0, 0.586, 0.263, 0.273
Node_Chlo44_Chlo17_0, 0.939, 0.001, 0.103, 0.089, 0.916, 0, 0.939, 0.912, 0.057
Node_Chlo44_Chlo22_0, 0.984, 0.018, 0.295, 0.538, 0.923, 0, 0.984, 0.396, 0.59
Node_Chlo45_Chlo27_0, 1.033, 0.004, 0.297, 0.108, 1, 0, 1.033, 0.967, 0.076
Node_Chlo45_Chlo46_0, 1.012, 0.005, 0.054, 0.057, 1, 0, 1.012, 1, 0.028
Node_Chlo47_Chlo48_0, 2.308, 0.95, 0.157, 0.173, 1, 0, 2.308, 0.197, 0.929
Node_Chlo48_Chlo10_0, 2.032, 0.003, 0.334, 0.086, 1, 0, 2.032, 2.008, 0.055
Node_Chlo4_Chlo12_0, 1.762, 0.009, 0.148, 0.4, 0.971, 0, 1.762, 1.325, 0.442
Node_Chlo4_Chlo35_0, 2.868, 0.076, 0.148, 0.816, 1, 0, 2.868, 1.613, 1.178
Node_Chlo5_Chlo16_0, 0.69, 0.011, 0.218, 0.481, 0.67, 0, 0.69, 0.593, 0.126
Node_Chlo6_Chlo18_0, 0.786, 0.007, 0.155, 0.3, 0.672, 0, 0.786, 0.545, 0.255
Node_Chlo6_Chlo26_0, 0.679, 0.014, 0.786, 0.617, 0.608, 0, 0.679, 0.58, 0.095
Node_Chlo7_Chlo15_0, 0.999, 0.02, 0.135, 0.828, 0.954, 0, 0.999, 0.933, 0.075
Node_Chry1_Aqui2_0, 1.036, 0.024, 3.048, 1.23, 0.693, 0, 1.036, 0.992, 0.013
Node_Chry1_Defe3_0, 0.283, 0.001, 0.808, 0.574, 0.248, 0, 0.283, 0.234, 0.054
Node_Cyan10_Cyan35_0, 1.839, 0.007, 0.695, 0.31, 0.974, 0, 1.839, 1.666, 0.177
Node_Cyan10_Cyan45_0, 1.939, 0.004, 0.875, 0.31, 1, 0, 1.939, 0.982, 0.971
Node_Cyan10_Cyan46_0, 2.35, 0.308, 0.827, 0.577, 1, 0, 2.35, 1.659, 0.12
Node_Cyan11_Cyan26_0, 1.399, 0.01, 0.159, 0.488, 1, 0, 1.399, 1.256, 0.157
Node_Cyan12_Cyan13_0, 1.693, 0.678, 0.068, 0.15, 1, 0, 1.693, 0.326, 0.046
Node_Cyan13_Cyan18_0, 1.717, 0, 0.044, 0.046, 1, 0, 1.717, 1.677, 0.068
Node_Cyan14_Cyan15_0, 2.375, 0.014, 1.055, 0.714, 1, 0, 2.375, 1.747, 0.637
Node_Cyan14_Cyan16_0, 2.779, 0.017, 0.068, 0.541, 1, 0, 2.779, 2.618, 0.162
Node_Cyan14_Cyan23_0, 2.668, 0.012, 0.515, 0.599, 1, 0, 2.668, 2.489, 0.199
Node_Cyan16_Cyan29_0, 1.085, 0.003, 1.755, 0.326, 0.998, 0, 1.085, 1.051, 0.058
Node_Cyan19_Cyan22_0, 3.044, 0.015, 0.867, 0.152, 1, 0, 3.044, 2.926, 0.108
Node_Cyan19_Cyan47_0, 1.227, 0.003, 1.974, 0.205, 0.999, 0, 1.227, 1.09, 0.154
Node_Cyan28_chloroArabidopsis_0, 0.904, 0.005, 1.005, 0.205, 0.897, 0, 0.904, 0.882, 0.031
Node_Cyan2_Cyan1_0, 1.018, 0, 0.115, 0.085, 0.994, 0, 1.018, 1.009, 0.028
Node_Cyan31_Cyan34_0, 1.353, 0.002, 0.337, 0.238, 0.997, 0, 1.353, 1.089, 0.292
Node_Cyan33_Cyan21_0, 1.02, 0.002, 0.355, 0.058, 0.996, 0, 1.02, 1.004, 0.036
Node_Cyan38_Cyan28_0, 1.873, 0.001, 0.601, 0.194, 1, 0, 1.873, 1.859, 0.034
Node_Cyan40_Arma4_0, 1.757, 0.059, 1.139, 0.649, 0.96, 0, 1.757, 1.538, 0.123
Node_Cyan40_Cyan10_0, 2.749, 0.139, 0.086, 0.2, 1, 0, 2.749, 2.372, 0.142
Node_Cyan40_Cyan11_0, 1.391, 0.009, 1.156, 0.246, 0.995, 0, 1.391, 1.277, 0.127
Node_Cyan40_Cyan14_0, 2.972, 0.118, 1.039, 0.21, 1, 0, 2.972, 2.672, 0.105
Node_Cyan40_Cyan19_0, 3.788, 0.331, 0.043, 0.231, 1, 0, 3.788, 2.703, 0.475
Node_Cyan40_Cyan20_0, 1.366, 0.326, 0.31, 0.202, 1, 0, 1.366, 0.716, 0.017
Node_Cyan40_Cyan24_0, 2.554, 0.099, 0.606, 0.273, 1, 0, 2.554, 2.31, 0.089
Node_Cyan40_Cyan25_0, 2.411, 0.013, 0.421, 0.159, 1, 0, 2.411, 2.342, 0.07
Node_Cyan40_Cyan27_0, 1.322, 0.006, 0.326, 0.451, 1, 0, 1.322, 1.094, 0.251
Node_Cyan40_Cyan2_0, 1.105, 0.024, 0.204, 0.557, 0.996, 0, 1.105, 0.794, 0.281
Node_Cyan40_Cyan36_0, 3.025, 0.559, 0.107, 0.811, 1, 0, 3.025, 1.912, 0.134
Node_Cyan40_Cyan37_0, 2.348, 1.297, 0.373, 0.458, 0.997, 0, 2.348, 0.156, 0.027
Node_Cyan40_Cyan38_0, 2.439, 0.027, 0.023, 0.055, 1, 0, 2.439, 2.31, 0.087
Node_Cyan40_Cyan42_0, 1.397, 0.053, 0.047, 0.121, 1, 0, 1.397, 1.28, 0.025
Node_Cyan40_Cyan7_0, 1.333, 0.286, 0.066, 0.171, 1, 0, 1.333, 0.764, 0.008
Node_Cyan40_Marg1_0, 1.004, 0.02, 0.629, 0.514, 0.793, 0, 1.004, 0.734, 0.243
Node_Cyan40_Therd1_0, 1.37, 0.02, 0.49, 0.584, 0.903, 0, 1.37, 1.263, 0.083
Node_Cyan42_Cyan3_0, 1.018, 0.008, 0.441, 0.208, 1, 0, 1.018, 0.977, 0.054
Node_Cyan46_Cyan30_0, 1.896, 0.01, 0.581, 0.212, 1, 0, 1.896, 1.783, 0.117
Node_Cyan46_Cyan31_0, 1.396, 0.036, 0.795, 0.183, 0.999, 0, 1.396, 1.098, 0.259
Node_Cyan46_Cyan32_0, 0.788, 0.036, 1.04, 0.045, 0.578, 0, 0.788, 0.329, 0.429
Node_Cyan46_Cyan33_0, 1.337, 0.013, 0.144, 0.063, 1, 0, 1.337, 1.274, 0.072
Node_Cyan46_Cyan41_0, 1.363, 0.007, 0.079, 0.061, 1, 0, 1.363, 1.283, 0.098
Node_Cyan47_Cyan43_0, 1.877, 0.003, 0.061, 0.153, 0.997, 0, 1.877, 1.191, 0.708
Node_Cyan47_Cyan44_0, 3.033, 0.014, 0.501, 0.706, 1, 0, 3.033, 1.41, 1.643
Node_Cyan4_Cyan8_0, 1.018, 0.012, 0.373, 0.661, 0.963, 0, 1.018, 0.964, 0.055
Node_Cyan4_Cyan9_0, 0.408, 0.002, 0.915, 0.417, 0.346, 0, 0.408, 0.12, 0.303
Node_Cyan7_Cyan12_0, 1.037, 0.003, 0.319, 0.083, 1, 0, 1.037, 1.01, 0.029
Node_Cyan7_Cyan4_0, 1.324, 0.005, 0.039, 0.13, 0.999, 0, 1.324, 1.299, 0.025
Node_DTU0X1_SLNR1_0, 1.301, 0.002, 1.915, 0.249, 0.948, 0, 1.301, 1.181, 0.127
Node_Defe3_Defe1_0, 1.028, 0.011, 0.208, 0.305, 0.97, 0, 1.028, 0.098, 0.942
Node_Defe3_Defe2_0, 1.021, 0.025, 0.093, 0.997, 1, 0, 1.021, 0.948, 0.061
Node_Dein4_Dein2_0, 1.081, 0.004, 0.126, 0.077, 1, 0, 1.081, 1.064, 0.034
Node_Dein4_Dein6_0, 1.012, 0.013, 0.126, 0.965, 1, 0, 1.012, 0.985, 0.044
Node_Dein5_Bipo1_0, 1.453, 0.028, 0.339, 0.367, 0.999, 0, 1.453, 1.379, 0.031
Node_Dein5_Dein1_0, 1.96, 0, 0.064, 0.055, 1, 0, 1.96, 1.943, 0.039
Node_Dein5_Dein4_0, 1.169, 0.082, 0.442, 0.187, 0.999, 0, 1.169, 0.965, 0.076
Node_Dein5_Dein7_0, 1.985, 0.006, 0.153, 0.083, 1, 0, 1.985, 1.042, 0.963
Node_Dein7_Dein3_0, 1.021, 0.003, 1.011, 0.066, 1, 0, 1.021, 1.001, 0.044
Node_DesuB1_DesuB2_0, 1.548, 0.005, 0.052, 0.07, 0.999, 0, 1.548, 1.283, 0.275
Node_DesuB4_BdellC1_0, 0.426, 0.034, 1.068, 0.176, 0.365, 0, 0.426, 0.238, 0.148
Node_DesuB4_DesuB1_0, 1.32, 0.479, 0.09, 0.202, 0.787, 0, 1.32, 0.197, 0.505
Node_DesuB4_DesuB3_0, 2.948, 0.935, 0.64, 0.371, 1, 0, 2.948, 0.709, 1.333
Node_DesuB4_Desua5_0, 1.312, 0.002, 0.636, 0.278, 0.903, 0, 1.312, 1.161, 0.157
Node_DesuB4_Myxo10_0, 1.789, 0.013, 1.206, 0.436, 0.952, 0, 1.789, 1.691, 0.087
Node_DesuC2_DesuC1_0, 1.044, 0.006, 0.856, 0.282, 0.999, 0, 1.044, 0.451, 0.603
Node_DesuC2_Desua47_0, 1.291, 0.006, 0.788, 0.456, 0.841, 0, 1.291, 1.114, 0.174
Node_DesuD2_DesuD1_0, 1.154, 0.011, 0.715, 0.661, 0.999, 0, 1.154, 0.505, 0.674
Node_Desua11_Desua27_0, 1.651, 0.004, 0.056, 0.232, 1, 0, 1.651, 1.27, 0.412
Node_Desua16_Desua15_0, 0.032, 0, 0.059, 0.059, 0.032, 0, 0.032, 0.011, 0.047
Node_Desua16_Desua20_0, 0.246, 0.003, 1.009, 0.545, 0.224, 0, 0.246, 0.232, 0.031
Node_Desua16_Desua24_0, 0.044, 0, 0.084, 0.072, 0.042, 0, 0.044, 0.025, 0.034
Node_Desua16_Desua6_0, 1.221, 0.133, 1.065, 0.552, 0.83, 0, 1.221, 0.892, 0.096
Node_Desua16_Desua9_0, 0.094, 0.001, 0.188, 0.178, 0.089, 0, 0.094, 0.075, 0.035
Node_Desua1_Desua34_0, 0.298, 0, 0.081, 0.153, 0.274, 0, 0.298, 0.072, 0.259
Node_Desua1_Desua3_0, 0.12, 0.001, 0.356, 0.158, 0.111, 0, 0.12, 0.085, 0.049
Node_Desua1_Desua43_0, 0.426, 0.014, 0.576, 0.329, 0.35, 0, 0.426, 0.233, 0.183
Node_Desua22_Desua10_0, 1.711, 0.012, 0.175, 0.2, 1, 0, 1.711, 1.611, 0.086
Node_Desua22_Desua13_0, 1.788, 0.002, 0.25, 0.209, 0.998, 0, 1.788, 1.676, 0.121
Node_Desua22_Desua14_0, 1.957, 0.017, 0.078, 0.342, 0.999, 0, 1.957, 1.654, 0.307
Node_Desua22_Desua16_0, 2.057, 0.047, 0.528, 0.825, 0.975, 0, 2.057, 1.715, 0.285
Node_Desua22_Desua23_0, 1.099, 0.005, 0.912, 0.375, 0.995, 0, 1.099, 1.074, 0.049
Node_Desua22_Desua26_0, 1.915, 0.019, 0.239, 0.459, 1, 0, 1.915, 1.701, 0.192
Node_Desua22_Desua4_0, 1.943, 0.017, 0.311, 0.524, 0.976, 0, 1.943, 1.745, 0.18
Node_Desua26_Desua30_0, 1.939, 0.011, 0.154, 0.655, 0.998, 0, 1.939, 1.77, 0.167
Node_Desua28_Desua35_0, 1.098, 0.017, 0.538, 1.226, 1, 0, 1.098, 0.295, 0.837
Node_Desua2_Desua8_0, 1.788, 0.018, 0.484, 0.597, 1, 0, 1.788, 1.008, 0.796
Node_Desua36_Desua38_0, 1.026, 0.002, 0.115, 0.095, 1, 0, 1.026, 1.006, 0.038
Node_Desua36_Desua39_0, 1.101, 0.009, 0.538, 0.49, 0.999, 0, 1.101, 0.417, 0.712
Node_Desua40_Desua31_0, 0.908, 0.003, 0.336, 0.318, 0.89, 0, 0.908, 0.885, 0.049
Node_Desua42_Desua11_0, 1.291, 0.006, 0.094, 0.147, 1, 0, 1.291, 1.158, 0.15
Node_Desua42_Desua12_0, 1.229, 0.035, 0.151, 0.09, 1, 0, 1.229, 1.117, 0.059
Node_Desua43_Desua50_0, 1.671, 0.013, 0.084, 0.35, 0.999, 0, 1.671, 1.428, 0.254
Node_Desua43_Desua52_0, 1.291, 0.02, 0.702, 0.781, 1, 0, 1.291, 0.996, 0.302
Node_Desua43_Desua54_0, 1.488, 0.546, 0.164, 0.353, 0.86, 0, 1.488, 0.167, 0.68
Node_Desua44_Desua36_0, 0.918, 0.003, 0.773, 0.678, 0.67, 0, 0.918, 0.538, 0.401
Node_Desua46_Desua25_0, 1.194, 0.008, 0.35, 0.509, 0.984, 0, 1.194, 1.023, 0.187
Node_Desua47_Desua29_0, 2.865, 0.002, 0.05, 0.047, 1, 0, 2.865, 2.797, 0.088
Node_Desua47_Desua37_0, 2.067, 0.03, 0.141, 0.513, 1, 0, 2.067, 1.343, 0.716
Node_Desua47_Desua41_0, 2.825, 0.796, 0.087, 0.09, 1, 0, 2.825, 1.219, 0.049
Node_Desua47_Desua53_0, 1.462, 0.014, 0.493, 0.552, 1, 0, 1.462, 0.806, 0.65
Node_Desua48_Desua33_0, 2.079, 0.011, 1.021, 0.664, 1, 0, 2.079, 0.363, 1.74
Node_Desua48_Desua40_0, 1.192, 0.091, 0.16, 0.122, 0.996, 0, 1.192, 0.989, 0.034
Node_Desua48_Desua42_0, 1.286, 0.06, 0.045, 0.062, 0.999, 0, 1.286, 1.101, 0.079
Node_Desua48_Desua46_0, 1.349, 0.006, 0.227, 0.397, 0.978, 0, 1.349, 1.075, 0.284
Node_Desua49_Desua21_0, 1.036, 0.007, 0.303, 0.235, 1, 0, 1.036, 1.009, 0.045
Node_Desua49_Desua32_0, 1.195, 0.056, 0.054, 0.081, 1, 0, 1.195, 1.058, 0.04
Node_Desua49_Desua44_0, 1.287, 0.009, 0.048, 0.293, 0.997, 0, 1.287, 1.166, 0.131
Node_Desua4_Desua1_0, 0.805, 0.009, 1.441, 0.46, 0.601, 0, 0.805, 0.508, 0.294
Node_Desua4_Desua48_0, 1.227, 0.081, 0.322, 0.368, 0.995, 0, 1.227, 0.478, 0.663
Node_Desua4_Desua49_0, 1.153, 0.017, 0.129, 0.086, 0.997, 0, 1.153, 1.094, 0.038
Node_Desua53_Desua51_0, 1.502, 0.011, 0.317, 0.479, 0.998, 0, 1.502, 1.18, 0.346
Node_Desua6_Desua19_0, 1.943, 0.539, 0.542, 1.746, 0.946, 0, 1.943, 0.584, 0.488
Node_Desua6_Desua2_0, 1.458, 0.106, 0.141, 0.521, 0.909, 0, 1.458, 1.017, 0.272
Node_Desua6_Desua7_0, 2.815, 0.015, 0.111, 0.574, 1, 0, 2.815, 1.871, 0.968
Node_Desua9_Desua17_0, 0.02, 0, 0.061, 0.057, 0.02, 0, 0.02, 0.008, 0.042
Node_Desua9_Desua18_0, 0.039, 0, 0.09, 0.06, 0.039, 0, 0.039, 0.022, 0.035
Node_Dorm2_Dorm1_0, 0.014, 0, 0.057, 0.071, 0.014, 0, 0.014, 0.002, 0.05
Node_Dorm2_Dorm3_0, 0.04, 0, 0.332, 0.098, 0.038, 0, 0.04, 0.032, 0.022
Node_Dorm2_Dorm4_0, 0.025, 0.001, 0.081, 0.09, 0.025, 0, 0.025, 0.008, 0.065
Node_Dorm2_Dorm5_0, 0.021, 0, 0.053, 0.062, 0.019, 0, 0.021, 0.004, 0.049
Node_Eise2_Eise1_0, 1.595, 0.013, 0.098, 0.568, 0.988, 0, 1.595, 1.425, 0.195
Node_Eise4_Eise2_0, 1.485, 0.452, 0.09, 0.589, 0.982, 0, 1.485, 0.234, 0.636
Node_Eise4_Eise3_0, 1.485, 0.008, 0.142, 0.703, 0.986, 0, 1.485, 1.373, 0.134
Node_Elus1_Elus2_0, 1.735, 0.004, 0.983, 0.446, 0.97, 0, 1.735, 1.689, 0.049
Node_Elus2_Elus3_0, 0.955, 0.001, 0.811, 0.29, 0.868, 0, 0.955, 0.934, 0.03
Node_Elus2_Elus5_0, 0.893, 0.001, 0.11, 0.161, 0.871, 0, 0.893, 0.859, 0.047
Node_Elus3_Elus4_0, 0.048, 0, 0.066, 0.047, 0.048, 0, 0.048, 0.013, 0.042
Node_Elus3_Elus6_0, 0.357, 0.002, 0.117, 0.079, 0.323, 0, 0.357, 0.092, 0.273
Node_Elus3_Elus7_0, 0.072, 0, 0.903, 0.147, 0.068, 0, 0.072, 0.061, 0.02
Node_Elus3_Elus9_0, 0.199, 0.002, 0.018, 0.039, 0.18, 0, 0.199, 0.039, 0.167
Node_Elus6_Elus8_0, 0.431, 0.001, 0.281, 0.124, 0.366, 0, 0.431, 0.105, 0.354
Node_Elus9_Elus10_0, 0.418, 0.003, 0.113, 0.09, 0.376, 0, 0.418, 0.104, 0.329
Node_Erem4_Erem5_0, 0.974, 0, 0.162, 0.068, 0.954, 0, 0.974, 0.949, 0.057
Node_Erem6_Erem2_0, 0.318, 0.003, 0.162, 0.154, 0.303, 0, 0.318, 0.155, 0.17
Node_Erem6_Erem3_0, 1.169, 0.041, 0.052, 0.333, 0.971, 0, 1.169, 0.283, 0.862
Node_Erem6_Erem4_0, 1.079, 0.002, 0.18, 0.121, 1, 0, 1.079, 1.028, 0.088
Node_FCPU1_FCPU2_0, 1.071, 0.007, 0.499, 0.419, 1, 0, 1.071, 0.781, 0.316
Node_Ferm1_Eise4_0, 0.487, 0.031, 0.141, 0.22, 0.419, 0, 0.487, 0.24, 0.21
Node_Ferm1_GemmA1_0, 0.15, 0, 0.383, 0.224, 0.145, 0, 0.15, 0.111, 0.046
Node_Ferm1_Krum1_0, 0.219, 0, 0.066, 0.143, 0.216, 0, 0.219, 0.096, 0.135
Node_Fibr4_Fibr2_0, 0.831, 0.041, 0.539, 0.663, 0.742, 0, 0.831, 0.63, 0.149
Node_Fibr4_Fibr3_0, 0.834, 0.009, 0.09, 0.421, 0.621, 0, 0.834, 0.376, 0.457
Node_Fibr4_Fibr5_0, 0.844, 0.019, 0.566, 0.592, 0.702, 0, 0.844, 0.277, 0.557
Node_Fibr4_Fibr6_0, 1.18, 0.015, 0.107, 0.624, 0.799, 0, 1.18, 0.747, 0.428
Node_Fibr5_Fibr1_0, 0.716, 0.005, 0.22, 0.304, 0.682, 0, 0.716, 0.64, 0.087
Node_FirmA102_FirmA76_0, 1.84, 0.079, 0.97, 1.535, 1, 0, 1.84, 1.619, 0.099
Node_FirmA104_FirmA78_0, 0.415, 0.004, 0.511, 0.391, 0.367, 0, 0.415, 0.145, 0.294
Node_FirmA106_FirmA114_0, 1.277, 0.007, 0.218, 0.518, 0.993, 0, 1.277, 1.08, 0.215
Node_FirmA109_FirmA77_0, 1.351, 0.015, 0.343, 0.598, 0.907, 0, 1.351, 0.977, 0.386
Node_FirmA109_FirmA95_0, 1.046, 0.008, 0.513, 0.476, 0.878, 0, 1.046, 0.86, 0.2
Node_FirmA114_FirmA98_0, 1.106, 0.019, 0.995, 0.974, 1, 0, 1.106, 0.321, 0.805
Node_FirmA11_FirmA67_0, 1.719, 0.022, 1.627, 0.743, 0.966, 0, 1.719, 1.667, 0.026
Node_FirmA12_FirmA93_0, 1.311, 0.011, 0.149, 0.549, 0.959, 0, 1.311, 1, 0.322
Node_FirmA14_FirmA113_0, 0.12, 0, 0.389, 0.181, 0.116, 0, 0.12, 0.04, 0.112
Node_FirmA18_FirmA103_0, 0.463, 0.001, 1.76, 0.839, 0.393, 0, 0.463, 0.313, 0.174
Node_FirmA20_FirmA100_0, 0.217, 0.001, 0.088, 0.069, 0.211, 0, 0.217, 0.069, 0.175
Node_FirmA20_FirmA24_0, 1.687, 0.028, 1.032, 0.78, 0.946, 0, 1.687, 1.603, 0.048
Node_FirmA20_FirmA25_0, 0.274, 0, 0.976, 0.348, 0.244, 0, 0.274, 0.22, 0.071
Node_FirmA20_FirmA38_0, 1.179, 0.017, 0.602, 0.83, 0.844, 0, 1.179, 1.084, 0.077
Node_FirmA20_FirmA52_0, 0.129, 0.002, 0.222, 0.118, 0.123, 0, 0.129, 0.069, 0.075
Node_FirmA21_FirmA108_0, 1.141, 0.002, 0.621, 0.154, 0.814, 0, 1.141, 1.025, 0.138
Node_FirmA21_FirmA47_0, 0.908, 0.012, 0.799, 0.248, 0.816, 0, 0.908, 0.37, 0.554
Node_FirmA21_FirmA88_0, 1.622, 0.209, 0.109, 0.119, 1, 0, 1.622, 1.148, 0.076
Node_FirmA24_FirmA1_0, 0.979, 0.009, 0.838, 0.505, 0.813, 0, 0.979, 0.859, 0.121
Node_FirmA24_FirmA8_0, 0.422, 0.002, 0.786, 0.386, 0.37, 0, 0.422, 0.216, 0.227
Node_FirmA25_FirmA56_0, 0.386, 0.003, 0.207, 0.173, 0.348, 0, 0.386, 0.085, 0.316
Node_FirmA26_FirmA102_0, 2.632, 0.387, 0.762, 0.712, 1, 0, 2.632, 1.739, 0.17
Node_FirmA26_FirmA2_0, 2.837, 0.262, 0.345, 0.462, 0.999, 0, 2.837, 2.232, 0.105
Node_FirmA26_FirmA41_0, 2.143, 0.014, 1.261, 1.124, 0.996, 0, 2.143, 1.582, 0.578
Node_FirmA26_FirmA7_0, 2.812, 0.135, 0.205, 1.486, 1, 0, 2.812, 2.343, 0.25
Node_FirmA27_FirmA71_0, 1.077, 0.01, 1.099, 0.783, 0.999, 0, 1.077, 0.106, 0.992
Node_FirmA27_FirmA89_0, 1.174, 0.05, 0.163, 0.217, 0.964, 0, 1.174, 1.029, 0.066
Node_FirmA28_FirmA94_0, 1.141, 0.005, 0.496, 0.105, 0.999, 0, 1.141, 1.113, 0.04
Node_FirmA29_FirmA51_0, 0.117, 0, 0.933, 0.28, 0.11, 0, 0.117, 0.108, 0.027
Node_FirmA38_FirmA32_0, 1.219, 0.015, 0.252, 0.643, 0.864, 0, 1.219, 0.938, 0.277
Node_FirmA43_FirmA39_0, 1.46, 0.027, 0.251, 0.796, 1, 0, 1.46, 1.025, 0.438
Node_FirmA45_FirmA40_0, 0.938, 0.009, 0.342, 0.43, 0.672, 0, 0.938, 0.285, 0.665
Node_FirmA50_FirmA70_0, 1.04, 0.004, 0.358, 0.252, 0.999, 0, 1.04, 0.477, 0.582
Node_FirmA52_FirmA107_0, 0.325, 0.002, 0.051, 0.08, 0.301, 0, 0.325, 0.064, 0.285
Node_FirmA52_FirmA42_0, 0.089, 0, 0.118, 0.07, 0.086, 0, 0.089, 0.03, 0.078
Node_FirmA53_FirmA35_0, 1.034, 0.001, 0.253, 0.065, 1, 0, 1.034, 1.016, 0.041
Node_FirmA55_FirmA29_0, 1.023, 0.005, 0.961, 0.623, 0.81, 0, 1.023, 0.971, 0.064
Node_FirmA58_FirmA43_0, 1.246, 0.014, 0.191, 0.612, 0.936, 0, 1.246, 0.973, 0.273
Node_FirmA59_FirmA36_0, 1.141, 0.006, 1.031, 0.303, 0.815, 0, 1.141, 0.924, 0.23
Node_FirmA59_FirmA44_0, 1.936, 0.01, 1.26, 0.511, 0.983, 0, 1.936, 1.893, 0.041
Node_FirmA59_FirmA48_0, 1.316, 0.003, 0.204, 0.376, 0.872, 0, 1.316, 0.957, 0.376
Node_FirmA60_FirmA74_0, 1.088, 0.002, 1.921, 0.201, 1, 0, 1.088, 1.037, 0.079
Node_FirmA61_FirmA66_0, 2.926, 0.005, 0.08, 0.418, 1, 0, 2.926, 2.9, 0.048
Node_FirmA62_FirmA104_0, 0.628, 0.007, 1, 0.397, 0.505, 0, 0.628, 0.362, 0.277
Node_FirmA62_FirmA58_0, 1.15, 0.017, 0.142, 0.541, 0.924, 0, 1.15, 0.502, 0.647
Node_FirmA62_FirmA6_0, 1.083, 0.009, 0.179, 0.504, 0.927, 0, 1.083, 0.987, 0.103
Node_FirmA63_FirmA109_0, 1.293, 0.094, 0.428, 1.307, 0.941, 0, 1.293, 0.943, 0.217
Node_FirmA63_FirmA10_0, 1.25, 0.09, 0.326, 1.587, 0.997, 0, 1.25, 0.945, 0.193
Node_FirmA63_FirmA30_0, 1.239, 0.011, 0.121, 0.323, 0.996, 0, 1.239, 1.144, 0.099
Node_FirmA63_FirmA45_0, 0.606, 0.002, 0.995, 0.243, 0.483, 0, 0.606, 0.267, 0.36
Node_FirmA63_FirmA57_0, 1.227, 0.042, 0.248, 0.336, 0.988, 0, 1.227, 1.108, 0.054
Node_FirmA63_FirmA99_0, 1.41, 0.102, 0.112, 0.295, 0.984, 0, 1.41, 1.075, 0.193
Node_FirmA64_FirmA33_0, 0.229, 0.001, 0.415, 0.226, 0.218, 0, 0.229, 0.077, 0.169
Node_FirmA65_FirmA5_0, 1.04, 0.005, 0.202, 0.331, 0.704, 0, 1.04, 0.432, 0.62
Node_FirmA65_FirmA64_0, 0.474, 0.004, 1.112, 0.188, 0.414, 0, 0.474, 0.413, 0.07
Node_FirmA65_FirmA69_0, 1.512, 0.028, 0.787, 0.293, 0.974, 0, 1.512, 1.329, 0.14
Node_FirmA65_FirmA97_0, 0.617, 0.005, 0.083, 0.226, 0.488, 0, 0.617, 0.4, 0.221
Node_FirmA67_FirmA37_0, 0.726, 0.01, 1.008, 0.364, 0.531, 0, 0.726, 0.643, 0.086
Node_FirmA67_FirmA50_0, 0.812, 0.004, 0.14, 0.238, 0.605, 0, 0.812, 0.598, 0.222
Node_FirmA67_FirmA79_0, 0.744, 0.006, 0.489, 0.307, 0.559, 0, 0.744, 0.341, 0.415
Node_FirmA67_FirmA87_0, 1.638, 0.018, 0.17, 0.456, 0.967, 0, 1.638, 1.546, 0.071
Node_FirmA69_FirmA28_0, 1.592, 0.087, 0.152, 0.154, 1, 0, 1.592, 1.302, 0.145
Node_FirmA69_FirmA72_0, 2.473, 0.717, 0.093, 0.437, 1, 0, 2.473, 0.819, 0.257
Node_FirmA72_FirmA73_0, 2.45, 0.013, 0.52, 0.651, 1, 0, 2.45, 1.972, 0.484
Node_FirmA7_FirmA12_0, 1.127, 0.007, 1.859, 0.281, 0.957, 0, 1.127, 0.832, 0.308
Node_FirmA7_FirmA90_0, 2.671, 0.014, 0.351, 0.296, 0.999, 0, 2.671, 2.484, 0.196
Node_FirmA80_FirmA34_0, 1.495, 0.004, 0.099, 0.179, 0.998, 0, 1.495, 1.122, 0.394
Node_FirmA81_FirmA14_0, 0.397, 0.004, 0.845, 0.31, 0.336, 0, 0.397, 0.311, 0.091
Node_FirmA81_FirmA19_0, 0.517, 0.002, 0.173, 0.156, 0.438, 0, 0.517, 0.245, 0.291
Node_FirmA81_FirmA84_0, 2.579, 0.057, 1.325, 0.936, 0.998, 0, 2.579, 2.286, 0.214
Node_FirmA81_FirmA92_0, 1.147, 0.011, 1.508, 0.379, 0.93, 0, 1.147, 1.075, 0.065
Node_FirmA83_FirmA11_0, 3.298, 0.298, 1.5, 1.018, 1, 0, 3.298, 2.681, 0.086
Node_FirmA83_FirmA49_0, 1.017, 0.002, 0.544, 0.311, 0.947, 0, 1.017, 0.994, 0.042
Node_FirmA83_FirmA55_0, 1.915, 0.03, 0.4, 1.074, 0.982, 0, 1.915, 1.73, 0.154
Node_FirmA83_FirmA59_0, 3.145, 0.038, 0.58, 0.447, 0.998, 0, 3.145, 3.034, 0.054
Node_FirmA83_FirmA65_0, 2.131, 0.034, 1.253, 0.421, 0.987, 0, 2.131, 1.88, 0.205
Node_FirmA83_FirmA81_0, 3.633, 0.401, 0.241, 0.733, 1, 0, 3.633, 2.784, 0.175
Node_FirmA83_FirmA86_0, 1.517, 0.037, 0.766, 1.29, 0.967, 0, 1.517, 1.148, 0.331
Node_FirmA84_FirmA111_0, 2.564, 0.027, 0.274, 0.37, 0.993, 0, 2.564, 2.297, 0.232
Node_FirmA84_FirmA16_0, 2.198, 0.042, 0.812, 1.004, 0.996, 0, 2.198, 1.99, 0.153
Node_FirmA84_FirmA20_0, 2.643, 0.085, 0.673, 0.336, 0.997, 0, 2.643, 1.844, 0.667
Node_FirmA84_FirmA26_0, 2.815, 0.073, 0.11, 0.364, 1, 0, 2.815, 2.483, 0.209
Node_FirmA84_FirmA46_0, 0.625, 0.027, 0.997, 0.686, 0.491, 0, 0.625, 0.389, 0.216
Node_FirmA84_FirmA63_0, 1.379, 0.08, 0.967, 0.637, 0.986, 0, 1.379, 1.18, 0.068
Node_FirmA84_FirmA9_0, 0.543, 0.007, 0.301, 0.347, 0.469, 0, 0.543, 0.343, 0.212
Node_FirmA85_DTU0X1_0, 3.087, 0.009, 1.197, 0.38, 1, 0, 3.087, 2.133, 0.948
Node_FirmA85_FirmA60_0, 2.928, 0.005, 0.265, 0.2, 0.999, 0, 2.928, 2.836, 0.101
Node_FirmA85_FirmC13_0, 3.327, 0.091, 0.098, 0.22, 1, 0, 3.327, 2.736, 0.462
Node_FirmA86_FirmA61_0, 2.953, 0.036, 0.154, 0.969, 1, 0, 2.953, 1.39, 1.554
Node_FirmA87_FirmA106_0, 1.273, 0.018, 0.197, 0.374, 1, 0, 1.273, 1.16, 0.108
Node_FirmA87_FirmA62_0, 1.344, 0.017, 0.138, 0.323, 0.998, 0, 1.344, 1.193, 0.137
Node_FirmA87_FirmA96_0, 1.328, 0.014, 0.505, 0.341, 0.989, 0, 1.328, 1.134, 0.181
Node_FirmA88_FirmA101_0, 1.502, 0.002, 0.205, 0.06, 1, 0, 1.502, 1.436, 0.083
Node_FirmA89_FirmA105_0, 0.986, 0.002, 0.889, 0.077, 0.937, 0, 0.986, 0.272, 0.736
Node_FirmA89_FirmA110_0, 0.907, 0.005, 0.153, 0.371, 0.892, 0, 0.907, 0.872, 0.069
Node_FirmA89_FirmA21_0, 1.446, 0.255, 0.099, 0.21, 1, 0, 1.446, 0.865, 0.116
Node_FirmA89_FirmA31_0, 0.954, 0.039, 1.057, 0.154, 0.861, 0, 0.954, 0.204, 0.727
Node_FirmA89_FirmA53_0, 1.245, 0.007, 0.152, 0.113, 1, 0, 1.245, 1.064, 0.194
Node_FirmA89_FirmA68_0, 1.137, 0.016, 0.044, 0.057, 0.918, 0, 1.137, 0.927, 0.211
Node_FirmA89_FirmA80_0, 1.196, 0.008, 0.395, 0.12, 1, 0, 1.196, 1.07, 0.137
Node_FirmA90_FirmA112_0, 2.316, 0.014, 0.806, 0.287, 0.999, 0, 2.316, 1.89, 0.437
Node_FirmA92_FirmA54_0, 1.185, 0.012, 0.229, 0.334, 1, 0, 1.185, 0.929, 0.255
Node_FirmA94_FirmA75_0, 1.091, 0.001, 0.234, 0.107, 0.928, 0, 1.091, 0.925, 0.183
Node_FirmA96_FirmA27_0, 1.221, 0.05, 0.241, 0.277, 0.965, 0, 1.221, 1.059, 0.084
Node_FirmA96_FirmA91_0, 1.428, 0.014, 0.194, 0.647, 0.978, 0, 1.428, 1.051, 0.387
Node_FirmA99_FirmA18_0, 2.048, 0.498, 0.236, 1.425, 0.987, 0, 2.048, 1.094, 0.376
Node_FirmB16_FirmB13_0, 1.059, 0.013, 0.561, 0.352, 1, 0, 1.059, 0.431, 0.641
Node_FirmB17_FirmB15_0, 1.983, 0.006, 1.137, 0.463, 1, 0, 1.983, 1.943, 0.07
Node_FirmB2_FirmB11_0, 1.052, 0.004, 2.171, 0.739, 0.696, 0, 1.052, 0.367, 0.716
Node_FirmB2_FirmB12_0, 2.503, 0.262, 0.49, 1.11, 0.998, 0, 2.503, 1.381, 0.65
Node_FirmB3_FirmB14_0, 2.127, 0.022, 1.582, 0.554, 1, 0, 2.127, 0.817, 1.32
Node_FirmB4_FirmB17_0, 3.044, 0.008, 0.158, 0.146, 1, 0, 3.044, 2.202, 0.865
Node_FirmB4_FirmB1_0, 2.329, 0.007, 0.811, 0.356, 1, 0, 2.329, 1.572, 0.766
Node_FirmB4_FirmB3_0, 2.367, 0.015, 0.54, 0.396, 0.995, 0, 2.367, 1.869, 0.498
Node_FirmB6_FirmB7_0, 2.176, 0.001, 0.484, 0.146, 0.997, 0, 2.176, 2.001, 0.192
Node_FirmB8_FirmB16_0, 0.966, 0.014, 1.693, 0.5, 0.669, 0, 0.966, 0.719, 0.251
Node_FirmB8_FirmB4_0, 2.394, 0.015, 1.043, 0.385, 0.992, 0, 2.394, 2.115, 0.272
Node_FirmB8_FirmB5_0, 0.927, 0.01, 0.445, 0.503, 0.659, 0, 0.927, 0.533, 0.396
Node_FirmB8_FirmB9_0, 3.15, 0.053, 0.553, 0.585, 1, 0, 3.15, 2.848, 0.237
Node_FirmB9_FirmB10_0, 2.169, 0.019, 0.703, 0.288, 1, 0, 2.169, 1.396, 0.772
Node_FirmB9_FirmB2_0, 2.081, 0.564, 1.211, 0.496, 0.998, 0, 2.081, 0.752, 0.261
Node_FirmB9_FirmB6_0, 2.467, 0.022, 0.974, 0.342, 0.999, 0, 2.467, 2.173, 0.269
Node_FirmC10_FirmC14_0, 1.224, 0.009, 0.526, 0.56, 0.98, 0, 1.224, 1.056, 0.191
Node_FirmC10_FirmC18_0, 1.55, 0.009, 0.304, 0.264, 0.996, 0, 1.55, 0.597, 0.974
Node_FirmC10_FirmC19_0, 0.871, 0.005, 0.74, 0.34, 0.642, 0, 0.871, 0.488, 0.403
Node_FirmC11_FirmC3_0, 2.319, 0.002, 1.074, 0.118, 1, 0, 2.319, 2.167, 0.18
Node_FirmC13_FirmB8_0, 3.413, 0.097, 1.111, 0.859, 1, 0, 3.413, 3.087, 0.184
Node_FirmC13_FirmC10_0, 1.203, 0.014, 0.702, 0.491, 0.874, 0, 1.203, 1.038, 0.166
Node_FirmC13_FirmC17_0, 1.09, 0.025, 0.317, 0.328, 0.871, 0, 1.09, 0.914, 0.179
Node_FirmC13_FirmC5_0, 1.637, 0.405, 2.603, 1.084, 0.832, 0, 1.637, 0.637, 0.422
Node_FirmC13_FirmC8_0, 1.725, 0.038, 0.347, 0.484, 0.926, 0, 1.725, 1.286, 0.397
Node_FirmC13_Firms33_0, 4.243, 0.43, 0.115, 0.68, 1, 0, 4.243, 3.025, 0.601
Node_FirmC15_FirmC12_0, 1.01, 0.005, 2.037, 0.394, 0.998, 0, 1.01, 0.306, 0.731
Node_FirmC1_FirmC4_0, 2.971, 0.004, 1.516, 0.363, 1, 0, 2.971, 2.738, 0.26
Node_FirmC6_FirmC16_0, 2.352, 0.004, 2.046, 0.432, 0.998, 0, 2.352, 2.2, 0.171
Node_FirmC6_FirmC1_0, 4.223, 0.038, 0.205, 0.262, 1, 0, 4.223, 3.825, 0.363
Node_FirmC8_FirmC11_0, 3.211, 0.006, 0.975, 0.166, 1, 0, 3.211, 3.079, 0.153
Node_FirmC8_FirmC15_0, 2.311, 0, 1.045, 0.129, 1, 0, 2.311, 2.062, 0.277
Node_FirmC8_FirmC6_0, 4.027, 0.041, 0.082, 0.188, 1, 0, 4.027, 2.25, 1.747
Node_FirmC8_FirmC7_0, 3.079, 0.003, 0.234, 0.118, 1, 0, 3.079, 3.003, 0.099
Node_FirmC8_FirmC9_0, 2.321, 0.047, 0.445, 0.783, 0.999, 0, 2.321, 1.3, 0.994
Node_FirmD2_FirmD3_0, 3.118, 0.008, 0.512, 0.759, 1, 0, 3.118, 2.741, 0.382
Node_FirmD4_FirmD2_0, 3.24, 0.022, 0.519, 0.748, 1, 0, 3.24, 3.107, 0.117
Node_FirmE4_FirmE6_0, 0.557, 0.006, 0.618, 0.234, 0.466, 0, 0.557, 0.172, 0.413
Node_FirmE5_FirmA85_0, 2.872, 0.082, 0.111, 0.174, 0.999, 0, 2.872, 1.502, 1.258
Node_FirmE5_FirmE3_0, 1.027, 0.007, 0.199, 0.243, 0.697, 0, 1.027, 0.574, 0.463
Node_FirmE5_FirmE4_0, 0.756, 0.006, 1.164, 0.201, 0.555, 0, 0.756, 0.514, 0.243
Node_FirmE5_FirmE7_0, 1.671, 0.009, 1.314, 0.344, 0.988, 0, 1.671, 1.567, 0.104
Node_FirmE7_FirmE1_0, 1.264, 0.008, 0.527, 0.162, 1, 0, 1.264, 1.156, 0.112
Node_FirmE7_FirmE2_0, 1.502, 0.004, 0.06, 0.127, 0.999, 0, 1.502, 1.223, 0.294
Node_FirmE7_FirmE8_0, 1.027, 0.007, 1.308, 0.303, 0.998, 0, 1.027, 0.242, 0.826
Node_FirmF1_FirmF2_0, 0.45, 0.017, 0.788, 0.369, 0.387, 0, 0.45, 0.21, 0.23
Node_FirmF1_FirmG6_0, 0.991, 0.027, 0.242, 0.275, 0.686, 0, 0.991, 0.757, 0.197
Node_FirmF2_FirmF3_0, 2.342, 1.064, 0.357, 0.332, 0.998, 0, 2.342, 0.074, 1.185
Node_FirmG5_FirmG1_0, 0.96, 0.004, 0.288, 0.268, 0.777, 0, 0.96, 0.787, 0.18
Node_FirmG5_FirmG2_0, 1.064, 0.024, 0.133, 0.271, 0.776, 0, 1.064, 0.728, 0.323
Node_FirmG6_FirmE5_0, 1.643, 0.032, 0.175, 0.242, 0.889, 0, 1.643, 0.808, 0.795
Node_FirmG6_FirmG3_0, 0.863, 0.018, 0.148, 0.562, 0.716, 0, 0.863, 0.65, 0.201
Node_FirmG6_FirmG4_0, 0.792, 0.016, 0.206, 0.575, 0.681, 0, 0.792, 0.648, 0.132
Node_FirmG6_FirmG5_0, 0.85, 0.015, 0.869, 0.241, 0.716, 0, 0.85, 0.769, 0.061
Node_Firms11_Firms17_0, 2.196, 0.008, 0.525, 0.095, 1, 0, 2.196, 2.084, 0.126
Node_Firms13_Firms1_0, 0.666, 0.001, 1.266, 0.385, 0.536, 0, 0.666, 0.473, 0.215
Node_Firms1_Firms10_0, 0.395, 0.001, 0.435, 0.138, 0.378, 0, 0.395, 0.25, 0.163
Node_Firms20_Firms12_0, 1.414, 0.002, 1.016, 0.057, 0.898, 0, 1.414, 1.142, 0.288
Node_Firms20_Firms29_0, 1.016, 0.003, 0.99, 0.081, 1, 0, 1.016, 0.457, 0.589
Node_Firms22_Firms27_0, 2.353, 0.006, 0.584, 0.344, 1, 0, 2.353, 1.995, 0.366
Node_Firms23_Firms18_0, 0.248, 0, 1.018, 0.077, 0.241, 0, 0.248, 0.05, 0.224
Node_Firms24_Firms26_0, 1.293, 0.007, 0.403, 0.333, 1, 0, 1.293, 1.038, 0.272
Node_Firms30_Firms31_0, 0.283, 0, 1.051, 0.053, 0.266, 0, 0.283, 0.047, 0.261
Node_Firms32_Firms25_0, 1.151, 0, 0.114, 0.073, 0.975, 0, 1.151, 0.996, 0.182
Node_Firms33_FirmA83_0, 4.414, 0.316, 0.428, 1.228, 1, 0, 4.414, 3.564, 0.283
Node_Firms33_FirmD1_0, 2.509, 0.065, 1.34, 0.844, 1, 0, 2.509, 2.244, 0.164
Node_Firms33_FirmD4_0, 3.62, 0.042, 1.038, 1.203, 1, 0, 3.62, 3.368, 0.202
Node_Firms33_Firms11_0, 2.587, 0.019, 0.105, 0.258, 1, 0, 2.587, 2.476, 0.108
Node_Firms33_Firms13_0, 1.716, 0.019, 0.285, 0.404, 1, 0, 1.716, 1.6, 0.092
Node_Firms33_Firms15_0, 1.903, 0.015, 0.33, 0.424, 1, 0, 1.903, 1.803, 0.095
Node_Firms33_Firms16_0, 2.097, 0.273, 0.28, 1.345, 1, 0, 2.097, 1.418, 0.201
Node_Firms33_Firms20_0, 2.14, 0, 0.07, 0.061, 0.996, 0, 2.14, 2.059, 0.106
Node_Firms33_Firms21_0, 2.104, 0.003, 0.059, 0.054, 1, 0, 2.104, 2.057, 0.063
Node_Firms33_Firms22_0, 2.565, 0.429, 0.047, 0.135, 1, 0, 2.565, 1.229, 0.502
Node_Firms33_Firms23_0, 1.042, 0, 0.132, 0.1, 0.976, 0, 1.042, 0.985, 0.091
Node_Firms33_Firms28_0, 0.385, 0, 1.122, 0.109, 0.348, 0, 0.385, 0.08, 0.331
Node_Firms33_Firms2_0, 0.577, 0.001, 0.263, 0.154, 0.492, 0, 0.577, 0.15, 0.454
Node_Firms33_Firms30_0, 1.073, 0.002, 1.18, 0.056, 0.958, 0, 1.073, 0.983, 0.111
Node_Firms33_Firms32_0, 1.083, 0.002, 0.358, 0.242, 0.968, 0, 1.083, 0.247, 0.862
Node_Firms33_Firms3_0, 1.681, 0.02, 0.234, 0.335, 1, 0, 1.681, 1.477, 0.179
Node_Firms33_Firms5_0, 2.123, 0.022, 0.281, 0.337, 1, 0, 2.123, 1.817, 0.285
Node_Firms33_Firms6_0, 1.89, 0.027, 0.185, 0.255, 1, 0, 1.89, 1.798, 0.054
Node_Firms33_Firms7_0, 2.097, 0.022, 0.771, 0.31, 0.998, 0, 2.097, 1.817, 0.259
Node_Firms33_Firms8_0, 1.994, 0.611, 1.28, 0.499, 0.998, 0, 1.994, 0.79, 0.154
Node_Firms33_Firms9_0, 1.176, 0, 0.078, 0.052, 0.963, 0, 1.176, 1.01, 0.181
Node_Firms8_Firms24_0, 1.417, 0.01, 0.419, 0.252, 0.987, 0, 1.417, 1.177, 0.246
Node_Firms8_Firms4_0, 1.58, 0.023, 0.606, 0.822, 0.988, 0, 1.58, 1.4, 0.169
Node_Gemm2_Gemm4_0, 1.025, 0.019, 0.074, 0.748, 0.999, 0, 1.025, 0.14, 0.922
Node_Gemm3_Gemm6_0, 0.016, 0.001, 0.052, 0.051, 0.016, 0, 0.016, 0.004, 0.046
Node_Gemm5_Gemm8_0, 0.207, 0, 0.055, 0.097, 0.204, 0, 0.207, 0.116, 0.1
Node_Gemm5_Gemm9_0, 0.042, 0, 0.203, 0.072, 0.041, 0, 0.042, 0.015, 0.038
Node_Gemm9_Gemm2_0, 0.158, 0.005, 0.035, 0.147, 0.157, 0, 0.158, 0.027, 0.146
Node_Gemm9_Gemm3_0, 0.021, 0, 0.064, 0.067, 0.021, 0, 0.021, 0.01, 0.041
Node_Gemm9_Gemm7_0, 0.044, 0, 0.159, 0.097, 0.043, 0, 0.044, 0.033, 0.045
Node_Gold1_FCPU1_0, 1.247, 0.014, 0.517, 0.584, 0.862, 0, 1.247, 1.152, 0.091
Node_Gold1_Fire1_0, 1.659, 0.018, 1.116, 0.988, 0.888, 0, 1.659, 1.531, 0.113
Node_Gold1_Gold2_0, 1.6, 0.002, 0.839, 0.681, 1, 0, 1.6, 0.443, 1.19
Node_Hydr2_Abys1_0, 1.727, 0.003, 0.402, 0.463, 0.998, 0, 1.727, 1.655, 0.075
Node_Hydr2_Hydr1_0, 1.05, 0.003, 1.06, 0.282, 0.998, 0, 1.05, 0.705, 0.38
Node_Hydr2_Plan43_0, 2.776, 0.087, 0.816, 1.559, 0.999, 0, 2.776, 2.583, 0.051
Node_Hydr2_Sume1_0, 2.051, 0.029, 0.793, 1.298, 0.996, 0, 2.051, 1.97, 0.039
Node_KSB1X2_KSB1X4_0, 0.012, 0, 0.064, 0.043, 0.012, 0, 0.012, 0.004, 0.029
Node_KSB1X3_KSB1X1_0, 0.215, 0, 0.025, 0.063, 0.211, 0, 0.215, 0.074, 0.157
Node_Late1_Late3_0, 2.959, 0.912, 0.081, 0.35, 1, 0, 2.959, 0.285, 1.469
Node_Late2_Late1_0, 0.659, 0.042, 0.422, 0.302, 0.52, 0, 0.659, 0.297, 0.304
Node_Lind1_Lind2_0, 1.296, 0.014, 0.997, 0.607, 1, 0, 1.296, 1.096, 0.201
Node_Lind1_Lind4_0, 2.078, 0.02, 0.592, 1.24, 0.992, 0, 2.078, 2.04, 0.017
Node_Marg1_Marg2_0, 0.314, 0.002, 0.741, 0.419, 0.287, 0, 0.314, 0.27, 0.049
Node_Marg1_Marg6_0, 0.273, 0.002, 0.235, 0.236, 0.253, 0, 0.273, 0.096, 0.192
Node_Marg2_Marg7_0, 0.428, 0.002, 0.24, 0.209, 0.376, 0, 0.428, 0.086, 0.352
Node_Mari3_Mari2_0, 0.006, 0, 0.071, 0.034, 0.006, 0, 0.006, 0.004, 0.009
Node_Mari3_Mari6_0, 0.068, 0.001, 0.045, 0.047, 0.066, 0, 0.068, 0.03, 0.044
Node_Mari6_Mari1_0, 0.382, 0.002, 0.036, 0.126, 0.348, 0, 0.382, 0.114, 0.289
Node_Mari6_Mari5_0, 0.127, 0.003, 0.035, 0.07, 0.122, 0, 0.127, 0.049, 0.091
Node_Meth2_Meth1_0, 1.308, 0, 0.138, 0.167, 1, 0, 1.308, 1.079, 0.275
Node_Meth4_Meth3_0, 1.024, 0.002, 0.081, 0.064, 1, 0, 1.024, 1.008, 0.037
Node_Meth5_Meth2_0, 1.171, 0.001, 0.315, 0.227, 0.994, 0, 1.171, 0.161, 1.02
Node_Meth5_Meth4_0, 1.066, 0.004, 0.166, 0.116, 1, 0, 1.066, 1.031, 0.057
Node_Meth5_NitsA1_0, 1.714, 0.014, 1.178, 0.384, 0.922, 0, 1.714, 1.46, 0.231
Node_Meth5_SZUA1_0, 0.465, 0.025, 1.179, 0.251, 0.397, 0, 0.465, 0.187, 0.25
Node_Meth5_Sche1_0, 1.369, 0.007, 0.535, 0.218, 0.907, 0, 1.369, 1.18, 0.183
Node_MyxA1_MyxA2_0, 1.079, 0.004, 0.091, 0.09, 1, 0, 1.079, 1.035, 0.055
Node_MyxA1_MyxA4_0, 1.111, 0.005, 0.719, 0.233, 1, 0, 1.111, 0.154, 0.966
Node_MyxA2_MyxA3_0, 1.25, 0.006, 0.067, 0.098, 1, 0, 1.25, 1.047, 0.232
Node_Myxo10_Bdell6_0, 1.229, 0.004, 0.675, 0.365, 0.801, 0, 1.229, 1.119, 0.111
Node_Myxo10_MyxA1_0, 0.859, 0.009, 0.507, 0.245, 0.669, 0, 0.859, 0.731, 0.128
Node_Myxo10_Myxo11_0, 1.008, 0.006, 0.103, 0.266, 0.72, 0, 1.008, 0.757, 0.246
Node_Myxo10_Myxo14_0, 1.694, 0.047, 0.085, 0.292, 0.898, 0, 1.694, 0.917, 0.724
Node_Myxo10_Myxo15_0, 2.332, 0.01, 0.713, 0.768, 0.986, 0, 2.332, 1.769, 0.571
Node_Myxo10_Myxo17_0, 2.464, 0.064, 0.186, 0.794, 0.983, 0, 2.464, 1.494, 0.892
Node_Myxo11_Bdell13_0, 0.246, 0.004, 0.814, 0.269, 0.215, 0, 0.246, 0.199, 0.048
Node_Myxo11_Myxo13_0, 0.017, 0, 0.083, 0.064, 0.017, 0, 0.017, 0.009, 0.038
Node_Myxo11_Myxo8_0, 0.062, 0, 0.207, 0.09, 0.06, 0, 0.062, 0.05, 0.023
Node_Myxo14_Myxo2_0, 1.213, 0.007, 0.127, 0.236, 0.762, 0, 1.213, 0.836, 0.383
Node_Myxo14_Myxo3_0, 1.462, 0.009, 0.522, 0.339, 0.907, 0, 1.462, 1.175, 0.281
Node_Myxo14_Myxo5_0, 1.662, 0.006, 0.635, 0.221, 1, 0, 1.662, 0.589, 1.078
Node_Myxo14_Myxo6_0, 1.34, 0.006, 0.576, 0.259, 1, 0, 1.34, 1.111, 0.248
Node_Myxo14_Myxo9_0, 0.95, 0.003, 0.62, 0.405, 0.687, 0, 0.95, 0.856, 0.105
Node_Myxo15_Myxo18_0, 2.297, 0.021, 0.704, 0.986, 0.999, 0, 2.297, 1.661, 0.648
Node_Myxo17_Myxo19_0, 3.811, 1.445, 0.786, 0.815, 1, 0, 3.811, 1.175, 0.688
Node_Myxo2_Myxo1_0, 1.053, 0.008, 0.567, 0.377, 0.736, 0, 1.053, 0.66, 0.399
Node_Myxo8_Myxo7_0, 0.024, 0, 0.065, 0.049, 0.024, 0, 0.024, 0.018, 0.027
Node_Nitr10_Nitr3_0, 1.021, 0.001, 0.066, 0.061, 0.998, 0, 1.021, 1.002, 0.051
Node_Nitr10_Nitr4_0, 1.035, 0.007, 0.052, 0.048, 1, 0, 1.035, 1.004, 0.033
Node_Nitr10_Nitr6_0, 1.018, 0.002, 0.046, 0.041, 1, 0, 1.018, 1.003, 0.041
Node_Nitr14_CG294X1_0, 1.364, 0.011, 1.326, 0.469, 0.985, 0, 1.364, 1.323, 0.032
Node_Nitr14_Meth5_0, 2.647, 0.021, 1.413, 0.632, 0.999, 0, 2.647, 2.471, 0.147
Node_Nitr14_Nitr12_0, 0.193, 0.001, 1.031, 0.053, 0.188, 0, 0.193, 0.072, 0.144
Node_Nitr14_Nitr13_0, 1.05, 0.001, 0.028, 0.044, 1, 0, 1.05, 1.029, 0.033
Node_Nitr14_Nitr15_0, 0.985, 0.014, 0.465, 0.45, 0.8, 0, 0.985, 0.901, 0.072
Node_Nitr14_Nitr16_0, 1.079, 0.004, 0.062, 0.06, 0.973, 0, 1.079, 1.004, 0.087
Node_Nitr14_Nitr2_0, 1.044, 0.001, 0.084, 0.053, 1, 0, 1.044, 1.035, 0.021
Node_Nitr14_Nitr9_0, 1.106, 0.015, 0.215, 0.274, 0.999, 0, 1.106, 0.769, 0.321
Node_Nitr15_Nitr10_0, 1.047, 0.004, 0.256, 0.359, 1, 0, 1.047, 0.337, 0.719
Node_Nitr15_Nitr1_0, 0.469, 0.006, 0.628, 0.474, 0.409, 0, 0.469, 0.357, 0.106
Node_Nitr15_Nitr8_0, 0.58, 0.003, 0.181, 0.31, 0.506, 0, 0.58, 0.301, 0.289
Node_Nitr16_Nitr11_0, 1.416, 0.122, 0.046, 0.126, 0.981, 0, 1.416, 0.936, 0.264
Node_Nitr16_Nitr17_0, 1.076, 0.014, 0.099, 0.05, 0.972, 0, 1.076, 0.982, 0.082
Node_Nitr17_Nitr5_0, 0.031, 0.001, 1.096, 0.08, 0.028, 0, 0.031, 0.015, 0.05
Node_Nitr9_Nitr7_0, 1.147, 0, 0.096, 0.067, 0.997, 0, 1.147, 1.03, 0.137
Node_Nits1_Nits3_0, 1.03, 0.003, 0.083, 0.098, 1, 0, 1.03, 0.999, 0.055
Node_Nits4_Nits2_0, 1.303, 0.013, 0.105, 0.415, 1, 0, 1.303, 1.241, 0.064
Node_NitsA1_NitsA2_0, 1.641, 0.039, 0.331, 0.372, 1, 0, 1.641, 1.242, 0.394
Node_NitsA1_NitsA3_0, 1.539, 0.03, 0.972, 0.68, 1, 0, 1.539, 0.742, 0.767
Node_NitsA3_Nits1_0, 1.055, 0.001, 0.296, 0.19, 0.987, 0, 1.055, 1.045, 0.019
Node_NitsA3_Nits4_0, 1.331, 0.038, 0.266, 0.511, 1, 0, 1.331, 1.251, 0.02
Node_Omni4_Omni2_0, 1.343, 0.006, 0.105, 0.175, 1, 0, 1.343, 0.239, 1.14
Node_Omni4_Omni3_0, 0.356, 0.003, 0.994, 0.318, 0.314, 0, 0.356, 0.235, 0.124
Node_Omni4_Omni7_0, 0.302, 0.004, 0.238, 0.183, 0.28, 0, 0.302, 0.13, 0.18
Node_Omni4_Omni8_0, 1.223, 0.008, 0.898, 0.55, 0.952, 0, 1.223, 1.151, 0.07
Node_Omni8_Omni6_0, 1.05, 0.007, 0.262, 0.314, 1, 0, 1.05, 0.969, 0.082
Node_P4572X1_Ferm1_0, 0.387, 0.008, 0.448, 0.202, 0.327, 0, 0.387, 0.269, 0.112
Node_P4572X1_Gemm5_0, 0.162, 0, 0.25, 0.115, 0.151, 0, 0.162, 0.14, 0.025
Node_Pate13_Pate34_0, 0.301, 0.003, 0.023, 0.057, 0.294, 0, 0.301, 0.1, 0.213
Node_Pate13_Pate6_0, 0.108, 0.001, 0.03, 0.047, 0.106, 0, 0.108, 0.044, 0.077
Node_Pate14_Pate35_0, 0.017, 0, 0.03, 0.034, 0.017, 0, 0.017, 0.005, 0.029
Node_Pate14_Pate5_0, 0.018, 0, 0.029, 0.021, 0.017, 0, 0.018, 0.007, 0.02
Node_Pate15_Pate29_0, 0.013, 0, 0.032, 0.046, 0.013, 0, 0.013, 0.002, 0.04
Node_Pate17_Pate18_0, 0.014, 0, 0.014, 0.013, 0.014, 0, 0.014, 0.002, 0.021
Node_Pate17_Pate19_0, 0.007, 0, 0.015, 0.014, 0.007, 0, 0.007, 0.002, 0.015
Node_Pate17_Pate8_0, 0.011, 0.001, 0.028, 0.028, 0.011, 0, 0.011, 0.002, 0.024
Node_Pate18_Pate38_0, 0.014, 0, 0.023, 0.02, 0.014, 0, 0.014, 0.004, 0.022
Node_Pate18_Pate9_0, 0.015, 0, 0.018, 0.021, 0.015, 0, 0.015, 0.005, 0.019
Node_Pate19_Pate37_0, 0.016, 0.001, 0.015, 0.022, 0.015, 0, 0.016, 0.005, 0.02
Node_Pate19_Pate4_0, 0.01, 0.001, 0.014, 0.017, 0.01, 0, 0.01, 0.002, 0.016
Node_Pate1_Pate50_0, 0.011, 0.001, 0.02, 0.024, 0.011, 0, 0.011, 0.004, 0.017
Node_Pate21_Pate15_0, 0.005, 0, 0.022, 0.024, 0.005, 0, 0.005, 0.002, 0.014
Node_Pate21_Pate26_0, 0.013, 0, 0.015, 0.019, 0.013, 0, 0.013, 0.007, 0.013
Node_Pate24_Pate13_0, 0.06, 0, 0.017, 0.028, 0.059, 0, 0.06, 0.02, 0.05
Node_Pate24_Pate14_0, 0.027, 0.001, 0.013, 0.018, 0.026, 0, 0.027, 0.009, 0.023
Node_Pate24_Pate39_0, 0.016, 0, 0.033, 0.034, 0.016, 0, 0.016, 0.007, 0.022
Node_Pate24_Pate54_0, 0.027, 0, 0.048, 0.043, 0.027, 0, 0.027, 0.016, 0.015
Node_Pate25_Pate17_0, 0.007, 0, 0.009, 0.006, 0.007, 0, 0.007, 0.003, 0.008
Node_Pate25_Pate28_0, 0.011, 0.002, 0.015, 0.018, 0.01, 0, 0.011, 0, 0.017
Node_Pate25_Pate32_0, 0.008, 0, 0.013, 0.013, 0.008, 0, 0.008, 0.005, 0.005
Node_Pate26_Pate12_0, 0.012, 0, 0.028, 0.032, 0.012, 0, 0.012, 0.003, 0.027
Node_Pate40_Pate24_0, 0.016, 0, 0.007, 0.014, 0.016, 0, 0.016, 0.008, 0.011
Node_Pate40_Pate55_0, 0.015, 0, 0.025, 0.031, 0.015, 0, 0.015, 0.002, 0.024
Node_Pate40_Pate7_0, 0.012, 0, 0.016, 0.013, 0.012, 0, 0.012, 0.003, 0.015
Node_Pate43_Pate22_0, 0.007, 0, 0.022, 0.026, 0.007, 0, 0.007, 0.003, 0.012
Node_Pate43_Pate3_0, 0.005, 0, 0.016, 0.013, 0.005, 0, 0.005, 0, 0.014
Node_Pate43_Pate44_0, 0.011, 0, 0.008, 0.01, 0.011, 0, 0.011, 0.002, 0.014
Node_Pate43_Pate45_0, 0.017, 0, 0.019, 0.024, 0.017, 0, 0.017, 0.012, 0.009
Node_Pate43_Pate57_0, 0.012, 0, 0.02, 0.019, 0.012, 0, 0.012, 0.001, 0.021
Node_Pate44_Pate10_0, 0.009, 0, 0.016, 0.026, 0.009, 0, 0.009, 0.002, 0.019
Node_Pate44_Pate52_0, 0.006, 0, 0.025, 0.026, 0.006, 0, 0.006, 0.002, 0.02
Node_Pate45_Pate11_0, 0.009, 0, 0.022, 0.022, 0.009, 0, 0.009, 0.004, 0.016
Node_Pate45_Pate21_0, 0.015, 0, 0.013, 0.017, 0.015, 0, 0.015, 0.009, 0.011
Node_Pate46_Pate25_0, 0.016, 0, 0.035, 0.025, 0.016, 0, 0.016, 0.011, 0.008
Node_Pate48_Chlo30_0, 0.345, 0.001, 0.194, 0.15, 0.305, 0, 0.345, 0.326, 0.024
Node_Pate48_Pate1_0, 0.013, 0, 0.01, 0.015, 0.013, 0, 0.013, 0.003, 0.018
Node_Pate48_Pate23_0, 0.076, 0.001, 0.274, 0.078, 0.074, 0, 0.076, 0.074, 0.004
Node_Pate48_Pate30_0, 0.015, 0, 0.015, 0.013, 0.015, 0, 0.015, 0.006, 0.017
Node_Pate48_Pate40_0, 0.013, 0, 0.02, 0.016, 0.013, 0, 0.013, 0.01, 0.006
Node_Pate48_Pate43_0, 0.027, 0, 0.027, 0.031, 0.027, 0, 0.027, 0.022, 0.011
Node_Pate48_Pate46_0, 0.043, 0, 0.041, 0.036, 0.043, 0, 0.043, 0.038, 0.008
Node_Pate48_Pate49_0, 0.01, 0, 0.018, 0.015, 0.01, 0, 0.01, 0.003, 0.015
Node_Pate48_Pate51_0, 0.003, 0, 0.017, 0.015, 0.003, 0, 0.003, 0, 0.01
Node_Pate48_Pate56_0, 0.005, 0, 0.016, 0.013, 0.005, 0, 0.005, 0.004, 0.006
Node_Pate49_Pate41_0, 0.007, 0, 0.018, 0.015, 0.007, 0, 0.007, 0.002, 0.015
Node_Pate51_Pate27_0, 0.015, 0, 0.033, 0.035, 0.015, 0, 0.015, 0.006, 0.026
Node_Pate51_Pate33_0, 0.01, 0, 0.014, 0.025, 0.01, 0, 0.01, 0.001, 0.021
Node_Pate51_Pate53_0, 0.022, 0, 0.03, 0.041, 0.022, 0, 0.022, 0.005, 0.042
Node_Pate54_Pate31_0, 0.021, 0.001, 0.033, 0.036, 0.021, 0, 0.021, 0.009, 0.026
Node_Pate9_Pate36_0, 0.007, 0, 0.032, 0.031, 0.007, 0, 0.007, 0.002, 0.024
Node_Plan17_Plan23_0, 0.011, 0, 0.041, 0.043, 0.011, 0, 0.011, 0.003, 0.041
Node_Plan22_Plan2_0, 0.45, 0, 0.882, 0.166, 0.38, 0, 0.45, 0.13, 0.354
Node_Plan22_Plan4_0, 0.978, 0.004, 0.113, 0.184, 0.765, 0, 0.978, 0.648, 0.348
Node_Plan26_Plan21_0, 1.623, 0.011, 0.104, 0.453, 0.995, 0, 1.623, 0.757, 0.866
Node_Plan26_Plan5_0, 1.808, 0.002, 0.031, 0.133, 0.997, 0, 1.808, 1.603, 0.214
Node_Plan30_Plan14_0, 0.551, 0.032, 0.064, 0.144, 0.447, 0, 0.551, 0.15, 0.382
Node_Plan31_Plan17_0, 0.011, 0, 0.056, 0.049, 0.011, 0, 0.011, 0.004, 0.021
Node_Plan31_Plan18_0, 0.296, 0.001, 0.644, 0.321, 0.269, 0, 0.296, 0.227, 0.073
Node_Plan31_Plan27_0, 0.046, 0, 0.359, 0.128, 0.045, 0, 0.046, 0.041, 0.016
Node_Plan31_Plan39_0, 0.389, 0.005, 0.109, 0.241, 0.355, 0, 0.389, 0.195, 0.197
Node_Plan32_Plan12_0, 0.022, 0, 0.074, 0.061, 0.022, 0, 0.022, 0.007, 0.047
Node_Plan32_Plan22_0, 0.739, 0.006, 0.195, 0.171, 0.645, 0, 0.739, 0.662, 0.078
Node_Plan32_Plan26_0, 0.85, 0.017, 0.173, 0.475, 0.68, 0, 0.85, 0.631, 0.201
Node_Plan32_Plan30_0, 0.201, 0.004, 0.675, 0.129, 0.184, 0, 0.201, 0.078, 0.133
Node_Plan32_Plan3_0, 0.049, 0, 0.207, 0.08, 0.048, 0, 0.049, 0.024, 0.055
Node_Plan33_Plan44_0, 0.291, 0.001, 0.305, 0.114, 0.282, 0, 0.291, 0.116, 0.188
Node_Plan42_Plan40_0, 1.739, 0, 0.223, 0.072, 1, 0, 1.739, 1.701, 0.062
Node_Plan43_Plan16_0, 1.06, 0.005, 0.188, 0.097, 0.998, 0, 1.06, 0.225, 0.836
Node_Plan43_Plan31_0, 0.866, 0.018, 0.168, 0.447, 0.639, 0, 0.866, 0.765, 0.08
Node_Plan43_Plan32_0, 0.805, 0.018, 0.197, 0.446, 0.617, 0, 0.805, 0.668, 0.118
Node_Plan43_Plan33_0, 0.407, 0.003, 0.58, 0.253, 0.347, 0, 0.407, 0.234, 0.179
Node_Plan43_Plan42_0, 1.9, 0.699, 0.054, 0.157, 0.999, 0, 1.9, 0.334, 0.195
Node_Plan43_Plan7_0, 0.936, 0.013, 1.551, 0.716, 0.663, 0, 0.936, 0.884, 0.037
Node_Plan43_Verr11_0, 2.437, 0.062, 0.438, 0.646, 0.994, 0, 2.437, 2.291, 0.037
Node_Pori1_Pori2_0, 1.122, 0.015, 1.111, 1.002, 0.999, 0, 1.122, 0.388, 0.748
Node_ProtA11_ProtA32_0, 1.453, 0.007, 0.275, 0.167, 0.992, 0, 1.453, 1.125, 0.346
Node_ProtA12_ProtA44_0, 0.018, 0, 0.041, 0.041, 0.017, 0, 0.018, 0.005, 0.031
Node_ProtA12_ProtA54_0, 0.013, 0, 0.027, 0.029, 0.013, 0, 0.013, 0.006, 0.022
Node_ProtA13_ProtA24_0, 1.088, 0.003, 0.088, 0.191, 0.935, 0, 1.088, 0.856, 0.256
Node_ProtA13_ProtA61_0, 1.113, 0.003, 0.142, 0.191, 0.904, 0, 1.113, 0.963, 0.164
Node_ProtA13_ProtA77_0, 1.301, 0.007, 0.59, 0.19, 0.867, 0, 1.301, 1.16, 0.147
Node_ProtA13_ProtA7_0, 0.917, 0.003, 0.451, 0.211, 0.787, 0, 0.917, 0.872, 0.064
Node_ProtA15_ProtA42_0, 1.047, 0.005, 0.512, 0.317, 0.983, 0, 1.047, 1.022, 0.042
Node_ProtA15_ProtA70_0, 1.512, 0.009, 0.23, 0.348, 0.989, 0, 1.512, 1.437, 0.075
Node_ProtA16_ProtA33_0, 0.055, 0.001, 0.463, 0.116, 0.053, 0, 0.055, 0.042, 0.036
Node_ProtA16_ProtA66_0, 0.017, 0, 0.072, 0.063, 0.017, 0, 0.017, 0.006, 0.034
Node_ProtA16_ProtA69_0, 1.607, 0.005, 0.384, 0.297, 0.894, 0, 1.607, 1.526, 0.093
Node_ProtA16_ProtA8_0, 0.481, 0.002, 1.226, 0.33, 0.423, 0, 0.481, 0.405, 0.098
Node_ProtA18_ProtA10_0, 0.986, 0, 0.097, 0.065, 0.954, 0, 0.986, 0.955, 0.05
Node_ProtA18_ProtA19_0, 2.133, 0.079, 0.196, 0.597, 1, 0, 2.133, 1.922, 0.077
Node_ProtA18_ProtA29_0, 1.033, 0, 0.935, 0.203, 0.947, 0, 1.033, 1.017, 0.021
Node_ProtA18_ProtA53_0, 1.947, 0.007, 0.285, 0.233, 0.998, 0, 1.947, 1.854, 0.092
Node_ProtA19_ProtA14_0, 0.165, 0.003, 0.199, 0.152, 0.153, 0, 0.165, 0.111, 0.067
Node_ProtA19_ProtA20_0, 1.343, 0.035, 0.913, 0.118, 0.997, 0, 1.343, 1.202, 0.088
Node_ProtA19_ProtA3_0, 0.316, 0.002, 0.09, 0.084, 0.295, 0, 0.316, 0.097, 0.239
Node_ProtA19_ProtA46_0, 0.038, 0.001, 0.315, 0.097, 0.038, 0, 0.038, 0.028, 0.053
Node_ProtA19_ProtA49_0, 0.014, 0, 0.074, 0.073, 0.014, 0, 0.014, 0.005, 0.05
Node_ProtA19_ProtA56_0, 1.175, 0.005, 0.267, 0.105, 0.992, 0, 1.175, 1.088, 0.094
Node_ProtA19_ProtA68_0, 0.133, 0.002, 0.303, 0.097, 0.125, 0, 0.133, 0.039, 0.118
Node_ProtA19_ProtA74_0, 0.299, 0, 0.103, 0.126, 0.29, 0, 0.299, 0.055, 0.269
Node_ProtA19_ProtA75_0, 0.294, 0.012, 1.053, 0.176, 0.27, 0, 0.294, 0.138, 0.16
Node_ProtA20_ProtA11_0, 1.375, 0.017, 0.103, 0.092, 0.993, 0, 1.375, 1.243, 0.118
Node_ProtA20_ProtA5_0, 0.486, 0.08, 1.162, 0.158, 0.376, 0, 0.486, 0.188, 0.193
Node_ProtA26_ProtA37_0, 0.107, 0, 0.087, 0.102, 0.101, 0, 0.107, 0.041, 0.079
Node_ProtA26_ProtA45_0, 0.115, 0.002, 0.878, 0.231, 0.111, 0, 0.115, 0.091, 0.033
Node_ProtA27_ProtA21_0, 0.042, 0, 0.157, 0.102, 0.042, 0, 0.042, 0.034, 0.026
Node_ProtA30_ProtA35_0, 0.015, 0, 0.069, 0.045, 0.015, 0, 0.015, 0.007, 0.023
Node_ProtA34_Acid38_0, 4.045, 0.279, 0.39, 0.933, 1, 0, 4.045, 3.442, 0.109
Node_ProtA34_Chry1_0, 4.047, 0.156, 1.16, 1.216, 1, 0, 4.047, 3.733, 0.031
Node_ProtA34_DesuB4_0, 2.895, 0.023, 0.344, 0.692, 0.992, 0, 2.895, 2.759, 0.105
Node_ProtA34_DesuC2_0, 1.899, 0.013, 1.115, 0.544, 0.939, 0, 1.899, 1.779, 0.106
Node_ProtA34_J088X1_0, 1.067, 0.01, 0.988, 0.448, 0.843, 0, 1.067, 0.914, 0.146
Node_ProtA34_Nitr14_0, 3.892, 0.09, 0.327, 0.724, 1, 0, 3.892, 3.654, 0.084
Node_ProtA34_ProtA13_0, 1.737, 0.005, 0.223, 0.175, 0.982, 0, 1.737, 1.676, 0.062
Node_ProtA34_ProtA16_0, 1.893, 0.039, 0.292, 0.339, 0.998, 0, 1.893, 1.71, 0.131
Node_ProtA34_ProtA18_0, 2.173, 0.882, 0.049, 0.384, 1, 0, 2.173, 0.481, 0.168
Node_ProtA34_ProtA26_0, 0.958, 0.023, 0.081, 0.162, 0.899, 0, 0.958, 0.88, 0.046
Node_ProtA34_ProtA38_0, 2.015, 0.407, 0.828, 0.415, 1, 0, 2.015, 1.058, 0.263
Node_ProtA34_ProtA39_0, 1.172, 0.159, 0.037, 0.194, 0.943, 0, 1.172, 0.794, 0.092
Node_ProtA34_ProtA40_0, 1.086, 0.004, 0.722, 0.169, 0.828, 0, 1.086, 1.036, 0.067
Node_ProtA34_ProtA43_0, 0.775, 0.002, 0.392, 0.108, 0.757, 0, 0.775, 0.715, 0.079
Node_ProtA34_ProtA9_0, 0.97, 0.011, 0.072, 0.145, 0.887, 0, 0.97, 0.89, 0.066
Node_ProtA34_ProtG30_0, 1.207, 0.017, 0.1, 0.497, 0.968, 0, 1.207, 0.966, 0.223
Node_ProtA34_ProtM1_0, 1.201, 0.018, 0.172, 0.272, 0.914, 0, 1.201, 1.031, 0.148
Node_ProtA34_SAR3X2_0, 3.252, 0.17, 0.978, 0.825, 0.992, 0, 3.252, 2.825, 0.168
Node_ProtA34_SM23X1_0, 5.02, 0.594, 0.267, 2.33, 1, 0, 5.02, 3.929, 0.056
Node_ProtA34_Spir10_0, 4.637, 1.196, 0.376, 2.232, 1, 0.001, 4.637, 2.692, 0.027
Node_ProtA34_UBA2X1_0, 3.111, 0.088, 0.519, 0.986, 0.993, 0, 3.111, 2.678, 0.29
Node_ProtA34_Wall1_0, 3.789, 2.922, 0.132, 5.832, 0.999, 0.999, 3.789, 0.004, 0
Node_ProtA34_mitoFungi_0, 0.965, 0.005, 0.267, 0.241, 0.889, 0, 0.965, 0.941, 0.026
Node_ProtA38_ProtA15_0, 1.658, 0.136, 0.541, 0.316, 0.997, 0, 1.658, 1.363, 0.048
Node_ProtA38_ProtA41_0, 1.683, 0.002, 0.073, 0.164, 1, 0, 1.683, 1.607, 0.084
Node_ProtA38_ProtA64_0, 1.67, 0.425, 0.459, 0.327, 1, 0, 1.67, 0.806, 0.046
Node_ProtA39_ProtA12_0, 0.028, 0, 0.055, 0.042, 0.028, 0, 0.028, 0.021, 0.022
Node_ProtA39_ProtA27_0, 0.173, 0, 1.017, 0.243, 0.172, 0, 0.173, 0.162, 0.018
Node_ProtA39_ProtA30_0, 0.061, 0.001, 0.138, 0.091, 0.059, 0, 0.061, 0.05, 0.025
Node_ProtA39_ProtA36_0, 0.014, 0, 0.035, 0.039, 0.014, 0, 0.014, 0.005, 0.021
Node_ProtA3_ProtA72_0, 1.175, 0.002, 0.061, 0.057, 1, 0, 1.175, 1.013, 0.181
Node_ProtA3_ProtA76_0, 1.053, 0.003, 0.086, 0.064, 0.998, 0, 1.053, 0.248, 0.82
Node_ProtA40_ProtA67_0, 0.415, 0.003, 0.786, 0.117, 0.41, 0, 0.415, 0.325, 0.112
Node_ProtA46_ProtA55_0, 0.014, 0, 0.062, 0.044, 0.014, 0, 0.014, 0.004, 0.038
Node_ProtA47_ProtA63_0, 1.024, 0.002, 0.132, 0.067, 1, 0, 1.024, 1.014, 0.033
Node_ProtA53_ProtA58_0, 1.919, 0.005, 0.066, 0.205, 0.997, 0, 1.919, 1.9, 0.033
Node_ProtA56_ProtA52_0, 1.103, 0.002, 0.163, 0.152, 1, 0, 1.103, 1.034, 0.089
Node_ProtA68_ProtA2_0, 0.412, 0.001, 0.112, 0.121, 0.363, 0, 0.412, 0.057, 0.39
Node_ProtA69_ProtA50_0, 1.724, 0.006, 0.234, 0.39, 0.923, 0, 1.724, 1.398, 0.345
Node_ProtA70_ProtA57_0, 0.751, 0.006, 1.001, 0.346, 0.601, 0, 0.751, 0.533, 0.234
Node_ProtA76_ProtA47_0, 1.121, 0.011, 0.746, 0.102, 1, 0, 1.121, 1.017, 0.123
Node_ProtA76_ProtA48_0, 1.733, 0.692, 0.066, 0.07, 1, 0, 1.733, 0.32, 0.054
Node_ProtA76_ProtA62_0, 1.362, 0.024, 0.069, 1.136, 1, 0, 1.362, 1.077, 0.286
Node_ProtA76_ProtA71_0, 1.045, 0.002, 0.353, 0.146, 1, 0, 1.045, 1.034, 0.034
Node_ProtA77_ProtA31_0, 0.764, 0.007, 0.797, 0.274, 0.614, 0, 0.764, 0.525, 0.253
Node_ProtA77_ProtA51_0, 1.064, 0.007, 0.547, 0.434, 1, 0, 1.064, 0.255, 0.84
Node_ProtA9_ProtA60_0, 0.412, 0.001, 0.855, 0.272, 0.364, 0, 0.412, 0.128, 0.296
Node_ProtG12_ProtG5_0, 1.24, 0.007, 0.282, 0.451, 0.967, 0, 1.24, 1.04, 0.215
Node_ProtG16_ProtG17_0, 0.025, 0, 0.087, 0.063, 0.024, 0, 0.025, 0.015, 0.028
Node_ProtG18_ProtG10_0, 1.307, 0.166, 0.051, 0.152, 0.999, 0, 1.307, 0.955, 0.045
Node_ProtG18_ProtG12_0, 1.3, 0.032, 0.162, 0.49, 0.971, 0, 1.3, 1.156, 0.123
Node_ProtG18_ProtG14_0, 1.147, 0.068, 0.061, 0.066, 1, 0, 1.147, 0.991, 0.035
Node_ProtG18_ProtG21_0, 0.601, 0.031, 0.882, 0.759, 0.568, 0, 0.601, 0.435, 0.152
Node_ProtG24_ProtG18_0, 1.105, 0.069, 0.213, 0.86, 0.998, 0, 1.105, 0.945, 0.055
Node_ProtG25_ProtG9_0, 0.628, 0.003, 0.102, 0.255, 0.619, 0, 0.628, 0.543, 0.112
Node_ProtG29_ProtG76_0, 0.006, 0, 0.024, 0.025, 0.006, 0, 0.006, 0.002, 0.019
Node_ProtG30_ProtG19_0, 0.016, 0, 0.095, 0.046, 0.015, 0, 0.016, 0.004, 0.033
Node_ProtG30_ProtG31_0, 0.333, 0.004, 0.22, 0.16, 0.302, 0, 0.333, 0.121, 0.213
Node_ProtG30_ProtG34_0, 0.102, 0.003, 0.257, 0.122, 0.094, 0, 0.102, 0.083, 0.023
Node_ProtG30_ProtG35_0, 0.059, 0.001, 0.077, 0.08, 0.056, 0, 0.059, 0.041, 0.033
Node_ProtG30_ProtG39_0, 0.078, 0.002, 0.043, 0.055, 0.075, 0, 0.078, 0.013, 0.092
Node_ProtG30_ProtG42_0, 0.112, 0, 0.109, 0.045, 0.11, 0, 0.112, 0.04, 0.078
Node_ProtG30_ProtG49_0, 0.025, 0, 0.042, 0.038, 0.023, 0, 0.025, 0.016, 0.02
Node_ProtG30_ProtG50_0, 0.336, 0.001, 0.024, 0.09, 0.306, 0, 0.336, 0.097, 0.247
Node_ProtG30_ProtG64_0, 0.027, 0, 0.033, 0.03, 0.027, 0, 0.027, 0.008, 0.033
Node_ProtG30_ProtG71_0, 0.101, 0.004, 1.025, 0.068, 0.094, 0, 0.101, 0.074, 0.028
Node_ProtG30_ProtG80_0, 0.069, 0.002, 0.083, 0.062, 0.066, 0, 0.069, 0.029, 0.049
Node_ProtG30_ProtG84_0, 0.047, 0, 0.049, 0.047, 0.047, 0, 0.047, 0.024, 0.037
Node_ProtG30_ProtG85_0, 0.143, 0.001, 0.024, 0.068, 0.14, 0, 0.143, 0.049, 0.097
Node_ProtG30_ProtG87_0, 0.027, 0, 0.029, 0.029, 0.026, 0, 0.027, 0.009, 0.031
Node_ProtG30_ProtZ3_0, 1.094, 0.002, 0.044, 0.059, 0.998, 0, 1.094, 1.081, 0.019
Node_ProtG30_ProtZ5_0, 1.117, 0.01, 0.156, 0.139, 0.999, 0, 1.117, 1.051, 0.056
Node_ProtG31_ProtG16_0, 0.084, 0, 0.279, 0.138, 0.082, 0, 0.084, 0.074, 0.022
Node_ProtG31_ProtG32_0, 0.666, 0.017, 0.039, 0.238, 0.572, 0, 0.666, 0.298, 0.355
Node_ProtG31_ProtG36_0, 0.964, 0.004, 0.055, 0.105, 0.786, 0, 0.964, 0.853, 0.116
Node_ProtG31_ProtG44_0, 0.029, 0, 0.085, 0.075, 0.029, 0, 0.029, 0.018, 0.03
Node_ProtG31_ProtG45_0, 0.899, 0.022, 0.066, 0.303, 0.75, 0, 0.899, 0.609, 0.277
Node_ProtG31_ProtG47_0, 0.341, 0.007, 0.125, 0.209, 0.299, 0, 0.341, 0.258, 0.098
Node_ProtG31_ProtG61_0, 0.361, 0.007, 0.687, 0.195, 0.309, 0, 0.361, 0.288, 0.077
Node_ProtG32_ProtG26_0, 0.431, 0.003, 0.057, 0.17, 0.392, 0, 0.431, 0.106, 0.354
Node_ProtG32_ProtG33_0, 0.482, 0.001, 0.274, 0.194, 0.429, 0, 0.482, 0.411, 0.089
Node_ProtG32_ProtG37_0, 0.343, 0.001, 0.207, 0.093, 0.322, 0, 0.343, 0.291, 0.067
Node_ProtG32_ProtG43_0, 0.131, 0.001, 0.307, 0.095, 0.125, 0, 0.131, 0.054, 0.094
Node_ProtG33_ProtG48_0, 0.354, 0.006, 0.197, 0.128, 0.333, 0, 0.354, 0.276, 0.085
Node_ProtG33_ProtG67_0, 0.46, 0.004, 0.122, 0.124, 0.402, 0, 0.46, 0.373, 0.096
Node_ProtG33_ProtG7_0, 0.038, 0, 0.347, 0.077, 0.037, 0, 0.038, 0.024, 0.031
Node_ProtG35_ProtG81_0, 0.019, 0, 0.062, 0.04, 0.018, 0, 0.019, 0.011, 0.022
Node_ProtG36_ProtG20_0, 0.327, 0.001, 1.062, 0.209, 0.322, 0, 0.327, 0.124, 0.227
Node_ProtG36_ProtG24_0, 1.194, 0.031, 0.036, 0.21, 0.976, 0, 1.194, 0.914, 0.24
Node_ProtG36_ProtG38_0, 0.959, 0.007, 0.116, 0.13, 0.825, 0, 0.959, 0.852, 0.104
Node_ProtG36_ProtG65_0, 1.161, 0.002, 0.179, 0.156, 0.902, 0, 1.161, 1.036, 0.144
Node_ProtG37_ProtG41_0, 0.032, 0.001, 0.437, 0.082, 0.031, 0, 0.032, 0.016, 0.045
Node_ProtG37_ProtG51_0, 0.012, 0, 0.055, 0.054, 0.012, 0, 0.012, 0.004, 0.035
Node_ProtG37_ProtG53_0, 0.303, 0, 0.097, 0.061, 0.296, 0, 0.303, 0.267, 0.057
Node_ProtG37_ProtG8_0, 0.423, 0.001, 0.046, 0.049, 0.415, 0, 0.423, 0.267, 0.165
Node_ProtG38_ProtG28_0, 0.056, 0, 0.923, 0.113, 0.056, 0, 0.056, 0.05, 0.02
Node_ProtG38_ProtG46_0, 0.021, 0, 0.063, 0.064, 0.021, 0, 0.021, 0.013, 0.028
Node_ProtG39_ProtG15_0, 0.275, 0.003, 0.04, 0.094, 0.272, 0, 0.275, 0.065, 0.234
Node_ProtG41_ProtG40_0, 0.017, 0, 0.065, 0.066, 0.017, 0, 0.017, 0.005, 0.05
Node_ProtG42_ProtG74_0, 0.013, 0, 0.115, 0.035, 0.013, 0, 0.013, 0.007, 0.016
Node_ProtG43_ProtG55_0, 0.03, 0, 0.152, 0.085, 0.03, 0, 0.03, 0.012, 0.051
Node_ProtG44_ProtG22_0, 0.006, 0, 0.049, 0.044, 0.006, 0, 0.006, 0.002, 0.026
Node_ProtG45_ProtG66_0, 0.579, 0.005, 0.367, 0.26, 0.531, 0, 0.579, 0.539, 0.042
Node_ProtG45_ProtG75_0, 0.494, 0.003, 0.116, 0.273, 0.49, 0, 0.494, 0.477, 0.028
Node_ProtG47_ProtG62_0, 0.551, 0.007, 0.055, 0.267, 0.475, 0, 0.551, 0.298, 0.258
Node_ProtG48_ProtG1_0, 0.539, 0.002, 0.047, 0.092, 0.482, 0, 0.539, 0.321, 0.23
Node_ProtG48_ProtG25_0, 0.615, 0.006, 0.405, 0.132, 0.574, 0, 0.615, 0.152, 0.475
Node_ProtG48_ProtG6_0, 0.622, 0, 0.106, 0.092, 0.605, 0, 0.622, 0.535, 0.113
Node_ProtG49_ProtG29_0, 0.011, 0, 0.028, 0.024, 0.011, 0, 0.011, 0.006, 0.014
Node_ProtG53_ProtG27_0, 0.02, 0, 0.315, 0.053, 0.02, 0, 0.02, 0.01, 0.032
Node_ProtG53_ProtG70_0, 0.011, 0, 0.045, 0.046, 0.011, 0, 0.011, 0.004, 0.036
Node_ProtG58_ProtG59_0, 1.144, 0.004, 0.136, 0.253, 0.828, 0, 1.144, 1.045, 0.113
Node_ProtG59_ProtG73_0, 0.58, 0.007, 0.727, 0.326, 0.563, 0, 0.58, 0.443, 0.156
Node_ProtG61_ProtG60_0, 0.013, 0, 0.224, 0.104, 0.013, 0, 0.013, 0.005, 0.026
Node_ProtG61_ProtG72_0, 0.243, 0.005, 0.247, 0.183, 0.228, 0, 0.243, 0.129, 0.124
Node_ProtG61_ProtG78_0, 0.211, 0.001, 0.197, 0.175, 0.204, 0, 0.211, 0.056, 0.164
Node_ProtG62_ProtG77_0, 0.054, 0, 0.54, 0.234, 0.052, 0, 0.054, 0.045, 0.043
Node_ProtG65_ProtG69_0, 1.175, 0.003, 0.161, 0.168, 0.908, 0, 1.175, 1.03, 0.172
Node_ProtG66_ProtG68_0, 0.292, 0, 0.487, 0.25, 0.283, 0, 0.292, 0.106, 0.2
Node_ProtG67_ProtG63_0, 0.487, 0.001, 0.296, 0.122, 0.417, 0, 0.487, 0.186, 0.322
Node_ProtG80_ProtG57_0, 0.01, 0, 0.083, 0.041, 0.01, 0, 0.01, 0.005, 0.024
Node_ProtG81_ProtG79_0, 0.003, 0, 0.035, 0.033, 0.003, 0, 0.003, 0.003, 0.019
Node_ProtG83_ProtG52_0, 1.002, 0.015, 0.05, 0.196, 0.967, 0, 1.002, 0.325, 0.683
Node_ProtG83_ProtG89_0, 0.354, 0.004, 0.067, 0.147, 0.344, 0, 0.354, 0.108, 0.262
Node_ProtG84_ProtG11_0, 0.201, 0.001, 0.136, 0.186, 0.194, 0, 0.201, 0.046, 0.181
Node_ProtG84_ProtG83_0, 0.155, 0.002, 0.027, 0.07, 0.143, 0, 0.155, 0.043, 0.12
Node_ProtG84_ProtG90_0, 0.06, 0, 0.034, 0.035, 0.057, 0, 0.06, 0.025, 0.047
Node_ProtG85_ProtG56_0, 1.983, 0.022, 0.67, 0.576, 0.999, 0, 1.983, 0.824, 1.158
Node_ProtG85_ProtG58_0, 1.163, 0.016, 0.053, 0.47, 0.815, 0, 1.163, 0.109, 1.057
Node_ProtG85_ProtG86_0, 1.958, 0.003, 0.069, 0.133, 0.999, 0, 1.958, 1.928, 0.041
Node_ProtG85_ProtG88_0, 1.473, 0.004, 0.051, 0.19, 0.887, 0, 1.473, 1.134, 0.357
Node_ProtG85_ProtG91_0, 1.034, 0.003, 0.988, 0.362, 0.971, 0, 1.034, 1.008, 0.061
Node_ProtG86_ProtG82_0, 0.992, 0.006, 1.025, 0.154, 0.974, 0, 0.992, 0.963, 0.053
Node_ProtG87_ProtG3_0, 0.013, 0, 0.042, 0.045, 0.013, 0, 0.013, 0.003, 0.033
Node_ProtG87_ProtG4_0, 0.022, 0, 0.046, 0.052, 0.022, 0, 0.022, 0.007, 0.041
Node_ProtG89_ProtG13_0, 0.153, 0.001, 0.34, 0.119, 0.149, 0, 0.153, 0.043, 0.138
Node_ProtG90_ProtG54_0, 0.016, 0, 0.068, 0.047, 0.016, 0, 0.016, 0.007, 0.024
Node_ProtM1_ProtM2_0, 1.449, 0.008, 0.118, 0.247, 1, 0, 1.449, 1.122, 0.333
Node_ProtM1_ProtM3_0, 1.226, 0.384, 0.847, 0.465, 0.756, 0, 1.226, 0.256, 0.488
Node_ProtZ1_ProtZ4_0, 1.018, 0, 0.04, 0.044, 1, 0, 1.018, 1.005, 0.037
Node_ProtZ3_ProtZ1_0, 1.021, 0.002, 0.051, 0.043, 1, 0, 1.021, 1.002, 0.045
Node_ProtZ3_ProtZ2_0, 1.025, 0.004, 0.113, 0.085, 1, 0, 1.025, 1.005, 0.04
Node_SAR3X2_BMS3X1_0, 0.954, 0.007, 2.365, 0.83, 0.69, 0, 0.954, 0.891, 0.06
Node_SAR3X2_SAR3X1_0, 0.566, 0.003, 0.505, 0.339, 0.533, 0, 0.566, 0.469, 0.114
Node_SM23X1_AABM5X1_0, 0.099, 0, 0.09, 0.091, 0.096, 0, 0.099, 0.063, 0.039
Node_SM23X1_Aero1_0, 4.79, 0.466, 0.753, 1.881, 1, 0, 4.79, 3.889, 0.057
Node_SM23X1_Bact27_0, 0.15, 0.002, 0.338, 0.195, 0.141, 0, 0.15, 0.126, 0.028
Node_SM23X1_Caldit2_0, 0.054, 0.001, 0.081, 0.045, 0.051, 0, 0.054, 0.029, 0.035
Node_SM23X1_Fibr4_0, 0.458, 0.01, 0.413, 0.354, 0.393, 0, 0.458, 0.338, 0.116
Node_SM23X1_Hydr2_0, 3.454, 0.091, 1.46, 1.897, 0.998, 0, 3.454, 3.27, 0.033
Node_SM23X1_KSB1X2_0, 0.047, 0, 0.04, 0.042, 0.046, 0, 0.047, 0.021, 0.033
Node_SM23X1_KSB1X3_0, 0.083, 0, 0.032, 0.042, 0.081, 0, 0.083, 0.027, 0.068
Node_SM23X1_P4572X1_0, 0.715, 0.014, 0.077, 0.173, 0.539, 0, 0.715, 0.572, 0.128
Node_SM23X1_Pori1_0, 1.47, 0.016, 2.01, 1.387, 0.821, 0, 1.47, 1.447, 0.01
Node_SM23X1_RBG1_0, 0.786, 0.01, 0.71, 0.547, 0.576, 0, 0.786, 0.759, 0.016
Node_SM23X1_TA06X1_0, 0.65, 0.004, 0.179, 0.248, 0.505, 0, 0.65, 0.61, 0.039
Node_SM23X1_Zixi5_0, 0.745, 0.017, 0.193, 0.234, 0.593, 0, 0.745, 0.522, 0.206
Node_Spir10_Lind1_0, 2.633, 0.037, 2.055, 1.289, 0.998, 0, 2.633, 2.565, 0.014
Node_Spir10_Spir11_0, 1.097, 0.014, 0.463, 0.638, 0.876, 0, 1.097, 1.078, 0.008
Node_Spir10_Spir12_0, 0.964, 0.008, 0.157, 0.356, 0.86, 0, 0.964, 0.936, 0.016
Node_Spir10_Spir13_0, 1.03, 0.01, 0.114, 0.286, 1, 0, 1.03, 0.891, 0.144
Node_Spir10_Spir15_0, 1.538, 0.018, 1.146, 1.268, 0.945, 0, 1.538, 1.489, 0.033
Node_Spir10_Spir3_0, 1.015, 0.007, 0.057, 0.386, 0.998, 0, 1.015, 0.993, 0.035
Node_Spir10_Spir8_0, 0.99, 0.007, 0.084, 0.29, 0.892, 0, 0.99, 0.883, 0.103
Node_Spir13_Spir2_0, 1.014, 0.004, 0.046, 0.038, 1, 0, 1.014, 1, 0.026
Node_Spir15_Spir4_0, 0.459, 0.006, 1.254, 0.745, 0.38, 0, 0.459, 0.288, 0.169
Node_Spir15_Spir9_0, 0.17, 0.001, 0.383, 0.247, 0.159, 0, 0.17, 0.085, 0.093
Node_Sume1_OLB1X1_0, 1.463, 0.015, 0.735, 0.696, 0.991, 0, 1.463, 1.315, 0.132
Node_Sume1_UBP4X1_0, 1.216, 0.014, 0.936, 0.64, 0.997, 0, 1.216, 0.535, 0.675
Node_Syne1_Calda2_0, 0.94, 0.016, 0.853, 0.474, 0.726, 0, 0.94, 0.877, 0.044
Node_Syne1_Cyan40_0, 2.714, 0.1, 0.323, 0.816, 0.999, 0, 2.714, 2.477, 0.053
Node_Syne1_Dein5_0, 1.733, 0.225, 1.237, 0.826, 0.993, 0, 1.733, 1.273, 0.031
Node_Syne1_Syne2_0, 1.65, 0.003, 0.272, 0.239, 0.957, 0, 1.65, 1.589, 0.07
Node_Syne1_Syne4_0, 1.949, 0.566, 0.297, 1.3, 0.986, 0, 1.949, 0.47, 0.45
Node_Syne1_Syne6_0, 2.359, 0.034, 0.181, 0.68, 0.999, 0, 2.359, 1.78, 0.557
Node_Syne1_Syne7_0, 1.849, 0.009, 0.62, 0.329, 0.996, 0, 1.849, 1.752, 0.101
Node_Syne1_Syne9_0, 1.23, 0.035, 0.219, 0.334, 0.934, 0, 1.23, 0.712, 0.474
Node_Syne2_Syne8_0, 0.863, 0.006, 0.899, 0.306, 0.801, 0, 0.863, 0.77, 0.106
Node_Syne4_Syne5_0, 1.362, 0.004, 0.977, 0.285, 1, 0, 1.362, 0.985, 0.386
Node_Syne7_Syne10_0, 1.038, 0, 0.849, 0.215, 0.98, 0, 1.038, 1.027, 0.038
Node_Syne8_Syne3_0, 0.278, 0, 0.772, 0.226, 0.264, 0, 0.278, 0.123, 0.187
Node_TA06X1_Cloa1_0, 0.059, 0, 0.596, 0.169, 0.057, 0, 0.059, 0.058, 0.005
Node_TA06X1_Edwa1_0, 0.019, 0.001, 0.048, 0.035, 0.019, 0, 0.019, 0.016, 0.007
Node_TA06X1_WOR1_0, 0.008, 0, 0.022, 0.023, 0.008, 0, 0.008, 0.004, 0.011
Node_Therd1_Dict1_0, 0.757, 0.009, 0.639, 0.566, 0.702, 0, 0.757, 0.737, 0.017
Node_Therg2_Therg4_0, 1.025, 0.026, 0.516, 0.789, 0.999, 0, 1.025, 0.91, 0.115
Node_Therg3_Therg5_0, 1.481, 0.001, 0.214, 0.039, 1, 0, 1.481, 1.349, 0.147
Node_Therg8_Therg2_0, 1.4, 0.355, 0.114, 0.466, 0.953, 0, 1.4, 0.551, 0.238
Node_Therg8_Therg3_0, 1.547, 0.138, 0.076, 0.054, 0.953, 0, 1.547, 1.208, 0.085
Node_Therg8_Therg6_0, 1.024, 0.001, 0.698, 0.098, 0.885, 0, 1.024, 0.873, 0.174
Node_Thers1_Desua45_0, 0.232, 0, 0.131, 0.12, 0.223, 0, 0.232, 0.122, 0.122
Node_UBA1X2_UBA1X3_0, 0.36, 0.001, 0.283, 0.206, 0.338, 0, 0.36, 0.14, 0.229
Node_UBA1X2_UBA1X5_0, 0.058, 0, 0.336, 0.177, 0.058, 0, 0.058, 0.045, 0.034
Node_UBA1X5_UBA1X4_0, 0.017, 0, 0.077, 0.064, 0.017, 0, 0.017, 0.005, 0.036
Node_UBA1X6_UBA1X1_0, 1.026, 0.01, 0.145, 0.444, 0.999, 0, 1.026, 0.304, 0.748
Node_UBA1X6_UBA1X2_0, 0.413, 0.011, 0.49, 0.221, 0.366, 0, 0.413, 0.202, 0.213
Node_UBA2X1_DesuD2_0, 1.184, 0.02, 1.144, 0.908, 0.772, 0, 1.184, 1.1, 0.055
Node_UBA2X1_Desua22_0, 2.253, 0.065, 1.092, 0.871, 0.966, 0, 2.253, 1.984, 0.169
Node_UBA2X1_Desua28_0, 0.782, 0.008, 0.533, 0.554, 0.602, 0, 0.782, 0.653, 0.123
Node_UBA2X1_SZUA2_0, 0.632, 0.004, 0.314, 0.323, 0.525, 0, 0.632, 0.473, 0.16
Node_UBA6X1_Desa1_0, 2.391, 0.058, 0.464, 1.512, 0.995, 0, 2.391, 2.153, 0.153
Node_UBA6X1_Elus1_0, 2.665, 0.016, 0.2, 0.56, 0.997, 0, 2.665, 2.187, 0.458
Node_UBA6X1_Gold1_0, 2.644, 0.455, 1.313, 1.737, 0.995, 0, 2.644, 1.719, 0.105
Node_UBA9X1_UBA9X3_0, 1.049, 0.007, 0.982, 0.663, 0.854, 0, 1.049, 1.015, 0.03
Node_UBA9X3_UBA9X2_0, 0.894, 0.004, 0.2, 0.249, 0.851, 0, 0.894, 0.858, 0.041
Node_Verr11_Aure2_0, 1.611, 0.022, 0.521, 0.404, 0.994, 0, 1.611, 1.299, 0.286
Node_Verr11_Aure3_0, 1.824, 0.015, 0.338, 0.456, 0.949, 0, 1.824, 1.706, 0.104
Node_Verr11_Omni4_0, 2.043, 0.09, 0.527, 0.527, 0.994, 0, 2.043, 1.825, 0.043
Node_Verr11_Verr12_0, 1.02, 0, 0.054, 0.051, 0.998, 0, 1.02, 1.006, 0.035
Node_Verr11_Verr14_0, 1.039, 0.001, 1.166, 0.086, 1, 0, 1.039, 1.024, 0.028
Node_Verr11_Verr7_0, 2.057, 0.022, 0.122, 0.493, 1, 0, 2.057, 1.393, 0.648
Node_Verr11_Verr8_0, 1.509, 0.028, 0.447, 0.508, 0.991, 0, 1.509, 1.162, 0.317
Node_Verr11_Verr9_0, 2.176, 0.008, 0.074, 0.096, 1, 0, 2.176, 2.002, 0.185
Node_Verr3_Verr10_0, 1.025, 0, 0.145, 0.144, 0.958, 0, 1.025, 0.961, 0.078
Node_Verr5_Verr6_0, 0.636, 0.075, 1.014, 0.506, 0.483, 0, 0.636, 0.157, 0.424
Node_Verr7_Verr13_0, 1.065, 0.003, 0.985, 0.024, 1, 0, 1.065, 1.053, 0.013
Node_Verr7_Verr2_0, 1.945, 0.891, 0.048, 0.085, 1, 0, 1.945, 0.159, 0.037
Node_Verr7_Verr4_0, 2.034, 0.041, 0.099, 0.065, 1, 0, 2.034, 1.938, 0.035
Node_Verr8_Verr3_0, 1.092, 0.007, 0.163, 0.238, 0.949, 0, 1.092, 0.999, 0.097
Node_Verr8_Verr5_0, 1.151, 0.005, 0.42, 0.347, 0.962, 0, 1.151, 1.095, 0.057
Node_WOR1_WOR2_0, 0.022, 0, 0.011, 0.023, 0.022, 0, 0.022, 0.005, 0.025
Node_WOR1_WOR3_0, 0.009, 0, 0.051, 0.03, 0.009, 0, 0.009, 0.005, 0.014
Node_WOR1_WOR6_0, 0.046, 0.002, 0.015, 0.045, 0.046, 0, 0.046, 0.015, 0.037
Node_WOR2_WOR4_0, 0.004, 0.001, 0.035, 0.03, 0.004, 0, 0.004, 0, 0.016
Node_WOR6_WOR7_0, 0.122, 0.001, 0.016, 0.075, 0.121, 0, 0.122, 0.04, 0.091
Node_Wall1_Fuso2_0, 0.37, 0.007, 2.521, 0.833, 0.328, 0, 0.37, 0.365, 0
Node_Wall1_Muir1_0, 0.106, 0.002, 0.134, 0.115, 0.102, 0, 0.106, 0.034, 0.075
Node_Wall1_Rifl1_0, 0.163, 0.005, 0.258, 0.238, 0.148, 0, 0.163, 0.112, 0.046
Node_Wall1_Syne1_0, 2.884, 0.048, 0.958, 1.072, 0.999, 0, 2.884, 2.801, 0.005
Node_Zixi2_Zixi1_0, 1.022, 0.012, 0.312, 0.32, 1, 0, 1.022, 0.872, 0.151
Node_Zixi4_Zixi2_0, 1.171, 0.007, 0.262, 0.31, 0.905, 0, 1.171, 0.886, 0.289
Node_Zixi4_Zixi3_0, 1.636, 0.005, 0.784, 0.419, 0.999, 0, 1.636, 0.41, 1.244
Node_Zixi5_Late2_0, 0.735, 0.01, 0.158, 0.343, 0.59, 0, 0.735, 0.589, 0.138
Node_Zixi5_TA06A1_0, 1.061, 0.022, 0.134, 0.675, 0.867, 0, 1.061, 0.531, 0.513
Node_Zixi5_UBP14X1_0, 0.66, 0.002, 0.271, 0.337, 0.565, 0, 0.66, 0.469, 0.194
Node_Zixi5_Zixi4_0, 1.137, 0.005, 0.151, 0.243, 0.874, 0, 1.137, 0.919, 0.222
Node_chloroArabidopsis_chloroBryophyte_0, 0.025, 0, 0.068, 0.086, 0.025, 0, 0.025, 0.004, 0.066
Node_chloroArabidopsis_chloroChlorophyta_0, 0.027, 0, 0.083, 0.057, 0.027, 0, 0.027, 0.013, 0.024
Node_chloroArabidopsis_chloroLycophyte_0, 0.02, 0, 0.041, 0.04, 0.019, 0, 0.02, 0.006, 0.036
Node_chloroArabidopsis_chloroRedAlgae_0, 0.086, 0, 0.847, 0.202, 0.085, 0, 0.086, 0.073, 0.029
Node_mitoAnnelida_mitoChelicerate_0, 0.026, 0, 0.067, 0.067, 0.025, 0, 0.026, 0.005, 0.054
Node_mitoAnnelida_mitoMollusc_0, 0.006, 0, 0.038, 0.047, 0.006, 0, 0.006, 0.002, 0.028
Node_mitoAnnelida_mitoPriapulid_0, 0.016, 0, 0.055, 0.057, 0.016, 0, 0.016, 0.004, 0.045
Node_mitoArabidopsis_mitoLycophyte_0, 0.016, 0, 0.041, 0.049, 0.016, 0, 0.016, 0.002, 0.039
Node_mitoBryophyte_mitoArabidopsis_0, 0.018, 0, 0.044, 0.057, 0.018, 0, 0.018, 0.004, 0.047
Node_mitoBryophyte_mitoChlorophyta_0, 0.015, 0, 0.033, 0.031, 0.015, 0, 0.015, 0.001, 0.032
Node_mitoBryophyte_mitoExcavata_0, 0.035, 0, 0.122, 0.088, 0.034, 0, 0.035, 0.025, 0.022
Node_mitoBryophyte_mitoParamecium_0, 0.016, 0, 0.04, 0.037, 0.016, 0, 0.016, 0.009, 0.021
Node_mitoBryophyte_mitoRedAlgae_0, 0.016, 0, 0.025, 0.026, 0.016, 0, 0.016, 0.005, 0.025
Node_mitoChelicerate_mitoInsect_0, 0.01, 0, 0.053, 0.046, 0.01, 0, 0.01, 0.001, 0.037
Node_mitoFungi_mitoAnnelida_0, 0.039, 0, 0.114, 0.068, 0.039, 0, 0.039, 0.033, 0.018
Node_mitoFungi_mitoBryophyte_0, 0.135, 0.001, 0.844, 0.245, 0.134, 0, 0.135, 0.131, 0.013
OLB1X1, 1, 0.006, 0.521, 0.398, 1, 0, 1, 0.984, 0.052
Omni2, 1, 0.003, 0.382, 0.129, 1, 0, 1, 1, 0.036
Omni3, 1, 0.007, 0.212, 0.421, 1, 0, 1, 0.182, 0.849
Omni4, 2, 0.002, 0.076, 0.468, 1, 0, 2, 1.305, 0.731
Omni6, 1, 0, 0.086, 0.077, 1, 0, 1, 1, 0.036
Omni7, 0, 0.001, 0.35, 0.124, 0, 0, 0, 0, 0.047
Omni8, 1, 0, 0.076, 0.062, 1, 0, 1, 1, 0.026
P4572X1, 0, 0, 0.195, 0.085, 0, 0, 0, 0, 0.033
Pate1, 0, 0, 0.059, 0.07, 0, 0, 0, 0, 0.048
Pate10, 0, 0, 0.05, 0.057, 0, 0, 0, 0, 0.041
Pate11, 0, 0, 0.058, 0.067, 0, 0, 0, 0, 0.049
Pate12, 0, 0, 0.052, 0.062, 0, 0, 0, 0, 0.04
Pate13, 0, 0.001, 0.356, 0.16, 0, 0, 0, 0, 0.054
Pate14, 0, 0, 0.077, 0.081, 0, 0, 0, 0, 0.06
Pate15, 0, 0, 0.053, 0.051, 0, 0, 0, 0, 0.04
Pate17, 0, 0, 0.06, 0.064, 0, 0, 0, 0, 0.049
Pate18, 0, 0, 0.063, 0.065, 0, 0, 0, 0, 0.049
Pate19, 0, 0, 0.064, 0.068, 0, 0, 0, 0, 0.048
Pate21, 0, 0.001, 0.053, 0.058, 0, 0, 0, 0, 0.047
Pate22, 0, 0.002, 0.071, 0.094, 0, 0, 0, 0, 0.062
Pate23, 0, 0, 0.131, 0.109, 0, 0, 0, 0, 0.055
Pate24, 0, 0, 0.071, 0.087, 0, 0, 0, 0, 0.055
Pate25, 0, 0, 0.049, 0.053, 0, 0, 0, 0, 0.038
Pate26, 0, 0, 0.061, 0.057, 0, 0, 0, 0, 0.049
Pate27, 0, 0, 0.06, 0.064, 0, 0, 0, 0, 0.045
Pate28, 0, 0, 0.065, 0.071, 0, 0, 0, 0, 0.054
Pate29, 0, 0, 0.049, 0.048, 0, 0, 0, 0, 0.036
Pate3, 0, 0, 0.06, 0.074, 0, 0, 0, 0, 0.055
Pate30, 0, 0, 0.063, 0.069, 0, 0, 0, 0, 0.048
Pate31, 0, 0, 0.073, 0.082, 0, 0, 0, 0, 0.052
Pate32, 0, 0, 0.048, 0.048, 0, 0, 0, 0, 0.04
Pate33, 0, 0, 0.055, 0.057, 0, 0, 0, 0, 0.045
Pate34, 1, 0.003, 0.069, 0.173, 1, 0, 1, 0.281, 0.765
Pate35, 0, 0, 0.07, 0.072, 0, 0, 0, 0, 0.053
Pate36, 0, 0, 0.058, 0.065, 0, 0, 0, 0, 0.051
Pate37, 0, 0, 0.058, 0.061, 0, 0, 0, 0, 0.042
Pate38, 0, 0, 0.048, 0.048, 0, 0, 0, 0, 0.034
Pate39, 0, 0, 0.063, 0.062, 0, 0, 0, 0, 0.047
Pate4, 0, 0, 0.059, 0.061, 0, 0, 0, 0, 0.049
Pate40, 0, 0, 0.062, 0.061, 0, 0, 0, 0, 0.047
Pate41, 0, 0, 0.062, 0.071, 0, 0, 0, 0, 0.055
Pate43, 0, 0, 0.06, 0.072, 0, 0, 0, 0, 0.048
Pate44, 0, 0, 0.044, 0.04, 0, 0, 0, 0, 0.035
Pate45, 0, 0, 0.048, 0.048, 0, 0, 0, 0, 0.039
Pate46, 0, 0, 0.062, 0.065, 0, 0, 0, 0, 0.046
Pate48, 0, 0, 0.052, 0.06, 0, 0, 0, 0, 0.049
Pate49, 0, 0, 0.064, 0.07, 0, 0, 0, 0, 0.057
Pate5, 0, 0, 0.069, 0.069, 0, 0, 0, 0, 0.051
Pate50, 0, 0, 0.064, 0.067, 0, 0, 0, 0, 0.053
Pate51, 0, 0.001, 0.073, 0.078, 0, 0, 0, 0, 0.057
Pate52, 0, 0, 0.044, 0.044, 0, 0, 0, 0, 0.038
Pate53, 0, 0, 0.061, 0.058, 0, 0, 0, 0, 0.039
Pate54, 0, 0, 0.063, 0.065, 0, 0, 0, 0, 0.042
Pate55, 0, 0, 0.056, 0.065, 0, 0, 0, 0, 0.041
Pate56, 0, 0, 0.054, 0.06, 0, 0, 0, 0, 0.049
Pate57, 0, 0, 0.051, 0.058, 0, 0, 0, 0, 0.039
Pate6, 0, 0.001, 0.163, 0.106, 0, 0, 0, 0, 0.054
Pate7, 0, 0, 0.073, 0.073, 0, 0, 0, 0, 0.061
Pate8, 0, 0, 0.062, 0.068, 0, 0, 0, 0, 0.051
Pate9, 0, 0, 0.051, 0.056, 0, 0, 0, 0, 0.044
Plan12, 0, 0, 0.054, 0.053, 0, 0, 0, 0, 0.032
Plan14, 1, 0.001, 0.354, 0.351, 1, 0, 1, 0.229, 0.802
Plan16, 1, 0, 0.101, 0.064, 1, 0, 1, 0.998, 0.041
Plan17, 0, 0, 0.039, 0.037, 0, 0, 0, 0, 0.028
Plan18, 1, 0.005, 0.327, 0.563, 1, 0, 1, 0.007, 1.026
Plan2, 1, 0, 0.29, 0.095, 1, 0, 1, 0.193, 0.84
Plan21, 2, 1, 0.667, 0.123, 1, 0, 2, 0, 0.044
Plan22, 1, 0, 0.299, 0.121, 1, 0, 1, 0.184, 0.849
Plan23, 0, 0, 0.037, 0.036, 0, 0, 0, 0, 0.026
Plan26, 2, 0.007, 0.205, 0.305, 1, 0, 2, 1.634, 0.39
Plan27, 1, 0.005, 0.081, 0.478, 1, 0, 1, 0.005, 1.03
Plan3, 0, 0, 0.091, 0.081, 0, 0, 0, 0, 0.042
Plan30, 2, 0.966, 0.273, 0.323, 1, 0, 2, 0.07, 0.756
Plan31, 0, 0, 0.043, 0.041, 0, 0, 0, 0, 0.032
Plan32, 0, 0, 0.057, 0.054, 0, 0, 0, 0, 0.035
Plan33, 1, 0.001, 0.076, 0.262, 1, 0, 1, 0.26, 0.784
Plan39, 2, 0.007, 0.075, 0.846, 1, 0, 2, 0.354, 1.679
Plan4, 2, 0.008, 0.138, 0.483, 1, 0, 2, 0.881, 1.152
Plan40, 1, 0.001, 0.847, 0.051, 1, 0, 1, 0.921, 0.107
Plan42, 1, 0.001, 0.858, 0.145, 1, 0, 1, 0.904, 0.118
Plan43, 2, 0.01, 0.859, 0.423, 1, 0, 2, 1.071, 0.949
Plan44, 0, 0, 0.333, 0.097, 0, 0, 0, 0, 0.042
Plan5, 1, 0, 1.701, 0.17, 1, 0, 1, 0.162, 0.893
Plan7, 0, 0, 0.993, 0.411, 0, 0, 0, 0, 0.057
Pori1, 1, 0, 0.163, 0.128, 1, 0, 1, 0.999, 0.041
Pori2, 1, 0.001, 0.147, 0.102, 1, 0, 1, 0.999, 0.024
ProtA10, 1, 0, 0.071, 0.079, 1, 0, 1, 0.953, 0.085
ProtA11, 2, 0.01, 0.292, 0.638, 1, 0, 2, 1.199, 0.829
ProtA12, 0, 0, 0.047, 0.044, 0, 0, 0, 0, 0.034
ProtA13, 2, 0.009, 0.061, 0.583, 1, 0, 2, 1.097, 0.939
ProtA14, 0, 0, 0.212, 0.124, 0, 0, 0, 0, 0.047
ProtA15, 0, 0.001, 1.085, 0.198, 0, 0, 0, 0, 0.037
ProtA16, 0, 0, 0.054, 0.057, 0, 0, 0, 0, 0.037
ProtA18, 0, 0, 1.027, 0.066, 0, 0, 0, 0, 0.041
ProtA19, 0, 0, 0.046, 0.043, 0, 0, 0, 0, 0.032
ProtA2, 1, 0, 0.293, 0.093, 1, 0, 1, 0.154, 0.881
ProtA20, 0, 0, 0.523, 0.125, 0, 0, 0, 0, 0.037
ProtA21, 0, 0, 0.093, 0.094, 0, 0, 0, 0, 0.051
ProtA24, 1, 0.001, 0.317, 0.118, 1, 0, 1, 0.801, 0.228
ProtA26, 0, 0, 0.152, 0.099, 0, 0, 0, 0, 0.045
ProtA27, 0, 0, 0.083, 0.072, 0, 0, 0, 0, 0.041
ProtA29, 0, 0, 1.071, 0.096, 0, 0, 0, 0, 0.038
ProtA3, 2, 0, 0.055, 0.074, 1, 0, 2, 1.151, 0.88
ProtA30, 0, 0, 0.049, 0.044, 0, 0, 0, 0, 0.034
ProtA31, 1, 0.011, 0.292, 0.473, 1, 0, 1, 0.502, 0.517
ProtA32, 1, 0, 1.241, 0.138, 1, 0, 1, 0.247, 0.788
ProtA33, 0, 0, 0.086, 0.063, 0, 0, 0, 0, 0.031
ProtA34, 1, 0.002, 0.05, 0.082, 1, 0, 1, 0.75, 0.273
ProtA35, 0, 0, 0.039, 0.043, 0, 0, 0, 0, 0.024
ProtA36, 0, 0, 0.048, 0.046, 0, 0, 0, 0, 0.034
ProtA37, 1, 0.01, 0.087, 0.513, 1, 0, 1, 0.076, 0.97
ProtA38, 1, 0, 0.746, 0.307, 1, 0, 1, 0.969, 0.063
ProtA39, 0, 0, 0.049, 0.054, 0, 0, 0, 0, 0.035
ProtA40, 0, 0, 0.451, 0.089, 0, 0, 0, 0, 0.036
ProtA41, 1, 0.003, 1.022, 0.17, 1, 0, 1, 0.69, 0.336
ProtA42, 1, 0, 0.097, 0.208, 1, 0, 1, 0.981, 0.05
ProtA43, 0, 0, 0.795, 0.072, 0, 0, 0, 0, 0.02
ProtA44, 0, 0, 0.056, 0.058, 0, 0, 0, 0, 0.038
ProtA45, 0, 0, 0.156, 0.108, 0, 0, 0, 0, 0.041
ProtA46, 0, 0, 0.054, 0.053, 0, 0, 0, 0, 0.04
ProtA47, 1, 0, 0.053, 0.052, 1, 0, 1, 0.999, 0.029
ProtA48, 2, 0.282, 0.075, 0.052, 1, 0, 2, 1.407, 0.06
ProtA49, 0, 0, 0.038, 0.039, 0, 0, 0, 0, 0.024
ProtA5, 2, 0.858, 0.083, 1.154, 1, 0, 2, 0.246, 0.739
ProtA50, 2, 0.007, 0.913, 0.734, 1, 0, 2, 0.856, 1.182
ProtA51, 1, 0, 0.09, 0.082, 1, 0, 1, 1, 0.026
ProtA52, 1, 0, 0.134, 0.087, 1, 0, 1, 1, 0.031
ProtA53, 1, 0, 0.994, 0.21, 1, 0, 1, 0.952, 0.075
ProtA54, 0, 0, 0.034, 0.034, 0, 0, 0, 0, 0.021
ProtA55, 0, 0, 0.046, 0.048, 0, 0, 0, 0, 0.032
ProtA56, 2, 0.001, 0.05, 0.257, 1, 0, 2, 1.078, 0.946
ProtA57, 1, 0.001, 0.442, 0.427, 1, 0, 1, 0.339, 0.69
ProtA58, 1, 0.006, 0.994, 0.235, 1, 0, 1, 0.953, 0.069
ProtA60, 1, 0.01, 0.28, 0.524, 1, 0, 1, 0.171, 0.858
ProtA61, 0, 0, 1.137, 0.118, 0, 0, 0, 0, 0.024
ProtA62, 2, 0.003, 0.063, 0.377, 1, 0, 2, 1.327, 0.698
ProtA63, 1, 0, 0.047, 0.052, 1, 0, 1, 1, 0.023
ProtA64, 1, 0.003, 0.714, 0.352, 1, 0, 1, 0.993, 0.041
ProtA66, 0, 0, 0.054, 0.057, 0, 0, 0, 0, 0.037
ProtA67, 1, 0.006, 0.052, 0.217, 1, 0, 1, 0.4, 0.631
ProtA68, 1, 0.005, 0.212, 0.284, 1, 0, 1, 0.241, 0.795
ProtA69, 2, 0.016, 0.914, 0.916, 1, 0, 2, 0.848, 1.174
ProtA7, 0, 0, 0.958, 0.162, 0, 0, 0, 0, 0.041
ProtA70, 1, 0.005, 0.426, 0.539, 1, 0, 1, 0.353, 0.67
ProtA71, 1, 0, 0.065, 0.07, 1, 0, 1, 1, 0.02
ProtA72, 1, 0, 0.211, 0.065, 1, 0, 1, 1, 0.036
ProtA74, 1, 0.003, 0.063, 0.332, 1, 0, 1, 0.269, 0.761
ProtA75, 1, 0.017, 0.116, 0.902, 1, 0, 1, 0.222, 0.805
ProtA76, 1, 0, 0.071, 0.063, 1, 0, 1, 1, 0.026
ProtA77, 1, 0, 0.092, 0.067, 1, 0, 1, 1, 0.028
ProtA8, 1, 0, 0.223, 0.153, 1, 0, 1, 0.302, 0.742
ProtA9, 1, 0.001, 0.287, 0.208, 1, 0, 1, 0.168, 0.874
ProtG1, 1, 0.002, 0.18, 0.196, 1, 0, 1, 0.389, 0.639
ProtG10, 1, 0.015, 0.362, 0.626, 1, 0, 1, 0.978, 0.04
ProtG11, 0, 0, 0.236, 0.108, 0, 0, 0, 0, 0.035
ProtG12, 1, 0.005, 0.345, 0.347, 1, 0, 1, 0.93, 0.1
ProtG13, 0, 0, 0.195, 0.082, 0, 0, 0, 0, 0.042
ProtG14, 1, 0, 0.184, 0.096, 1, 0, 1, 0.994, 0.037
ProtG15, 0, 0, 0.316, 0.107, 0, 0, 0, 0, 0.041
ProtG16, 0, 0, 0.062, 0.071, 0, 0, 0, 0, 0.037
ProtG17, 0, 0, 0.064, 0.065, 0, 0, 0, 0, 0.039
ProtG18, 1, 0.021, 0.121, 0.867, 1, 0, 1, 0.51, 0.499
ProtG19, 0, 0, 0.048, 0.044, 0, 0, 0, 0, 0.032
ProtG20, 1, 0.006, 0.066, 0.563, 1, 0, 1, 0.298, 0.733
ProtG21, 0, 0.001, 0.631, 0.397, 0, 0, 0, 0, 0.029
ProtG22, 0, 0, 0.039, 0.052, 0, 0, 0, 0, 0.033
ProtG24, 1, 0.013, 0.159, 1.041, 1, 0, 1, 0.977, 0.041
ProtG25, 0, 0, 0.663, 0.25, 0, 0, 0, 0, 0.035
ProtG26, 1, 0.011, 0.297, 0.434, 1, 0, 1, 0.176, 0.855
ProtG27, 0, 0, 0.06, 0.06, 0, 0, 0, 0, 0.04
ProtG28, 0, 0, 0.091, 0.072, 0, 0, 0, 0, 0.035
ProtG29, 0, 0, 0.039, 0.044, 0, 0, 0, 0, 0.033
ProtG3, 0, 0, 0.05, 0.05, 0, 0, 0, 0, 0.037
ProtG30, 0, 0, 0.051, 0.05, 0, 0, 0, 0, 0.035
ProtG31, 0, 0, 0.07, 0.074, 0, 0, 0, 0, 0.041
ProtG32, 1, 0.001, 0.214, 0.216, 1, 0, 1, 0.239, 0.782
ProtG33, 0, 0, 0.071, 0.056, 0, 0, 0, 0, 0.033
ProtG34, 1, 0.004, 0.12, 0.324, 1, 0, 1, 0.013, 1.014
ProtG35, 0, 0, 0.06, 0.066, 0, 0, 0, 0, 0.041
ProtG36, 0, 0, 0.357, 0.132, 0, 0, 0, 0, 0.03
ProtG37, 0, 0, 0.056, 0.058, 0, 0, 0, 0, 0.044
ProtG38, 0, 0, 0.047, 0.044, 0, 0, 0, 0, 0.026
ProtG39, 1, 0.004, 0.048, 0.277, 1, 0, 1, 0.261, 0.769
ProtG4, 0, 0, 0.066, 0.06, 0, 0, 0, 0, 0.044
ProtG40, 0, 0.001, 0.042, 0.035, 0, 0, 0, 0, 0.024
ProtG41, 0, 0, 0.042, 0.04, 0, 0, 0, 0, 0.025
ProtG42, 0, 0, 0.049, 0.049, 0, 0, 0, 0, 0.036
ProtG43, 0, 0, 0.051, 0.047, 0, 0, 0, 0, 0.021
ProtG44, 0, 0, 0.042, 0.045, 0, 0, 0, 0, 0.036
ProtG45, 1, 0.003, 0.039, 0.391, 1, 0, 1, 0.485, 0.542
ProtG46, 0, 0, 0.053, 0.053, 0, 0, 0, 0, 0.032
ProtG47, 2, 0.018, 0.079, 0.869, 1, 0, 2, 0.522, 1.51
ProtG48, 1, 0, 0.056, 0.067, 1, 0, 1, 0.597, 0.434
ProtG49, 0, 0, 0.045, 0.049, 0, 0, 0, 0, 0.034
ProtG5, 1, 0.005, 0.991, 0.438, 1, 0, 1, 0.284, 0.746
ProtG50, 1, 0.003, 0.149, 0.314, 1, 0, 1, 0.226, 0.81
ProtG51, 0, 0, 0.039, 0.035, 0, 0, 0, 0, 0.027
ProtG52, 1, 0.013, 0.081, 0.713, 1, 0, 1, 0.948, 0.066
ProtG53, 0, 0, 0.038, 0.033, 0, 0, 0, 0, 0.027
ProtG54, 0, 0, 0.051, 0.055, 0, 0, 0, 0, 0.035
ProtG55, 0, 0, 0.057, 0.055, 0, 0, 0, 0, 0.027
ProtG56, 2, 0.009, 0.076, 0.536, 1, 0, 2, 1.937, 0.084
ProtG57, 0, 0.001, 0.048, 0.061, 0, 0, 0, 0, 0.037
ProtG58, 1, 0.001, 0.495, 0.316, 1, 0, 1, 0.68, 0.35
ProtG59, 1, 0.007, 0.06, 0.627, 1, 0, 1, 0.551, 0.473
ProtG6, 0, 0, 0.665, 0.075, 0, 0, 0, 0, 0.043
ProtG60, 0, 0, 0.043, 0.05, 0, 0, 0, 0, 0.03
ProtG61, 0, 0, 0.043, 0.039, 0, 0, 0, 0, 0.03
ProtG62, 0, 0, 0.073, 0.061, 0, 0, 0, 0, 0.019
ProtG63, 1, 0.004, 0.2, 0.193, 1, 0, 1, 0.319, 0.709
ProtG64, 0, 0, 0.064, 0.056, 0, 0, 0, 0, 0.037
ProtG65, 2, 0.005, 0.052, 0.409, 1, 0, 2, 1.156, 0.872
ProtG66, 0, 0, 0.322, 0.108, 0, 0, 0, 0, 0.03
ProtG67, 1, 0.001, 0.373, 0.14, 1, 0, 1, 0.137, 0.885
ProtG68, 1, 0, 0.077, 0.37, 1, 0, 1, 0.241, 0.785
ProtG69, 0, 0, 1.211, 0.137, 0, 0, 0, 0, 0.036
ProtG7, 0, 0, 0.087, 0.082, 0, 0, 0, 0, 0.049
ProtG70, 0, 0, 0.043, 0.049, 0, 0, 0, 0, 0.032
ProtG71, 1, 0.007, 0.064, 0.422, 1, 0, 1, 0.078, 0.956
ProtG72, 1, 0.004, 0.131, 0.376, 1, 0, 1, 0.142, 0.884
ProtG73, 0, 0, 0.599, 0.228, 0, 0, 0, 0, 0.019
ProtG74, 0, 0, 0.043, 0.048, 0, 0, 0, 0, 0.03
ProtG75, 0, 0, 0.527, 0.191, 0, 0, 0, 0, 0.033
ProtG76, 0, 0, 0.033, 0.033, 0, 0, 0, 0, 0.027
ProtG77, 0, 0.001, 0.083, 0.078, 0, 0, 0, 0, 0.028
ProtG78, 1, 0.001, 0.063, 0.359, 1, 0, 1, 0.179, 0.851
ProtG79, 0, 0, 0.031, 0.037, 0, 0, 0, 0, 0.028
ProtG8, 1, 0.001, 0.052, 0.102, 1, 0, 1, 0.409, 0.628
ProtG80, 0, 0, 0.039, 0.037, 0, 0, 0, 0, 0.029
ProtG81, 0, 0, 0.031, 0.031, 0, 0, 0, 0, 0.028
ProtG82, 0, 0, 1.014, 0.22, 0, 0, 0, 0, 0.022
ProtG83, 1, 0.007, 0.084, 0.375, 1, 0, 1, 0.95, 0.075
ProtG84, 1, 0.013, 0.07, 0.562, 1, 0, 1, 0.178, 0.856
ProtG85, 0, 0, 1.064, 0.103, 0, 0, 0, 0, 0.03
ProtG86, 1, 0.001, 0.046, 0.103, 1, 0, 1, 0.973, 0.053
ProtG87, 0, 0, 0.044, 0.045, 0, 0, 0, 0, 0.031
ProtG88, 1, 0, 0.877, 0.31, 1, 0, 1, 0.63, 0.404
ProtG89, 1, 0.002, 0.079, 0.102, 1, 0, 1, 0.113, 0.924
ProtG9, 1, 0.006, 0.051, 0.384, 1, 0, 1, 0.612, 0.417
ProtG90, 0, 0, 0.044, 0.042, 0, 0, 0, 0, 0.028
ProtG91, 1, 0.001, 0.099, 0.127, 1, 0, 1, 0.968, 0.064
ProtM1, 1, 0, 0.59, 0.068, 1, 0, 1, 0.891, 0.141
ProtM2, 1, 0.006, 0.543, 0.486, 1, 0, 1, 0.938, 0.088
ProtM3, 1, 0, 0.683, 0.212, 1, 0, 1, 0.572, 0.457
ProtZ1, 1, 0, 0.049, 0.045, 1, 0, 1, 0.999, 0.031
ProtZ2, 1, 0, 0.055, 0.051, 1, 0, 1, 1, 0.03
ProtZ3, 1, 0, 0.054, 0.052, 1, 0, 1, 1, 0.033
ProtZ4, 1, 0, 0.059, 0.064, 1, 0, 1, 1, 0.041
ProtZ5, 1, 0.001, 0.157, 0.114, 1, 0, 1, 0.997, 0.039
RBG1, 0, 0, 0.828, 0.293, 0, 0, 0, 0, 0.042
Rifl1, 2, 0.998, 0.172, 0.413, 1, 0, 2, 0.005, 1.011
SAR3X1, 1, 0.001, 0.084, 0.341, 1, 0, 1, 0.512, 0.517
SAR3X2, 0, 0, 0.61, 0.226, 0, 0, 0, 0, 0.044
SLNR1, 2, 0.008, 0.135, 0.399, 1, 0, 2, 1.213, 0.826
SM23X1, 0, 0, 0.122, 0.066, 0, 0, 0, 0, 0.039
SZUA1, 2, 0.982, 0.188, 0.389, 1, 0, 2, 0.047, 0.741
SZUA2, 1, 0.003, 0.46, 0.443, 1, 0, 1, 0.213, 0.825
Sche1, 2, 0.003, 0.233, 0.36, 1, 0, 2, 1.167, 0.861
Spir10, 0, 0, 1.049, 0.381, 0, 0, 0, 0, 0.034
Spir11, 0, 0.001, 1.146, 0.469, 0, 0, 0, 0, 0.048
Spir12, 0, 0, 1.014, 0.398, 0, 0, 0, 0, 0.05
Spir13, 1, 0, 0.036, 0.029, 1, 0, 1, 1, 0.022
Spir15, 1, 0.006, 0.111, 0.306, 1, 0, 1, 0.095, 0.935
Spir2, 1, 0, 0.05, 0.049, 1, 0, 1, 1, 0.036
Spir3, 1, 0.005, 0.055, 0.369, 1, 0, 1, 0.993, 0.035
Spir4, 1, 0.006, 0.326, 0.533, 1, 0, 1, 0.177, 0.861
Spir8, 1, 0.006, 0.977, 0.57, 1, 0, 1, 0.066, 0.981
Spir9, 1, 0.009, 0.207, 0.717, 1, 0, 1, 0.004, 1.028
Sume1, 1, 0.02, 0.271, 1.157, 1, 0, 1, 0.975, 0.035
Syne1, 1, 0, 0.808, 0.235, 1, 0, 1, 0.876, 0.158
Syne10, 1, 0, 0.097, 0.098, 1, 0, 1, 0.979, 0.059
Syne2, 1, 0.007, 0.13, 0.417, 1, 0, 1, 0.78, 0.26
Syne3, 0, 0, 0.309, 0.08, 0, 0, 0, 0, 0.031
Syne4, 1, 0.001, 0.443, 0.15, 1, 0, 1, 0.944, 0.08
Syne5, 2, 0.008, 0.168, 0.452, 1, 0, 2, 1.225, 0.798
Syne6, 2, 0.012, 0.653, 1.121, 1, 0, 2, 1.734, 0.282
Syne7, 0, 0, 1.064, 0.053, 0, 0, 0, 0, 0.026
Syne8, 1, 0, 0.116, 0.086, 1, 0, 1, 0.194, 0.838
Syne9, 2, 0.014, 0.165, 1.24, 1, 0, 2, 1.099, 0.921
TA06A1, 2, 0.024, 0.168, 1.351, 1, 0, 2, 0.929, 1.083
TA06X1, 0, 0, 0.055, 0.055, 0, 0, 0, 0, 0.047
Therd1, 1, 0, 0.798, 0.327, 1, 0, 1, 0.002, 1.041
Therg2, 1, 0, 0.056, 0.047, 1, 0, 1, 0.998, 0.031
Therg3, 1, 0, 0.671, 0.058, 1, 0, 1, 0.841, 0.19
Therg4, 1, 0, 0.06, 0.066, 1, 0, 1, 0.999, 0.035
Therg5, 1, 0.002, 0.574, 0.204, 1, 0, 1, 0.941, 0.091
Therg6, 1, 0, 0.196, 0.091, 1, 0, 1, 0.862, 0.172
Therg8, 1, 0.003, 0.904, 0.213, 1, 0, 1, 0.151, 0.877
Thers1, 1, 0.002, 0.064, 0.235, 1, 0, 1, 0.204, 0.83
UBA1X1, 1, 0, 0.054, 0.04, 1, 0, 1, 0.999, 0.028
UBA1X2, 0, 0, 0.096, 0.077, 0, 0, 0, 0, 0.038
UBA1X3, 1, 0.013, 0.147, 0.454, 1, 0, 1, 0.267, 0.774
UBA1X4, 0, 0, 0.049, 0.049, 0, 0, 0, 0, 0.032
UBA1X5, 0, 0, 0.054, 0.059, 0, 0, 0, 0, 0.037
UBA1X6, 1, 0, 0.059, 0.052, 1, 0, 1, 0.999, 0.033
UBA2X1, 1, 0.008, 0.309, 0.374, 1, 0, 1, 0.373, 0.669
UBA6X1, 2, 0.013, 1.199, 0.964, 1, 0, 2, 1.498, 0.521
UBA9X1, 0, 0.001, 1.107, 0.431, 0, 0, 0, 0, 0.057
UBA9X2, 1, 0.002, 0.097, 0.185, 1, 0, 1, 0.842, 0.201
UBA9X3, 0, 0.002, 0.926, 0.358, 0, 0, 0, 0, 0.03
UBP13X1, 1, 0, 0.193, 0.148, 1, 0, 1, 0.246, 0.794
UBP14X1, 1, 0.002, 0.6, 0.276, 1, 0, 1, 0.099, 0.938
UBP4X1, 2, 0.001, 0.203, 0.23, 1, 0, 2, 1.041, 0.986
UBP6X1, 0, 0, 0.193, 0.121, 0, 0, 0, 0, 0.041
Verr10, 1, 0.001, 1.014, 0.28, 1, 0, 1, 0.048, 0.988
Verr11, 0, 0, 1.042, 0.038, 0, 0, 0, 0, 0.022
Verr12, 1, 0, 0.065, 0.061, 1, 0, 1, 0.998, 0.045
Verr13, 1, 0, 0.104, 0.049, 1, 0, 1, 1, 0.039
Verr14, 1, 0, 0.075, 0.057, 1, 0, 1, 1, 0.036
Verr2, 2, 0.01, 0.063, 0.932, 1, 0, 2, 1.917, 0.108
Verr3, 1, 0.003, 0.107, 0.146, 1, 0, 1, 0.95, 0.079
Verr4, 2, 0.001, 1.066, 0.11, 1, 0, 2, 1.009, 1.031
Verr5, 3, 1.925, 0.411, 1.273, 1, 0, 3, 0.08, 0.85
Verr6, 1, 0.008, 0.454, 0.602, 1, 0, 1, 0.24, 0.81
Verr7, 1, 0.001, 0.979, 0.109, 1, 0, 1, 0.999, 0.033
Verr8, 1, 0.006, 1.009, 0.476, 1, 0, 1, 0.116, 0.911
Verr9, 3, 0.004, 0.049, 0.34, 1, 0, 3, 2.154, 0.869
WOR1, 0, 0, 0.054, 0.058, 0, 0, 0, 0, 0.045
WOR2, 0, 0, 0.045, 0.049, 0, 0, 0, 0, 0.041
WOR3, 0, 0, 0.048, 0.051, 0, 0, 0, 0, 0.039
WOR4, 0, 0, 0.042, 0.048, 0, 0, 0, 0, 0.038
WOR6, 0, 0, 0.17, 0.115, 0, 0, 0, 0, 0.048
WOR7, 1, 0.004, 0.046, 0.499, 1, 0, 1, 0.111, 0.92
Wall1, 1, 0.01, 0.147, 0.429, 1, 0, 1, 0.011, 1.031
Zixi1, 1, 0, 0.055, 0.05, 1, 0, 1, 1, 0.033
Zixi2, 1, 0.001, 0.064, 0.06, 1, 0, 1, 1, 0.041
Zixi3, 2, 0.006, 0.46, 0.45, 1, 0, 2, 1.21, 0.818
Zixi4, 2, 0.002, 0.394, 0.413, 1, 0, 2, 1.274, 0.756
Zixi5, 1, 0.002, 0.933, 0.301, 1, 0, 1, 0.237, 0.794
chloroArabidopsis, 0, 0, 0.048, 0.052, 0, 0, 0, 0, 0.028
chloroBryophyte, 0, 0, 0.071, 0.069, 0, 0, 0, 0, 0.046
chloroChlorophyta, 0, 0, 0.069, 0.065, 0, 0, 0, 0, 0.042
chloroLycophyte, 0, 0, 0.044, 0.04, 0, 0, 0, 0, 0.024
chloroRedAlgae, 0, 0, 0.105, 0.052, 0, 0, 0, 0, 0.019
mitoAnnelida, 0, 0, 0.026, 0.023, 0, 0, 0, 0, 0.02
mitoArabidopsis, 0, 0, 0.041, 0.041, 0, 0, 0, 0, 0.025
mitoBryophyte, 0, 0, 0.061, 0.059, 0, 0, 0, 0, 0.043
mitoChelicerate, 0, 0, 0.033, 0.031, 0, 0, 0, 0, 0.023
mitoChlorophyta, 0, 0, 0.043, 0.04, 0, 0, 0, 0, 0.028
mitoExcavata, 0, 0, 0.063, 0.043, 0, 0, 0, 0, 0.028
mitoFungi, 0, 0, 0.065, 0.048, 0, 0, 0, 0, 0.026
mitoInsect, 0, 0, 0.036, 0.033, 0, 0, 0, 0, 0.026
mitoLycophyte, 0, 0, 0.04, 0.039, 0, 0, 0, 0, 0.024
mitoMollusc, 0, 0, 0.029, 0.031, 0, 0, 0, 0, 0.023
mitoParamecium, 0, 0, 0.039, 0.029, 0, 0, 0, 0, 0.023
mitoPriapulid, 0, 0, 0.038, 0.031, 0, 0, 0, 0, 0.022
mitoRedAlgae, 0, 0, 0.05, 0.05, 0, 0, 0, 0, 0.034
