species_label, speciations, duplications, losses, transfers, presence, origination, copies, singletons, transfers_to
AABM5X1, 0, 0, 0.014, 0.012, 0, 0, 0, 0, 0.009
AABM5X2, 0, 0, 0.016, 0.018, 0, 0, 0, 0, 0.011
AABM5X3, 0, 0, 0.011, 0.015, 0, 0, 0, 0, 0.01
Abys1, 1, 0, 0.424, 0.256, 1, 0, 1, 0.707, 0.309
Acid1, 1, 0.001, 0.028, 0.325, 1, 0, 1, 0.225, 0.793
Acid10, 1, 0.001, 0.075, 0.307, 1, 0, 1, 0.31, 0.696
Acid11, 1, 0, 0.019, 0.422, 1, 0, 1, 0.168, 0.846
Acid12, 0, 0, 0.021, 0.025, 0, 0, 0, 0, 0.013
Acid13, 0, 0, 0.017, 0.016, 0, 0, 0, 0, 0.009
Acid14, 1, 0.001, 0.273, 0.299, 1, 0, 1, 0.33, 0.681
Acid16, 1, 0.003, 0.07, 0.381, 1, 0, 1, 0.002, 1.008
Acid17, 0, 0, 0.247, 0.086, 0, 0, 0, 0, 0.013
Acid18, 0, 0, 0.024, 0.028, 0, 0, 0, 0, 0.015
Acid2, 0, 0, 0.031, 0.035, 0, 0, 0, 0, 0.022
Acid20, 1, 0, 0.011, 0.011, 1, 0, 1, 1, 0.007
Acid21, 1, 0.001, 0.054, 0.231, 1, 0, 1, 0.317, 0.702
Acid22, 1, 0.002, 0.044, 0.118, 1, 0, 1, 0.264, 0.75
Acid23, 1, 0, 0.016, 0.301, 1, 0, 1, 0.239, 0.772
Acid24, 0, 0, 0.104, 0.048, 0, 0, 0, 0, 0.019
Acid25, 0, 0, 0.04, 0.043, 0, 0, 0, 0, 0.018
Acid26, 0, 0, 0.018, 0.013, 0, 0, 0, 0, 0.005
Acid27, 0, 0, 0.025, 0.023, 0, 0, 0, 0, 0.012
Acid28, 0, 0, 0.035, 0.026, 0, 0, 0, 0, 0.013
Acid29, 0, 0, 0.021, 0.018, 0, 0, 0, 0, 0.008
Acid3, 1, 0, 0.346, 0.329, 1, 0, 1, 0.254, 0.755
Acid30, 1, 0.001, 0.054, 0.074, 1, 0, 1, 0.155, 0.856
Acid31, 0, 0, 0.182, 0.099, 0, 0, 0, 0, 0.009
Acid32, 0, 0, 0.023, 0.022, 0, 0, 0, 0, 0.01
Acid33, 1, 0.002, 0.02, 0.69, 1, 0, 1, 0.325, 0.68
Acid34, 0, 0, 0.065, 0.044, 0, 0, 0, 0, 0.013
Acid35, 0, 0, 0.543, 0.145, 0, 0, 0, 0, 0.017
Acid36, 1, 0, 0.017, 0.015, 1, 0, 1, 0.999, 0.012
Acid37, 0, 0, 0.209, 0.056, 0, 0, 0, 0, 0.012
Acid38, 1, 0, 0.023, 0.023, 1, 0, 1, 0.999, 0.018
Acid39, 1, 0.002, 0.014, 0.307, 1, 0, 1, 0.52, 0.486
Acid4, 1, 0, 0.108, 0.042, 1, 0, 1, 0.168, 0.846
Acid40, 1, 0, 0.014, 0.013, 1, 0, 1, 1, 0.01
Acid5, 0, 0, 0.142, 0.041, 0, 0, 0, 0, 0.012
Acid6, 1, 0, 0.018, 0.018, 1, 0, 1, 0.008, 0.996
Acid7, 1, 0, 0.084, 0.034, 1, 0, 1, 0.191, 0.822
Acid8, 0, 0, 0.375, 0.128, 0, 0, 0, 0, 0.022
Acid9, 0, 0, 0.371, 0.113, 0, 0, 0, 0, 0.02
Acti10, 1, 0, 0.017, 0.09, 1, 0, 1, 0.855, 0.153
Acti11, 1, 0, 0.019, 0.017, 1, 0, 1, 0.998, 0.015
Acti12, 4, 0.955, 0.021, 0.569, 1, 0, 4, 1.394, 1.491
Acti13, 1, 0, 0.084, 0.033, 1, 0, 1, 1, 0.013
Acti14, 1, 0, 0.019, 0.05, 1, 0, 1, 0.194, 0.817
Acti15, 1, 0, 0.019, 0.011, 1, 0, 1, 0.998, 0.01
Acti16, 1, 0.001, 0.023, 0.262, 1, 0, 1, 0.244, 0.765
Acti18, 0, 0, 0.27, 0.063, 0, 0, 0, 0, 0.013
Acti19, 1, 0, 0.44, 0.128, 1, 0, 1, 0.999, 0.01
Acti2, 0, 0, 0.095, 0.039, 0, 0, 0, 0, 0.021
Acti20, 0, 0, 0.078, 0.046, 0, 0, 0, 0, 0.024
Acti21, 1, 0, 0.578, 0.133, 1, 0, 1, 1, 0.003
Acti22, 1, 0, 0.02, 0.029, 1, 0, 1, 0.998, 0.016
Acti23, 2, 0.002, 1.011, 0.364, 1, 0, 2, 0.43, 1.579
Acti24, 1, 0, 0.017, 0.02, 1, 0, 1, 1, 0.011
Acti25, 1, 0, 0.033, 0.089, 1, 0, 1, 0.839, 0.174
Acti26, 0, 0, 0.16, 0.076, 0, 0, 0, 0, 0.024
Acti27, 0, 0, 0.01, 0.009, 0, 0, 0, 0, 0.006
Acti28, 1, 0, 0.758, 0.34, 1, 0, 1, 0.925, 0.09
Acti29, 0, 0, 0.011, 0.012, 0, 0, 0, 0, 0.007
Acti3, 0, 0, 0.874, 0.027, 0, 0, 0, 0, 0.01
Acti30, 0, 0, 0.019, 0.025, 0, 0, 0, 0, 0.015
Acti31, 0, 0, 0.823, 0.016, 0, 0, 0, 0, 0.008
Acti32, 1, 0, 0.014, 0.019, 1, 0, 1, 1, 0.011
Acti33, 0, 0, 1.018, 0.026, 0, 0, 0, 0, 0.015
Acti34, 1, 0, 0.049, 0.021, 1, 0, 1, 0.999, 0.007
Acti35, 1, 0, 0.019, 0.018, 1, 0, 1, 0.997, 0.016
Acti36, 1, 0.001, 0.144, 0.374, 1, 0, 1, 0.971, 0.035
Acti37, 1, 0.001, 1.032, 0.26, 1, 0, 1, 0.987, 0.021
Acti38, 1, 0.002, 0.025, 0.93, 1, 0, 1, 0.996, 0.012
Acti39, 0, 0, 0.109, 0.053, 0, 0, 0, 0, 0.014
Acti4, 0, 0, 0.137, 0.065, 0, 0, 0, 0, 0.02
Acti40, 1, 0, 0.022, 0.019, 1, 0, 1, 0.998, 0.017
Acti41, 1, 0.002, 0.139, 0.476, 1, 0, 1, 0.159, 0.851
Acti42, 1, 0.001, 0.09, 0.364, 1, 0, 1, 0.288, 0.725
Acti43, 1, 0, 0.658, 0.045, 1, 0, 1, 0.459, 0.55
Acti44, 0, 0, 1.075, 0.052, 0, 0, 0, 0, 0.014
Acti45, 1, 0, 0.174, 0.042, 1, 0, 1, 0.925, 0.088
Acti46, 1, 0, 0.19, 0.158, 1, 0, 1, 0.106, 0.904
Acti47, 1, 0, 0.943, 0.044, 1, 0, 1, 0.154, 0.857
Acti48, 1, 0, 1.089, 0.202, 1, 0, 1, 0.995, 0.016
Acti49, 1, 0, 0.014, 0.019, 1, 0, 1, 1, 0.011
Acti5, 0, 0, 0.248, 0.061, 0, 0, 0, 0, 0.02
Acti50, 1, 0, 0.943, 0.321, 1, 0, 1, 0.735, 0.275
Acti51, 0, 0, 0.016, 0.02, 0, 0, 0, 0, 0.012
Acti52, 1, 0, 0.073, 0.04, 1, 0, 1, 0.997, 0.012
Acti6, 0, 0, 0.212, 0.051, 0, 0, 0, 0, 0.01
Acti7, 0, 0, 0.832, 0.016, 0, 0, 0, 0, 0.008
Acti8, 1, 0.001, 0.018, 0.02, 1, 0, 1, 1, 0.011
Acti9, 0, 0, 0.017, 0.02, 0, 0, 0, 0, 0.013
Aero1, 0, 0.001, 0.058, 0.046, 0, 0, 0, 0, 0.021
Aqui1, 0, 0, 0.201, 0.02, 0, 0, 0, 0, 0.014
Aqui2, 1, 0, 0.008, 0.047, 1, 0, 1, 0.184, 0.821
Aqui3, 0, 0, 0.054, 0.039, 0, 0, 0, 0, 0.024
Aqui4, 0, 0, 0.015, 0.015, 0, 0, 0, 0, 0.012
Aqui5, 0, 0, 0.065, 0.019, 0, 0, 0, 0, 0.008
Aqui6, 0, 0, 0.011, 0.011, 0, 0, 0, 0, 0.008
Arma11, 1, 0.001, 0.192, 0.249, 1, 0, 1, 0.125, 0.895
Arma12, 1, 0, 0.223, 0.125, 1, 0, 1, 0.278, 0.735
Arma13, 0, 0, 0.016, 0.014, 0, 0, 0, 0, 0.012
Arma14, 0, 0, 0.02, 0.022, 0, 0, 0, 0, 0.009
Arma15, 0, 0, 0.011, 0.015, 0, 0, 0, 0, 0.007
Arma16, 1, 0.001, 0.203, 0.098, 1, 0, 1, 0.27, 0.735
Arma3, 1, 0.002, 0.2, 0.519, 1, 0, 1, 0.099, 0.924
Arma4, 0, 0, 0.025, 0.03, 0, 0, 0, 0, 0.014
Arma6, 1, 0, 0.011, 0.012, 1, 0, 1, 0.994, 0.012
Arma7, 1, 0, 0.317, 0.098, 1, 0, 1, 0.186, 0.829
Arma9, 1, 0, 0.03, 0.034, 1, 0, 1, 0.994, 0.02
Aure1, 1, 0.001, 0.446, 0.618, 1, 0, 1, 0.643, 0.371
Aure2, 1, 0, 0.832, 0.409, 1, 0, 1, 0.261, 0.758
Aure3, 0, 0, 1.688, 0.548, 0, 0, 0, 0, 0.014
B130X1, 0, 0, 0.65, 0.29, 0, 0, 0, 0, 0.03
BMS3X1, 0, 0, 0.215, 0.119, 0, 0, 0, 0, 0.022
Bact1, 0, 0, 0.022, 0.024, 0, 0, 0, 0, 0.017
Bact10, 0, 0, 0.095, 0.053, 0, 0, 0, 0, 0.012
Bact11, 0, 0, 0.017, 0.014, 0, 0, 0, 0, 0.012
Bact12, 0, 0, 0.017, 0.023, 0, 0, 0, 0, 0.014
Bact13, 0, 0, 0.019, 0.02, 0, 0, 0, 0, 0.015
Bact14, 0, 0, 0.016, 0.017, 0, 0, 0, 0, 0.012
Bact16, 0, 0, 0.021, 0.018, 0, 0, 0, 0, 0.014
Bact17, 0, 0, 0.014, 0.015, 0, 0, 0, 0, 0.01
Bact18, 0, 0, 0.016, 0.013, 0, 0, 0, 0, 0.008
Bact19, 1, 0.001, 0.376, 0.353, 1, 0, 1, 0.278, 0.733
Bact2, 0, 0, 0.022, 0.021, 0, 0, 0, 0, 0.019
Bact20, 0, 0, 0.014, 0.014, 0, 0, 0, 0, 0.01
Bact21, 1, 0, 0.042, 0.026, 1, 0, 1, 0.993, 0.02
Bact22, 0, 0, 0.02, 0.015, 0, 0, 0, 0, 0.011
Bact23, 1, 0, 0.013, 0.157, 1, 0, 1, 0.202, 0.807
Bact24, 0, 0, 0.019, 0.02, 0, 0, 0, 0, 0.015
Bact25, 0, 0, 0.014, 0.014, 0, 0, 0, 0, 0.009
Bact27, 1, 0, 0.148, 0.089, 1, 0, 1, 0.821, 0.193
Bact28, 0, 0, 0.217, 0.041, 0, 0, 0, 0, 0.011
Bact29, 1, 0.001, 1.004, 0.105, 1, 0, 1, 0.15, 0.857
Bact3, 0, 0, 0.019, 0.016, 0, 0, 0, 0, 0.015
Bact30, 0, 0, 0.018, 0.017, 0, 0, 0, 0, 0.014
Bact31, 0, 0, 0.01, 0.009, 0, 0, 0, 0, 0.006
Bact32, 0, 0, 0.013, 0.017, 0, 0, 0, 0, 0.009
Bact33, 1, 0, 0.278, 0.183, 1, 0, 1, 0.116, 0.896
Bact34, 0, 0, 0.049, 0.025, 0, 0, 0, 0, 0.011
Bact35, 0, 0, 0.508, 0.077, 0, 0, 0, 0, 0.009
Bact36, 0, 0, 0.185, 0.084, 0, 0, 0, 0, 0.01
Bact37, 1, 0, 0.012, 0.036, 1, 0, 1, 0.239, 0.772
Bact38, 0, 0, 0.016, 0.018, 0, 0, 0, 0, 0.012
Bact39, 1, 0.002, 0.128, 0.306, 1, 0, 1, 0.264, 0.744
Bact4, 0, 0, 0.017, 0.012, 0, 0, 0, 0, 0.009
Bact40, 1, 0, 0.206, 0.735, 1, 0, 1, 0.898, 0.106
Bact41, 1, 0.001, 0.342, 0.17, 1, 0, 1, 0.768, 0.241
Bact42, 0, 0, 0.253, 0.027, 0, 0, 0, 0, 0.013
Bact43, 1, 0.001, 0.036, 0.154, 1, 0, 1, 0.148, 0.86
Bact44, 0, 0, 0.442, 0.038, 0, 0, 0, 0, 0.015
Bact5, 0, 0, 0.018, 0.016, 0, 0, 0, 0, 0.011
Bact6, 0, 0, 0.036, 0.026, 0, 0, 0, 0, 0.011
Bact7, 0, 0, 0.025, 0.028, 0, 0, 0, 0, 0.016
Bact8, 0, 0, 0.018, 0.016, 0, 0, 0, 0, 0.009
Bact9, 1, 0, 0.159, 0.072, 1, 0, 1, 0.994, 0.013
Bdell10, 0, 0, 0.033, 0.034, 0, 0, 0, 0, 0.019
Bdell11, 0, 0, 0.02, 0.02, 0, 0, 0, 0, 0.012
Bdell12, 1, 0, 0.239, 0.052, 1, 0, 1, 0.997, 0.012
Bdell13, 0, 0, 0.341, 0.063, 0, 0, 0, 0, 0.014
Bdell14, 0, 0, 0.022, 0.023, 0, 0, 0, 0, 0.015
Bdell15, 0, 0, 0.021, 0.024, 0, 0, 0, 0, 0.018
Bdell16, 0, 0, 0.025, 0.025, 0, 0, 0, 0, 0.014
Bdell17, 0, 0, 0.021, 0.015, 0, 0, 0, 0, 0.01
Bdell2, 0, 0, 0.029, 0.029, 0, 0, 0, 0, 0.015
Bdell3, 2, 0, 0.014, 0.145, 1, 0, 2, 1.22, 0.787
Bdell4, 0, 0, 0.025, 0.027, 0, 0, 0, 0, 0.018
Bdell5, 0, 0, 0.011, 0.009, 0, 0, 0, 0, 0.009
Bdell6, 0, 0, 0.054, 0.038, 0, 0, 0, 0, 0.015
Bdell7, 0, 0, 0.012, 0.014, 0, 0, 0, 0, 0.01
Bdell9, 0, 0, 0.012, 0.012, 0, 0, 0, 0, 0.009
BdellC1, 0, 0, 0.023, 0.017, 0, 0, 0, 0, 0.012
BdellC2, 0, 0, 0.026, 0.025, 0, 0, 0, 0, 0.015
Bipo1, 0, 0, 0.263, 0.082, 0, 0, 0, 0, 0.022
Bipo2, 1, 0.001, 0.03, 0.287, 1, 0, 1, 0.234, 0.788
CG267X1, 0, 0.001, 0.027, 0.026, 0, 0, 0, 0, 0.019
CG294X1, 0, 0, 0.023, 0.028, 0, 0, 0, 0, 0.016
CSP1X1, 0, 0, 0.096, 0.059, 0, 0, 0, 0, 0.023
Calda1, 0, 0, 0.023, 0.024, 0, 0, 0, 0, 0.019
Calda2, 0, 0, 0.028, 0.037, 0, 0, 0, 0, 0.024
Caldit1, 0, 0, 0.017, 0.016, 0, 0, 0, 0, 0.014
Caldit2, 0, 0, 0.01, 0.011, 0, 0, 0, 0, 0.007
Caldit3, 0, 0, 0.018, 0.017, 0, 0, 0, 0, 0.014
Camp1, 0, 0, 0.038, 0.032, 0, 0, 0, 0, 0.01
Camp10, 0, 0, 0.306, 0.058, 0, 0, 0, 0, 0.011
Camp11, 1, 0.001, 0.246, 0.105, 1, 0, 1, 0.311, 0.697
Camp12, 0, 0, 0.231, 0.069, 0, 0, 0, 0, 0.006
Camp13, 0, 0, 0.099, 0.061, 0, 0, 0, 0, 0.009
Camp14, 1, 0.002, 0.015, 0.206, 1, 0, 1, 0.88, 0.129
Camp15, 0, 0, 0.895, 0.154, 0, 0, 0, 0, 0.011
Camp16, 1, 0, 0.02, 0.019, 1, 0, 1, 0.999, 0.012
Camp2, 0, 0, 0.1, 0.068, 0, 0, 0, 0, 0.01
Camp3, 0, 0, 0.037, 0.026, 0, 0, 0, 0, 0.009
Camp4, 1, 0, 0.019, 0.019, 1, 0, 1, 1, 0.011
Camp5, 1, 0, 0.029, 0.087, 1, 0, 1, 0.276, 0.734
Camp6, 0, 0, 0.034, 0.031, 0, 0, 0, 0, 0.011
Camp7, 0, 0, 0.862, 0.159, 0, 0, 0, 0, 0.014
Camp9, 0, 0, 0.034, 0.026, 0, 0, 0, 0, 0.011
Chlo10, 0, 0, 0.413, 0.097, 0, 0, 0, 0, 0.011
Chlo11, 0, 0, 0.027, 0.026, 0, 0, 0, 0, 0.014
Chlo12, 1, 0, 0.009, 0.006, 1, 0, 1, 0.997, 0.008
Chlo13, 0, 0, 0.315, 0.081, 0, 0, 0, 0, 0.013
Chlo14, 0, 0, 0.08, 0.035, 0, 0, 0, 0, 0.013
Chlo15, 1, 0, 0.029, 0.045, 1, 0, 1, 0.23, 0.782
Chlo16, 1, 0.001, 0.031, 0.44, 1, 0, 1, 0.302, 0.714
Chlo17, 1, 0.002, 0.703, 0.333, 1, 0, 1, 0.234, 0.776
Chlo18, 0, 0, 0.059, 0.058, 0, 0, 0, 0, 0.014
Chlo19, 0, 0, 0.098, 0.082, 0, 0, 0, 0, 0.014
Chlo20, 0, 0, 0.297, 0.077, 0, 0, 0, 0, 0.01
Chlo21, 0, 0, 0.029, 0.029, 0, 0, 0, 0, 0.024
Chlo22, 0, 0, 0.799, 0.11, 0, 0, 0, 0, 0.013
Chlo23, 0, 0, 0.176, 0.107, 0, 0, 0, 0, 0.019
Chlo24, 0, 0, 1.01, 0.013, 0, 0, 0, 0, 0.009
Chlo25, 0, 0, 0.097, 0.079, 0, 0, 0, 0, 0.009
Chlo26, 0, 0, 0.026, 0.028, 0, 0, 0, 0, 0.013
Chlo27, 1, 0, 0.059, 0.034, 1, 0, 1, 0.997, 0.016
Chlo28, 0, 0, 0.082, 0.046, 0, 0, 0, 0, 0.011
Chlo29, 1, 0.001, 0.664, 0.248, 1, 0, 1, 0.196, 0.82
Chlo30, 1, 0.002, 0.03, 0.614, 1, 0, 1, 0.991, 0.015
Chlo31, 0, 0, 0.099, 0.08, 0, 0, 0, 0, 0.011
Chlo32, 1, 0, 0.142, 0.06, 1, 0, 1, 0.696, 0.322
Chlo33, 0, 0, 0.167, 0.124, 0, 0, 0, 0, 0.02
Chlo34, 0, 0, 0.015, 0.013, 0, 0, 0, 0, 0.008
Chlo35, 0, 0, 0.017, 0.017, 0, 0, 0, 0, 0.012
Chlo36, 1, 0, 0.015, 0.014, 1, 0, 1, 1, 0.009
Chlo37, 1, 0.002, 0.038, 0.651, 1, 0, 1, 0.992, 0.023
Chlo38, 0, 0, 0.099, 0.087, 0, 0, 0, 0, 0.015
Chlo39, 0, 0, 0.027, 0.022, 0, 0, 0, 0, 0.009
Chlo4, 1, 0, 0.031, 0.034, 1, 0, 1, 0.998, 0.023
Chlo40, 1, 0, 0.02, 0.025, 1, 0, 1, 1, 0.014
Chlo41, 0, 0, 0.03, 0.027, 0, 0, 0, 0, 0.012
Chlo42, 0, 0, 0.015, 0.015, 0, 0, 0, 0, 0.008
Chlo43, 0, 0, 0.038, 0.025, 0, 0, 0, 0, 0.009
Chlo44, 1, 0.001, 0.249, 0.14, 1, 0, 1, 0.681, 0.323
Chlo45, 1, 0, 0.159, 0.011, 1, 0, 1, 0.996, 0.013
Chlo46, 1, 0, 1.015, 0.02, 1, 0, 1, 0.146, 0.869
Chlo47, 0, 0, 0.337, 0.09, 0, 0, 0, 0, 0.01
Chlo48, 1, 0.001, 0.024, 0.134, 1, 0, 1, 0.395, 0.621
Chlo5, 0, 0, 0.332, 0.133, 0, 0, 0, 0, 0.016
Chlo6, 0, 0, 0.059, 0.046, 0, 0, 0, 0, 0.014
Chlo7, 0, 0, 0.263, 0.045, 0, 0, 0, 0, 0.016
Chlo8, 1, 0.001, 0.03, 0.129, 1, 0, 1, 0.886, 0.125
Chlo9, 0, 0, 0.065, 0.046, 0, 0, 0, 0, 0.014
Chry1, 1, 0.003, 0.085, 1.118, 1, 0, 1, 0.702, 0.309
Cloa1, 0, 0, 0.04, 0.032, 0, 0, 0, 0, 0.018
Cyan1, 0, 0, 0.037, 0.034, 0, 0, 0, 0, 0.02
Cyan10, 1, 0.001, 0.209, 0.302, 1, 0, 1, 0.966, 0.053
Cyan11, 1, 0, 0.155, 0.04, 1, 0, 1, 0.877, 0.139
Cyan12, 0, 0, 0.024, 0.02, 0, 0, 0, 0, 0.013
Cyan13, 0, 0, 0.019, 0.015, 0, 0, 0, 0, 0.011
Cyan14, 2, 0.001, 1.236, 0.704, 1, 0, 2, 1.992, 0.023
Cyan15, 2, 0, 2.015, 0.654, 1, 0, 2, 1.209, 0.803
Cyan16, 1, 0, 2.008, 0.044, 1, 0, 1, 0.958, 0.053
Cyan18, 0, 0, 0.017, 0.018, 0, 0, 0, 0, 0.009
Cyan19, 1, 0, 0.264, 0.063, 1, 0, 1, 0.799, 0.203
Cyan2, 0, 0, 0.028, 0.023, 0, 0, 0, 0, 0.011
Cyan20, 1, 0, 0.151, 0.089, 1, 0, 1, 0.944, 0.067
Cyan21, 2, 0, 0.024, 0.024, 1, 0, 2, 1.195, 0.816
Cyan22, 2, 0, 0.055, 0.079, 1, 0, 2, 1.962, 0.051
Cyan23, 1, 0, 1.342, 0.094, 1, 0, 1, 0.998, 0.011
Cyan24, 1, 0.004, 0.877, 0.343, 1, 0, 1, 0.302, 0.704
Cyan25, 1, 0, 0.796, 0.048, 1, 0, 1, 0.408, 0.604
Cyan26, 1, 0, 0.886, 0.023, 1, 0, 1, 0.138, 0.87
Cyan27, 1, 0, 0.021, 0.011, 1, 0, 1, 0.879, 0.127
Cyan28, 1, 0, 0.037, 0.036, 1, 0, 1, 0.028, 0.985
Cyan29, 2, 0, 0.975, 0.021, 1, 0, 2, 1.991, 0.02
Cyan3, 2, 0.209, 0.962, 0.679, 1, 0, 2, 0.801, 0.929
Cyan30, 1, 0, 0.229, 0.059, 1, 0, 1, 0.008, 1.002
Cyan31, 1, 0.002, 0.787, 0.764, 1, 0, 1, 0.416, 0.591
Cyan32, 1, 0, 1.018, 0.53, 1, 0, 1, 0.218, 0.795
Cyan33, 1, 0, 0.219, 0.018, 1, 0, 1, 1, 0.011
Cyan34, 1, 0, 0.217, 0.628, 1, 0, 1, 0.99, 0.023
Cyan35, 1, 0, 0.339, 0.717, 1, 0, 1, 0.765, 0.249
Cyan36, 1, 0.001, 0.714, 0.245, 1, 0, 1, 0.873, 0.14
Cyan37, 1, 0.001, 0.466, 0.322, 1, 0, 1, 0.256, 0.752
Cyan38, 1, 0, 0.11, 0.134, 1, 0, 1, 0.053, 0.959
Cyan4, 0, 0, 0.018, 0.016, 0, 0, 0, 0, 0.012
Cyan40, 1, 0, 0.892, 0.017, 1, 0, 1, 0.012, 0.998
Cyan41, 1, 0, 0.076, 0.036, 1, 0, 1, 1, 0.013
Cyan42, 1, 0, 0.883, 0.169, 1, 0, 1, 0.952, 0.059
Cyan43, 1, 0, 0.015, 0.018, 1, 0, 1, 1, 0.008
Cyan44, 1, 0, 0.013, 0.015, 1, 0, 1, 1, 0.01
Cyan45, 1, 0.002, 0.984, 0.399, 1, 0, 1, 0.184, 0.827
Cyan46, 1, 0, 0.23, 0.354, 1, 0, 1, 1, 0.007
Cyan47, 1, 0, 0.016, 0.016, 1, 0, 1, 1, 0.013
Cyan7, 0, 0, 0.032, 0.033, 0, 0, 0, 0, 0.021
Cyan8, 0, 0, 0.023, 0.025, 0, 0, 0, 0, 0.013
Cyan9, 0, 0, 0.016, 0.013, 0, 0, 0, 0, 0.01
DTU0X1, 0, 0, 0.013, 0.009, 0, 0, 0, 0, 0.007
Defe1, 0, 0, 0.624, 0.441, 0, 0, 0, 0, 0.011
Defe2, 0, 0, 0.654, 0.308, 0, 0, 0, 0, 0.007
Defe3, 1, 0, 0.018, 0.438, 1, 0, 1, 0.635, 0.371
Dein1, 0, 0, 0.916, 0.065, 0, 0, 0, 0, 0.01
Dein2, 1, 0, 0.049, 0.031, 1, 0, 1, 0.998, 0.013
Dein3, 0, 0, 0.927, 0.051, 0, 0, 0, 0, 0.022
Dein4, 1, 0, 0.012, 0.012, 1, 0, 1, 1, 0.007
Dein5, 1, 0, 0.027, 0.101, 1, 0, 1, 0.896, 0.121
Dein6, 1, 0, 0.017, 0.019, 1, 0, 1, 1, 0.012
Dein7, 1, 0, 0.023, 0.094, 1, 0, 1, 0.894, 0.118
Desa1, 0, 0, 0.126, 0.077, 0, 0, 0, 0, 0.027
DesuB1, 2, 0.001, 0.035, 0.162, 1, 0, 2, 1.251, 0.765
DesuB2, 1, 0, 0.28, 0.129, 1, 0, 1, 0.999, 0.011
DesuB3, 1, 0, 0.03, 0.026, 1, 0, 1, 0.999, 0.012
DesuB4, 1, 0, 0.028, 0.027, 1, 0, 1, 1, 0.01
DesuC1, 0, 0, 1.02, 0.016, 0, 0, 0, 0, 0.014
DesuC2, 1, 0, 0.018, 0.021, 1, 0, 1, 0.999, 0.012
DesuD1, 1, 0, 0.086, 0.057, 1, 0, 1, 0.999, 0.019
DesuD2, 1, 0, 0.081, 0.049, 1, 0, 1, 0.998, 0.014
Desua1, 0, 0, 0.019, 0.023, 0, 0, 0, 0, 0.017
Desua10, 0, 0, 0.06, 0.035, 0, 0, 0, 0, 0.016
Desua11, 0, 0, 0.012, 0.014, 0, 0, 0, 0, 0.011
Desua12, 0, 0, 0.02, 0.019, 0, 0, 0, 0, 0.014
Desua13, 0, 0, 0.034, 0.029, 0, 0, 0, 0, 0.019
Desua14, 0, 0, 0.16, 0.073, 0, 0, 0, 0, 0.008
Desua15, 1, 0, 0.969, 0.022, 1, 0, 1, 0.995, 0.018
Desua16, 1, 0, 1.01, 0.026, 1, 0, 1, 0.947, 0.059
Desua17, 1, 0.001, 0.575, 0.284, 1, 0, 1, 0.785, 0.227
Desua18, 1, 0, 0.521, 0.279, 1, 0, 1, 0.736, 0.274
Desua19, 0, 0, 0.038, 0.03, 0, 0, 0, 0, 0.014
Desua2, 0, 0, 0.311, 0.107, 0, 0, 0, 0, 0.014
Desua20, 0, 0, 0.182, 0.066, 0, 0, 0, 0, 0.015
Desua21, 0, 0, 0.018, 0.016, 0, 0, 0, 0, 0.012
Desua22, 0, 0, 0.433, 0.181, 0, 0, 0, 0, 0.016
Desua23, 1, 0.002, 0.022, 0.732, 1, 0, 1, 0.413, 0.603
Desua24, 1, 0, 0.954, 0.022, 1, 0, 1, 0.996, 0.016
Desua25, 0, 0, 0.022, 0.025, 0, 0, 0, 0, 0.018
Desua26, 0, 0, 0.015, 0.014, 0, 0, 0, 0, 0.014
Desua27, 0, 0, 0.012, 0.014, 0, 0, 0, 0, 0.011
Desua28, 1, 0, 0.017, 0.013, 1, 0, 1, 1, 0.008
Desua29, 0, 0, 0.014, 0.016, 0, 0, 0, 0, 0.011
Desua3, 0, 0, 0.014, 0.014, 0, 0, 0, 0, 0.011
Desua30, 0, 0, 0.019, 0.022, 0, 0, 0, 0, 0.018
Desua31, 0, 0, 0.013, 0.014, 0, 0, 0, 0, 0.009
Desua32, 0, 0, 0.024, 0.026, 0, 0, 0, 0, 0.014
Desua33, 0, 0, 0.018, 0.018, 0, 0, 0, 0, 0.012
Desua34, 0, 0, 0.009, 0.009, 0, 0, 0, 0, 0.007
Desua35, 1, 0, 0.019, 0.013, 1, 0, 1, 1, 0.01
Desua36, 0, 0, 0.012, 0.016, 0, 0, 0, 0, 0.008
Desua37, 1, 0, 0.065, 0.013, 1, 0, 1, 0.995, 0.014
Desua38, 0, 0, 0.011, 0.01, 0, 0, 0, 0, 0.007
Desua39, 0, 0, 0.009, 0.007, 0, 0, 0, 0, 0.004
Desua4, 0, 0, 0.03, 0.033, 0, 0, 0, 0, 0.022
Desua40, 0, 0, 0.015, 0.015, 0, 0, 0, 0, 0.011
Desua41, 1, 0, 0.014, 0.014, 1, 0, 1, 0.201, 0.808
Desua42, 0, 0, 0.015, 0.016, 0, 0, 0, 0, 0.009
Desua43, 0, 0, 0.018, 0.018, 0, 0, 0, 0, 0.016
Desua44, 0, 0, 0.017, 0.016, 0, 0, 0, 0, 0.013
Desua45, 0, 0, 0.037, 0.039, 0, 0, 0, 0, 0.021
Desua46, 0, 0, 0.011, 0.008, 0, 0, 0, 0, 0.007
Desua47, 0, 0, 0.01, 0.009, 0, 0, 0, 0, 0.007
Desua48, 0, 0, 0.016, 0.015, 0, 0, 0, 0, 0.01
Desua49, 0, 0, 0.016, 0.016, 0, 0, 0, 0, 0.01
Desua5, 0, 0, 0.093, 0.057, 0, 0, 0, 0, 0.012
Desua50, 0, 0, 0.013, 0.015, 0, 0, 0, 0, 0.011
Desua51, 1, 0, 0.013, 0.013, 1, 0, 1, 1, 0.01
Desua52, 0, 0, 0.009, 0.01, 0, 0, 0, 0, 0.007
Desua53, 1, 0, 0.011, 0.009, 1, 0, 1, 1, 0.008
Desua54, 0, 0, 0.014, 0.017, 0, 0, 0, 0, 0.009
Desua6, 0, 0, 0.031, 0.028, 0, 0, 0, 0, 0.021
Desua7, 0, 0, 0.022, 0.027, 0, 0, 0, 0, 0.012
Desua8, 1, 0.002, 0.028, 0.429, 1, 0, 1, 0.283, 0.729
Desua9, 1, 0, 0.543, 0.024, 1, 0, 1, 0.815, 0.196
Dict1, 0, 0, 0.016, 0.017, 0, 0, 0, 0, 0.008
Dorm1, 0, 0, 0.992, 0.022, 0, 0, 0, 0, 0.014
Dorm2, 1, 0, 0.019, 0.024, 1, 0, 1, 0.968, 0.041
Dorm3, 1, 0.003, 0.541, 0.383, 1, 0, 1, 0.694, 0.318
Dorm4, 1, 0, 0.11, 0.072, 1, 0, 1, 0.976, 0.033
Dorm5, 0, 0, 0.987, 0.017, 0, 0, 0, 0, 0.009
Edwa1, 0, 0, 0.025, 0.03, 0, 0, 0, 0, 0.017
Eise1, 0, 0, 0.023, 0.019, 0, 0, 0, 0, 0.016
Eise2, 0, 0, 0.019, 0.021, 0, 0, 0, 0, 0.012
Eise3, 0, 0, 0.016, 0.018, 0, 0, 0, 0, 0.012
Eise4, 0, 0, 0.013, 0.011, 0, 0, 0, 0, 0.009
Elus1, 0, 0, 0.077, 0.044, 0, 0, 0, 0, 0.021
Elus10, 0, 0, 0.015, 0.013, 0, 0, 0, 0, 0.006
Elus2, 1, 0.002, 0.023, 0.208, 1, 0, 1, 0.198, 0.818
Elus3, 0, 0, 0.018, 0.016, 0, 0, 0, 0, 0.007
Elus4, 1, 0.001, 0.019, 0.24, 1, 0, 1, 0.207, 0.802
Elus5, 0, 0, 0.22, 0.047, 0, 0, 0, 0, 0.017
Elus6, 0, 0, 0.015, 0.014, 0, 0, 0, 0, 0.008
Elus7, 0, 0, 0.076, 0.026, 0, 0, 0, 0, 0.011
Elus8, 0, 0, 0.022, 0.019, 0, 0, 0, 0, 0.015
Elus9, 0, 0, 0.018, 0.019, 0, 0, 0, 0, 0.009
Erem2, 0, 0, 0.025, 0.029, 0, 0, 0, 0, 0.02
Erem3, 0, 0, 0.019, 0.015, 0, 0, 0, 0, 0.01
Erem4, 0, 0, 0.019, 0.014, 0, 0, 0, 0, 0.012
Erem5, 0, 0, 0.017, 0.018, 0, 0, 0, 0, 0.01
Erem6, 0, 0, 0.023, 0.023, 0, 0, 0, 0, 0.016
FCPU1, 1, 0, 0.022, 0.017, 1, 0, 1, 1, 0.008
FCPU2, 1, 0, 0.029, 0.025, 1, 0, 1, 1, 0.015
Ferm1, 0, 0, 0.03, 0.036, 0, 0, 0, 0, 0.026
Fibr1, 1, 0.001, 0.028, 0.315, 1, 0, 1, 0.201, 0.811
Fibr2, 0, 0, 0.043, 0.033, 0, 0, 0, 0, 0.01
Fibr3, 0, 0, 0.042, 0.03, 0, 0, 0, 0, 0.016
Fibr4, 0, 0, 0.042, 0.031, 0, 0, 0, 0, 0.009
Fibr5, 0, 0, 0.226, 0.075, 0, 0, 0, 0, 0.01
Fibr6, 1, 0.001, 0.022, 0.363, 1, 0, 1, 0.169, 0.842
Fire1, 1, 0, 0.086, 0.132, 1, 0, 1, 0.065, 0.956
FirmA1, 0, 0, 0.031, 0.026, 0, 0, 0, 0, 0.022
FirmA10, 0, 0, 0.015, 0.015, 0, 0, 0, 0, 0.011
FirmA100, 0, 0, 0.019, 0.021, 0, 0, 0, 0, 0.012
FirmA101, 0, 0, 0.012, 0.014, 0, 0, 0, 0, 0.009
FirmA102, 0, 0, 0.018, 0.019, 0, 0, 0, 0, 0.011
FirmA103, 0, 0, 0.015, 0.016, 0, 0, 0, 0, 0.01
FirmA104, 0, 0, 0.021, 0.026, 0, 0, 0, 0, 0.016
FirmA105, 0, 0, 0.014, 0.012, 0, 0, 0, 0, 0.008
FirmA106, 0, 0, 0.021, 0.019, 0, 0, 0, 0, 0.012
FirmA107, 0, 0, 0.013, 0.009, 0, 0, 0, 0, 0.005
FirmA108, 0, 0, 0.008, 0.008, 0, 0, 0, 0, 0.007
FirmA109, 0, 0, 0.018, 0.022, 0, 0, 0, 0, 0.015
FirmA11, 0, 0, 0.034, 0.031, 0, 0, 0, 0, 0.018
FirmA110, 0, 0, 0.019, 0.018, 0, 0, 0, 0, 0.013
FirmA111, 0, 0, 0.035, 0.02, 0, 0, 0, 0, 0.015
FirmA112, 0, 0, 0.017, 0.017, 0, 0, 0, 0, 0.015
FirmA113, 0, 0, 0.021, 0.022, 0, 0, 0, 0, 0.011
FirmA114, 0, 0, 0.013, 0.018, 0, 0, 0, 0, 0.008
FirmA12, 0, 0, 0.019, 0.018, 0, 0, 0, 0, 0.01
FirmA14, 0, 0, 0.028, 0.033, 0, 0, 0, 0, 0.018
FirmA16, 0, 0, 0.021, 0.016, 0, 0, 0, 0, 0.011
FirmA18, 0, 0, 0.013, 0.011, 0, 0, 0, 0, 0.008
FirmA19, 0, 0, 0.02, 0.017, 0, 0, 0, 0, 0.012
FirmA2, 0, 0, 0.028, 0.024, 0, 0, 0, 0, 0.019
FirmA20, 0, 0, 0.022, 0.02, 0, 0, 0, 0, 0.015
FirmA21, 0, 0, 0.01, 0.007, 0, 0, 0, 0, 0.004
FirmA24, 0, 0, 0.029, 0.034, 0, 0, 0, 0, 0.021
FirmA25, 0, 0, 0.017, 0.019, 0, 0, 0, 0, 0.009
FirmA26, 0, 0, 0.013, 0.013, 0, 0, 0, 0, 0.011
FirmA27, 0, 0, 0.009, 0.009, 0, 0, 0, 0, 0.009
FirmA28, 0, 0, 0.024, 0.021, 0, 0, 0, 0, 0.016
FirmA29, 0, 0, 0.016, 0.016, 0, 0, 0, 0, 0.011
FirmA30, 0, 0, 0.022, 0.022, 0, 0, 0, 0, 0.015
FirmA31, 0, 0, 0.022, 0.02, 0, 0, 0, 0, 0.014
FirmA32, 0, 0, 0.23, 0.058, 0, 0, 0, 0, 0.011
FirmA33, 0, 0, 0.01, 0.014, 0, 0, 0, 0, 0.008
FirmA34, 0, 0, 0.011, 0.008, 0, 0, 0, 0, 0.006
FirmA35, 0, 0, 0.01, 0.009, 0, 0, 0, 0, 0.008
FirmA36, 0, 0, 0.026, 0.026, 0, 0, 0, 0, 0.021
FirmA37, 0, 0, 0.021, 0.022, 0, 0, 0, 0, 0.014
FirmA38, 1, 0, 0.023, 0.491, 1, 0, 1, 0.216, 0.804
FirmA39, 0, 0, 0.014, 0.017, 0, 0, 0, 0, 0.009
FirmA40, 0, 0, 0.014, 0.012, 0, 0, 0, 0, 0.012
FirmA41, 0, 0, 0.023, 0.024, 0, 0, 0, 0, 0.021
FirmA42, 0, 0, 0.018, 0.014, 0, 0, 0, 0, 0.008
FirmA43, 0, 0, 0.028, 0.03, 0, 0, 0, 0, 0.023
FirmA44, 0, 0, 0.019, 0.014, 0, 0, 0, 0, 0.01
FirmA45, 0, 0, 0.017, 0.018, 0, 0, 0, 0, 0.015
FirmA46, 0, 0, 0.021, 0.022, 0, 0, 0, 0, 0.015
FirmA47, 0, 0, 0.012, 0.012, 0, 0, 0, 0, 0.006
FirmA48, 0, 0, 0.016, 0.018, 0, 0, 0, 0, 0.012
FirmA49, 0, 0, 0.022, 0.024, 0, 0, 0, 0, 0.017
FirmA5, 0, 0, 0.016, 0.016, 0, 0, 0, 0, 0.011
FirmA50, 0, 0, 0.012, 0.012, 0, 0, 0, 0, 0.007
FirmA51, 0, 0, 0.015, 0.017, 0, 0, 0, 0, 0.01
FirmA52, 0, 0, 0.018, 0.018, 0, 0, 0, 0, 0.01
FirmA53, 0, 0, 0.015, 0.021, 0, 0, 0, 0, 0.013
FirmA54, 0, 0.001, 0.28, 0.121, 0, 0, 0, 0, 0.009
FirmA55, 0, 0, 0.02, 0.024, 0, 0, 0, 0, 0.014
FirmA56, 0, 0, 0.021, 0.02, 0, 0, 0, 0, 0.013
FirmA57, 0, 0, 0.016, 0.016, 0, 0, 0, 0, 0.011
FirmA58, 0, 0, 0.016, 0.02, 0, 0, 0, 0, 0.011
FirmA59, 0, 0, 0.013, 0.012, 0, 0, 0, 0, 0.009
FirmA6, 0, 0, 0.015, 0.017, 0, 0, 0, 0, 0.013
FirmA60, 0, 0, 0.02, 0.018, 0, 0, 0, 0, 0.014
FirmA61, 0, 0, 0.015, 0.012, 0, 0, 0, 0, 0.006
FirmA62, 0, 0, 0.018, 0.023, 0, 0, 0, 0, 0.016
FirmA63, 0, 0, 0.018, 0.02, 0, 0, 0, 0, 0.014
FirmA64, 0, 0, 0.01, 0.009, 0, 0, 0, 0, 0.008
FirmA65, 0, 0, 0.007, 0.004, 0, 0, 0, 0, 0.002
FirmA66, 0, 0, 0.019, 0.018, 0, 0, 0, 0, 0.01
FirmA67, 0, 0, 0.015, 0.015, 0, 0, 0, 0, 0.01
FirmA68, 0, 0, 0.016, 0.012, 0, 0, 0, 0, 0.008
FirmA69, 0, 0, 0.018, 0.018, 0, 0, 0, 0, 0.013
FirmA7, 0, 0, 0.019, 0.021, 0, 0, 0, 0, 0.015
FirmA70, 0, 0, 0.017, 0.014, 0, 0, 0, 0, 0.012
FirmA71, 0, 0, 0.013, 0.016, 0, 0, 0, 0, 0.013
FirmA72, 0, 0, 0.008, 0.008, 0, 0, 0, 0, 0.007
FirmA73, 0, 0, 0.009, 0.008, 0, 0, 0, 0, 0.008
FirmA74, 0, 0, 0.019, 0.018, 0, 0, 0, 0, 0.013
FirmA75, 0, 0, 0.014, 0.018, 0, 0, 0, 0, 0.011
FirmA76, 0, 0, 0.014, 0.016, 0, 0, 0, 0, 0.007
FirmA77, 0, 0, 0.015, 0.011, 0, 0, 0, 0, 0.008
FirmA78, 0, 0, 0.013, 0.008, 0, 0, 0, 0, 0.008
FirmA79, 0, 0, 0.016, 0.018, 0, 0, 0, 0, 0.011
FirmA8, 0, 0, 0.029, 0.025, 0, 0, 0, 0, 0.021
FirmA80, 0, 0, 0.021, 0.021, 0, 0, 0, 0, 0.016
FirmA81, 0, 0, 0.021, 0.019, 0, 0, 0, 0, 0.013
FirmA83, 0, 0, 0.017, 0.016, 0, 0, 0, 0, 0.012
FirmA84, 0, 0, 0.016, 0.019, 0, 0, 0, 0, 0.011
FirmA85, 0, 0, 0.014, 0.014, 0, 0, 0, 0, 0.01
FirmA86, 0, 0, 0.025, 0.026, 0, 0, 0, 0, 0.018
FirmA87, 0, 0, 0.016, 0.016, 0, 0, 0, 0, 0.007
FirmA88, 0, 0, 0.012, 0.012, 0, 0, 0, 0, 0.009
FirmA89, 0, 0, 0.019, 0.015, 0, 0, 0, 0, 0.013
FirmA9, 0, 0, 0.017, 0.016, 0, 0, 0, 0, 0.012
FirmA90, 0, 0, 0.015, 0.016, 0, 0, 0, 0, 0.013
FirmA91, 0, 0, 0.015, 0.015, 0, 0, 0, 0, 0.009
FirmA92, 1, 0.001, 0.019, 0.315, 1, 0, 1, 0.268, 0.748
FirmA93, 0, 0, 0.017, 0.015, 0, 0, 0, 0, 0.008
FirmA94, 0, 0, 0.008, 0.007, 0, 0, 0, 0, 0.005
FirmA95, 0, 0, 0.014, 0.015, 0, 0, 0, 0, 0.011
FirmA96, 0, 0, 0.02, 0.02, 0, 0, 0, 0, 0.014
FirmA97, 0, 0, 0.019, 0.016, 0, 0, 0, 0, 0.011
FirmA98, 0, 0, 0.017, 0.016, 0, 0, 0, 0, 0.012
FirmA99, 0, 0, 0.019, 0.017, 0, 0, 0, 0, 0.011
FirmB1, 0, 0, 0.015, 0.015, 0, 0, 0, 0, 0.01
FirmB10, 0, 0, 0.04, 0.027, 0, 0, 0, 0, 0.008
FirmB11, 0, 0, 1, 0.008, 0, 0, 0, 0, 0.008
FirmB12, 1, 0, 0.016, 0.019, 1, 0, 1, 0.992, 0.017
FirmB13, 0, 0, 0.012, 0.014, 0, 0, 0, 0, 0.009
FirmB14, 0, 0, 0.022, 0.022, 0, 0, 0, 0, 0.015
FirmB15, 0, 0, 0.019, 0.02, 0, 0, 0, 0, 0.014
FirmB16, 0, 0, 0.006, 0.004, 0, 0, 0, 0, 0.003
FirmB17, 0, 0, 0.013, 0.012, 0, 0, 0, 0, 0.008
FirmB2, 1, 0, 0.009, 0.02, 1, 0, 1, 0.991, 0.017
FirmB3, 0, 0, 0.022, 0.025, 0, 0, 0, 0, 0.015
FirmB4, 0, 0, 0.009, 0.012, 0, 0, 0, 0, 0.008
FirmB5, 0, 0, 0.011, 0.01, 0, 0, 0, 0, 0.008
FirmB6, 0, 0, 0.022, 0.023, 0, 0, 0, 0, 0.013
FirmB7, 0, 0, 0.022, 0.016, 0, 0, 0, 0, 0.013
FirmB8, 0, 0, 0.017, 0.018, 0, 0, 0, 0, 0.014
FirmB9, 0, 0, 0.043, 0.036, 0, 0, 0, 0, 0.011
FirmC1, 0, 0, 0.015, 0.016, 0, 0, 0, 0, 0.014
FirmC10, 0, 0, 0.008, 0.012, 0, 0, 0, 0, 0.006
FirmC11, 0, 0, 0.026, 0.023, 0, 0, 0, 0, 0.017
FirmC12, 0, 0, 0.016, 0.018, 0, 0, 0, 0, 0.009
FirmC13, 0, 0, 0.012, 0.012, 0, 0, 0, 0, 0.01
FirmC14, 0, 0, 0.012, 0.015, 0, 0, 0, 0, 0.01
FirmC15, 0, 0, 0.021, 0.017, 0, 0, 0, 0, 0.014
FirmC16, 0, 0, 0.016, 0.018, 0, 0, 0, 0, 0.011
FirmC17, 0, 0, 0.018, 0.021, 0, 0, 0, 0, 0.016
FirmC18, 0, 0, 0.01, 0.011, 0, 0, 0, 0, 0.006
FirmC19, 0, 0, 0.02, 0.023, 0, 0, 0, 0, 0.016
FirmC3, 0, 0, 0.024, 0.024, 0, 0, 0, 0, 0.015
FirmC4, 0, 0, 0.012, 0.013, 0, 0, 0, 0, 0.011
FirmC5, 0, 0, 0.034, 0.028, 0, 0, 0, 0, 0.014
FirmC6, 0, 0, 0.014, 0.013, 0, 0, 0, 0, 0.009
FirmC7, 0, 0, 0.02, 0.015, 0, 0, 0, 0, 0.008
FirmC8, 0, 0, 0.018, 0.016, 0, 0, 0, 0, 0.012
FirmC9, 0, 0, 0.019, 0.018, 0, 0, 0, 0, 0.012
FirmD1, 0, 0, 0.474, 0.122, 0, 0, 0, 0, 0.027
FirmD2, 0, 0, 0.02, 0.018, 0, 0, 0, 0, 0.012
FirmD3, 0, 0, 0.029, 0.03, 0, 0, 0, 0, 0.021
FirmD4, 0, 0, 0.032, 0.029, 0, 0, 0, 0, 0.014
FirmE1, 0, 0, 0.482, 0.14, 0, 0, 0, 0, 0.02
FirmE2, 0, 0, 0.514, 0.138, 0, 0, 0, 0, 0.012
FirmE3, 0, 0, 0.022, 0.019, 0, 0, 0, 0, 0.014
FirmE4, 1, 0, 0.022, 0.02, 1, 0, 1, 0.999, 0.015
FirmE5, 0, 0, 0.026, 0.024, 0, 0, 0, 0, 0.018
FirmE6, 1, 0, 0.016, 0.031, 1, 0, 1, 0.999, 0.009
FirmE7, 1, 0, 0.25, 0.133, 1, 0, 1, 1, 0.009
FirmE8, 2, 0.003, 0.022, 0.202, 1, 0, 2, 1.236, 0.778
FirmF1, 0, 0, 0.033, 0.029, 0, 0, 0, 0, 0.021
FirmF2, 0, 0, 0.01, 0.012, 0, 0, 0, 0, 0.006
FirmF3, 0, 0, 0.021, 0.021, 0, 0, 0, 0, 0.017
FirmG1, 0, 0, 0.04, 0.031, 0, 0, 0, 0, 0.01
FirmG2, 1, 0, 0.041, 0.321, 1, 0, 1, 0.181, 0.838
FirmG3, 0, 0, 0.03, 0.029, 0, 0, 0, 0, 0.01
FirmG4, 1, 0.001, 0.049, 0.326, 1, 0, 1, 0.284, 0.744
FirmG5, 0, 0.001, 0.046, 0.042, 0, 0, 0, 0, 0.015
FirmG6, 0, 0, 0.039, 0.033, 0, 0, 0, 0, 0.019
Firms1, 1, 0, 0.25, 0.064, 1, 0, 1, 0.214, 0.801
Firms10, 1, 0, 0.294, 0.081, 1, 0, 1, 0.164, 0.845
Firms11, 2, 0.002, 0.053, 0.448, 1, 0, 2, 1.99, 0.015
Firms12, 0, 0, 0.056, 0.022, 0, 0, 0, 0, 0.016
Firms13, 1, 0, 0.129, 0.213, 1, 0, 1, 0.978, 0.03
Firms15, 1, 0, 0.01, 0.007, 1, 0, 1, 0.377, 0.629
Firms16, 0, 0, 0.014, 0.017, 0, 0, 0, 0, 0.007
Firms17, 2, 0.002, 0.121, 0.5, 1, 0, 2, 1.93, 0.083
Firms18, 0, 0, 0.017, 0.016, 0, 0, 0, 0, 0.015
Firms2, 0, 0, 0.021, 0.021, 0, 0, 0, 0, 0.016
Firms20, 1, 0, 0.019, 0.022, 1, 0, 1, 0.16, 0.852
Firms21, 0, 0, 0.014, 0.015, 0, 0, 0, 0, 0.008
Firms22, 1, 0, 1.25, 0.049, 1, 0, 1, 0.979, 0.035
Firms23, 0, 0, 0.009, 0.008, 0, 0, 0, 0, 0.007
Firms24, 1, 0, 0.023, 0.022, 1, 0, 1, 0.999, 0.016
Firms25, 0, 0, 0.018, 0.017, 0, 0, 0, 0, 0.014
Firms26, 1, 0, 0.019, 0.016, 1, 0, 1, 0.998, 0.012
Firms27, 2, 0, 0.977, 0.04, 1, 0, 2, 1.246, 0.762
Firms28, 0, 0, 0.018, 0.015, 0, 0, 0, 0, 0.007
Firms29, 0, 0, 0.183, 0.027, 0, 0, 0, 0, 0.016
Firms3, 0, 0, 1.723, 0.29, 0, 0, 0, 0, 0.014
Firms30, 0, 0, 0.016, 0.018, 0, 0, 0, 0, 0.013
Firms31, 0, 0, 0.015, 0.018, 0, 0, 0, 0, 0.012
Firms32, 0, 0, 0.012, 0.013, 0, 0, 0, 0, 0.008
Firms33, 0, 0, 0.012, 0.01, 0, 0, 0, 0, 0.006
Firms4, 1, 0.004, 0.264, 0.941, 1, 0, 1, 0.861, 0.144
Firms5, 2, 0, 0.196, 0.114, 1, 0, 2, 1.883, 0.131
Firms6, 0, 0, 0.876, 0.171, 0, 0, 0, 0, 0.016
Firms7, 1, 0, 1.044, 0.02, 1, 0, 1, 1, 0.013
Firms8, 1, 0, 0.081, 0.526, 1, 0, 1, 0.922, 0.087
Firms9, 0, 0, 0.017, 0.015, 0, 0, 0, 0, 0.008
Fuso2, 0, 0, 0.056, 0.043, 0, 0, 0, 0, 0.014
Gemm2, 0, 0, 0.018, 0.019, 0, 0, 0, 0, 0.014
Gemm3, 1, 0.001, 0.026, 0.036, 1, 0, 1, 0.179, 0.836
Gemm4, 0, 0, 0.015, 0.014, 0, 0, 0, 0, 0.011
Gemm5, 0, 0, 0.029, 0.023, 0, 0, 0, 0, 0.015
Gemm6, 0, 0, 0.199, 0.025, 0, 0, 0, 0, 0.01
Gemm7, 0, 0, 0.033, 0.022, 0, 0, 0, 0, 0.016
Gemm8, 1, 0, 0.019, 0.194, 1, 0, 1, 0.063, 0.953
Gemm9, 0, 0, 0.049, 0.022, 0, 0, 0, 0, 0.015
GemmA1, 0, 0, 0.016, 0.015, 0, 0, 0, 0, 0.013
Gold1, 0, 0, 0.018, 0.016, 0, 0, 0, 0, 0.009
Gold2, 0, 0, 0.02, 0.02, 0, 0, 0, 0, 0.011
Hydr1, 1, 0, 0.062, 0.05, 1, 0, 1, 0.999, 0.018
Hydr2, 1, 0, 0.048, 0.037, 1, 0, 1, 0.999, 0.004
J088X1, 1, 0.005, 0.2, 0.466, 1, 0, 1, 0.542, 0.478
KSB1X1, 0, 0, 0.017, 0.021, 0, 0, 0, 0, 0.013
KSB1X2, 0, 0, 0.02, 0.025, 0, 0, 0, 0, 0.017
KSB1X3, 0, 0, 0.021, 0.024, 0, 0, 0, 0, 0.017
KSB1X4, 0, 0, 0.016, 0.019, 0, 0, 0, 0, 0.013
Krum1, 0, 0, 0.019, 0.021, 0, 0, 0, 0, 0.015
Late1, 1, 0, 0.019, 0.281, 1, 0, 1, 0.209, 0.806
Late2, 0, 0, 0.061, 0.024, 0, 0, 0, 0, 0.012
Late3, 0, 0, 0.227, 0.052, 0, 0, 0, 0, 0.014
Lind1, 1, 0, 0.278, 0.619, 1, 0, 1, 0.81, 0.2
Lind2, 1, 0.003, 0.861, 0.655, 1, 0, 1, 0.239, 0.78
Lind4, 1, 0.001, 0.18, 0.929, 1, 0, 1, 0.894, 0.12
Marg1, 0, 0, 0.033, 0.035, 0, 0, 0, 0, 0.021
Marg2, 1, 0.001, 0.024, 0.165, 1, 0, 1, 0.259, 0.76
Marg6, 0, 0, 0.033, 0.039, 0, 0, 0, 0, 0.021
Marg7, 0, 0, 0.277, 0.079, 0, 0, 0, 0, 0.014
Mari1, 0, 0, 0.052, 0.047, 0, 0, 0, 0, 0.022
Mari2, 0, 0, 0.021, 0.019, 0, 0, 0, 0, 0.013
Mari3, 0, 0, 0.026, 0.028, 0, 0, 0, 0, 0.018
Mari5, 1, 0, 0.016, 0.309, 1, 0, 1, 0.273, 0.741
Mari6, 0, 0, 0.043, 0.038, 0, 0, 0, 0, 0.013
Meth1, 0, 0, 0.055, 0.041, 0, 0, 0, 0, 0.015
Meth2, 0, 0, 0.055, 0.037, 0, 0, 0, 0, 0.015
Meth3, 1, 0, 0.675, 0.018, 1, 0, 1, 0.608, 0.4
Meth4, 1, 0.001, 0.397, 0.248, 1, 0, 1, 0.891, 0.121
Meth5, 1, 0, 0.31, 0.135, 1, 0, 1, 0.771, 0.239
Muir1, 0, 0, 0.024, 0.026, 0, 0, 0, 0, 0.02
MyxA1, 1, 0, 0.023, 0.015, 1, 0, 1, 0.999, 0.009
MyxA2, 1, 0, 0.018, 0.014, 1, 0, 1, 1, 0.008
MyxA3, 1, 0, 0.021, 0.017, 1, 0, 1, 1, 0.011
MyxA4, 2, 0, 0.045, 0.349, 1, 0, 2, 1.005, 1.01
Myxo1, 0, 0, 0.021, 0.023, 0, 0, 0, 0, 0.014
Myxo10, 0, 0, 0.06, 0.027, 0, 0, 0, 0, 0.017
Myxo11, 0, 0, 0.018, 0.013, 0, 0, 0, 0, 0.011
Myxo13, 0, 0, 0.019, 0.02, 0, 0, 0, 0, 0.012
Myxo14, 1, 0, 0.023, 0.021, 1, 0, 1, 0.997, 0.016
Myxo15, 0, 0, 0.182, 0.023, 0, 0, 0, 0, 0.009
Myxo17, 0, 0, 0.269, 0.075, 0, 0, 0, 0, 0.006
Myxo18, 1, 0, 0.024, 0.035, 1, 0, 1, 0.161, 0.851
Myxo19, 1, 0, 0.02, 0.447, 1, 0, 1, 0.254, 0.757
Myxo2, 0, 0, 0.018, 0.013, 0, 0, 0, 0, 0.011
Myxo3, 0, 0, 0.046, 0.042, 0, 0, 0, 0, 0.028
Myxo5, 1, 0, 0.21, 0.039, 1, 0, 1, 0.158, 0.854
Myxo6, 1, 0, 0.023, 0.019, 1, 0, 1, 0.998, 0.016
Myxo7, 0, 0, 0.017, 0.016, 0, 0, 0, 0, 0.013
Myxo8, 0, 0, 0.018, 0.016, 0, 0, 0, 0, 0.014
Myxo9, 0, 0, 0.043, 0.023, 0, 0, 0, 0, 0.017
NPL1, 0, 0, 0.06, 0.06, 0, 0, 0, 0, 0.024
Nitr1, 0, 0, 0.031, 0.032, 0, 0, 0, 0, 0.018
Nitr10, 1, 0, 0.017, 0.019, 1, 0, 1, 1, 0.013
Nitr11, 0, 0, 0.022, 0.018, 0, 0, 0, 0, 0.009
Nitr12, 0, 0, 0.014, 0.022, 0, 0, 0, 0, 0.011
Nitr13, 0, 0, 0.016, 0.014, 0, 0, 0, 0, 0.012
Nitr14, 0, 0, 0.015, 0.014, 0, 0, 0, 0, 0.012
Nitr15, 0, 0, 0.082, 0.02, 0, 0, 0, 0, 0.007
Nitr16, 0, 0, 0.026, 0.027, 0, 0, 0, 0, 0.013
Nitr17, 0, 0, 0.015, 0.016, 0, 0, 0, 0, 0.011
Nitr2, 0, 0, 0.013, 0.009, 0, 0, 0, 0, 0.009
Nitr3, 1, 0, 0.015, 0.017, 1, 0, 1, 1, 0.013
Nitr4, 1, 0, 0.013, 0.015, 1, 0, 1, 0.999, 0.01
Nitr5, 0, 0, 0.016, 0.013, 0, 0, 0, 0, 0.012
Nitr6, 1, 0, 0.014, 0.011, 1, 0, 1, 1, 0.01
Nitr7, 0, 0, 0.021, 0.023, 0, 0, 0, 0, 0.014
Nitr8, 0, 0, 0.04, 0.035, 0, 0, 0, 0, 0.027
Nitr9, 0, 0, 0.019, 0.017, 0, 0, 0, 0, 0.012
Nits1, 1, 0, 0.019, 0.019, 1, 0, 1, 0.997, 0.015
Nits2, 1, 0, 0.026, 0.139, 1, 0, 1, 0.209, 0.803
Nits3, 1, 0, 0.021, 0.02, 1, 0, 1, 0.999, 0.017
Nits4, 0, 0, 0.232, 0.037, 0, 0, 0, 0, 0.009
NitsA1, 0, 0, 0.033, 0.032, 0, 0, 0, 0, 0.02
NitsA2, 0, 0, 0.024, 0.021, 0, 0, 0, 0, 0.011
NitsA3, 0, 0, 0.841, 0.045, 0, 0, 0, 0, 0.016
Node_AABM5X1_AABM5X2_0, 0.005, 0, 0.021, 0.025, 0.005, 0, 0.005, 0.001, 0.025
Node_AABM5X1_AABM5X3_0, 0.001, 0, 0.005, 0.004, 0.001, 0, 0.001, 0.001, 0.002
Node_Acid11_Acid16_0, 0.059, 0, 0.045, 0.05, 0.058, 0, 0.059, 0.021, 0.04
Node_Acid11_Acid31_0, 0.173, 0, 0.009, 0.065, 0.172, 0, 0.173, 0.051, 0.123
Node_Acid12_Acid13_0, 0.008, 0, 0.253, 0.083, 0.008, 0, 0.008, 0.003, 0.017
Node_Acid1_Acid17_0, 0.234, 0, 0.172, 0.106, 0.23, 0, 0.234, 0.096, 0.145
Node_Acid1_Acid3_0, 0.261, 0, 0.109, 0.062, 0.245, 0, 0.261, 0.208, 0.064
Node_Acid23_Acid12_0, 0.244, 0.001, 0.021, 0.065, 0.243, 0, 0.244, 0.116, 0.134
Node_Acid29_Acid27_0, 0.013, 0, 0.057, 0.043, 0.013, 0, 0.013, 0.01, 0.018
Node_Acid2_Acid11_0, 0.064, 0, 0.219, 0.088, 0.064, 0, 0.064, 0.053, 0.011
Node_Acid2_Acid18_0, 0.009, 0, 0.063, 0.05, 0.009, 0, 0.009, 0.008, 0.008
Node_Acid32_Acid25_0, 0.022, 0, 0.166, 0.083, 0.022, 0, 0.022, 0.019, 0.013
Node_Acid32_Acid26_0, 0.013, 0, 0.03, 0.031, 0.013, 0, 0.013, 0.006, 0.021
Node_Acid34_Acid22_0, 0.292, 0, 0.219, 0.095, 0.288, 0, 0.292, 0.108, 0.195
Node_Acid34_Acid24_0, 0.085, 0, 0.281, 0.061, 0.085, 0, 0.085, 0.021, 0.074
Node_Acid34_Acid29_0, 0.052, 0, 0.313, 0.132, 0.052, 0, 0.052, 0.043, 0.027
Node_Acid34_Acid33_0, 0.338, 0.001, 0.022, 0.203, 0.334, 0, 0.338, 0.072, 0.274
Node_Acid37_Acid21_0, 0.351, 0.002, 0.019, 0.088, 0.335, 0, 0.351, 0.163, 0.193
Node_Acid37_Acid30_0, 0.197, 0, 0.295, 0.126, 0.19, 0, 0.197, 0.061, 0.141
Node_Acid37_Acid32_0, 0.175, 0, 0.067, 0.093, 0.173, 0, 0.175, 0.133, 0.045
Node_Acid38_Acid10_0, 0.378, 0.001, 0.117, 0.123, 0.359, 0, 0.378, 0.205, 0.178
Node_Acid38_Acid1_0, 0.306, 0, 0.068, 0.124, 0.284, 0, 0.306, 0.239, 0.07
Node_Acid38_Acid2_0, 0.272, 0.001, 0.29, 0.237, 0.257, 0, 0.272, 0.237, 0.037
Node_Acid38_Acid34_0, 0.316, 0.001, 0.083, 0.099, 0.29, 0, 0.316, 0.23, 0.092
Node_Acid38_Acid36_0, 1.005, 0.001, 0.031, 0.031, 1, 0, 1.005, 0.988, 0.027
Node_Acid38_Acid40_0, 1.008, 0.005, 0.22, 0.158, 0.992, 0, 1.008, 0.055, 0.961
Node_Acid38_Acid4_0, 0.262, 0, 0.301, 0.097, 0.242, 0, 0.262, 0.081, 0.185
Node_Acid38_Acid5_0, 0.304, 0.002, 0.063, 0.112, 0.277, 0, 0.304, 0.208, 0.093
Node_Acid38_Acid7_0, 0.262, 0, 0.202, 0.052, 0.234, 0, 0.262, 0.067, 0.202
Node_Acid38_Acid8_0, 0.524, 0.002, 0.116, 0.188, 0.504, 0, 0.524, 0.507, 0.018
Node_Acid38_B130X1_0, 0.62, 0, 0.561, 0.369, 0.585, 0, 0.62, 0.615, 0.005
Node_Acid39_Acid35_0, 0.526, 0.001, 0.026, 0.127, 0.524, 0, 0.526, 0.344, 0.2
Node_Acid3_Acid14_0, 0.591, 0.001, 0.022, 0.148, 0.5, 0, 0.591, 0.243, 0.359
Node_Acid3_Acid6_0, 0.253, 0, 0.119, 0.091, 0.24, 0, 0.253, 0.158, 0.111
Node_Acid40_Acid20_0, 1.004, 0.004, 0.027, 1.073, 1, 0, 1.004, 0.988, 0.019
Node_Acid5_Acid23_0, 0.13, 0, 0.101, 0.057, 0.128, 0, 0.13, 0.1, 0.034
Node_Acid5_Acid37_0, 0.197, 0, 0.175, 0.077, 0.189, 0, 0.197, 0.131, 0.068
Node_Acid6_Acid28_0, 0.022, 0, 0.254, 0.066, 0.022, 0, 0.022, 0.01, 0.023
Node_Acid8_Acid9_0, 0.353, 0, 0.182, 0.167, 0.351, 0, 0.353, 0.344, 0.011
Node_Acid9_Acid39_0, 0.351, 0, 0.03, 0.117, 0.35, 0, 0.351, 0.33, 0.028
Node_Acti10_Acti11_0, 0.417, 0.001, 0.028, 0.045, 0.366, 0, 0.417, 0.11, 0.308
Node_Acti10_Acti25_0, 0.859, 0, 0.24, 0.073, 0.843, 0, 0.859, 0.185, 0.682
Node_Acti10_Acti26_0, 0.136, 0, 0.149, 0.095, 0.129, 0, 0.136, 0.089, 0.052
Node_Acti10_Acti31_0, 0.815, 0, 0.055, 0.026, 0.81, 0, 0.815, 0.813, 0.011
Node_Acti10_Acti3_0, 0.864, 0, 0.021, 0.036, 0.855, 0, 0.864, 0.818, 0.061
Node_Acti10_Acti7_0, 0.824, 0, 0.021, 0.022, 0.816, 0, 0.824, 0.805, 0.03
Node_Acti11_Acti22_0, 1.004, 0.002, 0.191, 0.146, 0.998, 0, 1.004, 0.238, 0.776
Node_Acti12_Acti21_0, 1.575, 0.019, 1.011, 0.36, 1, 0, 1.575, 1.068, 0.494
Node_Acti12_Acti48_0, 2.073, 0, 0.025, 0.219, 1, 0, 2.073, 1.947, 0.138
Node_Acti14_Acti33_0, 1.025, 0.004, 0.056, 0.177, 1, 0, 1.025, 0.999, 0.03
Node_Acti14_Acti34_0, 1.042, 0, 0.025, 0.025, 0.999, 0, 1.042, 1.013, 0.042
Node_Acti14_Acti6_0, 0.202, 0, 1.018, 0.03, 0.2, 0, 0.202, 0.038, 0.178
Node_Acti18_Acti16_0, 0.257, 0.003, 0.075, 0.096, 0.256, 0, 0.257, 0.063, 0.212
Node_Acti18_Acti4_0, 0.117, 0.002, 0.398, 0.275, 0.112, 0, 0.117, 0.075, 0.046
Node_Acti19_Acti13_0, 1.071, 0, 0.02, 0.032, 1, 0, 1.071, 1.017, 0.067
Node_Acti19_Acti23_0, 1.43, 0, 0.017, 0.072, 1, 0, 1.43, 1.064, 0.376
Node_Acti19_Acti42_0, 0.364, 0.001, 0.024, 0.175, 0.343, 0, 0.364, 0.148, 0.218
Node_Acti19_Acti49_0, 1.024, 0, 0.046, 0.095, 0.999, 0, 1.024, 0.263, 0.764
Node_Acti19_Acti8_0, 0.306, 0, 0.264, 0.127, 0.294, 0, 0.306, 0.102, 0.206
Node_Acti33_Acti35_0, 1.003, 0, 0.036, 0.022, 0.997, 0, 1.003, 0.999, 0.014
Node_Acti43_Acti36_0, 1.108, 0.001, 0.077, 0.06, 0.986, 0, 1.108, 1.069, 0.044
Node_Acti46_Acti41_0, 0.286, 0.003, 1.078, 0.234, 0.264, 0, 0.286, 0.184, 0.107
Node_Acti47_Acti45_0, 1.086, 0, 0.691, 0.04, 0.937, 0, 1.086, 0.992, 0.103
Node_Acti49_Acti15_0, 1.009, 0.002, 0.013, 0.019, 1, 0, 1.009, 1.001, 0.015
Node_Acti49_Acti32_0, 1.003, 0, 0.023, 0.101, 1, 0, 1.003, 0.999, 0.015
Node_Acti49_Acti38_0, 1.011, 0.001, 0.012, 0.014, 1, 0, 1.011, 1.004, 0.013
Node_Acti49_Acti40_0, 1.005, 0, 0.028, 0.011, 1, 0, 1.005, 0.999, 0.009
Node_Acti50_Acti10_0, 0.233, 0.01, 0.022, 0.103, 0.22, 0, 0.233, 0.072, 0.15
Node_Acti50_Acti14_0, 1.047, 0.021, 0.034, 0.345, 0.997, 0, 1.047, 0.439, 0.593
Node_Acti50_Acti18_0, 0.467, 0.008, 0.024, 0.183, 0.445, 0, 0.467, 0.22, 0.25
Node_Acti50_Acti19_0, 0.169, 0, 0.007, 0.043, 0.161, 0, 0.169, 0.079, 0.092
Node_Acti50_Acti20_0, 0.054, 0, 0.08, 0.046, 0.054, 0, 0.054, 0.043, 0.013
Node_Acti50_Acti28_0, 1.668, 0, 0.077, 0.307, 1, 0, 1.668, 1.61, 0.071
Node_Acti50_Acti39_0, 0.095, 0, 0.121, 0.06, 0.094, 0, 0.095, 0.049, 0.047
Node_Acti50_Acti43_0, 1.14, 0.106, 0.087, 1.882, 0.999, 0, 1.14, 0.876, 0.074
Node_Acti50_Acti46_0, 1.254, 0.088, 0.026, 0.119, 0.998, 0, 1.254, 1.033, 0.052
Node_Acti50_Acti47_0, 1.674, 0, 0.103, 0.039, 1, 0, 1.674, 1.638, 0.05
Node_Acti50_Acti51_0, 0.084, 0, 0.007, 0.022, 0.084, 0, 0.084, 0.051, 0.037
Node_Acti50_Acti52_0, 1.727, 0.463, 0.062, 0.095, 1, 0, 1.727, 0.739, 0.072
Node_Acti50_FirmF1_0, 0.121, 0, 0.276, 0.094, 0.119, 0, 0.121, 0.102, 0.02
Node_Acti51_Acti27_0, 0.004, 0, 0.012, 0.012, 0.004, 0, 0.004, 0, 0.011
Node_Acti51_Acti9_0, 0.005, 0, 0.084, 0.028, 0.005, 0, 0.005, 0.003, 0.005
Node_Acti52_Acti12_0, 1.96, 0.005, 0.102, 0.47, 1, 0, 1.96, 1.916, 0.047
Node_Acti52_Acti37_0, 2.01, 0.002, 0.061, 0.296, 1, 0, 2.01, 1.673, 0.342
Node_Acti52_Acti44_0, 1.061, 0.001, 0.92, 0.207, 0.997, 0, 1.061, 1.053, 0.02
Node_Acti8_Acti24_0, 1.006, 0, 0.024, 0.134, 1, 0, 1.006, 0.22, 0.802
Node_Acti8_Acti2_0, 0.074, 0, 0.291, 0.075, 0.074, 0, 0.074, 0.024, 0.059
Node_Acti8_Acti5_0, 0.228, 0, 0.018, 0.04, 0.224, 0, 0.228, 0.059, 0.172
Node_Acti9_Acti29_0, 0.004, 0, 0.014, 0.014, 0.004, 0, 0.004, 0, 0.014
Node_Acti9_Acti30_0, 0.004, 0, 0.007, 0.006, 0.004, 0, 0.004, 0.001, 0.006
Node_Aero1_NPL1_0, 0.036, 0, 0.163, 0.109, 0.036, 0, 0.036, 0.034, 0.004
Node_Aero1_UBA6X1_0, 0.611, 0.003, 0.869, 0.747, 0.56, 0, 0.611, 0.609, 0.001
Node_Aero1_UBA9X1_0, 0.195, 0, 0.424, 0.319, 0.19, 0, 0.195, 0.191, 0.008
Node_Aqui2_Aqui1_0, 0.187, 0, 0.021, 0.04, 0.187, 0, 0.187, 0.05, 0.151
Node_Aqui2_Aqui3_0, 0.03, 0, 0.071, 0.057, 0.03, 0, 0.03, 0.028, 0.006
Node_Aqui2_Aqui5_0, 0.057, 0, 0.035, 0.051, 0.056, 0, 0.057, 0.015, 0.06
Node_Aqui2_Aqui6_0, 0.032, 0, 0.029, 0.042, 0.032, 0, 0.032, 0.011, 0.031
Node_Aqui2_Camp1_0, 0.504, 0.003, 0.386, 0.341, 0.481, 0, 0.504, 0.495, 0.008
Node_Aqui2_Thers1_0, 0.095, 0, 0.413, 0.209, 0.094, 0, 0.095, 0.094, 0.004
Node_Aqui6_Aqui4_0, 0.003, 0, 0.045, 0.034, 0.003, 0, 0.003, 0.001, 0.016
Node_Arma12_Arma11_0, 0.296, 0.003, 0.013, 0.052, 0.271, 0, 0.296, 0.125, 0.171
Node_Arma12_Arma7_0, 0.488, 0, 0.121, 0.116, 0.421, 0, 0.488, 0.184, 0.313
Node_Arma15_Arma13_0, 0.004, 0, 1.007, 0.012, 0.003, 0, 0.004, 0.001, 0.012
Node_Arma4_Acti50_0, 0.377, 0, 0.028, 0.13, 0.355, 0, 0.377, 0.35, 0.028
Node_Arma4_Arma12_0, 0.135, 0, 0.048, 0.038, 0.134, 0, 0.135, 0.108, 0.03
Node_Arma4_Arma14_0, 0.011, 0, 0.142, 0.039, 0.011, 0, 0.011, 0.005, 0.018
Node_Arma4_Arma6_0, 0.153, 0.001, 0.01, 0.029, 0.149, 0, 0.153, 0.041, 0.117
Node_Arma4_CSP1X1_0, 0.073, 0.001, 0.366, 0.1, 0.071, 0, 0.073, 0.067, 0.006
Node_Arma4_Erem6_0, 0.041, 0, 0.038, 0.027, 0.039, 0, 0.041, 0.036, 0.006
Node_Arma4_Pate48_0, 0.432, 0.003, 0.057, 0.179, 0.413, 0, 0.432, 0.321, 0.109
Node_Arma4_UBP13X1_0, 0.045, 0, 0.019, 0.026, 0.045, 0, 0.045, 0.025, 0.023
Node_Arma6_Arma15_0, 0.999, 0, 0.022, 0.016, 0.994, 0, 0.999, 0.996, 0.011
Node_Arma6_Arma16_0, 0.467, 0, 0.093, 0.075, 0.41, 0, 0.467, 0.185, 0.286
Node_Arma6_Arma3_0, 0.274, 0, 0.012, 0.086, 0.248, 0, 0.274, 0.142, 0.133
Node_Arma6_Arma9_0, 1.01, 0.001, 0.279, 0.036, 0.994, 0, 1.01, 0.192, 0.821
Node_Aure2_Aure1_0, 1.074, 0.001, 0.86, 0.665, 0.79, 0, 1.074, 0.942, 0.137
Node_Bact1_Bact11_0, 0.005, 0, 0.012, 0.015, 0.005, 0, 0.005, 0, 0.013
Node_Bact1_Bact17_0, 0.004, 0, 0.013, 0.019, 0.004, 0, 0.004, 0, 0.013
Node_Bact20_Bact1_0, 0.004, 0, 0.008, 0.009, 0.004, 0, 0.004, 0.002, 0.007
Node_Bact20_Bact30_0, 0.004, 0, 0.019, 0.021, 0.004, 0, 0.004, 0, 0.019
Node_Bact21_Bact29_0, 1.022, 0.001, 0.015, 0.403, 0.994, 0, 1.022, 0.663, 0.367
Node_Bact21_Bact36_0, 0.669, 0, 0.017, 0.143, 0.663, 0, 0.669, 0.417, 0.259
Node_Bact21_Bact44_0, 0.427, 0, 0.111, 0.078, 0.421, 0, 0.427, 0.375, 0.06
Node_Bact22_Bact31_0, 0.009, 0, 0.03, 0.031, 0.009, 0, 0.009, 0.007, 0.015
Node_Bact22_Bact5_0, 0.024, 0, 0.096, 0.041, 0.024, 0, 0.024, 0.016, 0.02
Node_Bact23_Bact28_0, 0.206, 0, 0.013, 0.039, 0.205, 0, 0.206, 0.033, 0.181
Node_Bact23_Bact34_0, 0.038, 0, 0.015, 0.023, 0.038, 0, 0.038, 0.006, 0.045
Node_Bact23_Bact4_0, 0.008, 0, 0.02, 0.021, 0.008, 0, 0.008, 0.004, 0.018
Node_Bact24_Bact23_0, 0.01, 0, 0.013, 0.013, 0.01, 0, 0.01, 0.002, 0.014
Node_Bact24_Bact25_0, 0.004, 0, 0.016, 0.014, 0.004, 0, 0.004, 0, 0.01
Node_Bact24_Bact3_0, 0.009, 0, 0.015, 0.014, 0.009, 0, 0.009, 0.005, 0.006
Node_Bact24_Bact7_0, 0.018, 0, 0.059, 0.028, 0.018, 0, 0.018, 0.014, 0.011
Node_Bact25_Bact20_0, 0.005, 0, 0.008, 0.008, 0.005, 0, 0.005, 0.001, 0.01
Node_Bact25_Bact2_0, 0.003, 0, 0.007, 0.006, 0.003, 0, 0.003, 0.001, 0.006
Node_Bact27_Bact19_0, 0.642, 0, 0.031, 0.172, 0.521, 0, 0.642, 0.452, 0.195
Node_Bact27_Bact21_0, 0.478, 0.002, 0.038, 0.182, 0.438, 0, 0.478, 0.139, 0.347
Node_Bact27_Bact22_0, 0.1, 0, 0.011, 0.042, 0.096, 0, 0.1, 0.056, 0.045
Node_Bact27_Bact24_0, 0.066, 0, 0.018, 0.033, 0.066, 0, 0.066, 0.048, 0.018
Node_Bact27_Bact35_0, 0.499, 0.005, 0.27, 0.195, 0.481, 0, 0.499, 0.373, 0.122
Node_Bact27_Bact37_0, 0.167, 0, 0.01, 0.088, 0.159, 0, 0.167, 0.091, 0.077
Node_Bact27_Bact40_0, 0.955, 0.085, 0.039, 0.148, 0.852, 0, 0.955, 0.438, 0.41
Node_Bact27_Mari3_0, 0.066, 0, 0.008, 0.043, 0.066, 0, 0.066, 0.029, 0.042
Node_Bact29_Bact9_0, 1.146, 0, 0.014, 0.032, 0.994, 0, 1.146, 1.017, 0.138
Node_Bact30_Bact32_0, 0.004, 0, 0.019, 0.022, 0.004, 0, 0.004, 0, 0.019
Node_Bact31_Bact38_0, 0.004, 0, 0.028, 0.029, 0.004, 0, 0.004, 0, 0.023
Node_Bact33_Bact10_0, 0.083, 0, 0.02, 0.033, 0.083, 0, 0.083, 0.014, 0.078
Node_Bact33_Bact39_0, 0.382, 0, 0.013, 0.084, 0.346, 0, 0.382, 0.078, 0.312
Node_Bact33_Bact6_0, 0.025, 0, 0.088, 0.046, 0.025, 0, 0.025, 0.014, 0.022
Node_Bact36_Bact43_0, 0.175, 0, 0.519, 0.164, 0.174, 0, 0.175, 0.161, 0.025
Node_Bact37_Bact33_0, 0.091, 0, 0.121, 0.091, 0.09, 0, 0.091, 0.049, 0.045
Node_Bact37_Bact42_0, 0.24, 0, 0.037, 0.086, 0.24, 0, 0.24, 0.066, 0.186
Node_Bact3_Bact12_0, 0.003, 0, 0.018, 0.017, 0.003, 0, 0.003, 0, 0.012
Node_Bact3_Bact13_0, 0.004, 0, 0.011, 0.011, 0.004, 0, 0.004, 0.003, 0.007
Node_Bact3_Bact14_0, 0.004, 0, 0.015, 0.013, 0.004, 0, 0.004, 0.001, 0.015
Node_Bact3_Bact18_0, 0.008, 0, 0.012, 0.013, 0.008, 0, 0.008, 0.002, 0.017
Node_Bact40_Bact41_0, 1.1, 0, 0.034, 0.119, 0.962, 0, 1.1, 0.931, 0.179
Node_Bact5_Bact16_0, 0.007, 0, 0.027, 0.021, 0.007, 0, 0.007, 0.002, 0.01
Node_Bact7_Bact8_0, 0.009, 0, 0.038, 0.041, 0.009, 0, 0.009, 0.002, 0.029
Node_Bdell12_Bdell3_0, 1.227, 0, 0.019, 0.122, 0.999, 0, 1.227, 0.32, 0.919
Node_Bdell13_Bdell12_0, 0.327, 0, 0.021, 0.054, 0.306, 0, 0.327, 0.145, 0.191
Node_Bdell14_Bdell11_0, 0.008, 0, 0.02, 0.025, 0.008, 0, 0.008, 0.005, 0.011
Node_Bdell14_Bdell4_0, 0.007, 0, 0.019, 0.02, 0.007, 0, 0.007, 0, 0.018
Node_Bdell15_Bdell14_0, 0.017, 0, 0.042, 0.024, 0.017, 0, 0.017, 0.012, 0.007
Node_Bdell15_Bdell7_0, 0.004, 0, 0.03, 0.026, 0.004, 0, 0.004, 0.002, 0.017
Node_Bdell15_Bdell9_0, 0.003, 0, 0.017, 0.021, 0.003, 0, 0.003, 0, 0.016
Node_Bdell17_Bdell15_0, 0.052, 0, 0.124, 0.074, 0.052, 0, 0.052, 0.049, 0.007
Node_Bdell17_Bdell16_0, 0.011, 0, 0.064, 0.054, 0.011, 0, 0.011, 0.007, 0.023
Node_Bdell2_Bdell10_0, 0.014, 0, 0.036, 0.028, 0.014, 0, 0.014, 0.007, 0.011
Node_Bdell6_Bdell17_0, 0.169, 0.001, 0.623, 0.25, 0.168, 0, 0.169, 0.167, 0.004
Node_Bdell6_Bdell2_0, 0.039, 0, 0.133, 0.054, 0.039, 0, 0.039, 0.038, 0.003
Node_Bdell6_UBA1X6_0, 0.787, 0.003, 0.136, 0.221, 0.771, 0, 0.787, 0.593, 0.198
Node_Bdell7_Bdell5_0, 0.002, 0, 0.014, 0.018, 0.002, 0, 0.002, 0.001, 0.012
Node_BdellC1_BdellC2_0, 0.011, 0, 0.106, 0.046, 0.011, 0, 0.011, 0.008, 0.016
Node_Bipo1_Bipo2_0, 0.241, 0, 0.017, 0.074, 0.24, 0, 0.241, 0.083, 0.164
Node_Bipo1_Therg8_0, 0.094, 0, 0.032, 0.04, 0.092, 0, 0.094, 0.043, 0.052
Node_CG294X1_CG267X1_0, 0.007, 0, 0.043, 0.026, 0.007, 0, 0.007, 0.004, 0.008
Node_Calda2_Calda1_0, 0.004, 0, 0.018, 0.019, 0.004, 0, 0.004, 0.004, 0.005
Node_Caldit2_Caldit1_0, 0.003, 0, 0.02, 0.02, 0.003, 0, 0.003, 0.001, 0.019
Node_Caldit2_Caldit3_0, 0.004, 0, 0.018, 0.019, 0.004, 0, 0.004, 0.001, 0.015
Node_Camp14_Camp15_0, 0.884, 0, 0.023, 0.139, 0.883, 0, 0.884, 0.837, 0.059
Node_Camp1_Camp2_0, 0.391, 0, 0.03, 0.105, 0.365, 0, 0.391, 0.331, 0.069
Node_Camp1_Camp3_0, 0.028, 0, 0.372, 0.07, 0.028, 0, 0.028, 0.027, 0.009
Node_Camp1_Camp9_0, 0.352, 0.001, 0.035, 0.095, 0.345, 0, 0.352, 0.345, 0.007
Node_Camp1_UBP6X1_0, 0.379, 0.002, 0.132, 0.175, 0.371, 0, 0.379, 0.372, 0.005
Node_Camp2_Camp11_0, 0.548, 0.001, 0.025, 0.064, 0.475, 0, 0.548, 0.376, 0.181
Node_Camp2_Camp13_0, 0.09, 0, 0.81, 0.288, 0.09, 0, 0.09, 0.089, 0.014
Node_Camp2_Camp4_0, 0.886, 0.002, 0.035, 0.286, 0.872, 0, 0.886, 0.851, 0.044
Node_Camp2_Camp5_0, 0.485, 0.001, 0.307, 0.099, 0.472, 0, 0.485, 0.246, 0.243
Node_Camp2_Camp7_0, 0.875, 0.01, 0.037, 0.326, 0.853, 0, 0.875, 0.454, 0.417
Node_Camp4_Camp16_0, 1.008, 0.001, 0.028, 0.402, 1, 0, 1.008, 0.874, 0.149
Node_Camp5_Camp10_0, 0.295, 0, 0.053, 0.088, 0.292, 0, 0.295, 0.186, 0.123
Node_Camp5_Camp12_0, 0.225, 0, 0.289, 0.143, 0.221, 0, 0.225, 0.204, 0.029
Node_Camp7_Camp14_0, 0.848, 0, 0.048, 0.149, 0.841, 0, 0.848, 0.838, 0.021
Node_Camp9_Camp6_0, 0.023, 0.001, 0.341, 0.196, 0.023, 0, 0.023, 0.022, 0.011
Node_Chlo12_Chlo24_0, 1.001, 0, 0.03, 0.025, 0.997, 0, 1.001, 0.998, 0.009
Node_Chlo26_Chlo11_0, 0.013, 0, 0.044, 0.036, 0.013, 0, 0.013, 0.011, 0.006
Node_Chlo26_Chlo9_0, 0.051, 0, 0.129, 0.08, 0.051, 0, 0.051, 0.051, 0.007
Node_Chlo30_Chlo20_0, 0.287, 0.002, 0.086, 0.131, 0.278, 0, 0.287, 0.08, 0.214
Node_Chlo30_Chlo23_0, 0.157, 0.001, 0.777, 0.256, 0.149, 0, 0.157, 0.122, 0.036
Node_Chlo30_Chlo36_0, 0.897, 0.002, 0.056, 0.177, 0.866, 0, 0.897, 0.871, 0.029
Node_Chlo30_Chlo37_0, 1.013, 0.002, 0.036, 0.293, 0.994, 0, 1.013, 0.262, 0.76
Node_Chlo30_Chlo38_0, 1.154, 0.006, 0.133, 0.601, 0.976, 0, 1.154, 1.036, 0.111
Node_Chlo30_Chlo41_0, 1.465, 0.007, 0.011, 0.577, 0.987, 0, 1.465, 1.144, 0.315
Node_Chlo30_Chlo43_0, 1.449, 0.001, 0.111, 0.308, 0.957, 0, 1.449, 1.354, 0.094
Node_Chlo30_Chlo6_0, 0.922, 0.002, 0.543, 0.274, 0.873, 0, 0.922, 0.912, 0.014
Node_Chlo30_Dorm2_0, 1.17, 0.084, 0.015, 0.503, 0.98, 0, 1.17, 0.583, 0.479
Node_Chlo31_Chlo25_0, 0.088, 0, 0.293, 0.236, 0.087, 0, 0.088, 0.086, 0.021
Node_Chlo35_Chlo21_0, 0.005, 0, 1.013, 0.016, 0.005, 0, 0.005, 0.002, 0.01
Node_Chlo36_Chlo13_0, 0.302, 0, 0.097, 0.103, 0.297, 0, 0.302, 0.107, 0.202
Node_Chlo36_Chlo14_0, 0.067, 0, 0.045, 0.067, 0.067, 0, 0.067, 0.032, 0.041
Node_Chlo36_Chlo28_0, 0.071, 0.001, 0.091, 0.107, 0.07, 0, 0.071, 0.058, 0.014
Node_Chlo36_Chlo33_0, 0.147, 0.001, 0.771, 0.263, 0.147, 0, 0.147, 0.143, 0.013
Node_Chlo36_Chlo40_0, 1.006, 0.001, 0.017, 0.275, 1, 0, 1.006, 0.293, 0.72
Node_Chlo36_Chlo5_0, 0.197, 0.001, 0.027, 0.079, 0.186, 0, 0.197, 0.046, 0.156
Node_Chlo36_Chlo8_0, 0.904, 0.005, 0.038, 0.138, 0.889, 0, 0.904, 0.861, 0.04
Node_Chlo38_Chlo19_0, 0.084, 0, 0.301, 0.225, 0.082, 0, 0.084, 0.08, 0.025
Node_Chlo38_Chlo31_0, 0.36, 0.001, 0.809, 0.585, 0.348, 0, 0.36, 0.35, 0.014
Node_Chlo41_Chlo29_0, 0.843, 0.001, 0.829, 0.23, 0.642, 0, 0.843, 0.646, 0.203
Node_Chlo41_Chlo32_0, 0.82, 0.003, 0.249, 0.19, 0.735, 0, 0.82, 0.594, 0.223
Node_Chlo41_Chlo39_0, 0.018, 0, 0.102, 0.037, 0.018, 0, 0.018, 0.011, 0.017
Node_Chlo41_Chlo44_0, 0.777, 0.001, 0.063, 0.114, 0.705, 0, 0.777, 0.762, 0.019
Node_Chlo41_Chlo4_0, 1.468, 0.002, 0.069, 0.218, 0.986, 0, 1.468, 1.396, 0.07
Node_Chlo41_Chlo7_0, 0.103, 0, 0.728, 0.112, 0.102, 0, 0.103, 0.057, 0.054
Node_Chlo42_Chlo34_0, 0.007, 0, 0.031, 0.019, 0.007, 0, 0.007, 0.005, 0.009
Node_Chlo43_Chlo42_0, 0.029, 0, 0.332, 0.104, 0.029, 0, 0.029, 0.025, 0.017
Node_Chlo43_Chlo45_0, 0.936, 0.001, 0.775, 0.302, 0.819, 0, 0.936, 0.674, 0.261
Node_Chlo43_Chlo47_0, 0.344, 0, 0.607, 0.203, 0.329, 0, 0.344, 0.336, 0.015
Node_Chlo44_Chlo17_0, 0.925, 0, 0.011, 0.153, 0.76, 0, 0.925, 0.78, 0.15
Node_Chlo44_Chlo22_0, 0.786, 0, 0.03, 0.097, 0.708, 0, 0.786, 0.75, 0.039
Node_Chlo45_Chlo27_0, 1.043, 0.002, 0.135, 0.179, 0.999, 0, 1.043, 0.81, 0.24
Node_Chlo45_Chlo46_0, 1.146, 0, 0.04, 0.03, 0.997, 0, 1.146, 1.015, 0.143
Node_Chlo47_Chlo48_0, 0.327, 0, 0.058, 0.118, 0.319, 0, 0.327, 0.299, 0.041
Node_Chlo48_Chlo10_0, 0.402, 0, 0.024, 0.121, 0.398, 0, 0.402, 0.314, 0.099
Node_Chlo4_Chlo12_0, 1.022, 0, 0.476, 0.129, 0.998, 0, 1.022, 0.996, 0.03
Node_Chlo4_Chlo35_0, 1.008, 0, 0.022, 0.018, 0.998, 0, 1.008, 1.006, 0.008
Node_Chlo5_Chlo16_0, 0.316, 0, 0.086, 0.173, 0.315, 0, 0.316, 0.127, 0.205
Node_Chlo6_Chlo18_0, 0.045, 0, 0.149, 0.106, 0.045, 0, 0.045, 0.04, 0.021
Node_Chlo6_Chlo26_0, 0.173, 0, 0.761, 0.249, 0.17, 0, 0.173, 0.168, 0.012
Node_Chlo7_Chlo15_0, 0.247, 0, 0.058, 0.055, 0.244, 0, 0.247, 0.054, 0.202
Node_Chry1_Aqui2_0, 0.879, 0.018, 0.432, 0.837, 0.801, 0, 0.879, 0.842, 0.006
Node_Chry1_Defe3_0, 0.773, 0.007, 0.144, 0.886, 0.742, 0, 0.773, 0.734, 0.031
Node_Cyan10_Cyan35_0, 1.09, 0.005, 0.092, 0.565, 0.982, 0, 1.09, 1.002, 0.088
Node_Cyan10_Cyan45_0, 1.155, 0.002, 0.098, 0.27, 0.974, 0, 1.155, 1.004, 0.161
Node_Cyan10_Cyan46_0, 1.089, 0.003, 0.109, 0.501, 0.981, 0, 1.089, 1.061, 0.029
Node_Cyan11_Cyan26_0, 1.016, 0, 0.029, 0.036, 0.894, 0, 1.016, 0.865, 0.168
Node_Cyan12_Cyan13_0, 0.011, 0, 0.03, 0.03, 0.011, 0, 0.011, 0.002, 0.03
Node_Cyan13_Cyan18_0, 0.008, 0, 0.018, 0.017, 0.008, 0, 0.008, 0.003, 0.015
Node_Cyan14_Cyan15_0, 3.212, 0.002, 0.034, 0.713, 1, 0, 3.212, 3.066, 0.16
Node_Cyan14_Cyan16_0, 3.084, 0.002, 0.035, 0.304, 1, 0, 3.084, 2.311, 0.786
Node_Cyan14_Cyan23_0, 2.331, 0.001, 0.079, 0.192, 1, 0, 2.331, 2.18, 0.154
Node_Cyan16_Cyan29_0, 2.955, 0, 0.152, 0.021, 1, 0, 2.955, 2.94, 0.023
Node_Cyan19_Cyan22_0, 2.004, 0.003, 0.938, 0.377, 1, 0, 2.004, 1.618, 0.39
Node_Cyan19_Cyan47_0, 1.061, 0.002, 0.994, 0.036, 0.989, 0, 1.061, 1.019, 0.049
Node_Cyan28_chloroArabidopsis_0, 0.052, 0, 0.112, 0.065, 0.052, 0, 0.052, 0.046, 0.013
Node_Cyan2_Cyan1_0, 0.017, 0, 0.103, 0.059, 0.017, 0, 0.017, 0.014, 0.011
Node_Cyan31_Cyan34_0, 1.194, 0.001, 0.131, 0.377, 0.993, 0, 1.194, 0.912, 0.291
Node_Cyan33_Cyan21_0, 1.208, 0, 0.05, 0.023, 1, 0, 1.208, 1.034, 0.184
Node_Cyan38_Cyan28_0, 0.151, 0, 0.705, 0.214, 0.141, 0, 0.151, 0.13, 0.028
Node_Cyan40_Arma4_0, 0.377, 0.003, 0.034, 0.117, 0.354, 0.001, 0.377, 0.371, 0.002
Node_Cyan40_Cyan10_0, 1.166, 0.001, 0.032, 0.042, 1, 0, 1.166, 1.145, 0.028
Node_Cyan40_Cyan11_0, 0.877, 0, 0.424, 0.044, 0.862, 0, 0.877, 0.781, 0.109
Node_Cyan40_Cyan14_0, 2.255, 0.015, 0.404, 1.236, 1, 0, 2.255, 2.142, 0.095
Node_Cyan40_Cyan19_0, 2.549, 0.024, 0.024, 0.483, 1, 0, 2.549, 1.541, 0.976
Node_Cyan40_Cyan20_0, 1.084, 0.004, 0.006, 0.572, 0.951, 0, 1.084, 0.189, 0.896
Node_Cyan40_Cyan24_0, 1.169, 0.024, 1.133, 0.52, 0.999, 0, 1.169, 1.104, 0.023
Node_Cyan40_Cyan25_0, 1.192, 0, 0.111, 0.027, 0.988, 0, 1.192, 1.064, 0.137
Node_Cyan40_Cyan27_0, 0.894, 0, 0.033, 0.02, 0.881, 0, 0.894, 0.853, 0.05
Node_Cyan40_Cyan2_0, 0.109, 0.001, 0.032, 0.098, 0.107, 0, 0.109, 0.078, 0.029
Node_Cyan40_Cyan36_0, 1.573, 0.008, 0.037, 0.917, 0.951, 0, 1.573, 0.795, 0.774
Node_Cyan40_Cyan37_0, 0.713, 0, 1.044, 0.181, 0.564, 0, 0.713, 0.423, 0.295
Node_Cyan40_Cyan38_0, 0.828, 0.004, 0.245, 0.362, 0.643, 0, 0.828, 0.474, 0.356
Node_Cyan40_Cyan42_0, 1.462, 0.058, 0.02, 0.384, 0.966, 0, 1.462, 1.059, 0.34
Node_Cyan40_Cyan7_0, 0.19, 0.001, 0.007, 0.078, 0.188, 0, 0.19, 0.102, 0.087
Node_Cyan40_Marg1_0, 0.111, 0, 0.023, 0.076, 0.107, 0, 0.111, 0.105, 0.006
Node_Cyan40_Therd1_0, 0.128, 0.001, 0.252, 0.096, 0.123, 0, 0.128, 0.125, 0.002
Node_Cyan42_Cyan3_0, 1.824, 0.126, 0.095, 0.354, 0.983, 0, 1.824, 1.354, 0.331
Node_Cyan46_Cyan30_0, 0.227, 0, 0.922, 0.286, 0.207, 0, 0.227, 0.175, 0.06
Node_Cyan46_Cyan31_0, 1.033, 0.003, 0.106, 0.105, 0.925, 0, 1.033, 0.133, 0.909
Node_Cyan46_Cyan32_0, 1.223, 0, 0.02, 0.355, 1, 0, 1.223, 1.055, 0.18
Node_Cyan46_Cyan33_0, 1.074, 0.005, 0.124, 0.103, 1, 0, 1.074, 0.913, 0.16
Node_Cyan46_Cyan41_0, 1.063, 0.002, 0.06, 0.047, 1, 0, 1.063, 1.023, 0.047
Node_Cyan47_Cyan43_0, 1.007, 0.008, 0.084, 2.12, 1, 0, 1.007, 0.981, 0.022
Node_Cyan47_Cyan44_0, 1.003, 0, 0.018, 0.019, 1, 0, 1.003, 1.002, 0.014
Node_Cyan4_Cyan8_0, 0.01, 0, 0.04, 0.026, 0.01, 0, 0.01, 0.005, 0.01
Node_Cyan4_Cyan9_0, 0.006, 0, 0.016, 0.012, 0.006, 0, 0.006, 0, 0.012
Node_Cyan7_Cyan12_0, 0.011, 0, 0.039, 0.036, 0.011, 0, 0.011, 0.01, 0.01
Node_Cyan7_Cyan4_0, 0.04, 0, 0.154, 0.082, 0.04, 0, 0.04, 0.038, 0.004
Node_DTU0X1_SLNR1_0, 0.006, 0, 0.037, 0.024, 0.006, 0, 0.006, 0.003, 0.012
Node_Defe3_Defe1_0, 0.613, 0.001, 0.192, 0.353, 0.6, 0, 0.613, 0.59, 0.031
Node_Defe3_Defe2_0, 0.647, 0.005, 0.046, 0.296, 0.642, 0, 0.647, 0.579, 0.075
Node_Dein4_Dein2_0, 1.036, 0.003, 0.226, 0.29, 0.998, 0, 1.036, 0.358, 0.68
Node_Dein4_Dein6_0, 1.005, 0.004, 0.055, 1.041, 1, 0, 1.005, 0.997, 0.02
Node_Dein5_Bipo1_0, 0.074, 0.001, 0.047, 0.065, 0.072, 0, 0.074, 0.057, 0.015
Node_Dein5_Dein1_0, 0.906, 0.001, 0.056, 0.762, 0.898, 0, 0.906, 0.859, 0.058
Node_Dein5_Dein4_0, 0.579, 0.007, 0.058, 0.281, 0.504, 0, 0.579, 0.028, 0.556
Node_Dein5_Dein7_0, 0.903, 0.006, 0.25, 0.658, 0.875, 0, 0.903, 0.341, 0.568
Node_Dein7_Dein3_0, 0.905, 0, 0.036, 0.03, 0.895, 0, 0.905, 0.873, 0.038
Node_DesuB1_DesuB2_0, 1.269, 0, 0.176, 0.222, 0.999, 0, 1.269, 0.302, 0.976
Node_DesuB4_BdellC1_0, 0.101, 0, 0.056, 0.062, 0.096, 0, 0.101, 0.03, 0.076
Node_DesuB4_DesuB1_0, 0.469, 0.002, 0.022, 0.131, 0.402, 0, 0.469, 0.087, 0.388
Node_DesuB4_DesuB3_0, 1.018, 0.002, 0.3, 0.566, 1, 0, 1.018, 0.185, 0.847
Node_DesuB4_Desua5_0, 0.081, 0, 0.606, 0.167, 0.08, 0, 0.081, 0.07, 0.013
Node_DesuB4_Myxo10_0, 0.674, 0, 0.893, 0.315, 0.583, 0, 0.674, 0.621, 0.054
Node_DesuC2_DesuC1_0, 1.006, 0, 0.048, 0.032, 0.999, 0, 1.006, 1.002, 0.011
Node_DesuC2_Desua47_0, 1.043, 0.014, 0.517, 0.436, 0.999, 0, 1.043, 0.987, 0.032
Node_DesuD2_DesuD1_0, 1.067, 0.002, 0.877, 0.118, 0.999, 0, 1.067, 0.285, 0.797
Node_Desua11_Desua27_0, 0.001, 0, 0.015, 0.017, 0.001, 0, 0.001, 0, 0.01
Node_Desua16_Desua15_0, 1.951, 0, 0.016, 0.016, 0.999, 0, 1.951, 1.93, 0.029
Node_Desua16_Desua20_0, 0.167, 0, 0.04, 0.053, 0.152, 0, 0.167, 0.073, 0.096
Node_Desua16_Desua24_0, 1.938, 0, 0.032, 0.03, 0.998, 0, 1.938, 1.128, 0.826
Node_Desua16_Desua6_0, 0.111, 0, 0.06, 0.041, 0.106, 0, 0.111, 0.074, 0.04
Node_Desua16_Desua9_0, 1.144, 0.001, 0.017, 0.188, 0.952, 0, 1.144, 0.159, 0.993
Node_Desua1_Desua34_0, 0.002, 0, 0.019, 0.023, 0.002, 0, 0.002, 0, 0.018
Node_Desua1_Desua3_0, 0.003, 0, 0.009, 0.008, 0.003, 0, 0.003, 0.001, 0.006
Node_Desua1_Desua43_0, 0.006, 0, 0.011, 0.006, 0.006, 0, 0.006, 0.001, 0.007
Node_Desua22_Desua10_0, 0.044, 0, 0.012, 0.03, 0.043, 0, 0.044, 0.013, 0.041
Node_Desua22_Desua13_0, 0.015, 0, 0.006, 0.011, 0.015, 0, 0.015, 0.009, 0.009
Node_Desua22_Desua14_0, 0.152, 0.001, 0.023, 0.074, 0.148, 0, 0.152, 0.04, 0.13
Node_Desua22_Desua16_0, 0.131, 0, 0.929, 0.153, 0.129, 0, 0.131, 0.121, 0.013
Node_Desua22_Desua23_0, 0.417, 0.001, 0.021, 0.205, 0.416, 0, 0.417, 0.144, 0.285
Node_Desua22_Desua26_0, 0.012, 0, 0.026, 0.021, 0.012, 0, 0.012, 0.007, 0.013
Node_Desua22_Desua4_0, 0.025, 0, 0.11, 0.036, 0.025, 0, 0.025, 0.022, 0.004
Node_Desua26_Desua30_0, 0.001, 0, 0.021, 0.017, 0.001, 0, 0.001, 0, 0.01
Node_Desua28_Desua35_0, 1.009, 0.003, 0.028, 0.156, 1, 0, 1.009, 0.924, 0.1
Node_Desua2_Desua8_0, 0.297, 0.001, 0.023, 0.119, 0.289, 0, 0.297, 0.075, 0.235
Node_Desua36_Desua38_0, 0.004, 0, 0.018, 0.018, 0.004, 0, 0.004, 0.001, 0.017
Node_Desua36_Desua39_0, 0.005, 0, 0.012, 0.013, 0.005, 0, 0.005, 0.001, 0.013
Node_Desua40_Desua31_0, 0.004, 0, 0.018, 0.016, 0.004, 0, 0.004, 0, 0.017
Node_Desua42_Desua11_0, 0.006, 0, 0.016, 0.018, 0.006, 0, 0.006, 0.003, 0.016
Node_Desua42_Desua12_0, 0.006, 0, 0.01, 0.009, 0.006, 0, 0.006, 0, 0.011
Node_Desua43_Desua50_0, 0.002, 0, 0.014, 0.012, 0.002, 0, 0.002, 0, 0.011
Node_Desua43_Desua52_0, 0.002, 0, 0.01, 0.01, 0.002, 0, 0.002, 0.001, 0.01
Node_Desua43_Desua54_0, 0.005, 0, 0.011, 0.012, 0.005, 0, 0.005, 0.002, 0.01
Node_Desua44_Desua36_0, 0.004, 0, 0.015, 0.013, 0.004, 0, 0.004, 0.001, 0.011
Node_Desua46_Desua25_0, 0.004, 0, 0.015, 0.014, 0.004, 0, 0.004, 0.001, 0.015
Node_Desua47_Desua29_0, 0.003, 0, 0.212, 0.009, 0.003, 0, 0.003, 0.001, 0.009
Node_Desua47_Desua37_0, 1.051, 0, 0.019, 0.025, 0.999, 0, 1.051, 1.026, 0.031
Node_Desua47_Desua41_0, 0.206, 0.001, 1.008, 0.034, 0.206, 0, 0.206, 0.061, 0.162
Node_Desua47_Desua53_0, 1.039, 0.003, 0.036, 0.038, 1, 0, 1.039, 1.018, 0.029
Node_Desua48_Desua33_0, 0.006, 0, 0.014, 0.016, 0.006, 0, 0.006, 0.001, 0.016
Node_Desua48_Desua40_0, 0.005, 0, 0.007, 0.005, 0.005, 0, 0.005, 0.003, 0.004
Node_Desua48_Desua42_0, 0.005, 0, 0.007, 0.01, 0.005, 0, 0.005, 0.002, 0.007
Node_Desua48_Desua46_0, 0.004, 0, 0.015, 0.021, 0.004, 0, 0.004, 0.002, 0.014
Node_Desua49_Desua21_0, 0.006, 0, 0.019, 0.021, 0.006, 0, 0.006, 0.001, 0.017
Node_Desua49_Desua32_0, 0.01, 0, 0.011, 0.021, 0.01, 0, 0.01, 0.002, 0.013
Node_Desua49_Desua44_0, 0.008, 0, 0.017, 0.02, 0.008, 0, 0.008, 0.001, 0.015
Node_Desua4_Desua1_0, 0.01, 0, 0.026, 0.018, 0.01, 0, 0.01, 0.004, 0.011
Node_Desua4_Desua48_0, 0.008, 0, 0.015, 0.019, 0.008, 0, 0.008, 0.002, 0.013
Node_Desua4_Desua49_0, 0.008, 0, 0.008, 0.012, 0.007, 0, 0.008, 0.004, 0.008
Node_Desua53_Desua51_0, 1.003, 0, 0.058, 0.043, 1, 0, 1.003, 0.994, 0.022
Node_Desua6_Desua19_0, 0.024, 0, 0.089, 0.044, 0.024, 0, 0.024, 0.016, 0.029
Node_Desua6_Desua2_0, 0.084, 0, 0.084, 0.051, 0.083, 0, 0.084, 0.033, 0.057
Node_Desua6_Desua7_0, 0.01, 0, 0.028, 0.017, 0.01, 0, 0.01, 0.005, 0.014
Node_Desua9_Desua17_0, 1.347, 0.002, 0.022, 0.037, 1, 0, 1.347, 1.233, 0.12
Node_Desua9_Desua18_0, 1.247, 0.272, 0.207, 0.245, 0.964, 0, 1.247, 0.68, 0.038
Node_Dorm2_Dorm1_0, 0.978, 0, 0.037, 0.036, 0.971, 0, 0.978, 0.964, 0.037
Node_Dorm2_Dorm3_0, 1.22, 0, 0.086, 0.223, 0.985, 0, 1.22, 1.088, 0.136
Node_Dorm2_Dorm4_0, 1.077, 0.001, 0.623, 0.226, 0.981, 0, 1.077, 0.61, 0.479
Node_Dorm2_Dorm5_0, 0.978, 0, 0.11, 0.051, 0.967, 0, 0.978, 0.972, 0.011
Node_Eise2_Eise1_0, 0.007, 0, 0.017, 0.019, 0.007, 0, 0.007, 0, 0.022
Node_Eise4_Eise2_0, 0.002, 0, 0.009, 0.009, 0.002, 0, 0.002, 0, 0.008
Node_Eise4_Eise3_0, 0.004, 0, 0.013, 0.017, 0.004, 0, 0.004, 0.001, 0.015
Node_Elus1_Elus2_0, 0.056, 0, 0.019, 0.048, 0.056, 0, 0.056, 0.042, 0.019
Node_Elus2_Elus3_0, 0.088, 0.001, 0.014, 0.043, 0.086, 0, 0.088, 0.048, 0.045
Node_Elus2_Elus5_0, 0.203, 0, 0.025, 0.058, 0.202, 0, 0.203, 0.071, 0.14
Node_Elus3_Elus4_0, 0.216, 0, 0.015, 0.05, 0.212, 0, 0.216, 0.055, 0.166
Node_Elus3_Elus6_0, 0.011, 0, 0.022, 0.014, 0.011, 0, 0.011, 0.004, 0.01
Node_Elus3_Elus7_0, 0.065, 0, 0.07, 0.044, 0.064, 0, 0.065, 0.024, 0.047
Node_Elus3_Elus9_0, 0.023, 0, 0.205, 0.059, 0.023, 0, 0.023, 0.022, 0.012
Node_Elus6_Elus8_0, 0.007, 0, 0.018, 0.014, 0.007, 0, 0.007, 0.002, 0.014
Node_Elus9_Elus10_0, 0.009, 0, 0.028, 0.026, 0.009, 0, 0.009, 0.005, 0.014
Node_Erem4_Erem5_0, 0.007, 0, 0.012, 0.01, 0.007, 0, 0.007, 0.001, 0.012
Node_Erem6_Erem2_0, 0.005, 0, 0.04, 0.021, 0.005, 0, 0.005, 0.004, 0.004
Node_Erem6_Erem3_0, 0.009, 0, 0.014, 0.017, 0.009, 0, 0.009, 0.002, 0.018
Node_Erem6_Erem4_0, 0.007, 0, 0.02, 0.02, 0.007, 0, 0.007, 0, 0.018
Node_FCPU1_FCPU2_0, 1.014, 0, 0.047, 0.338, 1, 0, 1.014, 0.159, 0.871
Node_Ferm1_Eise4_0, 0.003, 0, 0.009, 0.004, 0.003, 0, 0.003, 0.001, 0.003
Node_Ferm1_GemmA1_0, 0.003, 0, 0.01, 0.015, 0.003, 0, 0.003, 0.002, 0.01
Node_Ferm1_Krum1_0, 0.004, 0, 0.005, 0.006, 0.004, 0, 0.004, 0, 0.006
Node_Fibr4_Fibr2_0, 0.033, 0, 0.16, 0.101, 0.033, 0, 0.033, 0.027, 0.014
Node_Fibr4_Fibr3_0, 0.026, 0, 0.017, 0.021, 0.026, 0, 0.026, 0.01, 0.018
Node_Fibr4_Fibr5_0, 0.091, 0, 0.007, 0.026, 0.091, 0, 0.091, 0.022, 0.072
Node_Fibr4_Fibr6_0, 0.179, 0.001, 0.054, 0.085, 0.176, 0, 0.179, 0.039, 0.141
Node_Fibr5_Fibr1_0, 0.216, 0.001, 0.035, 0.08, 0.21, 0, 0.216, 0.062, 0.159
Node_FirmA102_FirmA76_0, 0.007, 0, 0.015, 0.018, 0.007, 0, 0.007, 0.001, 0.015
Node_FirmA104_FirmA78_0, 0.005, 0, 0.01, 0.011, 0.005, 0, 0.005, 0.001, 0.013
Node_FirmA106_FirmA114_0, 0.009, 0, 0.021, 0.022, 0.009, 0, 0.009, 0.002, 0.021
Node_FirmA109_FirmA77_0, 0.007, 0, 0.014, 0.024, 0.007, 0, 0.007, 0.002, 0.015
Node_FirmA109_FirmA95_0, 0.003, 0, 0.015, 0.015, 0.003, 0, 0.003, 0.002, 0.011
Node_FirmA114_FirmA98_0, 0.005, 0, 0.025, 0.027, 0.005, 0, 0.005, 0.002, 0.021
Node_FirmA11_FirmA67_0, 0.016, 0, 0.037, 0.016, 0.016, 0, 0.016, 0.01, 0.009
Node_FirmA12_FirmA93_0, 0.009, 0, 0.013, 0.015, 0.009, 0, 0.009, 0.001, 0.018
Node_FirmA14_FirmA113_0, 0.01, 0, 0.029, 0.027, 0.01, 0, 0.01, 0.006, 0.017
Node_FirmA18_FirmA103_0, 0.005, 0, 0.019, 0.021, 0.005, 0, 0.005, 0.002, 0.016
Node_FirmA20_FirmA100_0, 0.007, 0, 0.02, 0.023, 0.007, 0, 0.007, 0.003, 0.016
Node_FirmA20_FirmA24_0, 0.041, 0, 0.015, 0.015, 0.041, 0, 0.041, 0.02, 0.024
Node_FirmA20_FirmA25_0, 0.025, 0, 0.075, 0.041, 0.025, 0, 0.025, 0.013, 0.02
Node_FirmA20_FirmA38_0, 0.08, 0, 0.008, 0.047, 0.08, 0, 0.08, 0.04, 0.047
Node_FirmA20_FirmA52_0, 0.011, 0, 0.023, 0.015, 0.011, 0, 0.011, 0.008, 0.009
Node_FirmA21_FirmA108_0, 0.001, 0, 0.011, 0.009, 0.001, 0, 0.001, 0, 0.008
Node_FirmA21_FirmA47_0, 0.006, 0, 0.012, 0.013, 0.006, 0, 0.006, 0, 0.017
Node_FirmA21_FirmA88_0, 0.004, 0, 0.017, 0.013, 0.004, 0, 0.004, 0.001, 0.011
Node_FirmA24_FirmA1_0, 0.009, 0, 0.046, 0.02, 0.009, 0, 0.009, 0.004, 0.014
Node_FirmA24_FirmA8_0, 0.008, 0, 0.015, 0.017, 0.008, 0, 0.008, 0.004, 0.014
Node_FirmA25_FirmA56_0, 0.008, 0, 0.033, 0.032, 0.008, 0, 0.008, 0.004, 0.016
Node_FirmA26_FirmA102_0, 0.007, 0, 0.015, 0.011, 0.007, 0, 0.007, 0.002, 0.013
Node_FirmA26_FirmA2_0, 0.009, 0, 0.02, 0.019, 0.009, 0, 0.009, 0.003, 0.015
Node_FirmA26_FirmA41_0, 0.002, 0, 0.023, 0.02, 0.002, 0, 0.002, 0, 0.016
Node_FirmA26_FirmA7_0, 0.009, 0, 0.014, 0.011, 0.009, 0, 0.009, 0.002, 0.016
Node_FirmA27_FirmA71_0, 0, 0, 0.019, 0.02, 0, 0, 0, 0, 0.015
Node_FirmA27_FirmA89_0, 0.004, 0, 0.009, 0.005, 0.004, 0, 0.004, 0.002, 0.006
Node_FirmA28_FirmA94_0, 0.008, 0, 0.014, 0.014, 0.008, 0, 0.008, 0.004, 0.009
Node_FirmA29_FirmA51_0, 0.005, 0, 0.012, 0.012, 0.005, 0, 0.005, 0.001, 0.011
Node_FirmA38_FirmA32_0, 0.219, 0, 0.01, 0.115, 0.218, 0, 0.219, 0.076, 0.149
Node_FirmA43_FirmA39_0, 0.005, 0, 0.014, 0.018, 0.005, 0, 0.005, 0.001, 0.014
Node_FirmA45_FirmA40_0, 0.002, 0, 0.015, 0.016, 0.002, 0, 0.002, 0.001, 0.013
Node_FirmA50_FirmA70_0, 0.005, 0, 0.013, 0.017, 0.005, 0, 0.005, 0.001, 0.013
Node_FirmA52_FirmA107_0, 0.008, 0, 0.01, 0.011, 0.008, 0, 0.008, 0.005, 0.008
Node_FirmA52_FirmA42_0, 0.01, 0, 0.017, 0.017, 0.01, 0, 0.01, 0.002, 0.016
Node_FirmA53_FirmA35_0, 0.002, 0, 0.024, 0.025, 0.002, 0, 0.002, 0, 0.016
Node_FirmA55_FirmA29_0, 0.006, 0, 0.011, 0.013, 0.006, 0, 0.006, 0, 0.013
Node_FirmA58_FirmA43_0, 0.005, 0, 0.013, 0.015, 0.005, 0, 0.005, 0.001, 0.012
Node_FirmA59_FirmA36_0, 0.005, 0, 0.015, 0.017, 0.005, 0, 0.005, 0.003, 0.011
Node_FirmA59_FirmA44_0, 0.009, 0, 0.015, 0.017, 0.009, 0, 0.009, 0.005, 0.012
Node_FirmA59_FirmA48_0, 0.004, 0.001, 0.011, 0.016, 0.004, 0, 0.004, 0.001, 0.009
Node_FirmA60_FirmA74_0, 0.006, 0, 0.012, 0.012, 0.006, 0, 0.006, 0, 0.014
Node_FirmA61_FirmA66_0, 0.009, 0, 0.012, 0.01, 0.009, 0, 0.009, 0.002, 0.014
Node_FirmA62_FirmA104_0, 0.002, 0, 0.014, 0.014, 0.002, 0, 0.002, 0, 0.01
Node_FirmA62_FirmA58_0, 0.006, 0, 0.009, 0.009, 0.006, 0, 0.006, 0, 0.013
Node_FirmA62_FirmA6_0, 0.002, 0, 0.016, 0.014, 0.002, 0, 0.002, 0, 0.012
Node_FirmA63_FirmA109_0, 0.006, 0, 0.006, 0.006, 0.006, 0, 0.006, 0.002, 0.008
Node_FirmA63_FirmA10_0, 0.004, 0, 0.014, 0.01, 0.004, 0, 0.004, 0, 0.012
Node_FirmA63_FirmA30_0, 0.007, 0, 0.014, 0.018, 0.007, 0, 0.007, 0.001, 0.017
Node_FirmA63_FirmA45_0, 0.004, 0, 0.011, 0.013, 0.004, 0, 0.004, 0.001, 0.008
Node_FirmA63_FirmA57_0, 0.005, 0, 0.004, 0.005, 0.005, 0, 0.005, 0.003, 0.004
Node_FirmA63_FirmA99_0, 0.004, 0, 0.014, 0.014, 0.004, 0, 0.004, 0.002, 0.013
Node_FirmA64_FirmA33_0, 0.002, 0, 0.009, 0.008, 0.002, 0, 0.002, 0.002, 0.005
Node_FirmA65_FirmA5_0, 0.005, 0, 0.011, 0.006, 0.005, 0, 0.005, 0.002, 0.008
Node_FirmA65_FirmA64_0, 0.006, 0, 0.011, 0.008, 0.006, 0, 0.006, 0.002, 0.009
Node_FirmA65_FirmA69_0, 0.008, 0, 0.008, 0.011, 0.008, 0, 0.008, 0.002, 0.011
Node_FirmA65_FirmA97_0, 0.008, 0, 0.015, 0.016, 0.008, 0, 0.008, 0, 0.017
Node_FirmA67_FirmA37_0, 0.007, 0, 0.011, 0.01, 0.007, 0, 0.007, 0.002, 0.009
Node_FirmA67_FirmA50_0, 0.005, 0, 0.017, 0.018, 0.005, 0, 0.005, 0.002, 0.015
Node_FirmA67_FirmA79_0, 0.005, 0, 0.009, 0.008, 0.005, 0, 0.005, 0.002, 0.009
Node_FirmA67_FirmA87_0, 0.009, 0, 0.018, 0.022, 0.009, 0, 0.009, 0.004, 0.011
Node_FirmA69_FirmA28_0, 0.013, 0, 0.012, 0.014, 0.013, 0, 0.013, 0.004, 0.017
Node_FirmA69_FirmA72_0, 0.005, 0, 0.017, 0.011, 0.005, 0, 0.005, 0.001, 0.009
Node_FirmA72_FirmA73_0, 0.001, 0, 0.011, 0.01, 0.001, 0, 0.001, 0, 0.007
Node_FirmA7_FirmA12_0, 0.004, 0, 0.019, 0.02, 0.004, 0, 0.004, 0.001, 0.015
Node_FirmA7_FirmA90_0, 0.008, 0, 0.017, 0.016, 0.008, 0, 0.008, 0.003, 0.016
Node_FirmA80_FirmA34_0, 0.005, 0, 0.021, 0.02, 0.005, 0, 0.005, 0.001, 0.013
Node_FirmA81_FirmA14_0, 0.022, 0, 0.079, 0.03, 0.022, 0, 0.022, 0.02, 0.007
Node_FirmA81_FirmA19_0, 0.008, 0, 0.027, 0.025, 0.008, 0, 0.008, 0.003, 0.013
Node_FirmA81_FirmA84_0, 0.044, 0, 0.019, 0.027, 0.044, 0, 0.044, 0.02, 0.033
Node_FirmA81_FirmA92_0, 0.094, 0, 0.006, 0.023, 0.094, 0, 0.094, 0.042, 0.056
Node_FirmA83_FirmA11_0, 0.044, 0, 0.319, 0.068, 0.044, 0, 0.044, 0.033, 0.012
Node_FirmA83_FirmA49_0, 0.005, 0, 0.012, 0.013, 0.005, 0, 0.005, 0, 0.014
Node_FirmA83_FirmA55_0, 0.004, 0, 0.011, 0.01, 0.004, 0, 0.004, 0.001, 0.01
Node_FirmA83_FirmA59_0, 0.012, 0, 0.028, 0.019, 0.012, 0, 0.012, 0.006, 0.01
Node_FirmA83_FirmA65_0, 0.005, 0, 0.014, 0.011, 0.005, 0, 0.005, 0.001, 0.007
Node_FirmA83_FirmA81_0, 0.03, 0, 0.032, 0.035, 0.029, 0, 0.03, 0.015, 0.018
Node_FirmA83_FirmA86_0, 0.003, 0, 0.008, 0.008, 0.003, 0, 0.003, 0, 0.007
Node_FirmA84_FirmA111_0, 0.02, 0, 0.04, 0.027, 0.02, 0, 0.02, 0.013, 0.016
Node_FirmA84_FirmA16_0, 0.01, 0, 0.017, 0.023, 0.01, 0, 0.01, 0.003, 0.013
Node_FirmA84_FirmA20_0, 0.032, 0, 0.009, 0.015, 0.032, 0, 0.032, 0.017, 0.021
Node_FirmA84_FirmA26_0, 0.014, 0, 0.03, 0.025, 0.014, 0, 0.014, 0.005, 0.012
Node_FirmA84_FirmA46_0, 0.006, 0, 0.014, 0.017, 0.006, 0, 0.006, 0.001, 0.015
Node_FirmA84_FirmA63_0, 0.005, 0, 0.015, 0.023, 0.005, 0, 0.005, 0.002, 0.01
Node_FirmA84_FirmA9_0, 0.005, 0, 0.013, 0.01, 0.005, 0, 0.005, 0.001, 0.012
Node_FirmA85_DTU0X1_0, 0.031, 0, 0.341, 0.082, 0.031, 0, 0.031, 0.029, 0.004
Node_FirmA85_FirmA60_0, 0.004, 0, 0.038, 0.031, 0.004, 0, 0.004, 0.004, 0.011
Node_FirmA85_FirmC13_0, 0.368, 0.001, 0.075, 0.084, 0.356, 0, 0.368, 0.359, 0.01
Node_FirmA86_FirmA61_0, 0.007, 0, 0.011, 0.015, 0.007, 0, 0.007, 0.001, 0.015
Node_FirmA87_FirmA106_0, 0.009, 0, 0.009, 0.01, 0.009, 0, 0.009, 0, 0.012
Node_FirmA87_FirmA62_0, 0.006, 0.001, 0.015, 0.018, 0.006, 0, 0.006, 0.001, 0.013
Node_FirmA87_FirmA96_0, 0.007, 0, 0.01, 0.011, 0.007, 0, 0.007, 0.003, 0.008
Node_FirmA88_FirmA101_0, 0.003, 0, 0.011, 0.014, 0.003, 0, 0.003, 0.001, 0.01
Node_FirmA89_FirmA105_0, 0.006, 0, 0.018, 0.018, 0.006, 0, 0.006, 0.002, 0.016
Node_FirmA89_FirmA110_0, 0.006, 0, 0.011, 0.008, 0.006, 0, 0.006, 0.001, 0.011
Node_FirmA89_FirmA21_0, 0.01, 0, 0.013, 0.018, 0.01, 0, 0.01, 0.002, 0.019
Node_FirmA89_FirmA31_0, 0.008, 0, 0.015, 0.013, 0.008, 0, 0.008, 0.002, 0.013
Node_FirmA89_FirmA53_0, 0.01, 0, 0.021, 0.02, 0.01, 0, 0.01, 0.005, 0.018
Node_FirmA89_FirmA68_0, 0.008, 0, 0.013, 0.016, 0.008, 0, 0.008, 0.002, 0.013
Node_FirmA89_FirmA80_0, 0.013, 0, 0.015, 0.015, 0.013, 0, 0.013, 0.002, 0.018
Node_FirmA90_FirmA112_0, 0.002, 0, 0.019, 0.016, 0.002, 0, 0.002, 0, 0.013
Node_FirmA92_FirmA54_0, 0.27, 0, 0.012, 0.096, 0.269, 0, 0.27, 0.088, 0.188
Node_FirmA94_FirmA75_0, 0.003, 0, 0.019, 0.021, 0.003, 0, 0.003, 0.001, 0.014
Node_FirmA96_FirmA27_0, 0.007, 0, 0.01, 0.009, 0.007, 0, 0.007, 0.001, 0.01
Node_FirmA96_FirmA91_0, 0.006, 0, 0.012, 0.015, 0.006, 0, 0.006, 0.001, 0.011
Node_FirmA99_FirmA18_0, 0.008, 0, 0.014, 0.014, 0.008, 0, 0.008, 0.002, 0.018
Node_FirmB16_FirmB13_0, 0.003, 0, 0.014, 0.011, 0.003, 0, 0.003, 0.001, 0.01
Node_FirmB17_FirmB15_0, 0.005, 0, 0.011, 0.014, 0.005, 0, 0.005, 0, 0.015
Node_FirmB2_FirmB11_0, 0.992, 0, 0.022, 0.021, 0.991, 0, 0.992, 0.989, 0.015
Node_FirmB2_FirmB12_0, 0.999, 0.004, 0.034, 0.526, 0.992, 0, 0.999, 0.203, 0.813
Node_FirmB3_FirmB14_0, 0.007, 0, 0.014, 0.014, 0.007, 0, 0.007, 0.003, 0.012
Node_FirmB4_FirmB17_0, 0.001, 0, 0.012, 0.01, 0.001, 0, 0.001, 0, 0.008
Node_FirmB4_FirmB1_0, 0.005, 0, 0.013, 0.008, 0.005, 0, 0.005, 0.001, 0.009
Node_FirmB4_FirmB3_0, 0.009, 0, 0.019, 0.014, 0.008, 0, 0.009, 0.001, 0.014
Node_FirmB6_FirmB7_0, 0.009, 0.001, 0.095, 0.049, 0.009, 0, 0.009, 0.006, 0.012
Node_FirmB8_FirmB16_0, 0.007, 0, 0.017, 0.021, 0.007, 0, 0.007, 0.002, 0.01
Node_FirmB8_FirmB4_0, 0.014, 0, 0.051, 0.027, 0.014, 0, 0.014, 0.009, 0.009
Node_FirmB8_FirmB5_0, 0.003, 0, 0.013, 0.011, 0.003, 0, 0.003, 0.002, 0.009
Node_FirmB8_FirmB9_0, 0.056, 0, 0.038, 0.038, 0.055, 0, 0.056, 0.028, 0.034
Node_FirmB9_FirmB10_0, 0.032, 0, 0.204, 0.075, 0.032, 0, 0.032, 0.025, 0.02
Node_FirmB9_FirmB2_0, 0.216, 0, 0.01, 0.123, 0.215, 0, 0.216, 0.087, 0.135
Node_FirmB9_FirmB6_0, 0.091, 0, 0.018, 0.048, 0.091, 0, 0.091, 0.045, 0.053
Node_FirmC10_FirmC14_0, 0.002, 0, 0.009, 0.007, 0.002, 0, 0.002, 0, 0.007
Node_FirmC10_FirmC18_0, 0.004, 0, 0.015, 0.018, 0.003, 0, 0.004, 0, 0.015
Node_FirmC10_FirmC19_0, 0.004, 0, 0.015, 0.016, 0.004, 0, 0.004, 0.001, 0.013
Node_FirmC11_FirmC3_0, 0.009, 0, 0.012, 0.012, 0.009, 0, 0.009, 0.003, 0.012
Node_FirmC13_FirmB8_0, 0.06, 0.001, 0.312, 0.05, 0.059, 0, 0.06, 0.046, 0.015
Node_FirmC13_FirmC10_0, 0.006, 0, 0.009, 0.013, 0.006, 0, 0.006, 0.004, 0.005
Node_FirmC13_FirmC17_0, 0.002, 0, 0.015, 0.013, 0.002, 0, 0.002, 0, 0.011
Node_FirmC13_FirmC5_0, 0.02, 0, 0.054, 0.031, 0.02, 0, 0.02, 0.016, 0.014
Node_FirmC13_FirmC8_0, 0.01, 0, 0.022, 0.017, 0.01, 0, 0.01, 0.006, 0.012
Node_FirmC13_Firms33_0, 0.356, 0, 0.025, 0.085, 0.346, 0, 0.356, 0.347, 0.013
Node_FirmC15_FirmC12_0, 0.007, 0, 0.012, 0.012, 0.007, 0, 0.007, 0.003, 0.013
Node_FirmC1_FirmC4_0, 0.001, 0, 0.024, 0.022, 0.001, 0, 0.001, 0, 0.015
Node_FirmC6_FirmC16_0, 0.005, 0, 0.029, 0.03, 0.005, 0, 0.005, 0.001, 0.024
Node_FirmC6_FirmC1_0, 0.01, 0, 0.017, 0.015, 0.01, 0, 0.01, 0.003, 0.014
Node_FirmC8_FirmC11_0, 0.009, 0, 0.013, 0.011, 0.009, 0, 0.009, 0.005, 0.009
Node_FirmC8_FirmC15_0, 0.006, 0, 0.019, 0.019, 0.006, 0, 0.006, 0.002, 0.013
Node_FirmC8_FirmC6_0, 0.013, 0, 0.013, 0.018, 0.013, 0, 0.013, 0.004, 0.019
Node_FirmC8_FirmC7_0, 0.012, 0, 0.017, 0.018, 0.012, 0, 0.012, 0.002, 0.02
Node_FirmC8_FirmC9_0, 0.007, 0, 0.018, 0.015, 0.007, 0, 0.007, 0.001, 0.015
Node_FirmD2_FirmD3_0, 0.008, 0, 0.024, 0.022, 0.008, 0, 0.008, 0.002, 0.014
Node_FirmD4_FirmD2_0, 0.018, 0, 0.346, 0.061, 0.018, 0, 0.018, 0.016, 0.005
Node_FirmE4_FirmE6_0, 1.007, 0, 0.016, 0.132, 0.999, 0, 1.007, 0.541, 0.478
Node_FirmE5_FirmA85_0, 0.432, 0.002, 0.04, 0.116, 0.415, 0, 0.432, 0.197, 0.235
Node_FirmE5_FirmE3_0, 0.008, 0, 0.544, 0.04, 0.008, 0, 0.008, 0.007, 0.007
Node_FirmE5_FirmE4_0, 0.545, 0, 0.017, 0.046, 0.542, 0, 0.545, 0.496, 0.056
Node_FirmE5_FirmE7_0, 0.506, 0, 0.031, 0.078, 0.499, 0, 0.506, 0.405, 0.105
Node_FirmE7_FirmE1_0, 0.462, 0, 0.067, 0.136, 0.456, 0, 0.462, 0.446, 0.023
Node_FirmE7_FirmE2_0, 0.502, 0, 0.013, 0.134, 0.479, 0, 0.502, 0.458, 0.053
Node_FirmE7_FirmE8_0, 1.241, 0.002, 0.023, 0.202, 1, 0, 1.241, 0.497, 0.76
Node_FirmF1_FirmF2_0, 0.012, 0, 0.118, 0.038, 0.012, 0, 0.012, 0.008, 0.011
Node_FirmF1_FirmG6_0, 0.119, 0.002, 0.033, 0.034, 0.116, 0, 0.119, 0.091, 0.029
Node_FirmF2_FirmF3_0, 0.004, 0, 0.031, 0.034, 0.004, 0, 0.004, 0.002, 0.023
Node_FirmG5_FirmG1_0, 0.03, 0, 0.179, 0.082, 0.03, 0, 0.03, 0.029, 0.006
Node_FirmG5_FirmG2_0, 0.203, 0, 0.101, 0.099, 0.201, 0, 0.203, 0.081, 0.128
Node_FirmG6_FirmE5_0, 0.235, 0, 0.012, 0.051, 0.225, 0, 0.235, 0.108, 0.128
Node_FirmG6_FirmG3_0, 0.02, 0, 0.294, 0.135, 0.02, 0, 0.02, 0.019, 0.01
Node_FirmG6_FirmG4_0, 0.304, 0, 0.072, 0.127, 0.298, 0, 0.304, 0.104, 0.2
Node_FirmG6_FirmG5_0, 0.176, 0.001, 0.154, 0.061, 0.163, 0, 0.176, 0.082, 0.094
Node_Firms11_Firms17_0, 2.036, 0.006, 0.15, 0.156, 1, 0, 2.036, 1.914, 0.117
Node_Firms13_Firms1_0, 1.099, 0, 0.583, 0.274, 0.98, 0, 1.099, 1.08, 0.023
Node_Firms1_Firms10_0, 0.449, 0, 0.95, 0.18, 0.386, 0, 0.449, 0.158, 0.3
Node_Firms20_Firms12_0, 0.04, 0, 0.016, 0.011, 0.04, 0, 0.04, 0.005, 0.04
Node_Firms20_Firms29_0, 0.167, 0, 0.011, 0.015, 0.166, 0, 0.167, 0.037, 0.138
Node_Firms22_Firms27_0, 2.215, 0, 0.029, 0.048, 1, 0, 2.215, 2.051, 0.175
Node_Firms23_Firms18_0, 0.002, 0, 0.015, 0.014, 0.002, 0, 0.002, 0, 0.011
Node_Firms24_Firms26_0, 1.007, 0.008, 0.043, 0.938, 0.999, 0, 1.007, 0.961, 0.048
Node_Firms30_Firms31_0, 0.003, 0, 0.021, 0.017, 0.003, 0, 0.003, 0, 0.014
Node_Firms32_Firms25_0, 0.004, 0, 0.02, 0.018, 0.004, 0, 0.004, 0, 0.014
Node_Firms33_FirmA83_0, 0.351, 0, 0.028, 0.071, 0.346, 0, 0.351, 0.332, 0.023
Node_Firms33_FirmD1_0, 0.447, 0.004, 0.007, 0.103, 0.431, 0, 0.447, 0.352, 0.091
Node_Firms33_FirmD4_0, 0.359, 0, 0.019, 0.073, 0.355, 0, 0.359, 0.335, 0.027
Node_Firms33_Firms11_0, 2.063, 0.049, 0.079, 0.742, 1, 0, 2.063, 1.947, 0.024
Node_Firms33_Firms13_0, 1.659, 0.009, 0.019, 0.262, 0.994, 0, 1.659, 0.843, 0.809
Node_Firms33_Firms15_0, 0.381, 0, 1.797, 0.012, 0.379, 0, 0.381, 0.277, 0.113
Node_Firms33_Firms16_0, 0.007, 0, 0.388, 0.012, 0.007, 0, 0.007, 0.002, 0.014
Node_Firms33_Firms20_0, 0.016, 0, 0.009, 0.014, 0.016, 0, 0.016, 0.004, 0.019
Node_Firms33_Firms21_0, 0.006, 0, 0.01, 0.008, 0.006, 0, 0.006, 0.001, 0.009
Node_Firms33_Firms22_0, 2.069, 0.029, 0.015, 0.36, 1, 0, 2.069, 1.684, 0.346
Node_Firms33_Firms23_0, 0.006, 0, 0.018, 0.018, 0.006, 0, 0.006, 0.002, 0.014
Node_Firms33_Firms28_0, 0.011, 0, 0.016, 0.018, 0.011, 0, 0.011, 0.002, 0.018
Node_Firms33_Firms2_0, 0.005, 0, 0.016, 0.012, 0.005, 0, 0.005, 0.002, 0.01
Node_Firms33_Firms30_0, 0.01, 0, 0.021, 0.015, 0.01, 0, 0.01, 0.004, 0.015
Node_Firms33_Firms32_0, 0.01, 0, 0.01, 0.012, 0.01, 0, 0.01, 0.001, 0.015
Node_Firms33_Firms3_0, 1.709, 0.005, 0.023, 0.274, 0.996, 0, 1.709, 1.638, 0.068
Node_Firms33_Firms5_0, 2.065, 0, 0.014, 0.009, 1, 0, 2.065, 2.023, 0.048
Node_Firms33_Firms6_0, 0.86, 0.001, 0.151, 0.217, 0.724, 0, 0.86, 0.718, 0.148
Node_Firms33_Firms7_0, 2.031, 0, 0.047, 0.036, 1, 0, 2.031, 2.024, 0.015
Node_Firms33_Firms8_0, 0.862, 0.042, 0.009, 0.242, 0.754, 0, 0.862, 0.43, 0.382
Node_Firms33_Firms9_0, 0.009, 0, 0.014, 0.016, 0.009, 0, 0.009, 0.002, 0.013
Node_Firms8_Firms24_0, 0.994, 0.001, 0.557, 0.247, 0.973, 0, 0.994, 0.567, 0.434
Node_Firms8_Firms4_0, 1.116, 0.006, 0.072, 0.182, 0.951, 0, 1.116, 0.799, 0.32
Node_Gemm2_Gemm4_0, 0.004, 0, 0.019, 0.017, 0.004, 0, 0.004, 0.002, 0.013
Node_Gemm3_Gemm6_0, 0.189, 0, 0.014, 0.014, 0.186, 0, 0.189, 0.031, 0.169
Node_Gemm5_Gemm8_0, 0.066, 0, 0.012, 0.035, 0.066, 0, 0.066, 0.009, 0.068
Node_Gemm5_Gemm9_0, 0.014, 0, 0.063, 0.021, 0.014, 0, 0.014, 0.01, 0.011
Node_Gemm9_Gemm2_0, 0.01, 0, 0.021, 0.024, 0.01, 0, 0.01, 0.005, 0.017
Node_Gemm9_Gemm3_0, 0.034, 0, 0.021, 0.022, 0.034, 0, 0.034, 0.006, 0.038
Node_Gemm9_Gemm7_0, 0.017, 0, 0.017, 0.023, 0.017, 0, 0.017, 0.004, 0.024
Node_Gold1_FCPU1_0, 0.19, 0.001, 0.096, 0.091, 0.182, 0, 0.19, 0.034, 0.155
Node_Gold1_Fire1_0, 0.13, 0.001, 0.146, 0.129, 0.127, 0, 0.13, 0.12, 0.011
Node_Gold1_Gold2_0, 0.009, 0, 0.198, 0.079, 0.009, 0, 0.009, 0.008, 0.017
Node_Hydr2_Abys1_0, 1.115, 0.001, 0.818, 0.626, 0.81, 0, 1.115, 0.973, 0.145
Node_Hydr2_Hydr1_0, 1.044, 0.002, 0.866, 0.475, 0.999, 0, 1.044, 0.259, 0.793
Node_Hydr2_Plan43_0, 1.889, 0.074, 0.063, 2.28, 0.991, 0, 1.889, 1.647, 0.109
Node_Hydr2_Sume1_0, 1.787, 0.011, 0.165, 0.989, 0.99, 0, 1.787, 1.717, 0.052
Node_KSB1X2_KSB1X4_0, 0.003, 0, 0.014, 0.014, 0.003, 0, 0.003, 0.001, 0.01
Node_KSB1X3_KSB1X1_0, 0.004, 0, 0.018, 0.018, 0.004, 0, 0.004, 0.003, 0.011
Node_Late1_Late3_0, 0.213, 0.001, 0.015, 0.056, 0.213, 0, 0.213, 0.046, 0.178
Node_Late2_Late1_0, 0.049, 0, 0.015, 0.011, 0.049, 0, 0.049, 0.009, 0.047
Node_Lind1_Lind2_0, 1.078, 0.011, 0.201, 1.869, 0.872, 0, 1.078, 0.867, 0.209
Node_Lind1_Lind4_0, 1.059, 0.015, 0.18, 0.766, 0.925, 0, 1.059, 0.984, 0.05
Node_Marg1_Marg2_0, 0.078, 0, 0.057, 0.093, 0.078, 0, 0.078, 0.058, 0.024
Node_Marg1_Marg6_0, 0.012, 0, 0.072, 0.038, 0.012, 0, 0.012, 0.011, 0.006
Node_Marg2_Marg7_0, 0.263, 0, 0.026, 0.158, 0.262, 0, 0.263, 0.066, 0.211
Node_Mari3_Mari2_0, 0.008, 0, 0.1, 0.045, 0.008, 0, 0.008, 0.007, 0.01
Node_Mari3_Mari6_0, 0.098, 0, 0.016, 0.043, 0.097, 0, 0.098, 0.052, 0.048
Node_Mari6_Mari1_0, 0.03, 0, 0.26, 0.089, 0.03, 0, 0.03, 0.025, 0.015
Node_Mari6_Mari5_0, 0.275, 0.001, 0.016, 0.084, 0.273, 0, 0.275, 0.091, 0.192
Node_Meth2_Meth1_0, 0.04, 0, 0.768, 0.082, 0.04, 0, 0.04, 0.032, 0.019
Node_Meth4_Meth3_0, 1.275, 0, 0.031, 0.031, 0.999, 0, 1.275, 1.056, 0.235
Node_Meth5_Meth2_0, 0.789, 0.016, 0.012, 0.091, 0.764, 0, 0.789, 0.722, 0.04
Node_Meth5_Meth4_0, 1.071, 0.144, 0.011, 0.097, 0.875, 0, 1.071, 0.666, 0.149
Node_Meth5_NitsA1_0, 0.949, 0.001, 0.056, 0.07, 0.863, 0, 0.949, 0.914, 0.033
Node_Meth5_SZUA1_0, 0.745, 0.003, 0.238, 0.091, 0.733, 0, 0.745, 0.729, 0.016
Node_Meth5_Sche1_0, 0.964, 0, 0.129, 0.089, 0.801, 0, 0.964, 0.822, 0.144
Node_MyxA1_MyxA2_0, 1.014, 0.001, 0.035, 0.026, 1, 0, 1.014, 1.007, 0.013
Node_MyxA1_MyxA4_0, 1.035, 0.002, 0.121, 0.127, 1, 0, 1.035, 0.292, 0.748
Node_MyxA2_MyxA3_0, 1.01, 0.001, 0.022, 0.025, 1, 0, 1.01, 1.001, 0.017
Node_Myxo10_Bdell6_0, 0.722, 0, 0.101, 0.205, 0.634, 0, 0.722, 0.58, 0.149
Node_Myxo10_MyxA1_0, 0.406, 0, 0.499, 0.18, 0.372, 0, 0.406, 0.227, 0.183
Node_Myxo10_Myxo11_0, 0.157, 0, 0.276, 0.073, 0.153, 0, 0.157, 0.136, 0.027
Node_Myxo10_Myxo14_0, 0.031, 0, 0.144, 0.03, 0.031, 0, 0.031, 0.018, 0.018
Node_Myxo10_Myxo15_0, 0.043, 0, 0.07, 0.025, 0.043, 0, 0.043, 0.019, 0.033
Node_Myxo10_Myxo17_0, 0.08, 0, 0.026, 0.039, 0.08, 0, 0.08, 0.016, 0.075
Node_Myxo11_Bdell13_0, 0.157, 0.001, 0.047, 0.045, 0.156, 0, 0.157, 0.112, 0.046
Node_Myxo11_Myxo13_0, 0.007, 0, 0.026, 0.032, 0.007, 0, 0.007, 0.002, 0.024
Node_Myxo11_Myxo8_0, 0.009, 0, 0.157, 0.031, 0.009, 0, 0.009, 0.005, 0.009
Node_Myxo14_Myxo2_0, 0.086, 0, 0.009, 0.031, 0.084, 0, 0.086, 0.025, 0.069
Node_Myxo14_Myxo3_0, 0.018, 0, 0.032, 0.023, 0.018, 0, 0.018, 0.006, 0.019
Node_Myxo14_Myxo5_0, 0.356, 0.002, 0.013, 0.042, 0.329, 0, 0.356, 0.083, 0.281
Node_Myxo14_Myxo6_0, 1.007, 0.003, 0.181, 0.113, 0.998, 0, 1.007, 0.191, 0.829
Node_Myxo14_Myxo9_0, 0.026, 0, 0.01, 0.012, 0.026, 0, 0.026, 0.011, 0.018
Node_Myxo15_Myxo18_0, 0.173, 0, 0.021, 0.027, 0.172, 0, 0.173, 0.029, 0.151
Node_Myxo17_Myxo19_0, 0.263, 0, 0.023, 0.079, 0.262, 0, 0.263, 0.067, 0.206
Node_Myxo2_Myxo1_0, 0.007, 0, 0.088, 0.031, 0.007, 0, 0.007, 0.004, 0.009
Node_Myxo8_Myxo7_0, 0.004, 0, 0.019, 0.018, 0.004, 0, 0.004, 0.002, 0.014
Node_Nitr10_Nitr3_0, 1.002, 0, 0.014, 0.013, 1, 0, 1.002, 0.999, 0.013
Node_Nitr10_Nitr4_0, 1.003, 0.001, 0.01, 0.304, 0.999, 0, 1.003, 0.07, 0.937
Node_Nitr10_Nitr6_0, 1.004, 0.001, 0.019, 0.019, 1, 0, 1.004, 0.999, 0.02
Node_Nitr14_CG294X1_0, 0.042, 0, 0.931, 0.07, 0.042, 0, 0.042, 0.041, 0.002
Node_Nitr14_Meth5_0, 0.971, 0.001, 0.17, 0.141, 0.887, 0, 0.971, 0.956, 0.015
Node_Nitr14_Nitr12_0, 0.003, 0, 0.015, 0.013, 0.003, 0, 0.003, 0.001, 0.01
Node_Nitr14_Nitr13_0, 0.004, 0, 0.006, 0.011, 0.004, 0, 0.004, 0.001, 0.006
Node_Nitr14_Nitr15_0, 0.022, 0, 0.033, 0.028, 0.022, 0, 0.022, 0.015, 0.013
Node_Nitr14_Nitr16_0, 0.008, 0, 0.01, 0.012, 0.008, 0, 0.008, 0.001, 0.014
Node_Nitr14_Nitr2_0, 0.004, 0, 0.014, 0.017, 0.004, 0, 0.004, 0.002, 0.009
Node_Nitr14_Nitr9_0, 0.009, 0, 0.017, 0.01, 0.009, 0, 0.009, 0.007, 0.004
Node_Nitr15_Nitr10_0, 0.075, 0, 0.008, 0.02, 0.074, 0, 0.075, 0.01, 0.07
Node_Nitr15_Nitr1_0, 0.013, 0, 0.018, 0.018, 0.013, 0, 0.013, 0.008, 0.009
Node_Nitr15_Nitr8_0, 0.013, 0, 0.011, 0.008, 0.013, 0, 0.013, 0.006, 0.011
Node_Nitr16_Nitr11_0, 0.013, 0, 0.02, 0.028, 0.013, 0, 0.013, 0.002, 0.027
Node_Nitr16_Nitr17_0, 0.006, 0, 0.013, 0.013, 0.006, 0, 0.006, 0.001, 0.011
Node_Nitr17_Nitr5_0, 0.004, 0, 0.018, 0.022, 0.004, 0, 0.004, 0, 0.016
Node_Nitr9_Nitr7_0, 0.007, 0, 0.014, 0.012, 0.007, 0, 0.007, 0.002, 0.012
Node_Nits1_Nits3_0, 1.004, 0.001, 0.027, 0.054, 0.999, 0, 1.004, 0.814, 0.205
Node_Nits4_Nits2_0, 0.223, 0, 0.775, 0.059, 0.22, 0, 0.223, 0.061, 0.165
Node_NitsA1_NitsA2_0, 0.013, 0, 0.802, 0.044, 0.013, 0, 0.013, 0.006, 0.026
Node_NitsA1_NitsA3_0, 0.789, 0, 0.181, 0.048, 0.775, 0, 0.789, 0.774, 0.021
Node_NitsA3_Nits1_0, 0.825, 0, 0.06, 0.053, 0.821, 0, 0.825, 0.783, 0.052
Node_NitsA3_Nits4_0, 0.833, 0, 0.014, 0.036, 0.796, 0, 0.833, 0.777, 0.058
Node_Omni4_Omni2_0, 1.027, 0.004, 0.099, 0.294, 0.999, 0, 1.027, 0.235, 0.809
Node_Omni4_Omni3_0, 0.404, 0.001, 0.646, 0.642, 0.374, 0, 0.404, 0.374, 0.032
Node_Omni4_Omni7_0, 0.313, 0, 0.224, 0.248, 0.294, 0, 0.313, 0.184, 0.133
Node_Omni4_Omni8_0, 1.017, 0.02, 0.742, 2.265, 0.855, 0, 1.017, 0.979, 0.013
Node_Omni8_Omni6_0, 1.046, 0.01, 0.235, 2.654, 1, 0, 1.046, 0.788, 0.254
Node_P4572X1_Ferm1_0, 0.009, 0, 0.023, 0.012, 0.009, 0, 0.009, 0.006, 0.006
Node_P4572X1_Gemm5_0, 0.01, 0, 0.006, 0.006, 0.01, 0, 0.01, 0.003, 0.007
Node_Pate13_Pate34_0, 0.006, 0, 0.014, 0.012, 0.006, 0, 0.006, 0.002, 0.011
Node_Pate13_Pate6_0, 0.009, 0, 0.017, 0.014, 0.009, 0, 0.009, 0.002, 0.015
Node_Pate14_Pate35_0, 0.008, 0, 0.011, 0.016, 0.008, 0, 0.008, 0.002, 0.012
Node_Pate14_Pate5_0, 0.007, 0, 0.013, 0.013, 0.007, 0, 0.007, 0.001, 0.011
Node_Pate15_Pate29_0, 0.006, 0, 0.018, 0.02, 0.006, 0, 0.006, 0.002, 0.017
Node_Pate17_Pate18_0, 0.007, 0, 0.01, 0.015, 0.007, 0, 0.007, 0.001, 0.013
Node_Pate17_Pate19_0, 0.004, 0, 0.003, 0.004, 0.004, 0, 0.004, 0.003, 0.002
Node_Pate17_Pate8_0, 0.004, 0, 0.012, 0.01, 0.004, 0, 0.004, 0.001, 0.009
Node_Pate18_Pate38_0, 0.006, 0, 0.022, 0.024, 0.006, 0, 0.006, 0.001, 0.018
Node_Pate18_Pate9_0, 0.01, 0, 0.007, 0.009, 0.01, 0, 0.01, 0.005, 0.01
Node_Pate19_Pate37_0, 0.006, 0, 0.007, 0.008, 0.006, 0, 0.006, 0.002, 0.005
Node_Pate19_Pate4_0, 0.008, 0.002, 0.01, 0.015, 0.008, 0, 0.008, 0.001, 0.012
Node_Pate1_Pate50_0, 0.007, 0, 0.011, 0.014, 0.007, 0, 0.007, 0.001, 0.014
Node_Pate21_Pate15_0, 0.007, 0, 0.005, 0.008, 0.007, 0, 0.007, 0.003, 0.005
Node_Pate21_Pate26_0, 0.007, 0, 0.009, 0.012, 0.006, 0, 0.007, 0.003, 0.006
Node_Pate24_Pate13_0, 0.011, 0.001, 0.006, 0.015, 0.011, 0, 0.011, 0.005, 0.007
Node_Pate24_Pate14_0, 0.009, 0, 0.006, 0.008, 0.009, 0, 0.009, 0.007, 0.005
Node_Pate24_Pate39_0, 0.005, 0, 0.018, 0.02, 0.005, 0, 0.005, 0.001, 0.017
Node_Pate24_Pate54_0, 0.006, 0, 0.014, 0.015, 0.006, 0, 0.006, 0.004, 0.009
Node_Pate25_Pate17_0, 0.005, 0, 0.002, 0.001, 0.005, 0, 0.005, 0.004, 0.001
Node_Pate25_Pate28_0, 0.002, 0, 0.009, 0.006, 0.002, 0, 0.002, 0.001, 0.006
Node_Pate25_Pate32_0, 0.006, 0, 0.006, 0.004, 0.006, 0, 0.006, 0.003, 0.004
Node_Pate26_Pate12_0, 0.007, 0, 0.013, 0.01, 0.007, 0, 0.007, 0, 0.013
Node_Pate40_Pate24_0, 0.01, 0, 0.004, 0.012, 0.01, 0, 0.01, 0.004, 0.008
Node_Pate40_Pate55_0, 0.002, 0, 0.01, 0.004, 0.002, 0, 0.002, 0.001, 0.002
Node_Pate40_Pate7_0, 0.006, 0, 0.006, 0.002, 0.006, 0, 0.006, 0.002, 0.005
Node_Pate43_Pate22_0, 0.007, 0.001, 0.011, 0.01, 0.007, 0, 0.007, 0.004, 0.006
Node_Pate43_Pate3_0, 0.006, 0, 0.009, 0.012, 0.006, 0, 0.006, 0.002, 0.008
Node_Pate43_Pate44_0, 0.007, 0, 0.01, 0.017, 0.007, 0, 0.007, 0.002, 0.011
Node_Pate43_Pate45_0, 0.011, 0, 0.009, 0.008, 0.011, 0, 0.011, 0.009, 0.003
Node_Pate43_Pate57_0, 0.008, 0, 0.009, 0.006, 0.008, 0, 0.008, 0.002, 0.01
Node_Pate44_Pate10_0, 0.001, 0, 0.012, 0.014, 0.001, 0, 0.001, 0, 0.008
Node_Pate44_Pate52_0, 0.005, 0, 0.009, 0.016, 0.005, 0, 0.005, 0.003, 0.007
Node_Pate45_Pate11_0, 0.006, 0, 0.013, 0.012, 0.006, 0, 0.006, 0.003, 0.009
Node_Pate45_Pate21_0, 0.01, 0, 0.01, 0.015, 0.01, 0, 0.01, 0.003, 0.009
Node_Pate46_Pate25_0, 0.008, 0, 0.032, 0.017, 0.008, 0, 0.008, 0.007, 0.003
Node_Pate48_Chlo30_0, 0.622, 0.021, 0.009, 0.215, 0.573, 0, 0.622, 0.415, 0.178
Node_Pate48_Pate1_0, 0.004, 0, 0.007, 0.007, 0.004, 0, 0.004, 0, 0.007
Node_Pate48_Pate23_0, 0.117, 0, 0.506, 0.148, 0.114, 0, 0.117, 0.116, 0.001
Node_Pate48_Pate30_0, 0.004, 0, 0.007, 0.006, 0.004, 0, 0.004, 0.001, 0.004
Node_Pate48_Pate40_0, 0.007, 0, 0.012, 0.01, 0.007, 0, 0.007, 0.006, 0.002
Node_Pate48_Pate43_0, 0.017, 0, 0.025, 0.028, 0.017, 0, 0.017, 0.014, 0.005
Node_Pate48_Pate46_0, 0.037, 0, 0.081, 0.061, 0.037, 0, 0.037, 0.036, 0.001
Node_Pate48_Pate49_0, 0, 0, 0.005, 0.008, 0, 0, 0, 0, 0.001
Node_Pate48_Pate51_0, 0.002, 0, 0.004, 0.005, 0.002, 0, 0.002, 0, 0.006
Node_Pate48_Pate56_0, 0.004, 0, 0.003, 0.002, 0.004, 0, 0.004, 0.002, 0.003
Node_Pate49_Pate41_0, 0.002, 0, 0.004, 0.007, 0.002, 0, 0.002, 0, 0.006
Node_Pate51_Pate27_0, 0.102, 0, 0.012, 0.026, 0.101, 0, 0.102, 0.01, 0.102
Node_Pate51_Pate33_0, 0.003, 0, 0.002, 0.003, 0.003, 0, 0.003, 0.001, 0.003
Node_Pate51_Pate53_0, 0.012, 0, 0.008, 0.01, 0.012, 0, 0.012, 0.001, 0.017
Node_Pate54_Pate31_0, 0.004, 0, 0.009, 0.011, 0.004, 0, 0.004, 0.001, 0.007
Node_Pate9_Pate36_0, 0.004, 0, 0.016, 0.013, 0.004, 0, 0.004, 0.001, 0.01
Node_Plan17_Plan23_0, 0.006, 0, 0.023, 0.02, 0.006, 0, 0.006, 0.002, 0.016
Node_Plan22_Plan2_0, 0.694, 0, 0.825, 0.068, 0.681, 0, 0.694, 0.586, 0.121
Node_Plan22_Plan4_0, 1.398, 0, 0.134, 0.089, 0.918, 0, 1.398, 1.32, 0.091
Node_Plan26_Plan21_0, 1.108, 0.003, 0.329, 0.282, 0.979, 0, 1.108, 0.964, 0.14
Node_Plan26_Plan5_0, 0.801, 0, 0.371, 0.307, 0.776, 0, 0.801, 0.747, 0.064
Node_Plan30_Plan14_0, 1.079, 0.001, 0.043, 0.216, 0.786, 0, 1.079, 0.696, 0.391
Node_Plan31_Plan17_0, 0.013, 0, 0.02, 0.009, 0.013, 0, 0.013, 0.006, 0.009
Node_Plan31_Plan18_0, 0.261, 0.003, 1.421, 0.543, 0.245, 0, 0.261, 0.253, 0.006
Node_Plan31_Plan27_0, 0.024, 0, 0.049, 0.04, 0.024, 0, 0.024, 0.021, 0.004
Node_Plan31_Plan39_0, 0.069, 0, 0.199, 0.152, 0.067, 0, 0.069, 0.067, 0.007
Node_Plan32_Plan12_0, 0.018, 0, 0.073, 0.045, 0.018, 0, 0.018, 0.015, 0.017
Node_Plan32_Plan22_0, 1.441, 0.002, 0.281, 0.221, 0.91, 0, 1.441, 1.018, 0.426
Node_Plan32_Plan26_0, 1.294, 0.023, 0.681, 0.535, 0.907, 0, 1.294, 1.055, 0.206
Node_Plan32_Plan30_0, 0.73, 0, 0.835, 0.209, 0.641, 0, 0.73, 0.617, 0.124
Node_Plan32_Plan3_0, 0.074, 0, 0.678, 0.162, 0.069, 0, 0.074, 0.067, 0.022
Node_Plan33_Plan44_0, 0.124, 0, 0.906, 0.404, 0.122, 0, 0.124, 0.121, 0.008
Node_Plan42_Plan40_0, 1.009, 0.001, 0.224, 0.049, 1, 0, 1.009, 0.988, 0.031
Node_Plan43_Plan16_0, 1.106, 0.019, 0.085, 0.957, 0.994, 0, 1.106, 0.932, 0.15
Node_Plan43_Plan31_0, 1.673, 0.008, 0.036, 0.713, 0.97, 0, 1.673, 1.632, 0.03
Node_Plan43_Plan32_0, 1.746, 0.023, 0.02, 0.774, 0.978, 0, 1.746, 1.638, 0.07
Node_Plan43_Plan33_0, 1.022, 0.022, 0.762, 0.834, 0.911, 0, 1.022, 0.97, 0.016
Node_Plan43_Plan42_0, 1.201, 0, 0.029, 0.024, 0.994, 0, 1.201, 1.084, 0.124
Node_Plan43_Plan7_0, 1.671, 0.004, 0.141, 0.671, 0.974, 0, 1.671, 1.657, 0.01
Node_Plan43_Verr11_0, 1.798, 0.024, 0.134, 0.284, 0.989, 0, 1.798, 1.734, 0.019
Node_Pori1_Pori2_0, 1.043, 0.005, 0.43, 0.556, 1, 0, 1.043, 0.146, 0.908
Node_ProtA11_ProtA32_0, 1.011, 0.003, 0.025, 0.124, 1, 0, 1.011, 0.993, 0.017
Node_ProtA12_ProtA44_0, 0.006, 0, 0.02, 0.017, 0.006, 0, 0.006, 0.002, 0.011
Node_ProtA12_ProtA54_0, 0.004, 0, 0.012, 0.019, 0.004, 0, 0.004, 0.002, 0.01
Node_ProtA13_ProtA24_0, 0.262, 0.001, 0.035, 0.072, 0.26, 0, 0.262, 0.039, 0.232
Node_ProtA13_ProtA61_0, 0.015, 0, 0.258, 0.055, 0.015, 0, 0.015, 0.013, 0.011
Node_ProtA13_ProtA77_0, 0.248, 0, 0.152, 0.114, 0.246, 0, 0.248, 0.238, 0.016
Node_ProtA13_ProtA7_0, 0.064, 0, 0.218, 0.071, 0.063, 0, 0.064, 0.031, 0.034
Node_ProtA15_ProtA42_0, 0.664, 0.001, 0.022, 0.189, 0.655, 0, 0.664, 0.558, 0.117
Node_ProtA15_ProtA70_0, 0.568, 0.001, 0.216, 0.164, 0.561, 0, 0.568, 0.558, 0.025
Node_ProtA16_ProtA33_0, 0.016, 0, 0.079, 0.034, 0.016, 0, 0.016, 0.013, 0.014
Node_ProtA16_ProtA66_0, 0.018, 0, 0.017, 0.017, 0.018, 0, 0.018, 0.009, 0.019
Node_ProtA16_ProtA69_0, 0.719, 0, 0.233, 0.074, 0.694, 0, 0.719, 0.67, 0.052
Node_ProtA16_ProtA8_0, 0.081, 0, 0.695, 0.042, 0.08, 0, 0.081, 0.03, 0.057
Node_ProtA18_ProtA10_0, 0.586, 0, 0.123, 0.166, 0.567, 0, 0.586, 0.493, 0.101
Node_ProtA18_ProtA19_0, 1.738, 0.354, 0.05, 0.428, 0.993, 0, 1.738, 1.046, 0.109
Node_ProtA18_ProtA29_0, 0.608, 0.004, 0.796, 0.423, 0.549, 0, 0.608, 0.583, 0.029
Node_ProtA18_ProtA53_0, 1.371, 0.004, 0.387, 0.446, 0.872, 0, 1.371, 1.353, 0.016
Node_ProtA19_ProtA14_0, 1.687, 0.001, 0.71, 0.162, 1, 0, 1.687, 1.666, 0.028
Node_ProtA19_ProtA20_0, 1.979, 0.02, 0.05, 0.445, 0.999, 0, 1.979, 1.684, 0.271
Node_ProtA19_ProtA3_0, 1.725, 0.002, 0.02, 0.073, 0.999, 0, 1.725, 1.671, 0.056
Node_ProtA19_ProtA46_0, 1.014, 0.003, 0.018, 0.062, 0.996, 0, 1.014, 0.691, 0.325
Node_ProtA19_ProtA49_0, 1.126, 0, 0.026, 0.019, 0.996, 0, 1.126, 0.997, 0.138
Node_ProtA19_ProtA56_0, 2.196, 0.019, 0.022, 0.213, 0.999, 0, 2.196, 1.954, 0.22
Node_ProtA19_ProtA68_0, 0.789, 0.002, 1.033, 0.106, 0.679, 0, 0.789, 0.695, 0.095
Node_ProtA19_ProtA74_0, 0.704, 0, 0.154, 0.057, 0.693, 0, 0.704, 0.643, 0.069
Node_ProtA19_ProtA75_0, 2.368, 0.033, 0.121, 0.126, 1, 0, 2.368, 2.05, 0.26
Node_ProtA20_ProtA11_0, 1.016, 0.003, 0.98, 0.181, 0.991, 0, 1.016, 1.006, 0.014
Node_ProtA20_ProtA5_0, 0.072, 0, 0.952, 0.207, 0.071, 0, 0.072, 0.069, 0.008
Node_ProtA26_ProtA37_0, 0.005, 0, 0.032, 0.023, 0.005, 0, 0.005, 0.003, 0.012
Node_ProtA26_ProtA45_0, 0.025, 0, 0.166, 0.113, 0.025, 0, 0.025, 0.023, 0.009
Node_ProtA27_ProtA21_0, 0.033, 0, 0.099, 0.066, 0.033, 0, 0.033, 0.031, 0.007
Node_ProtA30_ProtA35_0, 0.007, 0, 0.042, 0.024, 0.007, 0, 0.007, 0.006, 0.006
Node_ProtA34_Acid38_0, 1.176, 0.012, 0.137, 0.874, 0.979, 0, 1.176, 1.142, 0.014
Node_ProtA34_Chry1_0, 1.287, 0.043, 0.187, 0.779, 0.985, 0, 1.287, 1.192, 0.011
Node_ProtA34_DesuB4_0, 1.513, 0.004, 0.041, 0.302, 0.995, 0, 1.513, 1.188, 0.323
Node_ProtA34_DesuC2_0, 1.514, 0.004, 0.041, 0.244, 0.991, 0, 1.514, 1.472, 0.038
Node_ProtA34_J088X1_0, 0.717, 0.003, 0.883, 0.217, 0.611, 0, 0.717, 0.632, 0.083
Node_ProtA34_Nitr14_0, 1.125, 0.021, 0.107, 0.9, 0.98, 0, 1.125, 1.054, 0.035
Node_ProtA34_ProtA13_0, 0.384, 0.001, 0.561, 0.078, 0.365, 0, 0.384, 0.342, 0.044
Node_ProtA34_ProtA16_0, 0.9, 0.001, 0.225, 0.08, 0.768, 0, 0.9, 0.875, 0.029
Node_ProtA34_ProtA18_0, 1.325, 0.312, 0.015, 0.748, 0.947, 0, 1.325, 0.315, 0.566
Node_ProtA34_ProtA26_0, 0.182, 0.001, 0.013, 0.127, 0.179, 0, 0.182, 0.085, 0.101
Node_ProtA34_ProtA38_0, 1.095, 0.008, 0.274, 0.219, 0.917, 0, 1.095, 1.048, 0.036
Node_ProtA34_ProtA39_0, 0.462, 0.016, 0.013, 0.242, 0.439, 0, 0.462, 0.168, 0.277
Node_ProtA34_ProtA40_0, 0.407, 0, 0.032, 0.07, 0.381, 0, 0.407, 0.361, 0.055
Node_ProtA34_ProtA43_0, 0.206, 0, 0.343, 0.073, 0.204, 0, 0.206, 0.074, 0.142
Node_ProtA34_ProtA9_0, 0.093, 0, 0.023, 0.057, 0.092, 0, 0.093, 0.032, 0.068
Node_ProtA34_ProtG30_0, 0.242, 0, 0.567, 0.113, 0.231, 0, 0.242, 0.153, 0.092
Node_ProtA34_ProtM1_0, 0.068, 0.001, 0.187, 0.082, 0.066, 0, 0.068, 0.057, 0.012
Node_ProtA34_SAR3X2_0, 1.126, 0.003, 0.039, 0.68, 0.984, 0, 1.126, 1.086, 0.037
Node_ProtA34_SM23X1_0, 1.42, 0.111, 0.034, 0.972, 0.995, 0.022, 1.42, 1.202, 0.01
Node_ProtA34_Spir10_0, 1.311, 0.209, 0.005, 0.6, 0.974, 0.403, 1.311, 0.925, 0.01
Node_ProtA34_UBA2X1_0, 1.227, 0.009, 0.021, 0.594, 0.996, 0, 1.227, 1.101, 0.113
Node_ProtA34_Wall1_0, 0.694, 0.128, 0.003, 0.298, 0.568, 0.569, 0.694, 0.452, 0
Node_ProtA34_mitoFungi_0, 0.048, 0, 0.043, 0.043, 0.046, 0, 0.048, 0.028, 0.023
Node_ProtA38_ProtA15_0, 0.758, 0.002, 0.413, 0.637, 0.687, 0, 0.758, 0.682, 0.074
Node_ProtA38_ProtA41_0, 0.803, 0, 0.203, 0.055, 0.696, 0, 0.803, 0.584, 0.224
Node_ProtA38_ProtA64_0, 0.782, 0, 0.057, 0.052, 0.678, 0, 0.782, 0.711, 0.081
Node_ProtA39_ProtA12_0, 0.015, 0, 0.043, 0.029, 0.014, 0, 0.015, 0.008, 0.015
Node_ProtA39_ProtA27_0, 0.125, 0, 0.345, 0.186, 0.125, 0, 0.125, 0.122, 0.008
Node_ProtA39_ProtA30_0, 0.043, 0, 0.096, 0.06, 0.042, 0, 0.043, 0.035, 0.014
Node_ProtA39_ProtA36_0, 0.008, 0, 0.02, 0.015, 0.008, 0, 0.008, 0.005, 0.013
Node_ProtA3_ProtA72_0, 1.031, 0, 0.462, 0.076, 1, 0, 1.031, 1.026, 0.013
Node_ProtA3_ProtA76_0, 1.48, 0.002, 0.294, 0.135, 1, 0, 1.48, 1.436, 0.047
Node_ProtA40_ProtA67_0, 0.439, 0, 0.079, 0.081, 0.436, 0, 0.439, 0.336, 0.111
Node_ProtA46_ProtA55_0, 1.007, 0.004, 0.031, 0.041, 0.995, 0, 1.007, 0.994, 0.02
Node_ProtA47_ProtA63_0, 0.821, 0, 0.27, 0.168, 0.656, 0, 0.821, 0.619, 0.216
Node_ProtA53_ProtA58_0, 0.992, 0.003, 0.447, 0.432, 0.73, 0, 0.992, 0.928, 0.065
Node_ProtA56_ProtA52_0, 1.709, 0.001, 0.547, 0.105, 0.955, 0, 1.709, 1.662, 0.059
Node_ProtA68_ProtA2_0, 0.402, 0.001, 0.659, 0.163, 0.359, 0, 0.402, 0.14, 0.271
Node_ProtA69_ProtA50_0, 0.907, 0.001, 0.042, 0.033, 0.875, 0, 0.907, 0.685, 0.229
Node_ProtA70_ProtA57_0, 0.035, 0, 0.543, 0.124, 0.035, 0, 0.035, 0.032, 0.01
Node_ProtA76_ProtA47_0, 0.875, 0.018, 1.013, 0.295, 0.668, 0, 0.875, 0.544, 0.318
Node_ProtA76_ProtA48_0, 1.552, 0, 0.049, 0.127, 0.994, 0, 1.552, 1.438, 0.121
Node_ProtA76_ProtA62_0, 1.079, 0, 0.406, 0.381, 0.982, 0, 1.079, 0.474, 0.61
Node_ProtA76_ProtA71_0, 1.108, 0, 0.191, 0.063, 0.893, 0, 1.108, 0.897, 0.22
Node_ProtA77_ProtA31_0, 0.253, 0.001, 0.027, 0.088, 0.252, 0, 0.253, 0.226, 0.031
Node_ProtA77_ProtA51_0, 0.409, 0, 0.015, 0.118, 0.408, 0, 0.409, 0.248, 0.171
Node_ProtA9_ProtA60_0, 0.012, 0, 0.087, 0.041, 0.012, 0, 0.012, 0.01, 0.006
Node_ProtG12_ProtG5_0, 1.018, 0.002, 0.035, 0.056, 1, 0, 1.018, 0.907, 0.112
Node_ProtG16_ProtG17_0, 0.064, 0.001, 0.324, 0.137, 0.063, 0, 0.064, 0.058, 0.01
Node_ProtG18_ProtG10_0, 1.093, 0, 0.011, 0.022, 0.898, 0, 1.093, 0.908, 0.187
Node_ProtG18_ProtG12_0, 0.939, 0.001, 0.215, 0.063, 0.903, 0, 0.939, 0.899, 0.06
Node_ProtG18_ProtG14_0, 0.917, 0, 0.055, 0.037, 0.878, 0, 0.917, 0.88, 0.045
Node_ProtG18_ProtG21_0, 0.008, 0, 0.949, 0.041, 0.008, 0, 0.008, 0.005, 0.018
Node_ProtG24_ProtG18_0, 0.927, 0, 0.569, 0.042, 0.914, 0, 0.927, 0.502, 0.438
Node_ProtG25_ProtG9_0, 0.953, 0, 0.19, 0.201, 0.742, 0, 0.953, 0.671, 0.29
Node_ProtG29_ProtG76_0, 0.004, 0, 0.012, 0.013, 0.004, 0, 0.004, 0.002, 0.011
Node_ProtG30_ProtG19_0, 0.002, 0, 0.018, 0.016, 0.002, 0, 0.002, 0.001, 0.01
Node_ProtG30_ProtG31_0, 0.855, 0, 0.341, 0.248, 0.715, 0, 0.855, 0.701, 0.16
Node_ProtG30_ProtG34_0, 0.092, 0, 0.772, 0.163, 0.091, 0, 0.092, 0.087, 0.009
Node_ProtG30_ProtG35_0, 0.03, 0, 0.081, 0.063, 0.029, 0, 0.03, 0.02, 0.019
Node_ProtG30_ProtG39_0, 0.01, 0, 0.196, 0.016, 0.01, 0, 0.01, 0.003, 0.012
Node_ProtG30_ProtG42_0, 0.946, 0, 0.06, 0.197, 0.875, 0, 0.946, 0.875, 0.074
Node_ProtG30_ProtG49_0, 0.015, 0, 0.048, 0.017, 0.015, 0, 0.015, 0.004, 0.018
Node_ProtG30_ProtG50_0, 1.036, 0.004, 0.049, 0.22, 0.948, 0, 1.036, 0.901, 0.135
Node_ProtG30_ProtG64_0, 0.194, 0, 0.014, 0.021, 0.193, 0, 0.194, 0.038, 0.164
Node_ProtG30_ProtG71_0, 0.691, 0.003, 0.085, 0.142, 0.68, 0, 0.691, 0.669, 0.021
Node_ProtG30_ProtG80_0, 0.757, 0.015, 0.017, 0.143, 0.732, 0, 0.757, 0.665, 0.068
Node_ProtG30_ProtG84_0, 0.045, 0, 0.021, 0.034, 0.044, 0, 0.045, 0.013, 0.036
Node_ProtG30_ProtG85_0, 0.932, 0.003, 0.019, 0.163, 0.882, 0, 0.932, 0.741, 0.191
Node_ProtG30_ProtG87_0, 0.044, 0, 0.015, 0.018, 0.044, 0, 0.044, 0.007, 0.044
Node_ProtG30_ProtZ3_0, 0.752, 0.005, 0.062, 0.281, 0.734, 0, 0.752, 0.364, 0.384
Node_ProtG30_ProtZ5_0, 0.425, 0.002, 0.066, 0.146, 0.406, 0, 0.425, 0.182, 0.247
Node_ProtG31_ProtG16_0, 0.377, 0.001, 0.454, 0.251, 0.346, 0, 0.377, 0.174, 0.212
Node_ProtG31_ProtG32_0, 1.136, 0.003, 0.032, 0.299, 0.796, 0, 1.136, 0.827, 0.31
Node_ProtG31_ProtG36_0, 1.038, 0.005, 0.483, 0.263, 0.84, 0, 1.038, 0.43, 0.607
Node_ProtG31_ProtG44_0, 0.949, 0.004, 0.097, 0.213, 0.922, 0, 0.949, 0.289, 0.665
Node_ProtG31_ProtG45_0, 0.909, 0.001, 0.612, 0.338, 0.704, 0, 0.909, 0.528, 0.384
Node_ProtG31_ProtG47_0, 0.618, 0.001, 0.291, 0.114, 0.573, 0, 0.618, 0.558, 0.067
Node_ProtG31_ProtG61_0, 0.841, 0.002, 0.246, 0.072, 0.795, 0, 0.841, 0.796, 0.047
Node_ProtG32_ProtG26_0, 1.969, 0, 0.03, 0.016, 1, 0, 1.969, 1.961, 0.013
Node_ProtG32_ProtG33_0, 1.277, 0.007, 0.212, 0.316, 0.92, 0, 1.277, 0.931, 0.346
Node_ProtG32_ProtG37_0, 1.334, 0.003, 0.199, 0.394, 0.926, 0, 1.334, 1.08, 0.253
Node_ProtG32_ProtG43_0, 1.986, 0.005, 0.107, 0.658, 1, 0, 1.986, 1.234, 0.754
Node_ProtG33_ProtG48_0, 0.58, 0.001, 0.925, 0.146, 0.557, 0, 0.58, 0.314, 0.274
Node_ProtG33_ProtG67_0, 1.23, 0.001, 0.164, 0.128, 0.931, 0, 1.23, 1.119, 0.116
Node_ProtG33_ProtG7_0, 0.595, 0, 0.123, 0.111, 0.593, 0, 0.595, 0.468, 0.138
Node_ProtG35_ProtG81_0, 0.007, 0, 0.032, 0.017, 0.007, 0, 0.007, 0.003, 0.009
Node_ProtG36_ProtG20_0, 1.188, 0, 0.07, 0.216, 0.969, 0, 1.188, 0.964, 0.233
Node_ProtG36_ProtG24_0, 1.058, 0.003, 0.218, 0.043, 0.927, 0, 1.058, 0.957, 0.102
Node_ProtG36_ProtG38_0, 1.171, 0.01, 0.081, 0.544, 0.956, 0, 1.171, 0.96, 0.204
Node_ProtG36_ProtG65_0, 1.025, 0.001, 0.124, 0.191, 0.918, 0, 1.025, 0.94, 0.09
Node_ProtG37_ProtG41_0, 0.115, 0, 0.015, 0.031, 0.115, 0, 0.115, 0.065, 0.059
Node_ProtG37_ProtG51_0, 0.007, 0, 0.13, 0.039, 0.007, 0, 0.007, 0.002, 0.022
Node_ProtG37_ProtG53_0, 0.158, 0, 1.188, 0.398, 0.154, 0, 0.158, 0.152, 0.012
Node_ProtG37_ProtG8_0, 0.071, 0, 0.101, 0.058, 0.071, 0, 0.071, 0.067, 0.014
Node_ProtG38_ProtG28_0, 1.131, 0, 0.074, 0.155, 0.947, 0, 1.131, 1.104, 0.034
Node_ProtG38_ProtG46_0, 0.345, 0, 0.921, 0.152, 0.331, 0, 0.345, 0.215, 0.135
Node_ProtG39_ProtG15_0, 0.008, 0, 0.016, 0.015, 0.008, 0, 0.008, 0.003, 0.014
Node_ProtG41_ProtG40_0, 0.26, 0, 0.021, 0.042, 0.259, 0, 0.26, 0.101, 0.166
Node_ProtG42_ProtG74_0, 0.24, 0, 0.818, 0.279, 0.228, 0, 0.24, 0.132, 0.112
Node_ProtG43_ProtG55_0, 1.974, 0.002, 0.043, 0.332, 0.999, 0, 1.974, 1.955, 0.029
Node_ProtG44_ProtG22_0, 0.936, 0.001, 0.04, 0.172, 0.926, 0, 0.936, 0.914, 0.026
Node_ProtG45_ProtG66_0, 0.937, 0.003, 0.243, 0.56, 0.837, 0, 0.937, 0.673, 0.268
Node_ProtG45_ProtG75_0, 0.864, 0.004, 0.206, 0.778, 0.717, 0, 0.864, 0.736, 0.129
Node_ProtG47_ProtG62_0, 0.607, 0, 0.09, 0.11, 0.6, 0, 0.607, 0.541, 0.079
Node_ProtG48_ProtG1_0, 0.62, 0, 0.049, 0.072, 0.584, 0, 0.62, 0.537, 0.089
Node_ProtG48_ProtG25_0, 0.853, 0.002, 0.018, 0.151, 0.728, 0, 0.853, 0.609, 0.249
Node_ProtG48_ProtG6_0, 0.765, 0.001, 0.398, 0.278, 0.635, 0, 0.765, 0.468, 0.309
Node_ProtG49_ProtG29_0, 0.005, 0, 0.018, 0.011, 0.005, 0, 0.005, 0.001, 0.008
Node_ProtG53_ProtG27_0, 0.013, 0, 0.154, 0.052, 0.013, 0, 0.013, 0.011, 0.009
Node_ProtG53_ProtG70_0, 0.007, 0, 0.026, 0.021, 0.007, 0, 0.007, 0.001, 0.02
Node_ProtG58_ProtG59_0, 1.059, 0.001, 0.533, 0.131, 0.999, 0, 1.059, 0.721, 0.345
Node_ProtG59_ProtG73_0, 1.01, 0, 0.085, 0.039, 1, 0, 1.01, 0.987, 0.036
Node_ProtG61_ProtG60_0, 0.002, 0, 0.016, 0.017, 0.002, 0, 0.002, 0.001, 0.009
Node_ProtG61_ProtG72_0, 0.808, 0, 0.063, 0.04, 0.801, 0, 0.808, 0.782, 0.03
Node_ProtG61_ProtG78_0, 0.009, 0, 0.81, 0.028, 0.009, 0, 0.009, 0.008, 0.011
Node_ProtG62_ProtG77_0, 0.067, 0, 0.56, 0.188, 0.067, 0, 0.067, 0.064, 0.02
Node_ProtG65_ProtG69_0, 0.244, 0, 0.95, 0.247, 0.231, 0, 0.244, 0.085, 0.169
Node_ProtG66_ProtG68_0, 0.962, 0, 0.141, 0.455, 0.934, 0, 0.962, 0.811, 0.166
Node_ProtG67_ProtG63_0, 1.148, 0.001, 0.3, 0.233, 1, 0, 1.148, 0.938, 0.217
Node_ProtG80_ProtG57_0, 0.5, 0, 0.361, 0.302, 0.493, 0, 0.5, 0.414, 0.104
Node_ProtG81_ProtG79_0, 0.005, 0, 0.012, 0.01, 0.005, 0, 0.005, 0, 0.01
Node_ProtG83_ProtG52_0, 1.141, 0.001, 0.018, 0.032, 0.958, 0, 1.141, 0.993, 0.156
Node_ProtG83_ProtG89_0, 1.002, 0.001, 0.07, 0.086, 0.95, 0, 1.002, 0.228, 0.775
Node_ProtG84_ProtG11_0, 0.232, 0.001, 0.229, 0.079, 0.229, 0, 0.232, 0.079, 0.164
Node_ProtG84_ProtG83_0, 0.296, 0, 0.01, 0.058, 0.279, 0, 0.296, 0.081, 0.219
Node_ProtG84_ProtG90_0, 0.087, 0, 0.017, 0.041, 0.085, 0, 0.087, 0.039, 0.059
Node_ProtG85_ProtG56_0, 0.714, 0.001, 0.622, 0.122, 0.638, 0, 0.714, 0.554, 0.166
Node_ProtG85_ProtG58_0, 1.246, 0.017, 0.254, 0.221, 0.887, 0, 1.246, 0.681, 0.551
Node_ProtG85_ProtG86_0, 0.313, 0, 0.516, 0.127, 0.283, 0, 0.313, 0.208, 0.115
Node_ProtG85_ProtG88_0, 1.169, 0, 0.117, 0.105, 0.846, 0, 1.169, 1.135, 0.04
Node_ProtG85_ProtG91_0, 0.302, 0.001, 0.234, 0.135, 0.296, 0, 0.302, 0.094, 0.222
Node_ProtG86_ProtG82_0, 0.378, 0, 0.116, 0.105, 0.372, 0, 0.378, 0.205, 0.181
Node_ProtG87_ProtG3_0, 0.005, 0, 0.013, 0.015, 0.005, 0, 0.005, 0.001, 0.01
Node_ProtG87_ProtG4_0, 0.008, 0, 0.054, 0.02, 0.008, 0, 0.008, 0.001, 0.018
Node_ProtG89_ProtG13_0, 0.96, 0, 0.068, 0.026, 0.956, 0, 0.96, 0.945, 0.026
Node_ProtG90_ProtG54_0, 0.003, 0, 0.092, 0.024, 0.003, 0, 0.003, 0.001, 0.008
Node_ProtM1_ProtM2_0, 0.006, 0, 0.025, 0.03, 0.006, 0, 0.006, 0.001, 0.014
Node_ProtM1_ProtM3_0, 0.017, 0, 0.066, 0.052, 0.017, 0, 0.017, 0.013, 0.015
Node_ProtZ1_ProtZ4_0, 1.645, 0.004, 0.022, 0.027, 1, 0, 1.645, 1.455, 0.196
Node_ProtZ3_ProtZ1_0, 1.467, 0.314, 0.029, 0.075, 1, 0, 1.467, 0.682, 0.276
Node_ProtZ3_ProtZ2_0, 0.906, 0.099, 0.049, 0.139, 0.791, 0, 0.906, 0.633, 0.104
Node_SAR3X2_BMS3X1_0, 0.193, 0.001, 0.942, 0.431, 0.182, 0, 0.193, 0.184, 0.008
Node_SAR3X2_SAR3X1_0, 0.112, 0, 0.133, 0.126, 0.11, 0, 0.112, 0.061, 0.052
Node_SM23X1_AABM5X1_0, 0.004, 0, 0.029, 0.003, 0.004, 0, 0.004, 0.004, 0.001
Node_SM23X1_Aero1_0, 1.476, 0.284, 0.231, 1.408, 0.971, 0.001, 1.476, 0.927, 0.002
Node_SM23X1_Bact27_0, 0.032, 0, 0.012, 0.021, 0.031, 0, 0.032, 0.016, 0.019
Node_SM23X1_Caldit2_0, 0.007, 0, 0.008, 0.007, 0.007, 0, 0.007, 0.001, 0.011
Node_SM23X1_Fibr4_0, 0.025, 0, 0.015, 0.018, 0.025, 0, 0.025, 0.013, 0.016
Node_SM23X1_Hydr2_0, 1.769, 0.373, 0.119, 2.06, 0.963, 0, 1.769, 1.001, 0.039
Node_SM23X1_KSB1X2_0, 0.007, 0, 0.009, 0.011, 0.007, 0, 0.007, 0.003, 0.009
Node_SM23X1_KSB1X3_0, 0.011, 0, 0.013, 0.011, 0.011, 0, 0.011, 0.001, 0.017
Node_SM23X1_P4572X1_0, 0.026, 0, 0.047, 0.025, 0.026, 0, 0.026, 0.023, 0.005
Node_SM23X1_Pori1_0, 0.56, 0.002, 1.215, 0.977, 0.472, 0, 0.56, 0.555, 0.004
Node_SM23X1_RBG1_0, 0.16, 0, 0.402, 0.285, 0.15, 0, 0.16, 0.159, 0.002
Node_SM23X1_TA06X1_0, 0.068, 0, 0.095, 0.084, 0.068, 0, 0.068, 0.066, 0.003
Node_SM23X1_Zixi5_0, 0.024, 0, 0.016, 0.017, 0.024, 0, 0.024, 0.013, 0.014
Node_Spir10_Lind1_0, 1.174, 0.024, 0.166, 0.89, 0.937, 0, 1.174, 1.122, 0.005
Node_Spir10_Spir11_0, 0.306, 0, 0.253, 0.294, 0.287, 0, 0.306, 0.303, 0.003
Node_Spir10_Spir12_0, 0.248, 0.002, 0.074, 0.17, 0.244, 0, 0.248, 0.237, 0.014
Node_Spir10_Spir13_0, 0.112, 0.001, 0.222, 0.168, 0.111, 0, 0.112, 0.078, 0.043
Node_Spir10_Spir15_0, 0.556, 0.019, 0.693, 0.833, 0.454, 0, 0.556, 0.468, 0.056
Node_Spir10_Spir3_0, 0.015, 0, 0.107, 0.069, 0.015, 0, 0.015, 0.01, 0.01
Node_Spir10_Spir8_0, 0.29, 0.002, 0.026, 0.138, 0.286, 0, 0.29, 0.226, 0.066
Node_Spir13_Spir2_0, 0.224, 0.001, 0.067, 0.106, 0.221, 0, 0.224, 0.056, 0.178
Node_Spir15_Spir4_0, 0.449, 0.004, 0.16, 0.392, 0.385, 0, 0.449, 0.401, 0.049
Node_Spir15_Spir9_0, 0.35, 0.002, 0.265, 0.275, 0.311, 0, 0.35, 0.184, 0.164
Node_Sume1_OLB1X1_0, 1.023, 0.007, 0.8, 1.096, 0.989, 0, 1.023, 0.986, 0.029
Node_Sume1_UBP4X1_0, 0.99, 0, 0.035, 0.024, 0.985, 0, 0.99, 0.989, 0.002
Node_Syne1_Calda2_0, 0.017, 0, 0.091, 0.061, 0.017, 0, 0.017, 0.017, 0.003
Node_Syne1_Cyan40_0, 0.405, 0.003, 0.05, 0.124, 0.377, 0.003, 0.405, 0.399, 0.001
Node_Syne1_Dein5_0, 0.105, 0, 0.303, 0.1, 0.104, 0, 0.105, 0.103, 0.003
Node_Syne1_Syne2_0, 0.007, 0, 0.013, 0.014, 0.007, 0, 0.007, 0.002, 0.013
Node_Syne1_Syne4_0, 0.004, 0, 0.008, 0.01, 0.004, 0, 0.004, 0, 0.011
Node_Syne1_Syne6_0, 0.011, 0, 0.005, 0.006, 0.011, 0, 0.011, 0.001, 0.012
Node_Syne1_Syne7_0, 0.007, 0, 0.017, 0.016, 0.007, 0, 0.007, 0.002, 0.013
Node_Syne1_Syne9_0, 0.001, 0, 0.019, 0.01, 0.001, 0, 0.001, 0, 0.003
Node_Syne2_Syne8_0, 0.004, 0, 0.019, 0.021, 0.004, 0, 0.004, 0.001, 0.016
Node_Syne4_Syne5_0, 0.005, 0, 0.016, 0.017, 0.005, 0, 0.005, 0.001, 0.017
Node_Syne7_Syne10_0, 0.002, 0, 0.012, 0.009, 0.002, 0, 0.002, 0.001, 0.007
Node_Syne8_Syne3_0, 0.004, 0, 0.023, 0.026, 0.004, 0, 0.004, 0, 0.023
Node_TA06X1_Cloa1_0, 0.022, 0, 0.049, 0.039, 0.022, 0, 0.022, 0.022, 0.003
Node_TA06X1_Edwa1_0, 0.008, 0, 0.018, 0.015, 0.008, 0, 0.008, 0.006, 0.004
Node_TA06X1_WOR1_0, 0.011, 0, 0.005, 0.006, 0.011, 0, 0.011, 0.005, 0.008
Node_Therd1_Dict1_0, 0.008, 0, 0.121, 0.063, 0.008, 0, 0.008, 0.008, 0.001
Node_Therg2_Therg4_0, 0.013, 0, 0.032, 0.032, 0.012, 0, 0.013, 0.005, 0.027
Node_Therg3_Therg5_0, 0.001, 0, 0.014, 0.019, 0.001, 0, 0.001, 0, 0.012
Node_Therg8_Therg2_0, 0.018, 0, 0.087, 0.039, 0.018, 0, 0.018, 0.014, 0.011
Node_Therg8_Therg3_0, 0.003, 0, 0.025, 0.023, 0.003, 0, 0.003, 0.001, 0.01
Node_Therg8_Therg6_0, 0.003, 0, 0.009, 0.014, 0.003, 0, 0.003, 0, 0.009
Node_Thers1_Desua45_0, 0.016, 0, 0.088, 0.061, 0.016, 0, 0.016, 0.014, 0.009
Node_UBA1X2_UBA1X3_0, 1.004, 0, 0.021, 0.02, 0.998, 0, 1.004, 1, 0.013
Node_UBA1X2_UBA1X5_0, 0.007, 0, 1.009, 0.012, 0.007, 0, 0.007, 0.002, 0.012
Node_UBA1X5_UBA1X4_0, 0.005, 0, 0.023, 0.023, 0.005, 0, 0.005, 0, 0.021
Node_UBA1X6_UBA1X1_0, 1.022, 0.001, 0.027, 0.034, 1, 0, 1.022, 0.999, 0.036
Node_UBA1X6_UBA1X2_0, 1.012, 0.007, 0.022, 0.363, 0.997, 0, 1.012, 0.768, 0.24
Node_UBA2X1_DesuD2_0, 1.145, 0, 0.067, 0.153, 0.952, 0, 1.145, 0.985, 0.165
Node_UBA2X1_Desua22_0, 1.047, 0, 0.21, 0.174, 0.949, 0, 1.047, 1.018, 0.03
Node_UBA2X1_Desua28_0, 0.934, 0.001, 0.239, 0.135, 0.925, 0, 0.934, 0.912, 0.027
Node_UBA2X1_SZUA2_0, 0.048, 0, 0.899, 0.14, 0.048, 0, 0.048, 0.046, 0.013
Node_UBA6X1_Desa1_0, 0.099, 0.001, 0.169, 0.154, 0.098, 0, 0.099, 0.096, 0.003
Node_UBA6X1_Elus1_0, 0.056, 0, 0.05, 0.065, 0.056, 0, 0.056, 0.05, 0.007
Node_UBA6X1_Gold1_0, 0.264, 0, 0.359, 0.313, 0.252, 0, 0.264, 0.255, 0.012
Node_UBA9X1_UBA9X3_0, 0.064, 0, 0.142, 0.112, 0.064, 0, 0.064, 0.058, 0.011
Node_UBA9X3_UBA9X2_0, 0.018, 0, 0.05, 0.049, 0.018, 0, 0.018, 0.017, 0.004
Node_Verr11_Aure2_0, 1.796, 0.035, 0.026, 0.539, 0.98, 0, 1.796, 1.623, 0.113
Node_Verr11_Aure3_0, 1.674, 0.006, 0.079, 0.518, 0.975, 0, 1.674, 1.644, 0.021
Node_Verr11_Omni4_0, 1.726, 0.03, 0.155, 0.431, 0.981, 0, 1.726, 1.618, 0.053
Node_Verr11_Verr12_0, 0.478, 0, 0.92, 0.031, 0.429, 0, 0.478, 0.244, 0.249
Node_Verr11_Verr14_0, 1.149, 0, 0.034, 0.035, 0.999, 0, 1.149, 1.105, 0.056
Node_Verr11_Verr7_0, 1.2, 0.026, 0.195, 1.442, 1, 0, 1.2, 1.072, 0.092
Node_Verr11_Verr8_0, 1.277, 0.029, 0.628, 0.581, 0.975, 0, 1.277, 1.146, 0.08
Node_Verr11_Verr9_0, 1.127, 0.088, 0.173, 0.356, 1, 0, 1.127, 0.944, 0.012
Node_Verr3_Verr10_0, 0.685, 0.003, 0.24, 0.591, 0.677, 0, 0.685, 0.654, 0.039
Node_Verr5_Verr6_0, 0.359, 0, 0.727, 0.484, 0.326, 0, 0.359, 0.231, 0.139
Node_Verr7_Verr13_0, 1.098, 0.014, 0.223, 0.525, 0.998, 0, 1.098, 1.047, 0.031
Node_Verr7_Verr2_0, 1.169, 0, 0.097, 0.385, 0.966, 0, 1.169, 1.01, 0.168
Node_Verr7_Verr4_0, 1.276, 0.008, 0.057, 0.545, 0.999, 0, 1.276, 1.144, 0.125
Node_Verr8_Verr3_0, 0.883, 0.004, 0.231, 0.636, 0.724, 0, 0.883, 0.72, 0.163
Node_Verr8_Verr5_0, 0.947, 0.005, 0.391, 0.859, 0.786, 0, 0.947, 0.887, 0.056
Node_WOR1_WOR2_0, 0.016, 0, 0.003, 0.006, 0.016, 0, 0.016, 0.01, 0.008
Node_WOR1_WOR3_0, 0.003, 0, 0.065, 0.028, 0.003, 0, 0.003, 0.003, 0.012
Node_WOR1_WOR6_0, 0.056, 0, 0.003, 0.017, 0.055, 0, 0.056, 0.015, 0.043
Node_WOR2_WOR4_0, 0.004, 0, 0.018, 0.009, 0.004, 0, 0.004, 0.002, 0.006
Node_WOR6_WOR7_0, 0.173, 0, 0.013, 0.033, 0.173, 0, 0.173, 0.05, 0.13
Node_Wall1_Fuso2_0, 0.042, 0, 0.406, 0.117, 0.041, 0, 0.042, 0.042, 0
Node_Wall1_Muir1_0, 0.004, 0, 0.007, 0.008, 0.004, 0, 0.004, 0.003, 0.003
Node_Wall1_Rifl1_0, 0.008, 0, 0.036, 0.031, 0.008, 0, 0.008, 0.006, 0.002
Node_Wall1_Syne1_0, 0.448, 0.001, 0.248, 0.197, 0.412, 0.001, 0.448, 0.446, 0
Node_Zixi2_Zixi1_0, 0.002, 0, 0.016, 0.016, 0.002, 0, 0.002, 0, 0.011
Node_Zixi4_Zixi2_0, 0.007, 0, 0.007, 0.009, 0.007, 0, 0.007, 0.003, 0.009
Node_Zixi4_Zixi3_0, 0.004, 0, 0.019, 0.017, 0.004, 0, 0.004, 0, 0.016
Node_Zixi5_Late2_0, 0.017, 0, 0.016, 0.012, 0.017, 0, 0.017, 0.011, 0.009
Node_Zixi5_TA06A1_0, 0.007, 0.001, 0.008, 0.011, 0.007, 0, 0.007, 0.002, 0.01
Node_Zixi5_UBP14X1_0, 0.004, 0, 0.018, 0.01, 0.004, 0, 0.004, 0.003, 0.005
Node_Zixi5_Zixi4_0, 0.005, 0, 0.008, 0.011, 0.005, 0, 0.005, 0.001, 0.006
Node_chloroArabidopsis_chloroBryophyte_0, 0.008, 0, 0.029, 0.032, 0.008, 0, 0.008, 0.001, 0.029
Node_chloroArabidopsis_chloroChlorophyta_0, 0.008, 0, 0.016, 0.018, 0.008, 0, 0.008, 0.003, 0.015
Node_chloroArabidopsis_chloroLycophyte_0, 0.009, 0, 0.018, 0.019, 0.009, 0, 0.009, 0.004, 0.019
Node_chloroArabidopsis_chloroRedAlgae_0, 0.009, 0, 0.052, 0.025, 0.009, 0, 0.009, 0.007, 0.009
Node_mitoAnnelida_mitoChelicerate_0, 0.012, 0, 0.012, 0.022, 0.012, 0, 0.012, 0.002, 0.02
Node_mitoAnnelida_mitoMollusc_0, 0.004, 0, 0.013, 0.016, 0.004, 0, 0.004, 0, 0.011
Node_mitoAnnelida_mitoPriapulid_0, 0.006, 0, 0.017, 0.021, 0.006, 0, 0.006, 0.003, 0.011
Node_mitoArabidopsis_mitoLycophyte_0, 0.011, 0, 0.013, 0.015, 0.011, 0, 0.011, 0.002, 0.017
Node_mitoBryophyte_mitoArabidopsis_0, 0.007, 0, 0.013, 0.016, 0.007, 0, 0.007, 0.003, 0.015
Node_mitoBryophyte_mitoChlorophyta_0, 0.005, 0, 0.009, 0.01, 0.005, 0, 0.005, 0.002, 0.009
Node_mitoBryophyte_mitoExcavata_0, 0.003, 0, 0.026, 0.019, 0.003, 0, 0.003, 0.001, 0.011
Node_mitoBryophyte_mitoParamecium_0, 0.004, 0, 0.009, 0.013, 0.004, 0, 0.004, 0.001, 0.01
Node_mitoBryophyte_mitoRedAlgae_0, 0.005, 0.001, 0.009, 0.012, 0.005, 0, 0.005, 0.002, 0.009
Node_mitoChelicerate_mitoInsect_0, 0.007, 0, 0.027, 0.026, 0.007, 0, 0.007, 0.002, 0.022
Node_mitoFungi_mitoAnnelida_0, 0.004, 0, 0.022, 0.021, 0.004, 0, 0.004, 0.003, 0.008
Node_mitoFungi_mitoBryophyte_0, 0.018, 0, 0.035, 0.026, 0.018, 0, 0.018, 0.016, 0.005
OLB1X1, 1, 0, 0.052, 0.041, 1, 0, 1, 0.988, 0.029
Omni2, 1, 0, 0.046, 0.045, 1, 0, 1, 0.999, 0.019
Omni3, 0, 0, 0.424, 0.283, 0, 0, 0, 0, 0.02
Omni4, 1, 0, 0.038, 0.043, 1, 0, 1, 0.999, 0.011
Omni6, 1, 0, 0.06, 0.072, 1, 0, 1, 1, 0.014
Omni7, 0, 0, 0.327, 0.161, 0, 0, 0, 0, 0.014
Omni8, 1, 0, 0.058, 0.043, 1, 0, 1, 0.999, 0.012
P4572X1, 0, 0, 0.021, 0.017, 0, 0, 0, 0, 0.011
Pate1, 0, 0, 0.037, 0.04, 0, 0, 0, 0, 0.03
Pate10, 0, 0, 0.018, 0.022, 0, 0, 0, 0, 0.017
Pate11, 0, 0, 0.036, 0.041, 0, 0, 0, 0, 0.03
Pate12, 0, 0, 0.022, 0.024, 0, 0, 0, 0, 0.015
Pate13, 0, 0, 0.022, 0.023, 0, 0, 0, 0, 0.016
Pate14, 0, 0, 0.037, 0.048, 0, 0, 0, 0, 0.029
Pate15, 0, 0, 0.021, 0.022, 0, 0, 0, 0, 0.015
Pate17, 0, 0, 0.028, 0.03, 0, 0, 0, 0, 0.024
Pate18, 0, 0, 0.026, 0.031, 0, 0, 0, 0, 0.02
Pate19, 0, 0, 0.025, 0.029, 0, 0, 0, 0, 0.019
Pate21, 0, 0, 0.025, 0.028, 0, 0, 0, 0, 0.018
Pate22, 0, 0, 0.037, 0.045, 0, 0, 0, 0, 0.03
Pate23, 0, 0, 0.139, 0.084, 0, 0, 0, 0, 0.022
Pate24, 0, 0, 0.022, 0.025, 0, 0, 0, 0, 0.017
Pate25, 0, 0, 0.023, 0.028, 0, 0, 0, 0, 0.021
Pate26, 0, 0, 0.026, 0.024, 0, 0, 0, 0, 0.019
Pate27, 0, 0, 0.122, 0.031, 0, 0, 0, 0, 0.02
Pate28, 0, 0, 0.023, 0.029, 0, 0, 0, 0, 0.021
Pate29, 0, 0, 0.027, 0.029, 0, 0, 0, 0, 0.021
Pate3, 0, 0, 0.028, 0.029, 0, 0, 0, 0, 0.022
Pate30, 0, 0, 0.025, 0.024, 0, 0, 0, 0, 0.021
Pate31, 0, 0, 0.019, 0.023, 0, 0, 0, 0, 0.015
Pate32, 0, 0, 0.026, 0.033, 0, 0, 0, 0, 0.02
Pate33, 0, 0, 0.028, 0.034, 0, 0, 0, 0, 0.025
Pate34, 0, 0, 0.02, 0.019, 0, 0, 0, 0, 0.014
Pate35, 0, 0, 0.029, 0.031, 0, 0, 0, 0, 0.021
Pate36, 0, 0, 0.026, 0.027, 0, 0, 0, 0, 0.022
Pate37, 0, 0, 0.029, 0.029, 0, 0, 0, 0, 0.023
Pate38, 0, 0, 0.022, 0.026, 0, 0, 0, 0, 0.016
Pate39, 0, 0, 0.021, 0.025, 0, 0, 0, 0, 0.016
Pate4, 0, 0, 0.031, 0.031, 0, 0, 0, 0, 0.023
Pate40, 0, 0, 0.024, 0.026, 0, 0, 0, 0, 0.022
Pate41, 0, 0, 0.03, 0.035, 0, 0, 0, 0, 0.028
Pate43, 0, 0, 0.022, 0.024, 0, 0, 0, 0, 0.014
Pate44, 0, 0, 0.025, 0.034, 0, 0, 0, 0, 0.024
Pate45, 0, 0, 0.029, 0.032, 0, 0, 0, 0, 0.023
Pate46, 0, 0, 0.036, 0.038, 0, 0, 0, 0, 0.028
Pate48, 0, 0, 0.023, 0.027, 0, 0, 0, 0, 0.021
Pate49, 0, 0, 0.025, 0.03, 0, 0, 0, 0, 0.023
Pate5, 0, 0, 0.027, 0.025, 0, 0, 0, 0, 0.02
Pate50, 0, 0, 0.024, 0.027, 0, 0, 0, 0, 0.017
Pate51, 1, 0, 0.016, 0.253, 1, 0, 1, 0.095, 0.914
Pate52, 0, 0, 0.022, 0.022, 0, 0, 0, 0, 0.017
Pate53, 0, 0, 0.026, 0.023, 0, 0, 0, 0, 0.014
Pate54, 0, 0, 0.014, 0.014, 0, 0, 0, 0, 0.01
Pate55, 0, 0, 0.018, 0.024, 0, 0, 0, 0, 0.016
Pate56, 0, 0, 0.02, 0.023, 0, 0, 0, 0, 0.016
Pate57, 0, 0, 0.027, 0.027, 0, 0, 0, 0, 0.019
Pate6, 0, 0, 0.03, 0.033, 0, 0, 0, 0, 0.021
Pate7, 0, 0, 0.035, 0.043, 0, 0, 0, 0, 0.029
Pate8, 0, 0, 0.025, 0.027, 0, 0, 0, 0, 0.021
Pate9, 0, 0, 0.026, 0.032, 0, 0, 0, 0, 0.022
Plan12, 0, 0, 0.033, 0.024, 0, 0, 0, 0, 0.015
Plan14, 2, 0.002, 0.191, 0.55, 1, 0, 2, 0.899, 1.11
Plan16, 1, 0, 0.132, 0.08, 1, 0, 1, 0.988, 0.026
Plan17, 0, 0, 0.019, 0.02, 0, 0, 0, 0, 0.013
Plan18, 0, 0, 0.284, 0.18, 0, 0, 0, 0, 0.023
Plan2, 1, 0, 0.032, 0.121, 1, 0, 1, 0.677, 0.338
Plan21, 1, 0.001, 0.186, 0.31, 1, 0, 1, 0.937, 0.077
Plan22, 0, 0, 0.71, 0.086, 0, 0, 0, 0, 0.016
Plan23, 0, 0, 0.019, 0.017, 0, 0, 0, 0, 0.013
Plan26, 1, 0, 0.045, 0.361, 1, 0, 1, 0.774, 0.244
Plan27, 0, 0, 0.041, 0.035, 0, 0, 0, 0, 0.017
Plan3, 0, 0, 0.095, 0.059, 0, 0, 0, 0, 0.021
Plan30, 1, 0, 0.925, 0.248, 1, 0, 1, 0.174, 0.846
Plan31, 0, 0, 0.019, 0.015, 0, 0, 0, 0, 0.006
Plan32, 0, 0, 0.033, 0.029, 0, 0, 0, 0, 0.015
Plan33, 0, 0, 0.135, 0.08, 0, 0, 0, 0, 0.011
Plan39, 0, 0, 0.082, 0.047, 0, 0, 0, 0, 0.013
Plan4, 1, 0, 0.606, 0.06, 1, 0, 1, 0.803, 0.208
Plan40, 1, 0, 0.025, 0.024, 1, 0, 1, 1, 0.016
Plan42, 1, 0, 0.018, 0.014, 1, 0, 1, 1, 0.009
Plan43, 1, 0, 1.003, 0.022, 1, 0, 1, 0.214, 0.802
Plan44, 0, 0, 0.14, 0.094, 0, 0, 0, 0, 0.016
Plan5, 0, 0, 0.824, 0.14, 0, 0, 0, 0, 0.023
Plan7, 0, 0, 1.689, 0.614, 0, 0, 0, 0, 0.018
Pori1, 1, 0, 0.061, 0.045, 1, 0, 1, 1, 0.018
Pori2, 1, 0, 0.061, 0.044, 1, 0, 1, 1, 0.018
ProtA10, 1, 0.002, 0.066, 0.343, 1, 0, 1, 0.537, 0.478
ProtA11, 1, 0, 0.02, 0.382, 1, 0, 1, 1, 0.009
ProtA12, 0, 0, 0.018, 0.018, 0, 0, 0, 0, 0.014
ProtA13, 0, 0, 0.031, 0.028, 0, 0, 0, 0, 0.016
ProtA14, 1, 0, 0.699, 0.057, 1, 0, 1, 1, 0.012
ProtA15, 0, 0, 0.682, 0.154, 0, 0, 0, 0, 0.018
ProtA16, 1, 0, 0.017, 0.027, 1, 0, 1, 0.015, 0.999
ProtA18, 1, 0.001, 0.298, 0.347, 1, 0, 1, 0.295, 0.711
ProtA19, 1, 0, 0.953, 0.063, 1, 0, 1, 0.179, 0.827
ProtA2, 1, 0.002, 0.231, 0.354, 1, 0, 1, 0.183, 0.827
ProtA20, 0, 0, 0.081, 0.058, 0, 0, 0, 0, 0.009
ProtA21, 0, 0, 0.047, 0.038, 0, 0, 0, 0, 0.014
ProtA24, 1, 0.003, 0.023, 0.302, 1, 0, 1, 0.252, 0.758
ProtA26, 0, 0, 0.015, 0.014, 0, 0, 0, 0, 0.01
ProtA27, 0, 0, 0.046, 0.035, 0, 0, 0, 0, 0.013
ProtA29, 0, 0, 0.62, 0.205, 0, 0, 0, 0, 0.012
ProtA3, 1, 0, 0.044, 0.029, 1, 0, 1, 0.997, 0.013
ProtA30, 0, 0, 0.014, 0.016, 0, 0, 0, 0, 0.007
ProtA31, 0, 0, 0.267, 0.082, 0, 0, 0, 0, 0.014
ProtA32, 1, 0.004, 0.029, 1.054, 1, 0, 1, 0.991, 0.014
ProtA33, 0, 0, 0.026, 0.02, 0, 0, 0, 0, 0.01
ProtA34, 0, 0, 0.223, 0.031, 0, 0, 0, 0, 0.017
ProtA35, 0, 0, 0.016, 0.015, 0, 0, 0, 0, 0.009
ProtA36, 0, 0, 0.027, 0.031, 0, 0, 0, 0, 0.019
ProtA37, 0, 0, 0.014, 0.015, 0, 0, 0, 0, 0.009
ProtA38, 1, 0, 0.658, 0.081, 1, 0, 1, 0.154, 0.855
ProtA39, 0, 0, 0.022, 0.017, 0, 0, 0, 0, 0.014
ProtA40, 0, 0, 0.453, 0.104, 0, 0, 0, 0, 0.014
ProtA41, 1, 0.001, 0.169, 0.176, 1, 0, 1, 0.644, 0.365
ProtA42, 1, 0.001, 0.016, 0.317, 1, 0, 1, 0.655, 0.351
ProtA43, 1, 0, 0.028, 0.033, 1, 0, 1, 0.191, 0.822
ProtA44, 0, 0, 0.016, 0.013, 0, 0, 0, 0, 0.01
ProtA45, 0, 0, 0.036, 0.033, 0, 0, 0, 0, 0.011
ProtA46, 1, 0.002, 0.07, 0.958, 1, 0, 1, 0.947, 0.061
ProtA47, 1, 0, 0.529, 0.113, 1, 0, 1, 0.305, 0.708
ProtA48, 1, 0, 0.573, 0.113, 1, 0, 1, 0.989, 0.021
ProtA49, 1, 0, 0.145, 0.025, 1, 0, 1, 0.99, 0.019
ProtA5, 0, 0, 0.079, 0.054, 0, 0, 0, 0, 0.007
ProtA50, 1, 0, 0.069, 0.031, 1, 0, 1, 0.85, 0.162
ProtA51, 1, 0, 0.02, 0.362, 1, 0, 1, 0.403, 0.611
ProtA52, 1, 0, 0.844, 0.167, 1, 0, 1, 0.874, 0.135
ProtA53, 1, 0.001, 0.506, 0.424, 1, 0, 1, 0.5, 0.513
ProtA54, 0, 0, 0.018, 0.02, 0, 0, 0, 0, 0.014
ProtA55, 1, 0.002, 0.03, 0.955, 1, 0, 1, 0.99, 0.021
ProtA56, 1, 0, 0.901, 0.078, 1, 0, 1, 0.821, 0.192
ProtA57, 0, 0, 0.047, 0.031, 0, 0, 0, 0, 0.012
ProtA58, 1, 0, 0.547, 0.476, 1, 0, 1, 0.458, 0.555
ProtA60, 0, 0, 0.022, 0.018, 0, 0, 0, 0, 0.01
ProtA61, 0, 0, 0.024, 0.016, 0, 0, 0, 0, 0.009
ProtA62, 1, 0.004, 0.145, 0.849, 1, 0, 1, 0.947, 0.062
ProtA63, 1, 0, 0.332, 0.111, 1, 0, 1, 0.493, 0.511
ProtA64, 1, 0, 0.588, 0.039, 1, 0, 1, 0.203, 0.806
ProtA66, 0, 0, 0.026, 0.018, 0, 0, 0, 0, 0.008
ProtA67, 1, 0.001, 0.018, 0.276, 1, 0, 1, 0.433, 0.578
ProtA68, 1, 0.001, 0.215, 0.34, 1, 0, 1, 0.195, 0.812
ProtA69, 1, 0.003, 0.176, 0.766, 1, 0, 1, 0.742, 0.266
ProtA7, 0, 0, 0.081, 0.039, 0, 0, 0, 0, 0.017
ProtA70, 0, 0, 0.046, 0.032, 0, 0, 0, 0, 0.011
ProtA71, 1, 0, 0.257, 0.077, 1, 0, 1, 0.865, 0.149
ProtA72, 1, 0, 0.037, 0.03, 1, 0, 1, 1, 0.006
ProtA74, 0, 0, 0.716, 0.051, 0, 0, 0, 0, 0.012
ProtA75, 2, 0.398, 0.906, 0.086, 1, 0, 2, 1.092, 0.14
ProtA76, 1, 0, 0.883, 0.207, 1, 0, 1, 0.237, 0.775
ProtA77, 0, 0, 0.419, 0.107, 0, 0, 0, 0, 0.01
ProtA8, 1, 0.001, 0.032, 0.307, 1, 0, 1, 0.062, 0.95
ProtA9, 0, 0, 0.035, 0.038, 0, 0, 0, 0, 0.023
ProtG1, 0, 0, 0.64, 0.078, 0, 0, 0, 0, 0.02
ProtG10, 1, 0, 0.888, 0.149, 1, 0, 1, 0.213, 0.795
ProtG11, 0, 0, 0.254, 0.061, 0, 0, 0, 0, 0.022
ProtG12, 1, 0, 0.031, 0.022, 1, 0, 1, 0.999, 0.013
ProtG13, 0, 0, 0.973, 0.021, 0, 0, 0, 0, 0.013
ProtG14, 0, 0, 0.931, 0.027, 0, 0, 0, 0, 0.014
ProtG15, 0, 0, 0.027, 0.028, 0, 0, 0, 0, 0.019
ProtG16, 0, 0, 0.075, 0.068, 0, 0, 0, 0, 0.011
ProtG17, 0, 0, 0.077, 0.062, 0, 0, 0, 0, 0.013
ProtG18, 0, 0, 0.024, 0.026, 0, 0, 0, 0, 0.016
ProtG19, 0, 0, 0.016, 0.022, 0, 0, 0, 0, 0.014
ProtG20, 1, 0, 0.627, 0.409, 1, 0, 1, 0.576, 0.439
ProtG21, 0, 0, 0.017, 0.015, 0, 0, 0, 0, 0.009
ProtG22, 1, 0.001, 0.026, 0.149, 1, 0, 1, 0.922, 0.089
ProtG24, 1, 0, 0.025, 0.05, 1, 0, 1, 0.91, 0.098
ProtG25, 1, 0, 0.34, 0.215, 1, 0, 1, 0.622, 0.387
ProtG26, 1, 0, 0.993, 0.027, 1, 0, 1, 0.991, 0.024
ProtG27, 0, 0, 0.025, 0.025, 0, 0, 0, 0, 0.012
ProtG28, 1, 0, 0.208, 0.148, 1, 0, 1, 0.935, 0.077
ProtG29, 0, 0, 0.017, 0.018, 0, 0, 0, 0, 0.013
ProtG3, 0, 0, 0.015, 0.014, 0, 0, 0, 0, 0.01
ProtG30, 0, 0, 0.017, 0.019, 0, 0, 0, 0, 0.015
ProtG31, 1, 0.004, 0.039, 0.797, 1, 0, 1, 0.919, 0.086
ProtG32, 1, 0, 1.01, 0.036, 1, 0, 1, 0.969, 0.041
ProtG33, 1, 0.002, 0.021, 0.188, 1, 0, 1, 0.587, 0.424
ProtG34, 1, 0.001, 0.096, 0.199, 1, 0, 1, 0.017, 1.003
ProtG35, 0, 0, 0.022, 0.023, 0, 0, 0, 0, 0.015
ProtG36, 1, 0, 0.564, 0.235, 1, 0, 1, 0.64, 0.376
ProtG37, 0, 0, 0.016, 0.013, 0, 0, 0, 0, 0.009
ProtG38, 0, 0, 0.351, 0.029, 0, 0, 0, 0, 0.006
ProtG39, 0, 0, 0.024, 0.029, 0, 0, 0, 0, 0.016
ProtG4, 0, 0, 0.028, 0.028, 0, 0, 0, 0, 0.02
ProtG40, 1, 0.001, 0.017, 0.137, 1, 0, 1, 0.254, 0.756
ProtG41, 0, 0, 0.28, 0.052, 0, 0, 0, 0, 0.02
ProtG42, 0, 0.001, 0.255, 0.128, 0, 0, 0, 0, 0.014
ProtG43, 1, 0, 0.993, 0.32, 1, 0, 1, 0.993, 0.019
ProtG44, 0, 0, 0.945, 0.207, 0, 0, 0, 0, 0.009
ProtG45, 1, 0.006, 0.242, 1.027, 1, 0, 1, 0.632, 0.372
ProtG46, 1, 0, 0.047, 0.074, 1, 0, 1, 0.31, 0.702
ProtG47, 1, 0, 0.024, 0.133, 1, 0, 1, 0.589, 0.417
ProtG48, 1, 0.002, 0.499, 0.487, 1, 0, 1, 0.275, 0.732
ProtG49, 0, 0, 0.014, 0.013, 0, 0, 0, 0, 0.009
ProtG5, 1, 0, 0.029, 0.023, 1, 0, 1, 1, 0.011
ProtG50, 1, 0.005, 0.136, 0.546, 1, 0, 1, 0.915, 0.095
ProtG51, 0, 0, 0.016, 0.015, 0, 0, 0, 0, 0.009
ProtG52, 1, 0, 0.965, 0.044, 1, 0, 1, 0.186, 0.824
ProtG53, 0, 0, 0.017, 0.016, 0, 0, 0, 0, 0.01
ProtG54, 0, 0, 0.013, 0.015, 0, 0, 0, 0, 0.01
ProtG55, 1, 0.001, 1.012, 0.358, 1, 0, 1, 0.974, 0.037
ProtG56, 1, 0, 0.199, 0.215, 1, 0, 1, 0.533, 0.485
ProtG57, 0, 0, 0.511, 0.049, 0, 0, 0, 0, 0.011
ProtG58, 1, 0, 0.086, 0.407, 1, 0, 1, 0.985, 0.027
ProtG59, 1, 0, 0.016, 0.01, 1, 0, 1, 1, 0.006
ProtG6, 1, 0, 0.306, 0.245, 1, 0, 1, 0.47, 0.541
ProtG60, 0, 0, 0.013, 0.015, 0, 0, 0, 0, 0.011
ProtG61, 0, 0, 0.011, 0.012, 0, 0, 0, 0, 0.009
ProtG62, 0, 0, 0.079, 0.06, 0, 0, 0, 0, 0.012
ProtG63, 1, 0, 0.159, 0.06, 1, 0, 1, 1, 0.011
ProtG64, 1, 0, 0.015, 0.023, 1, 0, 1, 0.186, 0.821
ProtG65, 0, 0, 0.251, 0.094, 0, 0, 0, 0, 0.007
ProtG66, 1, 0.001, 0.095, 0.137, 1, 0, 1, 0.881, 0.132
ProtG67, 2, 0.001, 0.037, 0.332, 1, 0, 2, 1.121, 0.888
ProtG68, 1, 0.001, 0.128, 0.068, 1, 0, 1, 0.845, 0.165
ProtG69, 2, 0.002, 0.043, 0.392, 1, 0, 2, 0.213, 1.797
ProtG7, 0, 0, 0.608, 0.085, 0, 0, 0, 0, 0.013
ProtG70, 0, 0, 0.013, 0.01, 0, 0, 0, 0, 0.006
ProtG71, 0, 0, 0.708, 0.161, 0, 0, 0, 0, 0.017
ProtG72, 1, 0, 0.018, 0.045, 1, 0, 1, 0.799, 0.21
ProtG73, 1, 0, 0.019, 0.02, 1, 0, 1, 1, 0.009
ProtG74, 1, 0.002, 0.108, 0.381, 1, 0, 1, 0.15, 0.866
ProtG75, 1, 0, 0.673, 0.645, 1, 0, 1, 0.203, 0.809
ProtG76, 0, 0, 0.011, 0.009, 0, 0, 0, 0, 0.007
ProtG77, 0, 0, 0.079, 0.062, 0, 0, 0, 0, 0.012
ProtG78, 0, 0, 0.016, 0.012, 0, 0, 0, 0, 0.007
ProtG79, 0, 0, 0.016, 0.017, 0, 0, 0, 0, 0.011
ProtG8, 0, 0, 0.078, 0.019, 0, 0, 0, 0, 0.007
ProtG80, 1, 0, 0.027, 0.032, 1, 0, 1, 0.484, 0.527
ProtG81, 0, 0, 0.012, 0.015, 0, 0, 0, 0, 0.007
ProtG82, 1, 0.001, 0.023, 0.282, 1, 0, 1, 0.364, 0.644
ProtG83, 1, 0, 0.199, 0.034, 1, 0, 1, 0.952, 0.058
ProtG84, 1, 0, 0.025, 0.224, 1, 0, 1, 0.223, 0.793
ProtG85, 0, 0, 0.314, 0.078, 0, 0, 0, 0, 0.012
ProtG86, 0, 0, 0.385, 0.074, 0, 0, 0, 0, 0.007
ProtG87, 0, 0, 0.019, 0.023, 0, 0, 0, 0, 0.014
ProtG88, 1, 0, 0.572, 0.097, 1, 0, 1, 0.61, 0.403
ProtG89, 1, 0, 0.016, 0.033, 1, 0, 1, 0.955, 0.056
ProtG9, 1, 0.005, 0.649, 0.476, 1, 0, 1, 0.318, 0.691
ProtG90, 0, 0, 0.021, 0.021, 0, 0, 0, 0, 0.018
ProtG91, 1, 0, 0.024, 0.37, 1, 0, 1, 0.284, 0.722
ProtM1, 0, 0, 0.018, 0.019, 0, 0, 0, 0, 0.012
ProtM2, 0, 0, 0.018, 0.019, 0, 0, 0, 0, 0.012
ProtM3, 0, 0, 0.024, 0.02, 0, 0, 0, 0, 0.007
ProtZ1, 2, 0, 0.092, 0.026, 1, 0, 2, 1.567, 0.447
ProtZ2, 1, 0.002, 0.643, 0.466, 1, 0, 1, 0.273, 0.735
ProtZ3, 1, 0.001, 0.475, 0.302, 1, 0, 1, 0.998, 0.007
ProtZ4, 1, 0.001, 0.87, 0.747, 1, 0, 1, 0.79, 0.224
ProtZ5, 1, 0.004, 0.251, 0.452, 1, 0, 1, 0.192, 0.822
RBG1, 0, 0, 0.179, 0.108, 0, 0, 0, 0, 0.019
Rifl1, 0, 0, 0.024, 0.024, 0, 0, 0, 0, 0.016
SAR3X1, 1, 0.001, 0.055, 0.342, 1, 0, 1, 0.071, 0.942
SAR3X2, 0, 0, 0.13, 0.07, 0, 0, 0, 0, 0.018
SLNR1, 0, 0, 0.02, 0.022, 0, 0, 0, 0, 0.014
SM23X1, 0, 0, 0.023, 0.018, 0, 0, 0, 0, 0.012
SZUA1, 0, 0, 0.761, 0.083, 0, 0, 0, 0, 0.016
SZUA2, 0, 0, 0.068, 0.059, 0, 0, 0, 0, 0.02
Sche1, 1, 0, 0.75, 0.104, 1, 0, 1, 0.231, 0.786
Spir10, 0, 0, 0.024, 0.017, 0, 0, 0, 0, 0.009
Spir11, 0, 0, 0.329, 0.192, 0, 0, 0, 0, 0.023
Spir12, 0, 0, 0.257, 0.129, 0, 0, 0, 0, 0.009
Spir13, 1, 0, 0.021, 0.201, 1, 0, 1, 0.212, 0.797
Spir15, 1, 0, 0.22, 0.296, 1, 0, 1, 0.14, 0.87
Spir2, 0, 0, 0.235, 0.066, 0, 0, 0, 0, 0.011
Spir3, 0, 0, 0.021, 0.023, 0, 0, 0, 0, 0.006
Spir4, 1, 0.002, 0.179, 0.603, 1, 0, 1, 0.29, 0.728
Spir8, 1, 0.001, 0.038, 0.513, 1, 0, 1, 0.264, 0.747
Spir9, 1, 0.002, 0.204, 0.67, 1, 0, 1, 0.165, 0.852
Sume1, 1, 0, 0.021, 0.03, 1, 0, 1, 0.985, 0.031
Syne1, 0, 0, 0.022, 0.019, 0, 0, 0, 0, 0.015
Syne10, 0, 0, 0.019, 0.017, 0, 0, 0, 0, 0.017
Syne2, 0, 0, 0.011, 0.007, 0, 0, 0, 0, 0.007
Syne3, 0, 0, 0.016, 0.018, 0, 0, 0, 0, 0.012
Syne4, 0, 0, 0.016, 0.019, 0, 0, 0, 0, 0.011
Syne5, 0, 0, 0.01, 0.011, 0, 0, 0, 0, 0.005
Syne6, 0, 0, 0.021, 0.02, 0, 0, 0, 0, 0.01
Syne7, 0, 0, 0.011, 0.012, 0, 0, 0, 0, 0.009
Syne8, 0, 0, 0.01, 0.009, 0, 0, 0, 0, 0.006
Syne9, 0, 0, 0.016, 0.017, 0, 0, 0, 0, 0.015
TA06A1, 0, 0, 0.029, 0.035, 0, 0, 0, 0, 0.022
TA06X1, 0, 0, 0.029, 0.026, 0, 0, 0, 0, 0.018
Therd1, 0, 0, 0.028, 0.027, 0, 0, 0, 0, 0.02
Therg2, 0, 0, 0.028, 0.029, 0, 0, 0, 0, 0.015
Therg3, 0, 0, 0.013, 0.013, 0, 0, 0, 0, 0.012
Therg4, 0, 0, 0.023, 0.014, 0, 0, 0, 0, 0.01
Therg5, 0, 0, 0.008, 0.01, 0, 0, 0, 0, 0.007
Therg6, 0, 0, 0.017, 0.019, 0, 0, 0, 0, 0.014
Therg8, 0, 0, 0.019, 0.024, 0, 0, 0, 0, 0.016
Thers1, 0, 0, 0.032, 0.042, 0, 0, 0, 0, 0.016
UBA1X1, 1, 0, 0.04, 0.028, 1, 0, 1, 1, 0.018
UBA1X2, 0, 0, 0.021, 0.023, 0, 0, 0, 0, 0.014
UBA1X3, 1, 0, 0.024, 0.031, 1, 0, 1, 0.998, 0.02
UBA1X4, 0, 0, 0.019, 0.019, 0, 0, 0, 0, 0.014
UBA1X5, 0, 0, 0.017, 0.017, 0, 0, 0, 0, 0.012
UBA1X6, 1, 0, 0.04, 0.036, 1, 0, 1, 0.999, 0.018
UBA2X1, 0, 0, 0.061, 0.037, 0, 0, 0, 0, 0.013
UBA6X1, 0, 0, 0.072, 0.045, 0, 0, 0, 0, 0.016
UBA9X1, 0, 0, 0.091, 0.069, 0, 0, 0, 0, 0.027
UBA9X2, 0, 0, 0.037, 0.03, 0, 0, 0, 0, 0.019
UBA9X3, 0, 0, 0.031, 0.035, 0, 0, 0, 0, 0.013
UBP13X1, 0, 0, 0.07, 0.052, 0, 0, 0, 0, 0.025
UBP14X1, 0, 0, 0.016, 0.015, 0, 0, 0, 0, 0.012
UBP4X1, 0, 0, 1.009, 0.026, 0, 0, 0, 0, 0.019
UBP6X1, 0, 0, 0.407, 0.161, 0, 0, 0, 0, 0.028
Verr10, 1, 0.008, 0.036, 0.663, 1, 0, 1, 0.66, 0.343
Verr11, 1, 0, 0.331, 0.089, 1, 0, 1, 0.165, 0.853
Verr12, 1, 0, 0.184, 0.031, 1, 0, 1, 0.305, 0.706
Verr13, 1, 0.002, 0.129, 0.428, 1, 0, 1, 0.988, 0.029
Verr14, 1, 0, 0.203, 0.073, 1, 0, 1, 0.954, 0.054
Verr2, 1, 0.001, 0.978, 0.222, 1, 0, 1, 0.198, 0.808
Verr3, 0, 0, 0.696, 0.394, 0, 0, 0, 0, 0.011
Verr4, 1, 0.001, 1.068, 0.689, 1, 0, 1, 0.225, 0.791
Verr5, 0, 0, 0.368, 0.149, 0, 0, 0, 0, 0.009
Verr6, 1, 0, 0.134, 0.181, 1, 0, 1, 0.237, 0.775
Verr7, 1, 0, 0.227, 0.194, 1, 0, 1, 0.959, 0.058
Verr8, 1, 0, 0.72, 0.432, 1, 0, 1, 0.178, 0.837
Verr9, 1, 0, 0.193, 0.072, 1, 0, 1, 0.941, 0.066
WOR1, 0, 0, 0.029, 0.035, 0, 0, 0, 0, 0.026
WOR2, 0, 0, 0.016, 0.017, 0, 0, 0, 0, 0.012
WOR3, 0, 0, 0.026, 0.03, 0, 0, 0, 0, 0.023
WOR4, 0, 0, 0.028, 0.029, 0, 0, 0, 0, 0.024
WOR6, 0, 0, 0.2, 0.07, 0, 0, 0, 0, 0.027
WOR7, 1, 0, 0.013, 0.115, 1, 0, 1, 0.172, 0.84
Wall1, 0, 0, 0.014, 0.015, 0, 0, 0, 0, 0.01
Zixi1, 0, 0, 0.012, 0.011, 0, 0, 0, 0, 0.01
Zixi2, 0, 0, 0.015, 0.014, 0, 0, 0, 0, 0.013
Zixi3, 0, 0, 0.026, 0.028, 0, 0, 0, 0, 0.022
Zixi4, 0, 0, 0.013, 0.015, 0, 0, 0, 0, 0.009
Zixi5, 0, 0, 0.019, 0.019, 0, 0, 0, 0, 0.014
chloroArabidopsis, 0, 0, 0.023, 0.023, 0, 0, 0, 0, 0.014
chloroBryophyte, 0, 0, 0.019, 0.013, 0, 0, 0, 0, 0.011
chloroChlorophyta, 0, 0, 0.019, 0.017, 0, 0, 0, 0, 0.011
chloroLycophyte, 0, 0, 0.017, 0.017, 0, 0, 0, 0, 0.008
chloroRedAlgae, 0, 0, 0.02, 0.017, 0, 0, 0, 0, 0.011
mitoAnnelida, 0, 0, 0.014, 0.012, 0, 0, 0, 0, 0.01
mitoArabidopsis, 0, 0, 0.021, 0.018, 0, 0, 0, 0, 0.01
mitoBryophyte, 0, 0, 0.023, 0.023, 0, 0, 0, 0, 0.016
mitoChelicerate, 0, 0, 0.013, 0.011, 0, 0, 0, 0, 0.006
mitoChlorophyta, 0, 0, 0.013, 0.01, 0, 0, 0, 0, 0.008
mitoExcavata, 0, 0, 0.013, 0.013, 0, 0, 0, 0, 0.01
mitoFungi, 0, 0, 0.017, 0.017, 0, 0, 0, 0, 0.013
mitoInsect, 0, 0, 0.014, 0.012, 0, 0, 0, 0, 0.007
mitoLycophyte, 0, 0, 0.019, 0.018, 0, 0, 0, 0, 0.008
mitoMollusc, 0, 0, 0.021, 0.021, 0, 0, 0, 0, 0.017
mitoParamecium, 0, 0, 0.015, 0.016, 0, 0, 0, 0, 0.011
mitoPriapulid, 0, 0, 0.016, 0.014, 0, 0, 0, 0, 0.01
mitoRedAlgae, 0, 0, 0.015, 0.011, 0, 0, 0, 0, 0.01
