species_label, speciations, duplications, losses, transfers, presence, origination, copies, singletons, transfers_to
AABM5X1, 0, 0, 0.004, 0.004, 0, 0, 0, 0, 0.003
AABM5X2, 0, 0, 0.006, 0.005, 0, 0, 0, 0, 0.005
AABM5X3, 0, 0, 0.005, 0.004, 0, 0, 0, 0, 0.003
Abys1, 0, 0, 0.005, 0.003, 0, 0, 0, 0, 0.003
Acid1, 0, 0, 0.025, 0.017, 0, 0, 0, 0, 0.002
Acid10, 0, 0, 0.238, 0.014, 0, 0, 0, 0, 0.005
Acid11, 0, 0, 0.009, 0.011, 0, 0, 0, 0, 0.008
Acid12, 0, 0, 0.003, 0.003, 0, 0, 0, 0, 0.002
Acid13, 0, 0, 0.002, 0.001, 0, 0, 0, 0, 0.001
Acid14, 1, 0, 0.226, 0.077, 1, 0, 1, 0.949, 0.057
Acid16, 0, 0, 0.011, 0.01, 0, 0, 0, 0, 0.008
Acid17, 0, 0, 0.028, 0.015, 0, 0, 0, 0, 0.005
Acid18, 0, 0, 0.007, 0.005, 0, 0, 0, 0, 0.003
Acid2, 0, 0, 0.008, 0.008, 0, 0, 0, 0, 0.004
Acid20, 1, 0, 0.007, 0.005, 1, 0, 1, 1, 0.003
Acid21, 0, 0, 0.007, 0.007, 0, 0, 0, 0, 0.006
Acid22, 0, 0, 0.006, 0.007, 0, 0, 0, 0, 0.004
Acid23, 0, 0, 0.007, 0.007, 0, 0, 0, 0, 0.003
Acid24, 0, 0, 0.011, 0.012, 0, 0, 0, 0, 0.009
Acid25, 0, 0, 0.038, 0.008, 0, 0, 0, 0, 0.006
Acid26, 1, 0, 0.004, 0.022, 1, 0, 1, 0.165, 0.838
Acid27, 0, 0, 0.007, 0.008, 0, 0, 0, 0, 0.006
Acid28, 0, 0, 0.962, 0.013, 0, 0, 0, 0, 0.005
Acid29, 0, 0, 0.005, 0.007, 0, 0, 0, 0, 0.004
Acid3, 1, 0.001, 0.955, 0.186, 1, 0, 1, 0.22, 0.785
Acid30, 0, 0, 0.006, 0.005, 0, 0, 0, 0, 0.005
Acid31, 0, 0, 0.003, 0.003, 0, 0, 0, 0, 0.002
Acid32, 0, 0, 0.17, 0.009, 0, 0, 0, 0, 0.004
Acid33, 0, 0, 0.005, 0.004, 0, 0, 0, 0, 0.002
Acid34, 0, 0, 0.005, 0.004, 0, 0, 0, 0, 0.004
Acid35, 0, 0, 0.285, 0.083, 0, 0, 0, 0, 0.005
Acid36, 1, 0, 0.007, 0.004, 1, 0, 1, 1, 0.004
Acid37, 0, 0, 0.002, 0.002, 0, 0, 0, 0, 0.001
Acid38, 1, 0, 0.006, 0.003, 1, 0, 1, 1, 0.003
Acid39, 1, 0.005, 0.012, 0.397, 1, 0, 1, 0.275, 0.727
Acid4, 1, 0.001, 0.278, 0.058, 1, 0, 1, 0.008, 0.997
Acid40, 1, 0, 0.008, 0.009, 1, 0, 1, 1, 0.004
Acid5, 0, 0, 0.011, 0.008, 0, 0, 0, 0, 0.003
Acid6, 1, 0, 0.007, 0.028, 1, 0, 1, 0.954, 0.05
Acid7, 0, 0, 0.376, 0.005, 0, 0, 0, 0, 0.002
Acid8, 0, 0, 0.022, 0.017, 0, 0, 0, 0, 0.005
Acid9, 0, 0, 0.015, 0.013, 0, 0, 0, 0, 0.008
Acti10, 1, 0, 0.037, 0.076, 1, 0, 1, 0.195, 0.807
Acti11, 0, 0, 0.019, 0.024, 0, 0, 0, 0, 0.009
Acti12, 1, 0, 0.01, 0.007, 1, 0, 1, 0.998, 0.008
Acti13, 0, 0, 0.247, 0.039, 0, 0, 0, 0, 0.003
Acti14, 0, 0, 0.053, 0.039, 0, 0, 0, 0, 0.002
Acti15, 1, 0.005, 0.325, 0.238, 1, 0, 1, 0.98, 0.02
Acti16, 0, 0, 0.013, 0.012, 0, 0, 0, 0, 0.005
Acti18, 0, 0, 0.012, 0.01, 0, 0, 0, 0, 0.004
Acti19, 0, 0, 0.328, 0.016, 0, 0, 0, 0, 0.006
Acti2, 0, 0, 0.028, 0.012, 0, 0, 0, 0, 0.003
Acti20, 0, 0, 0.009, 0.004, 0, 0, 0, 0, 0.003
Acti21, 1, 0, 0.008, 0.006, 1, 0, 1, 1, 0.006
Acti22, 0, 0, 0.015, 0.01, 0, 0, 0, 0, 0.005
Acti23, 1, 0, 0.012, 0.042, 1, 0, 1, 0.319, 0.69
Acti24, 0, 0, 0.011, 0.011, 0, 0, 0, 0, 0.006
Acti25, 1, 0.002, 0.041, 0.273, 1, 0, 1, 0.187, 0.816
Acti26, 0, 0, 0.116, 0.059, 0, 0, 0, 0, 0.006
Acti27, 0, 0, 0.006, 0.007, 0, 0, 0, 0, 0.005
Acti28, 3, 0.93, 0.795, 0.229, 1, 0, 3, 1.029, 0.775
Acti29, 0, 0, 0.005, 0.005, 0, 0, 0, 0, 0.005
Acti3, 0, 0, 0.231, 0.026, 0, 0, 0, 0, 0.001
Acti30, 0, 0, 0.007, 0.008, 0, 0, 0, 0, 0.006
Acti31, 0, 0, 0.188, 0.06, 0, 0, 0, 0, 0.004
Acti32, 1, 0.002, 0.956, 0.159, 1, 0, 1, 0.83, 0.174
Acti33, 1, 0.002, 0.013, 0.115, 1, 0, 1, 0.875, 0.13
Acti34, 0, 0.001, 0.167, 0.105, 0, 0, 0, 0, 0.002
Acti35, 0, 0.001, 0.886, 0.305, 0, 0, 0, 0, 0.004
Acti36, 1, 0, 0.161, 0.076, 1, 0, 1, 0.682, 0.32
Acti37, 1, 0.001, 1.254, 0.39, 1, 0, 1, 0.952, 0.049
Acti38, 1, 0.003, 0.77, 0.146, 1, 0, 1, 0.973, 0.026
Acti39, 0, 0, 0.153, 0.066, 0, 0, 0, 0, 0.001
Acti4, 0, 0, 0.068, 0.051, 0, 0, 0, 0, 0.008
Acti40, 0, 0, 0.533, 0.058, 0, 0, 0, 0, 0.003
Acti41, 1, 0.005, 0.998, 0.328, 1, 0, 1, 0.982, 0.015
Acti42, 0, 0, 0.122, 0.03, 0, 0, 0, 0, 0.002
Acti43, 1, 0.001, 0.727, 0.143, 1, 0, 1, 0.118, 0.885
Acti44, 0, 0, 1.023, 0.018, 0, 0, 0, 0, 0.005
Acti45, 0, 0, 0.831, 0.034, 0, 0, 0, 0, 0.006
Acti46, 1, 0, 0.998, 0.323, 1, 0, 1, 0.983, 0.02
Acti47, 1, 0.001, 0.046, 0.053, 1, 0, 1, 0.782, 0.22
Acti48, 1, 0, 0.603, 0.087, 1, 0, 1, 0.997, 0.004
Acti49, 1, 0, 0.815, 0.141, 1, 0, 1, 0.966, 0.035
Acti5, 0, 0, 0.012, 0.007, 0, 0, 0, 0, 0.003
Acti50, 1, 0, 1.307, 0.235, 1, 0, 1, 0.784, 0.217
Acti51, 0, 0, 0.005, 0.005, 0, 0, 0, 0, 0.004
Acti52, 1, 0, 0.022, 0.012, 1, 0, 1, 0.998, 0.004
Acti6, 0, 0, 0.052, 0.051, 0, 0, 0, 0, 0.001
Acti7, 1, 0.002, 0.055, 0.386, 1, 0, 1, 0.284, 0.717
Acti8, 0, 0, 0.007, 0.005, 0, 0, 0, 0, 0.002
Acti9, 0, 0, 0.007, 0.008, 0, 0, 0, 0, 0.007
Aero1, 0, 0, 0.01, 0.006, 0, 0, 0, 0, 0.003
Aqui1, 0, 0, 0.006, 0.005, 0, 0, 0, 0, 0.005
Aqui2, 0, 0, 0.003, 0.003, 0, 0, 0, 0, 0.002
Aqui3, 0, 0, 0.02, 0.009, 0, 0, 0, 0, 0.003
Aqui4, 0, 0, 0.005, 0.011, 0, 0, 0, 0, 0.005
Aqui5, 0, 0, 0.005, 0.005, 0, 0, 0, 0, 0.005
Aqui6, 0, 0, 0.004, 0.004, 0, 0, 0, 0, 0.004
Arma11, 0, 0, 0.002, 0.002, 0, 0, 0, 0, 0.002
Arma12, 1, 0, 0.006, 0.008, 1, 0, 1, 0.004, 1.001
Arma13, 0, 0, 0.004, 0.002, 0, 0, 0, 0, 0.001
Arma14, 0, 0, 0.006, 0.007, 0, 0, 0, 0, 0.005
Arma15, 0, 0, 0.007, 0.006, 0, 0, 0, 0, 0.004
Arma16, 0, 0, 0.015, 0.009, 0, 0, 0, 0, 0.005
Arma3, 0, 0, 0.007, 0.007, 0, 0, 0, 0, 0.005
Arma4, 0, 0, 0.011, 0.012, 0, 0, 0, 0, 0.01
Arma6, 1, 0, 0.006, 0.057, 1, 0, 1, 0.188, 0.816
Arma7, 0, 0, 0.011, 0.007, 0, 0, 0, 0, 0.006
Arma9, 0, 0, 0.057, 0.014, 0, 0, 0, 0, 0.006
Aure1, 0, 0, 0.012, 0.01, 0, 0, 0, 0, 0.009
Aure2, 0, 0, 0.007, 0.009, 0, 0, 0, 0, 0.004
Aure3, 1, 0.001, 0.014, 0.159, 1, 0, 1, 0.005, 0.998
B130X1, 0, 0, 0.211, 0.081, 0, 0, 0, 0, 0.006
BMS3X1, 0, 0, 0.106, 0.072, 0, 0, 0, 0, 0.002
Bact1, 0, 0, 0.005, 0.005, 0, 0, 0, 0, 0.003
Bact10, 0, 0, 0.006, 0.004, 0, 0, 0, 0, 0.002
Bact11, 0, 0, 0.008, 0.008, 0, 0, 0, 0, 0.006
Bact12, 0, 0, 0.008, 0.008, 0, 0, 0, 0, 0.006
Bact13, 0, 0, 0.003, 0.002, 0, 0, 0, 0, 0.002
Bact14, 0, 0, 0.002, 0.003, 0, 0, 0, 0, 0.001
Bact16, 0, 0, 0.005, 0.008, 0, 0, 0, 0, 0.005
Bact17, 0, 0, 0.005, 0.005, 0, 0, 0, 0, 0.003
Bact18, 0, 0, 0.009, 0.008, 0, 0, 0, 0, 0.007
Bact19, 1, 0.003, 0.188, 0.268, 1, 0, 1, 0.902, 0.098
Bact2, 0, 0, 0.008, 0.009, 0, 0, 0, 0, 0.006
Bact20, 0, 0, 0.001, 0.001, 0, 0, 0, 0, 0.001
Bact21, 1, 0, 0.046, 0.028, 1, 0, 1, 0.999, 0.003
Bact22, 0, 0, 0.006, 0.006, 0, 0, 0, 0, 0.002
Bact23, 1, 0.002, 0.004, 0.33, 1, 0, 1, 0.246, 0.756
Bact24, 0, 0, 0.006, 0.005, 0, 0, 0, 0, 0.002
Bact25, 0, 0, 0.004, 0.008, 0, 0, 0, 0, 0.003
Bact27, 1, 0, 0.513, 0.137, 1, 0, 1, 0.624, 0.381
Bact28, 0, 0, 0.248, 0.073, 0, 0, 0, 0, 0.002
Bact29, 1, 0, 0.013, 0.013, 1, 0, 1, 0.994, 0.012
Bact3, 0, 0, 0.003, 0.004, 0, 0, 0, 0, 0.002
Bact30, 0, 0, 0.008, 0.008, 0, 0, 0, 0, 0.007
Bact31, 0, 0, 0.006, 0.007, 0, 0, 0, 0, 0.004
Bact32, 0, 0, 0.005, 0.004, 0, 0, 0, 0, 0.004
Bact33, 0, 0, 0.005, 0.003, 0, 0, 0, 0, 0.001
Bact34, 0, 0, 0.072, 0.023, 0, 0, 0, 0, 0.001
Bact35, 0, 0, 0.588, 0.183, 0, 0, 0, 0, 0.002
Bact36, 0, 0, 0.47, 0.123, 0, 0, 0, 0, 0.001
Bact37, 0, 0, 0.01, 0.007, 0, 0, 0, 0, 0.004
Bact38, 0, 0, 0.005, 0.005, 0, 0, 0, 0, 0.003
Bact39, 0, 0, 0.007, 0.006, 0, 0, 0, 0, 0.003
Bact4, 0, 0, 0.02, 0.012, 0, 0, 0, 0, 0.008
Bact40, 1, 0, 0.529, 0.092, 1, 0, 1, 0.855, 0.152
Bact41, 1, 0.002, 0.487, 0.383, 1, 0, 1, 0.893, 0.108
Bact42, 0, 0, 0.011, 0.009, 0, 0, 0, 0, 0.005
Bact43, 1, 0.001, 0.015, 0.154, 1, 0, 1, 0.455, 0.545
Bact44, 1, 0.003, 0.904, 0.612, 1, 0, 1, 0.596, 0.405
Bact5, 0, 0, 0.003, 0.003, 0, 0, 0, 0, 0.003
Bact6, 0, 0, 0.011, 0.01, 0, 0, 0, 0, 0.004
Bact7, 0, 0, 0.006, 0.005, 0, 0, 0, 0, 0.003
Bact8, 0, 0, 0.009, 0.01, 0, 0, 0, 0, 0.006
Bact9, 0, 0, 1.004, 0.008, 0, 0, 0, 0, 0.003
Bdell10, 0, 0, 0.006, 0.007, 0, 0, 0, 0, 0.003
Bdell11, 0, 0, 0.007, 0.008, 0, 0, 0, 0, 0.004
Bdell12, 1, 0, 0.012, 0.009, 1, 0, 1, 0.998, 0.006
Bdell13, 0, 0, 0.288, 0.114, 0, 0, 0, 0, 0.009
Bdell14, 0, 0, 0.006, 0.004, 0, 0, 0, 0, 0.002
Bdell15, 0, 0, 0.008, 0.008, 0, 0, 0, 0, 0.008
Bdell16, 0, 0, 0.009, 0.012, 0, 0, 0, 0, 0.004
Bdell17, 0, 0, 0.01, 0.007, 0, 0, 0, 0, 0.005
Bdell2, 0, 0, 0.008, 0.005, 0, 0, 0, 0, 0.005
Bdell3, 1, 0, 0.013, 0.008, 1, 0, 1, 0.996, 0.007
Bdell4, 0, 0, 0.009, 0.01, 0, 0, 0, 0, 0.005
Bdell5, 0, 0, 0.003, 0.003, 0, 0, 0, 0, 0.002
Bdell6, 0, 0, 0.016, 0.014, 0, 0, 0, 0, 0.002
Bdell7, 0, 0, 0.004, 0.003, 0, 0, 0, 0, 0.003
Bdell9, 0, 0, 0.003, 0.004, 0, 0, 0, 0, 0.003
BdellC1, 0, 0, 0.008, 0.006, 0, 0, 0, 0, 0
BdellC2, 0, 0, 0.012, 0.008, 0, 0, 0, 0, 0.004
Bipo1, 0, 0, 0.014, 0.012, 0, 0, 0, 0, 0.01
Bipo2, 0, 0, 0.008, 0.008, 0, 0, 0, 0, 0.004
CG267X1, 0, 0, 0.015, 0.014, 0, 0, 0, 0, 0.004
CG294X1, 0, 0, 0.016, 0.01, 0, 0, 0, 0, 0.005
CSP1X1, 0, 0, 0.009, 0.009, 0, 0, 0, 0, 0.008
Calda1, 0, 0, 0.005, 0.003, 0, 0, 0, 0, 0.003
Calda2, 0, 0, 0.006, 0.008, 0, 0, 0, 0, 0.004
Caldit1, 0, 0, 0.007, 0.006, 0, 0, 0, 0, 0.005
Caldit2, 0, 0, 0.005, 0.004, 0, 0, 0, 0, 0.003
Caldit3, 0, 0, 0.007, 0.006, 0, 0, 0, 0, 0.005
Camp1, 1, 0, 0.027, 0.092, 1, 0, 1, 0.97, 0.035
Camp10, 0, 0, 1.339, 0.142, 0, 0, 0, 0, 0.004
Camp11, 1, 0.001, 1.093, 0.651, 1, 0, 1, 0.238, 0.766
Camp12, 0, 0, 1.162, 0.13, 0, 0, 0, 0, 0.005
Camp13, 1, 0, 0.052, 0.075, 1, 0, 1, 0.898, 0.105
Camp14, 1, 0.001, 0.023, 0.037, 1, 0, 1, 0.891, 0.113
Camp15, 0, 0, 0.911, 0.048, 0, 0, 0, 0, 0.002
Camp16, 1, 0.002, 0.925, 0.265, 1, 0, 1, 0.854, 0.152
Camp2, 0, 0, 0.954, 0.066, 0, 0, 0, 0, 0.007
Camp3, 0, 0, 0.994, 0.086, 0, 0, 0, 0, 0.002
Camp4, 1, 0.001, 0.865, 0.207, 1, 0, 1, 0.913, 0.093
Camp5, 2, 0.149, 0.012, 0.487, 1, 0, 2, 1.227, 0.528
Camp6, 0, 0, 0.061, 0.036, 0, 0, 0, 0, 0.006
Camp7, 0, 0, 0.961, 0.087, 0, 0, 0, 0, 0.002
Camp9, 0, 0, 0.055, 0.051, 0, 0, 0, 0, 0
Chlo10, 0, 0, 0.007, 0.008, 0, 0, 0, 0, 0.006
Chlo11, 0, 0, 0.011, 0.011, 0, 0, 0, 0, 0.008
Chlo12, 0, 0, 0.006, 0.007, 0, 0, 0, 0, 0.005
Chlo13, 0, 0, 0.007, 0.01, 0, 0, 0, 0, 0.006
Chlo14, 0, 0, 0.006, 0.006, 0, 0, 0, 0, 0.004
Chlo15, 0, 0, 0.013, 0.008, 0, 0, 0, 0, 0.005
Chlo16, 0, 0, 0.001, 0.001, 0, 0, 0, 0, 0
Chlo17, 0, 0, 0.01, 0.011, 0, 0, 0, 0, 0.008
Chlo18, 0, 0, 0.01, 0.012, 0, 0, 0, 0, 0.008
Chlo19, 0, 0, 0.007, 0.008, 0, 0, 0, 0, 0.005
Chlo20, 0, 0, 0.006, 0.006, 0, 0, 0, 0, 0.005
Chlo21, 0, 0, 0.005, 0.005, 0, 0, 0, 0, 0.004
Chlo22, 0, 0, 0.007, 0.004, 0, 0, 0, 0, 0.002
Chlo23, 0, 0, 0.008, 0.008, 0, 0, 0, 0, 0.005
Chlo24, 0, 0, 0.006, 0.005, 0, 0, 0, 0, 0.005
Chlo25, 0, 0, 0.005, 0.005, 0, 0, 0, 0, 0.004
Chlo26, 0, 0, 0.005, 0.004, 0, 0, 0, 0, 0.002
Chlo27, 0, 0, 0.005, 0.003, 0, 0, 0, 0, 0.002
Chlo28, 0, 0, 0.004, 0.004, 0, 0, 0, 0, 0.004
Chlo29, 0, 0, 0.041, 0.016, 0, 0, 0, 0, 0.003
Chlo30, 0, 0, 0.004, 0.004, 0, 0, 0, 0, 0.002
Chlo31, 0, 0, 0.002, 0.003, 0, 0, 0, 0, 0.001
Chlo32, 1, 0.001, 0.008, 0.216, 1, 0, 1, 0.158, 0.846
Chlo33, 0, 0, 0.007, 0.007, 0, 0, 0, 0, 0.007
Chlo34, 0, 0, 0.006, 0.007, 0, 0, 0, 0, 0.005
Chlo35, 0, 0, 0.005, 0.005, 0, 0, 0, 0, 0.004
Chlo36, 0, 0, 0.004, 0.007, 0, 0, 0, 0, 0.003
Chlo37, 0, 0, 0.009, 0.009, 0, 0, 0, 0, 0.007
Chlo38, 0, 0, 0.007, 0.008, 0, 0, 0, 0, 0.005
Chlo39, 0, 0, 0.007, 0.008, 0, 0, 0, 0, 0.004
Chlo4, 0, 0, 0.004, 0.007, 0, 0, 0, 0, 0.004
Chlo40, 0, 0, 0.004, 0.004, 0, 0, 0, 0, 0.003
Chlo41, 0, 0, 0.004, 0.001, 0, 0, 0, 0, 0.001
Chlo42, 0, 0, 0.002, 0.002, 0, 0, 0, 0, 0.001
Chlo43, 0, 0, 0.003, 0.005, 0, 0, 0, 0, 0.002
Chlo44, 0, 0, 0.009, 0.011, 0, 0, 0, 0, 0.007
Chlo45, 0, 0, 0.006, 0.005, 0, 0, 0, 0, 0.002
Chlo46, 0, 0, 0.005, 0.004, 0, 0, 0, 0, 0.001
Chlo47, 0, 0, 0.004, 0.004, 0, 0, 0, 0, 0.004
Chlo48, 0, 0, 0.003, 0.002, 0, 0, 0, 0, 0.002
Chlo5, 0, 0, 0.002, 0.003, 0, 0, 0, 0, 0.001
Chlo6, 0, 0, 0.008, 0.006, 0, 0, 0, 0, 0.006
Chlo7, 0, 0, 0.019, 0.02, 0, 0, 0, 0, 0.011
Chlo8, 0, 0, 0.007, 0.008, 0, 0, 0, 0, 0.007
Chlo9, 0, 0, 0.005, 0.004, 0, 0, 0, 0, 0.004
Chry1, 1, 0.002, 0.079, 0.162, 1, 0, 1, 0.067, 0.942
Cloa1, 0, 0, 0.008, 0.008, 0, 0, 0, 0, 0.008
Cyan1, 0, 0, 0.005, 0.008, 0, 0, 0, 0, 0.004
Cyan10, 0, 0, 0.004, 0.004, 0, 0, 0, 0, 0.004
Cyan11, 0, 0, 0.004, 0.003, 0, 0, 0, 0, 0.003
Cyan12, 0, 0, 0.009, 0.01, 0, 0, 0, 0, 0.005
Cyan13, 0, 0, 0.006, 0.008, 0, 0, 0, 0, 0.004
Cyan14, 0, 0, 0.004, 0.006, 0, 0, 0, 0, 0.003
Cyan15, 0, 0, 0.007, 0.008, 0, 0, 0, 0, 0.006
Cyan16, 0, 0, 0.006, 0.007, 0, 0, 0, 0, 0.003
Cyan18, 0, 0, 0.005, 0.003, 0, 0, 0, 0, 0.003
Cyan19, 0, 0, 0.005, 0.006, 0, 0, 0, 0, 0.003
Cyan2, 0, 0, 0.009, 0.008, 0, 0, 0, 0, 0.008
Cyan20, 0, 0, 0.008, 0.009, 0, 0, 0, 0, 0.007
Cyan21, 0, 0, 0.007, 0.006, 0, 0, 0, 0, 0.004
Cyan22, 0, 0, 0.003, 0.004, 0, 0, 0, 0, 0.002
Cyan23, 0, 0, 0.01, 0.011, 0, 0, 0, 0, 0.006
Cyan24, 0, 0, 0.008, 0.009, 0, 0, 0, 0, 0.004
Cyan25, 0, 0, 0.006, 0.005, 0, 0, 0, 0, 0.004
Cyan26, 0, 0, 0.007, 0.007, 0, 0, 0, 0, 0.006
Cyan27, 0, 0, 0.003, 0.004, 0, 0, 0, 0, 0.003
Cyan28, 0, 0, 0.004, 0.004, 0, 0, 0, 0, 0.004
Cyan29, 0, 0, 0.007, 0.008, 0, 0, 0, 0, 0.004
Cyan3, 0, 0, 0.006, 0.007, 0, 0, 0, 0, 0.006
Cyan30, 0, 0, 0.006, 0.004, 0, 0, 0, 0, 0.004
Cyan31, 0, 0, 0.003, 0.004, 0, 0, 0, 0, 0.003
Cyan32, 0, 0, 0.006, 0.006, 0, 0, 0, 0, 0.004
Cyan33, 0, 0, 0.004, 0.003, 0, 0, 0, 0, 0.001
Cyan34, 0, 0, 0.003, 0.003, 0, 0, 0, 0, 0.003
Cyan35, 0, 0, 0.004, 0.006, 0, 0, 0, 0, 0.004
Cyan36, 0, 0, 0.004, 0.005, 0, 0, 0, 0, 0.004
Cyan37, 0, 0, 0.003, 0.003, 0, 0, 0, 0, 0.002
Cyan38, 0, 0, 0.002, 0.002, 0, 0, 0, 0, 0.002
Cyan4, 0, 0, 0.006, 0.005, 0, 0, 0, 0, 0.003
Cyan40, 0, 0, 0.002, 0.002, 0, 0, 0, 0, 0.002
Cyan41, 0, 0, 0.004, 0.004, 0, 0, 0, 0, 0.003
Cyan42, 0, 0, 0.003, 0.003, 0, 0, 0, 0, 0.003
Cyan43, 0, 0, 0.007, 0.007, 0, 0, 0, 0, 0.007
Cyan44, 0, 0, 0.013, 0.016, 0, 0, 0, 0, 0.011
Cyan45, 0, 0, 0.005, 0.006, 0, 0, 0, 0, 0.005
Cyan46, 0, 0, 0.006, 0.006, 0, 0, 0, 0, 0.004
Cyan47, 0, 0, 0.002, 0.003, 0, 0, 0, 0, 0
Cyan7, 0, 0, 0.003, 0.003, 0, 0, 0, 0, 0.003
Cyan8, 0, 0, 0.01, 0.009, 0, 0, 0, 0, 0.006
Cyan9, 0, 0, 0.005, 0.003, 0, 0, 0, 0, 0.002
DTU0X1, 0, 0, 0.003, 0.003, 0, 0, 0, 0, 0.003
Defe1, 0, 0, 0.018, 0.01, 0, 0, 0, 0, 0.002
Defe2, 0, 0, 0.009, 0.006, 0, 0, 0, 0, 0.005
Defe3, 0, 0, 0.005, 0.006, 0, 0, 0, 0, 0.001
Dein1, 0, 0, 0.006, 0.007, 0, 0, 0, 0, 0.004
Dein2, 0, 0, 0.005, 0.004, 0, 0, 0, 0, 0.004
Dein3, 0, 0, 0.006, 0.006, 0, 0, 0, 0, 0.006
Dein4, 0, 0, 0.011, 0.01, 0, 0, 0, 0, 0.007
Dein5, 0, 0, 0.006, 0.004, 0, 0, 0, 0, 0.004
Dein6, 0, 0, 0.01, 0.01, 0, 0, 0, 0, 0.006
Dein7, 0, 0, 0.004, 0.007, 0, 0, 0, 0, 0.004
Desa1, 0, 0, 0.019, 0.017, 0, 0, 0, 0, 0.005
DesuB1, 0, 0, 0.005, 0.005, 0, 0, 0, 0, 0.004
DesuB2, 0, 0, 0.004, 0.004, 0, 0, 0, 0, 0.003
DesuB3, 0, 0, 0.004, 0.005, 0, 0, 0, 0, 0.003
DesuB4, 0, 0, 0.006, 0.006, 0, 0, 0, 0, 0.005
DesuC1, 0, 0, 0.241, 0.038, 0, 0, 0, 0, 0.002
DesuC2, 1, 0, 0.039, 0.034, 1, 0, 1, 0.201, 0.8
DesuD1, 0, 0, 0.084, 0.052, 0, 0, 0, 0, 0.006
DesuD2, 0, 0, 0.081, 0.038, 0, 0, 0, 0, 0.003
Desua1, 0, 0, 0.013, 0.012, 0, 0, 0, 0, 0.009
Desua10, 0, 0, 0.014, 0.01, 0, 0, 0, 0, 0.008
Desua11, 0, 0, 0.004, 0.005, 0, 0, 0, 0, 0.004
Desua12, 0, 0, 0.009, 0.009, 0, 0, 0, 0, 0.005
Desua13, 0, 0, 0.021, 0.012, 0, 0, 0, 0, 0.006
Desua14, 0, 0, 0.007, 0.007, 0, 0, 0, 0, 0.005
Desua15, 1, 0.002, 0.018, 0.311, 1, 0, 1, 0.374, 0.634
Desua16, 0, 0, 0.387, 0.082, 0, 0, 0, 0, 0.005
Desua17, 0, 0, 0.011, 0.007, 0, 0, 0, 0, 0.006
Desua18, 0, 0, 0.038, 0.016, 0, 0, 0, 0, 0.002
Desua19, 1, 0, 0.02, 0.012, 1, 0, 1, 0.999, 0.006
Desua2, 0, 0, 0.27, 0.198, 0, 0, 0, 0, 0.004
Desua20, 1, 0.006, 0.084, 0.586, 1, 0, 1, 0.976, 0.023
Desua21, 0, 0, 0.008, 0.009, 0, 0, 0, 0, 0.007
Desua22, 0, 0, 0.004, 0.005, 0, 0, 0, 0, 0.002
Desua23, 0, 0, 0.009, 0.01, 0, 0, 0, 0, 0.007
Desua24, 0, 0, 0.193, 0.043, 0, 0, 0, 0, 0.005
Desua25, 0, 0, 0.005, 0.006, 0, 0, 0, 0, 0.004
Desua26, 0, 0, 0.018, 0.017, 0, 0, 0, 0, 0.005
Desua27, 0, 0, 0.003, 0.003, 0, 0, 0, 0, 0.003
Desua28, 1, 0, 0.014, 0.006, 1, 0, 1, 1, 0.006
Desua29, 0, 0, 0.003, 0.005, 0, 0, 0, 0, 0.002
Desua3, 0, 0, 0.009, 0.005, 0, 0, 0, 0, 0.002
Desua30, 0, 0, 0.017, 0.009, 0, 0, 0, 0, 0.004
Desua32, 0, 0, 0.007, 0.008, 0, 0, 0, 0, 0.005
Desua33, 0, 0, 0.007, 0.01, 0, 0, 0, 0, 0.004
Desua34, 0, 0, 0.007, 0.008, 0, 0, 0, 0, 0.003
Desua35, 1, 0, 0.009, 0.005, 1, 0, 1, 1, 0.001
Desua36, 0, 0, 0.006, 0.004, 0, 0, 0, 0, 0.003
Desua37, 0, 0, 0.085, 0.051, 0, 0, 0, 0, 0.003
Desua38, 0, 0, 0.012, 0.011, 0, 0, 0, 0, 0.009
Desua39, 0, 0, 0.002, 0.002, 0, 0, 0, 0, 0.002
Desua4, 0, 0, 0.016, 0.012, 0, 0, 0, 0, 0.009
Desua40, 0, 0, 0.002, 0.003, 0, 0, 0, 0, 0.002
Desua41, 0, 0, 0.016, 0.016, 0, 0, 0, 0, 0.003
Desua42, 0, 0, 0.007, 0.009, 0, 0, 0, 0, 0.004
Desua43, 0, 0, 0.003, 0.002, 0, 0, 0, 0, 0.002
Desua44, 0, 0, 0.012, 0.02, 0, 0, 0, 0, 0.009
Desua45, 0, 0, 0.023, 0.016, 0, 0, 0, 0, 0.007
Desua46, 0, 0, 0.005, 0.006, 0, 0, 0, 0, 0.004
Desua47, 0, 0, 0.002, 0.002, 0, 0, 0, 0, 0.001
Desua48, 0, 0, 0.009, 0.007, 0, 0, 0, 0, 0.006
Desua49, 0, 0, 0.003, 0.002, 0, 0, 0, 0, 0.002
Desua5, 0, 0, 0.076, 0.036, 0, 0, 0, 0, 0.005
Desua50, 0, 0, 0.008, 0.01, 0, 0, 0, 0, 0.006
Desua51, 1, 0, 0.007, 0.004, 1, 0, 1, 0.999, 0.005
Desua52, 0, 0, 0.002, 0.002, 0, 0, 0, 0, 0.001
Desua53, 1, 0, 0.008, 0.009, 1, 0, 1, 0.999, 0.006
Desua54, 0, 0, 0.01, 0.005, 0, 0, 0, 0, 0.003
Desua6, 0, 0, 1.012, 0.012, 0, 0, 0, 0, 0.006
Desua7, 1, 0, 0.012, 0.011, 1, 0, 1, 0.998, 0.006
Desua8, 0, 0, 0.275, 0.187, 0, 0, 0, 0, 0.009
Desua9, 0, 0, 0.013, 0.012, 0, 0, 0, 0, 0.008
Dict1, 0, 0, 0.005, 0.006, 0, 0, 0, 0, 0.004
Dorm1, 0, 0, 0.008, 0.006, 0, 0, 0, 0, 0.006
Dorm2, 0, 0, 0.002, 0.003, 0, 0, 0, 0, 0
Dorm3, 0, 0, 0.008, 0.007, 0, 0, 0, 0, 0.007
Dorm4, 0, 0, 0.008, 0.008, 0, 0, 0, 0, 0.007
Dorm5, 0, 0, 0.004, 0.003, 0, 0, 0, 0, 0.003
Edwa1, 0, 0, 0.007, 0.008, 0, 0, 0, 0, 0.007
Eise1, 0, 0, 0.012, 0.015, 0, 0, 0, 0, 0.01
Eise2, 0, 0, 0.007, 0.008, 0, 0, 0, 0, 0.005
Eise3, 0, 0, 0.009, 0.011, 0, 0, 0, 0, 0.007
Eise4, 0, 0, 0.005, 0.004, 0, 0, 0, 0, 0.003
Elus1, 0, 0, 0.01, 0.01, 0, 0, 0, 0, 0.008
Elus10, 0, 0, 0.005, 0.007, 0, 0, 0, 0, 0.005
Elus2, 0, 0, 0.005, 0.005, 0, 0, 0, 0, 0.003
Elus3, 0, 0, 0.005, 0.006, 0, 0, 0, 0, 0.004
Elus4, 0, 0, 0.003, 0.004, 0, 0, 0, 0, 0.003
Elus5, 0, 0, 0.003, 0.002, 0, 0, 0, 0, 0.001
Elus6, 0, 0, 0.004, 0.006, 0, 0, 0, 0, 0.002
Elus7, 0, 0.001, 0.011, 0.014, 0, 0, 0, 0, 0.009
Elus8, 0, 0, 0.007, 0.006, 0, 0, 0, 0, 0.005
Elus9, 0, 0, 0.002, 0.004, 0, 0, 0, 0, 0.002
Erem2, 0, 0, 0.004, 0.004, 0, 0, 0, 0, 0.003
Erem3, 0, 0, 0.005, 0.004, 0, 0, 0, 0, 0.002
Erem4, 0, 0, 0.004, 0.003, 0, 0, 0, 0, 0.003
Erem5, 0, 0, 0.003, 0.003, 0, 0, 0, 0, 0.002
Erem6, 0, 0, 0.008, 0.006, 0, 0, 0, 0, 0.005
FCPU1, 1, 0, 0.009, 0.018, 1, 0, 1, 0.267, 0.741
FCPU2, 0, 0, 0.272, 0.007, 0, 0, 0, 0, 0.004
Ferm1, 0, 0, 0.005, 0.006, 0, 0, 0, 0, 0.005
Fibr1, 0, 0, 0.142, 0.052, 0, 0, 0, 0, 0.005
Fibr2, 0, 0, 0.005, 0.004, 0, 0, 0, 0, 0.003
Fibr3, 0, 0, 0.014, 0.004, 0, 0, 0, 0, 0
Fibr4, 0, 0, 0.006, 0.007, 0, 0, 0, 0, 0.004
Fibr5, 1, 0.012, 0.016, 0.417, 1, 0, 1, 0.133, 0.867
Fibr6, 0, 0, 0.013, 0.01, 0, 0, 0, 0, 0.004
Fire1, 0, 0, 0.104, 0.025, 0, 0, 0, 0, 0.003
FirmA1, 0, 0, 0.004, 0.004, 0, 0, 0, 0, 0.003
FirmA10, 0, 0, 0.007, 0.006, 0, 0, 0, 0, 0.004
FirmA100, 0, 0, 0.006, 0.005, 0, 0, 0, 0, 0.004
FirmA101, 0, 0.001, 0.008, 0.008, 0, 0, 0, 0, 0.002
FirmA102, 0, 0, 0.278, 0.069, 0, 0, 0, 0, 0.003
FirmA103, 0, 0, 0.007, 0.004, 0, 0, 0, 0, 0.003
FirmA104, 0, 0, 0.004, 0.005, 0, 0, 0, 0, 0.003
FirmA105, 0, 0, 0.003, 0.002, 0, 0, 0, 0, 0.001
FirmA106, 0, 0, 0.008, 0.008, 0, 0, 0, 0, 0.006
FirmA107, 0, 0, 0.003, 0.003, 0, 0, 0, 0, 0.003
FirmA108, 0, 0, 0.006, 0.006, 0, 0, 0, 0, 0.003
FirmA109, 0, 0, 0.004, 0.002, 0, 0, 0, 0, 0.001
FirmA11, 0, 0, 0.004, 0.005, 0, 0, 0, 0, 0.004
FirmA110, 0, 0, 0.008, 0.008, 0, 0, 0, 0, 0.007
FirmA111, 0, 0, 0.004, 0.004, 0, 0, 0, 0, 0.002
FirmA112, 0, 0, 0.004, 0.004, 0, 0, 0, 0, 0.003
FirmA113, 0, 0, 0.008, 0.006, 0, 0, 0, 0, 0.005
FirmA114, 0, 0, 0.006, 0.006, 0, 0, 0, 0, 0.006
FirmA12, 0, 0, 0.006, 0.004, 0, 0, 0, 0, 0.004
FirmA14, 0, 0, 0.007, 0.007, 0, 0, 0, 0, 0.004
FirmA16, 0, 0, 0.027, 0.01, 0, 0, 0, 0, 0.005
FirmA18, 0, 0, 0.009, 0.01, 0, 0, 0, 0, 0.005
FirmA19, 0, 0, 0.005, 0.004, 0, 0, 0, 0, 0.004
FirmA2, 0, 0, 0.038, 0.017, 0, 0, 0, 0, 0.006
FirmA20, 0, 0, 0.007, 0.009, 0, 0, 0, 0, 0.005
FirmA21, 0, 0, 0.008, 0.009, 0, 0, 0, 0, 0.007
FirmA24, 0, 0, 0.005, 0.005, 0, 0, 0, 0, 0.005
FirmA25, 0, 0, 0.008, 0.008, 0, 0, 0, 0, 0.007
FirmA26, 0, 0, 0.001, 0.001, 0, 0, 0, 0, 0.001
FirmA27, 0, 0, 0.006, 0.006, 0, 0, 0, 0, 0.004
FirmA28, 0, 0, 0.006, 0.004, 0, 0, 0, 0, 0.003
FirmA29, 0, 0, 0.009, 0.007, 0, 0, 0, 0, 0.004
FirmA30, 0, 0, 0.008, 0.007, 0, 0, 0, 0, 0.005
FirmA31, 0, 0, 0.009, 0.011, 0, 0, 0, 0, 0.006
FirmA32, 0, 0, 0.012, 0.013, 0, 0, 0, 0, 0.01
FirmA33, 0, 0, 0.004, 0.004, 0, 0, 0, 0, 0.003
FirmA34, 0, 0, 0.248, 0.121, 0, 0, 0, 0, 0.002
FirmA35, 0, 0, 0.004, 0.004, 0, 0, 0, 0, 0.003
FirmA36, 0, 0, 0.006, 0.008, 0, 0, 0, 0, 0.006
FirmA37, 0, 0, 0.009, 0.011, 0, 0, 0, 0, 0.007
FirmA38, 0, 0, 0.004, 0.002, 0, 0, 0, 0, 0.002
FirmA39, 0, 0, 0.003, 0.004, 0, 0, 0, 0, 0.002
FirmA40, 0, 0, 0.004, 0.003, 0, 0, 0, 0, 0.002
FirmA41, 0, 0, 0.004, 0.005, 0, 0, 0, 0, 0.004
FirmA42, 0, 0, 0.005, 0.006, 0, 0, 0, 0, 0.004
FirmA43, 0, 0, 0.007, 0.01, 0, 0, 0, 0, 0.006
FirmA44, 0, 0, 0.004, 0.004, 0, 0, 0, 0, 0.004
FirmA45, 0, 0, 0.007, 0.009, 0, 0, 0, 0, 0.005
FirmA46, 0, 0, 0.008, 0.005, 0, 0, 0, 0, 0.002
FirmA47, 0, 0, 0.011, 0.015, 0, 0, 0, 0, 0.01
FirmA48, 0, 0, 0.004, 0.004, 0, 0, 0, 0, 0.003
FirmA49, 0, 0, 0.007, 0.009, 0, 0, 0, 0, 0.004
FirmA5, 0, 0, 0.003, 0.003, 0, 0, 0, 0, 0.003
FirmA50, 0, 0, 0.005, 0.005, 0, 0, 0, 0, 0.004
FirmA51, 0, 0, 0.006, 0.005, 0, 0, 0, 0, 0.001
FirmA52, 0, 0, 0.002, 0.002, 0, 0, 0, 0, 0.002
FirmA53, 0, 0, 0.003, 0.003, 0, 0, 0, 0, 0.002
FirmA54, 0, 0, 0.089, 0.026, 0, 0, 0, 0, 0.007
FirmA55, 0, 0, 0.005, 0.002, 0, 0, 0, 0, 0.002
FirmA56, 0, 0, 0.003, 0.002, 0, 0, 0, 0, 0.002
FirmA57, 1, 0.002, 0.009, 0.388, 1, 0, 1, 0.157, 0.845
FirmA58, 0, 0, 0.005, 0.008, 0, 0, 0, 0, 0.005
FirmA59, 0, 0, 0.006, 0.005, 0, 0, 0, 0, 0.005
FirmA6, 0, 0, 0.007, 0.007, 0, 0, 0, 0, 0.004
FirmA60, 0, 0, 0.005, 0.007, 0, 0, 0, 0, 0.005
FirmA61, 0, 0, 0.003, 0.005, 0, 0, 0, 0, 0.002
FirmA62, 0, 0, 0.005, 0.004, 0, 0, 0, 0, 0.002
FirmA63, 0, 0, 0.008, 0.009, 0, 0, 0, 0, 0.006
FirmA64, 0, 0, 0.006, 0.006, 0, 0, 0, 0, 0.005
FirmA65, 0, 0, 0.005, 0.006, 0, 0, 0, 0, 0.005
FirmA66, 0, 0, 0.003, 0.002, 0, 0, 0, 0, 0.002
FirmA67, 0, 0, 0.004, 0.004, 0, 0, 0, 0, 0.003
FirmA68, 0, 0, 0.006, 0.006, 0, 0, 0, 0, 0.002
FirmA69, 0, 0, 0.007, 0.007, 0, 0, 0, 0, 0.007
FirmA7, 0, 0, 0.003, 0.003, 0, 0, 0, 0, 0.003
FirmA70, 0, 0, 0.004, 0.004, 0, 0, 0, 0, 0.003
FirmA71, 0, 0, 0.004, 0.004, 0, 0, 0, 0, 0.002
FirmA72, 0, 0, 0.007, 0.007, 0, 0, 0, 0, 0.006
FirmA73, 0, 0, 0.005, 0.005, 0, 0, 0, 0, 0.004
FirmA74, 0, 0, 0.003, 0.003, 0, 0, 0, 0, 0.003
FirmA75, 0, 0, 0.004, 0.005, 0, 0, 0, 0, 0.002
FirmA76, 1, 0.007, 0.012, 0.52, 1, 0, 1, 0.274, 0.73
FirmA77, 0, 0, 0.007, 0.005, 0, 0, 0, 0, 0.003
FirmA78, 0, 0, 0.004, 0.004, 0, 0, 0, 0, 0.003
FirmA79, 0, 0, 0.011, 0.015, 0, 0, 0, 0, 0.01
FirmA8, 0, 0, 0.007, 0.007, 0, 0, 0, 0, 0.007
FirmA80, 1, 0.01, 0.017, 0.366, 1, 0, 1, 0.244, 0.761
FirmA81, 0, 0, 0.004, 0.004, 0, 0, 0, 0, 0.003
FirmA83, 0, 0, 0.006, 0.004, 0, 0, 0, 0, 0.003
FirmA84, 0, 0, 0.008, 0.007, 0, 0, 0, 0, 0.006
FirmA85, 0, 0, 0.004, 0.003, 0, 0, 0, 0, 0.003
FirmA86, 0, 0, 0.008, 0.009, 0, 0, 0, 0, 0.008
FirmA87, 0, 0, 0.005, 0.005, 0, 0, 0, 0, 0.005
FirmA88, 0, 0, 0.008, 0.006, 0, 0, 0, 0, 0.003
FirmA89, 0, 0, 0.004, 0.004, 0, 0, 0, 0, 0.003
FirmA9, 0, 0, 0.01, 0.009, 0, 0, 0, 0, 0.008
FirmA90, 0, 0, 0.002, 0.001, 0, 0, 0, 0, 0.001
FirmA91, 0, 0, 0.005, 0.005, 0, 0, 0, 0, 0.005
FirmA92, 1, 0.004, 0.01, 0.442, 1, 0, 1, 0.08, 0.924
FirmA93, 0, 0, 0.005, 0.007, 0, 0, 0, 0, 0.003
FirmA94, 0, 0, 0.004, 0.003, 0, 0, 0, 0, 0.002
FirmA95, 0, 0, 0.003, 0.002, 0, 0, 0, 0, 0
FirmA96, 0, 0, 0.002, 0.003, 0, 0, 0, 0, 0.002
FirmA97, 0, 0, 0.003, 0.006, 0, 0, 0, 0, 0.003
FirmA98, 0, 0, 0.001, 0.001, 0, 0, 0, 0, 0.001
FirmA99, 0, 0, 0.015, 0.012, 0, 0, 0, 0, 0.005
FirmB1, 0, 0, 0.002, 0.002, 0, 0, 0, 0, 0.001
FirmB10, 1, 0.003, 0.014, 0.207, 1, 0, 1, 0.253, 0.75
FirmB11, 0, 0, 0.003, 0.002, 0, 0, 0, 0, 0.002
FirmB12, 0, 0, 0.02, 0.017, 0, 0, 0, 0, 0.004
FirmB13, 0, 0, 0.004, 0.003, 0, 0, 0, 0, 0.002
FirmB14, 0, 0, 0.004, 0.003, 0, 0, 0, 0, 0
FirmB15, 0, 0, 0.006, 0.005, 0, 0, 0, 0, 0.004
FirmB16, 0, 0, 0.004, 0.003, 0, 0, 0, 0, 0.002
FirmB17, 0, 0, 0.005, 0.006, 0, 0, 0, 0, 0.003
FirmB2, 0, 0, 0.006, 0.007, 0, 0, 0, 0, 0.005
FirmB3, 0, 0, 0.009, 0.008, 0, 0, 0, 0, 0.005
FirmB4, 0, 0, 0.004, 0.008, 0, 0, 0, 0, 0.003
FirmB5, 0, 0, 0.01, 0.01, 0, 0, 0, 0, 0.007
FirmB6, 0, 0, 0.011, 0.01, 0, 0, 0, 0, 0.006
FirmB7, 0, 0, 0.008, 0.009, 0, 0, 0, 0, 0.003
FirmB8, 0, 0, 0.007, 0.005, 0, 0, 0, 0, 0.004
FirmB9, 0, 0.001, 0.265, 0.113, 0, 0, 0, 0, 0.003
FirmC1, 0, 0, 0.014, 0.012, 0, 0, 0, 0, 0.007
FirmC10, 0, 0, 0.034, 0.024, 0, 0, 0, 0, 0.003
FirmC11, 0, 0, 0.008, 0.004, 0, 0, 0, 0, 0.003
FirmC12, 0, 0, 0.012, 0.014, 0, 0, 0, 0, 0.005
FirmC13, 0, 0, 0.004, 0.005, 0, 0, 0, 0, 0.002
FirmC14, 0, 0, 0.034, 0.037, 0, 0, 0, 0, 0.003
FirmC15, 0, 0, 0.01, 0.006, 0, 0, 0, 0, 0.003
FirmC16, 0, 0, 0.003, 0.002, 0, 0, 0, 0, 0.001
FirmC17, 0, 0, 0.008, 0.008, 0, 0, 0, 0, 0.006
FirmC18, 1, 0.003, 0.013, 0.284, 1, 0, 1, 0.248, 0.757
FirmC19, 0, 0, 0.069, 0.03, 0, 0, 0, 0, 0
FirmC3, 0, 0, 0.011, 0.011, 0, 0, 0, 0, 0.006
FirmC4, 0, 0, 0.008, 0.007, 0, 0, 0, 0, 0.001
FirmC5, 0, 0, 0.009, 0.005, 0, 0, 0, 0, 0.005
FirmC6, 0, 0, 0.008, 0.011, 0, 0, 0, 0, 0.006
FirmC7, 1, 0.004, 0.012, 0.497, 1, 0, 1, 0.33, 0.675
FirmC8, 0, 0, 0.04, 0.024, 0, 0, 0, 0, 0.007
FirmC9, 0, 0, 0.02, 0.014, 0, 0, 0, 0, 0.005
FirmD1, 0, 0, 0.011, 0.012, 0, 0, 0, 0, 0.01
FirmD2, 0, 0, 0.003, 0.003, 0, 0, 0, 0, 0.003
FirmD3, 0, 0, 0.004, 0.004, 0, 0, 0, 0, 0.004
FirmD4, 0, 0, 0.01, 0.01, 0, 0, 0, 0, 0.007
FirmE1, 0, 0, 0.008, 0.01, 0, 0, 0, 0, 0.007
FirmE2, 0, 0, 0.009, 0.007, 0, 0, 0, 0, 0.007
FirmE3, 0, 0, 0.005, 0.006, 0, 0, 0, 0, 0.005
FirmE4, 0, 0, 0.014, 0.024, 0, 0, 0, 0, 0.011
FirmE5, 0, 0, 0.003, 0.003, 0, 0, 0, 0, 0.003
FirmE6, 0, 0, 0.007, 0.005, 0, 0, 0, 0, 0.004
FirmE7, 0, 0, 0.005, 0.005, 0, 0, 0, 0, 0.004
FirmE8, 0, 0, 0.004, 0.004, 0, 0, 0, 0, 0.003
FirmF1, 0, 0, 0.004, 0.004, 0, 0, 0, 0, 0.004
FirmF2, 0, 0, 0.003, 0.002, 0, 0, 0, 0, 0.002
FirmF3, 0, 0, 0.006, 0.007, 0, 0, 0, 0, 0.005
FirmG1, 0, 0, 0.008, 0.008, 0, 0, 0, 0, 0.007
FirmG2, 0, 0, 0.005, 0.004, 0, 0, 0, 0, 0.004
FirmG3, 0, 0, 0.004, 0.004, 0, 0, 0, 0, 0.004
FirmG4, 0, 0, 0.002, 0.002, 0, 0, 0, 0, 0.002
FirmG5, 0, 0, 0.008, 0.009, 0, 0, 0, 0, 0.007
FirmG6, 0, 0, 0.007, 0.011, 0, 0, 0, 0, 0.007
Firms1, 0, 0, 0.006, 0.005, 0, 0, 0, 0, 0.005
Firms10, 0, 0, 0.002, 0.002, 0, 0, 0, 0, 0.001
Firms11, 0, 0, 0.006, 0.007, 0, 0, 0, 0, 0.004
Firms12, 0, 0, 0.006, 0.006, 0, 0, 0, 0, 0.004
Firms13, 0, 0, 0.008, 0.01, 0, 0, 0, 0, 0.005
Firms15, 0, 0, 0.002, 0.002, 0, 0, 0, 0, 0.002
Firms16, 0, 0, 0.006, 0.006, 0, 0, 0, 0, 0.005
Firms17, 0, 0, 0.006, 0.006, 0, 0, 0, 0, 0.004
Firms18, 0, 0, 0.006, 0.007, 0, 0, 0, 0, 0.005
Firms2, 0, 0, 0.004, 0.005, 0, 0, 0, 0, 0.004
Firms20, 0, 0, 0.004, 0.005, 0, 0, 0, 0, 0.001
Firms21, 0, 0, 0.006, 0.007, 0, 0, 0, 0, 0.005
Firms22, 0, 0, 0.004, 0.005, 0, 0, 0, 0, 0.003
Firms23, 0, 0, 0.003, 0.004, 0, 0, 0, 0, 0.002
Firms24, 0, 0, 0.005, 0.005, 0, 0, 0, 0, 0.004
Firms25, 0, 0, 0.005, 0.005, 0, 0, 0, 0, 0.003
Firms26, 0, 0, 0.006, 0.008, 0, 0, 0, 0, 0.005
Firms27, 0, 0, 0.006, 0.005, 0, 0, 0, 0, 0.005
Firms28, 0, 0, 0.009, 0.007, 0, 0, 0, 0, 0.007
Firms29, 0, 0, 0.005, 0.002, 0, 0, 0, 0, 0.002
Firms3, 0, 0, 0.011, 0.014, 0, 0, 0, 0, 0.011
Firms30, 0, 0, 0.007, 0.008, 0, 0, 0, 0, 0.006
Firms31, 0, 0, 0.005, 0.005, 0, 0, 0, 0, 0.004
Firms32, 0, 0, 0.004, 0.002, 0, 0, 0, 0, 0.002
Firms33, 0, 0, 0.002, 0.002, 0, 0, 0, 0, 0.001
Firms4, 0, 0, 0.006, 0.004, 0, 0, 0, 0, 0.004
Firms5, 0, 0, 0.004, 0.004, 0, 0, 0, 0, 0.003
Firms6, 0, 0, 0.007, 0.008, 0, 0, 0, 0, 0.006
Firms7, 0, 0, 0.003, 0.003, 0, 0, 0, 0, 0.002
Firms8, 0, 0, 0.005, 0.005, 0, 0, 0, 0, 0.003
Firms9, 0, 0, 0.007, 0.008, 0, 0, 0, 0, 0.006
Fuso2, 0, 0, 0.02, 0.016, 0, 0, 0, 0, 0.006
Gemm2, 0, 0, 0.006, 0.008, 0, 0, 0, 0, 0.005
Gemm3, 0, 0, 0.007, 0.008, 0, 0, 0, 0, 0.006
Gemm4, 0, 0, 0.004, 0.003, 0, 0, 0, 0, 0.003
Gemm5, 0, 0, 0.009, 0.008, 0, 0, 0, 0, 0.006
Gemm6, 0, 0, 0.004, 0.005, 0, 0, 0, 0, 0.003
Gemm7, 0, 0, 0.011, 0.01, 0, 0, 0, 0, 0.007
Gemm8, 0, 0, 0.002, 0.002, 0, 0, 0, 0, 0.001
Gemm9, 0, 0, 0.007, 0.009, 0, 0, 0, 0, 0.002
GemmA1, 0, 0, 0.005, 0.006, 0, 0, 0, 0, 0.004
Gold1, 0, 0, 0.009, 0.006, 0, 0, 0, 0, 0.003
Gold2, 0, 0, 0.006, 0.006, 0, 0, 0, 0, 0
Hydr1, 0, 0, 0.003, 0.003, 0, 0, 0, 0, 0.002
Hydr2, 0, 0, 0.008, 0.01, 0, 0, 0, 0, 0.007
J088X1, 0, 0.001, 0.38, 0.191, 0, 0, 0, 0, 0.007
KSB1X1, 0, 0, 0.005, 0.005, 0, 0, 0, 0, 0.005
KSB1X2, 0, 0, 0.005, 0.007, 0, 0, 0, 0, 0.004
KSB1X3, 0, 0, 0.002, 0.002, 0, 0, 0, 0, 0.002
KSB1X4, 0, 0, 0.006, 0.006, 0, 0, 0, 0, 0.005
Krum1, 0, 0, 0.001, 0.001, 0, 0, 0, 0, 0.001
Late1, 0, 0, 0.005, 0.005, 0, 0, 0, 0, 0.005
Late2, 0, 0, 0.009, 0.009, 0, 0, 0, 0, 0.009
Late3, 0, 0, 0.004, 0.005, 0, 0, 0, 0, 0.004
Lind1, 1, 0, 0.008, 0.095, 1, 0, 1, 0.67, 0.335
Lind2, 0, 0.001, 0.68, 0.054, 0, 0, 0, 0, 0.006
Lind4, 0, 0, 0.603, 0.056, 0, 0, 0, 0, 0.004
Marg1, 0, 0, 0.006, 0.006, 0, 0, 0, 0, 0.006
Marg2, 0, 0, 0.004, 0.004, 0, 0, 0, 0, 0.004
Marg6, 0, 0, 0.005, 0.007, 0, 0, 0, 0, 0.005
Marg7, 0, 0, 0.007, 0.008, 0, 0, 0, 0, 0.007
Mari1, 0, 0, 0.01, 0.01, 0, 0, 0, 0, 0.009
Mari2, 0, 0, 0.005, 0.006, 0, 0, 0, 0, 0.003
Mari3, 0, 0, 0.005, 0.006, 0, 0, 0, 0, 0.003
Mari5, 0, 0, 0.007, 0.007, 0, 0, 0, 0, 0.006
Mari6, 0, 0, 0.004, 0.003, 0, 0, 0, 0, 0.003
Meth1, 0, 0, 0.007, 0.005, 0, 0, 0, 0, 0.005
Meth2, 0, 0, 0.006, 0.006, 0, 0, 0, 0, 0.004
Meth3, 0, 0, 0.003, 0.004, 0, 0, 0, 0, 0.003
Meth4, 0, 0, 0.003, 0.003, 0, 0, 0, 0, 0.003
Meth5, 0, 0, 0.007, 0.009, 0, 0, 0, 0, 0.006
Muir1, 0, 0, 0.008, 0.011, 0, 0, 0, 0, 0.005
MyxA1, 0, 0, 0.011, 0.01, 0, 0, 0, 0, 0.005
MyxA2, 0, 0, 0.006, 0.004, 0, 0, 0, 0, 0.001
MyxA3, 0, 0, 0.011, 0.009, 0, 0, 0, 0, 0.006
MyxA4, 0, 0, 0.029, 0.021, 0, 0, 0, 0, 0.007
Myxo1, 0, 0, 0.011, 0.013, 0, 0, 0, 0, 0.005
Myxo10, 0, 0, 0.07, 0.033, 0, 0, 0, 0, 0.007
Myxo11, 1, 0, 0.009, 0.007, 1, 0, 1, 0.999, 0.003
Myxo13, 1, 0, 0.013, 0.014, 1, 0, 1, 0.998, 0.007
Myxo14, 0, 0, 0.014, 0.01, 0, 0, 0, 0, 0.005
Myxo15, 0, 0, 0.234, 0.047, 0, 0, 0, 0, 0.004
Myxo17, 1, 0, 0.011, 0.009, 1, 0, 1, 0.996, 0.006
Myxo18, 1, 0.005, 0.01, 0.372, 1, 0, 1, 0.227, 0.775
Myxo19, 1, 0, 0.012, 0.014, 1, 0, 1, 0.996, 0.007
Myxo2, 0, 0, 0.012, 0.01, 0, 0, 0, 0, 0.006
Myxo3, 0, 0, 0.033, 0.022, 0, 0, 0, 0, 0.012
Myxo5, 1, 0.004, 0.012, 0.221, 1, 0, 1, 0.083, 0.923
Myxo6, 0, 0, 0.015, 0.013, 0, 0, 0, 0, 0.006
Myxo7, 0, 0, 0.032, 0.021, 0, 0, 0, 0, 0.006
Myxo8, 0, 0.001, 0.03, 0.022, 0, 0, 0, 0, 0.003
Myxo9, 0, 0, 0.025, 0.018, 0, 0, 0, 0, 0.007
NPL1, 0, 0, 0.013, 0.013, 0, 0, 0, 0, 0.006
Nitr1, 1, 0.002, 0.015, 0.185, 1, 0, 1, 0.033, 0.972
Nitr10, 0, 0, 0.008, 0.008, 0, 0, 0, 0, 0.004
Nitr11, 0, 0, 0.006, 0.006, 0, 0, 0, 0, 0.002
Nitr12, 0, 0, 0.003, 0.003, 0, 0, 0, 0, 0.003
Nitr13, 0, 0, 0.005, 0.005, 0, 0, 0, 0, 0.004
Nitr14, 0, 0, 0.005, 0.012, 0, 0, 0, 0, 0.005
Nitr15, 0, 0, 0.005, 0.005, 0, 0, 0, 0, 0.001
Nitr16, 0, 0, 0.011, 0.01, 0, 0, 0, 0, 0.007
Nitr17, 0, 0, 0.007, 0.004, 0, 0, 0, 0, 0.003
Nitr2, 0, 0, 0.002, 0.002, 0, 0, 0, 0, 0.001
Nitr3, 0, 0, 0.009, 0.008, 0, 0, 0, 0, 0.008
Nitr4, 0, 0, 0.004, 0.008, 0, 0, 0, 0, 0.003
Nitr5, 0, 0, 0.01, 0.01, 0, 0, 0, 0, 0.006
Nitr6, 0, 0, 0.009, 0.009, 0, 0, 0, 0, 0.005
Nitr7, 0, 0, 0.008, 0.007, 0, 0, 0, 0, 0.006
Nitr8, 0, 0, 0.014, 0.009, 0, 0, 0, 0, 0.007
Nitr9, 0, 0, 0.009, 0.008, 0, 0, 0, 0, 0.007
Nits1, 0, 0, 0.006, 0.007, 0, 0, 0, 0, 0.003
Nits2, 0, 0, 0.011, 0.006, 0, 0, 0, 0, 0.005
Nits3, 0, 0, 0.005, 0.004, 0, 0, 0, 0, 0.002
Nits4, 0, 0, 0.01, 0.009, 0, 0, 0, 0, 0.004
NitsA1, 0, 0, 0.01, 0.011, 0, 0, 0, 0, 0.002
NitsA2, 0, 0, 0.012, 0.007, 0, 0, 0, 0, 0.004
NitsA3, 0, 0, 0.007, 0.003, 0, 0, 0, 0, 0.003
Node_AABM5X1_AABM5X2_0, 0.001, 0, 0.007, 0.009, 0.001, 0, 0.001, 0.001, 0.006
Node_AABM5X1_AABM5X3_0, 0.002, 0, 0.001, 0.001, 0.002, 0, 0.002, 0, 0.002
Node_Acid11_Acid16_0, 0.003, 0, 0.013, 0.008, 0.003, 0, 0.003, 0.003, 0.001
Node_Acid11_Acid31_0, 0.001, 0, 0.006, 0.011, 0.001, 0, 0.001, 0, 0.004
Node_Acid12_Acid13_0, 0.001, 0, 0.012, 0.011, 0.001, 0, 0.001, 0, 0.009
Node_Acid1_Acid17_0, 0.023, 0, 0.439, 0.061, 0.023, 0, 0.023, 0.019, 0.006
Node_Acid1_Acid3_0, 0.456, 0.001, 0.007, 0.064, 0.45, 0, 0.456, 0.317, 0.143
Node_Acid23_Acid12_0, 0.004, 0, 0.006, 0.005, 0.004, 0, 0.004, 0.002, 0.002
Node_Acid29_Acid27_0, 0.001, 0, 0.004, 0.006, 0.001, 0, 0.001, 0, 0.004
Node_Acid2_Acid11_0, 0.015, 0.001, 0.108, 0.027, 0.015, 0, 0.015, 0.014, 0
Node_Acid2_Acid18_0, 0.004, 0, 0.011, 0.005, 0.004, 0, 0.004, 0.004, 0
Node_Acid32_Acid25_0, 0.032, 0, 0.01, 0.011, 0.032, 0, 0.032, 0.007, 0.031
Node_Acid32_Acid26_0, 0.166, 0, 0.007, 0.01, 0.166, 0, 0.166, 0.029, 0.141
Node_Acid34_Acid22_0, 0.002, 0, 0.223, 0.007, 0.002, 0, 0.002, 0.001, 0.001
Node_Acid34_Acid24_0, 0.002, 0, 0.007, 0.007, 0.002, 0, 0.002, 0, 0.007
Node_Acid34_Acid29_0, 0.001, 0, 0.005, 0.004, 0.001, 0, 0.001, 0, 0.003
Node_Acid34_Acid33_0, 0.003, 0, 0.005, 0.005, 0.003, 0, 0.003, 0.001, 0.006
Node_Acid37_Acid21_0, 0.001, 0, 0.013, 0.007, 0.001, 0, 0.001, 0, 0.003
Node_Acid37_Acid30_0, 0.001, 0, 0.003, 0.005, 0.001, 0, 0.001, 0, 0.003
Node_Acid37_Acid32_0, 0.011, 0.001, 0.014, 0.01, 0.01, 0, 0.011, 0.005, 0.005
Node_Acid38_Acid10_0, 0.233, 0, 0.01, 0.011, 0.233, 0, 0.233, 0.217, 0.019
Node_Acid38_Acid1_0, 0.319, 0.001, 0.007, 0.019, 0.316, 0, 0.319, 0.146, 0.173
Node_Acid38_Acid2_0, 0.122, 0.001, 0.031, 0.035, 0.121, 0, 0.122, 0.113, 0.009
Node_Acid38_Acid34_0, 0.224, 0, 0.101, 0.02, 0.224, 0, 0.224, 0.219, 0.006
Node_Acid38_Acid36_0, 1.003, 0.003, 0.003, 0.002, 1, 0, 1.003, 0.997, 0.001
Node_Acid38_Acid40_0, 1.002, 0.001, 0.004, 0.037, 1, 0, 1.002, 0.373, 0.631
Node_Acid38_Acid4_0, 0.28, 0, 0.009, 0.013, 0.278, 0, 0.28, 0.23, 0.056
Node_Acid38_Acid5_0, 0.152, 0.001, 0.008, 0.016, 0.15, 0, 0.152, 0.114, 0.037
Node_Acid38_Acid7_0, 0.374, 0, 0.013, 0.044, 0.374, 0, 0.374, 0.269, 0.107
Node_Acid38_Acid8_0, 0.143, 0, 0.064, 0.064, 0.142, 0.001, 0.143, 0.142, 0.001
Node_Acid38_B130X1_0, 0.205, 0.002, 0.454, 0.17, 0.203, 0, 0.205, 0.202, 0
Node_Acid39_Acid35_0, 0.28, 0.002, 0.008, 0.118, 0.28, 0, 0.28, 0.003, 0.279
Node_Acid3_Acid14_0, 1.169, 0, 0.009, 0.054, 0.959, 0, 1.169, 0.988, 0.182
Node_Acid3_Acid6_0, 0.996, 0.005, 0.011, 0.271, 0.949, 0, 0.996, 0.454, 0.546
Node_Acid40_Acid20_0, 1.004, 0, 0.005, 0.005, 1, 0, 1.004, 1, 0.007
Node_Acid5_Acid23_0, 0.008, 0, 0.012, 0.01, 0.007, 0, 0.008, 0.007, 0.001
Node_Acid5_Acid37_0, 0.019, 0, 0.14, 0.02, 0.018, 0, 0.019, 0.014, 0.007
Node_Acid6_Acid28_0, 0.957, 0, 0.06, 0.02, 0.954, 0, 0.957, 0.943, 0.021
Node_Acid8_Acid9_0, 0.017, 0, 0.126, 0.038, 0.017, 0, 0.017, 0.017, 0
Node_Acid9_Acid39_0, 0.007, 0, 0.016, 0.015, 0.007, 0, 0.007, 0.003, 0.006
Node_Acti10_Acti11_0, 0.128, 0.002, 0.022, 0.061, 0.123, 0, 0.128, 0.086, 0.038
Node_Acti10_Acti25_0, 0.223, 0.005, 0.012, 0.077, 0.214, 0, 0.223, 0.115, 0.102
Node_Acti10_Acti26_0, 0.11, 0.002, 0.164, 0.089, 0.107, 0, 0.11, 0.101, 0.006
Node_Acti10_Acti31_0, 0.184, 0.002, 0.085, 0.102, 0.173, 0, 0.184, 0.141, 0.044
Node_Acti10_Acti3_0, 0.23, 0, 0.26, 0.089, 0.225, 0, 0.23, 0.08, 0.154
Node_Acti10_Acti7_0, 0.336, 0.002, 0.015, 0.152, 0.32, 0, 0.336, 0.171, 0.165
Node_Acti11_Acti22_0, 0.01, 0, 0.122, 0.037, 0.01, 0, 0.01, 0.008, 0.004
Node_Acti12_Acti21_0, 1.002, 0.004, 1.007, 0.215, 1, 0, 1.002, 0.598, 0.406
Node_Acti12_Acti48_0, 1.599, 0.002, 0.021, 0.08, 1, 0, 1.599, 1.497, 0.108
Node_Acti14_Acti33_0, 0.932, 0.004, 0.381, 0.288, 0.876, 0, 0.932, 0.917, 0.011
Node_Acti14_Acti34_0, 0.164, 0, 0.777, 0.322, 0.164, 0, 0.164, 0.161, 0.009
Node_Acti14_Acti6_0, 0.051, 0, 0.121, 0.121, 0.051, 0, 0.051, 0.047, 0.008
Node_Acti18_Acti16_0, 0.008, 0, 0.057, 0.055, 0.008, 0, 0.008, 0.007, 0.005
Node_Acti18_Acti4_0, 0.06, 0, 0.433, 0.199, 0.06, 0, 0.06, 0.06, 0.002
Node_Acti19_Acti13_0, 0.244, 0, 0.132, 0.04, 0.241, 0, 0.244, 0.242, 0.004
Node_Acti19_Acti23_0, 0.322, 0.002, 0.016, 0.04, 0.321, 0, 0.322, 0.23, 0.092
Node_Acti19_Acti42_0, 0.12, 0, 0.006, 0.033, 0.12, 0, 0.12, 0.114, 0.007
Node_Acti19_Acti49_0, 0.372, 0.056, 0.003, 0.105, 0.31, 0, 0.372, 0.134, 0.154
Node_Acti19_Acti8_0, 0.165, 0.01, 0.003, 0.051, 0.156, 0, 0.165, 0.114, 0.038
Node_Acti33_Acti35_0, 0.881, 0.004, 0.075, 0.153, 0.877, 0, 0.881, 0.862, 0.02
Node_Acti43_Acti36_0, 0.841, 0, 1.09, 0.273, 0.744, 0, 0.841, 0.774, 0.069
Node_Acti46_Acti41_0, 1.978, 0.003, 0.507, 0.303, 1, 0, 1.978, 1.965, 0.01
Node_Acti47_Acti45_0, 0.825, 0, 1.799, 0.204, 0.791, 0, 0.825, 0.792, 0.036
Node_Acti49_Acti15_0, 1.3, 0.175, 0.012, 0.276, 0.992, 0, 1.3, 0.47, 0.607
Node_Acti49_Acti32_0, 1.78, 0.002, 0.013, 0.126, 1, 0, 1.78, 1.73, 0.05
Node_Acti49_Acti38_0, 1.741, 0.316, 0.027, 0.323, 1, 0, 1.741, 0.968, 0.152
Node_Acti49_Acti40_0, 0.53, 0.022, 0.012, 0.064, 0.441, 0, 0.53, 0.352, 0.148
Node_Acti50_Acti10_0, 0.266, 0.017, 0.003, 0.083, 0.248, 0, 0.266, 0.145, 0.1
Node_Acti50_Acti14_0, 1.298, 0.297, 0.021, 0.682, 0.921, 0, 1.298, 0.423, 0.531
Node_Acti50_Acti18_0, 0.491, 0.058, 0.012, 0.152, 0.412, 0, 0.491, 0.24, 0.179
Node_Acti50_Acti19_0, 0.119, 0.001, 0, 0.023, 0.118, 0, 0.119, 0.034, 0.084
Node_Acti50_Acti20_0, 0.006, 0, 0.001, 0.001, 0.006, 0, 0.006, 0.002, 0.005
Node_Acti50_Acti28_0, 2.09, 0.046, 0.746, 0.196, 0.997, 0, 2.09, 1.816, 0.202
Node_Acti50_Acti39_0, 0.152, 0.002, 0.002, 0.049, 0.15, 0, 0.152, 0.117, 0.033
Node_Acti50_Acti43_0, 1.862, 0.398, 0.039, 0.702, 0.968, 0, 1.862, 0.922, 0.205
Node_Acti50_Acti46_0, 2.472, 0.07, 0.016, 0.354, 1, 0, 2.472, 1.809, 0.556
Node_Acti50_Acti47_0, 2.588, 0.006, 0.092, 0.22, 1, 0, 2.588, 2.529, 0.051
Node_Acti50_Acti51_0, 0.034, 0, 0.001, 0.008, 0.034, 0, 0.034, 0.006, 0.029
Node_Acti50_Acti52_0, 2.623, 0.123, 0.044, 0.178, 1, 0, 2.623, 2.31, 0.072
Node_Acti50_FirmF1_0, 0.002, 0, 0.002, 0, 0.002, 0, 0.002, 0.002, 0
Node_Acti51_Acti27_0, 0.001, 0, 0.007, 0.007, 0.001, 0, 0.001, 0, 0.005
Node_Acti51_Acti9_0, 0.003, 0, 0.032, 0.01, 0.003, 0, 0.003, 0.003, 0.001
Node_Acti52_Acti12_0, 1.51, 0.005, 0.789, 0.077, 0.999, 0, 1.51, 1.412, 0.09
Node_Acti52_Acti37_0, 2.204, 0.001, 0.456, 0.096, 0.999, 0, 2.204, 2.17, 0.036
Node_Acti52_Acti44_0, 1.018, 0, 0.498, 0.055, 0.998, 0, 1.018, 1.016, 0.006
Node_Acti8_Acti24_0, 0.005, 0, 0.013, 0.013, 0.005, 0, 0.005, 0.002, 0.009
Node_Acti8_Acti2_0, 0.025, 0, 0.142, 0.031, 0.024, 0, 0.025, 0.025, 0.002
Node_Acti8_Acti5_0, 0.009, 0, 0.018, 0.02, 0.009, 0, 0.009, 0.009, 0.002
Node_Acti9_Acti29_0, 0, 0, 0.002, 0.002, 0, 0, 0, 0, 0.001
Node_Acti9_Acti30_0, 0.001, 0, 0.007, 0.009, 0.001, 0, 0.001, 0.001, 0.005
Node_Aero1_NPL1_0, 0.007, 0, 0.022, 0.009, 0.007, 0, 0.007, 0.007, 0
Node_Aero1_UBA6X1_0, 0.152, 0.001, 0.121, 0.087, 0.151, 0, 0.152, 0.149, 0.001
Node_Aero1_UBA9X1_0, 0.029, 0, 0.123, 0.065, 0.029, 0, 0.029, 0.029, 0
Node_Aqui2_Aqui1_0, 0.001, 0, 0.006, 0.007, 0.001, 0, 0.001, 0, 0.007
Node_Aqui2_Aqui3_0, 0.017, 0, 0.066, 0.044, 0.016, 0, 0.017, 0.017, 0
Node_Aqui2_Aqui5_0, 0, 0, 0.008, 0.003, 0, 0, 0, 0, 0.001
Node_Aqui2_Aqui6_0, 0.007, 0, 0.014, 0.018, 0.007, 0, 0.007, 0.006, 0.004
Node_Aqui2_Camp1_0, 0.457, 0.005, 0.035, 0.139, 0.451, 0, 0.457, 0.449, 0
Node_Aqui2_Thers1_0, 0.083, 0.001, 0.376, 0.128, 0.082, 0, 0.083, 0.082, 0.001
Node_Aqui6_Aqui4_0, 0, 0, 0.012, 0.012, 0, 0, 0, 0, 0.005
Node_Arma12_Arma11_0, 0, 0, 0.003, 0.003, 0, 0, 0, 0, 0.003
Node_Arma12_Arma7_0, 0.005, 0, 0.002, 0.003, 0.005, 0, 0.005, 0, 0.007
Node_Arma15_Arma13_0, 0.003, 0, 0.199, 0.029, 0.003, 0, 0.003, 0.002, 0.012
Node_Arma4_Acti50_0, 0.004, 0, 0.008, 0.004, 0.004, 0.001, 0.004, 0.004, 0
Node_Arma4_Arma14_0, 0.001, 0, 0.003, 0.003, 0.001, 0, 0.001, 0, 0.004
Node_Arma4_Arma6_0, 0, 0, 0.001, 0.003, 0, 0, 0, 0, 0
Node_Arma4_CSP1X1_0, 0.001, 0, 0.002, 0.002, 0.001, 0, 0.001, 0.001, 0.001
Node_Arma4_Erem6_0, 0.001, 0, 0, 0, 0.001, 0, 0.001, 0.001, 0
Node_Arma4_Pate48_0, 0.002, 0, 0.002, 0, 0.002, 0, 0.002, 0.002, 0
Node_Arma4_UBP13X1_0, 0.001, 0, 0.001, 0.002, 0.001, 0, 0.001, 0, 0.001
Node_Arma6_Arma15_0, 0.19, 0.001, 0.007, 0.024, 0.19, 0, 0.19, 0.049, 0.145
Node_Arma6_Arma16_0, 0.01, 0, 0.005, 0.011, 0.01, 0, 0.01, 0.002, 0.013
Node_Arma6_Arma3_0, 0.002, 0, 0.002, 0.004, 0.002, 0, 0.002, 0, 0.004
Node_Arma6_Arma9_0, 0.051, 0, 0.004, 0.013, 0.051, 0, 0.051, 0.008, 0.045
Node_Aure2_Aure1_0, 0.003, 0, 0.023, 0.012, 0.003, 0, 0.003, 0.002, 0.001
Node_Bact1_Bact11_0, 0.002, 0, 0.006, 0.005, 0.002, 0, 0.002, 0, 0.006
Node_Bact1_Bact17_0, 0.002, 0, 0.007, 0.008, 0.002, 0, 0.002, 0, 0.006
Node_Bact20_Bact1_0, 0.003, 0, 0.001, 0, 0.003, 0, 0.003, 0, 0.003
Node_Bact20_Bact30_0, 0, 0, 0.004, 0.003, 0, 0, 0, 0, 0.001
Node_Bact21_Bact29_0, 1.043, 0.002, 0.381, 0.154, 1, 0, 1.043, 0.938, 0.104
Node_Bact21_Bact36_0, 1.318, 0.001, 0.22, 0.143, 0.965, 0, 1.318, 1.278, 0.041
Node_Bact21_Bact44_0, 1.496, 0.006, 0.02, 0.169, 0.969, 0, 1.496, 1.154, 0.337
Node_Bact22_Bact31_0, 0.004, 0, 0.011, 0.008, 0.004, 0, 0.004, 0.003, 0.002
Node_Bact22_Bact5_0, 0.013, 0, 0.067, 0.034, 0.013, 0, 0.013, 0.01, 0.008
Node_Bact23_Bact28_0, 0.246, 0, 0.007, 0.051, 0.246, 0, 0.246, 0.069, 0.182
Node_Bact23_Bact34_0, 0.071, 0, 0.001, 0.017, 0.071, 0, 0.071, 0.012, 0.06
Node_Bact23_Bact4_0, 0.012, 0, 0.006, 0.006, 0.012, 0, 0.012, 0.004, 0.012
Node_Bact24_Bact23_0, 0.006, 0, 0.004, 0.006, 0.006, 0, 0.006, 0.004, 0.004
Node_Bact24_Bact25_0, 0.004, 0, 0.006, 0.005, 0.004, 0, 0.004, 0.003, 0.004
Node_Bact24_Bact3_0, 0.006, 0, 0.005, 0.003, 0.006, 0, 0.006, 0.002, 0.004
Node_Bact24_Bact7_0, 0.007, 0, 0.024, 0.008, 0.007, 0, 0.007, 0.005, 0.003
Node_Bact25_Bact20_0, 0.001, 0, 0.004, 0.004, 0.001, 0, 0.001, 0, 0.003
Node_Bact25_Bact2_0, 0.002, 0, 0.007, 0.011, 0.002, 0, 0.002, 0.001, 0.005
Node_Bact27_Bact19_0, 1.087, 0.006, 0.124, 0.259, 0.925, 0, 1.087, 1.048, 0.032
Node_Bact27_Bact21_0, 1.173, 0.045, 0.014, 0.618, 0.924, 0, 1.173, 0.357, 0.77
Node_Bact27_Bact22_0, 0.072, 0, 0, 0.033, 0.072, 0, 0.072, 0.028, 0.044
Node_Bact27_Bact24_0, 0.028, 0, 0.002, 0.014, 0.028, 0, 0.028, 0.009, 0.019
Node_Bact27_Bact35_0, 0.586, 0.014, 0.567, 0.378, 0.548, 0, 0.586, 0.514, 0.052
Node_Bact27_Bact37_0, 0.372, 0.015, 0.004, 0.194, 0.354, 0, 0.372, 0.068, 0.289
Node_Bact27_Bact40_0, 1.132, 0.335, 0.074, 0.395, 0.785, 0, 1.132, 0.318, 0.285
Node_Bact27_Mari3_0, 0.011, 0, 0.001, 0.003, 0.011, 0, 0.011, 0.003, 0.008
Node_Bact29_Bact9_0, 1.001, 0, 0.047, 0.028, 0.994, 0, 1.001, 1, 0.005
Node_Bact30_Bact32_0, 0.001, 0, 0.002, 0.002, 0.001, 0, 0.001, 0, 0.003
Node_Bact31_Bact38_0, 0.002, 0, 0.004, 0.003, 0.002, 0, 0.002, 0.002, 0.002
Node_Bact33_Bact10_0, 0.004, 0, 0.012, 0.014, 0.004, 0, 0.004, 0.002, 0.009
Node_Bact33_Bact39_0, 0.004, 0.001, 0.011, 0.013, 0.004, 0, 0.004, 0.001, 0.01
Node_Bact33_Bact6_0, 0.007, 0, 0.05, 0.031, 0.007, 0, 0.007, 0.005, 0.003
Node_Bact36_Bact43_0, 0.469, 0.001, 0.93, 0.139, 0.461, 0, 0.469, 0.391, 0.08
Node_Bact37_Bact33_0, 0.054, 0, 0.321, 0.129, 0.054, 0, 0.054, 0.053, 0.003
Node_Bact37_Bact42_0, 0.006, 0, 0.053, 0.03, 0.006, 0, 0.006, 0.004, 0.005
Node_Bact3_Bact12_0, 0.002, 0, 0.007, 0.004, 0.002, 0, 0.002, 0.001, 0.003
Node_Bact3_Bact13_0, 0.001, 0.001, 0.006, 0.007, 0.001, 0, 0.001, 0, 0.004
Node_Bact3_Bact14_0, 0.001, 0, 0.004, 0.004, 0.001, 0, 0.001, 0.001, 0.004
Node_Bact3_Bact18_0, 0.002, 0, 0.002, 0.003, 0.002, 0, 0.002, 0.002, 0.002
Node_Bact40_Bact41_0, 1.377, 0.003, 0.021, 0.11, 0.998, 0, 1.377, 1.112, 0.263
Node_Bact5_Bact16_0, 0, 0, 0.015, 0.009, 0, 0, 0, 0, 0.002
Node_Bact7_Bact8_0, 0.003, 0, 0.012, 0.009, 0.003, 0, 0.003, 0.002, 0.008
Node_Bdell12_Bdell3_0, 1.006, 0.006, 0.018, 0.348, 0.998, 0, 1.006, 0.262, 0.739
Node_Bdell13_Bdell12_0, 0.279, 0.002, 0.085, 0.131, 0.271, 0, 0.279, 0.112, 0.169
Node_Bdell14_Bdell11_0, 0.003, 0, 0.009, 0.011, 0.003, 0, 0.003, 0, 0.007
Node_Bdell14_Bdell4_0, 0.004, 0, 0.006, 0.004, 0.004, 0, 0.004, 0.001, 0.007
Node_Bdell15_Bdell14_0, 0.005, 0, 0.01, 0.007, 0.005, 0, 0.005, 0.004, 0.003
Node_Bdell15_Bdell7_0, 0, 0, 0.007, 0.005, 0, 0, 0, 0, 0.002
Node_Bdell15_Bdell9_0, 0, 0, 0.007, 0.007, 0, 0, 0, 0, 0.007
Node_Bdell17_Bdell15_0, 0.012, 0.001, 0.029, 0.028, 0.012, 0, 0.012, 0.01, 0.002
Node_Bdell17_Bdell16_0, 0.005, 0, 0.012, 0.012, 0.004, 0, 0.005, 0.002, 0.005
Node_Bdell2_Bdell10_0, 0.003, 0, 0.016, 0.012, 0.003, 0, 0.003, 0.002, 0.005
Node_Bdell6_Bdell17_0, 0.038, 0, 0.192, 0.048, 0.038, 0, 0.038, 0.038, 0.001
Node_Bdell6_Bdell2_0, 0.014, 0, 0.03, 0.023, 0.014, 0, 0.014, 0.011, 0.006
Node_Bdell6_UBA1X6_0, 0.229, 0.001, 0.078, 0.077, 0.229, 0, 0.229, 0.221, 0.009
Node_Bdell7_Bdell5_0, 0.001, 0, 0.003, 0.003, 0.001, 0, 0.001, 0, 0.004
Node_BdellC1_BdellC2_0, 0.008, 0, 0.022, 0.012, 0.008, 0, 0.008, 0.005, 0.007
Node_Bipo1_Bipo2_0, 0.004, 0, 0, 0.002, 0.004, 0, 0.004, 0.002, 0.002
Node_Bipo1_Therg8_0, 0.002, 0, 0.002, 0.003, 0.002, 0, 0.002, 0.002, 0
Node_CG294X1_CG267X1_0, 0.011, 0, 0.046, 0.034, 0.011, 0, 0.011, 0.01, 0.001
Node_Calda2_Calda1_0, 0.002, 0, 0.003, 0.002, 0.002, 0, 0.002, 0.001, 0.001
Node_Caldit2_Caldit1_0, 0.002, 0, 0.008, 0.009, 0.002, 0, 0.002, 0, 0.008
Node_Caldit2_Caldit3_0, 0.002, 0, 0.004, 0.003, 0.002, 0, 0.002, 0.001, 0.003
Node_Camp14_Camp15_0, 0.909, 0, 0.082, 0.081, 0.897, 0, 0.909, 0.882, 0.032
Node_Camp1_Camp2_0, 1.077, 0.036, 0.007, 0.201, 0.971, 0, 1.077, 0.503, 0.521
Node_Camp1_Camp3_0, 0.992, 0.001, 0.1, 0.104, 0.97, 0, 0.992, 0.981, 0.014
Node_Camp1_Camp9_0, 0.527, 0.009, 0.009, 0.121, 0.511, 0, 0.527, 0.447, 0.067
Node_Camp1_UBP6X1_0, 0.46, 0.001, 0.018, 0.115, 0.453, 0, 0.46, 0.438, 0.02
Node_Camp2_Camp11_0, 1.326, 0.082, 0.018, 0.561, 0.976, 0, 1.326, 0.993, 0.185
Node_Camp2_Camp13_0, 0.947, 0, 0.812, 0.176, 0.901, 0, 0.947, 0.939, 0.011
Node_Camp2_Camp4_0, 1.748, 0.009, 0.035, 0.229, 0.998, 0, 1.748, 1.621, 0.119
Node_Camp2_Camp5_0, 1.687, 0.491, 0.199, 0.467, 0.994, 0, 1.687, 0.728, 0.069
Node_Camp2_Camp7_0, 1.655, 0.025, 0.16, 0.103, 0.998, 0, 1.655, 1.509, 0.103
Node_Camp4_Camp16_0, 1.771, 0, 0.017, 0.179, 0.997, 0, 1.771, 1.733, 0.04
Node_Camp5_Camp10_0, 1.335, 0.073, 0.018, 0.199, 0.946, 0, 1.335, 1.077, 0.123
Node_Camp5_Camp12_0, 1.157, 0.079, 0.634, 0.251, 0.917, 0, 1.157, 0.986, 0.025
Node_Camp7_Camp14_0, 0.959, 0, 0.705, 0.206, 0.887, 0, 0.959, 0.954, 0.009
Node_Camp9_Camp6_0, 0.055, 0, 0.476, 0.148, 0.055, 0, 0.055, 0.054, 0.004
Node_Chlo12_Chlo24_0, 0.001, 0, 0.003, 0.004, 0.001, 0, 0.001, 0, 0.002
Node_Chlo26_Chlo11_0, 0.003, 0, 0.004, 0.005, 0.003, 0, 0.003, 0.001, 0.006
Node_Chlo26_Chlo9_0, 0.001, 0, 0.003, 0.001, 0.001, 0, 0.001, 0, 0.002
Node_Chlo30_Chlo20_0, 0.001, 0, 0.005, 0.004, 0.001, 0, 0.001, 0, 0.003
Node_Chlo30_Chlo23_0, 0.003, 0, 0.002, 0.004, 0.003, 0, 0.003, 0, 0.004
Node_Chlo30_Chlo36_0, 0.001, 0, 0.005, 0.006, 0.001, 0, 0.001, 0, 0.004
Node_Chlo30_Chlo37_0, 0.002, 0, 0.004, 0.004, 0.002, 0, 0.002, 0.001, 0.005
Node_Chlo30_Chlo38_0, 0.002, 0, 0.002, 0.004, 0.002, 0, 0.002, 0, 0.003
Node_Chlo30_Chlo41_0, 0.008, 0, 0.002, 0.003, 0.008, 0, 0.008, 0.001, 0.008
Node_Chlo30_Chlo43_0, 0.004, 0, 0.006, 0.003, 0.004, 0, 0.004, 0.003, 0.002
Node_Chlo30_Chlo6_0, 0.002, 0, 0.005, 0.002, 0.002, 0, 0.002, 0.001, 0.003
Node_Chlo30_Dorm2_0, 0.001, 0, 0.001, 0.002, 0.001, 0, 0.001, 0.001, 0
Node_Chlo31_Chlo25_0, 0.001, 0, 0.011, 0.014, 0.001, 0, 0.001, 0, 0.01
Node_Chlo35_Chlo21_0, 0.001, 0, 0.003, 0.006, 0.001, 0, 0.001, 0, 0.004
Node_Chlo36_Chlo13_0, 0.001, 0, 0.007, 0.006, 0.001, 0, 0.001, 0, 0.006
Node_Chlo36_Chlo14_0, 0.002, 0, 0.003, 0.004, 0.002, 0, 0.002, 0, 0.005
Node_Chlo36_Chlo28_0, 0, 0, 0.003, 0.005, 0, 0, 0, 0, 0.003
Node_Chlo36_Chlo33_0, 0, 0, 0.003, 0.003, 0, 0, 0, 0, 0.003
Node_Chlo36_Chlo40_0, 0.001, 0, 0.007, 0.007, 0.001, 0, 0.001, 0, 0.007
Node_Chlo36_Chlo5_0, 0.002, 0, 0.004, 0.005, 0.002, 0, 0.002, 0.001, 0.004
Node_Chlo36_Chlo8_0, 0, 0, 0.002, 0.001, 0, 0, 0, 0, 0.001
Node_Chlo38_Chlo19_0, 0.002, 0, 0.003, 0.004, 0.002, 0, 0.002, 0.001, 0.003
Node_Chlo38_Chlo31_0, 0.002, 0, 0.002, 0.005, 0.002, 0, 0.002, 0.001, 0.002
Node_Chlo41_Chlo29_0, 0.038, 0, 0.004, 0.014, 0.038, 0, 0.038, 0.009, 0.032
Node_Chlo41_Chlo32_0, 0.161, 0, 0, 0.033, 0.16, 0, 0.161, 0.038, 0.123
Node_Chlo41_Chlo39_0, 0.003, 0, 0.009, 0.011, 0.003, 0, 0.003, 0.001, 0.006
Node_Chlo41_Chlo44_0, 0.019, 0, 0.145, 0.031, 0.019, 0, 0.019, 0.018, 0.003
Node_Chlo41_Chlo4_0, 0.01, 0, 0.003, 0.009, 0.01, 0, 0.01, 0.005, 0.005
Node_Chlo41_Chlo7_0, 0.006, 0, 0.018, 0.01, 0.006, 0, 0.006, 0.003, 0.005
Node_Chlo42_Chlo34_0, 0.001, 0, 0.005, 0.004, 0.001, 0, 0.001, 0, 0.005
Node_Chlo43_Chlo42_0, 0.001, 0, 0.003, 0.003, 0.001, 0, 0.001, 0, 0.002
Node_Chlo43_Chlo45_0, 0.002, 0, 0.004, 0.008, 0.002, 0, 0.002, 0.001, 0.002
Node_Chlo43_Chlo47_0, 0.002, 0, 0.006, 0.007, 0.002, 0, 0.002, 0, 0.006
Node_Chlo44_Chlo17_0, 0.002, 0, 0.008, 0.008, 0.002, 0, 0.002, 0, 0.005
Node_Chlo44_Chlo22_0, 0.005, 0, 0.016, 0.015, 0.005, 0, 0.005, 0.005, 0.002
Node_Chlo45_Chlo27_0, 0.003, 0, 0.004, 0.005, 0.003, 0, 0.003, 0.001, 0.005
Node_Chlo45_Chlo46_0, 0.004, 0, 0.006, 0.007, 0.004, 0, 0.004, 0.002, 0.007
Node_Chlo47_Chlo48_0, 0, 0, 0.008, 0.007, 0, 0, 0, 0, 0.006
Node_Chlo48_Chlo10_0, 0.001, 0, 0.007, 0.011, 0.001, 0, 0.001, 0, 0.008
Node_Chlo4_Chlo12_0, 0.002, 0, 0.009, 0.001, 0.002, 0, 0.002, 0.001, 0.001
Node_Chlo4_Chlo35_0, 0, 0, 0.002, 0, 0, 0, 0, 0, 0
Node_Chlo5_Chlo16_0, 0.001, 0, 0.004, 0.004, 0.001, 0, 0.001, 0, 0.003
Node_Chlo6_Chlo18_0, 0.002, 0, 0.005, 0.005, 0.002, 0, 0.002, 0.001, 0.005
Node_Chlo6_Chlo26_0, 0.002, 0, 0.002, 0.003, 0.002, 0, 0.002, 0.001, 0.002
Node_Chlo7_Chlo15_0, 0.008, 0, 0.006, 0.004, 0.008, 0, 0.008, 0.002, 0.008
Node_Chry1_Aqui2_0, 0.487, 0.01, 0.172, 0.204, 0.476, 0, 0.487, 0.468, 0.001
Node_Chry1_Defe3_0, 0.135, 0.004, 0.361, 0.213, 0.133, 0, 0.135, 0.124, 0.005
Node_Cyan10_Cyan35_0, 0, 0, 0.004, 0.005, 0, 0, 0, 0, 0.004
Node_Cyan10_Cyan45_0, 0, 0, 0.003, 0.004, 0, 0, 0, 0, 0.003
Node_Cyan10_Cyan46_0, 0, 0, 0.006, 0.004, 0, 0, 0, 0, 0.003
Node_Cyan11_Cyan26_0, 0.001, 0, 0.007, 0.007, 0.001, 0, 0.001, 0.001, 0.004
Node_Cyan12_Cyan13_0, 0.004, 0, 0.002, 0.003, 0.004, 0, 0.004, 0, 0.006
Node_Cyan13_Cyan18_0, 0.002, 0, 0.007, 0.007, 0.002, 0, 0.002, 0.001, 0.005
Node_Cyan14_Cyan15_0, 0.001, 0, 0.008, 0.004, 0.001, 0, 0.001, 0, 0.003
Node_Cyan14_Cyan16_0, 0.006, 0, 0.005, 0.006, 0.006, 0, 0.006, 0.001, 0.007
Node_Cyan14_Cyan23_0, 0.004, 0, 0.005, 0.005, 0.004, 0, 0.004, 0, 0.008
Node_Cyan16_Cyan29_0, 0.003, 0, 0.012, 0.011, 0.003, 0, 0.003, 0.001, 0.009
Node_Cyan19_Cyan22_0, 0.001, 0, 0.002, 0.001, 0.001, 0, 0.001, 0, 0.002
Node_Cyan19_Cyan47_0, 0.002, 0, 0.005, 0.004, 0.002, 0, 0.002, 0, 0.006
Node_Cyan28_chloroArabidopsis_0, 0, 0, 0.004, 0.008, 0, 0, 0, 0, 0.004
Node_Cyan2_Cyan1_0, 0.001, 0, 0.002, 0.002, 0.001, 0, 0.001, 0, 0.002
Node_Cyan31_Cyan34_0, 0, 0, 0.003, 0.002, 0, 0, 0, 0, 0.001
Node_Cyan33_Cyan21_0, 0.003, 0, 0.01, 0.011, 0.003, 0, 0.003, 0.002, 0.007
Node_Cyan38_Cyan28_0, 0, 0, 0.003, 0.001, 0, 0, 0, 0, 0.001
Node_Cyan40_Arma4_0, 0.011, 0, 0.012, 0.006, 0.011, 0, 0.011, 0.011, 0
Node_Cyan40_Cyan10_0, 0.003, 0, 0.006, 0.004, 0.003, 0, 0.003, 0.001, 0.005
Node_Cyan40_Cyan11_0, 0.004, 0, 0.006, 0.009, 0.004, 0, 0.004, 0, 0.008
Node_Cyan40_Cyan14_0, 0.001, 0, 0.001, 0.002, 0.001, 0, 0.001, 0, 0.001
Node_Cyan40_Cyan19_0, 0.001, 0, 0.001, 0.002, 0.001, 0, 0.001, 0, 0.002
Node_Cyan40_Cyan20_0, 0.001, 0, 0, 0, 0.001, 0, 0.001, 0, 0.001
Node_Cyan40_Cyan24_0, 0.004, 0, 0.002, 0.004, 0.004, 0, 0.004, 0.001, 0.005
Node_Cyan40_Cyan25_0, 0.002, 0, 0.006, 0.007, 0.002, 0, 0.002, 0, 0.005
Node_Cyan40_Cyan27_0, 0, 0, 0.008, 0.009, 0, 0, 0, 0, 0.004
Node_Cyan40_Cyan2_0, 0.001, 0, 0.002, 0.003, 0.001, 0, 0.001, 0.001, 0
Node_Cyan40_Cyan36_0, 0, 0, 0.002, 0.002, 0, 0, 0, 0, 0
Node_Cyan40_Cyan37_0, 0.001, 0, 0.003, 0.006, 0.001, 0, 0.001, 0, 0.002
Node_Cyan40_Cyan38_0, 0.002, 0, 0.002, 0.004, 0.002, 0, 0.002, 0, 0.003
Node_Cyan40_Cyan42_0, 0.002, 0, 0.004, 0.006, 0.002, 0, 0.002, 0, 0.005
Node_Cyan40_Cyan7_0, 0, 0, 0.001, 0, 0, 0, 0, 0, 0
Node_Cyan40_Marg1_0, 0.003, 0, 0, 0, 0.003, 0, 0.003, 0.003, 0
Node_Cyan40_Therd1_0, 0.003, 0, 0.008, 0.005, 0.003, 0, 0.003, 0.003, 0
Node_Cyan42_Cyan3_0, 0, 0, 0.005, 0.006, 0, 0, 0, 0, 0.003
Node_Cyan46_Cyan30_0, 0.002, 0, 0.001, 0.001, 0.002, 0, 0.002, 0, 0.003
Node_Cyan46_Cyan31_0, 0.002, 0, 0.004, 0.004, 0.002, 0, 0.002, 0, 0.004
Node_Cyan46_Cyan32_0, 0.002, 0, 0.003, 0.006, 0.002, 0, 0.002, 0, 0.004
Node_Cyan46_Cyan33_0, 0.006, 0, 0.004, 0.005, 0.006, 0, 0.006, 0, 0.008
Node_Cyan46_Cyan41_0, 0.001, 0, 0.008, 0.006, 0.001, 0, 0.001, 0, 0.003
Node_Cyan47_Cyan43_0, 0, 0, 0.005, 0.005, 0, 0, 0, 0, 0.003
Node_Cyan47_Cyan44_0, 0.002, 0, 0.002, 0.005, 0.002, 0, 0.002, 0, 0.004
Node_Cyan4_Cyan8_0, 0.004, 0, 0.001, 0.001, 0.004, 0, 0.004, 0, 0.005
Node_Cyan4_Cyan9_0, 0.003, 0, 0.006, 0.004, 0.003, 0, 0.003, 0, 0.005
Node_Cyan7_Cyan12_0, 0, 0, 0.001, 0.001, 0, 0, 0, 0, 0.001
Node_DTU0X1_SLNR1_0, 0, 0, 0.001, 0.002, 0, 0, 0, 0, 0.001
Node_Defe3_Defe1_0, 0.016, 0, 0.12, 0.073, 0.016, 0, 0.016, 0.016, 0.001
Node_Defe3_Defe2_0, 0.004, 0, 0.02, 0.016, 0.004, 0, 0.004, 0.003, 0.008
Node_Dein4_Dein2_0, 0.001, 0, 0.003, 0.003, 0.001, 0, 0.001, 0.001, 0.002
Node_Dein4_Dein6_0, 0.004, 0, 0.01, 0.012, 0.004, 0, 0.004, 0, 0.013
Node_Dein5_Bipo1_0, 0.004, 0, 0.004, 0.003, 0.004, 0.001, 0.004, 0.004, 0
Node_Dein5_Dein1_0, 0.002, 0, 0.009, 0.009, 0.002, 0, 0.002, 0.001, 0.008
Node_Dein5_Dein4_0, 0.002, 0, 0.006, 0.006, 0.002, 0, 0.002, 0, 0.004
Node_Dein5_Dein7_0, 0.003, 0, 0.006, 0.004, 0.003, 0, 0.003, 0, 0.007
Node_Dein7_Dein3_0, 0, 0, 0.005, 0.004, 0, 0, 0, 0, 0.002
Node_DesuB1_DesuB2_0, 0.001, 0, 0.011, 0.005, 0.001, 0, 0.001, 0.001, 0.002
Node_DesuB4_BdellC1_0, 0.023, 0, 0.053, 0.05, 0.022, 0, 0.023, 0.019, 0.005
Node_DesuB4_DesuB1_0, 0.01, 0, 0.02, 0.014, 0.01, 0, 0.01, 0.009, 0.007
Node_DesuB4_DesuB3_0, 0.001, 0, 0.01, 0.007, 0.001, 0, 0.001, 0.001, 0.001
Node_DesuB4_Desua5_0, 0.071, 0.002, 0.326, 0.12, 0.071, 0, 0.071, 0.069, 0
Node_DesuB4_Myxo10_0, 0.395, 0.001, 0.33, 0.248, 0.387, 0, 0.395, 0.392, 0.002
Node_DesuC2_DesuC1_0, 0.239, 0.001, 0.407, 0.228, 0.237, 0, 0.239, 0.098, 0.147
Node_DesuC2_Desua47_0, 0.498, 0.005, 0.132, 0.287, 0.477, 0, 0.498, 0.453, 0.038
Node_DesuD2_DesuD1_0, 0.078, 0, 0.893, 0.188, 0.078, 0, 0.078, 0.076, 0.012
Node_Desua11_Desua27_0, 0, 0, 0.011, 0.011, 0, 0, 0, 0, 0.008
Node_Desua16_Desua15_0, 0.382, 0.002, 0.033, 0.11, 0.38, 0, 0.382, 0.161, 0.225
Node_Desua16_Desua20_0, 1.055, 0.007, 0.028, 0.498, 0.994, 0, 1.055, 1.037, 0.008
Node_Desua16_Desua24_0, 0.188, 0, 0.15, 0.087, 0.185, 0, 0.188, 0.152, 0.041
Node_Desua16_Desua6_0, 1.068, 0.073, 0.019, 0.442, 0.994, 0, 1.068, 0.928, 0.008
Node_Desua16_Desua9_0, 0.297, 0, 0.771, 0.26, 0.286, 0, 0.297, 0.286, 0.013
Node_Desua1_Desua34_0, 0.004, 0.001, 0.009, 0.006, 0.004, 0, 0.004, 0.002, 0.005
Node_Desua1_Desua3_0, 0.007, 0, 0.018, 0.013, 0.007, 0, 0.007, 0.005, 0.003
Node_Desua1_Desua43_0, 0.022, 0, 0.067, 0.03, 0.022, 0, 0.022, 0.02, 0.002
Node_Desua22_Desua10_0, 0.006, 0, 0.013, 0.01, 0.006, 0, 0.006, 0.004, 0.004
Node_Desua22_Desua13_0, 0.015, 0, 0.043, 0.022, 0.015, 0, 0.015, 0.015, 0.003
Node_Desua22_Desua14_0, 0.002, 0, 0.009, 0.009, 0.002, 0, 0.002, 0.001, 0.005
Node_Desua22_Desua16_0, 1.006, 0.015, 0.04, 0.579, 0.989, 0.001, 1.006, 0.975, 0.007
Node_Desua22_Desua23_0, 0.002, 0, 0.008, 0.008, 0.002, 0, 0.002, 0, 0.008
Node_Desua22_Desua26_0, 0.055, 0, 0.215, 0.096, 0.055, 0, 0.055, 0.054, 0.001
Node_Desua22_Desua4_0, 0.269, 0.001, 0.741, 0.367, 0.269, 0, 0.269, 0.267, 0.003
Node_Desua26_Desua30_0, 0.013, 0, 0.045, 0.023, 0.013, 0, 0.013, 0.011, 0.003
Node_Desua28_Desua35_0, 1.008, 0.006, 0.01, 0.174, 1, 0, 1.008, 0.945, 0.058
Node_Desua2_Desua8_0, 0.266, 0, 0.718, 0.427, 0.265, 0, 0.266, 0.265, 0.009
Node_Desua36_Desua38_0, 0.003, 0, 0.003, 0.003, 0.003, 0, 0.003, 0, 0.006
Node_Desua36_Desua39_0, 0, 0, 0.008, 0.006, 0, 0, 0, 0, 0.005
Node_Desua40_Desua31_0, 0, 0, 0.007, 0.007, 0, 0, 0, 0, 0.005
Node_Desua42_Desua11_0, 0.003, 0, 0.006, 0.007, 0.003, 0, 0.003, 0.001, 0.005
Node_Desua42_Desua12_0, 0.004, 0, 0.004, 0.005, 0.004, 0, 0.004, 0.001, 0.005
Node_Desua43_Desua50_0, 0.002, 0, 0.01, 0.008, 0.002, 0, 0.002, 0.001, 0.005
Node_Desua43_Desua52_0, 0.001, 0, 0.006, 0.007, 0.001, 0, 0.001, 0, 0.005
Node_Desua43_Desua54_0, 0.007, 0, 0.019, 0.011, 0.007, 0, 0.007, 0.006, 0.004
Node_Desua44_Desua36_0, 0.003, 0, 0.004, 0.005, 0.003, 0, 0.003, 0.001, 0.005
Node_Desua46_Desua25_0, 0.001, 0, 0.008, 0.009, 0.001, 0, 0.001, 0, 0.008
Node_Desua47_Desua29_0, 0.001, 0, 0.016, 0.014, 0.001, 0, 0.001, 0.001, 0.004
Node_Desua47_Desua37_0, 0.082, 0.001, 0.44, 0.17, 0.08, 0, 0.082, 0.077, 0.01
Node_Desua47_Desua41_0, 0.013, 0, 0.074, 0.066, 0.013, 0, 0.013, 0.013, 0.005
Node_Desua47_Desua53_0, 0.511, 0.007, 0.088, 0.264, 0.501, 0, 0.511, 0.409, 0.094
Node_Desua48_Desua33_0, 0.003, 0, 0.011, 0.013, 0.003, 0, 0.003, 0, 0.013
Node_Desua48_Desua40_0, 0.002, 0, 0.027, 0.019, 0.002, 0, 0.002, 0.001, 0.004
Node_Desua48_Desua42_0, 0.003, 0, 0.001, 0.003, 0.003, 0, 0.003, 0.001, 0.002
Node_Desua48_Desua46_0, 0.001, 0, 0.006, 0.005, 0.001, 0, 0.001, 0, 0.004
Node_Desua49_Desua21_0, 0.001, 0, 0.005, 0.005, 0.001, 0, 0.001, 0.001, 0.004
Node_Desua49_Desua32_0, 0.002, 0, 0.006, 0.005, 0.002, 0, 0.002, 0.002, 0.001
Node_Desua49_Desua44_0, 0.002, 0, 0.005, 0.006, 0.002, 0, 0.002, 0, 0.005
Node_Desua4_Desua1_0, 0.087, 0, 0.187, 0.111, 0.087, 0, 0.087, 0.084, 0.005
Node_Desua4_Desua48_0, 0.025, 0, 0.065, 0.035, 0.025, 0, 0.025, 0.024, 0.003
Node_Desua4_Desua49_0, 0.007, 0.001, 0.023, 0.016, 0.007, 0, 0.007, 0.004, 0.004
Node_Desua53_Desua51_0, 1.002, 0.006, 0.031, 0.3, 0.999, 0, 1.002, 0.484, 0.516
Node_Desua6_Desua19_0, 1.014, 0.01, 0.028, 0.219, 0.999, 0, 1.014, 0.943, 0.057
Node_Desua6_Desua2_0, 0.975, 0.008, 0.104, 0.284, 0.962, 0, 0.975, 0.961, 0.003
Node_Desua6_Desua7_0, 1.006, 0, 0.021, 0.015, 0.999, 0, 1.006, 1.002, 0.013
Node_Desua9_Desua17_0, 0.005, 0, 0.039, 0.028, 0.005, 0, 0.005, 0.003, 0.008
Node_Desua9_Desua18_0, 0.036, 0.001, 0.264, 0.096, 0.036, 0, 0.036, 0.034, 0.002
Node_Dorm2_Dorm1_0, 0.002, 0, 0.002, 0.002, 0.002, 0, 0.002, 0, 0.003
Node_Dorm2_Dorm3_0, 0.001, 0, 0, 0.002, 0.001, 0, 0.001, 0.001, 0
Node_Dorm2_Dorm4_0, 0.001, 0, 0.007, 0.01, 0.001, 0, 0.001, 0, 0.007
Node_Dorm2_Dorm5_0, 0.001, 0, 0.002, 0.002, 0.001, 0, 0.001, 0, 0.002
Node_Eise2_Eise1_0, 0.002, 0, 0.005, 0.007, 0.002, 0, 0.002, 0.001, 0.006
Node_Eise4_Eise2_0, 0.001, 0, 0.001, 0.001, 0.001, 0, 0.001, 0, 0.001
Node_Eise4_Eise3_0, 0.002, 0, 0.006, 0.007, 0.002, 0, 0.002, 0.001, 0.007
Node_Elus1_Elus2_0, 0.002, 0, 0.003, 0.005, 0.002, 0, 0.002, 0, 0.002
Node_Elus2_Elus3_0, 0.002, 0, 0.003, 0.003, 0.002, 0, 0.002, 0.001, 0.003
Node_Elus2_Elus5_0, 0.002, 0, 0.001, 0.003, 0.002, 0, 0.002, 0.001, 0.001
Node_Elus3_Elus4_0, 0, 0, 0.004, 0.005, 0, 0, 0, 0, 0.003
Node_Elus3_Elus6_0, 0.001, 0, 0.004, 0.006, 0.001, 0, 0.001, 0.001, 0.001
Node_Elus3_Elus7_0, 0.001, 0, 0.002, 0, 0.001, 0, 0.001, 0, 0.001
Node_Elus3_Elus9_0, 0.004, 0, 0.003, 0.004, 0.004, 0, 0.004, 0, 0.007
Node_Elus6_Elus8_0, 0.002, 0, 0.004, 0.003, 0.002, 0, 0.002, 0, 0.005
Node_Elus9_Elus10_0, 0, 0, 0.006, 0.002, 0, 0, 0, 0, 0.002
Node_Erem4_Erem5_0, 0.001, 0, 0.006, 0.006, 0.001, 0, 0.001, 0.001, 0.004
Node_Erem6_Erem2_0, 0.001, 0, 0.002, 0.002, 0.001, 0, 0.001, 0.001, 0.002
Node_Erem6_Erem3_0, 0.003, 0, 0.004, 0.005, 0.003, 0, 0.003, 0.001, 0.006
Node_Erem6_Erem4_0, 0.003, 0, 0.005, 0.003, 0.003, 0, 0.003, 0, 0.005
Node_FCPU1_FCPU2_0, 0.268, 0.001, 0.01, 0.028, 0.268, 0, 0.268, 0.117, 0.156
Node_Ferm1_Eise4_0, 0.001, 0, 0, 0, 0.001, 0, 0.001, 0.001, 0
Node_Ferm1_GemmA1_0, 0.001, 0, 0.001, 0.001, 0.001, 0, 0.001, 0, 0.001
Node_Ferm1_Krum1_0, 0, 0, 0.004, 0.003, 0, 0, 0, 0, 0.003
Node_Fibr4_Fibr2_0, 0.002, 0, 0.01, 0.005, 0.002, 0, 0.002, 0.001, 0.003
Node_Fibr4_Fibr3_0, 0.014, 0, 0.004, 0.006, 0.014, 0, 0.014, 0.005, 0.009
Node_Fibr4_Fibr5_0, 0.049, 0.001, 0.001, 0.026, 0.047, 0, 0.049, 0.013, 0.035
Node_Fibr4_Fibr6_0, 0.009, 0, 0.041, 0.017, 0.009, 0, 0.009, 0.008, 0.001
Node_Fibr5_Fibr1_0, 0.137, 0.002, 0.005, 0.049, 0.135, 0, 0.137, 0.046, 0.091
Node_FirmA102_FirmA76_0, 0.275, 0.001, 0.005, 0.106, 0.275, 0, 0.275, 0.077, 0.198
Node_FirmA104_FirmA78_0, 0.001, 0, 0.005, 0.004, 0.001, 0, 0.001, 0, 0.003
Node_FirmA106_FirmA114_0, 0.002, 0, 0.003, 0.004, 0.002, 0, 0.002, 0, 0.005
Node_FirmA109_FirmA77_0, 0.004, 0, 0.013, 0.01, 0.004, 0, 0.004, 0.001, 0.009
Node_FirmA109_FirmA95_0, 0.003, 0, 0.007, 0.007, 0.003, 0, 0.003, 0, 0.006
Node_FirmA114_FirmA98_0, 0, 0, 0.006, 0.007, 0, 0, 0, 0, 0.004
Node_FirmA11_FirmA67_0, 0, 0, 0.003, 0.002, 0, 0, 0, 0, 0.002
Node_FirmA12_FirmA93_0, 0.002, 0, 0.007, 0.007, 0.002, 0, 0.002, 0, 0.009
Node_FirmA14_FirmA113_0, 0.003, 0, 0.005, 0.008, 0.003, 0, 0.003, 0.001, 0.005
Node_FirmA18_FirmA103_0, 0.004, 0, 0.01, 0.005, 0.004, 0, 0.004, 0.003, 0.004
Node_FirmA20_FirmA100_0, 0.002, 0, 0.005, 0.007, 0.002, 0, 0.002, 0.001, 0.005
Node_FirmA20_FirmA24_0, 0.004, 0, 0.008, 0.013, 0.004, 0, 0.004, 0.003, 0.003
Node_FirmA20_FirmA25_0, 0.002, 0, 0.004, 0.004, 0.002, 0, 0.002, 0.001, 0.004
Node_FirmA20_FirmA38_0, 0.002, 0, 0.005, 0.004, 0.002, 0, 0.002, 0.002, 0.003
Node_FirmA20_FirmA52_0, 0.002, 0, 0.001, 0.003, 0.002, 0, 0.002, 0.001, 0.001
Node_FirmA21_FirmA108_0, 0.003, 0.001, 0.007, 0.007, 0.003, 0, 0.003, 0, 0.003
Node_FirmA21_FirmA47_0, 0.001, 0, 0.006, 0.005, 0.001, 0, 0.001, 0.001, 0.004
Node_FirmA21_FirmA88_0, 0.006, 0.001, 0.032, 0.01, 0.006, 0, 0.006, 0.004, 0.003
Node_FirmA24_FirmA1_0, 0.001, 0, 0.004, 0.003, 0.001, 0, 0.001, 0, 0.001
Node_FirmA24_FirmA8_0, 0, 0, 0.004, 0.004, 0, 0, 0, 0, 0.003
Node_FirmA25_FirmA56_0, 0.001, 0, 0.009, 0.011, 0.001, 0, 0.001, 0.001, 0.008
Node_FirmA26_FirmA102_0, 0.081, 0.001, 0.002, 0.027, 0.08, 0, 0.081, 0.03, 0.05
Node_FirmA26_FirmA2_0, 0.032, 0, 0.008, 0.017, 0.032, 0, 0.032, 0.013, 0.02
Node_FirmA26_FirmA41_0, 0, 0, 0.012, 0.007, 0, 0, 0, 0, 0.003
Node_FirmA26_FirmA7_0, 0.009, 0, 0.075, 0.02, 0.009, 0, 0.009, 0.008, 0.003
Node_FirmA27_FirmA71_0, 0.002, 0, 0.008, 0.003, 0.002, 0, 0.002, 0.001, 0.002
Node_FirmA27_FirmA89_0, 0.008, 0, 0.002, 0.003, 0.008, 0, 0.008, 0.001, 0.008
Node_FirmA28_FirmA94_0, 0.003, 0, 0.002, 0.004, 0.003, 0, 0.003, 0, 0.003
Node_FirmA29_FirmA51_0, 0.005, 0, 0.003, 0.003, 0.005, 0, 0.005, 0.002, 0.005
Node_FirmA38_FirmA32_0, 0.002, 0, 0.003, 0.002, 0.002, 0, 0.002, 0, 0.003
Node_FirmA43_FirmA39_0, 0.001, 0, 0.003, 0.003, 0.001, 0, 0.001, 0, 0.004
Node_FirmA45_FirmA40_0, 0.002, 0, 0.003, 0.005, 0.002, 0, 0.002, 0.001, 0.003
Node_FirmA50_FirmA70_0, 0.001, 0, 0.005, 0.005, 0.001, 0, 0.001, 0, 0.005
Node_FirmA52_FirmA107_0, 0, 0, 0.003, 0.003, 0, 0, 0, 0, 0.002
Node_FirmA52_FirmA42_0, 0.001, 0, 0.004, 0.002, 0.001, 0, 0.001, 0, 0.003
Node_FirmA53_FirmA35_0, 0.001, 0, 0.019, 0.014, 0.001, 0, 0.001, 0.001, 0.002
Node_FirmA55_FirmA29_0, 0.003, 0, 0.004, 0.003, 0.003, 0, 0.003, 0.001, 0.003
Node_FirmA58_FirmA43_0, 0, 0, 0.002, 0.001, 0, 0, 0, 0, 0.001
Node_FirmA59_FirmA36_0, 0, 0, 0.004, 0.005, 0, 0, 0, 0, 0.004
Node_FirmA59_FirmA44_0, 0, 0, 0.005, 0.007, 0, 0, 0, 0, 0.003
Node_FirmA59_FirmA48_0, 0.001, 0, 0.005, 0.005, 0.001, 0, 0.001, 0, 0.006
Node_FirmA60_FirmA74_0, 0, 0, 0.004, 0.005, 0, 0, 0, 0, 0.003
Node_FirmA61_FirmA66_0, 0.001, 0, 0.005, 0.011, 0.001, 0, 0.001, 0, 0.006
Node_FirmA62_FirmA104_0, 0.003, 0, 0.002, 0.004, 0.003, 0, 0.003, 0.001, 0.003
Node_FirmA62_FirmA58_0, 0.001, 0, 0.004, 0.004, 0.001, 0, 0.001, 0, 0.002
Node_FirmA62_FirmA6_0, 0.003, 0, 0.002, 0.003, 0.003, 0, 0.003, 0.001, 0.004
Node_FirmA63_FirmA109_0, 0.008, 0, 0.021, 0.01, 0.008, 0, 0.008, 0.006, 0.005
Node_FirmA63_FirmA10_0, 0.003, 0, 0.009, 0.006, 0.003, 0, 0.003, 0.003, 0.004
Node_FirmA63_FirmA30_0, 0.003, 0, 0.004, 0.003, 0.003, 0, 0.003, 0.001, 0.004
Node_FirmA63_FirmA45_0, 0.002, 0, 0.005, 0.008, 0.002, 0, 0.002, 0, 0.004
Node_FirmA63_FirmA57_0, 0.162, 0.001, 0.005, 0.076, 0.161, 0, 0.162, 0.05, 0.113
Node_FirmA63_FirmA99_0, 0.024, 0, 0.14, 0.042, 0.024, 0, 0.024, 0.023, 0.002
Node_FirmA64_FirmA33_0, 0.001, 0, 0.002, 0.004, 0.001, 0, 0.001, 0, 0.003
Node_FirmA65_FirmA5_0, 0, 0, 0.001, 0.001, 0, 0, 0, 0, 0.001
Node_FirmA65_FirmA64_0, 0, 0, 0.002, 0.001, 0, 0, 0, 0, 0.001
Node_FirmA65_FirmA69_0, 0.001, 0, 0.002, 0.001, 0.001, 0, 0.001, 0, 0.001
Node_FirmA65_FirmA97_0, 0, 0, 0.002, 0.002, 0, 0, 0, 0, 0.002
Node_FirmA67_FirmA37_0, 0.002, 0, 0.003, 0.005, 0.002, 0, 0.002, 0, 0.004
Node_FirmA67_FirmA50_0, 0.001, 0, 0.003, 0.003, 0.001, 0, 0.001, 0, 0.002
Node_FirmA67_FirmA79_0, 0.001, 0, 0.001, 0, 0.001, 0, 0.001, 0, 0.001
Node_FirmA67_FirmA87_0, 0.001, 0, 0.001, 0.001, 0.001, 0, 0.001, 0, 0.002
Node_FirmA69_FirmA28_0, 0.002, 0, 0.005, 0.006, 0.002, 0, 0.002, 0, 0.006
Node_FirmA69_FirmA72_0, 0, 0, 0.003, 0.002, 0, 0, 0, 0, 0.001
Node_FirmA72_FirmA73_0, 0.001, 0, 0.005, 0.006, 0.001, 0, 0.001, 0, 0.006
Node_FirmA7_FirmA12_0, 0, 0, 0.007, 0.006, 0, 0, 0, 0, 0.005
Node_FirmA7_FirmA90_0, 0.002, 0, 0.011, 0.008, 0.002, 0, 0.002, 0, 0.004
Node_FirmA80_FirmA34_0, 0.246, 0.002, 0.008, 0.086, 0.245, 0, 0.246, 0.089, 0.16
Node_FirmA81_FirmA14_0, 0.003, 0, 0.032, 0.013, 0.003, 0, 0.003, 0.002, 0.004
Node_FirmA81_FirmA19_0, 0.001, 0, 0.006, 0.004, 0.001, 0, 0.001, 0, 0.004
Node_FirmA81_FirmA84_0, 0.01, 0, 0.003, 0.011, 0.01, 0, 0.01, 0.006, 0.007
Node_FirmA81_FirmA92_0, 0.031, 0.001, 0.001, 0.018, 0.031, 0, 0.031, 0.009, 0.021
Node_FirmA83_FirmA11_0, 0.001, 0, 0.002, 0.001, 0.001, 0, 0.001, 0.001, 0.001
Node_FirmA83_FirmA49_0, 0.003, 0, 0.004, 0.004, 0.003, 0, 0.003, 0, 0.005
Node_FirmA83_FirmA55_0, 0.004, 0, 0.002, 0.004, 0.004, 0, 0.004, 0.001, 0.004
Node_FirmA83_FirmA59_0, 0.002, 0, 0.004, 0.001, 0.002, 0, 0.002, 0.002, 0
Node_FirmA83_FirmA65_0, 0.002, 0, 0.004, 0.004, 0.002, 0, 0.002, 0.001, 0.004
Node_FirmA83_FirmA81_0, 0.006, 0, 0.001, 0.001, 0.006, 0, 0.006, 0.001, 0.006
Node_FirmA83_FirmA86_0, 0.002, 0, 0.004, 0.002, 0.002, 0, 0.002, 0.001, 0.002
Node_FirmA84_FirmA111_0, 0.002, 0, 0.011, 0.007, 0.002, 0, 0.002, 0, 0.003
Node_FirmA84_FirmA16_0, 0.022, 0, 0.011, 0.011, 0.022, 0, 0.022, 0.012, 0.013
Node_FirmA84_FirmA20_0, 0.009, 0, 0.001, 0.003, 0.009, 0, 0.009, 0.002, 0.008
Node_FirmA84_FirmA26_0, 0.02, 0, 0.002, 0.008, 0.02, 0, 0.02, 0.008, 0.013
Node_FirmA84_FirmA46_0, 0.006, 0, 0.05, 0.012, 0.006, 0, 0.006, 0.005, 0.003
Node_FirmA84_FirmA63_0, 0.053, 0.001, 0.006, 0.02, 0.053, 0, 0.053, 0.019, 0.036
Node_FirmA84_FirmA9_0, 0.002, 0, 0.007, 0.004, 0.002, 0, 0.002, 0.001, 0.003
Node_FirmA85_DTU0X1_0, 0, 0, 0.001, 0.002, 0, 0, 0, 0, 0.001
Node_FirmA85_FirmA60_0, 0.001, 0, 0.003, 0.004, 0.001, 0, 0.001, 0, 0.004
Node_FirmA85_FirmC13_0, 0, 0, 0.001, 0.001, 0, 0, 0, 0, 0.001
Node_FirmA86_FirmA61_0, 0, 0, 0.005, 0.004, 0, 0, 0, 0, 0.003
Node_FirmA87_FirmA106_0, 0, 0, 0.004, 0.005, 0, 0, 0, 0, 0.002
Node_FirmA87_FirmA62_0, 0.002, 0, 0.003, 0.001, 0.002, 0, 0.002, 0.001, 0.001
Node_FirmA87_FirmA96_0, 0.004, 0.001, 0.002, 0.002, 0.004, 0, 0.004, 0, 0.004
Node_FirmA88_FirmA101_0, 0.005, 0, 0.005, 0.004, 0.005, 0, 0.005, 0.004, 0.004
Node_FirmA89_FirmA105_0, 0.002, 0, 0.004, 0.005, 0.002, 0, 0.002, 0.002, 0.002
Node_FirmA89_FirmA110_0, 0.001, 0, 0.004, 0.003, 0.001, 0, 0.001, 0, 0.003
Node_FirmA89_FirmA21_0, 0.034, 0, 0.001, 0.007, 0.034, 0, 0.034, 0.008, 0.027
Node_FirmA89_FirmA31_0, 0.003, 0, 0.017, 0.01, 0.003, 0, 0.003, 0.003, 0.002
Node_FirmA89_FirmA53_0, 0.018, 0, 0.081, 0.029, 0.018, 0, 0.018, 0.016, 0.007
Node_FirmA89_FirmA68_0, 0.004, 0, 0.004, 0.003, 0.004, 0, 0.004, 0.002, 0.005
Node_FirmA89_FirmA80_0, 0.092, 0.001, 0.006, 0.032, 0.091, 0, 0.092, 0.032, 0.063
Node_FirmA90_FirmA112_0, 0.001, 0, 0.002, 0.002, 0.001, 0, 0.001, 0, 0.001
Node_FirmA92_FirmA54_0, 0.082, 0, 0.005, 0.06, 0.082, 0, 0.082, 0.031, 0.056
Node_FirmA94_FirmA75_0, 0.002, 0, 0.006, 0.005, 0.002, 0, 0.002, 0, 0.005
Node_FirmA96_FirmA27_0, 0.002, 0, 0.005, 0.003, 0.002, 0, 0.002, 0.001, 0.003
Node_FirmA96_FirmA91_0, 0, 0, 0.004, 0.004, 0, 0, 0, 0, 0.002
Node_FirmA99_FirmA18_0, 0.01, 0, 0.023, 0.012, 0.01, 0, 0.01, 0.006, 0.009
Node_FirmB16_FirmB13_0, 0.002, 0, 0.004, 0.003, 0.002, 0, 0.002, 0, 0.004
Node_FirmB17_FirmB15_0, 0.002, 0, 0.007, 0.008, 0.002, 0, 0.002, 0, 0.008
Node_FirmB2_FirmB11_0, 0.001, 0, 0.025, 0.02, 0.001, 0, 0.001, 0.001, 0.01
Node_FirmB2_FirmB12_0, 0.016, 0.001, 0.057, 0.03, 0.016, 0, 0.016, 0.015, 0.006
Node_FirmB3_FirmB14_0, 0.004, 0, 0.006, 0.005, 0.004, 0, 0.004, 0.001, 0.006
Node_FirmB4_FirmB17_0, 0.001, 0, 0.009, 0.008, 0.001, 0, 0.001, 0, 0.009
Node_FirmB4_FirmB1_0, 0.001, 0, 0.004, 0.004, 0.001, 0, 0.001, 0.001, 0.001
Node_FirmB4_FirmB3_0, 0.004, 0, 0.004, 0.005, 0.004, 0, 0.004, 0.003, 0.002
Node_FirmB6_FirmB7_0, 0.005, 0, 0.022, 0.009, 0.005, 0, 0.005, 0.003, 0.002
Node_FirmB8_FirmB16_0, 0.002, 0, 0.006, 0.005, 0.002, 0, 0.002, 0.001, 0.002
Node_FirmB8_FirmB4_0, 0.006, 0, 0.005, 0.005, 0.006, 0, 0.006, 0.004, 0.004
Node_FirmB8_FirmB5_0, 0.003, 0, 0.002, 0.003, 0.003, 0, 0.003, 0.001, 0.003
Node_FirmB8_FirmB9_0, 0.007, 0, 0.003, 0.001, 0.007, 0, 0.007, 0.002, 0.006
Node_FirmB9_FirmB10_0, 0.261, 0.003, 0.008, 0.052, 0.257, 0, 0.261, 0.063, 0.2
Node_FirmB9_FirmB2_0, 0.066, 0.001, 0.006, 0.019, 0.066, 0, 0.066, 0.025, 0.046
Node_FirmB9_FirmB6_0, 0.025, 0, 0.004, 0.005, 0.025, 0, 0.025, 0.005, 0.022
Node_FirmC10_FirmC14_0, 0.031, 0, 0.227, 0.112, 0.031, 0, 0.031, 0.03, 0.005
Node_FirmC10_FirmC18_0, 0.253, 0.002, 0.01, 0.082, 0.253, 0, 0.253, 0.067, 0.192
Node_FirmC10_FirmC19_0, 0.069, 0, 0.005, 0.028, 0.069, 0, 0.069, 0.013, 0.059
Node_FirmC11_FirmC3_0, 0.005, 0, 0.099, 0.033, 0.005, 0, 0.005, 0.005, 0.003
Node_FirmC13_FirmB8_0, 0.004, 0, 0.003, 0.008, 0.004, 0, 0.004, 0, 0.007
Node_FirmC13_FirmC10_0, 0.015, 0, 0.01, 0.009, 0.014, 0, 0.015, 0.004, 0.015
Node_FirmC13_FirmC17_0, 0.002, 0, 0.015, 0.005, 0.002, 0, 0.002, 0, 0.002
Node_FirmC13_FirmC5_0, 0.004, 0, 0.005, 0.006, 0.004, 0, 0.004, 0.002, 0.005
Node_FirmC13_FirmC8_0, 0.01, 0, 0, 0.006, 0.01, 0, 0.01, 0.004, 0.006
Node_FirmC13_Firms33_0, 0, 0, 0.001, 0.003, 0, 0, 0, 0, 0.001
Node_FirmC15_FirmC12_0, 0.007, 0, 0.032, 0.02, 0.007, 0, 0.007, 0.005, 0.006
Node_FirmC1_FirmC4_0, 0.007, 0, 0.012, 0.016, 0.007, 0, 0.007, 0.005, 0.009
Node_FirmC6_FirmC16_0, 0.002, 0, 0.01, 0.005, 0.002, 0, 0.002, 0.001, 0.002
Node_FirmC6_FirmC1_0, 0.01, 0, 0.032, 0.012, 0.01, 0, 0.01, 0.009, 0.004
Node_FirmC8_FirmC11_0, 0.101, 0, 0.003, 0.04, 0.101, 0, 0.101, 0.036, 0.066
Node_FirmC8_FirmC15_0, 0.033, 0, 0.307, 0.085, 0.033, 0, 0.033, 0.031, 0.007
Node_FirmC8_FirmC6_0, 0.038, 0, 0.004, 0.016, 0.038, 0, 0.038, 0.012, 0.027
Node_FirmC8_FirmC7_0, 0.333, 0.003, 0.009, 0.15, 0.333, 0, 0.333, 0.097, 0.238
Node_FirmC8_FirmC9_0, 0.015, 0, 0.004, 0.003, 0.015, 0, 0.015, 0.007, 0.009
Node_FirmD2_FirmD3_0, 0, 0, 0.006, 0.004, 0, 0, 0, 0, 0.003
Node_FirmD4_FirmD2_0, 0.003, 0, 0.003, 0.003, 0.003, 0, 0.003, 0.002, 0.003
Node_FirmE4_FirmE6_0, 0.003, 0, 0.002, 0.006, 0.003, 0, 0.003, 0, 0.005
Node_FirmE5_FirmE3_0, 0, 0, 0.001, 0.001, 0, 0, 0, 0, 0.001
Node_FirmE5_FirmE4_0, 0, 0, 0.005, 0.006, 0, 0, 0, 0, 0.005
Node_FirmE5_FirmE7_0, 0, 0, 0.003, 0.005, 0, 0, 0, 0, 0.003
Node_FirmE7_FirmE1_0, 0.001, 0, 0.001, 0.001, 0.001, 0, 0.001, 0, 0.002
Node_FirmE7_FirmE2_0, 0.002, 0, 0.001, 0.001, 0.002, 0, 0.002, 0, 0.002
Node_FirmE7_FirmE8_0, 0.001, 0, 0.003, 0.003, 0.001, 0, 0.001, 0, 0.002
Node_FirmF1_FirmF2_0, 0, 0, 0.001, 0.002, 0, 0, 0, 0, 0.001
Node_FirmF1_FirmG6_0, 0, 0, 0.003, 0.005, 0, 0, 0, 0, 0.001
Node_FirmF2_FirmF3_0, 0.001, 0, 0.006, 0.006, 0.001, 0, 0.001, 0, 0.007
Node_FirmG5_FirmG1_0, 0.001, 0, 0.001, 0.001, 0.001, 0, 0.001, 0, 0.001
Node_FirmG5_FirmG2_0, 0.001, 0, 0, 0.002, 0.001, 0, 0.001, 0, 0.001
Node_FirmG6_FirmE5_0, 0, 0, 0.001, 0.003, 0, 0, 0, 0, 0.001
Node_FirmG6_FirmG3_0, 0, 0, 0.001, 0.001, 0, 0, 0, 0, 0.001
Node_FirmG6_FirmG5_0, 0, 0, 0.001, 0.001, 0, 0, 0, 0, 0.001
Node_Firms11_Firms17_0, 0.002, 0, 0.007, 0.006, 0.002, 0, 0.002, 0.001, 0.007
Node_Firms13_Firms1_0, 0.003, 0.001, 0.002, 0.003, 0.002, 0, 0.003, 0, 0.003
Node_Firms1_Firms10_0, 0.001, 0, 0.007, 0.008, 0.001, 0, 0.001, 0, 0.005
Node_Firms20_Firms12_0, 0.002, 0, 0.005, 0.006, 0.002, 0, 0.002, 0, 0.004
Node_Firms20_Firms29_0, 0.003, 0, 0.002, 0.005, 0.003, 0, 0.003, 0.001, 0.003
Node_Firms22_Firms27_0, 0.001, 0, 0.003, 0.002, 0.001, 0, 0.001, 0, 0.003
Node_Firms23_Firms18_0, 0.001, 0, 0.006, 0.005, 0.001, 0, 0.001, 0, 0.006
Node_Firms24_Firms26_0, 0.001, 0, 0.005, 0.006, 0.001, 0, 0.001, 0, 0.004
Node_Firms30_Firms31_0, 0.001, 0, 0.005, 0.007, 0.001, 0, 0.001, 0.001, 0.005
Node_Firms32_Firms25_0, 0.002, 0, 0.005, 0.008, 0.002, 0, 0.002, 0.001, 0.005
Node_Firms33_FirmA83_0, 0.002, 0, 0, 0.001, 0.002, 0, 0.002, 0, 0.002
Node_Firms33_FirmD1_0, 0.001, 0, 0.003, 0.001, 0.001, 0, 0.001, 0.001, 0.001
Node_Firms33_FirmD4_0, 0.003, 0, 0.001, 0, 0.003, 0, 0.003, 0.001, 0.002
Node_Firms33_Firms11_0, 0.002, 0, 0.004, 0.004, 0.002, 0, 0.002, 0.001, 0.005
Node_Firms33_Firms13_0, 0.001, 0, 0.001, 0, 0.001, 0, 0.001, 0, 0.001
Node_Firms33_Firms15_0, 0, 0, 0.008, 0.01, 0, 0, 0, 0, 0.007
Node_Firms33_Firms16_0, 0.001, 0, 0, 0, 0.001, 0, 0.001, 0, 0.001
Node_Firms33_Firms20_0, 0.003, 0, 0.004, 0.003, 0.003, 0, 0.003, 0, 0.006
Node_Firms33_Firms21_0, 0.001, 0, 0.003, 0.004, 0.001, 0, 0.001, 0, 0.003
Node_Firms33_Firms22_0, 0.001, 0, 0.003, 0.005, 0.001, 0, 0.001, 0, 0.004
Node_Firms33_Firms23_0, 0.001, 0, 0.007, 0.006, 0.001, 0, 0.001, 0, 0.006
Node_Firms33_Firms28_0, 0.002, 0, 0.003, 0.006, 0.002, 0, 0.002, 0, 0.004
Node_Firms33_Firms2_0, 0, 0, 0.005, 0.006, 0, 0, 0, 0, 0.003
Node_Firms33_Firms30_0, 0.001, 0, 0.006, 0.005, 0.001, 0, 0.001, 0, 0.004
Node_Firms33_Firms32_0, 0.002, 0, 0, 0, 0.002, 0, 0.002, 0, 0.002
Node_Firms33_Firms3_0, 0, 0, 0.003, 0.002, 0, 0, 0, 0, 0.002
Node_Firms33_Firms5_0, 0.001, 0, 0.004, 0.004, 0.001, 0, 0.001, 0, 0.004
Node_Firms33_Firms6_0, 0.001, 0, 0, 0, 0.001, 0, 0.001, 0, 0.001
Node_Firms33_Firms7_0, 0.001, 0, 0.004, 0.005, 0.001, 0, 0.001, 0.001, 0.003
Node_Firms33_Firms8_0, 0, 0, 0.002, 0.002, 0, 0, 0, 0, 0.001
Node_Firms33_Firms9_0, 0.001, 0, 0.005, 0.007, 0.001, 0, 0.001, 0, 0.005
Node_Firms8_Firms24_0, 0.002, 0, 0.007, 0.007, 0.002, 0, 0.002, 0.001, 0.007
Node_Firms8_Firms4_0, 0.002, 0, 0.004, 0.004, 0.002, 0, 0.002, 0, 0.006
Node_Gemm2_Gemm4_0, 0.001, 0, 0.009, 0.009, 0.001, 0, 0.001, 0, 0.007
Node_Gemm3_Gemm6_0, 0.001, 0, 0.01, 0.007, 0.001, 0, 0.001, 0, 0.006
Node_Gemm5_Gemm8_0, 0.001, 0, 0.001, 0.002, 0.001, 0, 0.001, 0, 0.002
Node_Gemm5_Gemm9_0, 0.003, 0, 0.002, 0.002, 0.003, 0, 0.003, 0, 0.004
Node_Gemm9_Gemm2_0, 0.003, 0, 0.003, 0.002, 0.003, 0, 0.003, 0.001, 0.003
Node_Gemm9_Gemm3_0, 0.005, 0, 0.008, 0.009, 0.005, 0, 0.005, 0.002, 0.009
Node_Gemm9_Gemm7_0, 0.004, 0, 0.004, 0.003, 0.004, 0, 0.004, 0.002, 0.005
Node_Gold1_FCPU1_0, 0.121, 0.001, 0.007, 0.017, 0.121, 0, 0.121, 0.094, 0.026
Node_Gold1_Fire1_0, 0.101, 0, 0.013, 0.013, 0.1, 0, 0.101, 0.093, 0.008
Node_Gold1_Gold2_0, 0.006, 0, 0.12, 0.019, 0.006, 0, 0.006, 0.004, 0.005
Node_Hydr2_Abys1_0, 0.002, 0, 0.009, 0.007, 0.002, 0, 0.002, 0.002, 0
Node_Hydr2_Hydr1_0, 0.001, 0, 0.005, 0.005, 0.001, 0, 0.001, 0, 0.004
Node_Hydr2_Plan43_0, 0.045, 0, 0.056, 0.032, 0.045, 0, 0.045, 0.045, 0
Node_Hydr2_Sume1_0, 0.011, 0, 0.035, 0.02, 0.011, 0, 0.011, 0.011, 0.001
Node_KSB1X2_KSB1X4_0, 0.001, 0, 0.005, 0.005, 0.001, 0, 0.001, 0, 0.003
Node_KSB1X3_KSB1X1_0, 0, 0, 0.006, 0.006, 0, 0, 0, 0, 0.003
Node_Late2_Late1_0, 0, 0, 0.001, 0.001, 0, 0, 0, 0, 0.001
Node_Lind1_Lind2_0, 0.673, 0.001, 0.009, 0.09, 0.671, 0, 0.673, 0.593, 0.082
Node_Lind1_Lind4_0, 0.599, 0, 0.022, 0.057, 0.596, 0, 0.599, 0.599, 0.001
Node_Marg1_Marg2_0, 0, 0, 0.004, 0.006, 0, 0, 0, 0, 0.001
Node_Marg1_Marg6_0, 0, 0, 0.001, 0.001, 0, 0, 0, 0, 0.001
Node_Marg2_Marg7_0, 0, 0, 0.001, 0.001, 0, 0, 0, 0, 0.001
Node_Mari3_Mari2_0, 0.002, 0, 0.001, 0.004, 0.002, 0, 0.002, 0.002, 0
Node_Mari3_Mari6_0, 0.003, 0, 0.011, 0.004, 0.003, 0, 0.003, 0.001, 0.003
Node_Mari6_Mari1_0, 0.001, 0, 0.007, 0.006, 0.001, 0, 0.001, 0, 0.007
Node_Mari6_Mari5_0, 0.001, 0, 0.006, 0.003, 0.001, 0, 0.001, 0, 0.004
Node_Meth2_Meth1_0, 0.002, 0, 0.006, 0.005, 0.002, 0, 0.002, 0, 0.007
Node_Meth4_Meth3_0, 0, 0, 0.004, 0.004, 0, 0, 0, 0, 0.003
Node_Meth5_Meth2_0, 0.001, 0, 0.007, 0.009, 0.001, 0, 0.001, 0, 0.004
Node_Meth5_Meth4_0, 0.001, 0, 0.009, 0.01, 0.001, 0, 0.001, 0, 0.009
Node_Meth5_NitsA1_0, 0.07, 0, 0.111, 0.075, 0.069, 0, 0.07, 0.068, 0.002
Node_Meth5_SZUA1_0, 0.004, 0, 0.01, 0.006, 0.004, 0, 0.004, 0.003, 0.002
Node_Meth5_Sche1_0, 0.012, 0, 0.058, 0.026, 0.012, 0, 0.012, 0.012, 0
Node_MyxA1_MyxA2_0, 0.006, 0, 0.019, 0.018, 0.006, 0, 0.006, 0.005, 0.003
Node_MyxA1_MyxA4_0, 0.022, 0, 0.158, 0.084, 0.022, 0, 0.022, 0.022, 0.003
Node_MyxA2_MyxA3_0, 0.005, 0, 0.007, 0.005, 0.005, 0, 0.005, 0.001, 0.006
Node_Myxo10_Bdell6_0, 0.297, 0.003, 0.105, 0.119, 0.293, 0, 0.297, 0.288, 0.004
Node_Myxo10_MyxA1_0, 0.177, 0.012, 0.14, 0.094, 0.166, 0, 0.177, 0.15, 0.008
Node_Myxo10_Myxo11_0, 0.171, 0.005, 0.027, 0.077, 0.157, 0, 0.171, 0.145, 0.016
Node_Myxo10_Myxo14_0, 0.05, 0, 0.129, 0.067, 0.047, 0, 0.05, 0.045, 0.008
Node_Myxo10_Myxo15_0, 0.063, 0, 0.08, 0.041, 0.063, 0, 0.063, 0.03, 0.034
Node_Myxo10_Myxo17_0, 0.109, 0.002, 0.03, 0.032, 0.106, 0, 0.109, 0.022, 0.087
Node_Myxo11_Bdell13_0, 0.193, 0.002, 0.015, 0.069, 0.179, 0, 0.193, 0.157, 0.035
Node_Myxo11_Myxo13_0, 1.006, 0.007, 0.021, 0.247, 0.999, 0, 1.006, 0.246, 0.759
Node_Myxo11_Myxo8_0, 0.261, 0.002, 0.071, 0.133, 0.252, 0, 0.261, 0.121, 0.137
Node_Myxo14_Myxo2_0, 0.039, 0.001, 0.003, 0.015, 0.039, 0, 0.039, 0.016, 0.023
Node_Myxo14_Myxo3_0, 0.021, 0, 0.03, 0.032, 0.021, 0, 0.021, 0.02, 0.001
Node_Myxo14_Myxo5_0, 0.085, 0, 0.007, 0.017, 0.085, 0, 0.085, 0.035, 0.053
Node_Myxo14_Myxo6_0, 0.009, 0, 0.083, 0.04, 0.009, 0, 0.009, 0.008, 0.007
Node_Myxo14_Myxo9_0, 0.018, 0.001, 0.008, 0.012, 0.018, 0, 0.018, 0.015, 0.004
Node_Myxo15_Myxo18_0, 0.23, 0.001, 0.019, 0.082, 0.229, 0, 0.23, 0.048, 0.185
Node_Myxo17_Myxo19_0, 1.005, 0.014, 0.038, 0.516, 0.996, 0, 1.005, 0.082, 0.92
Node_Myxo2_Myxo1_0, 0.006, 0.001, 0.04, 0.023, 0.006, 0, 0.006, 0.003, 0.006
Node_Myxo8_Myxo7_0, 0.026, 0, 0.24, 0.08, 0.026, 0, 0.026, 0.024, 0.005
Node_Nitr10_Nitr3_0, 0.001, 0, 0.008, 0.01, 0.001, 0, 0.001, 0, 0.008
Node_Nitr10_Nitr4_0, 0.001, 0, 0.008, 0.005, 0.001, 0, 0.001, 0, 0.005
Node_Nitr10_Nitr6_0, 0.004, 0, 0.002, 0.002, 0.004, 0, 0.004, 0, 0.005
Node_Nitr14_CG294X1_0, 0.056, 0, 0.123, 0.092, 0.056, 0, 0.056, 0.056, 0
Node_Nitr14_Meth5_0, 0.179, 0, 0.529, 0.21, 0.178, 0, 0.179, 0.177, 0.002
Node_Nitr14_Nitr12_0, 0, 0, 0.006, 0.006, 0, 0, 0, 0, 0.004
Node_Nitr14_Nitr13_0, 0.001, 0, 0.004, 0.005, 0.001, 0, 0.001, 0, 0.004
Node_Nitr14_Nitr15_0, 0.022, 0, 0.036, 0.028, 0.022, 0, 0.022, 0.02, 0.002
Node_Nitr14_Nitr16_0, 0.002, 0, 0.003, 0.003, 0.002, 0, 0.002, 0, 0.004
Node_Nitr14_Nitr2_0, 0.001, 0, 0.006, 0.004, 0.001, 0, 0.001, 0.001, 0.002
Node_Nitr14_Nitr9_0, 0.005, 0, 0.02, 0.018, 0.005, 0, 0.005, 0.005, 0.003
Node_Nitr15_Nitr10_0, 0.004, 0, 0.004, 0.002, 0.004, 0, 0.004, 0.003, 0.001
Node_Nitr15_Nitr1_0, 0.041, 0, 0.016, 0.02, 0.041, 0, 0.041, 0.007, 0.035
Node_Nitr15_Nitr8_0, 0.007, 0, 0.038, 0.016, 0.007, 0, 0.007, 0.006, 0.004
Node_Nitr16_Nitr11_0, 0.004, 0, 0.004, 0.005, 0.004, 0, 0.004, 0.001, 0.006
Node_Nitr16_Nitr17_0, 0.002, 0, 0.003, 0.002, 0.002, 0, 0.002, 0.001, 0.003
Node_Nitr17_Nitr5_0, 0.004, 0, 0.013, 0.014, 0.004, 0, 0.004, 0, 0.015
Node_Nitr9_Nitr7_0, 0.002, 0, 0.006, 0.006, 0.002, 0, 0.002, 0, 0.003
Node_Nits1_Nits3_0, 0.003, 0, 0.009, 0.012, 0.003, 0, 0.003, 0.001, 0.008
Node_Nits4_Nits2_0, 0.006, 0, 0.011, 0.007, 0.006, 0, 0.006, 0.002, 0.007
Node_NitsA1_NitsA2_0, 0.008, 0, 0.027, 0.017, 0.008, 0, 0.008, 0.006, 0.008
Node_NitsA1_NitsA3_0, 0.027, 0, 0.044, 0.036, 0.027, 0, 0.027, 0.027, 0.001
Node_NitsA3_Nits1_0, 0.004, 0, 0.007, 0.003, 0.004, 0, 0.004, 0.003, 0.001
Node_NitsA3_Nits4_0, 0.01, 0, 0.02, 0.012, 0.01, 0, 0.01, 0.009, 0.003
Node_Omni4_Omni2_0, 0.003, 0, 0.005, 0.005, 0.003, 0, 0.003, 0, 0.005
Node_Omni4_Omni3_0, 0.001, 0, 0.005, 0.003, 0.001, 0, 0.001, 0.001, 0.003
Node_Omni4_Omni7_0, 0.003, 0, 0.002, 0.003, 0.003, 0, 0.003, 0.001, 0.004
Node_Omni4_Omni8_0, 0.003, 0, 0.015, 0.006, 0.003, 0, 0.003, 0.002, 0.002
Node_Omni8_Omni6_0, 0.004, 0, 0.007, 0.011, 0.003, 0, 0.004, 0, 0.008
Node_P4572X1_Ferm1_0, 0.001, 0, 0.003, 0.002, 0.001, 0, 0.001, 0.001, 0
Node_P4572X1_Gemm5_0, 0, 0, 0.002, 0.001, 0, 0, 0, 0, 0.001
Node_Pate13_Pate34_0, 0.002, 0, 0.008, 0.01, 0.002, 0, 0.002, 0.001, 0.004
Node_Pate13_Pate6_0, 0.006, 0, 0.001, 0.002, 0.006, 0, 0.006, 0.004, 0.002
Node_Pate14_Pate35_0, 0.002, 0, 0.003, 0.004, 0.002, 0, 0.002, 0, 0.003
Node_Pate14_Pate5_0, 0.002, 0, 0.003, 0.003, 0.002, 0, 0.002, 0, 0.003
Node_Pate15_Pate29_0, 0.003, 0, 0.005, 0.008, 0.003, 0, 0.003, 0, 0.008
Node_Pate17_Pate18_0, 0.001, 0, 0.001, 0.001, 0.001, 0, 0.001, 0, 0.002
Node_Pate17_Pate8_0, 0.003, 0, 0.002, 0.002, 0.003, 0, 0.003, 0, 0.004
Node_Pate18_Pate38_0, 0.003, 0, 0.003, 0.003, 0.003, 0, 0.003, 0, 0.005
Node_Pate18_Pate9_0, 0.001, 0, 0.003, 0.004, 0.001, 0, 0.001, 0, 0.003
Node_Pate19_Pate37_0, 0.001, 0, 0.001, 0.002, 0.001, 0, 0.001, 0, 0.002
Node_Pate1_Pate50_0, 0, 0, 0.004, 0.003, 0, 0, 0, 0, 0.001
Node_Pate21_Pate15_0, 0, 0, 0.004, 0.007, 0, 0, 0, 0, 0.001
Node_Pate21_Pate26_0, 0.003, 0, 0.002, 0.005, 0.003, 0, 0.003, 0.001, 0.003
Node_Pate24_Pate13_0, 0.005, 0, 0.002, 0.008, 0.005, 0, 0.005, 0.001, 0.005
Node_Pate24_Pate14_0, 0.002, 0, 0.001, 0.003, 0.002, 0, 0.002, 0, 0.002
Node_Pate24_Pate39_0, 0, 0, 0.004, 0.003, 0, 0, 0, 0, 0.001
Node_Pate24_Pate54_0, 0.003, 0, 0.01, 0.011, 0.003, 0, 0.003, 0, 0.008
Node_Pate25_Pate17_0, 0, 0, 0.002, 0.002, 0, 0, 0, 0, 0.001
Node_Pate25_Pate28_0, 0.002, 0, 0.003, 0.004, 0.002, 0, 0.002, 0, 0.005
Node_Pate25_Pate32_0, 0.001, 0, 0.002, 0.002, 0.001, 0, 0.001, 0.001, 0.002
Node_Pate26_Pate12_0, 0, 0, 0.005, 0.003, 0, 0, 0, 0, 0.002
Node_Pate40_Pate24_0, 0.001, 0, 0.002, 0.002, 0.001, 0, 0.001, 0, 0.002
Node_Pate40_Pate55_0, 0.003, 0, 0, 0, 0.003, 0, 0.003, 0.001, 0.002
Node_Pate40_Pate7_0, 0.001, 0.001, 0.003, 0.003, 0.001, 0, 0.001, 0, 0
Node_Pate43_Pate22_0, 0.002, 0, 0, 0, 0.002, 0, 0.002, 0, 0.002
Node_Pate43_Pate3_0, 0.001, 0, 0.002, 0.003, 0.001, 0, 0.001, 0.001, 0.001
Node_Pate43_Pate44_0, 0.003, 0, 0.002, 0.002, 0.003, 0, 0.003, 0, 0.004
Node_Pate43_Pate45_0, 0, 0, 0.001, 0, 0, 0, 0, 0, 0
Node_Pate43_Pate57_0, 0, 0, 0.005, 0.004, 0, 0, 0, 0, 0.002
Node_Pate44_Pate10_0, 0.002, 0, 0.005, 0.005, 0.002, 0, 0.002, 0, 0.005
Node_Pate44_Pate52_0, 0.002, 0, 0.005, 0.006, 0.002, 0, 0.002, 0, 0.004
Node_Pate45_Pate11_0, 0.002, 0, 0.003, 0.002, 0.002, 0, 0.002, 0, 0.003
Node_Pate45_Pate21_0, 0.002, 0, 0, 0, 0.002, 0, 0.002, 0, 0.002
Node_Pate46_Pate25_0, 0.001, 0, 0, 0, 0.001, 0, 0.001, 0.001, 0
Node_Pate48_Chlo30_0, 0.002, 0, 0.001, 0.001, 0.002, 0, 0.002, 0.001, 0.001
Node_Pate48_Pate1_0, 0.003, 0, 0, 0.001, 0.003, 0, 0.003, 0.001, 0.002
Node_Pate48_Pate23_0, 0.002, 0, 0.001, 0.002, 0.002, 0, 0.002, 0.001, 0.001
Node_Pate48_Pate30_0, 0.001, 0, 0.003, 0.002, 0.001, 0, 0.001, 0.001, 0.001
Node_Pate48_Pate40_0, 0.003, 0, 0, 0.003, 0.003, 0.001, 0.003, 0.002, 0.001
Node_Pate48_Pate43_0, 0.001, 0, 0, 0, 0.001, 0, 0.001, 0.001, 0
Node_Pate48_Pate46_0, 0.001, 0, 0.002, 0.002, 0.001, 0, 0.001, 0.001, 0.001
Node_Pate48_Pate49_0, 0.004, 0, 0.003, 0.004, 0.004, 0, 0.004, 0.002, 0.004
Node_Pate48_Pate51_0, 0.004, 0, 0.002, 0.003, 0.004, 0, 0.004, 0.002, 0.002
Node_Pate48_Pate56_0, 0.001, 0, 0.001, 0.001, 0.001, 0, 0.001, 0, 0.001
Node_Pate49_Pate41_0, 0.001, 0, 0.006, 0.004, 0.001, 0, 0.001, 0.001, 0.003
Node_Pate51_Pate27_0, 0, 0, 0.004, 0.004, 0, 0, 0, 0, 0.002
Node_Pate51_Pate33_0, 0.002, 0, 0.003, 0.006, 0.002, 0, 0.002, 0.001, 0.001
Node_Pate51_Pate53_0, 0.002, 0, 0.002, 0.005, 0.002, 0, 0.002, 0.001, 0.002
Node_Pate54_Pate31_0, 0.003, 0, 0.006, 0.007, 0.003, 0, 0.003, 0.001, 0.006
Node_Pate9_Pate36_0, 0.004, 0, 0.003, 0.007, 0.004, 0, 0.004, 0, 0.006
Node_Plan17_Plan23_0, 0.002, 0, 0.004, 0.005, 0.002, 0, 0.002, 0, 0.006
Node_Plan22_Plan2_0, 0.022, 0, 0.224, 0.042, 0.022, 0, 0.022, 0.022, 0.004
Node_Plan22_Plan4_0, 0.242, 0, 0.006, 0.039, 0.242, 0, 0.242, 0.051, 0.197
Node_Plan26_Plan21_0, 0.004, 0, 0.008, 0.003, 0.004, 0, 0.004, 0.001, 0.005
Node_Plan26_Plan5_0, 0.002, 0, 0.003, 0.003, 0.002, 0, 0.002, 0.001, 0.001
Node_Plan30_Plan14_0, 0, 0, 0.009, 0.006, 0, 0, 0, 0, 0.003
Node_Plan31_Plan17_0, 0, 0, 0.008, 0.004, 0, 0, 0, 0, 0.002
Node_Plan31_Plan18_0, 0.005, 0, 0.001, 0.004, 0.005, 0, 0.005, 0.003, 0.003
Node_Plan31_Plan27_0, 0.006, 0, 0.002, 0.008, 0.006, 0, 0.006, 0.002, 0.005
Node_Plan31_Plan39_0, 0.003, 0, 0.002, 0.003, 0.003, 0, 0.003, 0.003, 0
Node_Plan32_Plan12_0, 0.007, 0, 0.011, 0.01, 0.007, 0, 0.007, 0.002, 0.013
Node_Plan32_Plan22_0, 0.051, 0, 0.002, 0.008, 0.051, 0, 0.051, 0.007, 0.046
Node_Plan32_Plan26_0, 0.007, 0, 0.003, 0.003, 0.007, 0, 0.007, 0.001, 0.008
Node_Plan32_Plan30_0, 0.006, 0, 0.048, 0.013, 0.006, 0, 0.006, 0.005, 0.003
Node_Plan32_Plan3_0, 0.005, 0, 0.009, 0.007, 0.005, 0, 0.005, 0.001, 0.008
Node_Plan33_Plan44_0, 0.001, 0, 0.002, 0.003, 0.001, 0, 0.001, 0, 0.002
Node_Plan42_Plan40_0, 0, 0.001, 0.007, 0.007, 0, 0, 0, 0, 0.001
Node_Plan43_Plan16_0, 0, 0, 0.001, 0, 0, 0, 0, 0, 0
Node_Plan43_Plan31_0, 0.003, 0, 0.002, 0.003, 0.003, 0, 0.003, 0.003, 0
Node_Plan43_Plan32_0, 0.002, 0, 0.003, 0.001, 0.002, 0, 0.002, 0.001, 0.002
Node_Plan43_Plan33_0, 0.001, 0, 0.002, 0, 0.001, 0, 0.001, 0, 0.001
Node_Plan43_Plan42_0, 0.005, 0, 0.004, 0.005, 0.005, 0, 0.005, 0, 0.009
Node_Plan43_Plan7_0, 0.005, 0, 0.019, 0.013, 0.005, 0, 0.005, 0.004, 0.002
Node_Plan43_Verr11_0, 0.022, 0, 0.023, 0.021, 0.022, 0, 0.022, 0.022, 0
Node_Pori1_Pori2_0, 0.006, 0, 0.026, 0.014, 0.006, 0, 0.006, 0.005, 0.001
Node_ProtA11_ProtA32_0, 0.001, 0, 0.006, 0.004, 0.001, 0, 0.001, 0, 0.002
Node_ProtA12_ProtA44_0, 0.001, 0, 0.004, 0.004, 0.001, 0, 0.001, 0, 0.004
Node_ProtA12_ProtA54_0, 0, 0, 0.002, 0.002, 0, 0, 0, 0, 0.001
Node_ProtA13_ProtA24_0, 0.005, 0.001, 0.005, 0.004, 0.005, 0, 0.005, 0.001, 0.006
Node_ProtA13_ProtA61_0, 0, 0, 0.006, 0.003, 0, 0, 0, 0, 0.001
Node_ProtA13_ProtA77_0, 0.002, 0, 0.004, 0.006, 0.002, 0, 0.002, 0.001, 0.004
Node_ProtA13_ProtA7_0, 0.003, 0, 0.003, 0.004, 0.003, 0, 0.003, 0, 0.004
Node_ProtA15_ProtA42_0, 0, 0, 0.002, 0.002, 0, 0, 0, 0, 0.002
Node_ProtA15_ProtA70_0, 0, 0, 0.004, 0.003, 0, 0, 0, 0, 0.003
Node_ProtA16_ProtA33_0, 0.003, 0, 0.002, 0.004, 0.003, 0, 0.003, 0.001, 0.002
Node_ProtA16_ProtA66_0, 0.002, 0, 0.008, 0.007, 0.002, 0, 0.002, 0, 0.007
Node_ProtA16_ProtA69_0, 0.001, 0, 0.003, 0.001, 0.001, 0, 0.001, 0, 0.001
Node_ProtA16_ProtA8_0, 0.003, 0, 0.001, 0.003, 0.003, 0, 0.003, 0.001, 0.003
Node_ProtA18_ProtA10_0, 0.001, 0.001, 0.004, 0.005, 0.001, 0, 0.001, 0, 0.004
Node_ProtA18_ProtA19_0, 0.004, 0, 0.003, 0.004, 0.004, 0, 0.004, 0.004, 0.001
Node_ProtA18_ProtA29_0, 0, 0, 0.001, 0.001, 0, 0, 0, 0, 0.001
Node_ProtA18_ProtA53_0, 0, 0, 0.005, 0.003, 0, 0, 0, 0, 0.001
Node_ProtA19_ProtA14_0, 0.005, 0, 0.003, 0.006, 0.005, 0, 0.005, 0, 0.008
Node_ProtA19_ProtA20_0, 0.004, 0, 0.006, 0.007, 0.004, 0, 0.004, 0, 0.006
Node_ProtA19_ProtA3_0, 0.009, 0, 0.006, 0.007, 0.009, 0, 0.009, 0.003, 0.01
Node_ProtA19_ProtA46_0, 0.005, 0, 0.01, 0.01, 0.005, 0, 0.005, 0.001, 0.009
Node_ProtA19_ProtA49_0, 0.004, 0, 0.007, 0.007, 0.004, 0, 0.004, 0.002, 0.006
Node_ProtA19_ProtA56_0, 0.001, 0, 0.006, 0.003, 0.001, 0, 0.001, 0.001, 0.003
Node_ProtA19_ProtA68_0, 0.003, 0, 0.01, 0.003, 0.003, 0, 0.003, 0.001, 0.004
Node_ProtA19_ProtA74_0, 0.006, 0, 0.004, 0.003, 0.006, 0, 0.006, 0.001, 0.007
Node_ProtA19_ProtA75_0, 0, 0, 0.001, 0.001, 0, 0, 0, 0, 0
Node_ProtA20_ProtA11_0, 0.005, 0, 0.007, 0.009, 0.005, 0, 0.005, 0.002, 0.008
Node_ProtA20_ProtA5_0, 0.002, 0, 0.006, 0.006, 0.002, 0, 0.002, 0.002, 0.003
Node_ProtA26_ProtA37_0, 0.002, 0, 0.005, 0.007, 0.002, 0, 0.002, 0.001, 0.003
Node_ProtA26_ProtA45_0, 0.004, 0, 0.01, 0.008, 0.004, 0, 0.004, 0.004, 0.002
Node_ProtA27_ProtA21_0, 0.003, 0, 0.002, 0.002, 0.003, 0, 0.003, 0.001, 0.004
Node_ProtA30_ProtA35_0, 0, 0, 0.001, 0, 0, 0, 0, 0, 0
Node_ProtA34_Acid38_0, 0.657, 0.005, 0.025, 0.116, 0.641, 0.027, 0.657, 0.648, 0.002
Node_ProtA34_Chry1_0, 0.648, 0.013, 0.015, 0.227, 0.628, 0.022, 0.648, 0.625, 0.004
Node_ProtA34_DesuB4_0, 0.722, 0.017, 0.325, 0.369, 0.689, 0, 0.722, 0.682, 0.008
Node_ProtA34_DesuC2_0, 0.587, 0.009, 0.154, 0.288, 0.559, 0, 0.587, 0.562, 0.01
Node_ProtA34_J088X1_0, 0.372, 0.004, 0.231, 0.207, 0.365, 0, 0.372, 0.356, 0.012
Node_ProtA34_Nitr14_0, 0.706, 0.007, 0.025, 0.164, 0.695, 0.065, 0.706, 0.69, 0.002
Node_ProtA34_ProtA13_0, 0.002, 0, 0.005, 0.007, 0.002, 0, 0.002, 0.002, 0.004
Node_ProtA34_ProtA16_0, 0.003, 0, 0.004, 0.005, 0.003, 0, 0.003, 0.002, 0.003
Node_ProtA34_ProtA18_0, 0.006, 0, 0.004, 0.007, 0.006, 0, 0.006, 0.005, 0.002
Node_ProtA34_ProtA26_0, 0.012, 0, 0.014, 0.017, 0.012, 0, 0.012, 0.009, 0.004
Node_ProtA34_ProtA38_0, 0.004, 0, 0.006, 0.004, 0.004, 0, 0.004, 0.001, 0.004
Node_ProtA34_ProtA39_0, 0.008, 0, 0.006, 0.003, 0.008, 0, 0.008, 0.006, 0.002
Node_ProtA34_ProtA40_0, 0.002, 0, 0.003, 0.001, 0.002, 0, 0.002, 0, 0.003
Node_ProtA34_ProtA43_0, 0.002, 0, 0.006, 0.005, 0.002, 0, 0.002, 0.001, 0.006
Node_ProtA34_ProtA9_0, 0.022, 0, 0.03, 0.032, 0.021, 0, 0.022, 0.021, 0.003
Node_ProtA34_ProtG30_0, 0.359, 0.006, 0.048, 0.199, 0.353, 0, 0.359, 0.321, 0.029
Node_ProtA34_ProtM1_0, 0.098, 0.001, 0.263, 0.157, 0.096, 0, 0.098, 0.095, 0.001
Node_ProtA34_SAR3X2_0, 0.82, 0.014, 0.012, 0.203, 0.804, 0.106, 0.82, 0.79, 0.006
Node_ProtA34_SM23X1_0, 0.624, 0.008, 0.019, 0.144, 0.607, 0.009, 0.624, 0.609, 0
Node_ProtA34_Spir10_0, 0.626, 0.028, 0.009, 0.28, 0.605, 0.399, 0.626, 0.579, 0
Node_ProtA34_UBA2X1_0, 1.022, 0.041, 0.012, 0.272, 0.973, 0.152, 1.022, 0.927, 0.021
Node_ProtA34_Wall1_0, 0.208, 0.003, 0.001, 0.067, 0.206, 0.206, 0.208, 0.203, 0
Node_ProtA34_mitoFungi_0, 0.049, 0.003, 0.052, 0.054, 0.047, 0, 0.049, 0.045, 0
Node_ProtA38_ProtA15_0, 0.001, 0, 0.006, 0.004, 0.001, 0, 0.001, 0, 0.003
Node_ProtA38_ProtA41_0, 0.002, 0, 0.006, 0.006, 0.002, 0, 0.002, 0, 0.007
Node_ProtA38_ProtA64_0, 0.001, 0, 0.003, 0.005, 0.001, 0, 0.001, 0, 0.003
Node_ProtA39_ProtA12_0, 0.001, 0, 0.002, 0.003, 0.001, 0, 0.001, 0.001, 0.002
Node_ProtA39_ProtA27_0, 0.001, 0, 0.007, 0.004, 0.001, 0, 0.001, 0.001, 0
Node_ProtA39_ProtA30_0, 0.001, 0, 0.003, 0.002, 0.001, 0, 0.001, 0, 0.003
Node_ProtA39_ProtA36_0, 0.002, 0, 0.004, 0.004, 0.002, 0, 0.002, 0, 0.005
Node_ProtA3_ProtA72_0, 0.005, 0, 0.045, 0.008, 0.005, 0, 0.005, 0.003, 0.005
Node_ProtA3_ProtA76_0, 0.045, 0.001, 0.003, 0.009, 0.044, 0, 0.045, 0.006, 0.038
Node_ProtA40_ProtA67_0, 0.002, 0, 0.006, 0.006, 0.002, 0, 0.002, 0, 0.006
Node_ProtA46_ProtA55_0, 0.002, 0, 0.007, 0.006, 0.002, 0, 0.002, 0.001, 0.004
Node_ProtA47_ProtA63_0, 0.896, 0, 0.087, 0.046, 0.891, 0, 0.896, 0.874, 0.025
Node_ProtA53_ProtA58_0, 0.002, 0, 0.002, 0.005, 0.002, 0, 0.002, 0, 0.004
Node_ProtA56_ProtA52_0, 0.001, 0, 0.004, 0.003, 0.001, 0, 0.001, 0, 0.004
Node_ProtA68_ProtA2_0, 0.056, 0, 0.011, 0.01, 0.056, 0, 0.056, 0, 0.064
Node_ProtA69_ProtA50_0, 0.001, 0, 0.006, 0.005, 0.001, 0, 0.001, 0, 0.006
Node_ProtA70_ProtA57_0, 0.001, 0, 0.001, 0.001, 0.001, 0, 0.001, 0, 0.002
Node_ProtA76_ProtA47_0, 0.958, 0.058, 0.008, 0.144, 0.892, 0, 0.958, 0.187, 0.713
Node_ProtA76_ProtA48_0, 0.195, 0.004, 0.002, 0.022, 0.19, 0, 0.195, 0.044, 0.148
Node_ProtA76_ProtA62_0, 1.063, 0.002, 0.011, 0.053, 0.969, 0, 1.063, 0.952, 0.114
Node_ProtA76_ProtA71_0, 0.333, 0.001, 0.866, 0.042, 0.332, 0, 0.333, 0.197, 0.135
Node_ProtA77_ProtA31_0, 0, 0, 0.005, 0.004, 0, 0, 0, 0, 0.003
Node_ProtA77_ProtA51_0, 0.001, 0, 0.002, 0.003, 0.001, 0, 0.001, 0, 0.003
Node_ProtA9_ProtA60_0, 0.007, 0, 0.016, 0.01, 0.007, 0, 0.007, 0.006, 0.001
Node_ProtG12_ProtG5_0, 0.002, 0, 0.008, 0.006, 0.002, 0, 0.002, 0, 0.008
Node_ProtG16_ProtG17_0, 0.002, 0, 0.006, 0.006, 0.002, 0, 0.002, 0.001, 0.004
Node_ProtG18_ProtG10_0, 0.003, 0, 0.004, 0.004, 0.003, 0, 0.003, 0.001, 0.006
Node_ProtG18_ProtG12_0, 0.002, 0, 0.003, 0.003, 0.002, 0, 0.002, 0, 0.002
Node_ProtG18_ProtG14_0, 0.001, 0, 0.002, 0.002, 0.001, 0, 0.001, 0, 0.003
Node_ProtG18_ProtG21_0, 0.002, 0, 0.005, 0.006, 0.002, 0, 0.002, 0.001, 0.005
Node_ProtG24_ProtG18_0, 0, 0, 0.005, 0.005, 0, 0, 0, 0, 0.003
Node_ProtG25_ProtG9_0, 0.004, 0, 0.003, 0.003, 0.004, 0, 0.004, 0.002, 0.003
Node_ProtG29_ProtG76_0, 0.002, 0, 0.004, 0.006, 0.002, 0, 0.002, 0, 0.005
Node_ProtG30_ProtG19_0, 0.001, 0, 0.003, 0.003, 0.001, 0, 0.001, 0, 0.004
Node_ProtG30_ProtG31_0, 0.09, 0.001, 0.011, 0.018, 0.09, 0, 0.09, 0.078, 0.015
Node_ProtG30_ProtG34_0, 0.006, 0, 0.085, 0.015, 0.006, 0, 0.006, 0.005, 0.001
Node_ProtG30_ProtG35_0, 0.005, 0, 0.005, 0.007, 0.005, 0, 0.005, 0.003, 0.004
Node_ProtG30_ProtG39_0, 0, 0, 0.004, 0.005, 0, 0, 0, 0, 0.004
Node_ProtG30_ProtG42_0, 0.104, 0, 0.581, 0.06, 0.103, 0, 0.104, 0.101, 0.003
Node_ProtG30_ProtG49_0, 0.003, 0, 0.011, 0.011, 0.003, 0, 0.003, 0.001, 0.003
Node_ProtG30_ProtG50_0, 0.085, 0, 0.025, 0.026, 0.085, 0, 0.085, 0.08, 0.006
Node_ProtG30_ProtG64_0, 0, 0, 0.007, 0.005, 0, 0, 0, 0, 0.004
Node_ProtG30_ProtG71_0, 0.494, 0.001, 0.092, 0.04, 0.491, 0, 0.494, 0.484, 0.009
Node_ProtG30_ProtG80_0, 0.525, 0.002, 0.008, 0.017, 0.522, 0, 0.525, 0.485, 0.037
Node_ProtG30_ProtG84_0, 0.011, 0, 0.005, 0.007, 0.011, 0, 0.011, 0.003, 0.011
Node_ProtG30_ProtG85_0, 0.682, 0.011, 0.003, 0.044, 0.667, 0, 0.682, 0.518, 0.149
Node_ProtG30_ProtG87_0, 0.003, 0, 0.002, 0, 0.003, 0, 0.003, 0.001, 0.002
Node_ProtG30_ProtZ3_0, 0.576, 0.009, 0.008, 0.268, 0.567, 0.002, 0.576, 0.389, 0.175
Node_ProtG30_ProtZ5_0, 0.398, 0.002, 0.022, 0.211, 0.396, 0, 0.398, 0.338, 0.059
Node_ProtG31_ProtG16_0, 0.004, 0, 0.003, 0.003, 0.004, 0, 0.004, 0.003, 0.004
Node_ProtG31_ProtG32_0, 0.111, 0.001, 0.006, 0.027, 0.11, 0, 0.111, 0.084, 0.026
Node_ProtG31_ProtG36_0, 0.005, 0, 0.014, 0.004, 0.005, 0, 0.005, 0.005, 0.001
Node_ProtG31_ProtG44_0, 0.027, 0, 0.008, 0.006, 0.027, 0, 0.027, 0.001, 0.031
Node_ProtG31_ProtG45_0, 0.018, 0, 0.1, 0.016, 0.018, 0, 0.018, 0.013, 0.007
Node_ProtG31_ProtG47_0, 0.003, 0, 0.006, 0.004, 0.003, 0, 0.003, 0, 0.005
Node_ProtG31_ProtG61_0, 0.004, 0, 0.001, 0.002, 0.004, 0, 0.004, 0.004, 0
Node_ProtG32_ProtG26_0, 0.299, 0, 0.003, 0.049, 0.298, 0, 0.299, 0.171, 0.129
Node_ProtG32_ProtG33_0, 0.169, 0.003, 0.01, 0.027, 0.162, 0, 0.169, 0.102, 0.065
Node_ProtG32_ProtG37_0, 0.145, 0, 0.04, 0.022, 0.144, 0, 0.145, 0.129, 0.016
Node_ProtG32_ProtG43_0, 0.173, 0, 0.007, 0.054, 0.173, 0, 0.173, 0.14, 0.035
Node_ProtG33_ProtG48_0, 0.189, 0, 0.089, 0.033, 0.189, 0, 0.189, 0.136, 0.055
Node_ProtG33_ProtG67_0, 0.223, 0.001, 0.021, 0.049, 0.21, 0, 0.223, 0.15, 0.074
Node_ProtG33_ProtG7_0, 0.385, 0.001, 0.015, 0.073, 0.385, 0, 0.385, 0.183, 0.21
Node_ProtG35_ProtG81_0, 0, 0, 0.006, 0.003, 0, 0, 0, 0, 0.001
Node_ProtG36_ProtG20_0, 0.001, 0, 0.005, 0.002, 0.001, 0, 0.001, 0, 0.003
Node_ProtG36_ProtG24_0, 0.002, 0, 0.004, 0.004, 0.002, 0, 0.002, 0.001, 0.004
Node_ProtG36_ProtG38_0, 0.002, 0, 0.009, 0.005, 0.002, 0, 0.002, 0, 0.006
Node_ProtG36_ProtG65_0, 0.003, 0, 0.003, 0.008, 0.003, 0, 0.003, 0.001, 0.004
Node_ProtG37_ProtG41_0, 0.005, 0, 0.009, 0.009, 0.005, 0, 0.005, 0.002, 0.009
Node_ProtG37_ProtG51_0, 0.001, 0, 0.008, 0.006, 0.001, 0, 0.001, 0, 0.004
Node_ProtG37_ProtG53_0, 0.019, 0, 0.131, 0.03, 0.019, 0, 0.019, 0.016, 0.005
Node_ProtG37_ProtG8_0, 0.005, 0, 0.016, 0.005, 0.005, 0, 0.005, 0.004, 0.002
Node_ProtG38_ProtG28_0, 0.005, 0, 0.004, 0.006, 0.005, 0, 0.005, 0, 0.007
Node_ProtG38_ProtG46_0, 0.003, 0, 0.007, 0.006, 0.003, 0, 0.003, 0.002, 0.005
Node_ProtG39_ProtG15_0, 0.002, 0, 0.002, 0.004, 0.002, 0, 0.002, 0, 0.004
Node_ProtG41_ProtG40_0, 0, 0, 0.008, 0.006, 0, 0, 0, 0, 0.003
Node_ProtG42_ProtG74_0, 0.013, 0, 0.094, 0.029, 0.013, 0, 0.013, 0.012, 0.003
Node_ProtG43_ProtG55_0, 0.001, 0, 0.174, 0.036, 0.001, 0, 0.001, 0, 0.002
Node_ProtG44_ProtG22_0, 0.164, 0, 0.005, 0.005, 0.164, 0, 0.164, 0.026, 0.142
Node_ProtG45_ProtG66_0, 0.03, 0, 0.006, 0.013, 0.03, 0, 0.03, 0.013, 0.018
Node_ProtG45_ProtG75_0, 0.023, 0, 0.024, 0.011, 0.023, 0, 0.023, 0.007, 0.017
Node_ProtG47_ProtG62_0, 0.002, 0, 0.004, 0.001, 0.002, 0, 0.002, 0, 0.003
Node_ProtG48_ProtG1_0, 0.016, 0, 0.175, 0.036, 0.016, 0, 0.016, 0.015, 0.002
Node_ProtG48_ProtG25_0, 0.004, 0, 0.02, 0.019, 0.004, 0, 0.004, 0.003, 0.008
Node_ProtG48_ProtG6_0, 0.002, 0, 0.005, 0.002, 0.002, 0, 0.002, 0.001, 0.003
Node_ProtG49_ProtG29_0, 0.001, 0, 0.004, 0.005, 0.001, 0, 0.001, 0, 0.002
Node_ProtG53_ProtG27_0, 0.006, 0, 0.019, 0.014, 0.006, 0, 0.006, 0.006, 0.006
Node_ProtG53_ProtG70_0, 0.001, 0, 0.009, 0.006, 0.001, 0, 0.001, 0, 0.004
Node_ProtG58_ProtG59_0, 1.004, 0.003, 0.066, 0.02, 1, 0, 1.004, 0.996, 0.008
Node_ProtG59_ProtG73_0, 1.003, 0, 0.005, 0.003, 1, 0, 1.003, 1.001, 0.004
Node_ProtG61_ProtG60_0, 1.004, 0.002, 0.009, 0.04, 0.999, 0, 1.004, 0.071, 0.938
Node_ProtG61_ProtG72_0, 0.016, 0, 0.004, 0.013, 0.016, 0, 0.016, 0.003, 0.016
Node_ProtG61_ProtG78_0, 0.073, 0, 0.004, 0.01, 0.073, 0, 0.073, 0.012, 0.061
Node_ProtG62_ProtG77_0, 0.003, 0, 0.005, 0.006, 0.003, 0, 0.003, 0.002, 0.006
Node_ProtG65_ProtG69_0, 0.002, 0, 0.005, 0.005, 0.002, 0, 0.002, 0.001, 0.004
Node_ProtG66_ProtG68_0, 1.005, 0.009, 0.016, 0.107, 0.996, 0, 1.005, 0.021, 0.982
Node_ProtG67_ProtG63_0, 0.348, 0.001, 0.133, 0.065, 0.317, 0, 0.348, 0.092, 0.257
Node_ProtG80_ProtG57_0, 0.018, 0, 0.511, 0.019, 0.018, 0, 0.018, 0.016, 0.004
Node_ProtG81_ProtG79_0, 0, 0, 0.003, 0.003, 0, 0, 0, 0, 0.003
Node_ProtG83_ProtG52_0, 1.932, 0.201, 0.033, 1.119, 1, 0, 1.932, 1.434, 0.116
Node_ProtG83_ProtG89_0, 1.648, 0.424, 0.009, 0.387, 0.995, 0, 1.648, 0.498, 0.673
Node_ProtG84_ProtG11_0, 0.284, 0.002, 0.324, 0.114, 0.28, 0, 0.284, 0.238, 0.046
Node_ProtG84_ProtG83_0, 0.56, 0.197, 0.005, 0.105, 0.354, 0, 0.56, 0.035, 0.316
Node_ProtG84_ProtG90_0, 0.052, 0.005, 0.003, 0.025, 0.047, 0, 0.052, 0.009, 0.039
Node_ProtG85_ProtG56_0, 1.055, 0.005, 0.091, 0.07, 0.999, 0, 1.055, 0.985, 0.062
Node_ProtG85_ProtG58_0, 1.059, 0.042, 0.007, 0.112, 0.999, 0, 1.059, 0.653, 0.342
Node_ProtG85_ProtG86_0, 1.025, 0.006, 0.037, 0.038, 0.999, 0, 1.025, 1.014, 0.001
Node_ProtG85_ProtG88_0, 1.079, 0.018, 0.012, 0.078, 1, 0, 1.079, 1.033, 0.014
Node_ProtG85_ProtG91_0, 1.006, 0.004, 0.026, 0.326, 0.998, 0, 1.006, 1, 0.003
Node_ProtG86_ProtG82_0, 1.003, 0.005, 0.032, 0.362, 0.997, 0, 1.003, 0.996, 0.005
Node_ProtG87_ProtG3_0, 0.002, 0, 0.003, 0.001, 0.002, 0, 0.002, 0.001, 0.002
Node_ProtG87_ProtG4_0, 0.003, 0, 0.005, 0.006, 0.003, 0, 0.003, 0.001, 0.005
Node_ProtG89_ProtG13_0, 1.027, 0.002, 0.639, 0.256, 1, 0, 1.027, 1.015, 0.016
Node_ProtG90_ProtG54_0, 0.004, 0, 0.051, 0.017, 0.004, 0, 0.004, 0.002, 0.003
Node_ProtM1_ProtM2_0, 0.004, 0, 0.016, 0.016, 0.004, 0, 0.004, 0.004, 0.002
Node_ProtM1_ProtM3_0, 0.018, 0, 0.085, 0.048, 0.018, 0, 0.018, 0.018, 0.005
Node_ProtZ1_ProtZ4_0, 1.567, 0.001, 0.012, 0.004, 1, 0, 1.567, 1.51, 0.059
Node_ProtZ3_ProtZ1_0, 1.519, 0.515, 0.016, 0.161, 1, 0, 1.519, 0.479, 0.016
Node_ProtZ3_ProtZ2_0, 1.004, 0.025, 0.03, 0.899, 0.99, 0, 1.004, 0.539, 0.433
Node_SAR3X2_BMS3X1_0, 0.104, 0.003, 0.719, 0.301, 0.104, 0, 0.104, 0.102, 0
Node_SAR3X2_SAR3X1_0, 0.021, 0.001, 0.09, 0.075, 0.021, 0, 0.021, 0.019, 0.006
Node_SM23X1_AABM5X1_0, 0.001, 0, 0.004, 0.002, 0.001, 0, 0.001, 0.001, 0.001
Node_SM23X1_Aero1_0, 0.271, 0.004, 0.358, 0.207, 0.267, 0.001, 0.271, 0.267, 0
Node_SM23X1_Bact27_0, 0.004, 0, 0.006, 0.001, 0.004, 0, 0.004, 0.003, 0.001
Node_SM23X1_Caldit2_0, 0.003, 0, 0.002, 0.004, 0.003, 0, 0.003, 0, 0.004
Node_SM23X1_Fibr4_0, 0.009, 0.001, 0.003, 0.007, 0.009, 0, 0.009, 0.004, 0.007
Node_SM23X1_Hydr2_0, 0.101, 0, 0.17, 0.095, 0.1, 0, 0.101, 0.101, 0
Node_SM23X1_KSB1X2_0, 0.003, 0, 0.005, 0.005, 0.003, 0, 0.003, 0.002, 0.005
Node_SM23X1_KSB1X3_0, 0.003, 0, 0.005, 0.005, 0.003, 0, 0.003, 0, 0.005
Node_SM23X1_P4572X1_0, 0.004, 0, 0.004, 0.006, 0.004, 0, 0.004, 0.003, 0.001
Node_SM23X1_Pori1_0, 0.031, 0, 0.07, 0.042, 0.031, 0, 0.031, 0.031, 0
Node_SM23X1_RBG1_0, 0.012, 0, 0.019, 0.014, 0.012, 0, 0.012, 0.012, 0
Node_SM23X1_TA06X1_0, 0.007, 0, 0.005, 0.004, 0.007, 0, 0.007, 0.007, 0
Node_SM23X1_Zixi5_0, 0.004, 0, 0.003, 0.004, 0.004, 0.001, 0.004, 0.002, 0.002
Node_Spir10_Lind1_0, 0.62, 0.008, 0.024, 0.147, 0.607, 0.004, 0.62, 0.602, 0.006
Node_Spir10_Spir11_0, 0.102, 0.001, 0.53, 0.154, 0.102, 0, 0.102, 0.101, 0.001
Node_Spir10_Spir12_0, 0.044, 0, 0.058, 0.074, 0.044, 0, 0.044, 0.044, 0
Node_Spir10_Spir13_0, 0.005, 0, 0.015, 0.016, 0.005, 0, 0.005, 0.003, 0.002
Node_Spir10_Spir15_0, 0.63, 0.025, 0.017, 0.103, 0.604, 0, 0.63, 0.579, 0.002
Node_Spir10_Spir3_0, 0.001, 0, 0.006, 0.004, 0.001, 0, 0.001, 0, 0.002
Node_Spir10_Spir8_0, 0.018, 0, 0.026, 0.036, 0.018, 0, 0.018, 0.018, 0
Node_Spir13_Spir2_0, 0, 0, 0.008, 0.009, 0, 0, 0, 0, 0.003
Node_Spir15_Spir4_0, 0.68, 0.024, 0.013, 0.138, 0.635, 0, 0.68, 0.599, 0.039
Node_Spir15_Spir9_0, 0.939, 0.022, 0.006, 0.228, 0.874, 0, 0.939, 0.662, 0.243
Node_Sume1_OLB1X1_0, 0.001, 0, 0.01, 0.006, 0.001, 0, 0.001, 0.001, 0
Node_Sume1_UBP4X1_0, 0.001, 0, 0.002, 0.005, 0.001, 0, 0.001, 0, 0.002
Node_Syne1_Calda2_0, 0.004, 0, 0.005, 0.006, 0.004, 0, 0.004, 0.004, 0.002
Node_Syne1_Cyan40_0, 0.023, 0, 0.033, 0.023, 0.023, 0, 0.023, 0.023, 0
Node_Syne1_Dein5_0, 0.007, 0, 0.017, 0.016, 0.007, 0, 0.007, 0.007, 0.001
Node_Syne1_Syne2_0, 0, 0, 0.003, 0.002, 0, 0, 0, 0, 0.002
Node_Syne1_Syne4_0, 0.001, 0, 0.003, 0.008, 0.001, 0, 0.001, 0.001, 0.001
Node_Syne1_Syne6_0, 0.001, 0, 0.003, 0.004, 0.001, 0, 0.001, 0.001, 0.003
Node_Syne1_Syne7_0, 0.001, 0, 0.002, 0.001, 0.001, 0, 0.001, 0, 0.002
Node_Syne1_Syne9_0, 0.003, 0, 0.004, 0.002, 0.003, 0, 0.003, 0.002, 0.003
Node_Syne2_Syne8_0, 0.003, 0, 0.001, 0.003, 0.003, 0, 0.003, 0, 0.004
Node_Syne4_Syne5_0, 0, 0, 0.001, 0, 0, 0, 0, 0, 0
Node_Syne7_Syne10_0, 0, 0, 0.007, 0.007, 0, 0, 0, 0, 0.006
Node_Syne8_Syne3_0, 0.001, 0, 0.008, 0.006, 0.001, 0, 0.001, 0.001, 0.006
Node_TA06X1_Cloa1_0, 0, 0, 0.007, 0.002, 0, 0, 0, 0, 0
Node_TA06X1_Edwa1_0, 0, 0, 0.001, 0.001, 0, 0, 0, 0, 0.001
Node_TA06X1_WOR1_0, 0, 0, 0.001, 0.002, 0, 0, 0, 0, 0.001
Node_Therd1_Dict1_0, 0.001, 0, 0.004, 0.004, 0.001, 0, 0.001, 0.001, 0.002
Node_Therg2_Therg4_0, 0.003, 0, 0.003, 0.004, 0.003, 0, 0.003, 0.002, 0.003
Node_Therg3_Therg5_0, 0.001, 0, 0.007, 0.008, 0.001, 0, 0.001, 0, 0.006
Node_Therg8_Therg2_0, 0.003, 0, 0.001, 0.001, 0.003, 0, 0.003, 0.001, 0.002
Node_Therg8_Therg3_0, 0.002, 0, 0.005, 0.008, 0.002, 0, 0.002, 0.001, 0.004
Node_Therg8_Therg6_0, 0.001, 0, 0.003, 0.003, 0.001, 0, 0.001, 0, 0.002
Node_Thers1_Desua45_0, 0.016, 0, 0.068, 0.044, 0.016, 0, 0.016, 0.016, 0.001
Node_UBA1X2_UBA1X3_0, 0.02, 0, 0.207, 0.036, 0.02, 0, 0.02, 0.016, 0.005
Node_UBA1X2_UBA1X5_0, 0.004, 0, 0.025, 0.024, 0.004, 0, 0.004, 0.002, 0.009
Node_UBA1X5_UBA1X4_0, 0.002, 0, 0.008, 0.009, 0.002, 0, 0.002, 0.001, 0.006
Node_UBA1X6_UBA1X1_0, 0.342, 0.001, 0.011, 0.034, 0.342, 0, 0.342, 0.214, 0.13
Node_UBA1X6_UBA1X2_0, 0.222, 0, 0.03, 0.036, 0.222, 0, 0.222, 0.199, 0.023
Node_UBA2X1_DesuD2_0, 0.959, 0.006, 0.071, 0.189, 0.949, 0, 0.959, 0.951, 0.001
Node_UBA2X1_Desua22_0, 1.023, 0.022, 0.047, 0.384, 0.988, 0, 1.023, 0.961, 0.026
Node_UBA2X1_Desua28_0, 0.954, 0, 0.016, 0.182, 0.95, 0, 0.954, 0.943, 0.011
Node_UBA2X1_SZUA2_0, 0.069, 0, 0.888, 0.163, 0.069, 0, 0.069, 0.068, 0.003
Node_UBA6X1_Desa1_0, 0.014, 0.001, 0.095, 0.026, 0.014, 0, 0.014, 0.013, 0.002
Node_UBA6X1_Elus1_0, 0.003, 0, 0.011, 0.008, 0.003, 0, 0.003, 0.003, 0
Node_UBA6X1_Gold1_0, 0.106, 0, 0.049, 0.035, 0.105, 0, 0.106, 0.103, 0.003
Node_UBA9X1_UBA9X3_0, 0.01, 0, 0.019, 0.015, 0.01, 0, 0.01, 0.01, 0
Node_UBA9X3_UBA9X2_0, 0.004, 0.001, 0.009, 0.013, 0.004, 0, 0.004, 0.003, 0.002
Node_Verr11_Aure2_0, 0.025, 0, 0.008, 0.009, 0.025, 0, 0.025, 0.007, 0.018
Node_Verr11_Aure3_0, 0.015, 0, 0.005, 0.004, 0.014, 0.001, 0.015, 0.013, 0.003
Node_Verr11_Omni4_0, 0.016, 0.002, 0.01, 0.014, 0.015, 0, 0.016, 0.012, 0.002
Node_Verr11_Verr12_0, 0.996, 0, 0.018, 0.011, 0.996, 0, 0.996, 0.996, 0.005
Node_Verr11_Verr14_0, 1.009, 0.008, 0.009, 0.011, 1, 0, 1.009, 0.991, 0.002
Node_Verr11_Verr7_0, 0.197, 0, 0.002, 0.124, 0.197, 0, 0.197, 0.088, 0.11
Node_Verr11_Verr8_0, 0.089, 0, 0.001, 0.043, 0.089, 0, 0.089, 0.024, 0.065
Node_Verr11_Verr9_0, 1.008, 0.019, 0.017, 0.568, 0.999, 0, 1.008, 0.189, 0.809
Node_Verr3_Verr10_0, 0.251, 0, 0.003, 0.035, 0.251, 0, 0.251, 0.064, 0.189
Node_Verr5_Verr6_0, 0.005, 0, 0.042, 0.026, 0.005, 0, 0.005, 0.004, 0.005
Node_Verr7_Verr13_0, 0.011, 0, 0.023, 0.024, 0.011, 0, 0.011, 0.008, 0.004
Node_Verr7_Verr2_0, 1.003, 0.004, 0.012, 0.01, 0.999, 0, 1.003, 0.002, 1
Node_Verr7_Verr4_0, 0.03, 0, 0.168, 0.098, 0.03, 0, 0.03, 0.03, 0.001
Node_Verr8_Verr3_0, 0.065, 0.001, 0.012, 0.027, 0.065, 0, 0.065, 0.032, 0.034
Node_Verr8_Verr5_0, 0.042, 0, 0.05, 0.026, 0.042, 0, 0.042, 0.04, 0.003
Node_WOR1_WOR2_0, 0.007, 0, 0, 0.001, 0.007, 0, 0.007, 0, 0.007
Node_WOR1_WOR3_0, 0, 0, 0.027, 0.005, 0, 0, 0, 0, 0.001
Node_WOR1_WOR6_0, 0.026, 0, 0.003, 0.007, 0.026, 0, 0.026, 0.005, 0.022
Node_WOR2_WOR4_0, 0.001, 0, 0.009, 0.006, 0.001, 0, 0.001, 0, 0.003
Node_WOR6_WOR7_0, 0.14, 0, 0.002, 0.005, 0.14, 0, 0.14, 0.025, 0.116
Node_Wall1_Fuso2_0, 0.014, 0, 0.042, 0.027, 0.014, 0, 0.014, 0.014, 0
Node_Wall1_Muir1_0, 0.003, 0, 0.002, 0.002, 0.003, 0, 0.003, 0.002, 0.001
Node_Wall1_Rifl1_0, 0.004, 0, 0.011, 0.009, 0.004, 0, 0.004, 0.003, 0.001
Node_Wall1_Syne1_0, 0.056, 0, 0.152, 0.079, 0.056, 0, 0.056, 0.056, 0
Node_Zixi2_Zixi1_0, 0.003, 0, 0.003, 0.003, 0.003, 0, 0.003, 0, 0.005
Node_Zixi4_Zixi2_0, 0.001, 0, 0.001, 0, 0.001, 0, 0.001, 0, 0.001
Node_Zixi4_Zixi3_0, 0.001, 0, 0.006, 0.007, 0.001, 0, 0.001, 0, 0.006
Node_Zixi5_Late2_0, 0, 0, 0.004, 0.002, 0, 0, 0, 0, 0
Node_Zixi5_TA06A1_0, 0, 0, 0.002, 0.001, 0, 0, 0, 0, 0.001
Node_Zixi5_UBP14X1_0, 0.001, 0, 0, 0, 0.001, 0, 0.001, 0, 0.001
Node_Zixi5_Zixi4_0, 0.001, 0, 0.001, 0.002, 0.001, 0, 0.001, 0, 0.002
Node_chloroArabidopsis_chloroBryophyte_0, 0.002, 0, 0.007, 0.006, 0.002, 0, 0.002, 0.001, 0.007
Node_chloroArabidopsis_chloroChlorophyta_0, 0.002, 0, 0.003, 0.003, 0.002, 0, 0.002, 0, 0.005
Node_chloroArabidopsis_chloroLycophyte_0, 0.002, 0, 0.007, 0.008, 0.002, 0, 0.002, 0.001, 0.007
Node_chloroArabidopsis_chloroRedAlgae_0, 0, 0, 0.002, 0.003, 0, 0, 0, 0, 0.002
Node_mitoAnnelida_mitoChelicerate_0, 0.004, 0, 0.008, 0.007, 0.004, 0, 0.004, 0.001, 0.007
Node_mitoAnnelida_mitoMollusc_0, 0.004, 0, 0.004, 0.002, 0.004, 0, 0.004, 0.001, 0.004
Node_mitoAnnelida_mitoPriapulid_0, 0.004, 0, 0.005, 0.004, 0.004, 0, 0.004, 0, 0.005
Node_mitoArabidopsis_mitoLycophyte_0, 0.001, 0, 0.003, 0.006, 0.001, 0, 0.001, 0, 0.004
Node_mitoBryophyte_mitoArabidopsis_0, 0, 0, 0.01, 0.008, 0, 0, 0, 0, 0.007
Node_mitoBryophyte_mitoChlorophyta_0, 0.003, 0, 0.008, 0.009, 0.003, 0, 0.003, 0, 0.009
Node_mitoBryophyte_mitoExcavata_0, 0.003, 0, 0.011, 0.005, 0.003, 0, 0.003, 0.002, 0.003
Node_mitoBryophyte_mitoParamecium_0, 0.002, 0, 0.005, 0.006, 0.002, 0, 0.002, 0.001, 0.004
Node_mitoBryophyte_mitoRedAlgae_0, 0.002, 0, 0.007, 0.009, 0.002, 0, 0.002, 0, 0.007
Node_mitoChelicerate_mitoInsect_0, 0, 0, 0.009, 0.009, 0, 0, 0, 0, 0.005
Node_mitoFungi_mitoAnnelida_0, 0.005, 0, 0.011, 0.014, 0.005, 0, 0.005, 0.004, 0.005
Node_mitoFungi_mitoBryophyte_0, 0.011, 0, 0.044, 0.035, 0.011, 0, 0.011, 0.01, 0.006
OLB1X1, 0, 0, 0.003, 0.002, 0, 0, 0, 0, 0.002
Omni2, 0, 0, 0.01, 0.009, 0, 0, 0, 0, 0.007
Omni3, 0, 0, 0.008, 0.011, 0, 0, 0, 0, 0.007
Omni4, 0, 0, 0.004, 0.004, 0, 0, 0, 0, 0.001
Omni6, 0, 0, 0.014, 0.01, 0, 0, 0, 0, 0.01
Omni7, 0, 0, 0.004, 0.001, 0, 0, 0, 0, 0.001
Omni8, 0, 0, 0.01, 0.015, 0, 0, 0, 0, 0.006
P4572X1, 0, 0, 0.006, 0.01, 0, 0, 0, 0, 0.006
Pate1, 0, 0, 0.007, 0.008, 0, 0, 0, 0, 0.007
Pate10, 0, 0, 0.008, 0.008, 0, 0, 0, 0, 0.006
Pate11, 0, 0, 0.006, 0.005, 0, 0, 0, 0, 0.004
Pate12, 0, 0, 0.006, 0.008, 0, 0, 0, 0, 0.006
Pate13, 0, 0, 0.014, 0.014, 0, 0, 0, 0, 0.012
Pate14, 0, 0, 0.007, 0.006, 0, 0, 0, 0, 0.005
Pate15, 0, 0, 0.006, 0.003, 0, 0, 0, 0, 0.003
Pate17, 0, 0, 0.004, 0.002, 0, 0, 0, 0, 0.001
Pate18, 0, 0, 0.011, 0.01, 0, 0, 0, 0, 0.008
Pate19, 0, 0, 0.009, 0.01, 0, 0, 0, 0, 0.008
Pate21, 0, 0, 0.004, 0.006, 0, 0, 0, 0, 0.004
Pate22, 0, 0, 0.009, 0.009, 0, 0, 0, 0, 0.007
Pate23, 0, 0, 0.01, 0.013, 0, 0, 0, 0, 0.008
Pate24, 0, 0, 0.005, 0.005, 0, 0, 0, 0, 0.005
Pate25, 0, 0, 0.015, 0.021, 0, 0, 0, 0, 0.013
Pate26, 0, 0, 0.006, 0.007, 0, 0, 0, 0, 0.006
Pate27, 0, 0, 0.004, 0.004, 0, 0, 0, 0, 0.004
Pate28, 0, 0, 0.009, 0.007, 0, 0, 0, 0, 0.007
Pate29, 0, 0, 0.008, 0.01, 0, 0, 0, 0, 0.005
Pate3, 0, 0, 0.006, 0.007, 0, 0, 0, 0, 0.005
Pate30, 0, 0, 0.009, 0.011, 0, 0, 0, 0, 0.008
Pate31, 0, 0, 0.011, 0.008, 0, 0, 0, 0, 0.008
Pate32, 0, 0, 0.01, 0.009, 0, 0, 0, 0, 0.009
Pate33, 0, 0, 0.009, 0.007, 0, 0, 0, 0, 0.007
Pate34, 0, 0, 0.008, 0.008, 0, 0, 0, 0, 0.006
Pate35, 0, 0, 0.012, 0.017, 0, 0, 0, 0, 0.01
Pate36, 0, 0, 0.012, 0.012, 0, 0, 0, 0, 0.008
Pate37, 0, 0, 0.005, 0.004, 0, 0, 0, 0, 0.004
Pate38, 0, 0, 0.008, 0.008, 0, 0, 0, 0, 0.005
Pate39, 0, 0, 0.007, 0.008, 0, 0, 0, 0, 0.007
Pate4, 0, 0, 0.01, 0.012, 0, 0, 0, 0, 0.01
Pate40, 0, 0, 0.007, 0.006, 0, 0, 0, 0, 0.004
Pate41, 0, 0, 0.008, 0.01, 0, 0, 0, 0, 0.007
Pate43, 0, 0, 0.004, 0.004, 0, 0, 0, 0, 0.004
Pate44, 0, 0, 0.007, 0.008, 0, 0, 0, 0, 0.005
Pate45, 0, 0, 0.008, 0.008, 0, 0, 0, 0, 0.006
Pate46, 0, 0, 0.005, 0.007, 0, 0, 0, 0, 0.004
Pate48, 0, 0, 0.007, 0.007, 0, 0, 0, 0, 0.003
Pate49, 0, 0, 0.007, 0.006, 0, 0, 0, 0, 0.006
Pate5, 0, 0, 0.007, 0.007, 0, 0, 0, 0, 0.005
Pate50, 0, 0, 0.006, 0.008, 0, 0, 0, 0, 0.006
Pate51, 0, 0, 0.006, 0.006, 0, 0, 0, 0, 0.006
Pate52, 0, 0, 0.004, 0.004, 0, 0, 0, 0, 0.002
Pate53, 0, 0, 0.011, 0.01, 0, 0, 0, 0, 0.009
Pate54, 0, 0, 0.009, 0.01, 0, 0, 0, 0, 0.006
Pate55, 0, 0, 0.013, 0.013, 0, 0, 0, 0, 0.01
Pate56, 0, 0, 0.006, 0.007, 0, 0, 0, 0, 0.005
Pate57, 0, 0, 0.004, 0.006, 0, 0, 0, 0, 0.004
Pate6, 0, 0, 0.014, 0.01, 0, 0, 0, 0, 0.008
Pate7, 0, 0, 0.012, 0.013, 0, 0, 0, 0, 0.011
Pate8, 0, 0, 0.009, 0.012, 0, 0, 0, 0, 0.006
Pate9, 0, 0, 0.008, 0.005, 0, 0, 0, 0, 0.004
Plan12, 0, 0, 0.01, 0.005, 0, 0, 0, 0, 0.003
Plan14, 0, 0, 0.008, 0.011, 0, 0, 0, 0, 0.008
Plan16, 0, 0, 0.007, 0.007, 0, 0, 0, 0, 0.007
Plan17, 0, 0, 0.004, 0.004, 0, 0, 0, 0, 0.002
Plan18, 0, 0, 0.011, 0.009, 0, 0, 0, 0, 0.006
Plan2, 0, 0, 0.023, 0.013, 0, 0, 0, 0, 0.001
Plan21, 0, 0, 0.01, 0.008, 0, 0, 0, 0, 0.006
Plan22, 0, 0, 0.023, 0.012, 0, 0, 0, 0, 0.001
Plan23, 0, 0, 0.01, 0.012, 0, 0, 0, 0, 0.008
Plan26, 0, 0, 0.009, 0.009, 0, 0, 0, 0, 0.007
Plan27, 1, 0.001, 0.009, 0.083, 1, 0, 1, 0.006, 1.002
Plan3, 0, 0, 0.009, 0.006, 0, 0, 0, 0, 0.004
Plan30, 0, 0, 0.003, 0.003, 0, 0, 0, 0, 0.003
Plan31, 0, 0, 0.006, 0.006, 0, 0, 0, 0, 0.006
Plan32, 0, 0, 0.015, 0.016, 0, 0, 0, 0, 0.008
Plan33, 0, 0, 0.007, 0.009, 0, 0, 0, 0, 0.006
Plan39, 0, 0, 0.006, 0.003, 0, 0, 0, 0, 0.003
Plan4, 1, 0.002, 0.008, 0.203, 1, 0, 1, 0.24, 0.764
Plan40, 0, 0, 0.004, 0.004, 0, 0, 0, 0, 0.004
Plan42, 0, 0, 0.001, 0.001, 0, 0, 0, 0, 0.001
Plan43, 0, 0, 0.009, 0.006, 0, 0, 0, 0, 0.004
Plan44, 0, 0, 0.007, 0.006, 0, 0, 0, 0, 0.006
Plan5, 0, 0, 0.014, 0.018, 0, 0, 0, 0, 0.012
Plan7, 0, 0, 0.01, 0.005, 0, 0, 0, 0, 0.005
Pori1, 0, 0, 0.01, 0.01, 0, 0, 0, 0, 0.004
Pori2, 0, 0, 0.013, 0.013, 0, 0, 0, 0, 0.007
ProtA10, 0, 0, 0.003, 0.005, 0, 0, 0, 0, 0.002
ProtA11, 0, 0, 0.005, 0.005, 0, 0, 0, 0, 0.004
ProtA12, 0, 0, 0.003, 0.003, 0, 0, 0, 0, 0.003
ProtA13, 0, 0, 0.009, 0.011, 0, 0, 0, 0, 0.009
ProtA14, 0, 0, 0.012, 0.009, 0, 0, 0, 0, 0.007
ProtA16, 0, 0, 0.004, 0.003, 0, 0, 0, 0, 0.002
ProtA18, 0, 0.001, 0.006, 0.005, 0, 0, 0, 0, 0.004
ProtA19, 0, 0, 0.009, 0.01, 0, 0, 0, 0, 0.005
ProtA2, 1, 0.001, 0.009, 0.012, 1, 0, 1, 0.056, 0.952
ProtA20, 0, 0, 0.004, 0.003, 0, 0, 0, 0, 0.002
ProtA21, 0, 0, 0.01, 0.012, 0, 0, 0, 0, 0.007
ProtA24, 0, 0, 0.009, 0.007, 0, 0, 0, 0, 0.004
ProtA26, 0, 0, 0.006, 0.005, 0, 0, 0, 0, 0.004
ProtA27, 0, 0, 0.01, 0.008, 0, 0, 0, 0, 0.007
ProtA29, 0, 0, 0.003, 0.004, 0, 0, 0, 0, 0.003
ProtA3, 0, 0, 0.013, 0.013, 0, 0, 0, 0, 0.008
ProtA30, 0, 0, 0.005, 0.005, 0, 0, 0, 0, 0.005
ProtA31, 0, 0, 0.006, 0.006, 0, 0, 0, 0, 0.006
ProtA32, 0, 0, 0.003, 0.003, 0, 0, 0, 0, 0.002
ProtA33, 0, 0, 0.005, 0.005, 0, 0, 0, 0, 0.002
ProtA34, 0, 0, 0.006, 0.005, 0, 0, 0, 0, 0.004
ProtA35, 0, 0, 0.001, 0.001, 0, 0, 0, 0, 0.001
ProtA36, 0, 0, 0.003, 0.002, 0, 0, 0, 0, 0.001
ProtA37, 0, 0, 0.008, 0.008, 0, 0, 0, 0, 0.006
ProtA38, 0, 0, 0.005, 0.005, 0, 0, 0, 0, 0.003
ProtA39, 0, 0, 0.004, 0.004, 0, 0, 0, 0, 0.002
ProtA40, 0, 0, 0.002, 0.001, 0, 0, 0, 0, 0
ProtA41, 0, 0, 0.002, 0, 0, 0, 0, 0, 0
ProtA42, 0, 0, 0.003, 0.005, 0, 0, 0, 0, 0.003
ProtA43, 0, 0, 0.006, 0.008, 0, 0, 0, 0, 0.004
ProtA44, 0, 0, 0.009, 0.01, 0, 0, 0, 0, 0.008
ProtA45, 0, 0, 0.007, 0.004, 0, 0, 0, 0, 0.003
ProtA46, 0, 0, 0.008, 0.008, 0, 0, 0, 0, 0.006
ProtA47, 1, 0, 0.007, 0.027, 1, 0, 1, 0.891, 0.111
ProtA48, 0, 0, 0.201, 0.052, 0, 0, 0, 0, 0.006
ProtA49, 0, 0, 0.008, 0.01, 0, 0, 0, 0, 0.004
ProtA5, 0, 0, 0.007, 0.007, 0, 0, 0, 0, 0.005
ProtA50, 0, 0, 0.005, 0.005, 0, 0, 0, 0, 0.004
ProtA51, 0, 0, 0.003, 0.003, 0, 0, 0, 0, 0.002
ProtA52, 0, 0, 0.003, 0.002, 0, 0, 0, 0, 0.002
ProtA53, 0, 0, 0.002, 0, 0, 0, 0, 0, 0
ProtA54, 0, 0, 0.005, 0.005, 0, 0, 0, 0, 0.005
ProtA55, 0, 0, 0.006, 0.006, 0, 0, 0, 0, 0.004
ProtA56, 0, 0, 0.004, 0.004, 0, 0, 0, 0, 0.003
ProtA57, 0, 0, 0.004, 0.004, 0, 0, 0, 0, 0.003
ProtA58, 0, 0, 0.002, 0.004, 0, 0, 0, 0, 0
ProtA60, 0, 0, 0.01, 0.01, 0, 0, 0, 0, 0.003
ProtA61, 0, 0, 0.004, 0.005, 0, 0, 0, 0, 0.004
ProtA62, 1, 0.003, 0.125, 0.135, 1, 0, 1, 0.943, 0.059
ProtA63, 0, 0, 0.899, 0.026, 0, 0, 0, 0, 0.003
ProtA64, 0, 0, 0.006, 0.006, 0, 0, 0, 0, 0.005
ProtA66, 0, 0, 0.002, 0.001, 0, 0, 0, 0, 0
ProtA67, 0, 0, 0.011, 0.014, 0, 0, 0, 0, 0.009
ProtA68, 0, 0, 0.059, 0.003, 0, 0, 0, 0, 0.003
ProtA69, 0, 0, 0.004, 0.004, 0, 0, 0, 0, 0.003
ProtA7, 0, 0, 0.015, 0.018, 0, 0, 0, 0, 0.012
ProtA70, 0, 0, 0.007, 0.008, 0, 0, 0, 0, 0.006
ProtA71, 1, 0.001, 0.005, 0.111, 1, 0, 1, 0.331, 0.671
ProtA72, 0, 0, 0.011, 0.008, 0, 0, 0, 0, 0.006
ProtA74, 0, 0, 0.01, 0.01, 0, 0, 0, 0, 0.004
ProtA75, 0, 0, 0.004, 0.004, 0, 0, 0, 0, 0.004
ProtA76, 0, 0.001, 0.341, 0.193, 0, 0, 0, 0, 0.007
ProtA77, 0, 0, 0.004, 0.004, 0, 0, 0, 0, 0.003
ProtA8, 0, 0, 0.007, 0.005, 0, 0, 0, 0, 0.004
ProtA9, 0, 0, 0.014, 0.012, 0, 0, 0, 0, 0.007
ProtG1, 0, 0, 0.024, 0.015, 0, 0, 0, 0, 0.008
ProtG10, 0, 0, 0.006, 0.003, 0, 0, 0, 0, 0.003
ProtG11, 0, 0, 0.289, 0.052, 0, 0, 0, 0, 0.005
ProtG12, 0, 0, 0.006, 0.007, 0, 0, 0, 0, 0.004
ProtG13, 1, 0, 0.033, 0.018, 1, 0, 1, 1, 0.006
ProtG14, 0, 0, 0.006, 0.007, 0, 0, 0, 0, 0.005
ProtG15, 0, 0, 0.006, 0.008, 0, 0, 0, 0, 0.004
ProtG16, 0, 0, 0.005, 0.006, 0, 0, 0, 0, 0.003
ProtG17, 0, 0, 0.005, 0.004, 0, 0, 0, 0, 0.003
ProtG18, 0, 0, 0.011, 0.015, 0, 0, 0, 0, 0.009
ProtG19, 0, 0, 0.004, 0.006, 0, 0, 0, 0, 0.003
ProtG20, 0, 0, 0.007, 0.007, 0, 0, 0, 0, 0.006
ProtG21, 0, 0, 0.006, 0.008, 0, 0, 0, 0, 0.004
ProtG22, 1, 0, 0.009, 0.018, 1, 0, 1, 0.163, 0.845
ProtG24, 0, 0, 0.01, 0.011, 0, 0, 0, 0, 0.01
ProtG25, 0, 0, 0.011, 0.01, 0, 0, 0, 0, 0.007
ProtG26, 1, 0, 0.014, 0.029, 1, 0, 1, 0.295, 0.715
ProtG27, 0, 0, 0.009, 0.007, 0, 0, 0, 0, 0.003
ProtG28, 0, 0, 0.008, 0.006, 0, 0, 0, 0, 0.003
ProtG29, 0, 0, 0.005, 0.006, 0, 0, 0, 0, 0.003
ProtG3, 0, 0, 0.005, 0.005, 0, 0, 0, 0, 0.003
ProtG30, 0, 0, 0.003, 0.002, 0, 0, 0, 0, 0.002
ProtG31, 0, 0, 0.036, 0.012, 0, 0, 0, 0, 0.009
ProtG32, 0, 0, 0.302, 0.008, 0, 0, 0, 0, 0.003
ProtG33, 1, 0.001, 0.008, 0.221, 1, 0, 1, 0.384, 0.622
ProtG34, 0, 0, 0.01, 0.005, 0, 0, 0, 0, 0.004
ProtG35, 0, 0, 0.01, 0.01, 0, 0, 0, 0, 0.01
ProtG36, 0, 0, 0.005, 0.005, 0, 0, 0, 0, 0.004
ProtG37, 0, 0, 0.004, 0.005, 0, 0, 0, 0, 0.003
ProtG38, 0, 0, 0.007, 0.006, 0, 0, 0, 0, 0.004
ProtG39, 0, 0, 0.005, 0.003, 0, 0, 0, 0, 0.003
ProtG4, 0, 0, 0.009, 0.009, 0, 0, 0, 0, 0.006
ProtG40, 0, 0, 0.004, 0.004, 0, 0, 0, 0, 0.004
ProtG41, 0, 0, 0.002, 0.002, 0, 0, 0, 0, 0.002
ProtG42, 0, 0, 0.018, 0.02, 0, 0, 0, 0, 0.005
ProtG43, 0, 0, 0.006, 0.005, 0, 0, 0, 0, 0.005
ProtG44, 0, 0, 0.168, 0.006, 0, 0, 0, 0, 0.004
ProtG45, 0, 0, 0.026, 0.01, 0, 0, 0, 0, 0.003
ProtG46, 0, 0, 0.007, 0.008, 0, 0, 0, 0, 0.004
ProtG47, 0, 0, 0.002, 0, 0, 0, 0, 0, 0
ProtG48, 0, 0, 0.004, 0.003, 0, 0, 0, 0, 0.002
ProtG49, 0, 0, 0.003, 0.003, 0, 0, 0, 0, 0.002
ProtG5, 0, 0, 0.01, 0.009, 0, 0, 0, 0, 0.008
ProtG50, 0, 0, 0.086, 0.017, 0, 0, 0, 0, 0.001
ProtG51, 0, 0, 0.003, 0.003, 0, 0, 0, 0, 0.002
ProtG52, 2, 0.011, 0.135, 1.026, 1, 0, 2, 1.802, 0.192
ProtG53, 0, 0, 0.007, 0.009, 0, 0, 0, 0, 0.006
ProtG54, 0, 0, 0.006, 0.006, 0, 0, 0, 0, 0.002
ProtG55, 0, 0, 0.004, 0.005, 0, 0, 0, 0, 0.003
ProtG56, 1, 0, 0.062, 0.031, 1, 0, 1, 0.998, 0.007
ProtG57, 0, 0, 0.02, 0.011, 0, 0, 0, 0, 0.002
ProtG58, 1, 0, 0.011, 0.01, 1, 0, 1, 1, 0.007
ProtG59, 1, 0, 0.005, 0.005, 1, 0, 1, 1, 0.002
ProtG6, 0, 0, 0.006, 0.005, 0, 0, 0, 0, 0.004
ProtG60, 1, 0, 0.009, 0.01, 1, 0, 1, 0.999, 0.005
ProtG61, 1, 0, 0.011, 0.01, 1, 0, 1, 0.999, 0.007
ProtG62, 0, 0, 0.01, 0.011, 0, 0, 0, 0, 0.007
ProtG63, 1, 0.001, 0.104, 0.03, 1, 0, 1, 0.25, 0.755
ProtG64, 0, 0, 0.003, 0.003, 0, 0, 0, 0, 0.003
ProtG65, 0, 0, 0.004, 0.003, 0, 0, 0, 0, 0.002
ProtG66, 2, 0.997, 0.01, 0.012, 1, 0, 2, 0.005, 0.008
ProtG67, 1, 0.001, 0.26, 0.036, 1, 0, 1, 0.092, 0.911
ProtG68, 1, 0.012, 0.025, 0.954, 1, 0, 1, 0.983, 0.008
ProtG69, 0, 0, 0.005, 0.004, 0, 0, 0, 0, 0.003
ProtG7, 0, 0, 0.387, 0.071, 0, 0, 0, 0, 0.002
ProtG70, 0, 0, 0.001, 0.001, 0, 0, 0, 0, 0
ProtG71, 0, 0, 0.499, 0.015, 0, 0, 0, 0, 0.005
ProtG72, 0, 0, 0.017, 0.005, 0, 0, 0, 0, 0.001
ProtG73, 1, 0, 0.011, 0.012, 1, 0, 1, 0.999, 0.008
ProtG74, 0, 0, 0.017, 0.018, 0, 0, 0, 0, 0.004
ProtG75, 1, 0.004, 0.01, 0.5, 1, 0, 1, 0.021, 0.983
ProtG76, 0, 0, 0.01, 0.012, 0, 0, 0, 0, 0.008
ProtG77, 0, 0, 0.006, 0.006, 0, 0, 0, 0, 0.003
ProtG78, 0, 0, 0.077, 0.013, 0, 0, 0, 0, 0.004
ProtG79, 0, 0, 0.006, 0.007, 0, 0, 0, 0, 0.006
ProtG8, 0, 0, 0.006, 0.006, 0, 0, 0, 0, 0.001
ProtG80, 1, 0.001, 0.013, 0.014, 1, 0, 1, 0.009, 0.994
ProtG81, 0, 0, 0.004, 0.004, 0, 0, 0, 0, 0.004
ProtG82, 1, 0.004, 0.016, 0.316, 1, 0, 1, 0.991, 0.009
ProtG83, 1, 0.004, 1.006, 0.557, 1, 0, 1, 0.932, 0.07
ProtG84, 1, 0.001, 0.013, 0.059, 1, 0, 1, 0.274, 0.728
ProtG85, 0, 0, 1.009, 0.345, 0, 0, 0, 0, 0.003
ProtG86, 0, 0, 1.005, 0.359, 0, 0, 0, 0, 0.002
ProtG87, 0, 0, 0.01, 0.011, 0, 0, 0, 0, 0.008
ProtG88, 1, 0.03, 0.115, 1.879, 1, 0, 1, 0.964, 0.006
ProtG89, 1, 0, 0.031, 0.019, 1, 0, 1, 1, 0.004
ProtG9, 0, 0, 0.006, 0.006, 0, 0, 0, 0, 0.002
ProtG90, 0, 0, 0.009, 0.005, 0, 0, 0, 0, 0.005
ProtG91, 1, 0, 0.015, 0.338, 1, 0, 1, 0.998, 0.009
ProtM1, 0, 0, 0.006, 0.002, 0, 0, 0, 0, 0.002
ProtM2, 0, 0, 0.006, 0.008, 0, 0, 0, 0, 0.002
ProtM3, 0, 0, 0.022, 0.009, 0, 0, 0, 0, 0.004
ProtZ1, 1, 0, 0.71, 0.158, 1, 0, 1, 0.86, 0.143
ProtZ2, 1, 0, 0.035, 0.023, 1, 0, 1, 0.976, 0.031
ProtZ3, 1, 0.005, 0.679, 0.171, 1, 0, 1, 0.843, 0.155
ProtZ4, 1, 0, 0.685, 0.025, 1, 0, 1, 0.884, 0.118
ProtZ5, 0, 0, 0.402, 0.176, 0, 0, 0, 0, 0.004
RBG1, 0, 0, 0.013, 0.005, 0, 0, 0, 0, 0.001
Rifl1, 0, 0, 0.008, 0.005, 0, 0, 0, 0, 0.004
SAR3X1, 0, 0, 0.026, 0.029, 0, 0, 0, 0, 0.005
SAR3X2, 0, 0, 0.027, 0.016, 0, 0, 0, 0, 0.006
SLNR1, 0, 0, 0.013, 0.02, 0, 0, 0, 0, 0.013
SM23X1, 0, 0, 0.006, 0.008, 0, 0, 0, 0, 0.003
SZUA1, 0, 0, 0.006, 0.002, 0, 0, 0, 0, 0.002
SZUA2, 0, 0, 0.071, 0.035, 0, 0, 0, 0, 0.002
Sche1, 0, 0, 0.013, 0.008, 0, 0, 0, 0, 0.001
Spir10, 0, 0, 0.005, 0.005, 0, 0, 0, 0, 0.004
Spir11, 0, 0, 0.103, 0.084, 0, 0, 0, 0, 0.001
Spir12, 0, 0.001, 0.052, 0.042, 0, 0, 0, 0, 0.007
Spir13, 0, 0, 0.003, 0.003, 0, 0, 0, 0, 0.003
Spir15, 1, 0.001, 0.111, 0.539, 1, 0, 1, 0.831, 0.171
Spir2, 0, 0, 0.007, 0.007, 0, 0, 0, 0, 0.007
Spir3, 0, 0, 0.014, 0.015, 0, 0, 0, 0, 0.013
Spir4, 0, 0, 0.683, 0.161, 0, 0, 0, 0, 0.003
Spir8, 0, 0, 0.021, 0.015, 0, 0, 0, 0, 0.003
Spir9, 1, 0.026, 0.161, 1.929, 1, 0, 1, 0.785, 0.196
Sume1, 0, 0, 0.004, 0.005, 0, 0, 0, 0, 0.003
Syne1, 0, 0, 0.009, 0.009, 0, 0, 0, 0, 0.009
Syne10, 0, 0, 0.007, 0.008, 0, 0, 0, 0, 0.007
Syne2, 0, 0, 0.008, 0.009, 0, 0, 0, 0, 0.005
Syne3, 0, 0, 0.006, 0.008, 0, 0, 0, 0, 0.005
Syne4, 0, 0, 0.003, 0.003, 0, 0, 0, 0, 0.003
Syne5, 0, 0, 0.004, 0.004, 0, 0, 0, 0, 0.004
Syne6, 0, 0, 0.005, 0.005, 0, 0, 0, 0, 0.004
Syne7, 0, 0, 0.006, 0.006, 0, 0, 0, 0, 0.006
Syne8, 0, 0, 0.006, 0.006, 0, 0, 0, 0, 0.005
Syne9, 0, 0, 0.006, 0.004, 0, 0, 0, 0, 0.003
TA06A1, 0, 0, 0.007, 0.008, 0, 0, 0, 0, 0.007
TA06X1, 0, 0, 0.005, 0.005, 0, 0, 0, 0, 0.005
Therd1, 0, 0, 0.011, 0.013, 0, 0, 0, 0, 0.01
Therg2, 0, 0, 0.01, 0.009, 0, 0, 0, 0, 0.007
Therg3, 0, 0, 0.006, 0.008, 0, 0, 0, 0, 0.005
Therg4, 0, 0, 0.005, 0.005, 0, 0, 0, 0, 0.002
Therg5, 0, 0, 0.004, 0.004, 0, 0, 0, 0, 0.003
Therg6, 0, 0, 0.004, 0.005, 0, 0, 0, 0, 0.003
Therg8, 0, 0, 0.004, 0.007, 0, 0, 0, 0, 0.003
Thers1, 1, 0, 0.016, 0.129, 1, 0, 1, 0.001, 1
UBA1X1, 1, 0, 0.006, 0.022, 1, 0, 1, 0.34, 0.664
UBA1X2, 0, 0, 0.008, 0.008, 0, 0, 0, 0, 0.004
UBA1X3, 0, 0, 0.028, 0.03, 0, 0, 0, 0, 0.008
UBA1X4, 0, 0, 0.005, 0.004, 0, 0, 0, 0, 0.003
UBA1X5, 0, 0, 0.006, 0.009, 0, 0, 0, 0, 0.004
UBA1X6, 0, 0, 0.345, 0.014, 0, 0, 0, 0, 0.003
UBA2X1, 0, 0, 0.074, 0.041, 0, 0, 0, 0, 0.005
UBA6X1, 0, 0.001, 0.007, 0.005, 0, 0, 0, 0, 0.003
UBA9X1, 0, 0, 0.016, 0.017, 0, 0, 0, 0, 0.006
UBA9X2, 0, 0, 0.007, 0.007, 0, 0, 0, 0, 0.003
UBA9X3, 0, 0, 0.012, 0.012, 0, 0, 0, 0, 0.008
UBP13X1, 0, 0, 0.002, 0.001, 0, 0, 0, 0, 0.001
UBP14X1, 0, 0, 0.007, 0.007, 0, 0, 0, 0, 0.006
UBP4X1, 0, 0, 0.008, 0.007, 0, 0, 0, 0, 0.007
UBP6X1, 0, 0, 0.469, 0.12, 0, 0, 0, 0, 0.009
Verr10, 1, 0, 0.005, 0.105, 1, 0, 1, 0.25, 0.754
Verr11, 0, 0, 1, 0.004, 0, 0, 0, 0, 0.004
Verr12, 1, 0, 0.007, 0.008, 1, 0, 1, 0.996, 0.011
Verr13, 0, 0, 0.018, 0.018, 0, 0, 0, 0, 0.007
Verr14, 1, 0.01, 0.025, 0.997, 1, 0, 1, 0.989, 0.006
Verr2, 1, 0.014, 0.022, 1.003, 1, 0, 1, 0.985, 0.005
Verr3, 0, 0, 0.255, 0.045, 0, 0, 0, 0, 0.004
Verr4, 0, 0, 0.034, 0.022, 0, 0, 0, 0, 0.004
Verr5, 0, 0, 0.008, 0.007, 0, 0, 0, 0, 0.003
Verr6, 0, 0, 0.009, 0.007, 0, 0, 0, 0, 0.004
Verr7, 1, 0, 0.008, 0.006, 1, 0, 1, 0.999, 0.005
Verr8, 0, 0, 0.066, 0.017, 0, 0, 0, 0, 0.001
Verr9, 1, 0, 0.011, 0.004, 1, 0, 1, 0.999, 0.003
WOR1, 0, 0, 0.004, 0.005, 0, 0, 0, 0, 0.004
WOR2, 0, 0, 0.007, 0.007, 0, 0, 0, 0, 0.006
WOR3, 0, 0, 0.008, 0.01, 0, 0, 0, 0, 0.008
WOR4, 0, 0, 0.009, 0.01, 0, 0, 0, 0, 0.008
WOR6, 1, 0.001, 0.007, 0.034, 1, 0, 1, 0.14, 0.866
WOR7, 0, 0, 0.148, 0.01, 0, 0, 0, 0, 0.008
Wall1, 0, 0, 0.007, 0.006, 0, 0, 0, 0, 0.004
Zixi1, 0, 0, 0.004, 0.002, 0, 0, 0, 0, 0.001
Zixi2, 0, 0, 0.005, 0.004, 0, 0, 0, 0, 0.002
Zixi3, 0, 0, 0.004, 0.005, 0, 0, 0, 0, 0.003
Zixi4, 0, 0, 0.006, 0.007, 0, 0, 0, 0, 0.005
Zixi5, 0, 0, 0.009, 0.009, 0, 0, 0, 0, 0.008
chloroArabidopsis, 0, 0, 0.005, 0.005, 0, 0, 0, 0, 0.003
chloroBryophyte, 0, 0, 0.005, 0.003, 0, 0, 0, 0, 0.003
chloroChlorophyta, 0, 0, 0.003, 0.003, 0, 0, 0, 0, 0.001
chloroLycophyte, 0, 0, 0.006, 0.005, 0, 0, 0, 0, 0.004
chloroRedAlgae, 0, 0, 0.003, 0.003, 0, 0, 0, 0, 0.003
mitoAnnelida, 0, 0, 0.004, 0.006, 0, 0, 0, 0, 0
mitoArabidopsis, 0, 0, 0.004, 0.004, 0, 0, 0, 0, 0.003
mitoBryophyte, 0, 0, 0.003, 0.003, 0, 0, 0, 0, 0.003
mitoChelicerate, 0, 0, 0.005, 0.008, 0, 0, 0, 0, 0.005
mitoChlorophyta, 0, 0, 0.007, 0.009, 0, 0, 0, 0, 0.004
mitoExcavata, 0, 0, 0.006, 0.004, 0, 0, 0, 0, 0.003
mitoFungi, 0, 0, 0.016, 0.015, 0, 0, 0, 0, 0.011
mitoInsect, 0, 0, 0.003, 0.003, 0, 0, 0, 0, 0.003
mitoLycophyte, 0, 0, 0.004, 0.004, 0, 0, 0, 0, 0.003
mitoMollusc, 0, 0, 0.007, 0.005, 0, 0, 0, 0, 0.003
mitoParamecium, 0, 0, 0.007, 0.01, 0, 0, 0, 0, 0.005
mitoPriapulid, 0, 0, 0.01, 0.014, 0, 0, 0, 0, 0.006
mitoRedAlgae, 0, 0, 0.007, 0.006, 0, 0, 0, 0, 0.005
