species_label, speciations, duplications, losses, transfers, presence, origination, copies, singletons, transfers_to
AABM5X1, 0, 0, 0.018, 0.017, 0, 0, 0, 0, 0.012
AABM5X2, 0, 0, 0.023, 0.029, 0, 0, 0, 0, 0.017
AABM5X3, 0, 0, 0.012, 0.014, 0, 0, 0, 0, 0.012
Abys1, 0, 0, 0.023, 0.019, 0, 0, 0, 0, 0.014
Acid1, 0, 0, 0.03, 0.026, 0, 0, 0, 0, 0.017
Acid10, 0, 0, 0.123, 0.028, 0, 0, 0, 0, 0.015
Acid11, 1, 0.003, 0.025, 0.322, 1, 0, 1, 0.162, 0.854
Acid12, 1, 0, 0.023, 0.027, 1, 0, 1, 0.168, 0.85
Acid13, 0, 0, 0.18, 0.014, 0, 0, 0, 0, 0.007
Acid14, 1, 0.003, 0.242, 0.268, 1, 0, 1, 0.551, 0.465
Acid16, 0, 0, 0.134, 0.057, 0, 0, 0, 0, 0.025
Acid17, 0, 0, 0.022, 0.015, 0, 0, 0, 0, 0.009
Acid18, 0, 0, 0.037, 0.045, 0, 0, 0, 0, 0.024
Acid2, 0, 0, 0.037, 0.034, 0, 0, 0, 0, 0.024
Acid20, 1, 0.001, 0.034, 0.032, 1, 0, 1, 0.999, 0.013
Acid21, 0, 0, 0.016, 0.016, 0, 0, 0, 0, 0.012
Acid22, 0, 0, 0.025, 0.023, 0, 0, 0, 0, 0.015
Acid23, 0, 0, 0.043, 0.021, 0, 0, 0, 0, 0.014
Acid24, 0, 0, 0.021, 0.024, 0, 0, 0, 0, 0.012
Acid25, 0, 0, 0.043, 0.018, 0, 0, 0, 0, 0.012
Acid26, 1, 0, 0.016, 0.051, 1, 0, 1, 0.173, 0.838
Acid27, 0, 0, 0.015, 0.014, 0, 0, 0, 0, 0.012
Acid28, 1, 0.005, 0.6, 0.499, 1, 0, 1, 0.274, 0.739
Acid29, 0, 0, 0.015, 0.021, 0, 0, 0, 0, 0.012
Acid3, 1, 0.002, 0.574, 0.3, 1, 0, 1, 0.208, 0.798
Acid30, 0, 0, 0.022, 0.023, 0, 0, 0, 0, 0.019
Acid31, 0, 0, 0.184, 0.066, 0, 0, 0, 0, 0.016
Acid32, 0, 0, 0.188, 0.032, 0, 0, 0, 0, 0.01
Acid33, 0, 0, 0.016, 0.014, 0, 0, 0, 0, 0.01
Acid34, 0, 0, 0.018, 0.022, 0, 0, 0, 0, 0.01
Acid35, 0, 0, 0.234, 0.059, 0, 0, 0, 0, 0.011
Acid36, 1, 0, 0.018, 0.017, 1, 0, 1, 1, 0.011
Acid37, 0, 0, 0.016, 0.016, 0, 0, 0, 0, 0.013
Acid38, 1, 0, 0.017, 0.015, 1, 0, 1, 1, 0.01
Acid39, 1, 0, 0.059, 0.126, 1, 0, 1, 0.181, 0.836
Acid4, 1, 0, 0.155, 0.055, 1, 0, 1, 0.013, 1.003
Acid40, 1, 0, 0.033, 0.025, 1, 0, 1, 0.998, 0.013
Acid5, 0, 0, 0.03, 0.03, 0, 0, 0, 0, 0.017
Acid6, 1, 0.006, 0.309, 0.296, 1, 0, 1, 0.569, 0.447
Acid7, 0, 0, 0.28, 0.04, 0, 0, 0, 0, 0.012
Acid8, 0, 0, 0.238, 0.088, 0, 0, 0, 0, 0.022
Acid9, 1, 0.003, 0.033, 0.227, 1, 0, 1, 0.263, 0.755
Acti10, 1, 0.002, 0.277, 0.574, 1, 0, 1, 0.909, 0.105
Acti11, 1, 0.007, 0.064, 0.732, 1, 0, 1, 0.15, 0.862
Acti12, 1, 0, 0.044, 0.037, 1, 0, 1, 1, 0.014
Acti13, 0, 0, 0.043, 0.028, 0, 0, 0, 0, 0.024
Acti14, 0, 0, 1.016, 0.015, 0, 0, 0, 0, 0.012
Acti15, 1, 0, 0.059, 0.048, 1, 0, 1, 0.86, 0.151
Acti16, 0, 0, 0.023, 0.02, 0, 0, 0, 0, 0.009
Acti18, 0, 0, 0.031, 0.032, 0, 0, 0, 0, 0.017
Acti19, 0, 0, 0.158, 0.013, 0, 0, 0, 0, 0.01
Acti2, 0, 0.001, 0.034, 0.039, 0, 0, 0, 0, 0.026
Acti20, 0, 0, 0.017, 0.022, 0, 0, 0, 0, 0.015
Acti21, 1, 0, 0.038, 0.031, 1, 0, 1, 1, 0.008
Acti22, 0, 0, 0.211, 0.087, 0, 0, 0, 0, 0.016
Acti23, 1, 0, 0.011, 0.014, 1, 0, 1, 0.143, 0.863
Acti24, 0, 0, 0.026, 0.021, 0, 0, 0, 0, 0.012
Acti25, 1, 0.006, 0.037, 0.657, 1, 0, 1, 0.907, 0.098
Acti26, 0, 0, 0.361, 0.059, 0, 0, 0, 0, 0.011
Acti27, 0, 0, 0.017, 0.019, 0, 0, 0, 0, 0.016
Acti28, 3, 1.254, 1.245, 0.75, 1, 0, 3, 0.483, 0.728
Acti29, 0, 0, 0.018, 0.025, 0, 0, 0, 0, 0.016
Acti3, 1, 0.008, 0.947, 0.794, 1, 0, 1, 0.245, 0.769
Acti30, 0, 0, 0.014, 0.013, 0, 0, 0, 0, 0.009
Acti31, 0, 0.005, 0.959, 0.394, 0, 0, 0, 0, 0.01
Acti32, 1, 0, 0.014, 0.011, 1, 0, 1, 1, 0.007
Acti33, 1, 0.002, 1.002, 0.336, 1, 0, 1, 0.241, 0.769
Acti34, 1, 0, 0.038, 0.032, 1, 0, 1, 1, 0.018
Acti35, 1, 0, 0.253, 0.083, 1, 0, 1, 0.987, 0.022
Acti36, 1, 0, 0.256, 0.108, 1, 0, 1, 0.021, 0.993
Acti37, 1, 0, 0.794, 0.123, 1, 0, 1, 0.946, 0.067
Acti38, 1, 0.002, 0.026, 0.315, 1, 0, 1, 0.998, 0.007
Acti39, 0, 0, 0.086, 0.052, 0, 0, 0, 0, 0.014
Acti4, 0, 0, 0.052, 0.048, 0, 0, 0, 0, 0.022
Acti40, 0, 0, 0.142, 0.021, 0, 0, 0, 0, 0.008
Acti41, 1, 0, 0.991, 0.172, 1, 0, 1, 0.724, 0.288
Acti42, 0, 0, 0.033, 0.032, 0, 0, 0, 0, 0.018
Acti43, 2, 0.003, 0.081, 0.604, 1, 0, 2, 0.194, 1.815
Acti44, 0, 0, 0.719, 0.039, 0, 0, 0, 0, 0.011
Acti45, 1, 0.002, 1.045, 0.729, 1, 0, 1, 0.142, 0.878
Acti46, 1, 0, 0.744, 0.115, 1, 0, 1, 0.967, 0.041
Acti47, 1, 0.006, 0.186, 0.383, 1, 0, 1, 0.985, 0.015
Acti48, 1, 0.001, 0.177, 0.106, 1, 0, 1, 0.874, 0.135
Acti49, 1, 0, 0.018, 0.018, 1, 0, 1, 1, 0.011
Acti5, 0, 0, 0.027, 0.026, 0, 0, 0, 0, 0.018
Acti50, 2, 0.004, 1.065, 0.795, 1, 0, 2, 1.213, 0.798
Acti51, 0, 0, 0.011, 0.012, 0, 0, 0, 0, 0.01
Acti52, 1, 0, 0.032, 0.049, 1, 0, 1, 0.692, 0.324
Acti6, 1, 0, 0.018, 0.02, 1, 0, 1, 0.999, 0.014
Acti7, 1, 0.005, 0.123, 0.325, 1, 0, 1, 0.959, 0.048
Acti8, 0, 0, 0.029, 0.025, 0, 0, 0, 0, 0.015
Acti9, 0, 0, 0.015, 0.016, 0, 0, 0, 0, 0.013
Aero1, 0, 0, 0.03, 0.042, 0, 0, 0, 0, 0.022
Aqui1, 0, 0, 0.011, 0.012, 0, 0, 0, 0, 0.004
Aqui2, 0, 0, 0.025, 0.024, 0, 0, 0, 0, 0.018
Aqui3, 0, 0, 0.019, 0.023, 0, 0, 0, 0, 0.013
Aqui4, 0, 0, 0.021, 0.024, 0, 0, 0, 0, 0.015
Aqui5, 0, 0, 0.022, 0.025, 0, 0, 0, 0, 0.017
Aqui6, 0, 0, 0.023, 0.024, 0, 0, 0, 0, 0.017
Arma11, 0, 0, 0.02, 0.017, 0, 0, 0, 0, 0.013
Arma12, 1, 0, 0.015, 0.027, 1, 0, 1, 0.02, 0.994
Arma13, 0, 0, 0.051, 0.043, 0, 0, 0, 0, 0.016
Arma14, 0, 0, 0.023, 0.021, 0, 0, 0, 0, 0.018
Arma15, 0, 0, 0.05, 0.038, 0, 0, 0, 0, 0.015
Arma16, 0, 0, 0.026, 0.021, 0, 0, 0, 0, 0.008
Arma3, 0, 0, 0.036, 0.039, 0, 0, 0, 0, 0.025
Arma4, 0, 0, 0.02, 0.02, 0, 0, 0, 0, 0.015
Arma6, 2, 0.92, 0.021, 0.603, 1, 0, 2, 0.098, 0.796
Arma7, 0, 0, 0.037, 0.022, 0, 0, 0, 0, 0.016
Arma9, 0, 0, 0.078, 0.033, 0, 0, 0, 0, 0.012
Aure1, 0, 0, 0.394, 0.073, 0, 0, 0, 0, 0.021
Aure2, 1, 0.003, 0.042, 0.316, 1, 0, 1, 0.356, 0.666
Aure3, 1, 0, 0.283, 0.177, 1, 0, 1, 0.025, 0.992
B130X1, 0, 0, 0.362, 0.219, 0, 0, 0, 0, 0.026
BMS3X1, 0, 0, 0.157, 0.093, 0, 0, 0, 0, 0.023
Bact1, 0, 0, 0.02, 0.022, 0, 0, 0, 0, 0.018
Bact10, 0, 0, 0.09, 0.033, 0, 0, 0, 0, 0.012
Bact11, 0, 0, 0.013, 0.016, 0, 0, 0, 0, 0.011
Bact12, 0, 0, 0.024, 0.029, 0, 0, 0, 0, 0.02
Bact13, 0, 0, 0.016, 0.015, 0, 0, 0, 0, 0.012
Bact14, 0, 0, 0.023, 0.025, 0, 0, 0, 0, 0.016
Bact16, 0, 0, 0.019, 0.02, 0, 0, 0, 0, 0.01
Bact17, 0, 0, 0.018, 0.02, 0, 0, 0, 0, 0.013
Bact18, 0, 0, 0.015, 0.019, 0, 0, 0, 0, 0.01
Bact19, 1, 0, 0.082, 0.089, 1, 0, 1, 0.932, 0.084
Bact2, 0, 0, 0.024, 0.029, 0, 0, 0, 0, 0.019
Bact20, 0, 0, 0.017, 0.014, 0, 0, 0, 0, 0.011
Bact21, 1, 0, 0.09, 0.047, 1, 0, 1, 0.998, 0.015
Bact22, 0, 0, 0.019, 0.024, 0, 0, 0, 0, 0.013
Bact23, 1, 0.006, 0.019, 0.482, 1, 0, 1, 0.261, 0.744
Bact24, 0, 0, 0.029, 0.026, 0, 0, 0, 0, 0.023
Bact25, 0, 0, 0.019, 0.02, 0, 0, 0, 0, 0.017
Bact27, 1, 0.002, 0.413, 0.14, 1, 0, 1, 0.689, 0.319
Bact28, 0, 0, 0.281, 0.098, 0, 0, 0, 0, 0.012
Bact29, 1, 0, 0.282, 0.088, 1, 0, 1, 0.994, 0.02
Bact3, 0, 0, 0.024, 0.021, 0, 0, 0, 0, 0.017
Bact30, 0, 0, 0.018, 0.021, 0, 0, 0, 0, 0.014
Bact31, 0, 0, 0.017, 0.019, 0, 0, 0, 0, 0.008
Bact32, 0, 0, 0.016, 0.017, 0, 0, 0, 0, 0.012
Bact33, 1, 0.002, 0.019, 0.129, 1, 0, 1, 0.199, 0.816
Bact34, 0, 0, 0.07, 0.032, 0, 0, 0, 0, 0.01
Bact35, 0, 0, 0.207, 0.045, 0, 0, 0, 0, 0.01
Bact36, 0, 0, 0.034, 0.017, 0, 0, 0, 0, 0.008
Bact37, 1, 0, 0.023, 0.311, 1, 0, 1, 0.848, 0.166
Bact38, 0, 0, 0.019, 0.017, 0, 0, 0, 0, 0.01
Bact39, 0, 0, 0.216, 0.039, 0, 0, 0, 0, 0.015
Bact4, 0, 0, 0.029, 0.021, 0, 0, 0, 0, 0.014
Bact40, 1, 0.009, 0.535, 0.898, 1, 0, 1, 0.895, 0.113
Bact41, 1, 0, 0.613, 0.209, 1, 0, 1, 0.811, 0.2
Bact42, 0, 0, 0.867, 0.229, 0, 0, 0, 0, 0.01
Bact43, 1, 0.001, 0.027, 0.07, 1, 0, 1, 0.011, 1
Bact44, 1, 0.001, 0.93, 0.273, 1, 0, 1, 0.252, 0.761
Bact5, 0, 0, 0.018, 0.018, 0, 0, 0, 0, 0.009
Bact6, 0, 0, 0.109, 0.066, 0, 0, 0, 0, 0.02
Bact7, 0, 0, 0.025, 0.028, 0, 0, 0, 0, 0.014
Bact8, 0, 0, 0.024, 0.024, 0, 0, 0, 0, 0.013
Bact9, 1, 0.005, 1.013, 0.546, 1, 0, 1, 0.264, 0.746
Bdell10, 0, 0, 0.062, 0.048, 0, 0, 0, 0, 0.012
Bdell11, 0, 0, 0.02, 0.016, 0, 0, 0, 0, 0.009
Bdell12, 2, 0.613, 0.064, 0.699, 1, 0, 2, 0.712, 0.101
Bdell13, 0, 0, 0.844, 0.398, 0, 0, 0, 0, 0.016
Bdell14, 0, 0, 0.023, 0.02, 0, 0, 0, 0, 0.01
Bdell15, 1, 0.004, 0.021, 0.421, 1, 0, 1, 0.258, 0.75
Bdell16, 0, 0, 0.028, 0.033, 0, 0, 0, 0, 0.014
Bdell17, 0, 0, 0.027, 0.031, 0, 0, 0, 0, 0.013
Bdell2, 0, 0, 0.073, 0.067, 0, 0, 0, 0, 0.023
Bdell3, 1, 0.017, 0.401, 1.456, 1, 0, 1, 0.958, 0.034
Bdell4, 0, 0, 0.031, 0.036, 0, 0, 0, 0, 0.018
Bdell5, 0, 0, 0.028, 0.021, 0, 0, 0, 0, 0.013
Bdell6, 1, 0.005, 0.062, 0.464, 1, 0, 1, 0.204, 0.807
Bdell7, 0, 0, 0.031, 0.03, 0, 0, 0, 0, 0.016
Bdell9, 0, 0, 0.277, 0.078, 0, 0, 0, 0, 0.01
BdellC1, 0, 0.001, 0.128, 0.053, 0, 0, 0, 0, 0.018
BdellC2, 1, 0.002, 0.043, 0.128, 1, 0, 1, 0.095, 0.932
Bipo1, 0, 0, 0.016, 0.016, 0, 0, 0, 0, 0.012
Bipo2, 0, 0, 0.026, 0.032, 0, 0, 0, 0, 0.022
CG267X1, 0, 0, 0.029, 0.031, 0, 0, 0, 0, 0.016
CG294X1, 0, 0, 0.023, 0.021, 0, 0, 0, 0, 0.01
CSP1X1, 0, 0, 0.017, 0.02, 0, 0, 0, 0, 0.017
Calda1, 0, 0, 0.016, 0.018, 0, 0, 0, 0, 0.016
Calda2, 0, 0, 0.007, 0.009, 0, 0, 0, 0, 0.007
Caldit1, 0, 0, 0.021, 0.02, 0, 0, 0, 0, 0.013
Caldit2, 0, 0, 0.022, 0.026, 0, 0, 0, 0, 0.014
Caldit3, 0, 0, 0.017, 0.02, 0, 0, 0, 0, 0.015
Camp1, 1, 0, 0.021, 0.048, 1, 0, 1, 0.845, 0.167
Camp10, 0, 0.002, 1.085, 0.371, 0, 0, 0, 0, 0.012
Camp11, 1, 0.004, 0.893, 0.729, 1, 0, 1, 0.195, 0.822
Camp12, 0, 0, 0.886, 0.368, 0, 0, 0, 0, 0.009
Camp13, 1, 0, 0.955, 0.157, 1, 0, 1, 0.1, 0.908
Camp14, 1, 0.001, 0.035, 0.469, 1, 0, 1, 0.619, 0.393
Camp15, 0, 0, 0.653, 0.162, 0, 0, 0, 0, 0.012
Camp16, 1, 0.002, 0.97, 0.145, 1, 0, 1, 0.591, 0.413
Camp2, 1, 0.001, 0.083, 0.083, 1, 0, 1, 0.975, 0.035
Camp3, 0, 0, 0.873, 0.032, 0, 0, 0, 0, 0.019
Camp4, 1, 0, 0.607, 0.113, 1, 0, 1, 0.958, 0.052
Camp5, 2, 0.714, 0.036, 0.88, 1, 0, 2, 0.437, 0.251
Camp6, 0, 0, 0.101, 0.038, 0, 0, 0, 0, 0.016
Camp7, 0, 0, 0.627, 0.156, 0, 0, 0, 0, 0.01
Camp9, 1, 0.003, 0.027, 0.365, 1, 0, 1, 0.073, 0.939
Chlo10, 0, 0, 0.02, 0.024, 0, 0, 0, 0, 0.015
Chlo11, 0, 0, 0.025, 0.033, 0, 0, 0, 0, 0.021
Chlo12, 0, 0, 0.015, 0.015, 0, 0, 0, 0, 0.013
Chlo13, 0, 0, 0.015, 0.014, 0, 0, 0, 0, 0.009
Chlo14, 0, 0, 0.022, 0.019, 0, 0, 0, 0, 0.014
Chlo15, 0, 0, 0.023, 0.02, 0, 0, 0, 0, 0.015
Chlo16, 0, 0, 0.028, 0.03, 0, 0, 0, 0, 0.017
Chlo17, 0, 0, 0.015, 0.016, 0, 0, 0, 0, 0.015
Chlo18, 0, 0, 0.017, 0.02, 0, 0, 0, 0, 0.012
Chlo19, 0, 0, 0.028, 0.031, 0, 0, 0, 0, 0.015
Chlo20, 0, 0, 0.024, 0.024, 0, 0, 0, 0, 0.016
Chlo21, 0, 0, 0.014, 0.014, 0, 0, 0, 0, 0.012
Chlo22, 0, 0, 0.02, 0.026, 0, 0, 0, 0, 0.019
Chlo23, 0, 0, 0.035, 0.026, 0, 0, 0, 0, 0.021
Chlo24, 0, 0, 0.013, 0.013, 0, 0, 0, 0, 0.011
Chlo25, 0, 0, 0.019, 0.022, 0, 0, 0, 0, 0.013
Chlo26, 0, 0, 0.015, 0.015, 0, 0, 0, 0, 0.011
Chlo27, 0, 0, 0.014, 0.016, 0, 0, 0, 0, 0.011
Chlo28, 0, 0, 0.02, 0.018, 0, 0, 0, 0, 0.014
Chlo29, 0, 0, 0.025, 0.026, 0, 0, 0, 0, 0.02
Chlo30, 0, 0, 0.012, 0.01, 0, 0, 0, 0, 0.008
Chlo31, 0, 0, 0.016, 0.014, 0, 0, 0, 0, 0.01
Chlo32, 1, 0.008, 0.028, 0.592, 1, 0, 1, 0.017, 1.001
Chlo33, 0, 0, 0.069, 0.059, 0, 0, 0, 0, 0.015
Chlo34, 0, 0, 0.019, 0.021, 0, 0, 0, 0, 0.016
Chlo35, 0, 0, 0.009, 0.009, 0, 0, 0, 0, 0.007
Chlo36, 0, 0, 0.022, 0.023, 0, 0, 0, 0, 0.018
Chlo37, 0, 0, 0.016, 0.015, 0, 0, 0, 0, 0.012
Chlo38, 0, 0, 0.02, 0.012, 0, 0, 0, 0, 0.007
Chlo39, 0, 0, 0.017, 0.018, 0, 0, 0, 0, 0.015
Chlo4, 0, 0, 0.016, 0.022, 0, 0, 0, 0, 0.016
Chlo40, 0, 0, 0.016, 0.019, 0, 0, 0, 0, 0.012
Chlo41, 0, 0, 0.013, 0.015, 0, 0, 0, 0, 0.011
Chlo42, 0, 0.001, 0.017, 0.021, 0, 0, 0, 0, 0.013
Chlo43, 0, 0, 0.017, 0.016, 0, 0, 0, 0, 0.011
Chlo44, 0, 0, 0.011, 0.013, 0, 0, 0, 0, 0.011
Chlo45, 0, 0, 0.012, 0.014, 0, 0, 0, 0, 0.011
Chlo46, 0, 0, 0.014, 0.019, 0, 0, 0, 0, 0.013
Chlo47, 0, 0, 0.022, 0.022, 0, 0, 0, 0, 0.017
Chlo48, 0, 0, 0.018, 0.016, 0, 0, 0, 0, 0.013
Chlo5, 0, 0, 0.024, 0.024, 0, 0, 0, 0, 0.013
Chlo6, 0, 0, 0.012, 0.012, 0, 0, 0, 0, 0.007
Chlo7, 0, 0, 0.028, 0.031, 0, 0, 0, 0, 0.02
Chlo8, 1, 0.011, 0.023, 0.45, 1, 0, 1, 0.198, 0.805
Chlo9, 0, 0, 0.022, 0.026, 0, 0, 0, 0, 0.021
Chry1, 1, 0.002, 0.072, 0.18, 1, 0, 1, 0, 1.015
Cloa1, 0, 0, 0.021, 0.023, 0, 0, 0, 0, 0.019
Cyan1, 0, 0, 0.024, 0.032, 0, 0, 0, 0, 0.02
Cyan10, 0, 0, 0.019, 0.021, 0, 0, 0, 0, 0.012
Cyan11, 0, 0, 0.016, 0.018, 0, 0, 0, 0, 0.014
Cyan12, 0, 0, 0.044, 0.042, 0, 0, 0, 0, 0.021
Cyan13, 0, 0, 0.016, 0.017, 0, 0, 0, 0, 0.008
Cyan14, 0, 0, 0.021, 0.021, 0, 0, 0, 0, 0.016
Cyan15, 0, 0, 0.015, 0.015, 0, 0, 0, 0, 0.01
Cyan16, 0, 0, 0.018, 0.022, 0, 0, 0, 0, 0.015
Cyan18, 0, 0, 0.016, 0.014, 0, 0, 0, 0, 0.008
Cyan19, 0, 0, 0.016, 0.02, 0, 0, 0, 0, 0.009
Cyan2, 0, 0, 0.019, 0.021, 0, 0, 0, 0, 0.015
Cyan20, 0, 0, 0.019, 0.03, 0, 0, 0, 0, 0.017
Cyan21, 0, 0, 0.023, 0.03, 0, 0, 0, 0, 0.018
Cyan22, 0, 0, 0.02, 0.023, 0, 0, 0, 0, 0.015
Cyan23, 0, 0.001, 0.021, 0.02, 0, 0, 0, 0, 0.016
Cyan24, 0, 0, 0.023, 0.024, 0, 0, 0, 0, 0.014
Cyan25, 0, 0, 0.013, 0.012, 0, 0, 0, 0, 0.008
Cyan26, 0, 0, 0.016, 0.02, 0, 0, 0, 0, 0.014
Cyan27, 0, 0, 0.027, 0.029, 0, 0, 0, 0, 0.023
Cyan28, 0, 0, 0.014, 0.02, 0, 0, 0, 0, 0.011
Cyan29, 0, 0, 0.01, 0.009, 0, 0, 0, 0, 0.007
Cyan3, 0, 0, 0.016, 0.016, 0, 0, 0, 0, 0.012
Cyan30, 0, 0, 0.021, 0.019, 0, 0, 0, 0, 0.012
Cyan31, 0, 0, 0.012, 0.011, 0, 0, 0, 0, 0.007
Cyan32, 0, 0, 0.019, 0.02, 0, 0, 0, 0, 0.014
Cyan33, 0, 0, 0.016, 0.015, 0, 0, 0, 0, 0.011
Cyan34, 0, 0, 0.019, 0.022, 0, 0, 0, 0, 0.014
Cyan35, 0, 0, 0.016, 0.016, 0, 0, 0, 0, 0.01
Cyan36, 0, 0, 0.014, 0.015, 0, 0, 0, 0, 0.011
Cyan37, 0, 0, 0.016, 0.017, 0, 0, 0, 0, 0.012
Cyan38, 0, 0, 0.01, 0.009, 0, 0, 0, 0, 0.008
Cyan4, 0, 0, 0.014, 0.013, 0, 0, 0, 0, 0.012
Cyan40, 0, 0, 0.021, 0.025, 0, 0, 0, 0, 0.017
Cyan41, 0, 0, 0.017, 0.015, 0, 0, 0, 0, 0.012
Cyan42, 0, 0, 0.015, 0.014, 0, 0, 0, 0, 0.011
Cyan43, 0, 0, 0.016, 0.012, 0, 0, 0, 0, 0.007
Cyan44, 0, 0, 0.019, 0.019, 0, 0, 0, 0, 0.012
Cyan45, 0, 0, 0.023, 0.025, 0, 0, 0, 0, 0.016
Cyan46, 0, 0, 0.017, 0.016, 0, 0, 0, 0, 0.012
Cyan47, 0, 0, 0.017, 0.021, 0, 0, 0, 0, 0.01
Cyan7, 2, 0.967, 0.021, 0.234, 1, 0, 2, 0.055, 0.831
Cyan8, 0, 0, 0.019, 0.017, 0, 0, 0, 0, 0.01
Cyan9, 0, 0, 0.019, 0.022, 0, 0, 0, 0, 0.017
DTU0X1, 0, 0, 0.02, 0.03, 0, 0, 0, 0, 0.018
Defe1, 0, 0, 0.047, 0.031, 0, 0, 0, 0, 0.015
Defe2, 0, 0, 0.213, 0.055, 0, 0, 0, 0, 0.016
Defe3, 1, 0.005, 0.016, 0.334, 1, 0, 1, 0.192, 0.814
Dein1, 0, 0, 0.015, 0.016, 0, 0, 0, 0, 0.013
Dein2, 0, 0, 0.02, 0.021, 0, 0, 0, 0, 0.017
Dein3, 0, 0, 0.018, 0.022, 0, 0, 0, 0, 0.013
Dein4, 0, 0, 0.019, 0.02, 0, 0, 0, 0, 0.015
Dein5, 0, 0, 0.01, 0.011, 0, 0, 0, 0, 0.008
Dein6, 0, 0, 0.012, 0.013, 0, 0, 0, 0, 0.008
Dein7, 0, 0, 0.022, 0.027, 0, 0, 0, 0, 0.017
Desa1, 0, 0, 0.036, 0.042, 0, 0, 0, 0, 0.023
DesuB1, 0, 0, 0.028, 0.028, 0, 0, 0, 0, 0.017
DesuB2, 0, 0, 0.025, 0.023, 0, 0, 0, 0, 0.014
DesuB3, 0, 0, 0.018, 0.017, 0, 0, 0, 0, 0.009
DesuB4, 0, 0, 0.026, 0.023, 0, 0, 0, 0, 0.017
DesuC1, 0, 0, 0.914, 0.199, 0, 0, 0, 0, 0.02
DesuC2, 2, 0.014, 0.055, 0.548, 1, 0, 2, 0.864, 1.147
DesuD1, 0, 0, 0.033, 0.036, 0, 0, 0, 0, 0.022
DesuD2, 0, 0, 0.022, 0.021, 0, 0, 0, 0, 0.011
Desua1, 0, 0, 0.023, 0.028, 0, 0, 0, 0, 0.018
Desua10, 0, 0, 0.029, 0.019, 0, 0, 0, 0, 0.014
Desua11, 0, 0, 0.016, 0.017, 0, 0, 0, 0, 0.011
Desua12, 0, 0, 0.017, 0.021, 0, 0, 0, 0, 0.015
Desua13, 0, 0, 0.028, 0.024, 0, 0, 0, 0, 0.013
Desua14, 0, 0, 0.072, 0.03, 0, 0, 0, 0, 0.012
Desua15, 2, 0, 0.044, 0.085, 1, 0, 2, 1.277, 0.738
Desua16, 1, 0, 0.326, 0.072, 1, 0, 1, 1, 0.02
Desua17, 0, 0, 0.034, 0.029, 0, 0, 0, 0, 0.011
Desua18, 0, 0, 0.077, 0.053, 0, 0, 0, 0, 0.014
Desua19, 1, 0, 0.051, 0.037, 1, 0, 1, 0.995, 0.023
Desua2, 0, 0, 0.48, 0.208, 0, 0, 0, 0, 0.018
Desua20, 1, 0.011, 0.098, 0.776, 1, 0, 1, 0.939, 0.069
Desua21, 0, 0, 0.018, 0.015, 0, 0, 0, 0, 0.012
Desua22, 0, 0, 0.265, 0.115, 0, 0, 0, 0, 0.015
Desua23, 1, 0.009, 0.038, 0.325, 1, 0, 1, 0.235, 0.779
Desua24, 0, 0, 0.419, 0.15, 0, 0, 0, 0, 0.018
Desua25, 0, 0, 0.024, 0.029, 0, 0, 0, 0, 0.02
Desua26, 0, 0.001, 0.027, 0.032, 0, 0, 0, 0, 0.02
Desua27, 0, 0, 0.02, 0.024, 0, 0, 0, 0, 0.015
Desua28, 1, 0, 0.022, 0.024, 1, 0, 1, 1, 0.016
Desua29, 0, 0, 0.026, 0.029, 0, 0, 0, 0, 0.013
Desua3, 0, 0, 0.026, 0.024, 0, 0, 0, 0, 0.021
Desua30, 0, 0, 0.016, 0.024, 0, 0, 0, 0, 0.01
Desua31, 0, 0, 0.016, 0.018, 0, 0, 0, 0, 0.011
Desua32, 0, 0, 0.013, 0.015, 0, 0, 0, 0, 0.011
Desua33, 0, 0, 0.019, 0.022, 0, 0, 0, 0, 0.014
Desua34, 0, 0, 0.015, 0.014, 0, 0, 0, 0, 0.01
Desua35, 1, 0, 0.016, 0.016, 1, 0, 1, 0.999, 0.01
Desua36, 0, 0, 0.024, 0.024, 0, 0, 0, 0, 0.014
Desua37, 1, 0, 0.125, 0.026, 1, 0, 1, 0.979, 0.032
Desua38, 0, 0, 0.02, 0.021, 0, 0, 0, 0, 0.01
Desua39, 0, 0, 0.017, 0.018, 0, 0, 0, 0, 0.008
Desua4, 0, 0, 0.031, 0.031, 0, 0, 0, 0, 0.023
Desua40, 0, 0, 0.009, 0.013, 0, 0, 0, 0, 0.004
Desua41, 1, 0, 0.022, 0.035, 1, 0, 1, 0.882, 0.132
Desua42, 0, 0, 0.018, 0.017, 0, 0, 0, 0, 0.01
Desua43, 0, 0, 0.022, 0.022, 0, 0, 0, 0, 0.014
Desua44, 0, 0, 0.018, 0.016, 0, 0, 0, 0, 0.01
Desua45, 0, 0, 0.017, 0.017, 0, 0, 0, 0, 0.014
Desua46, 0, 0, 0.016, 0.016, 0, 0, 0, 0, 0.012
Desua47, 0, 0, 0.024, 0.02, 0, 0, 0, 0, 0.011
Desua48, 0, 0, 0.018, 0.025, 0, 0, 0, 0, 0.013
Desua49, 0, 0, 0.016, 0.016, 0, 0, 0, 0, 0.01
Desua5, 0, 0, 0.234, 0.198, 0, 0, 0, 0, 0.02
Desua50, 0, 0, 0.021, 0.018, 0, 0, 0, 0, 0.018
Desua51, 1, 0, 0.024, 0.021, 1, 0, 1, 0.999, 0.011
Desua52, 0, 0, 0.019, 0.018, 0, 0, 0, 0, 0.011
Desua53, 1, 0, 0.029, 0.027, 1, 0, 1, 0.998, 0.016
Desua54, 0, 0, 0.027, 0.023, 0, 0, 0, 0, 0.014
Desua6, 0, 0, 1.033, 0.035, 0, 0, 0, 0, 0.019
Desua7, 1, 0, 0.039, 0.054, 1, 0, 1, 0.992, 0.025
Desua8, 1, 0.005, 0.203, 0.657, 1, 0, 1, 0.279, 0.736
Desua9, 0, 0, 0.04, 0.032, 0, 0, 0, 0, 0.017
Dict1, 0, 0, 0.021, 0.02, 0, 0, 0, 0, 0.018
Dorm1, 0, 0, 0.02, 0.02, 0, 0, 0, 0, 0.012
Dorm2, 0, 0, 0.016, 0.017, 0, 0, 0, 0, 0.008
Dorm3, 0, 0, 0.016, 0.021, 0, 0, 0, 0, 0.015
Dorm4, 0, 0, 0.018, 0.018, 0, 0, 0, 0, 0.013
Dorm5, 0, 0, 0.013, 0.014, 0, 0, 0, 0, 0.008
Edwa1, 0, 0, 0.023, 0.025, 0, 0, 0, 0, 0.021
Eise1, 0, 0, 0.021, 0.028, 0, 0, 0, 0, 0.016
Eise2, 0, 0, 0.015, 0.015, 0, 0, 0, 0, 0.01
Eise3, 0, 0, 0.018, 0.021, 0, 0, 0, 0, 0.015
Eise4, 0, 0, 0.017, 0.019, 0, 0, 0, 0, 0.014
Elus1, 0, 0, 0.017, 0.016, 0, 0, 0, 0, 0.014
Elus10, 0, 0, 0.022, 0.021, 0, 0, 0, 0, 0.018
Elus2, 0, 0, 0.015, 0.015, 0, 0, 0, 0, 0.01
Elus3, 0, 0, 0.015, 0.015, 0, 0, 0, 0, 0.007
Elus4, 0, 0, 0.016, 0.022, 0, 0, 0, 0, 0.016
Elus5, 0, 0, 0.019, 0.02, 0, 0, 0, 0, 0.014
Elus6, 0, 0, 0.018, 0.017, 0, 0, 0, 0, 0.013
Elus7, 0, 0, 0.018, 0.018, 0, 0, 0, 0, 0.017
Elus8, 0, 0, 0.021, 0.019, 0, 0, 0, 0, 0.016
Elus9, 0, 0, 0.019, 0.021, 0, 0, 0, 0, 0.015
Erem2, 0, 0, 0.033, 0.039, 0, 0, 0, 0, 0.03
Erem3, 0, 0, 0.018, 0.021, 0, 0, 0, 0, 0.011
Erem4, 0, 0, 0.157, 0.025, 0, 0, 0, 0, 0.017
Erem5, 1, 0.001, 0.022, 0.044, 1, 0, 1, 0.135, 0.881
Erem6, 0, 0, 0.041, 0.024, 0, 0, 0, 0, 0.016
FCPU1, 0, 0, 0.012, 0.016, 0, 0, 0, 0, 0.008
FCPU2, 0, 0, 0.016, 0.02, 0, 0, 0, 0, 0.012
Ferm1, 0, 0, 0.016, 0.021, 0, 0, 0, 0, 0.016
Fibr1, 1, 0.002, 0.04, 0.154, 1, 0, 1, 0.134, 0.881
Fibr2, 0, 0, 0.029, 0.027, 0, 0, 0, 0, 0.009
Fibr3, 0, 0, 0.031, 0.021, 0, 0, 0, 0, 0.014
Fibr4, 0, 0, 0.033, 0.039, 0, 0, 0, 0, 0.013
Fibr5, 1, 0.004, 0.158, 0.425, 1, 0, 1, 0.016, 0.997
Fibr6, 1, 0.008, 0.03, 0.3, 1, 0, 1, 0.159, 0.856
Fire1, 1, 0.001, 0.027, 0.48, 1, 0, 1, 0.043, 0.981
FirmA1, 0, 0, 0.057, 0.039, 0, 0, 0, 0, 0.015
FirmA10, 0, 0.001, 0.029, 0.033, 0, 0, 0, 0, 0.021
FirmA100, 0, 0, 0.022, 0.016, 0, 0, 0, 0, 0.012
FirmA101, 0, 0, 0.02, 0.022, 0, 0, 0, 0, 0.017
FirmA102, 0, 0, 0.408, 0.157, 0, 0, 0, 0, 0.009
FirmA103, 0, 0, 0.02, 0.026, 0, 0, 0, 0, 0.014
FirmA104, 0, 0, 0.015, 0.016, 0, 0, 0, 0, 0.007
FirmA105, 0, 0, 0.023, 0.022, 0, 0, 0, 0, 0.016
FirmA106, 0, 0, 0.058, 0.045, 0, 0, 0, 0, 0.009
FirmA107, 0, 0, 0.017, 0.018, 0, 0, 0, 0, 0.015
FirmA108, 0, 0, 0.02, 0.016, 0, 0, 0, 0, 0.009
FirmA109, 0, 0, 0.016, 0.016, 0, 0, 0, 0, 0.011
FirmA11, 0, 0, 0.017, 0.016, 0, 0, 0, 0, 0.013
FirmA110, 0, 0.001, 0.023, 0.021, 0, 0, 0, 0, 0.013
FirmA111, 1, 0, 0.053, 0.036, 1, 0, 1, 0.96, 0.061
FirmA112, 0, 0, 0.091, 0.072, 0, 0, 0, 0, 0.019
FirmA113, 0, 0, 0.027, 0.03, 0, 0, 0, 0, 0.011
FirmA114, 0, 0, 0.031, 0.036, 0, 0, 0, 0, 0.012
FirmA12, 0, 0, 0.358, 0.111, 0, 0, 0, 0, 0.009
FirmA14, 0, 0, 0.036, 0.035, 0, 0, 0, 0, 0.02
FirmA16, 1, 0.005, 0.025, 0.311, 1, 0, 1, 0.772, 0.235
FirmA18, 0, 0, 0.024, 0.028, 0, 0, 0, 0, 0.018
FirmA19, 0, 0, 0.032, 0.035, 0, 0, 0, 0, 0.019
FirmA2, 0, 0, 0.279, 0.104, 0, 0, 0, 0, 0.023
FirmA20, 0, 0, 0.028, 0.036, 0, 0, 0, 0, 0.018
FirmA21, 0, 0, 0.02, 0.016, 0, 0, 0, 0, 0.012
FirmA24, 0, 0, 0.042, 0.043, 0, 0, 0, 0, 0.025
FirmA25, 0, 0, 0.032, 0.032, 0, 0, 0, 0, 0.016
FirmA26, 0, 0, 0.847, 0.539, 0, 0, 0, 0, 0.016
FirmA27, 0, 0, 0.019, 0.023, 0, 0, 0, 0, 0.013
FirmA28, 0, 0, 0.023, 0.023, 0, 0, 0, 0, 0.019
FirmA29, 0, 0, 0.021, 0.029, 0, 0, 0, 0, 0.015
FirmA30, 0, 0, 0.022, 0.026, 0, 0, 0, 0, 0.02
FirmA31, 0, 0, 0.02, 0.023, 0, 0, 0, 0, 0.013
FirmA32, 1, 0.033, 0.202, 2.071, 1, 0, 1, 0.535, 0.455
FirmA33, 0, 0, 0.021, 0.022, 0, 0, 0, 0, 0.018
FirmA34, 0, 0, 0.206, 0.056, 0, 0, 0, 0, 0.015
FirmA35, 0, 0, 0.019, 0.022, 0, 0, 0, 0, 0.014
FirmA36, 0, 0, 0.023, 0.023, 0, 0, 0, 0, 0.013
FirmA37, 0, 0, 0.023, 0.027, 0, 0, 0, 0, 0.016
FirmA38, 1, 0.008, 0.175, 0.999, 1, 0, 1, 0.558, 0.453
FirmA39, 0, 0, 0.026, 0.024, 0, 0, 0, 0, 0.015
FirmA40, 0, 0, 0.015, 0.017, 0, 0, 0, 0, 0.011
FirmA41, 1, 0.006, 0.032, 0.273, 1, 0, 1, 0.817, 0.195
FirmA42, 0, 0, 0.022, 0.023, 0, 0, 0, 0, 0.011
FirmA43, 0, 0, 0.026, 0.023, 0, 0, 0, 0, 0.015
FirmA44, 0, 0, 0.021, 0.02, 0, 0, 0, 0, 0.016
FirmA45, 0, 0, 0.023, 0.025, 0, 0, 0, 0, 0.019
FirmA46, 0, 0, 0.049, 0.041, 0, 0, 0, 0, 0.017
FirmA47, 0, 0, 0.017, 0.017, 0, 0, 0, 0, 0.009
FirmA48, 0, 0, 0.024, 0.02, 0, 0, 0, 0, 0.016
FirmA49, 0, 0, 0.018, 0.026, 0, 0, 0, 0, 0.014
FirmA5, 0, 0, 0.019, 0.024, 0, 0, 0, 0, 0.015
FirmA50, 0, 0, 0.009, 0.008, 0, 0, 0, 0, 0.005
FirmA51, 0, 0, 0.016, 0.015, 0, 0, 0, 0, 0.01
FirmA52, 0, 0, 0.016, 0.019, 0, 0, 0, 0, 0.014
FirmA53, 0, 0, 0.015, 0.018, 0, 0, 0, 0, 0.01
FirmA54, 0, 0, 0.352, 0.062, 0, 0, 0, 0, 0.015
FirmA55, 0, 0, 0.019, 0.024, 0, 0, 0, 0, 0.014
FirmA56, 0, 0, 0.024, 0.019, 0, 0, 0, 0, 0.008
FirmA57, 1, 0.002, 0.04, 0.372, 1, 0, 1, 0.054, 0.954
FirmA58, 1, 0.005, 0.021, 0.352, 1, 0, 1, 0.154, 0.853
FirmA59, 0, 0, 0.022, 0.022, 0, 0, 0, 0, 0.014
FirmA6, 0, 0, 0.018, 0.018, 0, 0, 0, 0, 0.014
FirmA60, 0, 0, 0.016, 0.015, 0, 0, 0, 0, 0.012
FirmA61, 0, 0, 0.021, 0.018, 0, 0, 0, 0, 0.012
FirmA62, 0, 0, 0.018, 0.022, 0, 0, 0, 0, 0.014
FirmA63, 0, 0, 0.023, 0.025, 0, 0, 0, 0, 0.017
FirmA64, 0, 0, 0.018, 0.021, 0, 0, 0, 0, 0.015
FirmA65, 0, 0, 0.019, 0.021, 0, 0, 0, 0, 0.015
FirmA66, 0, 0, 0.027, 0.028, 0, 0, 0, 0, 0.018
FirmA67, 0, 0, 0.02, 0.029, 0, 0, 0, 0, 0.017
FirmA68, 0, 0, 0.015, 0.016, 0, 0, 0, 0, 0.01
FirmA69, 0, 0, 0.02, 0.023, 0, 0, 0, 0, 0.017
FirmA7, 1, 0.005, 0.112, 0.262, 1, 0, 1, 0.811, 0.201
FirmA70, 0, 0, 0.017, 0.019, 0, 0, 0, 0, 0.013
FirmA71, 0, 0, 0.013, 0.011, 0, 0, 0, 0, 0.007
FirmA72, 0, 0, 0.019, 0.018, 0, 0, 0, 0, 0.015
FirmA73, 0, 0, 0.019, 0.023, 0, 0, 0, 0, 0.015
FirmA74, 0, 0, 0.022, 0.026, 0, 0, 0, 0, 0.018
FirmA75, 0, 0, 0.018, 0.021, 0, 0, 0, 0, 0.013
FirmA76, 1, 0.008, 0.038, 0.829, 1, 0, 1, 0.376, 0.631
FirmA77, 0, 0, 0.021, 0.018, 0, 0, 0, 0, 0.013
FirmA78, 0, 0, 0.022, 0.031, 0, 0, 0, 0, 0.014
FirmA79, 0, 0, 0.019, 0.021, 0, 0, 0, 0, 0.016
FirmA8, 0, 0, 0.035, 0.033, 0, 0, 0, 0, 0.018
FirmA80, 1, 0.002, 0.022, 0.309, 1, 0, 1, 0.187, 0.829
FirmA81, 0, 0, 0.028, 0.029, 0, 0, 0, 0, 0.015
FirmA83, 0, 0, 0.014, 0.011, 0, 0, 0, 0, 0.01
FirmA84, 0, 0, 0.017, 0.015, 0, 0, 0, 0, 0.011
FirmA85, 0, 0, 0.021, 0.023, 0, 0, 0, 0, 0.015
FirmA86, 0, 0, 0.014, 0.014, 0, 0, 0, 0, 0.008
FirmA87, 1, 0.004, 0.026, 0.486, 1, 0, 1, 0.274, 0.74
FirmA88, 0, 0, 0.011, 0.013, 0, 0, 0, 0, 0.008
FirmA89, 0, 0, 0.018, 0.016, 0, 0, 0, 0, 0.009
FirmA9, 0, 0, 0.025, 0.028, 0, 0, 0, 0, 0.019
FirmA90, 0, 0, 0.083, 0.063, 0, 0, 0, 0, 0.011
FirmA91, 1, 0.002, 0.016, 0.104, 1, 0, 1, 0.183, 0.827
FirmA92, 1, 0, 0.02, 0.04, 1, 0, 1, 0.332, 0.683
FirmA93, 1, 0.002, 0.098, 0.328, 1, 0, 1, 0.265, 0.747
FirmA94, 0, 0, 0.029, 0.038, 0, 0, 0, 0, 0.024
FirmA95, 0, 0, 0.019, 0.016, 0, 0, 0, 0, 0.014
FirmA96, 0, 0, 0.194, 0.027, 0, 0, 0, 0, 0.007
FirmA97, 0, 0, 0.019, 0.019, 0, 0, 0, 0, 0.014
FirmA98, 0, 0.001, 0.03, 0.029, 0, 0, 0, 0, 0.01
FirmA99, 0, 0, 0.03, 0.029, 0, 0, 0, 0, 0.021
FirmB1, 0, 0, 0.019, 0.021, 0, 0, 0, 0, 0.013
FirmB10, 1, 0.003, 0.271, 0.388, 1, 0, 1, 0.195, 0.817
FirmB11, 0, 0, 1.01, 0.032, 0, 0, 0, 0, 0.016
FirmB12, 1, 0, 0.025, 0.04, 1, 0, 1, 0.986, 0.023
FirmB13, 0, 0, 0.016, 0.024, 0, 0, 0, 0, 0.013
FirmB14, 0, 0, 0.174, 0.044, 0, 0, 0, 0, 0.017
FirmB15, 0, 0, 0.017, 0.017, 0, 0, 0, 0, 0.011
FirmB16, 0, 0, 0.018, 0.025, 0, 0, 0, 0, 0.015
FirmB17, 0, 0, 0.018, 0.019, 0, 0, 0, 0, 0.012
FirmB2, 1, 0, 0.019, 0.027, 1, 0, 1, 0.985, 0.025
FirmB3, 1, 0.001, 0.017, 0.135, 1, 0, 1, 0.155, 0.859
FirmB4, 0, 0, 0.019, 0.02, 0, 0, 0, 0, 0.014
FirmB5, 0, 0, 0.02, 0.02, 0, 0, 0, 0, 0.015
FirmB6, 0, 0, 0.019, 0.021, 0, 0, 0, 0, 0.012
FirmB7, 0, 0, 0.021, 0.023, 0, 0, 0, 0, 0.014
FirmB8, 0, 0, 0.015, 0.019, 0, 0, 0, 0, 0.01
FirmB9, 1, 0.005, 0.229, 0.495, 1, 0, 1, 0.237, 0.773
FirmC1, 0, 0, 0.935, 0.29, 0, 0, 0, 0, 0.011
FirmC10, 0, 0, 0.051, 0.056, 0, 0, 0, 0, 0.012
FirmC11, 1, 0, 0.023, 0.021, 1, 0, 1, 0.568, 0.444
FirmC12, 0, 0, 0.027, 0.031, 0, 0, 0, 0, 0.016
FirmC13, 0, 0, 0.019, 0.018, 0, 0, 0, 0, 0.008
FirmC14, 0, 0, 0.052, 0.044, 0, 0, 0, 0, 0.013
FirmC15, 0, 0, 0.021, 0.019, 0, 0, 0, 0, 0.01
FirmC16, 0, 0, 0.964, 0.016, 0, 0, 0, 0, 0.007
FirmC17, 0, 0, 0.022, 0.023, 0, 0, 0, 0, 0.011
FirmC18, 1, 0.007, 0.028, 0.284, 1, 0, 1, 0.253, 0.761
FirmC19, 0, 0, 0.043, 0.026, 0, 0, 0, 0, 0.008
FirmC3, 0, 0, 0.595, 0.032, 0, 0, 0, 0, 0.016
FirmC4, 1, 0.003, 0.022, 0.257, 1, 0, 1, 0.914, 0.095
FirmC5, 1, 0.004, 0.031, 0.725, 1, 0, 1, 0.656, 0.353
FirmC6, 1, 0, 0.02, 0.021, 1, 0, 1, 0.949, 0.063
FirmC7, 1, 0.001, 0.037, 0.035, 1, 0, 1, 0.992, 0.017
FirmC8, 1, 0, 0.017, 0.015, 1, 0, 1, 0.956, 0.054
FirmC9, 0, 0, 0.719, 0.047, 0, 0, 0, 0, 0.01
FirmD1, 0, 0, 0.027, 0.028, 0, 0, 0, 0, 0.022
FirmD2, 0, 0, 0.03, 0.028, 0, 0, 0, 0, 0.016
FirmD3, 1, 0.004, 0.017, 0.363, 1, 0, 1, 0.013, 0.999
FirmD4, 0, 0, 0.017, 0.018, 0, 0, 0, 0, 0.013
FirmE1, 0, 0, 0.02, 0.02, 0, 0, 0, 0, 0.014
FirmE2, 0, 0, 0.022, 0.019, 0, 0, 0, 0, 0.014
FirmE3, 0, 0, 0.013, 0.015, 0, 0, 0, 0, 0.013
FirmE4, 0, 0, 0.027, 0.04, 0, 0, 0, 0, 0.024
FirmE5, 0, 0, 0.018, 0.024, 0, 0, 0, 0, 0.018
FirmE6, 0, 0, 0.011, 0.01, 0, 0, 0, 0, 0.008
FirmE7, 0, 0, 0.019, 0.022, 0, 0, 0, 0, 0.012
FirmE8, 0, 0, 0.021, 0.024, 0, 0, 0, 0, 0.014
FirmF1, 0, 0, 0.079, 0.041, 0, 0, 0, 0, 0.017
FirmF2, 3, 1.998, 0.023, 0.017, 1, 0, 3, 0.002, 0.012
FirmF3, 2, 1, 0.025, 0.027, 1, 0, 2, 0, 0.012
FirmG1, 0, 0, 0.044, 0.04, 0, 0, 0, 0, 0.02
FirmG2, 2, 0.007, 0.026, 0.816, 1, 0, 2, 0.166, 1.851
FirmG3, 0, 0, 0.022, 0.026, 0, 0, 0, 0, 0.019
FirmG4, 0, 0, 0.031, 0.034, 0, 0, 0, 0, 0.018
FirmG5, 0, 0, 0.039, 0.035, 0, 0, 0, 0, 0.015
FirmG6, 0, 0, 0.019, 0.016, 0, 0, 0, 0, 0.016
Firms1, 0, 0, 0.022, 0.024, 0, 0, 0, 0, 0.016
Firms10, 0, 0, 0.024, 0.026, 0, 0, 0, 0, 0.018
Firms11, 0, 0, 0.019, 0.027, 0, 0, 0, 0, 0.016
Firms12, 0, 0, 0.021, 0.018, 0, 0, 0, 0, 0.013
Firms13, 0, 0, 0.016, 0.017, 0, 0, 0, 0, 0.015
Firms15, 0, 0, 0.02, 0.02, 0, 0, 0, 0, 0.013
Firms16, 0, 0, 0.025, 0.03, 0, 0, 0, 0, 0.021
Firms17, 0, 0, 0.016, 0.017, 0, 0, 0, 0, 0.013
Firms18, 0, 0, 0.015, 0.016, 0, 0, 0, 0, 0.011
Firms2, 0, 0, 0.021, 0.02, 0, 0, 0, 0, 0.012
Firms20, 0, 0, 0.02, 0.019, 0, 0, 0, 0, 0.013
Firms21, 0, 0, 0.02, 0.023, 0, 0, 0, 0, 0.016
Firms22, 0, 0, 0.014, 0.016, 0, 0, 0, 0, 0.011
Firms23, 0, 0, 0.013, 0.012, 0, 0, 0, 0, 0.009
Firms24, 0, 0, 0.018, 0.018, 0, 0, 0, 0, 0.009
Firms25, 0, 0, 0.02, 0.026, 0, 0, 0, 0, 0.017
Firms26, 0, 0, 0.015, 0.013, 0, 0, 0, 0, 0.006
Firms27, 0, 0, 0.018, 0.018, 0, 0, 0, 0, 0.015
Firms28, 0, 0, 0.018, 0.016, 0, 0, 0, 0, 0.009
Firms29, 0, 0, 0.021, 0.025, 0, 0, 0, 0, 0.014
Firms3, 0, 0, 0.015, 0.018, 0, 0, 0, 0, 0.015
Firms30, 0, 0, 0.014, 0.017, 0, 0, 0, 0, 0.011
Firms31, 0, 0, 0.012, 0.016, 0, 0, 0, 0, 0.009
Firms32, 0, 0, 0.016, 0.02, 0, 0, 0, 0, 0.013
Firms33, 0, 0, 0.018, 0.015, 0, 0, 0, 0, 0.012
Firms4, 0, 0, 0.022, 0.022, 0, 0, 0, 0, 0.019
Firms5, 0, 0, 0.019, 0.018, 0, 0, 0, 0, 0.012
Firms6, 0, 0, 0.022, 0.024, 0, 0, 0, 0, 0.022
Firms7, 0, 0, 0.013, 0.012, 0, 0, 0, 0, 0.009
Firms8, 0, 0, 0.024, 0.027, 0, 0, 0, 0, 0.018
Firms9, 0, 0, 0.02, 0.015, 0, 0, 0, 0, 0.008
Fuso2, 0, 0, 0.036, 0.046, 0, 0, 0, 0, 0.026
Gemm2, 0, 0.001, 0.222, 0.068, 0, 0, 0, 0, 0.01
Gemm3, 0, 0, 0.021, 0.021, 0, 0, 0, 0, 0.015
Gemm4, 1, 0.005, 0.021, 0.3, 1, 0, 1, 0.206, 0.805
Gemm5, 0, 0, 0.025, 0.021, 0, 0, 0, 0, 0.016
Gemm6, 0, 0, 0.019, 0.021, 0, 0, 0, 0, 0.013
Gemm7, 0, 0, 0.019, 0.019, 0, 0, 0, 0, 0.011
Gemm8, 0, 0, 0.014, 0.017, 0, 0, 0, 0, 0.014
Gemm9, 0, 0, 0.018, 0.021, 0, 0, 0, 0, 0.01
GemmA1, 0, 0, 0.022, 0.026, 0, 0, 0, 0, 0.019
Gold1, 0, 0, 0.017, 0.024, 0, 0, 0, 0, 0.011
Gold2, 0, 0, 0.021, 0.023, 0, 0, 0, 0, 0.015
Hydr1, 0, 0.001, 0.022, 0.019, 0, 0, 0, 0, 0.017
Hydr2, 0, 0, 0.018, 0.021, 0, 0, 0, 0, 0.014
J088X1, 0, 0, 0.17, 0.105, 0, 0, 0, 0, 0.02
KSB1X1, 0, 0, 0.021, 0.026, 0, 0, 0, 0, 0.02
KSB1X2, 0, 0, 0.015, 0.013, 0, 0, 0, 0, 0.006
KSB1X3, 0, 0, 0.016, 0.019, 0, 0, 0, 0, 0.015
KSB1X4, 0, 0, 0.029, 0.03, 0, 0, 0, 0, 0.02
Krum1, 0, 0, 0.015, 0.016, 0, 0, 0, 0, 0.015
Late1, 0, 0, 0.027, 0.032, 0, 0, 0, 0, 0.024
Late2, 0, 0, 0.026, 0.038, 0, 0, 0, 0, 0.026
Late3, 0, 0, 0.016, 0.017, 0, 0, 0, 0, 0.013
Lind1, 1, 0.003, 0.449, 0.624, 1, 0, 1, 0.489, 0.522
Lind2, 1, 0.003, 0.51, 0.406, 1, 0, 1, 0.427, 0.583
Lind4, 0, 0, 0.716, 0.371, 0, 0, 0, 0, 0.016
Marg1, 0, 0, 0.019, 0.026, 0, 0, 0, 0, 0.016
Marg2, 0, 0, 0.011, 0.01, 0, 0, 0, 0, 0.009
Marg6, 0, 0, 0.022, 0.025, 0, 0, 0, 0, 0.019
Marg7, 0, 0, 0.016, 0.015, 0, 0, 0, 0, 0.014
Mari1, 0, 0, 0.037, 0.034, 0, 0, 0, 0, 0.017
Mari2, 0, 0, 0.022, 0.025, 0, 0, 0, 0, 0.021
Mari3, 0, 0, 0.018, 0.021, 0, 0, 0, 0, 0.017
Mari5, 1, 0.002, 0.018, 0.414, 1, 0, 1, 0.096, 0.916
Mari6, 0, 0, 0.034, 0.028, 0, 0, 0, 0, 0.014
Meth1, 0, 0, 0.022, 0.025, 0, 0, 0, 0, 0.013
Meth2, 0, 0, 0.026, 0.03, 0, 0, 0, 0, 0.017
Meth3, 0, 0, 0.024, 0.023, 0, 0, 0, 0, 0.016
Meth4, 0, 0, 0.018, 0.019, 0, 0, 0, 0, 0.01
Meth5, 0, 0, 0.022, 0.023, 0, 0, 0, 0, 0.011
Muir1, 1, 0.006, 0.028, 0.6, 1, 0, 1, 0.003, 1.018
MyxA1, 0, 0, 0.033, 0.03, 0, 0, 0, 0, 0.013
MyxA2, 0, 0, 0.025, 0.02, 0, 0, 0, 0, 0.015
MyxA3, 0, 0, 0.029, 0.033, 0, 0, 0, 0, 0.019
MyxA4, 0, 0, 0.068, 0.046, 0, 0, 0, 0, 0.01
Myxo1, 1, 0.001, 0.019, 0.139, 1, 0, 1, 0.336, 0.672
Myxo10, 0, 0, 0.2, 0.073, 0, 0, 0, 0, 0.012
Myxo11, 1, 0, 0.035, 0.037, 1, 0, 1, 0.999, 0.015
Myxo13, 1, 0, 0.04, 0.031, 1, 0, 1, 0.998, 0.02
Myxo14, 1, 0, 0.281, 0.184, 1, 0, 1, 0.169, 0.841
Myxo15, 0, 0, 0.486, 0.105, 0, 0, 0, 0, 0.014
Myxo17, 1, 0, 0.036, 0.023, 1, 0, 1, 0.999, 0.011
Myxo18, 2, 0.009, 0.03, 0.513, 1, 0, 2, 0.46, 1.549
Myxo19, 1, 0, 0.037, 0.039, 1, 0, 1, 0.999, 0.012
Myxo2, 0, 0, 0.361, 0.105, 0, 0, 0, 0, 0.015
Myxo3, 1, 0.005, 0.238, 0.711, 1, 0, 1, 0.351, 0.662
Myxo5, 1, 0.007, 0.167, 0.567, 1, 0, 1, 0.013, 0.996
Myxo6, 1, 0.003, 0.203, 0.175, 1, 0, 1, 0.256, 0.76
Myxo7, 0, 0, 0.405, 0.154, 0, 0, 0, 0, 0.01
Myxo8, 2, 0.005, 0.171, 0.533, 1, 0, 2, 0.245, 1.771
Myxo9, 1, 0, 0.307, 0.351, 1, 0, 1, 0.156, 0.863
NPL1, 0, 0.001, 0.03, 0.032, 0, 0, 0, 0, 0.021
Nitr1, 1, 0, 0.033, 0.124, 1, 0, 1, 0.03, 0.987
Nitr10, 1, 0, 0.018, 0.013, 1, 0, 1, 1, 0.009
Nitr11, 0, 0, 0.013, 0.017, 0, 0, 0, 0, 0.009
Nitr12, 0, 0, 0.019, 0.025, 0, 0, 0, 0, 0.014
Nitr13, 0, 0, 0.017, 0.019, 0, 0, 0, 0, 0.013
Nitr14, 0, 0, 0.015, 0.015, 0, 0, 0, 0, 0.01
Nitr15, 0, 0, 0.194, 0.037, 0, 0, 0, 0, 0.014
Nitr16, 0, 0, 0.014, 0.013, 0, 0, 0, 0, 0.01
Nitr17, 0, 0, 0.027, 0.033, 0, 0, 0, 0, 0.023
Nitr2, 0, 0, 0.019, 0.026, 0, 0, 0, 0, 0.015
Nitr3, 1, 0, 0.021, 0.017, 1, 0, 1, 1, 0.01
Nitr4, 1, 0, 0.029, 0.027, 1, 0, 1, 0.999, 0.014
Nitr5, 0, 0, 0.014, 0.019, 0, 0, 0, 0, 0.01
Nitr6, 1, 0, 0.024, 0.031, 1, 0, 1, 1, 0.015
Nitr7, 0, 0, 0.024, 0.024, 0, 0, 0, 0, 0.021
Nitr8, 0, 0, 0.048, 0.03, 0, 0, 0, 0, 0.008
Nitr9, 0, 0, 0.015, 0.015, 0, 0, 0, 0, 0.012
Nits1, 1, 0, 0.018, 0.017, 1, 0, 1, 0.997, 0.013
Nits2, 0, 0.001, 0.034, 0.037, 0, 0, 0, 0, 0.025
Nits3, 1, 0, 0.013, 0.008, 1, 0, 1, 0.997, 0.008
Nits4, 0, 0, 0.026, 0.026, 0, 0, 0, 0, 0.018
NitsA1, 0, 0, 0.027, 0.027, 0, 0, 0, 0, 0.017
NitsA2, 0, 0, 0.024, 0.02, 0, 0, 0, 0, 0.014
NitsA3, 0, 0, 0.231, 0.032, 0, 0, 0, 0, 0.014
Node_AABM5X1_AABM5X2_0, 0.006, 0, 0.016, 0.023, 0.006, 0, 0.006, 0, 0.022
Node_AABM5X1_AABM5X3_0, 0, 0, 0.005, 0.005, 0, 0, 0, 0, 0.004
Node_Acid11_Acid16_0, 0.109, 0.001, 0.025, 0.055, 0.109, 0, 0.109, 0.099, 0.01
Node_Acid11_Acid31_0, 0.168, 0.001, 0.021, 0.077, 0.168, 0, 0.168, 0.099, 0.079
Node_Acid12_Acid13_0, 0.173, 0, 0.007, 0.01, 0.172, 0, 0.173, 0.028, 0.151
Node_Acid1_Acid17_0, 0.013, 0, 0.222, 0.053, 0.012, 0, 0.013, 0.011, 0.012
Node_Acid1_Acid3_0, 0.223, 0, 0.009, 0.035, 0.219, 0, 0.223, 0.169, 0.057
Node_Acid23_Acid12_0, 0.029, 0, 0.013, 0.014, 0.029, 0, 0.029, 0.005, 0.029
Node_Acid29_Acid27_0, 0.003, 0, 0.024, 0.025, 0.003, 0, 0.003, 0, 0.019
Node_Acid2_Acid11_0, 0.123, 0, 0.108, 0.098, 0.122, 0, 0.123, 0.119, 0.006
Node_Acid2_Acid18_0, 0.013, 0, 0.114, 0.037, 0.013, 0, 0.013, 0.013, 0.004
Node_Acid32_Acid25_0, 0.031, 0, 0.014, 0.01, 0.03, 0, 0.031, 0.01, 0.027
Node_Acid32_Acid26_0, 0.178, 0, 0.02, 0.028, 0.177, 0, 0.178, 0.026, 0.167
Node_Acid34_Acid22_0, 0.01, 0, 0.104, 0.01, 0.01, 0, 0.01, 0.006, 0.007
Node_Acid34_Acid24_0, 0.009, 0, 0.01, 0.01, 0.009, 0, 0.009, 0.005, 0.009
Node_Acid34_Acid29_0, 0.008, 0, 0.012, 0.011, 0.008, 0, 0.008, 0.002, 0.014
Node_Acid34_Acid33_0, 0.006, 0, 0.014, 0.012, 0.006, 0, 0.006, 0.001, 0.011
Node_Acid37_Acid21_0, 0.004, 0, 0.024, 0.018, 0.004, 0, 0.004, 0.003, 0.01
Node_Acid37_Acid30_0, 0.003, 0, 0.012, 0.017, 0.003, 0, 0.003, 0, 0.011
Node_Acid37_Acid32_0, 0.018, 0, 0.029, 0.023, 0.018, 0, 0.018, 0.01, 0.009
Node_Acid38_Acid10_0, 0.108, 0, 0.012, 0.007, 0.107, 0, 0.108, 0.097, 0.013
Node_Acid38_Acid1_0, 0.175, 0, 0.019, 0.034, 0.174, 0, 0.175, 0.157, 0.019
Node_Acid38_Acid2_0, 0.225, 0, 0.058, 0.071, 0.219, 0, 0.225, 0.22, 0.005
Node_Acid38_Acid34_0, 0.107, 0, 0.072, 0.022, 0.107, 0, 0.107, 0.107, 0.004
Node_Acid38_Acid36_0, 1.007, 0, 0.044, 0.056, 1, 0, 1.007, 0.976, 0.044
Node_Acid38_Acid40_0, 1.007, 0.008, 0.017, 0.047, 0.984, 0, 1.007, 0.263, 0.748
Node_Acid38_Acid4_0, 0.152, 0.001, 0.014, 0.017, 0.148, 0, 0.152, 0.102, 0.057
Node_Acid38_Acid5_0, 0.175, 0.001, 0.053, 0.046, 0.174, 0, 0.175, 0.173, 0.002
Node_Acid38_Acid7_0, 0.268, 0, 0.031, 0.044, 0.266, 0, 0.268, 0.132, 0.147
Node_Acid38_Acid8_0, 0.278, 0.007, 0.072, 0.132, 0.27, 0, 0.278, 0.26, 0.007
Node_Acid38_B130X1_0, 0.336, 0.002, 0.429, 0.235, 0.331, 0, 0.336, 0.33, 0.003
Node_Acid39_Acid35_0, 0.223, 0.001, 0.258, 0.155, 0.217, 0, 0.223, 0.039, 0.205
Node_Acid3_Acid14_0, 0.774, 0, 0.077, 0.087, 0.656, 0, 0.774, 0.607, 0.18
Node_Acid3_Acid6_0, 0.671, 0.005, 0.012, 0.135, 0.602, 0, 0.671, 0.218, 0.455
Node_Acid40_Acid20_0, 1.02, 0.027, 0.051, 0.693, 1, 0, 1.02, 0.954, 0.037
Node_Acid5_Acid23_0, 0.013, 0, 0.034, 0.03, 0.013, 0, 0.013, 0.007, 0.009
Node_Acid5_Acid37_0, 0.038, 0.001, 0.14, 0.058, 0.037, 0, 0.038, 0.036, 0.002
Node_Acid6_Acid28_0, 0.856, 0.004, 0.079, 0.151, 0.687, 0, 0.856, 0.605, 0.26
Node_Acid8_Acid9_0, 0.216, 0, 0.067, 0.086, 0.216, 0, 0.216, 0.211, 0.005
Node_Acid9_Acid39_0, 0.275, 0.001, 0.014, 0.073, 0.273, 0, 0.275, 0.203, 0.072
Node_Acti10_Acti11_0, 0.525, 0.003, 0.01, 0.093, 0.506, 0, 0.525, 0.34, 0.182
Node_Acti10_Acti25_0, 0.933, 0.01, 0.053, 0.224, 0.917, 0, 0.933, 0.475, 0.451
Node_Acti10_Acti26_0, 0.35, 0.004, 0.014, 0.052, 0.34, 0, 0.35, 0.298, 0.048
Node_Acti10_Acti31_0, 0.944, 0.015, 0.031, 0.202, 0.919, 0, 0.944, 0.897, 0.027
Node_Acti10_Acti3_0, 1.17, 0.009, 0.148, 0.506, 0.94, 0, 1.17, 0.932, 0.239
Node_Acti10_Acti7_0, 1.07, 0.029, 0.022, 0.218, 0.98, 0, 1.07, 0.91, 0.119
Node_Acti11_Acti22_0, 0.195, 0.006, 0.448, 0.213, 0.185, 0, 0.195, 0.083, 0.112
Node_Acti12_Acti21_0, 1.03, 0.001, 0.871, 0.136, 1, 0, 1.03, 0.183, 0.859
Node_Acti12_Acti48_0, 1.041, 0.003, 0.063, 0.105, 0.905, 0, 1.041, 0.882, 0.169
Node_Acti14_Acti33_0, 1.13, 0.01, 0.319, 0.534, 0.989, 0, 1.13, 0.219, 0.908
Node_Acti14_Acti34_0, 1.02, 0.002, 0.149, 0.088, 1, 0, 1.02, 1, 0.037
Node_Acti14_Acti6_0, 1.004, 0, 0.037, 0.031, 0.999, 0, 1.004, 1, 0.021
Node_Acti18_Acti16_0, 0.014, 0, 0.036, 0.032, 0.014, 0, 0.014, 0.007, 0.02
Node_Acti18_Acti4_0, 0.03, 0, 0.337, 0.086, 0.03, 0, 0.03, 0.029, 0.002
Node_Acti19_Acti13_0, 0.019, 0, 0.019, 0.009, 0.019, 0, 0.019, 0.016, 0.007
Node_Acti19_Acti23_0, 0.148, 0, 0.015, 0.031, 0.147, 0, 0.148, 0.017, 0.144
Node_Acti19_Acti42_0, 0.015, 0, 0.011, 0.013, 0.015, 0, 0.015, 0.011, 0.004
Node_Acti19_Acti49_0, 0.031, 0, 0.007, 0.012, 0.03, 0, 0.031, 0.012, 0.024
Node_Acti19_Acti8_0, 0.014, 0.001, 0.011, 0.018, 0.014, 0, 0.014, 0.009, 0.009
Node_Acti33_Acti35_0, 1.231, 0.001, 0.06, 0.112, 0.989, 0, 1.231, 1.083, 0.16
Node_Acti43_Acti36_0, 0.263, 0.003, 0.637, 0.293, 0.239, 0, 0.263, 0.153, 0.121
Node_Acti46_Acti41_0, 1.703, 0, 0.161, 0.118, 0.994, 0, 1.703, 1.68, 0.034
Node_Acti47_Acti45_0, 1.165, 0.007, 0.9, 0.475, 0.991, 0, 1.165, 1.047, 0.123
Node_Acti49_Acti15_0, 0.908, 0.007, 0.01, 0.108, 0.9, 0, 0.908, 0.131, 0.777
Node_Acti49_Acti32_0, 1.007, 0.001, 0.031, 0.031, 1, 0, 1.007, 1.001, 0.02
Node_Acti49_Acti38_0, 1.017, 0.03, 0.033, 1.268, 1, 0, 1.017, 0.871, 0.112
Node_Acti49_Acti40_0, 0.134, 0, 0.005, 0.016, 0.134, 0, 0.134, 0.028, 0.108
Node_Acti50_Acti10_0, 0.312, 0.008, 0.004, 0.083, 0.302, 0, 0.312, 0.069, 0.236
Node_Acti50_Acti14_0, 0.531, 0.014, 0.007, 0.188, 0.449, 0, 0.531, 0.355, 0.159
Node_Acti50_Acti18_0, 0.365, 0.009, 0.017, 0.094, 0.339, 0, 0.365, 0.298, 0.061
Node_Acti50_Acti19_0, 0.022, 0, 0, 0.007, 0.022, 0, 0.022, 0, 0.022
Node_Acti50_Acti20_0, 0.002, 0, 0.012, 0.008, 0.002, 0, 0.002, 0.002, 0.001
Node_Acti50_Acti28_0, 2.263, 0.125, 0.067, 0.306, 0.997, 0, 2.263, 1.788, 0.27
Node_Acti50_Acti39_0, 0.072, 0, 0.004, 0.021, 0.071, 0, 0.072, 0.021, 0.054
Node_Acti50_Acti43_0, 0.776, 0.067, 0.107, 0.381, 0.592, 0, 0.776, 0.389, 0.285
Node_Acti50_Acti46_0, 1.83, 0.048, 0.047, 0.643, 0.996, 0, 1.83, 0.724, 1.053
Node_Acti50_Acti47_0, 1.935, 0.024, 0.167, 0.204, 0.999, 0, 1.935, 1.793, 0.1
Node_Acti50_Acti51_0, 0, 0, 0.003, 0.003, 0, 0, 0, 0, 0.001
Node_Acti50_Acti52_0, 1.978, 0.062, 0.071, 1.125, 1, 0.001, 1.978, 1.725, 0.156
Node_Acti50_FirmF1_0, 0.013, 0.002, 0.003, 0.009, 0.012, 0.001, 0.013, 0.006, 0.005
Node_Acti51_Acti27_0, 0.001, 0, 0.003, 0.004, 0.001, 0, 0.001, 0, 0.004
Node_Acti52_Acti12_0, 0.932, 0.002, 0.965, 0.087, 0.885, 0, 0.932, 0.768, 0.168
Node_Acti52_Acti37_0, 1.727, 0.001, 0.294, 0.099, 0.991, 0, 1.727, 1.692, 0.042
Node_Acti52_Acti44_0, 0.708, 0, 0.278, 0.073, 0.704, 0, 0.708, 0.666, 0.054
Node_Acti8_Acti24_0, 0.014, 0, 0.017, 0.02, 0.014, 0, 0.014, 0.001, 0.022
Node_Acti8_Acti2_0, 0.007, 0, 0.016, 0.014, 0.007, 0, 0.007, 0.003, 0.009
Node_Acti8_Acti5_0, 0.009, 0, 0.006, 0.005, 0.009, 0, 0.009, 0.003, 0.008
Node_Acti9_Acti29_0, 0.002, 0, 0.012, 0.013, 0.002, 0, 0.002, 0.001, 0.009
Node_Acti9_Acti30_0, 0.005, 0, 0.006, 0.01, 0.005, 0, 0.005, 0, 0.011
Node_Aero1_NPL1_0, 0.008, 0, 0.026, 0.018, 0.008, 0, 0.008, 0.007, 0.002
Node_Aero1_UBA6X1_0, 0.11, 0.001, 0.236, 0.12, 0.107, 0, 0.11, 0.106, 0.003
Node_Aero1_UBA9X1_0, 0.032, 0, 0.08, 0.054, 0.032, 0, 0.032, 0.031, 0.002
Node_Aqui2_Aqui1_0, 0.007, 0.001, 0.021, 0.029, 0.007, 0, 0.007, 0, 0.022
Node_Aqui2_Aqui3_0, 0.006, 0, 0.029, 0.022, 0.006, 0, 0.006, 0.005, 0.002
Node_Aqui2_Aqui5_0, 0.005, 0, 0.024, 0.026, 0.005, 0, 0.005, 0.001, 0.024
Node_Aqui2_Aqui6_0, 0.005, 0, 0.014, 0.015, 0.005, 0, 0.005, 0.001, 0.013
Node_Aqui2_Camp1_0, 0.139, 0.001, 0.091, 0.142, 0.138, 0, 0.139, 0.137, 0.001
Node_Aqui2_Thers1_0, 0.033, 0, 0.108, 0.053, 0.033, 0, 0.033, 0.031, 0.002
Node_Aqui6_Aqui4_0, 0.006, 0, 0.019, 0.027, 0.006, 0, 0.006, 0.002, 0.02
Node_Arma12_Arma11_0, 0.007, 0, 0.002, 0.005, 0.007, 0, 0.007, 0.002, 0.006
Node_Arma12_Arma7_0, 0.021, 0, 0.007, 0.01, 0.021, 0, 0.021, 0.004, 0.021
Node_Arma15_Arma13_0, 0.035, 0, 0.289, 0.107, 0.034, 0, 0.035, 0.027, 0.019
Node_Arma4_Acti50_0, 0.008, 0, 0.008, 0.005, 0.008, 0.001, 0.008, 0.006, 0.002
Node_Arma4_Arma12_0, 0.003, 0, 0.005, 0.004, 0.003, 0, 0.003, 0.001, 0.004
Node_Arma4_Arma14_0, 0.005, 0, 0.008, 0.009, 0.005, 0, 0.005, 0, 0.01
Node_Arma4_Arma6_0, 0.004, 0, 0.003, 0.006, 0.004, 0, 0.004, 0.001, 0.005
Node_Arma4_CSP1X1_0, 0, 0, 0.003, 0.003, 0, 0, 0, 0, 0.001
Node_Arma4_Erem6_0, 0.001, 0, 0, 0, 0.001, 0, 0.001, 0, 0.001
Node_Arma4_Pate48_0, 0.002, 0, 0.006, 0.006, 0.002, 0, 0.002, 0.002, 0
Node_Arma4_UBP13X1_0, 0.002, 0, 0.002, 0.002, 0.002, 0, 0.002, 0.001, 0.003
Node_Arma6_Arma15_0, 0.305, 0.037, 0.012, 0.104, 0.264, 0, 0.305, 0.06, 0.214
Node_Arma6_Arma16_0, 0.018, 0, 0.008, 0.007, 0.018, 0, 0.018, 0.006, 0.015
Node_Arma6_Arma3_0, 0.011, 0, 0.01, 0.013, 0.011, 0, 0.011, 0.002, 0.017
Node_Arma6_Arma9_0, 0.066, 0.002, 0.005, 0.019, 0.064, 0, 0.066, 0.016, 0.051
Node_Aure2_Aure1_0, 0.373, 0, 0.136, 0.105, 0.366, 0, 0.373, 0.31, 0.065
Node_Bact1_Bact11_0, 0.002, 0, 0.018, 0.019, 0.002, 0, 0.002, 0.001, 0.015
Node_Bact1_Bact17_0, 0.005, 0, 0.013, 0.016, 0.005, 0, 0.005, 0.002, 0.012
Node_Bact20_Bact1_0, 0.006, 0, 0.01, 0.016, 0.006, 0, 0.006, 0, 0.014
Node_Bact20_Bact30_0, 0.006, 0.001, 0.015, 0.019, 0.006, 0, 0.006, 0.002, 0.014
Node_Bact21_Bact29_0, 1.075, 0.003, 0.045, 0.08, 0.998, 0, 1.075, 0.941, 0.14
Node_Bact21_Bact36_0, 0.977, 0, 0.231, 0.065, 0.928, 0, 0.977, 0.943, 0.04
Node_Bact21_Bact44_0, 1.168, 0.001, 0.033, 0.071, 0.937, 0, 1.168, 1.026, 0.149
Node_Bact22_Bact31_0, 0.006, 0, 0.022, 0.018, 0.006, 0, 0.006, 0.002, 0.014
Node_Bact22_Bact5_0, 0.014, 0.001, 0.111, 0.066, 0.014, 0, 0.014, 0.004, 0.024
Node_Bact23_Bact28_0, 0.269, 0.002, 0.02, 0.137, 0.267, 0, 0.269, 0.056, 0.227
Node_Bact23_Bact34_0, 0.06, 0, 0.013, 0.04, 0.059, 0, 0.06, 0.014, 0.058
Node_Bact23_Bact4_0, 0.015, 0, 0.004, 0.006, 0.015, 0, 0.015, 0.006, 0.01
Node_Bact24_Bact23_0, 0.009, 0, 0.006, 0.006, 0.009, 0, 0.009, 0.003, 0.01
Node_Bact24_Bact25_0, 0.006, 0, 0.013, 0.015, 0.006, 0, 0.006, 0.001, 0.01
Node_Bact24_Bact3_0, 0.005, 0, 0.01, 0.015, 0.005, 0, 0.005, 0.002, 0.005
Node_Bact24_Bact7_0, 0.01, 0, 0.04, 0.012, 0.01, 0, 0.01, 0.009, 0.004
Node_Bact25_Bact20_0, 0.002, 0, 0.009, 0.007, 0.002, 0, 0.002, 0.001, 0.006
Node_Bact25_Bact2_0, 0.005, 0, 0.011, 0.01, 0.005, 0, 0.005, 0.002, 0.01
Node_Bact27_Bact19_0, 0.998, 0.001, 0.105, 0.059, 0.938, 0, 0.998, 0.953, 0.051
Node_Bact27_Bact21_0, 1.051, 0.007, 0.019, 0.137, 0.928, 0, 1.051, 0.856, 0.191
Node_Bact27_Bact22_0, 0.1, 0.003, 0.01, 0.056, 0.099, 0, 0.1, 0.041, 0.061
Node_Bact27_Bact24_0, 0.046, 0, 0.003, 0.014, 0.046, 0, 0.046, 0.017, 0.029
Node_Bact27_Bact35_0, 0.197, 0.009, 0.951, 0.052, 0.185, 0, 0.197, 0.058, 0.141
Node_Bact27_Bact37_0, 0.872, 0.036, 0.013, 0.26, 0.814, 0, 0.872, 0.09, 0.749
Node_Bact27_Bact40_0, 1.092, 0.345, 0.02, 0.191, 0.727, 0, 1.092, 0.127, 0.57
Node_Bact27_Mari3_0, 0.02, 0, 0.001, 0.009, 0.02, 0, 0.02, 0.006, 0.014
Node_Bact29_Bact9_0, 1.262, 0.003, 0.027, 0.137, 0.995, 0, 1.262, 1.061, 0.211
Node_Bact30_Bact32_0, 0.004, 0, 0.021, 0.024, 0.004, 0, 0.004, 0, 0.019
Node_Bact31_Bact38_0, 0.009, 0.001, 0.021, 0.03, 0.009, 0, 0.009, 0.001, 0.023
Node_Bact33_Bact10_0, 0.078, 0.001, 0.06, 0.085, 0.076, 0, 0.078, 0.043, 0.048
Node_Bact33_Bact39_0, 0.201, 0.001, 0.021, 0.046, 0.2, 0, 0.201, 0.064, 0.143
Node_Bact33_Bact6_0, 0.089, 0.004, 0.754, 0.155, 0.086, 0, 0.089, 0.072, 0.017
Node_Bact36_Bact43_0, 0.026, 0, 0.973, 0.034, 0.026, 0, 0.026, 0.012, 0.022
Node_Bact37_Bact33_0, 0.822, 0, 0.064, 0.172, 0.806, 0, 0.822, 0.809, 0.014
Node_Bact37_Bact42_0, 0.857, 0.004, 0.028, 0.194, 0.848, 0, 0.857, 0.799, 0.059
Node_Bact3_Bact12_0, 0.004, 0, 0.012, 0.014, 0.004, 0, 0.004, 0, 0.011
Node_Bact3_Bact13_0, 0.004, 0, 0.01, 0.012, 0.004, 0, 0.004, 0, 0.009
Node_Bact3_Bact14_0, 0.007, 0.001, 0.016, 0.02, 0.007, 0, 0.007, 0.001, 0.018
Node_Bact3_Bact18_0, 0.005, 0, 0.013, 0.014, 0.005, 0, 0.005, 0.001, 0.014
Node_Bact40_Bact41_0, 1.413, 0.004, 0.028, 0.228, 0.998, 0, 1.413, 1.075, 0.345
Node_Bact5_Bact16_0, 0.009, 0, 0.023, 0.024, 0.009, 0, 0.009, 0.004, 0.018
Node_Bact7_Bact8_0, 0.011, 0, 0.022, 0.026, 0.011, 0, 0.011, 0.002, 0.023
Node_Bdell12_Bdell3_0, 1.35, 0.257, 0.043, 0.431, 0.988, 0, 1.35, 0.638, 0.308
Node_Bdell13_Bdell12_0, 0.828, 0.068, 0.151, 0.358, 0.736, 0, 0.828, 0.644, 0.061
Node_Bdell14_Bdell11_0, 0.011, 0, 0.06, 0.04, 0.011, 0, 0.011, 0.008, 0.014
Node_Bdell14_Bdell4_0, 0.013, 0, 0.02, 0.028, 0.013, 0, 0.013, 0.006, 0.022
Node_Bdell15_Bdell14_0, 0.057, 0, 0.046, 0.07, 0.056, 0, 0.057, 0.046, 0.013
Node_Bdell15_Bdell7_0, 0.083, 0.002, 0.039, 0.046, 0.082, 0, 0.083, 0.028, 0.063
Node_Bdell15_Bdell9_0, 0.267, 0.001, 0.014, 0.099, 0.267, 0, 0.267, 0.076, 0.197
Node_Bdell17_Bdell15_0, 0.09, 0.001, 0.141, 0.111, 0.089, 0, 0.09, 0.083, 0.009
Node_Bdell17_Bdell16_0, 0.014, 0, 0.097, 0.064, 0.014, 0, 0.014, 0.012, 0.021
Node_Bdell2_Bdell10_0, 0.05, 0, 0.204, 0.11, 0.049, 0, 0.05, 0.049, 0.004
Node_Bdell6_Bdell17_0, 0.221, 0.005, 0.209, 0.309, 0.215, 0, 0.221, 0.173, 0.046
Node_Bdell6_Bdell2_0, 0.25, 0.002, 0.106, 0.172, 0.242, 0, 0.25, 0.119, 0.133
Node_Bdell6_UBA1X6_0, 0.379, 0.012, 0.356, 0.391, 0.366, 0, 0.379, 0.352, 0.012
Node_Bdell7_Bdell5_0, 0.015, 0, 0.078, 0.026, 0.015, 0, 0.015, 0.009, 0.01
Node_BdellC1_BdellC2_0, 0.109, 0, 0.068, 0.109, 0.107, 0, 0.109, 0.052, 0.065
Node_Bipo1_Bipo2_0, 0.004, 0, 0.013, 0.016, 0.004, 0, 0.004, 0, 0.014
Node_Bipo1_Therg8_0, 0.003, 0, 0.001, 0.001, 0.003, 0, 0.003, 0.001, 0.003
Node_CG294X1_CG267X1_0, 0.013, 0, 0.047, 0.037, 0.013, 0, 0.013, 0.011, 0.005
Node_Calda2_Calda1_0, 0, 0, 0.006, 0.007, 0, 0, 0, 0, 0.004
Node_Caldit2_Caldit1_0, 0.008, 0, 0.014, 0.018, 0.008, 0, 0.008, 0, 0.02
Node_Caldit2_Caldit3_0, 0.002, 0, 0.009, 0.012, 0.002, 0, 0.002, 0, 0.007
Node_Camp14_Camp15_0, 0.641, 0.002, 0.063, 0.22, 0.628, 0, 0.641, 0.567, 0.085
Node_Camp1_Camp2_0, 0.878, 0.011, 0.018, 0.311, 0.826, 0, 0.878, 0.131, 0.743
Node_Camp1_Camp3_0, 0.854, 0, 0.071, 0.046, 0.845, 0, 0.854, 0.814, 0.047
Node_Camp1_Camp9_0, 0.142, 0.003, 0.017, 0.101, 0.138, 0, 0.142, 0.102, 0.038
Node_Camp1_UBP6X1_0, 0.118, 0.004, 0.03, 0.101, 0.114, 0, 0.118, 0.107, 0.005
Node_Camp2_Camp11_0, 1.067, 0.035, 0.026, 0.286, 0.866, 0, 1.067, 0.833, 0.18
Node_Camp2_Camp13_0, 1.047, 0, 0.458, 0.068, 0.98, 0, 1.047, 1.014, 0.044
Node_Camp2_Camp4_0, 1.461, 0.044, 0.039, 0.111, 0.993, 0, 1.461, 1.303, 0.085
Node_Camp2_Camp5_0, 1.21, 0.215, 0.182, 0.254, 0.92, 0, 1.21, 0.707, 0.11
Node_Camp2_Camp7_0, 1.371, 0.045, 0.04, 0.086, 0.974, 0, 1.371, 1.156, 0.156
Node_Camp4_Camp16_0, 1.555, 0.001, 0.047, 0.062, 0.997, 0, 1.555, 1.424, 0.14
Node_Camp5_Camp10_0, 1.071, 0.168, 0.022, 0.199, 0.879, 0, 1.071, 0.701, 0.048
Node_Camp5_Camp12_0, 0.877, 0.018, 0.369, 0.253, 0.851, 0, 0.877, 0.837, 0.018
Node_Camp7_Camp14_0, 0.617, 0.001, 0.795, 0.229, 0.588, 0, 0.617, 0.585, 0.04
Node_Camp9_Camp6_0, 0.085, 0.001, 0.136, 0.125, 0.084, 0, 0.085, 0.012, 0.078
Node_Chlo12_Chlo24_0, 0.002, 0, 0.009, 0.012, 0.002, 0, 0.002, 0, 0.009
Node_Chlo26_Chlo11_0, 0.004, 0, 0.005, 0.007, 0.004, 0, 0.004, 0, 0.008
Node_Chlo26_Chlo9_0, 0.001, 0, 0.011, 0.006, 0.001, 0, 0.001, 0, 0.005
Node_Chlo30_Chlo20_0, 0.008, 0, 0.012, 0.013, 0.008, 0, 0.008, 0.004, 0.006
Node_Chlo30_Chlo23_0, 0.014, 0, 0.076, 0.034, 0.014, 0, 0.014, 0.01, 0.008
Node_Chlo30_Chlo36_0, 0.082, 0, 0.007, 0.032, 0.081, 0, 0.082, 0.022, 0.063
Node_Chlo30_Chlo37_0, 0.004, 0, 0.016, 0.018, 0.004, 0, 0.004, 0.001, 0.012
Node_Chlo30_Chlo38_0, 0.002, 0, 0.001, 0.001, 0.002, 0, 0.002, 0, 0.003
Node_Chlo30_Chlo41_0, 0.002, 0, 0.002, 0.004, 0.002, 0, 0.002, 0.001, 0.002
Node_Chlo30_Chlo43_0, 0.002, 0, 0.003, 0.002, 0.002, 0, 0.002, 0.001, 0.003
Node_Chlo30_Chlo6_0, 0.026, 0, 0.003, 0.019, 0.026, 0, 0.026, 0.002, 0.027
Node_Chlo30_Dorm2_0, 0, 0, 0.002, 0.002, 0, 0, 0, 0, 0.002
Node_Chlo31_Chlo25_0, 0.006, 0, 0.017, 0.024, 0.006, 0, 0.006, 0, 0.02
Node_Chlo35_Chlo21_0, 0.002, 0, 0.006, 0.008, 0.002, 0, 0.002, 0, 0.008
Node_Chlo36_Chlo13_0, 0.006, 0, 0.012, 0.013, 0.006, 0, 0.006, 0.002, 0.01
Node_Chlo36_Chlo14_0, 0.008, 0, 0.012, 0.012, 0.008, 0, 0.008, 0.002, 0.014
Node_Chlo36_Chlo28_0, 0.006, 0, 0.053, 0.045, 0.006, 0, 0.006, 0.006, 0.005
Node_Chlo36_Chlo33_0, 0.054, 0.001, 0.162, 0.12, 0.053, 0, 0.054, 0.048, 0.008
Node_Chlo36_Chlo40_0, 0.004, 0, 0.022, 0.024, 0.004, 0, 0.004, 0.001, 0.02
Node_Chlo36_Chlo5_0, 0.008, 0, 0.007, 0.011, 0.008, 0, 0.008, 0.004, 0.007
Node_Chlo36_Chlo8_0, 0.207, 0.003, 0.006, 0.086, 0.205, 0, 0.207, 0.081, 0.128
Node_Chlo38_Chlo19_0, 0.013, 0, 0.015, 0.016, 0.013, 0, 0.013, 0.001, 0.025
Node_Chlo38_Chlo31_0, 0.003, 0, 0.005, 0.004, 0.003, 0, 0.003, 0, 0.006
Node_Chlo41_Chlo29_0, 0.005, 0, 0.006, 0.006, 0.005, 0, 0.005, 0.001, 0.005
Node_Chlo41_Chlo32_0, 0.019, 0, 0.006, 0.015, 0.019, 0, 0.019, 0.005, 0.02
Node_Chlo41_Chlo39_0, 0.002, 0, 0.018, 0.023, 0.002, 0, 0.002, 0, 0.018
Node_Chlo41_Chlo44_0, 0.006, 0, 0.021, 0.011, 0.006, 0, 0.006, 0.002, 0.008
Node_Chlo41_Chlo4_0, 0.006, 0, 0.004, 0.006, 0.006, 0, 0.006, 0.001, 0.008
Node_Chlo41_Chlo7_0, 0.002, 0, 0.009, 0.007, 0.002, 0, 0.002, 0.001, 0.005
Node_Chlo42_Chlo34_0, 0.003, 0, 0.012, 0.012, 0.003, 0, 0.003, 0, 0.009
Node_Chlo43_Chlo42_0, 0.006, 0, 0.012, 0.015, 0.006, 0, 0.006, 0, 0.016
Node_Chlo43_Chlo45_0, 0.003, 0, 0.006, 0.005, 0.003, 0, 0.003, 0, 0.007
Node_Chlo43_Chlo47_0, 0.002, 0, 0.007, 0.008, 0.002, 0, 0.002, 0, 0.006
Node_Chlo44_Chlo17_0, 0, 0, 0.008, 0.009, 0, 0, 0, 0, 0.007
Node_Chlo44_Chlo22_0, 0.001, 0, 0.008, 0.008, 0.001, 0, 0.001, 0.001, 0.003
Node_Chlo45_Chlo27_0, 0.003, 0, 0.009, 0.011, 0.003, 0, 0.003, 0, 0.009
Node_Chlo45_Chlo46_0, 0.001, 0, 0.016, 0.019, 0.001, 0, 0.001, 0.001, 0.014
Node_Chlo47_Chlo48_0, 0.005, 0, 0.011, 0.015, 0.005, 0, 0.005, 0.001, 0.014
Node_Chlo48_Chlo10_0, 0.005, 0, 0.016, 0.018, 0.005, 0, 0.005, 0.001, 0.016
Node_Chlo4_Chlo12_0, 0.002, 0, 0.009, 0.009, 0.002, 0, 0.002, 0.001, 0.005
Node_Chlo4_Chlo35_0, 0, 0, 0.007, 0.011, 0, 0, 0, 0, 0.005
Node_Chlo5_Chlo16_0, 0.011, 0, 0.02, 0.029, 0.011, 0, 0.011, 0.005, 0.023
Node_Chlo6_Chlo18_0, 0.005, 0, 0.025, 0.026, 0.005, 0, 0.005, 0.001, 0.023
Node_Chlo6_Chlo26_0, 0.007, 0, 0.027, 0.013, 0.007, 0, 0.007, 0.004, 0.008
Node_Chlo7_Chlo15_0, 0.008, 0, 0.014, 0.016, 0.008, 0, 0.008, 0, 0.02
Node_Chry1_Aqui2_0, 0.228, 0.003, 0.536, 0.347, 0.221, 0, 0.228, 0.222, 0
Node_Chry1_Defe3_0, 0.055, 0, 0.177, 0.115, 0.055, 0, 0.055, 0.052, 0.004
Node_Cyan10_Cyan35_0, 0.006, 0, 0.022, 0.018, 0.005, 0, 0.006, 0.002, 0.017
Node_Cyan10_Cyan45_0, 0.007, 0, 0.009, 0.016, 0.007, 0, 0.007, 0.002, 0.01
Node_Cyan10_Cyan46_0, 0.011, 0, 0.022, 0.035, 0.011, 0, 0.011, 0.004, 0.022
Node_Cyan11_Cyan26_0, 0.002, 0, 0.026, 0.032, 0.002, 0, 0.002, 0.001, 0.018
Node_Cyan12_Cyan13_0, 0.023, 0, 0.234, 0.065, 0.022, 0, 0.023, 0.011, 0.034
Node_Cyan13_Cyan18_0, 0.008, 0, 0.034, 0.04, 0.008, 0, 0.008, 0.001, 0.019
Node_Cyan14_Cyan15_0, 0.005, 0, 0.017, 0.023, 0.005, 0, 0.005, 0, 0.017
Node_Cyan14_Cyan16_0, 0.005, 0, 0.015, 0.02, 0.005, 0, 0.005, 0.001, 0.016
Node_Cyan14_Cyan23_0, 0.004, 0, 0.02, 0.015, 0.004, 0, 0.004, 0.001, 0.012
Node_Cyan16_Cyan29_0, 0.003, 0, 0.024, 0.027, 0.003, 0, 0.003, 0, 0.022
Node_Cyan19_Cyan22_0, 0.005, 0, 0.014, 0.014, 0.005, 0, 0.005, 0, 0.014
Node_Cyan19_Cyan47_0, 0.007, 0, 0.02, 0.026, 0.007, 0, 0.007, 0, 0.022
Node_Cyan28_chloroArabidopsis_0, 0.003, 0, 0.003, 0.004, 0.003, 0, 0.003, 0.001, 0.004
Node_Cyan2_Cyan1_0, 0.004, 0, 0.011, 0.021, 0.004, 0, 0.004, 0, 0.011
Node_Cyan31_Cyan34_0, 0.005, 0, 0.025, 0.028, 0.005, 0, 0.005, 0.002, 0.018
Node_Cyan33_Cyan21_0, 0.005, 0, 0.018, 0.017, 0.005, 0, 0.005, 0.002, 0.015
Node_Cyan38_Cyan28_0, 0.002, 0, 0.008, 0.006, 0.002, 0, 0.002, 0.001, 0.004
Node_Cyan40_Arma4_0, 0.013, 0, 0.01, 0.012, 0.013, 0, 0.013, 0.013, 0
Node_Cyan40_Cyan10_0, 0.011, 0.001, 0.011, 0.012, 0.01, 0, 0.011, 0.002, 0.012
Node_Cyan40_Cyan11_0, 0.01, 0, 0.012, 0.012, 0.01, 0, 0.01, 0.002, 0.017
Node_Cyan40_Cyan14_0, 0.012, 0, 0.01, 0.011, 0.012, 0, 0.012, 0.001, 0.017
Node_Cyan40_Cyan19_0, 0.005, 0, 0.008, 0.012, 0.005, 0, 0.005, 0, 0.01
Node_Cyan40_Cyan20_0, 0.002, 0, 0.008, 0.007, 0.002, 0, 0.002, 0, 0.004
Node_Cyan40_Cyan24_0, 0.009, 0, 0.016, 0.016, 0.009, 0, 0.009, 0.005, 0.013
Node_Cyan40_Cyan25_0, 0.005, 0, 0.018, 0.017, 0.005, 0, 0.005, 0.003, 0.012
Node_Cyan40_Cyan27_0, 0.004, 0, 0.017, 0.014, 0.004, 0, 0.004, 0.002, 0.011
Node_Cyan40_Cyan2_0, 0.004, 0, 0.001, 0.003, 0.004, 0, 0.004, 0.004, 0
Node_Cyan40_Cyan36_0, 0.003, 0, 0.012, 0.012, 0.003, 0, 0.003, 0.001, 0.009
Node_Cyan40_Cyan37_0, 0.004, 0, 0.005, 0.006, 0.004, 0, 0.004, 0.001, 0.006
Node_Cyan40_Cyan38_0, 0.006, 0, 0.004, 0.002, 0.006, 0, 0.006, 0.001, 0.006
Node_Cyan40_Cyan42_0, 0.003, 0, 0.006, 0.009, 0.003, 0, 0.003, 0, 0.007
Node_Cyan40_Cyan7_0, 0.006, 0, 0.001, 0.003, 0.006, 0.001, 0.006, 0.004, 0.002
Node_Cyan40_Marg1_0, 0.005, 0, 0.003, 0.007, 0.005, 0, 0.005, 0.004, 0.001
Node_Cyan40_Therd1_0, 0.007, 0, 0.007, 0.007, 0.007, 0.001, 0.007, 0.007, 0
Node_Cyan42_Cyan3_0, 0.004, 0, 0.01, 0.016, 0.004, 0, 0.004, 0.001, 0.011
Node_Cyan46_Cyan30_0, 0.009, 0, 0.017, 0.022, 0.009, 0, 0.009, 0.004, 0.015
Node_Cyan46_Cyan31_0, 0.012, 0, 0.017, 0.022, 0.012, 0, 0.012, 0.003, 0.02
Node_Cyan46_Cyan32_0, 0.005, 0, 0.013, 0.011, 0.005, 0, 0.005, 0.001, 0.013
Node_Cyan46_Cyan33_0, 0.008, 0, 0.027, 0.031, 0.008, 0, 0.008, 0.001, 0.023
Node_Cyan46_Cyan41_0, 0.005, 0, 0.025, 0.026, 0.005, 0, 0.005, 0, 0.022
Node_Cyan47_Cyan43_0, 0.009, 0, 0.02, 0.025, 0.009, 0, 0.009, 0.003, 0.022
Node_Cyan47_Cyan44_0, 0.007, 0, 0.024, 0.027, 0.007, 0, 0.007, 0.002, 0.022
Node_Cyan4_Cyan8_0, 0.009, 0, 0.056, 0.018, 0.009, 0, 0.009, 0.008, 0.005
Node_Cyan4_Cyan9_0, 0.002, 0, 0.018, 0.016, 0.002, 0, 0.002, 0, 0.011
Node_Cyan7_Cyan12_0, 0.223, 0.028, 0.01, 0.062, 0.197, 0, 0.223, 0.051, 0.145
Node_Cyan7_Cyan4_0, 0.06, 0.003, 0.006, 0.047, 0.06, 0, 0.06, 0.006, 0.057
Node_DTU0X1_SLNR1_0, 0.002, 0, 0.016, 0.016, 0.002, 0, 0.002, 0.001, 0.014
Node_Defe3_Defe1_0, 0.032, 0.001, 0.051, 0.058, 0.031, 0, 0.032, 0.011, 0.027
Node_Defe3_Defe2_0, 0.197, 0.001, 0.023, 0.084, 0.196, 0, 0.197, 0.02, 0.187
Node_Dein4_Dein2_0, 0.003, 0, 0.013, 0.012, 0.003, 0, 0.003, 0, 0.01
Node_Dein4_Dein6_0, 0.004, 0, 0.013, 0.015, 0.004, 0, 0.004, 0, 0.014
Node_Dein5_Bipo1_0, 0.001, 0, 0.007, 0.006, 0.001, 0, 0.001, 0.001, 0.001
Node_Dein5_Dein1_0, 0.002, 0, 0.023, 0.022, 0.002, 0, 0.002, 0.001, 0.013
Node_Dein5_Dein4_0, 0.006, 0, 0.007, 0.017, 0.006, 0, 0.006, 0.001, 0.012
Node_Dein5_Dein7_0, 0.012, 0.001, 0.015, 0.022, 0.012, 0, 0.012, 0.002, 0.02
Node_Dein7_Dein3_0, 0.005, 0, 0.018, 0.016, 0.005, 0, 0.005, 0, 0.011
Node_DesuB1_DesuB2_0, 0.011, 0, 0.027, 0.029, 0.011, 0, 0.011, 0.006, 0.015
Node_DesuB4_BdellC1_0, 0.112, 0.002, 0.107, 0.176, 0.111, 0, 0.112, 0.108, 0.003
Node_DesuB4_DesuB1_0, 0.023, 0, 0.095, 0.086, 0.023, 0, 0.023, 0.022, 0.006
Node_DesuB4_DesuB3_0, 0.009, 0, 0.036, 0.039, 0.009, 0, 0.009, 0.003, 0.022
Node_DesuB4_Desua5_0, 0.214, 0.004, 0.51, 0.423, 0.212, 0, 0.214, 0.208, 0.002
Node_DesuB4_Myxo10_0, 0.718, 0.013, 0.172, 0.257, 0.693, 0, 0.718, 0.692, 0.005
Node_DesuC2_DesuC1_0, 0.894, 0.004, 0.264, 0.265, 0.712, 0, 0.894, 0.547, 0.359
Node_DesuC2_Desua47_0, 0.795, 0.005, 0.05, 0.268, 0.746, 0, 0.795, 0.724, 0.066
Node_DesuD2_DesuD1_0, 0.011, 0.001, 0.838, 0.066, 0.011, 0, 0.011, 0.008, 0.016
Node_Desua11_Desua27_0, 0.005, 0, 0.018, 0.022, 0.005, 0, 0.005, 0.001, 0.015
Node_Desua16_Desua15_0, 1.306, 0.004, 0.052, 0.254, 1, 0, 1.306, 0.36, 0.953
Node_Desua16_Desua20_0, 1.018, 0.013, 0.065, 0.544, 0.963, 0, 1.018, 0.967, 0.036
Node_Desua16_Desua24_0, 0.401, 0.003, 0.188, 0.172, 0.361, 0, 0.401, 0.215, 0.192
Node_Desua16_Desua6_0, 1.034, 0.047, 0.019, 0.416, 0.951, 0, 1.034, 0.899, 0.052
Node_Desua16_Desua9_0, 0.394, 0.002, 0.66, 0.388, 0.37, 0, 0.394, 0.361, 0.034
Node_Desua1_Desua34_0, 0.005, 0, 0.023, 0.029, 0.005, 0, 0.005, 0.001, 0.023
Node_Desua1_Desua3_0, 0.005, 0.001, 0.029, 0.02, 0.005, 0, 0.005, 0.003, 0.005
Node_Desua1_Desua43_0, 0.028, 0.001, 0.062, 0.064, 0.027, 0, 0.028, 0.024, 0.004
Node_Desua22_Desua10_0, 0.015, 0, 0.022, 0.026, 0.015, 0, 0.015, 0.003, 0.022
Node_Desua22_Desua13_0, 0.015, 0, 0.051, 0.056, 0.015, 0, 0.015, 0.014, 0.004
Node_Desua22_Desua14_0, 0.06, 0.002, 0.017, 0.039, 0.06, 0, 0.06, 0.011, 0.06
Node_Desua22_Desua16_0, 0.954, 0.029, 0.037, 0.254, 0.916, 0, 0.954, 0.887, 0.011
Node_Desua22_Desua23_0, 0.25, 0.001, 0.017, 0.079, 0.247, 0, 0.25, 0.051, 0.206
Node_Desua22_Desua26_0, 0.062, 0, 0.157, 0.15, 0.062, 0, 0.062, 0.062, 0.004
Node_Desua22_Desua4_0, 0.215, 0.001, 0.742, 0.345, 0.214, 0, 0.215, 0.214, 0.002
Node_Desua26_Desua30_0, 0.006, 0.001, 0.064, 0.05, 0.005, 0, 0.006, 0.003, 0.007
Node_Desua28_Desua35_0, 1.006, 0, 0.015, 0.066, 1, 0, 1.006, 0.838, 0.182
Node_Desua2_Desua8_0, 0.462, 0.003, 0.742, 0.43, 0.412, 0, 0.462, 0.218, 0.254
Node_Desua36_Desua38_0, 0.01, 0, 0.023, 0.03, 0.01, 0, 0.01, 0.001, 0.024
Node_Desua36_Desua39_0, 0.009, 0, 0.02, 0.027, 0.009, 0, 0.009, 0.001, 0.021
Node_Desua40_Desua31_0, 0.005, 0, 0.027, 0.02, 0.005, 0, 0.005, 0.001, 0.013
Node_Desua42_Desua11_0, 0.008, 0, 0.018, 0.03, 0.008, 0, 0.008, 0, 0.024
Node_Desua42_Desua12_0, 0.002, 0, 0.01, 0.007, 0.002, 0, 0.002, 0.001, 0.005
Node_Desua43_Desua50_0, 0.003, 0, 0.021, 0.021, 0.003, 0, 0.003, 0.001, 0.011
Node_Desua43_Desua52_0, 0.008, 0, 0.012, 0.019, 0.008, 0, 0.008, 0.001, 0.017
Node_Desua43_Desua54_0, 0.013, 0, 0.025, 0.023, 0.011, 0, 0.013, 0.01, 0.01
Node_Desua44_Desua36_0, 0.008, 0, 0.012, 0.015, 0.008, 0, 0.008, 0.003, 0.014
Node_Desua46_Desua25_0, 0.004, 0, 0.016, 0.023, 0.004, 0, 0.004, 0.001, 0.015
Node_Desua47_Desua29_0, 0.013, 0, 0.896, 0.038, 0.013, 0, 0.013, 0.006, 0.019
Node_Desua47_Desua37_0, 1.093, 0.008, 0.027, 0.105, 0.996, 0, 1.093, 0.818, 0.272
Node_Desua47_Desua41_0, 0.89, 0.002, 0.236, 0.296, 0.884, 0, 0.89, 0.87, 0.031
Node_Desua47_Desua53_0, 0.84, 0.096, 0.548, 0.664, 0.743, 0, 0.84, 0.23, 0.497
Node_Desua48_Desua33_0, 0.005, 0, 0.02, 0.02, 0.005, 0, 0.005, 0.001, 0.02
Node_Desua48_Desua40_0, 0.019, 0.002, 0.037, 0.049, 0.019, 0, 0.019, 0.016, 0.007
Node_Desua48_Desua42_0, 0.007, 0, 0.017, 0.016, 0.007, 0, 0.007, 0.005, 0.005
Node_Desua48_Desua46_0, 0.005, 0, 0.011, 0.016, 0.005, 0, 0.005, 0.003, 0.009
Node_Desua49_Desua21_0, 0.006, 0, 0.017, 0.021, 0.006, 0, 0.006, 0.001, 0.017
Node_Desua49_Desua32_0, 0.002, 0, 0.009, 0.009, 0.002, 0, 0.002, 0.001, 0.003
Node_Desua49_Desua44_0, 0.006, 0, 0.013, 0.015, 0.006, 0, 0.006, 0.001, 0.017
Node_Desua4_Desua1_0, 0.085, 0.003, 0.136, 0.132, 0.085, 0, 0.085, 0.08, 0.003
Node_Desua4_Desua48_0, 0.047, 0, 0.046, 0.062, 0.047, 0, 0.047, 0.043, 0.008
Node_Desua4_Desua49_0, 0.008, 0, 0.044, 0.034, 0.008, 0, 0.008, 0.007, 0.005
Node_Desua53_Desua51_0, 1.013, 0.003, 0.167, 0.175, 0.999, 0, 1.013, 0.688, 0.337
Node_Desua6_Desua19_0, 1.028, 0.024, 0.102, 1.103, 0.996, 0, 1.028, 0.852, 0.159
Node_Desua6_Desua2_0, 0.947, 0.021, 0.163, 1.038, 0.884, 0, 0.947, 0.867, 0.055
Node_Desua6_Desua7_0, 1.014, 0, 0.043, 0.045, 0.993, 0, 1.014, 1.004, 0.029
Node_Desua9_Desua17_0, 0.023, 0, 0.063, 0.047, 0.023, 0, 0.023, 0.012, 0.023
Node_Desua9_Desua18_0, 0.063, 0, 0.347, 0.174, 0.061, 0, 0.063, 0.055, 0.016
Node_Dorm2_Dorm1_0, 0.008, 0, 0.02, 0.019, 0.008, 0, 0.008, 0, 0.023
Node_Dorm2_Dorm3_0, 0.001, 0, 0.002, 0.002, 0.001, 0, 0.001, 0, 0.003
Node_Dorm2_Dorm4_0, 0.005, 0, 0.01, 0.017, 0.005, 0, 0.005, 0, 0.014
Node_Dorm2_Dorm5_0, 0.005, 0, 0.016, 0.017, 0.005, 0, 0.005, 0.001, 0.016
Node_Eise2_Eise1_0, 0.005, 0, 0.018, 0.026, 0.005, 0, 0.005, 0.001, 0.022
Node_Eise4_Eise2_0, 0.001, 0, 0.004, 0.006, 0.001, 0, 0.001, 0, 0.005
Node_Eise4_Eise3_0, 0.003, 0, 0.01, 0.01, 0.003, 0, 0.003, 0, 0.012
Node_Elus1_Elus2_0, 0.003, 0, 0.007, 0.008, 0.003, 0, 0.003, 0.001, 0.004
Node_Elus2_Elus3_0, 0.003, 0, 0.003, 0.005, 0.003, 0, 0.003, 0.001, 0.003
Node_Elus2_Elus5_0, 0.005, 0, 0.009, 0.012, 0.005, 0, 0.005, 0.001, 0.011
Node_Elus3_Elus4_0, 0, 0, 0.008, 0.011, 0, 0, 0, 0, 0.007
Node_Elus3_Elus6_0, 0.008, 0, 0.01, 0.01, 0.008, 0, 0.008, 0.001, 0.013
Node_Elus3_Elus7_0, 0.001, 0, 0.006, 0.009, 0.001, 0, 0.001, 0.001, 0.004
Node_Elus3_Elus9_0, 0.005, 0, 0.004, 0.005, 0.005, 0, 0.005, 0, 0.009
Node_Elus6_Elus8_0, 0.005, 0, 0.022, 0.028, 0.005, 0, 0.005, 0.001, 0.019
Node_Elus9_Elus10_0, 0.004, 0, 0.01, 0.01, 0.004, 0, 0.004, 0.001, 0.009
Node_Erem4_Erem5_0, 0.14, 0, 0.027, 0.03, 0.139, 0, 0.14, 0.019, 0.142
Node_Erem6_Erem2_0, 0.003, 0, 0.006, 0.011, 0.003, 0, 0.003, 0.001, 0.008
Node_Erem6_Erem3_0, 0.007, 0, 0.011, 0.024, 0.007, 0, 0.007, 0, 0.015
Node_Erem6_Erem4_0, 0.025, 0, 0.019, 0.021, 0.025, 0, 0.025, 0.002, 0.037
Node_FCPU1_FCPU2_0, 0.004, 0, 0.023, 0.027, 0.004, 0, 0.004, 0, 0.019
Node_Ferm1_GemmA1_0, 0.003, 0, 0.002, 0.008, 0.003, 0, 0.003, 0, 0.005
Node_Ferm1_Krum1_0, 0, 0, 0.006, 0.005, 0, 0, 0, 0, 0.003
Node_Fibr4_Fibr2_0, 0.02, 0, 0.152, 0.077, 0.02, 0, 0.02, 0.018, 0.006
Node_Fibr4_Fibr3_0, 0.017, 0, 0.002, 0.008, 0.017, 0, 0.017, 0.005, 0.012
Node_Fibr4_Fibr5_0, 0.066, 0.003, 0.003, 0.019, 0.062, 0, 0.066, 0.017, 0.049
Node_Fibr4_Fibr6_0, 0.166, 0.002, 0.04, 0.071, 0.163, 0, 0.166, 0.032, 0.138
Node_Fibr5_Fibr1_0, 0.157, 0, 0.037, 0.055, 0.155, 0, 0.157, 0.036, 0.128
Node_FirmA102_FirmA76_0, 0.399, 0.003, 0.261, 0.373, 0.391, 0, 0.399, 0.234, 0.177
Node_FirmA104_FirmA78_0, 0.008, 0, 0.026, 0.019, 0.008, 0, 0.008, 0.006, 0.008
Node_FirmA106_FirmA114_0, 0.049, 0, 0.249, 0.11, 0.049, 0, 0.049, 0.043, 0.016
Node_FirmA109_FirmA77_0, 0.008, 0.001, 0.015, 0.015, 0.008, 0, 0.008, 0.002, 0.01
Node_FirmA109_FirmA95_0, 0.005, 0, 0.015, 0.017, 0.005, 0, 0.005, 0.003, 0.012
Node_FirmA114_FirmA98_0, 0.019, 0.001, 0.054, 0.064, 0.019, 0, 0.019, 0.012, 0.023
Node_FirmA11_FirmA67_0, 0.004, 0, 0.029, 0.012, 0.004, 0, 0.004, 0.002, 0.003
Node_FirmA12_FirmA93_0, 0.349, 0, 0.747, 0.369, 0.321, 0, 0.349, 0.167, 0.19
Node_FirmA14_FirmA113_0, 0.016, 0, 0.051, 0.054, 0.016, 0, 0.016, 0.014, 0.01
Node_FirmA18_FirmA103_0, 0.006, 0, 0.019, 0.017, 0.006, 0, 0.006, 0.001, 0.016
Node_FirmA20_FirmA100_0, 0.01, 0, 0.025, 0.022, 0.01, 0, 0.01, 0.005, 0.012
Node_FirmA20_FirmA24_0, 0.197, 0.002, 0.628, 0.256, 0.184, 0, 0.197, 0.153, 0.046
Node_FirmA20_FirmA25_0, 0.057, 0, 0.182, 0.081, 0.057, 0, 0.057, 0.057, 0.004
Node_FirmA20_FirmA38_0, 0.235, 0.011, 0.104, 0.126, 0.217, 0, 0.235, 0.093, 0.131
Node_FirmA20_FirmA52_0, 0.023, 0, 0.051, 0.047, 0.023, 0, 0.023, 0.018, 0.017
Node_FirmA21_FirmA108_0, 0.011, 0, 0.016, 0.018, 0.011, 0, 0.011, 0.001, 0.022
Node_FirmA21_FirmA47_0, 0.008, 0, 0.025, 0.03, 0.008, 0, 0.008, 0.003, 0.022
Node_FirmA21_FirmA88_0, 0.005, 0, 0.032, 0.014, 0.005, 0, 0.005, 0.003, 0.012
Node_FirmA24_FirmA1_0, 0.042, 0.001, 0.165, 0.094, 0.04, 0, 0.042, 0.037, 0.009
Node_FirmA24_FirmA8_0, 0.017, 0, 0.035, 0.027, 0.017, 0, 0.017, 0.012, 0.01
Node_FirmA25_FirmA56_0, 0.016, 0, 0.054, 0.047, 0.016, 0, 0.016, 0.012, 0.013
Node_FirmA26_FirmA102_0, 0.48, 0.008, 0.087, 0.167, 0.434, 0, 0.48, 0.176, 0.303
Node_FirmA26_FirmA2_0, 0.256, 0.001, 0.611, 0.272, 0.239, 0, 0.256, 0.179, 0.084
Node_FirmA26_FirmA41_0, 0.831, 0.005, 0.093, 0.186, 0.824, 0, 0.831, 0.775, 0.052
Node_FirmA26_FirmA7_0, 0.867, 0.006, 0.064, 0.383, 0.796, 0, 0.867, 0.422, 0.445
Node_FirmA27_FirmA71_0, 0.006, 0.001, 0.022, 0.018, 0.006, 0, 0.006, 0.002, 0.013
Node_FirmA27_FirmA89_0, 0.014, 0.001, 0.027, 0.022, 0.014, 0, 0.014, 0.006, 0.015
Node_FirmA28_FirmA94_0, 0.004, 0, 0.012, 0.013, 0.004, 0, 0.004, 0, 0.01
Node_FirmA29_FirmA51_0, 0.006, 0, 0.014, 0.016, 0.006, 0, 0.006, 0, 0.015
Node_FirmA38_FirmA32_0, 0.714, 0.034, 0.035, 0.34, 0.653, 0, 0.714, 0.207, 0.48
Node_FirmA43_FirmA39_0, 0.011, 0, 0.171, 0.052, 0.011, 0, 0.011, 0.006, 0.019
Node_FirmA45_FirmA40_0, 0.004, 0.001, 0.017, 0.018, 0.004, 0, 0.004, 0.001, 0.014
Node_FirmA50_FirmA70_0, 0.004, 0, 0.01, 0.013, 0.004, 0, 0.004, 0.001, 0.01
Node_FirmA52_FirmA107_0, 0.002, 0, 0.021, 0.026, 0.002, 0, 0.002, 0, 0.012
Node_FirmA52_FirmA42_0, 0.011, 0, 0.031, 0.033, 0.011, 0, 0.011, 0.005, 0.019
Node_FirmA53_FirmA35_0, 0.005, 0, 0.021, 0.02, 0.005, 0, 0.005, 0.002, 0.015
Node_FirmA55_FirmA29_0, 0.005, 0, 0.013, 0.011, 0.005, 0, 0.005, 0.001, 0.01
Node_FirmA58_FirmA43_0, 0.163, 0.002, 0.015, 0.068, 0.161, 0, 0.163, 0.027, 0.141
Node_FirmA59_FirmA36_0, 0.01, 0, 0.012, 0.019, 0.01, 0, 0.01, 0.001, 0.017
Node_FirmA59_FirmA44_0, 0.005, 0, 0.022, 0.016, 0.005, 0, 0.005, 0.002, 0.006
Node_FirmA59_FirmA48_0, 0.008, 0, 0.026, 0.038, 0.008, 0, 0.008, 0.002, 0.024
Node_FirmA60_FirmA74_0, 0.004, 0, 0.02, 0.023, 0.004, 0, 0.004, 0, 0.018
Node_FirmA61_FirmA66_0, 0.009, 0, 0.013, 0.017, 0.009, 0, 0.009, 0.002, 0.016
Node_FirmA62_FirmA104_0, 0.026, 0, 0.044, 0.035, 0.026, 0, 0.026, 0.02, 0.016
Node_FirmA62_FirmA58_0, 0.035, 0, 0.018, 0.025, 0.035, 0, 0.035, 0.012, 0.027
Node_FirmA62_FirmA6_0, 0.004, 0, 0.043, 0.028, 0.004, 0, 0.004, 0.002, 0.012
Node_FirmA63_FirmA109_0, 0.012, 0, 0.023, 0.016, 0.012, 0, 0.012, 0.005, 0.012
Node_FirmA63_FirmA10_0, 0.007, 0, 0.021, 0.019, 0.007, 0, 0.007, 0.002, 0.016
Node_FirmA63_FirmA30_0, 0.002, 0, 0.015, 0.016, 0.002, 0, 0.002, 0, 0.01
Node_FirmA63_FirmA45_0, 0.006, 0, 0.012, 0.012, 0.006, 0, 0.006, 0.001, 0.016
Node_FirmA63_FirmA57_0, 0.084, 0, 0.132, 0.101, 0.083, 0, 0.084, 0.03, 0.059
Node_FirmA63_FirmA99_0, 0.023, 0, 0.072, 0.036, 0.023, 0, 0.023, 0.02, 0.011
Node_FirmA64_FirmA33_0, 0.003, 0, 0.016, 0.018, 0.003, 0, 0.003, 0.001, 0.012
Node_FirmA65_FirmA5_0, 0.004, 0, 0.015, 0.019, 0.004, 0, 0.004, 0, 0.014
Node_FirmA65_FirmA64_0, 0.007, 0, 0.009, 0.01, 0.007, 0, 0.007, 0.001, 0.009
Node_FirmA65_FirmA69_0, 0.007, 0, 0.019, 0.02, 0.007, 0, 0.007, 0.002, 0.015
Node_FirmA65_FirmA97_0, 0.005, 0, 0.006, 0.005, 0.005, 0, 0.005, 0.004, 0.004
Node_FirmA67_FirmA37_0, 0.007, 0, 0.015, 0.017, 0.007, 0, 0.007, 0.003, 0.012
Node_FirmA67_FirmA50_0, 0.004, 0, 0.012, 0.012, 0.004, 0, 0.004, 0.002, 0.009
Node_FirmA67_FirmA79_0, 0.003, 0.001, 0.01, 0.01, 0.003, 0, 0.003, 0, 0.008
Node_FirmA67_FirmA87_0, 0.01, 0, 0.003, 0.01, 0.01, 0, 0.01, 0.003, 0.009
Node_FirmA69_FirmA28_0, 0.006, 0, 0.01, 0.013, 0.006, 0, 0.006, 0.003, 0.009
Node_FirmA69_FirmA72_0, 0.003, 0, 0.012, 0.009, 0.003, 0, 0.003, 0, 0.009
Node_FirmA72_FirmA73_0, 0.004, 0, 0.011, 0.012, 0.004, 0, 0.004, 0.001, 0.012
Node_FirmA7_FirmA12_0, 0.906, 0.002, 0.02, 0.207, 0.823, 0, 0.906, 0.818, 0.096
Node_FirmA7_FirmA90_0, 0.828, 0.003, 0.069, 0.176, 0.764, 0, 0.828, 0.803, 0.027
Node_FirmA80_FirmA34_0, 0.191, 0, 0.022, 0.07, 0.19, 0, 0.191, 0.047, 0.159
Node_FirmA81_FirmA14_0, 0.057, 0.001, 0.207, 0.188, 0.057, 0, 0.057, 0.053, 0.008
Node_FirmA81_FirmA19_0, 0.013, 0, 0.06, 0.065, 0.013, 0, 0.013, 0.009, 0.016
Node_FirmA81_FirmA84_0, 0.403, 0.009, 0.007, 0.03, 0.385, 0, 0.403, 0.095, 0.301
Node_FirmA81_FirmA92_0, 0.255, 0.002, 0.168, 0.104, 0.248, 0, 0.255, 0.239, 0.018
Node_FirmA83_FirmA11_0, 0.03, 0, 0.004, 0.005, 0.03, 0, 0.03, 0.009, 0.022
Node_FirmA83_FirmA49_0, 0.004, 0, 0.01, 0.009, 0.004, 0, 0.004, 0.002, 0.007
Node_FirmA83_FirmA55_0, 0.008, 0, 0.013, 0.016, 0.008, 0, 0.008, 0.001, 0.01
Node_FirmA83_FirmA59_0, 0.021, 0, 0.086, 0.029, 0.021, 0, 0.021, 0.016, 0.007
Node_FirmA83_FirmA65_0, 0.011, 0, 0.013, 0.021, 0.011, 0, 0.011, 0.01, 0.003
Node_FirmA83_FirmA81_0, 0.1, 0.001, 0.006, 0.01, 0.097, 0, 0.1, 0.03, 0.075
Node_FirmA83_FirmA86_0, 0.007, 0, 0.011, 0.02, 0.007, 0, 0.007, 0.002, 0.01
Node_FirmA84_FirmA111_0, 0.992, 0.006, 0.004, 0.036, 0.964, 0, 0.992, 0.401, 0.587
Node_FirmA84_FirmA16_0, 0.785, 0.003, 0.036, 0.294, 0.777, 0, 0.785, 0.75, 0.036
Node_FirmA84_FirmA20_0, 0.777, 0.006, 0.247, 0.445, 0.749, 0, 0.777, 0.744, 0.026
Node_FirmA84_FirmA26_0, 0.782, 0.007, 0.039, 0.373, 0.757, 0, 0.782, 0.741, 0.037
Node_FirmA84_FirmA46_0, 0.032, 0, 0.133, 0.09, 0.032, 0, 0.032, 0.029, 0.008
Node_FirmA84_FirmA63_0, 0.157, 0, 0.634, 0.267, 0.155, 0, 0.157, 0.154, 0.006
Node_FirmA84_FirmA9_0, 0.006, 0, 0.033, 0.024, 0.006, 0, 0.006, 0.003, 0.007
Node_FirmA85_DTU0X1_0, 0.004, 0, 0.008, 0.005, 0.004, 0, 0.004, 0.003, 0.002
Node_FirmA85_FirmA60_0, 0.006, 0, 0.011, 0.018, 0.006, 0, 0.006, 0, 0.013
Node_FirmA85_FirmC13_0, 0.01, 0.001, 0.017, 0.012, 0.009, 0, 0.01, 0.004, 0.006
Node_FirmA86_FirmA61_0, 0.006, 0.001, 0.018, 0.017, 0.006, 0, 0.006, 0, 0.016
Node_FirmA87_FirmA106_0, 0.282, 0.004, 0.018, 0.103, 0.275, 0, 0.282, 0.043, 0.242
Node_FirmA87_FirmA62_0, 0.054, 0, 0.013, 0.02, 0.052, 0, 0.054, 0.021, 0.038
Node_FirmA87_FirmA96_0, 0.029, 0.002, 0.008, 0.017, 0.028, 0, 0.029, 0.006, 0.025
Node_FirmA88_FirmA101_0, 0.003, 0, 0.018, 0.019, 0.003, 0, 0.003, 0.001, 0.016
Node_FirmA89_FirmA105_0, 0.007, 0, 0.025, 0.035, 0.007, 0, 0.007, 0, 0.027
Node_FirmA89_FirmA110_0, 0.009, 0, 0.019, 0.023, 0.009, 0, 0.009, 0.003, 0.021
Node_FirmA89_FirmA21_0, 0.025, 0, 0.014, 0.018, 0.025, 0, 0.025, 0.008, 0.025
Node_FirmA89_FirmA31_0, 0.007, 0, 0.018, 0.017, 0.007, 0, 0.007, 0, 0.014
Node_FirmA89_FirmA53_0, 0.011, 0, 0.06, 0.038, 0.011, 0, 0.011, 0.006, 0.017
Node_FirmA89_FirmA68_0, 0.005, 0, 0.016, 0.019, 0.005, 0, 0.005, 0.001, 0.014
Node_FirmA89_FirmA80_0, 0.054, 0, 0.016, 0.027, 0.054, 0, 0.054, 0.016, 0.045
Node_FirmA90_FirmA112_0, 0.072, 0, 0.774, 0.307, 0.072, 0, 0.072, 0.067, 0.018
Node_FirmA92_FirmA54_0, 0.337, 0.003, 0.031, 0.071, 0.334, 0, 0.337, 0.231, 0.11
Node_FirmA94_FirmA75_0, 0.005, 0, 0.013, 0.015, 0.005, 0, 0.005, 0, 0.014
Node_FirmA96_FirmA27_0, 0.025, 0.001, 0.02, 0.019, 0.025, 0, 0.025, 0.014, 0.015
Node_FirmA96_FirmA91_0, 0.187, 0.001, 0.026, 0.094, 0.187, 0, 0.187, 0.015, 0.187
Node_FirmA99_FirmA18_0, 0.009, 0, 0.029, 0.021, 0.009, 0, 0.009, 0.005, 0.015
Node_FirmB16_FirmB13_0, 0.003, 0, 0.021, 0.019, 0.003, 0, 0.003, 0.001, 0.018
Node_FirmB17_FirmB15_0, 0.006, 0, 0.011, 0.015, 0.006, 0, 0.006, 0, 0.012
Node_FirmB2_FirmB11_0, 0.994, 0, 0.032, 0.034, 0.985, 0, 0.994, 0.985, 0.024
Node_FirmB2_FirmB12_0, 1.002, 0.008, 0.081, 0.256, 0.986, 0, 1.002, 0.092, 0.915
Node_FirmB3_FirmB14_0, 0.157, 0, 0.022, 0.04, 0.157, 0, 0.157, 0.021, 0.155
Node_FirmB4_FirmB17_0, 0.005, 0, 0.016, 0.015, 0.005, 0, 0.005, 0, 0.015
Node_FirmB4_FirmB1_0, 0.006, 0, 0.033, 0.014, 0.006, 0, 0.006, 0.001, 0.015
Node_FirmB4_FirmB3_0, 0.024, 0, 0.015, 0.02, 0.024, 0, 0.024, 0.006, 0.023
Node_FirmB6_FirmB7_0, 0.007, 0, 0.05, 0.024, 0.007, 0, 0.007, 0.004, 0.01
Node_FirmB8_FirmB16_0, 0.006, 0, 0.022, 0.019, 0.006, 0, 0.006, 0.003, 0.012
Node_FirmB8_FirmB4_0, 0.016, 0, 0.032, 0.014, 0.016, 0, 0.016, 0.008, 0.014
Node_FirmB8_FirmB5_0, 0.005, 0, 0.012, 0.015, 0.005, 0, 0.005, 0.001, 0.011
Node_FirmB8_FirmB9_0, 0.034, 0, 0.018, 0.022, 0.034, 0, 0.034, 0.018, 0.018
Node_FirmB9_FirmB10_0, 0.451, 0, 0.093, 0.162, 0.398, 0, 0.451, 0.078, 0.384
Node_FirmB9_FirmB2_0, 0.16, 0.001, 0.015, 0.064, 0.154, 0, 0.16, 0.041, 0.127
Node_FirmB9_FirmB6_0, 0.047, 0.001, 0.015, 0.027, 0.046, 0, 0.047, 0.023, 0.027
Node_FirmC10_FirmC14_0, 0.039, 0.001, 0.239, 0.161, 0.039, 0, 0.039, 0.035, 0.017
Node_FirmC10_FirmC18_0, 0.26, 0.001, 0.009, 0.075, 0.257, 0, 0.26, 0.034, 0.233
Node_FirmC10_FirmC19_0, 0.035, 0, 0.02, 0.026, 0.035, 0, 0.035, 0.006, 0.041
Node_FirmC11_FirmC3_0, 0.579, 0, 0.514, 0.049, 0.575, 0, 0.579, 0.512, 0.078
Node_FirmC13_FirmB8_0, 0.034, 0, 0.007, 0.023, 0.033, 0, 0.034, 0.012, 0.027
Node_FirmC13_FirmC10_0, 0.014, 0, 0.661, 0.03, 0.014, 0, 0.014, 0.009, 0.01
Node_FirmC13_FirmC17_0, 0.011, 0, 0.023, 0.023, 0.011, 0, 0.011, 0.002, 0.02
Node_FirmC13_FirmC5_0, 0.674, 0.001, 0.012, 0.09, 0.669, 0, 0.674, 0.027, 0.651
Node_FirmC13_FirmC8_0, 0.665, 0.002, 0.026, 0.038, 0.662, 0, 0.665, 0.653, 0.015
Node_FirmC13_Firms33_0, 0.014, 0, 0.005, 0.008, 0.014, 0, 0.014, 0.006, 0.009
Node_FirmC15_FirmC12_0, 0.011, 0, 0.979, 0.026, 0.011, 0, 0.011, 0.001, 0.027
Node_FirmC1_FirmC4_0, 0.924, 0.003, 0.135, 0.216, 0.92, 0, 0.924, 0.9, 0.029
Node_FirmC6_FirmC16_0, 0.957, 0, 0.09, 0.027, 0.95, 0, 0.957, 0.947, 0.02
Node_FirmC6_FirmC1_0, 1.027, 0.001, 0.029, 0.029, 0.992, 0, 1.027, 1.009, 0.027
Node_FirmC8_FirmC11_0, 1.015, 0.009, 0.045, 0.08, 0.996, 0, 1.015, 0.987, 0.023
Node_FirmC8_FirmC15_0, 0.963, 0, 0.084, 0.025, 0.957, 0, 0.963, 0.947, 0.028
Node_FirmC8_FirmC6_0, 1.028, 0.028, 0.014, 0.115, 0.991, 0, 1.028, 0.689, 0.305
Node_FirmC8_FirmC7_0, 1.019, 0.002, 0.023, 0.025, 0.999, 0, 1.019, 1.001, 0.025
Node_FirmC8_FirmC9_0, 0.709, 0.003, 0.015, 0.046, 0.705, 0, 0.709, 0.657, 0.056
Node_FirmD2_FirmD3_0, 0.014, 0, 0.005, 0.007, 0.014, 0, 0.014, 0.002, 0.015
Node_FirmD4_FirmD2_0, 0.004, 0, 0.007, 0.009, 0.004, 0, 0.004, 0.002, 0.008
Node_FirmE4_FirmE6_0, 0.003, 0, 0.015, 0.016, 0.003, 0, 0.003, 0, 0.013
Node_FirmE5_FirmA85_0, 0.02, 0, 0.028, 0.025, 0.02, 0, 0.02, 0.015, 0.005
Node_FirmE5_FirmE3_0, 0, 0, 0.007, 0.009, 0, 0, 0, 0, 0.002
Node_FirmE5_FirmE4_0, 0.005, 0, 0.01, 0.011, 0.005, 0, 0.005, 0.003, 0.006
Node_FirmE5_FirmE7_0, 0.009, 0, 0.018, 0.013, 0.009, 0, 0.009, 0.006, 0.007
Node_FirmE7_FirmE1_0, 0.006, 0.001, 0.008, 0.012, 0.006, 0, 0.006, 0.003, 0.004
Node_FirmE7_FirmE2_0, 0.008, 0, 0.009, 0.008, 0.008, 0, 0.008, 0.003, 0.011
Node_FirmE7_FirmE8_0, 0.007, 0, 0.019, 0.021, 0.007, 0, 0.007, 0, 0.018
Node_FirmF1_FirmF2_0, 0.062, 0, 0.01, 0.041, 0.062, 0, 0.062, 0.037, 0.028
Node_FirmF1_FirmG6_0, 0.044, 0.004, 0.001, 0.043, 0.039, 0, 0.044, 0.012, 0.028
Node_FirmF2_FirmF3_0, 1.013, 0.008, 0.015, 0.445, 1, 0, 1.013, 0.061, 0.958
Node_FirmG5_FirmG1_0, 0.024, 0, 0.149, 0.064, 0.024, 0, 0.024, 0.022, 0.005
Node_FirmG5_FirmG2_0, 0.168, 0.004, 0.005, 0.086, 0.157, 0, 0.168, 0.073, 0.096
Node_FirmG6_FirmE5_0, 0.043, 0, 0.005, 0.01, 0.042, 0, 0.043, 0.04, 0.004
Node_FirmG6_FirmG3_0, 0.003, 0, 0.015, 0.014, 0.003, 0, 0.003, 0.003, 0.005
Node_FirmG6_FirmG4_0, 0.013, 0, 0.068, 0.028, 0.013, 0, 0.013, 0.008, 0.008
Node_FirmG6_FirmG5_0, 0.073, 0.002, 0.003, 0.02, 0.07, 0, 0.073, 0.042, 0.031
Node_Firms11_Firms17_0, 0.003, 0, 0.022, 0.027, 0.003, 0, 0.003, 0, 0.021
Node_Firms13_Firms1_0, 0.001, 0, 0.012, 0.011, 0.001, 0, 0.001, 0, 0.009
Node_Firms1_Firms10_0, 0.006, 0, 0.013, 0.02, 0.006, 0, 0.006, 0.001, 0.018
Node_Firms20_Firms12_0, 0.008, 0, 0.017, 0.016, 0.008, 0, 0.008, 0.002, 0.018
Node_Firms20_Firms29_0, 0.007, 0, 0.017, 0.017, 0.007, 0, 0.007, 0.001, 0.016
Node_Firms22_Firms27_0, 0.003, 0, 0.014, 0.017, 0.003, 0, 0.003, 0, 0.01
Node_Firms23_Firms18_0, 0.004, 0, 0.017, 0.018, 0.004, 0, 0.004, 0, 0.015
Node_Firms24_Firms26_0, 0.009, 0, 0.017, 0.018, 0.009, 0, 0.009, 0.001, 0.02
Node_Firms30_Firms31_0, 0.003, 0, 0.006, 0.008, 0.003, 0, 0.003, 0.001, 0.006
Node_Firms32_Firms25_0, 0.003, 0, 0.02, 0.026, 0.003, 0, 0.003, 0.001, 0.015
Node_Firms33_FirmA83_0, 0.012, 0, 0.007, 0.006, 0.012, 0, 0.012, 0.008, 0.005
Node_Firms33_FirmD1_0, 0.005, 0, 0.005, 0.007, 0.005, 0, 0.005, 0.002, 0.007
Node_Firms33_FirmD4_0, 0.003, 0, 0.011, 0.005, 0.003, 0, 0.003, 0.002, 0.002
Node_Firms33_Firms11_0, 0.004, 0, 0.012, 0.015, 0.004, 0, 0.004, 0.002, 0.009
Node_Firms33_Firms13_0, 0.004, 0, 0.005, 0.009, 0.004, 0, 0.004, 0, 0.009
Node_Firms33_Firms15_0, 0.007, 0, 0.005, 0.005, 0.007, 0, 0.007, 0.003, 0.005
Node_Firms33_Firms16_0, 0.004, 0, 0.01, 0.012, 0.004, 0, 0.004, 0.003, 0.007
Node_Firms33_Firms20_0, 0.007, 0, 0.01, 0.014, 0.007, 0, 0.007, 0, 0.013
Node_Firms33_Firms21_0, 0.004, 0, 0.011, 0.011, 0.004, 0, 0.004, 0, 0.011
Node_Firms33_Firms22_0, 0.007, 0, 0.009, 0.013, 0.007, 0, 0.007, 0, 0.016
Node_Firms33_Firms23_0, 0.006, 0, 0.018, 0.015, 0.006, 0, 0.006, 0.002, 0.016
Node_Firms33_Firms28_0, 0.009, 0, 0.02, 0.025, 0.009, 0, 0.009, 0.004, 0.017
Node_Firms33_Firms2_0, 0.009, 0, 0.017, 0.019, 0.009, 0, 0.009, 0.004, 0.017
Node_Firms33_Firms30_0, 0.003, 0, 0.016, 0.016, 0.003, 0, 0.003, 0, 0.012
Node_Firms33_Firms32_0, 0.008, 0, 0.022, 0.025, 0.008, 0, 0.008, 0.002, 0.021
Node_Firms33_Firms3_0, 0, 0, 0.012, 0.015, 0, 0, 0, 0, 0.008
Node_Firms33_Firms5_0, 0.007, 0, 0.005, 0.009, 0.007, 0, 0.007, 0.002, 0.008
Node_Firms33_Firms6_0, 0, 0, 0.006, 0.007, 0, 0, 0, 0, 0.003
Node_Firms33_Firms7_0, 0.004, 0, 0.013, 0.013, 0.004, 0, 0.004, 0.001, 0.013
Node_Firms33_Firms8_0, 0.003, 0, 0.008, 0.011, 0.003, 0, 0.003, 0.002, 0.006
Node_Firms33_Firms9_0, 0.012, 0, 0.012, 0.015, 0.012, 0, 0.012, 0, 0.021
Node_Firms8_Firms24_0, 0.006, 0, 0.017, 0.028, 0.006, 0, 0.006, 0.001, 0.02
Node_Firms8_Firms4_0, 0.003, 0, 0.008, 0.009, 0.003, 0, 0.003, 0, 0.008
Node_Gemm2_Gemm4_0, 0.211, 0.001, 0.021, 0.09, 0.211, 0, 0.211, 0.031, 0.194
Node_Gemm3_Gemm6_0, 0.006, 0, 0.019, 0.021, 0.006, 0, 0.006, 0.001, 0.017
Node_Gemm5_Gemm8_0, 0, 0, 0.004, 0.005, 0, 0, 0, 0, 0.004
Node_Gemm5_Gemm9_0, 0.009, 0, 0.003, 0.004, 0.009, 0, 0.009, 0, 0.012
Node_Gemm9_Gemm2_0, 0.037, 0.002, 0.01, 0.025, 0.037, 0, 0.037, 0.009, 0.036
Node_Gemm9_Gemm3_0, 0.008, 0.001, 0.014, 0.015, 0.007, 0, 0.008, 0.002, 0.013
Node_Gemm9_Gemm7_0, 0.008, 0, 0.042, 0.028, 0.008, 0, 0.008, 0.005, 0.013
Node_Gold1_FCPU1_0, 0.008, 0, 0.04, 0.006, 0.008, 0, 0.008, 0.006, 0.003
Node_Gold1_Fire1_0, 0.045, 0, 0.021, 0.024, 0.045, 0, 0.045, 0.022, 0.023
Node_Gold1_Gold2_0, 0.006, 0, 0.019, 0.025, 0.006, 0, 0.006, 0.001, 0.017
Node_Hydr2_Abys1_0, 0.009, 0, 0.034, 0.037, 0.009, 0, 0.009, 0.009, 0.003
Node_Hydr2_Hydr1_0, 0.004, 0, 0.022, 0.03, 0.004, 0, 0.004, 0.002, 0.017
Node_Hydr2_Plan43_0, 0.197, 0.008, 0.057, 0.134, 0.189, 0.006, 0.197, 0.183, 0.002
Node_Hydr2_Sume1_0, 0.04, 0, 0.157, 0.07, 0.04, 0, 0.04, 0.04, 0
Node_KSB1X2_KSB1X4_0, 0.009, 0, 0.013, 0.022, 0.009, 0, 0.009, 0, 0.019
Node_KSB1X3_KSB1X1_0, 0.001, 0, 0.009, 0.009, 0.001, 0, 0.001, 0, 0.005
Node_Late1_Late3_0, 0.003, 0.001, 0.005, 0.009, 0.003, 0, 0.003, 0, 0.007
Node_Late2_Late1_0, 0, 0, 0.004, 0.005, 0, 0, 0, 0, 0.004
Node_Lind1_Lind2_0, 0.924, 0.009, 0.026, 0.556, 0.781, 0, 0.924, 0.68, 0.241
Node_Lind1_Lind4_0, 0.7, 0.007, 0.073, 0.35, 0.692, 0, 0.7, 0.691, 0.001
Node_Marg1_Marg2_0, 0.001, 0, 0.005, 0.006, 0.001, 0, 0.001, 0.001, 0.001
Node_Marg1_Marg6_0, 0.003, 0, 0.003, 0.003, 0.003, 0, 0.003, 0, 0.005
Node_Marg2_Marg7_0, 0.002, 0, 0.007, 0.012, 0.002, 0, 0.002, 0.001, 0.008
Node_Mari3_Mari2_0, 0.001, 0, 0.033, 0.019, 0.001, 0, 0.001, 0, 0.006
Node_Mari3_Mari6_0, 0.028, 0, 0.015, 0.014, 0.028, 0, 0.028, 0.006, 0.023
Node_Mari6_Mari1_0, 0.02, 0.001, 0.098, 0.046, 0.02, 0, 0.02, 0.012, 0.017
Node_Mari6_Mari5_0, 0.1, 0, 0.009, 0.057, 0.099, 0, 0.1, 0.025, 0.081
Node_Meth2_Meth1_0, 0.009, 0, 0.018, 0.02, 0.009, 0, 0.009, 0, 0.022
Node_Meth4_Meth3_0, 0.008, 0, 0.03, 0.032, 0.008, 0, 0.008, 0.001, 0.027
Node_Meth5_Meth2_0, 0.005, 0, 0.011, 0.008, 0.005, 0, 0.005, 0.001, 0.007
Node_Meth5_Meth4_0, 0.011, 0, 0.022, 0.033, 0.011, 0, 0.011, 0.001, 0.028
Node_Meth5_NitsA1_0, 0.109, 0, 0.092, 0.056, 0.108, 0, 0.109, 0.107, 0.002
Node_Meth5_SZUA1_0, 0.009, 0, 0.01, 0.012, 0.009, 0, 0.009, 0.006, 0.004
Node_Meth5_Sche1_0, 0.015, 0.001, 0.096, 0.021, 0.015, 0, 0.015, 0.013, 0.001
Node_MyxA1_MyxA2_0, 0.02, 0, 0.053, 0.051, 0.02, 0, 0.02, 0.015, 0.015
Node_MyxA1_MyxA4_0, 0.058, 0.001, 0.663, 0.203, 0.057, 0, 0.058, 0.056, 0.004
Node_MyxA2_MyxA3_0, 0.01, 0, 0.036, 0.043, 0.009, 0, 0.01, 0.002, 0.026
Node_Myxo10_Bdell6_0, 0.711, 0.014, 0.035, 0.182, 0.677, 0, 0.711, 0.672, 0.014
Node_Myxo10_MyxA1_0, 0.716, 0.022, 0.045, 0.113, 0.664, 0, 0.716, 0.649, 0.028
Node_Myxo10_Myxo11_0, 0.814, 0.028, 0.016, 0.161, 0.716, 0, 0.814, 0.68, 0.086
Node_Myxo10_Myxo14_0, 0.46, 0.006, 0.425, 0.322, 0.414, 0, 0.46, 0.39, 0.065
Node_Myxo10_Myxo15_0, 0.188, 0.001, 0.094, 0.111, 0.178, 0, 0.188, 0.128, 0.07
Node_Myxo10_Myxo17_0, 0.211, 0.002, 0.32, 0.224, 0.192, 0, 0.211, 0.151, 0.069
Node_Myxo11_Bdell13_0, 0.85, 0.022, 0.11, 0.146, 0.761, 0, 0.85, 0.69, 0.124
Node_Myxo11_Myxo13_0, 1.02, 0.019, 0.055, 0.825, 0.999, 0, 1.02, 0.691, 0.314
Node_Myxo11_Myxo8_0, 0.742, 0.012, 0.176, 0.683, 0.711, 0, 0.742, 0.679, 0.056
Node_Myxo14_Myxo2_0, 0.301, 0, 0.181, 0.148, 0.284, 0, 0.301, 0.265, 0.038
Node_Myxo14_Myxo3_0, 0.571, 0.005, 0.096, 0.31, 0.501, 0, 0.571, 0.366, 0.202
Node_Myxo14_Myxo5_0, 0.164, 0.003, 0.198, 0.163, 0.158, 0, 0.164, 0.11, 0.058
Node_Myxo14_Myxo6_0, 0.44, 0.003, 0.057, 0.093, 0.388, 0, 0.44, 0.118, 0.33
Node_Myxo14_Myxo9_0, 0.444, 0.001, 0.182, 0.211, 0.394, 0, 0.444, 0.393, 0.054
Node_Myxo15_Myxo18_0, 0.472, 0.001, 0.038, 0.17, 0.429, 0, 0.472, 0.164, 0.321
Node_Myxo17_Myxo19_0, 1.025, 0.01, 0.184, 0.218, 0.999, 0, 1.025, 0.06, 0.988
Node_Myxo2_Myxo1_0, 0.346, 0.001, 0.106, 0.097, 0.343, 0, 0.346, 0.203, 0.15
Node_Myxo8_Myxo7_0, 0.395, 0.002, 0.579, 0.409, 0.344, 0, 0.395, 0.174, 0.23
Node_Nitr10_Nitr3_0, 1.011, 0.002, 0.025, 0.02, 1, 0, 1.011, 0.999, 0.019
Node_Nitr10_Nitr4_0, 1.015, 0.004, 0.017, 0.081, 0.999, 0, 1.015, 0.176, 0.848
Node_Nitr10_Nitr6_0, 1.009, 0.001, 0.028, 0.024, 1, 0, 1.009, 0.999, 0.025
Node_Nitr14_CG294X1_0, 0.055, 0.001, 0.15, 0.077, 0.055, 0, 0.055, 0.053, 0.005
Node_Nitr14_Meth5_0, 0.199, 0.001, 0.558, 0.212, 0.196, 0, 0.199, 0.196, 0.002
Node_Nitr14_Nitr12_0, 0.005, 0, 0.018, 0.015, 0.005, 0, 0.005, 0.001, 0.015
Node_Nitr14_Nitr13_0, 0.004, 0, 0.008, 0.008, 0.004, 0, 0.004, 0, 0.008
Node_Nitr14_Nitr15_0, 0.038, 0, 0.03, 0.041, 0.038, 0, 0.038, 0.029, 0.013
Node_Nitr14_Nitr16_0, 0.008, 0, 0.008, 0.011, 0.008, 0, 0.008, 0.002, 0.012
Node_Nitr14_Nitr2_0, 0.004, 0, 0.009, 0.011, 0.004, 0, 0.004, 0.003, 0.005
Node_Nitr14_Nitr9_0, 0.008, 0, 0.034, 0.023, 0.008, 0, 0.008, 0.007, 0.004
Node_Nitr15_Nitr10_0, 0.18, 0.001, 0.01, 0.021, 0.18, 0, 0.18, 0.035, 0.149
Node_Nitr15_Nitr1_0, 0.046, 0, 0.017, 0.036, 0.046, 0, 0.046, 0.022, 0.025
Node_Nitr15_Nitr8_0, 0.04, 0, 0.037, 0.021, 0.04, 0, 0.04, 0.015, 0.031
Node_Nitr16_Nitr11_0, 0.004, 0, 0.021, 0.016, 0.004, 0, 0.004, 0, 0.017
Node_Nitr16_Nitr17_0, 0.008, 0, 0.018, 0.024, 0.008, 0, 0.008, 0.003, 0.018
Node_Nitr17_Nitr5_0, 0.004, 0, 0.022, 0.029, 0.004, 0, 0.004, 0.002, 0.018
Node_Nitr9_Nitr7_0, 0.003, 0, 0.013, 0.01, 0.003, 0, 0.003, 0.001, 0.008
Node_Nits1_Nits3_0, 1.005, 0.002, 0.013, 0.038, 0.997, 0, 1.005, 0.214, 0.799
Node_Nits4_Nits2_0, 0.008, 0, 0.105, 0.011, 0.008, 0, 0.008, 0.003, 0.01
Node_NitsA1_NitsA2_0, 0.01, 0, 0.105, 0.038, 0.01, 0, 0.01, 0.003, 0.026
Node_NitsA1_NitsA3_0, 0.089, 0, 0.03, 0.032, 0.089, 0, 0.089, 0.08, 0.01
Node_NitsA3_Nits1_0, 0.217, 0, 0.009, 0.018, 0.217, 0, 0.217, 0.099, 0.123
Node_NitsA3_Nits4_0, 0.103, 0, 0.011, 0.018, 0.102, 0, 0.103, 0.084, 0.025
Node_Omni4_Omni2_0, 1.012, 0.007, 0.025, 0.343, 1, 0, 1.012, 0.324, 0.692
Node_Omni4_Omni3_0, 0.253, 0.002, 0.037, 0.083, 0.247, 0, 0.253, 0.236, 0.016
Node_Omni4_Omni7_0, 0.338, 0.003, 0.013, 0.129, 0.329, 0, 0.338, 0.24, 0.095
Node_Omni4_Omni8_0, 0.272, 0.008, 0.097, 0.161, 0.261, 0, 0.272, 0.176, 0.087
Node_Omni8_Omni6_0, 0.359, 0.004, 0.054, 0.228, 0.352, 0, 0.359, 0.228, 0.137
Node_P4572X1_Ferm1_0, 0, 0, 0.003, 0.005, 0, 0, 0, 0, 0.003
Node_Pate13_Pate34_0, 0.003, 0, 0.008, 0.01, 0.003, 0, 0.003, 0, 0.005
Node_Pate13_Pate6_0, 0.006, 0, 0.009, 0.015, 0.006, 0, 0.006, 0.002, 0.01
Node_Pate14_Pate35_0, 0.006, 0, 0.005, 0.006, 0.006, 0, 0.006, 0.001, 0.008
Node_Pate14_Pate5_0, 0.003, 0, 0.006, 0.008, 0.003, 0, 0.003, 0.001, 0.004
Node_Pate15_Pate29_0, 0.01, 0, 0.012, 0.017, 0.01, 0, 0.01, 0.001, 0.02
Node_Pate17_Pate18_0, 0.005, 0, 0.004, 0.005, 0.005, 0, 0.005, 0, 0.006
Node_Pate17_Pate19_0, 0.003, 0, 0.005, 0.007, 0.003, 0, 0.003, 0, 0.005
Node_Pate17_Pate8_0, 0, 0, 0.009, 0.006, 0, 0, 0, 0, 0.004
Node_Pate18_Pate38_0, 0.01, 0, 0.018, 0.023, 0.01, 0, 0.01, 0.001, 0.021
Node_Pate18_Pate9_0, 0.007, 0, 0.006, 0.006, 0.007, 0, 0.007, 0.003, 0.008
Node_Pate19_Pate37_0, 0.003, 0, 0.006, 0.01, 0.003, 0, 0.003, 0.002, 0.006
Node_Pate19_Pate4_0, 0.003, 0, 0.003, 0.004, 0.003, 0, 0.003, 0.002, 0.003
Node_Pate1_Pate50_0, 0.002, 0, 0.003, 0.002, 0.002, 0, 0.002, 0, 0.003
Node_Pate21_Pate15_0, 0.002, 0, 0.003, 0.004, 0.002, 0, 0.002, 0, 0.003
Node_Pate21_Pate26_0, 0.002, 0, 0.005, 0.006, 0.002, 0, 0.002, 0, 0.003
Node_Pate24_Pate13_0, 0.005, 0, 0.006, 0.01, 0.005, 0, 0.005, 0.002, 0.006
Node_Pate24_Pate14_0, 0.005, 0, 0.001, 0.004, 0.005, 0, 0.005, 0.001, 0.004
Node_Pate24_Pate39_0, 0.007, 0, 0.007, 0.009, 0.007, 0, 0.007, 0.002, 0.01
Node_Pate24_Pate54_0, 0.004, 0, 0.005, 0.007, 0.004, 0, 0.004, 0.002, 0.004
Node_Pate25_Pate17_0, 0.003, 0, 0.001, 0.002, 0.003, 0, 0.003, 0, 0.003
Node_Pate25_Pate28_0, 0.002, 0, 0.004, 0.005, 0.002, 0, 0.002, 0.001, 0.003
Node_Pate25_Pate32_0, 0.001, 0, 0.002, 0.001, 0.001, 0, 0.001, 0.001, 0
Node_Pate26_Pate12_0, 0.002, 0, 0.006, 0.01, 0.002, 0, 0.002, 0, 0.006
Node_Pate40_Pate24_0, 0.002, 0, 0.001, 0.001, 0.002, 0, 0.002, 0.001, 0.002
Node_Pate40_Pate55_0, 0.002, 0, 0.003, 0.003, 0.002, 0, 0.002, 0.001, 0.003
Node_Pate40_Pate7_0, 0.001, 0, 0.002, 0.003, 0.001, 0, 0.001, 0, 0.003
Node_Pate43_Pate22_0, 0, 0, 0.001, 0.001, 0, 0, 0, 0, 0
Node_Pate43_Pate3_0, 0.001, 0, 0.001, 0.001, 0.001, 0, 0.001, 0, 0.002
Node_Pate43_Pate44_0, 0.004, 0, 0.002, 0.002, 0.004, 0, 0.004, 0.001, 0.005
Node_Pate43_Pate45_0, 0.001, 0, 0.004, 0.003, 0.001, 0, 0.001, 0, 0.001
Node_Pate43_Pate57_0, 0.003, 0, 0.01, 0.011, 0.003, 0, 0.003, 0, 0.009
Node_Pate44_Pate10_0, 0.004, 0, 0.009, 0.016, 0.004, 0, 0.004, 0.001, 0.008
Node_Pate44_Pate52_0, 0.005, 0.001, 0.007, 0.01, 0.005, 0, 0.005, 0.001, 0.007
Node_Pate45_Pate11_0, 0.004, 0, 0.005, 0.004, 0.004, 0, 0.004, 0.001, 0.005
Node_Pate45_Pate21_0, 0.004, 0, 0.002, 0.003, 0.004, 0, 0.004, 0.001, 0.005
Node_Pate46_Pate25_0, 0.003, 0, 0.003, 0.001, 0.003, 0, 0.003, 0, 0.004
Node_Pate48_Chlo30_0, 0, 0, 0.002, 0, 0, 0, 0, 0, 0
Node_Pate48_Pate1_0, 0.002, 0, 0.002, 0.002, 0.002, 0, 0.002, 0, 0.004
Node_Pate48_Pate23_0, 0.001, 0, 0.002, 0.004, 0.001, 0, 0.001, 0, 0.003
Node_Pate48_Pate30_0, 0, 0, 0.001, 0.001, 0, 0, 0, 0, 0.001
Node_Pate48_Pate40_0, 0, 0, 0.005, 0.004, 0, 0, 0, 0, 0.001
Node_Pate48_Pate43_0, 0.004, 0, 0.003, 0.004, 0.004, 0, 0.004, 0, 0.005
Node_Pate48_Pate46_0, 0.002, 0, 0.002, 0.003, 0.002, 0, 0.002, 0.001, 0.003
Node_Pate48_Pate49_0, 0.003, 0, 0.002, 0.005, 0.003, 0, 0.003, 0, 0.003
Node_Pate48_Pate51_0, 0.004, 0, 0.006, 0.007, 0.004, 0, 0.004, 0.002, 0.007
Node_Pate48_Pate56_0, 0, 0, 0.003, 0.004, 0, 0, 0, 0, 0.003
Node_Pate49_Pate41_0, 0.002, 0.001, 0.004, 0.003, 0.002, 0, 0.002, 0.001, 0.002
Node_Pate51_Pate27_0, 0.006, 0, 0.008, 0.009, 0.006, 0, 0.006, 0, 0.012
Node_Pate51_Pate33_0, 0.004, 0, 0.01, 0.01, 0.004, 0, 0.004, 0, 0.01
Node_Pate51_Pate53_0, 0.002, 0, 0.006, 0.006, 0.002, 0, 0.002, 0, 0.004
Node_Pate54_Pate31_0, 0.007, 0, 0.011, 0.013, 0.007, 0, 0.007, 0, 0.014
Node_Pate9_Pate36_0, 0.004, 0, 0.013, 0.012, 0.004, 0, 0.004, 0.001, 0.01
Node_Plan17_Plan23_0, 0.007, 0.001, 0.007, 0.008, 0.007, 0, 0.007, 0.001, 0.01
Node_Plan22_Plan2_0, 0.257, 0.001, 0.199, 0.101, 0.251, 0, 0.257, 0.083, 0.186
Node_Plan22_Plan4_0, 0.269, 0.002, 0.029, 0.071, 0.261, 0, 0.269, 0.037, 0.238
Node_Plan26_Plan21_0, 0.007, 0, 0.031, 0.029, 0.007, 0, 0.007, 0.006, 0.002
Node_Plan26_Plan5_0, 0.003, 0, 0.008, 0.008, 0.003, 0, 0.003, 0.002, 0.004
Node_Plan30_Plan14_0, 0.194, 0.001, 0.013, 0.038, 0.193, 0, 0.194, 0.051, 0.148
Node_Plan31_Plan17_0, 0.003, 0, 0.024, 0.008, 0.003, 0, 0.003, 0.002, 0.005
Node_Plan31_Plan18_0, 0.011, 0, 0.039, 0.026, 0.011, 0, 0.011, 0.011, 0.002
Node_Plan31_Plan27_0, 0.022, 0, 0.007, 0.018, 0.022, 0, 0.022, 0.005, 0.023
Node_Plan31_Plan39_0, 0.006, 0, 0.008, 0.006, 0.006, 0, 0.006, 0.004, 0.003
Node_Plan32_Plan12_0, 0.018, 0, 0.03, 0.034, 0.018, 0, 0.018, 0.006, 0.026
Node_Plan32_Plan22_0, 0.058, 0.001, 0.014, 0.032, 0.056, 0, 0.058, 0.025, 0.035
Node_Plan32_Plan26_0, 0.036, 0, 0.042, 0.028, 0.036, 0, 0.036, 0.028, 0.01
Node_Plan32_Plan30_0, 0.058, 0.002, 0.046, 0.039, 0.058, 0, 0.058, 0.02, 0.044
Node_Plan32_Plan3_0, 0.022, 0, 0.06, 0.031, 0.021, 0, 0.022, 0.011, 0.024
Node_Plan33_Plan44_0, 0.037, 0, 0.15, 0.086, 0.037, 0, 0.037, 0.026, 0.016
Node_Plan42_Plan40_0, 0.78, 0.008, 0.194, 0.44, 0.759, 0, 0.78, 0.723, 0.054
Node_Plan43_Plan16_0, 0.812, 0.032, 0.024, 0.524, 0.764, 0, 0.812, 0.151, 0.633
Node_Plan43_Plan31_0, 0.048, 0.002, 0.028, 0.042, 0.047, 0, 0.048, 0.039, 0.007
Node_Plan43_Plan32_0, 0.068, 0.001, 0.014, 0.036, 0.067, 0, 0.068, 0.034, 0.033
Node_Plan43_Plan33_0, 0.171, 0.007, 0.013, 0.123, 0.161, 0, 0.171, 0.054, 0.109
Node_Plan43_Plan42_0, 0.912, 0.023, 0.042, 0.344, 0.784, 0, 0.912, 0.761, 0.119
Node_Plan43_Plan7_0, 0.067, 0, 0.154, 0.076, 0.066, 0, 0.067, 0.066, 0.002
Node_Plan43_Verr11_0, 0.219, 0.008, 0.016, 0.139, 0.208, 0.018, 0.219, 0.196, 0.012
Node_Pori1_Pori2_0, 0.006, 0, 0.059, 0.051, 0.006, 0, 0.006, 0.005, 0.015
Node_ProtA11_ProtA32_0, 1.008, 0.008, 0.031, 0.099, 0.996, 0, 1.008, 0.723, 0.277
Node_ProtA12_ProtA44_0, 0.003, 0, 0.011, 0.012, 0.003, 0, 0.003, 0.001, 0.009
Node_ProtA12_ProtA54_0, 0.004, 0, 0.014, 0.022, 0.004, 0, 0.004, 0.001, 0.015
Node_ProtA13_ProtA24_0, 1.002, 0.007, 0.062, 0.505, 0.98, 0, 1.002, 0.588, 0.417
Node_ProtA13_ProtA61_0, 1.01, 0.001, 0.037, 0.03, 0.972, 0, 1.01, 0.975, 0.044
Node_ProtA13_ProtA77_0, 1.055, 0.012, 0.323, 0.446, 0.842, 0, 1.055, 0.96, 0.082
Node_ProtA13_ProtA7_0, 0.64, 0.004, 0.464, 0.567, 0.609, 0, 0.64, 0.6, 0.045
Node_ProtA15_ProtA42_0, 0.511, 0, 0.447, 0.069, 0.501, 0, 0.511, 0.417, 0.1
Node_ProtA15_ProtA70_0, 0.858, 0.002, 0.179, 0.125, 0.778, 0, 0.858, 0.818, 0.042
Node_ProtA16_ProtA33_0, 0.053, 0.002, 0.326, 0.086, 0.051, 0, 0.053, 0.03, 0.023
Node_ProtA16_ProtA66_0, 0.082, 0.001, 0.039, 0.072, 0.081, 0, 0.082, 0.024, 0.067
Node_ProtA16_ProtA69_0, 0.639, 0.008, 0.657, 0.334, 0.519, 0, 0.639, 0.5, 0.133
Node_ProtA16_ProtA8_0, 0.354, 0.002, 0.425, 0.174, 0.34, 0, 0.354, 0.221, 0.138
Node_ProtA18_ProtA10_0, 0.599, 0, 0.043, 0.037, 0.588, 0, 0.599, 0.569, 0.036
Node_ProtA18_ProtA19_0, 1.115, 0.003, 0.073, 0.087, 0.901, 0, 1.115, 1.04, 0.075
Node_ProtA18_ProtA29_0, 0.606, 0.001, 0.38, 0.048, 0.577, 0, 0.606, 0.589, 0.024
Node_ProtA18_ProtA53_0, 0.961, 0.001, 0.19, 0.062, 0.877, 0, 0.961, 0.928, 0.035
Node_ProtA19_ProtA14_0, 1.184, 0.033, 0.055, 0.153, 0.992, 0, 1.184, 1.06, 0.077
Node_ProtA19_ProtA20_0, 0.97, 0.023, 0.244, 0.132, 0.757, 0, 0.97, 0.861, 0.076
Node_ProtA19_ProtA3_0, 1.283, 0.149, 0.115, 0.251, 0.941, 0, 1.283, 0.941, 0.065
Node_ProtA19_ProtA46_0, 0.45, 0.004, 0.064, 0.173, 0.442, 0, 0.45, 0.397, 0.057
Node_ProtA19_ProtA49_0, 0.554, 0.005, 0.043, 0.233, 0.543, 0, 0.554, 0.42, 0.142
Node_ProtA19_ProtA56_0, 0.693, 0.08, 0.681, 0.228, 0.577, 0, 0.693, 0.27, 0.324
Node_ProtA19_ProtA68_0, 0.697, 0.024, 0.697, 1.303, 0.641, 0, 0.697, 0.59, 0.087
Node_ProtA19_ProtA74_0, 0.453, 0.003, 0.276, 0.306, 0.441, 0, 0.453, 0.436, 0.029
Node_ProtA19_ProtA75_0, 1.129, 0.043, 0.035, 0.233, 0.971, 0, 1.129, 0.647, 0.428
Node_ProtA20_ProtA11_0, 0.754, 0.002, 0.272, 0.15, 0.726, 0, 0.754, 0.709, 0.054
Node_ProtA20_ProtA5_0, 0.014, 0, 0.757, 0.065, 0.014, 0, 0.014, 0.006, 0.017
Node_ProtA26_ProtA37_0, 0.008, 0, 0.029, 0.016, 0.008, 0, 0.008, 0.004, 0.006
Node_ProtA26_ProtA45_0, 0.031, 0, 0.128, 0.053, 0.031, 0, 0.031, 0.024, 0.013
Node_ProtA27_ProtA21_0, 0.01, 0, 0.05, 0.034, 0.01, 0, 0.01, 0.007, 0.008
Node_ProtA30_ProtA35_0, 0.005, 0, 0.011, 0.007, 0.005, 0, 0.005, 0.001, 0.007
Node_ProtA34_Acid38_0, 0.76, 0.013, 0.038, 0.334, 0.732, 0.015, 0.76, 0.728, 0.009
Node_ProtA34_Chry1_0, 0.761, 0.015, 0.056, 0.309, 0.736, 0.01, 0.761, 0.73, 0.003
Node_ProtA34_DesuB4_0, 0.872, 0.012, 0.092, 0.233, 0.831, 0.002, 0.872, 0.843, 0.006
Node_ProtA34_DesuC2_0, 0.774, 0.006, 0.112, 0.273, 0.745, 0, 0.774, 0.757, 0.008
Node_ProtA34_J088X1_0, 0.15, 0.004, 0.628, 0.149, 0.147, 0, 0.15, 0.146, 0
Node_ProtA34_Nitr14_0, 0.754, 0.012, 0.063, 0.363, 0.735, 0.03, 0.754, 0.721, 0.015
Node_ProtA34_ProtA13_0, 1.284, 0.068, 0.093, 0.334, 0.924, 0, 1.284, 1.013, 0.154
Node_ProtA34_ProtA16_0, 1.155, 0.025, 0.168, 0.26, 0.879, 0, 1.155, 1.016, 0.099
Node_ProtA34_ProtA18_0, 1.11, 0.048, 0.018, 0.686, 0.902, 0.018, 1.11, 0.406, 0.651
Node_ProtA34_ProtA26_0, 0.146, 0.002, 0.004, 0.091, 0.143, 0, 0.146, 0.054, 0.092
Node_ProtA34_ProtA38_0, 1.199, 0.048, 0.053, 0.307, 0.929, 0, 1.199, 1.018, 0.094
Node_ProtA34_ProtA39_0, 0.411, 0.01, 0.014, 0.263, 0.382, 0, 0.411, 0.134, 0.269
Node_ProtA34_ProtA40_0, 1.423, 0.022, 0.097, 0.224, 0.984, 0, 1.423, 1.173, 0.214
Node_ProtA34_ProtA43_0, 1.033, 0.001, 0.768, 0.299, 1, 0, 1.033, 0.664, 0.377
Node_ProtA34_ProtA9_0, 0.056, 0, 0.006, 0.017, 0.055, 0, 0.056, 0.028, 0.031
Node_ProtA34_ProtG30_0, 0.093, 0.004, 0.063, 0.123, 0.088, 0, 0.093, 0.084, 0.002
Node_ProtA34_ProtM1_0, 0.048, 0, 0.05, 0.06, 0.047, 0, 0.048, 0.043, 0.005
Node_ProtA34_SAR3X2_0, 0.833, 0.018, 0.02, 0.431, 0.801, 0.024, 0.833, 0.748, 0.057
Node_ProtA34_SM23X1_0, 0.789, 0.026, 0.045, 0.359, 0.761, 0.049, 0.789, 0.744, 0.001
Node_ProtA34_Spir10_0, 0.758, 0.03, 0.009, 0.285, 0.735, 0.529, 0.758, 0.709, 0
Node_ProtA34_UBA2X1_0, 0.944, 0.026, 0.029, 0.562, 0.897, 0.04, 0.944, 0.825, 0.074
Node_ProtA34_Wall1_0, 0.208, 0.003, 0.001, 0.096, 0.206, 0.206, 0.208, 0.203, 0
Node_ProtA34_mitoFungi_0, 0.031, 0, 0.027, 0.044, 0.03, 0, 0.031, 0.021, 0.01
Node_ProtA38_ProtA15_0, 0.993, 0.001, 0.265, 0.18, 0.828, 0, 0.993, 0.936, 0.058
Node_ProtA38_ProtA41_0, 0.472, 0.001, 0.295, 0.153, 0.46, 0, 0.472, 0.369, 0.115
Node_ProtA38_ProtA64_0, 0.651, 0.004, 0.524, 0.207, 0.554, 0, 0.651, 0.476, 0.178
Node_ProtA39_ProtA12_0, 0.005, 0, 0.011, 0.012, 0.005, 0, 0.005, 0.003, 0.007
Node_ProtA39_ProtA27_0, 0.052, 0, 0.362, 0.121, 0.052, 0, 0.052, 0.051, 0.003
Node_ProtA39_ProtA30_0, 0.009, 0, 0.049, 0.032, 0.009, 0, 0.009, 0.008, 0.006
Node_ProtA39_ProtA36_0, 0.005, 0, 0.011, 0.013, 0.005, 0, 0.005, 0.001, 0.011
Node_ProtA3_ProtA72_0, 0.223, 0.002, 1.296, 0.317, 0.213, 0, 0.223, 0.069, 0.166
Node_ProtA3_ProtA76_0, 1.351, 0.121, 0.154, 0.27, 0.916, 0, 1.351, 1.044, 0.101
Node_ProtA40_ProtA67_0, 1.37, 0.104, 0.367, 0.459, 0.863, 0, 1.37, 0.983, 0.21
Node_ProtA46_ProtA55_0, 0.032, 0, 0.438, 0.133, 0.032, 0, 0.032, 0.027, 0.02
Node_ProtA47_ProtA63_0, 2.599, 0.076, 0.414, 0.744, 1, 0, 2.599, 2.261, 0.216
Node_ProtA53_ProtA58_0, 1.034, 0.001, 0.048, 0.066, 0.904, 0, 1.034, 0.923, 0.12
Node_ProtA56_ProtA52_0, 0.604, 0.006, 0.257, 0.405, 0.549, 0, 0.604, 0.44, 0.162
Node_ProtA68_ProtA2_0, 0.689, 0.007, 0.152, 0.49, 0.631, 0, 0.689, 0.558, 0.137
Node_ProtA69_ProtA50_0, 0.682, 0, 0.14, 0.231, 0.555, 0, 0.682, 0.507, 0.183
Node_ProtA70_ProtA57_0, 0.495, 0.001, 0.425, 0.075, 0.491, 0, 0.495, 0.435, 0.061
Node_ProtA76_ProtA47_0, 2.721, 0.211, 0.053, 0.456, 1, 0, 2.721, 1.764, 0.57
Node_ProtA76_ProtA48_0, 1.993, 0.317, 0.057, 0.328, 0.99, 0, 1.993, 1.085, 0.382
Node_ProtA76_ProtA62_0, 2.378, 0.005, 0.428, 0.56, 1, 0, 2.378, 2.308, 0.08
Node_ProtA76_ProtA71_0, 1.721, 0.005, 0.958, 0.493, 1, 0, 1.721, 1.434, 0.296
Node_ProtA77_ProtA31_0, 1.075, 0.006, 0.165, 0.331, 0.812, 0, 1.075, 0.908, 0.179
Node_ProtA77_ProtA51_0, 0.789, 0, 0.358, 0.372, 0.745, 0, 0.789, 0.733, 0.072
Node_ProtA9_ProtA60_0, 0.003, 0, 0.058, 0.023, 0.003, 0, 0.003, 0.003, 0.005
Node_ProtG12_ProtG5_0, 0.02, 0.001, 0.09, 0.053, 0.019, 0, 0.02, 0.011, 0.021
Node_ProtG16_ProtG17_0, 0.009, 0, 0.013, 0.016, 0.009, 0, 0.009, 0, 0.016
Node_ProtG18_ProtG10_0, 0.347, 0.035, 0.015, 0.081, 0.299, 0, 0.347, 0.058, 0.258
Node_ProtG18_ProtG12_0, 0.088, 0, 0.314, 0.091, 0.088, 0, 0.088, 0.045, 0.055
Node_ProtG18_ProtG14_0, 0.069, 0.002, 0.015, 0.035, 0.065, 0, 0.069, 0.009, 0.065
Node_ProtG18_ProtG21_0, 0.145, 0.002, 0.037, 0.114, 0.142, 0, 0.145, 0.059, 0.092
Node_ProtG24_ProtG18_0, 0.017, 0, 0.032, 0.025, 0.016, 0, 0.017, 0.009, 0.012
Node_ProtG25_ProtG9_0, 0.167, 0, 0.015, 0.014, 0.166, 0, 0.167, 0.026, 0.147
Node_ProtG29_ProtG76_0, 0.005, 0, 0.023, 0.026, 0.005, 0, 0.005, 0, 0.011
Node_ProtG30_ProtG19_0, 0.016, 0, 0.117, 0.062, 0.016, 0, 0.016, 0.013, 0.016
Node_ProtG30_ProtG31_0, 0.276, 0.007, 0.021, 0.122, 0.269, 0, 0.276, 0.066, 0.209
Node_ProtG30_ProtG34_0, 0.228, 0.003, 0.064, 0.089, 0.225, 0, 0.228, 0.214, 0.013
Node_ProtG30_ProtG35_0, 0.235, 0.001, 0.011, 0.057, 0.231, 0, 0.235, 0.218, 0.017
Node_ProtG30_ProtG39_0, 0.117, 0, 0.081, 0.08, 0.113, 0, 0.117, 0.042, 0.08
Node_ProtG30_ProtG42_0, 0.058, 0, 0.333, 0.116, 0.058, 0, 0.058, 0.044, 0.017
Node_ProtG30_ProtG49_0, 0.095, 0.003, 0.249, 0.104, 0.091, 0, 0.095, 0.081, 0.016
Node_ProtG30_ProtG50_0, 0.081, 0.001, 0.032, 0.051, 0.08, 0, 0.081, 0.028, 0.054
Node_ProtG30_ProtG64_0, 0.118, 0.001, 0.026, 0.048, 0.114, 0, 0.118, 0.06, 0.065
Node_ProtG30_ProtG71_0, 0.073, 0, 0.016, 0.031, 0.07, 0, 0.073, 0.039, 0.035
Node_ProtG30_ProtG80_0, 0.177, 0.004, 0.006, 0.073, 0.171, 0, 0.177, 0.07, 0.106
Node_ProtG30_ProtG84_0, 0.325, 0.005, 0.023, 0.082, 0.318, 0, 0.325, 0.215, 0.108
Node_ProtG30_ProtG85_0, 0.374, 0.014, 0.013, 0.114, 0.357, 0, 0.374, 0.162, 0.196
Node_ProtG30_ProtG87_0, 0.078, 0, 0.046, 0.069, 0.074, 0, 0.078, 0.052, 0.029
Node_ProtG30_ProtZ3_0, 0.054, 0.002, 0.016, 0.033, 0.051, 0, 0.054, 0.04, 0.011
Node_ProtG30_ProtZ5_0, 0.057, 0, 0.042, 0.047, 0.055, 0, 0.057, 0.052, 0.006
Node_ProtG31_ProtG16_0, 0.006, 0, 0.005, 0.011, 0.006, 0, 0.006, 0.004, 0.004
Node_ProtG31_ProtG32_0, 0.394, 0.004, 0.013, 0.094, 0.385, 0, 0.394, 0.266, 0.127
Node_ProtG31_ProtG36_0, 0.103, 0, 0.316, 0.086, 0.103, 0, 0.103, 0.094, 0.012
Node_ProtG31_ProtG44_0, 0.022, 0, 0.009, 0.01, 0.022, 0, 0.022, 0.004, 0.025
Node_ProtG31_ProtG45_0, 0.407, 0.005, 0.027, 0.064, 0.402, 0, 0.407, 0.369, 0.035
Node_ProtG31_ProtG47_0, 0.007, 0.001, 0.062, 0.02, 0.007, 0, 0.007, 0.005, 0.008
Node_ProtG31_ProtG61_0, 0.06, 0, 0.054, 0.052, 0.06, 0, 0.06, 0.054, 0.011
Node_ProtG32_ProtG26_0, 0.252, 0, 0.022, 0.1, 0.25, 0, 0.252, 0.083, 0.179
Node_ProtG32_ProtG33_0, 0.39, 0.001, 0.056, 0.09, 0.368, 0, 0.39, 0.342, 0.051
Node_ProtG32_ProtG37_0, 0.083, 0, 0.325, 0.073, 0.077, 0, 0.083, 0.072, 0.018
Node_ProtG32_ProtG43_0, 0.095, 0.002, 0.045, 0.045, 0.093, 0, 0.095, 0.05, 0.055
Node_ProtG33_ProtG48_0, 0.123, 0.001, 0.363, 0.109, 0.12, 0, 0.123, 0.07, 0.058
Node_ProtG33_ProtG67_0, 0.427, 0, 0.023, 0.055, 0.389, 0, 0.427, 0.371, 0.06
Node_ProtG33_ProtG7_0, 0.316, 0.004, 0.038, 0.085, 0.312, 0, 0.316, 0.098, 0.227
Node_ProtG35_ProtG81_0, 0.024, 0.001, 0.216, 0.049, 0.024, 0, 0.024, 0.023, 0.004
Node_ProtG36_ProtG20_0, 0.008, 0, 0.048, 0.044, 0.008, 0, 0.008, 0.004, 0.014
Node_ProtG36_ProtG24_0, 0.037, 0, 0.024, 0.039, 0.037, 0, 0.037, 0.027, 0.016
Node_ProtG36_ProtG38_0, 0.045, 0, 0.066, 0.049, 0.044, 0, 0.045, 0.039, 0.008
Node_ProtG36_ProtG65_0, 0.042, 0, 0.019, 0.027, 0.042, 0, 0.042, 0.021, 0.024
Node_ProtG37_ProtG41_0, 0.07, 0.001, 0.015, 0.027, 0.067, 0, 0.07, 0.01, 0.072
Node_ProtG37_ProtG51_0, 0.012, 0, 0.074, 0.04, 0.012, 0, 0.012, 0.007, 0.016
Node_ProtG37_ProtG53_0, 0.015, 0, 0.084, 0.044, 0.015, 0, 0.015, 0.009, 0.016
Node_ProtG37_ProtG8_0, 0.012, 0.001, 0.02, 0.023, 0.011, 0, 0.012, 0.005, 0.016
Node_ProtG38_ProtG28_0, 0.062, 0, 0.034, 0.039, 0.061, 0, 0.062, 0.017, 0.051
Node_ProtG38_ProtG46_0, 0.22, 0, 0.025, 0.1, 0.22, 0, 0.22, 0.051, 0.183
Node_ProtG39_ProtG15_0, 0.261, 0, 0.04, 0.157, 0.261, 0, 0.261, 0.091, 0.184
Node_ProtG41_ProtG40_0, 0.233, 0.001, 0.026, 0.054, 0.232, 0, 0.233, 0.061, 0.188
Node_ProtG42_ProtG74_0, 0.007, 0, 0.055, 0.042, 0.007, 0, 0.007, 0.007, 0.004
Node_ProtG43_ProtG55_0, 0.009, 0, 0.106, 0.045, 0.009, 0, 0.009, 0.005, 0.02
Node_ProtG44_ProtG22_0, 0.176, 0.001, 0.012, 0.046, 0.175, 0, 0.176, 0.02, 0.165
Node_ProtG45_ProtG66_0, 0.477, 0.005, 0.014, 0.051, 0.465, 0, 0.477, 0.394, 0.079
Node_ProtG45_ProtG75_0, 0.054, 0.001, 0.439, 0.139, 0.053, 0, 0.054, 0.04, 0.015
Node_ProtG47_ProtG62_0, 0.001, 0, 0.013, 0.013, 0.001, 0, 0.001, 0, 0.007
Node_ProtG48_ProtG1_0, 0.022, 0, 0.115, 0.032, 0.022, 0, 0.022, 0.013, 0.014
Node_ProtG48_ProtG25_0, 0.035, 0, 0.018, 0.022, 0.035, 0, 0.035, 0.011, 0.031
Node_ProtG48_ProtG6_0, 0.007, 0, 0.041, 0.02, 0.007, 0, 0.007, 0.002, 0.013
Node_ProtG49_ProtG29_0, 0.017, 0, 0.088, 0.094, 0.017, 0, 0.017, 0.015, 0.01
Node_ProtG53_ProtG27_0, 0.008, 0, 0.023, 0.022, 0.008, 0, 0.008, 0.002, 0.016
Node_ProtG53_ProtG70_0, 0.007, 0, 0.019, 0.022, 0.007, 0, 0.007, 0.001, 0.018
Node_ProtG58_ProtG59_0, 1.019, 0.008, 0.257, 0.292, 1, 0, 1.019, 0.993, 0.016
Node_ProtG59_ProtG73_0, 1.005, 0.001, 0.034, 0.028, 1, 0, 1.005, 0.999, 0.019
Node_ProtG61_ProtG60_0, 1.005, 0.011, 0.029, 0.355, 0.998, 0, 1.005, 0.178, 0.838
Node_ProtG61_ProtG72_0, 0.066, 0, 0.028, 0.037, 0.066, 0, 0.066, 0.043, 0.034
Node_ProtG61_ProtG78_0, 0.185, 0.001, 0.01, 0.066, 0.184, 0, 0.185, 0.058, 0.128
Node_ProtG62_ProtG77_0, 0.004, 0, 0.012, 0.013, 0.004, 0, 0.004, 0, 0.015
Node_ProtG65_ProtG69_0, 0.231, 0.001, 0.018, 0.094, 0.23, 0, 0.231, 0.032, 0.206
Node_ProtG66_ProtG68_0, 1.017, 0.024, 0.025, 0.454, 0.994, 0, 1.017, 0.459, 0.541
Node_ProtG67_ProtG63_0, 0.581, 0.001, 0.067, 0.105, 0.504, 0, 0.581, 0.368, 0.22
Node_ProtG80_ProtG57_0, 0.208, 0, 0.109, 0.115, 0.194, 0, 0.208, 0.078, 0.14
Node_ProtG81_ProtG79_0, 0.005, 0, 0.029, 0.024, 0.005, 0, 0.005, 0.003, 0.01
Node_ProtG83_ProtG52_0, 1.545, 0, 0.027, 0.055, 1, 0, 1.545, 1.452, 0.105
Node_ProtG83_ProtG89_0, 1.467, 0.041, 0.032, 0.277, 1, 0, 1.467, 1.318, 0.081
Node_ProtG84_ProtG11_0, 0.997, 0.002, 0.404, 0.364, 0.983, 0, 0.997, 0.985, 0.022
Node_ProtG84_ProtG83_0, 1.377, 0.338, 0.03, 0.825, 0.985, 0, 1.377, 0.449, 0.518
Node_ProtG84_ProtG90_0, 0.551, 0.047, 0.02, 0.152, 0.501, 0, 0.551, 0.293, 0.199
Node_ProtG85_ProtG56_0, 1.474, 0.012, 0.061, 0.131, 0.999, 0, 1.474, 1.364, 0.095
Node_ProtG85_ProtG58_0, 1.252, 0.241, 0.026, 0.533, 0.996, 0, 1.252, 0.296, 0.663
Node_ProtG85_ProtG86_0, 1.004, 0.009, 0.756, 0.463, 0.978, 0, 1.004, 0.73, 0.277
Node_ProtG85_ProtG88_0, 1.428, 0.127, 0.029, 0.166, 0.996, 0, 1.428, 1.113, 0.078
Node_ProtG85_ProtG91_0, 0.982, 0.002, 0.041, 0.403, 0.974, 0, 0.982, 0.971, 0.017
Node_ProtG86_ProtG82_0, 0.986, 0.001, 0.045, 0.043, 0.976, 0, 0.986, 0.971, 0.026
Node_ProtG87_ProtG3_0, 0.012, 0, 0.025, 0.031, 0.012, 0, 0.012, 0.005, 0.016
Node_ProtG87_ProtG4_0, 0.021, 0, 0.067, 0.046, 0.021, 0, 0.021, 0.017, 0.01
Node_ProtG89_ProtG13_0, 1.011, 0.003, 0.473, 0.088, 1, 0, 1.011, 0.997, 0.014
Node_ProtG90_ProtG54_0, 0.018, 0, 0.543, 0.204, 0.018, 0, 0.018, 0.017, 0.01
Node_ProtM1_ProtM2_0, 0.019, 0, 0.146, 0.053, 0.019, 0, 0.019, 0.015, 0.012
Node_ProtM1_ProtM3_0, 0.153, 0.001, 0.046, 0.095, 0.153, 0, 0.153, 0.009, 0.15
Node_ProtZ1_ProtZ4_0, 1.01, 0.002, 0.022, 0.031, 1, 0, 1.01, 1, 0.021
Node_ProtZ3_ProtZ1_0, 1.009, 0.009, 0.036, 0.536, 0.998, 0, 1.009, 0.124, 0.891
Node_ProtZ3_ProtZ2_0, 0.145, 0.001, 0.042, 0.079, 0.14, 0, 0.145, 0.02, 0.132
Node_SAR3X2_BMS3X1_0, 0.134, 0.004, 0.721, 0.284, 0.129, 0, 0.134, 0.116, 0.018
Node_SAR3X2_SAR3X1_0, 0.164, 0.002, 0.095, 0.146, 0.162, 0, 0.164, 0.051, 0.123
Node_SM23X1_AABM5X1_0, 0.001, 0, 0.011, 0.015, 0.001, 0, 0.001, 0.001, 0.005
Node_SM23X1_Aero1_0, 0.342, 0.004, 0.452, 0.381, 0.334, 0.001, 0.342, 0.337, 0
Node_SM23X1_Bact27_0, 0.007, 0, 0.004, 0.003, 0.007, 0, 0.007, 0.004, 0.004
Node_SM23X1_Caldit2_0, 0.004, 0, 0.003, 0.009, 0.004, 0, 0.004, 0.001, 0.006
Node_SM23X1_Fibr4_0, 0.007, 0, 0.001, 0.003, 0.007, 0, 0.007, 0.003, 0.005
Node_SM23X1_Hydr2_0, 0.238, 0.004, 0.112, 0.189, 0.233, 0.002, 0.238, 0.228, 0.002
Node_SM23X1_KSB1X2_0, 0.003, 0.001, 0.009, 0.009, 0.002, 0, 0.003, 0.001, 0.007
Node_SM23X1_KSB1X3_0, 0.005, 0, 0.004, 0.004, 0.005, 0, 0.005, 0.001, 0.006
Node_SM23X1_P4572X1_0, 0, 0, 0.004, 0.001, 0, 0, 0, 0, 0
Node_SM23X1_Pori1_0, 0.05, 0, 0.188, 0.115, 0.05, 0, 0.05, 0.05, 0
Node_SM23X1_RBG1_0, 0.009, 0, 0.042, 0.025, 0.009, 0, 0.009, 0.008, 0.001
Node_SM23X1_TA06X1_0, 0.004, 0, 0.006, 0.005, 0.004, 0, 0.004, 0.004, 0.001
Node_SM23X1_Zixi5_0, 0.003, 0, 0, 0.001, 0.003, 0, 0.003, 0, 0.003
Node_Spir10_Lind1_0, 0.765, 0.018, 0.03, 0.365, 0.735, 0.019, 0.765, 0.733, 0
Node_Spir10_Spir11_0, 0.436, 0.006, 0.313, 0.374, 0.432, 0, 0.436, 0.428, 0.002
Node_Spir10_Spir12_0, 0.386, 0.003, 0.058, 0.239, 0.381, 0, 0.386, 0.379, 0.005
Node_Spir10_Spir13_0, 0.415, 0.006, 0.322, 0.327, 0.397, 0, 0.415, 0.187, 0.229
Node_Spir10_Spir15_0, 0.741, 0.021, 0.047, 0.324, 0.714, 0.002, 0.741, 0.705, 0
Node_Spir10_Spir3_0, 0.061, 0, 0.367, 0.171, 0.061, 0, 0.061, 0.059, 0.013
Node_Spir10_Spir8_0, 0.502, 0.003, 0.02, 0.222, 0.465, 0, 0.502, 0.369, 0.133
Node_Spir13_Spir2_0, 1.013, 0.006, 0.051, 0.682, 0.997, 0, 1.013, 0.368, 0.643
Node_Spir15_Spir4_0, 0.813, 0.008, 0.028, 0.342, 0.731, 0, 0.813, 0.709, 0.092
Node_Spir15_Spir9_0, 1.004, 0.006, 0.312, 0.613, 0.968, 0.001, 1.004, 0.507, 0.496
Node_Sume1_OLB1X1_0, 0.012, 0, 0.029, 0.024, 0.012, 0, 0.012, 0.011, 0.001
Node_Sume1_UBP4X1_0, 0.006, 0, 0.013, 0.009, 0.006, 0, 0.006, 0.003, 0.007
Node_Syne1_Calda2_0, 0.002, 0, 0.005, 0.004, 0.002, 0, 0.002, 0.002, 0
Node_Syne1_Cyan40_0, 0.023, 0.002, 0.03, 0.033, 0.023, 0.002, 0.023, 0.021, 0
Node_Syne1_Dein5_0, 0.007, 0, 0.016, 0.012, 0.007, 0, 0.007, 0.007, 0
Node_Syne1_Syne2_0, 0.005, 0, 0.013, 0.018, 0.005, 0, 0.005, 0.001, 0.011
Node_Syne1_Syne4_0, 0.005, 0, 0.008, 0.009, 0.005, 0, 0.005, 0, 0.012
Node_Syne1_Syne6_0, 0.001, 0, 0.014, 0.011, 0.001, 0, 0.001, 0, 0.01
Node_Syne1_Syne7_0, 0.007, 0, 0.007, 0.011, 0.007, 0, 0.007, 0.001, 0.013
Node_Syne1_Syne9_0, 0.001, 0, 0.003, 0.002, 0.001, 0, 0.001, 0, 0.002
Node_Syne2_Syne8_0, 0.007, 0, 0.011, 0.015, 0.007, 0, 0.007, 0.002, 0.013
Node_Syne4_Syne5_0, 0.004, 0, 0.015, 0.02, 0.004, 0, 0.004, 0.001, 0.014
Node_Syne7_Syne10_0, 0.005, 0, 0.013, 0.015, 0.005, 0, 0.005, 0.003, 0.011
Node_Syne8_Syne3_0, 0.005, 0.001, 0.022, 0.023, 0.005, 0, 0.005, 0.002, 0.019
Node_TA06X1_Cloa1_0, 0.002, 0, 0.004, 0.005, 0.002, 0, 0.002, 0.002, 0.002
Node_TA06X1_Edwa1_0, 0.002, 0, 0.003, 0.004, 0.002, 0, 0.002, 0, 0.003
Node_TA06X1_WOR1_0, 0.004, 0, 0, 0.001, 0.004, 0, 0.004, 0.002, 0.002
Node_Therd1_Dict1_0, 0.003, 0, 0.005, 0.003, 0.003, 0, 0.003, 0.002, 0.001
Node_Therg2_Therg4_0, 0.007, 0, 0.01, 0.014, 0.007, 0, 0.007, 0.002, 0.012
Node_Therg3_Therg5_0, 0.005, 0, 0.013, 0.016, 0.005, 0, 0.005, 0.002, 0.01
Node_Therg8_Therg2_0, 0.005, 0, 0.007, 0.016, 0.005, 0, 0.005, 0.001, 0.009
Node_Therg8_Therg3_0, 0.008, 0, 0.009, 0.013, 0.008, 0, 0.008, 0.001, 0.012
Node_Therg8_Therg6_0, 0.004, 0, 0.018, 0.023, 0.004, 0, 0.004, 0, 0.014
Node_Thers1_Desua45_0, 0.003, 0, 0.034, 0.021, 0.003, 0, 0.003, 0.001, 0.004
Node_UBA1X2_UBA1X3_0, 0.04, 0, 0.204, 0.176, 0.039, 0, 0.04, 0.038, 0.006
Node_UBA1X2_UBA1X5_0, 0.019, 0, 0.031, 0.034, 0.019, 0, 0.019, 0.014, 0.01
Node_UBA1X5_UBA1X4_0, 0.008, 0, 0.034, 0.036, 0.008, 0, 0.008, 0.001, 0.023
Node_UBA1X6_UBA1X1_0, 0.33, 0.003, 0.044, 0.197, 0.326, 0, 0.33, 0.208, 0.133
Node_UBA1X6_UBA1X2_0, 0.238, 0.005, 0.158, 0.236, 0.235, 0, 0.238, 0.225, 0.012
Node_UBA2X1_DesuD2_0, 0.832, 0, 0.125, 0.064, 0.826, 0, 0.832, 0.827, 0.006
Node_UBA2X1_Desua22_0, 0.951, 0.01, 0.046, 0.223, 0.919, 0.001, 0.951, 0.893, 0.042
Node_UBA2X1_Desua28_0, 0.839, 0, 0.019, 0.039, 0.838, 0, 0.839, 0.814, 0.026
Node_UBA2X1_SZUA2_0, 0.01, 0, 0.833, 0.037, 0.01, 0, 0.01, 0.01, 0.004
Node_UBA6X1_Desa1_0, 0.013, 0, 0.03, 0.023, 0.013, 0, 0.013, 0.013, 0
Node_UBA6X1_Elus1_0, 0.006, 0, 0.009, 0.012, 0.006, 0, 0.006, 0.005, 0.002
Node_UBA6X1_Gold1_0, 0.043, 0, 0.074, 0.055, 0.042, 0, 0.043, 0.037, 0.007
Node_UBA9X1_UBA9X3_0, 0.01, 0, 0.025, 0.018, 0.01, 0, 0.01, 0.008, 0.003
Node_UBA9X3_UBA9X2_0, 0.002, 0, 0.011, 0.013, 0.002, 0, 0.002, 0.002, 0.003
Node_Verr11_Aure2_0, 0.444, 0.02, 0.023, 0.28, 0.388, 0.001, 0.444, 0.265, 0.155
Node_Verr11_Aure3_0, 0.291, 0.008, 0.029, 0.122, 0.264, 0.002, 0.291, 0.242, 0.036
Node_Verr11_Omni4_0, 0.274, 0.018, 0.017, 0.19, 0.25, 0.015, 0.274, 0.207, 0.039
Node_Verr11_Verr12_0, 1.158, 0, 0.13, 0.065, 0.988, 0, 1.158, 1.011, 0.159
Node_Verr11_Verr14_0, 1.129, 0.001, 0.041, 0.05, 0.987, 0, 1.129, 1.062, 0.076
Node_Verr11_Verr7_0, 1.017, 0.05, 0.19, 0.792, 0.828, 0, 1.017, 0.558, 0.387
Node_Verr11_Verr8_0, 0.77, 0.04, 0.113, 0.415, 0.595, 0, 0.77, 0.325, 0.399
Node_Verr11_Verr9_0, 1.093, 0.013, 0.171, 0.185, 0.99, 0, 1.093, 0.848, 0.234
Node_Verr3_Verr10_0, 0.43, 0.001, 0.332, 0.317, 0.412, 0, 0.43, 0.332, 0.104
Node_Verr5_Verr6_0, 0.332, 0.014, 0.365, 0.69, 0.314, 0, 0.332, 0.248, 0.076
Node_Verr7_Verr13_0, 0.968, 0.004, 0.268, 0.276, 0.81, 0, 0.968, 0.77, 0.193
Node_Verr7_Verr2_0, 1.007, 0.007, 0.208, 0.236, 0.995, 0, 1.007, 0.763, 0.24
Node_Verr7_Verr4_0, 1.039, 0.032, 0.186, 1.155, 0.805, 0, 1.039, 0.822, 0.176
Node_Verr8_Verr3_0, 0.657, 0.012, 0.073, 0.493, 0.546, 0, 0.657, 0.534, 0.111
Node_Verr8_Verr5_0, 0.607, 0.029, 0.255, 0.544, 0.509, 0.001, 0.607, 0.511, 0.062
Node_WOR1_WOR2_0, 0.003, 0, 0.003, 0.002, 0.003, 0, 0.003, 0.001, 0.002
Node_WOR1_WOR3_0, 0.001, 0, 0.01, 0.006, 0.001, 0, 0.001, 0, 0.004
Node_WOR1_WOR6_0, 0.007, 0, 0.003, 0.008, 0.007, 0, 0.007, 0.002, 0.007
Node_WOR2_WOR4_0, 0.001, 0, 0.006, 0.005, 0.001, 0, 0.001, 0.001, 0.004
Node_WOR6_WOR7_0, 0.061, 0, 0.007, 0.03, 0.061, 0, 0.061, 0.004, 0.061
Node_Wall1_Fuso2_0, 0.01, 0, 0.041, 0.019, 0.01, 0.001, 0.01, 0.01, 0.001
Node_Wall1_Muir1_0, 0.004, 0, 0.004, 0.008, 0.004, 0, 0.004, 0, 0.006
Node_Wall1_Rifl1_0, 0.002, 0, 0.008, 0.004, 0.002, 0, 0.002, 0.002, 0
Node_Wall1_Syne1_0, 0.049, 0.002, 0.161, 0.069, 0.049, 0, 0.049, 0.048, 0
Node_Zixi2_Zixi1_0, 0.004, 0, 0.011, 0.013, 0.004, 0, 0.004, 0.003, 0.009
Node_Zixi4_Zixi2_0, 0.006, 0, 0.002, 0.005, 0.006, 0, 0.006, 0, 0.008
Node_Zixi4_Zixi3_0, 0.006, 0.001, 0.016, 0.016, 0.006, 0, 0.006, 0, 0.015
Node_Zixi5_Late2_0, 0, 0, 0.005, 0.006, 0, 0, 0, 0, 0.002
Node_Zixi5_TA06A1_0, 0.002, 0, 0.003, 0.007, 0.002, 0, 0.002, 0.001, 0.004
Node_Zixi5_UBP14X1_0, 0.001, 0, 0.002, 0.004, 0.001, 0, 0.001, 0, 0.003
Node_Zixi5_Zixi4_0, 0, 0, 0.005, 0.004, 0, 0, 0, 0, 0.003
Node_chloroArabidopsis_chloroBryophyte_0, 0.007, 0, 0.017, 0.018, 0.007, 0, 0.007, 0, 0.022
Node_chloroArabidopsis_chloroChlorophyta_0, 0.002, 0, 0.01, 0.014, 0.002, 0, 0.002, 0, 0.01
Node_chloroArabidopsis_chloroLycophyte_0, 0.002, 0, 0.018, 0.02, 0.002, 0, 0.002, 0, 0.013
Node_chloroArabidopsis_chloroRedAlgae_0, 0.002, 0, 0.01, 0.012, 0.002, 0, 0.002, 0, 0.009
Node_mitoAnnelida_mitoChelicerate_0, 0.01, 0, 0.017, 0.023, 0.009, 0, 0.01, 0.001, 0.023
Node_mitoAnnelida_mitoMollusc_0, 0.005, 0, 0.019, 0.021, 0.005, 0, 0.005, 0.004, 0.014
Node_mitoAnnelida_mitoPriapulid_0, 0.01, 0, 0.022, 0.024, 0.01, 0, 0.01, 0.001, 0.022
Node_mitoArabidopsis_mitoLycophyte_0, 0.009, 0.001, 0.024, 0.026, 0.009, 0, 0.009, 0.001, 0.02
Node_mitoBryophyte_mitoArabidopsis_0, 0.012, 0, 0.017, 0.02, 0.012, 0, 0.012, 0.003, 0.021
Node_mitoBryophyte_mitoChlorophyta_0, 0.008, 0, 0.008, 0.012, 0.008, 0, 0.008, 0.001, 0.012
Node_mitoBryophyte_mitoExcavata_0, 0.004, 0, 0.012, 0.01, 0.004, 0, 0.004, 0.002, 0.006
Node_mitoBryophyte_mitoParamecium_0, 0.002, 0, 0.007, 0.005, 0.002, 0, 0.002, 0.001, 0.005
Node_mitoBryophyte_mitoRedAlgae_0, 0.004, 0, 0.01, 0.015, 0.004, 0, 0.004, 0, 0.012
Node_mitoChelicerate_mitoInsect_0, 0.007, 0, 0.026, 0.029, 0.007, 0, 0.007, 0.001, 0.023
Node_mitoFungi_mitoAnnelida_0, 0.004, 0, 0.012, 0.012, 0.004, 0, 0.004, 0.002, 0.006
Node_mitoFungi_mitoBryophyte_0, 0.01, 0, 0.028, 0.016, 0.01, 0, 0.01, 0.006, 0.007
OLB1X1, 0, 0, 0.023, 0.025, 0, 0, 0, 0, 0.011
Omni2, 1, 0, 0.033, 0.039, 1, 0, 1, 0.999, 0.021
Omni3, 0, 0, 0.267, 0.104, 0, 0, 0, 0, 0.014
Omni4, 1, 0, 0.027, 0.024, 1, 0, 1, 1, 0.015
Omni6, 1, 0.005, 0.035, 0.346, 1, 0, 1, 0.348, 0.671
Omni7, 0, 0.001, 0.349, 0.177, 0, 0, 0, 0, 0.01
Omni8, 0, 0, 0.375, 0.236, 0, 0, 0, 0, 0.016
P4572X1, 0, 0, 0.012, 0.017, 0, 0, 0, 0, 0.012
Pate1, 0, 0, 0.028, 0.035, 0, 0, 0, 0, 0.026
Pate10, 0, 0, 0.024, 0.027, 0, 0, 0, 0, 0.02
Pate11, 0, 0, 0.026, 0.033, 0, 0, 0, 0, 0.022
Pate12, 0, 0, 0.033, 0.039, 0, 0, 0, 0, 0.031
Pate13, 0, 0, 0.021, 0.026, 0, 0, 0, 0, 0.018
Pate14, 0, 0, 0.024, 0.027, 0, 0, 0, 0, 0.018
Pate15, 0, 0, 0.023, 0.024, 0, 0, 0, 0, 0.013
Pate17, 0, 0, 0.023, 0.031, 0, 0, 0, 0, 0.023
Pate18, 0, 0, 0.027, 0.031, 0, 0, 0, 0, 0.017
Pate19, 0, 0, 0.025, 0.031, 0, 0, 0, 0, 0.022
Pate21, 0, 0, 0.019, 0.023, 0, 0, 0, 0, 0.017
Pate22, 0, 0, 0.021, 0.027, 0, 0, 0, 0, 0.021
Pate23, 0, 0, 0.028, 0.039, 0, 0, 0, 0, 0.027
Pate24, 0, 0, 0.026, 0.026, 0, 0, 0, 0, 0.019
Pate25, 0, 0, 0.029, 0.037, 0, 0, 0, 0, 0.027
Pate26, 0, 0, 0.024, 0.027, 0, 0, 0, 0, 0.022
Pate27, 0, 0, 0.026, 0.025, 0, 0, 0, 0, 0.02
Pate28, 0, 0, 0.025, 0.029, 0, 0, 0, 0, 0.023
Pate29, 0, 0, 0.03, 0.033, 0, 0, 0, 0, 0.02
Pate3, 0, 0, 0.022, 0.027, 0, 0, 0, 0, 0.021
Pate30, 0, 0, 0.022, 0.026, 0, 0, 0, 0, 0.022
Pate31, 0, 0, 0.023, 0.023, 0, 0, 0, 0, 0.016
Pate32, 0, 0, 0.022, 0.029, 0, 0, 0, 0, 0.021
Pate33, 0, 0.001, 0.025, 0.033, 0, 0, 0, 0, 0.02
Pate34, 0, 0, 0.026, 0.03, 0, 0, 0, 0, 0.023
Pate35, 0, 0, 0.023, 0.027, 0, 0, 0, 0, 0.017
Pate36, 0, 0, 0.019, 0.02, 0, 0, 0, 0, 0.015
Pate37, 0, 0, 0.032, 0.039, 0, 0, 0, 0, 0.029
Pate38, 0, 0, 0.03, 0.031, 0, 0, 0, 0, 0.02
Pate39, 0, 0, 0.025, 0.03, 0, 0, 0, 0, 0.018
Pate4, 0, 0.001, 0.034, 0.037, 0, 0, 0, 0, 0.03
Pate40, 0, 0, 0.024, 0.033, 0, 0, 0, 0, 0.022
Pate41, 0, 0, 0.015, 0.014, 0, 0, 0, 0, 0.013
Pate43, 0, 0, 0.021, 0.027, 0, 0, 0, 0, 0.018
Pate44, 0, 0, 0.027, 0.032, 0, 0, 0, 0, 0.023
Pate45, 0, 0, 0.017, 0.019, 0, 0, 0, 0, 0.013
Pate46, 0, 0, 0.021, 0.024, 0, 0, 0, 0, 0.018
Pate48, 0, 0, 0.019, 0.025, 0, 0, 0, 0, 0.015
Pate49, 0, 0, 0.029, 0.04, 0, 0, 0, 0, 0.027
Pate5, 0, 0, 0.024, 0.031, 0, 0, 0, 0, 0.021
Pate50, 0, 0, 0.02, 0.028, 0, 0, 0, 0, 0.018
Pate51, 0, 0, 0.025, 0.029, 0, 0, 0, 0, 0.019
Pate52, 0, 0, 0.027, 0.03, 0, 0, 0, 0, 0.022
Pate53, 0, 0, 0.014, 0.015, 0, 0, 0, 0, 0.012
Pate54, 0, 0, 0.02, 0.024, 0, 0, 0, 0, 0.013
Pate55, 0, 0, 0.017, 0.019, 0, 0, 0, 0, 0.015
Pate56, 0, 0, 0.021, 0.03, 0, 0, 0, 0, 0.021
Pate57, 0, 0, 0.021, 0.025, 0, 0, 0, 0, 0.018
Pate6, 0, 0, 0.023, 0.022, 0, 0, 0, 0, 0.017
Pate7, 0, 0, 0.027, 0.031, 0, 0, 0, 0, 0.026
Pate8, 0, 0, 0.021, 0.03, 0, 0, 0, 0, 0.021
Pate9, 0, 0, 0.019, 0.02, 0, 0, 0, 0, 0.015
Plan12, 0, 0, 0.027, 0.018, 0, 0, 0, 0, 0.009
Plan14, 1, 0.001, 0.023, 0.17, 1, 0, 1, 0.187, 0.828
Plan16, 1, 0.008, 0.078, 0.793, 1, 0, 1, 0.751, 0.258
Plan17, 0, 0, 0.023, 0.018, 0, 0, 0, 0, 0.016
Plan18, 0, 0.001, 0.037, 0.039, 0, 0, 0, 0, 0.025
Plan2, 0, 0, 0.271, 0.141, 0, 0, 0, 0, 0.014
Plan21, 0, 0, 0.028, 0.03, 0, 0, 0, 0, 0.021
Plan22, 1, 0.003, 0.047, 0.235, 1, 0, 1, 0.223, 0.787
Plan23, 0, 0, 0.021, 0.023, 0, 0, 0, 0, 0.014
Plan26, 0, 0, 0.019, 0.026, 0, 0, 0, 0, 0.016
Plan27, 2, 0.001, 0.019, 0.311, 1, 0, 2, 0.022, 1.996
Plan3, 0, 0, 0.042, 0.035, 0, 0, 0, 0, 0.02
Plan30, 0, 0, 0.2, 0.055, 0, 0, 0, 0, 0.006
Plan31, 0, 0, 0.014, 0.015, 0, 0, 0, 0, 0.011
Plan32, 0, 0, 0.033, 0.029, 0, 0, 0, 0, 0.015
Plan33, 0, 0, 0.061, 0.052, 0, 0, 0, 0, 0.024
Plan39, 0, 0, 0.02, 0.03, 0, 0, 0, 0, 0.014
Plan4, 1, 0.003, 0.079, 0.33, 1, 0, 1, 0.207, 0.807
Plan40, 0, 0.001, 0.799, 0.454, 0, 0, 0, 0, 0.018
Plan42, 1, 0.005, 0.043, 0.443, 1, 0, 1, 0.754, 0.258
Plan43, 1, 0.014, 0.468, 1.537, 1, 0, 1, 0.46, 0.542
Plan44, 1, 0.001, 0.034, 0.407, 1, 0, 1, 0.013, 0.996
Plan5, 0, 0, 0.022, 0.03, 0, 0, 0, 0, 0.019
Plan7, 0, 0, 0.085, 0.052, 0, 0, 0, 0, 0.018
Pori1, 0, 0, 0.025, 0.026, 0, 0, 0, 0, 0.019
Pori2, 0, 0, 0.019, 0.022, 0, 0, 0, 0, 0.013
ProtA10, 0, 0, 0.61, 0.024, 0, 0, 0, 0, 0.011
ProtA11, 1, 0.015, 0.039, 1.097, 1, 0, 1, 0.978, 0.016
ProtA12, 0, 0, 0.02, 0.022, 0, 0, 0, 0, 0.016
ProtA13, 1, 0.001, 0.992, 0.033, 1, 0, 1, 0.03, 0.981
ProtA14, 1, 0.014, 0.235, 0.695, 1, 0, 1, 0.962, 0.037
ProtA15, 0, 0.001, 0.525, 0.06, 0, 0, 0, 0, 0.013
ProtA16, 0, 0, 0.098, 0.053, 0, 0, 0, 0, 0.016
ProtA18, 1, 0, 0.031, 0.088, 1, 0, 1, 0.585, 0.432
ProtA19, 0, 0, 0.564, 0.126, 0, 0, 0, 0, 0.01
ProtA2, 1, 0, 0.647, 0.242, 1, 0, 1, 0.053, 0.958
ProtA20, 0, 0, 0.028, 0.026, 0, 0, 0, 0, 0.014
ProtA21, 0, 0, 0.025, 0.03, 0, 0, 0, 0, 0.015
ProtA24, 1, 0.007, 0.043, 1.011, 1, 0, 1, 0.97, 0.034
ProtA26, 0, 0, 0.029, 0.029, 0, 0, 0, 0, 0.021
ProtA27, 0, 0, 0.026, 0.023, 0, 0, 0, 0, 0.016
ProtA29, 1, 0.001, 0.579, 0.096, 1, 0, 1, 0.034, 0.972
ProtA3, 0, 0, 0.246, 0.111, 0, 0, 0, 0, 0.023
ProtA30, 0, 0, 0.019, 0.027, 0, 0, 0, 0, 0.014
ProtA31, 1, 0.005, 0.714, 0.555, 1, 0, 1, 0.377, 0.634
ProtA32, 1, 0, 0.03, 0.028, 1, 0, 1, 0.996, 0.022
ProtA33, 0, 0, 0.067, 0.049, 0, 0, 0, 0, 0.014
ProtA34, 1, 0, 0.047, 0.046, 1, 0, 1, 1, 0.014
ProtA35, 0, 0, 0.022, 0.027, 0, 0, 0, 0, 0.017
ProtA36, 0, 0, 0.015, 0.013, 0, 0, 0, 0, 0.01
ProtA37, 0, 0, 0.022, 0.024, 0, 0, 0, 0, 0.014
ProtA38, 0, 0, 0.485, 0.052, 0, 0, 0, 0, 0.013
ProtA39, 0, 0, 0.02, 0.021, 0, 0, 0, 0, 0.015
ProtA40, 1, 0, 1.135, 0.312, 1, 0, 1, 0.243, 0.765
ProtA41, 1, 0, 0.051, 0.06, 1, 0, 1, 0.434, 0.579
ProtA42, 1, 0.001, 0.041, 0.098, 1, 0, 1, 0.492, 0.529
ProtA43, 1, 0, 0.041, 0.025, 1, 0, 1, 1, 0.008
ProtA44, 0, 0, 0.018, 0.019, 0, 0, 0, 0, 0.015
ProtA45, 1, 0.002, 0.039, 0.197, 1, 0, 1, 0.007, 1.006
ProtA46, 0, 0, 0.044, 0.033, 0, 0, 0, 0, 0.012
ProtA47, 4, 0.923, 0.034, 0.208, 1, 0, 4, 2.115, 0.512
ProtA48, 1, 0.012, 1.084, 1.069, 1, 0, 1, 0.918, 0.079
ProtA49, 1, 0.005, 0.035, 0.407, 1, 0, 1, 0.535, 0.476
ProtA5, 0, 0, 0.029, 0.028, 0, 0, 0, 0, 0.015
ProtA50, 1, 0.001, 0.405, 0.205, 1, 0, 1, 0.29, 0.722
ProtA51, 1, 0.003, 0.078, 0.336, 1, 0, 1, 0.726, 0.286
ProtA52, 1, 0.002, 0.14, 0.272, 1, 0, 1, 0.475, 0.534
ProtA53, 1, 0.003, 0.437, 0.22, 1, 0, 1, 0.609, 0.4
ProtA54, 0, 0, 0.013, 0.014, 0, 0, 0, 0, 0.009
ProtA55, 0, 0, 0.049, 0.042, 0, 0, 0, 0, 0.017
ProtA56, 1, 0.003, 0.502, 0.441, 1, 0, 1, 0.113, 0.895
ProtA57, 0, 0, 0.505, 0.058, 0, 0, 0, 0, 0.01
ProtA58, 1, 0.001, 0.614, 0.056, 1, 0, 1, 0.43, 0.579
ProtA60, 0, 0, 0.02, 0.019, 0, 0, 0, 0, 0.017
ProtA61, 1, 0.001, 0.051, 0.038, 1, 0, 1, 0.972, 0.04
ProtA62, 1, 0, 1.411, 0.603, 1, 0, 1, 0.976, 0.033
ProtA63, 1, 0, 1.613, 0.067, 1, 0, 1, 0.999, 0.014
ProtA64, 1, 0.008, 0.383, 0.641, 1, 0, 1, 0.286, 0.724
ProtA66, 1, 0.004, 0.027, 0.29, 1, 0, 1, 0.074, 0.941
ProtA67, 2, 0.227, 0.283, 0.7, 1, 0, 2, 0.972, 0.686
ProtA68, 1, 0.004, 0.111, 0.561, 1, 0, 1, 0.598, 0.418
ProtA69, 1, 0.001, 0.312, 0.265, 1, 0, 1, 0.381, 0.629
ProtA7, 0, 0, 0.656, 0.289, 0, 0, 0, 0, 0.016
ProtA70, 1, 0.001, 0.029, 0.086, 1, 0, 1, 0.482, 0.533
ProtA71, 2, 0.003, 0.107, 0.309, 1, 0, 2, 1.625, 0.383
ProtA72, 1, 0, 0.079, 0.193, 1, 0, 1, 0.153, 0.856
ProtA74, 0, 0, 0.466, 0.153, 0, 0, 0, 0, 0.013
ProtA75, 1, 0.014, 0.218, 1.221, 1, 0, 1, 0.93, 0.075
ProtA76, 1, 0, 0.734, 0.332, 1, 0, 1, 1, 0.013
ProtA77, 0, 0, 0.798, 0.242, 0, 0, 0, 0, 0.009
ProtA8, 1, 0.003, 0.091, 0.238, 1, 0, 1, 0.281, 0.734
ProtA9, 0, 0, 0.015, 0.017, 0, 0, 0, 0, 0.012
ProtG1, 0, 0, 0.041, 0.036, 0, 0, 0, 0, 0.019
ProtG10, 2, 0.886, 0.051, 0.436, 1, 0, 2, 0.114, 0.818
ProtG11, 0, 0, 1.016, 0.418, 0, 0, 0, 0, 0.019
ProtG12, 0, 0, 0.046, 0.044, 0, 0, 0, 0, 0.026
ProtG13, 1, 0, 0.026, 0.026, 1, 0, 1, 1, 0.015
ProtG14, 0, 0, 0.084, 0.037, 0, 0, 0, 0, 0.015
ProtG15, 0, 0, 0.274, 0.107, 0, 0, 0, 0, 0.013
ProtG16, 0, 0, 0.024, 0.025, 0, 0, 0, 0, 0.015
ProtG17, 0, 0, 0.022, 0.022, 0, 0, 0, 0, 0.013
ProtG18, 0, 0, 0.167, 0.088, 0, 0, 0, 0, 0.022
ProtG19, 0, 0, 0.028, 0.029, 0, 0, 0, 0, 0.012
ProtG20, 0, 0, 0.023, 0.018, 0, 0, 0, 0, 0.015
ProtG21, 1, 0.004, 0.029, 0.474, 1, 0, 1, 0.131, 0.88
ProtG22, 1, 0.005, 0.024, 0.189, 1, 0, 1, 0.166, 0.843
ProtG24, 0, 0, 0.04, 0.034, 0, 0, 0, 0, 0.023
ProtG25, 0, 0, 0.177, 0.02, 0, 0, 0, 0, 0.01
ProtG26, 1, 0.006, 0.026, 0.45, 1, 0, 1, 0.244, 0.768
ProtG27, 0, 0, 0.023, 0.022, 0, 0, 0, 0, 0.015
ProtG28, 0, 0, 0.078, 0.04, 0, 0, 0, 0, 0.016
ProtG29, 0, 0, 0.019, 0.021, 0, 0, 0, 0, 0.014
ProtG3, 0, 0, 0.031, 0.039, 0, 0, 0, 0, 0.019
ProtG30, 0, 0, 0.026, 0.022, 0, 0, 0, 0, 0.01
ProtG31, 0, 0, 0.04, 0.033, 0, 0, 0, 0, 0.018
ProtG32, 0, 0, 0.265, 0.078, 0, 0, 0, 0, 0.013
ProtG33, 1, 0.001, 0.022, 0.236, 1, 0, 1, 0.307, 0.705
ProtG34, 0, 0, 0.241, 0.196, 0, 0, 0, 0, 0.013
ProtG35, 0, 0, 0.039, 0.035, 0, 0, 0, 0, 0.015
ProtG36, 0, 0, 0.025, 0.027, 0, 0, 0, 0, 0.017
ProtG37, 0, 0, 0.023, 0.025, 0, 0, 0, 0, 0.011
ProtG38, 0, 0, 0.231, 0.018, 0, 0, 0, 0, 0.011
ProtG39, 1, 0.005, 0.022, 0.516, 1, 0, 1, 0.255, 0.756
ProtG4, 0, 0, 0.043, 0.036, 0, 0, 0, 0, 0.022
ProtG40, 1, 0.004, 0.017, 0.158, 1, 0, 1, 0.228, 0.78
ProtG41, 0, 0.002, 0.256, 0.114, 0, 0, 0, 0, 0.021
ProtG42, 0, 0, 0.021, 0.023, 0, 0, 0, 0, 0.014
ProtG43, 0, 0, 0.021, 0.019, 0, 0, 0, 0, 0.012
ProtG44, 0, 0, 0.189, 0.04, 0, 0, 0, 0, 0.013
ProtG45, 0, 0, 0.068, 0.052, 0, 0, 0, 0, 0.014
ProtG46, 1, 0, 0.017, 0.026, 1, 0, 1, 0.217, 0.797
ProtG47, 0, 0, 0.018, 0.021, 0, 0, 0, 0, 0.017
ProtG48, 0, 0, 0.022, 0.022, 0, 0, 0, 0, 0.015
ProtG49, 0, 0, 0.025, 0.018, 0, 0, 0, 0, 0.008
ProtG5, 0, 0, 0.035, 0.031, 0, 0, 0, 0, 0.015
ProtG50, 1, 0.008, 0.097, 0.466, 1, 0, 1, 0.012, 1.008
ProtG51, 0, 0, 0.028, 0.025, 0, 0, 0, 0, 0.016
ProtG52, 2, 0, 0.021, 0.079, 1, 0, 2, 1.543, 0.476
ProtG53, 0, 0, 0.019, 0.025, 0, 0, 0, 0, 0.012
ProtG54, 0, 0, 0.033, 0.031, 0, 0, 0, 0, 0.015
ProtG55, 0, 0, 0.022, 0.017, 0, 0, 0, 0, 0.013
ProtG56, 1, 0.002, 0.527, 0.375, 1, 0, 1, 0.963, 0.051
ProtG57, 0, 0, 0.217, 0.081, 0, 0, 0, 0, 0.009
ProtG58, 1, 0, 0.032, 0.03, 1, 0, 1, 1, 0.013
ProtG59, 1, 0, 0.026, 0.029, 1, 0, 1, 1, 0.021
ProtG6, 0, 0, 0.026, 0.036, 0, 0, 0, 0, 0.019
ProtG60, 1, 0, 0.02, 0.023, 1, 0, 1, 0.998, 0.015
ProtG61, 1, 0, 0.013, 0.018, 1, 0, 1, 0.998, 0.008
ProtG62, 0, 0, 0.02, 0.024, 0, 0, 0, 0, 0.016
ProtG63, 1, 0, 0.445, 0.099, 1, 0, 1, 0.15, 0.864
ProtG64, 1, 0.002, 0.049, 0.347, 1, 0, 1, 0.085, 0.929
ProtG65, 1, 0.004, 0.013, 0.302, 1, 0, 1, 0.23, 0.778
ProtG66, 2, 1.009, 0.054, 1.025, 1, 0, 2, 0.003, 0.028
ProtG67, 1, 0, 0.168, 0.116, 1, 0, 1, 0.424, 0.587
ProtG68, 1, 0.012, 0.048, 0.539, 1, 0, 1, 0.98, 0.019
ProtG69, 0, 0, 0.246, 0.114, 0, 0, 0, 0, 0.015
ProtG7, 0, 0, 0.328, 0.132, 0, 0, 0, 0, 0.012
ProtG70, 0, 0, 0.019, 0.017, 0, 0, 0, 0, 0.012
ProtG71, 0, 0, 0.084, 0.041, 0, 0, 0, 0, 0.011
ProtG72, 0, 0, 0.075, 0.036, 0, 0, 0, 0, 0.009
ProtG73, 1, 0, 0.023, 0.024, 1, 0, 1, 1, 0.018
ProtG74, 0, 0, 0.017, 0.013, 0, 0, 0, 0, 0.01
ProtG75, 2, 0.009, 0.049, 0.696, 1, 0, 2, 0.032, 1.986
ProtG76, 0, 0, 0.02, 0.022, 0, 0, 0, 0, 0.015
ProtG77, 0, 0, 0.014, 0.016, 0, 0, 0, 0, 0.01
ProtG78, 0, 0, 0.194, 0.065, 0, 0, 0, 0, 0.009
ProtG79, 0, 0, 0.011, 0.012, 0, 0, 0, 0, 0.006
ProtG8, 0, 0, 0.02, 0.019, 0, 0, 0, 0, 0.008
ProtG80, 2, 0.006, 0.033, 0.578, 1, 0, 2, 0.195, 1.819
ProtG81, 0, 0, 0.018, 0.021, 0, 0, 0, 0, 0.013
ProtG82, 1, 0, 0.017, 0.032, 1, 0, 1, 0.976, 0.031
ProtG83, 1, 0, 0.554, 0.036, 1, 0, 1, 0.999, 0.009
ProtG84, 1, 0.003, 0.028, 0.247, 1, 0, 1, 0.978, 0.028
ProtG85, 0, 0, 0.996, 0.306, 0, 0, 0, 0, 0.014
ProtG86, 0, 0, 0.996, 0.026, 0, 0, 0, 0, 0.01
ProtG87, 0, 0, 0.021, 0.018, 0, 0, 0, 0, 0.009
ProtG88, 1, 0.04, 0.707, 3.168, 1, 0, 1, 0.737, 0.239
ProtG89, 1, 0, 0.019, 0.014, 1, 0, 1, 1, 0.008
ProtG9, 1, 0, 0.024, 0.042, 1, 0, 1, 0.163, 0.857
ProtG90, 0, 0, 0.031, 0.036, 0, 0, 0, 0, 0.013
ProtG91, 1, 0.005, 0.038, 0.374, 1, 0, 1, 0.968, 0.051
ProtM1, 0, 0, 0.031, 0.027, 0, 0, 0, 0, 0.012
ProtM2, 0, 0, 0.033, 0.032, 0, 0, 0, 0, 0.014
ProtM3, 1, 0.007, 0.025, 0.542, 1, 0, 1, 0.145, 0.865
ProtZ1, 1, 0, 0.027, 0.031, 1, 0, 1, 1, 0.017
ProtZ2, 1, 0, 0.144, 0.053, 1, 0, 1, 0.008, 0.999
ProtZ3, 1, 0, 0.029, 0.025, 1, 0, 1, 0.996, 0.02
ProtZ4, 1, 0.005, 0.026, 1.013, 1, 0, 1, 0.995, 0.011
ProtZ5, 0, 0, 0.084, 0.062, 0, 0, 0, 0, 0.027
RBG1, 0, 0, 0.028, 0.029, 0, 0, 0, 0, 0.019
Rifl1, 0, 0, 0.02, 0.026, 0, 0, 0, 0, 0.018
SAR3X1, 1, 0.004, 0.034, 0.364, 1, 0, 1, 0.149, 0.866
SAR3X2, 0, 0, 0.178, 0.068, 0, 0, 0, 0, 0.014
SLNR1, 0, 0, 0.019, 0.024, 0, 0, 0, 0, 0.017
SM23X1, 0, 0, 0.019, 0.02, 0, 0, 0, 0, 0.014
SZUA1, 0, 0, 0.032, 0.032, 0, 0, 0, 0, 0.023
SZUA2, 0, 0, 0.023, 0.023, 0, 0, 0, 0, 0.013
Sche1, 0, 0, 0.028, 0.025, 0, 0, 0, 0, 0.013
Spir10, 0, 0, 0.069, 0.051, 0, 0, 0, 0, 0.008
Spir11, 0, 0.002, 0.456, 0.191, 0, 0, 0, 0, 0.018
Spir12, 0, 0, 0.411, 0.175, 0, 0, 0, 0, 0.025
Spir13, 1, 0, 0.026, 0.022, 1, 0, 1, 0.997, 0.013
Spir15, 1, 0.002, 0.054, 0.05, 1, 0, 1, 0.963, 0.048
Spir2, 1, 0, 0.031, 0.038, 1, 0, 1, 0.997, 0.018
Spir3, 0, 0, 0.071, 0.052, 0, 0, 0, 0, 0.01
Spir4, 2, 0.005, 0.498, 1.259, 1, 0, 2, 0.337, 1.68
Spir8, 1, 0.006, 0.179, 0.593, 1, 0, 1, 0.347, 0.671
Spir9, 1, 0.013, 0.068, 1.009, 1, 0, 1, 0.95, 0.051
Sume1, 0, 0, 0.014, 0.015, 0, 0, 0, 0, 0.008
Syne1, 0, 0, 0.017, 0.015, 0, 0, 0, 0, 0.012
Syne10, 0, 0, 0.021, 0.019, 0, 0, 0, 0, 0.016
Syne2, 0, 0, 0.02, 0.02, 0, 0, 0, 0, 0.013
Syne3, 0, 0, 0.021, 0.023, 0, 0, 0, 0, 0.016
Syne4, 0, 0, 0.019, 0.025, 0, 0, 0, 0, 0.015
Syne5, 0, 0, 0.014, 0.015, 0, 0, 0, 0, 0.01
Syne6, 0, 0, 0.017, 0.02, 0, 0, 0, 0, 0.016
Syne7, 0, 0, 0.016, 0.017, 0, 0, 0, 0, 0.011
Syne8, 0, 0, 0.016, 0.019, 0, 0, 0, 0, 0.011
Syne9, 0, 0.001, 0.023, 0.024, 0, 0, 0, 0, 0.021
TA06A1, 0, 0, 0.017, 0.021, 0, 0, 0, 0, 0.015
TA06X1, 0, 0, 0.015, 0.016, 0, 0, 0, 0, 0.011
Therd1, 0, 0, 0.013, 0.014, 0, 0, 0, 0, 0.01
Therg2, 0, 0, 0.015, 0.013, 0, 0, 0, 0, 0.008
Therg3, 0, 0, 0.016, 0.018, 0, 0, 0, 0, 0.011
Therg4, 0, 0, 0.019, 0.018, 0, 0, 0, 0, 0.012
Therg5, 0, 0, 0.017, 0.019, 0, 0, 0, 0, 0.012
Therg6, 0, 0, 0.016, 0.016, 0, 0, 0, 0, 0.012
Therg8, 0, 0, 0.016, 0.016, 0, 0, 0, 0, 0.012
Thers1, 1, 0.004, 0.017, 0.349, 1, 0, 1, 0.003, 1.01
UBA1X1, 1, 0.009, 0.041, 0.441, 1, 0, 1, 0.311, 0.702
UBA1X2, 0, 0, 0.033, 0.029, 0, 0, 0, 0, 0.014
UBA1X3, 0, 0, 0.054, 0.036, 0, 0, 0, 0, 0.014
UBA1X4, 0, 0, 0.025, 0.03, 0, 0, 0, 0, 0.017
UBA1X5, 0, 0, 0.031, 0.029, 0, 0, 0, 0, 0.023
UBA1X6, 0, 0, 0.344, 0.157, 0, 0, 0, 0, 0.014
UBA2X1, 0, 0, 0.029, 0.026, 0, 0, 0, 0, 0.019
UBA6X1, 0, 0, 0.026, 0.025, 0, 0, 0, 0, 0.02
UBA9X1, 0, 0, 0.027, 0.025, 0, 0, 0, 0, 0.017
UBA9X2, 0, 0, 0.023, 0.027, 0, 0, 0, 0, 0.021
UBA9X3, 0, 0, 0.02, 0.029, 0, 0, 0, 0, 0.018
UBP13X1, 0, 0, 0.02, 0.03, 0, 0, 0, 0, 0.018
UBP14X1, 0, 0, 0.02, 0.029, 0, 0, 0, 0, 0.019
UBP4X1, 0, 0, 0.025, 0.029, 0, 0, 0, 0, 0.019
UBP6X1, 0, 0, 0.138, 0.089, 0, 0, 0, 0, 0.02
Verr10, 1, 0.003, 0.058, 0.326, 1, 0, 1, 0.385, 0.625
Verr11, 1, 0, 1.01, 0.182, 1, 0, 1, 0.166, 0.852
Verr12, 1, 0, 0.18, 0.053, 1, 0, 1, 0.987, 0.022
Verr13, 1, 0.001, 0.811, 0.248, 1, 0, 1, 0.168, 0.842
Verr14, 1, 0, 1.033, 0.058, 1, 0, 1, 0.111, 0.904
Verr2, 1, 0.013, 0.037, 0.876, 1, 0, 1, 0.98, 0.017
Verr3, 0, 0, 0.443, 0.15, 0, 0, 0, 0, 0.013
Verr4, 1, 0.005, 0.803, 0.51, 1, 0, 1, 0.25, 0.759
Verr5, 0, 0.002, 0.346, 0.307, 0, 0, 0, 0, 0.012
Verr6, 1, 0.005, 0.061, 0.354, 1, 0, 1, 0.282, 0.724
Verr7, 1, 0.004, 0.03, 0.72, 1, 0, 1, 0.989, 0.019
Verr8, 1, 0.008, 0.351, 0.698, 1, 0, 1, 0.324, 0.686
Verr9, 1, 0, 0.12, 0.036, 1, 0, 1, 0.988, 0.027
WOR1, 0, 0, 0.016, 0.018, 0, 0, 0, 0, 0.015
WOR2, 0, 0, 0.012, 0.014, 0, 0, 0, 0, 0.011
WOR3, 0, 0, 0.013, 0.013, 0, 0, 0, 0, 0.012
WOR4, 0, 0, 0.014, 0.023, 0, 0, 0, 0, 0.013
WOR6, 1, 0, 0.007, 0.244, 1, 0, 1, 0.06, 0.946
WOR7, 0, 0.001, 0.08, 0.047, 0, 0, 0, 0, 0.018
Wall1, 0, 0, 0.016, 0.016, 0, 0, 0, 0, 0.012
Zixi1, 0, 0, 0.012, 0.012, 0, 0, 0, 0, 0.008
Zixi2, 0, 0, 0.016, 0.016, 0, 0, 0, 0, 0.012
Zixi3, 0, 0, 0.018, 0.015, 0, 0, 0, 0, 0.012
Zixi4, 0, 0, 0.013, 0.013, 0, 0, 0, 0, 0.007
Zixi5, 0, 0, 0.014, 0.016, 0, 0, 0, 0, 0.014
chloroArabidopsis, 0, 0, 0.009, 0.014, 0, 0, 0, 0, 0.007
chloroBryophyte, 0, 0, 0.019, 0.023, 0, 0, 0, 0, 0.012
chloroChlorophyta, 0, 0, 0.02, 0.022, 0, 0, 0, 0, 0.018
chloroLycophyte, 0, 0, 0.02, 0.023, 0, 0, 0, 0, 0.018
chloroRedAlgae, 0, 0, 0.021, 0.028, 0, 0, 0, 0, 0.019
mitoAnnelida, 0, 0, 0.019, 0.028, 0, 0, 0, 0, 0.014
mitoArabidopsis, 0, 0.001, 0.03, 0.033, 0, 0, 0, 0, 0.02
mitoBryophyte, 0, 0, 0.026, 0.025, 0, 0, 0, 0, 0.014
mitoChelicerate, 0, 0, 0.016, 0.018, 0, 0, 0, 0, 0.009
mitoChlorophyta, 0, 0, 0.016, 0.018, 0, 0, 0, 0, 0.008
mitoExcavata, 0, 0, 0.012, 0.013, 0, 0, 0, 0, 0.008
mitoFungi, 0, 0, 0.021, 0.02, 0, 0, 0, 0, 0.017
mitoInsect, 0, 0, 0.015, 0.014, 0, 0, 0, 0, 0.008
mitoLycophyte, 0, 0, 0.024, 0.025, 0, 0, 0, 0, 0.015
mitoMollusc, 0, 0, 0.019, 0.023, 0, 0, 0, 0, 0.014
mitoParamecium, 0, 0, 0.017, 0.02, 0, 0, 0, 0, 0.015
mitoPriapulid, 0, 0, 0.021, 0.017, 0, 0, 0, 0, 0.011
mitoRedAlgae, 0, 0, 0.023, 0.022, 0, 0, 0, 0, 0.019
