species_label, speciations, duplications, losses, transfers, presence, origination, copies, singletons, transfers_to
AABM5X1, 0, 0, 0.252, 0.097, 0, 0, 0, 0, 0.013
AABM5X2, 1, 0, 0.045, 0.255, 1, 0, 1, 0.207, 0.806
AABM5X3, 1, 0.004, 0.041, 0.373, 1, 0, 1, 0.193, 0.819
Abys1, 1, 0.004, 0.876, 0.71, 1, 0, 1, 0.12, 0.892
Acid1, 0, 0, 0.029, 0.029, 0, 0, 0, 0, 0.019
Acid10, 1, 0, 0.025, 0.065, 1, 0, 1, 0.763, 0.256
Acid11, 1, 0.001, 0.185, 0.101, 1, 0, 1, 0.169, 0.84
Acid12, 1, 0.003, 0.03, 0.336, 1, 0, 1, 0.199, 0.818
Acid13, 0, 0, 0.222, 0.081, 0, 0, 0, 0, 0.013
Acid14, 0, 0, 0.022, 0.023, 0, 0, 0, 0, 0.012
Acid16, 0, 0, 0.134, 0.046, 0, 0, 0, 0, 0.014
Acid17, 0, 0, 0.026, 0.028, 0, 0, 0, 0, 0.016
Acid18, 1, 0.005, 0.043, 0.524, 1, 0, 1, 0.224, 0.793
Acid2, 0, 0, 0.269, 0.1, 0, 0, 0, 0, 0.024
Acid20, 0, 0, 0.022, 0.022, 0, 0, 0, 0, 0.017
Acid21, 0, 0, 0.02, 0.016, 0, 0, 0, 0, 0.014
Acid22, 1, 0, 0.032, 0.039, 1, 0, 1, 0.767, 0.244
Acid23, 0, 0, 0.064, 0.027, 0, 0, 0, 0, 0.009
Acid24, 0, 0, 0.07, 0.03, 0, 0, 0, 0, 0.017
Acid25, 0, 0, 0.02, 0.021, 0, 0, 0, 0, 0.014
Acid26, 0, 0, 0.024, 0.028, 0, 0, 0, 0, 0.019
Acid27, 0, 0, 0.023, 0.018, 0, 0, 0, 0, 0.012
Acid28, 1, 0.003, 0.027, 0.203, 1, 0, 1, 0.245, 0.769
Acid29, 0, 0, 0.029, 0.026, 0, 0, 0, 0, 0.018
Acid3, 0, 0, 0.025, 0.025, 0, 0, 0, 0, 0.015
Acid30, 0, 0, 0.022, 0.021, 0, 0, 0, 0, 0.017
Acid31, 1, 0.001, 0.19, 0.315, 1, 0, 1, 0.168, 0.845
Acid32, 0, 0, 0.021, 0.019, 0, 0, 0, 0, 0.016
Acid33, 1, 0.002, 0.013, 0.221, 1, 0, 1, 0.231, 0.776
Acid34, 0, 0, 0.049, 0.035, 0, 0, 0, 0, 0.02
Acid35, 0, 0, 0.054, 0.041, 0, 0, 0, 0, 0.011
Acid36, 0, 0, 0.02, 0.02, 0, 0, 0, 0, 0.011
Acid37, 0, 0, 0.019, 0.021, 0, 0, 0, 0, 0.014
Acid38, 0, 0, 0.02, 0.019, 0, 0, 0, 0, 0.011
Acid39, 0, 0, 0.053, 0.031, 0, 0, 0, 0, 0.01
Acid4, 0, 0, 0.047, 0.044, 0, 0, 0, 0, 0.017
Acid40, 0, 0, 0.022, 0.023, 0, 0, 0, 0, 0.017
Acid5, 0, 0, 0.032, 0.026, 0, 0, 0, 0, 0.013
Acid6, 0, 0, 0.266, 0.066, 0, 0, 0, 0, 0.011
Acid7, 0, 0, 0.025, 0.023, 0, 0, 0, 0, 0.015
Acid8, 1, 0.002, 0.357, 0.506, 1, 0, 1, 0.194, 0.822
Acid9, 1, 0.003, 0.052, 0.303, 1, 0, 1, 0.392, 0.617
Acti10, 1, 0, 0.018, 0.021, 1, 0, 1, 0.985, 0.026
Acti11, 1, 0, 0.219, 0.051, 1, 0, 1, 0.003, 1.017
Acti12, 0, 0, 0.023, 0.025, 0, 0, 0, 0, 0.016
Acti13, 1, 0, 0.022, 0.023, 1, 0, 1, 1, 0.018
Acti14, 1, 0.002, 0.032, 1.014, 1, 0, 1, 0.991, 0.02
Acti15, 1, 0, 0.013, 0.062, 1, 0, 1, 0.036, 0.972
Acti16, 1, 0, 0.031, 0.03, 1, 0, 1, 0.999, 0.021
Acti18, 1, 0, 0.03, 0.034, 1, 0, 1, 0.998, 0.02
Acti19, 1, 0, 0.01, 0.01, 1, 0, 1, 0.999, 0.007
Acti2, 0, 0, 0.033, 0.033, 0, 0, 0, 0, 0.022
Acti20, 0, 0, 0.885, 0.31, 0, 0, 0, 0, 0.022
Acti21, 0, 0, 0.021, 0.02, 0, 0, 0, 0, 0.014
Acti22, 1, 0.001, 0.023, 0.079, 1, 0, 1, 0.195, 0.82
Acti23, 0, 0, 1.01, 0.012, 0, 0, 0, 0, 0.007
Acti24, 0, 0, 0.022, 0.019, 0, 0, 0, 0, 0.014
Acti25, 1, 0, 0.054, 0.267, 1, 0, 1, 0.22, 0.792
Acti26, 0, 0, 0.065, 0.025, 0, 0, 0, 0, 0.013
Acti27, 0, 0, 0.034, 0.021, 0, 0, 0, 0, 0.008
Acti28, 2, 0.995, 0.032, 1.007, 1, 0, 2, 0.017, 0.018
Acti29, 0, 0, 0.024, 0.02, 0, 0, 0, 0, 0.009
Acti3, 0, 0, 1.01, 0.029, 0, 0, 0, 0, 0.018
Acti30, 0, 0, 0.051, 0.037, 0, 0, 0, 0, 0.013
Acti31, 0, 0, 0.199, 0.068, 0, 0, 0, 0, 0.012
Acti32, 0, 0, 0.025, 0.022, 0, 0, 0, 0, 0.016
Acti33, 1, 0.005, 0.026, 0.382, 1, 0, 1, 0.191, 0.824
Acti34, 0, 0, 0.2, 0.032, 0, 0, 0, 0, 0.018
Acti35, 0, 0, 0.21, 0.094, 0, 0, 0, 0, 0.013
Acti36, 0, 0, 0.019, 0.017, 0, 0, 0, 0, 0.01
Acti37, 0, 0, 0.028, 0.023, 0, 0, 0, 0, 0.011
Acti38, 0, 0, 0.026, 0.025, 0, 0, 0, 0, 0.021
Acti39, 0, 0, 0.772, 0.073, 0, 0, 0, 0, 0.025
Acti4, 0, 0, 0.735, 0.029, 0, 0, 0, 0, 0.015
Acti40, 1, 0, 0.028, 0.021, 1, 0, 1, 0.997, 0.016
Acti41, 1, 0, 0.022, 0.018, 1, 0, 1, 0.009, 1
Acti42, 1, 0, 0.02, 0.02, 1, 0, 1, 0.998, 0.016
Acti43, 0, 0, 0.02, 0.015, 0, 0, 0, 0, 0.011
Acti44, 0, 0, 0.021, 0.019, 0, 0, 0, 0, 0.015
Acti45, 0, 0, 0.022, 0.016, 0, 0, 0, 0, 0.01
Acti46, 0, 0, 0.032, 0.021, 0, 0, 0, 0, 0.01
Acti47, 0, 0, 0.02, 0.019, 0, 0, 0, 0, 0.008
Acti48, 0, 0, 0.026, 0.027, 0, 0, 0, 0, 0.021
Acti49, 0, 0, 0.018, 0.016, 0, 0, 0, 0, 0.009
Acti5, 0, 0, 0.019, 0.017, 0, 0, 0, 0, 0.016
Acti50, 1, 0, 0.038, 0.037, 1, 0, 1, 0.997, 0.019
Acti51, 0, 0, 0.043, 0.042, 0, 0, 0, 0, 0.017
Acti52, 0, 0, 0.024, 0.023, 0, 0, 0, 0, 0.018
Acti6, 1, 0, 0.029, 0.032, 1, 0, 1, 0.996, 0.019
Acti7, 1, 0.002, 0.039, 0.927, 1, 0, 1, 0.975, 0.038
Acti8, 0, 0, 0.022, 0.026, 0, 0, 0, 0, 0.014
Acti9, 0, 0, 0.031, 0.03, 0, 0, 0, 0, 0.016
Aero1, 0, 0, 0.04, 0.033, 0, 0, 0, 0, 0.019
Aqui1, 1, 0.006, 0.032, 1.009, 1, 0, 1, 0.99, 0.016
Aqui2, 1, 0, 0.039, 0.038, 1, 0, 1, 0.99, 0.029
Aqui3, 1, 0, 0.187, 0.121, 1, 0, 1, 0.008, 0.999
Aqui4, 0, 0, 0.022, 0.021, 0, 0, 0, 0, 0.016
Aqui5, 0, 0, 0.194, 0.033, 0, 0, 0, 0, 0.013
Aqui6, 0, 0, 0.016, 0.014, 0, 0, 0, 0, 0.01
Arma11, 1, 0.009, 1.211, 0.681, 1, 0, 1, 0.54, 0.459
Arma12, 1, 0.004, 1.019, 0.658, 1, 0, 1, 0.619, 0.394
Arma13, 0, 0, 0.028, 0.024, 0, 0, 0, 0, 0.014
Arma14, 1, 0, 0.05, 0.035, 1, 0, 1, 1, 0.018
Arma15, 0, 0, 0.027, 0.024, 0, 0, 0, 0, 0.013
Arma16, 1, 0.002, 0.045, 0.396, 1, 0, 1, 0.425, 0.589
Arma3, 1, 0.001, 0.481, 0.289, 1, 0, 1, 0.126, 0.899
Arma4, 1, 0, 0.046, 0.037, 1, 0, 1, 1, 0.014
Arma6, 0, 0, 0.025, 0.016, 0, 0, 0, 0, 0.011
Arma7, 1, 0, 0.668, 0.494, 1, 0, 1, 0.968, 0.047
Arma9, 0, 0, 0.081, 0.051, 0, 0, 0, 0, 0.016
Aure1, 0, 0, 0.031, 0.027, 0, 0, 0, 0, 0.017
Aure2, 0, 0, 0.028, 0.028, 0, 0, 0, 0, 0.014
Aure3, 0, 0, 0.08, 0.059, 0, 0, 0, 0, 0.013
B130X1, 0, 0, 0.624, 0.23, 0, 0, 0, 0, 0.012
BMS3X1, 0, 0.002, 0.686, 0.439, 0, 0, 0, 0, 0.017
Bact1, 0, 0, 0.031, 0.038, 0, 0, 0, 0, 0.018
Bact10, 0, 0, 0.022, 0.021, 0, 0, 0, 0, 0.014
Bact11, 0, 0, 0.031, 0.022, 0, 0, 0, 0, 0.018
Bact12, 0, 0, 0.019, 0.018, 0, 0, 0, 0, 0.013
Bact13, 0, 0, 0.017, 0.016, 0, 0, 0, 0, 0.009
Bact14, 0, 0, 0.028, 0.029, 0, 0, 0, 0, 0.022
Bact16, 0, 0, 0.017, 0.02, 0, 0, 0, 0, 0.012
Bact17, 0, 0, 0.03, 0.026, 0, 0, 0, 0, 0.017
Bact18, 0, 0, 0.023, 0.021, 0, 0, 0, 0, 0.018
Bact19, 1, 0.003, 0.027, 0.423, 1, 0, 1, 0.235, 0.781
Bact2, 0, 0, 0.019, 0.019, 0, 0, 0, 0, 0.016
Bact20, 0, 0, 0.241, 0.061, 0, 0, 0, 0, 0.012
Bact21, 0, 0, 0.011, 0.008, 0, 0, 0, 0, 0.007
Bact22, 0, 0, 0.021, 0.017, 0, 0, 0, 0, 0.014
Bact23, 0, 0, 0.012, 0.012, 0, 0, 0, 0, 0.01
Bact24, 0, 0, 0.015, 0.017, 0, 0, 0, 0, 0.008
Bact25, 0, 0, 0.024, 0.017, 0, 0, 0, 0, 0.013
Bact27, 0, 0, 0.053, 0.023, 0, 0, 0, 0, 0.007
Bact28, 0, 0, 0.021, 0.023, 0, 0, 0, 0, 0.019
Bact29, 0, 0, 0.025, 0.026, 0, 0, 0, 0, 0.017
Bact3, 0, 0, 0.019, 0.026, 0, 0, 0, 0, 0.013
Bact30, 1, 0, 0.032, 0.035, 1, 0, 1, 0.999, 0.021
Bact31, 0, 0, 0.027, 0.028, 0, 0, 0, 0, 0.019
Bact32, 1, 0, 0.019, 0.018, 1, 0, 1, 1, 0.008
Bact33, 0, 0, 0.015, 0.012, 0, 0, 0, 0, 0.01
Bact34, 0, 0, 0.018, 0.018, 0, 0, 0, 0, 0.012
Bact35, 0, 0, 0.05, 0.027, 0, 0, 0, 0, 0.013
Bact36, 0, 0, 0.031, 0.034, 0, 0, 0, 0, 0.023
Bact37, 0, 0, 0.015, 0.017, 0, 0, 0, 0, 0.01
Bact38, 0, 0, 0.021, 0.024, 0, 0, 0, 0, 0.013
Bact39, 0, 0, 0.014, 0.018, 0, 0, 0, 0, 0.009
Bact4, 0, 0, 0.025, 0.03, 0, 0, 0, 0, 0.022
Bact40, 1, 0, 0.016, 0.085, 1, 0, 1, 0.186, 0.827
Bact41, 0, 0, 0.198, 0.041, 0, 0, 0, 0, 0.009
Bact42, 0, 0, 0.02, 0.021, 0, 0, 0, 0, 0.015
Bact43, 0, 0, 0.023, 0.024, 0, 0, 0, 0, 0.015
Bact44, 0, 0, 0.029, 0.027, 0, 0, 0, 0, 0.016
Bact5, 0, 0, 0.015, 0.014, 0, 0, 0, 0, 0.01
Bact6, 0, 0, 0.013, 0.013, 0, 0, 0, 0, 0.009
Bact7, 0, 0, 0.02, 0.017, 0, 0, 0, 0, 0.012
Bact8, 0, 0, 0.028, 0.033, 0, 0, 0, 0, 0.02
Bact9, 0, 0, 0.019, 0.022, 0, 0, 0, 0, 0.011
Bdell10, 0, 0, 0.038, 0.039, 0, 0, 0, 0, 0.018
Bdell11, 0, 0, 0.024, 0.024, 0, 0, 0, 0, 0.017
Bdell12, 0, 0, 0.042, 0.036, 0, 0, 0, 0, 0.013
Bdell13, 0, 0, 0.147, 0.128, 0, 0, 0, 0, 0.013
Bdell14, 0, 0, 0.028, 0.027, 0, 0, 0, 0, 0.017
Bdell15, 0, 0, 0.025, 0.028, 0, 0, 0, 0, 0.016
Bdell16, 0, 0, 0.031, 0.037, 0, 0, 0, 0, 0.023
Bdell17, 0, 0, 0.021, 0.019, 0, 0, 0, 0, 0.013
Bdell2, 0, 0, 0.038, 0.025, 0, 0, 0, 0, 0.018
Bdell3, 0, 0, 0.049, 0.05, 0, 0, 0, 0, 0.02
Bdell4, 0, 0, 0.025, 0.021, 0, 0, 0, 0, 0.014
Bdell5, 0, 0, 0.024, 0.026, 0, 0, 0, 0, 0.017
Bdell6, 1, 0, 0.038, 0.214, 1, 0, 1, 0.213, 0.804
Bdell7, 0, 0, 0.021, 0.021, 0, 0, 0, 0, 0.014
Bdell9, 0, 0, 0.022, 0.025, 0, 0, 0, 0, 0.013
BdellC1, 0, 0, 0.103, 0.083, 0, 0, 0, 0, 0.021
BdellC2, 0, 0, 0.104, 0.085, 0, 0, 0, 0, 0.022
Bipo1, 0, 0.001, 0.039, 0.035, 0, 0, 0, 0, 0.018
Bipo2, 0, 0, 0.04, 0.036, 0, 0, 0, 0, 0.02
CG267X1, 0, 0.001, 0.047, 0.044, 0, 0, 0, 0, 0.02
CG294X1, 0, 0, 0.04, 0.031, 0, 0, 0, 0, 0.014
CSP1X1, 1, 0.004, 0.309, 0.616, 1, 0, 1, 0.657, 0.352
Calda1, 0, 0, 0.064, 0.05, 0, 0, 0, 0, 0.018
Calda2, 0, 0, 0.059, 0.046, 0, 0, 0, 0, 0.013
Caldit1, 1, 0, 0.025, 0.029, 1, 0, 1, 0.999, 0.017
Caldit2, 1, 0, 0.026, 0.028, 1, 0, 1, 0.999, 0.018
Caldit3, 1, 0, 0.195, 0.06, 1, 0, 1, 0.158, 0.858
Camp1, 0, 0, 0.115, 0.1, 0, 0, 0, 0, 0.015
Camp10, 0, 0, 1.443, 0.143, 0, 0, 0, 0, 0.009
Camp11, 1, 0.001, 1, 0.298, 1, 0, 1, 0.373, 0.646
Camp12, 0, 0, 1.36, 0.158, 0, 0, 0, 0, 0.017
Camp13, 2, 0.002, 0.846, 0.23, 1, 0, 2, 1.293, 0.72
Camp14, 0, 0, 0.053, 0.046, 0, 0, 0, 0, 0.012
Camp15, 0, 0, 0.057, 0.044, 0, 0, 0, 0, 0.016
Camp16, 0, 0, 1.097, 0.069, 0, 0, 0, 0, 0.012
Camp2, 2, 0, 0.208, 0.279, 1, 0, 2, 1.932, 0.084
Camp3, 0, 0, 0.109, 0.106, 0, 0, 0, 0, 0.009
Camp4, 2, 0.001, 0.024, 0.244, 1, 0, 2, 1.069, 0.938
Camp5, 2, 0, 0.023, 0.206, 1, 0, 2, 1.429, 0.589
Camp6, 0, 0, 1.582, 0.485, 0, 0, 0, 0, 0.012
Camp7, 1, 0.002, 0.107, 0.292, 1, 0, 1, 0.529, 0.483
Camp9, 2, 0.004, 0.027, 0.497, 1, 0, 2, 1.563, 0.453
Chlo10, 0, 0, 0.29, 0.114, 0, 0, 0, 0, 0.009
Chlo11, 0, 0.001, 0.213, 0.22, 0, 0, 0, 0, 0.019
Chlo12, 0, 0, 0.026, 0.02, 0, 0, 0, 0, 0.009
Chlo13, 0, 0, 0.765, 0.024, 0, 0, 0, 0, 0.009
Chlo14, 1, 0, 0.017, 0.127, 1, 0, 1, 0.783, 0.229
Chlo15, 0, 0, 0.03, 0.026, 0, 0, 0, 0, 0.018
Chlo16, 0, 0, 0.026, 0.027, 0, 0, 0, 0, 0.02
Chlo17, 0, 0, 0.02, 0.023, 0, 0, 0, 0, 0.016
Chlo18, 1, 0.003, 0.02, 0.284, 1, 0, 1, 0.831, 0.176
Chlo19, 0, 0, 0.023, 0.027, 0, 0, 0, 0, 0.014
Chlo20, 0, 0, 0.022, 0.021, 0, 0, 0, 0, 0.007
Chlo21, 0, 0, 0.036, 0.032, 0, 0, 0, 0, 0.018
Chlo22, 0, 0, 0.024, 0.026, 0, 0, 0, 0, 0.019
Chlo23, 0, 0, 0.041, 0.038, 0, 0, 0, 0, 0.017
Chlo24, 0, 0, 0.032, 0.03, 0, 0, 0, 0, 0.015
Chlo25, 0, 0, 0.032, 0.028, 0, 0, 0, 0, 0.018
Chlo26, 0, 0.001, 0.204, 0.224, 0, 0, 0, 0, 0.01
Chlo27, 1, 0.002, 0.085, 0.417, 1, 0, 1, 0.286, 0.733
Chlo28, 0, 0, 0.245, 0.075, 0, 0, 0, 0, 0.015
Chlo29, 0, 0, 0.069, 0.032, 0, 0, 0, 0, 0.016
Chlo30, 0, 0, 0.018, 0.015, 0, 0, 0, 0, 0.01
Chlo31, 0, 0, 0.026, 0.028, 0, 0, 0, 0, 0.012
Chlo32, 1, 0, 0.031, 0.304, 1, 0, 1, 0.123, 0.898
Chlo33, 0, 0, 0.077, 0.039, 0, 0, 0, 0, 0.016
Chlo34, 0, 0.001, 0.023, 0.021, 0, 0, 0, 0, 0.012
Chlo35, 0, 0, 0.028, 0.024, 0, 0, 0, 0, 0.01
Chlo36, 0, 0, 0.83, 0.042, 0, 0, 0, 0, 0.015
Chlo37, 0, 0, 0.024, 0.023, 0, 0, 0, 0, 0.016
Chlo38, 0, 0, 0.023, 0.021, 0, 0, 0, 0, 0.014
Chlo39, 0, 0, 0.028, 0.025, 0, 0, 0, 0, 0.017
Chlo4, 1, 0.002, 0.023, 0.315, 1, 0, 1, 0.168, 0.845
Chlo40, 1, 0, 0.028, 0.135, 1, 0, 1, 0.803, 0.213
Chlo41, 0, 0, 0.022, 0.021, 0, 0, 0, 0, 0.011
Chlo42, 0, 0, 0.02, 0.021, 0, 0, 0, 0, 0.01
Chlo43, 0, 0, 0.037, 0.024, 0, 0, 0, 0, 0.014
Chlo44, 0, 0, 0.016, 0.019, 0, 0, 0, 0, 0.012
Chlo45, 0, 0, 0.292, 0.117, 0, 0, 0, 0, 0.008
Chlo46, 1, 0.003, 0.043, 0.53, 1, 0, 1, 0.263, 0.756
Chlo47, 0, 0, 0.118, 0.055, 0, 0, 0, 0, 0.013
Chlo48, 1, 0.001, 0.028, 0.233, 1, 0, 1, 0.269, 0.746
Chlo5, 0, 0, 0.018, 0.015, 0, 0, 0, 0, 0.012
Chlo6, 0, 0, 0.855, 0.349, 0, 0, 0, 0, 0.014
Chlo7, 0, 0, 0.036, 0.042, 0, 0, 0, 0, 0.024
Chlo8, 0, 0, 0.044, 0.025, 0, 0, 0, 0, 0.01
Chlo9, 1, 0.001, 0.03, 0.197, 1, 0, 1, 0.833, 0.185
Chry1, 0, 0, 0.316, 0.251, 0, 0, 0, 0, 0.015
Cloa1, 0, 0, 0.059, 0.039, 0, 0, 0, 0, 0.014
Cyan1, 0, 0, 0.085, 0.07, 0, 0, 0, 0, 0.017
Cyan10, 0, 0, 0.035, 0.027, 0, 0, 0, 0, 0.009
Cyan11, 1, 0, 0.402, 0.029, 1, 0, 1, 0.92, 0.088
Cyan12, 1, 0, 0.024, 0.017, 1, 0, 1, 0.999, 0.01
Cyan13, 1, 0, 0.018, 0.019, 1, 0, 1, 1, 0.012
Cyan14, 0, 0, 0.916, 0.314, 0, 0, 0, 0, 0.01
Cyan15, 1, 0.001, 0.018, 0.285, 1, 0, 1, 0.897, 0.111
Cyan16, 2, 0.003, 0.028, 0.176, 1, 0, 2, 1.152, 0.866
Cyan18, 1, 0, 0.016, 0.013, 1, 0, 1, 1, 0.01
Cyan19, 1, 0, 0.169, 0.142, 1, 0, 1, 0.737, 0.271
Cyan2, 0, 0, 0.077, 0.057, 0, 0, 0, 0, 0.009
Cyan20, 1, 0.002, 0.195, 0.202, 1, 0, 1, 0.047, 0.962
Cyan21, 1, 0, 0.034, 0.024, 1, 0, 1, 1, 0.01
Cyan22, 1, 0, 0.076, 0.032, 1, 0, 1, 0.984, 0.028
Cyan23, 0, 0, 1.089, 0.088, 0, 0, 0, 0, 0.01
Cyan24, 2, 0.999, 0.545, 0.133, 1, 0, 2, 0.004, 0.027
Cyan25, 1, 0.001, 0.488, 0.09, 1, 0, 1, 0.918, 0.103
Cyan26, 1, 0, 0.935, 0.042, 1, 0, 1, 0.386, 0.621
Cyan27, 1, 0.002, 0.117, 0.123, 1, 0, 1, 0.39, 0.622
Cyan28, 0, 0, 0.028, 0.031, 0, 0, 0, 0, 0.016
Cyan29, 0, 0, 1.172, 0.165, 0, 0, 0, 0, 0.013
Cyan3, 1, 0.001, 0.206, 0.305, 1, 0, 1, 0.197, 0.812
Cyan30, 2, 0, 0.489, 0.133, 1, 0, 2, 1.95, 0.061
Cyan31, 1, 0.001, 0.996, 0.209, 1, 0, 1, 0.985, 0.023
Cyan32, 1, 0, 1.021, 0.062, 1, 0, 1, 0.166, 0.854
Cyan33, 1, 0.001, 0.038, 0.384, 1, 0, 1, 0.998, 0.013
Cyan34, 1, 0, 1.004, 0.259, 1, 0, 1, 0.98, 0.032
Cyan35, 1, 0, 0.157, 0.13, 1, 0, 1, 0.952, 0.066
Cyan36, 1, 0.001, 0.385, 0.405, 1, 0, 1, 0.023, 0.989
Cyan37, 0, 0, 0.152, 0.053, 0, 0, 0, 0, 0.02
Cyan38, 0, 0, 0.035, 0.026, 0, 0, 0, 0, 0.01
Cyan4, 0, 0, 0.039, 0.035, 0, 0, 0, 0, 0.017
Cyan40, 1, 0, 0.414, 0.108, 1, 0, 1, 0.089, 0.921
Cyan41, 1, 0, 0.141, 0.04, 1, 0, 1, 0.923, 0.087
Cyan42, 1, 0.003, 0.221, 0.428, 1, 0, 1, 0.186, 0.825
Cyan43, 1, 0, 0.052, 0.034, 1, 0, 1, 0.992, 0.024
Cyan44, 1, 0, 0.023, 0.023, 1, 0, 1, 0.999, 0.015
Cyan45, 0, 0, 0.04, 0.03, 0, 0, 0, 0, 0.014
Cyan46, 1, 0, 0.19, 0.05, 1, 0, 1, 0.995, 0.023
Cyan47, 1, 0, 0.022, 0.019, 1, 0, 1, 1, 0.014
Cyan7, 0, 0, 0.481, 0.148, 0, 0, 0, 0, 0.02
Cyan8, 0, 0, 0.072, 0.065, 0, 0, 0, 0, 0.013
Cyan9, 0, 0, 0.037, 0.035, 0, 0, 0, 0, 0.015
DTU0X1, 0, 0, 0.017, 0.02, 0, 0, 0, 0, 0.011
Defe1, 0, 0, 0.066, 0.047, 0, 0, 0, 0, 0.01
Defe2, 0, 0, 0.035, 0.034, 0, 0, 0, 0, 0.018
Defe3, 0, 0, 0.03, 0.026, 0, 0, 0, 0, 0.013
Dein1, 0, 0, 0.161, 0.021, 0, 0, 0, 0, 0.012
Dein2, 1, 0, 0.086, 0.047, 1, 0, 1, 0.118, 0.891
Dein3, 0, 0, 0.018, 0.016, 0, 0, 0, 0, 0.014
Dein4, 1, 0, 0.03, 0.027, 1, 0, 1, 0.999, 0.018
Dein5, 1, 0, 0.023, 0.028, 1, 0, 1, 0.139, 0.874
Dein6, 1, 0, 0.029, 0.029, 1, 0, 1, 0.999, 0.017
Dein7, 0, 0, 0.014, 0.016, 0, 0, 0, 0, 0.01
Desa1, 0, 0, 0.051, 0.039, 0, 0, 0, 0, 0.021
DesuB1, 1, 0, 0.037, 0.025, 1, 0, 1, 0.999, 0.016
DesuB2, 1, 0, 0.035, 0.034, 1, 0, 1, 0.999, 0.014
DesuB3, 1, 0, 0.12, 0.079, 1, 0, 1, 0.998, 0.017
DesuB4, 1, 0, 0.127, 0.094, 1, 0, 1, 0.998, 0.024
DesuC1, 0, 0, 0.739, 0.053, 0, 0, 0, 0, 0.011
DesuC2, 1, 0, 0.022, 0.153, 1, 0, 1, 0.718, 0.294
DesuD1, 1, 0, 0.028, 0.028, 1, 0, 1, 0.999, 0.018
DesuD2, 1, 0, 0.026, 0.024, 1, 0, 1, 0.999, 0.016
Desua1, 0, 0.001, 0.111, 0.078, 0, 0, 0, 0, 0.019
Desua10, 0, 0, 0.095, 0.06, 0, 0, 0, 0, 0.018
Desua11, 1, 0.002, 0.02, 0.323, 1, 0, 1, 0.472, 0.538
Desua12, 0, 0, 0.097, 0.048, 0, 0, 0, 0, 0.015
Desua13, 1, 0, 0.024, 0.21, 1, 0, 1, 0.835, 0.181
Desua14, 0, 0, 0.033, 0.034, 0, 0, 0, 0, 0.018
Desua15, 1, 0.001, 0.039, 0.039, 1, 0, 1, 0.992, 0.025
Desua16, 0, 0, 1.029, 0.033, 0, 0, 0, 0, 0.016
Desua17, 1, 0, 0.036, 0.025, 1, 0, 1, 1, 0.015
Desua18, 1, 0, 0.074, 0.046, 1, 0, 1, 0.998, 0.021
Desua19, 0, 0, 0.037, 0.025, 0, 0, 0, 0, 0.011
Desua2, 0, 0.001, 0.046, 0.044, 0, 0, 0, 0, 0.016
Desua20, 0, 0, 0.182, 0.085, 0, 0, 0, 0, 0.013
Desua21, 0, 0, 0.296, 0.084, 0, 0, 0, 0, 0.018
Desua22, 0, 0, 0.023, 0.026, 0, 0, 0, 0, 0.015
Desua23, 0, 0, 0.026, 0.028, 0, 0, 0, 0, 0.018
Desua24, 1, 0, 0.042, 0.038, 1, 0, 1, 0.994, 0.015
Desua25, 0, 0, 0.02, 0.021, 0, 0, 0, 0, 0.02
Desua26, 0, 0, 0.055, 0.036, 0, 0, 0, 0, 0.013
Desua27, 0, 0, 0.492, 0.309, 0, 0, 0, 0, 0.012
Desua28, 0, 0, 0.039, 0.029, 0, 0, 0, 0, 0.01
Desua29, 0, 0, 0.019, 0.018, 0, 0, 0, 0, 0.012
Desua3, 2, 0.003, 0.021, 0.384, 1, 0, 2, 1.07, 0.937
Desua30, 0, 0, 0.047, 0.028, 0, 0, 0, 0, 0.005
Desua31, 1, 0, 0.193, 0.119, 1, 0, 1, 0.198, 0.813
Desua32, 0, 0, 0.09, 0.042, 0, 0, 0, 0, 0.018
Desua33, 0, 0, 0.03, 0.027, 0, 0, 0, 0, 0.021
Desua34, 0, 0, 0.109, 0.062, 0, 0, 0, 0, 0.018
Desua35, 0, 0, 0.049, 0.038, 0, 0, 0, 0, 0.02
Desua36, 0, 0, 0.022, 0.021, 0, 0, 0, 0, 0.012
Desua37, 0, 0, 0.026, 0.021, 0, 0, 0, 0, 0.014
Desua38, 0, 0, 0.024, 0.021, 0, 0, 0, 0, 0.014
Desua39, 0, 0, 0.024, 0.013, 0, 0, 0, 0, 0.007
Desua4, 2, 0.001, 0.04, 0.3, 1, 0, 2, 1.101, 0.909
Desua40, 1, 0.004, 0.222, 0.379, 1, 0, 1, 0.172, 0.838
Desua41, 0, 0, 0.031, 0.033, 0, 0, 0, 0, 0.018
Desua42, 1, 0.003, 0.032, 0.793, 1, 0, 1, 0.543, 0.465
Desua43, 0, 0, 0.018, 0.015, 0, 0, 0, 0, 0.008
Desua44, 1, 0, 0.032, 0.064, 1, 0, 1, 0.173, 0.836
Desua45, 0, 0, 0.921, 0.319, 0, 0, 0, 0, 0.012
Desua46, 0, 0, 0.011, 0.012, 0, 0, 0, 0, 0.011
Desua47, 0, 0, 0.032, 0.036, 0, 0, 0, 0, 0.025
Desua48, 0, 0, 0.017, 0.019, 0, 0, 0, 0, 0.008
Desua49, 1, 0.002, 0.019, 0.387, 1, 0, 1, 0.27, 0.739
Desua5, 1, 0.008, 0.77, 0.785, 1, 0, 1, 0.037, 0.978
Desua50, 1, 0, 0.029, 0.052, 1, 0, 1, 0.234, 0.778
Desua51, 0, 0, 0.758, 0.038, 0, 0, 0, 0, 0.01
Desua52, 0, 0, 0.021, 0.02, 0, 0, 0, 0, 0.011
Desua53, 1, 0.002, 0.023, 0.141, 1, 0, 1, 0.741, 0.273
Desua54, 0, 0, 0.142, 0.047, 0, 0, 0, 0, 0.01
Desua6, 0, 0, 0.031, 0.03, 0, 0, 0, 0, 0.019
Desua7, 0, 0, 0.027, 0.026, 0, 0, 0, 0, 0.015
Desua8, 0, 0, 0.042, 0.037, 0, 0, 0, 0, 0.013
Desua9, 1, 0, 0.033, 0.036, 1, 0, 1, 1, 0.012
Dict1, 0, 0.001, 0.838, 0.387, 0, 0, 0, 0, 0.018
Dorm1, 0, 0, 0.021, 0.023, 0, 0, 0, 0, 0.014
Dorm2, 0, 0, 0.017, 0.016, 0, 0, 0, 0, 0.01
Dorm3, 1, 0.002, 0.05, 0.425, 1, 0, 1, 0.352, 0.666
Dorm4, 0, 0, 0.079, 0.055, 0, 0, 0, 0, 0.02
Dorm5, 0, 0, 0.029, 0.021, 0, 0, 0, 0, 0.013
Edwa1, 0, 0, 0.034, 0.027, 0, 0, 0, 0, 0.014
Eise1, 0, 0, 0.02, 0.024, 0, 0, 0, 0, 0.015
Eise2, 0, 0, 0.017, 0.017, 0, 0, 0, 0, 0.012
Eise3, 0, 0, 0.014, 0.015, 0, 0, 0, 0, 0.011
Eise4, 0, 0, 0.015, 0.017, 0, 0, 0, 0, 0.012
Elus1, 0, 0, 0.022, 0.023, 0, 0, 0, 0, 0.015
Elus10, 0, 0, 0.02, 0.023, 0, 0, 0, 0, 0.017
Elus2, 0, 0, 0.019, 0.022, 0, 0, 0, 0, 0.016
Elus3, 0, 0, 0.019, 0.022, 0, 0, 0, 0, 0.016
Elus4, 1, 0, 0.02, 0.03, 1, 0, 1, 0.028, 0.989
Elus5, 0, 0, 0.018, 0.021, 0, 0, 0, 0, 0.015
Elus6, 0, 0, 0.017, 0.017, 0, 0, 0, 0, 0.012
Elus7, 0, 0, 0.02, 0.021, 0, 0, 0, 0, 0.015
Elus8, 0, 0, 0.016, 0.019, 0, 0, 0, 0, 0.011
Elus9, 0, 0, 0.01, 0.014, 0, 0, 0, 0, 0.007
Erem2, 0, 0, 0.167, 0.094, 0, 0, 0, 0, 0.022
Erem3, 0, 0, 0.159, 0.061, 0, 0, 0, 0, 0.014
Erem4, 0, 0, 0.058, 0.046, 0, 0, 0, 0, 0.01
Erem5, 0, 0, 0.064, 0.046, 0, 0, 0, 0, 0.016
Erem6, 1, 0.002, 0.024, 0.545, 1, 0, 1, 0.317, 0.698
FCPU1, 1, 0, 0.024, 0.026, 1, 0, 1, 0.999, 0.014
FCPU2, 1, 0, 0.024, 0.026, 1, 0, 1, 0.999, 0.014
Ferm1, 1, 0, 1.002, 0.828, 1, 0, 1, 0.168, 0.843
Fibr1, 0, 0, 0.027, 0.027, 0, 0, 0, 0, 0.024
Fibr2, 0, 0, 0.017, 0.022, 0, 0, 0, 0, 0.013
Fibr3, 0, 0, 0.034, 0.037, 0, 0, 0, 0, 0.026
Fibr4, 0, 0, 0.021, 0.022, 0, 0, 0, 0, 0.017
Fibr5, 0, 0, 0.021, 0.025, 0, 0, 0, 0, 0.018
Fibr6, 0, 0, 0.022, 0.023, 0, 0, 0, 0, 0.017
Fire1, 0, 0, 0.068, 0.038, 0, 0, 0, 0, 0.014
FirmA1, 0, 0, 0.073, 0.052, 0, 0, 0, 0, 0.013
FirmA10, 0, 0, 0.037, 0.032, 0, 0, 0, 0, 0.024
FirmA100, 0, 0, 0.019, 0.019, 0, 0, 0, 0, 0.012
FirmA101, 0, 0, 0.013, 0.013, 0, 0, 0, 0, 0.009
FirmA102, 0, 0, 0.021, 0.016, 0, 0, 0, 0, 0.011
FirmA103, 0, 0, 0.014, 0.014, 0, 0, 0, 0, 0.008
FirmA104, 0, 0, 0.009, 0.007, 0, 0, 0, 0, 0.007
FirmA105, 0, 0, 0.03, 0.021, 0, 0, 0, 0, 0.013
FirmA106, 0, 0, 0.038, 0.033, 0, 0, 0, 0, 0.015
FirmA107, 0, 0, 0.014, 0.014, 0, 0, 0, 0, 0.008
FirmA108, 0, 0, 0.021, 0.021, 0, 0, 0, 0, 0.014
FirmA109, 0, 0, 0.175, 0.028, 0, 0, 0, 0, 0.01
FirmA11, 0, 0, 0.02, 0.018, 0, 0, 0, 0, 0.015
FirmA110, 0, 0, 0.027, 0.025, 0, 0, 0, 0, 0.018
FirmA111, 0, 0, 0.063, 0.03, 0, 0, 0, 0, 0.015
FirmA112, 0, 0, 0.02, 0.02, 0, 0, 0, 0, 0.015
FirmA113, 0, 0, 0.015, 0.015, 0, 0, 0, 0, 0.01
FirmA114, 0, 0, 0.024, 0.027, 0, 0, 0, 0, 0.019
FirmA12, 0, 0, 0.208, 0.065, 0, 0, 0, 0, 0.017
FirmA14, 0, 0, 0.02, 0.02, 0, 0, 0, 0, 0.015
FirmA16, 1, 0.001, 0.021, 0.083, 1, 0, 1, 0.483, 0.531
FirmA18, 0, 0, 0.019, 0.017, 0, 0, 0, 0, 0.013
FirmA19, 0, 0, 0.026, 0.027, 0, 0, 0, 0, 0.021
FirmA2, 0, 0, 0.058, 0.053, 0, 0, 0, 0, 0.019
FirmA20, 0, 0, 0.029, 0.025, 0, 0, 0, 0, 0.022
FirmA21, 0, 0, 0.017, 0.015, 0, 0, 0, 0, 0.01
FirmA24, 0, 0, 0.034, 0.024, 0, 0, 0, 0, 0.013
FirmA25, 0, 0, 0.033, 0.027, 0, 0, 0, 0, 0.023
FirmA26, 0, 0, 0.016, 0.017, 0, 0, 0, 0, 0.008
FirmA27, 0, 0, 0.015, 0.015, 0, 0, 0, 0, 0.012
FirmA28, 0, 0, 0.018, 0.019, 0, 0, 0, 0, 0.014
FirmA29, 0, 0, 0.026, 0.024, 0, 0, 0, 0, 0.019
FirmA30, 0, 0, 0.026, 0.026, 0, 0, 0, 0, 0.019
FirmA31, 0, 0, 0.067, 0.039, 0, 0, 0, 0, 0.017
FirmA32, 1, 0.002, 0.021, 0.299, 1, 0, 1, 0.439, 0.574
FirmA33, 0, 0, 0.017, 0.02, 0, 0, 0, 0, 0.016
FirmA34, 0, 0, 0.186, 0.045, 0, 0, 0, 0, 0.013
FirmA35, 0, 0, 0.016, 0.016, 0, 0, 0, 0, 0.009
FirmA36, 0, 0, 0.02, 0.022, 0, 0, 0, 0, 0.015
FirmA37, 0, 0, 0.014, 0.015, 0, 0, 0, 0, 0.009
FirmA38, 0, 0, 0.456, 0.262, 0, 0, 0, 0, 0.011
FirmA39, 0, 0, 0.021, 0.016, 0, 0, 0, 0, 0.012
FirmA40, 0, 0, 0.029, 0.026, 0, 0, 0, 0, 0.014
FirmA41, 0, 0, 0.021, 0.019, 0, 0, 0, 0, 0.013
FirmA42, 0, 0, 0.023, 0.02, 0, 0, 0, 0, 0.015
FirmA43, 0, 0, 0.026, 0.028, 0, 0, 0, 0, 0.017
FirmA44, 0, 0, 0.015, 0.011, 0, 0, 0, 0, 0.008
FirmA45, 0, 0, 0.021, 0.013, 0, 0, 0, 0, 0.006
FirmA46, 0, 0, 0.036, 0.027, 0, 0, 0, 0, 0.015
FirmA47, 0, 0, 0.019, 0.019, 0, 0, 0, 0, 0.012
FirmA48, 0, 0, 0.018, 0.02, 0, 0, 0, 0, 0.016
FirmA49, 0, 0, 0.015, 0.015, 0, 0, 0, 0, 0.014
FirmA5, 0, 0, 0.016, 0.016, 0, 0, 0, 0, 0.009
FirmA50, 0, 0, 0.011, 0.012, 0, 0, 0, 0, 0.009
FirmA51, 0, 0, 0.029, 0.032, 0, 0, 0, 0, 0.022
FirmA52, 0, 0, 0.022, 0.024, 0, 0, 0, 0, 0.016
FirmA53, 0, 0, 0.021, 0.022, 0, 0, 0, 0, 0.014
FirmA54, 1, 0.003, 0.023, 0.308, 1, 0, 1, 0.233, 0.778
FirmA55, 0, 0, 0.024, 0.028, 0, 0, 0, 0, 0.015
FirmA56, 0, 0, 0.021, 0.022, 0, 0, 0, 0, 0.011
FirmA57, 0, 0, 0.046, 0.03, 0, 0, 0, 0, 0.014
FirmA58, 0, 0, 0.016, 0.015, 0, 0, 0, 0, 0.01
FirmA59, 0, 0, 0.016, 0.017, 0, 0, 0, 0, 0.014
FirmA6, 0, 0, 0.03, 0.03, 0, 0, 0, 0, 0.017
FirmA60, 0, 0, 0.021, 0.024, 0, 0, 0, 0, 0.016
FirmA61, 0, 0, 0.023, 0.032, 0, 0, 0, 0, 0.02
FirmA62, 0, 0, 0.026, 0.029, 0, 0, 0, 0, 0.013
FirmA63, 0, 0, 0.026, 0.022, 0, 0, 0, 0, 0.014
FirmA64, 0, 0, 0.011, 0.014, 0, 0, 0, 0, 0.01
FirmA65, 0, 0, 0.016, 0.017, 0, 0, 0, 0, 0.009
FirmA66, 0, 0, 0.012, 0.013, 0, 0, 0, 0, 0.009
FirmA67, 0, 0, 0.018, 0.019, 0, 0, 0, 0, 0.013
FirmA68, 1, 0.002, 0.025, 0.251, 1, 0, 1, 0.238, 0.775
FirmA69, 0, 0, 0.024, 0.023, 0, 0, 0, 0, 0.019
FirmA7, 0, 0, 0.074, 0.038, 0, 0, 0, 0, 0.018
FirmA70, 0, 0, 0.023, 0.031, 0, 0, 0, 0, 0.021
FirmA71, 0, 0, 0.017, 0.019, 0, 0, 0, 0, 0.014
FirmA72, 0, 0, 0.014, 0.015, 0, 0, 0, 0, 0.008
FirmA73, 0, 0, 0.014, 0.012, 0, 0, 0, 0, 0.008
FirmA74, 0, 0, 0.013, 0.012, 0, 0, 0, 0, 0.008
FirmA75, 0, 0, 0.015, 0.013, 0, 0, 0, 0, 0.011
FirmA76, 0, 0, 0.022, 0.023, 0, 0, 0, 0, 0.012
FirmA77, 0, 0, 0.042, 0.017, 0, 0, 0, 0, 0.011
FirmA78, 0, 0, 0.011, 0.014, 0, 0, 0, 0, 0.009
FirmA79, 0, 0, 0.018, 0.018, 0, 0, 0, 0, 0.013
FirmA8, 0, 0, 0.038, 0.041, 0, 0, 0, 0, 0.017
FirmA80, 1, 0.001, 0.021, 0.094, 1, 0, 1, 0.162, 0.847
FirmA81, 0, 0, 0.016, 0.017, 0, 0, 0, 0, 0.011
FirmA83, 0, 0, 0.006, 0.006, 0, 0, 0, 0, 0.005
FirmA84, 0, 0, 0.026, 0.024, 0, 0, 0, 0, 0.015
FirmA85, 0, 0, 0.023, 0.021, 0, 0, 0, 0, 0.016
FirmA86, 0, 0, 0.019, 0.016, 0, 0, 0, 0, 0.012
FirmA87, 1, 0.001, 0.021, 0.124, 1, 0, 1, 0.198, 0.816
FirmA88, 0, 0, 0.014, 0.015, 0, 0, 0, 0, 0.01
FirmA89, 0, 0, 0.018, 0.019, 0, 0, 0, 0, 0.009
FirmA9, 0, 0, 0.03, 0.033, 0, 0, 0, 0, 0.019
FirmA90, 0, 0, 0.017, 0.018, 0, 0, 0, 0, 0.012
FirmA91, 0, 0, 0.015, 0.017, 0, 0, 0, 0, 0.012
FirmA92, 0, 0, 0.254, 0.135, 0, 0, 0, 0, 0.012
FirmA93, 1, 0, 0.016, 0.116, 1, 0, 1, 0.185, 0.825
FirmA94, 0, 0, 0.012, 0.014, 0, 0, 0, 0, 0.008
FirmA95, 1, 0, 0.019, 0.024, 1, 0, 1, 0.154, 0.854
FirmA96, 0, 0, 0.021, 0.02, 0, 0, 0, 0, 0.018
FirmA97, 0, 0, 0.014, 0.012, 0, 0, 0, 0, 0.008
FirmA98, 0, 0, 0.016, 0.017, 0, 0, 0, 0, 0.011
FirmA99, 0, 0, 0.018, 0.014, 0, 0, 0, 0, 0.008
FirmB1, 2, 0.014, 0.043, 1.322, 1, 0, 2, 1.294, 0.716
FirmB10, 1, 0.002, 0.015, 0.108, 1, 0, 1, 0.23, 0.776
FirmB11, 1, 0.003, 0.02, 0.274, 1, 0, 1, 0.247, 0.766
FirmB12, 0, 0, 0.08, 0.042, 0, 0, 0, 0, 0.014
FirmB13, 0, 0, 0.243, 0.057, 0, 0, 0, 0, 0.011
FirmB14, 0, 0, 0.075, 0.07, 0, 0, 0, 0, 0.021
FirmB15, 0, 0, 0.1, 0.071, 0, 0, 0, 0, 0.012
FirmB16, 1, 0, 0.024, 0.244, 1, 0, 1, 0.22, 0.792
FirmB17, 0, 0, 0.103, 0.074, 0, 0, 0, 0, 0.015
FirmB2, 0, 0, 0.265, 0.133, 0, 0, 0, 0, 0.014
FirmB3, 0, 0, 0.065, 0.045, 0, 0, 0, 0, 0.011
FirmB4, 1, 0.001, 0.104, 0.323, 1, 0, 1, 0.977, 0.035
FirmB5, 0, 0, 0.033, 0.033, 0, 0, 0, 0, 0.019
FirmB6, 1, 0, 0.039, 0.477, 1, 0, 1, 0.233, 0.776
FirmB7, 1, 0, 0.251, 0.102, 1, 0, 1, 0.022, 0.988
FirmB8, 0, 0, 0.026, 0.026, 0, 0, 0, 0, 0.012
FirmB9, 0, 0, 0.247, 0.063, 0, 0, 0, 0, 0.01
FirmC1, 0, 0, 0.028, 0.029, 0, 0, 0, 0, 0.023
FirmC10, 0, 0, 0.019, 0.016, 0, 0, 0, 0, 0.011
FirmC11, 0, 0.001, 0.019, 0.02, 0, 0, 0, 0, 0.014
FirmC12, 0, 0, 0.028, 0.029, 0, 0, 0, 0, 0.023
FirmC13, 0, 0, 0.017, 0.018, 0, 0, 0, 0, 0.012
FirmC14, 0, 0, 0.029, 0.031, 0, 0, 0, 0, 0.021
FirmC15, 0, 0, 0.018, 0.022, 0, 0, 0, 0, 0.013
FirmC16, 0, 0, 0.02, 0.02, 0, 0, 0, 0, 0.013
FirmC17, 0, 0, 0.019, 0.023, 0, 0, 0, 0, 0.014
FirmC18, 0, 0, 0.024, 0.022, 0, 0, 0, 0, 0.013
FirmC19, 0, 0, 0.018, 0.016, 0, 0, 0, 0, 0.008
FirmC3, 0, 0, 0.011, 0.011, 0, 0, 0, 0, 0.007
FirmC4, 0, 0, 0.016, 0.017, 0, 0, 0, 0, 0.011
FirmC5, 0, 0, 0.042, 0.047, 0, 0, 0, 0, 0.03
FirmC6, 0, 0, 0.02, 0.019, 0, 0, 0, 0, 0.013
FirmC7, 0, 0, 0.015, 0.013, 0, 0, 0, 0, 0.01
FirmC8, 0, 0, 0.022, 0.022, 0, 0, 0, 0, 0.013
FirmC9, 0, 0, 0.018, 0.015, 0, 0, 0, 0, 0.013
FirmD1, 0, 0, 0.023, 0.021, 0, 0, 0, 0, 0.014
FirmD2, 0, 0, 0.014, 0.018, 0, 0, 0, 0, 0.012
FirmD3, 0, 0, 0.01, 0.01, 0, 0, 0, 0, 0.008
FirmD4, 0, 0, 0.023, 0.023, 0, 0, 0, 0, 0.019
FirmE1, 1, 0.001, 0.031, 0.456, 1, 0, 1, 0.123, 0.895
FirmE2, 0, 0, 0.042, 0.038, 0, 0, 0, 0, 0.02
FirmE3, 0, 0, 0.201, 0.079, 0, 0, 0, 0, 0.011
FirmE4, 0, 0, 0.027, 0.027, 0, 0, 0, 0, 0.016
FirmE5, 2, 0.983, 0.024, 0.301, 1, 0, 2, 0.026, 0.851
FirmE6, 0, 0, 0.021, 0.019, 0, 0, 0, 0, 0.01
FirmE7, 0, 0, 0.022, 0.019, 0, 0, 0, 0, 0.013
FirmE8, 0, 0, 0.019, 0.016, 0, 0, 0, 0, 0.01
FirmF1, 0, 0, 0.145, 0.077, 0, 0, 0, 0, 0.014
FirmF2, 2, 0.997, 0.023, 0.017, 1, 0, 2, 0.006, 0.011
FirmF3, 1, 0, 0.029, 0.02, 1, 0, 1, 0.997, 0.014
FirmG1, 0, 0, 0.025, 0.025, 0, 0, 0, 0, 0.016
FirmG2, 1, 0.005, 0.031, 0.45, 1, 0, 1, 0.147, 0.87
FirmG3, 0, 0, 0.019, 0.023, 0, 0, 0, 0, 0.014
FirmG4, 0, 0, 0.024, 0.021, 0, 0, 0, 0, 0.015
FirmG5, 0, 0, 0.03, 0.03, 0, 0, 0, 0, 0.021
FirmG6, 0, 0, 0.018, 0.018, 0, 0, 0, 0, 0.013
Firms1, 0, 0, 0.012, 0.013, 0, 0, 0, 0, 0.007
Firms10, 0, 0, 0.018, 0.02, 0, 0, 0, 0, 0.013
Firms11, 1, 0, 0.978, 0.084, 1, 0, 1, 0.153, 0.864
Firms12, 0, 0, 0.041, 0.022, 0, 0, 0, 0, 0.016
Firms13, 0, 0, 0.02, 0.019, 0, 0, 0, 0, 0.014
Firms15, 1, 0, 0.021, 0.018, 1, 0, 1, 0.976, 0.037
Firms16, 0, 0, 0.021, 0.014, 0, 0, 0, 0, 0.011
Firms17, 1, 0, 0.125, 0.017, 1, 0, 1, 0.997, 0.011
Firms18, 0, 0, 0.016, 0.012, 0, 0, 0, 0, 0.011
Firms2, 0, 0, 0.022, 0.022, 0, 0, 0, 0, 0.017
Firms20, 1, 0, 0.018, 0.022, 1, 0, 1, 0.138, 0.872
Firms21, 0, 0, 0.032, 0.034, 0, 0, 0, 0, 0.018
Firms22, 1, 0.004, 0.553, 0.56, 1, 0, 1, 0.653, 0.347
Firms23, 0, 0, 0.025, 0.026, 0, 0, 0, 0, 0.02
Firms24, 1, 0, 0.161, 0.458, 1, 0, 1, 0.213, 0.8
Firms25, 0, 0, 0.017, 0.017, 0, 0, 0, 0, 0.011
Firms26, 1, 0, 0.23, 0.092, 1, 0, 1, 0.143, 0.869
Firms27, 2, 0.003, 0.091, 0.754, 1, 0, 2, 1.125, 0.886
Firms28, 0, 0, 0.021, 0.017, 0, 0, 0, 0, 0.013
Firms29, 0, 0, 0.15, 0.01, 0, 0, 0, 0, 0.004
Firms3, 0, 0, 0.234, 0.034, 0, 0, 0, 0, 0.017
Firms30, 0, 0, 0.017, 0.018, 0, 0, 0, 0, 0.013
Firms31, 0, 0, 0.016, 0.021, 0, 0, 0, 0, 0.012
Firms32, 0, 0, 0.018, 0.017, 0, 0, 0, 0, 0.012
Firms33, 0, 0, 0.02, 0.017, 0, 0, 0, 0, 0.014
Firms4, 0, 0, 0.028, 0.016, 0, 0, 0, 0, 0.009
Firms5, 1, 0.009, 0.049, 0.972, 1, 0, 1, 0.949, 0.052
Firms6, 0, 0, 0.028, 0.022, 0, 0, 0, 0, 0.018
Firms7, 0, 0, 0.998, 0.023, 0, 0, 0, 0, 0.01
Firms8, 0, 0, 0.106, 0.039, 0, 0, 0, 0, 0.01
Firms9, 0, 0, 0.017, 0.014, 0, 0, 0, 0, 0.011
Fuso2, 0, 0, 0.305, 0.241, 0, 0, 0, 0, 0.011
Gemm2, 0, 0, 0.022, 0.022, 0, 0, 0, 0, 0.016
Gemm3, 1, 0.001, 0.021, 0.141, 1, 0, 1, 0.208, 0.802
Gemm4, 0, 0, 0.015, 0.014, 0, 0, 0, 0, 0.009
Gemm5, 0, 0, 0.031, 0.032, 0, 0, 0, 0, 0.023
Gemm6, 0, 0, 0.234, 0.042, 0, 0, 0, 0, 0.016
Gemm7, 0, 0, 0.029, 0.023, 0, 0, 0, 0, 0.011
Gemm8, 0, 0, 0.019, 0.018, 0, 0, 0, 0, 0.013
Gemm9, 0, 0, 0.067, 0.037, 0, 0, 0, 0, 0.018
GemmA1, 1, 0.001, 0.095, 0.16, 1, 0, 1, 0.99, 0.021
Gold1, 0, 0, 0.034, 0.031, 0, 0, 0, 0, 0.017
Gold2, 0, 0, 0.03, 0.024, 0, 0, 0, 0, 0.013
Hydr1, 1, 0, 0.05, 0.041, 1, 0, 1, 0.999, 0.014
Hydr2, 1, 0, 0.05, 0.038, 1, 0, 1, 0.999, 0.014
J088X1, 1, 0.001, 0.225, 0.521, 1, 0, 1, 0.029, 0.987
KSB1X1, 0, 0, 0.021, 0.018, 0, 0, 0, 0, 0.012
KSB1X2, 0, 0, 0.028, 0.028, 0, 0, 0, 0, 0.018
KSB1X3, 0, 0, 0.021, 0.02, 0, 0, 0, 0, 0.012
KSB1X4, 0, 0, 0.019, 0.015, 0, 0, 0, 0, 0.009
Krum1, 1, 0, 0.188, 0.316, 1, 0, 1, 0.988, 0.029
Late1, 0, 0, 0.211, 0.034, 0, 0, 0, 0, 0.014
Late2, 0, 0, 0.061, 0.045, 0, 0, 0, 0, 0.019
Late3, 1, 0.001, 0.018, 0.13, 1, 0, 1, 0.193, 0.82
Lind1, 1, 0.001, 0.116, 0.367, 1, 0, 1, 0.87, 0.15
Lind2, 0, 0.001, 0.978, 0.3, 0, 0, 0, 0, 0.012
Lind4, 1, 0.006, 0.893, 0.84, 1, 0, 1, 0.919, 0.095
Marg1, 0, 0, 0.052, 0.053, 0, 0, 0, 0, 0.014
Marg2, 0, 0, 0.043, 0.038, 0, 0, 0, 0, 0.01
Marg6, 0, 0, 0.059, 0.055, 0, 0, 0, 0, 0.021
Marg7, 0, 0, 0.049, 0.047, 0, 0, 0, 0, 0.016
Mari1, 0, 0, 0.029, 0.029, 0, 0, 0, 0, 0.02
Mari2, 0, 0, 0.017, 0.017, 0, 0, 0, 0, 0.014
Mari3, 0, 0, 0.015, 0.016, 0, 0, 0, 0, 0.012
Mari5, 0, 0, 0.02, 0.021, 0, 0, 0, 0, 0.017
Mari6, 0, 0, 0.02, 0.015, 0, 0, 0, 0, 0.011
Meth1, 0, 0, 0.049, 0.046, 0, 0, 0, 0, 0.021
Meth2, 0, 0, 0.038, 0.028, 0, 0, 0, 0, 0.01
Meth3, 1, 0, 0.328, 0.02, 1, 0, 1, 0.891, 0.114
Meth4, 1, 0.005, 0.327, 0.628, 1, 0, 1, 0.907, 0.108
Meth5, 1, 0.001, 0.337, 0.153, 1, 0, 1, 0.411, 0.604
Muir1, 1, 0.001, 0.027, 0.243, 1, 0, 1, 0.028, 0.984
MyxA1, 1, 0, 0.015, 0.015, 1, 0, 1, 0.998, 0.01
MyxA2, 1, 0, 0.023, 0.026, 1, 0, 1, 1, 0.015
MyxA3, 1, 0, 0.018, 0.019, 1, 0, 1, 1, 0.01
MyxA4, 0, 0, 0.899, 0.372, 0, 0, 0, 0, 0.01
Myxo1, 1, 0, 0.019, 0.026, 1, 0, 1, 0.975, 0.041
Myxo10, 0, 0, 0.367, 0.111, 0, 0, 0, 0, 0.013
Myxo11, 1, 0, 0.031, 0.038, 1, 0, 1, 1, 0.015
Myxo13, 1, 0, 0.031, 0.022, 1, 0, 1, 0.994, 0.015
Myxo14, 0, 0, 0.287, 0.092, 0, 0, 0, 0, 0.018
Myxo15, 1, 0.008, 0.072, 0.99, 1, 0, 1, 0.964, 0.04
Myxo17, 1, 0, 0.029, 0.031, 1, 0, 1, 0.998, 0.021
Myxo18, 1, 0, 0.119, 0.062, 1, 0, 1, 0.919, 0.095
Myxo19, 1, 0, 0.018, 0.018, 1, 0, 1, 0.998, 0.01
Myxo2, 0, 0, 0.991, 0.023, 0, 0, 0, 0, 0.013
Myxo3, 0, 0, 0.447, 0.038, 0, 0, 0, 0, 0.012
Myxo5, 1, 0, 0.037, 0.316, 1, 0, 1, 0.97, 0.039
Myxo6, 1, 0, 0.121, 0.108, 1, 0, 1, 0.158, 0.852
Myxo7, 1, 0, 0.025, 0.025, 1, 0, 1, 1, 0.02
Myxo8, 1, 0, 0.021, 0.033, 1, 0, 1, 1, 0.016
Myxo9, 0, 0, 0.511, 0.036, 0, 0, 0, 0, 0.013
NPL1, 0, 0, 0.037, 0.04, 0, 0, 0, 0, 0.016
Nitr1, 1, 0.001, 0.036, 0.134, 1, 0, 1, 0.208, 0.814
Nitr10, 1, 0.001, 0.026, 0.351, 1, 0, 1, 0.243, 0.775
Nitr11, 0, 0, 0.034, 0.032, 0, 0, 0, 0, 0.015
Nitr12, 0, 0, 0.023, 0.018, 0, 0, 0, 0, 0.006
Nitr13, 1, 0, 0.028, 0.082, 1, 0, 1, 0.236, 0.779
Nitr14, 0, 0, 0.026, 0.024, 0, 0, 0, 0, 0.009
Nitr15, 0, 0, 0.021, 0.016, 0, 0, 0, 0, 0.012
Nitr16, 0, 0, 0.035, 0.028, 0, 0, 0, 0, 0.016
Nitr17, 0, 0, 0.285, 0.08, 0, 0, 0, 0, 0.006
Nitr2, 0, 0, 0.128, 0.072, 0, 0, 0, 0, 0.011
Nitr3, 0, 0, 0.072, 0.015, 0, 0, 0, 0, 0.009
Nitr4, 0, 0, 0.027, 0.016, 0, 0, 0, 0, 0.012
Nitr5, 1, 0, 0.021, 0.393, 1, 0, 1, 0.271, 0.742
Nitr6, 0, 0, 0.259, 0.071, 0, 0, 0, 0, 0.009
Nitr7, 0, 0.001, 0.269, 0.092, 0, 0, 0, 0, 0.014
Nitr8, 0, 0, 0.042, 0.025, 0, 0, 0, 0, 0.011
Nitr9, 1, 0.003, 0.022, 0.289, 1, 0, 1, 0.249, 0.765
Nits1, 0, 0, 0.026, 0.032, 0, 0, 0, 0, 0.018
Nits2, 0, 0, 0.026, 0.021, 0, 0, 0, 0, 0.017
Nits3, 0, 0, 0.021, 0.017, 0, 0, 0, 0, 0.013
Nits4, 0, 0, 0.033, 0.036, 0, 0, 0, 0, 0.024
NitsA1, 0, 0, 0.023, 0.02, 0, 0, 0, 0, 0.012
NitsA2, 0, 0, 0.03, 0.035, 0, 0, 0, 0, 0.019
NitsA3, 0, 0, 0.02, 0.016, 0, 0, 0, 0, 0.01
Node_AABM5X1_AABM5X2_0, 0.239, 0, 0.178, 0.105, 0.236, 0, 0.239, 0.048, 0.199
Node_AABM5X1_AABM5X3_0, 0.218, 0, 0.036, 0.094, 0.214, 0, 0.218, 0.048, 0.179
Node_Acid11_Acid16_0, 0.12, 0, 0.117, 0.086, 0.116, 0, 0.12, 0.062, 0.061
Node_Acid11_Acid31_0, 0.344, 0, 0.02, 0.099, 0.313, 0, 0.344, 0.101, 0.244
Node_Acid12_Acid13_0, 0.209, 0, 0.026, 0.089, 0.208, 0, 0.209, 0.046, 0.18
Node_Acid1_Acid17_0, 0.01, 0, 0.091, 0.035, 0.01, 0, 0.01, 0.009, 0.005
Node_Acid1_Acid3_0, 0.096, 0, 0.259, 0.101, 0.093, 0, 0.096, 0.089, 0.011
Node_Acid23_Acid12_0, 0.055, 0, 0.011, 0.028, 0.055, 0, 0.055, 0.013, 0.047
Node_Acid29_Acid27_0, 0.011, 0, 0.043, 0.045, 0.011, 0, 0.011, 0.005, 0.025
Node_Acid2_Acid11_0, 0.176, 0, 0.144, 0.149, 0.166, 0, 0.176, 0.157, 0.021
Node_Acid2_Acid18_0, 0.245, 0, 0.078, 0.197, 0.238, 0, 0.245, 0.105, 0.147
Node_Acid32_Acid25_0, 0.006, 0, 0.017, 0.022, 0.006, 0, 0.006, 0.003, 0.009
Node_Acid32_Acid26_0, 0.005, 0, 0.025, 0.027, 0.005, 0, 0.005, 0.002, 0.024
Node_Acid34_Acid22_0, 0.788, 0, 0.02, 0.014, 0.772, 0, 0.788, 0.735, 0.057
Node_Acid34_Acid24_0, 0.053, 0, 0.781, 0.029, 0.052, 0, 0.053, 0.015, 0.046
Node_Acid34_Acid29_0, 0.029, 0, 0.221, 0.065, 0.029, 0, 0.029, 0.027, 0.015
Node_Acid34_Acid33_0, 0.235, 0, 0.015, 0.057, 0.235, 0, 0.235, 0.044, 0.197
Node_Acid37_Acid21_0, 0.006, 0, 0.018, 0.017, 0.006, 0, 0.006, 0.003, 0.01
Node_Acid37_Acid30_0, 0.005, 0, 0.016, 0.021, 0.005, 0, 0.005, 0.002, 0.015
Node_Acid37_Acid32_0, 0.014, 0, 0.029, 0.019, 0.014, 0, 0.014, 0.012, 0.004
Node_Acid38_Acid10_0, 0.769, 0, 0.039, 0.032, 0.763, 0, 0.769, 0.719, 0.057
Node_Acid38_Acid1_0, 0.344, 0.001, 0.05, 0.063, 0.324, 0, 0.344, 0.155, 0.189
Node_Acid38_Acid2_0, 0.299, 0.001, 0.3, 0.194, 0.275, 0, 0.299, 0.274, 0.026
Node_Acid38_Acid34_0, 0.751, 0.005, 0.061, 0.156, 0.735, 0, 0.751, 0.289, 0.463
Node_Acid38_Acid36_0, 0.009, 0, 0.022, 0.018, 0.009, 0, 0.009, 0, 0.021
Node_Acid38_Acid40_0, 0.01, 0, 0.021, 0.025, 0.01, 0, 0.01, 0.002, 0.021
Node_Acid38_Acid4_0, 0.03, 0, 0.754, 0.065, 0.03, 0, 0.03, 0.024, 0.015
Node_Acid38_Acid5_0, 0.204, 0.001, 0.142, 0.093, 0.193, 0, 0.204, 0.159, 0.046
Node_Acid38_Acid7_0, 0.01, 0, 0.036, 0.031, 0.01, 0, 0.01, 0.006, 0.016
Node_Acid38_Acid8_0, 0.572, 0.005, 0.094, 0.23, 0.504, 0, 0.572, 0.519, 0.049
Node_Acid38_B130X1_0, 0.612, 0.005, 0.929, 0.325, 0.524, 0, 0.612, 0.586, 0.02
Node_Acid39_Acid35_0, 0.043, 0, 0.411, 0.116, 0.043, 0, 0.043, 0.038, 0.022
Node_Acid3_Acid14_0, 0.01, 0, 0.108, 0.04, 0.01, 0, 0.01, 0.008, 0.013
Node_Acid3_Acid6_0, 0.105, 0, 0.043, 0.046, 0.101, 0, 0.105, 0.061, 0.052
Node_Acid40_Acid20_0, 0.005, 0, 0.024, 0.024, 0.005, 0, 0.005, 0.002, 0.019
Node_Acid5_Acid23_0, 0.019, 0, 0.033, 0.017, 0.018, 0, 0.019, 0.009, 0.013
Node_Acid5_Acid37_0, 0.039, 0.001, 0.175, 0.072, 0.039, 0, 0.039, 0.035, 0.009
Node_Acid6_Acid28_0, 0.255, 0, 0.025, 0.053, 0.254, 0, 0.255, 0.092, 0.175
Node_Acid8_Acid9_0, 0.533, 0.002, 0.078, 0.223, 0.483, 0, 0.533, 0.494, 0.037
Node_Acid9_Acid39_0, 0.432, 0, 0.188, 0.195, 0.418, 0, 0.432, 0.35, 0.087
Node_Acti10_Acti11_0, 0.098, 0, 0.006, 0.023, 0.096, 0, 0.098, 0.048, 0.052
Node_Acti10_Acti25_0, 0.262, 0, 0.063, 0.079, 0.255, 0, 0.262, 0.041, 0.227
Node_Acti10_Acti26_0, 0.052, 0, 0.712, 0.029, 0.051, 0, 0.052, 0.041, 0.015
Node_Acti10_Acti31_0, 0.187, 0.001, 0.222, 0.08, 0.182, 0, 0.187, 0.048, 0.146
Node_Acti10_Acti3_0, 0.992, 0, 0.042, 0.039, 0.985, 0, 0.992, 0.981, 0.035
Node_Acti10_Acti7_0, 0.999, 0.008, 0.017, 0.15, 0.98, 0, 0.999, 0.178, 0.821
Node_Acti11_Acti22_0, 0.202, 0, 0.047, 0.031, 0.2, 0, 0.202, 0.056, 0.151
Node_Acti12_Acti21_0, 0.007, 0.001, 0.02, 0.021, 0.007, 0, 0.007, 0.001, 0.021
Node_Acti12_Acti48_0, 0.005, 0, 0.023, 0.026, 0.005, 0, 0.005, 0.002, 0.017
Node_Acti14_Acti33_0, 0.138, 0.002, 0.025, 0.048, 0.132, 0, 0.138, 0.096, 0.05
Node_Acti14_Acti34_0, 0.182, 0.001, 0.118, 0.067, 0.18, 0, 0.182, 0.035, 0.161
Node_Acti14_Acti6_0, 1.01, 0.002, 0.028, 0.049, 0.996, 0, 1.01, 0.171, 0.854
Node_Acti18_Acti16_0, 1.01, 0.001, 0.028, 0.027, 0.999, 0, 1.01, 0.711, 0.317
Node_Acti18_Acti4_0, 0.72, 0, 0.083, 0.031, 0.716, 0, 0.72, 0.668, 0.056
Node_Acti19_Acti13_0, 1.004, 0.001, 0.014, 0.014, 1, 0, 1.004, 1.001, 0.007
Node_Acti19_Acti23_0, 1.003, 0, 0.02, 0.019, 0.999, 0, 1.003, 0.998, 0.019
Node_Acti19_Acti42_0, 1.004, 0.004, 0.022, 0.248, 0.998, 0, 1.004, 0.927, 0.076
Node_Acti19_Acti49_0, 1.01, 0.003, 0.012, 0.011, 1, 0, 1.01, 0.999, 0.012
Node_Acti19_Acti8_0, 1.007, 0, 0.008, 0.009, 0.999, 0, 1.007, 1, 0.011
Node_Acti33_Acti35_0, 0.197, 0, 0.043, 0.06, 0.196, 0, 0.197, 0.107, 0.102
Node_Acti43_Acti36_0, 0.009, 0, 0.096, 0.027, 0.009, 0, 0.009, 0.005, 0.015
Node_Acti46_Acti41_0, 0.022, 0, 0.1, 0.041, 0.022, 0, 0.022, 0.012, 0.026
Node_Acti47_Acti45_0, 0.012, 0.001, 0.208, 0.072, 0.012, 0, 0.012, 0.008, 0.012
Node_Acti49_Acti15_0, 0.041, 0, 1.007, 0.026, 0.04, 0, 0.041, 0.012, 0.036
Node_Acti49_Acti32_0, 0.009, 0, 0.015, 0.02, 0.009, 0, 0.009, 0.003, 0.019
Node_Acti49_Acti38_0, 0.005, 0, 0.053, 0.025, 0.005, 0, 0.005, 0.004, 0.017
Node_Acti49_Acti40_0, 1.012, 0.001, 0.018, 0.018, 0.997, 0, 1.012, 1, 0.019
Node_Acti50_Acti10_0, 0.749, 0, 0.024, 0.033, 0.728, 0, 0.749, 0.73, 0.026
Node_Acti50_Acti14_0, 0.111, 0.001, 0.669, 0.052, 0.108, 0, 0.111, 0.084, 0.032
Node_Acti50_Acti18_0, 0.747, 0, 0.02, 0.044, 0.728, 0, 0.747, 0.731, 0.018
Node_Acti50_Acti19_0, 0.946, 0.006, 0.031, 0.248, 0.931, 0, 0.946, 0.861, 0.078
Node_Acti50_Acti20_0, 0.863, 0.005, 0.101, 0.261, 0.829, 0, 0.863, 0.842, 0.018
Node_Acti50_Acti28_0, 1.019, 0.012, 0.016, 0.262, 0.999, 0, 1.019, 0.197, 0.816
Node_Acti50_Acti39_0, 0.747, 0, 0.206, 0.1, 0.736, 0, 0.747, 0.745, 0.007
Node_Acti50_Acti43_0, 0.09, 0, 0.044, 0.045, 0.089, 0, 0.09, 0.078, 0.023
Node_Acti50_Acti46_0, 0.096, 0.001, 0.023, 0.048, 0.094, 0, 0.096, 0.077, 0.028
Node_Acti50_Acti47_0, 0.207, 0.001, 0.024, 0.097, 0.202, 0, 0.207, 0.114, 0.109
Node_Acti50_Acti51_0, 0.893, 0.011, 0.028, 0.221, 0.863, 0, 0.893, 0.834, 0.047
Node_Acti50_Acti52_0, 0.121, 0.002, 0.019, 0.04, 0.118, 0, 0.121, 0.089, 0.042
Node_Acti50_FirmF1_0, 0.941, 0.007, 0.283, 0.408, 0.841, 0, 0.941, 0.92, 0.017
Node_Acti51_Acti27_0, 0.026, 0, 0.15, 0.114, 0.026, 0, 0.026, 0.023, 0.011
Node_Acti51_Acti9_0, 0.165, 0, 0.731, 0.313, 0.164, 0, 0.165, 0.164, 0.003
Node_Acti52_Acti12_0, 0.011, 0, 0.025, 0.023, 0.011, 0, 0.011, 0.005, 0.019
Node_Acti52_Acti37_0, 0.017, 0, 0.127, 0.038, 0.017, 0, 0.017, 0.009, 0.023
Node_Acti52_Acti44_0, 0.006, 0, 0.024, 0.023, 0.006, 0, 0.006, 0.001, 0.019
Node_Acti8_Acti24_0, 0.008, 0, 0.02, 0.027, 0.008, 0, 0.008, 0.003, 0.025
Node_Acti8_Acti2_0, 0.011, 0, 1.008, 0.012, 0.011, 0, 0.011, 0.003, 0.012
Node_Acti8_Acti5_0, 0.003, 0, 0.016, 0.016, 0.003, 0, 0.003, 0.002, 0.008
Node_Acti9_Acti29_0, 0.015, 0, 0.033, 0.029, 0.015, 0, 0.015, 0.009, 0.01
Node_Acti9_Acti30_0, 0.038, 0, 0.137, 0.121, 0.038, 0, 0.038, 0.035, 0.01
Node_Aero1_NPL1_0, 0.021, 0, 0.066, 0.046, 0.021, 0, 0.021, 0.019, 0.005
Node_Aero1_UBA6X1_0, 0.33, 0, 1.047, 0.408, 0.3, 0, 0.33, 0.327, 0.005
Node_Aero1_UBA9X1_0, 0.082, 0, 0.248, 0.144, 0.079, 0, 0.082, 0.082, 0
Node_Aqui2_Aqui1_0, 1.01, 0.002, 0.024, 0.088, 0.998, 0, 1.01, 0.167, 0.851
Node_Aqui2_Aqui3_0, 0.188, 0.002, 0.806, 0.394, 0.179, 0, 0.188, 0.175, 0.021
Node_Aqui2_Aqui5_0, 0.181, 0, 0.048, 0.059, 0.177, 0, 0.181, 0.052, 0.143
Node_Aqui2_Aqui6_0, 0.086, 0, 0.144, 0.115, 0.084, 0, 0.086, 0.051, 0.042
Node_Aqui2_Camp1_0, 1.468, 0.018, 0.065, 0.464, 0.91, 0, 1.468, 1.411, 0.025
Node_Aqui2_Thers1_0, 0.971, 0.005, 0.515, 0.584, 0.729, 0, 0.971, 0.956, 0.013
Node_Aqui6_Aqui4_0, 0.006, 0.001, 0.1, 0.049, 0.006, 0, 0.006, 0.003, 0.019
Node_Arma12_Arma11_0, 1.743, 0.013, 0.031, 0.412, 0.989, 0, 1.743, 1.425, 0.309
Node_Arma12_Arma7_0, 1.621, 0.005, 0.224, 0.705, 0.987, 0, 1.621, 1.524, 0.097
Node_Arma15_Arma13_0, 0.014, 0, 0.031, 0.033, 0.014, 0, 0.014, 0.002, 0.031
Node_Arma4_Acti50_0, 1.2, 0.062, 0.511, 0.59, 0.904, 0, 1.2, 1.041, 0.041
Node_Arma4_Arma12_0, 1.452, 0.004, 0.061, 0.64, 0.977, 0, 1.452, 0.823, 0.627
Node_Arma4_Arma14_0, 1.032, 0, 0.463, 0.176, 1, 0, 1.032, 0.999, 0.043
Node_Arma4_Arma6_0, 0.882, 0.006, 0.033, 0.285, 0.666, 0, 0.882, 0.43, 0.449
Node_Arma4_CSP1X1_0, 0.953, 0.008, 0.163, 0.422, 0.818, 0, 0.953, 0.894, 0.052
Node_Arma4_Erem6_0, 0.481, 0.002, 0.529, 0.35, 0.433, 0, 0.481, 0.426, 0.055
Node_Arma4_Pate48_0, 1.056, 0.019, 0.173, 0.375, 0.864, 0, 1.056, 1.011, 0.01
Node_Arma4_UBP13X1_0, 0.46, 0.004, 0.143, 0.177, 0.411, 0, 0.46, 0.341, 0.118
Node_Arma6_Arma15_0, 0.014, 0, 0.061, 0.038, 0.014, 0, 0.014, 0.01, 0.01
Node_Arma6_Arma16_0, 0.454, 0.004, 0.182, 0.247, 0.442, 0, 0.454, 0.401, 0.051
Node_Arma6_Arma3_0, 0.581, 0, 0.41, 0.353, 0.5, 0, 0.581, 0.474, 0.109
Node_Arma6_Arma9_0, 0.065, 0, 0.398, 0.141, 0.065, 0, 0.065, 0.059, 0.009
Node_Aure2_Aure1_0, 0.014, 0, 0.099, 0.054, 0.014, 0, 0.014, 0.008, 0.01
Node_Bact1_Bact11_0, 0.013, 0, 0.019, 0.024, 0.013, 0, 0.013, 0.003, 0.019
Node_Bact1_Bact17_0, 0.013, 0, 0.056, 0.018, 0.011, 0, 0.013, 0.007, 0.011
Node_Bact20_Bact1_0, 0.058, 0, 0.011, 0.019, 0.058, 0, 0.058, 0.007, 0.058
Node_Bact20_Bact30_0, 0.229, 0, 0.016, 0.062, 0.227, 0, 0.229, 0.052, 0.187
Node_Bact21_Bact29_0, 0.004, 0, 0.02, 0.019, 0.004, 0, 0.004, 0.001, 0.013
Node_Bact21_Bact36_0, 0.011, 0, 0.013, 0.02, 0.01, 0, 0.011, 0.005, 0.011
Node_Bact21_Bact44_0, 0.013, 0, 0.084, 0.034, 0.013, 0, 0.013, 0.007, 0.015
Node_Bact22_Bact31_0, 0.007, 0, 0.014, 0.015, 0.007, 0, 0.007, 0.001, 0.012
Node_Bact22_Bact5_0, 0.009, 0.001, 0.025, 0.023, 0.009, 0, 0.009, 0.003, 0.014
Node_Bact23_Bact28_0, 0.002, 0, 0.017, 0.016, 0.002, 0, 0.002, 0, 0.013
Node_Bact23_Bact34_0, 0.006, 0, 0.009, 0.01, 0.006, 0, 0.006, 0, 0.012
Node_Bact23_Bact4_0, 0.003, 0, 0.011, 0.014, 0.003, 0, 0.003, 0.001, 0.009
Node_Bact24_Bact23_0, 0.005, 0, 0.002, 0.002, 0.005, 0, 0.005, 0.002, 0.004
Node_Bact24_Bact25_0, 0.007, 0, 0.006, 0.006, 0.007, 0, 0.007, 0.002, 0.008
Node_Bact24_Bact3_0, 0.003, 0, 0.011, 0.011, 0.003, 0, 0.003, 0.002, 0.006
Node_Bact24_Bact7_0, 0.008, 0, 0.016, 0.015, 0.008, 0, 0.008, 0.006, 0.008
Node_Bact25_Bact20_0, 0.011, 0, 0.009, 0.011, 0.011, 0, 0.011, 0.002, 0.017
Node_Bact25_Bact2_0, 0.003, 0, 0.015, 0.015, 0.003, 0, 0.003, 0.001, 0.011
Node_Bact27_Bact19_0, 0.243, 0.001, 0.02, 0.107, 0.242, 0, 0.243, 0.075, 0.18
Node_Bact27_Bact21_0, 0.082, 0, 0.006, 0.026, 0.082, 0, 0.082, 0.021, 0.065
Node_Bact27_Bact22_0, 0.019, 0, 0.01, 0.009, 0.019, 0, 0.019, 0.009, 0.013
Node_Bact27_Bact24_0, 0.016, 0, 0.014, 0.011, 0.016, 0, 0.016, 0.009, 0.009
Node_Bact27_Bact35_0, 0.037, 0, 0.23, 0.07, 0.037, 0, 0.037, 0.023, 0.024
Node_Bact27_Bact37_0, 0.023, 0, 0.01, 0.012, 0.023, 0, 0.023, 0.012, 0.014
Node_Bact27_Bact40_0, 0.046, 0, 0.037, 0.044, 0.046, 0, 0.046, 0.017, 0.046
Node_Bact27_Mari3_0, 0.021, 0, 0.019, 0.012, 0.021, 0, 0.021, 0.016, 0.005
Node_Bact29_Bact9_0, 0.008, 0, 0.022, 0.027, 0.007, 0, 0.008, 0, 0.026
Node_Bact30_Bact32_0, 1.011, 0.006, 0.028, 0.292, 1, 0, 1.011, 0.22, 0.804
Node_Bact31_Bact38_0, 0.008, 0, 0.02, 0.026, 0.008, 0, 0.008, 0, 0.021
Node_Bact33_Bact10_0, 0.008, 0, 0.021, 0.025, 0.008, 0, 0.008, 0, 0.025
Node_Bact33_Bact39_0, 0.005, 0, 0.015, 0.013, 0.005, 0, 0.005, 0.001, 0.012
Node_Bact33_Bact6_0, 0.004, 0, 0.017, 0.017, 0.004, 0, 0.004, 0, 0.012
Node_Bact36_Bact43_0, 0.008, 0, 0.023, 0.021, 0.008, 0, 0.008, 0.002, 0.02
Node_Bact37_Bact33_0, 0.009, 0, 0.031, 0.019, 0.009, 0, 0.009, 0.003, 0.017
Node_Bact37_Bact42_0, 0.005, 0, 0.018, 0.019, 0.005, 0, 0.005, 0.002, 0.014
Node_Bact3_Bact12_0, 0.006, 0, 0.008, 0.008, 0.006, 0, 0.006, 0.001, 0.011
Node_Bact3_Bact13_0, 0.008, 0, 0.018, 0.017, 0.008, 0, 0.008, 0, 0.021
Node_Bact3_Bact14_0, 0.006, 0, 0.022, 0.024, 0.006, 0, 0.006, 0.001, 0.02
Node_Bact3_Bact18_0, 0.005, 0, 0.016, 0.016, 0.005, 0, 0.005, 0.001, 0.015
Node_Bact40_Bact41_0, 0.189, 0, 0.027, 0.043, 0.189, 0, 0.189, 0.035, 0.17
Node_Bact5_Bact16_0, 0.005, 0, 0.021, 0.019, 0.005, 0, 0.005, 0.001, 0.017
Node_Bact7_Bact8_0, 0.008, 0, 0.02, 0.02, 0.008, 0, 0.008, 0.001, 0.02
Node_Bdell12_Bdell3_0, 0.029, 0, 0.122, 0.129, 0.029, 0, 0.029, 0.025, 0.017
Node_Bdell13_Bdell12_0, 0.134, 0.001, 0.678, 0.347, 0.134, 0, 0.134, 0.13, 0.006
Node_Bdell14_Bdell11_0, 0.007, 0, 0.011, 0.01, 0.007, 0, 0.007, 0.002, 0.011
Node_Bdell14_Bdell4_0, 0.011, 0, 0.018, 0.023, 0.011, 0, 0.011, 0.002, 0.022
Node_Bdell15_Bdell14_0, 0.007, 0, 0.022, 0.018, 0.007, 0, 0.007, 0.007, 0.007
Node_Bdell15_Bdell7_0, 0.01, 0, 0.016, 0.017, 0.01, 0, 0.01, 0.001, 0.019
Node_Bdell15_Bdell9_0, 0.009, 0, 0.019, 0.019, 0.009, 0, 0.009, 0, 0.018
Node_Bdell17_Bdell15_0, 0.022, 0.001, 0.141, 0.075, 0.022, 0, 0.022, 0.016, 0.012
Node_Bdell17_Bdell16_0, 0.008, 0, 0.034, 0.025, 0.008, 0, 0.008, 0.003, 0.02
Node_Bdell2_Bdell10_0, 0.02, 0, 0.218, 0.038, 0.02, 0, 0.02, 0.019, 0.004
Node_Bdell6_Bdell17_0, 0.15, 0.001, 0.347, 0.186, 0.146, 0, 0.15, 0.109, 0.047
Node_Bdell6_Bdell2_0, 0.234, 0, 0.093, 0.097, 0.232, 0, 0.234, 0.065, 0.177
Node_Bdell6_UBA1X6_0, 0.449, 0.005, 0.541, 0.366, 0.408, 0, 0.449, 0.401, 0.049
Node_Bdell7_Bdell5_0, 0.007, 0, 0.021, 0.019, 0.007, 0, 0.007, 0.001, 0.018
Node_BdellC1_BdellC2_0, 0.082, 0, 0.683, 0.267, 0.08, 0, 0.082, 0.077, 0.014
Node_Bipo1_Bipo2_0, 0.02, 0, 0.071, 0.051, 0.02, 0, 0.02, 0.017, 0.011
Node_Bipo1_Therg8_0, 0.08, 0, 0.122, 0.08, 0.079, 0, 0.08, 0.072, 0.009
Node_CG294X1_CG267X1_0, 0.026, 0, 0.212, 0.085, 0.026, 0, 0.026, 0.022, 0.01
Node_Calda2_Calda1_0, 0.046, 0, 0.109, 0.092, 0.046, 0, 0.046, 0.042, 0.009
Node_Caldit2_Caldit1_0, 1.008, 0.003, 0.174, 0.129, 0.999, 0, 1.008, 0.177, 0.842
Node_Caldit2_Caldit3_0, 0.337, 0, 0.021, 0.029, 0.308, 0, 0.337, 0.072, 0.267
Node_Camp14_Camp15_0, 0.041, 0, 0.608, 0.1, 0.041, 0, 0.041, 0.033, 0.027
Node_Camp1_Camp2_0, 1.014, 0.012, 0.686, 0.363, 0.74, 0, 1.014, 0.91, 0.095
Node_Camp1_Camp3_0, 0.1, 0, 0.923, 0.28, 0.1, 0, 0.1, 0.097, 0.009
Node_Camp1_Camp9_0, 1.593, 0.005, 0.023, 0.187, 0.94, 0, 1.593, 1.352, 0.236
Node_Camp1_UBP6X1_0, 1.375, 0.005, 0.133, 0.19, 0.891, 0, 1.375, 1.335, 0.035
Node_Camp2_Camp11_0, 1.353, 0.006, 0.08, 0.409, 0.828, 0, 1.353, 0.949, 0.413
Node_Camp2_Camp13_0, 2.124, 0.006, 0.067, 0.229, 1, 0, 2.124, 1.696, 0.435
Node_Camp2_Camp4_0, 1.75, 0.02, 0.423, 0.372, 0.973, 0, 1.75, 1.468, 0.278
Node_Camp2_Camp5_0, 1.782, 0.025, 0.052, 0.121, 0.942, 0, 1.782, 1.295, 0.456
Node_Camp2_Camp7_0, 1.875, 0.007, 0.041, 0.259, 0.958, 0, 1.875, 1.749, 0.127
Node_Camp4_Camp16_0, 1.085, 0.001, 0.868, 0.127, 0.907, 0, 1.085, 0.901, 0.202
Node_Camp5_Camp10_0, 1.434, 0, 0.02, 0.213, 0.921, 0, 1.434, 1.333, 0.111
Node_Camp5_Camp12_0, 1.343, 0.003, 0.474, 0.174, 0.895, 0, 1.343, 1.317, 0.032
Node_Camp7_Camp14_0, 0.622, 0.001, 1.405, 0.313, 0.568, 0, 0.622, 0.484, 0.151
Node_Camp9_Camp6_0, 1.57, 0.003, 0.13, 0.34, 0.949, 0, 1.57, 1.471, 0.104
Node_Chlo12_Chlo24_0, 0.017, 0, 0.092, 0.041, 0.017, 0, 0.017, 0.013, 0.011
Node_Chlo26_Chlo11_0, 0.193, 0.002, 0.666, 0.518, 0.192, 0, 0.193, 0.186, 0.013
Node_Chlo26_Chlo9_0, 0.844, 0.004, 0.03, 0.162, 0.836, 0, 0.844, 0.8, 0.047
Node_Chlo30_Chlo20_0, 0.015, 0, 0.021, 0.019, 0.015, 0, 0.015, 0.01, 0.012
Node_Chlo30_Chlo23_0, 0.024, 0, 0.06, 0.054, 0.024, 0, 0.024, 0.017, 0.015
Node_Chlo30_Chlo36_0, 0.069, 0.002, 0.288, 0.093, 0.069, 0, 0.069, 0.064, 0.012
Node_Chlo30_Chlo37_0, 0.008, 0, 0.023, 0.019, 0.008, 0, 0.008, 0.004, 0.016
Node_Chlo30_Chlo38_0, 0.259, 0.001, 0.165, 0.115, 0.251, 0, 0.259, 0.244, 0.015
Node_Chlo30_Chlo41_0, 0.275, 0.002, 0.05, 0.066, 0.259, 0, 0.275, 0.215, 0.064
Node_Chlo30_Chlo43_0, 0.292, 0.003, 0.059, 0.047, 0.272, 0, 0.292, 0.217, 0.073
Node_Chlo30_Chlo6_0, 0.343, 0.002, 0.085, 0.056, 0.337, 0, 0.343, 0.208, 0.134
Node_Chlo30_Dorm2_0, 0.408, 0.004, 0.202, 0.237, 0.376, 0, 0.408, 0.39, 0.016
Node_Chlo31_Chlo25_0, 0.014, 0, 0.04, 0.037, 0.014, 0, 0.014, 0.008, 0.024
Node_Chlo35_Chlo21_0, 0.018, 0, 0.162, 0.056, 0.018, 0, 0.018, 0.016, 0.004
Node_Chlo36_Chlo13_0, 0.756, 0, 0.022, 0.022, 0.75, 0, 0.756, 0.737, 0.03
Node_Chlo36_Chlo14_0, 0.788, 0.001, 0.017, 0.245, 0.784, 0, 0.788, 0.222, 0.574
Node_Chlo36_Chlo28_0, 0.23, 0.001, 0.017, 0.073, 0.228, 0, 0.23, 0.052, 0.185
Node_Chlo36_Chlo33_0, 0.061, 0, 0.021, 0.033, 0.06, 0, 0.061, 0.018, 0.048
Node_Chlo36_Chlo40_0, 0.815, 0, 0.015, 0.042, 0.805, 0, 0.815, 0.749, 0.074
Node_Chlo36_Chlo5_0, 0.748, 0, 0.057, 0.024, 0.745, 0, 0.748, 0.741, 0.017
Node_Chlo36_Chlo8_0, 0.034, 0, 0.051, 0.049, 0.034, 0, 0.034, 0.019, 0.016
Node_Chlo38_Chlo19_0, 0.009, 0, 0.038, 0.031, 0.009, 0, 0.009, 0.005, 0.017
Node_Chlo38_Chlo31_0, 0.03, 0.002, 0.243, 0.078, 0.03, 0, 0.03, 0.024, 0.012
Node_Chlo41_Chlo29_0, 0.053, 0, 0.088, 0.039, 0.052, 0, 0.053, 0.028, 0.026
Node_Chlo41_Chlo32_0, 0.133, 0.002, 0.018, 0.058, 0.131, 0, 0.133, 0.041, 0.096
Node_Chlo41_Chlo39_0, 0.011, 0, 0.033, 0.033, 0.011, 0, 0.011, 0.002, 0.03
Node_Chlo41_Chlo44_0, 0.025, 0, 0.114, 0.053, 0.025, 0, 0.025, 0.021, 0.006
Node_Chlo41_Chlo4_0, 0.115, 0, 0.177, 0.069, 0.113, 0, 0.115, 0.103, 0.017
Node_Chlo41_Chlo7_0, 0.014, 0, 0.033, 0.026, 0.013, 0, 0.014, 0.005, 0.022
Node_Chlo42_Chlo34_0, 0.01, 0, 0.032, 0.035, 0.01, 0, 0.01, 0.005, 0.019
Node_Chlo43_Chlo42_0, 0.023, 0, 0.085, 0.043, 0.023, 0, 0.023, 0.016, 0.015
Node_Chlo43_Chlo45_0, 0.219, 0.002, 0.132, 0.089, 0.209, 0, 0.219, 0.168, 0.057
Node_Chlo43_Chlo47_0, 0.093, 0.001, 0.147, 0.074, 0.092, 0, 0.093, 0.078, 0.02
Node_Chlo44_Chlo17_0, 0.004, 0, 0.008, 0.007, 0.004, 0, 0.004, 0.002, 0.007
Node_Chlo44_Chlo22_0, 0.005, 0, 0.026, 0.017, 0.005, 0, 0.005, 0.002, 0.006
Node_Chlo45_Chlo27_0, 0.35, 0, 0.082, 0.114, 0.331, 0, 0.35, 0.143, 0.213
Node_Chlo45_Chlo46_0, 0.284, 0, 0.274, 0.254, 0.278, 0, 0.284, 0.082, 0.208
Node_Chlo47_Chlo48_0, 0.105, 0.001, 0.042, 0.062, 0.103, 0, 0.105, 0.066, 0.053
Node_Chlo48_Chlo10_0, 0.281, 0, 0.029, 0.098, 0.276, 0, 0.281, 0.098, 0.205
Node_Chlo4_Chlo12_0, 0.098, 0, 0.028, 0.043, 0.098, 0, 0.098, 0.092, 0.011
Node_Chlo4_Chlo35_0, 0.176, 0.001, 0.026, 0.097, 0.173, 0, 0.176, 0.082, 0.103
Node_Chlo5_Chlo16_0, 0.006, 0, 0.756, 0.021, 0.006, 0, 0.006, 0.003, 0.014
Node_Chlo6_Chlo18_0, 0.841, 0.004, 0.034, 0.254, 0.834, 0, 0.841, 0.795, 0.048
Node_Chlo6_Chlo26_0, 0.823, 0.006, 0.025, 0.137, 0.812, 0, 0.823, 0.321, 0.499
Node_Chlo7_Chlo15_0, 0.012, 0, 0.02, 0.016, 0.011, 0, 0.012, 0.002, 0.018
Node_Chry1_Aqui2_0, 1.49, 0.014, 0.226, 0.493, 0.923, 0, 1.49, 1.464, 0.003
Node_Chry1_Defe3_0, 0.301, 0.006, 1.206, 0.862, 0.276, 0, 0.301, 0.294, 0.011
Node_Cyan10_Cyan35_0, 1.091, 0, 1.27, 0.455, 0.964, 0, 1.091, 1.073, 0.024
Node_Cyan10_Cyan45_0, 0.026, 0, 1.081, 0.099, 0.025, 0, 0.026, 0.022, 0.016
Node_Cyan10_Cyan46_0, 2.337, 0.009, 0.036, 0.605, 1, 0, 2.337, 1.749, 0.586
Node_Cyan11_Cyan26_0, 1.314, 0, 0.071, 0.034, 0.95, 0, 1.314, 1.247, 0.079
Node_Cyan12_Cyan13_0, 1.014, 0.003, 0.013, 0.262, 0.999, 0, 1.014, 0.457, 0.563
Node_Cyan13_Cyan18_0, 1.006, 0, 0.03, 0.035, 1, 0, 1.006, 1.001, 0.022
Node_Cyan14_Cyan15_0, 0.906, 0.004, 0.251, 0.278, 0.9, 0, 0.906, 0.885, 0.028
Node_Cyan14_Cyan16_0, 1.125, 0.011, 0.033, 0.104, 0.985, 0, 1.125, 1.053, 0.068
Node_Cyan14_Cyan23_0, 1.079, 0.003, 0.268, 0.112, 0.981, 0, 1.079, 1.058, 0.026
Node_Cyan16_Cyan29_0, 1.159, 0.002, 0.12, 0.198, 0.946, 0, 1.159, 1.022, 0.152
Node_Cyan19_Cyan22_0, 1.048, 0.008, 0.083, 0.873, 0.997, 0, 1.048, 1.009, 0.031
Node_Cyan19_Cyan47_0, 0.898, 0.001, 0.324, 0.174, 0.781, 0, 0.898, 0.735, 0.173
Node_Cyan28_chloroArabidopsis_0, 0.012, 0, 0.021, 0.013, 0.012, 0, 0.012, 0.008, 0.008
Node_Cyan2_Cyan1_0, 0.068, 0, 0.449, 0.201, 0.066, 0, 0.068, 0.063, 0.013
Node_Cyan31_Cyan34_0, 1.972, 0, 0.038, 0.215, 0.998, 0, 1.972, 1.96, 0.027
Node_Cyan33_Cyan21_0, 1.024, 0.006, 0.127, 0.698, 1, 0, 1.024, 1.007, 0.023
Node_Cyan38_Cyan28_0, 0.025, 0, 0.182, 0.053, 0.025, 0, 0.025, 0.021, 0.011
Node_Cyan40_Arma4_0, 1.608, 0.052, 0.031, 0.477, 0.958, 0.001, 1.608, 1.485, 0.024
Node_Cyan40_Cyan10_0, 1.778, 0.002, 0.02, 0.098, 1, 0, 1.778, 1.504, 0.277
Node_Cyan40_Cyan11_0, 1.306, 0, 0.118, 0.079, 0.945, 0, 1.306, 1.278, 0.04
Node_Cyan40_Cyan14_0, 1.318, 0.155, 0.049, 0.293, 1, 0, 1.318, 0.907, 0.12
Node_Cyan40_Cyan19_0, 1.092, 0.066, 0.032, 0.304, 0.995, 0, 1.092, 0.356, 0.663
Node_Cyan40_Cyan20_0, 0.231, 0, 0.247, 0.176, 0.22, 0, 0.231, 0.191, 0.045
Node_Cyan40_Cyan24_0, 1.519, 0.021, 0.055, 0.565, 1, 0, 1.519, 1.256, 0.235
Node_Cyan40_Cyan25_0, 1.384, 0.003, 0.42, 0.439, 0.994, 0, 1.384, 1.363, 0.023
Node_Cyan40_Cyan27_0, 0.493, 0, 1.022, 0.133, 0.458, 0, 0.493, 0.299, 0.209
Node_Cyan40_Cyan2_0, 0.504, 0.002, 0.222, 0.254, 0.469, 0, 0.504, 0.5, 0.004
Node_Cyan40_Cyan36_0, 0.395, 0.004, 0.019, 0.108, 0.386, 0, 0.395, 0.189, 0.214
Node_Cyan40_Cyan37_0, 0.132, 0, 0.092, 0.048, 0.132, 0, 0.132, 0.116, 0.023
Node_Cyan40_Cyan38_0, 0.196, 0.001, 0.015, 0.039, 0.195, 0, 0.196, 0.127, 0.078
Node_Cyan40_Cyan42_0, 0.201, 0.001, 0.095, 0.087, 0.192, 0, 0.201, 0.148, 0.064
Node_Cyan40_Cyan7_0, 0.433, 0.003, 0.087, 0.152, 0.415, 0, 0.433, 0.414, 0.013
Node_Cyan40_Marg1_0, 0.72, 0.004, 0.569, 0.474, 0.597, 0, 0.72, 0.713, 0.001
Node_Cyan40_Therd1_0, 1.284, 0.009, 0.346, 0.435, 0.872, 0, 1.284, 1.256, 0.013
Node_Cyan42_Cyan3_0, 0.393, 0, 0.139, 0.128, 0.349, 0, 0.393, 0.077, 0.331
Node_Cyan46_Cyan30_0, 2.428, 0.006, 0.034, 0.304, 1, 0, 2.428, 2.313, 0.119
Node_Cyan46_Cyan31_0, 1.983, 0.008, 0.984, 0.355, 0.999, 0, 1.983, 1.447, 0.531
Node_Cyan46_Cyan32_0, 1.167, 0.001, 0.033, 0.039, 0.995, 0, 1.167, 1.029, 0.145
Node_Cyan46_Cyan33_0, 1.122, 0.007, 0.914, 0.195, 1, 0, 1.122, 1.068, 0.046
Node_Cyan46_Cyan41_0, 1.054, 0, 0.114, 0.077, 1, 0, 1.054, 1.024, 0.046
Node_Cyan47_Cyan43_0, 1.028, 0.004, 0.737, 0.171, 0.996, 0, 1.028, 0.174, 0.863
Node_Cyan47_Cyan44_0, 1.008, 0, 0.042, 0.048, 1, 0, 1.008, 0.999, 0.022
Node_Cyan4_Cyan8_0, 0.059, 0.001, 0.36, 0.154, 0.059, 0, 0.059, 0.055, 0.011
Node_Cyan4_Cyan9_0, 0.022, 0, 0.049, 0.044, 0.022, 0, 0.022, 0.014, 0.012
Node_Cyan7_Cyan12_0, 0.461, 0, 0.018, 0.116, 0.459, 0, 0.461, 0.393, 0.072
Node_Cyan7_Cyan4_0, 0.407, 0.004, 0.061, 0.127, 0.398, 0, 0.407, 0.37, 0.031
Node_DTU0X1_SLNR1_0, 0.006, 0, 0.012, 0.012, 0.006, 0, 0.006, 0.004, 0.007
Node_Defe3_Defe1_0, 0.056, 0, 0.249, 0.289, 0.056, 0, 0.056, 0.055, 0.004
Node_Defe3_Defe2_0, 0.017, 0, 0.055, 0.043, 0.017, 0, 0.017, 0.012, 0.016
Node_Dein4_Dein2_0, 0.195, 0, 0.051, 0.095, 0.184, 0, 0.195, 0.037, 0.17
Node_Dein4_Dein6_0, 1.012, 0.005, 0.141, 0.476, 0.999, 0, 1.012, 0.069, 0.953
Node_Dein5_Bipo1_0, 0.193, 0.003, 0.312, 0.242, 0.184, 0, 0.193, 0.184, 0.005
Node_Dein5_Dein1_0, 0.149, 0, 0.035, 0.03, 0.149, 0, 0.149, 0.008, 0.154
Node_Dein5_Dein4_0, 0.076, 0.001, 0.15, 0.138, 0.073, 0, 0.076, 0.05, 0.032
Node_Dein5_Dein7_0, 0.03, 0, 0.063, 0.04, 0.03, 0, 0.03, 0.02, 0.017
Node_Dein7_Dein3_0, 0.004, 0, 0.039, 0.026, 0.004, 0, 0.004, 0.002, 0.013
Node_DesuB1_DesuB2_0, 1.021, 0.004, 0.136, 0.322, 0.999, 0, 1.021, 0.797, 0.223
Node_DesuB4_BdellC1_0, 0.751, 0.002, 0.072, 0.225, 0.717, 0, 0.751, 0.711, 0.037
Node_DesuB4_DesuB1_0, 0.93, 0.004, 0.031, 0.274, 0.816, 0, 0.93, 0.726, 0.206
Node_DesuB4_DesuB3_0, 1.103, 0.001, 0.71, 0.325, 0.999, 0, 1.103, 0.229, 0.882
Node_DesuB4_Desua5_0, 0.784, 0.001, 0.194, 0.282, 0.72, 0, 0.784, 0.745, 0.04
Node_DesuB4_Myxo10_0, 0.937, 0.005, 0.46, 0.264, 0.79, 0, 0.937, 0.375, 0.558
Node_DesuC2_DesuC1_0, 0.728, 0, 0.041, 0.05, 0.719, 0, 0.728, 0.673, 0.066
Node_DesuC2_Desua47_0, 0.703, 0.009, 0.095, 0.359, 0.678, 0, 0.703, 0.556, 0.139
Node_DesuD2_DesuD1_0, 1.01, 0.001, 0.04, 0.323, 0.999, 0, 1.01, 0.807, 0.212
Node_Desua11_Desua27_0, 0.48, 0.002, 0.154, 0.142, 0.476, 0, 0.48, 0.423, 0.068
Node_Desua16_Desua15_0, 1.013, 0, 0.047, 0.049, 0.992, 0, 1.013, 0.997, 0.033
Node_Desua16_Desua20_0, 0.169, 0, 0.146, 0.116, 0.154, 0, 0.169, 0.092, 0.08
Node_Desua16_Desua24_0, 1.027, 0.006, 0.294, 0.503, 0.995, 0, 1.027, 0.266, 0.767
Node_Desua16_Desua6_0, 0.235, 0.002, 0.582, 0.333, 0.221, 0, 0.235, 0.205, 0.035
Node_Desua16_Desua9_0, 0.548, 0.003, 0.037, 0.143, 0.451, 0, 0.548, 0.142, 0.413
Node_Desua1_Desua34_0, 0.091, 0, 1.011, 0.178, 0.09, 0, 0.091, 0.085, 0.021
Node_Desua1_Desua3_0, 1.081, 0.001, 0.044, 0.199, 0.881, 0, 1.081, 0.903, 0.188
Node_Desua1_Desua43_0, 0.936, 0, 0.084, 0.188, 0.845, 0, 0.936, 0.866, 0.074
Node_Desua22_Desua10_0, 0.077, 0, 0.778, 0.172, 0.076, 0, 0.077, 0.072, 0.012
Node_Desua22_Desua13_0, 0.843, 0.002, 0.018, 0.146, 0.838, 0, 0.843, 0.825, 0.022
Node_Desua22_Desua14_0, 0.015, 0, 0.081, 0.049, 0.015, 0, 0.015, 0.012, 0.019
Node_Desua22_Desua16_0, 0.78, 0.005, 0.364, 0.433, 0.724, 0, 0.78, 0.723, 0.053
Node_Desua22_Desua23_0, 0.008, 0, 0.015, 0.007, 0.008, 0, 0.008, 0.003, 0.008
Node_Desua22_Desua26_0, 0.837, 0.002, 0.08, 0.168, 0.826, 0, 0.837, 0.829, 0.009
Node_Desua22_Desua4_0, 0.906, 0.013, 0.079, 0.283, 0.852, 0, 0.906, 0.696, 0.192
Node_Desua26_Desua30_0, 0.042, 0, 0.802, 0.156, 0.042, 0, 0.042, 0.041, 0.007
Node_Desua28_Desua35_0, 0.029, 0, 0.128, 0.074, 0.028, 0, 0.029, 0.019, 0.02
Node_Desua2_Desua8_0, 0.029, 0, 0.068, 0.056, 0.027, 0, 0.029, 0.019, 0.021
Node_Desua36_Desua38_0, 0.01, 0, 0.028, 0.03, 0.009, 0, 0.01, 0.005, 0.021
Node_Desua36_Desua39_0, 0.017, 0, 0.19, 0.035, 0.017, 0, 0.017, 0.014, 0.011
Node_Desua40_Desua31_0, 0.38, 0, 0.031, 0.083, 0.335, 0, 0.38, 0.142, 0.251
Node_Desua42_Desua11_0, 0.564, 0.003, 0.015, 0.188, 0.557, 0, 0.564, 0.078, 0.494
Node_Desua42_Desua12_0, 0.082, 0, 0.021, 0.046, 0.082, 0, 0.082, 0.033, 0.053
Node_Desua43_Desua50_0, 0.251, 0.001, 0.059, 0.098, 0.247, 0, 0.251, 0.085, 0.177
Node_Desua43_Desua52_0, 0.01, 0, 0.256, 0.029, 0.01, 0, 0.01, 0.005, 0.015
Node_Desua43_Desua54_0, 0.132, 0, 0.857, 0.153, 0.125, 0, 0.132, 0.088, 0.053
Node_Desua44_Desua36_0, 0.196, 0, 0.094, 0.042, 0.194, 0, 0.196, 0.022, 0.187
Node_Desua46_Desua25_0, 0, 0, 0.026, 0.025, 0, 0, 0, 0, 0.016
Node_Desua47_Desua29_0, 0.007, 0, 0.022, 0.017, 0.007, 0, 0.007, 0.001, 0.016
Node_Desua47_Desua37_0, 0.012, 0, 0.697, 0.038, 0.012, 0, 0.012, 0.005, 0.027
Node_Desua47_Desua41_0, 0.013, 0, 0.02, 0.028, 0.012, 0, 0.013, 0.002, 0.021
Node_Desua47_Desua53_0, 0.682, 0, 0.043, 0.048, 0.673, 0, 0.682, 0.665, 0.022
Node_Desua48_Desua33_0, 0.009, 0, 0.021, 0.02, 0.009, 0, 0.009, 0.002, 0.02
Node_Desua48_Desua40_0, 0.16, 0.001, 0.874, 0.053, 0.149, 0, 0.16, 0.111, 0.051
Node_Desua48_Desua42_0, 0.05, 0, 0.143, 0.053, 0.048, 0, 0.05, 0.023, 0.033
Node_Desua48_Desua46_0, 0.01, 0, 0.052, 0.028, 0.01, 0, 0.01, 0.007, 0.012
Node_Desua49_Desua21_0, 0.278, 0, 0.037, 0.083, 0.274, 0, 0.278, 0.076, 0.212
Node_Desua49_Desua32_0, 0.072, 0.001, 1.08, 0.093, 0.07, 0, 0.072, 0.056, 0.021
Node_Desua49_Desua44_0, 0.103, 0, 0.042, 0.055, 0.101, 0, 0.103, 0.041, 0.073
Node_Desua4_Desua1_0, 0.946, 0.006, 0.035, 0.144, 0.875, 0, 0.946, 0.875, 0.069
Node_Desua4_Desua48_0, 0.982, 0.001, 0.063, 0.053, 0.894, 0, 0.982, 0.888, 0.098
Node_Desua4_Desua49_0, 1.13, 0.001, 0.048, 0.101, 0.903, 0, 1.13, 0.937, 0.195
Node_Desua53_Desua51_0, 0.748, 0, 0.032, 0.055, 0.746, 0, 0.748, 0.666, 0.098
Node_Desua6_Desua19_0, 0.026, 0, 0.072, 0.052, 0.026, 0, 0.026, 0.016, 0.022
Node_Desua6_Desua2_0, 0.076, 0, 0.168, 0.116, 0.075, 0, 0.076, 0.073, 0.009
Node_Desua6_Desua7_0, 0.012, 0, 0.03, 0.029, 0.012, 0, 0.012, 0.007, 0.016
Node_Desua9_Desua17_0, 1.021, 0, 0.059, 0.06, 1, 0, 1.021, 1.015, 0.027
Node_Desua9_Desua18_0, 1.053, 0.005, 0.238, 0.31, 0.999, 0, 1.053, 0.324, 0.738
Node_Dorm2_Dorm1_0, 0.007, 0, 0.035, 0.033, 0.007, 0, 0.007, 0.002, 0.026
Node_Dorm2_Dorm3_0, 0.382, 0.001, 0.168, 0.24, 0.374, 0, 0.382, 0.247, 0.141
Node_Dorm2_Dorm4_0, 0.059, 0, 0.339, 0.146, 0.058, 0, 0.059, 0.056, 0.016
Node_Dorm2_Dorm5_0, 0.016, 0, 0.06, 0.051, 0.016, 0, 0.016, 0.013, 0.017
Node_Eise2_Eise1_0, 0.005, 0, 0.037, 0.031, 0.005, 0, 0.005, 0.003, 0.014
Node_Eise4_Eise2_0, 0.028, 0, 0.313, 0.061, 0.028, 0, 0.028, 0.026, 0.008
Node_Eise4_Eise3_0, 0.003, 0, 0.037, 0.032, 0.003, 0, 0.003, 0, 0.012
Node_Elus1_Elus2_0, 0.007, 0, 0.01, 0.01, 0.007, 0, 0.007, 0.003, 0.008
Node_Elus2_Elus3_0, 0.003, 0, 0.012, 0.009, 0.003, 0, 0.003, 0, 0.008
Node_Elus2_Elus5_0, 0.003, 0, 0.004, 0.004, 0.003, 0, 0.003, 0.001, 0.004
Node_Elus3_Elus4_0, 0.031, 0, 0.006, 0.01, 0.031, 0, 0.031, 0.003, 0.032
Node_Elus3_Elus6_0, 0.003, 0, 0.015, 0.016, 0.003, 0, 0.003, 0, 0.011
Node_Elus3_Elus7_0, 0.005, 0, 0.006, 0.007, 0.005, 0, 0.005, 0, 0.008
Node_Elus3_Elus9_0, 0.007, 0, 0.034, 0.011, 0.007, 0, 0.007, 0.001, 0.01
Node_Elus6_Elus8_0, 0.005, 0, 0.012, 0.016, 0.005, 0, 0.005, 0, 0.014
Node_Elus9_Elus10_0, 0.003, 0, 0.011, 0.012, 0.003, 0, 0.003, 0.002, 0.007
Node_Erem4_Erem5_0, 0.048, 0, 0.301, 0.119, 0.048, 0, 0.048, 0.038, 0.025
Node_Erem6_Erem2_0, 0.145, 0, 0.346, 0.193, 0.145, 0, 0.145, 0.138, 0.01
Node_Erem6_Erem3_0, 0.145, 0, 0.059, 0.12, 0.145, 0, 0.145, 0.1, 0.059
Node_Erem6_Erem4_0, 0.324, 0, 0.025, 0.148, 0.324, 0, 0.324, 0.136, 0.204
Node_FCPU1_FCPU2_0, 1.01, 0.005, 0.022, 0.338, 0.999, 0, 1.01, 0.099, 0.919
Node_Ferm1_Eise4_0, 0.333, 0, 0.021, 0.053, 0.322, 0, 0.333, 0.134, 0.2
Node_Ferm1_GemmA1_0, 1.073, 0.003, 0.008, 0.157, 0.994, 0, 1.073, 0.328, 0.745
Node_Ferm1_Krum1_0, 1.159, 0.003, 0.017, 0.257, 0.989, 0, 1.159, 1.059, 0.1
Node_Fibr4_Fibr2_0, 0.004, 0, 0.011, 0.013, 0.004, 0, 0.004, 0.001, 0.01
Node_Fibr4_Fibr3_0, 0.008, 0, 0.038, 0.02, 0.008, 0, 0.008, 0.007, 0.005
Node_Fibr4_Fibr5_0, 0.002, 0, 0.013, 0.014, 0.002, 0, 0.002, 0.001, 0.007
Node_Fibr4_Fibr6_0, 0.005, 0, 0.01, 0.012, 0.005, 0, 0.005, 0, 0.013
Node_Fibr5_Fibr1_0, 0.003, 0, 0.012, 0.013, 0.003, 0, 0.003, 0.001, 0.013
Node_FirmA102_FirmA76_0, 0.01, 0, 0.03, 0.021, 0.01, 0, 0.01, 0.003, 0.017
Node_FirmA104_FirmA78_0, 0.002, 0, 0.034, 0.035, 0.002, 0, 0.002, 0, 0.013
Node_FirmA106_FirmA114_0, 0.023, 0, 0.199, 0.054, 0.023, 0, 0.023, 0.017, 0.018
Node_FirmA109_FirmA77_0, 0.031, 0, 0.015, 0.014, 0.031, 0, 0.031, 0.009, 0.029
Node_FirmA109_FirmA95_0, 0.165, 0, 0.019, 0.029, 0.161, 0, 0.165, 0.025, 0.153
Node_FirmA114_FirmA98_0, 0.005, 0, 0.04, 0.035, 0.005, 0, 0.005, 0.001, 0.022
Node_FirmA11_FirmA67_0, 0.005, 0, 0.017, 0.012, 0.005, 0, 0.005, 0.003, 0.009
Node_FirmA12_FirmA93_0, 0.191, 0, 0.024, 0.034, 0.188, 0, 0.191, 0.046, 0.159
Node_FirmA14_FirmA113_0, 0.005, 0, 0.029, 0.021, 0.005, 0, 0.005, 0.001, 0.013
Node_FirmA18_FirmA103_0, 0.006, 0, 0.019, 0.018, 0.006, 0, 0.006, 0.002, 0.015
Node_FirmA20_FirmA100_0, 0.007, 0, 0.03, 0.029, 0.007, 0, 0.007, 0.004, 0.015
Node_FirmA20_FirmA24_0, 0.286, 0.002, 0.023, 0.263, 0.284, 0, 0.286, 0.257, 0.026
Node_FirmA20_FirmA25_0, 0.089, 0, 0.243, 0.185, 0.089, 0, 0.089, 0.085, 0.009
Node_FirmA20_FirmA38_0, 0.323, 0.003, 0.021, 0.224, 0.321, 0, 0.323, 0.273, 0.055
Node_FirmA20_FirmA52_0, 0.022, 0, 0.077, 0.053, 0.022, 0, 0.022, 0.016, 0.01
Node_FirmA21_FirmA108_0, 0.007, 0, 0.019, 0.018, 0.007, 0, 0.007, 0.003, 0.014
Node_FirmA21_FirmA47_0, 0.007, 0, 0.02, 0.028, 0.007, 0, 0.007, 0, 0.02
Node_FirmA21_FirmA88_0, 0.012, 0, 0.034, 0.023, 0.012, 0, 0.012, 0.002, 0.017
Node_FirmA24_FirmA1_0, 0.06, 0, 0.237, 0.124, 0.059, 0, 0.06, 0.056, 0.011
Node_FirmA24_FirmA8_0, 0.021, 0, 0.052, 0.035, 0.02, 0, 0.021, 0.016, 0.013
Node_FirmA25_FirmA56_0, 0.01, 0, 0.095, 0.074, 0.01, 0, 0.01, 0.008, 0.016
Node_FirmA26_FirmA102_0, 0.023, 0.001, 0.026, 0.034, 0.023, 0, 0.023, 0.018, 0.009
Node_FirmA26_FirmA2_0, 0.039, 0, 0.295, 0.041, 0.039, 0, 0.039, 0.03, 0.014
Node_FirmA26_FirmA41_0, 0.008, 0, 0.031, 0.024, 0.008, 0, 0.008, 0.002, 0.02
Node_FirmA26_FirmA7_0, 0.019, 0, 0.024, 0.019, 0.019, 0, 0.019, 0.013, 0.02
Node_FirmA27_FirmA71_0, 0.003, 0, 0.03, 0.025, 0.003, 0, 0.003, 0, 0.017
Node_FirmA27_FirmA89_0, 0.016, 0, 0.019, 0.017, 0.016, 0, 0.016, 0.003, 0.023
Node_FirmA28_FirmA94_0, 0.004, 0, 0.009, 0.008, 0.004, 0, 0.004, 0.003, 0.008
Node_FirmA29_FirmA51_0, 0.007, 0, 0.025, 0.027, 0.007, 0, 0.007, 0.001, 0.023
Node_FirmA38_FirmA32_0, 0.445, 0.003, 0.013, 0.192, 0.442, 0, 0.445, 0.315, 0.132
Node_FirmA43_FirmA39_0, 0.009, 0, 0.015, 0.018, 0.009, 0, 0.009, 0.004, 0.018
Node_FirmA45_FirmA40_0, 0.015, 0, 0.017, 0.023, 0.015, 0, 0.015, 0.007, 0.02
Node_FirmA50_FirmA70_0, 0.002, 0, 0.023, 0.022, 0.002, 0, 0.002, 0.001, 0.019
Node_FirmA52_FirmA107_0, 0.006, 0, 0.021, 0.026, 0.006, 0, 0.006, 0.001, 0.019
Node_FirmA52_FirmA42_0, 0.008, 0, 0.027, 0.02, 0.008, 0, 0.008, 0.003, 0.013
Node_FirmA53_FirmA35_0, 0.007, 0, 0.034, 0.019, 0.007, 0, 0.007, 0.002, 0.016
Node_FirmA55_FirmA29_0, 0.009, 0, 0.005, 0.005, 0.009, 0, 0.009, 0.002, 0.01
Node_FirmA58_FirmA43_0, 0.006, 0, 0.017, 0.008, 0.006, 0, 0.006, 0.003, 0.009
Node_FirmA59_FirmA36_0, 0.005, 0, 0.015, 0.02, 0.005, 0, 0.005, 0, 0.013
Node_FirmA59_FirmA44_0, 0.007, 0, 0.012, 0.012, 0.007, 0, 0.007, 0.002, 0.01
Node_FirmA59_FirmA48_0, 0.002, 0, 0.025, 0.026, 0.002, 0, 0.002, 0, 0.022
Node_FirmA60_FirmA74_0, 0.005, 0, 0.024, 0.026, 0.005, 0, 0.005, 0, 0.022
Node_FirmA61_FirmA66_0, 0.003, 0, 0.017, 0.017, 0.003, 0, 0.003, 0, 0.013
Node_FirmA62_FirmA104_0, 0.023, 0, 0.062, 0.052, 0.023, 0, 0.023, 0.016, 0.013
Node_FirmA62_FirmA58_0, 0.014, 0, 0.022, 0.019, 0.014, 0, 0.014, 0.009, 0.013
Node_FirmA62_FirmA6_0, 0.013, 0, 0.013, 0.016, 0.013, 0, 0.013, 0.006, 0.012
Node_FirmA63_FirmA109_0, 0.017, 0, 0.023, 0.029, 0.017, 0, 0.017, 0.009, 0.019
Node_FirmA63_FirmA10_0, 0.013, 0, 0.02, 0.02, 0.013, 0, 0.013, 0.004, 0.016
Node_FirmA63_FirmA30_0, 0.007, 0, 0.022, 0.031, 0.007, 0, 0.007, 0.003, 0.016
Node_FirmA63_FirmA45_0, 0.012, 0, 0.017, 0.024, 0.012, 0, 0.012, 0.003, 0.022
Node_FirmA63_FirmA57_0, 0.032, 0, 0.046, 0.064, 0.032, 0, 0.032, 0.026, 0.007
Node_FirmA63_FirmA99_0, 0.021, 0, 0.025, 0.044, 0.021, 0, 0.021, 0.016, 0.014
Node_FirmA64_FirmA33_0, 0.001, 0, 0.024, 0.023, 0.001, 0, 0.001, 0, 0.016
Node_FirmA65_FirmA5_0, 0.007, 0, 0.018, 0.021, 0.007, 0, 0.007, 0, 0.019
Node_FirmA65_FirmA64_0, 0.009, 0, 0.008, 0.008, 0.009, 0, 0.009, 0.002, 0.011
Node_FirmA65_FirmA69_0, 0.006, 0, 0.01, 0.013, 0.006, 0, 0.006, 0.002, 0.01
Node_FirmA65_FirmA97_0, 0.006, 0, 0.014, 0.019, 0.005, 0, 0.006, 0.003, 0.011
Node_FirmA67_FirmA37_0, 0.005, 0, 0.015, 0.01, 0.005, 0, 0.005, 0.003, 0.01
Node_FirmA67_FirmA50_0, 0.006, 0, 0.01, 0.008, 0.006, 0, 0.006, 0, 0.011
Node_FirmA67_FirmA79_0, 0.005, 0, 0.009, 0.009, 0.005, 0, 0.005, 0.001, 0.008
Node_FirmA67_FirmA87_0, 0.01, 0, 0.003, 0.004, 0.01, 0, 0.01, 0.002, 0.008
Node_FirmA69_FirmA28_0, 0.005, 0, 0.01, 0.009, 0.005, 0, 0.005, 0.001, 0.009
Node_FirmA69_FirmA72_0, 0.005, 0, 0.011, 0.012, 0.005, 0, 0.005, 0.002, 0.011
Node_FirmA72_FirmA73_0, 0.006, 0, 0.022, 0.026, 0.006, 0, 0.006, 0.002, 0.023
Node_FirmA7_FirmA12_0, 0.056, 0, 0.021, 0.027, 0.055, 0, 0.056, 0.017, 0.054
Node_FirmA7_FirmA90_0, 0.023, 0, 0.015, 0.018, 0.022, 0, 0.023, 0.01, 0.019
Node_FirmA80_FirmA34_0, 0.173, 0, 0.022, 0.038, 0.172, 0, 0.173, 0.044, 0.143
Node_FirmA81_FirmA14_0, 0.021, 0, 0.056, 0.031, 0.021, 0, 0.021, 0.013, 0.017
Node_FirmA81_FirmA19_0, 0.005, 0, 0.026, 0.018, 0.005, 0, 0.005, 0.002, 0.01
Node_FirmA81_FirmA84_0, 0.028, 0, 0.01, 0.014, 0.028, 0, 0.028, 0.004, 0.029
Node_FirmA81_FirmA92_0, 0.06, 0, 0.015, 0.021, 0.06, 0, 0.06, 0.018, 0.047
Node_FirmA83_FirmA11_0, 0.013, 0, 0.014, 0.016, 0.013, 0, 0.013, 0.007, 0.011
Node_FirmA83_FirmA49_0, 0.001, 0, 0.013, 0.013, 0.001, 0, 0.001, 0, 0.008
Node_FirmA83_FirmA55_0, 0.004, 0, 0.009, 0.016, 0.004, 0, 0.004, 0.001, 0.007
Node_FirmA83_FirmA59_0, 0.009, 0, 0.007, 0.01, 0.009, 0, 0.009, 0.004, 0.007
Node_FirmA83_FirmA65_0, 0.006, 0, 0.011, 0.008, 0.006, 0, 0.006, 0.001, 0.008
Node_FirmA83_FirmA81_0, 0.009, 0, 0.015, 0.016, 0.009, 0, 0.009, 0.005, 0.011
Node_FirmA83_FirmA86_0, 0.006, 0, 0.007, 0.007, 0.006, 0, 0.006, 0, 0.009
Node_FirmA84_FirmA111_0, 0.048, 0, 0.019, 0.014, 0.048, 0, 0.048, 0.013, 0.039
Node_FirmA84_FirmA16_0, 0.489, 0.001, 0.013, 0.039, 0.485, 0, 0.489, 0.314, 0.181
Node_FirmA84_FirmA20_0, 0.281, 0, 0.012, 0.027, 0.281, 0, 0.281, 0.04, 0.245
Node_FirmA84_FirmA26_0, 0.32, 0, 0.015, 0.015, 0.318, 0, 0.32, 0.271, 0.054
Node_FirmA84_FirmA46_0, 0.021, 0.001, 0.064, 0.058, 0.021, 0, 0.021, 0.016, 0.013
Node_FirmA84_FirmA63_0, 0.071, 0.001, 0.428, 0.155, 0.071, 0, 0.071, 0.068, 0.009
Node_FirmA84_FirmA9_0, 0.011, 0, 0.023, 0.02, 0.011, 0, 0.011, 0.005, 0.013
Node_FirmA85_DTU0X1_0, 0.011, 0, 0.028, 0.014, 0.011, 0, 0.011, 0.007, 0.008
Node_FirmA85_FirmA60_0, 0.007, 0, 0.02, 0.019, 0.007, 0, 0.007, 0.002, 0.016
Node_FirmA85_FirmC13_0, 0.031, 0, 0.045, 0.027, 0.031, 0, 0.031, 0.025, 0.008
Node_FirmA86_FirmA61_0, 0.007, 0, 0.011, 0.012, 0.007, 0, 0.007, 0.001, 0.012
Node_FirmA87_FirmA106_0, 0.204, 0.001, 0.023, 0.062, 0.202, 0, 0.204, 0.063, 0.154
Node_FirmA87_FirmA62_0, 0.072, 0, 0.01, 0.037, 0.072, 0, 0.072, 0.019, 0.061
Node_FirmA87_FirmA96_0, 0.021, 0, 0.011, 0.021, 0.021, 0, 0.021, 0.008, 0.022
Node_FirmA88_FirmA101_0, 0.004, 0, 0.029, 0.029, 0.004, 0, 0.004, 0.001, 0.021
Node_FirmA89_FirmA105_0, 0.017, 0, 0.248, 0.073, 0.017, 0, 0.017, 0.012, 0.017
Node_FirmA89_FirmA110_0, 0.009, 0, 0.027, 0.034, 0.009, 0, 0.009, 0.004, 0.019
Node_FirmA89_FirmA21_0, 0.029, 0, 0.011, 0.017, 0.029, 0, 0.029, 0.01, 0.024
Node_FirmA89_FirmA31_0, 0.05, 0, 0.029, 0.032, 0.05, 0, 0.05, 0.011, 0.054
Node_FirmA89_FirmA53_0, 0.025, 0, 0.053, 0.024, 0.024, 0, 0.025, 0.006, 0.026
Node_FirmA89_FirmA68_0, 0.248, 0, 0.022, 0.082, 0.245, 0, 0.248, 0.043, 0.22
Node_FirmA89_FirmA80_0, 0.052, 0, 0.019, 0.031, 0.052, 0, 0.052, 0.02, 0.042
Node_FirmA90_FirmA112_0, 0.005, 0, 0.028, 0.014, 0.005, 0, 0.005, 0.001, 0.01
Node_FirmA92_FirmA54_0, 0.242, 0.001, 0.021, 0.1, 0.24, 0, 0.242, 0.052, 0.202
Node_FirmA94_FirmA75_0, 0.004, 0, 0.013, 0.015, 0.004, 0, 0.004, 0.002, 0.013
Node_FirmA96_FirmA27_0, 0.012, 0, 0.015, 0.01, 0.012, 0, 0.012, 0.009, 0.006
Node_FirmA96_FirmA91_0, 0.003, 0, 0.025, 0.024, 0.003, 0, 0.003, 0.001, 0.016
Node_FirmA99_FirmA18_0, 0.01, 0, 0.027, 0.031, 0.01, 0, 0.01, 0.003, 0.016
Node_FirmB16_FirmB13_0, 0.232, 0, 0.025, 0.044, 0.23, 0, 0.232, 0.051, 0.192
Node_FirmB17_FirmB15_0, 0.088, 0.002, 0.995, 0.301, 0.087, 0, 0.088, 0.081, 0.013
Node_FirmB2_FirmB11_0, 0.251, 0, 0.028, 0.065, 0.251, 0, 0.251, 0.052, 0.213
Node_FirmB2_FirmB12_0, 0.066, 0, 0.103, 0.056, 0.065, 0, 0.066, 0.022, 0.059
Node_FirmB3_FirmB14_0, 0.054, 0, 0.315, 0.12, 0.054, 0, 0.054, 0.047, 0.018
Node_FirmB4_FirmB17_0, 1.068, 0.001, 0.274, 0.407, 0.979, 0, 1.068, 1.049, 0.028
Node_FirmB4_FirmB1_0, 1.313, 0.008, 0.021, 0.327, 0.982, 0, 1.313, 0.342, 0.975
Node_FirmB4_FirmB3_0, 0.351, 0.002, 0.022, 0.082, 0.326, 0, 0.351, 0.109, 0.246
Node_FirmB6_FirmB7_0, 0.263, 0.001, 0.055, 0.122, 0.259, 0, 0.263, 0.088, 0.182
Node_FirmB8_FirmB16_0, 0.065, 0, 0.109, 0.048, 0.064, 0, 0.065, 0.024, 0.049
Node_FirmB8_FirmB4_0, 0.125, 0.001, 0.043, 0.039, 0.122, 0, 0.125, 0.075, 0.055
Node_FirmB8_FirmB5_0, 0.014, 0, 0.063, 0.029, 0.014, 0, 0.014, 0.008, 0.012
Node_FirmB8_FirmB9_0, 0.112, 0.001, 0.015, 0.037, 0.11, 0, 0.112, 0.036, 0.079
Node_FirmB9_FirmB10_0, 0.237, 0.001, 0.038, 0.066, 0.234, 0, 0.237, 0.083, 0.164
Node_FirmB9_FirmB2_0, 0.11, 0.002, 0.086, 0.051, 0.105, 0, 0.11, 0.057, 0.059
Node_FirmB9_FirmB6_0, 0.135, 0.001, 0.038, 0.058, 0.129, 0, 0.135, 0.077, 0.06
Node_FirmC10_FirmC14_0, 0.008, 0, 0.02, 0.015, 0.008, 0, 0.008, 0.003, 0.017
Node_FirmC10_FirmC18_0, 0.011, 0, 0.017, 0.02, 0.011, 0, 0.011, 0.005, 0.018
Node_FirmC10_FirmC19_0, 0.01, 0, 0.015, 0.018, 0.01, 0, 0.01, 0.003, 0.013
Node_FirmC11_FirmC3_0, 0.004, 0, 0.018, 0.018, 0.004, 0, 0.004, 0.001, 0.01
Node_FirmC13_FirmB8_0, 0.047, 0, 0.016, 0.023, 0.046, 0, 0.047, 0.019, 0.033
Node_FirmC13_FirmC10_0, 0.012, 0, 0.011, 0.019, 0.012, 0, 0.012, 0.004, 0.015
Node_FirmC13_FirmC17_0, 0.005, 0, 0.017, 0.014, 0.005, 0, 0.005, 0.002, 0.01
Node_FirmC13_FirmC5_0, 0.012, 0, 0.049, 0.03, 0.012, 0, 0.012, 0.004, 0.014
Node_FirmC13_FirmC8_0, 0.008, 0, 0.018, 0.016, 0.008, 0, 0.008, 0.001, 0.014
Node_FirmC13_Firms33_0, 0.03, 0, 0.016, 0.015, 0.03, 0, 0.03, 0.016, 0.015
Node_FirmC15_FirmC12_0, 0.005, 0, 0.016, 0.013, 0.005, 0, 0.005, 0.001, 0.012
Node_FirmC1_FirmC4_0, 0.005, 0, 0.018, 0.018, 0.005, 0, 0.005, 0, 0.015
Node_FirmC6_FirmC16_0, 0.007, 0.001, 0.025, 0.033, 0.007, 0, 0.007, 0, 0.023
Node_FirmC6_FirmC1_0, 0.008, 0, 0.02, 0.019, 0.008, 0, 0.008, 0.003, 0.018
Node_FirmC8_FirmC11_0, 0.012, 0, 0.022, 0.018, 0.012, 0, 0.012, 0.002, 0.024
Node_FirmC8_FirmC15_0, 0.009, 0, 0.017, 0.018, 0.009, 0, 0.009, 0.001, 0.021
Node_FirmC8_FirmC6_0, 0.01, 0, 0.011, 0.014, 0.01, 0, 0.01, 0.002, 0.016
Node_FirmC8_FirmC7_0, 0.005, 0, 0.021, 0.016, 0.005, 0, 0.005, 0.001, 0.014
Node_FirmC8_FirmC9_0, 0.005, 0, 0.014, 0.01, 0.005, 0, 0.005, 0.001, 0.011
Node_FirmD2_FirmD3_0, 0.002, 0, 0.012, 0.014, 0.002, 0, 0.002, 0, 0.01
Node_FirmD4_FirmD2_0, 0.004, 0, 0.009, 0.01, 0.004, 0, 0.004, 0.001, 0.007
Node_FirmE4_FirmE6_0, 0.011, 0, 0.073, 0.033, 0.011, 0, 0.011, 0.007, 0.011
Node_FirmE5_FirmA85_0, 0.068, 0, 0.091, 0.064, 0.067, 0, 0.068, 0.046, 0.023
Node_FirmE5_FirmE3_0, 0.19, 0.008, 0.011, 0.055, 0.178, 0, 0.19, 0.06, 0.12
Node_FirmE5_FirmE4_0, 0.073, 0.003, 0.063, 0.049, 0.067, 0, 0.073, 0.029, 0.044
Node_FirmE5_FirmE7_0, 0.089, 0, 0.034, 0.039, 0.087, 0, 0.089, 0.036, 0.055
Node_FirmE7_FirmE1_0, 0.135, 0.001, 0.042, 0.096, 0.133, 0, 0.135, 0.053, 0.087
Node_FirmE7_FirmE2_0, 0.022, 0, 0.122, 0.06, 0.022, 0, 0.022, 0.02, 0.009
Node_FirmE7_FirmE8_0, 0.009, 0, 0.031, 0.022, 0.009, 0, 0.009, 0.003, 0.018
Node_FirmF1_FirmF2_0, 0.131, 0.001, 0.209, 0.183, 0.128, 0, 0.131, 0.077, 0.056
Node_FirmF1_FirmG6_0, 0.283, 0.002, 0.695, 0.372, 0.27, 0, 0.283, 0.248, 0.035
Node_FirmF2_FirmF3_0, 1.015, 0.006, 0.055, 0.567, 0.998, 0, 1.015, 0.089, 0.933
Node_FirmG5_FirmG1_0, 0.009, 0, 0.155, 0.035, 0.009, 0, 0.009, 0.008, 0.008
Node_FirmG5_FirmG2_0, 0.156, 0, 0.02, 0.082, 0.155, 0, 0.156, 0.061, 0.097
Node_FirmG6_FirmE5_0, 0.136, 0, 0.161, 0.131, 0.133, 0, 0.136, 0.126, 0.014
Node_FirmG6_FirmG3_0, 0.005, 0, 0.012, 0.015, 0.005, 0, 0.005, 0.004, 0.008
Node_FirmG6_FirmG4_0, 0.009, 0, 0.076, 0.023, 0.009, 0, 0.009, 0.008, 0.006
Node_FirmG6_FirmG5_0, 0.079, 0, 0.086, 0.084, 0.078, 0, 0.079, 0.055, 0.029
Node_Firms11_Firms17_0, 1.114, 0, 0.029, 0.028, 0.998, 0, 1.114, 1, 0.129
Node_Firms13_Firms1_0, 0.006, 0, 0.063, 0.015, 0.006, 0, 0.006, 0, 0.014
Node_Firms1_Firms10_0, 0.005, 0, 0.006, 0.007, 0.005, 0, 0.005, 0.003, 0.005
Node_Firms20_Firms12_0, 0.025, 0, 0.014, 0.016, 0.025, 0, 0.025, 0.003, 0.029
Node_Firms20_Firms29_0, 0.146, 0, 0.022, 0.026, 0.144, 0, 0.146, 0.02, 0.143
Node_Firms22_Firms27_0, 1.202, 0.007, 0.022, 0.37, 0.998, 0, 1.202, 1.027, 0.175
Node_Firms23_Firms18_0, 0.005, 0, 0.021, 0.025, 0.005, 0, 0.005, 0, 0.02
Node_Firms24_Firms26_0, 0.361, 0.001, 0.025, 0.106, 0.331, 0, 0.361, 0.086, 0.289
Node_Firms30_Firms31_0, 0.004, 0, 0.019, 0.018, 0.004, 0, 0.004, 0.002, 0.012
Node_Firms32_Firms25_0, 0.006, 0, 0.021, 0.024, 0.006, 0, 0.006, 0.001, 0.019
Node_Firms33_FirmA83_0, 0.016, 0, 0.027, 0.021, 0.016, 0, 0.016, 0.007, 0.013
Node_Firms33_FirmD1_0, 0.009, 0, 0.008, 0.008, 0.009, 0, 0.009, 0.002, 0.011
Node_Firms33_FirmD4_0, 0.006, 0, 0.017, 0.014, 0.006, 0, 0.006, 0.004, 0.007
Node_Firms33_Firms11_0, 1.014, 0, 0.049, 0.029, 0.998, 0, 1.014, 1.001, 0.021
Node_Firms33_Firms13_0, 0.055, 0, 0.013, 0.015, 0.055, 0, 0.055, 0.006, 0.058
Node_Firms33_Firms15_0, 0.984, 0, 0.025, 0.02, 0.976, 0, 0.984, 0.971, 0.021
Node_Firms33_Firms16_0, 0.01, 0, 0.986, 0.013, 0.01, 0, 0.01, 0.004, 0.012
Node_Firms33_Firms20_0, 0.01, 0, 0.019, 0.014, 0.01, 0, 0.01, 0.003, 0.015
Node_Firms33_Firms21_0, 0.014, 0, 0.019, 0.024, 0.014, 0, 0.014, 0.005, 0.023
Node_Firms33_Firms22_0, 1.042, 0.004, 0.01, 0.069, 0.993, 0, 1.042, 0.215, 0.831
Node_Firms33_Firms23_0, 0.006, 0, 0.024, 0.023, 0.006, 0, 0.006, 0, 0.022
Node_Firms33_Firms28_0, 0.008, 0, 0.018, 0.018, 0.008, 0, 0.008, 0.002, 0.02
Node_Firms33_Firms2_0, 0.005, 0, 0.026, 0.034, 0.005, 0, 0.005, 0.002, 0.023
Node_Firms33_Firms30_0, 0.011, 0, 0.019, 0.014, 0.011, 0, 0.011, 0.001, 0.02
Node_Firms33_Firms32_0, 0.008, 0, 0.014, 0.014, 0.008, 0, 0.008, 0.001, 0.017
Node_Firms33_Firms3_0, 0.217, 0.001, 0.015, 0.022, 0.214, 0, 0.217, 0.049, 0.176
Node_Firms33_Firms5_0, 0.988, 0.003, 0.01, 0.009, 0.979, 0, 0.988, 0.978, 0.007
Node_Firms33_Firms6_0, 0.01, 0, 0.015, 0.015, 0.01, 0, 0.01, 0.001, 0.013
Node_Firms33_Firms7_0, 0.988, 0, 0.037, 0.018, 0.977, 0, 0.988, 0.98, 0.011
Node_Firms33_Firms8_0, 0.012, 0, 0.007, 0.009, 0.012, 0, 0.012, 0.005, 0.01
Node_Firms33_Firms9_0, 0.006, 0, 0.019, 0.021, 0.006, 0, 0.006, 0.001, 0.014
Node_Firms8_Firms24_0, 0.096, 0, 0.011, 0.036, 0.094, 0, 0.096, 0.017, 0.088
Node_Firms8_Firms4_0, 0.019, 0, 0.019, 0.015, 0.019, 0, 0.019, 0.004, 0.026
Node_Gemm2_Gemm4_0, 0.006, 0, 0.022, 0.02, 0.006, 0, 0.006, 0, 0.022
Node_Gemm3_Gemm6_0, 0.218, 0, 0.023, 0.042, 0.218, 0, 0.218, 0.04, 0.192
Node_Gemm5_Gemm8_0, 0.006, 0, 0.02, 0.016, 0.006, 0, 0.006, 0.004, 0.005
Node_Gemm5_Gemm9_0, 0.008, 0, 0.011, 0.011, 0.008, 0, 0.008, 0.002, 0.013
Node_Gemm9_Gemm2_0, 0.006, 0, 0.01, 0.011, 0.006, 0, 0.006, 0.003, 0.008
Node_Gemm9_Gemm3_0, 0.049, 0, 0.022, 0.029, 0.048, 0, 0.049, 0.01, 0.053
Node_Gemm9_Gemm7_0, 0.018, 0, 0.008, 0.009, 0.018, 0, 0.018, 0, 0.02
Node_Gold1_FCPU1_0, 0.108, 0, 0.024, 0.082, 0.107, 0, 0.108, 0.033, 0.078
Node_Gold1_Fire1_0, 0.054, 0, 0.072, 0.062, 0.054, 0, 0.054, 0.038, 0.017
Node_Gold1_Gold2_0, 0.017, 0, 0.109, 0.047, 0.017, 0, 0.017, 0.013, 0.018
Node_Hydr2_Abys1_0, 0.98, 0.003, 0.193, 0.578, 0.853, 0, 0.98, 0.843, 0.137
Node_Hydr2_Hydr1_0, 1.036, 0.011, 0.158, 0.528, 0.999, 0, 1.036, 0.837, 0.203
Node_Hydr2_Plan43_0, 1.138, 0.01, 0.176, 0.66, 0.925, 0, 1.138, 1.083, 0.039
Node_Hydr2_Sume1_0, 1.033, 0.008, 0.135, 0.526, 0.876, 0, 1.033, 1.002, 0.022
Node_KSB1X2_KSB1X4_0, 0.01, 0, 0.024, 0.02, 0.01, 0, 0.01, 0.005, 0.015
Node_KSB1X3_KSB1X1_0, 0.009, 0, 0.015, 0.022, 0.009, 0, 0.009, 0.003, 0.019
Node_Late1_Late3_0, 0.197, 0.002, 0.015, 0.08, 0.196, 0, 0.197, 0.035, 0.168
Node_Late2_Late1_0, 0.042, 0.001, 0.031, 0.039, 0.042, 0, 0.042, 0.027, 0.019
Node_Lind1_Lind2_0, 0.965, 0, 0.856, 0.62, 0.891, 0, 0.965, 0.939, 0.029
Node_Lind1_Lind4_0, 1.792, 0.004, 0.064, 0.861, 0.985, 0, 1.792, 1.782, 0.009
Node_Marg1_Marg2_0, 0.175, 0.002, 0.551, 0.354, 0.164, 0, 0.175, 0.172, 0.004
Node_Marg1_Marg6_0, 0.038, 0, 0.141, 0.112, 0.037, 0, 0.038, 0.036, 0.004
Node_Marg2_Marg7_0, 0.033, 0, 0.144, 0.13, 0.032, 0, 0.033, 0.032, 0.002
Node_Mari3_Mari2_0, 0.003, 0, 0.014, 0.018, 0.003, 0, 0.003, 0.002, 0.008
Node_Mari3_Mari6_0, 0.009, 0, 0.023, 0.021, 0.009, 0, 0.009, 0.005, 0.011
Node_Mari6_Mari1_0, 0.009, 0, 0.011, 0.012, 0.009, 0, 0.009, 0, 0.017
Node_Mari6_Mari5_0, 0.003, 0, 0.012, 0.009, 0.003, 0, 0.003, 0.001, 0.006
Node_Meth2_Meth1_0, 0.028, 0, 0.171, 0.059, 0.028, 0, 0.028, 0.02, 0.026
Node_Meth4_Meth3_0, 1.214, 0.006, 0.046, 0.215, 0.997, 0, 1.214, 0.703, 0.522
Node_Meth5_Meth2_0, 0.173, 0.005, 0.25, 0.143, 0.165, 0, 0.173, 0.087, 0.09
Node_Meth5_Meth4_0, 0.732, 0.164, 0.053, 0.189, 0.545, 0, 0.732, 0.103, 0.448
Node_Meth5_NitsA1_0, 0.193, 0.001, 0.219, 0.144, 0.184, 0, 0.193, 0.151, 0.043
Node_Meth5_SZUA1_0, 0.328, 0.003, 0.075, 0.149, 0.307, 0, 0.328, 0.15, 0.179
Node_Meth5_Sche1_0, 0.221, 0.001, 0.052, 0.118, 0.208, 0, 0.221, 0.144, 0.079
Node_MyxA1_MyxA2_0, 1.005, 0.003, 0.018, 0.405, 1, 0, 1.005, 0.874, 0.131
Node_MyxA1_MyxA4_0, 0.889, 0.007, 0.135, 0.779, 0.879, 0, 0.889, 0.847, 0.039
Node_MyxA2_MyxA3_0, 1.008, 0, 0.016, 0.016, 1, 0, 1.008, 1, 0.019
Node_Myxo10_Bdell6_0, 0.936, 0.043, 0.137, 0.373, 0.83, 0, 0.936, 0.764, 0.093
Node_Myxo10_MyxA1_0, 0.978, 0.017, 0.072, 0.197, 0.895, 0, 0.978, 0.852, 0.097
Node_Myxo10_Myxo11_0, 0.852, 0.001, 0.166, 0.195, 0.811, 0, 0.852, 0.815, 0.039
Node_Myxo10_Myxo14_0, 0.551, 0.002, 0.341, 0.197, 0.522, 0, 0.551, 0.516, 0.038
Node_Myxo10_Myxo15_0, 0.354, 0.001, 0.048, 0.121, 0.34, 0, 0.354, 0.182, 0.186
Node_Myxo10_Myxo17_0, 0.215, 0.008, 0.485, 0.149, 0.202, 0, 0.215, 0.071, 0.141
Node_Myxo11_Bdell13_0, 0.805, 0.007, 0.118, 0.171, 0.772, 0, 0.805, 0.733, 0.064
Node_Myxo11_Myxo13_0, 1.016, 0.007, 0.033, 0.2, 1, 0, 1.016, 0.995, 0.026
Node_Myxo11_Myxo8_0, 1.016, 0.005, 0.067, 0.132, 0.998, 0, 1.016, 0.738, 0.273
Node_Myxo14_Myxo2_0, 0.98, 0, 0.017, 0.02, 0.968, 0, 0.98, 0.483, 0.499
Node_Myxo14_Myxo3_0, 0.435, 0, 0.132, 0.101, 0.431, 0, 0.435, 0.422, 0.016
Node_Myxo14_Myxo5_0, 0.998, 0.005, 0.017, 0.288, 0.97, 0, 0.998, 0.964, 0.03
Node_Myxo14_Myxo6_0, 0.269, 0, 0.885, 0.323, 0.256, 0, 0.269, 0.128, 0.156
Node_Myxo14_Myxo9_0, 0.498, 0.001, 0.031, 0.027, 0.493, 0, 0.498, 0.408, 0.093
Node_Myxo15_Myxo18_0, 1.024, 0.007, 0.03, 0.342, 0.99, 0, 1.024, 0.339, 0.693
Node_Myxo17_Myxo19_0, 1.008, 0.003, 0.1, 0.355, 0.998, 0, 1.008, 0.119, 0.89
Node_Myxo2_Myxo1_0, 0.978, 0, 0.021, 0.011, 0.975, 0, 0.978, 0.965, 0.019
Node_Myxo8_Myxo7_0, 1.005, 0, 0.02, 0.014, 1, 0, 1.005, 1, 0.009
Node_Nitr10_Nitr3_0, 0.063, 0, 0.014, 0.031, 0.061, 0, 0.063, 0.011, 0.062
Node_Nitr10_Nitr4_0, 0.015, 0, 0.012, 0.023, 0.015, 0, 0.015, 0.003, 0.018
Node_Nitr10_Nitr6_0, 0.25, 0.001, 0.021, 0.075, 0.248, 0, 0.25, 0.057, 0.207
Node_Nitr14_CG294X1_0, 0.228, 0.002, 0.151, 0.133, 0.223, 0, 0.228, 0.216, 0.009
Node_Nitr14_Meth5_0, 0.368, 0.002, 0.86, 0.206, 0.337, 0, 0.368, 0.36, 0.005
Node_Nitr14_Nitr12_0, 0.017, 0, 0.071, 0.04, 0.017, 0, 0.017, 0.007, 0.022
Node_Nitr14_Nitr13_0, 0.249, 0.002, 0.006, 0.054, 0.246, 0, 0.249, 0.112, 0.136
Node_Nitr14_Nitr15_0, 0.202, 0, 0.06, 0.085, 0.2, 0, 0.202, 0.175, 0.034
Node_Nitr14_Nitr16_0, 0.066, 0, 0.228, 0.07, 0.065, 0, 0.066, 0.036, 0.045
Node_Nitr14_Nitr2_0, 0.117, 0.003, 0.072, 0.08, 0.116, 0, 0.117, 0.09, 0.029
Node_Nitr14_Nitr9_0, 0.157, 0.001, 0.082, 0.041, 0.156, 0, 0.157, 0.123, 0.036
Node_Nitr15_Nitr10_0, 0.009, 0, 0.039, 0.036, 0.009, 0, 0.009, 0.005, 0.017
Node_Nitr15_Nitr1_0, 0.221, 0, 0.035, 0.067, 0.221, 0, 0.221, 0.173, 0.054
Node_Nitr15_Nitr8_0, 0.031, 0, 0.197, 0.063, 0.031, 0, 0.031, 0.028, 0.007
Node_Nitr16_Nitr11_0, 0.019, 0, 0.087, 0.049, 0.019, 0, 0.019, 0.014, 0.017
Node_Nitr16_Nitr17_0, 0.089, 0, 0.036, 0.049, 0.086, 0, 0.089, 0.035, 0.059
Node_Nitr17_Nitr5_0, 0.279, 0.002, 0.031, 0.118, 0.277, 0, 0.279, 0.075, 0.219
Node_Nitr9_Nitr7_0, 0.254, 0.002, 0.019, 0.129, 0.252, 0, 0.254, 0.145, 0.114
Node_Nits1_Nits3_0, 0.008, 0, 0.018, 0.019, 0.008, 0, 0.008, 0.001, 0.016
Node_Nits4_Nits2_0, 0.009, 0, 0.023, 0.013, 0.009, 0, 0.009, 0.004, 0.012
Node_NitsA1_NitsA2_0, 0.011, 0, 0.051, 0.035, 0.011, 0, 0.011, 0.008, 0.018
Node_NitsA1_NitsA3_0, 0.044, 0, 0.152, 0.093, 0.044, 0, 0.044, 0.043, 0.003
Node_NitsA3_Nits1_0, 0.01, 0, 0.02, 0.017, 0.01, 0, 0.01, 0.006, 0.01
Node_NitsA3_Nits4_0, 0.02, 0, 0.033, 0.034, 0.02, 0, 0.02, 0.014, 0.009
Node_Omni4_Omni2_0, 0.221, 0, 0.028, 0.055, 0.219, 0, 0.221, 0.034, 0.203
Node_Omni4_Omni3_0, 0.06, 0, 0.242, 0.083, 0.06, 0, 0.06, 0.052, 0.01
Node_Omni4_Omni7_0, 0.046, 0, 0.049, 0.052, 0.045, 0, 0.046, 0.018, 0.035
Node_Omni4_Omni8_0, 0.292, 0.001, 0.068, 0.111, 0.28, 0, 0.292, 0.207, 0.086
Node_Omni8_Omni6_0, 0.755, 0.01, 0.037, 0.256, 0.729, 0, 0.755, 0.26, 0.49
Node_P4572X1_Ferm1_0, 0.154, 0, 0.057, 0.054, 0.146, 0, 0.154, 0.104, 0.052
Node_P4572X1_Gemm5_0, 0.021, 0, 0.135, 0.033, 0.021, 0, 0.021, 0.019, 0.002
Node_Pate13_Pate34_0, 0.008, 0, 0.015, 0.016, 0.008, 0, 0.008, 0.001, 0.01
Node_Pate13_Pate6_0, 0.013, 0, 0.034, 0.026, 0.013, 0, 0.013, 0.007, 0.014
Node_Pate14_Pate35_0, 0.005, 0, 0.015, 0.016, 0.005, 0, 0.005, 0.002, 0.009
Node_Pate14_Pate5_0, 0.011, 0, 0.024, 0.022, 0.011, 0, 0.011, 0.007, 0.01
Node_Pate15_Pate29_0, 0.005, 0, 0.021, 0.022, 0.005, 0, 0.005, 0, 0.015
Node_Pate17_Pate18_0, 0.012, 0, 0.007, 0.012, 0.012, 0, 0.012, 0.005, 0.011
Node_Pate17_Pate19_0, 0.008, 0, 0.01, 0.012, 0.008, 0, 0.008, 0.004, 0.007
Node_Pate17_Pate8_0, 0.009, 0, 0.018, 0.02, 0.008, 0, 0.009, 0.002, 0.015
Node_Pate18_Pate38_0, 0.004, 0, 0.014, 0.013, 0.004, 0, 0.004, 0.002, 0.009
Node_Pate18_Pate9_0, 0.009, 0, 0.014, 0.014, 0.009, 0, 0.009, 0.003, 0.011
Node_Pate19_Pate37_0, 0.008, 0, 0.01, 0.01, 0.008, 0, 0.008, 0.001, 0.01
Node_Pate19_Pate4_0, 0.008, 0, 0.012, 0.011, 0.008, 0, 0.008, 0.001, 0.012
Node_Pate1_Pate50_0, 0.008, 0, 0.046, 0.026, 0.008, 0, 0.008, 0.005, 0.009
Node_Pate21_Pate15_0, 0.011, 0, 0.023, 0.019, 0.011, 0, 0.011, 0.006, 0.01
Node_Pate21_Pate26_0, 0.024, 0, 0.078, 0.028, 0.024, 0, 0.024, 0.018, 0.007
Node_Pate24_Pate13_0, 0.033, 0, 0.016, 0.011, 0.033, 0, 0.033, 0.012, 0.024
Node_Pate24_Pate14_0, 0.025, 0, 0.013, 0.017, 0.023, 0, 0.025, 0.01, 0.021
Node_Pate24_Pate39_0, 0.207, 0, 0.006, 0.021, 0.206, 0, 0.207, 0.052, 0.157
Node_Pate24_Pate54_0, 0.056, 0, 0.015, 0.01, 0.056, 0, 0.056, 0.022, 0.038
Node_Pate25_Pate17_0, 0.011, 0, 0.009, 0.013, 0.011, 0, 0.011, 0.009, 0.005
Node_Pate25_Pate28_0, 0.011, 0.001, 0.011, 0.013, 0.011, 0, 0.011, 0.006, 0.01
Node_Pate25_Pate32_0, 0.015, 0, 0.021, 0.017, 0.015, 0, 0.015, 0.009, 0.007
Node_Pate26_Pate12_0, 0.012, 0, 0.022, 0.019, 0.012, 0, 0.012, 0.007, 0.01
Node_Pate40_Pate24_0, 0.017, 0, 0.013, 0.016, 0.016, 0, 0.017, 0.012, 0.007
Node_Pate40_Pate55_0, 0.005, 0, 0.024, 0.018, 0.005, 0, 0.005, 0.002, 0.012
Node_Pate40_Pate7_0, 0.023, 0, 0.044, 0.023, 0.022, 0, 0.023, 0.018, 0.008
Node_Pate43_Pate22_0, 0.014, 0, 0.048, 0.015, 0.014, 0, 0.014, 0.01, 0.007
Node_Pate43_Pate3_0, 0.02, 0, 0.013, 0.019, 0.02, 0, 0.02, 0.008, 0.019
Node_Pate43_Pate44_0, 0.044, 0, 0.007, 0.016, 0.043, 0, 0.044, 0.017, 0.031
Node_Pate43_Pate45_0, 0.055, 0, 0.028, 0.013, 0.054, 0, 0.055, 0.034, 0.022
Node_Pate43_Pate57_0, 0.006, 0, 0.046, 0.034, 0.006, 0, 0.006, 0.005, 0.008
Node_Pate44_Pate10_0, 0.25, 0, 0.005, 0.087, 0.25, 0, 0.25, 0.09, 0.162
Node_Pate44_Pate52_0, 0.093, 0, 0.01, 0.037, 0.092, 0, 0.093, 0.038, 0.059
Node_Pate45_Pate11_0, 0.238, 0, 0.01, 0.063, 0.237, 0, 0.238, 0.089, 0.153
Node_Pate45_Pate21_0, 0.095, 0.001, 0.015, 0.026, 0.094, 0, 0.095, 0.042, 0.054
Node_Pate46_Pate25_0, 0.029, 0, 0.061, 0.036, 0.029, 0, 0.029, 0.027, 0.005
Node_Pate48_Chlo30_0, 0.59, 0.008, 0.484, 0.466, 0.531, 0, 0.59, 0.567, 0.01
Node_Pate48_Pate1_0, 0.045, 0, 0.172, 0.057, 0.045, 0, 0.045, 0.034, 0.015
Node_Pate48_Pate23_0, 0.163, 0.001, 0.433, 0.194, 0.159, 0, 0.163, 0.159, 0.005
Node_Pate48_Pate30_0, 0.096, 0, 0.017, 0.027, 0.096, 0, 0.096, 0.043, 0.054
Node_Pate48_Pate40_0, 0.059, 0, 0.027, 0.037, 0.059, 0, 0.059, 0.038, 0.025
Node_Pate48_Pate43_0, 0.061, 0, 0.044, 0.045, 0.06, 0, 0.061, 0.042, 0.02
Node_Pate48_Pate46_0, 0.085, 0, 0.084, 0.084, 0.081, 0, 0.085, 0.08, 0.006
Node_Pate48_Pate49_0, 0.034, 0, 0.036, 0.041, 0.034, 0, 0.034, 0.017, 0.025
Node_Pate48_Pate51_0, 0.071, 0.002, 0.018, 0.053, 0.07, 0, 0.071, 0.026, 0.053
Node_Pate48_Pate56_0, 0.202, 0.001, 0.007, 0.066, 0.201, 0, 0.202, 0.089, 0.112
Node_Pate49_Pate41_0, 0.006, 0, 0.039, 0.028, 0.006, 0, 0.006, 0.001, 0.011
Node_Pate51_Pate27_0, 0.011, 0, 0.032, 0.029, 0.011, 0, 0.011, 0.006, 0.014
Node_Pate51_Pate33_0, 0.168, 0.001, 0.007, 0.101, 0.168, 0, 0.168, 0.068, 0.103
Node_Pate51_Pate53_0, 0.029, 0, 0.15, 0.046, 0.029, 0, 0.029, 0.022, 0.011
Node_Pate54_Pate31_0, 0.01, 0, 0.052, 0.011, 0.01, 0, 0.01, 0.007, 0.006
Node_Pate9_Pate36_0, 0.006, 0, 0.016, 0.016, 0.006, 0, 0.006, 0.001, 0.013
Node_Plan17_Plan23_0, 1.015, 0.006, 0.114, 0.545, 0.999, 0, 1.015, 0.497, 0.526
Node_Plan22_Plan2_0, 0.504, 0, 0.026, 0.164, 0.436, 0, 0.504, 0.087, 0.428
Node_Plan22_Plan4_0, 0.102, 0, 0.106, 0.056, 0.099, 0, 0.102, 0.046, 0.061
Node_Plan26_Plan21_0, 0.02, 0, 0.081, 0.043, 0.018, 0, 0.02, 0.014, 0.011
Node_Plan26_Plan5_0, 0.098, 0, 0.021, 0.025, 0.097, 0, 0.098, 0.006, 0.099
Node_Plan30_Plan14_0, 0.73, 0.001, 0.155, 0.271, 0.61, 0, 0.73, 0.41, 0.326
Node_Plan31_Plan17_0, 0.597, 0.002, 0.095, 0.103, 0.576, 0, 0.597, 0.117, 0.481
Node_Plan31_Plan18_0, 0.018, 0, 0.095, 0.039, 0.018, 0, 0.018, 0.011, 0.009
Node_Plan31_Plan27_0, 0.209, 0, 0.008, 0.057, 0.201, 0, 0.209, 0.049, 0.163
Node_Plan31_Plan39_0, 0.054, 0, 0.01, 0.013, 0.051, 0, 0.054, 0.01, 0.046
Node_Plan32_Plan12_0, 1.009, 0, 0.066, 0.059, 0.994, 0, 1.009, 1, 0.034
Node_Plan32_Plan22_0, 0.147, 0, 0.028, 0.064, 0.141, 0, 0.147, 0.066, 0.085
Node_Plan32_Plan26_0, 0.09, 0.001, 0.057, 0.059, 0.087, 0, 0.09, 0.066, 0.027
Node_Plan32_Plan30_0, 0.558, 0.007, 0.038, 0.169, 0.499, 0, 0.558, 0.116, 0.442
Node_Plan32_Plan3_0, 1.041, 0.015, 0.149, 0.399, 0.995, 0, 1.041, 0.423, 0.617
Node_Plan33_Plan44_0, 0.865, 0.023, 0.053, 0.455, 0.83, 0, 0.865, 0.304, 0.541
Node_Plan42_Plan40_0, 1.319, 0.003, 0.039, 0.226, 0.996, 0, 1.319, 0.976, 0.348
Node_Plan43_Plan16_0, 0.243, 0.006, 0.239, 0.183, 0.223, 0, 0.243, 0.118, 0.122
Node_Plan43_Plan31_0, 0.104, 0, 0.05, 0.052, 0.1, 0, 0.104, 0.09, 0.014
Node_Plan43_Plan32_0, 0.119, 0, 0.014, 0.051, 0.113, 0, 0.119, 0.091, 0.029
Node_Plan43_Plan33_0, 0.354, 0.012, 0.029, 0.136, 0.329, 0, 0.354, 0.089, 0.252
Node_Plan43_Plan42_0, 1.007, 0.254, 0.055, 0.241, 0.722, 0, 1.007, 0.148, 0.565
Node_Plan43_Plan7_0, 0.14, 0, 0.308, 0.151, 0.135, 0, 0.14, 0.135, 0.009
Node_Plan43_Verr11_0, 0.439, 0.001, 0.731, 0.359, 0.379, 0, 0.439, 0.408, 0.031
Node_Pori1_Pori2_0, 1.012, 0.017, 0.1, 1.193, 1, 0, 1.012, 0.94, 0.057
Node_ProtA11_ProtA32_0, 1.017, 0.012, 0.071, 0.72, 0.999, 0, 1.017, 0.927, 0.074
Node_ProtA12_ProtA44_0, 0.006, 0, 0.006, 0.005, 0.006, 0, 0.006, 0.001, 0.007
Node_ProtA12_ProtA54_0, 0.004, 0, 0.016, 0.012, 0.004, 0, 0.004, 0.001, 0.014
Node_ProtA13_ProtA24_0, 0.006, 0, 0.019, 0.019, 0.006, 0, 0.006, 0.002, 0.014
Node_ProtA13_ProtA61_0, 0.011, 0, 0.019, 0.022, 0.011, 0, 0.011, 0.003, 0.024
Node_ProtA13_ProtA77_0, 0.014, 0, 0.03, 0.019, 0.014, 0, 0.014, 0.003, 0.019
Node_ProtA13_ProtA7_0, 0.011, 0, 0.021, 0.018, 0.011, 0, 0.011, 0.003, 0.018
Node_ProtA15_ProtA42_0, 0.036, 0, 0.736, 0.103, 0.036, 0, 0.036, 0.033, 0.009
Node_ProtA15_ProtA70_0, 0.763, 0.001, 0.033, 0.145, 0.64, 0, 0.763, 0.579, 0.195
Node_ProtA16_ProtA33_0, 0.007, 0.001, 0.017, 0.019, 0.007, 0, 0.007, 0.003, 0.012
Node_ProtA16_ProtA66_0, 0.005, 0, 0.019, 0.018, 0.005, 0, 0.005, 0.001, 0.017
Node_ProtA16_ProtA69_0, 0.018, 0, 0.078, 0.032, 0.018, 0, 0.018, 0.013, 0.011
Node_ProtA16_ProtA8_0, 0.011, 0, 0.02, 0.018, 0.011, 0, 0.011, 0.004, 0.013
Node_ProtA18_ProtA10_0, 0.006, 0, 0.025, 0.024, 0.006, 0, 0.006, 0.004, 0.009
Node_ProtA18_ProtA19_0, 0.6, 0.003, 0.03, 0.235, 0.591, 0, 0.6, 0.534, 0.068
Node_ProtA18_ProtA29_0, 0.022, 0, 0.083, 0.059, 0.022, 0, 0.022, 0.014, 0.019
Node_ProtA18_ProtA53_0, 0.086, 0.001, 0.527, 0.158, 0.085, 0, 0.086, 0.081, 0.012
Node_ProtA19_ProtA14_0, 0.013, 0, 0.021, 0.022, 0.013, 0, 0.013, 0.006, 0.014
Node_ProtA19_ProtA20_0, 0.708, 0.004, 0.017, 0.255, 0.695, 0, 0.708, 0.588, 0.121
Node_ProtA19_ProtA3_0, 0.015, 0, 0.018, 0.018, 0.015, 0, 0.015, 0.005, 0.02
Node_ProtA19_ProtA46_0, 0.012, 0, 0.026, 0.028, 0.012, 0, 0.012, 0.001, 0.026
Node_ProtA19_ProtA49_0, 0.01, 0, 0.025, 0.024, 0.01, 0, 0.01, 0.001, 0.023
Node_ProtA19_ProtA56_0, 0.105, 0, 0.619, 0.229, 0.103, 0, 0.105, 0.098, 0.016
Node_ProtA19_ProtA68_0, 0.046, 0, 0.025, 0.039, 0.046, 0, 0.046, 0.004, 0.056
Node_ProtA19_ProtA74_0, 0.012, 0, 0.053, 0.03, 0.012, 0, 0.012, 0.004, 0.019
Node_ProtA19_ProtA75_0, 0.02, 0, 0.094, 0.069, 0.019, 0, 0.02, 0.017, 0.009
Node_ProtA20_ProtA11_0, 1.002, 0.015, 0.015, 0.397, 0.96, 0, 1.002, 0.693, 0.294
Node_ProtA20_ProtA5_0, 0.656, 0.001, 0.422, 0.226, 0.647, 0, 0.656, 0.59, 0.075
Node_ProtA26_ProtA37_0, 0.5, 0.001, 0.011, 0.132, 0.499, 0, 0.5, 0.416, 0.088
Node_ProtA26_ProtA45_0, 0.422, 0.001, 0.025, 0.102, 0.419, 0, 0.422, 0.403, 0.022
Node_ProtA27_ProtA21_0, 0.008, 0, 0.035, 0.03, 0.008, 0, 0.008, 0.007, 0.007
Node_ProtA30_ProtA35_0, 0.003, 0, 0.018, 0.017, 0.003, 0, 0.003, 0, 0.012
Node_ProtA34_Acid38_0, 1.516, 0.029, 0.25, 0.283, 0.98, 0, 1.516, 1.431, 0.038
Node_ProtA34_Chry1_0, 1.699, 0.013, 0.083, 0.371, 0.989, 0, 1.699, 1.66, 0.015
Node_ProtA34_DesuB4_0, 0.834, 0.007, 0.454, 0.407, 0.693, 0, 0.834, 0.683, 0.147
Node_ProtA34_DesuC2_0, 0.65, 0.007, 0.2, 0.339, 0.602, 0, 0.65, 0.631, 0.009
Node_ProtA34_J088X1_0, 0.237, 0.002, 0.425, 0.251, 0.23, 0, 0.237, 0.23, 0.01
Node_ProtA34_Nitr14_0, 1.221, 0.027, 0.337, 0.235, 0.972, 0, 1.221, 1.154, 0.015
Node_ProtA34_ProtA13_0, 0.025, 0, 0.07, 0.04, 0.025, 0, 0.025, 0.019, 0.01
Node_ProtA34_ProtA16_0, 0.085, 0, 0.461, 0.12, 0.081, 0, 0.085, 0.078, 0.012
Node_ProtA34_ProtA18_0, 0.559, 0.006, 0.009, 0.066, 0.545, 0, 0.559, 0.443, 0.113
Node_ProtA34_ProtA26_0, 0.424, 0.002, 0.016, 0.178, 0.42, 0, 0.424, 0.16, 0.27
Node_ProtA34_ProtA38_0, 0.534, 0.001, 0.055, 0.181, 0.515, 0, 0.534, 0.506, 0.029
Node_ProtA34_ProtA39_0, 0.449, 0.002, 0.018, 0.031, 0.442, 0, 0.449, 0.407, 0.041
Node_ProtA34_ProtA40_0, 0.012, 0, 0.028, 0.022, 0.012, 0, 0.012, 0.005, 0.015
Node_ProtA34_ProtA43_0, 0.002, 0, 0.025, 0.03, 0.002, 0, 0.002, 0, 0.015
Node_ProtA34_ProtA9_0, 0.168, 0.003, 0.023, 0.066, 0.165, 0, 0.168, 0.066, 0.108
Node_ProtA34_ProtG30_0, 0.131, 0, 0.116, 0.127, 0.127, 0, 0.131, 0.123, 0.01
Node_ProtA34_ProtM1_0, 0.117, 0.001, 0.036, 0.07, 0.115, 0, 0.117, 0.099, 0.021
Node_ProtA34_SAR3X2_0, 1.121, 0.017, 0.145, 0.219, 0.974, 0, 1.121, 1.062, 0.028
Node_ProtA34_SM23X1_0, 1.754, 0.023, 0.165, 0.486, 0.997, 0.001, 1.754, 1.709, 0.006
Node_ProtA34_Spir10_0, 1.889, 0.142, 0.033, 1.061, 0.996, 0.017, 1.889, 1.611, 0.012
Node_ProtA34_UBA2X1_0, 1.134, 0.058, 0.1, 0.252, 0.96, 0, 1.134, 0.97, 0.055
Node_ProtA34_Wall1_0, 1.751, 0.785, 0.012, 0.944, 0.978, 0.978, 1.751, 0.237, 0
Node_ProtA34_mitoFungi_0, 0.08, 0, 0.09, 0.058, 0.079, 0, 0.08, 0.031, 0.053
Node_ProtA38_ProtA15_0, 0.6, 0.002, 0.017, 0.184, 0.555, 0, 0.6, 0.522, 0.081
Node_ProtA38_ProtA41_0, 0.676, 0, 0.027, 0.045, 0.604, 0, 0.676, 0.45, 0.235
Node_ProtA38_ProtA64_0, 0.468, 0, 0.165, 0.047, 0.45, 0, 0.468, 0.442, 0.033
Node_ProtA39_ProtA12_0, 0.005, 0, 0.017, 0.015, 0.005, 0, 0.005, 0.002, 0.013
Node_ProtA39_ProtA27_0, 0.036, 0, 0.416, 0.041, 0.036, 0, 0.036, 0.034, 0.003
Node_ProtA39_ProtA30_0, 0.009, 0, 0.04, 0.025, 0.008, 0, 0.009, 0.007, 0.013
Node_ProtA39_ProtA36_0, 0.001, 0, 0.014, 0.012, 0.001, 0, 0.001, 0.001, 0.01
Node_ProtA3_ProtA72_0, 0.012, 0, 0.025, 0.025, 0.012, 0, 0.012, 0.003, 0.024
Node_ProtA3_ProtA76_0, 0.013, 0, 0.015, 0.014, 0.013, 0, 0.013, 0.005, 0.013
Node_ProtA40_ProtA67_0, 0.006, 0, 0.019, 0.015, 0.006, 0, 0.006, 0.001, 0.013
Node_ProtA46_ProtA55_0, 0.006, 0, 0.022, 0.023, 0.006, 0, 0.006, 0.001, 0.016
Node_ProtA47_ProtA63_0, 0.004, 0, 0.017, 0.02, 0.004, 0, 0.004, 0.001, 0.014
Node_ProtA53_ProtA58_0, 0.018, 0, 0.081, 0.044, 0.018, 0, 0.018, 0.012, 0.013
Node_ProtA56_ProtA52_0, 0.013, 0, 0.107, 0.059, 0.013, 0, 0.013, 0.008, 0.015
Node_ProtA68_ProtA2_0, 0.204, 0.001, 0.024, 0.126, 0.204, 0, 0.204, 0.035, 0.181
Node_ProtA69_ProtA50_0, 0.003, 0, 0.031, 0.024, 0.003, 0, 0.003, 0, 0.016
Node_ProtA70_ProtA57_0, 1.539, 0.009, 0.014, 0.43, 0.997, 0, 1.539, 0.758, 0.781
Node_ProtA76_ProtA47_0, 0.007, 0, 0.013, 0.013, 0.007, 0, 0.007, 0, 0.015
Node_ProtA76_ProtA48_0, 0.005, 0, 0.025, 0.023, 0.005, 0, 0.005, 0.002, 0.017
Node_ProtA76_ProtA62_0, 0.007, 0.001, 0.022, 0.022, 0.007, 0, 0.007, 0.001, 0.021
Node_ProtA76_ProtA71_0, 0.004, 0, 0.021, 0.024, 0.004, 0, 0.004, 0, 0.018
Node_ProtA77_ProtA31_0, 0.008, 0, 0.018, 0.015, 0.008, 0, 0.008, 0.004, 0.012
Node_ProtA77_ProtA51_0, 0.003, 0, 0.02, 0.021, 0.003, 0, 0.003, 0.001, 0.015
Node_ProtA9_ProtA60_0, 0.017, 0, 0.156, 0.066, 0.017, 0, 0.017, 0.014, 0.005
Node_ProtG12_ProtG5_0, 0.017, 0, 0.119, 0.049, 0.017, 0, 0.017, 0.011, 0.014
Node_ProtG16_ProtG17_0, 0.223, 0.001, 0.046, 0.078, 0.219, 0, 0.223, 0.022, 0.206
Node_ProtG18_ProtG10_0, 0.025, 0, 0.012, 0.017, 0.025, 0, 0.025, 0.013, 0.022
Node_ProtG18_ProtG12_0, 0.122, 0, 0.014, 0.047, 0.122, 0, 0.122, 0.021, 0.111
Node_ProtG18_ProtG14_0, 0.015, 0.001, 0.017, 0.015, 0.015, 0, 0.015, 0.008, 0.014
Node_ProtG18_ProtG21_0, 0.326, 0, 0.023, 0.152, 0.324, 0, 0.326, 0.11, 0.227
Node_ProtG24_ProtG18_0, 0.017, 0, 0.03, 0.016, 0.017, 0, 0.017, 0.013, 0.015
Node_ProtG25_ProtG9_0, 1.263, 0, 0.038, 0.074, 0.994, 0, 1.263, 1.061, 0.21
Node_ProtG29_ProtG76_0, 0.006, 0, 0.01, 0.01, 0.006, 0, 0.006, 0.002, 0.008
Node_ProtG30_ProtG19_0, 0.074, 0, 0.075, 0.043, 0.072, 0, 0.074, 0.018, 0.066
Node_ProtG30_ProtG31_0, 0.275, 0.001, 0.018, 0.07, 0.258, 0, 0.275, 0.054, 0.227
Node_ProtG30_ProtG34_0, 0.227, 0, 0.202, 0.098, 0.221, 0, 0.227, 0.083, 0.154
Node_ProtG30_ProtG35_0, 0.053, 0, 0.196, 0.061, 0.05, 0, 0.053, 0.035, 0.022
Node_ProtG30_ProtG39_0, 0.083, 0, 0.012, 0.022, 0.082, 0, 0.083, 0.017, 0.075
Node_ProtG30_ProtG42_0, 0.068, 0, 0.011, 0.036, 0.067, 0, 0.068, 0.025, 0.048
Node_ProtG30_ProtG49_0, 0.024, 0, 0.075, 0.038, 0.024, 0, 0.024, 0.018, 0.013
Node_ProtG30_ProtG50_0, 0.065, 0, 0.051, 0.038, 0.064, 0, 0.065, 0.026, 0.048
Node_ProtG30_ProtG64_0, 0.02, 0, 0.015, 0.016, 0.02, 0, 0.02, 0.007, 0.019
Node_ProtG30_ProtG71_0, 0.008, 0, 0.01, 0.01, 0.008, 0, 0.008, 0.005, 0.006
Node_ProtG30_ProtG80_0, 0.01, 0, 0.008, 0.014, 0.01, 0, 0.01, 0.005, 0.01
Node_ProtG30_ProtG84_0, 0.086, 0, 0.024, 0.031, 0.086, 0, 0.086, 0.032, 0.057
Node_ProtG30_ProtG85_0, 0.031, 0, 0.005, 0.013, 0.03, 0, 0.031, 0.009, 0.026
Node_ProtG30_ProtG87_0, 0.016, 0, 0.022, 0.017, 0.016, 0, 0.016, 0.009, 0.014
Node_ProtG30_ProtZ3_0, 0.012, 0, 0.02, 0.019, 0.012, 0, 0.012, 0.008, 0.007
Node_ProtG30_ProtZ5_0, 0.025, 0.001, 0.11, 0.047, 0.025, 0, 0.025, 0.023, 0.003
Node_ProtG31_ProtG16_0, 0.062, 0, 0.011, 0.018, 0.059, 0, 0.062, 0.016, 0.054
Node_ProtG31_ProtG32_0, 0.776, 0.007, 0.062, 0.172, 0.76, 0, 0.776, 0.218, 0.556
Node_ProtG31_ProtG36_0, 0.032, 0, 0.667, 0.04, 0.032, 0, 0.032, 0.026, 0.013
Node_ProtG31_ProtG44_0, 0.134, 0, 0.024, 0.051, 0.132, 0, 0.134, 0.046, 0.096
Node_ProtG31_ProtG45_0, 0.686, 0, 0.108, 0.059, 0.676, 0, 0.686, 0.673, 0.018
Node_ProtG31_ProtG47_0, 0.019, 0, 0.01, 0.01, 0.019, 0, 0.019, 0.012, 0.013
Node_ProtG31_ProtG61_0, 0.016, 0, 0.025, 0.021, 0.016, 0, 0.016, 0.013, 0.009
Node_ProtG32_ProtG26_0, 1.004, 0.003, 0.038, 0.227, 0.994, 0, 1.004, 0.995, 0.018
Node_ProtG32_ProtG33_0, 1.022, 0.011, 0.021, 0.711, 1, 0, 1.022, 0.755, 0.256
Node_ProtG32_ProtG37_0, 1.016, 0.002, 0.023, 0.026, 1, 0, 1.016, 1.007, 0.015
Node_ProtG32_ProtG43_0, 1.021, 0.003, 0.035, 0.226, 0.995, 0, 1.021, 0.993, 0.037
Node_ProtG33_ProtG48_0, 1.069, 0.003, 0.02, 0.027, 1, 0, 1.069, 1.017, 0.056
Node_ProtG33_ProtG67_0, 1.03, 0, 0.022, 0.034, 0.998, 0, 1.03, 1.009, 0.03
Node_ProtG33_ProtG7_0, 1.329, 0.002, 0.022, 0.063, 1, 0, 1.329, 1.056, 0.28
Node_ProtG35_ProtG81_0, 0.011, 0, 0.055, 0.026, 0.011, 0, 0.011, 0.008, 0.013
Node_ProtG36_ProtG20_0, 0.013, 0, 0.082, 0.026, 0.013, 0, 0.013, 0.009, 0.014
Node_ProtG36_ProtG24_0, 0.032, 0, 0.006, 0.006, 0.032, 0, 0.032, 0.013, 0.022
Node_ProtG36_ProtG38_0, 0.016, 0, 0.027, 0.014, 0.016, 0, 0.016, 0.009, 0.011
Node_ProtG36_ProtG65_0, 0.081, 0, 0.014, 0.029, 0.08, 0, 0.081, 0.027, 0.063
Node_ProtG37_ProtG41_0, 1.157, 0.106, 0.036, 0.086, 0.997, 0, 1.157, 0.907, 0.044
Node_ProtG37_ProtG51_0, 0.199, 0.001, 1.114, 0.104, 0.196, 0, 0.199, 0.05, 0.155
Node_ProtG37_ProtG53_0, 1.027, 0.023, 0.027, 0.415, 1, 0, 1.027, 0.981, 0.015
Node_ProtG37_ProtG8_0, 1.043, 0.011, 0.018, 0.024, 1, 0, 1.043, 1.004, 0.023
Node_ProtG38_ProtG28_0, 0.004, 0, 0.021, 0.016, 0.004, 0, 0.004, 0.001, 0.009
Node_ProtG38_ProtG46_0, 0.134, 0, 0.009, 0.012, 0.133, 0, 0.134, 0.003, 0.139
Node_ProtG39_ProtG15_0, 0.246, 0, 0.036, 0.053, 0.245, 0, 0.246, 0.065, 0.199
Node_ProtG41_ProtG40_0, 1.784, 0.617, 0.06, 0.092, 1, 0, 1.784, 0.502, 0.07
Node_ProtG42_ProtG74_0, 0.148, 0.002, 0.023, 0.099, 0.147, 0, 0.148, 0.049, 0.101
Node_ProtG43_ProtG55_0, 0.267, 0.001, 0.949, 0.209, 0.249, 0, 0.267, 0.084, 0.194
Node_ProtG44_ProtG22_0, 0.226, 0.011, 0.076, 0.047, 0.215, 0, 0.226, 0.067, 0.157
Node_ProtG45_ProtG66_0, 0.672, 0, 0.035, 0.036, 0.669, 0, 0.672, 0.657, 0.021
Node_ProtG45_ProtG75_0, 0.01, 0, 0.667, 0.039, 0.01, 0, 0.01, 0.009, 0.005
Node_ProtG47_ProtG62_0, 0.003, 0, 0.022, 0.013, 0.003, 0, 0.003, 0.003, 0.006
Node_ProtG48_ProtG1_0, 1.022, 0.003, 0.066, 0.073, 0.995, 0, 1.022, 1.004, 0.016
Node_ProtG48_ProtG25_0, 1.091, 0.005, 0.017, 0.077, 0.997, 0, 1.091, 1.008, 0.081
Node_ProtG48_ProtG6_0, 0.983, 0.008, 0.133, 0.79, 0.97, 0, 0.983, 0.964, 0.017
Node_ProtG49_ProtG29_0, 0.008, 0, 0.031, 0.025, 0.008, 0, 0.008, 0.003, 0.015
Node_ProtG53_ProtG27_0, 1.019, 0.006, 0.031, 0.769, 1, 0, 1.019, 1.007, 0.017
Node_ProtG53_ProtG70_0, 0.998, 0.007, 0.049, 0.705, 0.984, 0, 0.998, 0.978, 0.021
Node_ProtG58_ProtG59_0, 0.011, 0, 0.022, 0.023, 0.011, 0, 0.011, 0, 0.025
Node_ProtG59_ProtG73_0, 0.006, 0, 0.027, 0.027, 0.006, 0, 0.006, 0.002, 0.022
Node_ProtG61_ProtG60_0, 1.003, 0.001, 0.036, 0.08, 0.997, 0, 1.003, 0.077, 0.956
Node_ProtG61_ProtG72_0, 0.005, 0, 0.023, 0.015, 0.005, 0, 0.005, 0.001, 0.012
Node_ProtG61_ProtG78_0, 0.082, 0, 0.011, 0.015, 0.082, 0, 0.082, 0.002, 0.088
Node_ProtG62_ProtG77_0, 0.004, 0, 0.015, 0.016, 0.004, 0, 0.004, 0, 0.016
Node_ProtG65_ProtG69_0, 0.226, 0.001, 0.016, 0.058, 0.224, 0, 0.226, 0.074, 0.16
Node_ProtG66_ProtG68_0, 0.799, 0.001, 0.019, 0.043, 0.739, 0, 0.799, 0.664, 0.145
Node_ProtG67_ProtG63_0, 0.036, 0, 1.037, 0.044, 0.036, 0, 0.036, 0.006, 0.043
Node_ProtG80_ProtG57_0, 0.003, 0, 0.02, 0.018, 0.003, 0, 0.003, 0, 0.013
Node_ProtG81_ProtG79_0, 0.009, 0, 0.018, 0.017, 0.009, 0, 0.009, 0.001, 0.016
Node_ProtG83_ProtG52_0, 1.193, 0.026, 0.087, 2.296, 1, 0, 1.193, 1, 0.168
Node_ProtG83_ProtG89_0, 1.086, 0.025, 0.019, 0.119, 0.988, 0, 1.086, 0.97, 0.08
Node_ProtG84_ProtG11_0, 0.982, 0.009, 0.056, 0.749, 0.975, 0, 0.982, 0.956, 0.029
Node_ProtG84_ProtG83_0, 1, 0.023, 0.015, 0.297, 0.966, 0, 1, 0.209, 0.772
Node_ProtG84_ProtG90_0, 0.22, 0.002, 0.018, 0.06, 0.217, 0, 0.22, 0.073, 0.15
Node_ProtG85_ProtG56_0, 0.007, 0, 0.015, 0.015, 0.007, 0, 0.007, 0.003, 0.014
Node_ProtG85_ProtG58_0, 0.008, 0, 0.037, 0.026, 0.008, 0, 0.008, 0.004, 0.014
Node_ProtG85_ProtG86_0, 0.009, 0, 0.017, 0.02, 0.009, 0, 0.009, 0.001, 0.019
Node_ProtG85_ProtG88_0, 0.008, 0.002, 0.009, 0.012, 0.007, 0, 0.008, 0.004, 0.007
Node_ProtG85_ProtG91_0, 0.009, 0, 0.019, 0.018, 0.009, 0, 0.009, 0.003, 0.019
Node_ProtG86_ProtG82_0, 0.005, 0, 0.019, 0.019, 0.005, 0, 0.005, 0.001, 0.015
Node_ProtG87_ProtG3_0, 0.003, 0, 0.018, 0.02, 0.003, 0, 0.003, 0.002, 0.016
Node_ProtG87_ProtG4_0, 0.005, 0, 0.026, 0.021, 0.005, 0, 0.005, 0.001, 0.015
Node_ProtG89_ProtG13_0, 1.126, 0.007, 0.076, 0.435, 0.983, 0, 1.126, 1.016, 0.109
Node_ProtG90_ProtG54_0, 0.017, 0, 0.216, 0.082, 0.017, 0, 0.017, 0.013, 0.013
Node_ProtM1_ProtM2_0, 1.003, 0, 0.018, 0.031, 1, 0, 1.003, 0.309, 0.705
Node_ProtM1_ProtM3_0, 0.316, 0.004, 0.024, 0.274, 0.314, 0, 0.316, 0.101, 0.219
Node_ProtZ1_ProtZ4_0, 1.02, 0.006, 0.189, 0.029, 0.997, 0, 1.02, 0.186, 0.837
Node_ProtZ3_ProtZ1_0, 0.366, 0, 0.025, 0.024, 0.323, 0, 0.366, 0.078, 0.302
Node_ProtZ3_ProtZ2_0, 0.089, 0.002, 0.026, 0.04, 0.085, 0, 0.089, 0, 0.101
Node_SAR3X2_BMS3X1_0, 0.667, 0.008, 0.467, 0.855, 0.65, 0, 0.667, 0.652, 0.005
Node_SAR3X2_SAR3X1_0, 0.663, 0.006, 0.05, 0.88, 0.656, 0, 0.663, 0.622, 0.04
Node_SM23X1_AABM5X1_0, 0.075, 0, 0.007, 0.032, 0.073, 0, 0.075, 0.031, 0.047
Node_SM23X1_Aero1_0, 1.372, 0.016, 0.41, 0.529, 0.994, 0, 1.372, 1.33, 0.012
Node_SM23X1_Bact27_0, 0.035, 0, 0.01, 0.019, 0.035, 0, 0.035, 0.032, 0.004
Node_SM23X1_Caldit2_0, 0.091, 0, 0.044, 0.047, 0.087, 0, 0.091, 0.037, 0.06
Node_SM23X1_Fibr4_0, 0.041, 0, 0.04, 0.031, 0.041, 0, 0.041, 0.037, 0.005
Node_SM23X1_Hydr2_0, 1.265, 0.03, 0.161, 0.436, 0.99, 0, 1.265, 1.186, 0.024
Node_SM23X1_KSB1X2_0, 0.019, 0, 0.084, 0.021, 0.019, 0, 0.019, 0.011, 0.012
Node_SM23X1_KSB1X3_0, 0.005, 0, 0.025, 0.021, 0.005, 0, 0.005, 0.002, 0.011
Node_SM23X1_P4572X1_0, 0.159, 0, 0.085, 0.083, 0.15, 0, 0.159, 0.133, 0.028
Node_SM23X1_Pori1_0, 1.038, 0.012, 0.241, 0.976, 0.962, 0, 1.038, 1.021, 0.002
Node_SM23X1_RBG1_0, 0.389, 0.002, 0.651, 0.542, 0.378, 0, 0.389, 0.386, 0
Node_SM23X1_TA06X1_0, 0.216, 0.001, 0.181, 0.204, 0.209, 0, 0.216, 0.211, 0.007
Node_SM23X1_Zixi5_0, 0.076, 0.001, 0.091, 0.053, 0.075, 0, 0.076, 0.068, 0.007
Node_Spir10_Lind1_0, 1.843, 0.009, 0.067, 0.564, 0.989, 0, 1.843, 1.815, 0.012
Node_Spir10_Spir11_0, 0.159, 0.001, 0.485, 0.313, 0.154, 0, 0.159, 0.155, 0.008
Node_Spir10_Spir12_0, 0.048, 0, 0.116, 0.102, 0.047, 0, 0.048, 0.045, 0.005
Node_Spir10_Spir13_0, 0.009, 0, 0.019, 0.023, 0.009, 0, 0.009, 0.004, 0.014
Node_Spir10_Spir15_0, 0.635, 0.008, 1.231, 0.912, 0.564, 0, 0.635, 0.609, 0.015
Node_Spir10_Spir3_0, 0.005, 0, 0.02, 0.022, 0.005, 0, 0.005, 0.003, 0.016
Node_Spir10_Spir8_0, 0.014, 0, 0.038, 0.035, 0.014, 0, 0.014, 0.012, 0.004
Node_Spir13_Spir2_0, 0.005, 0, 0.02, 0.021, 0.005, 0, 0.005, 0.002, 0.016
Node_Spir15_Spir4_0, 0.514, 0.007, 0.196, 0.62, 0.498, 0, 0.514, 0.438, 0.068
Node_Spir15_Spir9_0, 0.069, 0, 0.452, 0.273, 0.069, 0, 0.069, 0.066, 0.007
Node_Sume1_OLB1X1_0, 0.293, 0, 0.77, 0.397, 0.266, 0, 0.293, 0.264, 0.03
Node_Sume1_UBP4X1_0, 0.129, 0.001, 0.229, 0.145, 0.125, 0, 0.129, 0.07, 0.064
Node_Syne1_Calda2_0, 0.146, 0.002, 0.356, 0.271, 0.139, 0, 0.146, 0.144, 0.003
Node_Syne1_Cyan40_0, 1.562, 0.027, 0.053, 0.506, 0.96, 0, 1.562, 1.511, 0.003
Node_Syne1_Dein5_0, 0.497, 0.001, 1.067, 0.596, 0.445, 0, 0.497, 0.495, 0.001
Node_Syne1_Syne2_0, 0.002, 0, 0.021, 0.018, 0.002, 0, 0.002, 0.001, 0.012
Node_Syne1_Syne4_0, 0.01, 0, 0.026, 0.017, 0.01, 0, 0.01, 0.006, 0.005
Node_Syne1_Syne6_0, 0.003, 0, 0.014, 0.015, 0.003, 0, 0.003, 0.002, 0.007
Node_Syne1_Syne7_0, 0.011, 0, 0.008, 0.008, 0.011, 0, 0.011, 0.001, 0.016
Node_Syne1_Syne9_0, 0.031, 0, 0.122, 0.106, 0.031, 0, 0.031, 0.029, 0.007
Node_Syne2_Syne8_0, 0.006, 0, 0.012, 0.013, 0.006, 0, 0.006, 0, 0.016
Node_Syne4_Syne5_0, 0.003, 0, 0.02, 0.015, 0.003, 0, 0.003, 0.001, 0.013
Node_Syne7_Syne10_0, 0.005, 0, 0.027, 0.027, 0.005, 0, 0.005, 0.001, 0.021
Node_Syne8_Syne3_0, 0.004, 0, 0.018, 0.018, 0.004, 0, 0.004, 0.001, 0.016
Node_TA06X1_Cloa1_0, 0.045, 0, 0.173, 0.107, 0.045, 0, 0.045, 0.043, 0.002
Node_TA06X1_Edwa1_0, 0.02, 0, 0.029, 0.026, 0.02, 0, 0.02, 0.018, 0.004
Node_TA06X1_WOR1_0, 0.021, 0, 0.014, 0.012, 0.021, 0, 0.021, 0.009, 0.015
Node_Therd1_Dict1_0, 0.819, 0.003, 0.486, 0.372, 0.755, 0, 0.819, 0.801, 0.018
Node_Therg2_Therg4_0, 0.254, 0.001, 0.029, 0.08, 0.253, 0, 0.254, 0.054, 0.211
Node_Therg3_Therg5_0, 0.003, 0, 0.021, 0.017, 0.003, 0, 0.003, 0, 0.006
Node_Therg8_Therg2_0, 0.071, 0.001, 0.053, 0.047, 0.07, 0, 0.071, 0.03, 0.043
Node_Therg8_Therg3_0, 0.018, 0, 0.07, 0.026, 0.018, 0, 0.018, 0.008, 0.017
Node_Therg8_Therg6_0, 0.006, 0, 0.027, 0.026, 0.006, 0, 0.006, 0.004, 0.015
Node_Thers1_Desua45_0, 0.909, 0.003, 0.119, 0.53, 0.691, 0, 0.909, 0.856, 0.054
Node_UBA1X2_UBA1X3_0, 0.248, 0.002, 0.352, 0.213, 0.245, 0, 0.248, 0.231, 0.019
Node_UBA1X2_UBA1X5_0, 0.032, 0, 0.231, 0.09, 0.031, 0, 0.032, 0.026, 0.015
Node_UBA1X5_UBA1X4_0, 0.156, 0, 0.04, 0.047, 0.155, 0, 0.156, 0.008, 0.164
Node_UBA1X6_UBA1X1_0, 1.083, 0.004, 0.049, 0.423, 0.996, 0, 1.083, 0.547, 0.549
Node_UBA1X6_UBA1X2_0, 0.579, 0.049, 0.097, 0.398, 0.513, 0, 0.579, 0.333, 0.178
Node_UBA2X1_DesuD2_0, 0.837, 0.003, 0.285, 0.231, 0.817, 0, 0.837, 0.805, 0.033
Node_UBA2X1_Desua22_0, 1.086, 0.006, 0.091, 0.122, 0.942, 0, 1.086, 1.041, 0.037
Node_UBA2X1_Desua28_0, 0.137, 0, 0.721, 0.241, 0.134, 0, 0.137, 0.118, 0.021
Node_UBA2X1_SZUA2_0, 0.174, 0, 0.105, 0.101, 0.171, 0, 0.174, 0.041, 0.142
Node_UBA6X1_Desa1_0, 0.03, 0.001, 0.083, 0.066, 0.03, 0, 0.03, 0.026, 0.003
Node_UBA6X1_Elus1_0, 0.009, 0, 0.024, 0.021, 0.009, 0, 0.009, 0.008, 0.003
Node_UBA6X1_Gold1_0, 0.109, 0, 0.227, 0.166, 0.105, 0, 0.109, 0.105, 0.006
Node_UBA9X1_UBA9X3_0, 0.027, 0, 0.061, 0.044, 0.025, 0, 0.027, 0.025, 0.006
Node_UBA9X3_UBA9X2_0, 0.006, 0, 0.031, 0.022, 0.006, 0, 0.006, 0.004, 0.01
Node_Verr11_Aure2_0, 0.103, 0.001, 0.02, 0.092, 0.102, 0, 0.103, 0.047, 0.055
Node_Verr11_Aure3_0, 0.067, 0, 0.227, 0.105, 0.066, 0, 0.067, 0.05, 0.021
Node_Verr11_Omni4_0, 0.273, 0, 0.204, 0.147, 0.249, 0, 0.273, 0.237, 0.038
Node_Verr11_Verr12_0, 0.069, 0, 0.779, 0.27, 0.069, 0, 0.069, 0.063, 0.023
Node_Verr11_Verr14_0, 0.825, 0.002, 0.155, 0.276, 0.82, 0, 0.825, 0.78, 0.049
Node_Verr11_Verr7_0, 0.28, 0.007, 0.009, 0.123, 0.271, 0, 0.28, 0.199, 0.077
Node_Verr11_Verr8_0, 0.205, 0.003, 0.02, 0.182, 0.204, 0, 0.205, 0.089, 0.119
Node_Verr11_Verr9_0, 0.929, 0.006, 0.018, 0.601, 0.91, 0, 0.929, 0.269, 0.661
Node_Verr3_Verr10_0, 0.155, 0, 0.01, 0.035, 0.152, 0, 0.155, 0.116, 0.044
Node_Verr5_Verr6_0, 0.008, 0, 0.138, 0.025, 0.008, 0, 0.008, 0.005, 0.014
Node_Verr7_Verr13_0, 0.145, 0, 0.026, 0.025, 0.145, 0, 0.145, 0.137, 0.014
Node_Verr7_Verr2_0, 1.002, 0.003, 0.01, 0.051, 0.998, 0, 1.002, 0.141, 0.864
Node_Verr7_Verr4_0, 0.157, 0, 0.13, 0.076, 0.157, 0, 0.157, 0.155, 0.007
Node_Verr8_Verr3_0, 0.121, 0.001, 0.015, 0.031, 0.121, 0, 0.121, 0.119, 0.003
Node_Verr8_Verr5_0, 0.132, 0, 0.078, 0.045, 0.131, 0, 0.132, 0.131, 0.005
Node_WOR1_WOR2_0, 0.03, 0, 0.014, 0.006, 0.029, 0, 0.03, 0.008, 0.023
Node_WOR1_WOR3_0, 0.228, 0, 0.006, 0.063, 0.228, 0, 0.228, 0.069, 0.163
Node_WOR1_WOR6_0, 0.071, 0, 0.006, 0.025, 0.071, 0, 0.071, 0.026, 0.047
Node_WOR2_WOR4_0, 0.005, 0, 0.031, 0.019, 0.005, 0, 0.005, 0.003, 0.006
Node_WOR6_WOR7_0, 0.009, 0, 0.069, 0.022, 0.009, 0, 0.009, 0.005, 0.007
Node_Wall1_Fuso2_0, 0.294, 0, 1.292, 0.655, 0.28, 0.001, 0.294, 0.294, 0
Node_Wall1_Muir1_0, 0.042, 0, 0.076, 0.071, 0.042, 0, 0.042, 0.013, 0.031
Node_Wall1_Rifl1_0, 0.087, 0, 0.215, 0.217, 0.085, 0, 0.087, 0.084, 0.008
Node_Wall1_Syne1_0, 1.585, 0.009, 0.178, 0.499, 0.969, 0.002, 1.585, 1.569, 0.001
Node_Zixi2_Zixi1_0, 0.269, 0.001, 0.022, 0.096, 0.266, 0, 0.269, 0.068, 0.212
Node_Zixi4_Zixi2_0, 0.078, 0, 0.034, 0.034, 0.078, 0, 0.078, 0.026, 0.058
Node_Zixi4_Zixi3_0, 0.01, 0, 0.081, 0.033, 0.01, 0, 0.01, 0.007, 0.013
Node_Zixi5_Late2_0, 0.053, 0, 0.037, 0.04, 0.053, 0, 0.053, 0.041, 0.014
Node_Zixi5_TA06A1_0, 0.293, 0, 0.009, 0.065, 0.27, 0, 0.293, 0.079, 0.218
Node_Zixi5_UBP14X1_0, 0.084, 0, 0.028, 0.032, 0.082, 0, 0.084, 0.025, 0.059
Node_Zixi5_Zixi4_0, 0.054, 0.001, 0.257, 0.088, 0.054, 0, 0.054, 0.043, 0.017
Node_chloroArabidopsis_chloroBryophyte_0, 0.008, 0, 0.015, 0.02, 0.008, 0, 0.008, 0, 0.02
Node_chloroArabidopsis_chloroChlorophyta_0, 0.003, 0, 0.008, 0.011, 0.003, 0, 0.003, 0, 0.009
Node_chloroArabidopsis_chloroLycophyte_0, 0.005, 0, 0.018, 0.018, 0.005, 0, 0.005, 0.003, 0.015
Node_chloroArabidopsis_chloroRedAlgae_0, 0.002, 0, 0.019, 0.012, 0.002, 0, 0.002, 0.001, 0.009
Node_mitoAnnelida_mitoChelicerate_0, 0.009, 0, 0.021, 0.027, 0.009, 0, 0.009, 0, 0.024
Node_mitoAnnelida_mitoMollusc_0, 0.01, 0, 0.025, 0.034, 0.01, 0, 0.01, 0.002, 0.028
Node_mitoAnnelida_mitoPriapulid_0, 0.007, 0, 0.018, 0.02, 0.007, 0, 0.007, 0.002, 0.016
Node_mitoArabidopsis_mitoLycophyte_0, 0.004, 0, 0.03, 0.039, 0.004, 0, 0.004, 0.001, 0.021
Node_mitoBryophyte_mitoArabidopsis_0, 0.013, 0, 0.016, 0.016, 0.013, 0, 0.013, 0.002, 0.023
Node_mitoBryophyte_mitoChlorophyta_0, 0.006, 0, 0.014, 0.018, 0.006, 0, 0.006, 0.001, 0.015
Node_mitoBryophyte_mitoExcavata_0, 0.007, 0, 0.021, 0.02, 0.007, 0, 0.007, 0.001, 0.014
Node_mitoBryophyte_mitoParamecium_0, 0.003, 0, 0.008, 0.011, 0.003, 0, 0.003, 0.001, 0.004
Node_mitoBryophyte_mitoRedAlgae_0, 0.005, 0, 0.008, 0.011, 0.005, 0, 0.005, 0.001, 0.01
Node_mitoChelicerate_mitoInsect_0, 0.004, 0, 0.027, 0.032, 0.004, 0, 0.004, 0.001, 0.022
Node_mitoFungi_mitoAnnelida_0, 0.006, 0.001, 0.018, 0.019, 0.006, 0, 0.006, 0.004, 0.009
Node_mitoFungi_mitoBryophyte_0, 0.014, 0, 0.079, 0.027, 0.014, 0, 0.014, 0.006, 0.013
OLB1X1, 1, 0, 0.14, 0.499, 1, 0, 1, 0.168, 0.847
Omni2, 0, 0, 0.234, 0.046, 0, 0, 0, 0, 0.013
Omni3, 0, 0, 0.076, 0.053, 0, 0, 0, 0, 0.016
Omni4, 1, 0.001, 0.023, 0.22, 1, 0, 1, 0.213, 0.801
Omni6, 1, 0.008, 0.109, 1.562, 1, 0, 1, 0.662, 0.346
Omni7, 1, 0, 0.058, 0.028, 1, 0, 1, 0.001, 1.012
Omni8, 1, 0.003, 0.077, 0.365, 1, 0, 1, 0.694, 0.319
P4572X1, 0, 0, 0.037, 0.029, 0, 0, 0, 0, 0.016
Pate1, 0, 0, 0.026, 0.029, 0, 0, 0, 0, 0.018
Pate10, 0, 0, 0.269, 0.102, 0, 0, 0, 0, 0.019
Pate11, 1, 0.004, 0.025, 0.221, 1, 0, 1, 0.229, 0.783
Pate12, 0, 0, 0.036, 0.034, 0, 0, 0, 0, 0.024
Pate13, 0, 0, 0.038, 0.042, 0, 0, 0, 0, 0.03
Pate14, 0, 0, 0.021, 0.02, 0, 0, 0, 0, 0.016
Pate15, 0, 0, 0.017, 0.017, 0, 0, 0, 0, 0.012
Pate17, 0, 0, 0.036, 0.039, 0, 0, 0, 0, 0.027
Pate18, 0, 0, 0.024, 0.029, 0, 0, 0, 0, 0.02
Pate19, 0, 0, 0.022, 0.02, 0, 0, 0, 0, 0.014
Pate21, 0, 0, 0.025, 0.022, 0, 0, 0, 0, 0.014
Pate22, 0, 0, 0.03, 0.025, 0, 0, 0, 0, 0.016
Pate23, 0, 0, 0.189, 0.124, 0, 0, 0, 0, 0.026
Pate24, 1, 0, 0.02, 0.089, 1, 0, 1, 0.201, 0.813
Pate25, 0, 0, 0.025, 0.026, 0, 0, 0, 0, 0.014
Pate26, 0, 0, 0.026, 0.028, 0, 0, 0, 0, 0.014
Pate27, 0, 0, 0.027, 0.026, 0, 0, 0, 0, 0.016
Pate28, 0, 0, 0.027, 0.023, 0, 0, 0, 0, 0.016
Pate29, 0, 0, 0.026, 0.026, 0, 0, 0, 0, 0.021
Pate3, 0, 0, 0.044, 0.035, 0, 0, 0, 0, 0.024
Pate30, 0, 0, 0.113, 0.047, 0, 0, 0, 0, 0.017
Pate31, 0, 0, 0.037, 0.038, 0, 0, 0, 0, 0.027
Pate32, 0, 0, 0.03, 0.022, 0, 0, 0, 0, 0.015
Pate33, 1, 0.002, 0.035, 0.465, 1, 0, 1, 0.16, 0.865
Pate34, 0, 0, 0.023, 0.022, 0, 0, 0, 0, 0.015
Pate35, 0, 0, 0.019, 0.027, 0, 0, 0, 0, 0.014
Pate36, 0, 0, 0.025, 0.027, 0, 0, 0, 0, 0.019
Pate37, 0, 0, 0.025, 0.027, 0, 0, 0, 0, 0.017
Pate38, 0, 0, 0.022, 0.025, 0, 0, 0, 0, 0.018
Pate39, 0, 0, 0.225, 0.044, 0, 0, 0, 0, 0.018
Pate4, 0, 0, 0.026, 0.03, 0, 0, 0, 0, 0.018
Pate40, 0, 0, 0.024, 0.022, 0, 0, 0, 0, 0.019
Pate41, 0, 0, 0.025, 0.028, 0, 0, 0, 0, 0.019
Pate43, 0, 0, 0.025, 0.025, 0, 0, 0, 0, 0.019
Pate44, 1, 0.001, 0.032, 0.294, 1, 0, 1, 0.246, 0.781
Pate45, 0, 0, 0.255, 0.071, 0, 0, 0, 0, 0.017
Pate46, 0, 0, 0.045, 0.038, 0, 0, 0, 0, 0.016
Pate48, 0, 0, 0.091, 0.046, 0, 0, 0, 0, 0.02
Pate49, 0, 0, 0.029, 0.036, 0, 0, 0, 0, 0.023
Pate5, 0, 0, 0.03, 0.033, 0, 0, 0, 0, 0.019
Pate50, 0, 0, 0.034, 0.037, 0, 0, 0, 0, 0.026
Pate51, 0, 0, 0.022, 0.02, 0, 0, 0, 0, 0.011
Pate52, 0, 0, 0.112, 0.049, 0, 0, 0, 0, 0.019
Pate53, 0, 0, 0.059, 0.047, 0, 0, 0, 0, 0.03
Pate54, 0, 0, 0.026, 0.028, 0, 0, 0, 0, 0.016
Pate55, 0, 0, 0.019, 0.02, 0, 0, 0, 0, 0.014
Pate56, 1, 0.003, 0.023, 0.292, 1, 0, 1, 0.191, 0.818
Pate57, 0, 0, 0.024, 0.026, 0, 0, 0, 0, 0.018
Pate6, 0, 0, 0.036, 0.032, 0, 0, 0, 0, 0.023
Pate7, 0, 0, 0.051, 0.045, 0, 0, 0, 0, 0.028
Pate8, 0, 0, 0.024, 0.019, 0, 0, 0, 0, 0.015
Pate9, 0, 0, 0.02, 0.019, 0, 0, 0, 0, 0.014
Plan12, 0, 0, 1.029, 0.042, 0, 0, 0, 0, 0.02
Plan14, 0, 0, 0.742, 0.236, 0, 0, 0, 0, 0.012
Plan16, 0, 0, 0.257, 0.086, 0, 0, 0, 0, 0.014
Plan17, 1, 0, 0.032, 0.027, 1, 0, 1, 0.999, 0.017
Plan18, 0, 0, 0.042, 0.04, 0, 0, 0, 0, 0.024
Plan2, 2, 0.003, 0.031, 0.775, 1, 0, 2, 0.494, 1.524
Plan21, 0, 0, 0.039, 0.03, 0, 0, 0, 0, 0.019
Plan22, 0, 0, 0.517, 0.143, 0, 0, 0, 0, 0.013
Plan23, 1, 0, 0.033, 0.023, 1, 0, 1, 0.999, 0.018
Plan26, 0, 0, 0.108, 0.015, 0, 0, 0, 0, 0.01
Plan27, 1, 0.002, 0.125, 0.4, 1, 0, 1, 0.096, 0.914
Plan3, 1, 0.001, 0.068, 0.053, 1, 0, 1, 0.994, 0.026
Plan30, 2, 0.007, 0.03, 0.735, 1, 0, 2, 0.716, 1.293
Plan31, 1, 0.004, 0.176, 0.509, 1, 0, 1, 0.442, 0.575
Plan32, 1, 0, 0.03, 0.033, 1, 0, 1, 0.992, 0.021
Plan33, 1, 0.007, 0.068, 1.255, 1, 0, 1, 0.811, 0.196
Plan39, 0, 0, 0.069, 0.042, 0, 0, 0, 0, 0.015
Plan4, 0, 0, 0.121, 0.056, 0, 0, 0, 0, 0.019
Plan40, 1, 0.003, 0.454, 0.943, 1, 0, 1, 0.882, 0.132
Plan42, 1, 0, 0.57, 0.218, 1, 0, 1, 0.764, 0.251
Plan43, 1, 0.001, 0.363, 0.178, 1, 0, 1, 0.658, 0.355
Plan44, 1, 0.012, 0.081, 1.505, 1, 0, 1, 0.798, 0.204
Plan5, 1, 0, 0.033, 0.059, 1, 0, 1, 0.094, 0.935
Plan7, 0, 0, 0.157, 0.081, 0, 0, 0, 0, 0.017
Pori1, 1, 0, 0.033, 0.03, 1, 0, 1, 1, 0.021
Pori2, 1, 0, 0.035, 0.039, 1, 0, 1, 1, 0.023
ProtA10, 0, 0, 0.024, 0.022, 0, 0, 0, 0, 0.018
ProtA11, 1, 0.008, 0.043, 1.421, 1, 0, 1, 0.987, 0.018
ProtA12, 0, 0, 0.031, 0.035, 0, 0, 0, 0, 0.027
ProtA13, 0, 0, 0.029, 0.03, 0, 0, 0, 0, 0.018
ProtA14, 0, 0, 0.028, 0.025, 0, 0, 0, 0, 0.015
ProtA15, 0, 0, 0.05, 0.035, 0, 0, 0, 0, 0.014
ProtA16, 0, 0, 0.018, 0.014, 0, 0, 0, 0, 0.013
ProtA18, 0, 0, 0.017, 0.016, 0, 0, 0, 0, 0.011
ProtA19, 0, 0, 0.033, 0.034, 0, 0, 0, 0, 0.023
ProtA2, 1, 0.006, 0.028, 0.481, 1, 0, 1, 0.201, 0.818
ProtA20, 1, 0.003, 0.043, 0.195, 1, 0, 1, 0.623, 0.384
ProtA21, 0, 0, 0.021, 0.017, 0, 0, 0, 0, 0.013
ProtA24, 0, 0, 0.018, 0.018, 0, 0, 0, 0, 0.012
ProtA26, 0, 0, 0.52, 0.129, 0, 0, 0, 0, 0.02
ProtA27, 0, 0, 0.023, 0.025, 0, 0, 0, 0, 0.015
ProtA29, 0, 0, 0.036, 0.025, 0, 0, 0, 0, 0.014
ProtA3, 0, 0, 0.028, 0.029, 0, 0, 0, 0, 0.016
ProtA30, 0, 0, 0.022, 0.024, 0, 0, 0, 0, 0.019
ProtA31, 0, 0, 0.021, 0.019, 0, 0, 0, 0, 0.013
ProtA32, 1, 0.007, 0.046, 1.012, 1, 0, 1, 0.986, 0.022
ProtA33, 0, 0.001, 0.028, 0.028, 0, 0, 0, 0, 0.02
ProtA34, 0, 0, 0.021, 0.022, 0, 0, 0, 0, 0.019
ProtA35, 0, 0, 0.015, 0.016, 0, 0, 0, 0, 0.012
ProtA36, 0, 0, 0.01, 0.01, 0, 0, 0, 0, 0.009
ProtA37, 1, 0, 0.023, 0.367, 1, 0, 1, 0.497, 0.523
ProtA38, 2, 0.001, 0.019, 0.213, 1, 0, 2, 0.67, 1.342
ProtA39, 0, 0, 0.018, 0.021, 0, 0, 0, 0, 0.017
ProtA40, 0, 0, 0.02, 0.017, 0, 0, 0, 0, 0.014
ProtA41, 0, 0, 0.689, 0.042, 0, 0, 0, 0, 0.013
ProtA42, 0, 0, 0.047, 0.036, 0, 0, 0, 0, 0.011
ProtA43, 0, 0, 0.01, 0.009, 0, 0, 0, 0, 0.008
ProtA44, 0, 0, 0.021, 0.022, 0, 0, 0, 0, 0.015
ProtA45, 0, 0, 0.434, 0.109, 0, 0, 0, 0, 0.012
ProtA46, 0, 0, 0.023, 0.025, 0, 0, 0, 0, 0.017
ProtA47, 0, 0, 0.018, 0.017, 0, 0, 0, 0, 0.014
ProtA48, 0, 0, 0.014, 0.014, 0, 0, 0, 0, 0.009
ProtA49, 0, 0, 0.021, 0.02, 0, 0, 0, 0, 0.011
ProtA5, 0, 0.001, 0.665, 0.376, 0, 0, 0, 0, 0.008
ProtA50, 0, 0, 0.019, 0.021, 0, 0, 0, 0, 0.016
ProtA51, 0, 0, 0.017, 0.02, 0, 0, 0, 0, 0.014
ProtA52, 0, 0, 0.026, 0.019, 0, 0, 0, 0, 0.013
ProtA53, 0, 0, 0.031, 0.025, 0, 0, 0, 0, 0.013
ProtA54, 0, 0, 0.019, 0.022, 0, 0, 0, 0, 0.015
ProtA55, 0, 0, 0.017, 0.018, 0, 0, 0, 0, 0.011
ProtA56, 0, 0, 0.026, 0.024, 0, 0, 0, 0, 0.013
ProtA57, 1, 0.005, 0.563, 1.009, 1, 0, 1, 0.988, 0.019
ProtA58, 0, 0, 0.034, 0.031, 0, 0, 0, 0, 0.016
ProtA60, 0, 0, 0.028, 0.026, 0, 0, 0, 0, 0.011
ProtA61, 0, 0, 0.025, 0.021, 0, 0, 0, 0, 0.014
ProtA62, 0, 0, 0.018, 0.021, 0, 0, 0, 0, 0.011
ProtA63, 0, 0, 0.014, 0.014, 0, 0, 0, 0, 0.01
ProtA64, 0, 0, 0.488, 0.042, 0, 0, 0, 0, 0.02
ProtA66, 0, 0, 0.016, 0.017, 0, 0, 0, 0, 0.011
ProtA67, 0, 0, 0.019, 0.021, 0, 0, 0, 0, 0.013
ProtA68, 0, 0, 0.217, 0.084, 0, 0, 0, 0, 0.013
ProtA69, 0, 0, 0.018, 0.017, 0, 0, 0, 0, 0.015
ProtA7, 0, 0, 0.037, 0.04, 0, 0, 0, 0, 0.026
ProtA70, 2, 0.006, 0.033, 1.207, 1, 0, 2, 1.521, 0.488
ProtA71, 0, 0, 0.015, 0.018, 0, 0, 0, 0, 0.011
ProtA72, 0, 0, 0.024, 0.019, 0, 0, 0, 0, 0.012
ProtA74, 0, 0, 0.021, 0.015, 0, 0, 0, 0, 0.009
ProtA75, 0, 0, 0.033, 0.023, 0, 0, 0, 0, 0.013
ProtA76, 0, 0, 0.017, 0.016, 0, 0, 0, 0, 0.013
ProtA77, 0, 0, 0.023, 0.025, 0, 0, 0, 0, 0.02
ProtA8, 0, 0, 0.03, 0.024, 0, 0, 0, 0, 0.019
ProtA9, 0, 0, 0.032, 0.032, 0, 0, 0, 0, 0.015
ProtG1, 0, 0, 1.034, 0.083, 0, 0, 0, 0, 0.012
ProtG10, 0, 0, 0.041, 0.026, 0, 0, 0, 0, 0.016
ProtG11, 0, 0, 0.996, 0.376, 0, 0, 0, 0, 0.014
ProtG12, 0, 0, 0.03, 0.022, 0, 0, 0, 0, 0.013
ProtG13, 1, 0, 0.984, 0.5, 1, 0, 1, 0.167, 0.858
ProtG14, 0, 0, 0.027, 0.024, 0, 0, 0, 0, 0.012
ProtG15, 0, 0, 0.262, 0.07, 0, 0, 0, 0, 0.016
ProtG16, 1, 0.002, 0.023, 0.324, 1, 0, 1, 0.214, 0.798
ProtG17, 0, 0, 0.231, 0.141, 0, 0, 0, 0, 0.008
ProtG18, 1, 0.003, 0.028, 0.45, 1, 0, 1, 0.317, 0.699
ProtG19, 1, 0.001, 0.027, 0.043, 1, 0, 1, 0.064, 0.952
ProtG20, 0, 0, 0.031, 0.031, 0, 0, 0, 0, 0.018
ProtG21, 0, 0, 0.34, 0.091, 0, 0, 0, 0, 0.014
ProtG22, 2, 0.964, 0.019, 0.207, 1, 0, 2, 0.037, 0.829
ProtG24, 0, 0, 0.031, 0.024, 0, 0, 0, 0, 0.014
ProtG25, 1, 0, 0.29, 0.064, 1, 0, 1, 0.991, 0.027
ProtG26, 0, 0, 1.024, 0.261, 0, 0, 0, 0, 0.02
ProtG27, 1, 0, 0.035, 0.045, 1, 0, 1, 0.999, 0.016
ProtG28, 0, 0, 0.016, 0.013, 0, 0, 0, 0, 0.012
ProtG29, 0, 0, 0.022, 0.018, 0, 0, 0, 0, 0.016
ProtG3, 0, 0, 0.006, 0.005, 0, 0, 0, 0, 0.003
ProtG30, 0, 0, 0.09, 0.029, 0, 0, 0, 0, 0.016
ProtG31, 1, 0, 0.085, 0.055, 1, 0, 1, 0.06, 0.951
ProtG32, 1, 0, 0.023, 0.215, 1, 0, 1, 0.993, 0.019
ProtG33, 1, 0, 0.342, 0.068, 1, 0, 1, 1, 0.013
ProtG34, 1, 0.003, 0.05, 0.247, 1, 0, 1, 0.201, 0.82
ProtG35, 0, 0, 0.03, 0.032, 0, 0, 0, 0, 0.019
ProtG36, 0, 0, 0.023, 0.02, 0, 0, 0, 0, 0.01
ProtG37, 1, 0.003, 0.031, 0.109, 1, 0, 1, 0.181, 0.829
ProtG38, 0, 0, 0.149, 0.021, 0, 0, 0, 0, 0.015
ProtG39, 1, 0.001, 0.019, 0.14, 1, 0, 1, 0.24, 0.772
ProtG4, 0, 0, 0.02, 0.018, 0, 0, 0, 0, 0.015
ProtG40, 1, 0, 0.803, 0.093, 1, 0, 1, 1, 0.019
ProtG41, 2, 0, 0.027, 0.037, 1, 0, 2, 1.772, 0.243
ProtG42, 1, 0, 0.159, 0.085, 1, 0, 1, 0.004, 1.011
ProtG43, 0, 0, 0.274, 0.062, 0, 0, 0, 0, 0.007
ProtG44, 0, 0, 0.24, 0.045, 0, 0, 0, 0, 0.014
ProtG45, 1, 0, 0.022, 0.029, 1, 0, 1, 0.003, 1.012
ProtG46, 1, 0, 0.021, 0.026, 1, 0, 1, 0.124, 0.887
ProtG47, 0, 0, 0.019, 0.019, 0, 0, 0, 0, 0.016
ProtG48, 1, 0.004, 0.036, 0.89, 1, 0, 1, 0.965, 0.049
ProtG49, 0, 0, 0.017, 0.012, 0, 0, 0, 0, 0.009
ProtG5, 0, 0, 0.031, 0.028, 0, 0, 0, 0, 0.014
ProtG50, 0, 0, 0.079, 0.039, 0, 0, 0, 0, 0.014
ProtG51, 0, 0, 0.211, 0.058, 0, 0, 0, 0, 0.012
ProtG52, 2, 0.001, 0.029, 0.532, 1, 0, 2, 1.178, 0.835
ProtG53, 1, 0.003, 0.031, 0.761, 1, 0, 1, 0.978, 0.03
ProtG54, 0, 0, 0.033, 0.033, 0, 0, 0, 0, 0.016
ProtG55, 1, 0.002, 0.079, 0.29, 1, 0, 1, 0.2, 0.81
ProtG56, 0, 0, 0.016, 0.013, 0, 0, 0, 0, 0.009
ProtG57, 0, 0, 0.019, 0.022, 0, 0, 0, 0, 0.016
ProtG58, 0, 0, 0.021, 0.016, 0, 0, 0, 0, 0.01
ProtG59, 0, 0, 0.016, 0.017, 0, 0, 0, 0, 0.01
ProtG6, 0, 0.001, 1.003, 0.61, 0, 0, 0, 0, 0.019
ProtG60, 1, 0, 0.021, 0.019, 1, 0, 1, 0.996, 0.018
ProtG61, 1, 0, 0.016, 0.019, 1, 0, 1, 0.997, 0.013
ProtG62, 0, 0, 0.018, 0.02, 0, 0, 0, 0, 0.014
ProtG63, 1, 0, 0.029, 0.044, 1, 0, 1, 0.026, 0.993
ProtG64, 0, 0, 0.037, 0.03, 0, 0, 0, 0, 0.017
ProtG65, 0, 0, 0.241, 0.097, 0, 0, 0, 0, 0.015
ProtG66, 1, 0, 0.723, 0.176, 1, 0, 1, 0.086, 0.924
ProtG67, 0, 0, 0.047, 0.02, 0, 0, 0, 0, 0.011
ProtG68, 1, 0, 0.096, 0.045, 1, 0, 1, 0.71, 0.297
ProtG69, 1, 0.002, 0.025, 0.279, 1, 0, 1, 0.22, 0.797
ProtG7, 3, 0.003, 0.03, 0.334, 1, 0, 3, 1.316, 1.698
ProtG70, 0, 0, 1.009, 0.338, 0, 0, 0, 0, 0.011
ProtG71, 0, 0, 0.024, 0.021, 0, 0, 0, 0, 0.016
ProtG72, 0, 0, 0.017, 0.021, 0, 0, 0, 0, 0.012
ProtG73, 0, 0, 0.018, 0.016, 0, 0, 0, 0, 0.012
ProtG74, 1, 0.002, 0.027, 0.438, 1, 0, 1, 0.14, 0.877
ProtG75, 0, 0, 0.032, 0.036, 0, 0, 0, 0, 0.022
ProtG76, 0, 0, 0.017, 0.022, 0, 0, 0, 0, 0.011
ProtG77, 0, 0, 0.02, 0.022, 0, 0, 0, 0, 0.016
ProtG78, 0, 0, 0.092, 0.023, 0, 0, 0, 0, 0.01
ProtG79, 1, 0, 0.022, 0.028, 1, 0, 1, 0.006, 1.013
ProtG8, 2, 1.003, 0.062, 1.009, 1, 0, 2, 0.005, 0.016
ProtG80, 0, 0, 0.014, 0.014, 0, 0, 0, 0, 0.011
ProtG81, 0, 0, 0.027, 0.026, 0, 0, 0, 0, 0.018
ProtG82, 0, 0, 0.015, 0.014, 0, 0, 0, 0, 0.01
ProtG83, 1, 0.004, 0.21, 0.453, 1, 0, 1, 0.993, 0.013
ProtG84, 1, 0.004, 0.029, 0.691, 1, 0, 1, 0.97, 0.043
ProtG85, 0, 0, 0.017, 0.015, 0, 0, 0, 0, 0.008
ProtG86, 0, 0, 0.012, 0.01, 0, 0, 0, 0, 0.007
ProtG87, 0, 0, 0.02, 0.024, 0, 0, 0, 0, 0.017
ProtG88, 0, 0, 0.024, 0.023, 0, 0, 0, 0, 0.016
ProtG89, 1, 0.003, 0.164, 0.4, 1, 0, 1, 0.976, 0.035
ProtG9, 1, 0.002, 1.013, 0.255, 1, 0, 1, 0.266, 0.748
ProtG90, 0, 0, 0.024, 0.024, 0, 0, 0, 0, 0.007
ProtG91, 0, 0, 0.013, 0.009, 0, 0, 0, 0, 0.004
ProtM1, 1, 0, 0.013, 0.016, 1, 0, 1, 1, 0.01
ProtM2, 1, 0, 0.013, 0.014, 1, 0, 1, 1, 0.01
ProtM3, 0, 0, 0.337, 0.04, 0, 0, 0, 0, 0.021
ProtZ1, 1, 0, 0.051, 0.022, 1, 0, 1, 0.979, 0.031
ProtZ2, 1, 0, 0.059, 0.048, 1, 0, 1, 0.052, 0.97
ProtZ3, 1, 0, 0.208, 0.02, 1, 0, 1, 0.17, 0.842
ProtZ4, 1, 0.006, 0.063, 0.976, 1, 0, 1, 0.975, 0.037
ProtZ5, 0, 0, 0.039, 0.028, 0, 0, 0, 0, 0.014
RBG1, 0, 0, 0.409, 0.248, 0, 0, 0, 0, 0.02
Rifl1, 0, 0, 0.097, 0.075, 0, 0, 0, 0, 0.01
SAR3X1, 0, 0, 0.672, 0.313, 0, 0, 0, 0, 0.009
SAR3X2, 1, 0.003, 0.036, 0.669, 1, 0, 1, 0.644, 0.37
SLNR1, 0, 0, 0.019, 0.023, 0, 0, 0, 0, 0.013
SM23X1, 0, 0, 0.023, 0.025, 0, 0, 0, 0, 0.018
SZUA1, 1, 0.002, 0.084, 0.45, 1, 0, 1, 0.261, 0.754
SZUA2, 1, 0, 0.039, 0.243, 1, 0, 1, 0.154, 0.865
Sche1, 1, 0.004, 0.167, 0.466, 1, 0, 1, 0.077, 0.942
Spir10, 0, 0, 0.015, 0.015, 0, 0, 0, 0, 0.01
Spir11, 0, 0, 0.182, 0.115, 0, 0, 0, 0, 0.023
Spir12, 0, 0, 0.064, 0.047, 0, 0, 0, 0, 0.016
Spir13, 0, 0, 0.019, 0.019, 0, 0, 0, 0, 0.014
Spir15, 0, 0, 0.09, 0.08, 0, 0, 0, 0, 0.021
Spir2, 0, 0, 0.024, 0.022, 0, 0, 0, 0, 0.019
Spir3, 0, 0, 0.021, 0.021, 0, 0, 0, 0, 0.016
Spir4, 1, 0.004, 0.054, 0.516, 1, 0, 1, 0.473, 0.536
Spir8, 0, 0, 0.034, 0.03, 0, 0, 0, 0, 0.02
Spir9, 0, 0, 0.083, 0.055, 0, 0, 0, 0, 0.014
Sume1, 1, 0, 0.048, 0.093, 1, 0, 1, 0.096, 0.919
Syne1, 0, 0, 0.015, 0.018, 0, 0, 0, 0, 0.013
Syne10, 0, 0, 0.017, 0.016, 0, 0, 0, 0, 0.012
Syne2, 0, 0, 0.019, 0.018, 0, 0, 0, 0, 0.013
Syne3, 0, 0, 0.021, 0.023, 0, 0, 0, 0, 0.017
Syne4, 0, 0, 0.025, 0.027, 0, 0, 0, 0, 0.022
Syne5, 0, 0, 0.014, 0.015, 0, 0, 0, 0, 0.011
Syne6, 0, 0, 0.021, 0.025, 0, 0, 0, 0, 0.018
Syne7, 0, 0, 0.018, 0.019, 0, 0, 0, 0, 0.013
Syne8, 0, 0, 0.016, 0.015, 0, 0, 0, 0, 0.012
Syne9, 0, 0, 0.044, 0.038, 0, 0, 0, 0, 0.013
TA06A1, 2, 0.004, 0.026, 0.647, 1, 0, 2, 0.281, 1.729
TA06X1, 1, 0, 0.029, 0.199, 1, 0, 1, 0.011, 1.008
Therd1, 1, 0.001, 0.099, 0.252, 1, 0, 1, 0.739, 0.279
Therg2, 1, 0.004, 0.028, 0.395, 1, 0, 1, 0.245, 0.77
Therg3, 0, 0, 0.018, 0.018, 0, 0, 0, 0, 0.015
Therg4, 0, 0, 0.265, 0.069, 0, 0, 0, 0, 0.011
Therg5, 0, 0, 0.024, 0.024, 0, 0, 0, 0, 0.021
Therg6, 0, 0, 0.015, 0.013, 0, 0, 0, 0, 0.009
Therg8, 0, 0, 0.017, 0.015, 0, 0, 0, 0, 0.011
Thers1, 2, 0.008, 0.039, 0.813, 1, 0, 2, 0.887, 1.122
UBA1X1, 1, 0, 0.135, 0.04, 1, 0, 1, 0.966, 0.052
UBA1X2, 0, 0, 0.045, 0.032, 0, 0, 0, 0, 0.013
UBA1X3, 1, 0, 0.077, 0.109, 1, 0, 1, 0.18, 0.829
UBA1X4, 1, 0, 0.029, 0.026, 1, 0, 1, 0.142, 0.873
UBA1X5, 0, 0, 0.165, 0.024, 0, 0, 0, 0, 0.009
UBA1X6, 1, 0.005, 0.182, 1.666, 1, 0, 1, 0.917, 0.094
UBA2X1, 0, 0, 0.185, 0.042, 0, 0, 0, 0, 0.011
UBA6X1, 0, 0, 0.026, 0.027, 0, 0, 0, 0, 0.017
UBA9X1, 0, 0, 0.043, 0.044, 0, 0, 0, 0, 0.016
UBA9X2, 0, 0, 0.019, 0.015, 0, 0, 0, 0, 0.013
UBA9X3, 0, 0, 0.013, 0.015, 0, 0, 0, 0, 0.007
UBP13X1, 0, 0, 0.47, 0.141, 0, 0, 0, 0, 0.01
UBP14X1, 0, 0, 0.097, 0.032, 0, 0, 0, 0, 0.013
UBP4X1, 0, 0, 0.144, 0.046, 0, 0, 0, 0, 0.015
UBP6X1, 0, 0, 1.394, 0.288, 0, 0, 0, 0, 0.019
Verr10, 1, 0, 0.014, 0.082, 1, 0, 1, 0.151, 0.859
Verr11, 0, 0, 0.082, 0.047, 0, 0, 0, 0, 0.013
Verr12, 0, 0, 0.083, 0.054, 0, 0, 0, 0, 0.014
Verr13, 0, 0, 0.158, 0.016, 0, 0, 0, 0, 0.013
Verr14, 1, 0, 0.021, 0.331, 1, 0, 1, 0.818, 0.196
Verr2, 1, 0, 0.018, 0.071, 1, 0, 1, 0.997, 0.016
Verr3, 0, 0, 0.173, 0.044, 0, 0, 0, 0, 0.018
Verr4, 0, 0, 0.174, 0.032, 0, 0, 0, 0, 0.017
Verr5, 0, 0, 0.027, 0.028, 0, 0, 0, 0, 0.019
Verr6, 0, 0, 0.019, 0.017, 0, 0, 0, 0, 0.011
Verr7, 1, 0, 0.019, 0.031, 1, 0, 1, 0.997, 0.017
Verr8, 0, 0, 0.131, 0.036, 0, 0, 0, 0, 0.01
Verr9, 1, 0.006, 0.051, 0.827, 1, 0, 1, 0.89, 0.116
WOR1, 0, 0, 0.244, 0.067, 0, 0, 0, 0, 0.016
WOR2, 0, 0, 0.019, 0.023, 0, 0, 0, 0, 0.014
WOR3, 1, 0, 0.026, 0.286, 1, 0, 1, 0.227, 0.798
WOR4, 0, 0, 0.026, 0.029, 0, 0, 0, 0, 0.021
WOR6, 0, 0, 0.019, 0.015, 0, 0, 0, 0, 0.01
WOR7, 0, 0, 0.02, 0.02, 0, 0, 0, 0, 0.011
Wall1, 0, 0, 0.058, 0.031, 0, 0, 0, 0, 0.016
Zixi1, 0, 0, 0.291, 0.075, 0, 0, 0, 0, 0.022
Zixi2, 1, 0.001, 0.031, 0.361, 1, 0, 1, 0.26, 0.761
Zixi3, 0, 0, 0.036, 0.034, 0, 0, 0, 0, 0.026
Zixi4, 0, 0, 0.019, 0.016, 0, 0, 0, 0, 0.009
Zixi5, 0, 0, 0.063, 0.037, 0, 0, 0, 0, 0.009
chloroArabidopsis, 0, 0, 0.017, 0.019, 0, 0, 0, 0, 0.012
chloroBryophyte, 0, 0, 0.024, 0.023, 0, 0, 0, 0, 0.016
chloroChlorophyta, 0, 0, 0.015, 0.014, 0, 0, 0, 0, 0.012
chloroLycophyte, 0, 0, 0.02, 0.022, 0, 0, 0, 0, 0.015
chloroRedAlgae, 0, 0, 0.013, 0.015, 0, 0, 0, 0, 0.011
mitoAnnelida, 0, 0, 0.017, 0.014, 0, 0, 0, 0, 0.007
mitoArabidopsis, 0, 0, 0.017, 0.019, 0, 0, 0, 0, 0.013
mitoBryophyte, 0, 0, 0.028, 0.026, 0, 0, 0, 0, 0.015
mitoChelicerate, 0, 0, 0.018, 0.02, 0, 0, 0, 0, 0.014
mitoChlorophyta, 0, 0, 0.024, 0.025, 0, 0, 0, 0, 0.018
mitoExcavata, 0, 0, 0.019, 0.016, 0, 0, 0, 0, 0.012
mitoFungi, 0, 0, 0.02, 0.021, 0, 0, 0, 0, 0.014
mitoInsect, 0, 0, 0.028, 0.034, 0, 0, 0, 0, 0.024
mitoLycophyte, 0, 0, 0.012, 0.012, 0, 0, 0, 0, 0.008
mitoMollusc, 0, 0, 0.022, 0.028, 0, 0, 0, 0, 0.012
mitoParamecium, 0, 0, 0.018, 0.017, 0, 0, 0, 0, 0.015
mitoPriapulid, 0, 0, 0.016, 0.012, 0, 0, 0, 0, 0.009
mitoRedAlgae, 0, 0, 0.011, 0.007, 0, 0, 0, 0, 0.006
