species_label, speciations, duplications, losses, transfers, presence, origination, copies, singletons, transfers_to
AABM5X1, 0, 0, 0.014, 0.018, 0, 0, 0, 0, 0.01
AABM5X2, 0, 0, 0.015, 0.016, 0, 0, 0, 0, 0.011
AABM5X3, 0, 0, 0.021, 0.02, 0, 0, 0, 0, 0.019
Abys1, 1, 0.001, 1.114, 0.892, 1, 0, 1, 0.256, 0.762
Acid1, 1, 0, 0.021, 0.026, 1, 0, 1, 0.991, 0.015
Acid10, 1, 0.001, 0.977, 0.623, 1, 0, 1, 0.191, 0.822
Acid11, 0, 0, 0.02, 0.022, 0, 0, 0, 0, 0.018
Acid12, 0, 0, 0.039, 0.033, 0, 0, 0, 0, 0.015
Acid13, 0, 0, 0.031, 0.023, 0, 0, 0, 0, 0.007
Acid14, 1, 0, 0.318, 0.126, 1, 0, 1, 0.998, 0.02
Acid16, 1, 0.002, 0.025, 0.351, 1, 0, 1, 0.006, 1.011
Acid17, 0, 0, 1.022, 0.034, 0, 0, 0, 0, 0.016
Acid18, 0, 0, 0.037, 0.033, 0, 0, 0, 0, 0.02
Acid2, 0, 0, 0.029, 0.029, 0, 0, 0, 0, 0.012
Acid20, 1, 0, 1.012, 0.019, 1, 0, 1, 1, 0.009
Acid21, 0, 0, 0.016, 0.016, 0, 0, 0, 0, 0.011
Acid22, 2, 0.001, 0.06, 0.461, 1, 0, 2, 1.199, 0.814
Acid23, 1, 0, 0.012, 0.414, 1, 0, 1, 0.168, 0.842
Acid24, 0, 0, 0.157, 0.083, 0, 0, 0, 0, 0.011
Acid25, 0, 0, 0.015, 0.015, 0, 0, 0, 0, 0.011
Acid26, 0, 0, 0.016, 0.016, 0, 0, 0, 0, 0.012
Acid27, 0, 0, 0.025, 0.024, 0, 0, 0, 0, 0.008
Acid28, 0, 0, 1.023, 0.022, 0, 0, 0, 0, 0.011
Acid29, 0, 0, 0.029, 0.023, 0, 0, 0, 0, 0.012
Acid3, 1, 0.002, 1.012, 0.529, 1, 0, 1, 0.294, 0.712
Acid30, 0, 0, 0.015, 0.018, 0, 0, 0, 0, 0.01
Acid31, 0, 0, 0.019, 0.022, 0, 0, 0, 0, 0.017
Acid32, 0, 0, 0.014, 0.016, 0, 0, 0, 0, 0.01
Acid33, 1, 0.003, 0.027, 0.569, 1, 0, 1, 0.345, 0.662
Acid34, 0, 0, 0.087, 0.065, 0, 0, 0, 0, 0.013
Acid35, 1, 0, 0.021, 0.017, 1, 0, 1, 1, 0.016
Acid36, 2, 0, 0.015, 0.016, 1, 0, 2, 2, 0.011
Acid37, 0, 0, 0.015, 0.014, 0, 0, 0, 0, 0.01
Acid38, 2, 0, 0.017, 0.016, 1, 0, 2, 1.999, 0.013
Acid39, 1, 0, 0.014, 0.016, 1, 0, 1, 1, 0.009
Acid4, 1, 0, 0.926, 0.245, 1, 0, 1, 0.362, 0.648
Acid40, 2, 0, 0.019, 0.017, 1, 0, 2, 1.994, 0.016
Acid5, 0, 0, 0.102, 0.038, 0, 0, 0, 0, 0.019
Acid6, 1, 0, 0.025, 0.021, 1, 0, 1, 0.997, 0.013
Acid7, 1, 0.003, 0.167, 1.016, 1, 0, 1, 0.995, 0.011
Acid8, 0, 0, 0.04, 0.038, 0, 0, 0, 0, 0.017
Acid9, 0, 0, 0.047, 0.038, 0, 0, 0, 0, 0.025
Acti10, 1, 0, 0.962, 0.288, 1, 0, 1, 0.261, 0.752
Acti11, 1, 0, 0.078, 0.023, 1, 0, 1, 0.976, 0.038
Acti12, 2, 0.001, 0.013, 0.61, 1, 0, 2, 1.35, 0.658
Acti13, 1, 0, 0.073, 0.411, 1, 0, 1, 0.251, 0.765
Acti14, 1, 0, 0.027, 0.356, 1, 0, 1, 0.32, 0.683
Acti15, 1, 0, 0.026, 0.033, 1, 0, 1, 0.954, 0.056
Acti16, 1, 0.003, 0.019, 0.67, 1, 0, 1, 0.5, 0.506
Acti18, 0, 0, 0.519, 0.205, 0, 0, 0, 0, 0.009
Acti19, 0, 0, 0.265, 0.114, 0, 0, 0, 0, 0.007
Acti2, 0, 0, 0.03, 0.033, 0, 0, 0, 0, 0.019
Acti20, 0, 0, 0.066, 0.049, 0, 0, 0, 0, 0.015
Acti21, 1, 0, 0.364, 0.106, 1, 0, 1, 1, 0.01
Acti22, 1, 0, 0.07, 0.13, 1, 0, 1, 0.988, 0.03
Acti23, 1, 0.001, 0.062, 0.295, 1, 0, 1, 0.206, 0.803
Acti24, 0, 0, 0.012, 0.015, 0, 0, 0, 0, 0.01
Acti25, 1, 0, 0.022, 0.043, 1, 0, 1, 0.979, 0.036
Acti26, 0, 0, 0.477, 0.084, 0, 0, 0, 0, 0.014
Acti27, 0, 0, 0.01, 0.007, 0, 0, 0, 0, 0.006
Acti28, 1, 0, 0.963, 0.082, 1, 0, 1, 0.098, 0.909
Acti29, 0, 0, 0.012, 0.01, 0, 0, 0, 0, 0.007
Acti3, 1, 0, 0.281, 0.076, 1, 0, 1, 0.942, 0.071
Acti30, 0, 0, 0.022, 0.021, 0, 0, 0, 0, 0.014
Acti31, 0, 0, 0.962, 0.017, 0, 0, 0, 0, 0.011
Acti32, 1, 0, 0.979, 0.202, 1, 0, 1, 0.202, 0.81
Acti33, 0, 0, 0.371, 0.035, 0, 0, 0, 0, 0.015
Acti34, 1, 0.001, 0.117, 0.388, 1, 0, 1, 0.239, 0.771
Acti35, 1, 0, 0.033, 0.034, 1, 0, 1, 0.334, 0.677
Acti36, 1, 0, 0.059, 0.051, 1, 0, 1, 0.999, 0.011
Acti37, 1, 0, 0.039, 0.025, 1, 0, 1, 1, 0.008
Acti38, 0, 0, 1.011, 0.031, 0, 0, 0, 0, 0.012
Acti39, 0, 0, 0.112, 0.035, 0, 0, 0, 0, 0.016
Acti4, 0, 0, 0.347, 0.259, 0, 0, 0, 0, 0.017
Acti40, 0, 0, 0.192, 0.024, 0, 0, 0, 0, 0.009
Acti41, 1, 0.001, 0.967, 0.478, 1, 0, 1, 0.106, 0.902
Acti42, 1, 0, 0.028, 0.29, 1, 0, 1, 0.05, 0.97
Acti43, 1, 0.002, 0.062, 1.03, 1, 0, 1, 0.997, 0.012
Acti44, 0, 0, 1.012, 0.016, 0, 0, 0, 0, 0.007
Acti45, 1, 0, 0.034, 0.014, 1, 0, 1, 0.997, 0.007
Acti46, 1, 0, 0.116, 0.053, 1, 0, 1, 0.956, 0.052
Acti47, 1, 0.004, 0.067, 0.854, 1, 0, 1, 0.965, 0.036
Acti48, 1, 0, 0.266, 0.034, 1, 0, 1, 0.998, 0.01
Acti49, 1, 0, 0.215, 0.129, 1, 0, 1, 0.962, 0.046
Acti5, 0, 0, 0.017, 0.016, 0, 0, 0, 0, 0.012
Acti50, 1, 0, 0.067, 0.011, 1, 0, 1, 0.993, 0.013
Acti51, 0, 0, 0.015, 0.015, 0, 0, 0, 0, 0.011
Acti52, 1, 0, 0.015, 0.012, 1, 0, 1, 0.997, 0.01
Acti6, 0, 0, 0.358, 0.183, 0, 0, 0, 0, 0.014
Acti7, 0, 0, 0.998, 0.024, 0, 0, 0, 0, 0.011
Acti8, 0, 0, 0.02, 0.02, 0, 0, 0, 0, 0.018
Acti9, 0, 0, 0.018, 0.017, 0, 0, 0, 0, 0.013
Aero1, 0, 0, 0.051, 0.041, 0, 0, 0, 0, 0.014
Aqui1, 0, 0, 0.246, 0.064, 0, 0, 0, 0, 0.017
Aqui2, 1, 0, 0.022, 0.255, 1, 0, 1, 0.225, 0.793
Aqui3, 0, 0, 0.017, 0.015, 0, 0, 0, 0, 0.008
Aqui4, 0, 0, 0.015, 0.015, 0, 0, 0, 0, 0.011
Aqui5, 0, 0, 0.064, 0.02, 0, 0, 0, 0, 0.009
Aqui6, 0, 0, 0.006, 0.005, 0, 0, 0, 0, 0.002
Arma11, 2, 0.069, 0.086, 0.455, 1, 0, 2, 0.749, 1.133
Arma12, 2, 0, 0.081, 0.45, 1, 0, 2, 0.498, 1.515
Arma13, 0, 0, 0.009, 0.009, 0, 0, 0, 0, 0.007
Arma14, 0, 0, 0.07, 0.064, 0, 0, 0, 0, 0.018
Arma15, 0, 0, 0.011, 0.013, 0, 0, 0, 0, 0.009
Arma16, 1, 0, 0.074, 0.042, 1, 0, 1, 0.997, 0.014
Arma3, 2, 0.001, 0.284, 0.698, 1, 0, 2, 0.358, 1.661
Arma4, 0, 0, 0.061, 0.062, 0, 0, 0, 0, 0.009
Arma6, 1, 0, 0.02, 0.02, 1, 0, 1, 1, 0.01
Arma7, 0, 0, 0.579, 0.133, 0, 0, 0, 0, 0.013
Arma9, 1, 0, 0.03, 0.025, 1, 0, 1, 1, 0.013
Aure1, 0, 0, 0.965, 0.194, 0, 0, 0, 0, 0.027
Aure2, 1, 0.001, 0.172, 0.269, 1, 0, 1, 0.78, 0.233
Aure3, 0, 0.002, 1.566, 0.595, 0, 0, 0, 0, 0.015
B130X1, 0, 0, 0.294, 0.134, 0, 0, 0, 0, 0.031
BMS3X1, 0, 0, 0.185, 0.13, 0, 0, 0, 0, 0.018
Bact1, 0, 0, 0.021, 0.022, 0, 0, 0, 0, 0.013
Bact10, 0, 0, 0.097, 0.039, 0, 0, 0, 0, 0.01
Bact11, 0, 0, 0.018, 0.016, 0, 0, 0, 0, 0.01
Bact12, 0, 0, 0.021, 0.023, 0, 0, 0, 0, 0.019
Bact13, 0, 0, 0.01, 0.009, 0, 0, 0, 0, 0.007
Bact14, 0, 0, 0.015, 0.016, 0, 0, 0, 0, 0.01
Bact16, 0, 0, 0.018, 0.017, 0, 0, 0, 0, 0.008
Bact17, 0, 0, 0.015, 0.014, 0, 0, 0, 0, 0.012
Bact18, 0, 0, 0.018, 0.018, 0, 0, 0, 0, 0.014
Bact19, 1, 0, 0.006, 0.013, 1, 0, 1, 0.965, 0.039
Bact2, 0, 0, 0.016, 0.018, 0, 0, 0, 0, 0.012
Bact20, 0, 0, 0.013, 0.014, 0, 0, 0, 0, 0.011
Bact21, 0, 0, 0.094, 0.059, 0, 0, 0, 0, 0.01
Bact22, 0, 0, 0.016, 0.012, 0, 0, 0, 0, 0.006
Bact23, 1, 0, 0.011, 0.014, 1, 0, 1, 0.162, 0.846
Bact24, 0, 0, 0.019, 0.021, 0, 0, 0, 0, 0.016
Bact25, 0, 0, 0.017, 0.016, 0, 0, 0, 0, 0.009
Bact27, 0, 0, 0.01, 0.007, 0, 0, 0, 0, 0.007
Bact28, 0, 0, 0.17, 0.008, 0, 0, 0, 0, 0.005
Bact29, 1, 0.002, 0.016, 0.437, 1, 0, 1, 0.292, 0.713
Bact3, 0, 0, 0.016, 0.013, 0, 0, 0, 0, 0.011
Bact30, 0, 0, 0.019, 0.021, 0, 0, 0, 0, 0.012
Bact31, 0, 0, 0.01, 0.008, 0, 0, 0, 0, 0.004
Bact32, 0, 0, 0.02, 0.018, 0, 0, 0, 0, 0.013
Bact33, 0, 0, 0.337, 0.098, 0, 0, 0, 0, 0.012
Bact34, 0, 0, 0.035, 0.01, 0, 0, 0, 0, 0.01
Bact35, 0, 0, 0.013, 0.013, 0, 0, 0, 0, 0.01
Bact36, 0, 0, 0.011, 0.01, 0, 0, 0, 0, 0.007
Bact37, 0, 0, 0.014, 0.016, 0, 0, 0, 0, 0.01
Bact38, 0, 0, 0.013, 0.011, 0, 0, 0, 0, 0.007
Bact39, 2, 0, 0.011, 0.442, 1, 0, 2, 0.324, 1.686
Bact4, 0, 0, 0.025, 0.017, 0, 0, 0, 0, 0.014
Bact40, 0, 0, 0.005, 0.004, 0, 0, 0, 0, 0.003
Bact41, 0, 0, 0.008, 0.009, 0, 0, 0, 0, 0.006
Bact42, 0, 0, 0.015, 0.015, 0, 0, 0, 0, 0.011
Bact43, 0, 0, 0.013, 0.014, 0, 0, 0, 0, 0.009
Bact44, 1, 0, 0.014, 0.022, 1, 0, 1, 0.965, 0.041
Bact5, 0, 0, 0.017, 0.016, 0, 0, 0, 0, 0.007
Bact6, 0, 0, 0.042, 0.025, 0, 0, 0, 0, 0.016
Bact7, 0, 0, 0.018, 0.018, 0, 0, 0, 0, 0.015
Bact8, 0, 0, 0.012, 0.012, 0, 0, 0, 0, 0.009
Bact9, 0, 0.001, 0.312, 0.168, 0, 0, 0, 0, 0.01
Bdell10, 0, 0, 0.028, 0.032, 0, 0, 0, 0, 0.013
Bdell11, 0, 0, 0.024, 0.022, 0, 0, 0, 0, 0.014
Bdell12, 1, 0, 0.024, 0.026, 1, 0, 1, 1, 0.021
Bdell13, 0, 0, 0.279, 0.086, 0, 0, 0, 0, 0.011
Bdell14, 0, 0, 0.021, 0.021, 0, 0, 0, 0, 0.014
Bdell15, 0, 0, 0.015, 0.013, 0, 0, 0, 0, 0.007
Bdell16, 0, 0, 0.016, 0.013, 0, 0, 0, 0, 0.004
Bdell17, 0, 0, 0.019, 0.024, 0, 0, 0, 0, 0.007
Bdell2, 0, 0, 0.028, 0.026, 0, 0, 0, 0, 0.013
Bdell3, 1, 0, 0.009, 0.009, 1, 0, 1, 0.999, 0.006
Bdell4, 0, 0, 0.021, 0.019, 0, 0, 0, 0, 0.014
Bdell5, 0, 0, 0.021, 0.018, 0, 0, 0, 0, 0.011
Bdell6, 0, 0, 0.078, 0.053, 0, 0, 0, 0, 0.018
Bdell7, 0, 0, 0.017, 0.014, 0, 0, 0, 0, 0.007
Bdell9, 0, 0, 0.021, 0.018, 0, 0, 0, 0, 0.013
BdellC1, 0, 0, 0.025, 0.021, 0, 0, 0, 0, 0.007
BdellC2, 0, 0, 0.032, 0.03, 0, 0, 0, 0, 0.014
Bipo1, 0, 0, 0.264, 0.092, 0, 0, 0, 0, 0.021
Bipo2, 1, 0.001, 0.031, 0.294, 1, 0, 1, 0.229, 0.787
CG267X1, 0, 0, 0.044, 0.045, 0, 0, 0, 0, 0.018
CG294X1, 0, 0, 0.049, 0.037, 0, 0, 0, 0, 0.023
CSP1X1, 0, 0, 0.086, 0.049, 0, 0, 0, 0, 0.019
Calda1, 0, 0, 0.022, 0.024, 0, 0, 0, 0, 0.015
Calda2, 0, 0, 0.022, 0.021, 0, 0, 0, 0, 0.015
Caldit1, 0, 0, 0.017, 0.015, 0, 0, 0, 0, 0.01
Caldit2, 0, 0, 0.018, 0.017, 0, 0, 0, 0, 0.011
Caldit3, 0, 0, 0.01, 0.011, 0, 0, 0, 0, 0.007
Camp1, 0, 0, 0.042, 0.034, 0, 0, 0, 0, 0.019
Camp10, 0, 0, 0.183, 0.055, 0, 0, 0, 0, 0.008
Camp11, 1, 0.002, 0.063, 0.242, 1, 0, 1, 0.301, 0.709
Camp12, 0, 0, 0.204, 0.093, 0, 0, 0, 0, 0.011
Camp13, 0, 0, 0.011, 0.01, 0, 0, 0, 0, 0.005
Camp14, 1, 0, 0.021, 0.054, 1, 0, 1, 0.175, 0.839
Camp15, 0, 0, 0.191, 0.027, 0, 0, 0, 0, 0.009
Camp16, 1, 0.004, 0.084, 1.624, 1, 0, 1, 0.941, 0.059
Camp2, 0, 0, 0.017, 0.014, 0, 0, 0, 0, 0.011
Camp3, 0, 0, 0.037, 0.038, 0, 0, 0, 0, 0.014
Camp4, 1, 0, 0.174, 0.853, 1, 0, 1, 0.858, 0.153
Camp5, 1, 0, 0.023, 0.06, 1, 0, 1, 0.16, 0.848
Camp6, 0, 0, 0.017, 0.018, 0, 0, 0, 0, 0.011
Camp7, 0, 0, 0.189, 0.032, 0, 0, 0, 0, 0.008
Camp9, 0, 0, 0.019, 0.022, 0, 0, 0, 0, 0.013
Chlo10, 0, 0, 1.009, 0.017, 0, 0, 0, 0, 0.011
Chlo11, 0, 0, 0.029, 0.03, 0, 0, 0, 0, 0.019
Chlo12, 1, 0, 0.012, 0.041, 1, 0, 1, 0.935, 0.075
Chlo13, 0, 0, 0.091, 0.032, 0, 0, 0, 0, 0.014
Chlo14, 0, 0, 0.034, 0.02, 0, 0, 0, 0, 0.009
Chlo15, 0, 0, 0.016, 0.011, 0, 0, 0, 0, 0.006
Chlo16, 0, 0, 0.017, 0.014, 0, 0, 0, 0, 0.009
Chlo17, 1, 0, 0.01, 0.008, 1, 0, 1, 1, 0.007
Chlo18, 0, 0, 0.029, 0.029, 0, 0, 0, 0, 0.009
Chlo19, 0, 0, 0.023, 0.021, 0, 0, 0, 0, 0.009
Chlo20, 0, 0, 0.163, 0.078, 0, 0, 0, 0, 0.007
Chlo21, 0, 0, 0.011, 0.011, 0, 0, 0, 0, 0.009
Chlo22, 1, 0, 0.021, 0.024, 1, 0, 1, 0.999, 0.015
Chlo23, 0, 0, 0.112, 0.074, 0, 0, 0, 0, 0.004
Chlo24, 0, 0, 0.945, 0.014, 0, 0, 0, 0, 0.008
Chlo25, 0, 0, 0.017, 0.014, 0, 0, 0, 0, 0.007
Chlo26, 0, 0, 0.023, 0.021, 0, 0, 0, 0, 0.013
Chlo27, 1, 0.001, 0.094, 0.536, 1, 0, 1, 0.609, 0.401
Chlo28, 0, 0, 0.061, 0.045, 0, 0, 0, 0, 0.01
Chlo29, 0, 0, 0.924, 0.052, 0, 0, 0, 0, 0.011
Chlo30, 1, 0.002, 0.213, 0.448, 1, 0, 1, 0.239, 0.773
Chlo31, 0, 0, 0.019, 0.018, 0, 0, 0, 0, 0.009
Chlo32, 1, 0.003, 0.034, 1.111, 1, 0, 1, 0.984, 0.025
Chlo33, 0, 0.001, 0.141, 0.113, 0, 0, 0, 0, 0.016
Chlo34, 0, 0, 0.026, 0.021, 0, 0, 0, 0, 0.007
Chlo35, 0, 0, 0.016, 0.022, 0, 0, 0, 0, 0.014
Chlo36, 1, 0.001, 0.015, 0.459, 1, 0, 1, 0.288, 0.723
Chlo37, 1, 0.003, 0.264, 0.573, 1, 0, 1, 0.188, 0.823
Chlo38, 0, 0, 0.023, 0.017, 0, 0, 0, 0, 0.009
Chlo39, 0, 0, 0.017, 0.015, 0, 0, 0, 0, 0.01
Chlo4, 2, 0, 0.018, 0.055, 1, 0, 2, 1.8, 0.216
Chlo40, 0, 0, 0.302, 0.08, 0, 0, 0, 0, 0.011
Chlo41, 0, 0, 0.016, 0.018, 0, 0, 0, 0, 0.009
Chlo42, 0, 0, 0.033, 0.034, 0, 0, 0, 0, 0.014
Chlo43, 0, 0, 0.094, 0.053, 0, 0, 0, 0, 0.012
Chlo44, 1, 0, 0.017, 0.018, 1, 0, 1, 0.999, 0.014
Chlo45, 0, 0, 0.352, 0.18, 0, 0, 0, 0, 0.013
Chlo46, 1, 0, 0.109, 0.374, 1, 0, 1, 0.244, 0.77
Chlo47, 1, 0, 0.02, 0.016, 1, 0, 1, 0.996, 0.009
Chlo48, 1, 0, 0.014, 0.017, 1, 0, 1, 0.994, 0.016
Chlo5, 0, 0, 0.02, 0.021, 0, 0, 0, 0, 0.012
Chlo6, 0, 0, 0.035, 0.031, 0, 0, 0, 0, 0.015
Chlo7, 0, 0, 0.029, 0.032, 0, 0, 0, 0, 0.019
Chlo8, 1, 0, 0.028, 0.296, 1, 0, 1, 0.469, 0.548
Chlo9, 0, 0, 0.051, 0.039, 0, 0, 0, 0, 0.017
Chry1, 1, 0, 0.066, 0.083, 1, 0, 1, 0.003, 1.021
Cloa1, 0, 0, 0.044, 0.035, 0, 0, 0, 0, 0.015
Cyan1, 0, 0, 0.027, 0.025, 0, 0, 0, 0, 0.015
Cyan10, 1, 0, 0.224, 0.055, 1, 0, 1, 1, 0.006
Cyan11, 1, 0, 0.934, 0.387, 1, 0, 1, 0.344, 0.664
Cyan12, 1, 0, 0.006, 0.011, 1, 0, 1, 0.992, 0.013
Cyan13, 0, 0, 1.009, 0.016, 0, 0, 0, 0, 0.01
Cyan14, 2, 0.004, 0.897, 0.53, 1, 0, 2, 0.858, 1.155
Cyan15, 1, 0.001, 0.88, 0.13, 1, 0, 1, 0.869, 0.141
Cyan16, 1, 0, 1.318, 0.089, 1, 0, 1, 0.465, 0.544
Cyan18, 1, 0, 0.013, 0.015, 1, 0, 1, 0.994, 0.014
Cyan19, 1, 0.001, 0.989, 0.207, 1, 0, 1, 0.943, 0.065
Cyan2, 0, 0, 0.034, 0.038, 0, 0, 0, 0, 0.022
Cyan20, 1, 0, 0.033, 0.025, 1, 0, 1, 0.999, 0.019
Cyan21, 1, 0, 1.017, 0.02, 1, 0, 1, 0.063, 0.949
Cyan22, 1, 0.001, 0.341, 0.03, 1, 0, 1, 0.998, 0.019
Cyan23, 1, 0.003, 0.409, 0.775, 1, 0, 1, 0.901, 0.101
Cyan24, 1, 0, 1.111, 0.354, 1, 0, 1, 0.04, 0.965
Cyan25, 1, 0, 1.146, 0.102, 1, 0, 1, 0.916, 0.093
Cyan26, 1, 0, 0.377, 0.097, 1, 0, 1, 0.905, 0.107
Cyan27, 2, 0, 0.892, 0.033, 1, 0, 2, 1.962, 0.05
Cyan28, 1, 0, 0.02, 0.018, 1, 0, 1, 0.056, 0.959
Cyan29, 2, 0.001, 0.212, 0.205, 1, 0, 2, 1.575, 0.437
Cyan3, 1, 0.001, 1.007, 0.751, 1, 0, 1, 0.118, 0.89
Cyan30, 1, 0, 0.019, 0.022, 1, 0, 1, 0.998, 0.01
Cyan31, 1, 0, 0.014, 0.068, 1, 0, 1, 1, 0.011
Cyan32, 1, 0.002, 0.29, 0.442, 1, 0, 1, 0.995, 0.016
Cyan33, 1, 0, 0.079, 0.022, 1, 0, 1, 0.998, 0.011
Cyan34, 1, 0, 0.013, 0.012, 1, 0, 1, 1, 0.01
Cyan35, 1, 0, 0.173, 0.021, 1, 0, 1, 0.999, 0.009
Cyan36, 1, 0, 0.203, 0.106, 1, 0, 1, 1, 0.011
Cyan37, 1, 0, 1.018, 0.077, 1, 0, 1, 0.002, 1.008
Cyan38, 1, 0, 0.019, 0.014, 1, 0, 1, 1, 0.008
Cyan4, 0, 0, 0.02, 0.022, 0, 0, 0, 0, 0.017
Cyan40, 2, 0, 0.864, 0.054, 1, 0, 2, 1.985, 0.022
Cyan41, 1, 0, 0.073, 0.039, 1, 0, 1, 0.999, 0.01
Cyan42, 1, 0.001, 0.128, 0.376, 1, 0, 1, 0.996, 0.011
Cyan43, 1, 0, 1.08, 0.26, 1, 0, 1, 0.995, 0.02
Cyan44, 2, 0, 0.072, 0.039, 1, 0, 2, 2, 0.009
Cyan45, 2, 0.001, 0.019, 0.182, 1, 0, 2, 1.211, 0.8
Cyan46, 1, 0.001, 1.011, 0.465, 1, 0, 1, 0.272, 0.738
Cyan47, 2, 0, 0.073, 0.046, 1, 0, 2, 1.999, 0.01
Cyan7, 0, 0, 0.2, 0.05, 0, 0, 0, 0, 0.023
Cyan8, 0, 0, 0.029, 0.022, 0, 0, 0, 0, 0.011
Cyan9, 0, 0, 0.02, 0.021, 0, 0, 0, 0, 0.017
DTU0X1, 0, 0, 0.015, 0.015, 0, 0, 0, 0, 0.009
Defe1, 0, 0, 0.046, 0.022, 0, 0, 0, 0, 0.008
Defe2, 0, 0, 0.147, 0.041, 0, 0, 0, 0, 0.007
Defe3, 1, 0, 0.007, 0.572, 1, 0, 1, 0.14, 0.867
Dein1, 0, 0, 0.974, 0.021, 0, 0, 0, 0, 0.008
Dein2, 1, 0.002, 0.212, 0.334, 1, 0, 1, 0.246, 0.765
Dein3, 0, 0, 0.98, 0.038, 0, 0, 0, 0, 0.018
Dein4, 1, 0, 0.046, 0.049, 1, 0, 1, 0.999, 0.007
Dein5, 1, 0, 0.019, 0.039, 1, 0, 1, 0.954, 0.053
Dein6, 1, 0, 0.044, 0.03, 1, 0, 1, 0.999, 0.005
Dein7, 1, 0, 0.019, 0.054, 1, 0, 1, 0.951, 0.057
Desa1, 0, 0, 0.096, 0.064, 0, 0, 0, 0, 0.027
DesuB1, 0, 0, 0.244, 0.045, 0, 0, 0, 0, 0.016
DesuB2, 1, 0, 0.047, 0.066, 1, 0, 1, 0.194, 0.819
DesuB3, 1, 0, 0.015, 0.013, 1, 0, 1, 1, 0.01
DesuB4, 1, 0, 0.011, 0.011, 1, 0, 1, 1, 0.006
DesuC1, 0, 0, 0.044, 0.029, 0, 0, 0, 0, 0.01
DesuC2, 0, 0, 0.047, 0.041, 0, 0, 0, 0, 0.013
DesuD1, 1, 0, 0.321, 0.044, 1, 0, 1, 1, 0.016
DesuD2, 2, 0, 0.044, 0.042, 1, 0, 2, 1.269, 0.739
Desua1, 0, 0, 0.017, 0.023, 0, 0, 0, 0, 0.011
Desua10, 0, 0, 0.016, 0.015, 0, 0, 0, 0, 0.012
Desua11, 0, 0, 0.022, 0.024, 0, 0, 0, 0, 0.016
Desua12, 0, 0, 0.014, 0.015, 0, 0, 0, 0, 0.012
Desua13, 0, 0, 0.012, 0.011, 0, 0, 0, 0, 0.007
Desua14, 0, 0, 0.015, 0.012, 0, 0, 0, 0, 0.009
Desua15, 0, 0, 0.025, 0.027, 0, 0, 0, 0, 0.019
Desua16, 0, 0, 0.019, 0.017, 0, 0, 0, 0, 0.013
Desua17, 0, 0, 0.016, 0.014, 0, 0, 0, 0, 0.007
Desua18, 0, 0, 0.011, 0.007, 0, 0, 0, 0, 0.005
Desua19, 0, 0, 0.019, 0.02, 0, 0, 0, 0, 0.014
Desua2, 0, 0, 0.024, 0.024, 0, 0, 0, 0, 0.019
Desua20, 0, 0, 0.026, 0.027, 0, 0, 0, 0, 0.019
Desua21, 0, 0, 0.027, 0.028, 0, 0, 0, 0, 0.019
Desua22, 0, 0, 0.019, 0.018, 0, 0, 0, 0, 0.012
Desua23, 0, 0, 0.017, 0.015, 0, 0, 0, 0, 0.01
Desua24, 0, 0, 0.024, 0.027, 0, 0, 0, 0, 0.011
Desua25, 0, 0, 0.013, 0.014, 0, 0, 0, 0, 0.009
Desua26, 0, 0, 0.023, 0.024, 0, 0, 0, 0, 0.017
Desua27, 0, 0, 0.02, 0.021, 0, 0, 0, 0, 0.014
Desua28, 1, 0, 0.024, 0.022, 1, 0, 1, 0.998, 0.011
Desua29, 0, 0, 0.009, 0.005, 0, 0, 0, 0, 0.004
Desua3, 0, 0, 0.023, 0.024, 0, 0, 0, 0, 0.017
Desua30, 0, 0, 0.023, 0.022, 0, 0, 0, 0, 0.017
Desua31, 0, 0, 0.012, 0.014, 0, 0, 0, 0, 0.008
Desua32, 0, 0, 0.021, 0.025, 0, 0, 0, 0, 0.016
Desua33, 0, 0, 0.019, 0.019, 0, 0, 0, 0, 0.014
Desua34, 0, 0, 0.013, 0.014, 0, 0, 0, 0, 0.007
Desua35, 1, 0, 0.02, 0.016, 1, 0, 1, 0.998, 0.007
Desua36, 1, 0.004, 0.015, 0.417, 1, 0, 1, 0.31, 0.697
Desua37, 0, 0, 0.028, 0.021, 0, 0, 0, 0, 0.007
Desua38, 0, 0, 0.325, 0.187, 0, 0, 0, 0, 0.011
Desua39, 0, 0, 0.108, 0.062, 0, 0, 0, 0, 0.008
Desua4, 0, 0, 0.022, 0.031, 0, 0, 0, 0, 0.017
Desua40, 0, 0, 0.02, 0.023, 0, 0, 0, 0, 0.016
Desua41, 0, 0, 0.021, 0.018, 0, 0, 0, 0, 0.009
Desua42, 0, 0, 0.016, 0.019, 0, 0, 0, 0, 0.013
Desua43, 0, 0, 0.014, 0.019, 0, 0, 0, 0, 0.012
Desua44, 0, 0, 0.04, 0.032, 0, 0, 0, 0, 0.018
Desua45, 0, 0, 0.023, 0.033, 0, 0, 0, 0, 0.014
Desua46, 0, 0, 0.018, 0.017, 0, 0, 0, 0, 0.014
Desua47, 0, 0, 0.01, 0.009, 0, 0, 0, 0, 0.005
Desua48, 0, 0, 0.015, 0.013, 0, 0, 0, 0, 0.01
Desua49, 0, 0, 0.016, 0.019, 0, 0, 0, 0, 0.008
Desua5, 0, 0, 0.213, 0.147, 0, 0, 0, 0, 0.018
Desua50, 0, 0, 0.016, 0.018, 0, 0, 0, 0, 0.012
Desua51, 0, 0, 0.027, 0.021, 0, 0, 0, 0, 0.012
Desua52, 0, 0, 0.009, 0.007, 0, 0, 0, 0, 0.007
Desua53, 0, 0, 0.019, 0.016, 0, 0, 0, 0, 0.004
Desua54, 0, 0, 0.018, 0.02, 0, 0, 0, 0, 0.014
Desua6, 0, 0, 0.017, 0.017, 0, 0, 0, 0, 0.009
Desua7, 0, 0, 0.026, 0.022, 0, 0, 0, 0, 0.018
Desua8, 0, 0, 0.017, 0.021, 0, 0, 0, 0, 0.012
Desua9, 0, 0, 0.023, 0.021, 0, 0, 0, 0, 0.014
Dict1, 0, 0, 0.034, 0.027, 0, 0, 0, 0, 0.016
Dorm1, 0, 0, 1.004, 0.04, 0, 0, 0, 0, 0.02
Dorm2, 1, 0, 0.014, 0.023, 1, 0, 1, 0.977, 0.03
Dorm3, 1, 0, 0.249, 0.091, 1, 0, 1, 0.436, 0.579
Dorm4, 1, 0, 0.014, 0.024, 1, 0, 1, 0.973, 0.037
Dorm5, 0, 0, 0.98, 0.015, 0, 0, 0, 0, 0.009
Edwa1, 0, 0, 0.023, 0.026, 0, 0, 0, 0, 0.012
Eise1, 0, 0, 0.014, 0.012, 0, 0, 0, 0, 0.01
Eise2, 0, 0, 0.018, 0.021, 0, 0, 0, 0, 0.014
Eise3, 0, 0, 0.007, 0.005, 0, 0, 0, 0, 0.003
Eise4, 0, 0, 0.008, 0.006, 0, 0, 0, 0, 0.004
Elus1, 0, 0, 0.034, 0.035, 0, 0, 0, 0, 0.019
Elus10, 0, 0, 0.012, 0.013, 0, 0, 0, 0, 0.006
Elus2, 0, 0, 0.009, 0.01, 0, 0, 0, 0, 0.005
Elus3, 0, 0, 0.013, 0.011, 0, 0, 0, 0, 0.009
Elus4, 0, 0, 0.021, 0.019, 0, 0, 0, 0, 0.012
Elus5, 0, 0, 0.014, 0.013, 0, 0, 0, 0, 0.01
Elus6, 0, 0, 0.024, 0.033, 0, 0, 0, 0, 0.019
Elus7, 0, 0, 0.02, 0.019, 0, 0, 0, 0, 0.012
Elus8, 0, 0, 0.014, 0.014, 0, 0, 0, 0, 0.009
Elus9, 0, 0, 0.026, 0.027, 0, 0, 0, 0, 0.02
Erem2, 0, 0, 0.036, 0.035, 0, 0, 0, 0, 0.022
Erem3, 0, 0, 0.02, 0.018, 0, 0, 0, 0, 0.015
Erem4, 0, 0, 0.013, 0.017, 0, 0, 0, 0, 0.008
Erem5, 0, 0, 0.014, 0.014, 0, 0, 0, 0, 0.009
Erem6, 0, 0, 0.018, 0.02, 0, 0, 0, 0, 0.012
FCPU1, 1, 0, 0.025, 0.03, 1, 0, 1, 0.999, 0.01
FCPU2, 1, 0, 0.029, 0.026, 1, 0, 1, 0.998, 0.014
Ferm1, 0, 0, 0.017, 0.018, 0, 0, 0, 0, 0.015
Fibr1, 2, 0, 0.016, 0.331, 1, 0, 2, 0.269, 1.744
Fibr2, 0, 0, 0.012, 0.014, 0, 0, 0, 0, 0.009
Fibr3, 0, 0, 0.044, 0.036, 0, 0, 0, 0, 0.021
Fibr4, 0, 0, 0.014, 0.013, 0, 0, 0, 0, 0.011
Fibr5, 0, 0, 0.283, 0.061, 0, 0, 0, 0, 0.011
Fibr6, 0, 0, 0.013, 0.016, 0, 0, 0, 0, 0.009
Fire1, 0, 0, 0.117, 0.082, 0, 0, 0, 0, 0.028
FirmA1, 0, 0, 0.035, 0.039, 0, 0, 0, 0, 0.025
FirmA10, 0, 0, 0.024, 0.025, 0, 0, 0, 0, 0.014
FirmA100, 0, 0, 0.014, 0.017, 0, 0, 0, 0, 0.009
FirmA101, 0, 0, 0.009, 0.008, 0, 0, 0, 0, 0.005
FirmA102, 0, 0, 0.528, 0.184, 0, 0, 0, 0, 0.011
FirmA103, 1, 0.002, 0.021, 0.246, 1, 0, 1, 0.278, 0.736
FirmA104, 0, 0, 0.015, 0.015, 0, 0, 0, 0, 0.011
FirmA105, 0, 0, 0.011, 0.011, 0, 0, 0, 0, 0.008
FirmA106, 0, 0, 0.026, 0.024, 0, 0, 0, 0, 0.013
FirmA107, 0, 0, 0.014, 0.013, 0, 0, 0, 0, 0.011
FirmA108, 0, 0, 0.012, 0.011, 0, 0, 0, 0, 0.007
FirmA109, 0, 0, 0.018, 0.019, 0, 0, 0, 0, 0.015
FirmA11, 0, 0, 0.024, 0.016, 0, 0, 0, 0, 0.009
FirmA110, 0, 0, 0.016, 0.018, 0, 0, 0, 0, 0.008
FirmA111, 0, 0, 0.06, 0.029, 0, 0, 0, 0, 0.012
FirmA112, 0, 0, 0.024, 0.012, 0, 0, 0, 0, 0.003
FirmA113, 0, 0, 0.018, 0.02, 0, 0, 0, 0, 0.017
FirmA114, 0, 0, 0.019, 0.019, 0, 0, 0, 0, 0.011
FirmA12, 0, 0, 0.566, 0.088, 0, 0, 0, 0, 0.008
FirmA14, 0, 0, 0.017, 0.019, 0, 0, 0, 0, 0.016
FirmA16, 1, 0, 0.028, 0.287, 1, 0, 1, 0.342, 0.67
FirmA18, 0, 0, 0.299, 0.078, 0, 0, 0, 0, 0.016
FirmA19, 0, 0, 0.013, 0.013, 0, 0, 0, 0, 0.009
FirmA2, 0, 0, 0.427, 0.173, 0, 0, 0, 0, 0.016
FirmA20, 0, 0, 0.021, 0.018, 0, 0, 0, 0, 0.016
FirmA21, 0, 0, 0.016, 0.017, 0, 0, 0, 0, 0.015
FirmA24, 0, 0, 0.02, 0.019, 0, 0, 0, 0, 0.014
FirmA25, 0, 0, 0.022, 0.027, 0, 0, 0, 0, 0.019
FirmA26, 1, 0.013, 0.291, 2.311, 1, 0, 1, 0.771, 0.235
FirmA27, 0, 0, 0.011, 0.013, 0, 0, 0, 0, 0.007
FirmA28, 0, 0, 0.023, 0.02, 0, 0, 0, 0, 0.015
FirmA29, 0, 0, 0.017, 0.018, 0, 0, 0, 0, 0.012
FirmA30, 0, 0, 0.015, 0.013, 0, 0, 0, 0, 0.012
FirmA31, 0, 0, 0.018, 0.02, 0, 0, 0, 0, 0.011
FirmA32, 0, 0, 0.018, 0.02, 0, 0, 0, 0, 0.016
FirmA33, 0, 0, 0.021, 0.027, 0, 0, 0, 0, 0.018
FirmA34, 0, 0, 0.22, 0.053, 0, 0, 0, 0, 0.006
FirmA35, 0, 0, 0.013, 0.011, 0, 0, 0, 0, 0.008
FirmA36, 0, 0, 0.014, 0.012, 0, 0, 0, 0, 0.006
FirmA37, 0, 0, 0.04, 0.026, 0, 0, 0, 0, 0.015
FirmA38, 0, 0, 0.013, 0.012, 0, 0, 0, 0, 0.011
FirmA39, 0, 0, 0.015, 0.013, 0, 0, 0, 0, 0.011
FirmA40, 0, 0, 0.012, 0.012, 0, 0, 0, 0, 0.008
FirmA41, 1, 0.001, 0.307, 0.183, 1, 0, 1, 0.751, 0.263
FirmA42, 0, 0, 0.015, 0.02, 0, 0, 0, 0, 0.011
FirmA43, 0, 0, 0.016, 0.018, 0, 0, 0, 0, 0.012
FirmA44, 0, 0, 0.017, 0.013, 0, 0, 0, 0, 0.011
FirmA45, 0, 0, 0.019, 0.017, 0, 0, 0, 0, 0.015
FirmA46, 0, 0, 0.031, 0.025, 0, 0, 0, 0, 0.014
FirmA47, 0, 0, 0.011, 0.016, 0, 0, 0, 0, 0.01
FirmA48, 0, 0, 0.018, 0.019, 0, 0, 0, 0, 0.018
FirmA49, 0, 0, 0.011, 0.009, 0, 0, 0, 0, 0.007
FirmA5, 0, 0, 0.013, 0.012, 0, 0, 0, 0, 0.005
FirmA50, 0, 0, 0.018, 0.024, 0, 0, 0, 0, 0.011
FirmA51, 0, 0, 0.017, 0.019, 0, 0, 0, 0, 0.012
FirmA52, 0, 0, 0.016, 0.016, 0, 0, 0, 0, 0.013
FirmA53, 0, 0, 0.015, 0.014, 0, 0, 0, 0, 0.01
FirmA54, 0, 0, 0.015, 0.016, 0, 0, 0, 0, 0.013
FirmA55, 0, 0, 0.011, 0.012, 0, 0, 0, 0, 0.009
FirmA56, 0, 0, 0.016, 0.017, 0, 0, 0, 0, 0.013
FirmA57, 0, 0, 0.038, 0.033, 0, 0, 0, 0, 0.012
FirmA58, 0, 0, 0.016, 0.018, 0, 0, 0, 0, 0.016
FirmA59, 0, 0, 0.009, 0.01, 0, 0, 0, 0, 0.009
FirmA6, 0, 0, 0.018, 0.019, 0, 0, 0, 0, 0.012
FirmA60, 0, 0, 0.021, 0.021, 0, 0, 0, 0, 0.014
FirmA61, 0, 0, 0.016, 0.015, 0, 0, 0, 0, 0.012
FirmA62, 0, 0, 0.014, 0.013, 0, 0, 0, 0, 0.008
FirmA63, 0, 0, 0.017, 0.015, 0, 0, 0, 0, 0.012
FirmA64, 0, 0, 0.014, 0.015, 0, 0, 0, 0, 0.011
FirmA65, 0, 0, 0.02, 0.015, 0, 0, 0, 0, 0.012
FirmA66, 0, 0, 0.01, 0.01, 0, 0, 0, 0, 0.006
FirmA67, 0, 0, 0.147, 0.035, 0, 0, 0, 0, 0.019
FirmA68, 0, 0, 0.011, 0.01, 0, 0, 0, 0, 0.006
FirmA69, 0, 0, 0.019, 0.021, 0, 0, 0, 0, 0.013
FirmA7, 0, 0, 0.491, 0.082, 0, 0, 0, 0, 0.007
FirmA70, 0, 0, 0.017, 0.014, 0, 0, 0, 0, 0.01
FirmA71, 0, 0, 0.015, 0.019, 0, 0, 0, 0, 0.011
FirmA72, 0, 0, 0.012, 0.013, 0, 0, 0, 0, 0.011
FirmA73, 0, 0, 0.009, 0.01, 0, 0, 0, 0, 0.008
FirmA74, 0, 0, 0.019, 0.02, 0, 0, 0, 0, 0.012
FirmA75, 0, 0, 0.018, 0.016, 0, 0, 0, 0, 0.013
FirmA76, 1, 0, 0.021, 0.374, 1, 0, 1, 0.502, 0.504
FirmA77, 0, 0, 0.01, 0.009, 0, 0, 0, 0, 0.006
FirmA78, 0, 0, 0.019, 0.018, 0, 0, 0, 0, 0.015
FirmA79, 1, 0, 0.009, 0.087, 1, 0, 1, 0.126, 0.881
FirmA8, 0, 0, 0.023, 0.028, 0, 0, 0, 0, 0.017
FirmA80, 1, 0, 0.015, 0.12, 1, 0, 1, 0.209, 0.801
FirmA81, 0, 0, 0.013, 0.012, 0, 0, 0, 0, 0.009
FirmA83, 0, 0, 0.022, 0.027, 0, 0, 0, 0, 0.018
FirmA84, 0, 0, 0.023, 0.027, 0, 0, 0, 0, 0.016
FirmA85, 0, 0, 0.015, 0.017, 0, 0, 0, 0, 0.012
FirmA86, 0, 0, 0.016, 0.02, 0, 0, 0, 0, 0.013
FirmA87, 1, 0.001, 0.011, 0.109, 1, 0, 1, 0.11, 0.898
FirmA88, 0, 0, 0.011, 0.009, 0, 0, 0, 0, 0.007
FirmA89, 0, 0, 0.018, 0.016, 0, 0, 0, 0, 0.01
FirmA9, 0, 0, 0.023, 0.021, 0, 0, 0, 0, 0.016
FirmA90, 0, 0, 0.029, 0.026, 0, 0, 0, 0, 0.008
FirmA91, 0, 0, 0.014, 0.014, 0, 0, 0, 0, 0.011
FirmA92, 0, 0, 0.009, 0.009, 0, 0, 0, 0, 0.007
FirmA93, 1, 0, 0.017, 0.167, 1, 0, 1, 0.552, 0.459
FirmA94, 0, 0, 0.016, 0.022, 0, 0, 0, 0, 0.011
FirmA95, 0, 0, 0.016, 0.018, 0, 0, 0, 0, 0.013
FirmA96, 0, 0, 0.016, 0.019, 0, 0, 0, 0, 0.013
FirmA97, 0, 0, 0.018, 0.018, 0, 0, 0, 0, 0.013
FirmA98, 0, 0, 0.014, 0.009, 0, 0, 0, 0, 0.006
FirmA99, 0, 0, 0.049, 0.02, 0, 0, 0, 0, 0.01
FirmB1, 0, 0, 0.009, 0.01, 0, 0, 0, 0, 0.006
FirmB10, 0, 0, 0.009, 0.01, 0, 0, 0, 0, 0.006
FirmB11, 0, 0, 0.016, 0.016, 0, 0, 0, 0, 0.014
FirmB12, 0, 0, 0.016, 0.019, 0, 0, 0, 0, 0.012
FirmB13, 0, 0, 0.02, 0.022, 0, 0, 0, 0, 0.014
FirmB14, 0, 0, 0.014, 0.009, 0, 0, 0, 0, 0.009
FirmB15, 0, 0, 0.01, 0.006, 0, 0, 0, 0, 0.005
FirmB16, 0, 0, 0.012, 0.01, 0, 0, 0, 0, 0.006
FirmB17, 0, 0, 0.014, 0.017, 0, 0, 0, 0, 0.009
FirmB2, 0, 0, 0.009, 0.009, 0, 0, 0, 0, 0.007
FirmB3, 0, 0, 0.019, 0.022, 0, 0, 0, 0, 0.014
FirmB4, 0, 0, 0.018, 0.021, 0, 0, 0, 0, 0.014
FirmB5, 0, 0, 0.02, 0.016, 0, 0, 0, 0, 0.014
FirmB6, 0, 0, 0.012, 0.012, 0, 0, 0, 0, 0.009
FirmB7, 0, 0, 0.013, 0.017, 0, 0, 0, 0, 0.01
FirmB8, 0, 0, 0.019, 0.019, 0, 0, 0, 0, 0.013
FirmB9, 0, 0, 0.01, 0.011, 0, 0, 0, 0, 0.007
FirmC1, 0, 0, 0.068, 0.044, 0, 0, 0, 0, 0.008
FirmC10, 0, 0, 0.085, 0.055, 0, 0, 0, 0, 0.011
FirmC11, 1, 0, 0.027, 0.117, 1, 0, 1, 0.83, 0.175
FirmC12, 0, 0, 0.018, 0.013, 0, 0, 0, 0, 0.007
FirmC13, 1, 0.003, 0.161, 0.435, 1, 0, 1, 0.309, 0.698
FirmC14, 0, 0, 0.086, 0.045, 0, 0, 0, 0, 0.012
FirmC15, 0, 0, 0.024, 0.021, 0, 0, 0, 0, 0.013
FirmC16, 1, 0, 0.008, 0.083, 1, 0, 1, 0.999, 0.008
FirmC17, 1, 0, 0.335, 0.103, 1, 0, 1, 0.137, 0.875
FirmC18, 1, 0.002, 0.014, 0.291, 1, 0, 1, 0.921, 0.084
FirmC19, 1, 0, 0.028, 0.025, 1, 0, 1, 0.984, 0.023
FirmC3, 0, 0, 0.863, 0.048, 0, 0, 0, 0, 0.011
FirmC4, 0, 0, 0.067, 0.047, 0, 0, 0, 0, 0.007
FirmC5, 0, 0, 0.152, 0.059, 0, 0, 0, 0, 0.021
FirmC6, 1, 0, 0.011, 0.02, 1, 0, 1, 0.999, 0.011
FirmC7, 1, 0, 0.809, 0.105, 1, 0, 1, 0.69, 0.322
FirmC8, 1, 0.001, 0.032, 0.11, 1, 0, 1, 0.84, 0.173
FirmC9, 1, 0.001, 0.287, 0.35, 1, 0, 1, 0.715, 0.289
FirmD1, 0, 0, 0.071, 0.046, 0, 0, 0, 0, 0.019
FirmD2, 1, 0.003, 0.017, 0.403, 1, 0, 1, 0.126, 0.884
FirmD3, 0, 0, 0.146, 0.053, 0, 0, 0, 0, 0.016
FirmD4, 0, 0, 0.066, 0.021, 0, 0, 0, 0, 0.01
FirmE1, 0, 0, 0.034, 0.023, 0, 0, 0, 0, 0.017
FirmE2, 0, 0, 0.055, 0.011, 0, 0, 0, 0, 0.004
FirmE3, 0, 0, 0.015, 0.014, 0, 0, 0, 0, 0.012
FirmE4, 0, 0, 0.013, 0.012, 0, 0, 0, 0, 0.01
FirmE5, 0, 0, 0.018, 0.019, 0, 0, 0, 0, 0.015
FirmE6, 0, 0, 0.015, 0.016, 0, 0, 0, 0, 0.012
FirmE7, 0, 0, 0.244, 0.076, 0, 0, 0, 0, 0.01
FirmE8, 1, 0, 0.011, 0.436, 1, 0, 1, 0.232, 0.777
FirmF1, 0, 0, 0.116, 0.035, 0, 0, 0, 0, 0.007
FirmF2, 1, 0.001, 0.013, 0.153, 1, 0, 1, 0.248, 0.756
FirmF3, 0, 0, 0.27, 0.054, 0, 0, 0, 0, 0.014
FirmG1, 0, 0, 0.022, 0.022, 0, 0, 0, 0, 0.014
FirmG2, 0, 0, 0.039, 0.026, 0, 0, 0, 0, 0.017
FirmG3, 0, 0, 0.028, 0.019, 0, 0, 0, 0, 0.009
FirmG4, 1, 0, 0.014, 0.408, 1, 0, 1, 0.141, 0.869
FirmG5, 0, 0, 0.022, 0.017, 0, 0, 0, 0, 0.014
FirmG6, 0, 0, 0.037, 0.035, 0, 0, 0, 0, 0.018
Firms1, 1, 0, 0.281, 0.105, 1, 0, 1, 0.797, 0.218
Firms10, 1, 0.001, 0.82, 0.439, 1, 0, 1, 0.262, 0.756
Firms11, 1, 0, 0.02, 0.02, 1, 0, 1, 0.999, 0.014
Firms12, 0, 0, 0.27, 0.015, 0, 0, 0, 0, 0.009
Firms13, 1, 0, 0.78, 0.014, 1, 0, 1, 0.162, 0.847
Firms15, 1, 0.003, 0.02, 0.836, 1, 0, 1, 0.994, 0.015
Firms16, 0, 0, 0.349, 0.054, 0, 0, 0, 0, 0.009
Firms17, 1, 0, 0.019, 0.019, 1, 0, 1, 1, 0.013
Firms18, 0, 0, 0.023, 0.025, 0, 0, 0, 0, 0.015
Firms2, 0, 0, 0.019, 0.019, 0, 0, 0, 0, 0.009
Firms20, 1, 0, 0.012, 0.015, 1, 0, 1, 0.348, 0.662
Firms21, 0, 0, 0.274, 0.026, 0, 0, 0, 0, 0.016
Firms22, 2, 0.001, 0.16, 0.423, 1, 0, 2, 1.022, 0.99
Firms23, 0, 0, 0.02, 0.019, 0, 0, 0, 0, 0.012
Firms24, 1, 0, 0.021, 0.018, 1, 0, 1, 1, 0.013
Firms25, 0, 0, 0.014, 0.016, 0, 0, 0, 0, 0.01
Firms26, 1, 0, 0.02, 0.02, 1, 0, 1, 1, 0.012
Firms27, 1, 0, 1.037, 0.023, 1, 0, 1, 0.143, 0.868
Firms28, 1, 0.002, 0.018, 0.277, 1, 0, 1, 0.158, 0.85
Firms29, 0, 0, 0.361, 0.016, 0, 0, 0, 0, 0.011
Firms3, 0, 0, 0.838, 0.042, 0, 0, 0, 0, 0.016
Firms30, 0, 0, 0.011, 0.011, 0, 0, 0, 0, 0.008
Firms31, 0, 0, 0.022, 0.025, 0, 0, 0, 0, 0.019
Firms32, 0, 0, 0.012, 0.014, 0, 0, 0, 0, 0.008
Firms33, 0, 0, 0.02, 0.019, 0, 0, 0, 0, 0.011
Firms4, 0, 0, 0.279, 0.051, 0, 0, 0, 0, 0.007
Firms5, 1, 0, 0.014, 0.009, 1, 0, 1, 0.998, 0.008
Firms6, 0, 0, 0.226, 0.065, 0, 0, 0, 0, 0.009
Firms7, 0, 0, 1.008, 0.01, 0, 0, 0, 0, 0.006
Firms8, 1, 0, 0.03, 0.023, 1, 0, 1, 0.997, 0.016
Firms9, 0, 0, 0.053, 0.037, 0, 0, 0, 0, 0.014
Fuso2, 0, 0, 0.16, 0.117, 0, 0, 0, 0, 0.015
Gemm2, 0, 0, 0.016, 0.018, 0, 0, 0, 0, 0.006
Gemm3, 1, 0, 0.022, 0.253, 1, 0, 1, 0.27, 0.747
Gemm4, 0, 0, 0.02, 0.017, 0, 0, 0, 0, 0.01
Gemm5, 0, 0, 0.034, 0.023, 0, 0, 0, 0, 0.012
Gemm6, 0, 0, 0.28, 0.154, 0, 0, 0, 0, 0.005
Gemm7, 0, 0, 0.04, 0.029, 0, 0, 0, 0, 0.016
Gemm8, 1, 0, 0.021, 0.21, 1, 0, 1, 0.119, 0.9
Gemm9, 0, 0, 0.089, 0.051, 0, 0, 0, 0, 0.012
GemmA1, 0, 0, 0.035, 0.038, 0, 0, 0, 0, 0.024
Gold1, 1, 0.001, 0.021, 0.153, 1, 0, 1, 0.188, 0.822
Gold2, 0, 0, 0.206, 0.081, 0, 0, 0, 0, 0.008
Hydr1, 1, 0, 0.072, 0.055, 1, 0, 1, 1, 0.014
Hydr2, 1, 0, 0.067, 0.044, 1, 0, 1, 1, 0.009
J088X1, 1, 0.002, 0.293, 0.355, 1, 0, 1, 0.933, 0.087
KSB1X1, 0, 0, 0.018, 0.021, 0, 0, 0, 0, 0.013
KSB1X2, 0, 0, 0.016, 0.017, 0, 0, 0, 0, 0.015
KSB1X3, 0, 0, 0.018, 0.019, 0, 0, 0, 0, 0.013
KSB1X4, 0, 0, 0.009, 0.011, 0, 0, 0, 0, 0.008
Krum1, 0, 0, 0.014, 0.015, 0, 0, 0, 0, 0.012
Late1, 1, 0, 0.015, 0.016, 1, 0, 1, 0.998, 0.014
Late2, 0, 0, 0.19, 0.105, 0, 0, 0, 0, 0.015
Late3, 1, 0, 0.019, 0.022, 1, 0, 1, 0.998, 0.018
Lind1, 1, 0, 0.304, 0.21, 1, 0, 1, 0.146, 0.861
Lind2, 1, 0.002, 0.256, 0.814, 1, 0, 1, 0.203, 0.811
Lind4, 1, 0.002, 0.076, 0.633, 1, 0, 1, 0.663, 0.35
Marg1, 0, 0, 0.022, 0.023, 0, 0, 0, 0, 0.015
Marg2, 1, 0.001, 0.018, 0.295, 1, 0, 1, 0.269, 0.741
Marg6, 0, 0, 0.027, 0.029, 0, 0, 0, 0, 0.02
Marg7, 0, 0, 0.291, 0.09, 0, 0, 0, 0, 0.015
Mari1, 0, 0, 0.017, 0.016, 0, 0, 0, 0, 0.01
Mari2, 0, 0, 0.011, 0.009, 0, 0, 0, 0, 0.006
Mari3, 0, 0, 0.015, 0.013, 0, 0, 0, 0, 0.01
Mari5, 0, 0, 0.021, 0.027, 0, 0, 0, 0, 0.018
Mari6, 0, 0, 0.015, 0.013, 0, 0, 0, 0, 0.008
Meth1, 1, 0, 0.075, 0.055, 1, 0, 1, 0.998, 0.011
Meth2, 1, 0, 0.077, 0.059, 1, 0, 1, 0.998, 0.013
Meth3, 1, 0, 0.011, 0.008, 1, 0, 1, 0.999, 0.007
Meth4, 1, 0, 0.017, 0.019, 1, 0, 1, 1, 0.013
Meth5, 1, 0, 0.016, 0.013, 1, 0, 1, 1, 0.008
Muir1, 0, 0, 0.026, 0.03, 0, 0, 0, 0, 0.017
MyxA1, 1, 0, 1.022, 0.047, 1, 0, 1, 0.059, 0.951
MyxA2, 1, 0, 0.028, 0.026, 1, 0, 1, 0.998, 0.02
MyxA3, 1, 0, 0.027, 0.028, 1, 0, 1, 0.998, 0.019
MyxA4, 1, 0, 0.094, 0.072, 1, 0, 1, 0.987, 0.025
Myxo1, 1, 0, 0.024, 0.046, 1, 0, 1, 0.446, 0.567
Myxo10, 0, 0, 0.033, 0.021, 0, 0, 0, 0, 0.01
Myxo11, 0, 0, 0.024, 0.02, 0, 0, 0, 0, 0.015
Myxo13, 0, 0, 0.014, 0.013, 0, 0, 0, 0, 0.005
Myxo14, 1, 0.001, 1.001, 0.041, 1, 0, 1, 0.208, 0.797
Myxo15, 0, 0, 0.015, 0.011, 0, 0, 0, 0, 0.007
Myxo17, 2, 0.003, 0.012, 0.02, 1, 0, 2, 1.674, 0.329
Myxo18, 0, 0, 0.015, 0.014, 0, 0, 0, 0, 0.007
Myxo19, 1, 0, 0.693, 0.118, 1, 0, 1, 0.997, 0.013
Myxo2, 0, 0, 0.467, 0.024, 0, 0, 0, 0, 0.01
Myxo3, 0, 0, 0.141, 0.068, 0, 0, 0, 0, 0.017
Myxo5, 1, 0, 0.052, 0.024, 1, 0, 1, 0.993, 0.016
Myxo6, 1, 0, 0.224, 0.035, 1, 0, 1, 0.991, 0.021
Myxo7, 0, 0, 0.01, 0.011, 0, 0, 0, 0, 0.006
Myxo8, 0, 0, 0.017, 0.019, 0, 0, 0, 0, 0.013
Myxo9, 0, 0, 0.242, 0.074, 0, 0, 0, 0, 0.011
NPL1, 0, 0, 0.054, 0.05, 0, 0, 0, 0, 0.017
Nitr1, 1, 0.004, 0.332, 0.75, 1, 0, 1, 0.513, 0.504
Nitr10, 1, 0, 0.014, 0.012, 1, 0, 1, 1, 0.007
Nitr11, 0, 0, 0.011, 0.013, 0, 0, 0, 0, 0.009
Nitr12, 0, 0, 0.014, 0.017, 0, 0, 0, 0, 0.008
Nitr13, 0, 0, 0.015, 0.012, 0, 0, 0, 0, 0.008
Nitr14, 0, 0, 0.019, 0.018, 0, 0, 0, 0, 0.013
Nitr15, 1, 0.003, 0.088, 0.498, 1, 0, 1, 0.966, 0.039
Nitr16, 0, 0, 0.014, 0.016, 0, 0, 0, 0, 0.012
Nitr17, 0, 0, 0.018, 0.017, 0, 0, 0, 0, 0.013
Nitr2, 0, 0, 0.021, 0.012, 0, 0, 0, 0, 0.01
Nitr3, 1, 0, 0.015, 0.014, 1, 0, 1, 1, 0.005
Nitr4, 1, 0, 0.021, 0.012, 1, 0, 1, 0.999, 0.012
Nitr5, 0, 0, 0.013, 0.013, 0, 0, 0, 0, 0.008
Nitr6, 1, 0, 0.017, 0.013, 1, 0, 1, 1, 0.01
Nitr7, 0, 0, 0.016, 0.018, 0, 0, 0, 0, 0.01
Nitr8, 1, 0, 0.78, 0.219, 1, 0, 1, 0.26, 0.752
Nitr9, 0, 0, 0.013, 0.013, 0, 0, 0, 0, 0.007
Nits1, 1, 0, 0.011, 0.011, 1, 0, 1, 0.999, 0.009
Nits2, 0, 0, 0.036, 0.036, 0, 0, 0, 0, 0.024
Nits3, 1, 0, 0.015, 0.016, 1, 0, 1, 0.999, 0.013
Nits4, 0, 0, 0.022, 0.021, 0, 0, 0, 0, 0.01
NitsA1, 1, 0, 0.03, 0.025, 1, 0, 1, 0.999, 0.01
NitsA2, 1, 0, 0.027, 0.023, 1, 0, 1, 0.999, 0.007
NitsA3, 0, 0, 0.386, 0.027, 0, 0, 0, 0, 0.012
Node_AABM5X1_AABM5X2_0, 0.004, 0, 0.008, 0.009, 0.004, 0, 0.004, 0, 0.01
Node_AABM5X1_AABM5X3_0, 0.002, 0.001, 0.012, 0.018, 0.002, 0, 0.002, 0, 0.01
Node_Acid11_Acid16_0, 0.012, 0, 0.035, 0.022, 0.011, 0, 0.012, 0.006, 0.009
Node_Acid11_Acid31_0, 0.002, 0, 0.011, 0.006, 0.002, 0, 0.002, 0.002, 0.001
Node_Acid12_Acid13_0, 0.024, 0, 0.168, 0.081, 0.024, 0, 0.024, 0.017, 0.022
Node_Acid1_Acid17_0, 1.006, 0.001, 0.098, 0.052, 0.991, 0, 1.006, 1.002, 0.008
Node_Acid1_Acid3_0, 1.095, 0.002, 0.351, 0.513, 0.991, 0, 1.095, 0.55, 0.546
Node_Acid23_Acid12_0, 0.17, 0, 0.008, 0.09, 0.169, 0, 0.17, 0.076, 0.095
Node_Acid29_Acid27_0, 0.017, 0, 0.081, 0.072, 0.017, 0, 0.017, 0.01, 0.024
Node_Acid2_Acid11_0, 0.038, 0, 0.239, 0.067, 0.037, 0, 0.038, 0.033, 0.006
Node_Acid2_Acid18_0, 0.017, 0, 0.026, 0.021, 0.017, 0, 0.017, 0.015, 0.005
Node_Acid32_Acid25_0, 0.004, 0, 0.022, 0.014, 0.004, 0, 0.004, 0.004, 0.007
Node_Acid32_Acid26_0, 0.004, 0, 0.011, 0.01, 0.004, 0, 0.004, 0.002, 0.011
Node_Acid34_Acid22_0, 1.245, 0, 0.144, 0.194, 0.924, 0, 1.245, 0.944, 0.305
Node_Acid34_Acid24_0, 0.146, 0, 1.182, 0.151, 0.134, 0, 0.146, 0.072, 0.083
Node_Acid34_Acid29_0, 0.074, 0, 0.299, 0.151, 0.074, 0, 0.074, 0.07, 0.011
Node_Acid34_Acid33_0, 0.362, 0, 0.05, 0.169, 0.355, 0, 0.362, 0.1, 0.266
Node_Acid37_Acid21_0, 0.005, 0, 0.022, 0.022, 0.005, 0, 0.005, 0.004, 0.008
Node_Acid37_Acid30_0, 0.005, 0, 0.014, 0.017, 0.005, 0, 0.005, 0.001, 0.014
Node_Acid37_Acid32_0, 0.019, 0, 0.081, 0.024, 0.018, 0, 0.019, 0.017, 0.003
Node_Acid38_Acid10_0, 1.154, 0, 0.14, 0.283, 0.888, 0, 1.154, 0.947, 0.21
Node_Acid38_Acid1_0, 0.898, 0, 0.017, 0.261, 0.67, 0, 0.898, 0.44, 0.463
Node_Acid38_Acid2_0, 0.271, 0, 0.027, 0.061, 0.257, 0, 0.271, 0.192, 0.08
Node_Acid38_Acid34_0, 1.084, 0.001, 0.443, 0.615, 0.876, 0, 1.084, 0.459, 0.628
Node_Acid38_Acid36_0, 2.004, 0, 0.019, 0.018, 1, 0, 2.004, 1.995, 0.018
Node_Acid38_Acid40_0, 2.005, 0.002, 0.027, 0.033, 1, 0, 2.005, 1.141, 0.877
Node_Acid38_Acid4_0, 1.278, 0.003, 0.147, 0.421, 0.92, 0, 1.278, 1.02, 0.268
Node_Acid38_Acid5_0, 0.452, 0, 0.011, 0.099, 0.397, 0, 0.452, 0.265, 0.192
Node_Acid38_Acid7_0, 1.153, 0.002, 0.394, 0.249, 1, 0, 1.153, 0.891, 0.267
Node_Acid38_Acid8_0, 0.218, 0, 0.063, 0.088, 0.211, 0, 0.218, 0.202, 0.018
Node_Acid38_B130X1_0, 0.263, 0, 0.74, 0.192, 0.258, 0, 0.263, 0.257, 0.007
Node_Acid39_Acid35_0, 1.005, 0.002, 0.029, 0.385, 1, 0, 1.005, 0.015, 1.01
Node_Acid3_Acid14_0, 1.298, 0.001, 0.023, 0.118, 0.998, 0, 1.298, 1.109, 0.201
Node_Acid3_Acid6_0, 1.119, 0, 0.059, 0.067, 0.999, 0, 1.119, 1.047, 0.083
Node_Acid40_Acid20_0, 2.003, 0.001, 0.019, 0.02, 1, 0, 2.003, 1.995, 0.016
Node_Acid5_Acid23_0, 0.083, 0, 0.043, 0.043, 0.083, 0, 0.083, 0.056, 0.029
Node_Acid5_Acid37_0, 0.097, 0, 0.374, 0.086, 0.096, 0, 0.097, 0.081, 0.019
Node_Acid6_Acid28_0, 1.012, 0, 0.12, 0.055, 0.997, 0, 1.012, 1.008, 0.013
Node_Acid8_Acid9_0, 0.023, 0.001, 0.2, 0.065, 0.022, 0, 0.023, 0.019, 0.004
Node_Acid9_Acid39_0, 0.022, 0, 0.019, 0.02, 0.022, 0, 0.022, 0.008, 0.018
Node_Acti10_Acti11_0, 0.971, 0.035, 0.011, 0.339, 0.931, 0, 0.971, 0.444, 0.484
Node_Acti10_Acti25_0, 0.986, 0, 0.077, 0.042, 0.98, 0, 0.986, 0.899, 0.092
Node_Acti10_Acti26_0, 0.463, 0.001, 0.098, 0.09, 0.458, 0, 0.463, 0.284, 0.181
Node_Acti10_Acti31_0, 0.951, 0, 0.055, 0.033, 0.938, 0, 0.951, 0.94, 0.02
Node_Acti10_Acti3_0, 1.21, 0, 0.017, 0.078, 0.96, 0, 1.21, 0.982, 0.24
Node_Acti10_Acti7_0, 0.987, 0, 0.016, 0.026, 0.937, 0, 0.987, 0.944, 0.052
Node_Acti11_Acti22_0, 1.04, 0.001, 0.012, 0.062, 0.998, 0, 1.04, 0.963, 0.08
Node_Acti12_Acti21_0, 1.354, 0.002, 1.011, 0.165, 1, 0, 1.354, 0.251, 1.107
Node_Acti12_Acti48_0, 1.256, 0.001, 0.02, 0.068, 0.999, 0, 1.256, 1.06, 0.205
Node_Acti14_Acti33_0, 0.395, 0.001, 0.31, 0.17, 0.35, 0, 0.395, 0.303, 0.097
Node_Acti14_Acti34_0, 0.345, 0, 0.306, 0.121, 0.321, 0, 0.345, 0.101, 0.256
Node_Acti14_Acti6_0, 0.344, 0, 0.236, 0.154, 0.338, 0, 0.344, 0.113, 0.235
Node_Acti18_Acti16_0, 0.51, 0, 0.028, 0.304, 0.507, 0, 0.51, 0.32, 0.208
Node_Acti18_Acti4_0, 0.33, 0.002, 0.264, 0.273, 0.325, 0, 0.33, 0.296, 0.036
Node_Acti19_Acti13_0, 0.308, 0, 0.043, 0.151, 0.289, 0, 0.308, 0.119, 0.193
Node_Acti19_Acti23_0, 0.258, 0.002, 0.221, 0.152, 0.246, 0, 0.258, 0.097, 0.169
Node_Acti19_Acti42_0, 0.058, 0, 0.032, 0.055, 0.058, 0, 0.058, 0.034, 0.027
Node_Acti19_Acti49_0, 0.158, 0, 0.02, 0.05, 0.154, 0, 0.158, 0.041, 0.119
Node_Acti19_Acti8_0, 0.059, 0, 0.04, 0.052, 0.059, 0, 0.059, 0.025, 0.041
Node_Acti33_Acti35_0, 0.356, 0, 0.138, 0.056, 0.348, 0, 0.356, 0.263, 0.099
Node_Acti43_Acti36_0, 1.048, 0.002, 0.423, 0.213, 0.999, 0, 1.048, 0.107, 0.946
Node_Acti46_Acti41_0, 1.064, 0, 0.069, 0.073, 0.963, 0, 1.064, 1.014, 0.058
Node_Acti47_Acti45_0, 1.027, 0, 0.054, 0.022, 1, 0, 1.027, 1.018, 0.025
Node_Acti49_Acti15_0, 0.97, 0, 0.023, 0.026, 0.956, 0, 0.97, 0.167, 0.81
Node_Acti49_Acti32_0, 1.169, 0, 0.017, 0.043, 0.971, 0, 1.169, 0.989, 0.187
Node_Acti49_Acti38_0, 0.999, 0, 0.02, 0.021, 0.954, 0, 0.999, 0.958, 0.049
Node_Acti49_Acti40_0, 0.183, 0, 0.112, 0.041, 0.18, 0, 0.183, 0.049, 0.137
Node_Acti50_Acti10_0, 0.379, 0.002, 0.006, 0.039, 0.359, 0, 0.379, 0.093, 0.287
Node_Acti50_Acti14_0, 0.607, 0, 0.02, 0.193, 0.519, 0, 0.607, 0.541, 0.071
Node_Acti50_Acti18_0, 0.556, 0.003, 0.072, 0.043, 0.487, 0, 0.556, 0.306, 0.246
Node_Acti50_Acti19_0, 0.063, 0, 0.011, 0.024, 0.062, 0, 0.063, 0.025, 0.039
Node_Acti50_Acti20_0, 0.051, 0, 0.116, 0.058, 0.051, 0, 0.051, 0.049, 0.002
Node_Acti50_Acti28_0, 1.054, 0, 0.022, 0.017, 0.995, 0, 1.054, 1.042, 0.02
Node_Acti50_Acti39_0, 0.096, 0.001, 0.011, 0.013, 0.094, 0, 0.096, 0.053, 0.043
Node_Acti50_Acti43_0, 0.523, 0.002, 0.246, 0.216, 0.498, 0, 0.523, 0.363, 0.16
Node_Acti50_Acti46_0, 1.075, 0.002, 0.015, 0.243, 0.996, 0, 1.075, 0.511, 0.565
Node_Acti50_Acti47_0, 1.056, 0.002, 0.032, 0.027, 1, 0, 1.056, 1.037, 0.022
Node_Acti50_Acti51_0, 0.035, 0, 0.03, 0.034, 0.035, 0, 0.035, 0.022, 0.014
Node_Acti50_Acti52_0, 1.064, 0.028, 0.055, 0.098, 1, 0, 1.064, 0.995, 0.016
Node_Acti50_FirmF1_0, 0.165, 0.001, 0.055, 0.081, 0.164, 0, 0.165, 0.163, 0.001
Node_Acti51_Acti27_0, 0.004, 0, 0.018, 0.016, 0.004, 0, 0.004, 0.001, 0.013
Node_Acti51_Acti9_0, 0.009, 0, 0.032, 0.014, 0.009, 0, 0.009, 0.007, 0.006
Node_Acti52_Acti12_0, 1.07, 0, 0.019, 0.035, 1, 0, 1.07, 1.021, 0.058
Node_Acti52_Acti37_0, 1.031, 0.006, 0.069, 0.96, 1, 0, 1.031, 1, 0.03
Node_Acti52_Acti44_0, 1.005, 0, 0.075, 0.022, 0.998, 0, 1.005, 1.001, 0.01
Node_Acti8_Acti24_0, 0.002, 0, 0.017, 0.017, 0.002, 0, 0.002, 0.001, 0.014
Node_Acti8_Acti2_0, 0.011, 0, 0.058, 0.029, 0.011, 0, 0.011, 0.007, 0.01
Node_Acti8_Acti5_0, 0.005, 0, 0.014, 0.009, 0.005, 0, 0.005, 0.001, 0.008
Node_Acti9_Acti29_0, 0.005, 0, 0.01, 0.009, 0.005, 0, 0.005, 0.001, 0.007
Node_Acti9_Acti30_0, 0.008, 0, 0.016, 0.025, 0.008, 0, 0.008, 0.003, 0.015
Node_Aero1_NPL1_0, 0.037, 0, 0.107, 0.078, 0.037, 0, 0.037, 0.036, 0.001
Node_Aero1_UBA6X1_0, 0.502, 0.001, 0.608, 0.639, 0.484, 0, 0.502, 0.501, 0.001
Node_Aero1_UBA9X1_0, 0.143, 0, 0.362, 0.277, 0.141, 0, 0.143, 0.143, 0.003
Node_Aqui2_Aqui1_0, 0.229, 0, 0.017, 0.055, 0.228, 0, 0.229, 0.051, 0.191
Node_Aqui2_Aqui3_0, 0.009, 0, 0.034, 0.033, 0.009, 0, 0.009, 0.004, 0.012
Node_Aqui2_Aqui5_0, 0.055, 0, 0.019, 0.025, 0.055, 0, 0.055, 0.007, 0.061
Node_Aqui2_Aqui6_0, 0.013, 0, 0.008, 0.012, 0.013, 0, 0.013, 0.002, 0.012
Node_Aqui2_Camp1_0, 0.104, 0, 0.095, 0.096, 0.103, 0, 0.104, 0.103, 0.003
Node_Aqui2_Thers1_0, 0.031, 0, 0.074, 0.08, 0.031, 0, 0.031, 0.03, 0.001
Node_Aqui6_Aqui4_0, 0.004, 0, 0.022, 0.014, 0.004, 0, 0.004, 0, 0.013
Node_Arma12_Arma11_0, 0.884, 0.024, 0.013, 0.149, 0.696, 0, 0.884, 0.453, 0.401
Node_Arma12_Arma7_0, 0.566, 0, 0.597, 0.251, 0.481, 0, 0.566, 0.291, 0.279
Node_Arma15_Arma13_0, 0.002, 0, 1.023, 0.023, 0.002, 0, 0.002, 0, 0.015
Node_Arma4_Acti50_0, 0.218, 0.001, 0.064, 0.066, 0.215, 0, 0.218, 0.214, 0.003
Node_Arma4_Arma12_0, 0.472, 0.002, 0.083, 0.077, 0.424, 0, 0.472, 0.392, 0.08
Node_Arma4_Arma14_0, 0.052, 0, 0.431, 0.158, 0.052, 0, 0.052, 0.048, 0.011
Node_Arma4_Arma6_0, 0.473, 0.024, 0.002, 0.219, 0.419, 0, 0.473, 0.15, 0.294
Node_Arma4_CSP1X1_0, 0.067, 0, 0.094, 0.072, 0.066, 0, 0.067, 0.056, 0.012
Node_Arma4_Erem6_0, 0.088, 0, 0.028, 0.048, 0.087, 0, 0.088, 0.042, 0.049
Node_Arma4_Pate48_0, 0.149, 0.003, 0.08, 0.073, 0.147, 0, 0.149, 0.139, 0.008
Node_Arma4_UBP13X1_0, 0.157, 0.002, 0.016, 0.088, 0.153, 0, 0.157, 0.074, 0.083
Node_Arma6_Arma15_0, 1.01, 0, 0.021, 0.019, 1, 0, 1.01, 1.005, 0.014
Node_Arma6_Arma16_0, 1.06, 0.003, 0.323, 0.171, 0.997, 0, 1.06, 0.303, 0.758
Node_Arma6_Arma3_0, 0.622, 0.005, 0.065, 0.497, 0.517, 0, 0.622, 0.414, 0.209
Node_Arma6_Arma9_0, 1.017, 0.001, 0.056, 0.043, 1, 0, 1.017, 1.01, 0.012
Node_Aure2_Aure1_0, 0.938, 0.001, 0.913, 0.437, 0.816, 0, 0.938, 0.896, 0.042
Node_Bact1_Bact11_0, 0.008, 0, 0.011, 0.012, 0.008, 0, 0.008, 0.001, 0.016
Node_Bact1_Bact17_0, 0.003, 0, 0.012, 0.008, 0.003, 0, 0.003, 0.001, 0.009
Node_Bact20_Bact1_0, 0.006, 0, 0.011, 0.01, 0.006, 0, 0.006, 0.003, 0.009
Node_Bact20_Bact30_0, 0.002, 0, 0.012, 0.015, 0.002, 0, 0.002, 0, 0.008
Node_Bact21_Bact29_0, 0.084, 0, 0.008, 0.037, 0.084, 0, 0.084, 0.024, 0.066
Node_Bact21_Bact36_0, 0.026, 0, 0.97, 0.016, 0.026, 0, 0.026, 0.007, 0.023
Node_Bact21_Bact44_0, 0.973, 0, 0.006, 0.008, 0.965, 0, 0.973, 0.962, 0.013
Node_Bact22_Bact31_0, 0.01, 0, 0.011, 0.011, 0.01, 0, 0.01, 0.003, 0.012
Node_Bact22_Bact5_0, 0.009, 0, 0.054, 0.027, 0.009, 0, 0.009, 0.002, 0.021
Node_Bact23_Bact28_0, 0.165, 0, 0.011, 0.017, 0.164, 0, 0.165, 0.024, 0.151
Node_Bact23_Bact34_0, 0.025, 0, 0.014, 0.019, 0.025, 0, 0.025, 0.008, 0.028
Node_Bact23_Bact4_0, 0.011, 0, 0.017, 0.019, 0.011, 0, 0.011, 0.003, 0.018
Node_Bact24_Bact23_0, 0.01, 0, 0.01, 0.011, 0.009, 0, 0.01, 0.001, 0.016
Node_Bact24_Bact25_0, 0.003, 0, 0.016, 0.013, 0.003, 0, 0.003, 0, 0.009
Node_Bact24_Bact3_0, 0.004, 0, 0.002, 0.003, 0.004, 0, 0.004, 0.001, 0.004
Node_Bact24_Bact7_0, 0.002, 0, 0.013, 0.008, 0.002, 0, 0.002, 0, 0.006
Node_Bact25_Bact20_0, 0.008, 0, 0.008, 0.016, 0.008, 0, 0.008, 0.003, 0.012
Node_Bact25_Bact2_0, 0.004, 0, 0.005, 0.004, 0.004, 0, 0.004, 0.001, 0.006
Node_Bact27_Bact19_0, 0.967, 0, 0.014, 0.013, 0.965, 0, 0.967, 0.958, 0.015
Node_Bact27_Bact21_0, 0.966, 0.001, 0.014, 0.028, 0.961, 0, 0.966, 0.174, 0.797
Node_Bact27_Bact22_0, 0.042, 0, 0.003, 0.008, 0.042, 0, 0.042, 0.009, 0.036
Node_Bact27_Bact24_0, 0.009, 0, 0.007, 0.009, 0.009, 0, 0.009, 0.001, 0.011
Node_Bact27_Bact35_0, 0.003, 0, 0.977, 0.014, 0.003, 0, 0.003, 0.001, 0.013
Node_Bact27_Bact37_0, 0.182, 0, 0.006, 0.016, 0.18, 0, 0.182, 0.038, 0.146
Node_Bact27_Bact40_0, 0.003, 0, 0.009, 0.01, 0.003, 0, 0.003, 0.001, 0.009
Node_Bact27_Mari3_0, 0.005, 0, 0.009, 0.009, 0.005, 0, 0.005, 0.003, 0.004
Node_Bact29_Bact9_0, 0.301, 0.001, 0.018, 0.121, 0.299, 0, 0.301, 0.077, 0.234
Node_Bact30_Bact32_0, 0.007, 0, 0.012, 0.014, 0.007, 0, 0.007, 0.001, 0.017
Node_Bact31_Bact38_0, 0.006, 0, 0.024, 0.028, 0.006, 0, 0.006, 0.002, 0.02
Node_Bact33_Bact10_0, 0.087, 0, 0.011, 0.044, 0.085, 0, 0.087, 0.025, 0.072
Node_Bact33_Bact39_0, 0.325, 0, 0.009, 0.082, 0.299, 0, 0.325, 0.086, 0.247
Node_Bact33_Bact6_0, 0.026, 0, 0.008, 0.011, 0.026, 0, 0.026, 0.011, 0.018
Node_Bact36_Bact43_0, 0.004, 0, 0.04, 0.027, 0.004, 0, 0.004, 0.003, 0.018
Node_Bact37_Bact33_0, 0.016, 0, 0.186, 0.014, 0.016, 0, 0.016, 0.003, 0.02
Node_Bact37_Bact42_0, 0.004, 0, 0.022, 0.018, 0.004, 0, 0.004, 0.001, 0.01
Node_Bact3_Bact12_0, 0.002, 0, 0.012, 0.016, 0.002, 0, 0.002, 0.001, 0.01
Node_Bact3_Bact13_0, 0.003, 0, 0.011, 0.01, 0.003, 0, 0.003, 0.002, 0.01
Node_Bact3_Bact14_0, 0.005, 0, 0.012, 0.015, 0.005, 0, 0.005, 0.001, 0.014
Node_Bact3_Bact18_0, 0.004, 0, 0.009, 0.012, 0.004, 0, 0.004, 0, 0.011
Node_Bact40_Bact41_0, 0.002, 0, 0.02, 0.022, 0.002, 0, 0.002, 0, 0.019
Node_Bact5_Bact16_0, 0.01, 0, 0.014, 0.01, 0.01, 0, 0.01, 0.001, 0.015
Node_Bact7_Bact8_0, 0.003, 0, 0.024, 0.028, 0.003, 0, 0.003, 0, 0.025
Node_Bdell12_Bdell3_0, 1.003, 0.002, 0.029, 0.428, 1, 0, 1.003, 0.253, 0.762
Node_Bdell13_Bdell12_0, 0.268, 0, 0.045, 0.109, 0.265, 0, 0.268, 0.01, 0.265
Node_Bdell14_Bdell11_0, 0.01, 0, 0.038, 0.03, 0.01, 0, 0.01, 0.004, 0.011
Node_Bdell14_Bdell4_0, 0.007, 0, 0.019, 0.019, 0.007, 0, 0.007, 0.001, 0.016
Node_Bdell15_Bdell14_0, 0.037, 0, 0.063, 0.062, 0.037, 0, 0.037, 0.032, 0.008
Node_Bdell15_Bdell7_0, 0.02, 0, 0.035, 0.039, 0.02, 0, 0.02, 0.013, 0.018
Node_Bdell15_Bdell9_0, 0.008, 0, 0.03, 0.029, 0.008, 0, 0.008, 0.005, 0.018
Node_Bdell17_Bdell15_0, 0.092, 0.001, 0.15, 0.152, 0.091, 0, 0.092, 0.089, 0.008
Node_Bdell17_Bdell16_0, 0.012, 0.001, 0.097, 0.069, 0.012, 0, 0.012, 0.008, 0.016
Node_Bdell2_Bdell10_0, 0.015, 0, 0.051, 0.046, 0.015, 0, 0.015, 0.013, 0.006
Node_Bdell6_Bdell17_0, 0.233, 0, 0.547, 0.297, 0.229, 0, 0.233, 0.228, 0.007
Node_Bdell6_Bdell2_0, 0.06, 0, 0.183, 0.132, 0.06, 0, 0.06, 0.057, 0.01
Node_Bdell6_UBA1X6_0, 0.773, 0.001, 0.116, 0.234, 0.756, 0, 0.773, 0.764, 0.011
Node_Bdell7_Bdell5_0, 0.01, 0, 0.029, 0.025, 0.01, 0, 0.01, 0.004, 0.019
Node_BdellC1_BdellC2_0, 0.018, 0, 0.099, 0.061, 0.018, 0, 0.018, 0.015, 0.011
Node_Bipo1_Bipo2_0, 0.243, 0.001, 0.025, 0.095, 0.239, 0, 0.243, 0.087, 0.164
Node_Bipo1_Therg8_0, 0.103, 0.001, 0.053, 0.052, 0.102, 0, 0.103, 0.067, 0.036
Node_CG294X1_CG267X1_0, 0.026, 0, 0.697, 0.122, 0.026, 0, 0.026, 0.024, 0.012
Node_Calda2_Calda1_0, 0.007, 0, 0.044, 0.041, 0.007, 0, 0.007, 0.007, 0.003
Node_Caldit2_Caldit1_0, 0.007, 0, 0.009, 0.012, 0.007, 0, 0.007, 0.001, 0.013
Node_Caldit2_Caldit3_0, 0.003, 0, 0.005, 0.005, 0.003, 0, 0.003, 0.001, 0.007
Node_Camp14_Camp15_0, 0.182, 0, 0.027, 0.046, 0.18, 0, 0.182, 0.165, 0.028
Node_Camp1_Camp2_0, 0.096, 0, 0.012, 0.039, 0.095, 0, 0.096, 0.031, 0.068
Node_Camp1_Camp3_0, 0.023, 0.001, 0.081, 0.039, 0.023, 0, 0.023, 0.019, 0.007
Node_Camp1_Camp9_0, 0.04, 0, 0.017, 0.041, 0.04, 0, 0.04, 0.028, 0.015
Node_Camp1_UBP6X1_0, 0.042, 0, 0.065, 0.065, 0.041, 0, 0.042, 0.039, 0.003
Node_Camp2_Camp11_0, 0.352, 0.001, 0.007, 0.127, 0.337, 0, 0.352, 0.093, 0.262
Node_Camp2_Camp13_0, 0.006, 0, 0.357, 0.032, 0.006, 0, 0.006, 0.004, 0.008
Node_Camp2_Camp4_0, 0.355, 0.001, 0.062, 0.055, 0.337, 0, 0.355, 0.23, 0.132
Node_Camp2_Camp5_0, 0.293, 0.005, 0.19, 0.148, 0.273, 0, 0.293, 0.167, 0.126
Node_Camp2_Camp7_0, 0.284, 0, 0.079, 0.219, 0.268, 0, 0.284, 0.221, 0.07
Node_Camp4_Camp16_0, 1.021, 0.005, 0.025, 0.054, 0.979, 0, 1.021, 0.338, 0.686
Node_Camp5_Camp10_0, 0.175, 0, 0.044, 0.072, 0.17, 0, 0.175, 0.16, 0.026
Node_Camp5_Camp12_0, 0.193, 0, 0.113, 0.139, 0.187, 0, 0.193, 0.185, 0.013
Node_Camp7_Camp14_0, 0.181, 0, 0.118, 0.086, 0.179, 0, 0.181, 0.174, 0.015
Node_Camp9_Camp6_0, 0.006, 0, 0.047, 0.033, 0.006, 0, 0.006, 0.005, 0.013
Node_Chlo12_Chlo24_0, 0.937, 0, 0.855, 0.021, 0.935, 0, 0.937, 0.912, 0.031
Node_Chlo26_Chlo11_0, 0.01, 0, 0.032, 0.028, 0.01, 0, 0.01, 0.008, 0.008
Node_Chlo26_Chlo9_0, 0.034, 0, 0.054, 0.046, 0.034, 0, 0.034, 0.027, 0.009
Node_Chlo30_Chlo20_0, 0.156, 0, 0.046, 0.096, 0.148, 0, 0.156, 0.064, 0.094
Node_Chlo30_Chlo23_0, 0.108, 0, 0.316, 0.186, 0.105, 0, 0.108, 0.085, 0.026
Node_Chlo30_Chlo36_0, 0.398, 0, 0.03, 0.145, 0.39, 0, 0.398, 0.36, 0.044
Node_Chlo30_Chlo37_0, 0.438, 0.002, 0.035, 0.231, 0.392, 0, 0.438, 0.128, 0.315
Node_Chlo30_Chlo38_0, 0.527, 0, 0.116, 0.155, 0.454, 0, 0.527, 0.369, 0.161
Node_Chlo30_Chlo41_0, 0.843, 0.001, 0.03, 0.241, 0.653, 0, 0.843, 0.501, 0.345
Node_Chlo30_Chlo43_0, 0.519, 0.002, 0.433, 0.165, 0.459, 0, 0.519, 0.412, 0.107
Node_Chlo30_Chlo6_0, 0.384, 0, 0.155, 0.159, 0.375, 0, 0.384, 0.367, 0.02
Node_Chlo30_Dorm2_0, 0.482, 0.001, 0.015, 0.062, 0.423, 0, 0.482, 0.135, 0.35
Node_Chlo31_Chlo25_0, 0.01, 0, 0.059, 0.035, 0.01, 0, 0.01, 0.004, 0.016
Node_Chlo35_Chlo21_0, 0.002, 0, 1.805, 0.021, 0.002, 0, 0.002, 0.002, 0.005
Node_Chlo36_Chlo13_0, 0.077, 0, 0.015, 0.033, 0.076, 0, 0.077, 0.024, 0.061
Node_Chlo36_Chlo14_0, 0.025, 0, 0.044, 0.044, 0.025, 0, 0.025, 0.011, 0.018
Node_Chlo36_Chlo28_0, 0.051, 0, 0.08, 0.081, 0.05, 0, 0.051, 0.048, 0.007
Node_Chlo36_Chlo33_0, 0.124, 0, 0.366, 0.209, 0.122, 0, 0.124, 0.12, 0.01
Node_Chlo36_Chlo40_0, 0.291, 0, 0.016, 0.142, 0.291, 0, 0.291, 0.072, 0.23
Node_Chlo36_Chlo5_0, 0.031, 0, 0.014, 0.024, 0.03, 0, 0.031, 0.017, 0.02
Node_Chlo36_Chlo8_0, 0.48, 0, 0.028, 0.161, 0.474, 0, 0.48, 0.374, 0.11
Node_Chlo38_Chlo19_0, 0.014, 0, 0.06, 0.048, 0.014, 0, 0.014, 0.007, 0.021
Node_Chlo38_Chlo31_0, 0.053, 0, 0.481, 0.133, 0.053, 0, 0.053, 0.052, 0.007
Node_Chlo41_Chlo29_0, 0.913, 0.003, 0.493, 0.066, 0.885, 0, 0.913, 0.88, 0.029
Node_Chlo41_Chlo32_0, 1.006, 0.001, 0.022, 0.088, 0.988, 0, 1.006, 0.893, 0.114
Node_Chlo41_Chlo39_0, 0.007, 0, 0.024, 0.021, 0.007, 0, 0.007, 0.005, 0.01
Node_Chlo41_Chlo44_0, 0.992, 0, 0.027, 0.041, 0.981, 0, 0.992, 0.985, 0.013
Node_Chlo41_Chlo4_0, 1.374, 0.002, 0.034, 0.235, 0.936, 0, 1.374, 0.812, 0.563
Node_Chlo41_Chlo7_0, 0.021, 0, 0.982, 0.04, 0.021, 0, 0.021, 0.017, 0.011
Node_Chlo42_Chlo34_0, 0.019, 0, 0.082, 0.056, 0.019, 0, 0.019, 0.014, 0.019
Node_Chlo43_Chlo42_0, 0.082, 0, 0.531, 0.264, 0.081, 0, 0.082, 0.077, 0.016
Node_Chlo43_Chlo45_0, 0.672, 0.006, 0.28, 0.21, 0.591, 0, 0.672, 0.244, 0.427
Node_Chlo43_Chlo47_0, 0.597, 0.003, 0.128, 0.68, 0.563, 0, 0.597, 0.549, 0.05
Node_Chlo44_Chlo17_0, 1.003, 0, 0.007, 0.017, 1, 0, 1.003, 1.002, 0.004
Node_Chlo44_Chlo22_0, 1.006, 0, 0.015, 0.04, 1, 0, 1.006, 0.981, 0.029
Node_Chlo45_Chlo27_0, 0.692, 0.003, 0.129, 0.604, 0.638, 0, 0.692, 0.553, 0.146
Node_Chlo45_Chlo46_0, 0.339, 0, 0.56, 0.328, 0.316, 0, 0.339, 0.141, 0.207
Node_Chlo47_Chlo48_0, 1.011, 0.002, 0.065, 0.9, 0.996, 0, 1.011, 0.548, 0.477
Node_Chlo48_Chlo10_0, 0.998, 0, 0.032, 0.027, 0.994, 0, 0.998, 0.993, 0.019
Node_Chlo4_Chlo12_0, 1.761, 0, 0.024, 0.079, 0.985, 0, 1.761, 1.352, 0.411
Node_Chlo4_Chlo35_0, 1.802, 0, 0.011, 0.028, 0.991, 0, 1.802, 1.754, 0.052
Node_Chlo5_Chlo16_0, 0.008, 0, 0.034, 0.016, 0.008, 0, 0.008, 0.003, 0.011
Node_Chlo6_Chlo18_0, 0.02, 0, 0.073, 0.046, 0.02, 0, 0.02, 0.016, 0.014
Node_Chlo6_Chlo26_0, 0.079, 0, 0.311, 0.145, 0.079, 0, 0.079, 0.078, 0.006
Node_Chlo7_Chlo15_0, 0.01, 0, 0.032, 0.027, 0.01, 0, 0.01, 0.003, 0.021
Node_Chry1_Aqui2_0, 0.196, 0.001, 0.819, 0.276, 0.193, 0, 0.196, 0.194, 0.001
Node_Chry1_Defe3_0, 0.045, 0, 0.156, 0.122, 0.045, 0, 0.045, 0.043, 0.005
Node_Cyan10_Cyan35_0, 1.164, 0, 0.023, 0.036, 1, 0, 1.164, 1.138, 0.038
Node_Cyan10_Cyan45_0, 1.218, 0.006, 0.017, 1.038, 1, 0, 1.218, 1.152, 0.065
Node_Cyan10_Cyan46_0, 1.149, 0, 0.054, 0.022, 1, 0, 1.149, 1.139, 0.014
Node_Cyan11_Cyan26_0, 1.27, 0, 1.187, 0.16, 0.968, 0, 1.27, 1.037, 0.248
Node_Cyan12_Cyan13_0, 0.993, 0.001, 0.015, 0.14, 0.992, 0, 0.993, 0.176, 0.83
Node_Cyan13_Cyan18_0, 0.999, 0, 0.008, 0.01, 0.995, 0, 0.999, 0.992, 0.014
Node_Cyan14_Cyan15_0, 1.738, 0, 0.342, 0.137, 0.959, 0, 1.738, 1.462, 0.286
Node_Cyan14_Cyan16_0, 1.794, 0.005, 0.025, 0.055, 1, 0, 1.794, 1.291, 0.509
Node_Cyan14_Cyan23_0, 1.305, 0.112, 0.028, 0.07, 0.999, 0, 1.305, 0.99, 0.103
Node_Cyan16_Cyan29_0, 1.774, 0.001, 0.236, 1.234, 0.999, 0, 1.774, 1.568, 0.215
Node_Cyan19_Cyan22_0, 1.321, 0.004, 0.034, 0.014, 1, 0, 1.321, 1.22, 0.1
Node_Cyan19_Cyan47_0, 1.923, 0.002, 0.028, 0.209, 0.999, 0, 1.923, 1.306, 0.628
Node_Cyan28_chloroArabidopsis_0, 0.061, 0, 1.007, 0.008, 0.061, 0, 0.061, 0.009, 0.057
Node_Cyan2_Cyan1_0, 0.012, 0, 0.115, 0.036, 0.012, 0, 0.012, 0.009, 0.008
Node_Cyan31_Cyan34_0, 1.003, 0, 0.026, 0.017, 1, 0, 1.003, 1.001, 0.011
Node_Cyan33_Cyan21_0, 1.068, 0, 0.037, 0.023, 0.999, 0, 1.068, 1.007, 0.071
Node_Cyan38_Cyan28_0, 1.011, 0, 0.014, 0.011, 1, 0, 1.011, 1.005, 0.013
Node_Cyan40_Arma4_0, 0.278, 0.002, 0.132, 0.155, 0.276, 0, 0.278, 0.274, 0.001
Node_Cyan40_Cyan10_0, 1.189, 0, 0.025, 0.039, 1, 0, 1.189, 1.127, 0.068
Node_Cyan40_Cyan11_0, 2.209, 0.004, 0.039, 0.176, 1, 0, 2.209, 2.025, 0.191
Node_Cyan40_Cyan14_0, 1.118, 0.002, 0.228, 0.023, 1, 0, 1.118, 1.027, 0.093
Node_Cyan40_Cyan19_0, 1.251, 0, 0.012, 0.012, 1, 0, 1.251, 1.186, 0.071
Node_Cyan40_Cyan20_0, 1.014, 0.003, 0.01, 0.147, 1, 0, 1.014, 0.111, 0.903
Node_Cyan40_Cyan24_0, 1.146, 0.001, 0.036, 0.03, 0.999, 0, 1.146, 1.091, 0.063
Node_Cyan40_Cyan25_0, 2.053, 0.004, 0.104, 0.125, 0.999, 0, 2.053, 1.093, 0.964
Node_Cyan40_Cyan27_0, 2.842, 0.001, 0.108, 0.388, 1, 0, 2.842, 2.114, 0.74
Node_Cyan40_Cyan2_0, 0.119, 0, 0.045, 0.045, 0.119, 0, 0.119, 0.116, 0.003
Node_Cyan40_Cyan36_0, 1.192, 0.184, 0.012, 0.632, 1, 0, 1.192, 0.819, 0.008
Node_Cyan40_Cyan37_0, 1.01, 0, 0.042, 0.112, 0.998, 0, 1.01, 1.005, 0.009
Node_Cyan40_Cyan38_0, 1.012, 0.001, 0.012, 0.088, 1, 0, 1.012, 1.001, 0.013
Node_Cyan40_Cyan42_0, 1.043, 0.004, 0.011, 0.022, 1, 0, 1.043, 1.002, 0.036
Node_Cyan40_Cyan7_0, 0.118, 0, 0.007, 0.041, 0.118, 0, 0.118, 0.113, 0.006
Node_Cyan40_Marg1_0, 0.161, 0, 0.024, 0.048, 0.16, 0, 0.161, 0.151, 0.01
Node_Cyan40_Therd1_0, 0.175, 0, 0.103, 0.083, 0.174, 0, 0.175, 0.175, 0
Node_Cyan42_Cyan3_0, 1.116, 0, 0.02, 0.367, 0.998, 0, 1.116, 1.033, 0.093
Node_Cyan46_Cyan30_0, 1.009, 0.002, 0.152, 0.015, 1, 0, 1.009, 1.003, 0.01
Node_Cyan46_Cyan31_0, 1.018, 0.01, 0.023, 0.993, 1, 0, 1.018, 0.991, 0.022
Node_Cyan46_Cyan32_0, 1.272, 0, 0.022, 0.428, 0.997, 0, 1.272, 1.05, 0.231
Node_Cyan46_Cyan33_0, 1.034, 0.004, 0.018, 0.021, 1, 0, 1.034, 1.006, 0.03
Node_Cyan46_Cyan41_0, 1.063, 0.001, 0.027, 0.026, 0.999, 0, 1.063, 1.018, 0.055
Node_Cyan47_Cyan43_0, 2.06, 0.002, 0.079, 0.248, 1, 0, 2.06, 1.854, 0.214
Node_Cyan47_Cyan44_0, 2.063, 0.003, 0.897, 0.352, 1, 0, 2.063, 1.173, 0.897
Node_Cyan4_Cyan8_0, 0.018, 0, 0.049, 0.02, 0.018, 0, 0.018, 0.016, 0.003
Node_Cyan4_Cyan9_0, 0.003, 0, 0.024, 0.023, 0.003, 0, 0.003, 0.002, 0.009
Node_Cyan7_Cyan12_0, 0.177, 0, 0.019, 0.041, 0.176, 0, 0.177, 0.049, 0.132
Node_Cyan7_Cyan4_0, 0.064, 0, 0.091, 0.034, 0.064, 0, 0.064, 0.029, 0.037
Node_DTU0X1_SLNR1_0, 0.006, 0, 0.009, 0.009, 0.006, 0, 0.006, 0.004, 0.006
Node_Defe3_Defe1_0, 0.038, 0, 0.046, 0.048, 0.037, 0, 0.038, 0.007, 0.039
Node_Defe3_Defe2_0, 0.14, 0, 0.019, 0.079, 0.14, 0, 0.14, 0.031, 0.121
Node_Dein4_Dein2_0, 0.445, 0, 0.133, 0.151, 0.393, 0, 0.445, 0.135, 0.317
Node_Dein4_Dein6_0, 1.039, 0.001, 0.246, 0.33, 0.999, 0, 1.039, 0.218, 0.839
Node_Dein5_Bipo1_0, 0.119, 0, 0.077, 0.086, 0.117, 0, 0.119, 0.114, 0.008
Node_Dein5_Dein1_0, 0.966, 0, 0.026, 0.029, 0.955, 0, 0.966, 0.942, 0.031
Node_Dein5_Dein4_0, 0.261, 0, 0.069, 0.126, 0.237, 0, 0.261, 0.062, 0.211
Node_Dein5_Dein7_0, 0.961, 0.001, 0.129, 0.438, 0.943, 0, 0.961, 0.14, 0.828
Node_Dein7_Dein3_0, 0.962, 0, 0.028, 0.026, 0.952, 0, 0.962, 0.94, 0.029
Node_DesuB1_DesuB2_0, 0.228, 0, 0.228, 0.128, 0.22, 0, 0.228, 0.077, 0.161
Node_DesuB4_BdellC1_0, 0.106, 0.001, 0.126, 0.139, 0.101, 0, 0.106, 0.072, 0.036
Node_DesuB4_DesuB1_0, 0.295, 0, 0.042, 0.099, 0.28, 0, 0.295, 0.067, 0.231
Node_DesuB4_DesuB3_0, 1.005, 0, 0.083, 0.183, 1, 0, 1.005, 0.227, 0.793
Node_DesuB4_Desua5_0, 0.195, 0, 0.732, 0.319, 0.191, 0, 0.195, 0.189, 0.009
Node_DesuB4_Myxo10_0, 0.918, 0.003, 0.232, 0.37, 0.849, 0, 0.918, 0.887, 0.026
Node_DesuC2_DesuC1_0, 0.034, 0, 0.212, 0.126, 0.034, 0, 0.034, 0.032, 0.014
Node_DesuC2_Desua47_0, 0.232, 0, 0.885, 0.392, 0.229, 0, 0.232, 0.23, 0.002
Node_DesuD2_DesuD1_0, 1.305, 0.005, 0.237, 0.395, 1, 0, 1.305, 1.022, 0.294
Node_Desua11_Desua27_0, 0.006, 0, 0.01, 0.009, 0.006, 0, 0.006, 0.001, 0.013
Node_Desua16_Desua15_0, 0.006, 0, 0.017, 0.013, 0.006, 0, 0.006, 0.002, 0.01
Node_Desua16_Desua20_0, 0.007, 0, 0.035, 0.029, 0.007, 0, 0.007, 0.007, 0.005
Node_Desua16_Desua24_0, 0.013, 0, 0.008, 0.013, 0.013, 0, 0.013, 0.002, 0.017
Node_Desua16_Desua6_0, 0.037, 0, 0.156, 0.072, 0.037, 0, 0.037, 0.031, 0.008
Node_Desua16_Desua9_0, 0.004, 0, 0.01, 0.009, 0.004, 0, 0.004, 0, 0.007
Node_Desua1_Desua34_0, 0.006, 0, 0.012, 0.011, 0.006, 0, 0.006, 0.001, 0.012
Node_Desua1_Desua3_0, 0.006, 0, 0.007, 0.007, 0.006, 0, 0.006, 0.004, 0.005
Node_Desua1_Desua43_0, 0.008, 0, 0.02, 0.011, 0.008, 0, 0.008, 0.003, 0.008
Node_Desua22_Desua10_0, 0.004, 0, 0.01, 0.011, 0.004, 0, 0.004, 0, 0.009
Node_Desua22_Desua13_0, 0.005, 0, 0.012, 0.009, 0.005, 0, 0.005, 0.003, 0.007
Node_Desua22_Desua14_0, 0.006, 0, 0.01, 0.013, 0.006, 0, 0.006, 0.001, 0.012
Node_Desua22_Desua16_0, 0.185, 0, 0.966, 0.294, 0.183, 0, 0.185, 0.183, 0.003
Node_Desua22_Desua23_0, 0.007, 0, 0.019, 0.026, 0.007, 0, 0.007, 0, 0.02
Node_Desua22_Desua26_0, 0.01, 0, 0.053, 0.039, 0.01, 0, 0.01, 0.008, 0.005
Node_Desua22_Desua4_0, 0.058, 0, 0.133, 0.092, 0.058, 0, 0.058, 0.055, 0.006
Node_Desua26_Desua30_0, 0.006, 0, 0.01, 0.012, 0.006, 0, 0.006, 0.003, 0.006
Node_Desua28_Desua35_0, 1.013, 0.002, 0.177, 0.256, 0.999, 0, 1.013, 0.376, 0.654
Node_Desua2_Desua8_0, 0.005, 0, 0.023, 0.028, 0.005, 0, 0.005, 0, 0.021
Node_Desua36_Desua38_0, 0.314, 0.001, 0.014, 0.158, 0.312, 0, 0.314, 0.097, 0.227
Node_Desua36_Desua39_0, 0.1, 0.002, 0.015, 0.065, 0.1, 0, 0.1, 0.019, 0.091
Node_Desua40_Desua31_0, 0.004, 0, 0.011, 0.009, 0.004, 0, 0.004, 0.001, 0.009
Node_Desua42_Desua11_0, 0.003, 0, 0.017, 0.02, 0.003, 0, 0.003, 0, 0.018
Node_Desua42_Desua12_0, 0.002, 0, 0.01, 0.013, 0.002, 0, 0.002, 0.001, 0.008
Node_Desua43_Desua50_0, 0.004, 0, 0.012, 0.012, 0.004, 0, 0.004, 0.001, 0.012
Node_Desua43_Desua52_0, 0.002, 0, 0.013, 0.015, 0.002, 0, 0.002, 0.001, 0.011
Node_Desua43_Desua54_0, 0.004, 0, 0.014, 0.011, 0.004, 0, 0.004, 0, 0.01
Node_Desua44_Desua36_0, 0.022, 0, 0.009, 0.013, 0.022, 0, 0.022, 0.011, 0.016
Node_Desua46_Desua25_0, 0.004, 0, 0.009, 0.008, 0.004, 0, 0.004, 0, 0.01
Node_Desua47_Desua29_0, 0.005, 0, 0.018, 0.022, 0.005, 0, 0.005, 0.003, 0.011
Node_Desua47_Desua37_0, 0.021, 0, 0.064, 0.053, 0.021, 0, 0.021, 0.015, 0.01
Node_Desua47_Desua41_0, 0.012, 0, 0.031, 0.028, 0.012, 0, 0.012, 0.003, 0.022
Node_Desua47_Desua53_0, 0.075, 0, 0.163, 0.134, 0.075, 0, 0.075, 0.075, 0.006
Node_Desua48_Desua33_0, 0.005, 0, 0.008, 0.007, 0.005, 0, 0.005, 0, 0.01
Node_Desua48_Desua40_0, 0.006, 0, 0.006, 0.004, 0.006, 0, 0.006, 0.002, 0.006
Node_Desua48_Desua42_0, 0.004, 0, 0.009, 0.009, 0.004, 0, 0.004, 0.001, 0.007
Node_Desua48_Desua46_0, 0.003, 0, 0.009, 0.007, 0.003, 0, 0.003, 0, 0.008
Node_Desua49_Desua21_0, 0.008, 0, 0.022, 0.021, 0.008, 0, 0.008, 0.001, 0.015
Node_Desua49_Desua32_0, 0.005, 0, 0.006, 0.01, 0.005, 0, 0.005, 0.002, 0.006
Node_Desua49_Desua44_0, 0.015, 0, 0.009, 0.017, 0.015, 0, 0.015, 0.004, 0.019
Node_Desua4_Desua1_0, 0.02, 0, 0.044, 0.025, 0.02, 0, 0.02, 0.017, 0.006
Node_Desua4_Desua48_0, 0.006, 0, 0.021, 0.022, 0.006, 0, 0.006, 0.003, 0.007
Node_Desua4_Desua49_0, 0.005, 0, 0.01, 0.009, 0.005, 0, 0.005, 0.001, 0.009
Node_Desua53_Desua51_0, 0.015, 0, 0.072, 0.058, 0.015, 0, 0.015, 0.009, 0.012
Node_Desua6_Desua19_0, 0.005, 0, 0.014, 0.01, 0.005, 0, 0.005, 0.001, 0.012
Node_Desua6_Desua2_0, 0.007, 0, 0.039, 0.028, 0.007, 0, 0.007, 0.004, 0.009
Node_Desua6_Desua7_0, 0.008, 0, 0.016, 0.014, 0.008, 0, 0.008, 0, 0.019
Node_Desua9_Desua17_0, 0.009, 0, 0.009, 0.009, 0.009, 0, 0.009, 0.002, 0.012
Node_Desua9_Desua18_0, 0.006, 0, 0.01, 0.009, 0.006, 0, 0.006, 0.001, 0.012
Node_Dorm2_Dorm1_0, 0.984, 0, 0.014, 0.017, 0.977, 0, 0.984, 0.964, 0.027
Node_Dorm2_Dorm3_0, 0.67, 0.001, 0.068, 0.139, 0.572, 0, 0.67, 0.426, 0.255
Node_Dorm2_Dorm4_0, 0.977, 0, 0.453, 0.299, 0.973, 0, 0.977, 0.226, 0.76
Node_Dorm2_Dorm5_0, 0.971, 0, 0.026, 0.022, 0.963, 0, 0.971, 0.964, 0.02
Node_Eise2_Eise1_0, 0.004, 0, 0.019, 0.019, 0.004, 0, 0.004, 0.003, 0.015
Node_Eise4_Eise2_0, 0.008, 0.001, 0.028, 0.028, 0.008, 0, 0.008, 0.004, 0.013
Node_Eise4_Eise3_0, 0.004, 0, 0.024, 0.021, 0.004, 0, 0.004, 0, 0.02
Node_Elus1_Elus2_0, 0.015, 0, 0.018, 0.019, 0.015, 0, 0.015, 0.014, 0.001
Node_Elus2_Elus3_0, 0.009, 0, 0.014, 0.013, 0.009, 0, 0.009, 0.005, 0.008
Node_Elus2_Elus5_0, 0.004, 0, 0.01, 0.011, 0.004, 0, 0.004, 0.001, 0.005
Node_Elus3_Elus4_0, 0.009, 0, 0.01, 0.011, 0.009, 0, 0.009, 0.006, 0.011
Node_Elus3_Elus6_0, 0.004, 0, 0.008, 0.006, 0.004, 0, 0.004, 0, 0.007
Node_Elus3_Elus7_0, 0.008, 0, 0.008, 0.008, 0.008, 0, 0.008, 0.002, 0.007
Node_Elus3_Elus9_0, 0.005, 0, 0.012, 0.008, 0.005, 0, 0.005, 0.002, 0.008
Node_Elus6_Elus8_0, 0.005, 0, 0.016, 0.017, 0.005, 0, 0.005, 0.001, 0.017
Node_Elus9_Elus10_0, 0.006, 0, 0.016, 0.018, 0.006, 0, 0.006, 0.001, 0.017
Node_Erem4_Erem5_0, 0.005, 0, 0.014, 0.012, 0.004, 0, 0.005, 0.002, 0.013
Node_Erem6_Erem2_0, 0.014, 0, 0.079, 0.028, 0.014, 0, 0.014, 0.011, 0.005
Node_Erem6_Erem3_0, 0.005, 0, 0.021, 0.024, 0.005, 0, 0.005, 0.002, 0.012
Node_Erem6_Erem4_0, 0.006, 0, 0.013, 0.013, 0.006, 0, 0.006, 0.003, 0.014
Node_FCPU1_FCPU2_0, 1.015, 0.003, 0.054, 0.319, 0.999, 0, 1.015, 0.151, 0.88
Node_Ferm1_Eise4_0, 0.022, 0, 0.033, 0.032, 0.022, 0, 0.022, 0.016, 0.009
Node_Ferm1_GemmA1_0, 0.011, 0, 0.014, 0.017, 0.011, 0, 0.011, 0.009, 0.003
Node_Ferm1_Krum1_0, 0.002, 0, 0.014, 0.009, 0.002, 0, 0.002, 0.001, 0.005
Node_Fibr4_Fibr2_0, 0.003, 0, 0.011, 0.013, 0.003, 0, 0.003, 0.001, 0.01
Node_Fibr4_Fibr3_0, 0.023, 0, 0.019, 0.025, 0.023, 0, 0.023, 0.016, 0.014
Node_Fibr4_Fibr5_0, 0.064, 0, 0.006, 0.023, 0.064, 0, 0.064, 0.019, 0.047
Node_Fibr4_Fibr6_0, 0.004, 0, 0.066, 0.023, 0.004, 0, 0.004, 0.004, 0.006
Node_Fibr5_Fibr1_0, 0.272, 0, 0.009, 0.058, 0.247, 0, 0.272, 0.059, 0.217
Node_FirmA102_FirmA76_0, 0.517, 0.004, 0.302, 1.015, 0.512, 0, 0.517, 0.272, 0.252
Node_FirmA104_FirmA78_0, 0.004, 0, 0.023, 0.024, 0.004, 0, 0.004, 0.002, 0.011
Node_FirmA106_FirmA114_0, 0.013, 0, 0.112, 0.031, 0.013, 0, 0.013, 0.01, 0.013
Node_FirmA109_FirmA77_0, 0.004, 0, 0.015, 0.012, 0.004, 0, 0.004, 0.004, 0.006
Node_FirmA109_FirmA95_0, 0.003, 0.001, 0.014, 0.016, 0.003, 0, 0.003, 0, 0.012
Node_FirmA114_FirmA98_0, 0.008, 0, 0.021, 0.019, 0.008, 0, 0.008, 0.003, 0.016
Node_FirmA11_FirmA67_0, 0.015, 0, 0.024, 0.025, 0.015, 0, 0.015, 0.014, 0.005
Node_FirmA12_FirmA93_0, 0.558, 0, 0.009, 0.091, 0.554, 0, 0.558, 0.478, 0.083
Node_FirmA14_FirmA113_0, 0.001, 0, 0.011, 0.011, 0.001, 0, 0.001, 0.001, 0.009
Node_FirmA18_FirmA103_0, 0.283, 0, 0.019, 0.268, 0.283, 0, 0.283, 0.034, 0.263
Node_FirmA20_FirmA100_0, 0.005, 0, 0.01, 0.013, 0.005, 0, 0.005, 0.003, 0.01
Node_FirmA20_FirmA24_0, 0.03, 0, 0.137, 0.062, 0.03, 0, 0.03, 0.029, 0.006
Node_FirmA20_FirmA25_0, 0.003, 0, 0.014, 0.01, 0.003, 0, 0.003, 0.003, 0.006
Node_FirmA20_FirmA38_0, 0.011, 0, 0.023, 0.013, 0.011, 0, 0.011, 0.009, 0.004
Node_FirmA20_FirmA52_0, 0.005, 0, 0.013, 0.015, 0.005, 0, 0.005, 0, 0.015
Node_FirmA21_FirmA108_0, 0.005, 0, 0.021, 0.022, 0.005, 0, 0.005, 0.002, 0.011
Node_FirmA21_FirmA47_0, 0.001, 0, 0.011, 0.009, 0.001, 0, 0.001, 0, 0.007
Node_FirmA21_FirmA88_0, 0.015, 0, 0.021, 0.021, 0.015, 0, 0.015, 0.008, 0.015
Node_FirmA24_FirmA1_0, 0.01, 0, 0.025, 0.017, 0.01, 0, 0.01, 0.007, 0.005
Node_FirmA24_FirmA8_0, 0.006, 0, 0.019, 0.02, 0.006, 0, 0.006, 0.002, 0.015
Node_FirmA25_FirmA56_0, 0.003, 0, 0.01, 0.012, 0.003, 0, 0.003, 0, 0.01
Node_FirmA26_FirmA102_0, 0.563, 0.005, 0.015, 0.449, 0.527, 0, 0.563, 0.394, 0.162
Node_FirmA26_FirmA2_0, 0.411, 0.008, 0.021, 0.337, 0.388, 0, 0.411, 0.345, 0.054
Node_FirmA26_FirmA41_0, 1.043, 0.001, 0.015, 0.167, 0.925, 0, 1.043, 0.888, 0.16
Node_FirmA26_FirmA7_0, 0.897, 0.008, 0.026, 0.182, 0.842, 0, 0.897, 0.541, 0.352
Node_FirmA27_FirmA71_0, 0.004, 0, 0.02, 0.013, 0.004, 0, 0.004, 0.001, 0.012
Node_FirmA27_FirmA89_0, 0.012, 0, 0.011, 0.01, 0.012, 0, 0.012, 0.007, 0.009
Node_FirmA28_FirmA94_0, 0.008, 0, 0.005, 0.011, 0.008, 0, 0.008, 0.002, 0.01
Node_FirmA29_FirmA51_0, 0.005, 0, 0.005, 0.009, 0.005, 0, 0.005, 0.001, 0.008
Node_FirmA38_FirmA32_0, 0.002, 0, 0.014, 0.013, 0.002, 0, 0.002, 0.001, 0.005
Node_FirmA43_FirmA39_0, 0.004, 0, 0.013, 0.015, 0.004, 0, 0.004, 0, 0.017
Node_FirmA45_FirmA40_0, 0.004, 0, 0.015, 0.013, 0.004, 0, 0.004, 0, 0.014
Node_FirmA50_FirmA70_0, 0.007, 0, 0.045, 0.038, 0.007, 0, 0.007, 0.005, 0.016
Node_FirmA52_FirmA107_0, 0.003, 0, 0.013, 0.014, 0.003, 0, 0.003, 0.001, 0.012
Node_FirmA52_FirmA42_0, 0.004, 0, 0.01, 0.008, 0.004, 0, 0.004, 0.002, 0.009
Node_FirmA53_FirmA35_0, 0.005, 0, 0.027, 0.024, 0.005, 0, 0.005, 0, 0.018
Node_FirmA55_FirmA29_0, 0.002, 0, 0.012, 0.014, 0.002, 0, 0.002, 0.001, 0.01
Node_FirmA58_FirmA43_0, 0, 0, 0.023, 0.025, 0, 0, 0, 0, 0.011
Node_FirmA59_FirmA36_0, 0.008, 0, 0.01, 0.019, 0.008, 0, 0.008, 0.003, 0.012
Node_FirmA59_FirmA44_0, 0.006, 0, 0.015, 0.014, 0.006, 0, 0.006, 0.002, 0.01
Node_FirmA59_FirmA48_0, 0, 0, 0.016, 0.013, 0, 0, 0, 0, 0.008
Node_FirmA60_FirmA74_0, 0.007, 0, 0.013, 0.017, 0.007, 0, 0.007, 0, 0.017
Node_FirmA61_FirmA66_0, 0.004, 0, 0.01, 0.009, 0.004, 0, 0.004, 0.001, 0.011
Node_FirmA62_FirmA104_0, 0.016, 0, 0.037, 0.019, 0.014, 0, 0.016, 0.01, 0.011
Node_FirmA62_FirmA58_0, 0.012, 0, 0.014, 0.014, 0.012, 0, 0.012, 0.006, 0.01
Node_FirmA62_FirmA6_0, 0.006, 0, 0.013, 0.018, 0.006, 0, 0.006, 0.003, 0.007
Node_FirmA63_FirmA109_0, 0.013, 0, 0.023, 0.019, 0.013, 0, 0.013, 0.008, 0.011
Node_FirmA63_FirmA10_0, 0.01, 0, 0.015, 0.013, 0.01, 0, 0.01, 0, 0.012
Node_FirmA63_FirmA30_0, 0.003, 0, 0.016, 0.012, 0.003, 0, 0.003, 0.001, 0.009
Node_FirmA63_FirmA45_0, 0.005, 0, 0.012, 0.017, 0.005, 0, 0.005, 0.001, 0.014
Node_FirmA63_FirmA57_0, 0.026, 0, 0.062, 0.051, 0.026, 0, 0.026, 0.023, 0.011
Node_FirmA63_FirmA99_0, 0.025, 0, 0.016, 0.022, 0.025, 0, 0.025, 0.014, 0.015
Node_FirmA64_FirmA33_0, 0.003, 0, 0.01, 0.013, 0.003, 0, 0.003, 0.001, 0.006
Node_FirmA65_FirmA5_0, 0.008, 0, 0.016, 0.017, 0.008, 0, 0.008, 0, 0.019
Node_FirmA65_FirmA64_0, 0.007, 0, 0.013, 0.01, 0.007, 0, 0.007, 0, 0.013
Node_FirmA65_FirmA69_0, 0.007, 0, 0.009, 0.013, 0.007, 0, 0.007, 0.004, 0.009
Node_FirmA65_FirmA97_0, 0.005, 0, 0.009, 0.006, 0.005, 0, 0.005, 0.001, 0.007
Node_FirmA67_FirmA37_0, 0.025, 0, 0.015, 0.017, 0.025, 0, 0.025, 0.016, 0.014
Node_FirmA67_FirmA50_0, 0.036, 0, 0.013, 0.024, 0.036, 0, 0.036, 0.019, 0.024
Node_FirmA67_FirmA79_0, 0.128, 0, 0.006, 0.029, 0.128, 0, 0.128, 0.034, 0.098
Node_FirmA67_FirmA87_0, 0.026, 0, 0.007, 0.019, 0.026, 0, 0.026, 0.013, 0.018
Node_FirmA69_FirmA28_0, 0.003, 0, 0.018, 0.016, 0.003, 0, 0.003, 0, 0.014
Node_FirmA69_FirmA72_0, 0.006, 0, 0.008, 0.006, 0.006, 0, 0.006, 0, 0.011
Node_FirmA72_FirmA73_0, 0.001, 0, 0.012, 0.014, 0.001, 0, 0.001, 0, 0.007
Node_FirmA7_FirmA12_0, 0.484, 0, 0.029, 0.084, 0.483, 0, 0.484, 0.467, 0.027
Node_FirmA7_FirmA90_0, 0.486, 0.002, 0.425, 0.097, 0.481, 0, 0.486, 0.477, 0.012
Node_FirmA80_FirmA34_0, 0.214, 0, 0.014, 0.046, 0.212, 0, 0.214, 0.031, 0.19
Node_FirmA81_FirmA14_0, 0.003, 0, 0.007, 0.009, 0.003, 0, 0.003, 0, 0.008
Node_FirmA81_FirmA19_0, 0.004, 0, 0.007, 0.008, 0.004, 0, 0.004, 0, 0.008
Node_FirmA81_FirmA84_0, 0.02, 0, 0.016, 0.013, 0.02, 0, 0.02, 0.01, 0.014
Node_FirmA81_FirmA92_0, 0.002, 0, 0.025, 0.013, 0.002, 0, 0.002, 0.001, 0.007
Node_FirmA83_FirmA11_0, 0.034, 0, 0.036, 0.021, 0.034, 0, 0.034, 0.03, 0.008
Node_FirmA83_FirmA49_0, 0.004, 0, 0.01, 0.01, 0.004, 0, 0.004, 0, 0.012
Node_FirmA83_FirmA55_0, 0.004, 0, 0.014, 0.018, 0.004, 0, 0.004, 0, 0.011
Node_FirmA83_FirmA59_0, 0.011, 0, 0.02, 0.026, 0.011, 0, 0.011, 0.008, 0.009
Node_FirmA83_FirmA65_0, 0.007, 0, 0.012, 0.011, 0.007, 0, 0.007, 0.004, 0.008
Node_FirmA83_FirmA81_0, 0.022, 0, 0.021, 0.012, 0.021, 0, 0.022, 0.014, 0.009
Node_FirmA83_FirmA86_0, 0.002, 0, 0.008, 0.007, 0.002, 0, 0.002, 0, 0.006
Node_FirmA84_FirmA111_0, 0.048, 0, 0.008, 0.028, 0.048, 0, 0.048, 0.017, 0.036
Node_FirmA84_FirmA16_0, 0.358, 0.002, 0.045, 0.156, 0.352, 0, 0.358, 0.331, 0.031
Node_FirmA84_FirmA20_0, 0.161, 0.001, 0.001, 0.054, 0.16, 0, 0.161, 0.047, 0.113
Node_FirmA84_FirmA26_0, 0.37, 0.011, 0.008, 0.213, 0.356, 0, 0.37, 0.156, 0.206
Node_FirmA84_FirmA46_0, 0.017, 0, 0.073, 0.048, 0.017, 0, 0.017, 0.014, 0.013
Node_FirmA84_FirmA63_0, 0.077, 0, 0.293, 0.122, 0.077, 0, 0.077, 0.07, 0.012
Node_FirmA84_FirmA9_0, 0.007, 0, 0.022, 0.024, 0.007, 0, 0.007, 0.004, 0.012
Node_FirmA85_DTU0X1_0, 0.009, 0, 0.052, 0.021, 0.009, 0, 0.009, 0.006, 0.007
Node_FirmA85_FirmA60_0, 0.003, 0, 0.015, 0.015, 0.003, 0, 0.003, 0.001, 0.009
Node_FirmA85_FirmC13_0, 0.054, 0, 0.017, 0.013, 0.053, 0, 0.054, 0.041, 0.014
Node_FirmA86_FirmA61_0, 0.003, 0, 0.01, 0.008, 0.003, 0, 0.003, 0, 0.011
Node_FirmA87_FirmA106_0, 0.112, 0, 0.012, 0.032, 0.111, 0, 0.112, 0.039, 0.082
Node_FirmA87_FirmA62_0, 0.042, 0, 0.009, 0.009, 0.042, 0, 0.042, 0.03, 0.014
Node_FirmA87_FirmA96_0, 0.037, 0, 0.008, 0.014, 0.037, 0, 0.037, 0.022, 0.019
Node_FirmA88_FirmA101_0, 0.004, 0, 0.014, 0.012, 0.004, 0, 0.004, 0.004, 0.003
Node_FirmA89_FirmA105_0, 0.003, 0, 0.018, 0.016, 0.003, 0, 0.003, 0, 0.016
Node_FirmA89_FirmA110_0, 0.008, 0.001, 0.013, 0.019, 0.008, 0, 0.008, 0.001, 0.017
Node_FirmA89_FirmA21_0, 0.021, 0, 0.009, 0.013, 0.021, 0, 0.021, 0.008, 0.018
Node_FirmA89_FirmA31_0, 0.007, 0, 0.016, 0.018, 0.007, 0, 0.007, 0.005, 0.009
Node_FirmA89_FirmA53_0, 0.014, 0, 0.04, 0.018, 0.014, 0, 0.014, 0.005, 0.016
Node_FirmA89_FirmA68_0, 0.005, 0, 0.017, 0.017, 0.005, 0, 0.005, 0.001, 0.015
Node_FirmA89_FirmA80_0, 0.038, 0, 0.019, 0.023, 0.037, 0, 0.038, 0.012, 0.036
Node_FirmA90_FirmA112_0, 0.021, 0, 0.474, 0.086, 0.021, 0, 0.021, 0.019, 0.009
Node_FirmA92_FirmA54_0, 0.002, 0, 0.008, 0.008, 0.002, 0, 0.002, 0, 0.008
Node_FirmA94_FirmA75_0, 0.005, 0, 0.012, 0.014, 0.005, 0, 0.005, 0.002, 0.009
Node_FirmA96_FirmA27_0, 0.014, 0, 0.029, 0.008, 0.014, 0, 0.014, 0.013, 0.006
Node_FirmA96_FirmA91_0, 0.003, 0, 0.019, 0.016, 0.003, 0, 0.003, 0.002, 0.008
Node_FirmA99_FirmA18_0, 0.039, 0, 0.014, 0.03, 0.039, 0, 0.039, 0.015, 0.028
Node_FirmB16_FirmB13_0, 0.006, 0, 0.016, 0.018, 0.006, 0, 0.006, 0.001, 0.015
Node_FirmB17_FirmB15_0, 0.005, 0, 0.012, 0.013, 0.005, 0, 0.005, 0, 0.013
Node_FirmB2_FirmB11_0, 0.002, 0, 0.011, 0.009, 0.002, 0, 0.002, 0.001, 0.009
Node_FirmB2_FirmB12_0, 0.004, 0, 0.017, 0.016, 0.004, 0, 0.004, 0.001, 0.011
Node_FirmB3_FirmB14_0, 0.005, 0, 0.022, 0.027, 0.005, 0, 0.005, 0.001, 0.02
Node_FirmB4_FirmB17_0, 0.004, 0, 0.016, 0.02, 0.004, 0, 0.004, 0.001, 0.017
Node_FirmB4_FirmB1_0, 0.003, 0, 0.012, 0.01, 0.003, 0, 0.003, 0.001, 0.008
Node_FirmB4_FirmB3_0, 0.007, 0, 0.014, 0.011, 0.007, 0, 0.007, 0.002, 0.01
Node_FirmB6_FirmB7_0, 0.003, 0, 0.015, 0.01, 0.003, 0, 0.003, 0, 0.009
Node_FirmB8_FirmB16_0, 0.007, 0, 0.009, 0.007, 0.007, 0, 0.007, 0.004, 0.005
Node_FirmB8_FirmB4_0, 0.011, 0, 0.016, 0.015, 0.011, 0, 0.011, 0.007, 0.007
Node_FirmB8_FirmB5_0, 0.006, 0.001, 0.013, 0.018, 0.006, 0, 0.006, 0, 0.011
Node_FirmB8_FirmB9_0, 0.02, 0, 0.053, 0.034, 0.02, 0, 0.02, 0.018, 0.007
Node_FirmB9_FirmB10_0, 0.003, 0, 0.016, 0.015, 0.003, 0, 0.003, 0.002, 0.009
Node_FirmB9_FirmB2_0, 0.01, 0, 0.012, 0.017, 0.01, 0, 0.01, 0.005, 0.013
Node_FirmB9_FirmB6_0, 0.009, 0, 0.021, 0.02, 0.009, 0, 0.009, 0.004, 0.01
Node_FirmC10_FirmC14_0, 0.074, 0, 0.864, 0.266, 0.074, 0, 0.074, 0.073, 0.01
Node_FirmC10_FirmC18_0, 0.928, 0.004, 0.105, 0.312, 0.924, 0, 0.928, 0.908, 0.024
Node_FirmC10_FirmC19_0, 1.005, 0.003, 0.197, 0.573, 0.988, 0, 1.005, 0.301, 0.708
Node_FirmC11_FirmC3_0, 0.852, 0, 0.655, 0.091, 0.831, 0, 0.852, 0.802, 0.057
Node_FirmC13_FirmB8_0, 0.066, 0.001, 0.017, 0.027, 0.062, 0, 0.066, 0.053, 0.015
Node_FirmC13_FirmC10_0, 0.491, 0.01, 0.143, 0.206, 0.431, 0, 0.491, 0.248, 0.235
Node_FirmC13_FirmC17_0, 0.46, 0, 0.169, 0.149, 0.41, 0, 0.46, 0.331, 0.138
Node_FirmC13_FirmC5_0, 0.131, 0, 0.011, 0.052, 0.128, 0, 0.131, 0.059, 0.076
Node_FirmC13_FirmC8_0, 0.389, 0.007, 0.005, 0.127, 0.346, 0, 0.389, 0.126, 0.256
Node_FirmC13_Firms33_0, 0.067, 0, 0.007, 0.026, 0.065, 0, 0.067, 0.049, 0.02
Node_FirmC15_FirmC12_0, 0.011, 0, 0.86, 0.041, 0.011, 0, 0.011, 0.005, 0.013
Node_FirmC1_FirmC4_0, 0.06, 0, 0.595, 0.159, 0.059, 0, 0.06, 0.053, 0.02
Node_FirmC6_FirmC16_0, 1, 0, 0.043, 0.122, 0.999, 0, 1, 0.604, 0.408
Node_FirmC6_FirmC1_0, 0.635, 0.001, 0.682, 0.151, 0.621, 0, 0.635, 0.561, 0.089
Node_FirmC8_FirmC11_0, 1.45, 0, 0.329, 0.359, 0.932, 0, 1.45, 0.906, 0.552
Node_FirmC8_FirmC15_0, 0.858, 0.001, 0.7, 0.102, 0.845, 0, 0.858, 0.8, 0.07
Node_FirmC8_FirmC6_0, 1.227, 0.001, 0.034, 0.139, 0.936, 0, 1.227, 0.968, 0.263
Node_FirmC8_FirmC7_0, 1.487, 0, 0.055, 0.073, 0.941, 0, 1.487, 1.403, 0.092
Node_FirmC8_FirmC9_0, 0.997, 0.03, 0.05, 0.156, 0.806, 0, 0.997, 0.343, 0.628
Node_FirmD2_FirmD3_0, 0.13, 0, 0.006, 0.047, 0.13, 0, 0.13, 0.055, 0.08
Node_FirmD4_FirmD2_0, 0.056, 0, 0.018, 0.021, 0.056, 0, 0.056, 0.041, 0.018
Node_FirmE4_FirmE6_0, 0.003, 0, 0.015, 0.01, 0.003, 0, 0.003, 0.001, 0.006
Node_FirmE5_FirmA85_0, 0.057, 0, 0.084, 0.037, 0.056, 0, 0.057, 0.053, 0.007
Node_FirmE5_FirmE3_0, 0.003, 0, 0.021, 0.018, 0.003, 0, 0.003, 0.002, 0.012
Node_FirmE5_FirmE4_0, 0.012, 0, 0.011, 0.006, 0.012, 0, 0.012, 0.006, 0.007
Node_FirmE5_FirmE7_0, 0.016, 0, 0.05, 0.025, 0.016, 0, 0.016, 0.009, 0.009
Node_FirmE7_FirmE1_0, 0.017, 0, 0.024, 0.032, 0.017, 0, 0.017, 0.003, 0.025
Node_FirmE7_FirmE2_0, 0.051, 0, 0.005, 0.017, 0.051, 0, 0.051, 0.015, 0.039
Node_FirmE7_FirmE8_0, 0.234, 0.001, 0.016, 0.08, 0.234, 0, 0.234, 0.047, 0.198
Node_FirmF1_FirmF2_0, 0.109, 0, 0.081, 0.064, 0.109, 0, 0.109, 0.079, 0.038
Node_FirmF1_FirmG6_0, 0.152, 0, 0.031, 0.062, 0.15, 0, 0.152, 0.134, 0.018
Node_FirmF2_FirmF3_0, 0.256, 0, 0.023, 0.078, 0.253, 0, 0.256, 0.099, 0.17
Node_FirmG5_FirmG1_0, 0.008, 0, 0.021, 0.022, 0.008, 0, 0.008, 0.006, 0.007
Node_FirmG5_FirmG2_0, 0.022, 0, 0.092, 0.039, 0.022, 0, 0.022, 0.019, 0.007
Node_FirmG6_FirmE5_0, 0.134, 0, 0.036, 0.057, 0.132, 0, 0.134, 0.12, 0.018
Node_FirmG6_FirmG3_0, 0.019, 0, 0.133, 0.05, 0.019, 0, 0.019, 0.017, 0.007
Node_FirmG6_FirmG4_0, 0.145, 0.001, 0.013, 0.091, 0.144, 0, 0.145, 0.097, 0.05
Node_FirmG6_FirmG5_0, 0.107, 0, 0.052, 0.058, 0.106, 0, 0.107, 0.086, 0.025
Node_Firms11_Firms17_0, 1.006, 0.003, 0.024, 1.014, 1, 0, 1.006, 0.999, 0.016
Node_Firms13_Firms1_0, 0.933, 0, 0.035, 0.02, 0.813, 0, 0.933, 0.758, 0.18
Node_Firms1_Firms10_0, 1.063, 0, 0.174, 0.082, 0.852, 0, 1.063, 0.765, 0.304
Node_Firms20_Firms12_0, 0.261, 0, 0.016, 0.013, 0.261, 0, 0.261, 0.243, 0.026
Node_Firms20_Firms29_0, 0.35, 0, 0.016, 0.016, 0.35, 0, 0.35, 0.256, 0.105
Node_Firms22_Firms27_0, 1.169, 0, 0.025, 0.021, 0.996, 0, 1.169, 1, 0.178
Node_Firms23_Firms18_0, 0.008, 0, 0.02, 0.02, 0.008, 0, 0.008, 0.001, 0.019
Node_Firms24_Firms26_0, 1.008, 0.009, 0.032, 1.012, 1, 0, 1.008, 0.987, 0.017
Node_Firms30_Firms31_0, 0.003, 0, 0.026, 0.017, 0.003, 0, 0.003, 0, 0.014
Node_Firms32_Firms25_0, 0.004, 0, 0.012, 0.014, 0.004, 0, 0.004, 0.001, 0.01
Node_Firms33_FirmA83_0, 0.062, 0, 0.022, 0.015, 0.062, 0, 0.062, 0.048, 0.017
Node_Firms33_FirmD1_0, 0.052, 0, 0.042, 0.029, 0.05, 0, 0.052, 0.016, 0.038
Node_Firms33_FirmD4_0, 0.056, 0, 0.021, 0.027, 0.056, 0, 0.056, 0.044, 0.015
Node_Firms33_Firms11_0, 1.011, 0.004, 0.02, 0.041, 0.999, 0, 1.011, 0.998, 0.011
Node_Firms33_Firms13_0, 0.788, 0.002, 0.007, 0.408, 0.774, 0, 0.788, 0.214, 0.576
Node_Firms33_Firms15_0, 1.002, 0.001, 0.016, 0.598, 0.999, 0, 1.002, 0.999, 0.011
Node_Firms33_Firms16_0, 0.34, 0, 0.671, 0.268, 0.337, 0, 0.34, 0.335, 0.009
Node_Firms33_Firms20_0, 0.251, 0, 0.025, 0.019, 0.25, 0, 0.251, 0.243, 0.018
Node_Firms33_Firms21_0, 0.258, 0, 0.092, 0.055, 0.258, 0, 0.258, 0.255, 0.01
Node_Firms33_Firms22_0, 1.016, 0.002, 0.01, 0.157, 0.998, 0, 1.016, 0.82, 0.202
Node_Firms33_Firms23_0, 0.009, 0, 0.013, 0.019, 0.009, 0, 0.009, 0.002, 0.016
Node_Firms33_Firms28_0, 0.166, 0, 0.016, 0.045, 0.164, 0, 0.166, 0.03, 0.143
Node_Firms33_Firms2_0, 0.01, 0, 0.168, 0.02, 0.01, 0, 0.01, 0.006, 0.012
Node_Firms33_Firms30_0, 0.015, 0.001, 0.258, 0.024, 0.015, 0, 0.015, 0.003, 0.021
Node_Firms33_Firms32_0, 0.006, 0, 0.014, 0.011, 0.006, 0, 0.006, 0.001, 0.01
Node_Firms33_Firms3_0, 0.822, 0, 0.015, 0.034, 0.816, 0, 0.822, 0.776, 0.049
Node_Firms33_Firms5_0, 1.006, 0, 0.006, 0.01, 1, 0, 1.006, 0.999, 0.01
Node_Firms33_Firms6_0, 0.217, 0, 0.057, 0.105, 0.214, 0, 0.217, 0.073, 0.146
Node_Firms33_Firms7_0, 1.002, 0, 0.023, 0.021, 0.997, 0, 1.002, 0.999, 0.014
Node_Firms33_Firms8_0, 0.128, 0.001, 0.015, 0.05, 0.124, 0, 0.128, 0.042, 0.09
Node_Firms33_Firms9_0, 0.039, 0, 0.015, 0.023, 0.039, 0, 0.039, 0.011, 0.039
Node_Firms8_Firms24_0, 1.014, 0.002, 0.013, 0.24, 0.999, 0, 1.014, 0.261, 0.753
Node_Firms8_Firms4_0, 0.272, 0, 0.071, 0.098, 0.27, 0, 0.272, 0.067, 0.215
Node_Gemm2_Gemm4_0, 0.01, 0, 0.018, 0.017, 0.01, 0, 0.01, 0.005, 0.012
Node_Gemm3_Gemm6_0, 0.275, 0, 0.021, 0.07, 0.274, 0, 0.275, 0.068, 0.219
Node_Gemm5_Gemm8_0, 0.121, 0.001, 0.013, 0.053, 0.121, 0, 0.121, 0.034, 0.095
Node_Gemm5_Gemm9_0, 0.022, 0, 0.11, 0.039, 0.022, 0, 0.022, 0.016, 0.011
Node_Gemm9_Gemm2_0, 0.016, 0, 0.018, 0.021, 0.016, 0, 0.016, 0.008, 0.012
Node_Gemm9_Gemm3_0, 0.077, 0, 0.013, 0.032, 0.076, 0, 0.077, 0.019, 0.066
Node_Gemm9_Gemm7_0, 0.024, 0, 0.012, 0.008, 0.024, 0, 0.024, 0.007, 0.02
Node_Gold1_FCPU1_0, 0.186, 0.001, 0.042, 0.084, 0.179, 0, 0.186, 0.053, 0.138
Node_Gold1_Fire1_0, 0.089, 0, 0.147, 0.125, 0.086, 0, 0.089, 0.067, 0.028
Node_Gold1_Gold2_0, 0.198, 0, 0.173, 0.147, 0.196, 0, 0.198, 0.037, 0.185
Node_Hydr2_Abys1_0, 1.351, 0.001, 0.772, 1.118, 0.923, 0, 1.351, 1.179, 0.171
Node_Hydr2_Hydr1_0, 1.058, 0.001, 0.454, 0.451, 1, 0, 1.058, 0.911, 0.16
Node_Hydr2_Plan43_0, 2.033, 0.619, 0.026, 1.617, 0.995, 0.001, 2.033, 0.84, 0.072
Node_Hydr2_Sume1_0, 1.951, 0.02, 0.145, 1.514, 0.994, 0, 1.951, 1.879, 0.043
Node_KSB1X2_KSB1X4_0, 0.001, 0, 0.011, 0.014, 0.001, 0, 0.001, 0, 0.006
Node_KSB1X3_KSB1X1_0, 0.005, 0, 0.014, 0.016, 0.005, 0, 0.005, 0.002, 0.011
Node_Late1_Late3_0, 1.001, 0.004, 0.006, 0.315, 0.998, 0, 1.001, 0.174, 0.828
Node_Late2_Late1_0, 0.175, 0.001, 0.007, 0.045, 0.175, 0, 0.175, 0.031, 0.145
Node_Lind1_Lind2_0, 0.443, 0.002, 0.571, 0.469, 0.384, 0, 0.443, 0.161, 0.288
Node_Lind1_Lind4_0, 0.724, 0.004, 0.084, 0.434, 0.689, 0, 0.724, 0.7, 0.019
Node_Marg1_Marg2_0, 0.087, 0, 0.107, 0.065, 0.084, 0, 0.087, 0.059, 0.033
Node_Marg1_Marg6_0, 0.007, 0, 0.084, 0.035, 0.007, 0, 0.007, 0.007, 0.004
Node_Marg2_Marg7_0, 0.276, 0, 0.032, 0.079, 0.274, 0, 0.276, 0.061, 0.221
Node_Mari3_Mari2_0, 0.005, 0, 0.008, 0.011, 0.005, 0, 0.005, 0.002, 0.009
Node_Mari3_Mari6_0, 0.004, 0, 0.009, 0.008, 0.004, 0, 0.004, 0.001, 0.008
Node_Mari6_Mari1_0, 0.007, 0, 0.018, 0.022, 0.007, 0, 0.007, 0.001, 0.022
Node_Mari6_Mari5_0, 0.003, 0, 0.008, 0.006, 0.003, 0, 0.003, 0, 0.007
Node_Meth2_Meth1_0, 1.064, 0.001, 0.806, 0.343, 0.998, 0, 1.064, 0.106, 0.976
Node_Meth4_Meth3_0, 1.004, 0, 0.015, 0.013, 1, 0, 1.004, 0.999, 0.011
Node_Meth5_Meth2_0, 0.893, 0.001, 0.018, 0.106, 0.852, 0, 0.893, 0.816, 0.081
Node_Meth5_Meth4_0, 1.008, 0.001, 0.067, 0.109, 1, 0, 1.008, 0.845, 0.181
Node_Meth5_NitsA1_0, 1, 0.001, 0.082, 0.145, 0.934, 0, 1, 0.967, 0.033
Node_Meth5_SZUA1_0, 0.829, 0, 0.013, 0.077, 0.815, 0, 0.829, 0.814, 0.017
Node_Meth5_Sche1_0, 0.825, 0.001, 0.192, 0.124, 0.811, 0, 0.825, 0.81, 0.016
Node_MyxA1_MyxA2_0, 1.071, 0, 0.071, 0.063, 0.994, 0, 1.071, 1.003, 0.073
Node_MyxA1_MyxA4_0, 1.069, 0.002, 0.212, 0.538, 0.988, 0, 1.069, 0.28, 0.791
Node_MyxA2_MyxA3_0, 1.008, 0.002, 0.087, 0.036, 1, 0, 1.008, 0.996, 0.022
Node_Myxo10_Bdell6_0, 0.877, 0.003, 0.094, 0.291, 0.804, 0, 0.877, 0.824, 0.05
Node_Myxo10_MyxA1_0, 0.488, 0.002, 0.541, 0.378, 0.432, 0, 0.488, 0.336, 0.15
Node_Myxo10_Myxo11_0, 0.183, 0, 0.343, 0.205, 0.179, 0, 0.183, 0.148, 0.038
Node_Myxo10_Myxo14_0, 0.208, 0.005, 0.097, 0.124, 0.199, 0, 0.208, 0.086, 0.117
Node_Myxo10_Myxo15_0, 0.023, 0, 0.365, 0.043, 0.022, 0, 0.023, 0.018, 0.011
Node_Myxo10_Myxo17_0, 0.377, 0.029, 0.075, 0.173, 0.334, 0, 0.377, 0.135, 0.215
Node_Myxo11_Bdell13_0, 0.048, 0, 0.14, 0.076, 0.048, 0, 0.048, 0.045, 0.005
Node_Myxo11_Myxo13_0, 0.009, 0, 0.022, 0.025, 0.009, 0, 0.009, 0.005, 0.015
Node_Myxo11_Myxo8_0, 0.016, 0, 0.039, 0.033, 0.016, 0, 0.016, 0.013, 0.007
Node_Myxo14_Myxo2_0, 0.507, 0.005, 0.013, 0.272, 0.489, 0, 0.507, 0.223, 0.284
Node_Myxo14_Myxo3_0, 0.124, 0, 0.134, 0.103, 0.121, 0, 0.124, 0.075, 0.05
Node_Myxo14_Myxo5_0, 1.036, 0.009, 0.044, 1.104, 0.993, 0, 1.036, 0.469, 0.564
Node_Myxo14_Myxo6_0, 1.203, 0, 0.018, 0.059, 0.994, 0, 1.203, 1.03, 0.185
Node_Myxo14_Myxo9_0, 0.231, 0, 0.022, 0.115, 0.229, 0, 0.231, 0.107, 0.129
Node_Myxo15_Myxo18_0, 0.008, 0, 0.026, 0.027, 0.008, 0, 0.008, 0.004, 0.011
Node_Myxo17_Myxo19_0, 1.68, 0.607, 0.03, 0.11, 0.997, 0, 1.68, 0.213, 0.726
Node_Myxo2_Myxo1_0, 0.457, 0, 0.169, 0.058, 0.453, 0, 0.457, 0.347, 0.119
Node_Myxo8_Myxo7_0, 0.004, 0, 0.023, 0.015, 0.004, 0, 0.004, 0.003, 0.011
Node_Nitr10_Nitr3_0, 1.01, 0.002, 0.014, 0.02, 1, 0, 1.01, 1, 0.013
Node_Nitr10_Nitr4_0, 1.009, 0.001, 0.123, 0.023, 0.999, 0, 1.009, 0.93, 0.085
Node_Nitr10_Nitr6_0, 1.007, 0.002, 0.018, 0.014, 1, 0, 1.007, 0.999, 0.013
Node_Nitr14_CG294X1_0, 0.711, 0, 0.346, 0.103, 0.694, 0, 0.711, 0.706, 0.009
Node_Nitr14_Meth5_0, 1.048, 0.004, 0.085, 0.134, 0.982, 0, 1.048, 1.02, 0.022
Node_Nitr14_Nitr12_0, 0.006, 0, 0.01, 0.01, 0.006, 0, 0.006, 0.002, 0.011
Node_Nitr14_Nitr13_0, 0.007, 0, 0.012, 0.014, 0.007, 0, 0.007, 0.003, 0.008
Node_Nitr14_Nitr15_0, 0.709, 0.002, 0.032, 0.117, 0.69, 0, 0.709, 0.684, 0.028
Node_Nitr14_Nitr16_0, 0.005, 0, 0.01, 0.011, 0.005, 0, 0.005, 0.002, 0.008
Node_Nitr14_Nitr2_0, 0.011, 0, 0.047, 0.035, 0.011, 0, 0.011, 0.01, 0.005
Node_Nitr14_Nitr9_0, 0.053, 0, 0.661, 0.082, 0.053, 0, 0.053, 0.05, 0.005
Node_Nitr15_Nitr10_0, 1.046, 0.001, 0.257, 0.209, 0.997, 0, 1.046, 0.774, 0.274
Node_Nitr15_Nitr1_0, 0.824, 0.01, 0.013, 0.116, 0.744, 0, 0.824, 0.692, 0.118
Node_Nitr15_Nitr8_0, 1.028, 0, 0.016, 0.218, 0.803, 0, 1.028, 0.813, 0.22
Node_Nitr16_Nitr11_0, 0.002, 0, 0.023, 0.02, 0.002, 0, 0.002, 0, 0.016
Node_Nitr16_Nitr17_0, 0.009, 0, 0.018, 0.017, 0.009, 0, 0.009, 0, 0.022
Node_Nitr17_Nitr5_0, 0.005, 0, 0.02, 0.025, 0.005, 0, 0.005, 0.001, 0.016
Node_Nitr9_Nitr7_0, 0.006, 0, 0.055, 0.042, 0.006, 0, 0.006, 0.006, 0.008
Node_Nits1_Nits3_0, 1.002, 0, 0.018, 0.013, 0.999, 0, 1.002, 0.362, 0.646
Node_Nits4_Nits2_0, 0.012, 0, 0.312, 0.081, 0.012, 0, 0.012, 0.008, 0.014
Node_NitsA1_NitsA2_0, 1.02, 0.002, 0.341, 0.311, 0.999, 0, 1.02, 0.3, 0.735
Node_NitsA1_NitsA3_0, 0.624, 0, 0.499, 0.271, 0.558, 0, 0.624, 0.503, 0.123
Node_NitsA3_Nits1_0, 0.374, 0, 0.037, 0.049, 0.37, 0, 0.374, 0.279, 0.101
Node_NitsA3_Nits4_0, 0.31, 0, 0.356, 0.163, 0.309, 0, 0.31, 0.275, 0.042
Node_Omni4_Omni2_0, 1.207, 0.003, 0.053, 0.468, 0.999, 0, 1.207, 0.133, 1.09
Node_Omni4_Omni3_0, 0.266, 0, 0.803, 0.513, 0.244, 0, 0.266, 0.243, 0.024
Node_Omni4_Omni7_0, 0.167, 0.001, 0.18, 0.196, 0.158, 0, 0.167, 0.089, 0.08
Node_Omni4_Omni8_0, 1.045, 0.001, 0.875, 0.616, 0.878, 0, 1.045, 1.023, 0.021
Node_Omni8_Omni6_0, 1.114, 0.003, 0.164, 0.651, 0.909, 0, 1.114, 0.882, 0.23
Node_P4572X1_Ferm1_0, 0.046, 0, 0.058, 0.03, 0.045, 0, 0.046, 0.034, 0.013
Node_P4572X1_Gemm5_0, 0.038, 0, 0.029, 0.03, 0.037, 0, 0.038, 0.019, 0.021
Node_Pate13_Pate34_0, 0.005, 0, 0.008, 0.013, 0.005, 0, 0.005, 0, 0.009
Node_Pate13_Pate6_0, 0.004, 0, 0.011, 0.014, 0.004, 0, 0.004, 0, 0.01
Node_Pate14_Pate35_0, 0.002, 0, 0.006, 0.006, 0.002, 0, 0.002, 0, 0.008
Node_Pate14_Pate5_0, 0, 0, 0.009, 0.011, 0, 0, 0, 0, 0.006
Node_Pate15_Pate29_0, 0.007, 0.001, 0.016, 0.029, 0.007, 0, 0.007, 0.002, 0.019
Node_Pate17_Pate18_0, 0.002, 0, 0.006, 0.007, 0.002, 0, 0.002, 0.002, 0.003
Node_Pate17_Pate19_0, 0.005, 0, 0.003, 0.004, 0.005, 0, 0.005, 0.003, 0.003
Node_Pate17_Pate8_0, 0.004, 0, 0.008, 0.009, 0.004, 0, 0.004, 0.001, 0.01
Node_Pate18_Pate38_0, 0.002, 0, 0.013, 0.012, 0.002, 0, 0.002, 0.001, 0.009
Node_Pate18_Pate9_0, 0.006, 0, 0.004, 0.009, 0.006, 0, 0.006, 0.001, 0.008
Node_Pate19_Pate37_0, 0.004, 0, 0.008, 0.012, 0.004, 0, 0.004, 0.001, 0.007
Node_Pate19_Pate4_0, 0.005, 0, 0.003, 0.002, 0.005, 0, 0.005, 0.004, 0.003
Node_Pate1_Pate50_0, 0.005, 0, 0.005, 0.005, 0.005, 0, 0.005, 0.003, 0.004
Node_Pate21_Pate15_0, 0.003, 0, 0.005, 0.004, 0.003, 0, 0.003, 0.001, 0.005
Node_Pate21_Pate26_0, 0.003, 0, 0.004, 0.004, 0.003, 0, 0.003, 0.001, 0.003
Node_Pate24_Pate13_0, 0.005, 0, 0.001, 0.002, 0.005, 0, 0.005, 0.002, 0.003
Node_Pate24_Pate14_0, 0.003, 0, 0.006, 0.007, 0.003, 0, 0.003, 0, 0.007
Node_Pate24_Pate39_0, 0.005, 0, 0.012, 0.016, 0.005, 0, 0.005, 0.002, 0.009
Node_Pate24_Pate54_0, 0.008, 0, 0, 0.003, 0.008, 0, 0.008, 0.005, 0.003
Node_Pate25_Pate17_0, 0.005, 0, 0.01, 0.013, 0.005, 0, 0.005, 0.004, 0.007
Node_Pate25_Pate28_0, 0.004, 0, 0.005, 0.006, 0.004, 0, 0.004, 0, 0.004
Node_Pate25_Pate32_0, 0.008, 0, 0.007, 0.005, 0.008, 0, 0.008, 0.007, 0.001
Node_Pate26_Pate12_0, 0, 0, 0.011, 0.019, 0, 0, 0, 0, 0.008
Node_Pate40_Pate24_0, 0.002, 0, 0.008, 0.008, 0.002, 0, 0.002, 0.001, 0.003
Node_Pate40_Pate55_0, 0.001, 0, 0.005, 0.008, 0.001, 0, 0.001, 0.001, 0.004
Node_Pate40_Pate7_0, 0.007, 0, 0.003, 0.009, 0.007, 0, 0.007, 0.003, 0.006
Node_Pate43_Pate22_0, 0.002, 0, 0.005, 0.005, 0.002, 0, 0.002, 0.001, 0.002
Node_Pate43_Pate3_0, 0.004, 0, 0.004, 0.009, 0.004, 0, 0.004, 0.001, 0.006
Node_Pate43_Pate44_0, 0.002, 0, 0.007, 0.007, 0.002, 0, 0.002, 0, 0.005
Node_Pate43_Pate45_0, 0.005, 0, 0.011, 0.012, 0.005, 0, 0.005, 0.005, 0.003
Node_Pate43_Pate57_0, 0.005, 0, 0.008, 0.01, 0.005, 0, 0.005, 0, 0.011
Node_Pate44_Pate10_0, 0.005, 0, 0.011, 0.011, 0.005, 0, 0.005, 0.003, 0.006
Node_Pate44_Pate52_0, 0.01, 0, 0.002, 0.004, 0.01, 0, 0.01, 0.002, 0.01
Node_Pate45_Pate11_0, 0.004, 0, 0.004, 0.003, 0.004, 0, 0.004, 0.001, 0.004
Node_Pate45_Pate21_0, 0.004, 0, 0.006, 0.005, 0.004, 0, 0.004, 0.001, 0.005
Node_Pate46_Pate25_0, 0.014, 0, 0.018, 0.018, 0.014, 0, 0.014, 0.012, 0.004
Node_Pate48_Chlo30_0, 0.146, 0.002, 0.031, 0.051, 0.139, 0, 0.146, 0.118, 0.026
Node_Pate48_Pate1_0, 0.006, 0, 0.003, 0.008, 0.006, 0, 0.006, 0.001, 0.008
Node_Pate48_Pate23_0, 0.04, 0, 0.111, 0.073, 0.039, 0, 0.04, 0.037, 0.005
Node_Pate48_Pate30_0, 0.003, 0, 0.004, 0.002, 0.003, 0, 0.003, 0.001, 0.003
Node_Pate48_Pate40_0, 0.004, 0, 0.011, 0.005, 0.004, 0, 0.004, 0.002, 0.002
Node_Pate48_Pate43_0, 0.013, 0, 0.018, 0.022, 0.013, 0, 0.013, 0.01, 0.003
Node_Pate48_Pate46_0, 0.028, 0, 0.017, 0.016, 0.027, 0, 0.028, 0.025, 0.005
Node_Pate48_Pate49_0, 0.005, 0, 0.008, 0.01, 0.005, 0, 0.005, 0.002, 0.007
Node_Pate48_Pate51_0, 0.004, 0, 0.007, 0.009, 0.004, 0, 0.004, 0.001, 0.006
Node_Pate48_Pate56_0, 0.001, 0, 0.005, 0.007, 0.001, 0, 0.001, 0, 0.003
Node_Pate49_Pate41_0, 0.005, 0, 0.008, 0.01, 0.005, 0, 0.005, 0.003, 0.008
Node_Pate51_Pate27_0, 0.004, 0, 0.015, 0.014, 0.004, 0, 0.004, 0, 0.013
Node_Pate51_Pate33_0, 0.002, 0, 0.005, 0.006, 0.002, 0, 0.002, 0.002, 0.003
Node_Pate51_Pate53_0, 0.006, 0, 0.007, 0.008, 0.006, 0, 0.006, 0.001, 0.011
Node_Pate54_Pate31_0, 0.004, 0, 0.012, 0.011, 0.004, 0, 0.004, 0.002, 0.008
Node_Pate9_Pate36_0, 0.005, 0, 0.009, 0.01, 0.005, 0, 0.005, 0.001, 0.008
Node_Plan17_Plan23_0, 0.005, 0, 0.022, 0.023, 0.005, 0, 0.005, 0.003, 0.015
Node_Plan22_Plan2_0, 0.988, 0.006, 0.036, 0.163, 0.82, 0, 0.988, 0.641, 0.357
Node_Plan22_Plan4_0, 0.661, 0.002, 0.106, 0.144, 0.621, 0, 0.661, 0.576, 0.088
Node_Plan26_Plan21_0, 0.756, 0.002, 0.244, 0.366, 0.666, 0, 0.756, 0.659, 0.1
Node_Plan26_Plan5_0, 0.355, 0, 0.607, 0.283, 0.331, 0, 0.355, 0.155, 0.206
Node_Plan30_Plan14_0, 0.033, 0.001, 0.115, 0.09, 0.033, 0, 0.033, 0.03, 0.008
Node_Plan31_Plan17_0, 0.012, 0, 0.026, 0.023, 0.012, 0, 0.012, 0.01, 0.006
Node_Plan31_Plan18_0, 0.248, 0, 0.757, 0.535, 0.234, 0, 0.248, 0.245, 0.005
Node_Plan31_Plan27_0, 0.032, 0, 0.06, 0.06, 0.032, 0, 0.032, 0.03, 0.002
Node_Plan31_Plan39_0, 0.09, 0, 0.166, 0.175, 0.089, 0, 0.09, 0.087, 0.008
Node_Plan32_Plan12_0, 0.02, 0, 0.05, 0.065, 0.02, 0, 0.02, 0.015, 0.016
Node_Plan32_Plan22_0, 0.677, 0, 0.241, 0.234, 0.607, 0, 0.677, 0.661, 0.02
Node_Plan32_Plan26_0, 0.898, 0.006, 0.559, 0.498, 0.706, 0, 0.898, 0.529, 0.363
Node_Plan32_Plan30_0, 0.139, 0, 0.55, 0.21, 0.136, 0, 0.139, 0.134, 0.012
Node_Plan32_Plan3_0, 0.054, 0, 0.102, 0.086, 0.054, 0, 0.054, 0.047, 0.017
Node_Plan33_Plan44_0, 0.102, 0, 0.859, 0.432, 0.097, 0, 0.102, 0.099, 0.006
Node_Plan42_Plan40_0, 1.19, 0.001, 0.431, 0.425, 1, 0, 1.19, 0.951, 0.248
Node_Plan43_Plan16_0, 1.393, 0.177, 0.052, 0.408, 0.875, 0, 1.393, 0.786, 0.313
Node_Plan43_Plan31_0, 1, 0.005, 0.123, 0.362, 0.721, 0, 1, 0.947, 0.045
Node_Plan43_Plan32_0, 1.088, 0.008, 0.078, 0.312, 0.754, 0, 1.088, 0.919, 0.158
Node_Plan43_Plan33_0, 0.955, 0.016, 0.225, 0.39, 0.721, 0, 0.955, 0.853, 0.076
Node_Plan43_Plan42_0, 1.372, 0.002, 0.322, 0.185, 0.998, 0, 1.372, 1.078, 0.299
Node_Plan43_Plan7_0, 1.073, 0.006, 0.911, 0.553, 0.751, 0, 1.073, 1.046, 0.019
Node_Plan43_Verr11_0, 1.959, 0.016, 0.114, 0.499, 0.981, 0, 1.959, 1.904, 0.024
Node_Pori1_Pori2_0, 1.049, 0.004, 0.446, 0.845, 0.995, 0, 1.049, 0.073, 0.984
Node_ProtA11_ProtA32_0, 0.766, 0, 0.007, 0.055, 0.655, 0, 0.766, 0.496, 0.273
Node_ProtA12_ProtA44_0, 0.005, 0, 0.01, 0.011, 0.005, 0, 0.005, 0.001, 0.011
Node_ProtA12_ProtA54_0, 0.003, 0, 0.009, 0.008, 0.003, 0, 0.003, 0.002, 0.007
Node_ProtA13_ProtA24_0, 0.626, 0.001, 0.023, 0.049, 0.569, 0, 0.626, 0.515, 0.118
Node_ProtA13_ProtA61_0, 0.242, 0, 0.52, 0.046, 0.232, 0, 0.242, 0.118, 0.136
Node_ProtA13_ProtA77_0, 1.424, 0.004, 0.151, 0.166, 0.971, 0, 1.424, 1.072, 0.348
Node_ProtA13_ProtA7_0, 0.53, 0, 0.932, 0.049, 0.486, 0, 0.53, 0.495, 0.038
Node_ProtA15_ProtA42_0, 0.549, 0, 0.061, 0.106, 0.465, 0, 0.549, 0.291, 0.266
Node_ProtA15_ProtA70_0, 0.344, 0, 0.669, 0.136, 0.31, 0, 0.344, 0.289, 0.061
Node_ProtA16_ProtA33_0, 0.115, 0, 0.905, 0.312, 0.113, 0, 0.115, 0.108, 0.008
Node_ProtA16_ProtA66_0, 0.06, 0, 0.11, 0.061, 0.06, 0, 0.06, 0.014, 0.055
Node_ProtA16_ProtA69_0, 1.093, 0.003, 0.069, 0.079, 0.996, 0, 1.093, 1.06, 0.033
Node_ProtA16_ProtA8_0, 1.012, 0.002, 0.099, 0.303, 0.992, 0, 1.012, 1.001, 0.016
Node_ProtA18_ProtA10_0, 0.369, 0.001, 0.023, 0.077, 0.342, 0, 0.369, 0.047, 0.329
Node_ProtA18_ProtA19_0, 0.429, 0.004, 0.086, 0.087, 0.419, 0, 0.429, 0.376, 0.052
Node_ProtA18_ProtA29_0, 0.062, 0, 0.078, 0.056, 0.06, 0, 0.062, 0.015, 0.048
Node_ProtA18_ProtA53_0, 0.092, 0, 0.343, 0.098, 0.092, 0, 0.092, 0.087, 0.006
Node_ProtA19_ProtA14_0, 0.945, 0.012, 0.015, 0.049, 0.899, 0, 0.945, 0.873, 0.054
Node_ProtA19_ProtA20_0, 0.598, 0.004, 0.017, 0.105, 0.574, 0, 0.598, 0.413, 0.182
Node_ProtA19_ProtA3_0, 1.069, 0.007, 0.017, 0.055, 1, 0, 1.069, 0.931, 0.134
Node_ProtA19_ProtA46_0, 1.014, 0, 0.058, 0.05, 1, 0, 1.014, 0.989, 0.035
Node_ProtA19_ProtA49_0, 1.01, 0.001, 0.018, 0.016, 1, 0, 1.01, 1.003, 0.013
Node_ProtA19_ProtA56_0, 0.593, 0.014, 0.223, 0.318, 0.57, 0, 0.593, 0.373, 0.204
Node_ProtA19_ProtA68_0, 1.004, 0, 0.09, 0.026, 0.977, 0, 1.004, 0.987, 0.025
Node_ProtA19_ProtA74_0, 1.037, 0.029, 0.055, 0.648, 0.993, 0, 1.037, 0.931, 0.059
Node_ProtA19_ProtA75_0, 0.894, 0.004, 0.019, 0.025, 0.868, 0, 0.894, 0.574, 0.316
Node_ProtA20_ProtA11_0, 0.5, 0, 0.159, 0.102, 0.475, 0, 0.5, 0.445, 0.061
Node_ProtA20_ProtA5_0, 0.015, 0, 0.497, 0.051, 0.015, 0, 0.015, 0.011, 0.012
Node_ProtA26_ProtA37_0, 0.006, 0, 0.018, 0.012, 0.006, 0, 0.006, 0.003, 0.006
Node_ProtA26_ProtA45_0, 0.018, 0, 0.071, 0.05, 0.018, 0, 0.018, 0.016, 0.007
Node_ProtA27_ProtA21_0, 0.006, 0, 0.025, 0.012, 0.006, 0, 0.006, 0.004, 0.006
Node_ProtA30_ProtA35_0, 0.003, 0, 0.014, 0.014, 0.003, 0, 0.003, 0.001, 0.01
Node_ProtA34_Acid38_0, 0.996, 0.008, 0.037, 0.199, 0.965, 0, 0.996, 0.974, 0.012
Node_ProtA34_Chry1_0, 1.013, 0.007, 0.065, 0.211, 0.972, 0, 1.013, 0.993, 0.008
Node_ProtA34_DesuB4_0, 1.121, 0.013, 0.071, 0.718, 0.969, 0, 1.121, 1.081, 0.023
Node_ProtA34_DesuC2_0, 1.115, 0.006, 0.047, 0.377, 0.959, 0, 1.115, 1.072, 0.035
Node_ProtA34_J088X1_0, 1.204, 0.003, 0.013, 0.359, 0.96, 0, 1.204, 1.101, 0.099
Node_ProtA34_Nitr14_0, 1.107, 0.097, 0.022, 0.332, 0.984, 0, 1.107, 0.886, 0.036
Node_ProtA34_ProtA13_0, 1.223, 0.009, 0.028, 0.141, 0.995, 0, 1.223, 1.096, 0.116
Node_ProtA34_ProtA16_0, 1.126, 0.089, 0.101, 0.451, 0.998, 0, 1.126, 0.68, 0.277
Node_ProtA34_ProtA18_0, 0.459, 0.006, 0.013, 0.175, 0.448, 0, 0.459, 0.164, 0.292
Node_ProtA34_ProtA26_0, 0.082, 0, 0.017, 0.054, 0.081, 0, 0.082, 0.036, 0.048
Node_ProtA34_ProtA38_0, 0.861, 0.004, 0.016, 0.197, 0.823, 0, 0.861, 0.445, 0.414
Node_ProtA34_ProtA39_0, 0.174, 0, 0.008, 0.076, 0.173, 0, 0.174, 0.075, 0.1
Node_ProtA34_ProtA40_0, 1.088, 0.006, 0.188, 1.027, 0.997, 0, 1.088, 1.037, 0.047
Node_ProtA34_ProtA43_0, 0.996, 0, 0.101, 0.034, 0.992, 0, 0.996, 0.993, 0.009
Node_ProtA34_ProtA9_0, 0.051, 0, 0.046, 0.043, 0.051, 0, 0.051, 0.031, 0.02
Node_ProtA34_ProtG30_0, 0.74, 0.002, 0.684, 0.515, 0.619, 0, 0.74, 0.521, 0.218
Node_ProtA34_ProtM1_0, 0.17, 0, 0.577, 0.277, 0.163, 0, 0.17, 0.166, 0.007
Node_ProtA34_SAR3X2_0, 1.113, 0.011, 0.028, 0.166, 0.98, 0, 1.113, 1.07, 0.023
Node_ProtA34_SM23X1_0, 1.063, 0.044, 0.025, 0.332, 0.985, 0, 1.063, 0.973, 0.005
Node_ProtA34_Spir10_0, 1.039, 0.033, 0.005, 0.434, 0.984, 0, 1.039, 0.974, 0.002
Node_ProtA34_UBA2X1_0, 1.156, 0.007, 0.02, 0.228, 0.981, 0, 1.156, 1.089, 0.056
Node_ProtA34_Wall1_0, 1.009, 0.027, 0.002, 0.528, 0.984, 0.984, 1.009, 0.957, 0
Node_ProtA34_mitoFungi_0, 0.077, 0, 0.104, 0.082, 0.075, 0, 0.077, 0.07, 0.011
Node_ProtA38_ProtA15_0, 0.952, 0.001, 0.128, 0.132, 0.789, 0, 0.952, 0.743, 0.218
Node_ProtA38_ProtA41_0, 0.38, 0, 0.72, 0.154, 0.372, 0, 0.38, 0.264, 0.122
Node_ProtA38_ProtA64_0, 0.978, 0.001, 0.033, 0.153, 0.809, 0, 0.978, 0.924, 0.058
Node_ProtA39_ProtA12_0, 0.004, 0, 0.01, 0.011, 0.004, 0, 0.004, 0.001, 0.007
Node_ProtA39_ProtA27_0, 0.025, 0, 0.158, 0.056, 0.025, 0, 0.025, 0.022, 0.009
Node_ProtA39_ProtA30_0, 0.007, 0, 0.022, 0.015, 0.007, 0, 0.007, 0.007, 0.004
Node_ProtA39_ProtA36_0, 0.002, 0, 0.008, 0.011, 0.002, 0, 0.002, 0, 0.006
Node_ProtA3_ProtA72_0, 1.054, 0.002, 0.092, 0.279, 1, 0, 1.054, 1.027, 0.033
Node_ProtA3_ProtA76_0, 1.111, 0.026, 0.029, 0.035, 1, 0, 1.111, 1.019, 0.045
Node_ProtA40_ProtA67_0, 1.187, 0, 0.028, 0.027, 0.994, 0, 1.187, 1.064, 0.127
Node_ProtA46_ProtA55_0, 1.006, 0, 0.015, 0.012, 1, 0, 1.006, 1.003, 0.007
Node_ProtA47_ProtA63_0, 1.649, 0.006, 0.365, 0.462, 1, 0, 1.649, 0.907, 0.75
Node_ProtA53_ProtA58_0, 0.064, 0, 0.043, 0.046, 0.064, 0, 0.064, 0.055, 0.015
Node_ProtA56_ProtA52_0, 0.625, 0, 0.132, 0.069, 0.558, 0, 0.625, 0.466, 0.164
Node_ProtA68_ProtA2_0, 1.051, 0.001, 0.091, 0.039, 0.942, 0, 1.051, 0.93, 0.137
Node_ProtA69_ProtA50_0, 1.179, 0, 0.039, 0.575, 0.977, 0, 1.179, 1.056, 0.125
Node_ProtA70_ProtA57_0, 0.014, 0, 0.341, 0.046, 0.014, 0, 0.014, 0.012, 0.011
Node_ProtA76_ProtA47_0, 1.258, 0.003, 0.626, 0.341, 0.811, 0, 1.258, 0.583, 0.683
Node_ProtA76_ProtA48_0, 1.198, 0.003, 0.066, 0.228, 0.98, 0, 1.198, 1.052, 0.15
Node_ProtA76_ProtA62_0, 1.088, 0, 0.382, 0.226, 0.788, 0, 1.088, 0.891, 0.212
Node_ProtA76_ProtA71_0, 1.022, 0, 0.701, 0.111, 1, 0, 1.022, 0.4, 0.635
Node_ProtA77_ProtA31_0, 1.457, 0.002, 0.069, 0.097, 0.979, 0, 1.457, 1.364, 0.1
Node_ProtA77_ProtA51_0, 1.692, 0.001, 0.103, 0.463, 0.968, 0, 1.692, 1.359, 0.337
Node_ProtA9_ProtA60_0, 0.004, 0, 0.053, 0.029, 0.004, 0, 0.004, 0.003, 0.006
Node_ProtG12_ProtG5_0, 0.007, 0, 0.016, 0.015, 0.007, 0, 0.007, 0, 0.015
Node_ProtG16_ProtG17_0, 0.007, 0, 0.071, 0.022, 0.007, 0, 0.007, 0.002, 0.011
Node_ProtG18_ProtG10_0, 0.005, 0, 0.006, 0.005, 0.005, 0, 0.005, 0.001, 0.007
Node_ProtG18_ProtG12_0, 0.008, 0, 0.014, 0.015, 0.008, 0, 0.008, 0.001, 0.017
Node_ProtG18_ProtG14_0, 0.004, 0, 0.016, 0.014, 0.004, 0, 0.004, 0.003, 0.009
Node_ProtG18_ProtG21_0, 0.006, 0, 0.017, 0.023, 0.006, 0, 0.006, 0.001, 0.015
Node_ProtG24_ProtG18_0, 0.011, 0, 1.055, 0.032, 0.011, 0, 0.011, 0.005, 0.01
Node_ProtG25_ProtG9_0, 1.079, 0, 0.068, 0.036, 0.975, 0, 1.079, 0.962, 0.129
Node_ProtG29_ProtG76_0, 0.006, 0, 0.012, 0.011, 0.006, 0, 0.006, 0.002, 0.009
Node_ProtG30_ProtG19_0, 0.008, 0, 0.01, 0.01, 0.008, 0, 0.008, 0.004, 0.011
Node_ProtG30_ProtG31_0, 1.195, 0.002, 0.004, 0.232, 0.973, 0, 1.195, 1.022, 0.17
Node_ProtG30_ProtG34_0, 0.936, 0, 0.265, 0.279, 0.929, 0, 0.936, 0.932, 0.006
Node_ProtG30_ProtG35_0, 0.204, 0, 0.74, 0.294, 0.202, 0, 0.204, 0.198, 0.008
Node_ProtG30_ProtG39_0, 0.007, 0, 0.012, 0.013, 0.007, 0, 0.007, 0.001, 0.018
Node_ProtG30_ProtG42_0, 1.01, 0, 0.072, 0.252, 0.921, 0, 1.01, 0.997, 0.015
Node_ProtG30_ProtG49_0, 0.019, 0, 0.08, 0.022, 0.019, 0, 0.019, 0.017, 0.007
Node_ProtG30_ProtG50_0, 1.027, 0.001, 0.023, 0.227, 0.931, 0, 1.027, 0.994, 0.039
Node_ProtG30_ProtG64_0, 0.001, 0, 0.01, 0.011, 0.001, 0, 0.001, 0, 0.006
Node_ProtG30_ProtG71_0, 0.438, 0.001, 0.721, 0.413, 0.387, 0, 0.438, 0.361, 0.076
Node_ProtG30_ProtG80_0, 0.544, 0.001, 0.113, 0.381, 0.48, 0, 0.544, 0.326, 0.218
Node_ProtG30_ProtG84_0, 0.092, 0, 0.127, 0.065, 0.091, 0, 0.092, 0.079, 0.015
Node_ProtG30_ProtG85_0, 1.067, 0.009, 0.036, 0.74, 0.926, 0, 1.067, 0.512, 0.55
Node_ProtG30_ProtG87_0, 0.005, 0, 0.022, 0.012, 0.005, 0, 0.005, 0.003, 0.008
Node_ProtG30_ProtZ3_0, 1.082, 0.005, 0.066, 0.544, 0.979, 0, 1.082, 1.033, 0.043
Node_ProtG30_ProtZ5_0, 1.1, 0.004, 0.205, 0.414, 0.986, 0, 1.1, 0.538, 0.561
Node_ProtG31_ProtG16_0, 0.067, 0, 0.047, 0.035, 0.066, 0, 0.067, 0.027, 0.046
Node_ProtG31_ProtG32_0, 1.774, 0.002, 0.013, 0.045, 0.994, 0, 1.774, 1.183, 0.59
Node_ProtG31_ProtG36_0, 1.686, 0.003, 0.14, 0.134, 1, 0, 1.686, 1.666, 0.021
Node_ProtG31_ProtG44_0, 0.18, 0, 0.02, 0.031, 0.18, 0, 0.18, 0.052, 0.133
Node_ProtG31_ProtG45_0, 1.802, 0.006, 0.026, 0.076, 1, 0, 1.802, 1.749, 0.048
Node_ProtG31_ProtG47_0, 0.068, 0, 0.954, 0.096, 0.067, 0, 0.068, 0.059, 0.013
Node_ProtG31_ProtG61_0, 1.009, 0.001, 0.695, 0.212, 0.958, 0, 1.009, 0.999, 0.017
Node_ProtG32_ProtG26_0, 1.217, 0, 0.018, 0.011, 0.996, 0, 1.217, 1.06, 0.162
Node_ProtG32_ProtG33_0, 0.869, 0, 0.944, 0.16, 0.804, 0, 0.869, 0.835, 0.039
Node_ProtG32_ProtG37_0, 0.945, 0, 0.032, 0.175, 0.896, 0, 0.945, 0.842, 0.108
Node_ProtG32_ProtG43_0, 1.073, 0, 0.018, 0.302, 0.999, 0, 1.073, 0.933, 0.146
Node_ProtG33_ProtG48_0, 0.107, 0, 0.057, 0.057, 0.103, 0, 0.107, 0.038, 0.078
Node_ProtG33_ProtG67_0, 0.086, 0, 0.804, 0.156, 0.086, 0, 0.086, 0.067, 0.021
Node_ProtG33_ProtG7_0, 0.022, 0, 0.1, 0.038, 0.022, 0, 0.022, 0.016, 0.015
Node_ProtG35_ProtG81_0, 0.023, 0, 0.191, 0.074, 0.023, 0, 0.023, 0.022, 0.01
Node_ProtG36_ProtG20_0, 1.165, 0, 0.018, 0.015, 0.999, 0, 1.165, 1.028, 0.139
Node_ProtG36_ProtG24_0, 1.056, 0, 0.612, 0.067, 0.996, 0, 1.056, 1.045, 0.015
Node_ProtG36_ProtG38_0, 1.653, 0.003, 0.068, 0.716, 0.999, 0, 1.653, 1.62, 0.032
Node_ProtG36_ProtG65_0, 1.044, 0.001, 0.042, 0.026, 1, 0, 1.044, 1.016, 0.029
Node_ProtG37_ProtG41_0, 0.126, 0, 0.029, 0.044, 0.125, 0, 0.126, 0.098, 0.045
Node_ProtG37_ProtG51_0, 0.008, 0, 0.129, 0.024, 0.008, 0, 0.008, 0.003, 0.011
Node_ProtG37_ProtG53_0, 0.182, 0, 0.779, 0.169, 0.178, 0, 0.182, 0.175, 0.016
Node_ProtG37_ProtG8_0, 0.11, 0, 0.083, 0.055, 0.109, 0, 0.11, 0.1, 0.011
Node_ProtG38_ProtG28_0, 1.645, 0.001, 0.029, 0.267, 0.998, 0, 1.645, 1.632, 0.02
Node_ProtG38_ProtG46_0, 0.842, 0, 0.867, 0.462, 0.742, 0, 0.842, 0.785, 0.064
Node_ProtG39_ProtG15_0, 0.009, 0, 0.02, 0.024, 0.009, 0, 0.009, 0, 0.022
Node_ProtG41_ProtG40_0, 0.256, 0, 0.017, 0.066, 0.255, 0, 0.256, 0.121, 0.147
Node_ProtG42_ProtG74_0, 0.143, 0, 0.944, 0.304, 0.141, 0, 0.143, 0.07, 0.077
Node_ProtG43_ProtG55_0, 1.005, 0, 0.081, 0.019, 1, 0, 1.005, 1, 0.013
Node_ProtG44_ProtG22_0, 0.009, 0, 0.183, 0.026, 0.008, 0, 0.009, 0.004, 0.012
Node_ProtG45_ProtG66_0, 1.812, 0.011, 0.037, 0.089, 0.999, 0, 1.812, 1.759, 0.036
Node_ProtG45_ProtG75_0, 1.078, 0.086, 0.972, 0.11, 0.834, 0, 1.078, 0.759, 0.152
Node_ProtG47_ProtG62_0, 0.01, 0, 0.065, 0.024, 0.01, 0, 0.01, 0.009, 0.007
Node_ProtG48_ProtG1_0, 0.319, 0, 0.018, 0.08, 0.311, 0, 0.319, 0.095, 0.23
Node_ProtG48_ProtG25_0, 1.018, 0.001, 0.016, 0.29, 0.966, 0, 1.018, 0.308, 0.714
Node_ProtG48_ProtG6_0, 1.207, 0, 0.01, 0.044, 0.98, 0, 1.207, 1.013, 0.199
Node_ProtG49_ProtG29_0, 0.009, 0, 0.017, 0.013, 0.009, 0, 0.009, 0.005, 0.007
Node_ProtG53_ProtG27_0, 0.021, 0, 0.165, 0.051, 0.02, 0, 0.021, 0.02, 0.004
Node_ProtG53_ProtG70_0, 0.006, 0, 0.03, 0.021, 0.006, 0, 0.006, 0.002, 0.015
Node_ProtG58_ProtG59_0, 1.095, 0.002, 0.376, 0.362, 0.99, 0, 1.095, 1.06, 0.045
Node_ProtG59_ProtG73_0, 0.306, 0, 0.929, 0.333, 0.288, 0, 0.306, 0.176, 0.14
Node_ProtG61_ProtG60_0, 0.009, 0, 0.042, 0.026, 0.009, 0, 0.009, 0.003, 0.016
Node_ProtG61_ProtG72_0, 0.957, 0, 0.068, 0.123, 0.948, 0, 0.957, 0.945, 0.016
Node_ProtG61_ProtG78_0, 0.035, 0, 0.934, 0.117, 0.035, 0, 0.035, 0.031, 0.012
Node_ProtG62_ProtG77_0, 0.003, 0, 0.019, 0.014, 0.003, 0, 0.003, 0.002, 0.012
Node_ProtG65_ProtG69_0, 1.01, 0, 0.048, 0.017, 1, 0, 1.01, 1.004, 0.014
Node_ProtG66_ProtG68_0, 1.016, 0, 0.822, 0.13, 1, 0, 1.016, 1, 0.026
Node_ProtG67_ProtG63_0, 0.013, 0, 0.083, 0.041, 0.013, 0, 0.013, 0.01, 0.01
Node_ProtG80_ProtG57_0, 0.034, 0, 0.519, 0.147, 0.034, 0, 0.034, 0.031, 0.009
Node_ProtG81_ProtG79_0, 0.008, 0, 0.025, 0.016, 0.008, 0, 0.008, 0.005, 0.01
Node_ProtG83_ProtG52_0, 0.214, 0, 0.02, 0.03, 0.214, 0, 0.214, 0.088, 0.137
Node_ProtG83_ProtG89_0, 0.097, 0, 0.044, 0.022, 0.096, 0, 0.097, 0.064, 0.04
Node_ProtG84_ProtG11_0, 0.194, 0, 0.051, 0.069, 0.194, 0, 0.194, 0.056, 0.144
Node_ProtG84_ProtG83_0, 0.101, 0, 0.018, 0.029, 0.1, 0, 0.101, 0.061, 0.046
Node_ProtG84_ProtG90_0, 0.073, 0, 0.041, 0.03, 0.072, 0, 0.073, 0.058, 0.022
Node_ProtG85_ProtG56_0, 1.492, 0, 0.062, 0.136, 0.977, 0, 1.492, 1.358, 0.142
Node_ProtG85_ProtG58_0, 1.424, 0.352, 0.097, 0.729, 0.997, 0, 1.424, 0.639, 0.102
Node_ProtG85_ProtG86_0, 0.985, 0, 0.524, 0.094, 0.946, 0, 0.985, 0.975, 0.017
Node_ProtG85_ProtG88_0, 1.412, 0.001, 0.072, 0.094, 0.998, 0, 1.412, 1.355, 0.059
Node_ProtG85_ProtG91_0, 0.957, 0, 0.056, 0.041, 0.948, 0, 0.957, 0.942, 0.028
Node_ProtG86_ProtG82_0, 0.01, 0, 0.996, 0.045, 0.01, 0, 0.01, 0.007, 0.021
Node_ProtG87_ProtG3_0, 0.004, 0, 0.015, 0.017, 0.004, 0, 0.004, 0.002, 0.011
Node_ProtG87_ProtG4_0, 0.008, 0, 0.007, 0.007, 0.008, 0, 0.008, 0.002, 0.01
Node_ProtG89_ProtG13_0, 0.007, 0, 0.099, 0.014, 0.007, 0, 0.007, 0.001, 0.009
Node_ProtG90_ProtG54_0, 0.005, 0, 0.08, 0.026, 0.005, 0, 0.005, 0.003, 0.012
Node_ProtM1_ProtM2_0, 0.003, 0, 0.037, 0.03, 0.003, 0, 0.003, 0.002, 0.008
Node_ProtM1_ProtM3_0, 0.032, 0, 0.151, 0.091, 0.032, 0, 0.032, 0.029, 0.013
Node_ProtZ1_ProtZ4_0, 1.022, 0.001, 0.016, 0.015, 1, 0, 1.022, 1.009, 0.021
Node_ProtZ3_ProtZ1_0, 1.016, 0.003, 0.038, 0.176, 1, 0, 1.016, 0.984, 0.042
Node_ProtZ3_ProtZ2_0, 1.009, 0.009, 0.123, 0.521, 0.979, 0, 1.009, 0.974, 0.041
Node_SAR3X2_BMS3X1_0, 0.167, 0.001, 0.962, 0.356, 0.159, 0, 0.167, 0.153, 0.015
Node_SAR3X2_SAR3X1_0, 0.286, 0, 0.113, 0.3, 0.266, 0, 0.286, 0.066, 0.232
Node_SM23X1_AABM5X1_0, 0.003, 0, 0.013, 0.011, 0.003, 0, 0.003, 0.001, 0.006
Node_SM23X1_Aero1_0, 1.108, 0.042, 0.02, 0.858, 0.994, 0.012, 1.108, 1.018, 0.011
Node_SM23X1_Bact27_0, 0.01, 0, 0.019, 0.011, 0.01, 0, 0.01, 0.009, 0.001
Node_SM23X1_Caldit2_0, 0.001, 0, 0.007, 0.004, 0.001, 0, 0.001, 0, 0.005
Node_SM23X1_Fibr4_0, 0.028, 0, 0.026, 0.031, 0.028, 0, 0.028, 0.024, 0.007
Node_SM23X1_Hydr2_0, 1.367, 0.256, 0.022, 0.779, 0.992, 0.002, 1.367, 0.852, 0.023
Node_SM23X1_KSB1X2_0, 0.006, 0, 0.005, 0.008, 0.006, 0, 0.006, 0, 0.01
Node_SM23X1_KSB1X3_0, 0.008, 0, 0.01, 0.015, 0.008, 0, 0.008, 0.003, 0.012
Node_SM23X1_P4572X1_0, 0.091, 0, 0.057, 0.084, 0.09, 0, 0.091, 0.087, 0.004
Node_SM23X1_Pori1_0, 0.507, 0.001, 0.862, 0.758, 0.468, 0, 0.507, 0.504, 0.001
Node_SM23X1_RBG1_0, 0.244, 0, 0.265, 0.323, 0.237, 0, 0.244, 0.243, 0.002
Node_SM23X1_TA06X1_0, 0.144, 0, 0.103, 0.149, 0.142, 0, 0.144, 0.142, 0.003
Node_SM23X1_Zixi5_0, 0.047, 0, 0.052, 0.07, 0.046, 0, 0.047, 0.042, 0.008
Node_Spir10_Lind1_0, 0.785, 0.014, 0.272, 0.387, 0.748, 0, 0.785, 0.757, 0.004
Node_Spir10_Spir11_0, 0.243, 0.002, 0.158, 0.295, 0.242, 0, 0.243, 0.239, 0.001
Node_Spir10_Spir12_0, 0.21, 0.001, 0.042, 0.23, 0.209, 0, 0.21, 0.204, 0.008
Node_Spir10_Spir13_0, 0.053, 0, 0.166, 0.087, 0.053, 0, 0.053, 0.045, 0.015
Node_Spir10_Spir15_0, 0.398, 0.002, 0.412, 0.417, 0.391, 0, 0.398, 0.374, 0.023
Node_Spir10_Spir3_0, 0.01, 0, 0.059, 0.03, 0.01, 0, 0.01, 0.005, 0.016
Node_Spir10_Spir8_0, 0.204, 0.001, 0.023, 0.267, 0.203, 0, 0.204, 0.193, 0.016
Node_Spir13_Spir2_0, 0.02, 0, 0.045, 0.04, 0.02, 0, 0.02, 0.014, 0.012
Node_Spir15_Spir4_0, 0.305, 0.001, 0.285, 0.324, 0.283, 0, 0.305, 0.114, 0.191
Node_Spir15_Spir9_0, 1.021, 0.005, 0.076, 0.692, 0.994, 0, 1.021, 0.236, 0.787
Node_Sume1_OLB1X1_0, 1.127, 0.012, 0.876, 1.772, 0.999, 0, 1.127, 1.071, 0.04
Node_Sume1_UBP4X1_0, 1.01, 0, 0.122, 0.081, 0.997, 0, 1.01, 1.008, 0.005
Node_Syne1_Calda2_0, 0.048, 0, 0.141, 0.067, 0.048, 0, 0.048, 0.048, 0.001
Node_Syne1_Cyan40_0, 0.407, 0, 0.23, 0.251, 0.404, 0.001, 0.407, 0.405, 0.002
Node_Syne1_Dein5_0, 0.188, 0, 0.221, 0.147, 0.187, 0, 0.188, 0.188, 0.002
Node_Syne1_Syne2_0, 0.006, 0, 0.007, 0.009, 0.006, 0, 0.006, 0.001, 0.01
Node_Syne1_Syne4_0, 0.007, 0.001, 0.016, 0.013, 0.006, 0, 0.007, 0.002, 0.009
Node_Syne1_Syne6_0, 0.002, 0, 0.013, 0.013, 0.002, 0, 0.002, 0.002, 0.008
Node_Syne1_Syne7_0, 0.003, 0, 0.005, 0.007, 0.003, 0, 0.003, 0.001, 0.006
Node_Syne1_Syne9_0, 0.013, 0, 0.038, 0.029, 0.013, 0, 0.013, 0.011, 0.003
Node_Syne2_Syne8_0, 0.008, 0, 0.009, 0.016, 0.008, 0, 0.008, 0.003, 0.011
Node_Syne4_Syne5_0, 0.004, 0, 0.016, 0.017, 0.004, 0, 0.004, 0, 0.013
Node_Syne7_Syne10_0, 0.004, 0, 0.011, 0.011, 0.004, 0, 0.004, 0.002, 0.012
Node_Syne8_Syne3_0, 0.004, 0, 0.023, 0.022, 0.004, 0, 0.004, 0.002, 0.019
Node_TA06X1_Cloa1_0, 0.029, 0, 0.118, 0.085, 0.029, 0, 0.029, 0.028, 0.003
Node_TA06X1_Edwa1_0, 0.011, 0, 0.02, 0.025, 0.011, 0, 0.011, 0.009, 0.002
Node_TA06X1_WOR1_0, 0.007, 0, 0.006, 0.01, 0.007, 0, 0.007, 0.006, 0.002
Node_Therd1_Dict1_0, 0.018, 0, 0.161, 0.061, 0.018, 0, 0.018, 0.016, 0.004
Node_Therg2_Therg4_0, 0.005, 0, 0.023, 0.019, 0.005, 0, 0.005, 0.002, 0.013
Node_Therg3_Therg5_0, 0.001, 0, 0.006, 0.006, 0.001, 0, 0.001, 0, 0.003
Node_Therg8_Therg2_0, 0.015, 0, 0.097, 0.034, 0.015, 0, 0.015, 0.012, 0.009
Node_Therg8_Therg3_0, 0.004, 0, 0.015, 0.01, 0.004, 0, 0.004, 0.004, 0.004
Node_Therg8_Therg6_0, 0.003, 0, 0.005, 0.003, 0.003, 0, 0.003, 0.001, 0.004
Node_Thers1_Desua45_0, 0.009, 0, 0.027, 0.026, 0.009, 0, 0.009, 0.007, 0.005
Node_UBA1X2_UBA1X3_0, 0.144, 0, 0.628, 0.298, 0.144, 0, 0.144, 0.143, 0.005
Node_UBA1X2_UBA1X5_0, 0.042, 0, 0.113, 0.111, 0.042, 0, 0.042, 0.038, 0.011
Node_UBA1X5_UBA1X4_0, 0.011, 0, 0.04, 0.032, 0.011, 0, 0.011, 0.007, 0.009
Node_UBA1X6_UBA1X1_0, 0.804, 0.002, 0.027, 0.175, 0.802, 0, 0.804, 0.75, 0.062
Node_UBA1X6_UBA1X2_0, 0.767, 0.003, 0.03, 0.174, 0.755, 0, 0.767, 0.747, 0.021
Node_UBA2X1_DesuD2_0, 1.243, 0.001, 0.017, 0.279, 0.973, 0, 1.243, 1.13, 0.111
Node_UBA2X1_Desua22_0, 1.148, 0.001, 0.043, 0.252, 0.969, 0, 1.148, 1.114, 0.034
Node_UBA2X1_Desua28_0, 0.534, 0.001, 0.901, 0.341, 0.48, 0, 0.534, 0.344, 0.191
Node_UBA2X1_SZUA2_0, 0.234, 0, 0.421, 0.207, 0.218, 0, 0.234, 0.115, 0.121
Node_UBA6X1_Desa1_0, 0.069, 0, 0.145, 0.109, 0.068, 0, 0.069, 0.068, 0.006
Node_UBA6X1_Elus1_0, 0.032, 0, 0.041, 0.053, 0.031, 0, 0.032, 0.03, 0.004
Node_UBA6X1_Gold1_0, 0.208, 0, 0.297, 0.296, 0.203, 0, 0.208, 0.206, 0.003
Node_UBA9X1_UBA9X3_0, 0.033, 0, 0.115, 0.08, 0.033, 0, 0.033, 0.031, 0.005
Node_UBA9X3_UBA9X2_0, 0.008, 0, 0.034, 0.028, 0.008, 0, 0.008, 0.005, 0.009
Node_Verr11_Aure2_0, 1.808, 0.005, 0.091, 0.352, 0.966, 0, 1.808, 1.458, 0.345
Node_Verr11_Aure3_0, 1.549, 0.005, 0.433, 0.466, 0.934, 0, 1.549, 1.464, 0.079
Node_Verr11_Omni4_0, 1.898, 0, 0.087, 0.412, 0.975, 0, 1.898, 1.873, 0.026
Node_Verr11_Verr12_0, 0.212, 0, 1.022, 0.072, 0.21, 0, 0.212, 0.029, 0.185
Node_Verr11_Verr14_0, 1.049, 0, 0.534, 0.077, 0.998, 0, 1.049, 1.023, 0.034
Node_Verr11_Verr7_0, 1.705, 0.039, 0.791, 0.643, 0.986, 0, 1.705, 1.27, 0.376
Node_Verr11_Verr8_0, 2.081, 0.018, 0.086, 0.39, 0.988, 0, 2.081, 1.714, 0.341
Node_Verr11_Verr9_0, 1.549, 0.002, 0.335, 0.843, 1, 0, 1.549, 1.377, 0.177
Node_Verr3_Verr10_0, 0.866, 0.099, 0.795, 0.074, 0.739, 0, 0.866, 0.615, 0.065
Node_Verr5_Verr6_0, 1.029, 0, 1.503, 0.263, 0.998, 0, 1.029, 0.274, 0.764
Node_Verr7_Verr13_0, 1.018, 0, 0.42, 0.076, 0.819, 0, 1.018, 0.945, 0.078
Node_Verr7_Verr2_0, 0.377, 0, 0.782, 0.051, 0.374, 0, 0.377, 0.242, 0.141
Node_Verr7_Verr4_0, 1.36, 0.004, 0.673, 0.363, 0.994, 0, 1.36, 1.036, 0.324
Node_Verr8_Verr3_0, 1.497, 0.011, 0.343, 0.176, 0.951, 0, 1.497, 1.418, 0.061
Node_Verr8_Verr5_0, 1.768, 0.001, 0.488, 0.346, 0.961, 0, 1.768, 1.596, 0.174
Node_WOR1_WOR2_0, 0.007, 0, 0.005, 0.012, 0.007, 0, 0.007, 0.004, 0.005
Node_WOR1_WOR3_0, 0.003, 0, 0.009, 0.008, 0.003, 0, 0.003, 0.001, 0.006
Node_WOR1_WOR6_0, 0.006, 0, 0.006, 0.006, 0.006, 0, 0.006, 0.004, 0.005
Node_WOR2_WOR4_0, 0.003, 0, 0.004, 0.005, 0.003, 0, 0.003, 0.003, 0
Node_WOR6_WOR7_0, 0, 0, 0.008, 0.01, 0, 0, 0, 0, 0.002
Node_Wall1_Fuso2_0, 0.145, 0, 0.49, 0.279, 0.145, 0, 0.145, 0.144, 0.001
Node_Wall1_Muir1_0, 0.009, 0, 0.035, 0.037, 0.009, 0, 0.009, 0.008, 0.004
Node_Wall1_Rifl1_0, 0.04, 0, 0.106, 0.093, 0.04, 0, 0.04, 0.04, 0.001
Node_Wall1_Syne1_0, 0.634, 0.001, 0.376, 0.549, 0.627, 0, 0.634, 0.632, 0
Node_Zixi2_Zixi1_0, 0.004, 0, 0.008, 0.015, 0.004, 0, 0.004, 0.002, 0.009
Node_Zixi4_Zixi2_0, 0.003, 0, 0.005, 0.006, 0.003, 0, 0.003, 0, 0.007
Node_Zixi4_Zixi3_0, 0.003, 0, 0.008, 0.006, 0.003, 0, 0.003, 0, 0.008
Node_Zixi5_Late2_0, 0.036, 0, 0.028, 0.027, 0.036, 0, 0.036, 0.022, 0.017
Node_Zixi5_TA06A1_0, 0.005, 0, 0.007, 0.003, 0.005, 0, 0.005, 0.002, 0.004
Node_Zixi5_UBP14X1_0, 0.008, 0, 0.032, 0.018, 0.008, 0, 0.008, 0.006, 0.004
Node_Zixi5_Zixi4_0, 0.001, 0, 0.007, 0.006, 0.001, 0, 0.001, 0.001, 0.003
Node_chloroArabidopsis_chloroBryophyte_0, 0.008, 0, 0.011, 0.014, 0.008, 0, 0.008, 0.001, 0.014
Node_chloroArabidopsis_chloroChlorophyta_0, 0.005, 0, 0.01, 0.012, 0.005, 0, 0.005, 0.001, 0.013
Node_chloroArabidopsis_chloroLycophyte_0, 0.006, 0, 0.011, 0.01, 0.006, 0, 0.006, 0.004, 0.009
Node_chloroArabidopsis_chloroRedAlgae_0, 0.002, 0, 0.063, 0.007, 0.002, 0, 0.002, 0.001, 0.004
Node_mitoAnnelida_mitoChelicerate_0, 0.009, 0, 0.011, 0.011, 0.009, 0, 0.009, 0, 0.017
Node_mitoAnnelida_mitoMollusc_0, 0.002, 0, 0.016, 0.017, 0.002, 0, 0.002, 0, 0.014
Node_mitoAnnelida_mitoPriapulid_0, 0.004, 0, 0.019, 0.017, 0.004, 0, 0.004, 0.002, 0.014
Node_mitoArabidopsis_mitoLycophyte_0, 0.002, 0, 0.014, 0.011, 0.002, 0, 0.002, 0, 0.009
Node_mitoBryophyte_mitoArabidopsis_0, 0.007, 0, 0.022, 0.029, 0.007, 0, 0.007, 0, 0.023
Node_mitoBryophyte_mitoChlorophyta_0, 0.006, 0, 0.008, 0.009, 0.006, 0, 0.006, 0, 0.01
Node_mitoBryophyte_mitoExcavata_0, 0.003, 0, 0.018, 0.012, 0.003, 0, 0.003, 0.002, 0.002
Node_mitoBryophyte_mitoParamecium_0, 0.003, 0, 0.005, 0.005, 0.003, 0, 0.003, 0.001, 0.005
Node_mitoBryophyte_mitoRedAlgae_0, 0.004, 0, 0.007, 0.009, 0.004, 0, 0.004, 0, 0.008
Node_mitoChelicerate_mitoInsect_0, 0.005, 0, 0.017, 0.016, 0.005, 0, 0.005, 0.002, 0.013
Node_mitoFungi_mitoAnnelida_0, 0.003, 0, 0.023, 0.018, 0.003, 0, 0.003, 0.001, 0.007
Node_mitoFungi_mitoBryophyte_0, 0.019, 0, 0.063, 0.036, 0.018, 0, 0.019, 0.016, 0.005
OLB1X1, 1, 0, 0.147, 0.104, 1, 0, 1, 0.997, 0.02
Omni2, 2, 0, 0.033, 0.023, 1, 0, 2, 1.189, 0.826
Omni3, 0, 0, 0.288, 0.16, 0, 0, 0, 0, 0.022
Omni4, 1, 0, 0.218, 0.027, 1, 0, 1, 0.999, 0.011
Omni6, 1, 0, 0.252, 0.128, 1, 0, 1, 0.874, 0.138
Omni7, 0, 0, 0.179, 0.064, 0, 0, 0, 0, 0.012
Omni8, 1, 0.002, 0.908, 0.286, 1, 0, 1, 0.215, 0.792
P4572X1, 0, 0, 0.056, 0.041, 0, 0, 0, 0, 0.018
Pate1, 0, 0, 0.033, 0.041, 0, 0, 0, 0, 0.028
Pate10, 0, 0, 0.027, 0.027, 0, 0, 0, 0, 0.022
Pate11, 0, 0, 0.037, 0.053, 0, 0, 0, 0, 0.033
Pate12, 0, 0, 0.022, 0.031, 0, 0, 0, 0, 0.022
Pate13, 0, 0, 0.018, 0.021, 0, 0, 0, 0, 0.013
Pate14, 0, 0, 0.02, 0.02, 0, 0, 0, 0, 0.018
Pate15, 0, 0, 0.026, 0.027, 0, 0, 0, 0, 0.019
Pate17, 0, 0, 0.025, 0.031, 0, 0, 0, 0, 0.021
Pate18, 0, 0, 0.02, 0.024, 0, 0, 0, 0, 0.018
Pate19, 0, 0, 0.024, 0.032, 0, 0, 0, 0, 0.02
Pate21, 0, 0, 0.029, 0.039, 0, 0, 0, 0, 0.026
Pate22, 0, 0, 0.023, 0.028, 0, 0, 0, 0, 0.021
Pate23, 0, 0, 0.068, 0.055, 0, 0, 0, 0, 0.028
Pate24, 0, 0, 0.018, 0.021, 0, 0, 0, 0, 0.013
Pate25, 0, 0, 0.021, 0.018, 0, 0, 0, 0, 0.017
Pate26, 0, 0, 0.015, 0.017, 0, 0, 0, 0, 0.015
Pate27, 0, 0, 0.016, 0.016, 0, 0, 0, 0, 0.012
Pate28, 0, 0, 0.023, 0.024, 0, 0, 0, 0, 0.019
Pate29, 0, 0, 0.019, 0.017, 0, 0, 0, 0, 0.012
Pate3, 0, 0, 0.03, 0.035, 0, 0, 0, 0, 0.026
Pate30, 0, 0, 0.029, 0.03, 0, 0, 0, 0, 0.026
Pate31, 0, 0, 0.021, 0.027, 0, 0, 0, 0, 0.017
Pate32, 0, 0, 0.037, 0.044, 0, 0, 0, 0, 0.029
Pate33, 0, 0, 0.021, 0.027, 0, 0, 0, 0, 0.019
Pate34, 0, 0, 0.017, 0.017, 0, 0, 0, 0, 0.012
Pate35, 0, 0, 0.026, 0.027, 0, 0, 0, 0, 0.024
Pate36, 0, 0, 0.017, 0.017, 0, 0, 0, 0, 0.012
Pate37, 0, 0, 0.028, 0.032, 0, 0, 0, 0, 0.024
Pate38, 0, 0, 0.02, 0.022, 0, 0, 0, 0, 0.018
Pate39, 0, 0, 0.03, 0.033, 0, 0, 0, 0, 0.025
Pate4, 0, 0, 0.024, 0.028, 0, 0, 0, 0, 0.019
Pate40, 0, 0, 0.021, 0.027, 0, 0, 0, 0, 0.02
Pate41, 0, 0, 0.014, 0.014, 0, 0, 0, 0, 0.009
Pate43, 0, 0, 0.021, 0.023, 0, 0, 0, 0, 0.016
Pate44, 0, 0, 0.026, 0.027, 0, 0, 0, 0, 0.021
Pate45, 0, 0, 0.02, 0.02, 0, 0, 0, 0, 0.016
Pate46, 0, 0, 0.03, 0.026, 0, 0, 0, 0, 0.016
Pate48, 0, 0, 0.027, 0.03, 0, 0, 0, 0, 0.023
Pate49, 0, 0, 0.024, 0.029, 0, 0, 0, 0, 0.019
Pate5, 0, 0, 0.019, 0.023, 0, 0, 0, 0, 0.019
Pate50, 0, 0, 0.033, 0.039, 0, 0, 0, 0, 0.028
Pate51, 0, 0, 0.019, 0.02, 0, 0, 0, 0, 0.015
Pate52, 0, 0, 0.025, 0.022, 0, 0, 0, 0, 0.015
Pate53, 0, 0, 0.017, 0.016, 0, 0, 0, 0, 0.011
Pate54, 0, 0, 0.02, 0.02, 0, 0, 0, 0, 0.016
Pate55, 0, 0, 0.024, 0.027, 0, 0, 0, 0, 0.023
Pate56, 0, 0, 0.016, 0.018, 0, 0, 0, 0, 0.015
Pate57, 0, 0, 0.02, 0.016, 0, 0, 0, 0, 0.015
Pate6, 0, 0, 0.023, 0.024, 0, 0, 0, 0, 0.019
Pate7, 0, 0, 0.04, 0.053, 0, 0, 0, 0, 0.033
Pate8, 0, 0, 0.028, 0.029, 0, 0, 0, 0, 0.024
Pate9, 0, 0, 0.024, 0.023, 0, 0, 0, 0, 0.019
Plan12, 0, 0, 0.03, 0.023, 0, 0, 0, 0, 0.01
Plan14, 0, 0, 0.046, 0.034, 0, 0, 0, 0, 0.013
Plan16, 2, 0.001, 0.4, 0.603, 1, 0, 2, 1.004, 1.006
Plan17, 0, 0, 0.015, 0.017, 0, 0, 0, 0, 0.01
Plan18, 0, 0, 0.274, 0.21, 0, 0, 0, 0, 0.026
Plan2, 1, 0.001, 0.449, 0.6, 1, 0, 1, 0.548, 0.46
Plan21, 1, 0.002, 0.177, 0.442, 1, 0, 1, 0.603, 0.419
Plan22, 1, 0.001, 0.458, 0.477, 1, 0, 1, 0.539, 0.469
Plan23, 0, 0, 0.017, 0.018, 0, 0, 0, 0, 0.012
Plan26, 1, 0.002, 0.082, 0.328, 1, 0, 1, 0.281, 0.725
Plan27, 1, 0, 0.052, 0.045, 1, 0, 1, 0, 1.02
Plan3, 0, 0, 0.066, 0.051, 0, 0, 0, 0, 0.012
Plan30, 0, 0, 0.036, 0.04, 0, 0, 0, 0, 0.003
Plan31, 0, 0, 0.021, 0.017, 0, 0, 0, 0, 0.009
Plan32, 0, 0, 0.03, 0.027, 0, 0, 0, 0, 0.01
Plan33, 0, 0, 0.128, 0.115, 0, 0, 0, 0, 0.026
Plan39, 0, 0, 0.107, 0.079, 0, 0, 0, 0, 0.017
Plan4, 0, 0, 0.671, 0.135, 0, 0, 0, 0, 0.01
Plan40, 1, 0, 0.197, 0.047, 1, 0, 1, 1, 0.007
Plan42, 2, 0, 0.029, 0.127, 1, 0, 2, 1.169, 0.839
Plan43, 1, 0, 0.67, 0.095, 1, 0, 1, 0.713, 0.298
Plan44, 0, 0, 0.108, 0.067, 0, 0, 0, 0, 0.006
Plan5, 0, 0, 0.37, 0.129, 0, 0, 0, 0, 0.015
Plan7, 0, 0.001, 1.096, 0.632, 0, 0, 0, 0, 0.022
Pori1, 1, 0, 0.067, 0.052, 1, 0, 1, 0.995, 0.018
Pori2, 1, 0.003, 0.071, 1.06, 1, 0, 1, 0.992, 0.019
ProtA10, 1, 0, 0.22, 0.064, 1, 0, 1, 0.165, 0.851
ProtA11, 1, 0.001, 0.418, 0.09, 1, 0, 1, 0.358, 0.651
ProtA12, 0, 0, 0.02, 0.018, 0, 0, 0, 0, 0.017
ProtA13, 1, 0, 0.03, 0.024, 1, 0, 1, 0.22, 0.788
ProtA14, 1, 0, 0.91, 0.085, 1, 0, 1, 0.045, 0.965
ProtA15, 1, 0.001, 0.259, 0.312, 1, 0, 1, 0.303, 0.709
ProtA16, 1, 0, 0.022, 0.185, 1, 0, 1, 0.049, 0.962
ProtA18, 1, 0, 0.181, 0.279, 1, 0, 1, 0.203, 0.812
ProtA19, 1, 0, 0.017, 0.007, 1, 0, 1, 0.999, 0.007
ProtA2, 1, 0, 0.944, 0.022, 1, 0, 1, 0.116, 0.893
ProtA20, 0, 0, 0.021, 0.018, 0, 0, 0, 0, 0.006
ProtA21, 0, 0, 0.018, 0.015, 0, 0, 0, 0, 0.012
ProtA24, 1, 0, 0.119, 0.202, 1, 0, 1, 0.518, 0.493
ProtA26, 0, 0, 0.016, 0.016, 0, 0, 0, 0, 0.01
ProtA27, 0, 0, 0.022, 0.023, 0, 0, 0, 0, 0.016
ProtA29, 1, 0, 0.073, 0.031, 1, 0, 1, 0.002, 1.011
ProtA3, 1, 0.005, 0.1, 0.926, 1, 0, 1, 0.959, 0.041
ProtA30, 0, 0, 0.011, 0.01, 0, 0, 0, 0, 0.008
ProtA31, 1, 0.008, 0.526, 1.702, 1, 0, 1, 0.94, 0.061
ProtA32, 1, 0, 0.365, 0.108, 1, 0, 1, 0.411, 0.599
ProtA33, 0, 0, 0.132, 0.073, 0, 0, 0, 0, 0.017
ProtA34, 0, 0, 1.009, 0.024, 0, 0, 0, 0, 0.013
ProtA35, 0, 0, 0.013, 0.017, 0, 0, 0, 0, 0.01
ProtA36, 0, 0, 0.015, 0.018, 0, 0, 0, 0, 0.013
ProtA37, 0, 0, 0.016, 0.014, 0, 0, 0, 0, 0.01
ProtA38, 0, 0, 0.393, 0.068, 0, 0, 0, 0, 0.013
ProtA39, 0, 0, 0.01, 0.009, 0, 0, 0, 0, 0.008
ProtA40, 1, 0, 1.011, 0.033, 1, 0, 1, 0.188, 0.824
ProtA41, 1, 0, 0.048, 0.243, 1, 0, 1, 0.344, 0.668
ProtA42, 1, 0.001, 0.321, 0.237, 1, 0, 1, 0.236, 0.771
ProtA43, 1, 0, 0.012, 0.015, 1, 0, 1, 0.99, 0.016
ProtA44, 0, 0, 0.023, 0.022, 0, 0, 0, 0, 0.018
ProtA45, 0, 0, 0.029, 0.023, 0, 0, 0, 0, 0.011
ProtA46, 1, 0, 0.012, 0.01, 1, 0, 1, 1, 0.006
ProtA47, 2, 0, 0.024, 0.148, 1, 0, 2, 1.633, 0.375
ProtA48, 1, 0.001, 0.24, 0.464, 1, 0, 1, 0.971, 0.041
ProtA49, 1, 0.001, 0.02, 1.019, 1, 0, 1, 0.999, 0.009
ProtA5, 0, 0, 0.025, 0.019, 0, 0, 0, 0, 0.01
ProtA50, 1, 0, 0.98, 0.407, 1, 0, 1, 0.214, 0.801
ProtA51, 1, 0.001, 0.807, 0.496, 1, 0, 1, 0.894, 0.114
ProtA52, 1, 0, 0.176, 0.065, 1, 0, 1, 0.464, 0.551
ProtA53, 0, 0, 0.075, 0.033, 0, 0, 0, 0, 0.011
ProtA54, 0, 0, 0.009, 0.008, 0, 0, 0, 0, 0.006
ProtA55, 1, 0, 0.018, 0.017, 1, 0, 1, 1, 0.012
ProtA56, 1, 0, 0.482, 0.089, 1, 0, 1, 0.152, 0.857
ProtA57, 0, 0, 0.022, 0.017, 0, 0, 0, 0, 0.008
ProtA58, 1, 0, 0.016, 0.054, 1, 0, 1, 0.059, 0.952
ProtA60, 0, 0, 0.022, 0.02, 0, 0, 0, 0, 0.018
ProtA61, 0, 0, 0.254, 0.031, 0, 0, 0, 0, 0.012
ProtA62, 1, 0, 0.456, 0.264, 1, 0, 1, 0.639, 0.368
ProtA63, 1, 0, 0.658, 0.039, 1, 0, 1, 0.999, 0.009
ProtA64, 1, 0, 0.246, 0.155, 1, 0, 1, 0.744, 0.268
ProtA66, 0, 0, 0.068, 0.021, 0, 0, 0, 0, 0.008
ProtA67, 1, 0, 0.212, 0.038, 1, 0, 1, 0.988, 0.025
ProtA68, 1, 0, 0.127, 0.02, 1, 0, 1, 0.932, 0.076
ProtA69, 1, 0.001, 0.23, 0.494, 1, 0, 1, 0.959, 0.05
ProtA7, 0, 0, 0.539, 0.032, 0, 0, 0, 0, 0.009
ProtA70, 0, 0, 0.022, 0.018, 0, 0, 0, 0, 0.008
ProtA71, 1, 0, 0.033, 0.025, 1, 0, 1, 1, 0.011
ProtA72, 1, 0, 0.09, 0.066, 1, 0, 1, 0.969, 0.036
ProtA74, 1, 0.002, 0.067, 1.863, 1, 0, 1, 0.98, 0.028
ProtA75, 1, 0.006, 0.251, 1.215, 1, 0, 1, 0.655, 0.351
ProtA76, 1, 0, 0.031, 0.024, 1, 0, 1, 1, 0.009
ProtA77, 2, 0.001, 0.913, 0.987, 1, 0, 2, 0.786, 1.22
ProtA8, 1, 0, 0.034, 0.322, 1, 0, 1, 0.991, 0.022
ProtA9, 0, 0, 0.019, 0.02, 0, 0, 0, 0, 0.015
ProtG1, 0, 0, 0.326, 0.095, 0, 0, 0, 0, 0.007
ProtG10, 0, 0, 0.014, 0.01, 0, 0, 0, 0, 0.009
ProtG11, 0, 0, 0.213, 0.059, 0, 0, 0, 0, 0.019
ProtG12, 0, 0, 0.019, 0.021, 0, 0, 0, 0, 0.012
ProtG13, 0, 0, 0.027, 0.026, 0, 0, 0, 0, 0.02
ProtG14, 0, 0, 0.015, 0.014, 0, 0, 0, 0, 0.011
ProtG15, 0, 0, 0.022, 0.021, 0, 0, 0, 0, 0.013
ProtG16, 0, 0, 0.019, 0.02, 0, 0, 0, 0, 0.012
ProtG17, 0, 0, 0.026, 0.028, 0, 0, 0, 0, 0.019
ProtG18, 0, 0, 0.014, 0.018, 0, 0, 0, 0, 0.008
ProtG19, 0, 0, 0.015, 0.01, 0, 0, 0, 0, 0.007
ProtG20, 1, 0.001, 1.014, 0.067, 1, 0, 1, 0.162, 0.848
ProtG21, 0, 0, 0.022, 0.026, 0, 0, 0, 0, 0.016
ProtG22, 0, 0, 0.017, 0.018, 0, 0, 0, 0, 0.008
ProtG24, 0, 0, 0.02, 0.016, 0, 0, 0, 0, 0.009
ProtG25, 1, 0, 0.12, 0.034, 1, 0, 1, 0.968, 0.041
ProtG26, 1, 0, 0.239, 0.022, 1, 0, 1, 0.995, 0.022
ProtG27, 0, 0, 0.026, 0.015, 0, 0, 0, 0, 0.005
ProtG28, 1, 0.001, 0.668, 0.235, 1, 0, 1, 0.99, 0.022
ProtG29, 0, 0, 0.01, 0.009, 0, 0, 0, 0, 0.004
ProtG3, 0, 0, 0.018, 0.021, 0, 0, 0, 0, 0.014
ProtG30, 0, 0, 0.016, 0.017, 0, 0, 0, 0, 0.008
ProtG31, 1, 0, 0.015, 0.096, 1, 0, 1, 0.175, 0.835
ProtG32, 1, 0, 1.013, 0.017, 1, 0, 1, 0.217, 0.796
ProtG33, 0, 0, 0.031, 0.019, 0, 0, 0, 0, 0.009
ProtG34, 1, 0.001, 0.024, 0.378, 1, 0, 1, 0.926, 0.087
ProtG35, 0, 0, 0.029, 0.017, 0, 0, 0, 0, 0.006
ProtG36, 1, 0, 0.176, 0.02, 1, 0, 1, 0.999, 0.011
ProtG37, 0, 0, 0.012, 0.01, 0, 0, 0, 0, 0.004
ProtG38, 0, 0, 0.851, 0.206, 0, 0, 0, 0, 0.009
ProtG39, 0, 0, 0.016, 0.016, 0, 0, 0, 0, 0.007
ProtG4, 0, 0, 0.019, 0.017, 0, 0, 0, 0, 0.011
ProtG40, 1, 0, 0.014, 0.12, 1, 0, 1, 0.253, 0.758
ProtG41, 0, 0, 0.263, 0.047, 0, 0, 0, 0, 0.007
ProtG42, 0, 0, 0.148, 0.062, 0, 0, 0, 0, 0.005
ProtG43, 1, 0, 0.016, 0.019, 1, 0, 1, 1, 0.011
ProtG44, 0, 0, 0.023, 0.019, 0, 0, 0, 0, 0.014
ProtG45, 2, 0.803, 0.191, 0.087, 1, 0, 2, 0.301, 0.31
ProtG46, 1, 0, 0.152, 0.258, 1, 0, 1, 0.698, 0.31
ProtG47, 0, 0, 0.019, 0.016, 0, 0, 0, 0, 0.009
ProtG48, 1, 0, 0.252, 0.092, 1, 0, 1, 0.971, 0.045
ProtG49, 0, 0, 0.022, 0.022, 0, 0, 0, 0, 0.013
ProtG5, 0, 0, 0.019, 0.02, 0, 0, 0, 0, 0.012
ProtG50, 0, 0, 1.04, 0.23, 0, 0, 0, 0, 0.013
ProtG51, 0, 0, 0.017, 0.014, 0, 0, 0, 0, 0.009
ProtG52, 1, 0.002, 0.013, 0.034, 1, 0, 1, 0.211, 0.797
ProtG53, 0, 0, 0.018, 0.016, 0, 0, 0, 0, 0.012
ProtG54, 0, 0, 0.013, 0.013, 0, 0, 0, 0, 0.008
ProtG55, 1, 0, 0.017, 0.017, 1, 0, 1, 1, 0.012
ProtG56, 1, 0, 0.963, 0.231, 1, 0, 1, 0.543, 0.471
ProtG57, 0, 0, 0.04, 0.021, 0, 0, 0, 0, 0.006
ProtG58, 1, 0.001, 0.116, 0.328, 1, 0, 1, 0.987, 0.02
ProtG59, 1, 0, 0.101, 0.066, 1, 0, 1, 0.215, 0.795
ProtG6, 1, 0, 0.989, 0.301, 1, 0, 1, 0.231, 0.782
ProtG60, 0, 0, 0.025, 0.023, 0, 0, 0, 0, 0.016
ProtG61, 0, 0, 0.013, 0.013, 0, 0, 0, 0, 0.004
ProtG62, 0, 0, 0.009, 0.009, 0, 0, 0, 0, 0.006
ProtG63, 0, 0, 0.028, 0.027, 0, 0, 0, 0, 0.015
ProtG64, 0, 0, 0.01, 0.009, 0, 0, 0, 0, 0.009
ProtG65, 0, 0, 1.02, 0.017, 0, 0, 0, 0, 0.01
ProtG66, 1, 0, 0.023, 0.019, 1, 0, 1, 1, 0.007
ProtG67, 0, 0, 0.024, 0.02, 0, 0, 0, 0, 0.011
ProtG68, 1, 0, 0.022, 0.016, 1, 0, 1, 1, 0.006
ProtG69, 1, 0, 0.022, 0.02, 1, 0, 1, 1, 0.012
ProtG7, 0, 0, 0.031, 0.03, 0, 0, 0, 0, 0.009
ProtG70, 0, 0, 0.017, 0.021, 0, 0, 0, 0, 0.011
ProtG71, 0, 0, 0.459, 0.163, 0, 0, 0, 0, 0.021
ProtG72, 1, 0.001, 0.024, 0.109, 1, 0, 1, 0.945, 0.066
ProtG73, 0, 0, 0.314, 0.059, 0, 0, 0, 0, 0.008
ProtG74, 1, 0.001, 0.064, 0.3, 1, 0, 1, 0.096, 0.92
ProtG75, 1, 0, 0.932, 0.096, 1, 0, 1, 0.155, 0.854
ProtG76, 0, 0.001, 0.018, 0.017, 0, 0, 0, 0, 0.011
ProtG77, 0, 0, 0.012, 0.012, 0, 0, 0, 0, 0.009
ProtG78, 0, 0, 0.044, 0.031, 0, 0, 0, 0, 0.009
ProtG79, 0, 0, 0.025, 0.025, 0, 0, 0, 0, 0.017
ProtG8, 0, 0, 0.115, 0.027, 0, 0, 0, 0, 0.005
ProtG80, 0, 0, 0.045, 0.037, 0, 0, 0, 0, 0.011
ProtG81, 0, 0, 0.012, 0.012, 0, 0, 0, 0, 0.004
ProtG82, 0, 0, 0.017, 0.012, 0, 0, 0, 0, 0.007
ProtG83, 0, 0, 0.223, 0.02, 0, 0, 0, 0, 0.009
ProtG84, 1, 0.002, 0.023, 0.244, 1, 0, 1, 0.189, 0.827
ProtG85, 0, 0, 0.96, 0.011, 0, 0, 0, 0, 0.003
ProtG86, 0, 0, 0.018, 0.015, 0, 0, 0, 0, 0.008
ProtG87, 0, 0, 0.013, 0.011, 0, 0, 0, 0, 0.009
ProtG88, 1, 0, 0.434, 0.114, 1, 0, 1, 0.991, 0.022
ProtG89, 0, 0, 0.02, 0.024, 0, 0, 0, 0, 0.013
ProtG9, 1, 0, 0.987, 0.208, 1, 0, 1, 0.106, 0.908
ProtG90, 0, 0, 0.023, 0.021, 0, 0, 0, 0, 0.018
ProtG91, 1, 0, 0.02, 0.021, 1, 0, 1, 0.948, 0.063
ProtM1, 0, 0, 0.013, 0.013, 0, 0, 0, 0, 0.01
ProtM2, 0, 0, 0.012, 0.016, 0, 0, 0, 0, 0.009
ProtM3, 0, 0, 0.038, 0.026, 0, 0, 0, 0, 0.006
ProtZ1, 1, 0.002, 0.072, 0.952, 1, 0, 1, 0.955, 0.048
ProtZ2, 1, 0, 0.957, 0.438, 1, 0, 1, 0.066, 0.948
ProtZ3, 1, 0, 0.023, 0.013, 1, 0, 1, 1, 0.007
ProtZ4, 1, 0, 0.035, 0.02, 1, 0, 1, 1, 0.013
ProtZ5, 1, 0, 0.133, 0.054, 1, 0, 1, 0.983, 0.033
RBG1, 0, 0, 0.258, 0.163, 0, 0, 0, 0, 0.014
Rifl1, 0, 0, 0.066, 0.062, 0, 0, 0, 0, 0.026
SAR3X1, 1, 0.001, 0.194, 0.55, 1, 0, 1, 0.108, 0.907
SAR3X2, 1, 0, 0.141, 0.534, 1, 0, 1, 0.164, 0.855
SLNR1, 0, 0, 0.017, 0.016, 0, 0, 0, 0, 0.011
SM23X1, 0, 0, 0.025, 0.026, 0, 0, 0, 0, 0.017
SZUA1, 0, 0, 0.845, 0.228, 0, 0, 0, 0, 0.016
SZUA2, 0, 0, 0.242, 0.098, 0, 0, 0, 0, 0.008
Sche1, 0, 0, 0.842, 0.204, 0, 0, 0, 0, 0.017
Spir10, 0, 0, 0.02, 0.019, 0, 0, 0, 0, 0.01
Spir11, 0, 0, 0.264, 0.179, 0, 0, 0, 0, 0.021
Spir12, 0, 0, 0.223, 0.117, 0, 0, 0, 0, 0.013
Spir13, 0, 0, 0.032, 0.028, 0, 0, 0, 0, 0.012
Spir15, 1, 0, 0.041, 0.082, 1, 0, 1, 0.992, 0.02
Spir2, 0, 0, 0.028, 0.021, 0, 0, 0, 0, 0.008
Spir3, 0, 0, 0.018, 0.014, 0, 0, 0, 0, 0.008
Spir4, 0, 0, 0.324, 0.193, 0, 0, 0, 0, 0.019
Spir8, 1, 0.001, 0.037, 0.608, 1, 0, 1, 0.191, 0.832
Spir9, 1, 0.002, 0.037, 0.986, 1, 0, 1, 0.992, 0.014
Sume1, 1, 0, 0.034, 0.037, 1, 0, 1, 0.996, 0.024
Syne1, 0, 0, 0.019, 0.019, 0, 0, 0, 0, 0.013
Syne10, 0, 0, 0.015, 0.018, 0, 0, 0, 0, 0.011
Syne2, 0, 0, 0.015, 0.012, 0, 0, 0, 0, 0.007
Syne3, 0, 0, 0.015, 0.015, 0, 0, 0, 0, 0.011
Syne4, 0, 0, 0.011, 0.014, 0, 0, 0, 0, 0.007
Syne5, 0, 0, 0.014, 0.013, 0, 0, 0, 0, 0.01
Syne6, 0, 0, 0.011, 0.014, 0, 0, 0, 0, 0.009
Syne7, 0, 0, 0.022, 0.024, 0, 0, 0, 0, 0.018
Syne8, 0, 0, 0.016, 0.016, 0, 0, 0, 0, 0.012
Syne9, 0, 0, 0.026, 0.028, 0, 0, 0, 0, 0.013
TA06A1, 0, 0, 0.024, 0.027, 0, 0, 0, 0, 0.019
TA06X1, 0, 0, 0.027, 0.029, 0, 0, 0, 0, 0.02
Therd1, 0, 0, 0.036, 0.039, 0, 0, 0, 0, 0.018
Therg2, 0, 0, 0.013, 0.014, 0, 0, 0, 0, 0.008
Therg3, 0, 0, 0.009, 0.009, 0, 0, 0, 0, 0.008
Therg4, 0, 0, 0.012, 0.011, 0, 0, 0, 0, 0.007
Therg5, 0, 0, 0.014, 0.02, 0, 0, 0, 0, 0.013
Therg6, 0, 0, 0.007, 0.004, 0, 0, 0, 0, 0.004
Therg8, 0, 0, 0.017, 0.022, 0, 0, 0, 0, 0.014
Thers1, 0, 0, 0.024, 0.021, 0, 0, 0, 0, 0.015
UBA1X1, 0, 0, 0.818, 0.279, 0, 0, 0, 0, 0.014
UBA1X2, 0, 0, 0.062, 0.053, 0, 0, 0, 0, 0.02
UBA1X3, 0, 0, 0.154, 0.119, 0, 0, 0, 0, 0.01
UBA1X4, 0, 0, 0.021, 0.02, 0, 0, 0, 0, 0.01
UBA1X5, 0, 0, 0.019, 0.02, 0, 0, 0, 0, 0.008
UBA1X6, 1, 0, 0.023, 0.193, 1, 0, 1, 0.799, 0.219
UBA2X1, 1, 0.001, 0.077, 0.308, 1, 0, 1, 0.171, 0.842
UBA6X1, 0, 0, 0.047, 0.038, 0, 0, 0, 0, 0.015
UBA9X1, 0, 0, 0.063, 0.067, 0, 0, 0, 0, 0.03
UBA9X2, 0, 0, 0.017, 0.018, 0, 0, 0, 0, 0.009
UBA9X3, 0, 0, 0.023, 0.026, 0, 0, 0, 0, 0.015
UBP13X1, 0, 0, 0.166, 0.046, 0, 0, 0, 0, 0.009
UBP14X1, 0, 0, 0.032, 0.043, 0, 0, 0, 0, 0.024
UBP4X1, 0, 0, 1.026, 0.031, 0, 0, 0, 0, 0.016
UBP6X1, 0, 0, 0.059, 0.04, 0, 0, 0, 0, 0.017
Verr10, 2, 0.768, 0.02, 0.028, 1, 0, 2, 0.346, 0.386
Verr11, 1, 0.002, 0.023, 0.288, 1, 0, 1, 0.205, 0.809
Verr12, 0, 0, 0.226, 0.062, 0, 0, 0, 0, 0.014
Verr13, 1, 0, 0.27, 0.112, 1, 0, 1, 0.76, 0.252
Verr14, 1, 0, 0.063, 0.03, 1, 0, 1, 0.996, 0.014
Verr2, 1, 0, 0.016, 0.115, 1, 0, 1, 0.369, 0.639
Verr3, 0, 0, 0.876, 0.045, 0, 0, 0, 0, 0.01
Verr4, 1, 0.003, 0.446, 0.751, 1, 0, 1, 0.925, 0.083
Verr5, 1, 0, 0.045, 0.038, 1, 0, 1, 0.998, 0.016
Verr6, 1, 0, 0.042, 0.032, 1, 0, 1, 0.998, 0.013
Verr7, 0, 0, 0.388, 0.117, 0, 0, 0, 0, 0.011
Verr8, 1, 0, 0.756, 0.129, 1, 0, 1, 0.751, 0.259
Verr9, 2, 0.002, 0.076, 1.058, 1, 0, 2, 1.483, 0.525
WOR1, 0, 0, 0.026, 0.029, 0, 0, 0, 0, 0.023
WOR2, 0, 0, 0.017, 0.015, 0, 0, 0, 0, 0.014
WOR3, 0, 0, 0.013, 0.012, 0, 0, 0, 0, 0.01
WOR4, 0, 0, 0.019, 0.024, 0, 0, 0, 0, 0.016
WOR6, 0, 0, 0.008, 0.012, 0, 0, 0, 0, 0.008
WOR7, 0, 0, 0.016, 0.019, 0, 0, 0, 0, 0.016
Wall1, 0, 0, 0.031, 0.031, 0, 0, 0, 0, 0.022
Zixi1, 0, 0, 0.01, 0.007, 0, 0, 0, 0, 0.006
Zixi2, 0, 0, 0.011, 0.013, 0, 0, 0, 0, 0.007
Zixi3, 0, 0, 0.02, 0.022, 0, 0, 0, 0, 0.017
Zixi4, 0, 0, 0.016, 0.025, 0, 0, 0, 0, 0.013
Zixi5, 0, 0, 0.013, 0.013, 0, 0, 0, 0, 0.012
chloroArabidopsis, 0, 0, 0.018, 0.019, 0, 0, 0, 0, 0.012
chloroBryophyte, 0, 0, 0.02, 0.014, 0, 0, 0, 0, 0.012
chloroChlorophyta, 0, 0, 0.017, 0.02, 0, 0, 0, 0, 0.012
chloroLycophyte, 0, 0, 0.009, 0.005, 0, 0, 0, 0, 0.003
chloroRedAlgae, 0, 0, 0.012, 0.01, 0, 0, 0, 0, 0.01
mitoAnnelida, 0, 0, 0.008, 0.007, 0, 0, 0, 0, 0.006
mitoArabidopsis, 0, 0, 0.008, 0.008, 0, 0, 0, 0, 0.006
mitoBryophyte, 0, 0, 0.017, 0.018, 0, 0, 0, 0, 0.01
mitoChelicerate, 0, 0, 0.019, 0.021, 0, 0, 0, 0, 0.014
mitoChlorophyta, 0, 0, 0.02, 0.023, 0, 0, 0, 0, 0.014
mitoExcavata, 0, 0, 0.015, 0.015, 0, 0, 0, 0, 0.012
mitoFungi, 0, 0, 0.013, 0.014, 0, 0, 0, 0, 0.01
mitoInsect, 0, 0, 0.012, 0.011, 0, 0, 0, 0, 0.007
mitoLycophyte, 0, 0, 0.015, 0.015, 0, 0, 0, 0, 0.013
mitoMollusc, 0, 0, 0.007, 0.012, 0, 0, 0, 0, 0.005
mitoParamecium, 0, 0, 0.01, 0.009, 0, 0, 0, 0, 0.007
mitoPriapulid, 0, 0, 0.013, 0.014, 0, 0, 0, 0, 0.009
mitoRedAlgae, 0, 0, 0.009, 0.008, 0, 0, 0, 0, 0.005
