species_label, speciations, duplications, losses, transfers, presence, origination, copies, singletons, transfers_to
AABM5X2, 0, 0, 0.002, 0.003, 0, 0, 0, 0, 0.002
AABM5X3, 0, 0, 0.004, 0.005, 0, 0, 0, 0, 0.004
Abys1, 1, 0.002, 0.956, 0.108, 1, 0, 1, 0.313, 0.688
Acid1, 0, 0, 0.008, 0.005, 0, 0, 0, 0, 0.003
Acid10, 1, 0, 0.009, 0.099, 1, 0, 1, 0.821, 0.179
Acid11, 0, 0, 0.21, 0.019, 0, 0, 0, 0, 0.001
Acid12, 0, 0, 0.004, 0.006, 0, 0, 0, 0, 0.004
Acid14, 0, 0, 0.008, 0.005, 0, 0, 0, 0, 0.005
Acid16, 0, 0, 0.066, 0.018, 0, 0, 0, 0, 0.004
Acid17, 0, 0, 0.007, 0.005, 0, 0, 0, 0, 0.002
Acid18, 1, 0.001, 0.007, 0.053, 1, 0, 1, 0.194, 0.809
Acid2, 0, 0, 0.203, 0.012, 0, 0, 0, 0, 0.006
Acid20, 0, 0, 0.006, 0.006, 0, 0, 0, 0, 0.005
Acid21, 0, 0, 0.004, 0.004, 0, 0, 0, 0, 0.003
Acid22, 1, 0.003, 0.036, 0.17, 1, 0, 1, 0.839, 0.164
Acid23, 0, 0, 0.003, 0.003, 0, 0, 0, 0, 0.002
Acid24, 0, 0, 0.164, 0.05, 0, 0, 0, 0, 0.001
Acid25, 0, 0, 0.005, 0.005, 0, 0, 0, 0, 0.004
Acid26, 0, 0, 0.002, 0.002, 0, 0, 0, 0, 0
Acid27, 0, 0, 0.012, 0.009, 0, 0, 0, 0, 0.003
Acid28, 0, 0, 0.007, 0.005, 0, 0, 0, 0, 0.004
Acid29, 0, 0, 0.015, 0.011, 0, 0, 0, 0, 0.006
Acid3, 0, 0, 0.004, 0.004, 0, 0, 0, 0, 0.001
Acid30, 0, 0, 0.004, 0.003, 0, 0, 0, 0, 0.003
Acid31, 1, 0.001, 0.005, 0.117, 1, 0, 1, 0.207, 0.795
Acid32, 0, 0, 0.007, 0.006, 0, 0, 0, 0, 0.005
Acid33, 1, 0.004, 0.024, 0.306, 1, 0, 1, 0.334, 0.669
Acid34, 0, 0, 0.03, 0.013, 0, 0, 0, 0, 0.001
Acid35, 0, 0, 0.004, 0.005, 0, 0, 0, 0, 0.001
Acid36, 0, 0, 0.002, 0.002, 0, 0, 0, 0, 0.001
Acid37, 0, 0, 0.006, 0.009, 0, 0, 0, 0, 0.005
Acid38, 0, 0, 0.003, 0.002, 0, 0, 0, 0, 0.002
Acid39, 0, 0, 0.004, 0.003, 0, 0, 0, 0, 0.001
Acid4, 0, 0, 0.052, 0.028, 0, 0, 0, 0, 0.002
Acid40, 0, 0, 0.004, 0.006, 0, 0, 0, 0, 0.003
Acid5, 0, 0, 0.007, 0.006, 0, 0, 0, 0, 0.004
Acid6, 0, 0, 0.006, 0.006, 0, 0, 0, 0, 0.003
Acid7, 0, 0, 0.015, 0.008, 0, 0, 0, 0, 0.002
Acid8, 0, 0, 0.033, 0.019, 0, 0, 0, 0, 0.004
Acid9, 0, 0, 0.013, 0.01, 0, 0, 0, 0, 0.005
Acti10, 0, 0, 0.006, 0.006, 0, 0, 0, 0, 0.003
Acti11, 0, 0, 0.57, 0.078, 0, 0, 0, 0, 0.001
Acti12, 0, 0, 0.001, 0.002, 0, 0, 0, 0, 0.001
Acti13, 1, 0.003, 0.022, 0.149, 1, 0, 1, 0.208, 0.796
Acti14, 0, 0, 0.005, 0.006, 0, 0, 0, 0, 0.004
Acti15, 0, 0, 0.022, 0.014, 0, 0, 0, 0, 0.003
Acti16, 1, 0, 0.016, 0.007, 1, 0, 1, 0.998, 0.003
Acti18, 1, 0, 0.018, 0.011, 1, 0, 1, 0.998, 0.005
Acti19, 0, 0, 0.021, 0.014, 0, 0, 0, 0, 0.001
Acti2, 0, 0, 0.036, 0.02, 0, 0, 0, 0, 0.003
Acti20, 0, 0, 0.854, 0.107, 0, 0, 0, 0, 0.004
Acti21, 0, 0, 0.004, 0.005, 0, 0, 0, 0, 0.004
Acti22, 1, 0.003, 0.008, 0.217, 1, 0, 1, 0.564, 0.436
Acti23, 0, 0, 0.024, 0.017, 0, 0, 0, 0, 0.004
Acti24, 0, 0, 0.008, 0.009, 0, 0, 0, 0, 0.004
Acti25, 0, 0, 0.038, 0.024, 0, 0, 0, 0, 0.005
Acti26, 0, 0, 0.427, 0.053, 0, 0, 0, 0, 0.001
Acti27, 0, 0, 0.013, 0.011, 0, 0, 0, 0, 0.005
Acti29, 0, 0, 0.005, 0.007, 0, 0, 0, 0, 0.003
Acti3, 0, 0, 0.008, 0.008, 0, 0, 0, 0, 0.005
Acti30, 0, 0, 0.012, 0.007, 0, 0, 0, 0, 0.002
Acti31, 0, 0, 0.012, 0.008, 0, 0, 0, 0, 0.005
Acti32, 0, 0, 0.006, 0.005, 0, 0, 0, 0, 0.003
Acti33, 0, 0, 0.004, 0.003, 0, 0, 0, 0, 0.002
Acti34, 0, 0, 0.005, 0.005, 0, 0, 0, 0, 0.002
Acti35, 0, 0, 0.003, 0.002, 0, 0, 0, 0, 0.001
Acti36, 0, 0, 0.001, 0.002, 0, 0, 0, 0, 0.001
Acti37, 0, 0, 0.005, 0.004, 0, 0, 0, 0, 0.002
Acti38, 0, 0, 0.007, 0.003, 0, 0, 0, 0, 0.001
Acti39, 0, 0, 0.165, 0.044, 0, 0, 0, 0, 0.002
Acti4, 1, 0, 0.616, 0.255, 1, 0, 1, 0.153, 0.851
Acti40, 1, 0.001, 0.019, 0.076, 1, 0, 1, 0.26, 0.745
Acti41, 0, 0, 0.003, 0.003, 0, 0, 0, 0, 0.003
Acti42, 1, 0, 0.035, 0.083, 1, 0, 1, 0.835, 0.168
Acti43, 0, 0, 0.002, 0.002, 0, 0, 0, 0, 0.002
Acti44, 0, 0, 0.001, 0.001, 0, 0, 0, 0, 0.001
Acti45, 0, 0, 0.003, 0.003, 0, 0, 0, 0, 0.003
Acti46, 0, 0, 0.003, 0.005, 0, 0, 0, 0, 0.003
Acti48, 0, 0, 0.003, 0.003, 0, 0, 0, 0, 0.002
Acti49, 0, 0, 0.009, 0.007, 0, 0, 0, 0, 0.006
Acti5, 0, 0, 0.013, 0.006, 0, 0, 0, 0, 0.004
Acti50, 0, 0, 0.003, 0.005, 0, 0, 0, 0, 0.003
Acti51, 0, 0, 0.013, 0.01, 0, 0, 0, 0, 0.005
Acti52, 0, 0, 0.003, 0.003, 0, 0, 0, 0, 0.003
Acti6, 0, 0, 0.004, 0.003, 0, 0, 0, 0, 0.003
Acti7, 0, 0, 0.007, 0.006, 0, 0, 0, 0, 0.004
Acti8, 0, 0, 0.008, 0.005, 0, 0, 0, 0, 0.004
Acti9, 0, 0, 0.006, 0.005, 0, 0, 0, 0, 0.004
Aero1, 0, 0, 0.027, 0.016, 0, 0, 0, 0, 0.005
Aqui1, 1, 0.002, 0.011, 0.06, 1, 0, 1, 0.997, 0.005
Aqui2, 1, 0, 0.016, 0.005, 1, 0, 1, 0.991, 0.012
Aqui3, 1, 0, 0.024, 0.012, 1, 0, 1, 0.939, 0.063
Aqui4, 1, 0, 0.001, 0.025, 1, 0, 1, 0.273, 0.728
Aqui5, 0, 0, 0.959, 0.008, 0, 0, 0, 0, 0.003
Aqui6, 0, 0, 0.277, 0.014, 0, 0, 0, 0, 0.004
Arma11, 1, 0.009, 1.196, 0.262, 1, 0, 1, 0.391, 0.608
Arma12, 1, 0, 1.024, 0.054, 1, 0, 1, 0.999, 0.005
Arma13, 0, 0, 0.079, 0.049, 0, 0, 0, 0, 0.003
Arma14, 1, 0.002, 0.034, 0.04, 1, 0, 1, 0.974, 0.025
Arma15, 0, 0, 0.079, 0.053, 0, 0, 0, 0, 0.003
Arma16, 1, 0.001, 0.053, 0.058, 1, 0, 1, 0.937, 0.064
Arma3, 1, 0.001, 0.298, 0.184, 1, 0, 1, 0.254, 0.754
Arma4, 0, 0, 1.01, 0.036, 0, 0, 0, 0, 0.003
Arma6, 0, 0, 0.31, 0.174, 0, 0, 0, 0, 0.002
Arma7, 2, 0, 0.067, 0.069, 1, 0, 2, 1.955, 0.048
Arma9, 1, 0.005, 0.029, 0.183, 1, 0, 1, 0.925, 0.071
Aure1, 0, 0, 0.023, 0.019, 0, 0, 0, 0, 0.009
Aure2, 0, 0, 0.018, 0.012, 0, 0, 0, 0, 0.004
Aure3, 0, 0, 0.146, 0.085, 0, 0, 0, 0, 0.001
B130X1, 0, 0, 0.337, 0.103, 0, 0, 0, 0, 0.007
BMS3X1, 0, 0, 0.052, 0.031, 0, 0, 0, 0, 0.002
Bact1, 0, 0, 0.007, 0.008, 0, 0, 0, 0, 0.006
Bact10, 0, 0, 0.005, 0.006, 0, 0, 0, 0, 0.004
Bact11, 0, 0, 0.005, 0.004, 0, 0, 0, 0, 0.004
Bact12, 0, 0, 0.003, 0.003, 0, 0, 0, 0, 0.002
Bact13, 0, 0, 0.005, 0.003, 0, 0, 0, 0, 0.003
Bact14, 0, 0, 0.004, 0.004, 0, 0, 0, 0, 0.002
Bact16, 0, 0, 0.003, 0.004, 0, 0, 0, 0, 0.003
Bact17, 0, 0, 0.003, 0.003, 0, 0, 0, 0, 0.001
Bact18, 0, 0, 0.003, 0.004, 0, 0, 0, 0, 0.003
Bact19, 0, 0, 0.003, 0.003, 0, 0, 0, 0, 0.002
Bact2, 0, 0, 0.012, 0.013, 0, 0, 0, 0, 0.01
Bact20, 0, 0, 0.004, 0.004, 0, 0, 0, 0, 0.003
Bact21, 0, 0, 0.001, 0, 0, 0, 0, 0, 0
Bact22, 0, 0, 0.007, 0.006, 0, 0, 0, 0, 0.003
Bact23, 0, 0, 0.007, 0.008, 0, 0, 0, 0, 0.004
Bact24, 0, 0, 0.007, 0.004, 0, 0, 0, 0, 0.004
Bact25, 0, 0, 0.005, 0.004, 0, 0, 0, 0, 0.002
Bact27, 0, 0, 0.003, 0.001, 0, 0, 0, 0, 0
Bact28, 0, 0, 0.007, 0.005, 0, 0, 0, 0, 0.004
Bact3, 0, 0, 0.002, 0, 0, 0, 0, 0, 0
Bact30, 0, 0, 0.006, 0.005, 0, 0, 0, 0, 0.003
Bact31, 0, 0, 0.002, 0.002, 0, 0, 0, 0, 0.002
Bact32, 0, 0, 0.01, 0.009, 0, 0, 0, 0, 0.007
Bact33, 0, 0, 0.006, 0.006, 0, 0, 0, 0, 0.004
Bact34, 0, 0, 0.001, 0.001, 0, 0, 0, 0, 0
Bact35, 0, 0, 0.005, 0.005, 0, 0, 0, 0, 0.003
Bact36, 0, 0, 0.002, 0.001, 0, 0, 0, 0, 0.001
Bact37, 0, 0, 0.004, 0.005, 0, 0, 0, 0, 0.004
Bact38, 0, 0, 0.005, 0.006, 0, 0, 0, 0, 0.005
Bact39, 0, 0, 0.009, 0.008, 0, 0, 0, 0, 0.007
Bact4, 0, 0, 0.006, 0.005, 0, 0, 0, 0, 0.004
Bact40, 0, 0, 0.006, 0.006, 0, 0, 0, 0, 0.004
Bact41, 0, 0, 0.005, 0.003, 0, 0, 0, 0, 0.003
Bact42, 0, 0, 0.004, 0.004, 0, 0, 0, 0, 0.004
Bact43, 0, 0, 0.005, 0.006, 0, 0, 0, 0, 0.004
Bact44, 0, 0, 0.004, 0.004, 0, 0, 0, 0, 0.002
Bact5, 0, 0, 0.001, 0.001, 0, 0, 0, 0, 0.001
Bact6, 0, 0, 0.004, 0.002, 0, 0, 0, 0, 0.002
Bact7, 0, 0, 0.01, 0.013, 0, 0, 0, 0, 0.009
Bact8, 0, 0, 0.002, 0.001, 0, 0, 0, 0, 0.001
Bact9, 0, 0, 0.002, 0.002, 0, 0, 0, 0, 0.002
Bdell10, 0, 0, 0.009, 0.007, 0, 0, 0, 0, 0.004
Bdell11, 0, 0, 0.003, 0.002, 0, 0, 0, 0, 0.002
Bdell12, 0, 0, 0.005, 0.003, 0, 0, 0, 0, 0.003
Bdell13, 0, 0, 0.014, 0.009, 0, 0, 0, 0, 0.003
Bdell14, 0, 0, 0.005, 0.004, 0, 0, 0, 0, 0.001
Bdell15, 0, 0, 0.005, 0.005, 0, 0, 0, 0, 0.003
Bdell16, 0, 0, 0.004, 0.005, 0, 0, 0, 0, 0.003
Bdell17, 0, 0, 0.003, 0.002, 0, 0, 0, 0, 0.002
Bdell2, 0, 0, 0.007, 0.004, 0, 0, 0, 0, 0.002
Bdell3, 0, 0, 0.007, 0.008, 0, 0, 0, 0, 0.005
Bdell4, 0, 0, 0.005, 0.003, 0, 0, 0, 0, 0.001
Bdell5, 0, 0, 0.007, 0.005, 0, 0, 0, 0, 0.001
Bdell6, 0, 0, 0.009, 0.01, 0, 0, 0, 0, 0.004
Bdell7, 0, 0, 0.008, 0.005, 0, 0, 0, 0, 0.002
Bdell9, 0, 0, 0.006, 0.005, 0, 0, 0, 0, 0.004
BdellC1, 0, 0, 0.012, 0.006, 0, 0, 0, 0, 0.001
BdellC2, 0, 0, 0.013, 0.009, 0, 0, 0, 0, 0.002
Bipo1, 0, 0, 0.043, 0.033, 0, 0, 0, 0, 0.004
Bipo2, 0, 0, 0.044, 0.027, 0, 0, 0, 0, 0.005
CG267X1, 0, 0, 0.079, 0.051, 0, 0, 0, 0, 0.001
CG294X1, 0, 0, 0.086, 0.064, 0, 0, 0, 0, 0.008
CSP1X1, 1, 0.011, 0.492, 0.939, 1, 0, 1, 0.653, 0.341
Calda1, 0, 0.001, 0.052, 0.039, 0, 0, 0, 0, 0.002
Calda2, 0, 0, 0.052, 0.03, 0, 0, 0, 0, 0.003
Caldit1, 1, 0, 0.003, 0.001, 1, 0, 1, 0.999, 0.002
Caldit2, 1, 0, 0.003, 0.001, 1, 0, 1, 0.999, 0.002
Caldit3, 0, 0, 0.196, 0.008, 0, 0, 0, 0, 0.004
Camp1, 0, 0, 0.009, 0.009, 0, 0, 0, 0, 0.004
Camp10, 0, 0, 0.005, 0.004, 0, 0, 0, 0, 0.002
Camp11, 0, 0, 0.008, 0.004, 0, 0, 0, 0, 0
Camp12, 0, 0, 0.01, 0.005, 0, 0, 0, 0, 0.005
Camp13, 0, 0, 0.009, 0.005, 0, 0, 0, 0, 0.002
Camp14, 0, 0, 0.01, 0.013, 0, 0, 0, 0, 0.006
Camp15, 0, 0, 0.005, 0.003, 0, 0, 0, 0, 0.001
Camp16, 0, 0, 0.297, 0.058, 0, 0, 0, 0, 0.001
Camp2, 0, 0, 0.011, 0.008, 0, 0, 0, 0, 0.004
Camp3, 0, 0, 0.007, 0.004, 0, 0, 0, 0, 0.002
Camp4, 1, 0.006, 0.007, 0.325, 1, 0, 1, 0.294, 0.705
Camp5, 0, 0, 0.003, 0.001, 0, 0, 0, 0, 0
Camp6, 0, 0, 0.01, 0.004, 0, 0, 0, 0, 0.003
Camp7, 0, 0, 0.005, 0.002, 0, 0, 0, 0, 0.001
Camp9, 0, 0, 0.007, 0.009, 0, 0, 0, 0, 0
Chlo10, 0, 0, 0.752, 0.01, 0, 0, 0, 0, 0.004
Chlo11, 0, 0, 0.013, 0.014, 0, 0, 0, 0, 0.005
Chlo12, 0, 0, 0.015, 0.012, 0, 0, 0, 0, 0.006
Chlo13, 0, 0, 0.623, 0.01, 0, 0, 0, 0, 0.003
Chlo14, 1, 0.009, 0.02, 0.659, 1, 0, 1, 0.692, 0.301
Chlo15, 0, 0, 0.008, 0.006, 0, 0, 0, 0, 0.003
Chlo16, 0, 0, 0.007, 0.006, 0, 0, 0, 0, 0.004
Chlo17, 0, 0, 0.006, 0.005, 0, 0, 0, 0, 0.005
Chlo18, 1, 0.002, 0.008, 0.149, 1, 0, 1, 0.285, 0.719
Chlo19, 0, 0, 0.006, 0.005, 0, 0, 0, 0, 0.001
Chlo20, 0, 0, 0.007, 0.007, 0, 0, 0, 0, 0.005
Chlo21, 0, 0, 0.028, 0.017, 0, 0, 0, 0, 0.004
Chlo22, 0, 0, 0.004, 0.004, 0, 0, 0, 0, 0.002
Chlo23, 0, 0, 0.002, 0.001, 0, 0, 0, 0, 0.001
Chlo24, 0, 0, 0.014, 0.01, 0, 0, 0, 0, 0.005
Chlo25, 0, 0, 0.01, 0.005, 0, 0, 0, 0, 0.003
Chlo26, 0, 0, 0.009, 0.006, 0, 0, 0, 0, 0.001
Chlo27, 1, 0, 0.004, 0.004, 1, 0, 1, 0.999, 0.004
Chlo28, 0, 0, 0.219, 0.02, 0, 0, 0, 0, 0.002
Chlo29, 0, 0, 0.023, 0.012, 0, 0, 0, 0, 0.005
Chlo30, 0, 0, 0.003, 0.002, 0, 0, 0, 0, 0.001
Chlo31, 0, 0, 0.012, 0.01, 0, 0, 0, 0, 0.005
Chlo32, 0, 0, 0.008, 0.007, 0, 0, 0, 0, 0.004
Chlo33, 0, 0, 0.085, 0.015, 0, 0, 0, 0, 0.006
Chlo34, 0, 0, 0.001, 0.001, 0, 0, 0, 0, 0.001
Chlo35, 0, 0, 0.024, 0.014, 0, 0, 0, 0, 0
Chlo36, 0, 0, 0.686, 0.03, 0, 0, 0, 0, 0.003
Chlo37, 0, 0, 0.005, 0.004, 0, 0, 0, 0, 0.003
Chlo38, 0, 0, 0.008, 0.005, 0, 0, 0, 0, 0.003
Chlo39, 0, 0, 0.007, 0.005, 0, 0, 0, 0, 0.004
Chlo4, 1, 0, 0.003, 0.144, 1, 0, 1, 0.251, 0.749
Chlo40, 1, 0.003, 0.005, 0.047, 1, 0, 1, 0.681, 0.319
Chlo41, 0, 0, 0.005, 0.005, 0, 0, 0, 0, 0.002
Chlo42, 0, 0, 0.004, 0.005, 0, 0, 0, 0, 0.004
Chlo43, 0, 0, 0.009, 0.009, 0, 0, 0, 0, 0.003
Chlo44, 0, 0, 0.004, 0.007, 0, 0, 0, 0, 0.003
Chlo45, 0, 0, 1.004, 0.373, 0, 0, 0, 0, 0.004
Chlo46, 1, 0.004, 0.011, 0.363, 1, 0, 1, 0.993, 0.007
Chlo47, 0, 0, 0.684, 0.002, 0, 0, 0, 0, 0
Chlo48, 1, 0, 0.003, 0.019, 1, 0, 1, 0.745, 0.255
Chlo5, 0, 0, 0.007, 0.007, 0, 0, 0, 0, 0.004
Chlo6, 0, 0, 0.289, 0.047, 0, 0, 0, 0, 0.002
Chlo7, 0, 0, 0.008, 0.006, 0, 0, 0, 0, 0.003
Chlo8, 0, 0, 0.062, 0.006, 0, 0, 0, 0, 0.001
Chlo9, 0, 0, 0.028, 0.012, 0, 0, 0, 0, 0.004
Chry1, 0, 0, 0.102, 0.065, 0, 0, 0, 0, 0.005
Cloa1, 0, 0, 0.045, 0.009, 0, 0, 0, 0, 0.003
Cyan1, 0, 0, 0.049, 0.035, 0, 0, 0, 0, 0.002
Cyan10, 1, 0, 0.014, 0.01, 1, 0, 1, 1, 0.002
Cyan11, 1, 0, 0.416, 0.01, 1, 0, 1, 0.994, 0.008
Cyan12, 1, 0, 0.021, 0.01, 1, 0, 1, 1, 0.004
Cyan13, 1, 0, 0.013, 0.007, 1, 0, 1, 1, 0.003
Cyan14, 1, 0, 0.005, 0.023, 1, 0, 1, 1, 0.003
Cyan15, 1, 0, 0.004, 0.003, 1, 0, 1, 0.999, 0.002
Cyan16, 1, 0, 0.01, 0.003, 1, 0, 1, 1, 0.002
Cyan18, 1, 0, 0.013, 0.008, 1, 0, 1, 1, 0.003
Cyan19, 1, 0, 0.057, 0.016, 1, 0, 1, 0.993, 0.01
Cyan2, 0, 0, 0.049, 0.032, 0, 0, 0, 0, 0.002
Cyan20, 1, 0, 0.02, 0.001, 1, 0, 1, 1, 0.001
Cyan21, 1, 0, 1.009, 0.006, 1, 0, 1, 0.998, 0.004
Cyan22, 1, 0, 0.13, 0.033, 1, 0, 1, 0.005, 0.997
Cyan23, 1, 0, 0.377, 0.028, 1, 0, 1, 0.033, 0.971
Cyan24, 1, 0.005, 0.522, 0.627, 1, 0, 1, 0.95, 0.048
Cyan25, 1, 0, 0.349, 0.027, 1, 0, 1, 0.997, 0.004
Cyan26, 1, 0, 0.991, 0.007, 1, 0, 1, 0.419, 0.583
Cyan27, 1, 0, 0.005, 0.007, 1, 0, 1, 0.99, 0.014
Cyan28, 1, 0, 0.007, 0.118, 1, 0, 1, 0.269, 0.734
Cyan29, 1, 0, 0.01, 0.007, 1, 0, 1, 1, 0.002
Cyan3, 1, 0, 0.009, 0.003, 1, 0, 1, 0.999, 0.004
Cyan30, 1, 0, 0.892, 0.33, 1, 0, 1, 0.964, 0.04
Cyan31, 1, 0, 0.017, 0.009, 1, 0, 1, 0.999, 0.003
Cyan32, 1, 0.005, 1.007, 0.211, 1, 0, 1, 0.993, 0.007
Cyan33, 1, 0, 1.008, 0.006, 1, 0, 1, 0.999, 0.003
Cyan34, 1, 0, 0.015, 0.007, 1, 0, 1, 1, 0.001
Cyan35, 1, 0, 0.157, 0.067, 1, 0, 1, 0.994, 0.009
Cyan36, 1, 0, 0.135, 0.069, 1, 0, 1, 0.798, 0.203
Cyan37, 1, 0, 0.61, 0.186, 1, 0, 1, 0.914, 0.088
Cyan38, 1, 0, 0.087, 0.01, 1, 0, 1, 0.805, 0.198
Cyan4, 0, 0, 0.013, 0.008, 0, 0, 0, 0, 0.005
Cyan40, 0, 0, 0.996, 0.008, 0, 0, 0, 0, 0.005
Cyan41, 1, 0, 1.011, 0.196, 1, 0, 1, 1, 0.004
Cyan42, 1, 0, 0.011, 0.011, 1, 0, 1, 1, 0.006
Cyan43, 1, 0.002, 1.002, 0.378, 1, 0, 1, 0.262, 0.742
Cyan44, 1, 0, 0.028, 0.024, 1, 0, 1, 1, 0.003
Cyan45, 1, 0, 0.014, 0.004, 1, 0, 1, 1, 0.002
Cyan46, 1, 0, 1.003, 0.21, 1, 0, 1, 0.997, 0.008
Cyan47, 1, 0, 0.027, 0.017, 1, 0, 1, 1, 0.002
Cyan7, 0, 0, 0.233, 0.067, 0, 0, 0, 0, 0.005
Cyan8, 0, 0, 0.032, 0.021, 0, 0, 0, 0, 0.003
Cyan9, 0, 0, 0.011, 0.009, 0, 0, 0, 0, 0.003
DTU0X1, 0, 0, 0.013, 0.011, 0, 0, 0, 0, 0.006
Defe1, 0, 0, 0.03, 0.016, 0, 0, 0, 0, 0.004
Defe2, 0, 0, 0.01, 0.005, 0, 0, 0, 0, 0.004
Defe3, 0, 0, 0.006, 0.007, 0, 0, 0, 0, 0
Dein1, 0, 0, 1.926, 0.004, 0, 0, 0, 0, 0.001
Dein2, 1, 0, 0.053, 0.034, 1, 0, 1, 0.965, 0.036
Dein3, 0, 0, 0.965, 0.006, 0, 0, 0, 0, 0.001
Dein4, 1, 0, 0.015, 0.008, 1, 0, 1, 0.998, 0.006
Dein5, 2, 0, 0.008, 0.054, 1, 0, 2, 1.923, 0.083
Dein6, 1, 0, 0.013, 0.01, 1, 0, 1, 0.998, 0.004
Dein7, 1, 0.001, 0.009, 0.032, 1, 0, 1, 0.961, 0.044
Desa1, 0, 0, 0.027, 0.013, 0, 0, 0, 0, 0.001
DesuB1, 1, 0, 0.318, 0.108, 1, 0, 1, 0.162, 0.842
DesuB2, 1, 0.002, 0.182, 0.305, 1, 0, 1, 0.297, 0.704
DesuB3, 1, 0, 0.013, 0.008, 1, 0, 1, 0.999, 0.001
DesuB4, 1, 0, 0.016, 0.007, 1, 0, 1, 0.999, 0.004
DesuC1, 0, 0, 0.019, 0.012, 0, 0, 0, 0, 0.002
DesuC2, 0, 0, 0.019, 0.014, 0, 0, 0, 0, 0.002
DesuD1, 0, 0, 0.006, 0.006, 0, 0, 0, 0, 0.002
DesuD2, 0, 0, 0.008, 0.006, 0, 0, 0, 0, 0.004
Desua1, 0, 0, 0.004, 0.004, 0, 0, 0, 0, 0.004
Desua10, 0, 0, 0.002, 0, 0, 0, 0, 0, 0
Desua11, 0, 0, 0.001, 0.001, 0, 0, 0, 0, 0.001
Desua12, 0, 0, 0.001, 0.001, 0, 0, 0, 0, 0.001
Desua13, 0, 0, 0.005, 0.002, 0, 0, 0, 0, 0.001
Desua14, 0, 0, 0.009, 0.006, 0, 0, 0, 0, 0.005
Desua15, 0, 0, 0.007, 0.006, 0, 0, 0, 0, 0.005
Desua16, 0, 0, 0.008, 0.008, 0, 0, 0, 0, 0.006
Desua17, 1, 0, 0.006, 0.004, 1, 0, 1, 1, 0.002
Desua18, 1, 0, 0.005, 0.002, 1, 0, 1, 1, 0.001
Desua19, 0, 0, 0.003, 0.003, 0, 0, 0, 0, 0.003
Desua2, 0, 0, 0.007, 0.005, 0, 0, 0, 0, 0.002
Desua20, 0, 0, 0.137, 0.009, 0, 0, 0, 0, 0.002
Desua21, 0, 0, 0.008, 0.011, 0, 0, 0, 0, 0.006
Desua22, 0, 0, 0.007, 0.005, 0, 0, 0, 0, 0.004
Desua23, 0, 0, 0.009, 0.009, 0, 0, 0, 0, 0.006
Desua24, 1, 0, 0.01, 0.014, 1, 0, 1, 0.998, 0.009
Desua25, 0, 0, 0.006, 0.007, 0, 0, 0, 0, 0.005
Desua26, 0, 0, 0.004, 0.006, 0, 0, 0, 0, 0.002
Desua27, 0, 0, 0.006, 0.007, 0, 0, 0, 0, 0.006
Desua28, 0, 0, 0.01, 0.013, 0, 0, 0, 0, 0.006
Desua29, 0, 0, 0.004, 0.005, 0, 0, 0, 0, 0.003
Desua3, 0, 0, 0.003, 0.003, 0, 0, 0, 0, 0.001
Desua30, 0, 0, 0.004, 0.002, 0, 0, 0, 0, 0.002
Desua31, 0, 0, 0.003, 0.003, 0, 0, 0, 0, 0.001
Desua32, 0, 0, 0.003, 0.002, 0, 0, 0, 0, 0.001
Desua33, 0, 0, 0.003, 0.003, 0, 0, 0, 0, 0.003
Desua34, 0, 0, 0.001, 0.001, 0, 0, 0, 0, 0.001
Desua35, 0, 0, 0.008, 0.005, 0, 0, 0, 0, 0.004
Desua36, 0, 0, 0.001, 0.001, 0, 0, 0, 0, 0.001
Desua37, 0, 0, 0.011, 0.01, 0, 0, 0, 0, 0.004
Desua38, 0, 0, 0.001, 0.001, 0, 0, 0, 0, 0.001
Desua39, 0, 0, 0.004, 0.003, 0, 0, 0, 0, 0.002
Desua4, 0, 0, 0.005, 0.007, 0, 0, 0, 0, 0.003
Desua40, 0, 0, 0.006, 0.006, 0, 0, 0, 0, 0.004
Desua41, 0, 0, 0.005, 0.003, 0, 0, 0, 0, 0.001
Desua42, 0, 0, 0.003, 0.003, 0, 0, 0, 0, 0.002
Desua43, 0, 0, 0.005, 0.005, 0, 0, 0, 0, 0.003
Desua44, 0, 0, 0.007, 0.005, 0, 0, 0, 0, 0.003
Desua45, 0, 0, 0.05, 0.03, 0, 0, 0, 0, 0.005
Desua46, 0, 0, 0.004, 0.003, 0, 0, 0, 0, 0.003
Desua47, 0, 0, 0.004, 0.004, 0, 0, 0, 0, 0.003
Desua48, 0, 0, 0.004, 0.004, 0, 0, 0, 0, 0.004
Desua49, 0, 0, 0.003, 0.002, 0, 0, 0, 0, 0.001
Desua5, 0, 0, 0.144, 0.052, 0, 0, 0, 0, 0.004
Desua50, 0, 0, 0.004, 0.002, 0, 0, 0, 0, 0
Desua51, 0, 0, 0.002, 0.003, 0, 0, 0, 0, 0
Desua52, 0, 0, 0.004, 0.004, 0, 0, 0, 0, 0.002
Desua53, 0, 0, 0.009, 0.008, 0, 0, 0, 0, 0.007
Desua54, 0, 0, 0.002, 0.001, 0, 0, 0, 0, 0.001
Desua6, 0, 0, 0.005, 0.006, 0, 0, 0, 0, 0.003
Desua7, 0, 0, 0.008, 0.007, 0, 0, 0, 0, 0.006
Desua8, 0, 0, 0.005, 0.002, 0, 0, 0, 0, 0
Desua9, 1, 0, 0.008, 0.004, 1, 0, 1, 0.999, 0.004
Dict1, 0, 0, 0.071, 0.043, 0, 0, 0, 0, 0.003
Dorm1, 0, 0, 0.005, 0.002, 0, 0, 0, 0, 0.002
Dorm2, 0, 0, 0.005, 0.007, 0, 0, 0, 0, 0.002
Dorm3, 1, 0.001, 0.02, 0.209, 1, 0, 1, 0.644, 0.359
Dorm4, 0, 0, 0.063, 0.033, 0, 0, 0, 0, 0.004
Dorm5, 0, 0, 0.019, 0.012, 0, 0, 0, 0, 0.006
Edwa1, 0, 0, 0.066, 0.007, 0, 0, 0, 0, 0.002
Eise1, 0, 0, 0.002, 0.003, 0, 0, 0, 0, 0.002
Eise2, 0, 0, 0.005, 0.005, 0, 0, 0, 0, 0.005
Eise3, 0, 0, 0.003, 0.005, 0, 0, 0, 0, 0
Eise4, 0, 0, 0.008, 0.006, 0, 0, 0, 0, 0.005
Elus1, 0, 0, 0.013, 0.011, 0, 0, 0, 0, 0.005
Elus10, 0, 0, 0.004, 0.003, 0, 0, 0, 0, 0.003
Elus2, 0, 0, 0.005, 0.005, 0, 0, 0, 0, 0.005
Elus3, 0, 0, 0.005, 0.004, 0, 0, 0, 0, 0.004
Elus4, 1, 0.001, 0.003, 0.229, 1, 0, 1, 0.079, 0.923
Elus5, 0, 0, 0.002, 0.002, 0, 0, 0, 0, 0.002
Elus6, 0, 0, 0.006, 0.005, 0, 0, 0, 0, 0.004
Elus7, 0, 0, 0.023, 0.012, 0, 0, 0, 0, 0.008
Elus8, 0, 0, 0.006, 0.006, 0, 0, 0, 0, 0.004
Elus9, 0, 0, 0.004, 0.005, 0, 0, 0, 0, 0.003
Erem2, 0, 0, 0.323, 0.047, 0, 0, 0, 0, 0.001
Erem3, 0, 0, 0.353, 0.049, 0, 0, 0, 0, 0.004
Erem4, 0, 0, 0.037, 0.021, 0, 0, 0, 0, 0.004
Erem5, 0, 0, 0.036, 0.03, 0, 0, 0, 0, 0.003
Erem6, 1, 0.003, 0.01, 0.202, 1, 0, 1, 0.521, 0.481
FCPU1, 0, 0, 0.011, 0.007, 0, 0, 0, 0, 0.004
FCPU2, 0, 0, 0.011, 0.01, 0, 0, 0, 0, 0.004
Ferm1, 1, 0.002, 0.005, 0.104, 1, 0, 1, 0.154, 0.848
Fibr1, 0, 0, 0.007, 0.006, 0, 0, 0, 0, 0.006
Fibr2, 0, 0, 0.003, 0.004, 0, 0, 0, 0, 0.003
Fibr3, 0, 0, 0.006, 0.005, 0, 0, 0, 0, 0.002
Fibr4, 0, 0, 0.001, 0.001, 0, 0, 0, 0, 0.001
Fibr5, 0, 0, 0.006, 0.007, 0, 0, 0, 0, 0.005
Fibr6, 0, 0, 0.003, 0.003, 0, 0, 0, 0, 0.003
Fire1, 0, 0, 0.031, 0.022, 0, 0, 0, 0, 0.006
FirmA1, 0, 0, 0.007, 0.006, 0, 0, 0, 0, 0.003
FirmA10, 0, 0, 0.007, 0.008, 0, 0, 0, 0, 0.005
FirmA100, 0, 0, 0.003, 0.002, 0, 0, 0, 0, 0.001
FirmA101, 0, 0, 0.004, 0.005, 0, 0, 0, 0, 0.002
FirmA102, 0, 0, 0.004, 0.004, 0, 0, 0, 0, 0.002
FirmA103, 0, 0, 0.005, 0.004, 0, 0, 0, 0, 0.004
FirmA104, 0, 0, 0.003, 0.002, 0, 0, 0, 0, 0.001
FirmA105, 0, 0, 0.01, 0.007, 0, 0, 0, 0, 0.006
FirmA106, 0, 0, 0.006, 0.008, 0, 0, 0, 0, 0.004
FirmA107, 0, 0, 0.004, 0.003, 0, 0, 0, 0, 0.002
FirmA108, 0, 0, 0.006, 0.008, 0, 0, 0, 0, 0.006
FirmA109, 0, 0, 0.007, 0.007, 0, 0, 0, 0, 0.006
FirmA11, 0, 0, 0.068, 0.027, 0, 0, 0, 0, 0.003
FirmA110, 0, 0, 0.006, 0.003, 0, 0, 0, 0, 0.001
FirmA111, 0, 0, 0.06, 0.026, 0, 0, 0, 0, 0.002
FirmA112, 0, 0, 0.005, 0.002, 0, 0, 0, 0, 0.002
FirmA113, 0, 0, 0.011, 0.007, 0, 0, 0, 0, 0.002
FirmA114, 0, 0, 0.006, 0.009, 0, 0, 0, 0, 0.003
FirmA12, 0, 0, 0.007, 0.009, 0, 0, 0, 0, 0.004
FirmA14, 0, 0, 0.013, 0.009, 0, 0, 0, 0, 0.004
FirmA16, 0, 0, 0.003, 0.002, 0, 0, 0, 0, 0.002
FirmA18, 0, 0, 0.003, 0.006, 0, 0, 0, 0, 0.002
FirmA19, 0, 0, 0.01, 0.008, 0, 0, 0, 0, 0.002
FirmA2, 0, 0, 0.011, 0.006, 0, 0, 0, 0, 0.004
FirmA20, 0, 0, 0.004, 0.005, 0, 0, 0, 0, 0.002
FirmA21, 0, 0, 0.003, 0.003, 0, 0, 0, 0, 0.003
FirmA24, 0, 0, 0.004, 0.004, 0, 0, 0, 0, 0.004
FirmA25, 0, 0, 0.003, 0.002, 0, 0, 0, 0, 0.001
FirmA26, 0, 0, 0.006, 0.005, 0, 0, 0, 0, 0.004
FirmA27, 0, 0, 0.006, 0.006, 0, 0, 0, 0, 0.003
FirmA28, 0, 0, 0.011, 0.01, 0, 0, 0, 0, 0.008
FirmA29, 0, 0, 0.009, 0.009, 0, 0, 0, 0, 0.006
FirmA30, 0, 0, 0.004, 0.002, 0, 0, 0, 0, 0.001
FirmA31, 0, 0, 0.008, 0.012, 0, 0, 0, 0, 0.004
FirmA32, 0, 0, 0.002, 0.001, 0, 0, 0, 0, 0.001
FirmA33, 0, 0, 0.001, 0.001, 0, 0, 0, 0, 0.001
FirmA34, 0, 0, 0.002, 0.003, 0, 0, 0, 0, 0.001
FirmA35, 0, 0, 0.003, 0.003, 0, 0, 0, 0, 0.003
FirmA36, 0, 0, 0.01, 0.006, 0, 0, 0, 0, 0.002
FirmA37, 0, 0, 0.007, 0.004, 0, 0, 0, 0, 0.002
FirmA38, 0, 0, 0.002, 0.002, 0, 0, 0, 0, 0.001
FirmA39, 0, 0, 0.001, 0.001, 0, 0, 0, 0, 0
FirmA40, 0, 0, 0.005, 0.005, 0, 0, 0, 0, 0.004
FirmA41, 0, 0, 0.002, 0.002, 0, 0, 0, 0, 0
FirmA42, 0, 0, 0.001, 0.001, 0, 0, 0, 0, 0.001
FirmA43, 0, 0, 0.005, 0.005, 0, 0, 0, 0, 0.004
FirmA44, 0, 0, 0.014, 0.008, 0, 0, 0, 0, 0.003
FirmA45, 0, 0, 0.007, 0.008, 0, 0, 0, 0, 0.006
FirmA46, 0, 0, 0.002, 0.003, 0, 0, 0, 0, 0.002
FirmA47, 0, 0, 0.003, 0.003, 0, 0, 0, 0, 0.003
FirmA48, 0, 0, 0.004, 0.004, 0, 0, 0, 0, 0.002
FirmA49, 0, 0, 0.003, 0.003, 0, 0, 0, 0, 0.003
FirmA5, 0, 0, 0.003, 0.003, 0, 0, 0, 0, 0.003
FirmA50, 0, 0, 0.005, 0.003, 0, 0, 0, 0, 0.003
FirmA51, 0, 0, 0.005, 0.004, 0, 0, 0, 0, 0.002
FirmA52, 0, 0, 0.008, 0.009, 0, 0, 0, 0, 0.006
FirmA53, 0, 0, 0.001, 0.002, 0, 0, 0, 0, 0.001
FirmA54, 1, 0.003, 0.006, 0.109, 1, 0, 1, 0.768, 0.23
FirmA55, 0, 0, 0.008, 0.006, 0, 0, 0, 0, 0.004
FirmA56, 0, 0, 0.004, 0.005, 0, 0, 0, 0, 0.002
FirmA57, 0, 0, 0.002, 0.003, 0, 0, 0, 0, 0.001
FirmA58, 0, 0, 0.004, 0.005, 0, 0, 0, 0, 0.003
FirmA59, 0, 0, 0.003, 0.002, 0, 0, 0, 0, 0.001
FirmA6, 0, 0, 0.003, 0.004, 0, 0, 0, 0, 0.003
FirmA60, 0, 0, 0.004, 0.003, 0, 0, 0, 0, 0.002
FirmA61, 0, 0, 0.006, 0.004, 0, 0, 0, 0, 0.003
FirmA62, 0, 0, 0.002, 0.002, 0, 0, 0, 0, 0.002
FirmA63, 0, 0, 0.003, 0.003, 0, 0, 0, 0, 0.002
FirmA64, 0, 0, 0.005, 0.005, 0, 0, 0, 0, 0.005
FirmA65, 0, 0, 0.002, 0.002, 0, 0, 0, 0, 0.002
FirmA66, 0, 0, 0.004, 0.006, 0, 0, 0, 0, 0.001
FirmA67, 0, 0, 0.005, 0.007, 0, 0, 0, 0, 0.003
FirmA68, 0, 0, 0.004, 0.003, 0, 0, 0, 0, 0.003
FirmA69, 0, 0, 0.002, 0.001, 0, 0, 0, 0, 0.001
FirmA7, 0, 0, 0.003, 0.004, 0, 0, 0, 0, 0.003
FirmA70, 0, 0, 0.003, 0.003, 0, 0, 0, 0, 0.001
FirmA71, 0, 0, 0.003, 0.002, 0, 0, 0, 0, 0
FirmA72, 0, 0, 0.003, 0.003, 0, 0, 0, 0, 0.003
FirmA73, 0, 0, 0.004, 0.004, 0, 0, 0, 0, 0.004
FirmA74, 0, 0, 0.005, 0.006, 0, 0, 0, 0, 0.003
FirmA75, 0, 0, 0.005, 0.004, 0, 0, 0, 0, 0.003
FirmA76, 0, 0, 0.003, 0.001, 0, 0, 0, 0, 0.001
FirmA77, 0, 0, 0.002, 0.003, 0, 0, 0, 0, 0.002
FirmA78, 0, 0, 0.002, 0.002, 0, 0, 0, 0, 0
FirmA79, 0, 0, 0.007, 0.006, 0, 0, 0, 0, 0.005
FirmA8, 0, 0, 0.003, 0.003, 0, 0, 0, 0, 0.003
FirmA80, 0, 0, 0.003, 0.002, 0, 0, 0, 0, 0.002
FirmA81, 0, 0, 0.013, 0.011, 0, 0, 0, 0, 0.005
FirmA83, 0, 0, 0.003, 0.003, 0, 0, 0, 0, 0.003
FirmA84, 0, 0, 0.003, 0.003, 0, 0, 0, 0, 0.002
FirmA85, 0, 0, 0.004, 0.003, 0, 0, 0, 0, 0.001
FirmA86, 0, 0, 0.003, 0.002, 0, 0, 0, 0, 0.002
FirmA87, 0, 0, 0.006, 0.005, 0, 0, 0, 0, 0.002
FirmA88, 0, 0, 0.005, 0.003, 0, 0, 0, 0, 0.003
FirmA89, 0, 0, 0.006, 0.006, 0, 0, 0, 0, 0.001
FirmA9, 0, 0, 0.003, 0.002, 0, 0, 0, 0, 0.002
FirmA90, 0, 0, 0.008, 0.008, 0, 0, 0, 0, 0.005
FirmA91, 0, 0, 0.001, 0.001, 0, 0, 0, 0, 0.001
FirmA92, 0, 0, 0.773, 0.091, 0, 0, 0, 0, 0
FirmA93, 0, 0, 0.004, 0.003, 0, 0, 0, 0, 0.001
FirmA94, 0, 0, 0.004, 0.003, 0, 0, 0, 0, 0.002
FirmA95, 0, 0, 0.005, 0.004, 0, 0, 0, 0, 0.004
FirmA96, 0, 0, 0.002, 0.002, 0, 0, 0, 0, 0.002
FirmA97, 0, 0, 0.006, 0.005, 0, 0, 0, 0, 0.002
FirmA98, 0, 0, 0.009, 0.009, 0, 0, 0, 0, 0.006
FirmA99, 0, 0, 0.005, 0.005, 0, 0, 0, 0, 0.003
FirmB1, 1, 0, 0.013, 0.004, 1, 0, 1, 0.997, 0.006
FirmB10, 0, 0, 0.007, 0.006, 0, 0, 0, 0, 0.003
FirmB11, 0, 0, 0.008, 0.009, 0, 0, 0, 0, 0.002
FirmB12, 0, 0, 0.01, 0.005, 0, 0, 0, 0, 0.002
FirmB13, 0, 0, 0.007, 0.007, 0, 0, 0, 0, 0.004
FirmB14, 0, 0, 0.004, 0.002, 0, 0, 0, 0, 0
FirmB15, 0, 0, 0.008, 0.005, 0, 0, 0, 0, 0.002
FirmB16, 0, 0, 0.006, 0.006, 0, 0, 0, 0, 0.003
FirmB17, 0, 0, 0.009, 0.006, 0, 0, 0, 0, 0.003
FirmB2, 0, 0, 0.007, 0.002, 0, 0, 0, 0, 0.001
FirmB3, 0, 0, 0.007, 0.007, 0, 0, 0, 0, 0.003
FirmB4, 1, 0, 0.006, 0.015, 1, 0, 1, 0.999, 0.005
FirmB5, 0, 0, 0.007, 0.006, 0, 0, 0, 0, 0.002
FirmB6, 1, 0.002, 0.956, 0.164, 1, 0, 1, 0.257, 0.746
FirmB7, 1, 0, 0.26, 0.033, 1, 0, 1, 0.95, 0.052
FirmB8, 0, 0, 0.005, 0.002, 0, 0, 0, 0, 0
FirmB9, 0, 0, 0.006, 0.004, 0, 0, 0, 0, 0.002
FirmC1, 0, 0, 0.005, 0.004, 0, 0, 0, 0, 0.002
FirmC10, 0, 0, 0.003, 0.003, 0, 0, 0, 0, 0.003
FirmC11, 0, 0, 0.008, 0.005, 0, 0, 0, 0, 0.002
FirmC12, 0, 0, 0.003, 0.003, 0, 0, 0, 0, 0.001
FirmC13, 0, 0, 0.003, 0.002, 0, 0, 0, 0, 0.001
FirmC15, 0, 0, 0.006, 0.005, 0, 0, 0, 0, 0.004
FirmC16, 0, 0, 0.003, 0.001, 0, 0, 0, 0, 0.001
FirmC17, 0, 0, 0.003, 0.002, 0, 0, 0, 0, 0.001
FirmC18, 0, 0, 0.002, 0.001, 0, 0, 0, 0, 0.001
FirmC19, 0, 0, 0.002, 0.002, 0, 0, 0, 0, 0.001
FirmC3, 0, 0, 0.008, 0.007, 0, 0, 0, 0, 0.002
FirmC4, 0, 0, 0.004, 0.004, 0, 0, 0, 0, 0.001
FirmC5, 0, 0, 0.024, 0.017, 0, 0, 0, 0, 0.004
FirmC6, 0, 0, 0.004, 0.004, 0, 0, 0, 0, 0.002
FirmC7, 0, 0, 0.003, 0.002, 0, 0, 0, 0, 0.002
FirmC8, 0, 0, 0.005, 0.004, 0, 0, 0, 0, 0.002
FirmC9, 0, 0, 0.004, 0.005, 0, 0, 0, 0, 0.004
FirmD1, 0, 0, 1.013, 0.065, 0, 0, 0, 0, 0.002
FirmD2, 0, 0, 0.006, 0.004, 0, 0, 0, 0, 0.002
FirmD3, 0, 0, 0.006, 0.005, 0, 0, 0, 0, 0.002
FirmD4, 0, 0, 0.031, 0.017, 0, 0, 0, 0, 0.003
FirmE1, 1, 0.002, 0.259, 0.262, 1, 0, 1, 0.247, 0.758
FirmE2, 0, 0, 0.171, 0.049, 0, 0, 0, 0, 0.002
FirmE3, 0, 0, 1.037, 0.131, 0, 0, 0, 0, 0.003
FirmE4, 1, 0.012, 0.188, 1.152, 1, 0, 1, 0.903, 0.09
FirmE5, 2, 0.841, 0.062, 0.125, 1, 0, 2, 0.29, 0.187
FirmE6, 1, 0, 0.097, 0.036, 1, 0, 1, 0.991, 0.011
FirmE7, 1, 0, 0.012, 0.012, 1, 0, 1, 1, 0.003
FirmE8, 1, 0, 0.01, 0.004, 1, 0, 1, 1, 0.001
FirmF1, 0, 0, 0.032, 0.022, 0, 0, 0, 0, 0.002
FirmF2, 0, 0, 0.004, 0.003, 0, 0, 0, 0, 0
FirmF3, 0, 0, 0.006, 0.003, 0, 0, 0, 0, 0.002
FirmG1, 1, 0, 0.003, 0.002, 1, 0, 1, 0.999, 0.002
FirmG2, 1, 0, 0.01, 0.03, 1, 0, 1, 0.999, 0.001
FirmG3, 0, 0, 0.006, 0.003, 0, 0, 0, 0, 0.003
FirmG4, 0, 0, 0.02, 0.018, 0, 0, 0, 0, 0.002
FirmG5, 0, 0, 1.003, 0.003, 0, 0, 0, 0, 0.002
FirmG6, 0, 0, 0.005, 0.006, 0, 0, 0, 0, 0.002
Firms1, 1, 0, 0.34, 0.056, 1, 0, 1, 0.8, 0.203
Firms10, 1, 0, 0.807, 0.059, 1, 0, 1, 0.336, 0.67
Firms11, 2, 0, 0.169, 0.068, 1, 0, 2, 1.983, 0.02
Firms12, 0, 0, 0.039, 0.004, 0, 0, 0, 0, 0.003
Firms13, 0, 0, 0.994, 0.046, 0, 0, 0, 0, 0.002
Firms15, 1, 0, 0.007, 0.005, 1, 0, 1, 0.996, 0.005
Firms16, 0, 0, 0.007, 0.005, 0, 0, 0, 0, 0.003
Firms17, 2, 0, 0.173, 0.083, 1, 0, 2, 1.981, 0.024
Firms18, 0, 0, 0.002, 0.001, 0, 0, 0, 0, 0
Firms2, 0, 0, 0.007, 0.006, 0, 0, 0, 0, 0.003
Firms20, 1, 0, 0.005, 0.005, 1, 0, 1, 0.177, 0.827
Firms21, 0, 0, 0.004, 0.002, 0, 0, 0, 0, 0
Firms22, 1, 0, 1.004, 0.01, 1, 0, 1, 1, 0.003
Firms23, 0, 0, 0.008, 0.007, 0, 0, 0, 0, 0.006
Firms24, 2, 0.906, 0.208, 0.202, 1, 0, 2, 0.181, 0.243
Firms25, 0, 0, 0.006, 0.005, 0, 0, 0, 0, 0.003
Firms26, 1, 0, 0.864, 0.143, 1, 0, 1, 0.198, 0.805
Firms27, 2, 0, 0.008, 0.009, 1, 0, 2, 1.994, 0.007
Firms28, 0, 0, 0.005, 0.003, 0, 0, 0, 0, 0.001
Firms29, 0, 0, 0.183, 0.007, 0, 0, 0, 0, 0.005
Firms3, 0, 0, 1.532, 0.021, 0, 0, 0, 0, 0.001
Firms30, 0, 0, 0.003, 0.006, 0, 0, 0, 0, 0.003
Firms31, 0, 0, 0.002, 0.003, 0, 0, 0, 0, 0.002
Firms32, 0, 0, 0.007, 0.006, 0, 0, 0, 0, 0.004
Firms33, 0, 0, 0.004, 0.003, 0, 0, 0, 0, 0.003
Firms4, 1, 0, 0.298, 0.055, 1, 0, 1, 0.987, 0.015
Firms5, 2, 0, 0.047, 0.016, 1, 0, 2, 1.952, 0.051
Firms6, 1, 0, 0.937, 0.074, 1, 0, 1, 0.323, 0.685
Firms7, 1, 0.009, 1.033, 0.983, 1, 0, 1, 0.971, 0.023
Firms8, 1, 0.002, 0.228, 0.505, 1, 0, 1, 0.883, 0.12
Firms9, 0, 0, 0.005, 0.004, 0, 0, 0, 0, 0.004
Fuso2, 0, 0, 0.146, 0.079, 0, 0, 0, 0, 0.006
Gemm2, 0, 0, 0.002, 0.002, 0, 0, 0, 0, 0.001
Gemm3, 1, 0, 0.003, 0.005, 1, 0, 1, 0.199, 0.803
Gemm4, 0, 0, 0.002, 0.002, 0, 0, 0, 0, 0.001
Gemm5, 0, 0, 0.005, 0.004, 0, 0, 0, 0, 0.003
Gemm6, 0, 0, 0.201, 0.001, 0, 0, 0, 0, 0.001
Gemm7, 0, 0, 0.007, 0.005, 0, 0, 0, 0, 0.004
Gemm8, 0, 0, 0.008, 0.008, 0, 0, 0, 0, 0.004
Gemm9, 0, 0, 0.04, 0.006, 0, 0, 0, 0, 0.005
GemmA1, 0, 0, 0.05, 0.008, 0, 0, 0, 0, 0.004
Gold1, 0, 0, 0.006, 0.004, 0, 0, 0, 0, 0.002
Gold2, 0, 0, 0.005, 0.003, 0, 0, 0, 0, 0.001
Hydr1, 1, 0, 0.046, 0.022, 1, 0, 1, 1, 0.004
Hydr2, 1, 0, 0.044, 0.038, 1, 0, 1, 1, 0.002
J088X1, 1, 0.005, 0.042, 0.778, 1, 0, 1, 0.891, 0.109
KSB1X1, 0, 0, 0.008, 0.008, 0, 0, 0, 0, 0.006
KSB1X2, 0, 0, 0.009, 0.008, 0, 0, 0, 0, 0.007
KSB1X3, 0, 0, 0.004, 0.005, 0, 0, 0, 0, 0.002
KSB1X4, 0, 0, 0.007, 0.006, 0, 0, 0, 0, 0.005
Krum1, 0, 0, 0.16, 0.033, 0, 0, 0, 0, 0.005
Late1, 0, 0, 0.004, 0.005, 0, 0, 0, 0, 0.002
Late2, 0, 0, 0.006, 0.005, 0, 0, 0, 0, 0.004
Late3, 0, 0, 0.005, 0.003, 0, 0, 0, 0, 0.003
Lind1, 0, 0, 0.018, 0.014, 0, 0, 0, 0, 0.003
Lind2, 0, 0, 0.017, 0.01, 0, 0, 0, 0, 0.002
Lind4, 1, 0.001, 0.051, 0.345, 1, 0, 1, 0.082, 0.921
Marg1, 0, 0, 0.018, 0.012, 0, 0, 0, 0, 0.005
Marg2, 0, 0, 0.018, 0.012, 0, 0, 0, 0, 0.003
Marg6, 0, 0, 0.017, 0.012, 0, 0, 0, 0, 0.004
Marg7, 0, 0, 0.019, 0.012, 0, 0, 0, 0, 0.004
Mari1, 0, 0, 0.012, 0.009, 0, 0, 0, 0, 0.008
Mari2, 0, 0, 0.006, 0.006, 0, 0, 0, 0, 0.005
Mari3, 0, 0, 0.008, 0.008, 0, 0, 0, 0, 0.007
Mari5, 0, 0, 0.007, 0.006, 0, 0, 0, 0, 0.003
Mari6, 0, 0, 0.005, 0.004, 0, 0, 0, 0, 0.001
Meth1, 0, 0, 0.005, 0.004, 0, 0, 0, 0, 0.003
Meth2, 0, 0, 0.006, 0.007, 0, 0, 0, 0, 0.004
Meth3, 1, 0, 0.075, 0.004, 1, 0, 1, 0.986, 0.018
Meth4, 1, 0, 0.065, 0.055, 1, 0, 1, 0.993, 0.008
Meth5, 1, 0, 0.068, 0.014, 1, 0, 1, 0.946, 0.057
Muir1, 0, 0, 0.008, 0.007, 0, 0, 0, 0, 0.002
MyxA1, 1, 0, 0.041, 0.024, 1, 0, 1, 0.999, 0.005
MyxA2, 1, 0, 0.02, 0.004, 1, 0, 1, 1, 0.001
MyxA3, 1, 0, 0.024, 0.017, 1, 0, 1, 1, 0.005
MyxA4, 1, 0.002, 0.477, 0.14, 1, 0, 1, 0.653, 0.349
Myxo1, 0, 0, 0.006, 0.006, 0, 0, 0, 0, 0.004
Myxo10, 0, 0, 0.045, 0.022, 0, 0, 0, 0, 0.004
Myxo11, 0, 0, 0.011, 0.015, 0, 0, 0, 0, 0.007
Myxo13, 0, 0, 0.012, 0.009, 0, 0, 0, 0, 0.008
Myxo15, 0, 0, 0.01, 0.01, 0, 0, 0, 0, 0.005
Myxo17, 1, 0.004, 0.01, 0.306, 1, 0, 1, 0.664, 0.335
Myxo18, 0, 0, 0.006, 0.001, 0, 0, 0, 0, 0.001
Myxo19, 0, 0, 0.677, 0.143, 0, 0, 0, 0, 0.006
Myxo2, 0, 0, 0.006, 0.005, 0, 0, 0, 0, 0.004
Myxo3, 0, 0, 0.032, 0.018, 0, 0, 0, 0, 0.003
Myxo5, 0, 0, 0.003, 0.002, 0, 0, 0, 0, 0.001
Myxo6, 0, 0, 0.005, 0.006, 0, 0, 0, 0, 0.005
Myxo7, 1, 0, 0.001, 0.01, 1, 0, 1, 0.449, 0.552
Myxo8, 0, 0, 0.454, 0.009, 0, 0, 0, 0, 0.005
Myxo9, 0, 0, 0.015, 0.01, 0, 0, 0, 0, 0.006
NPL1, 0, 0, 0.026, 0.017, 0, 0, 0, 0, 0.004
Nitr1, 1, 0.008, 0.157, 0.426, 1, 0, 1, 0.902, 0.095
Nitr10, 0, 0, 0.003, 0.002, 0, 0, 0, 0, 0.002
Nitr11, 0, 0, 0.008, 0.007, 0, 0, 0, 0, 0.005
Nitr12, 0, 0, 0.005, 0.004, 0, 0, 0, 0, 0.002
Nitr13, 0, 0, 0.011, 0.007, 0, 0, 0, 0, 0.002
Nitr14, 0, 0, 0.005, 0.005, 0, 0, 0, 0, 0.002
Nitr15, 1, 0.004, 0.018, 0.126, 1, 0, 1, 0.744, 0.256
Nitr16, 0, 0, 0.007, 0.006, 0, 0, 0, 0, 0.004
Nitr17, 0, 0, 0.003, 0.004, 0, 0, 0, 0, 0.002
Nitr2, 0, 0, 0.027, 0.014, 0, 0, 0, 0, 0.004
Nitr3, 0, 0, 0.01, 0.006, 0, 0, 0, 0, 0.003
Nitr4, 0, 0, 0.04, 0.022, 0, 0, 0, 0, 0
Nitr5, 0, 0, 0.002, 0.002, 0, 0, 0, 0, 0.001
Nitr6, 0, 0, 0.003, 0.003, 0, 0, 0, 0, 0.002
Nitr7, 0, 0, 0.028, 0.018, 0, 0, 0, 0, 0.001
Nitr8, 1, 0, 0.71, 0.219, 1, 0, 1, 0.272, 0.733
Nitr9, 0, 0, 0.029, 0.02, 0, 0, 0, 0, 0.002
Nits1, 0, 0, 0.009, 0.011, 0, 0, 0, 0, 0.006
Nits2, 1, 0, 0.018, 0.028, 1, 0, 1, 0.244, 0.761
Nits3, 0, 0, 0.007, 0.005, 0, 0, 0, 0, 0.004
Nits4, 0, 0, 0.261, 0.022, 0, 0, 0, 0, 0.004
NitsA1, 0, 0.001, 0.662, 0.151, 0, 0, 0, 0, 0.002
NitsA2, 1, 0.003, 0.025, 0.352, 1, 0, 1, 0.637, 0.363
NitsA3, 0, 0, 0.014, 0.012, 0, 0, 0, 0, 0.004
Node_AABM5X1_AABM5X2_0, 0, 0, 0.004, 0.004, 0, 0, 0, 0, 0.004
Node_AABM5X1_AABM5X3_0, 0, 0, 0.015, 0, 0, 0, 0, 0, 0
Node_Acid11_Acid16_0, 0.062, 0, 0.029, 0.03, 0.06, 0, 0.062, 0.018, 0.046
Node_Acid11_Acid31_0, 0.209, 0.002, 0.007, 0.045, 0.209, 0, 0.209, 0.057, 0.152
Node_Acid12_Acid13_0, 0, 0, 0.002, 0.002, 0, 0, 0, 0, 0.001
Node_Acid1_Acid17_0, 0.005, 0, 0.032, 0.015, 0.005, 0, 0.005, 0.005, 0.003
Node_Acid1_Acid3_0, 0.034, 0, 0.357, 0.041, 0.034, 0, 0.034, 0.034, 0.002
Node_Acid23_Acid12_0, 0.001, 0, 0.005, 0.005, 0.001, 0, 0.001, 0, 0.003
Node_Acid29_Acid27_0, 0.009, 0, 0.025, 0.013, 0.009, 0, 0.009, 0.007, 0.005
Node_Acid2_Acid11_0, 0.045, 0, 0.172, 0.047, 0.043, 0, 0.045, 0.03, 0.015
Node_Acid2_Acid18_0, 0.197, 0, 0.035, 0.022, 0.194, 0, 0.197, 0.01, 0.187
Node_Acid32_Acid25_0, 0.001, 0, 0.005, 0.004, 0.001, 0, 0.001, 0.001, 0.001
Node_Acid32_Acid26_0, 0.002, 0, 0.004, 0.003, 0.002, 0, 0.002, 0, 0.005
Node_Acid34_Acid22_0, 0.869, 0.002, 0.027, 0.131, 0.844, 0, 0.869, 0.801, 0.068
Node_Acid34_Acid24_0, 0.163, 0, 0.771, 0.148, 0.158, 0, 0.163, 0.1, 0.065
Node_Acid34_Acid29_0, 0.029, 0, 0.327, 0.067, 0.028, 0, 0.029, 0.026, 0.005
Node_Acid34_Acid33_0, 0.351, 0.001, 0.061, 0.105, 0.347, 0, 0.351, 0.104, 0.248
Node_Acid37_Acid21_0, 0.001, 0, 0.004, 0, 0.001, 0, 0.001, 0.001, 0
Node_Acid37_Acid30_0, 0.001, 0, 0.003, 0.004, 0.001, 0, 0.001, 0.001, 0.003
Node_Acid37_Acid32_0, 0.005, 0, 0.023, 0.01, 0.005, 0, 0.005, 0.005, 0.001
Node_Acid38_Acid10_0, 0.83, 0.002, 0.046, 0.092, 0.825, 0, 0.83, 0.78, 0.048
Node_Acid38_Acid1_0, 0.389, 0.001, 0.01, 0.064, 0.383, 0, 0.389, 0.214, 0.174
Node_Acid38_Acid2_0, 0.202, 0, 0.06, 0.057, 0.197, 0, 0.202, 0.176, 0.029
Node_Acid38_Acid34_0, 0.826, 0.003, 0.003, 0.175, 0.81, 0, 0.826, 0.386, 0.437
Node_Acid38_Acid36_0, 0.001, 0, 0.009, 0.007, 0.001, 0, 0.001, 0.001, 0.003
Node_Acid38_Acid40_0, 0.007, 0, 0.012, 0.009, 0.007, 0, 0.007, 0.005, 0.006
Node_Acid38_Acid4_0, 0.05, 0, 0.782, 0.081, 0.05, 0, 0.05, 0.049, 0.002
Node_Acid38_Acid5_0, 0.224, 0, 0.027, 0.042, 0.222, 0, 0.224, 0.177, 0.049
Node_Acid38_Acid7_0, 0.013, 0, 0.044, 0.025, 0.013, 0, 0.013, 0.01, 0.007
Node_Acid38_Acid8_0, 0.233, 0.001, 0.103, 0.094, 0.216, 0, 0.233, 0.226, 0.005
Node_Acid38_B130X1_0, 0.33, 0, 1.13, 0.265, 0.302, 0, 0.33, 0.327, 0.003
Node_Acid39_Acid35_0, 0.003, 0, 0.007, 0.004, 0.003, 0, 0.003, 0.003, 0.002
Node_Acid3_Acid14_0, 0.003, 0, 0.012, 0.008, 0.003, 0, 0.003, 0.001, 0.006
Node_Acid3_Acid6_0, 0.009, 0, 0.028, 0.017, 0.009, 0, 0.009, 0.007, 0.003
Node_Acid40_Acid20_0, 0.001, 0, 0.01, 0.008, 0.001, 0, 0.001, 0.001, 0.004
Node_Acid5_Acid23_0, 0.003, 0, 0.025, 0.013, 0.003, 0, 0.003, 0.003, 0.001
Node_Acid5_Acid37_0, 0.027, 0, 0.201, 0.033, 0.027, 0, 0.027, 0.024, 0.004
Node_Acid6_Acid28_0, 0.003, 0, 0.009, 0.005, 0.003, 0, 0.003, 0.002, 0.003
Node_Acid8_Acid9_0, 0.029, 0, 0.205, 0.034, 0.029, 0, 0.029, 0.029, 0.001
Node_Acid9_Acid39_0, 0.008, 0, 0.025, 0.02, 0.008, 0, 0.008, 0.006, 0.004
Node_Acti10_Acti11_0, 0.442, 0, 0.006, 0.07, 0.441, 0, 0.442, 0.421, 0.022
Node_Acti10_Acti25_0, 0.033, 0, 0.413, 0.054, 0.033, 0, 0.033, 0.032, 0.004
Node_Acti10_Acti26_0, 0.426, 0.001, 0.063, 0.088, 0.424, 0, 0.426, 0.419, 0.007
Node_Acti10_Acti31_0, 0.007, 0, 0.03, 0.011, 0.007, 0, 0.007, 0.005, 0.004
Node_Acti10_Acti3_0, 0.003, 0, 0.002, 0.002, 0.003, 0, 0.003, 0.002, 0.002
Node_Acti10_Acti7_0, 0.003, 0, 0.007, 0.005, 0.003, 0, 0.003, 0, 0.003
Node_Acti11_Acti22_0, 0.569, 0.002, 0.007, 0.118, 0.568, 0, 0.569, 0.437, 0.132
Node_Acti12_Acti21_0, 0, 0, 0.003, 0.002, 0, 0, 0, 0, 0.002
Node_Acti12_Acti48_0, 0.001, 0, 0.002, 0.003, 0.001, 0, 0.001, 0, 0.003
Node_Acti14_Acti33_0, 0.008, 0, 0.026, 0.011, 0.008, 0, 0.008, 0.003, 0.006
Node_Acti14_Acti34_0, 0.003, 0, 0.01, 0.01, 0.003, 0, 0.003, 0.001, 0.005
Node_Acti14_Acti6_0, 0.001, 0, 0.007, 0.006, 0.001, 0, 0.001, 0, 0.005
Node_Acti18_Acti16_0, 1.013, 0.004, 0.148, 0.11, 0.998, 0, 1.013, 0.616, 0.392
Node_Acti18_Acti4_0, 0.765, 0.002, 0.012, 0.072, 0.662, 0, 0.765, 0.524, 0.241
Node_Acti19_Acti13_0, 0.223, 0, 0.101, 0.054, 0.219, 0, 0.223, 0.081, 0.143
Node_Acti19_Acti23_0, 0.02, 0, 0.206, 0.064, 0.02, 0, 0.02, 0.02, 0.003
Node_Acti19_Acti42_0, 0.867, 0.001, 0.038, 0.083, 0.843, 0, 0.867, 0.817, 0.048
Node_Acti19_Acti49_0, 0.181, 0, 0.059, 0.057, 0.171, 0, 0.181, 0.091, 0.091
Node_Acti19_Acti8_0, 0.149, 0.002, 0.754, 0.109, 0.143, 0, 0.149, 0.115, 0.034
Node_Acti33_Acti35_0, 0.002, 0, 0.01, 0.007, 0.002, 0, 0.002, 0, 0.004
Node_Acti43_Acti36_0, 0, 0, 0.009, 0.007, 0, 0, 0, 0, 0.002
Node_Acti46_Acti41_0, 0, 0, 0.004, 0.002, 0, 0, 0, 0, 0.002
Node_Acti47_Acti45_0, 0, 0, 0.003, 0.003, 0, 0, 0, 0, 0.002
Node_Acti49_Acti15_0, 0.019, 0, 0.26, 0.026, 0.019, 0, 0.019, 0.015, 0.006
Node_Acti49_Acti32_0, 0.003, 0, 0.008, 0.007, 0.003, 0, 0.003, 0.002, 0.005
Node_Acti49_Acti38_0, 0.006, 0, 0.019, 0.012, 0.006, 0, 0.006, 0.004, 0.006
Node_Acti49_Acti40_0, 0.273, 0, 0.09, 0.05, 0.268, 0, 0.273, 0.094, 0.182
Node_Acti50_Acti10_0, 0.481, 0.002, 0.036, 0.083, 0.46, 0, 0.481, 0.128, 0.352
Node_Acti50_Acti14_0, 0.028, 0, 0.509, 0.028, 0.028, 0, 0.028, 0.027, 0.003
Node_Acti50_Acti18_0, 0.534, 0.002, 0.028, 0.035, 0.503, 0, 0.534, 0.454, 0.079
Node_Acti50_Acti19_0, 0.856, 0.002, 0.013, 0.082, 0.817, 0, 0.856, 0.825, 0.028
Node_Acti50_Acti20_0, 0.85, 0.001, 0.667, 0.122, 0.816, 0, 0.85, 0.846, 0.003
Node_Acti50_Acti28_0, 0, 0, 0.003, 0.003, 0, 0, 0, 0, 0.002
Node_Acti50_Acti39_0, 0.163, 0, 0.759, 0.082, 0.158, 0, 0.163, 0.097, 0.066
Node_Acti50_Acti43_0, 0.007, 0, 0.024, 0.018, 0.007, 0, 0.007, 0.006, 0.003
Node_Acti50_Acti46_0, 0.002, 0, 0.007, 0.005, 0.002, 0, 0.002, 0.002, 0.002
Node_Acti50_Acti47_0, 0.001, 0, 0.004, 0.002, 0.001, 0, 0.001, 0, 0.003
Node_Acti50_Acti51_0, 0.839, 0.002, 0.03, 0.073, 0.808, 0, 0.839, 0.82, 0.017
Node_Acti50_Acti52_0, 0.002, 0, 0.006, 0.008, 0.002, 0, 0.002, 0, 0.006
Node_Acti50_FirmF1_0, 1.513, 0.008, 0.152, 0.401, 0.935, 0, 1.513, 1.476, 0.023
Node_Acti51_Acti27_0, 0.008, 0, 0.06, 0.044, 0.008, 0, 0.008, 0.007, 0.008
Node_Acti51_Acti9_0, 0.06, 0, 0.782, 0.078, 0.059, 0, 0.06, 0.06, 0.003
Node_Acti52_Acti12_0, 0, 0, 0.008, 0.008, 0, 0, 0, 0, 0.005
Node_Acti52_Acti37_0, 0.003, 0, 0.01, 0.013, 0.003, 0, 0.003, 0, 0.011
Node_Acti52_Acti44_0, 0, 0, 0.003, 0.004, 0, 0, 0, 0, 0.003
Node_Acti8_Acti24_0, 0.004, 0, 0.012, 0.012, 0.004, 0, 0.004, 0.004, 0.007
Node_Acti8_Acti2_0, 0.033, 0, 0.121, 0.035, 0.033, 0, 0.033, 0.031, 0.005
Node_Acti8_Acti5_0, 0.009, 0, 0.028, 0.022, 0.009, 0, 0.009, 0.008, 0.004
Node_Acti9_Acti29_0, 0.002, 0, 0.012, 0.009, 0.002, 0, 0.002, 0.001, 0.004
Node_Acti9_Acti30_0, 0.01, 0, 0.051, 0.032, 0.01, 0, 0.01, 0.01, 0.001
Node_Aero1_NPL1_0, 0.022, 0.001, 0.088, 0.06, 0.022, 0, 0.022, 0.021, 0.004
Node_Aero1_UBA6X1_0, 0.332, 0.001, 1.288, 0.295, 0.3, 0, 0.332, 0.329, 0.004
Node_Aero1_UBA9X1_0, 0.105, 0.003, 0.231, 0.122, 0.1, 0, 0.105, 0.101, 0.001
Node_Aqui2_Aqui1_0, 1.004, 0.003, 0.006, 0.018, 1, 0, 1.004, 0.952, 0.051
Node_Aqui2_Aqui3_0, 0.961, 0.007, 0.006, 0.154, 0.943, 0, 0.961, 0.85, 0.102
Node_Aqui2_Aqui5_0, 0.956, 0.001, 0.065, 0.019, 0.953, 0, 0.956, 0.942, 0.014
Node_Aqui2_Aqui6_0, 1.006, 0.001, 0.015, 0.025, 0.945, 0, 1.006, 0.947, 0.059
Node_Aqui2_Camp1_0, 0.854, 0.003, 0.069, 0.149, 0.827, 0, 0.854, 0.83, 0.019
Node_Aqui2_Thers1_0, 0.858, 0.001, 0.033, 0.123, 0.849, 0, 0.858, 0.824, 0.036
Node_Aqui6_Aqui4_0, 0.273, 0, 0.942, 0.095, 0.273, 0, 0.273, 0.065, 0.209
Node_Arma12_Arma11_0, 1.579, 0.002, 0.034, 0.104, 0.976, 0, 1.579, 1.185, 0.392
Node_Arma12_Arma7_0, 2.019, 0.005, 0.342, 0.212, 1, 0, 2.019, 1.239, 0.777
Node_Arma15_Arma13_0, 0.076, 0, 0.237, 0.19, 0.076, 0, 0.076, 0.075, 0.005
Node_Arma4_Acti50_0, 1.634, 0.023, 0.155, 0.206, 0.958, 0, 1.634, 1.529, 0.067
Node_Arma4_Arma12_0, 1.219, 0.017, 0.153, 0.2, 0.968, 0, 1.219, 0.886, 0.314
Node_Arma4_Arma14_0, 1.007, 0, 0.233, 0.127, 0.977, 0, 1.007, 0.989, 0.021
Node_Arma4_Arma6_0, 1.041, 0.018, 0.019, 0.11, 0.834, 0, 1.041, 0.795, 0.224
Node_Arma4_CSP1X1_0, 1.14, 0.025, 0.779, 0.699, 0.827, 0, 1.14, 0.546, 0.569
Node_Arma4_Erem6_0, 1.056, 0, 0.11, 0.107, 0.797, 0, 1.056, 1.033, 0.026
Node_Arma4_Pate48_0, 1.325, 0.009, 0.368, 0.452, 0.849, 0, 1.325, 1.265, 0.05
Node_Arma4_UBP13X1_0, 0.818, 0.005, 0.303, 0.089, 0.73, 0, 0.818, 0.752, 0.06
Node_Arma6_Arma15_0, 0.308, 0.002, 0.649, 0.505, 0.307, 0, 0.308, 0.306, 0.002
Node_Arma6_Arma16_0, 0.988, 0.004, 0.276, 0.064, 0.942, 0, 0.988, 0.267, 0.717
Node_Arma6_Arma3_0, 0.543, 0.003, 0.847, 0.14, 0.46, 0, 0.543, 0.199, 0.346
Node_Arma6_Arma9_0, 0.953, 0.013, 0.062, 0.17, 0.932, 0, 0.953, 0.918, 0.014
Node_Aure2_Aure1_0, 0.014, 0, 0.056, 0.045, 0.014, 0, 0.014, 0.014, 0.001
Node_Bact1_Bact11_0, 0.001, 0, 0.005, 0.006, 0.001, 0, 0.001, 0, 0.004
Node_Bact1_Bact17_0, 0.002, 0, 0.009, 0.009, 0.002, 0, 0.002, 0.001, 0.007
Node_Bact20_Bact1_0, 0.004, 0, 0.003, 0.003, 0.004, 0, 0.004, 0.001, 0.004
Node_Bact20_Bact30_0, 0.001, 0, 0.009, 0.01, 0.001, 0, 0.001, 0, 0.006
Node_Bact21_Bact29_0, 0.001, 0, 0.002, 0.002, 0.001, 0, 0.001, 0, 0.003
Node_Bact21_Bact36_0, 0, 0, 0.002, 0, 0, 0, 0, 0, 0
Node_Bact21_Bact44_0, 0.002, 0, 0.004, 0.003, 0.002, 0, 0.002, 0, 0.005
Node_Bact22_Bact31_0, 0.004, 0, 0.003, 0.003, 0.004, 0, 0.004, 0.002, 0.005
Node_Bact22_Bact5_0, 0.002, 0, 0.003, 0.004, 0.002, 0, 0.002, 0.001, 0.004
Node_Bact23_Bact28_0, 0.003, 0, 0.003, 0.003, 0.003, 0, 0.003, 0, 0.005
Node_Bact23_Bact34_0, 0.001, 0, 0.004, 0.004, 0.001, 0, 0.001, 0.001, 0.003
Node_Bact23_Bact4_0, 0.002, 0, 0.005, 0.003, 0.002, 0, 0.002, 0, 0.003
Node_Bact24_Bact23_0, 0.004, 0, 0.008, 0.009, 0.004, 0, 0.004, 0.003, 0.006
Node_Bact24_Bact25_0, 0.003, 0, 0.005, 0.005, 0.003, 0, 0.003, 0.002, 0.004
Node_Bact24_Bact3_0, 0.006, 0, 0.006, 0.007, 0.006, 0, 0.006, 0.003, 0.008
Node_Bact24_Bact7_0, 0.004, 0, 0.007, 0.006, 0.004, 0, 0.004, 0.001, 0.004
Node_Bact25_Bact20_0, 0.003, 0, 0.004, 0.004, 0.003, 0, 0.003, 0.002, 0.005
Node_Bact25_Bact2_0, 0.002, 0, 0.005, 0.006, 0.002, 0, 0.002, 0.001, 0.004
Node_Bact27_Bact19_0, 0.001, 0, 0.007, 0.007, 0.001, 0, 0.001, 0, 0.007
Node_Bact27_Bact21_0, 0.001, 0, 0.006, 0.005, 0.001, 0, 0.001, 0, 0.005
Node_Bact27_Bact22_0, 0.001, 0, 0.008, 0.006, 0.001, 0, 0.001, 0.001, 0.002
Node_Bact27_Bact24_0, 0.007, 0, 0.004, 0.006, 0.007, 0, 0.007, 0.005, 0.004
Node_Bact27_Bact35_0, 0.002, 0, 0.005, 0.008, 0.002, 0, 0.002, 0.001, 0.006
Node_Bact27_Bact37_0, 0.002, 0, 0, 0, 0.002, 0, 0.002, 0.001, 0.001
Node_Bact27_Bact40_0, 0.003, 0, 0.003, 0.003, 0.003, 0, 0.003, 0.001, 0.004
Node_Bact27_Mari3_0, 0.007, 0, 0.005, 0.004, 0.007, 0, 0.007, 0.004, 0.004
Node_Bact29_Bact9_0, 0, 0, 0.001, 0.001, 0, 0, 0, 0, 0
Node_Bact30_Bact32_0, 0.003, 0, 0.004, 0.004, 0.003, 0, 0.003, 0, 0.006
Node_Bact31_Bact38_0, 0, 0, 0.007, 0.007, 0, 0, 0, 0, 0.003
Node_Bact33_Bact10_0, 0.001, 0, 0.004, 0.006, 0.001, 0, 0.001, 0, 0.003
Node_Bact33_Bact39_0, 0.002, 0, 0.005, 0.005, 0.002, 0, 0.002, 0, 0.006
Node_Bact33_Bact6_0, 0.002, 0, 0.005, 0.004, 0.002, 0, 0.002, 0, 0.005
Node_Bact36_Bact43_0, 0.001, 0, 0.001, 0.001, 0.001, 0, 0.001, 0, 0.002
Node_Bact37_Bact33_0, 0.002, 0, 0.005, 0.005, 0.002, 0, 0.002, 0, 0.005
Node_Bact37_Bact42_0, 0, 0, 0.005, 0.005, 0, 0, 0, 0, 0.003
Node_Bact3_Bact12_0, 0.001, 0, 0.007, 0.002, 0.001, 0, 0.001, 0.001, 0.002
Node_Bact3_Bact13_0, 0.002, 0, 0.004, 0.006, 0.002, 0, 0.002, 0, 0.006
Node_Bact3_Bact14_0, 0.002, 0, 0.001, 0.001, 0.002, 0, 0.002, 0.001, 0.001
Node_Bact3_Bact18_0, 0, 0, 0.005, 0.004, 0, 0, 0, 0, 0.004
Node_Bact40_Bact41_0, 0.002, 0, 0.003, 0.002, 0.002, 0, 0.002, 0.001, 0.002
Node_Bact5_Bact16_0, 0, 0, 0.004, 0.002, 0, 0, 0, 0, 0.002
Node_Bact7_Bact8_0, 0.001, 0, 0.009, 0.005, 0.001, 0, 0.001, 0, 0.006
Node_Bdell12_Bdell3_0, 0.002, 0, 0.016, 0.012, 0.002, 0, 0.002, 0.001, 0.007
Node_Bdell13_Bdell12_0, 0.011, 0, 0.325, 0.014, 0.011, 0, 0.011, 0.01, 0.001
Node_Bdell14_Bdell11_0, 0.001, 0, 0.005, 0.006, 0.001, 0, 0.001, 0, 0.005
Node_Bdell14_Bdell4_0, 0.004, 0, 0.002, 0.003, 0.004, 0, 0.004, 0, 0.005
Node_Bdell15_Bdell14_0, 0.001, 0, 0.006, 0.004, 0.001, 0, 0.001, 0.001, 0.002
Node_Bdell15_Bdell7_0, 0.005, 0, 0.004, 0.004, 0.005, 0, 0.005, 0, 0.008
Node_Bdell15_Bdell9_0, 0.002, 0, 0.006, 0.004, 0.002, 0, 0.002, 0.001, 0.003
Node_Bdell17_Bdell15_0, 0.005, 0, 0.02, 0.013, 0.005, 0, 0.005, 0.003, 0.005
Node_Bdell17_Bdell16_0, 0.001, 0, 0.006, 0.004, 0.001, 0, 0.001, 0, 0.002
Node_Bdell2_Bdell10_0, 0.005, 0, 0.007, 0.005, 0.005, 0, 0.005, 0.001, 0.007
Node_Bdell6_Bdell17_0, 0.02, 0, 0.122, 0.048, 0.019, 0, 0.02, 0.019, 0.001
Node_Bdell6_Bdell2_0, 0.005, 0, 0.016, 0.013, 0.005, 0, 0.005, 0.005, 0.001
Node_Bdell6_UBA1X6_0, 0.141, 0.001, 0.288, 0.078, 0.133, 0, 0.141, 0.126, 0.015
Node_Bdell7_Bdell5_0, 0.006, 0, 0.004, 0.004, 0.006, 0, 0.006, 0.003, 0.005
Node_BdellC1_BdellC2_0, 0.011, 0, 0.162, 0.035, 0.011, 0, 0.011, 0.01, 0.004
Node_Bipo1_Bipo2_0, 0.039, 0, 0.219, 0.139, 0.039, 0, 0.039, 0.038, 0.005
Node_Bipo1_Therg8_0, 0.253, 0.002, 0.608, 0.317, 0.244, 0, 0.253, 0.249, 0.002
Node_CG294X1_CG267X1_0, 0.078, 0, 0.713, 0.178, 0.078, 0, 0.078, 0.078, 0.002
Node_Calda2_Calda1_0, 0.049, 0, 0.197, 0.134, 0.049, 0, 0.049, 0.048, 0.002
Node_Caldit2_Caldit1_0, 1.001, 0.004, 0.005, 0.017, 0.999, 0, 1.001, 0.192, 0.81
Node_Caldit2_Caldit3_0, 0.192, 0, 0.006, 0.019, 0.192, 0, 0.192, 0.045, 0.151
Node_Camp14_Camp15_0, 0.004, 0, 0.002, 0.003, 0.004, 0, 0.004, 0.002, 0.002
Node_Camp1_Camp2_0, 0.018, 0, 0.025, 0.018, 0.018, 0, 0.018, 0.015, 0.007
Node_Camp1_Camp3_0, 0.005, 0, 0.015, 0.006, 0.005, 0, 0.005, 0.004, 0.002
Node_Camp1_Camp9_0, 0.036, 0, 0.064, 0.045, 0.034, 0, 0.036, 0.035, 0.001
Node_Camp1_UBP6X1_0, 0.099, 0.001, 0.76, 0.132, 0.096, 0, 0.099, 0.094, 0.004
Node_Camp2_Camp11_0, 0.008, 0, 0.016, 0.01, 0.008, 0, 0.008, 0.004, 0.006
Node_Camp2_Camp13_0, 0.007, 0, 0.096, 0.017, 0.007, 0, 0.007, 0.007, 0.003
Node_Camp2_Camp4_0, 0.1, 0, 0.006, 0.021, 0.1, 0, 0.1, 0.024, 0.076
Node_Camp2_Camp5_0, 0.011, 0, 0.008, 0.011, 0.011, 0, 0.011, 0.003, 0.011
Node_Camp2_Camp7_0, 0.03, 0, 0.002, 0.007, 0.03, 0, 0.03, 0.011, 0.021
Node_Camp4_Camp16_0, 0.296, 0.003, 0.011, 0.076, 0.296, 0, 0.296, 0.096, 0.204
Node_Camp5_Camp10_0, 0.003, 0, 0.003, 0.003, 0.003, 0, 0.003, 0.003, 0.001
Node_Camp5_Camp12_0, 0.005, 0, 0.014, 0.005, 0.005, 0, 0.005, 0, 0.008
Node_Camp7_Camp14_0, 0.004, 0, 0.028, 0.004, 0.004, 0, 0.004, 0.003, 0.002
Node_Camp9_Camp6_0, 0.007, 0, 0.031, 0.016, 0.007, 0, 0.007, 0.006, 0.002
Node_Chlo12_Chlo24_0, 0.009, 0, 0.134, 0.028, 0.009, 0, 0.009, 0.008, 0.002
Node_Chlo26_Chlo11_0, 0.008, 0, 0.021, 0.013, 0.008, 0, 0.008, 0.006, 0.005
Node_Chlo26_Chlo9_0, 0.024, 0, 0.12, 0.027, 0.024, 0, 0.024, 0.023, 0.002
Node_Chlo30_Chlo20_0, 0.002, 0, 0.005, 0.006, 0.002, 0, 0.002, 0.001, 0.006
Node_Chlo30_Chlo23_0, 0.001, 0, 0.077, 0.02, 0.001, 0, 0.001, 0, 0.007
Node_Chlo30_Chlo36_0, 0.071, 0.001, 0.098, 0.03, 0.07, 0, 0.071, 0.064, 0.006
Node_Chlo30_Chlo37_0, 0.002, 0, 0.005, 0.005, 0.002, 0, 0.002, 0, 0.005
Node_Chlo30_Chlo38_0, 0.358, 0.001, 0.497, 0.136, 0.339, 0, 0.358, 0.345, 0.014
Node_Chlo30_Chlo41_0, 0.345, 0.001, 0.074, 0.044, 0.334, 0, 0.345, 0.285, 0.06
Node_Chlo30_Chlo43_0, 0.485, 0.007, 0.064, 0.027, 0.47, 0, 0.485, 0.281, 0.197
Node_Chlo30_Chlo6_0, 0.162, 0.002, 0.341, 0.095, 0.16, 0, 0.162, 0.143, 0.016
Node_Chlo30_Dorm2_0, 0.84, 0.001, 0.124, 0.321, 0.67, 0, 0.84, 0.809, 0.031
Node_Chlo31_Chlo25_0, 0.007, 0, 0.018, 0.012, 0.007, 0, 0.007, 0.007, 0.003
Node_Chlo35_Chlo21_0, 0.024, 0, 0.233, 0.045, 0.024, 0, 0.024, 0.023, 0.003
Node_Chlo36_Chlo13_0, 0.62, 0, 0.01, 0.007, 0.618, 0, 0.62, 0.608, 0.013
Node_Chlo36_Chlo14_0, 0.71, 0.007, 0.002, 0.074, 0.701, 0, 0.71, 0.215, 0.488
Node_Chlo36_Chlo28_0, 0.217, 0, 0.002, 0.03, 0.216, 0, 0.217, 0.079, 0.14
Node_Chlo36_Chlo33_0, 0.079, 0, 0.004, 0.01, 0.079, 0, 0.079, 0.058, 0.022
Node_Chlo36_Chlo40_0, 0.683, 0.001, 0.013, 0.02, 0.682, 0, 0.683, 0.614, 0.075
Node_Chlo36_Chlo5_0, 0.617, 0, 0.102, 0.024, 0.615, 0, 0.617, 0.611, 0.009
Node_Chlo36_Chlo8_0, 0.061, 0, 0.018, 0.016, 0.061, 0, 0.061, 0.054, 0.008
Node_Chlo38_Chlo19_0, 0.005, 0, 0.018, 0.006, 0.005, 0, 0.005, 0.005, 0.001
Node_Chlo38_Chlo31_0, 0.022, 0, 0.337, 0.041, 0.022, 0, 0.022, 0.022, 0.001
Node_Chlo41_Chlo29_0, 0.018, 0, 0.098, 0.029, 0.018, 0, 0.018, 0.015, 0.004
Node_Chlo41_Chlo32_0, 0.004, 0, 0.015, 0.015, 0.004, 0, 0.004, 0.004, 0.001
Node_Chlo41_Chlo39_0, 0.003, 0, 0.01, 0.008, 0.003, 0, 0.003, 0.001, 0.006
Node_Chlo41_Chlo44_0, 0.006, 0, 0.003, 0.002, 0.006, 0, 0.006, 0.001, 0.005
Node_Chlo41_Chlo4_0, 0.112, 0, 0.245, 0.021, 0.112, 0, 0.112, 0.101, 0.012
Node_Chlo41_Chlo7_0, 0.007, 0, 0.006, 0.007, 0.007, 0, 0.007, 0.003, 0.007
Node_Chlo42_Chlo34_0, 0, 0, 0.009, 0.008, 0, 0, 0, 0, 0.003
Node_Chlo43_Chlo42_0, 0.006, 0, 0.678, 0.009, 0.006, 0, 0.006, 0.004, 0.005
Node_Chlo43_Chlo45_0, 0.887, 0.001, 0.02, 0.023, 0.877, 0, 0.887, 0.468, 0.421
Node_Chlo43_Chlo47_0, 0.679, 0, 0.211, 0.02, 0.679, 0, 0.679, 0.679, 0.003
Node_Chlo44_Chlo17_0, 0.001, 0, 0.004, 0.003, 0.001, 0, 0.001, 0, 0.003
Node_Chlo44_Chlo22_0, 0.002, 0, 0.006, 0.003, 0.002, 0, 0.002, 0.001, 0.002
Node_Chlo45_Chlo27_0, 1, 0.002, 0.015, 0.034, 0.999, 0, 1, 0.874, 0.126
Node_Chlo45_Chlo46_0, 1, 0.004, 0.008, 0.313, 0.997, 0, 1, 0.993, 0.004
Node_Chlo47_Chlo48_0, 0.684, 0, 0.009, 0.008, 0.683, 0, 0.684, 0.672, 0.014
Node_Chlo48_Chlo10_0, 0.748, 0.001, 0.004, 0.006, 0.746, 0, 0.748, 0.683, 0.067
Node_Chlo4_Chlo12_0, 0.141, 0.001, 0.011, 0.021, 0.14, 0, 0.141, 0.105, 0.039
Node_Chlo4_Chlo35_0, 0.254, 0.002, 0.008, 0.046, 0.253, 0, 0.254, 0.137, 0.119
Node_Chlo5_Chlo16_0, 0.003, 0, 0.618, 0.014, 0.003, 0, 0.003, 0.003, 0.004
Node_Chlo6_Chlo18_0, 0.287, 0, 0.013, 0.074, 0.286, 0, 0.287, 0.131, 0.158
Node_Chlo6_Chlo26_0, 0.142, 0.001, 0.035, 0.056, 0.14, 0, 0.142, 0.128, 0.014
Node_Chlo7_Chlo15_0, 0.005, 0, 0.007, 0.006, 0.005, 0, 0.005, 0.003, 0.005
Node_Chry1_Aqui2_0, 0.901, 0.002, 0.767, 0.234, 0.834, 0, 0.901, 0.89, 0.007
Node_Chry1_Defe3_0, 0.097, 0, 0.805, 0.16, 0.096, 0, 0.097, 0.096, 0.001
Node_Cyan10_Cyan35_0, 1.148, 0.008, 0.792, 0.378, 1, 0, 1.148, 1.111, 0.03
Node_Cyan10_Cyan45_0, 1.012, 0.003, 0.231, 0.072, 1, 0, 1.012, 0.916, 0.092
Node_Cyan10_Cyan46_0, 1.902, 0.036, 0.263, 0.331, 1, 0, 1.902, 1.76, 0.074
Node_Cyan11_Cyan26_0, 1.408, 0, 0.036, 0.013, 0.997, 0, 1.408, 1.298, 0.114
Node_Cyan12_Cyan13_0, 1.017, 0.006, 0.031, 0.204, 1, 0, 1.017, 0.204, 0.814
Node_Cyan13_Cyan18_0, 1.01, 0.002, 0.019, 0.016, 1, 0, 1.01, 1.001, 0.01
Node_Cyan14_Cyan15_0, 1.002, 0.004, 0.14, 0.186, 1, 0, 1.002, 0.597, 0.401
Node_Cyan14_Cyan16_0, 0.737, 0.003, 0.043, 0.015, 0.682, 0, 0.737, 0.366, 0.371
Node_Cyan14_Cyan23_0, 0.406, 0.004, 0.948, 0.1, 0.387, 0, 0.406, 0.329, 0.073
Node_Cyan16_Cyan29_0, 1.008, 0.003, 0.232, 0.018, 1, 0, 1.008, 0.503, 0.5
Node_Cyan19_Cyan22_0, 0.133, 0.001, 0.972, 0.105, 0.127, 0, 0.133, 0.081, 0.052
Node_Cyan19_Cyan47_0, 1.047, 0.003, 0.021, 0.093, 0.993, 0, 1.047, 0.116, 0.932
Node_Cyan28_chloroArabidopsis_0, 0.273, 0, 0.815, 0.041, 0.272, 0, 0.273, 0.077, 0.199
Node_Cyan2_Cyan1_0, 0.047, 0, 0.507, 0.171, 0.047, 0, 0.047, 0.046, 0.003
Node_Cyan31_Cyan34_0, 1.014, 0.001, 0.09, 0.039, 1, 0, 1.014, 1.009, 0.005
Node_Cyan33_Cyan21_0, 2.005, 0, 0.022, 0.012, 1, 0, 2.005, 2.003, 0.006
Node_Cyan38_Cyan28_0, 0.889, 0, 0.753, 0.019, 0.823, 0, 0.889, 0.805, 0.085
Node_Cyan40_Arma4_0, 1.699, 0.06, 0.036, 0.285, 0.967, 0, 1.699, 1.558, 0.034
Node_Cyan40_Cyan10_0, 2.055, 0.662, 0.131, 0.185, 1, 0, 2.055, 0.711, 0.055
Node_Cyan40_Cyan11_0, 1.33, 0.003, 0.046, 0.029, 1, 0, 1.33, 1.3, 0.028
Node_Cyan40_Cyan14_0, 1.277, 0.193, 0.017, 0.061, 0.912, 0, 1.277, 0.913, 0.049
Node_Cyan40_Cyan19_0, 1.052, 0.102, 0.015, 0.045, 0.879, 0, 1.052, 0.836, 0.033
Node_Cyan40_Cyan20_0, 1.019, 0.018, 0.031, 0.355, 1, 0, 1.019, 0.607, 0.39
Node_Cyan40_Cyan24_0, 1.469, 0.081, 0.014, 0.024, 1, 0, 1.469, 1.201, 0.125
Node_Cyan40_Cyan25_0, 1.345, 0.071, 0.838, 0.251, 1, 0, 1.345, 1.154, 0.057
Node_Cyan40_Cyan27_0, 0.991, 0, 0.346, 0.014, 0.99, 0, 0.991, 0.987, 0.007
Node_Cyan40_Cyan2_0, 0.551, 0.005, 0.068, 0.173, 0.542, 0, 0.551, 0.505, 0.041
Node_Cyan40_Cyan36_0, 0.932, 0.044, 0.714, 0.055, 0.867, 0, 0.932, 0.806, 0.045
Node_Cyan40_Cyan37_0, 1.522, 0.504, 0.016, 0.24, 1, 0, 1.522, 0.512, 0.011
Node_Cyan40_Cyan38_0, 1.557, 0.014, 0.008, 0.013, 1, 0, 1.557, 1.502, 0.029
Node_Cyan40_Cyan42_0, 1.023, 0.004, 0.004, 0.005, 1, 0, 1.023, 1.013, 0.004
Node_Cyan40_Cyan7_0, 0.642, 0.005, 0.026, 0.154, 0.631, 0, 0.642, 0.524, 0.112
Node_Cyan40_Marg1_0, 0.573, 0.008, 0.151, 0.232, 0.541, 0, 0.573, 0.555, 0.004
Node_Cyan40_Therd1_0, 0.712, 0.005, 0.995, 0.39, 0.622, 0, 0.712, 0.702, 0.003
Node_Cyan42_Cyan3_0, 1.005, 0.002, 0.021, 0.005, 1, 0, 1.005, 1, 0.001
Node_Cyan46_Cyan30_0, 1.852, 0.007, 0.105, 0.356, 0.997, 0, 1.852, 1.796, 0.048
Node_Cyan46_Cyan31_0, 1.098, 0.009, 0.887, 0.377, 1, 0, 1.098, 0.966, 0.124
Node_Cyan46_Cyan32_0, 1.995, 0.003, 0.02, 0.205, 1, 0, 1.995, 1.989, 0.005
Node_Cyan46_Cyan33_0, 2.021, 0.999, 0.081, 0.033, 1, 0, 2.021, 0.023, 0.005
Node_Cyan46_Cyan41_0, 2.007, 0.005, 0.022, 0.212, 1, 0, 2.007, 1.995, 0.003
Node_Cyan47_Cyan43_0, 1.258, 0.007, 0.014, 0.335, 0.994, 0, 1.258, 1.036, 0.218
Node_Cyan47_Cyan44_0, 1.025, 0.006, 0.256, 0.385, 1, 0, 1.025, 1.005, 0.017
Node_Cyan4_Cyan8_0, 0.029, 0, 0.146, 0.048, 0.029, 0, 0.029, 0.028, 0.001
Node_Cyan4_Cyan9_0, 0.008, 0, 0.023, 0.018, 0.008, 0, 0.008, 0.007, 0.002
Node_Cyan7_Cyan12_0, 0.228, 0.001, 0.084, 0.078, 0.226, 0, 0.228, 0.093, 0.137
Node_Cyan7_Cyan4_0, 0.174, 0.003, 0.519, 0.167, 0.167, 0, 0.174, 0.126, 0.048
Node_DTU0X1_SLNR1_0, 0.007, 0, 0.023, 0.012, 0.007, 0, 0.007, 0.007, 0.001
Node_Defe3_Defe1_0, 0.026, 0, 0.076, 0.046, 0.026, 0, 0.026, 0.024, 0.005
Node_Defe3_Defe2_0, 0.006, 0, 0.023, 0.015, 0.006, 0, 0.006, 0.005, 0.003
Node_Dein4_Dein2_0, 1.017, 0.001, 0.317, 0.107, 0.966, 0, 1.017, 1.003, 0.015
Node_Dein4_Dein6_0, 1.009, 0.002, 1.005, 0.023, 0.999, 0, 1.009, 0.014, 0.995
Node_Dein5_Bipo1_0, 0.857, 0.018, 0.126, 0.384, 0.788, 0, 0.857, 0.777, 0.054
Node_Dein5_Dein1_0, 1.925, 0.001, 0.016, 0.01, 0.999, 0, 1.925, 1.906, 0.018
Node_Dein5_Dein4_0, 1.318, 0.011, 0.058, 0.448, 0.977, 0, 1.318, 0.8, 0.508
Node_Dein5_Dein7_0, 1.922, 0.013, 0.036, 0.487, 0.999, 0, 1.922, 1.287, 0.627
Node_Dein7_Dein3_0, 0.964, 0, 0.975, 0.028, 0.962, 0, 0.964, 0.953, 0.017
Node_DesuB1_DesuB2_0, 0.476, 0.002, 0.2, 0.128, 0.424, 0, 0.476, 0.188, 0.288
Node_DesuB4_BdellC1_0, 0.169, 0.001, 0.026, 0.072, 0.155, 0, 0.169, 0.114, 0.054
Node_DesuB4_DesuB1_0, 0.386, 0.001, 0.013, 0.113, 0.345, 0, 0.386, 0.157, 0.229
Node_DesuB4_DesuB3_0, 1.012, 0.006, 0.176, 0.239, 0.999, 0, 1.012, 0.216, 0.796
Node_DesuB4_Desua5_0, 0.14, 0.001, 0.153, 0.112, 0.127, 0, 0.14, 0.12, 0.021
Node_DesuB4_Myxo10_0, 0.271, 0.013, 0.285, 0.123, 0.227, 0, 0.271, 0.18, 0.067
Node_DesuC2_DesuC1_0, 0.017, 0, 0.069, 0.034, 0.017, 0, 0.017, 0.017, 0.002
Node_DesuC2_Desua47_0, 0.084, 0.001, 0.441, 0.139, 0.084, 0, 0.084, 0.081, 0.004
Node_DesuD2_DesuD1_0, 0.004, 0, 0.028, 0.01, 0.004, 0, 0.004, 0.004, 0.004
Node_Desua11_Desua27_0, 0, 0, 0.004, 0.003, 0, 0, 0, 0, 0.003
Node_Desua16_Desua15_0, 0.002, 0, 1.002, 0.002, 0.002, 0, 0.002, 0, 0.003
Node_Desua16_Desua20_0, 0.135, 0, 0.009, 0.013, 0.135, 0, 0.135, 0.04, 0.099
Node_Desua16_Desua24_0, 1.001, 0, 0.008, 0.008, 0.998, 0, 1.001, 0.997, 0.009
Node_Desua16_Desua6_0, 0.045, 0.002, 0.032, 0.021, 0.045, 0, 0.045, 0.019, 0.024
Node_Desua16_Desua9_0, 1, 0.001, 0.001, 0.129, 0.997, 0, 1, 0.135, 0.865
Node_Desua1_Desua34_0, 0, 0, 0.003, 0.001, 0, 0, 0, 0, 0.001
Node_Desua1_Desua3_0, 0.002, 0, 0, 0.001, 0.002, 0, 0.002, 0.001, 0.001
Node_Desua1_Desua43_0, 0.001, 0, 0.008, 0.001, 0.001, 0, 0.001, 0.001, 0
Node_Desua22_Desua10_0, 0.002, 0, 0.008, 0.007, 0.002, 0, 0.002, 0.001, 0.006
Node_Desua22_Desua13_0, 0.004, 0, 0.008, 0.006, 0.004, 0, 0.004, 0.003, 0.004
Node_Desua22_Desua14_0, 0.004, 0, 0.003, 0.003, 0.004, 0, 0.004, 0.002, 0.005
Node_Desua22_Desua16_0, 0.051, 0.002, 0.051, 0.036, 0.048, 0, 0.051, 0.047, 0.002
Node_Desua22_Desua23_0, 0.003, 0, 0.004, 0.006, 0.003, 0, 0.003, 0.003, 0.003
Node_Desua22_Desua26_0, 0.008, 0, 0.012, 0.009, 0.008, 0, 0.008, 0.006, 0.004
Node_Desua22_Desua4_0, 0.016, 0, 0.037, 0.021, 0.016, 0, 0.016, 0.015, 0.002
Node_Desua26_Desua30_0, 0.002, 0, 0.012, 0.007, 0.002, 0, 0.002, 0, 0.006
Node_Desua28_Desua35_0, 0.004, 0, 0.01, 0.006, 0.004, 0, 0.004, 0.001, 0.006
Node_Desua2_Desua8_0, 0.005, 0, 0.007, 0.009, 0.005, 0, 0.005, 0.003, 0.005
Node_Desua36_Desua38_0, 0, 0, 0.006, 0.005, 0, 0, 0, 0, 0.004
Node_Desua36_Desua39_0, 0.002, 0, 0.01, 0.008, 0.002, 0, 0.002, 0.001, 0.008
Node_Desua40_Desua31_0, 0.002, 0, 0, 0, 0.002, 0, 0.002, 0.001, 0.001
Node_Desua42_Desua11_0, 0.001, 0, 0.004, 0.005, 0.001, 0, 0.001, 0, 0.005
Node_Desua42_Desua12_0, 0, 0, 0.002, 0.001, 0, 0, 0, 0, 0.001
Node_Desua43_Desua50_0, 0.004, 0, 0.004, 0.005, 0.004, 0, 0.004, 0.001, 0.007
Node_Desua43_Desua52_0, 0.002, 0, 0.009, 0.009, 0.002, 0, 0.002, 0.001, 0.007
Node_Desua43_Desua54_0, 0.001, 0, 0.003, 0.002, 0.001, 0, 0.001, 0, 0.003
Node_Desua44_Desua36_0, 0.004, 0, 0.002, 0.002, 0.004, 0, 0.004, 0.001, 0.005
Node_Desua46_Desua25_0, 0.001, 0, 0.004, 0.005, 0.001, 0, 0.001, 0.001, 0.003
Node_Desua47_Desua29_0, 0.001, 0, 0.01, 0.012, 0.001, 0, 0.001, 0, 0.007
Node_Desua47_Desua37_0, 0.007, 0, 0.014, 0.008, 0.007, 0, 0.007, 0.007, 0.005
Node_Desua47_Desua41_0, 0.004, 0, 0.006, 0.004, 0.004, 0, 0.004, 0.002, 0.003
Node_Desua47_Desua53_0, 0.016, 0, 0.072, 0.056, 0.016, 0, 0.016, 0.015, 0.004
Node_Desua48_Desua33_0, 0, 0, 0.009, 0.01, 0, 0, 0, 0, 0.007
Node_Desua48_Desua40_0, 0.001, 0, 0.005, 0.006, 0.001, 0, 0.001, 0.001, 0.002
Node_Desua48_Desua42_0, 0.001, 0, 0.001, 0, 0.001, 0, 0.001, 0, 0.001
Node_Desua48_Desua46_0, 0.002, 0, 0.002, 0.003, 0.002, 0, 0.002, 0.001, 0.003
Node_Desua49_Desua21_0, 0.002, 0, 0.003, 0.002, 0.002, 0, 0.002, 0, 0.004
Node_Desua49_Desua32_0, 0.002, 0, 0.001, 0, 0.002, 0, 0.002, 0.001, 0.001
Node_Desua49_Desua44_0, 0.001, 0, 0.008, 0.011, 0.001, 0, 0.001, 0.001, 0.007
Node_Desua4_Desua1_0, 0.009, 0, 0.011, 0.004, 0.009, 0, 0.009, 0.006, 0.004
Node_Desua4_Desua48_0, 0.004, 0, 0.009, 0.007, 0.004, 0, 0.004, 0.003, 0.004
Node_Desua4_Desua49_0, 0.002, 0, 0.006, 0.004, 0.002, 0, 0.002, 0, 0.004
Node_Desua53_Desua51_0, 0.002, 0, 0.016, 0.012, 0.002, 0, 0.002, 0.002, 0.002
Node_Desua6_Desua19_0, 0, 0, 0.012, 0.007, 0, 0, 0, 0, 0.005
Node_Desua6_Desua2_0, 0.007, 0, 0.04, 0.002, 0.007, 0, 0.007, 0.005, 0.002
Node_Desua6_Desua7_0, 0.002, 0, 0.002, 0.002, 0.002, 0, 0.002, 0, 0.004
Node_Desua9_Desua17_0, 1.004, 0.003, 0.007, 0.004, 1, 0, 1.004, 0.997, 0.004
Node_Desua9_Desua18_0, 1.004, 0.002, 0.006, 0.005, 1, 0, 1.004, 0.995, 0.008
Node_Dorm2_Dorm1_0, 0.003, 0, 0.014, 0.01, 0.003, 0, 0.003, 0, 0.004
Node_Dorm2_Dorm3_0, 0.66, 0.003, 0.292, 0.133, 0.653, 0, 0.66, 0.548, 0.109
Node_Dorm2_Dorm4_0, 0.059, 0, 0.603, 0.125, 0.059, 0, 0.059, 0.058, 0.002
Node_Dorm2_Dorm5_0, 0.013, 0, 0.055, 0.03, 0.013, 0, 0.013, 0.011, 0.009
Node_Eise2_Eise1_0, 0, 0, 0.005, 0.003, 0, 0, 0, 0, 0.003
Node_Eise4_Eise2_0, 0.002, 0, 0.02, 0.004, 0.002, 0, 0.002, 0.002, 0.001
Node_Eise4_Eise3_0, 0.003, 0, 0.004, 0.004, 0.003, 0, 0.003, 0.001, 0.005
Node_Elus1_Elus2_0, 0.008, 0, 0.014, 0.011, 0.008, 0, 0.008, 0.003, 0.01
Node_Elus2_Elus3_0, 0.008, 0.001, 0.007, 0.005, 0.008, 0, 0.008, 0.004, 0.006
Node_Elus2_Elus5_0, 0, 0, 0.011, 0.005, 0, 0, 0, 0, 0.003
Node_Elus3_Elus4_0, 0.079, 0, 0.003, 0.004, 0.079, 0, 0.079, 0.014, 0.067
Node_Elus3_Elus6_0, 0.001, 0, 0.003, 0.002, 0.001, 0, 0.001, 0.001, 0.002
Node_Elus3_Elus7_0, 0.015, 0, 0.005, 0.005, 0.015, 0, 0.015, 0.006, 0.012
Node_Elus3_Elus9_0, 0.002, 0, 0.082, 0.004, 0.002, 0, 0.002, 0, 0.005
Node_Elus6_Elus8_0, 0.002, 0, 0.006, 0.006, 0.002, 0, 0.002, 0, 0.007
Node_Elus9_Elus10_0, 0.001, 0, 0.009, 0.01, 0.001, 0, 0.001, 0, 0.008
Node_Erem4_Erem5_0, 0.033, 0, 0.495, 0.083, 0.033, 0, 0.033, 0.032, 0.002
Node_Erem6_Erem2_0, 0.322, 0.002, 0.748, 0.099, 0.316, 0, 0.322, 0.307, 0.012
Node_Erem6_Erem3_0, 0.349, 0, 0.02, 0.053, 0.346, 0, 0.349, 0.306, 0.047
Node_Erem6_Erem4_0, 0.526, 0.002, 0.008, 0.061, 0.523, 0, 0.526, 0.344, 0.183
Node_FCPU1_FCPU2_0, 0.007, 0, 0.008, 0.006, 0.007, 0, 0.007, 0.004, 0.006
Node_Ferm1_Eise4_0, 0.021, 0, 0.007, 0.009, 0.021, 0, 0.021, 0.005, 0.018
Node_Ferm1_GemmA1_0, 0.046, 0, 0.003, 0.007, 0.046, 0, 0.046, 0.019, 0.028
Node_Ferm1_Krum1_0, 0.155, 0.001, 0.004, 0.017, 0.155, 0, 0.155, 0.045, 0.112
Node_Fibr4_Fibr2_0, 0, 0, 0.004, 0.004, 0, 0, 0, 0, 0.004
Node_Fibr4_Fibr3_0, 0.004, 0, 0.012, 0.003, 0.004, 0, 0.004, 0.004, 0.002
Node_Fibr4_Fibr5_0, 0.002, 0, 0.005, 0.006, 0.002, 0, 0.002, 0.001, 0.003
Node_Fibr4_Fibr6_0, 0, 0, 0.008, 0.009, 0, 0, 0, 0, 0.006
Node_Fibr5_Fibr1_0, 0.001, 0, 0.002, 0.001, 0.001, 0, 0.001, 0, 0.001
Node_FirmA102_FirmA76_0, 0.002, 0, 0.006, 0.003, 0.002, 0, 0.002, 0, 0.005
Node_FirmA104_FirmA78_0, 0.002, 0, 0.005, 0.004, 0.002, 0, 0.002, 0.001, 0.002
Node_FirmA106_FirmA114_0, 0.002, 0.001, 0.006, 0.005, 0.002, 0, 0.002, 0, 0.003
Node_FirmA109_FirmA77_0, 0, 0, 0.006, 0.006, 0, 0, 0, 0, 0.003
Node_FirmA109_FirmA95_0, 0.001, 0, 0.004, 0.004, 0.001, 0, 0.001, 0, 0.005
Node_FirmA114_FirmA98_0, 0.003, 0, 0.003, 0.002, 0.003, 0, 0.003, 0, 0.004
Node_FirmA11_FirmA67_0, 0.065, 0, 0.687, 0.11, 0.065, 0, 0.065, 0.065, 0.002
Node_FirmA12_FirmA93_0, 0.003, 0, 0.004, 0.006, 0.003, 0, 0.003, 0, 0.007
Node_FirmA14_FirmA113_0, 0.009, 0.001, 0.048, 0.032, 0.009, 0, 0.009, 0.008, 0.003
Node_FirmA18_FirmA103_0, 0.001, 0, 0.003, 0.003, 0.001, 0, 0.001, 0.001, 0.002
Node_FirmA20_FirmA100_0, 0.002, 0, 0.004, 0.004, 0.002, 0, 0.002, 0.001, 0.002
Node_FirmA20_FirmA24_0, 0.01, 0, 0.018, 0.007, 0.01, 0, 0.01, 0.009, 0.001
Node_FirmA20_FirmA25_0, 0.004, 0, 0.004, 0.002, 0.004, 0, 0.004, 0.002, 0.002
Node_FirmA20_FirmA38_0, 0.006, 0, 0.008, 0.006, 0.006, 0, 0.006, 0.004, 0.004
Node_FirmA20_FirmA52_0, 0.004, 0, 0.004, 0.003, 0.004, 0, 0.004, 0.002, 0.004
Node_FirmA21_FirmA108_0, 0, 0, 0.01, 0.007, 0, 0, 0, 0, 0.002
Node_FirmA21_FirmA88_0, 0.008, 0, 0.007, 0.007, 0.008, 0, 0.008, 0.004, 0.007
Node_FirmA24_FirmA1_0, 0.004, 0, 0.008, 0.002, 0.004, 0, 0.004, 0.002, 0.002
Node_FirmA24_FirmA8_0, 0, 0, 0.008, 0.008, 0, 0, 0, 0, 0.004
Node_FirmA25_FirmA56_0, 0.002, 0, 0.006, 0.004, 0.002, 0, 0.002, 0.001, 0.004
Node_FirmA26_FirmA102_0, 0.003, 0, 0.007, 0.006, 0.003, 0, 0.003, 0.002, 0.003
Node_FirmA26_FirmA2_0, 0.007, 0, 0.005, 0.003, 0.007, 0, 0.007, 0.005, 0.004
Node_FirmA26_FirmA41_0, 0.002, 0, 0.009, 0.009, 0.002, 0, 0.002, 0.001, 0.007
Node_FirmA26_FirmA7_0, 0.004, 0, 0.004, 0.004, 0.004, 0, 0.004, 0.001, 0.005
Node_FirmA27_FirmA71_0, 0.003, 0, 0.006, 0.004, 0.003, 0, 0.003, 0.002, 0.002
Node_FirmA27_FirmA89_0, 0.007, 0, 0.003, 0.004, 0.007, 0, 0.007, 0.002, 0.006
Node_FirmA28_FirmA94_0, 0.003, 0, 0.004, 0.005, 0.003, 0, 0.003, 0.002, 0.004
Node_FirmA29_FirmA51_0, 0.003, 0, 0.006, 0.005, 0.003, 0, 0.003, 0.001, 0.005
Node_FirmA38_FirmA32_0, 0.001, 0, 0.009, 0.008, 0.001, 0, 0.001, 0, 0.004
Node_FirmA43_FirmA39_0, 0.001, 0, 0.005, 0.004, 0.001, 0, 0.001, 0, 0.005
Node_FirmA45_FirmA40_0, 0.001, 0, 0.002, 0.002, 0.001, 0, 0.001, 0.001, 0.002
Node_FirmA50_FirmA70_0, 0.002, 0, 0.003, 0.002, 0.002, 0, 0.002, 0.001, 0.003
Node_FirmA52_FirmA107_0, 0.002, 0, 0.004, 0.004, 0.002, 0, 0.002, 0, 0.006
Node_FirmA52_FirmA42_0, 0, 0, 0.006, 0.004, 0, 0, 0, 0, 0.002
Node_FirmA53_FirmA35_0, 0, 0, 0.003, 0, 0, 0, 0, 0, 0
Node_FirmA55_FirmA29_0, 0.004, 0, 0.01, 0.004, 0.004, 0, 0.004, 0.001, 0.003
Node_FirmA58_FirmA43_0, 0.001, 0, 0.003, 0.002, 0.001, 0, 0.001, 0, 0.003
Node_FirmA59_FirmA36_0, 0.008, 0, 0.007, 0.003, 0.008, 0, 0.008, 0.005, 0.004
Node_FirmA59_FirmA44_0, 0.011, 0, 0.083, 0.035, 0.011, 0, 0.011, 0.011, 0.001
Node_FirmA59_FirmA48_0, 0.002, 0, 0.012, 0.011, 0.002, 0, 0.002, 0.002, 0.006
Node_FirmA60_FirmA74_0, 0.002, 0, 0.002, 0, 0.002, 0, 0.002, 0.001, 0.001
Node_FirmA61_FirmA66_0, 0.003, 0, 0.004, 0.004, 0.003, 0, 0.003, 0.001, 0.006
Node_FirmA62_FirmA104_0, 0.005, 0, 0.005, 0.002, 0.005, 0, 0.005, 0.002, 0.004
Node_FirmA62_FirmA58_0, 0.001, 0, 0.005, 0.004, 0.001, 0, 0.001, 0.001, 0.001
Node_FirmA62_FirmA6_0, 0, 0, 0.003, 0.003, 0, 0, 0, 0, 0.002
Node_FirmA63_FirmA109_0, 0.003, 0, 0.003, 0.004, 0.003, 0, 0.003, 0, 0.005
Node_FirmA63_FirmA10_0, 0.002, 0, 0.005, 0.006, 0.002, 0, 0.002, 0.002, 0.004
Node_FirmA63_FirmA30_0, 0.003, 0, 0.002, 0.002, 0.003, 0, 0.003, 0.001, 0.003
Node_FirmA63_FirmA45_0, 0.001, 0, 0.009, 0.009, 0.001, 0, 0.001, 0, 0.007
Node_FirmA63_FirmA57_0, 0.001, 0, 0.003, 0.003, 0.001, 0, 0.001, 0, 0.003
Node_FirmA63_FirmA99_0, 0.001, 0, 0.003, 0.002, 0.001, 0, 0.001, 0, 0.003
Node_FirmA64_FirmA33_0, 0, 0, 0.004, 0.002, 0, 0, 0, 0, 0.001
Node_FirmA65_FirmA5_0, 0, 0, 0.006, 0.003, 0, 0, 0, 0, 0.002
Node_FirmA65_FirmA64_0, 0.003, 0, 0.004, 0.002, 0.003, 0, 0.003, 0.001, 0.002
Node_FirmA65_FirmA69_0, 0.005, 0, 0.036, 0.021, 0.005, 0, 0.005, 0.003, 0.004
Node_FirmA65_FirmA97_0, 0.004, 0, 0.004, 0.004, 0.004, 0, 0.004, 0, 0.005
Node_FirmA67_FirmA37_0, 0.005, 0, 0.019, 0.008, 0.005, 0, 0.005, 0.005, 0.002
Node_FirmA67_FirmA50_0, 0.002, 0, 0.01, 0.009, 0.002, 0, 0.002, 0.001, 0.007
Node_FirmA67_FirmA79_0, 0.002, 0, 0.002, 0.002, 0.002, 0, 0.002, 0, 0.002
Node_FirmA67_FirmA87_0, 0.022, 0, 0.045, 0.038, 0.022, 0, 0.022, 0.021, 0.002
Node_FirmA69_FirmA28_0, 0.003, 0, 0.004, 0.001, 0.003, 0, 0.003, 0.001, 0.002
Node_FirmA69_FirmA72_0, 0.001, 0, 0.003, 0.002, 0.001, 0, 0.001, 0, 0.001
Node_FirmA72_FirmA73_0, 0, 0, 0.002, 0.002, 0, 0, 0, 0, 0.001
Node_FirmA7_FirmA12_0, 0, 0, 0.004, 0.002, 0, 0, 0, 0, 0.002
Node_FirmA7_FirmA90_0, 0.002, 0, 0.003, 0.002, 0.002, 0, 0.002, 0.002, 0.001
Node_FirmA80_FirmA34_0, 0.001, 0, 0.006, 0.004, 0.001, 0, 0.001, 0.001, 0.003
Node_FirmA81_FirmA14_0, 0.053, 0, 0.671, 0.095, 0.053, 0, 0.053, 0.051, 0.005
Node_FirmA81_FirmA19_0, 0.008, 0, 0.05, 0.029, 0.008, 0, 0.008, 0.005, 0.005
Node_FirmA81_FirmA84_0, 0.714, 0.003, 0.02, 0.072, 0.71, 0, 0.714, 0.706, 0.004
Node_FirmA81_FirmA92_0, 0.719, 0.002, 0.009, 0.072, 0.716, 0, 0.719, 0.704, 0.012
Node_FirmA83_FirmA11_0, 0.75, 0, 0.208, 0.094, 0.749, 0, 0.75, 0.749, 0.002
Node_FirmA83_FirmA49_0, 0, 0, 0.007, 0.005, 0, 0, 0, 0, 0.003
Node_FirmA83_FirmA55_0, 0.011, 0, 0.028, 0.012, 0.011, 0, 0.011, 0.01, 0.002
Node_FirmA83_FirmA59_0, 0.093, 0, 0.636, 0.093, 0.092, 0, 0.093, 0.091, 0.002
Node_FirmA83_FirmA65_0, 0.037, 0, 0.059, 0.042, 0.037, 0, 0.037, 0.036, 0.003
Node_FirmA83_FirmA81_0, 0.727, 0.002, 0.029, 0.099, 0.726, 0, 0.727, 0.722, 0.004
Node_FirmA83_FirmA86_0, 0.004, 0, 0.011, 0.007, 0.004, 0, 0.004, 0.002, 0.004
Node_FirmA84_FirmA111_0, 0.058, 0, 0.658, 0.102, 0.058, 0, 0.058, 0.057, 0.002
Node_FirmA84_FirmA16_0, 0.001, 0, 0.01, 0.004, 0.001, 0, 0.001, 0.001, 0.003
Node_FirmA84_FirmA20_0, 0.027, 0, 0.034, 0.025, 0.027, 0, 0.027, 0.027, 0.003
Node_FirmA84_FirmA26_0, 0.008, 0, 0.02, 0.006, 0.008, 0, 0.008, 0.007, 0.001
Node_FirmA84_FirmA46_0, 0, 0, 0.006, 0.008, 0, 0, 0, 0, 0.005
Node_FirmA84_FirmA63_0, 0.001, 0, 0.001, 0.002, 0.001, 0, 0.001, 0, 0.001
Node_FirmA84_FirmA9_0, 0.001, 0, 0.001, 0.002, 0.001, 0, 0.001, 0, 0.002
Node_FirmA85_DTU0X1_0, 0.029, 0.001, 1.065, 0.06, 0.028, 0, 0.029, 0.026, 0.003
Node_FirmA85_FirmA60_0, 0.003, 0, 0.028, 0.013, 0.003, 0, 0.003, 0.003, 0.002
Node_FirmA85_FirmC13_0, 1.09, 0.003, 0.777, 0.109, 0.953, 0, 1.09, 1.067, 0.018
Node_FirmA86_FirmA61_0, 0.001, 0, 0.005, 0.003, 0.001, 0, 0.001, 0, 0.002
Node_FirmA87_FirmA106_0, 0.004, 0, 0.01, 0.01, 0.004, 0, 0.004, 0, 0.008
Node_FirmA87_FirmA62_0, 0.006, 0, 0.009, 0.002, 0.006, 0, 0.006, 0.002, 0.004
Node_FirmA87_FirmA96_0, 0.011, 0, 0.016, 0.012, 0.011, 0, 0.011, 0.008, 0.005
Node_FirmA88_FirmA101_0, 0.002, 0, 0.013, 0.009, 0.002, 0, 0.002, 0, 0.007
Node_FirmA89_FirmA105_0, 0.004, 0, 0.002, 0.003, 0.004, 0, 0.004, 0.001, 0.005
Node_FirmA89_FirmA110_0, 0.005, 0, 0.004, 0.007, 0.005, 0, 0.005, 0.001, 0.005
Node_FirmA89_FirmA21_0, 0.008, 0, 0.006, 0.005, 0.008, 0, 0.008, 0.003, 0.007
Node_FirmA89_FirmA31_0, 0.004, 0, 0.003, 0.003, 0.004, 0, 0.004, 0.001, 0.004
Node_FirmA89_FirmA53_0, 0.003, 0, 0.008, 0.011, 0.003, 0, 0.003, 0, 0.007
Node_FirmA89_FirmA68_0, 0.001, 0, 0.006, 0.004, 0.001, 0, 0.001, 0, 0.003
Node_FirmA89_FirmA80_0, 0.004, 0, 0.009, 0.002, 0.004, 0, 0.004, 0.001, 0.005
Node_FirmA90_FirmA112_0, 0.003, 0, 0.002, 0.002, 0.003, 0, 0.003, 0.001, 0.003
Node_FirmA92_FirmA54_0, 0.773, 0.003, 0.005, 0.077, 0.77, 0, 0.773, 0.712, 0.056
Node_FirmA94_FirmA75_0, 0.002, 0, 0.008, 0.007, 0.002, 0, 0.002, 0.001, 0.007
Node_FirmA96_FirmA27_0, 0.004, 0, 0.008, 0.007, 0.004, 0, 0.004, 0.003, 0.001
Node_FirmA96_FirmA91_0, 0, 0, 0.005, 0.002, 0, 0, 0, 0, 0.001
Node_FirmA99_FirmA18_0, 0.002, 0, 0.002, 0.003, 0.002, 0, 0.002, 0, 0.003
Node_FirmB16_FirmB13_0, 0.003, 0, 0.013, 0.007, 0.003, 0, 0.003, 0.001, 0.004
Node_FirmB17_FirmB15_0, 0.006, 0, 0.999, 0.009, 0.006, 0, 0.006, 0.003, 0.004
Node_FirmB2_FirmB11_0, 0.006, 0, 0.012, 0.01, 0.006, 0, 0.006, 0.001, 0.01
Node_FirmB2_FirmB12_0, 0.008, 0, 0.018, 0.015, 0.008, 0, 0.008, 0.005, 0.011
Node_FirmB3_FirmB14_0, 0.004, 0, 0.966, 0.011, 0.004, 0, 0.004, 0.003, 0.005
Node_FirmB4_FirmB17_0, 1.001, 0, 0.01, 0.006, 0.999, 0, 1.001, 0.999, 0.004
Node_FirmB4_FirmB1_0, 1.007, 0.004, 0.007, 0.016, 1, 0, 1.007, 0.957, 0.045
Node_FirmB4_FirmB3_0, 0.965, 0.001, 0.013, 0.008, 0.961, 0, 0.965, 0.955, 0.009
Node_FirmB6_FirmB7_0, 1.208, 0.001, 0.016, 0.069, 0.972, 0, 1.208, 1.046, 0.17
Node_FirmB8_FirmB16_0, 0.012, 0, 0.959, 0.011, 0.012, 0, 0.012, 0.01, 0.003
Node_FirmB8_FirmB4_0, 0.968, 0, 0.084, 0.017, 0.957, 0, 0.968, 0.961, 0.009
Node_FirmB8_FirmB5_0, 0.005, 0, 0.008, 0.003, 0.005, 0, 0.005, 0.005, 0.001
Node_FirmB8_FirmB9_0, 1.043, 0.007, 0.012, 0.035, 0.98, 0, 1.043, 0.985, 0.05
Node_FirmB9_FirmB10_0, 0.004, 0, 0.016, 0.008, 0.004, 0, 0.004, 0.002, 0.005
Node_FirmB9_FirmB2_0, 0.015, 0, 1.042, 0.019, 0.015, 0, 0.015, 0.014, 0.004
Node_FirmB9_FirmB6_0, 1.053, 0, 0.032, 0.027, 0.964, 0, 1.053, 1.013, 0.042
Node_FirmC10_FirmC14_0, 0, 0, 0.003, 0.003, 0, 0, 0, 0, 0.002
Node_FirmC10_FirmC18_0, 0.001, 0, 0.003, 0.002, 0.001, 0, 0.001, 0, 0.003
Node_FirmC10_FirmC19_0, 0.001, 0, 0.004, 0.003, 0.001, 0, 0.001, 0, 0.001
Node_FirmC11_FirmC3_0, 0.006, 0, 0.008, 0.013, 0.006, 0, 0.006, 0.002, 0.008
Node_FirmC13_FirmB8_0, 0.998, 0, 0.073, 0.036, 0.955, 0, 0.998, 0.989, 0.01
Node_FirmC13_FirmC10_0, 0.004, 0, 0.006, 0.005, 0.004, 0, 0.004, 0.001, 0.003
Node_FirmC13_FirmC17_0, 0.002, 0, 0.004, 0.002, 0.002, 0, 0.002, 0.002, 0.002
Node_FirmC13_FirmC5_0, 0.02, 0.001, 0.983, 0.047, 0.019, 0, 0.02, 0.017, 0.004
Node_FirmC13_FirmC8_0, 0.007, 0, 0.016, 0.011, 0.007, 0, 0.007, 0.006, 0.003
Node_FirmC13_Firms33_0, 1.061, 0.015, 0.067, 0.048, 0.97, 0, 1.061, 1.012, 0.023
Node_FirmC15_FirmC12_0, 0.002, 0, 0.005, 0.004, 0.002, 0, 0.002, 0, 0.004
Node_FirmC1_FirmC4_0, 0.003, 0, 0.003, 0.004, 0.003, 0, 0.003, 0.001, 0.005
Node_FirmC6_FirmC16_0, 0.002, 0, 0.009, 0.012, 0.002, 0, 0.002, 0, 0.01
Node_FirmC6_FirmC1_0, 0.001, 0, 0.003, 0.001, 0.001, 0, 0.001, 0.001, 0
Node_FirmC8_FirmC11_0, 0.006, 0, 0.003, 0.002, 0.006, 0, 0.006, 0.002, 0.005
Node_FirmC8_FirmC15_0, 0.003, 0, 0.003, 0.003, 0.003, 0, 0.003, 0, 0.005
Node_FirmC8_FirmC6_0, 0.004, 0, 0.002, 0.004, 0.004, 0, 0.004, 0, 0.006
Node_FirmC8_FirmC7_0, 0.001, 0, 0.011, 0.008, 0.001, 0, 0.001, 0, 0.006
Node_FirmC8_FirmC9_0, 0, 0, 0.013, 0.009, 0, 0, 0, 0, 0.006
Node_FirmD2_FirmD3_0, 0.004, 0, 0.028, 0.019, 0.004, 0, 0.004, 0.003, 0.004
Node_FirmD4_FirmD2_0, 0.028, 0, 0.934, 0.054, 0.028, 0, 0.028, 0.028, 0
Node_FirmE4_FirmE6_0, 1.086, 0.005, 0.816, 0.257, 1, 0, 1.086, 1.015, 0.066
Node_FirmE5_FirmA85_0, 1.846, 0.06, 0.064, 0.163, 0.98, 0, 1.846, 1.678, 0.054
Node_FirmE5_FirmE3_0, 1.034, 0.105, 0.936, 0.252, 0.85, 0, 1.034, 0.795, 0.034
Node_FirmE5_FirmE4_0, 1.831, 0.024, 0.086, 0.224, 0.988, 0, 1.831, 1.754, 0.032
Node_FirmE5_FirmE7_0, 1.861, 0.031, 0.064, 0.331, 0.984, 0, 1.861, 1.758, 0.048
Node_FirmE7_FirmE1_0, 0.499, 0.003, 1.516, 0.358, 0.441, 0, 0.499, 0.348, 0.151
Node_FirmE7_FirmE2_0, 0.169, 0, 0.337, 0.148, 0.167, 0, 0.169, 0.165, 0.007
Node_FirmE7_FirmE8_0, 1.009, 0.001, 0.042, 0.076, 1, 0, 1.009, 0.132, 0.881
Node_FirmF1_FirmF2_0, 0.03, 0, 1.525, 0.073, 0.029, 0, 0.03, 0.029, 0.003
Node_FirmF1_FirmG6_0, 1.552, 0.006, 0.039, 0.072, 0.928, 0, 1.552, 1.471, 0.072
Node_FirmF2_FirmF3_0, 0.004, 0, 0.028, 0.021, 0.004, 0, 0.004, 0.004, 0.002
Node_FirmG5_FirmG1_0, 1.001, 0, 0.01, 0.005, 0.999, 0, 1.001, 1.001, 0.002
Node_FirmG5_FirmG2_0, 1.009, 0.002, 0.038, 0.046, 1, 0, 1.009, 0.899, 0.11
Node_FirmG6_FirmE5_0, 1.796, 0.025, 0.015, 0.072, 0.969, 0, 1.796, 1.516, 0.234
Node_FirmG6_FirmG3_0, 0.003, 0, 0.015, 0.003, 0.003, 0, 0.003, 0.003, 0
Node_FirmG6_FirmG4_0, 0.018, 0, 0.918, 0.043, 0.018, 0, 0.018, 0.017, 0.001
Node_FirmG6_FirmG5_0, 0.935, 0.004, 0.901, 0.086, 0.897, 0, 0.935, 0.892, 0.036
Node_Firms11_Firms17_0, 2.149, 0.005, 0.222, 0.038, 1, 0, 2.149, 2.123, 0.016
Node_Firms13_Firms1_0, 0.992, 0, 0.669, 0.082, 0.843, 0, 0.992, 0.978, 0.017
Node_Firms1_Firms10_0, 1.137, 0.002, 0.006, 0.038, 0.893, 0, 1.137, 0.987, 0.149
Node_Firms20_Firms12_0, 0.036, 0, 0.004, 0.005, 0.036, 0, 0.036, 0.005, 0.034
Node_Firms20_Firms29_0, 0.178, 0, 0.007, 0.007, 0.178, 0, 0.178, 0.036, 0.149
Node_Firms22_Firms27_0, 2.001, 0.002, 0.071, 0.014, 1, 0, 2.001, 1.996, 0.003
Node_Firms23_Firms18_0, 0.002, 0, 0.003, 0.004, 0.002, 0, 0.002, 0, 0.004
Node_Firms24_Firms26_0, 1.059, 0.083, 0.336, 0.175, 0.816, 0, 1.059, 0.696, 0.206
Node_Firms30_Firms31_0, 0, 0, 0.008, 0.009, 0, 0, 0, 0, 0.005
Node_Firms32_Firms25_0, 0.003, 0, 0.004, 0.003, 0.003, 0, 0.003, 0.001, 0.005
Node_Firms33_FirmA83_0, 0.956, 0.004, 0.112, 0.074, 0.946, 0, 0.956, 0.947, 0.003
Node_Firms33_FirmD1_0, 1.011, 0.039, 0.004, 0.062, 0.953, 0, 1.011, 0.922, 0.014
Node_Firms33_FirmD4_0, 0.962, 0.016, 0.016, 0.06, 0.941, 0, 0.962, 0.928, 0.006
Node_Firms33_Firms11_0, 2.35, 0.148, 0.033, 0.807, 1, 0, 2.35, 1.904, 0.168
Node_Firms33_Firms13_0, 1.644, 0.358, 0.022, 0.07, 0.994, 0, 1.644, 0.895, 0.056
Node_Firms33_Firms15_0, 1.002, 0, 0.998, 0.014, 0.996, 0, 1.002, 1, 0.004
Node_Firms33_Firms16_0, 0.004, 0, 1.004, 0.008, 0.004, 0, 0.004, 0.002, 0.006
Node_Firms33_Firms20_0, 0.006, 0, 0.005, 0.003, 0.006, 0, 0.006, 0.001, 0.007
Node_Firms33_Firms21_0, 0.004, 0, 0.003, 0.005, 0.004, 0, 0.004, 0.003, 0.003
Node_Firms33_Firms22_0, 2.067, 0.293, 0.017, 0.043, 1, 0, 2.067, 1.301, 0.26
Node_Firms33_Firms23_0, 0.001, 0, 0.004, 0.005, 0.001, 0, 0.001, 0, 0.003
Node_Firms33_Firms28_0, 0.004, 0, 0.002, 0.003, 0.004, 0, 0.004, 0.001, 0.005
Node_Firms33_Firms2_0, 0.004, 0, 0.006, 0.004, 0.004, 0, 0.004, 0.002, 0.006
Node_Firms33_Firms30_0, 0.003, 0, 0.006, 0, 0.003, 0, 0.003, 0, 0.003
Node_Firms33_Firms32_0, 0.002, 0, 0.009, 0.007, 0.002, 0, 0.002, 0, 0.007
Node_Firms33_Firms3_0, 1.531, 0.055, 0.23, 0.046, 0.929, 0, 1.531, 1.363, 0.062
Node_Firms33_Firms5_0, 1.996, 0.002, 0.021, 0.017, 1, 0, 1.996, 1.981, 0.014
Node_Firms33_Firms6_0, 1.252, 0.117, 0.139, 0.056, 0.996, 0, 1.252, 1.004, 0.019
Node_Firms33_Firms7_0, 2.001, 0.009, 1.134, 0.044, 1, 0, 2.001, 1.217, 0.776
Node_Firms33_Firms8_0, 1.255, 0.192, 0.005, 0.082, 0.999, 0, 1.255, 0.868, 0.057
Node_Firms33_Firms9_0, 0.001, 0, 0.008, 0.007, 0.001, 0, 0.001, 0.001, 0.006
Node_Firms8_Firms24_0, 1.106, 0.014, 0.257, 0.489, 0.913, 0, 1.106, 1.022, 0.066
Node_Firms8_Firms4_0, 1.283, 0.137, 0.128, 0.031, 1, 0, 1.283, 0.994, 0.019
Node_Gemm2_Gemm4_0, 0.001, 0, 0.004, 0.003, 0.001, 0, 0.001, 0, 0.003
Node_Gemm3_Gemm6_0, 0.2, 0, 0.004, 0.005, 0.2, 0, 0.2, 0.032, 0.169
Node_Gemm5_Gemm8_0, 0.004, 0, 0.003, 0.006, 0.004, 0, 0.004, 0.002, 0.004
Node_Gemm5_Gemm9_0, 0.002, 0, 0.008, 0.008, 0.002, 0, 0.002, 0.001, 0.006
Node_Gemm9_Gemm2_0, 0.002, 0, 0.005, 0.007, 0.002, 0, 0.002, 0, 0.005
Node_Gemm9_Gemm3_0, 0.035, 0, 0.002, 0.001, 0.035, 0, 0.035, 0.002, 0.034
Node_Gemm9_Gemm7_0, 0.003, 0, 0.007, 0.008, 0.003, 0, 0.003, 0, 0.008
Node_Gold1_FCPU1_0, 0.009, 0, 0.021, 0.018, 0.009, 0, 0.009, 0.006, 0.005
Node_Gold1_Fire1_0, 0.025, 0, 0.086, 0.046, 0.025, 0, 0.025, 0.024, 0.004
Node_Gold1_Gold2_0, 0.004, 0, 0.011, 0.008, 0.004, 0, 0.004, 0.002, 0.006
Node_Hydr2_Abys1_0, 1.266, 0.003, 0.443, 0.267, 0.943, 0, 1.266, 1.145, 0.119
Node_Hydr2_Hydr1_0, 1.042, 0.001, 0.311, 0.097, 1, 0, 1.042, 0.96, 0.086
Node_Hydr2_Plan43_0, 1.607, 0.026, 0.056, 0.411, 0.967, 0, 1.607, 1.538, 0.023
Node_Hydr2_Sume1_0, 1.587, 0.006, 0.043, 0.132, 0.961, 0, 1.587, 1.56, 0.017
Node_KSB1X2_KSB1X4_0, 0.002, 0, 0.01, 0.009, 0.002, 0, 0.002, 0.001, 0.003
Node_KSB1X3_KSB1X1_0, 0.002, 0, 0.004, 0.001, 0.002, 0, 0.002, 0.002, 0.001
Node_Late1_Late3_0, 0.002, 0, 0.002, 0.002, 0.002, 0, 0.002, 0.001, 0.002
Node_Late2_Late1_0, 0.002, 0, 0.046, 0.015, 0.002, 0, 0.002, 0.002, 0
Node_Lind1_Lind2_0, 0.015, 0, 0.118, 0.062, 0.015, 0, 0.015, 0.014, 0.004
Node_Lind1_Lind4_0, 0.129, 0.001, 0.228, 0.189, 0.125, 0, 0.129, 0.128, 0.001
Node_Marg1_Marg2_0, 0.092, 0, 0.483, 0.157, 0.092, 0, 0.092, 0.092, 0.002
Node_Marg1_Marg6_0, 0.013, 0, 0.08, 0.045, 0.013, 0, 0.013, 0.013, 0.001
Node_Marg2_Marg7_0, 0.015, 0, 0.08, 0.059, 0.015, 0, 0.015, 0.014, 0.003
Node_Mari3_Mari2_0, 0.001, 0, 0.004, 0.002, 0.001, 0, 0.001, 0, 0.003
Node_Mari3_Mari6_0, 0.002, 0, 0.006, 0.003, 0.002, 0, 0.002, 0.002, 0.001
Node_Mari6_Mari1_0, 0.004, 0, 0.005, 0.007, 0.004, 0, 0.004, 0.002, 0.005
Node_Mari6_Mari5_0, 0.004, 0, 0.004, 0.006, 0.004, 0, 0.004, 0, 0.006
Node_Meth2_Meth1_0, 0.002, 0, 0.227, 0.015, 0.002, 0, 0.002, 0.002, 0.001
Node_Meth4_Meth3_0, 1.057, 0.001, 0.007, 0.004, 1, 0, 1.057, 1.004, 0.052
Node_Meth5_Meth2_0, 0.228, 0.002, 0.881, 0.06, 0.227, 0, 0.228, 0.096, 0.137
Node_Meth5_Meth4_0, 1.011, 0.054, 0.011, 0.042, 0.954, 0, 1.011, 0.2, 0.74
Node_Meth5_NitsA1_0, 1.279, 0.007, 0.121, 0.168, 0.887, 0, 1.279, 1.228, 0.039
Node_Meth5_SZUA1_0, 0.97, 0.001, 0.072, 0.036, 0.881, 0, 0.97, 0.893, 0.078
Node_Meth5_Sche1_0, 0.963, 0.015, 0.47, 0.155, 0.867, 0, 0.963, 0.799, 0.139
Node_MyxA1_MyxA2_0, 1.036, 0.01, 0.632, 0.352, 0.999, 0, 1.036, 0.498, 0.532
Node_MyxA1_MyxA4_0, 1.126, 0.005, 0.015, 0.098, 0.809, 0, 1.126, 0.895, 0.23
Node_MyxA2_MyxA3_0, 1.019, 0.008, 0.03, 0.028, 1, 0, 1.019, 1, 0.005
Node_Myxo10_Bdell6_0, 0.413, 0.004, 0.078, 0.104, 0.346, 0, 0.413, 0.192, 0.216
Node_Myxo10_MyxA1_0, 0.906, 0.002, 0.044, 0.162, 0.698, 0, 0.906, 0.37, 0.535
Node_Myxo10_Myxo11_0, 0.817, 0.001, 0.095, 0.12, 0.655, 0, 0.817, 0.811, 0.005
Node_Myxo10_Myxo14_0, 0.528, 0.002, 0.298, 0.062, 0.526, 0, 0.528, 0.52, 0.007
Node_Myxo10_Myxo15_0, 0.041, 0, 0.517, 0.084, 0.041, 0, 0.041, 0.039, 0.004
Node_Myxo10_Myxo17_0, 0.554, 0.001, 0.01, 0.105, 0.552, 0, 0.554, 0.519, 0.035
Node_Myxo11_Bdell13_0, 0.335, 0, 0.491, 0.081, 0.318, 0, 0.335, 0.327, 0.009
Node_Myxo11_Myxo13_0, 0.004, 0, 0.313, 0.015, 0.004, 0, 0.004, 0.003, 0.005
Node_Myxo11_Myxo8_0, 0.312, 0, 0.046, 0.03, 0.311, 0, 0.312, 0.29, 0.023
Node_Myxo14_Myxo2_0, 0.005, 0, 0.006, 0.002, 0.005, 0, 0.005, 0.003, 0.002
Node_Myxo14_Myxo3_0, 0.029, 0, 0.5, 0.061, 0.029, 0, 0.029, 0.028, 0.001
Node_Myxo14_Myxo5_0, 0.002, 0, 0.009, 0.006, 0.002, 0, 0.002, 0, 0.006
Node_Myxo14_Myxo6_0, 0, 0, 0.003, 0.003, 0, 0, 0, 0, 0.001
Node_Myxo14_Myxo9_0, 0.009, 0, 0.022, 0.013, 0.009, 0, 0.009, 0.007, 0.002
Node_Myxo15_Myxo18_0, 0.005, 0, 0.037, 0.019, 0.005, 0, 0.005, 0.005, 0.001
Node_Myxo17_Myxo19_0, 0.671, 0.002, 0.008, 0.142, 0.667, 0, 0.671, 0.551, 0.123
Node_Myxo2_Myxo1_0, 0.002, 0, 0.003, 0.003, 0.002, 0, 0.002, 0.002, 0
Node_Myxo8_Myxo7_0, 0.449, 0, 0.012, 0.071, 0.449, 0, 0.449, 0.305, 0.149
Node_Nitr10_Nitr3_0, 0.007, 0, 0.037, 0.024, 0.007, 0, 0.007, 0.007, 0.004
Node_Nitr10_Nitr4_0, 0.04, 0.001, 0.721, 0.209, 0.04, 0, 0.04, 0.037, 0.002
Node_Nitr10_Nitr6_0, 0.001, 0, 0.008, 0.005, 0.001, 0, 0.001, 0, 0.002
Node_Nitr14_CG294X1_0, 0.789, 0.008, 0.591, 0.29, 0.709, 0, 0.789, 0.76, 0.018
Node_Nitr14_Meth5_0, 1.354, 0.02, 0.148, 0.293, 0.897, 0, 1.354, 1.257, 0.06
Node_Nitr14_Nitr12_0, 0.003, 0, 0.01, 0.01, 0.003, 0, 0.003, 0, 0.008
Node_Nitr14_Nitr13_0, 0.009, 0, 0.02, 0.015, 0.009, 0, 0.009, 0.005, 0.006
Node_Nitr14_Nitr15_0, 0.803, 0.005, 0.056, 0.164, 0.728, 0, 0.803, 0.73, 0.065
Node_Nitr14_Nitr16_0, 0.005, 0, 0.009, 0.006, 0.005, 0, 0.005, 0.002, 0.005
Node_Nitr14_Nitr2_0, 0.023, 0, 0.095, 0.046, 0.023, 0, 0.023, 0.023, 0
Node_Nitr14_Nitr9_0, 0.118, 0.001, 0.686, 0.163, 0.118, 0, 0.118, 0.117, 0
Node_Nitr15_Nitr10_0, 0.758, 0.007, 0.305, 0.147, 0.754, 0, 0.758, 0.673, 0.079
Node_Nitr15_Nitr1_0, 1.054, 0.014, 0.025, 0.195, 0.927, 0, 1.054, 0.774, 0.262
Node_Nitr15_Nitr8_0, 0.977, 0.001, 0.251, 0.179, 0.777, 0, 0.977, 0.807, 0.173
Node_Nitr16_Nitr11_0, 0.003, 0, 0.004, 0.002, 0.003, 0, 0.003, 0, 0.005
Node_Nitr16_Nitr17_0, 0.002, 0, 0.008, 0.008, 0.002, 0, 0.002, 0, 0.005
Node_Nitr17_Nitr5_0, 0.001, 0, 0.006, 0.007, 0.001, 0, 0.001, 0, 0.005
Node_Nitr9_Nitr7_0, 0.027, 0, 0.094, 0.051, 0.027, 0, 0.027, 0.027, 0.003
Node_Nits1_Nits3_0, 0.003, 0, 0.013, 0.007, 0.003, 0, 0.003, 0.001, 0.006
Node_Nits4_Nits2_0, 0.257, 0, 0.048, 0.046, 0.253, 0, 0.257, 0.083, 0.175
Node_NitsA1_NitsA2_0, 0.659, 0.002, 0.089, 0.204, 0.65, 0, 0.659, 0.515, 0.145
Node_NitsA1_NitsA3_0, 0.601, 0.003, 0.698, 0.239, 0.56, 0, 0.601, 0.582, 0.017
Node_NitsA3_Nits1_0, 0.01, 0, 0.124, 0.039, 0.01, 0, 0.01, 0.01, 0.004
Node_NitsA3_Nits4_0, 0.13, 0, 0.507, 0.136, 0.126, 0, 0.13, 0.096, 0.036
Node_Omni4_Omni2_0, 0.005, 0, 0.009, 0.008, 0.005, 0, 0.005, 0.002, 0.007
Node_Omni4_Omni3_0, 0.047, 0.001, 0.433, 0.095, 0.046, 0, 0.047, 0.045, 0
Node_Omni4_Omni7_0, 0.007, 0.001, 0.043, 0.026, 0.007, 0, 0.007, 0.005, 0.002
Node_Omni4_Omni8_0, 0.479, 0.001, 0.163, 0.191, 0.432, 0, 0.479, 0.46, 0.021
Node_Omni8_Omni6_0, 0.536, 0.002, 0.076, 0.129, 0.519, 0, 0.536, 0.404, 0.131
Node_P4572X1_Ferm1_0, 0.01, 0, 0.014, 0.017, 0.01, 0, 0.01, 0.007, 0.004
Node_P4572X1_Gemm5_0, 0.003, 0, 0.009, 0.008, 0.003, 0, 0.003, 0.002, 0.002
Node_Pate13_Pate34_0, 0.003, 0, 0.011, 0.008, 0.003, 0, 0.003, 0.002, 0.004
Node_Pate13_Pate6_0, 0.01, 0, 0.073, 0.014, 0.01, 0, 0.01, 0.009, 0.003
Node_Pate14_Pate35_0, 0.003, 0, 0.006, 0.004, 0.003, 0, 0.003, 0.001, 0.003
Node_Pate14_Pate5_0, 0.006, 0.002, 0.043, 0.012, 0.005, 0, 0.006, 0.004, 0
Node_Pate15_Pate29_0, 0.001, 0, 0.007, 0.009, 0.001, 0, 0.001, 0.001, 0.003
Node_Pate17_Pate18_0, 0.002, 0, 0.005, 0.003, 0.002, 0, 0.002, 0, 0.004
Node_Pate17_Pate19_0, 0.003, 0, 0.005, 0.005, 0.003, 0, 0.003, 0, 0.005
Node_Pate17_Pate8_0, 0.001, 0, 0.004, 0.005, 0.001, 0, 0.001, 0, 0.003
Node_Pate18_Pate38_0, 0.002, 0, 0.002, 0.002, 0.002, 0, 0.002, 0, 0.004
Node_Pate18_Pate9_0, 0, 0, 0.004, 0.003, 0, 0, 0, 0, 0.002
Node_Pate19_Pate37_0, 0.003, 0, 0.005, 0.004, 0.003, 0, 0.003, 0, 0.007
Node_Pate19_Pate4_0, 0.001, 0, 0.006, 0.006, 0.001, 0, 0.001, 0, 0.004
Node_Pate1_Pate50_0, 0.02, 0, 0.057, 0.034, 0.02, 0, 0.02, 0.017, 0.003
Node_Pate21_Pate15_0, 0.005, 0, 0.007, 0.003, 0.005, 0, 0.005, 0.002, 0.004
Node_Pate21_Pate26_0, 0.008, 0, 0.01, 0.011, 0.008, 0, 0.008, 0.006, 0.002
Node_Pate24_Pate13_0, 0.08, 0.003, 0.005, 0.012, 0.077, 0, 0.08, 0.044, 0.035
Node_Pate24_Pate14_0, 0.047, 0, 0.006, 0.009, 0.047, 0, 0.047, 0.03, 0.017
Node_Pate24_Pate39_0, 0.367, 0.002, 0.003, 0.066, 0.363, 0, 0.367, 0.158, 0.206
Node_Pate24_Pate54_0, 0.162, 0.001, 0.01, 0.038, 0.159, 0, 0.162, 0.071, 0.091
Node_Pate25_Pate17_0, 0.003, 0, 0.006, 0.004, 0.003, 0, 0.003, 0.003, 0
Node_Pate25_Pate28_0, 0.004, 0, 0.004, 0.005, 0.004, 0, 0.004, 0.002, 0.005
Node_Pate25_Pate32_0, 0.009, 0.001, 0.02, 0.019, 0.008, 0, 0.009, 0.007, 0.001
Node_Pate26_Pate12_0, 0.004, 0, 0.007, 0.008, 0.004, 0, 0.004, 0.003, 0.003
Node_Pate40_Pate24_0, 0.036, 0, 0.01, 0.017, 0.036, 0, 0.036, 0.032, 0.004
Node_Pate40_Pate55_0, 0.003, 0, 0.034, 0.003, 0.003, 0, 0.003, 0.003, 0.001
Node_Pate40_Pate7_0, 0.042, 0, 0.062, 0.017, 0.041, 0, 0.042, 0.041, 0.001
Node_Pate43_Pate22_0, 0.008, 0, 0.017, 0.006, 0.007, 0, 0.008, 0.007, 0.003
Node_Pate43_Pate3_0, 0.002, 0, 0.007, 0.005, 0.001, 0, 0.002, 0.002, 0.001
Node_Pate43_Pate44_0, 0, 0, 0.002, 0.001, 0, 0, 0, 0, 0
Node_Pate43_Pate45_0, 0.022, 0, 0.066, 0.015, 0.022, 0, 0.022, 0.02, 0.002
Node_Pate43_Pate57_0, 0, 0, 0.001, 0.001, 0, 0, 0, 0, 0.001
Node_Pate44_Pate52_0, 0, 0, 0.001, 0.001, 0, 0, 0, 0, 0.001
Node_Pate45_Pate11_0, 0.006, 0, 0.014, 0.007, 0.005, 0, 0.006, 0.004, 0.004
Node_Pate45_Pate21_0, 0.016, 0, 0.01, 0.01, 0.016, 0, 0.016, 0.014, 0.004
Node_Pate46_Pate25_0, 0.027, 0, 0.092, 0.03, 0.027, 0, 0.027, 0.026, 0.001
Node_Pate48_Chlo30_0, 0.932, 0.003, 0.398, 0.384, 0.703, 0, 0.932, 0.926, 0.002
Node_Pate48_Pate1_0, 0.074, 0, 0.199, 0.101, 0.074, 0, 0.074, 0.072, 0.003
Node_Pate48_Pate23_0, 0.216, 0, 0.722, 0.168, 0.206, 0, 0.216, 0.213, 0.006
Node_Pate48_Pate30_0, 0.16, 0, 0.011, 0.04, 0.159, 0, 0.16, 0.094, 0.068
Node_Pate48_Pate40_0, 0.103, 0.002, 0.018, 0.021, 0.099, 0, 0.103, 0.069, 0.033
Node_Pate48_Pate43_0, 0.086, 0.002, 0.049, 0.036, 0.082, 0, 0.086, 0.068, 0.015
Node_Pate48_Pate46_0, 0.118, 0.001, 0.106, 0.059, 0.116, 0, 0.118, 0.11, 0.007
Node_Pate48_Pate49_0, 0.028, 0, 0.048, 0.019, 0.028, 0, 0.028, 0.026, 0.002
Node_Pate48_Pate51_0, 0.007, 0, 0.024, 0.012, 0.007, 0, 0.007, 0.005, 0.003
Node_Pate48_Pate56_0, 0.27, 0.002, 0.001, 0.064, 0.267, 0, 0.27, 0.158, 0.109
Node_Pate49_Pate41_0, 0.006, 0, 0.023, 0.017, 0.006, 0, 0.006, 0.005, 0.001
Node_Pate51_Pate27_0, 0.002, 0, 0.003, 0.004, 0.002, 0, 0.002, 0.001, 0.003
Node_Pate51_Pate33_0, 0.005, 0, 0.005, 0.004, 0.005, 0, 0.005, 0.003, 0.003
Node_Pate51_Pate53_0, 0.002, 0, 0.005, 0.006, 0.002, 0, 0.002, 0.001, 0.002
Node_Pate54_Pate31_0, 0.012, 0, 0.151, 0.029, 0.012, 0, 0.012, 0.012, 0.001
Node_Pate9_Pate36_0, 0, 0, 0.003, 0.004, 0, 0, 0, 0, 0.003
Node_Plan17_Plan23_0, 1.039, 0.004, 0.349, 0.188, 0.999, 0, 1.039, 0.651, 0.387
Node_Plan22_Plan2_0, 0.006, 0, 0.032, 0.02, 0.006, 0, 0.006, 0.004, 0.008
Node_Plan22_Plan4_0, 0.03, 0, 0.378, 0.059, 0.029, 0, 0.03, 0.03, 0.001
Node_Plan26_Plan21_0, 0.062, 0, 0.308, 0.114, 0.062, 0, 0.062, 0.062, 0.001
Node_Plan26_Plan5_0, 0.011, 0, 0.052, 0.041, 0.011, 0, 0.011, 0.011, 0.001
Node_Plan30_Plan14_0, 0.991, 0, 0.027, 0.011, 0.99, 0, 0.991, 0.988, 0.006
Node_Plan31_Plan17_0, 0.997, 0.002, 0.518, 0.368, 0.767, 0, 0.997, 0.753, 0.244
Node_Plan31_Plan18_0, 1.124, 0.006, 0.229, 0.346, 0.887, 0, 1.124, 1.11, 0.007
Node_Plan31_Plan27_0, 1.269, 0.01, 0.008, 0.207, 0.913, 0, 1.269, 1.125, 0.13
Node_Plan31_Plan39_0, 1.137, 0.006, 0.028, 0.268, 0.886, 0, 1.137, 1.095, 0.035
Node_Plan32_Plan12_0, 1.01, 0.005, 0.008, 0.009, 1, 0, 1.01, 0.989, 0.014
Node_Plan32_Plan22_0, 0.407, 0, 0.128, 0.112, 0.383, 0, 0.407, 0.242, 0.166
Node_Plan32_Plan26_0, 0.369, 0.001, 0.863, 0.335, 0.33, 0, 0.369, 0.336, 0.033
Node_Plan32_Plan30_0, 1.012, 0.004, 0.057, 0.109, 0.988, 0, 1.012, 0.354, 0.658
Node_Plan32_Plan3_0, 0.999, 0, 0.023, 0.017, 0.992, 0, 0.999, 0.992, 0.01
Node_Plan33_Plan44_0, 0.957, 0, 0.039, 0.027, 0.953, 0, 0.957, 0.953, 0.004
Node_Plan42_Plan40_0, 0.942, 0.001, 0.008, 0.147, 0.94, 0, 0.942, 0.927, 0.019
Node_Plan43_Plan16_0, 0.936, 0.002, 0.06, 0.142, 0.928, 0, 0.936, 0.933, 0.002
Node_Plan43_Plan31_0, 1.34, 0.108, 0.033, 0.109, 0.949, 0, 1.34, 1.086, 0.044
Node_Plan43_Plan32_0, 1.198, 0.006, 0.166, 0.184, 0.95, 0, 1.198, 1.17, 0.018
Node_Plan43_Plan33_0, 0.992, 0.006, 0.233, 0.182, 0.953, 0, 0.992, 0.963, 0.021
Node_Plan43_Plan42_0, 0.93, 0.003, 0.013, 0.152, 0.929, 0, 0.93, 0.923, 0.004
Node_Plan43_Plan7_0, 1.221, 0.057, 0.33, 0.097, 0.928, 0, 1.221, 1.096, 0.013
Node_Plan43_Verr11_0, 1.481, 0.041, 0.171, 0.185, 0.945, 0, 1.481, 1.4, 0.004
Node_Pori1_Pori2_0, 0.181, 0, 0.243, 0.144, 0.175, 0, 0.181, 0.067, 0.114
Node_ProtA11_ProtA32_0, 0.002, 0, 0.001, 0, 0.002, 0, 0.002, 0.001, 0.001
Node_ProtA12_ProtA44_0, 0.002, 0, 0.004, 0.003, 0.002, 0, 0.002, 0.001, 0.003
Node_ProtA12_ProtA54_0, 0.001, 0, 0.001, 0.001, 0.001, 0, 0.001, 0.001, 0
Node_ProtA13_ProtA24_0, 0.003, 0, 0.004, 0.005, 0.003, 0, 0.003, 0, 0.005
Node_ProtA13_ProtA61_0, 0.002, 0, 0.006, 0.006, 0.002, 0, 0.002, 0, 0.005
Node_ProtA13_ProtA77_0, 0.003, 0, 0.005, 0.002, 0.003, 0, 0.003, 0, 0.003
Node_ProtA13_ProtA7_0, 0.002, 0, 0.005, 0.004, 0.002, 0, 0.002, 0, 0.004
Node_ProtA15_ProtA42_0, 0.002, 0, 0.005, 0.008, 0.002, 0, 0.002, 0, 0.005
Node_ProtA15_ProtA70_0, 0.002, 0, 0.007, 0.007, 0.002, 0, 0.002, 0, 0.006
Node_ProtA16_ProtA33_0, 0.002, 0, 0.005, 0.005, 0.002, 0, 0.002, 0.001, 0.002
Node_ProtA16_ProtA66_0, 0, 0, 0.007, 0.008, 0, 0, 0, 0, 0.005
Node_ProtA16_ProtA69_0, 0.002, 0, 0.005, 0.005, 0.002, 0, 0.002, 0.001, 0.003
Node_ProtA16_ProtA8_0, 0.005, 0, 0.004, 0.002, 0.005, 0, 0.005, 0, 0.007
Node_ProtA18_ProtA10_0, 0.002, 0, 0.003, 0.002, 0.002, 0, 0.002, 0, 0.003
Node_ProtA18_ProtA19_0, 0.005, 0, 0.004, 0.005, 0.005, 0, 0.005, 0.002, 0.006
Node_ProtA18_ProtA29_0, 0.002, 0, 0.001, 0.001, 0.002, 0, 0.002, 0.001, 0.002
Node_ProtA18_ProtA53_0, 0.001, 0, 0.006, 0.003, 0.001, 0, 0.001, 0.001, 0.002
Node_ProtA19_ProtA14_0, 0.003, 0, 0.004, 0.005, 0.003, 0, 0.003, 0.002, 0.005
Node_ProtA19_ProtA20_0, 0.003, 0.001, 0.006, 0.005, 0.003, 0, 0.003, 0.001, 0.003
Node_ProtA19_ProtA3_0, 0.001, 0, 0.003, 0.001, 0.001, 0, 0.001, 0.001, 0.001
Node_ProtA19_ProtA46_0, 0, 0, 0.006, 0.004, 0, 0, 0, 0, 0.001
Node_ProtA19_ProtA49_0, 0.002, 0, 0.001, 0.001, 0.002, 0, 0.002, 0, 0.003
Node_ProtA19_ProtA56_0, 0, 0, 0.006, 0.006, 0, 0, 0, 0, 0.003
Node_ProtA19_ProtA68_0, 0.004, 0, 0.005, 0.006, 0.004, 0, 0.004, 0, 0.008
Node_ProtA19_ProtA74_0, 0.005, 0, 0.004, 0.005, 0.005, 0, 0.005, 0.001, 0.005
Node_ProtA19_ProtA75_0, 0.002, 0, 0.001, 0.002, 0.002, 0, 0.002, 0, 0.003
Node_ProtA20_ProtA11_0, 0.002, 0, 0.004, 0.003, 0.002, 0, 0.002, 0.002, 0.003
Node_ProtA20_ProtA5_0, 0.003, 0, 0.002, 0.001, 0.003, 0, 0.003, 0, 0.003
Node_ProtA26_ProtA37_0, 0.193, 0.001, 0.007, 0.068, 0.192, 0, 0.193, 0.054, 0.143
Node_ProtA26_ProtA45_0, 0.056, 0, 0.004, 0.019, 0.055, 0, 0.056, 0.018, 0.04
Node_ProtA27_ProtA21_0, 0.002, 0, 0.006, 0.005, 0.002, 0, 0.002, 0.002, 0.004
Node_ProtA30_ProtA35_0, 0.001, 0, 0.003, 0.002, 0.001, 0, 0.001, 0, 0.002
Node_ProtA34_Acid38_0, 1.457, 0.024, 0.25, 0.296, 0.934, 0, 1.457, 1.387, 0.024
Node_ProtA34_Chry1_0, 1.659, 0.019, 0.203, 0.227, 0.989, 0, 1.659, 1.608, 0.017
Node_ProtA34_DesuB4_0, 0.476, 0.016, 0.053, 0.119, 0.409, 0, 0.476, 0.369, 0.084
Node_ProtA34_DesuC2_0, 0.52, 0.006, 0.111, 0.132, 0.493, 0, 0.52, 0.363, 0.149
Node_ProtA34_J088X1_0, 0.928, 0.014, 0.022, 0.114, 0.899, 0, 0.928, 0.494, 0.416
Node_ProtA34_Nitr14_0, 1.422, 0.03, 0.096, 0.266, 0.917, 0, 1.422, 1.336, 0.031
Node_ProtA34_ProtA13_0, 0.005, 0, 0.002, 0.002, 0.005, 0, 0.005, 0.002, 0.003
Node_ProtA34_ProtA16_0, 0.004, 0, 0.005, 0.004, 0.004, 0, 0.004, 0.002, 0.006
Node_ProtA34_ProtA18_0, 0.003, 0, 0.006, 0.002, 0.003, 0, 0.003, 0.001, 0.002
Node_ProtA34_ProtA26_0, 0.02, 0, 0.003, 0.003, 0.019, 0, 0.02, 0.009, 0.012
Node_ProtA34_ProtA38_0, 0.003, 0, 0.004, 0.004, 0.003, 0, 0.003, 0.001, 0.004
Node_ProtA34_ProtA39_0, 0.007, 0, 0.018, 0.007, 0.007, 0, 0.007, 0.005, 0.005
Node_ProtA34_ProtA40_0, 0.007, 0, 0.004, 0.005, 0.007, 0, 0.007, 0.003, 0.006
Node_ProtA34_ProtA43_0, 0.001, 0, 0.012, 0.009, 0.001, 0, 0.001, 0.001, 0.006
Node_ProtA34_ProtA9_0, 0.011, 0, 0.008, 0.011, 0.01, 0, 0.011, 0.008, 0.008
Node_ProtA34_ProtG30_0, 0.896, 0, 0.041, 0.036, 0.88, 0, 0.896, 0.888, 0.009
Node_ProtA34_ProtM1_0, 0.024, 0, 0.874, 0.02, 0.024, 0, 0.024, 0.022, 0.002
Node_ProtA34_SAR3X2_0, 0.484, 0.004, 0.954, 0.225, 0.414, 0, 0.484, 0.466, 0.012
Node_ProtA34_SM23X1_0, 1.826, 0.335, 0.047, 0.471, 0.994, 0.026, 1.826, 1.199, 0.013
Node_ProtA34_Spir10_0, 1.499, 0.181, 0.081, 0.284, 0.966, 0.009, 1.499, 1.152, 0.002
Node_ProtA34_UBA2X1_0, 0.429, 0.007, 0.081, 0.106, 0.371, 0, 0.429, 0.399, 0.019
Node_ProtA34_Wall1_0, 1.388, 0.432, 0.002, 0.269, 0.958, 0.958, 1.388, 0.566, 0
Node_ProtA34_mitoFungi_0, 0.011, 0, 0.019, 0.014, 0.01, 0, 0.011, 0.008, 0.006
Node_ProtA38_ProtA15_0, 0.003, 0, 0.004, 0.003, 0.003, 0, 0.003, 0, 0.004
Node_ProtA38_ProtA41_0, 0, 0, 0.004, 0.002, 0, 0, 0, 0, 0.001
Node_ProtA38_ProtA64_0, 0.003, 0, 0.006, 0.004, 0.003, 0, 0.003, 0, 0.006
Node_ProtA39_ProtA12_0, 0.003, 0, 0.002, 0.002, 0.003, 0, 0.003, 0.001, 0.003
Node_ProtA39_ProtA27_0, 0.004, 0, 0.004, 0.003, 0.004, 0, 0.004, 0.003, 0.001
Node_ProtA39_ProtA30_0, 0.002, 0, 0.005, 0.005, 0.002, 0, 0.002, 0.001, 0.003
Node_ProtA39_ProtA36_0, 0.001, 0, 0.004, 0.004, 0.001, 0, 0.001, 0.001, 0.002
Node_ProtA3_ProtA72_0, 0.004, 0, 0.004, 0.004, 0.004, 0, 0.004, 0.002, 0.005
Node_ProtA3_ProtA76_0, 0.003, 0, 0.003, 0.004, 0.003, 0, 0.003, 0, 0.005
Node_ProtA40_ProtA67_0, 0.003, 0, 0.009, 0.005, 0.003, 0, 0.003, 0.001, 0.005
Node_ProtA46_ProtA55_0, 0, 0, 0.006, 0.006, 0, 0, 0, 0, 0.006
Node_ProtA47_ProtA63_0, 0.001, 0, 0.001, 0.001, 0.001, 0, 0.001, 0, 0.001
Node_ProtA53_ProtA58_0, 0.002, 0, 0.002, 0.002, 0.002, 0, 0.002, 0, 0.003
Node_ProtA56_ProtA52_0, 0, 0, 0.004, 0.005, 0, 0, 0, 0, 0.004
Node_ProtA68_ProtA2_0, 0.001, 0, 0.006, 0.003, 0.001, 0, 0.001, 0, 0.003
Node_ProtA69_ProtA50_0, 0.001, 0, 0.002, 0.002, 0.001, 0, 0.001, 0.001, 0.001
Node_ProtA70_ProtA57_0, 0.002, 0, 0.005, 0.003, 0.002, 0, 0.002, 0, 0.005
Node_ProtA76_ProtA47_0, 0.001, 0, 0.002, 0.002, 0.001, 0, 0.001, 0, 0.003
Node_ProtA76_ProtA48_0, 0, 0, 0.006, 0.005, 0, 0, 0, 0, 0.003
Node_ProtA76_ProtA62_0, 0, 0, 0.005, 0.004, 0, 0, 0, 0, 0.004
Node_ProtA76_ProtA71_0, 0.003, 0, 0.002, 0.004, 0.003, 0, 0.003, 0, 0.005
Node_ProtA77_ProtA31_0, 0.002, 0, 0.004, 0.005, 0.002, 0, 0.002, 0.001, 0.003
Node_ProtA77_ProtA51_0, 0.002, 0, 0.003, 0.003, 0.002, 0, 0.002, 0.001, 0.003
Node_ProtA9_ProtA60_0, 0.003, 0, 0.013, 0.01, 0.003, 0, 0.003, 0.001, 0.005
Node_ProtG12_ProtG5_0, 0.252, 0.002, 0.01, 0.052, 0.252, 0, 0.252, 0.08, 0.174
Node_ProtG16_ProtG17_0, 0.003, 0, 0.007, 0.009, 0.003, 0, 0.003, 0, 0.007
Node_ProtG18_ProtG10_0, 0.026, 0, 0.005, 0.004, 0.026, 0, 0.026, 0.008, 0.02
Node_ProtG18_ProtG12_0, 0.086, 0, 0.005, 0.024, 0.085, 0, 0.086, 0.025, 0.065
Node_ProtG18_ProtG14_0, 0.011, 0, 0.003, 0.005, 0.011, 0, 0.011, 0.004, 0.009
Node_ProtG18_ProtG21_0, 0.01, 0, 0.081, 0.021, 0.01, 0, 0.01, 0.009, 0.005
Node_ProtG24_ProtG18_0, 0.005, 0, 0.006, 0.01, 0.005, 0, 0.005, 0.002, 0.008
Node_ProtG25_ProtG9_0, 0, 0, 0.002, 0.002, 0, 0, 0, 0, 0.001
Node_ProtG29_ProtG76_0, 0.001, 0, 0.003, 0.004, 0.001, 0, 0.001, 0, 0.003
Node_ProtG30_ProtG19_0, 0.001, 0, 0.006, 0.005, 0.001, 0, 0.001, 0.001, 0.002
Node_ProtG30_ProtG31_0, 0.004, 0, 0.005, 0.008, 0.004, 0, 0.004, 0.002, 0.005
Node_ProtG30_ProtG34_0, 0.002, 0, 0.005, 0.001, 0.002, 0, 0.002, 0, 0.003
Node_ProtG30_ProtG35_0, 0.004, 0, 0.005, 0.007, 0.004, 0, 0.004, 0, 0.007
Node_ProtG30_ProtG39_0, 0.005, 0, 0.001, 0.002, 0.005, 0, 0.005, 0.001, 0.005
Node_ProtG30_ProtG42_0, 0.002, 0, 0.004, 0.003, 0.002, 0, 0.002, 0, 0.005
Node_ProtG30_ProtG49_0, 0.006, 0, 0.005, 0.003, 0.006, 0, 0.006, 0.002, 0.006
Node_ProtG30_ProtG50_0, 0.004, 0, 0.002, 0.002, 0.004, 0, 0.004, 0.001, 0.004
Node_ProtG30_ProtG64_0, 0.001, 0, 0.001, 0.001, 0.001, 0, 0.001, 0.001, 0.001
Node_ProtG30_ProtG71_0, 0.004, 0, 0.01, 0.005, 0.004, 0, 0.004, 0.003, 0.004
Node_ProtG30_ProtG80_0, 0, 0, 0.006, 0.003, 0, 0, 0, 0, 0.002
Node_ProtG30_ProtG84_0, 0.005, 0, 0.003, 0.004, 0.005, 0, 0.005, 0.002, 0.004
Node_ProtG30_ProtG85_0, 0.001, 0, 0.001, 0.002, 0.001, 0, 0.001, 0, 0.002
Node_ProtG30_ProtG87_0, 0.001, 0, 0.009, 0.007, 0.001, 0, 0.001, 0.001, 0.004
Node_ProtG30_ProtZ3_0, 0.01, 0, 0.895, 0.023, 0.01, 0, 0.01, 0.01, 0.001
Node_ProtG30_ProtZ5_0, 0.904, 0.001, 0.016, 0.019, 0.9, 0, 0.904, 0.88, 0.023
Node_ProtG31_ProtG16_0, 0.003, 0, 0.004, 0.002, 0.003, 0, 0.003, 0, 0.004
Node_ProtG31_ProtG32_0, 0.002, 0, 0.005, 0.005, 0.002, 0, 0.002, 0.001, 0.003
Node_ProtG31_ProtG36_0, 0.002, 0, 0.002, 0.001, 0.002, 0, 0.002, 0.001, 0.001
Node_ProtG31_ProtG44_0, 0.004, 0, 0.004, 0.005, 0.004, 0, 0.004, 0.001, 0.005
Node_ProtG31_ProtG45_0, 0.003, 0, 0.003, 0.003, 0.003, 0, 0.003, 0.001, 0.004
Node_ProtG31_ProtG47_0, 0.003, 0, 0.004, 0.004, 0.003, 0, 0.003, 0, 0.006
Node_ProtG31_ProtG61_0, 0.001, 0, 0.003, 0.001, 0.001, 0, 0.001, 0, 0.002
Node_ProtG32_ProtG26_0, 0.001, 0, 0.007, 0.005, 0.001, 0, 0.001, 0.001, 0.003
Node_ProtG32_ProtG33_0, 0.003, 0, 0.003, 0.002, 0.003, 0, 0.003, 0.001, 0.004
Node_ProtG32_ProtG37_0, 0.003, 0, 0.005, 0.005, 0.003, 0, 0.003, 0.001, 0.005
Node_ProtG32_ProtG43_0, 0.005, 0, 0.003, 0.001, 0.005, 0, 0.005, 0.001, 0.005
Node_ProtG33_ProtG48_0, 0.003, 0, 0.007, 0.006, 0.003, 0, 0.003, 0.001, 0.007
Node_ProtG33_ProtG67_0, 0.003, 0, 0.002, 0, 0.003, 0, 0.003, 0.001, 0.002
Node_ProtG33_ProtG7_0, 0, 0, 0.007, 0.004, 0, 0, 0, 0, 0.004
Node_ProtG35_ProtG81_0, 0.001, 0, 0.007, 0.006, 0.001, 0, 0.001, 0.001, 0.004
Node_ProtG36_ProtG20_0, 0.004, 0, 0.002, 0.002, 0.004, 0, 0.004, 0, 0.006
Node_ProtG36_ProtG24_0, 0.003, 0, 0.009, 0.01, 0.003, 0, 0.003, 0, 0.01
Node_ProtG36_ProtG38_0, 0.002, 0, 0.002, 0.002, 0.002, 0, 0.002, 0.001, 0.002
Node_ProtG36_ProtG65_0, 0, 0, 0.004, 0.002, 0, 0, 0, 0, 0.001
Node_ProtG37_ProtG41_0, 0.001, 0, 0.004, 0.004, 0.001, 0, 0.001, 0, 0.003
Node_ProtG37_ProtG51_0, 0.002, 0, 0.003, 0.002, 0.002, 0, 0.002, 0, 0.004
Node_ProtG37_ProtG53_0, 0.004, 0, 0.006, 0.009, 0.004, 0, 0.004, 0.001, 0.007
Node_ProtG37_ProtG8_0, 0.002, 0, 0.008, 0.006, 0.002, 0, 0.002, 0.002, 0.006
Node_ProtG38_ProtG28_0, 0.003, 0, 0.002, 0, 0.003, 0, 0.003, 0, 0.003
Node_ProtG38_ProtG46_0, 0.001, 0, 0.004, 0.004, 0.001, 0, 0.001, 0, 0.002
Node_ProtG39_ProtG15_0, 0.003, 0, 0.007, 0.005, 0.003, 0, 0.003, 0.001, 0.005
Node_ProtG41_ProtG40_0, 0.002, 0, 0.005, 0.005, 0.002, 0, 0.002, 0.001, 0.006
Node_ProtG42_ProtG74_0, 0.004, 0, 0.005, 0.003, 0.004, 0, 0.004, 0, 0.007
Node_ProtG43_ProtG55_0, 0.002, 0, 0.005, 0.004, 0.002, 0, 0.002, 0.002, 0.002
Node_ProtG44_ProtG22_0, 0.001, 0, 0.007, 0.008, 0.001, 0, 0.001, 0.001, 0.004
Node_ProtG45_ProtG66_0, 0.002, 0, 0.005, 0.004, 0.002, 0, 0.002, 0, 0.004
Node_ProtG45_ProtG75_0, 0.003, 0, 0.003, 0.002, 0.003, 0, 0.003, 0.001, 0.004
Node_ProtG47_ProtG62_0, 0.001, 0, 0.006, 0.005, 0.001, 0, 0.001, 0, 0.004
Node_ProtG48_ProtG1_0, 0.004, 0, 0.002, 0.004, 0.004, 0, 0.004, 0.001, 0.003
Node_ProtG48_ProtG25_0, 0.001, 0, 0.006, 0.005, 0.001, 0, 0.001, 0, 0.003
Node_ProtG48_ProtG6_0, 0, 0, 0.003, 0.003, 0, 0, 0, 0, 0.002
Node_ProtG49_ProtG29_0, 0.001, 0, 0.007, 0.005, 0.001, 0, 0.001, 0.001, 0.002
Node_ProtG53_ProtG27_0, 0.002, 0, 0.006, 0.005, 0.002, 0, 0.002, 0.001, 0.004
Node_ProtG53_ProtG70_0, 0.003, 0, 0.006, 0.006, 0.003, 0, 0.003, 0, 0.007
Node_ProtG58_ProtG59_0, 0.001, 0, 0.005, 0.007, 0.001, 0, 0.001, 0.001, 0.004
Node_ProtG59_ProtG73_0, 0, 0, 0.005, 0.005, 0, 0, 0, 0, 0.004
Node_ProtG61_ProtG60_0, 0.001, 0, 0.003, 0.003, 0.001, 0, 0.001, 0, 0.004
Node_ProtG61_ProtG72_0, 0, 0, 0.002, 0.001, 0, 0, 0, 0, 0.001
Node_ProtG61_ProtG78_0, 0, 0, 0.002, 0.002, 0, 0, 0, 0, 0.002
Node_ProtG62_ProtG77_0, 0.004, 0, 0.005, 0.006, 0.004, 0, 0.004, 0, 0.008
Node_ProtG65_ProtG69_0, 0.004, 0, 0.003, 0.003, 0.004, 0, 0.004, 0, 0.007
Node_ProtG66_ProtG68_0, 0.001, 0, 0.003, 0.002, 0.001, 0, 0.001, 0, 0.002
Node_ProtG67_ProtG63_0, 0.001, 0, 0.005, 0.005, 0.001, 0, 0.001, 0, 0.003
Node_ProtG80_ProtG57_0, 0.003, 0, 0.004, 0.004, 0.003, 0, 0.003, 0, 0.007
Node_ProtG81_ProtG79_0, 0, 0, 0.004, 0.003, 0, 0, 0, 0, 0.003
Node_ProtG83_ProtG52_0, 0.001, 0, 0.005, 0.005, 0.001, 0, 0.001, 0, 0.003
Node_ProtG83_ProtG89_0, 0.003, 0, 0.007, 0.007, 0.003, 0, 0.003, 0.001, 0.006
Node_ProtG84_ProtG11_0, 0.004, 0, 0.005, 0.002, 0.004, 0, 0.004, 0, 0.005
Node_ProtG84_ProtG83_0, 0.004, 0, 0.011, 0.009, 0.004, 0, 0.004, 0.001, 0.008
Node_ProtG84_ProtG90_0, 0.007, 0, 0.005, 0.004, 0.007, 0, 0.007, 0.001, 0.007
Node_ProtG85_ProtG56_0, 0.002, 0, 0.003, 0.003, 0.002, 0, 0.002, 0, 0.004
Node_ProtG85_ProtG58_0, 0.002, 0, 0.003, 0.003, 0.002, 0, 0.002, 0, 0.004
Node_ProtG85_ProtG86_0, 0.001, 0, 0.005, 0.007, 0.001, 0, 0.001, 0.001, 0.004
Node_ProtG85_ProtG88_0, 0.001, 0, 0.001, 0, 0.001, 0, 0.001, 0.001, 0
Node_ProtG85_ProtG91_0, 0.003, 0, 0.005, 0.006, 0.003, 0, 0.003, 0, 0.007
Node_ProtG86_ProtG82_0, 0.002, 0, 0.001, 0, 0.002, 0, 0.002, 0, 0.002
Node_ProtG87_ProtG3_0, 0.004, 0, 0.002, 0.004, 0.004, 0, 0.004, 0.002, 0.004
Node_ProtG87_ProtG4_0, 0.002, 0, 0.005, 0.005, 0.002, 0, 0.002, 0.001, 0.006
Node_ProtG89_ProtG13_0, 0.003, 0, 0.006, 0.005, 0.002, 0, 0.003, 0, 0.006
Node_ProtG90_ProtG54_0, 0.001, 0, 0.009, 0.008, 0.001, 0, 0.001, 0, 0.003
Node_ProtM1_ProtM2_0, 0.002, 0, 0.006, 0.004, 0.002, 0, 0.002, 0.001, 0.003
Node_ProtM1_ProtM3_0, 0.005, 0, 0.023, 0.01, 0.005, 0, 0.005, 0.003, 0.004
Node_ProtZ1_ProtZ4_0, 0.001, 0, 0.003, 0.002, 0.001, 0, 0.001, 0, 0.003
Node_ProtZ3_ProtZ1_0, 0.001, 0, 0.008, 0.005, 0.001, 0, 0.001, 0, 0.003
Node_ProtZ3_ProtZ2_0, 0.006, 0, 0.008, 0.005, 0.006, 0, 0.006, 0.004, 0.004
Node_SAR3X2_BMS3X1_0, 0.05, 0, 0.436, 0.122, 0.05, 0, 0.05, 0.05, 0.002
Node_SAR3X2_SAR3X1_0, 0.008, 0, 0.047, 0.028, 0.008, 0, 0.008, 0.007, 0.005
Node_SM23X1_AABM5X1_0, 0.015, 0, 0.006, 0.005, 0.015, 0, 0.015, 0.004, 0.013
Node_SM23X1_Aero1_0, 1.615, 0.054, 0.27, 0.364, 0.968, 0, 1.615, 1.508, 0.005
Node_SM23X1_Bact27_0, 0.008, 0, 0.01, 0.011, 0.008, 0, 0.008, 0.004, 0.004
Node_SM23X1_Caldit2_0, 0.047, 0, 0.002, 0.004, 0.047, 0, 0.047, 0.015, 0.034
Node_SM23X1_Fibr4_0, 0.014, 0, 0.014, 0.009, 0.014, 0, 0.014, 0.014, 0.002
Node_SM23X1_Hydr2_0, 1.614, 0.033, 0.057, 0.392, 0.965, 0, 1.614, 1.535, 0.023
Node_SM23X1_KSB1X2_0, 0.009, 0, 0.042, 0.008, 0.009, 0, 0.009, 0.005, 0.004
Node_SM23X1_KSB1X3_0, 0.005, 0, 0.008, 0.004, 0.005, 0, 0.005, 0.004, 0.004
Node_SM23X1_P4572X1_0, 0.02, 0, 0.053, 0.019, 0.02, 0, 0.02, 0.017, 0.003
Node_SM23X1_Pori1_0, 0.31, 0.001, 1.319, 0.324, 0.274, 0, 0.31, 0.295, 0.014
Node_SM23X1_RBG1_0, 0.102, 0, 0.208, 0.104, 0.097, 0, 0.102, 0.102, 0
Node_SM23X1_TA06X1_0, 0.07, 0, 0.036, 0.029, 0.067, 0, 0.07, 0.066, 0.004
Node_SM23X1_Zixi5_0, 0.026, 0, 0.011, 0.007, 0.026, 0, 0.026, 0.012, 0.017
Node_Spir10_Lind1_0, 0.355, 0.002, 1.147, 0.381, 0.335, 0, 0.355, 0.354, 0.001
Node_Spir10_Spir11_0, 0.03, 0, 0.096, 0.061, 0.03, 0, 0.03, 0.027, 0.003
Node_Spir10_Spir12_0, 0.01, 0, 0.021, 0.017, 0.01, 0, 0.01, 0.01, 0.001
Node_Spir10_Spir13_0, 0, 0, 0.003, 0.002, 0, 0, 0, 0, 0.001
Node_Spir10_Spir15_0, 0.123, 0, 0.233, 0.172, 0.122, 0, 0.123, 0.123, 0.001
Node_Spir10_Spir3_0, 0.001, 0, 0.002, 0.002, 0.001, 0, 0.001, 0, 0.003
Node_Spir10_Spir8_0, 0.002, 0, 0.01, 0.007, 0.002, 0, 0.002, 0.002, 0.002
Node_Spir13_Spir2_0, 0, 0, 0.004, 0.007, 0, 0, 0, 0, 0.004
Node_Spir15_Spir4_0, 0.026, 0, 0.098, 0.06, 0.026, 0, 0.026, 0.026, 0.001
Node_Spir15_Spir9_0, 0.007, 0, 0.021, 0.013, 0.007, 0, 0.007, 0.007, 0.002
Node_Sume1_OLB1X1_0, 0.75, 0.012, 0.946, 0.422, 0.735, 0, 0.75, 0.637, 0.097
Node_Sume1_UBP4X1_0, 0.6, 0.005, 0.161, 0.196, 0.599, 0, 0.6, 0.591, 0.006
Node_Syne1_Calda2_0, 0.244, 0, 0.67, 0.4, 0.237, 0, 0.244, 0.242, 0.003
Node_Syne1_Cyan40_0, 1.641, 0.236, 0.038, 0.471, 0.966, 0.004, 1.641, 1.195, 0.012
Node_Syne1_Dein5_0, 0.911, 0.014, 0.763, 0.579, 0.794, 0, 0.911, 0.872, 0.019
Node_Syne1_Syne2_0, 0.003, 0, 0.003, 0.003, 0.003, 0, 0.003, 0, 0.005
Node_Syne1_Syne4_0, 0.016, 0, 0.044, 0.022, 0.016, 0, 0.016, 0.014, 0.002
Node_Syne1_Syne6_0, 0.005, 0, 0.015, 0.012, 0.005, 0, 0.005, 0.002, 0.004
Node_Syne1_Syne7_0, 0.001, 0, 0.005, 0.002, 0.001, 0, 0.001, 0.001, 0.001
Node_Syne1_Syne9_0, 0.058, 0.001, 0.189, 0.128, 0.057, 0, 0.058, 0.055, 0.002
Node_Syne2_Syne8_0, 0.001, 0, 0.005, 0.005, 0.001, 0, 0.001, 0, 0.003
Node_Syne4_Syne5_0, 0.001, 0, 0.017, 0.009, 0.001, 0, 0.001, 0.001, 0.002
Node_Syne7_Syne10_0, 0, 0, 0.004, 0.003, 0, 0, 0, 0, 0.003
Node_Syne8_Syne3_0, 0.001, 0, 0.004, 0.004, 0.001, 0, 0.001, 0, 0.004
Node_TA06X1_Cloa1_0, 0.042, 0, 0.036, 0.017, 0.042, 0, 0.042, 0.036, 0.008
Node_TA06X1_Edwa1_0, 0.064, 0, 0.004, 0.014, 0.064, 0, 0.064, 0.04, 0.026
Node_TA06X1_WOR1_0, 0.16, 0.002, 0.002, 0.027, 0.155, 0, 0.16, 0.063, 0.096
Node_Therd1_Dict1_0, 0.068, 0, 0.645, 0.234, 0.067, 0, 0.068, 0.068, 0.001
Node_Therg2_Therg4_0, 0.197, 0, 0.07, 0.041, 0.196, 0, 0.197, 0.017, 0.185
Node_Therg3_Therg5_0, 0.007, 0, 0.027, 0.015, 0.007, 0, 0.007, 0.004, 0.007
Node_Therg8_Therg2_0, 0.082, 0.001, 0.178, 0.141, 0.08, 0, 0.082, 0.077, 0.006
Node_Therg8_Therg3_0, 0.027, 0, 0.062, 0.047, 0.026, 0, 0.027, 0.025, 0.007
Node_Therg8_Therg6_0, 0.006, 0, 0.022, 0.015, 0.006, 0, 0.006, 0.006, 0.001
Node_Thers1_Desua45_0, 0.045, 0, 0.815, 0.111, 0.045, 0, 0.045, 0.043, 0.002
Node_UBA1X2_UBA1X3_0, 0.014, 0, 0.123, 0.015, 0.014, 0, 0.014, 0.013, 0.003
Node_UBA1X2_UBA1X5_0, 0.006, 0, 0.014, 0.011, 0.006, 0, 0.006, 0.004, 0.006
Node_UBA1X5_UBA1X4_0, 0.001, 0, 0.007, 0.005, 0.001, 0, 0.001, 0, 0.002
Node_UBA1X6_UBA1X1_0, 0.298, 0.001, 0.028, 0.031, 0.296, 0, 0.298, 0.112, 0.191
Node_UBA1X6_UBA1X2_0, 0.134, 0, 0.059, 0.04, 0.128, 0, 0.134, 0.084, 0.052
Node_UBA2X1_DesuD2_0, 0.028, 0, 0.072, 0.035, 0.028, 0, 0.028, 0.026, 0.002
Node_UBA2X1_Desua22_0, 0.098, 0.002, 0.333, 0.085, 0.094, 0, 0.098, 0.094, 0
Node_UBA2X1_Desua28_0, 0.008, 0, 0.024, 0.018, 0.008, 0, 0.008, 0.005, 0.004
Node_UBA2X1_SZUA2_0, 0.003, 0, 0.007, 0.005, 0.003, 0, 0.003, 0.001, 0.002
Node_UBA6X1_Desa1_0, 0.026, 0, 0.083, 0.051, 0.026, 0, 0.026, 0.026, 0.002
Node_UBA6X1_Elus1_0, 0.012, 0, 0.016, 0.013, 0.012, 0, 0.012, 0.011, 0.002
Node_UBA6X1_Gold1_0, 0.107, 0, 0.226, 0.112, 0.104, 0, 0.107, 0.107, 0.001
Node_UBA9X1_UBA9X3_0, 0.024, 0, 0.083, 0.046, 0.024, 0, 0.024, 0.024, 0.002
Node_UBA9X3_UBA9X2_0, 0.006, 0, 0.02, 0.014, 0.006, 0, 0.006, 0.005, 0.002
Node_Verr11_Aure2_0, 0.069, 0, 0.079, 0.088, 0.069, 0, 0.069, 0.068, 0.003
Node_Verr11_Aure3_0, 0.145, 0.003, 0.479, 0.194, 0.143, 0, 0.145, 0.143, 0.001
Node_Verr11_Omni4_0, 0.62, 0.006, 0.869, 0.247, 0.519, 0, 0.62, 0.609, 0.002
Node_Verr11_Verr12_0, 0.002, 0, 0.004, 0.004, 0.002, 0, 0.002, 0.001, 0.004
Node_Verr11_Verr14_0, 0.002, 0, 0.01, 0.011, 0.002, 0, 0.002, 0, 0.008
Node_Verr11_Verr7_0, 0.013, 0.001, 0.019, 0.011, 0.013, 0, 0.013, 0.01, 0.003
Node_Verr11_Verr8_0, 0.028, 0, 0.044, 0.034, 0.027, 0, 0.028, 0.026, 0.003
Node_Verr11_Verr9_0, 0.004, 0, 0.012, 0.006, 0.004, 0, 0.004, 0.002, 0.003
Node_Verr3_Verr10_0, 0.003, 0, 0.008, 0.01, 0.003, 0, 0.003, 0.001, 0.006
Node_Verr5_Verr6_0, 0.002, 0, 0.01, 0.008, 0.002, 0, 0.002, 0.002, 0.002
Node_Verr7_Verr13_0, 0.002, 0, 0.004, 0.003, 0.002, 0, 0.002, 0.002, 0.002
Node_Verr7_Verr2_0, 0.001, 0, 0.001, 0, 0.001, 0, 0.001, 0.001, 0
Node_Verr7_Verr4_0, 0.004, 0, 0.012, 0.013, 0.004, 0, 0.004, 0.003, 0.003
Node_Verr8_Verr3_0, 0.005, 0, 0.008, 0.006, 0.005, 0, 0.005, 0.003, 0.003
Node_Verr8_Verr5_0, 0.01, 0, 0.019, 0.015, 0.01, 0, 0.01, 0.009, 0.001
Node_WOR1_WOR2_0, 0.031, 0, 0.143, 0.021, 0.031, 0, 0.031, 0.018, 0.014
Node_WOR1_WOR3_0, 0.309, 0.004, 0.004, 0.085, 0.307, 0, 0.309, 0.076, 0.232
Node_WOR1_WOR6_0, 0.077, 0, 0.007, 0.019, 0.077, 0, 0.077, 0.025, 0.053
Node_WOR2_WOR4_0, 0.002, 0, 0.032, 0.008, 0.002, 0, 0.002, 0.001, 0.003
Node_WOR6_WOR7_0, 0.005, 0.002, 0.075, 0.026, 0.005, 0, 0.005, 0.005, 0.001
Node_Wall1_Fuso2_0, 0.14, 0.001, 1.289, 0.349, 0.136, 0, 0.14, 0.139, 0.001
Node_Wall1_Muir1_0, 0.006, 0, 0.024, 0.012, 0.006, 0, 0.006, 0.006, 0.001
Node_Wall1_Rifl1_0, 0.029, 0, 0.111, 0.067, 0.029, 0, 0.029, 0.029, 0
Node_Wall1_Syne1_0, 1.427, 0.146, 0.113, 0.326, 0.96, 0.003, 1.427, 1.138, 0.003
Node_Zixi2_Zixi1_0, 0.003, 0, 0.007, 0.004, 0.003, 0, 0.003, 0.003, 0.001
Node_Zixi4_Zixi2_0, 0.009, 0, 0.025, 0.015, 0.009, 0, 0.009, 0.007, 0.005
Node_Zixi4_Zixi3_0, 0.001, 0, 0.016, 0.012, 0.001, 0, 0.001, 0, 0.008
Node_Zixi5_Late2_0, 0.048, 0, 0.006, 0.021, 0.048, 0, 0.048, 0.021, 0.028
Node_Zixi5_TA06A1_0, 0.303, 0.002, 0.001, 0.078, 0.301, 0, 0.303, 0.106, 0.194
Node_Zixi5_UBP14X1_0, 0.108, 0, 0.003, 0.043, 0.108, 0, 0.108, 0.047, 0.063
Node_Zixi5_Zixi4_0, 0.029, 0, 0.276, 0.087, 0.029, 0, 0.029, 0.028, 0.002
Node_chloroArabidopsis_chloroBryophyte_0, 0.002, 0.001, 0.006, 0.005, 0.002, 0, 0.002, 0.001, 0.003
Node_chloroArabidopsis_chloroChlorophyta_0, 0.004, 0, 0.013, 0.009, 0.004, 0, 0.004, 0.002, 0.005
Node_chloroArabidopsis_chloroLycophyte_0, 0, 0, 0.006, 0.005, 0, 0, 0, 0, 0.004
Node_chloroArabidopsis_chloroRedAlgae_0, 0.012, 0, 0.264, 0.027, 0.012, 0, 0.012, 0.01, 0.003
Node_mitoAnnelida_mitoChelicerate_0, 0.004, 0, 0.005, 0.003, 0.004, 0, 0.004, 0.001, 0.005
Node_mitoAnnelida_mitoMollusc_0, 0.001, 0, 0.007, 0.005, 0.001, 0, 0.001, 0, 0.005
Node_mitoAnnelida_mitoPriapulid_0, 0.003, 0, 0.005, 0.003, 0.003, 0, 0.003, 0.001, 0.004
Node_mitoArabidopsis_mitoLycophyte_0, 0.002, 0, 0.006, 0.005, 0.002, 0, 0.002, 0, 0.006
Node_mitoBryophyte_mitoArabidopsis_0, 0.002, 0, 0.004, 0.006, 0.002, 0, 0.002, 0, 0.006
Node_mitoBryophyte_mitoChlorophyta_0, 0, 0, 0.003, 0.004, 0, 0, 0, 0, 0.002
Node_mitoBryophyte_mitoExcavata_0, 0.002, 0, 0.003, 0.001, 0.002, 0, 0.002, 0.001, 0.001
Node_mitoBryophyte_mitoParamecium_0, 0.003, 0, 0.002, 0.003, 0.003, 0, 0.003, 0.001, 0.003
Node_mitoBryophyte_mitoRedAlgae_0, 0.001, 0, 0.005, 0.007, 0.001, 0, 0.001, 0, 0.003
Node_mitoChelicerate_mitoInsect_0, 0.001, 0, 0.005, 0.006, 0.001, 0, 0.001, 0.001, 0.002
Node_mitoFungi_mitoAnnelida_0, 0.004, 0, 0.006, 0.004, 0.004, 0, 0.004, 0, 0.006
Node_mitoFungi_mitoBryophyte_0, 0.004, 0, 0.011, 0.007, 0.004, 0, 0.004, 0.002, 0.004
OLB1X1, 1, 0.002, 0.023, 0.155, 1, 0, 1, 0.731, 0.271
Omni2, 0, 0, 0.01, 0.009, 0, 0, 0, 0, 0.005
Omni3, 0, 0, 0.05, 0.04, 0, 0, 0, 0, 0.003
Omni4, 0, 0, 0.008, 0.005, 0, 0, 0, 0, 0.003
Omni6, 0, 0, 0.54, 0.084, 0, 0, 0, 0, 0.004
Omni7, 0, 0, 0.01, 0.006, 0, 0, 0, 0, 0.003
Omni8, 1, 0.001, 0.029, 0.182, 1, 0, 1, 0.51, 0.492
P4572X1, 0, 0, 0.003, 0.001, 0, 0, 0, 0, 0
Pate1, 0, 0, 0.023, 0.016, 0, 0, 0, 0, 0.003
Pate10, 0, 0, 0.006, 0.006, 0, 0, 0, 0, 0.006
Pate11, 0, 0, 0.011, 0.011, 0, 0, 0, 0, 0.005
Pate12, 0, 0, 0.008, 0.008, 0, 0, 0, 0, 0.004
Pate13, 0, 0, 0.005, 0.003, 0, 0, 0, 0, 0.002
Pate14, 0, 0, 0.011, 0.011, 0, 0, 0, 0, 0.008
Pate15, 0, 0, 0.004, 0.004, 0, 0, 0, 0, 0.003
Pate17, 0, 0, 0.002, 0.002, 0, 0, 0, 0, 0.001
Pate18, 0, 0, 0.008, 0.009, 0, 0, 0, 0, 0.006
Pate19, 0, 0, 0.01, 0.009, 0, 0, 0, 0, 0.007
Pate21, 0, 0, 0.009, 0.005, 0, 0, 0, 0, 0.004
Pate22, 0, 0, 0.01, 0.007, 0, 0, 0, 0, 0.002
Pate23, 0, 0, 0.22, 0.095, 0, 0, 0, 0, 0.004
Pate24, 1, 0.004, 0.014, 0.223, 1, 0, 1, 0.36, 0.643
Pate25, 0, 0, 0.007, 0.005, 0, 0, 0, 0, 0.003
Pate26, 0, 0, 0.009, 0.006, 0, 0, 0, 0, 0.005
Pate27, 0, 0, 0.007, 0.006, 0, 0, 0, 0, 0.005
Pate28, 0, 0, 0.007, 0.006, 0, 0, 0, 0, 0.003
Pate29, 0, 0, 0.007, 0.007, 0, 0, 0, 0, 0.006
Pate3, 0, 0, 0.005, 0.004, 0, 0, 0, 0, 0.003
Pate30, 0, 0, 0.162, 0.062, 0, 0, 0, 0, 0.002
Pate31, 0, 0, 0.016, 0.015, 0, 0, 0, 0, 0.004
Pate32, 0, 0, 0.017, 0.016, 0, 0, 0, 0, 0.008
Pate33, 0, 0, 0.01, 0.007, 0, 0, 0, 0, 0.005
Pate34, 0, 0, 0.007, 0.006, 0, 0, 0, 0, 0.004
Pate35, 0, 0, 0.006, 0.005, 0, 0, 0, 0, 0.003
Pate36, 0, 0, 0.003, 0.003, 0, 0, 0, 0, 0.003
Pate37, 0, 0, 0.011, 0.009, 0, 0, 0, 0, 0.008
Pate38, 0, 0, 0.005, 0.005, 0, 0, 0, 0, 0.003
Pate39, 0, 0, 0.368, 0.066, 0, 0, 0, 0, 0.001
Pate4, 0, 0, 0.007, 0.007, 0, 0, 0, 0, 0.006
Pate40, 0, 0, 0.009, 0.009, 0, 0, 0, 0, 0.006
Pate41, 0, 0, 0.012, 0.011, 0, 0, 0, 0, 0.006
Pate43, 0, 0, 0.003, 0.003, 0, 0, 0, 0, 0.003
Pate44, 0, 0, 0.003, 0.003, 0, 0, 0, 0, 0.003
Pate45, 0, 0, 0.012, 0.01, 0, 0, 0, 0, 0.006
Pate46, 0, 0, 0.03, 0.015, 0, 0, 0, 0, 0.003
Pate48, 0, 0, 0.01, 0.006, 0, 0, 0, 0, 0.003
Pate49, 0, 0, 0.008, 0.004, 0, 0, 0, 0, 0.002
Pate5, 0, 0, 0.014, 0.015, 0, 0, 0, 0, 0.008
Pate50, 0, 0, 0.023, 0.017, 0, 0, 0, 0, 0.003
Pate51, 0, 0, 0.006, 0.005, 0, 0, 0, 0, 0.004
Pate52, 0, 0, 0.003, 0.003, 0, 0, 0, 0, 0.003
Pate53, 0, 0, 0.009, 0.012, 0, 0, 0, 0, 0.007
Pate54, 0, 0, 0.017, 0.009, 0, 0, 0, 0, 0.005
Pate55, 0, 0, 0.006, 0.005, 0, 0, 0, 0, 0.003
Pate56, 1, 0.003, 0.008, 0.39, 1, 0, 1, 0.266, 0.735
Pate57, 0, 0, 0.002, 0.002, 0, 0, 0, 0, 0.002
Pate6, 0, 0, 0.015, 0.017, 0, 0, 0, 0, 0.005
Pate7, 0, 0, 0.049, 0.022, 0, 0, 0, 0, 0.007
Pate8, 0, 0, 0.003, 0.002, 0, 0, 0, 0, 0.002
Pate9, 0, 0, 0.002, 0.002, 0, 0, 0, 0, 0.002
Plan12, 1, 0, 0.013, 0.009, 1, 0, 1, 1, 0.003
Plan14, 0, 0, 0.994, 0.005, 0, 0, 0, 0, 0.003
Plan16, 0, 0, 0.941, 0.151, 0, 0, 0, 0, 0.005
Plan17, 1, 0, 0.044, 0.032, 1, 0, 1, 0.999, 0.005
Plan18, 0, 0, 1.135, 0.578, 0, 0, 0, 0, 0.011
Plan2, 0, 0, 0.009, 0.008, 0, 0, 0, 0, 0.003
Plan21, 0, 0, 0.066, 0.04, 0, 0, 0, 0, 0.004
Plan22, 0, 0, 0.009, 0.008, 0, 0, 0, 0, 0.003
Plan23, 1, 0, 0.045, 0.025, 1, 0, 1, 0.999, 0.006
Plan26, 0, 0, 0.013, 0.016, 0, 0, 0, 0, 0.002
Plan27, 1, 0.004, 0.641, 0.404, 1, 0, 1, 0.634, 0.368
Plan3, 0, 0, 1.001, 0.005, 0, 0, 0, 0, 0.002
Plan30, 1, 0, 0.002, 0.009, 1, 0, 1, 0.99, 0.011
Plan31, 1, 0.001, 0.751, 0.349, 1, 0, 1, 0.251, 0.753
Plan32, 1, 0, 0.016, 0.006, 1, 0, 1, 1, 0.006
Plan33, 1, 0, 0.009, 0.015, 1, 0, 1, 0.953, 0.052
Plan39, 0, 0.001, 1.141, 0.403, 0, 0, 0, 0, 0.003
Plan4, 0, 0, 0.033, 0.018, 0, 0, 0, 0, 0.003
Plan40, 1, 0.003, 0.01, 0.149, 1, 0, 1, 0.937, 0.065
Plan42, 0, 0, 0.944, 0.135, 0, 0, 0, 0, 0.002
Plan43, 0, 0, 0.936, 0.133, 0, 0, 0, 0, 0.006
Plan44, 0, 0, 0.958, 0.017, 0, 0, 0, 0, 0.001
Plan5, 0, 0, 0.015, 0.005, 0, 0, 0, 0, 0.004
Plan7, 0, 0, 1.222, 0.196, 0, 0, 0, 0, 0.001
Pori1, 0, 0, 0.183, 0.048, 0, 0, 0, 0, 0.002
Pori2, 1, 0.003, 0.035, 0.187, 1, 0, 1, 0.15, 0.851
ProtA10, 0, 0, 0.006, 0.005, 0, 0, 0, 0, 0.004
ProtA11, 0, 0, 0.004, 0.004, 0, 0, 0, 0, 0.002
ProtA12, 0, 0, 0.005, 0.004, 0, 0, 0, 0, 0.004
ProtA13, 0, 0, 0.003, 0.004, 0, 0, 0, 0, 0.001
ProtA14, 0, 0, 0.011, 0.01, 0, 0, 0, 0, 0.008
ProtA15, 0, 0, 0.005, 0.003, 0, 0, 0, 0, 0.003
ProtA16, 0, 0, 0.001, 0.001, 0, 0, 0, 0, 0.001
ProtA18, 0, 0, 0.007, 0.006, 0, 0, 0, 0, 0.005
ProtA19, 0, 0, 0.006, 0.006, 0, 0, 0, 0, 0.004
ProtA2, 0, 0, 0.002, 0.002, 0, 0, 0, 0, 0.001
ProtA20, 0, 0, 0.004, 0.002, 0, 0, 0, 0, 0.001
ProtA21, 0, 0, 0.003, 0.003, 0, 0, 0, 0, 0.001
ProtA24, 0, 0, 0.006, 0.004, 0, 0, 0, 0, 0.003
ProtA26, 0, 0, 0.195, 0.047, 0, 0, 0, 0, 0.002
ProtA27, 0, 0, 0.006, 0.007, 0, 0, 0, 0, 0.004
ProtA29, 0, 0, 0.007, 0.008, 0, 0, 0, 0, 0.005
ProtA3, 0, 0, 0.005, 0.003, 0, 0, 0, 0, 0.001
ProtA30, 0, 0, 0.002, 0.002, 0, 0, 0, 0, 0.001
ProtA31, 0, 0, 0.007, 0.008, 0, 0, 0, 0, 0.005
ProtA32, 0, 0, 0.003, 0.003, 0, 0, 0, 0, 0.001
ProtA33, 0, 0, 0.006, 0.004, 0, 0, 0, 0, 0.004
ProtA34, 0, 0, 0.007, 0.007, 0, 0, 0, 0, 0.006
ProtA35, 0, 0, 0.003, 0.002, 0, 0, 0, 0, 0.002
ProtA36, 0, 0, 0.001, 0, 0, 0, 0, 0, 0
ProtA37, 1, 0.003, 0.007, 0.261, 1, 0, 1, 0.19, 0.811
ProtA38, 0, 0, 0.005, 0.005, 0, 0, 0, 0, 0.005
ProtA39, 0, 0, 0.003, 0.004, 0, 0, 0, 0, 0.002
ProtA40, 0, 0, 0.004, 0.005, 0, 0, 0, 0, 0.001
ProtA41, 0, 0, 0.005, 0.005, 0, 0, 0, 0, 0.005
ProtA42, 0, 0, 0.004, 0.004, 0, 0, 0, 0, 0.002
ProtA43, 0, 0, 0.002, 0.001, 0, 0, 0, 0, 0.001
ProtA44, 0, 0, 0.004, 0.002, 0, 0, 0, 0, 0.002
ProtA45, 0, 0, 0.058, 0.013, 0, 0, 0, 0, 0.002
ProtA46, 0, 0, 0.004, 0.004, 0, 0, 0, 0, 0.004
ProtA47, 0, 0, 0.002, 0.001, 0, 0, 0, 0, 0.001
ProtA49, 0, 0, 0.005, 0.004, 0, 0, 0, 0, 0.003
ProtA5, 0, 0, 0.004, 0.004, 0, 0, 0, 0, 0.001
ProtA50, 0, 0, 0.006, 0.006, 0, 0, 0, 0, 0.005
ProtA51, 0, 0, 0.003, 0.003, 0, 0, 0, 0, 0.001
ProtA52, 0, 0, 0.001, 0.001, 0, 0, 0, 0, 0.001
ProtA53, 0, 0, 0.006, 0.006, 0, 0, 0, 0, 0.004
ProtA54, 0, 0, 0.003, 0.003, 0, 0, 0, 0, 0.002
ProtA55, 0, 0, 0.005, 0.005, 0, 0, 0, 0, 0.005
ProtA56, 0, 0, 0.006, 0.006, 0, 0, 0, 0, 0.006
ProtA57, 0, 0, 0.006, 0.005, 0, 0, 0, 0, 0.004
ProtA58, 0, 0, 0.004, 0.003, 0, 0, 0, 0, 0.002
ProtA60, 0, 0, 0.01, 0.013, 0, 0, 0, 0, 0.007
ProtA61, 0, 0, 0.003, 0.001, 0, 0, 0, 0, 0.001
ProtA62, 0, 0, 0.003, 0.003, 0, 0, 0, 0, 0.003
ProtA63, 0, 0, 0.002, 0.002, 0, 0, 0, 0, 0.001
ProtA64, 0, 0, 0.006, 0.007, 0, 0, 0, 0, 0.003
ProtA66, 0, 0, 0.001, 0.001, 0, 0, 0, 0, 0.001
ProtA67, 0, 0, 0.005, 0.004, 0, 0, 0, 0, 0.002
ProtA68, 0, 0, 0.006, 0.005, 0, 0, 0, 0, 0.005
ProtA69, 0, 0, 0.007, 0.006, 0, 0, 0, 0, 0.006
ProtA7, 0, 0, 0.007, 0.006, 0, 0, 0, 0, 0.005
ProtA70, 0, 0, 0.004, 0.003, 0, 0, 0, 0, 0.002
ProtA71, 0, 0, 0.01, 0.01, 0, 0, 0, 0, 0.007
ProtA72, 0, 0, 0.007, 0.007, 0, 0, 0, 0, 0.003
ProtA74, 0, 0, 0.005, 0.003, 0, 0, 0, 0, 0
ProtA75, 0, 0, 0.004, 0.005, 0, 0, 0, 0, 0.002
ProtA76, 0, 0, 0.006, 0.007, 0, 0, 0, 0, 0.003
ProtA77, 0, 0, 0.004, 0.002, 0, 0, 0, 0, 0.002
ProtA8, 0, 0, 0.008, 0.004, 0, 0, 0, 0, 0.003
ProtA9, 0, 0, 0.008, 0.006, 0, 0, 0, 0, 0.005
ProtG1, 0, 0, 0.009, 0.007, 0, 0, 0, 0, 0.005
ProtG10, 0, 0, 0.028, 0.007, 0, 0, 0, 0, 0.002
ProtG11, 0, 0, 0.004, 0, 0, 0, 0, 0, 0
ProtG12, 0, 0, 0.256, 0.081, 0, 0, 0, 0, 0.004
ProtG13, 0, 0, 0.005, 0.005, 0, 0, 0, 0, 0.002
ProtG14, 0, 0, 0.016, 0.008, 0, 0, 0, 0, 0.005
ProtG15, 0, 0.002, 0.009, 0.008, 0, 0, 0, 0, 0.004
ProtG16, 0, 0, 0.006, 0.008, 0, 0, 0, 0, 0.003
ProtG17, 0, 0, 0.007, 0.005, 0, 0, 0, 0, 0.004
ProtG18, 0, 0, 0.015, 0.011, 0, 0, 0, 0, 0.005
ProtG19, 0, 0, 0.004, 0.003, 0, 0, 0, 0, 0.003
ProtG20, 0, 0, 0.006, 0.003, 0, 0, 0, 0, 0.002
ProtG21, 0, 0, 0.012, 0.009, 0, 0, 0, 0, 0.002
ProtG22, 0, 0, 0.006, 0.005, 0, 0, 0, 0, 0.005
ProtG24, 0, 0, 0.007, 0.005, 0, 0, 0, 0, 0.002
ProtG25, 0, 0, 0.002, 0.002, 0, 0, 0, 0, 0.002
ProtG26, 0, 0, 0.003, 0.003, 0, 0, 0, 0, 0.002
ProtG27, 0, 0, 0.004, 0.004, 0, 0, 0, 0, 0.002
ProtG28, 0, 0, 0.007, 0.005, 0, 0, 0, 0, 0.004
ProtG29, 0, 0, 0.004, 0.005, 0, 0, 0, 0, 0.003
ProtG3, 0, 0, 0.009, 0.007, 0, 0, 0, 0, 0.005
ProtG30, 0, 0, 0.004, 0.005, 0, 0, 0, 0, 0.003
ProtG31, 0, 0, 0.007, 0.005, 0, 0, 0, 0, 0.003
ProtG32, 0, 0, 0.007, 0.006, 0, 0, 0, 0, 0.006
ProtG33, 0, 0, 0.001, 0.001, 0, 0, 0, 0, 0.001
ProtG34, 0, 0, 0.003, 0.002, 0, 0, 0, 0, 0.001
ProtG35, 0, 0, 0.006, 0.006, 0, 0, 0, 0, 0.005
ProtG36, 0, 0, 0.005, 0.004, 0, 0, 0, 0, 0.001
ProtG37, 0, 0, 0.002, 0.001, 0, 0, 0, 0, 0
ProtG38, 0, 0, 0.004, 0.004, 0, 0, 0, 0, 0.003
ProtG39, 0, 0, 0.005, 0.004, 0, 0, 0, 0, 0.002
ProtG4, 0, 0, 0.003, 0.002, 0, 0, 0, 0, 0.001
ProtG40, 0, 0, 0.005, 0.007, 0, 0, 0, 0, 0.003
ProtG41, 0, 0, 0.007, 0.006, 0, 0, 0, 0, 0.005
ProtG42, 0, 0, 0.006, 0.007, 0, 0, 0, 0, 0.002
ProtG43, 0, 0, 0.003, 0.003, 0, 0, 0, 0, 0.001
ProtG44, 0, 0, 0.001, 0.001, 0, 0, 0, 0, 0
ProtG45, 0, 0, 0.005, 0.004, 0, 0, 0, 0, 0.002
ProtG46, 0, 0, 0.005, 0.004, 0, 0, 0, 0, 0.004
ProtG47, 0, 0, 0.003, 0.004, 0, 0, 0, 0, 0.002
ProtG48, 0, 0, 0.002, 0.002, 0, 0, 0, 0, 0.002
ProtG49, 0, 0, 0.002, 0.002, 0, 0, 0, 0, 0.001
ProtG5, 1, 0.001, 0.004, 0.14, 1, 0, 1, 0.251, 0.751
ProtG50, 0, 0, 0.008, 0.009, 0, 0, 0, 0, 0.004
ProtG51, 0, 0, 0.01, 0.01, 0, 0, 0, 0, 0.008
ProtG52, 0, 0, 0.005, 0.005, 0, 0, 0, 0, 0.004
ProtG53, 0, 0, 0.005, 0.004, 0, 0, 0, 0, 0.002
ProtG54, 0, 0, 0.006, 0.005, 0, 0, 0, 0, 0.005
ProtG55, 0, 0, 0.003, 0.002, 0, 0, 0, 0, 0.001
ProtG56, 0, 0, 0.005, 0.004, 0, 0, 0, 0, 0.003
ProtG57, 0, 0, 0.006, 0.004, 0, 0, 0, 0, 0.003
ProtG58, 0, 0, 0.001, 0.001, 0, 0, 0, 0, 0
ProtG59, 0, 0, 0.002, 0.002, 0, 0, 0, 0, 0.002
ProtG6, 0, 0, 0.005, 0.005, 0, 0, 0, 0, 0.005
ProtG60, 0, 0, 0.005, 0.006, 0, 0, 0, 0, 0.004
ProtG61, 0, 0, 0.006, 0.005, 0, 0, 0, 0, 0.005
ProtG62, 0, 0, 0.008, 0.006, 0, 0, 0, 0, 0.004
ProtG63, 0, 0, 0.004, 0.006, 0, 0, 0, 0, 0.003
ProtG64, 0, 0, 0.003, 0.003, 0, 0, 0, 0, 0.002
ProtG65, 0, 0, 0.005, 0.003, 0, 0, 0, 0, 0.001
ProtG66, 0, 0, 0.004, 0.005, 0, 0, 0, 0, 0.003
ProtG67, 0, 0, 0.004, 0.003, 0, 0, 0, 0, 0.003
ProtG68, 0, 0, 0.001, 0, 0, 0, 0, 0, 0
ProtG69, 0, 0, 0.009, 0.009, 0, 0, 0, 0, 0.005
ProtG7, 0, 0, 0.006, 0.006, 0, 0, 0, 0, 0.006
ProtG70, 0, 0, 0.005, 0.004, 0, 0, 0, 0, 0.002
ProtG71, 0, 0, 0.004, 0.003, 0, 0, 0, 0, 0
ProtG72, 0, 0, 0.005, 0.005, 0, 0, 0, 0, 0.005
ProtG73, 0, 0, 0.002, 0.002, 0, 0, 0, 0, 0.002
ProtG74, 0, 0, 0.005, 0.002, 0, 0, 0, 0, 0.001
ProtG75, 0, 0, 0.005, 0.004, 0, 0, 0, 0, 0.002
ProtG76, 0, 0, 0.004, 0.003, 0, 0, 0, 0, 0.003
ProtG77, 0, 0, 0.005, 0.004, 0, 0, 0, 0, 0.001
ProtG78, 0, 0, 0.003, 0.003, 0, 0, 0, 0, 0.003
ProtG79, 0, 0, 0.003, 0.003, 0, 0, 0, 0, 0.003
ProtG8, 0, 0, 0.005, 0.003, 0, 0, 0, 0, 0.003
ProtG80, 0, 0, 0.006, 0.006, 0, 0, 0, 0, 0.003
ProtG81, 0, 0, 0.002, 0.002, 0, 0, 0, 0, 0.002
ProtG82, 0, 0, 0.002, 0.003, 0, 0, 0, 0, 0
ProtG83, 0, 0, 0.002, 0.001, 0, 0, 0, 0, 0.001
ProtG84, 0, 0, 0.005, 0.005, 0, 0, 0, 0, 0.001
ProtG85, 0, 0, 0.007, 0.007, 0, 0, 0, 0, 0.004
ProtG86, 0, 0, 0.007, 0.005, 0, 0, 0, 0, 0.005
ProtG87, 0, 0, 0.007, 0.006, 0, 0, 0, 0, 0.003
ProtG88, 0, 0, 0.003, 0.003, 0, 0, 0, 0, 0.002
ProtG89, 0, 0, 0.007, 0.005, 0, 0, 0, 0, 0.004
ProtG9, 0, 0, 0.005, 0.006, 0, 0, 0, 0, 0.005
ProtG90, 0, 0, 0.002, 0.002, 0, 0, 0, 0, 0.001
ProtG91, 0, 0, 0.004, 0.002, 0, 0, 0, 0, 0.001
ProtM1, 0, 0, 0.007, 0.006, 0, 0, 0, 0, 0.005
ProtM2, 0, 0, 0.006, 0.006, 0, 0, 0, 0, 0.004
ProtM3, 0, 0, 0.008, 0.008, 0, 0, 0, 0, 0.003
ProtZ1, 0, 0, 0.006, 0.006, 0, 0, 0, 0, 0.005
ProtZ2, 0, 0, 0.007, 0.004, 0, 0, 0, 0, 0.001
ProtZ3, 0, 0, 0.002, 0.002, 0, 0, 0, 0, 0.001
ProtZ4, 0, 0, 0.004, 0.004, 0, 0, 0, 0, 0.003
ProtZ5, 1, 0, 0.006, 0.027, 1, 0, 1, 0.9, 0.102
RBG1, 0, 0, 0.103, 0.03, 0, 0, 0, 0, 0.001
Rifl1, 0, 0, 0.03, 0.019, 0, 0, 0, 0, 0.001
SAR3X1, 0, 0, 0.013, 0.008, 0, 0, 0, 0, 0.005
SAR3X2, 0, 0, 0.011, 0.011, 0, 0, 0, 0, 0.003
SLNR1, 0, 0, 0.008, 0.004, 0, 0, 0, 0, 0.001
SM23X1, 0, 0, 0.01, 0.009, 0, 0, 0, 0, 0.005
SZUA1, 1, 0, 0.111, 0.022, 1, 0, 1, 0.861, 0.141
SZUA2, 0, 0, 0.006, 0.004, 0, 0, 0, 0, 0.003
Sche1, 1, 0.013, 0.139, 1.615, 1, 0, 1, 0.827, 0.163
Spir10, 0, 0, 0.005, 0.005, 0, 0, 0, 0, 0.004
Spir11, 0, 0, 0.033, 0.019, 0, 0, 0, 0, 0.003
Spir12, 0, 0, 0.017, 0.012, 0, 0, 0, 0, 0.007
Spir13, 0, 0, 0.003, 0.004, 0, 0, 0, 0, 0.003
Spir15, 0, 0, 0.008, 0.004, 0, 0, 0, 0, 0.001
Spir2, 0, 0, 0.006, 0.006, 0, 0, 0, 0, 0.006
Spir3, 0, 0, 0.005, 0.004, 0, 0, 0, 0, 0.004
Spir4, 0, 0, 0.029, 0.021, 0, 0, 0, 0, 0.003
Spir8, 0, 0, 0.007, 0.006, 0, 0, 0, 0, 0.005
Spir9, 0, 0, 0.01, 0.009, 0, 0, 0, 0, 0.003
Sume1, 1, 0.006, 0.011, 0.351, 1, 0, 1, 0.591, 0.405
Syne1, 0, 0, 0.003, 0.002, 0, 0, 0, 0, 0
Syne10, 0, 0, 0.002, 0.002, 0, 0, 0, 0, 0.002
Syne2, 0, 0, 0.003, 0.002, 0, 0, 0, 0, 0.002
Syne3, 0, 0, 0.001, 0.002, 0, 0, 0, 0, 0
Syne4, 0, 0, 0.006, 0.005, 0, 0, 0, 0, 0.005
Syne5, 0, 0, 0.002, 0.002, 0, 0, 0, 0, 0.001
Syne6, 0, 0, 0.011, 0.012, 0, 0, 0, 0, 0.006
Syne7, 0, 0, 0.001, 0.001, 0, 0, 0, 0, 0.001
Syne8, 0, 0, 0.008, 0.008, 0, 0, 0, 0, 0.007
Syne9, 0, 0, 0.062, 0.046, 0, 0, 0, 0, 0.004
TA06A1, 1, 0.004, 0.011, 0.272, 1, 0, 1, 0.299, 0.704
TA06X1, 1, 0.001, 0.013, 0.068, 1, 0, 1, 0.147, 0.852
Therd1, 0, 0, 0.07, 0.049, 0, 0, 0, 0, 0.002
Therg2, 1, 0, 0.019, 0.023, 1, 0, 1, 0.183, 0.822
Therg3, 0, 0, 0.011, 0.01, 0, 0, 0, 0, 0.004
Therg4, 0, 0, 0.2, 0.011, 0, 0, 0, 0, 0.003
Therg5, 0, 0, 0.01, 0.006, 0, 0, 0, 0, 0.003
Therg6, 0, 0, 0.008, 0.004, 0, 0, 0, 0, 0.002
Therg8, 0, 0, 0.01, 0.01, 0, 0, 0, 0, 0.004
Thers1, 0, 0, 0.047, 0.023, 0, 0, 0, 0, 0.002
UBA1X1, 0, 0, 0.301, 0.021, 0, 0, 0, 0, 0.003
UBA1X2, 0, 0, 0.01, 0.007, 0, 0, 0, 0, 0.004
UBA1X3, 0, 0, 0.016, 0.009, 0, 0, 0, 0, 0.002
UBA1X4, 0, 0, 0.003, 0.002, 0, 0, 0, 0, 0.002
UBA1X5, 0, 0, 0.004, 0.004, 0, 0, 0, 0, 0.003
UBA1X6, 1, 0, 0.005, 0.084, 1, 0, 1, 0.294, 0.707
UBA2X1, 0, 0.001, 0.004, 0.004, 0, 0, 0, 0, 0
UBA6X1, 0, 0, 0.013, 0.007, 0, 0, 0, 0, 0.001
UBA9X1, 0, 0, 0.026, 0.012, 0, 0, 0, 0, 0.002
UBA9X2, 0, 0, 0.008, 0.007, 0, 0, 0, 0, 0.002
UBA9X3, 0, 0, 0.006, 0.002, 0, 0, 0, 0, 0
UBP13X1, 0, 0, 0.819, 0.053, 0, 0, 0, 0, 0.001
UBP14X1, 0, 0, 0.111, 0.02, 0, 0, 0, 0, 0.003
UBP4X1, 0, 0, 0.603, 0.121, 0, 0, 0, 0, 0.003
UBP6X1, 0, 0, 0.105, 0.038, 0, 0, 0, 0, 0.006
Verr10, 0, 0, 0.004, 0.004, 0, 0, 0, 0, 0.001
Verr11, 0, 0, 0.005, 0.005, 0, 0, 0, 0, 0.003
Verr12, 0, 0, 0.004, 0.006, 0, 0, 0, 0, 0.002
Verr13, 0, 0, 0.006, 0.005, 0, 0, 0, 0, 0.004
Verr14, 0, 0, 0.006, 0.005, 0, 0, 0, 0, 0.004
Verr2, 0, 0, 0.004, 0.004, 0, 0, 0, 0, 0.003
Verr3, 0, 0, 0.007, 0.006, 0, 0, 0, 0, 0.004
Verr4, 0, 0, 0.009, 0.006, 0, 0, 0, 0, 0.005
Verr5, 0, 0, 0.002, 0, 0, 0, 0, 0, 0
Verr6, 0, 0, 0.003, 0.003, 0, 0, 0, 0, 0.001
Verr7, 0, 0, 0.001, 0, 0, 0, 0, 0, 0
Verr8, 0, 0, 0.008, 0.004, 0, 0, 0, 0, 0.003
Verr9, 0, 0, 0.005, 0.005, 0, 0, 0, 0, 0.001
WOR1, 0, 0, 0.315, 0.06, 0, 0, 0, 0, 0.006
WOR2, 0, 0, 0.005, 0.005, 0, 0, 0, 0, 0.003
WOR3, 1, 0.003, 0.008, 0.21, 1, 0, 1, 0.305, 0.696
WOR4, 0, 0, 0.007, 0.006, 0, 0, 0, 0, 0.005
WOR6, 0, 0, 0.008, 0.008, 0, 0, 0, 0, 0.003
WOR7, 0, 0, 0.006, 0.003, 0, 0, 0, 0, 0.001
Wall1, 0, 0, 0.012, 0.009, 0, 0, 0, 0, 0.006
Zixi1, 0, 0, 0.006, 0.005, 0, 0, 0, 0, 0.003
Zixi2, 0, 0, 0.003, 0.001, 0, 0, 0, 0, 0
Zixi3, 0, 0, 0.002, 0.002, 0, 0, 0, 0, 0.001
Zixi4, 0, 0, 0.003, 0.002, 0, 0, 0, 0, 0.002
Zixi5, 0, 0, 0.031, 0.015, 0, 0, 0, 0, 0.002
chloroArabidopsis, 0, 0, 0.005, 0.005, 0, 0, 0, 0, 0.005
chloroBryophyte, 0, 0, 0.004, 0.003, 0, 0, 0, 0, 0.002
chloroChlorophyta, 0, 0, 0.005, 0.003, 0, 0, 0, 0, 0.001
chloroLycophyte, 0, 0, 0.004, 0.005, 0, 0, 0, 0, 0.004
chloroRedAlgae, 0, 0, 0.016, 0.009, 0, 0, 0, 0, 0.004
mitoAnnelida, 0, 0, 0.002, 0.003, 0, 0, 0, 0, 0.001
mitoArabidopsis, 0, 0, 0.004, 0.004, 0, 0, 0, 0, 0.002
mitoBryophyte, 0, 0, 0.002, 0.003, 0, 0, 0, 0, 0
mitoChelicerate, 0, 0, 0.002, 0.002, 0, 0, 0, 0, 0.001
mitoChlorophyta, 0, 0, 0.002, 0.002, 0, 0, 0, 0, 0.002
mitoExcavata, 0, 0, 0.006, 0.004, 0, 0, 0, 0, 0.004
mitoFungi, 0, 0, 0.006, 0.004, 0, 0, 0, 0, 0.002
mitoInsect, 0, 0, 0.005, 0.007, 0, 0, 0, 0, 0.004
mitoLycophyte, 0, 0, 0.004, 0.003, 0, 0, 0, 0, 0.002
mitoMollusc, 0, 0, 0.006, 0.007, 0, 0, 0, 0, 0.005
mitoParamecium, 0, 0, 0.009, 0.008, 0, 0, 0, 0, 0.006
mitoPriapulid, 0, 0, 0.005, 0.005, 0, 0, 0, 0, 0.002
mitoRedAlgae, 0, 0, 0.003, 0.003, 0, 0, 0, 0, 0.002
