species_label, speciations, duplications, losses, transfers, presence, origination, copies, singletons, transfers_to
AABM5X1, 0, 0, 0.006, 0.005, 0, 0, 0, 0, 0.005
AABM5X2, 0, 0, 0.004, 0.005, 0, 0, 0, 0, 0.003
AABM5X3, 0, 0, 0.004, 0.005, 0, 0, 0, 0, 0.004
Abys1, 1, 0.004, 0.963, 0.168, 1, 0, 1, 0.331, 0.668
Acid1, 0, 0, 0.006, 0.004, 0, 0, 0, 0, 0.002
Acid10, 1, 0, 0.007, 0.099, 1, 0, 1, 0.804, 0.201
Acid11, 0, 0, 0.221, 0.033, 0, 0, 0, 0, 0.002
Acid12, 0, 0, 0.001, 0.001, 0, 0, 0, 0, 0
Acid13, 0, 0, 0.002, 0.002, 0, 0, 0, 0, 0.001
Acid14, 0, 0, 0.003, 0.003, 0, 0, 0, 0, 0.002
Acid16, 0, 0, 0.061, 0.014, 0, 0, 0, 0, 0.005
Acid17, 0, 0, 0.01, 0.009, 0, 0, 0, 0, 0.006
Acid18, 1, 0.002, 0.013, 0.075, 1, 0, 1, 0.192, 0.81
Acid2, 0, 0, 0.205, 0.015, 0, 0, 0, 0, 0.004
Acid20, 0, 0, 0.002, 0, 0, 0, 0, 0, 0
Acid21, 0, 0, 0.005, 0.006, 0, 0, 0, 0, 0.002
Acid22, 1, 0.002, 0.035, 0.185, 1, 0, 1, 0.803, 0.197
Acid23, 0, 0, 0.007, 0.006, 0, 0, 0, 0, 0.004
Acid24, 0, 0, 0.143, 0.035, 0, 0, 0, 0, 0.002
Acid25, 0, 0, 0.007, 0.01, 0, 0, 0, 0, 0.005
Acid26, 0, 0, 0.003, 0.002, 0, 0, 0, 0, 0
Acid27, 0, 0, 0.007, 0.005, 0, 0, 0, 0, 0.001
Acid28, 0, 0, 0.003, 0.004, 0, 0, 0, 0, 0.002
Acid29, 0, 0, 0.008, 0.005, 0, 0, 0, 0, 0.002
Acid3, 0, 0, 0.005, 0.004, 0, 0, 0, 0, 0.004
Acid30, 0, 0, 0.005, 0.003, 0, 0, 0, 0, 0.003
Acid31, 1, 0.002, 0.006, 0.123, 1, 0, 1, 0.219, 0.785
Acid32, 0, 0, 0.006, 0.004, 0, 0, 0, 0, 0.003
Acid33, 1, 0.002, 0.024, 0.279, 1, 0, 1, 0.353, 0.649
Acid34, 0, 0, 0.038, 0.017, 0, 0, 0, 0, 0.003
Acid35, 0, 0, 0.002, 0.003, 0, 0, 0, 0, 0.001
Acid36, 0, 0, 0.003, 0.004, 0, 0, 0, 0, 0.003
Acid37, 0, 0, 0.008, 0.008, 0, 0, 0, 0, 0.006
Acid38, 0, 0, 0.002, 0.003, 0, 0, 0, 0, 0.002
Acid39, 0, 0, 0.003, 0.002, 0, 0, 0, 0, 0.002
Acid4, 0, 0, 0.044, 0.026, 0, 0, 0, 0, 0.004
Acid40, 0, 0, 0.006, 0.006, 0, 0, 0, 0, 0.004
Acid5, 0, 0, 0.006, 0.004, 0, 0, 0, 0, 0.002
Acid6, 0, 0, 0.003, 0.003, 0, 0, 0, 0, 0.002
Acid7, 0, 0, 0.017, 0.014, 0, 0, 0, 0, 0.007
Acid8, 0, 0, 0.014, 0.009, 0, 0, 0, 0, 0.003
Acid9, 0, 0, 0.005, 0.005, 0, 0, 0, 0, 0.004
Acti10, 0, 0, 0.006, 0.006, 0, 0, 0, 0, 0.002
Acti11, 0, 0, 0.578, 0.082, 0, 0, 0, 0, 0.003
Acti12, 0, 0, 0.003, 0, 0, 0, 0, 0, 0
Acti13, 1, 0.003, 0.019, 0.123, 1, 0, 1, 0.184, 0.823
Acti14, 0, 0, 0.007, 0.005, 0, 0, 0, 0, 0.004
Acti15, 0, 0, 0.011, 0.007, 0, 0, 0, 0, 0.001
Acti16, 1, 0, 0.02, 0.009, 1, 0, 1, 1, 0.003
Acti18, 1, 0, 0.022, 0.016, 1, 0, 1, 1, 0.005
Acti19, 0, 0, 0.017, 0.013, 0, 0, 0, 0, 0.002
Acti2, 0, 0, 0.031, 0.025, 0, 0, 0, 0, 0.006
Acti20, 0, 0.001, 0.884, 0.074, 0, 0, 0, 0, 0.003
Acti21, 0, 0, 0.006, 0.006, 0, 0, 0, 0, 0.003
Acti22, 1, 0.002, 0.007, 0.193, 1, 0, 1, 0.573, 0.43
Acti23, 0, 0, 0.019, 0.016, 0, 0, 0, 0, 0.004
Acti24, 0, 0, 0.007, 0.005, 0, 0, 0, 0, 0.003
Acti25, 0, 0, 0.029, 0.014, 0, 0, 0, 0, 0.001
Acti26, 0, 0, 0.463, 0.065, 0, 0, 0, 0, 0.003
Acti27, 0, 0, 0.016, 0.01, 0, 0, 0, 0, 0.002
Acti28, 0, 0, 0.004, 0.002, 0, 0, 0, 0, 0.002
Acti29, 0, 0, 0.008, 0.006, 0, 0, 0, 0, 0.003
Acti3, 0, 0, 0.008, 0.006, 0, 0, 0, 0, 0.004
Acti30, 0, 0, 0.023, 0.014, 0, 0, 0, 0, 0.003
Acti31, 0, 0, 0.007, 0.005, 0, 0, 0, 0, 0.001
Acti32, 0, 0, 0.004, 0.003, 0, 0, 0, 0, 0.002
Acti33, 0, 0, 0.005, 0.004, 0, 0, 0, 0, 0.004
Acti34, 0, 0, 0.005, 0.004, 0, 0, 0, 0, 0.003
Acti35, 0, 0, 0.004, 0.004, 0, 0, 0, 0, 0.003
Acti36, 0, 0, 0.003, 0.002, 0, 0, 0, 0, 0.002
Acti37, 0, 0, 0.003, 0.003, 0, 0, 0, 0, 0.002
Acti38, 0, 0, 0.009, 0.003, 0, 0, 0, 0, 0.003
Acti39, 0, 0, 0.163, 0.043, 0, 0, 0, 0, 0.004
Acti4, 1, 0.001, 0.644, 0.221, 1, 0, 1, 0.134, 0.872
Acti40, 1, 0.001, 0.016, 0.053, 1, 0, 1, 0.241, 0.759
Acti41, 0, 0, 0.005, 0.005, 0, 0, 0, 0, 0.005
Acti42, 1, 0.001, 0.032, 0.081, 1, 0, 1, 0.853, 0.149
Acti43, 0, 0, 0.003, 0.003, 0, 0, 0, 0, 0.002
Acti44, 0, 0, 0.003, 0.002, 0, 0, 0, 0, 0.001
Acti45, 0, 0, 0.004, 0.004, 0, 0, 0, 0, 0.004
Acti47, 0, 0, 0.003, 0.003, 0, 0, 0, 0, 0.003
Acti48, 0, 0, 0.002, 0.001, 0, 0, 0, 0, 0.001
Acti49, 0, 0, 0.005, 0.006, 0, 0, 0, 0, 0.003
Acti5, 0, 0, 0.012, 0.012, 0, 0, 0, 0, 0.002
Acti50, 0, 0, 0.008, 0.008, 0, 0, 0, 0, 0.006
Acti51, 0, 0, 0.015, 0.009, 0, 0, 0, 0, 0.001
Acti52, 0, 0, 0.008, 0.011, 0, 0, 0, 0, 0.006
Acti6, 0, 0, 0.007, 0.007, 0, 0, 0, 0, 0.004
Acti7, 0, 0, 0.006, 0.003, 0, 0, 0, 0, 0.003
Acti8, 0, 0, 0.006, 0.005, 0, 0, 0, 0, 0.002
Acti9, 0, 0, 0.007, 0.005, 0, 0, 0, 0, 0.002
Aero1, 0, 0, 0.025, 0.017, 0, 0, 0, 0, 0.003
Aqui1, 1, 0, 0.011, 0.042, 1, 0, 1, 0.998, 0.004
Aqui2, 1, 0, 0.011, 0.002, 1, 0, 1, 0.997, 0.004
Aqui3, 1, 0, 0.025, 0.014, 1, 0, 1, 0.959, 0.045
Aqui4, 1, 0, 0.001, 0.032, 1, 0, 1, 0.267, 0.734
Aqui5, 0, 0, 0.981, 0.009, 0, 0, 0, 0, 0.003
Aqui6, 0, 0, 0.268, 0.009, 0, 0, 0, 0, 0.001
Arma11, 1, 0.007, 1.184, 0.268, 1, 0, 1, 0.389, 0.608
Arma12, 1, 0, 1.023, 0.065, 1, 0, 1, 1, 0.004
Arma13, 0, 0, 0.092, 0.065, 0, 0, 0, 0, 0.005
Arma14, 1, 0.001, 0.035, 0.06, 1, 0, 1, 0.963, 0.039
Arma15, 0, 0, 0.088, 0.051, 0, 0, 0, 0, 0.001
Arma16, 1, 0, 0.045, 0.056, 1, 0, 1, 0.938, 0.064
Arma3, 1, 0.002, 0.313, 0.188, 1, 0, 1, 0.262, 0.74
Arma4, 0, 0, 0.997, 0.05, 0, 0, 0, 0, 0.002
Arma6, 0, 0.001, 0.342, 0.2, 0, 0, 0, 0, 0.007
Arma7, 2, 0.001, 0.076, 0.068, 1, 0, 2, 1.948, 0.056
Arma9, 1, 0.003, 0.023, 0.167, 1, 0, 1, 0.934, 0.067
Aure1, 0, 0, 0.011, 0.007, 0, 0, 0, 0, 0.001
Aure2, 0, 0, 0.012, 0.01, 0, 0, 0, 0, 0.002
Aure3, 0, 0, 0.211, 0.125, 0, 0, 0, 0, 0.002
B130X1, 0, 0, 0.273, 0.067, 0, 0, 0, 0, 0.006
BMS3X1, 0, 0, 0.045, 0.03, 0, 0, 0, 0, 0.007
Bact1, 0, 0, 0.005, 0.004, 0, 0, 0, 0, 0.003
Bact10, 0, 0, 0.006, 0.01, 0, 0, 0, 0, 0.004
Bact11, 0, 0, 0.007, 0.006, 0, 0, 0, 0, 0.005
Bact12, 0, 0, 0.002, 0.002, 0, 0, 0, 0, 0.002
Bact13, 0, 0, 0.005, 0.002, 0, 0, 0, 0, 0.001
Bact14, 0, 0, 0.006, 0.003, 0, 0, 0, 0, 0.001
Bact16, 0, 0, 0.007, 0.007, 0, 0, 0, 0, 0.005
Bact17, 0, 0, 0.005, 0.003, 0, 0, 0, 0, 0.003
Bact18, 0, 0, 0.006, 0.001, 0, 0, 0, 0, 0.001
Bact19, 0, 0, 0.004, 0.003, 0, 0, 0, 0, 0.003
Bact20, 0, 0, 0.005, 0.006, 0, 0, 0, 0, 0.003
Bact21, 0, 0, 0.003, 0.003, 0, 0, 0, 0, 0.003
Bact22, 0, 0, 0.004, 0.004, 0, 0, 0, 0, 0.003
Bact23, 0, 0, 0.004, 0.004, 0, 0, 0, 0, 0.003
Bact24, 0, 0, 0.003, 0.003, 0, 0, 0, 0, 0.001
Bact25, 0, 0, 0.002, 0.003, 0, 0, 0, 0, 0.002
Bact27, 0, 0, 0.007, 0.007, 0, 0, 0, 0, 0.007
Bact28, 0, 0, 0.005, 0.005, 0, 0, 0, 0, 0.004
Bact29, 0, 0, 0.005, 0.005, 0, 0, 0, 0, 0.005
Bact3, 0, 0, 0.007, 0.005, 0, 0, 0, 0, 0.002
Bact30, 0, 0.001, 0.006, 0.007, 0, 0, 0, 0, 0.004
Bact31, 0, 0, 0.009, 0.01, 0, 0, 0, 0, 0.009
Bact32, 0, 0, 0.005, 0.005, 0, 0, 0, 0, 0.004
Bact33, 0, 0, 0.003, 0.003, 0, 0, 0, 0, 0.002
Bact34, 0, 0, 0.004, 0.004, 0, 0, 0, 0, 0.002
Bact35, 0, 0, 0.003, 0.002, 0, 0, 0, 0, 0.002
Bact36, 0, 0, 0.003, 0.002, 0, 0, 0, 0, 0.001
Bact37, 0, 0, 0.001, 0.001, 0, 0, 0, 0, 0.001
Bact38, 0, 0, 0.002, 0.004, 0, 0, 0, 0, 0.002
Bact39, 0, 0, 0.002, 0.001, 0, 0, 0, 0, 0.001
Bact4, 0, 0, 0.004, 0.004, 0, 0, 0, 0, 0.004
Bact40, 0, 0, 0.005, 0.005, 0, 0, 0, 0, 0.003
Bact41, 0, 0, 0.006, 0.006, 0, 0, 0, 0, 0.004
Bact42, 0, 0, 0.002, 0.002, 0, 0, 0, 0, 0.002
Bact43, 0, 0, 0.003, 0.002, 0, 0, 0, 0, 0.001
Bact44, 0, 0, 0.007, 0.006, 0, 0, 0, 0, 0.005
Bact5, 0, 0, 0.003, 0.002, 0, 0, 0, 0, 0.001
Bact6, 0, 0, 0.009, 0.008, 0, 0, 0, 0, 0.005
Bact7, 0, 0, 0.006, 0.007, 0, 0, 0, 0, 0.004
Bact8, 0, 0, 0.006, 0.006, 0, 0, 0, 0, 0.004
Bact9, 0, 0, 0.002, 0.002, 0, 0, 0, 0, 0.002
Bdell10, 0, 0, 0.002, 0.002, 0, 0, 0, 0, 0
Bdell11, 0, 0, 0.002, 0.002, 0, 0, 0, 0, 0.002
Bdell12, 0, 0, 0.006, 0.003, 0, 0, 0, 0, 0.001
Bdell13, 0, 0, 0.015, 0.006, 0, 0, 0, 0, 0.003
Bdell15, 0, 0, 0.004, 0.003, 0, 0, 0, 0, 0.003
Bdell16, 0, 0, 0.008, 0.008, 0, 0, 0, 0, 0.004
Bdell17, 0, 0, 0.004, 0.002, 0, 0, 0, 0, 0
Bdell2, 0, 0, 0.006, 0.005, 0, 0, 0, 0, 0.004
Bdell3, 0, 0, 0.008, 0.008, 0, 0, 0, 0, 0.003
Bdell4, 0, 0, 0.002, 0.002, 0, 0, 0, 0, 0.002
Bdell5, 0, 0, 0.006, 0.005, 0, 0, 0, 0, 0.004
Bdell6, 0, 0, 0.011, 0.006, 0, 0, 0, 0, 0.003
Bdell7, 0, 0, 0.002, 0.001, 0, 0, 0, 0, 0
Bdell9, 0, 0, 0.008, 0.009, 0, 0, 0, 0, 0.007
BdellC1, 0, 0, 0.019, 0.01, 0, 0, 0, 0, 0.001
BdellC2, 0, 0, 0.023, 0.016, 0, 0, 0, 0, 0.005
Bipo1, 0, 0, 0.054, 0.043, 0, 0, 0, 0, 0.008
Bipo2, 0, 0, 0.048, 0.033, 0, 0, 0, 0, 0.002
CG267X1, 0, 0, 0.067, 0.051, 0, 0, 0, 0, 0.003
CG294X1, 0, 0, 0.067, 0.049, 0, 0, 0, 0, 0.003
CSP1X1, 1, 0.008, 0.529, 0.911, 1, 0, 1, 0.594, 0.408
Calda1, 0, 0, 0.06, 0.051, 0, 0, 0, 0, 0.008
Calda2, 0, 0, 0.056, 0.035, 0, 0, 0, 0, 0.004
Caldit1, 1, 0, 0.01, 0.008, 1, 0, 1, 0.999, 0.005
Caldit2, 1, 0, 0.007, 0.005, 1, 0, 1, 1, 0.002
Caldit3, 0, 0, 0.21, 0.011, 0, 0, 0, 0, 0.005
Camp1, 0, 0, 0.009, 0.009, 0, 0, 0, 0, 0.004
Camp10, 0, 0, 0.007, 0.007, 0, 0, 0, 0, 0.005
Camp11, 0, 0, 0.006, 0.003, 0, 0, 0, 0, 0.001
Camp12, 0, 0, 0.006, 0.004, 0, 0, 0, 0, 0.003
Camp13, 0, 0, 0.011, 0.006, 0, 0, 0, 0, 0.003
Camp14, 0, 0, 0.003, 0.004, 0, 0, 0, 0, 0.002
Camp15, 0, 0, 0.002, 0.001, 0, 0, 0, 0, 0.001
Camp16, 0, 0, 0.323, 0.06, 0, 0, 0, 0, 0.006
Camp2, 0, 0, 0.009, 0.006, 0, 0, 0, 0, 0.001
Camp3, 0, 0, 0.009, 0.008, 0, 0, 0, 0, 0.004
Camp4, 1, 0.005, 0.012, 0.318, 1, 0, 1, 0.313, 0.69
Camp5, 0, 0, 0.006, 0.005, 0, 0, 0, 0, 0.004
Camp6, 0, 0, 0.007, 0.008, 0, 0, 0, 0, 0.005
Camp7, 0, 0, 0.008, 0.009, 0, 0, 0, 0, 0.003
Camp9, 0, 0, 0.004, 0.003, 0, 0, 0, 0, 0.002
Chlo10, 0, 0.001, 0.754, 0.016, 0, 0, 0, 0, 0.005
Chlo11, 0, 0, 0.01, 0.008, 0, 0, 0, 0, 0.006
Chlo12, 0, 0, 0.004, 0.004, 0, 0, 0, 0, 0.002
Chlo13, 0, 0, 0.629, 0.018, 0, 0, 0, 0, 0.001
Chlo14, 1, 0.007, 0.029, 0.668, 1, 0, 1, 0.672, 0.326
Chlo15, 0, 0, 0.006, 0.004, 0, 0, 0, 0, 0.003
Chlo16, 0, 0, 0.012, 0.008, 0, 0, 0, 0, 0.003
Chlo17, 0, 0, 0.006, 0.006, 0, 0, 0, 0, 0.003
Chlo18, 1, 0.003, 0.008, 0.155, 1, 0, 1, 0.268, 0.734
Chlo19, 0, 0, 0.01, 0.007, 0, 0, 0, 0, 0.004
Chlo20, 0, 0, 0.009, 0.006, 0, 0, 0, 0, 0.003
Chlo21, 0, 0, 0.024, 0.015, 0, 0, 0, 0, 0.004
Chlo22, 0, 0, 0.009, 0.006, 0, 0, 0, 0, 0.005
Chlo23, 0, 0, 0.006, 0.001, 0, 0, 0, 0, 0.001
Chlo24, 0, 0, 0.004, 0.002, 0, 0, 0, 0, 0.002
Chlo25, 0, 0, 0.012, 0.009, 0, 0, 0, 0, 0.006
Chlo26, 0, 0, 0.009, 0.01, 0, 0, 0, 0, 0.005
Chlo27, 1, 0, 0.012, 0.008, 1, 0, 1, 0.997, 0.01
Chlo28, 0, 0, 0.2, 0.024, 0, 0, 0, 0, 0.004
Chlo29, 0, 0, 0.012, 0.01, 0, 0, 0, 0, 0.004
Chlo30, 0, 0, 0.004, 0.002, 0, 0, 0, 0, 0.001
Chlo31, 0, 0, 0.009, 0.007, 0, 0, 0, 0, 0.003
Chlo32, 0, 0, 0.005, 0.005, 0, 0, 0, 0, 0.003
Chlo33, 0, 0, 0.07, 0.003, 0, 0, 0, 0, 0
Chlo34, 0, 0, 0.007, 0.007, 0, 0, 0, 0, 0.003
Chlo35, 0, 0, 0.025, 0.017, 0, 0, 0, 0, 0.005
Chlo36, 0, 0, 0.709, 0.041, 0, 0, 0, 0, 0.003
Chlo37, 0, 0, 0.005, 0.005, 0, 0, 0, 0, 0.002
Chlo38, 0, 0, 0.009, 0.007, 0, 0, 0, 0, 0.003
Chlo39, 0, 0, 0.008, 0.008, 0, 0, 0, 0, 0.006
Chlo4, 1, 0, 0.003, 0.119, 1, 0, 1, 0.251, 0.749
Chlo40, 1, 0, 0.009, 0.048, 1, 0, 1, 0.704, 0.303
Chlo41, 0, 0, 0.005, 0.006, 0, 0, 0, 0, 0.003
Chlo42, 0, 0, 0.008, 0.006, 0, 0, 0, 0, 0.004
Chlo43, 0, 0, 0.009, 0.008, 0, 0, 0, 0, 0.003
Chlo44, 0, 0, 0.006, 0.004, 0, 0, 0, 0, 0.003
Chlo45, 0, 0, 1.004, 0.359, 0, 0, 0, 0, 0.003
Chlo46, 1, 0.003, 0.009, 0.36, 1, 0, 1, 0.993, 0.005
Chlo47, 0, 0, 0.693, 0.004, 0, 0, 0, 0, 0.002
Chlo48, 1, 0, 0.004, 0.02, 1, 0, 1, 0.744, 0.256
Chlo5, 0, 0, 0.009, 0.007, 0, 0, 0, 0, 0
Chlo6, 0, 0, 0.274, 0.039, 0, 0, 0, 0, 0.003
Chlo7, 0, 0, 0.007, 0.009, 0, 0, 0, 0, 0.004
Chlo8, 0, 0, 0.049, 0.012, 0, 0, 0, 0, 0.003
Chlo9, 0, 0, 0.019, 0.011, 0, 0, 0, 0, 0.004
Chry1, 0, 0, 0.078, 0.044, 0, 0, 0, 0, 0.003
Cloa1, 0, 0, 0.064, 0.016, 0, 0, 0, 0, 0.007
Cyan1, 0, 0, 0.041, 0.039, 0, 0, 0, 0, 0
Cyan10, 1, 0, 0.005, 0.001, 1, 0, 1, 1, 0.001
Cyan11, 1, 0, 0.442, 0.012, 1, 0, 1, 0.992, 0.01
Cyan12, 1, 0, 0.015, 0.008, 1, 0, 1, 1, 0
Cyan13, 1, 0, 0.012, 0.006, 1, 0, 1, 1, 0.002
Cyan14, 1, 0, 0.006, 0.019, 1, 0, 1, 1, 0.001
Cyan15, 1, 0, 0.009, 0.006, 1, 0, 1, 1, 0.004
Cyan16, 1, 0, 0.011, 0.006, 1, 0, 1, 0.999, 0.004
Cyan18, 1, 0, 0.013, 0.006, 1, 0, 1, 1, 0.003
Cyan19, 1, 0, 0.064, 0.013, 1, 0, 1, 0.99, 0.012
Cyan2, 0, 0, 0.045, 0.025, 0, 0, 0, 0, 0.004
Cyan20, 1, 0, 0.018, 0.004, 1, 0, 1, 1, 0
Cyan21, 1, 0, 1.008, 0.009, 1, 0, 1, 0.998, 0.006
Cyan22, 1, 0, 0.151, 0.049, 1, 0, 1, 0.004, 0.999
Cyan23, 1, 0, 0.449, 0.013, 1, 0, 1, 0.11, 0.896
Cyan24, 1, 0.01, 0.627, 0.567, 1, 0, 1, 0.934, 0.058
Cyan25, 1, 0, 0.395, 0.031, 1, 0, 1, 0.993, 0.007
Cyan26, 1, 0, 0.993, 0.007, 1, 0, 1, 0.44, 0.561
Cyan27, 1, 0, 0.004, 0.003, 1, 0, 1, 0.989, 0.013
Cyan28, 1, 0.001, 0.007, 0.12, 1, 0, 1, 0.241, 0.76
Cyan29, 1, 0, 0.011, 0.007, 1, 0, 1, 0.999, 0.004
Cyan3, 1, 0, 0.006, 0.003, 1, 0, 1, 1, 0.002
Cyan30, 1, 0, 0.88, 0.175, 1, 0, 1, 0.972, 0.031
Cyan31, 1, 0, 0.015, 0.007, 1, 0, 1, 0.999, 0.001
Cyan32, 1, 0.002, 1.003, 0.219, 1, 0, 1, 0.99, 0.01
Cyan33, 1, 0, 1.004, 0.006, 1, 0, 1, 1, 0.002
Cyan34, 1, 0, 0.017, 0.008, 1, 0, 1, 0.999, 0.003
Cyan35, 1, 0, 0.091, 0.03, 1, 0, 1, 0.991, 0.009
Cyan36, 1, 0, 0.13, 0.071, 1, 0, 1, 0.802, 0.199
Cyan37, 1, 0.008, 0.636, 0.183, 1, 0, 1, 0.905, 0.088
Cyan38, 1, 0, 0.069, 0.012, 1, 0, 1, 0.841, 0.161
Cyan4, 0, 0, 0.018, 0.013, 0, 0, 0, 0, 0.005
Cyan40, 0, 0, 0.995, 0.009, 0, 0, 0, 0, 0.004
Cyan41, 1, 0, 0.998, 0.213, 1, 0, 1, 1, 0
Cyan42, 1, 0, 0.007, 0.003, 1, 0, 1, 1, 0.003
Cyan43, 1, 0.001, 0.999, 0.397, 1, 0, 1, 0.237, 0.766
Cyan44, 1, 0, 0.019, 0.017, 1, 0, 1, 1, 0.005
Cyan45, 1, 0, 0.007, 0.007, 1, 0, 1, 1, 0.003
Cyan46, 1, 0, 0.997, 0.198, 1, 0, 1, 0.998, 0.006
Cyan47, 1, 0, 0.016, 0.013, 1, 0, 1, 0.999, 0.002
Cyan7, 0, 0, 0.245, 0.08, 0, 0, 0, 0, 0
Cyan8, 0, 0, 0.04, 0.019, 0, 0, 0, 0, 0.004
Cyan9, 0, 0, 0.015, 0.012, 0, 0, 0, 0, 0.002
DTU0X1, 0, 0, 0.01, 0.011, 0, 0, 0, 0, 0.009
Defe1, 0, 0, 0.024, 0.019, 0, 0, 0, 0, 0.005
Defe2, 0, 0, 0.005, 0.004, 0, 0, 0, 0, 0.002
Defe3, 0, 0, 0.005, 0.004, 0, 0, 0, 0, 0.002
Dein1, 0, 0, 1.931, 0.01, 0, 0, 0, 0, 0.003
Dein2, 1, 0.001, 0.061, 0.048, 1, 0, 1, 0.974, 0.031
Dein3, 0, 0, 0.967, 0.01, 0, 0, 0, 0, 0.003
Dein4, 1, 0, 0.011, 0.007, 1, 0, 1, 0.999, 0.003
Dein5, 2, 0, 0.005, 0.024, 1, 0, 2, 1.926, 0.077
Dein6, 1, 0, 0.015, 0.01, 1, 0, 1, 0.998, 0.007
Dein7, 1, 0, 0.002, 0.023, 1, 0, 1, 0.963, 0.038
Desa1, 0, 0, 0.031, 0.014, 0, 0, 0, 0, 0.003
DesuB1, 1, 0, 0.315, 0.107, 1, 0, 1, 0.143, 0.861
DesuB2, 1, 0, 0.162, 0.324, 1, 0, 1, 0.295, 0.708
DesuB3, 1, 0.001, 0.022, 0.017, 1, 0, 1, 0.999, 0.007
DesuB4, 1, 0, 0.016, 0.005, 1, 0, 1, 0.998, 0.002
DesuC1, 0, 0, 0.017, 0.013, 0, 0, 0, 0, 0.004
DesuC2, 0, 0, 0.016, 0.014, 0, 0, 0, 0, 0.003
DesuD1, 0, 0, 0.012, 0.011, 0, 0, 0, 0, 0.005
DesuD2, 0, 0, 0.007, 0.004, 0, 0, 0, 0, 0
Desua1, 0, 0, 0.006, 0.005, 0, 0, 0, 0, 0.005
Desua10, 0, 0, 0.008, 0.005, 0, 0, 0, 0, 0.005
Desua11, 0, 0, 0.002, 0.002, 0, 0, 0, 0, 0.002
Desua12, 0, 0, 0.001, 0.001, 0, 0, 0, 0, 0.001
Desua13, 0, 0, 0.003, 0.003, 0, 0, 0, 0, 0.003
Desua14, 0, 0, 0.009, 0.008, 0, 0, 0, 0, 0.003
Desua15, 0, 0, 0.002, 0.001, 0, 0, 0, 0, 0.001
Desua16, 0, 0, 0.008, 0.01, 0, 0, 0, 0, 0.007
Desua17, 1, 0, 0.007, 0.006, 1, 0, 1, 1, 0.006
Desua18, 1, 0, 0.007, 0.004, 1, 0, 1, 1, 0.001
Desua19, 0, 0, 0.008, 0.006, 0, 0, 0, 0, 0.002
Desua2, 0, 0, 0.005, 0.005, 0, 0, 0, 0, 0.004
Desua20, 0, 0, 0.108, 0.009, 0, 0, 0, 0, 0.003
Desua21, 0, 0, 0.004, 0.004, 0, 0, 0, 0, 0.002
Desua22, 0, 0, 0.008, 0.01, 0, 0, 0, 0, 0.005
Desua23, 0, 0, 0.004, 0.001, 0, 0, 0, 0, 0.001
Desua24, 1, 0, 0.004, 0.002, 1, 0, 1, 0.995, 0.005
Desua25, 0, 0, 0.004, 0.006, 0, 0, 0, 0, 0.003
Desua26, 0, 0, 0.006, 0.006, 0, 0, 0, 0, 0.004
Desua27, 0, 0, 0.002, 0.002, 0, 0, 0, 0, 0.002
Desua28, 0, 0, 0.005, 0.003, 0, 0, 0, 0, 0.001
Desua29, 0, 0, 0.006, 0.005, 0, 0, 0, 0, 0.003
Desua3, 0, 0, 0.005, 0.006, 0, 0, 0, 0, 0.003
Desua30, 0, 0, 0.004, 0.004, 0, 0, 0, 0, 0.002
Desua31, 0, 0, 0.001, 0.001, 0, 0, 0, 0, 0.001
Desua32, 0, 0, 0.004, 0.003, 0, 0, 0, 0, 0.002
Desua33, 0, 0, 0.003, 0.003, 0, 0, 0, 0, 0.001
Desua34, 0, 0, 0.005, 0.005, 0, 0, 0, 0, 0.004
Desua35, 0, 0, 0.008, 0.007, 0, 0, 0, 0, 0.004
Desua36, 0, 0, 0.005, 0.005, 0, 0, 0, 0, 0.003
Desua37, 0, 0, 0.006, 0.007, 0, 0, 0, 0, 0.002
Desua38, 0, 0, 0.007, 0.01, 0, 0, 0, 0, 0.005
Desua39, 0, 0, 0.003, 0.004, 0, 0, 0, 0, 0.003
Desua4, 0, 0, 0.005, 0.003, 0, 0, 0, 0, 0.003
Desua40, 0, 0, 0.002, 0.004, 0, 0, 0, 0, 0.002
Desua41, 0, 0, 0.007, 0.002, 0, 0, 0, 0, 0.002
Desua42, 0, 0, 0.003, 0.003, 0, 0, 0, 0, 0.002
Desua43, 0, 0, 0.006, 0.006, 0, 0, 0, 0, 0.004
Desua44, 0, 0, 0.006, 0.009, 0, 0, 0, 0, 0.006
Desua45, 0, 0, 0.038, 0.017, 0, 0, 0, 0, 0.001
Desua46, 0, 0, 0.003, 0.003, 0, 0, 0, 0, 0.002
Desua47, 0, 0, 0.006, 0.007, 0, 0, 0, 0, 0.003
Desua48, 0, 0, 0.004, 0.005, 0, 0, 0, 0, 0.002
Desua49, 0, 0, 0.005, 0.004, 0, 0, 0, 0, 0.003
Desua5, 0, 0, 0.11, 0.029, 0, 0, 0, 0, 0.006
Desua50, 0, 0, 0.005, 0.006, 0, 0, 0, 0, 0.004
Desua51, 0, 0, 0.005, 0.004, 0, 0, 0, 0, 0.001
Desua52, 0, 0, 0.009, 0.009, 0, 0, 0, 0, 0.007
Desua53, 0, 0, 0.005, 0.003, 0, 0, 0, 0, 0.001
Desua54, 0, 0, 0.001, 0.001, 0, 0, 0, 0, 0.001
Desua6, 0, 0, 0.008, 0.007, 0, 0, 0, 0, 0.004
Desua7, 0, 0, 0.006, 0.004, 0, 0, 0, 0, 0.002
Desua8, 0, 0, 0.002, 0.001, 0, 0, 0, 0, 0.001
Desua9, 1, 0, 0.005, 0.005, 1, 0, 1, 1, 0.004
Dict1, 0, 0, 0.075, 0.044, 0, 0, 0, 0, 0.002
Dorm1, 0, 0, 0.005, 0.003, 0, 0, 0, 0, 0.003
Dorm2, 0, 0, 0.007, 0.008, 0, 0, 0, 0, 0.005
Dorm3, 1, 0.001, 0.022, 0.193, 1, 0, 1, 0.739, 0.264
Dorm4, 0, 0, 0.071, 0.021, 0, 0, 0, 0, 0.003
Dorm5, 0, 0, 0.017, 0.01, 0, 0, 0, 0, 0.001
Edwa1, 0, 0, 0.086, 0.011, 0, 0, 0, 0, 0.002
Eise1, 0, 0, 0.004, 0.003, 0, 0, 0, 0, 0.002
Eise2, 0, 0, 0.003, 0.003, 0, 0, 0, 0, 0.001
Eise3, 0, 0, 0.006, 0.005, 0, 0, 0, 0, 0.002
Eise4, 0, 0, 0.004, 0.001, 0, 0, 0, 0, 0
Elus1, 0, 0, 0.008, 0.006, 0, 0, 0, 0, 0.004
Elus10, 0, 0, 0.002, 0.002, 0, 0, 0, 0, 0.002
Elus2, 0, 0, 0.005, 0.004, 0, 0, 0, 0, 0.003
Elus3, 0, 0, 0.003, 0.003, 0, 0, 0, 0, 0.002
Elus4, 1, 0.003, 0.01, 0.237, 1, 0, 1, 0.079, 0.927
Elus5, 0, 0, 0.007, 0.008, 0, 0, 0, 0, 0.005
Elus6, 0, 0, 0.007, 0.005, 0, 0, 0, 0, 0.005
Elus7, 0, 0, 0.03, 0.013, 0, 0, 0, 0, 0.008
Elus8, 0, 0, 0.005, 0.005, 0, 0, 0, 0, 0.003
Elus9, 0, 0, 0.001, 0.002, 0, 0, 0, 0, 0.001
Erem2, 0, 0, 0.363, 0.072, 0, 0, 0, 0, 0.008
Erem3, 0, 0, 0.386, 0.059, 0, 0, 0, 0, 0.003
Erem4, 0, 0, 0.028, 0.014, 0, 0, 0, 0, 0.005
Erem5, 0, 0, 0.025, 0.017, 0, 0, 0, 0, 0.002
Erem6, 1, 0, 0.007, 0.17, 1, 0, 1, 0.528, 0.475
FCPU1, 0, 0, 0.004, 0.003, 0, 0, 0, 0, 0.002
FCPU2, 0, 0, 0.008, 0.009, 0, 0, 0, 0, 0.006
Ferm1, 1, 0.001, 0.005, 0.079, 1, 0, 1, 0.138, 0.865
Fibr1, 0, 0, 0.007, 0.006, 0, 0, 0, 0, 0.004
Fibr2, 0, 0, 0.004, 0.004, 0, 0, 0, 0, 0.004
Fibr3, 0, 0, 0.004, 0.001, 0, 0, 0, 0, 0.001
Fibr4, 0, 0, 0.002, 0.002, 0, 0, 0, 0, 0.002
Fibr5, 0, 0, 0.006, 0.004, 0, 0, 0, 0, 0.003
Fibr6, 0, 0, 0.002, 0.002, 0, 0, 0, 0, 0.001
Fire1, 0, 0, 0.025, 0.014, 0, 0, 0, 0, 0.004
FirmA1, 0, 0, 0.005, 0.004, 0, 0, 0, 0, 0.001
FirmA10, 0, 0, 0.003, 0.003, 0, 0, 0, 0, 0.002
FirmA100, 0, 0, 0.006, 0.007, 0, 0, 0, 0, 0.005
FirmA101, 0, 0, 0.005, 0.006, 0, 0, 0, 0, 0.004
FirmA102, 0, 0, 0.001, 0, 0, 0, 0, 0, 0
FirmA103, 0, 0, 0.001, 0.001, 0, 0, 0, 0, 0
FirmA104, 0, 0, 0.009, 0.01, 0, 0, 0, 0, 0.007
FirmA105, 0, 0, 0.002, 0.002, 0, 0, 0, 0, 0.002
FirmA106, 0, 0, 0.006, 0.006, 0, 0, 0, 0, 0.004
FirmA107, 0, 0, 0.007, 0.007, 0, 0, 0, 0, 0.005
FirmA108, 0, 0, 0.005, 0.006, 0, 0, 0, 0, 0.003
FirmA109, 0, 0, 0.001, 0.001, 0, 0, 0, 0, 0.001
FirmA11, 0, 0, 0.057, 0.03, 0, 0, 0, 0, 0
FirmA110, 0, 0, 0.001, 0.001, 0, 0, 0, 0, 0.001
FirmA111, 0, 0, 0.06, 0.027, 0, 0, 0, 0, 0.002
FirmA112, 0, 0, 0.004, 0.002, 0, 0, 0, 0, 0.001
FirmA113, 0, 0, 0.015, 0.011, 0, 0, 0, 0, 0.005
FirmA114, 0, 0, 0.006, 0.004, 0, 0, 0, 0, 0.002
FirmA12, 0, 0, 0.006, 0.005, 0, 0, 0, 0, 0.004
FirmA14, 0, 0, 0.01, 0.007, 0, 0, 0, 0, 0
FirmA16, 0, 0, 0.013, 0.009, 0, 0, 0, 0, 0.007
FirmA18, 0, 0, 0.002, 0.002, 0, 0, 0, 0, 0.001
FirmA19, 0, 0, 0.013, 0.012, 0, 0, 0, 0, 0.004
FirmA2, 0, 0, 0.011, 0.01, 0, 0, 0, 0, 0.009
FirmA20, 0, 0, 0.005, 0.005, 0, 0, 0, 0, 0.004
FirmA21, 0, 0, 0.004, 0.004, 0, 0, 0, 0, 0.001
FirmA24, 0, 0, 0.005, 0.005, 0, 0, 0, 0, 0.003
FirmA25, 0, 0, 0.006, 0.004, 0, 0, 0, 0, 0.004
FirmA26, 0, 0, 0.007, 0.007, 0, 0, 0, 0, 0.005
FirmA27, 0, 0, 0.001, 0.001, 0, 0, 0, 0, 0.001
FirmA28, 0, 0, 0.004, 0.003, 0, 0, 0, 0, 0.002
FirmA29, 0, 0, 0.007, 0.007, 0, 0, 0, 0, 0.006
FirmA30, 0, 0, 0.002, 0.003, 0, 0, 0, 0, 0
FirmA31, 0, 0, 0.005, 0.005, 0, 0, 0, 0, 0.004
FirmA32, 0, 0, 0.005, 0.004, 0, 0, 0, 0, 0.002
FirmA33, 0, 0, 0.005, 0.006, 0, 0, 0, 0, 0.004
FirmA34, 0, 0, 0.005, 0.006, 0, 0, 0, 0, 0.005
FirmA35, 0, 0, 0.004, 0.005, 0, 0, 0, 0, 0.003
FirmA36, 0, 0, 0.009, 0.006, 0, 0, 0, 0, 0.003
FirmA37, 0, 0, 0.004, 0.004, 0, 0, 0, 0, 0.004
FirmA38, 0, 0, 0.004, 0.003, 0, 0, 0, 0, 0.001
FirmA39, 0, 0, 0.001, 0.002, 0, 0, 0, 0, 0.001
FirmA40, 0, 0, 0.008, 0.006, 0, 0, 0, 0, 0.005
FirmA41, 0, 0, 0.004, 0.002, 0, 0, 0, 0, 0.002
FirmA42, 0, 0, 0.004, 0.003, 0, 0, 0, 0, 0.002
FirmA43, 0, 0, 0.002, 0.002, 0, 0, 0, 0, 0.002
FirmA44, 0, 0, 0.026, 0.016, 0, 0, 0, 0, 0.006
FirmA45, 0, 0, 0.005, 0.004, 0, 0, 0, 0, 0.002
FirmA46, 0, 0, 0.005, 0.004, 0, 0, 0, 0, 0.004
FirmA47, 0, 0, 0.006, 0.004, 0, 0, 0, 0, 0.003
FirmA48, 0, 0, 0.004, 0.004, 0, 0, 0, 0, 0.003
FirmA49, 0, 0, 0.004, 0.004, 0, 0, 0, 0, 0.002
FirmA5, 0, 0, 0.005, 0.005, 0, 0, 0, 0, 0.005
FirmA50, 0, 0, 0.002, 0.002, 0, 0, 0, 0, 0.002
FirmA51, 0, 0, 0.003, 0.002, 0, 0, 0, 0, 0.002
FirmA52, 0, 0, 0.004, 0.003, 0, 0, 0, 0, 0.002
FirmA53, 0, 0, 0.002, 0.001, 0, 0, 0, 0, 0.001
FirmA54, 1, 0.002, 0.004, 0.12, 1, 0, 1, 0.79, 0.209
FirmA55, 0, 0, 0.004, 0.001, 0, 0, 0, 0, 0
FirmA56, 0, 0, 0.006, 0.007, 0, 0, 0, 0, 0.004
FirmA57, 0, 0, 0.005, 0.004, 0, 0, 0, 0, 0.004
FirmA58, 0, 0, 0.003, 0.003, 0, 0, 0, 0, 0.003
FirmA59, 0, 0, 0.005, 0.005, 0, 0, 0, 0, 0.004
FirmA6, 0, 0, 0.004, 0.002, 0, 0, 0, 0, 0.002
FirmA60, 0, 0, 0.007, 0.006, 0, 0, 0, 0, 0.004
FirmA61, 0, 0, 0.004, 0.002, 0, 0, 0, 0, 0.001
FirmA62, 0, 0, 0.004, 0.005, 0, 0, 0, 0, 0.002
FirmA63, 0, 0, 0.003, 0.002, 0, 0, 0, 0, 0.001
FirmA64, 0, 0, 0.003, 0.003, 0, 0, 0, 0, 0.002
FirmA65, 0, 0, 0.001, 0.001, 0, 0, 0, 0, 0.001
FirmA66, 0, 0, 0.006, 0.005, 0, 0, 0, 0, 0.003
FirmA67, 0, 0, 0.007, 0.008, 0, 0, 0, 0, 0.006
FirmA68, 0, 0, 0.003, 0.003, 0, 0, 0, 0, 0.003
FirmA69, 0, 0, 0.006, 0.006, 0, 0, 0, 0, 0.003
FirmA7, 0, 0, 0.005, 0.003, 0, 0, 0, 0, 0
FirmA70, 0, 0, 0.001, 0.001, 0, 0, 0, 0, 0.001
FirmA71, 0, 0, 0.007, 0.008, 0, 0, 0, 0, 0.007
FirmA72, 0, 0, 0.002, 0.002, 0, 0, 0, 0, 0.001
FirmA73, 0, 0, 0.005, 0.005, 0, 0, 0, 0, 0.004
FirmA74, 0, 0, 0.006, 0.004, 0, 0, 0, 0, 0.003
FirmA75, 0, 0, 0.007, 0.008, 0, 0, 0, 0, 0.003
FirmA76, 0, 0, 0.002, 0.002, 0, 0, 0, 0, 0.001
FirmA77, 0, 0, 0.002, 0.003, 0, 0, 0, 0, 0.001
FirmA78, 0, 0, 0.005, 0.004, 0, 0, 0, 0, 0.003
FirmA79, 0, 0, 0.007, 0.007, 0, 0, 0, 0, 0.006
FirmA8, 0, 0, 0.008, 0.007, 0, 0, 0, 0, 0.006
FirmA80, 0, 0, 0.001, 0.001, 0, 0, 0, 0, 0.001
FirmA81, 0, 0, 0.011, 0.004, 0, 0, 0, 0, 0.002
FirmA83, 0, 0, 0.006, 0.005, 0, 0, 0, 0, 0.004
FirmA84, 0, 0, 0.004, 0.004, 0, 0, 0, 0, 0.002
FirmA85, 0, 0, 0.012, 0.006, 0, 0, 0, 0, 0.002
FirmA86, 0, 0, 0.004, 0.003, 0, 0, 0, 0, 0.002
FirmA87, 0, 0, 0.003, 0.002, 0, 0, 0, 0, 0.002
FirmA88, 0, 0, 0.002, 0.001, 0, 0, 0, 0, 0.001
FirmA89, 0, 0, 0.003, 0.003, 0, 0, 0, 0, 0.003
FirmA9, 0, 0, 0.003, 0.001, 0, 0, 0, 0, 0.001
FirmA90, 0, 0, 0.005, 0.004, 0, 0, 0, 0, 0.002
FirmA91, 0, 0, 0.006, 0.003, 0, 0, 0, 0, 0.001
FirmA92, 0, 0, 0.796, 0.093, 0, 0, 0, 0, 0.003
FirmA93, 0, 0, 0.003, 0.003, 0, 0, 0, 0, 0.001
FirmA94, 0, 0, 0.009, 0.006, 0, 0, 0, 0, 0.005
FirmA95, 0, 0, 0.002, 0.004, 0, 0, 0, 0, 0.002
FirmA96, 0, 0, 0.008, 0.008, 0, 0, 0, 0, 0.003
FirmA97, 0, 0, 0.003, 0.002, 0, 0, 0, 0, 0.001
FirmA98, 0, 0, 0.004, 0.002, 0, 0, 0, 0, 0
FirmA99, 0, 0, 0.005, 0.005, 0, 0, 0, 0, 0.002
FirmB1, 1, 0, 0.007, 0.003, 1, 0, 1, 1, 0.002
FirmB10, 0, 0, 0.009, 0.006, 0, 0, 0, 0, 0.005
FirmB11, 0, 0, 0.007, 0.006, 0, 0, 0, 0, 0.002
FirmB12, 0, 0, 0.005, 0.004, 0, 0, 0, 0, 0.002
FirmB13, 0, 0, 0.003, 0.001, 0, 0, 0, 0, 0.001
FirmB14, 0, 0, 0.008, 0.008, 0, 0, 0, 0, 0.004
FirmB15, 0, 0, 0.003, 0.001, 0, 0, 0, 0, 0.001
FirmB16, 0, 0, 0.005, 0.005, 0, 0, 0, 0, 0.003
FirmB17, 0, 0, 0.005, 0.006, 0, 0, 0, 0, 0.003
FirmB2, 0, 0, 0.01, 0.009, 0, 0, 0, 0, 0.005
FirmB3, 0, 0, 0.007, 0.005, 0, 0, 0, 0, 0.003
FirmB4, 1, 0, 0.004, 0.008, 1, 0, 1, 0.997, 0.007
FirmB5, 0, 0, 0.003, 0.003, 0, 0, 0, 0, 0.002
FirmB6, 1, 0.002, 0.978, 0.153, 1, 0, 1, 0.276, 0.725
FirmB7, 1, 0, 0.282, 0.048, 1, 0, 1, 0.972, 0.031
FirmB8, 0, 0, 0.003, 0.003, 0, 0, 0, 0, 0.002
FirmB9, 0, 0, 0.006, 0.005, 0, 0, 0, 0, 0.002
FirmC1, 0, 0, 0.004, 0.004, 0, 0, 0, 0, 0.004
FirmC10, 0, 0, 0.002, 0.002, 0, 0, 0, 0, 0.001
FirmC12, 0, 0, 0.004, 0.005, 0, 0, 0, 0, 0.003
FirmC13, 0, 0, 0.005, 0.005, 0, 0, 0, 0, 0.003
FirmC14, 0, 0, 0.001, 0, 0, 0, 0, 0, 0
FirmC15, 0, 0, 0.003, 0.002, 0, 0, 0, 0, 0.002
FirmC16, 0, 0, 0.006, 0.006, 0, 0, 0, 0, 0.003
FirmC17, 0, 0, 0.006, 0.005, 0, 0, 0, 0, 0.004
FirmC18, 0, 0, 0.004, 0.003, 0, 0, 0, 0, 0.001
FirmC19, 0, 0, 0.008, 0.007, 0, 0, 0, 0, 0.003
FirmC3, 0, 0, 0.003, 0.003, 0, 0, 0, 0, 0.003
FirmC4, 0, 0, 0.004, 0.004, 0, 0, 0, 0, 0.004
FirmC5, 0, 0, 0.02, 0.015, 0, 0, 0, 0, 0.004
FirmC6, 0, 0, 0.006, 0.004, 0, 0, 0, 0, 0.003
FirmC7, 0, 0, 0.002, 0.001, 0, 0, 0, 0, 0.001
FirmC8, 0, 0, 0.001, 0.001, 0, 0, 0, 0, 0.001
FirmC9, 0, 0, 0.003, 0.003, 0, 0, 0, 0, 0.001
FirmD1, 0, 0, 1.043, 0.072, 0, 0, 0, 0, 0.005
FirmD2, 0, 0, 0.011, 0.007, 0, 0, 0, 0, 0
FirmD3, 0, 0, 0.015, 0.015, 0, 0, 0, 0, 0.004
FirmD4, 0, 0, 0.034, 0.017, 0, 0, 0, 0, 0.003
FirmE1, 1, 0.001, 0.293, 0.245, 1, 0, 1, 0.242, 0.757
FirmE2, 0, 0, 0.218, 0.071, 0, 0, 0, 0, 0.001
FirmE3, 0, 0, 1.104, 0.119, 0, 0, 0, 0, 0.005
FirmE4, 1, 0.013, 0.22, 1.116, 1, 0, 1, 0.876, 0.117
FirmE5, 2, 0.82, 0.065, 0.148, 1, 0, 2, 0.346, 0.146
FirmE6, 1, 0, 0.098, 0.027, 1, 0, 1, 0.994, 0.008
FirmE7, 1, 0, 0.013, 0.005, 1, 0, 1, 0.999, 0.002
FirmE8, 1, 0, 0.014, 0.011, 1, 0, 1, 0.999, 0.003
FirmF1, 0, 0, 0.025, 0.013, 0, 0, 0, 0, 0.002
FirmF2, 0, 0, 0.009, 0.006, 0, 0, 0, 0, 0.003
FirmF3, 0, 0, 0.008, 0.006, 0, 0, 0, 0, 0.002
FirmG1, 1, 0, 0.009, 0.01, 1, 0, 1, 0.998, 0.009
FirmG2, 1, 0, 0.015, 0.027, 1, 0, 1, 0.998, 0.004
FirmG3, 0, 0, 0.006, 0.006, 0, 0, 0, 0, 0.003
FirmG4, 0, 0, 0.02, 0.009, 0, 0, 0, 0, 0.001
FirmG5, 0, 0, 1.005, 0.007, 0, 0, 0, 0, 0.005
FirmG6, 0, 0, 0.003, 0.001, 0, 0, 0, 0, 0
Firms1, 1, 0, 0.37, 0.048, 1, 0, 1, 0.81, 0.195
Firms10, 1, 0, 0.815, 0.062, 1, 0, 1, 0.363, 0.64
Firms11, 2, 0.001, 0.18, 0.075, 1, 0, 2, 1.982, 0.021
Firms12, 0, 0, 0.044, 0.006, 0, 0, 0, 0, 0.003
Firms13, 0, 0, 1.02, 0.057, 0, 0, 0, 0, 0.002
Firms15, 1, 0, 0.006, 0.003, 1, 0, 1, 0.998, 0.004
Firms16, 0, 0, 0.006, 0.005, 0, 0, 0, 0, 0.002
Firms17, 2, 0.001, 0.171, 0.077, 1, 0, 2, 1.988, 0.012
Firms18, 0, 0, 0.001, 0.001, 0, 0, 0, 0, 0.001
Firms2, 0, 0, 0.004, 0.003, 0, 0, 0, 0, 0.003
Firms20, 1, 0, 0.004, 0.005, 1, 0, 1, 0.172, 0.83
Firms21, 0, 0, 0.006, 0.003, 0, 0, 0, 0, 0.001
Firms22, 1, 0, 1.007, 0.011, 1, 0, 1, 1, 0.004
Firms23, 0, 0, 0.001, 0.001, 0, 0, 0, 0, 0.001
Firms24, 2, 0.888, 0.189, 0.207, 1, 0, 2, 0.218, 0.241
Firms25, 0, 0, 0.001, 0, 0, 0, 0, 0, 0
Firms26, 1, 0, 0.879, 0.124, 1, 0, 1, 0.182, 0.819
Firms27, 2, 0, 0.008, 0.006, 1, 0, 2, 1.996, 0.005
Firms28, 0, 0, 0.007, 0.007, 0, 0, 0, 0, 0.006
Firms29, 0, 0, 0.177, 0.003, 0, 0, 0, 0, 0.003
Firms3, 0, 0, 1.563, 0.026, 0, 0, 0, 0, 0.003
Firms30, 0, 0, 0.004, 0.004, 0, 0, 0, 0, 0.004
Firms32, 0, 0, 0.004, 0.004, 0, 0, 0, 0, 0.003
Firms33, 0, 0, 0.005, 0.002, 0, 0, 0, 0, 0
Firms4, 1, 0, 0.312, 0.06, 1, 0, 1, 0.992, 0.015
Firms5, 2, 0, 0.048, 0.011, 1, 0, 2, 1.942, 0.06
Firms6, 1, 0.001, 0.95, 0.063, 1, 0, 1, 0.329, 0.673
Firms7, 1, 0.008, 1.031, 0.993, 1, 0, 1, 0.97, 0.023
Firms8, 1, 0.004, 0.212, 0.503, 1, 0, 1, 0.895, 0.103
Firms9, 0, 0, 0.002, 0.002, 0, 0, 0, 0, 0.002
Fuso2, 0, 0, 0.15, 0.058, 0, 0, 0, 0, 0.003
Gemm2, 0, 0, 0.005, 0.006, 0, 0, 0, 0, 0.005
Gemm3, 1, 0, 0.006, 0.004, 1, 0, 1, 0.185, 0.818
Gemm4, 0, 0, 0.003, 0.003, 0, 0, 0, 0, 0.003
Gemm5, 0, 0, 0.001, 0, 0, 0, 0, 0, 0
Gemm6, 0, 0, 0.193, 0.008, 0, 0, 0, 0, 0.005
Gemm7, 0, 0, 0.012, 0.003, 0, 0, 0, 0, 0.002
Gemm8, 0, 0, 0.007, 0.007, 0, 0, 0, 0, 0.004
Gemm9, 0, 0, 0.037, 0.003, 0, 0, 0, 0, 0.001
GemmA1, 0, 0, 0.047, 0.011, 0, 0, 0, 0, 0.004
Gold1, 0, 0, 0.006, 0.008, 0, 0, 0, 0, 0.005
Gold2, 0, 0, 0.004, 0.003, 0, 0, 0, 0, 0.003
Hydr1, 1, 0, 0.047, 0.032, 1, 0, 1, 1, 0.002
Hydr2, 1, 0, 0.046, 0.029, 1, 0, 1, 1, 0.001
J088X1, 1, 0.011, 0.057, 0.761, 1, 0, 1, 0.889, 0.104
KSB1X1, 0, 0, 0.003, 0.002, 0, 0, 0, 0, 0.002
KSB1X2, 0, 0, 0.007, 0.005, 0, 0, 0, 0, 0.003
KSB1X3, 0, 0, 0.008, 0.011, 0, 0, 0, 0, 0.007
KSB1X4, 0, 0, 0.008, 0.008, 0, 0, 0, 0, 0.004
Krum1, 0, 0, 0.142, 0.017, 0, 0, 0, 0, 0.003
Late1, 0, 0, 0.005, 0.005, 0, 0, 0, 0, 0.003
Late2, 0, 0, 0.009, 0.006, 0, 0, 0, 0, 0.003
Late3, 0, 0, 0.007, 0.006, 0, 0, 0, 0, 0.005
Lind1, 0, 0, 0.02, 0.013, 0, 0, 0, 0, 0.002
Lind2, 0, 0, 0.02, 0.013, 0, 0, 0, 0, 0.002
Lind4, 1, 0.003, 0.053, 0.317, 1, 0, 1, 0.077, 0.923
Marg1, 0, 0, 0.016, 0.015, 0, 0, 0, 0, 0.002
Marg2, 0, 0, 0.024, 0.021, 0, 0, 0, 0, 0.003
Marg6, 0, 0, 0.016, 0.008, 0, 0, 0, 0, 0.002
Marg7, 0, 0, 0.025, 0.016, 0, 0, 0, 0, 0.004
Mari1, 0, 0, 0.005, 0.005, 0, 0, 0, 0, 0.004
Mari2, 0, 0, 0.005, 0.003, 0, 0, 0, 0, 0.003
Mari3, 0, 0, 0.003, 0.003, 0, 0, 0, 0, 0.001
Mari5, 0, 0, 0.003, 0.001, 0, 0, 0, 0, 0.001
Mari6, 0, 0, 0.003, 0.003, 0, 0, 0, 0, 0.002
Meth1, 0, 0, 0.017, 0.016, 0, 0, 0, 0, 0.003
Meth2, 0, 0, 0.018, 0.005, 0, 0, 0, 0, 0.004
Meth3, 1, 0, 0.093, 0.005, 1, 0, 1, 0.98, 0.021
Meth4, 1, 0, 0.083, 0.045, 1, 0, 1, 0.991, 0.011
Meth5, 1, 0.001, 0.078, 0.022, 1, 0, 1, 0.959, 0.044
Muir1, 0, 0, 0.006, 0.008, 0, 0, 0, 0, 0.003
MyxA1, 1, 0, 0.037, 0.021, 1, 0, 1, 1, 0
MyxA2, 1, 0, 0.019, 0.016, 1, 0, 1, 1, 0.005
MyxA3, 1, 0, 0.015, 0.011, 1, 0, 1, 1, 0.001
MyxA4, 1, 0.002, 0.421, 0.132, 1, 0, 1, 0.699, 0.304
Myxo1, 0, 0, 0.002, 0.001, 0, 0, 0, 0, 0.001
Myxo10, 0, 0, 0.04, 0.025, 0, 0, 0, 0, 0.005
Myxo11, 0, 0, 0.004, 0.002, 0, 0, 0, 0, 0.002
Myxo13, 0, 0, 0.003, 0.003, 0, 0, 0, 0, 0.001
Myxo14, 0, 0, 0.004, 0.004, 0, 0, 0, 0, 0.003
Myxo15, 0, 0, 0.014, 0.012, 0, 0, 0, 0, 0.006
Myxo17, 1, 0.002, 0.006, 0.291, 1, 0, 1, 0.697, 0.302
Myxo18, 0, 0, 0.01, 0.006, 0, 0, 0, 0, 0.002
Myxo19, 0, 0, 0.706, 0.142, 0, 0, 0, 0, 0.004
Myxo2, 0, 0, 0.001, 0.001, 0, 0, 0, 0, 0
Myxo3, 0, 0, 0.043, 0.019, 0, 0, 0, 0, 0.004
Myxo5, 0, 0, 0.003, 0.003, 0, 0, 0, 0, 0.001
Myxo6, 0, 0, 0.003, 0.003, 0, 0, 0, 0, 0.002
Myxo7, 1, 0.002, 0.009, 0.023, 1, 0, 1, 0.431, 0.573
Myxo8, 0, 0, 0.438, 0.01, 0, 0, 0, 0, 0.004
Myxo9, 0, 0, 0.014, 0.009, 0, 0, 0, 0, 0.004
NPL1, 0, 0, 0.026, 0.024, 0, 0, 0, 0, 0.004
Nitr1, 1, 0.003, 0.134, 0.428, 1, 0, 1, 0.879, 0.121
Nitr10, 0, 0, 0.006, 0.006, 0, 0, 0, 0, 0.004
Nitr11, 0, 0, 0.001, 0.001, 0, 0, 0, 0, 0
Nitr12, 0, 0, 0.003, 0.002, 0, 0, 0, 0, 0.001
Nitr13, 0, 0, 0.008, 0.004, 0, 0, 0, 0, 0.001
Nitr14, 0, 0, 0.005, 0.005, 0, 0, 0, 0, 0.003
Nitr15, 1, 0.002, 0.014, 0.144, 1, 0, 1, 0.715, 0.286
Nitr16, 0, 0, 0.003, 0.003, 0, 0, 0, 0, 0.002
Nitr17, 0, 0, 0.005, 0.004, 0, 0, 0, 0, 0.001
Nitr2, 0, 0, 0.024, 0.012, 0, 0, 0, 0, 0.004
Nitr3, 0, 0, 0.01, 0.007, 0, 0, 0, 0, 0.002
Nitr4, 0, 0, 0.033, 0.015, 0, 0, 0, 0, 0.002
Nitr5, 0, 0, 0.006, 0.003, 0, 0, 0, 0, 0.002
Nitr6, 0, 0, 0.007, 0.006, 0, 0, 0, 0, 0.005
Nitr7, 0, 0, 0.024, 0.017, 0, 0, 0, 0, 0.005
Nitr8, 1, 0, 0.688, 0.219, 1, 0, 1, 0.262, 0.742
Nitr9, 0, 0, 0.023, 0.019, 0, 0, 0, 0, 0.004
Nits1, 0, 0, 0.008, 0.006, 0, 0, 0, 0, 0.003
Nits2, 1, 0, 0.014, 0.036, 1, 0, 1, 0.269, 0.733
Nits3, 0, 0, 0.008, 0.005, 0, 0, 0, 0, 0.003
Nits4, 0, 0, 0.282, 0.02, 0, 0, 0, 0, 0.001
NitsA1, 0, 0, 0.716, 0.171, 0, 0, 0, 0, 0.003
NitsA2, 1, 0.006, 0.023, 0.372, 1, 0, 1, 0.696, 0.304
NitsA3, 0, 0, 0.013, 0.007, 0, 0, 0, 0, 0.003
Node_AABM5X1_AABM5X2_0, 0.001, 0, 0.001, 0.001, 0.001, 0, 0.001, 0, 0.002
Node_AABM5X1_AABM5X3_0, 0, 0, 0.023, 0.01, 0, 0, 0, 0, 0.003
Node_Acid11_Acid16_0, 0.056, 0, 0.024, 0.018, 0.056, 0, 0.056, 0.021, 0.036
Node_Acid11_Acid31_0, 0.219, 0.002, 0.007, 0.035, 0.219, 0, 0.219, 0.051, 0.168
Node_Acid12_Acid13_0, 0.001, 0, 0.006, 0.004, 0.001, 0, 0.001, 0, 0.004
Node_Acid1_Acid17_0, 0.004, 0, 0.03, 0.017, 0.004, 0, 0.004, 0.004, 0.003
Node_Acid1_Acid3_0, 0.031, 0, 0.345, 0.056, 0.031, 0, 0.031, 0.031, 0.003
Node_Acid23_Acid12_0, 0.003, 0, 0.003, 0.001, 0.003, 0, 0.003, 0.002, 0.002
Node_Acid29_Acid27_0, 0.006, 0, 0.037, 0.026, 0.006, 0, 0.006, 0.005, 0.008
Node_Acid2_Acid11_0, 0.044, 0, 0.16, 0.028, 0.042, 0, 0.044, 0.025, 0.021
Node_Acid2_Acid18_0, 0.201, 0, 0.031, 0.018, 0.197, 0, 0.201, 0.014, 0.188
Node_Acid32_Acid25_0, 0.002, 0, 0.01, 0.007, 0.002, 0, 0.002, 0.002, 0.001
Node_Acid32_Acid26_0, 0.003, 0, 0.005, 0.005, 0.003, 0, 0.003, 0.001, 0.006
Node_Acid34_Acid22_0, 0.836, 0.003, 0.033, 0.106, 0.811, 0, 0.836, 0.766, 0.07
Node_Acid34_Acid24_0, 0.141, 0, 0.76, 0.123, 0.137, 0, 0.141, 0.078, 0.065
Node_Acid34_Acid29_0, 0.035, 0, 0.342, 0.066, 0.034, 0, 0.035, 0.034, 0.004
Node_Acid34_Acid33_0, 0.373, 0.001, 0.035, 0.088, 0.366, 0, 0.373, 0.107, 0.266
Node_Acid37_Acid21_0, 0.003, 0, 0.014, 0.008, 0.003, 0, 0.003, 0.001, 0.006
Node_Acid37_Acid30_0, 0.002, 0, 0.009, 0.009, 0.002, 0, 0.002, 0.001, 0.008
Node_Acid37_Acid32_0, 0.011, 0, 0.02, 0.011, 0.011, 0, 0.011, 0.009, 0.004
Node_Acid38_Acid10_0, 0.806, 0.002, 0.047, 0.07, 0.804, 0, 0.806, 0.75, 0.055
Node_Acid38_Acid1_0, 0.373, 0.004, 0.011, 0.052, 0.367, 0, 0.373, 0.221, 0.15
Node_Acid38_Acid2_0, 0.183, 0, 0.03, 0.042, 0.177, 0, 0.183, 0.161, 0.023
Node_Acid38_Acid34_0, 0.796, 0.007, 0.008, 0.186, 0.783, 0, 0.796, 0.368, 0.424
Node_Acid38_Acid36_0, 0, 0, 0.002, 0.003, 0, 0, 0, 0, 0.002
Node_Acid38_Acid40_0, 0, 0, 0.016, 0.013, 0, 0, 0, 0, 0.006
Node_Acid38_Acid4_0, 0.04, 0, 0.768, 0.075, 0.04, 0, 0.04, 0.039, 0.002
Node_Acid38_Acid5_0, 0.23, 0, 0.02, 0.037, 0.228, 0, 0.23, 0.165, 0.067
Node_Acid38_Acid7_0, 0.01, 0, 0.039, 0.019, 0.01, 0, 0.01, 0.005, 0.009
Node_Acid38_Acid8_0, 0.19, 0.001, 0.084, 0.067, 0.184, 0, 0.19, 0.183, 0.006
Node_Acid38_B130X1_0, 0.267, 0.001, 1.153, 0.244, 0.248, 0, 0.267, 0.266, 0.001
Node_Acid39_Acid35_0, 0.001, 0, 0.005, 0.005, 0.001, 0, 0.001, 0.001, 0.005
Node_Acid3_Acid14_0, 0.001, 0, 0.008, 0.004, 0.001, 0, 0.001, 0, 0.001
Node_Acid3_Acid6_0, 0.008, 0, 0.026, 0.014, 0.008, 0, 0.008, 0.007, 0.003
Node_Acid40_Acid20_0, 0.002, 0, 0.003, 0.003, 0.002, 0, 0.002, 0, 0.005
Node_Acid5_Acid23_0, 0.004, 0, 0.025, 0.011, 0.004, 0, 0.004, 0.003, 0.002
Node_Acid5_Acid37_0, 0.027, 0, 0.209, 0.025, 0.027, 0, 0.027, 0.024, 0.006
Node_Acid6_Acid28_0, 0.001, 0, 0.009, 0.007, 0.001, 0, 0.001, 0.001, 0.002
Node_Acid8_Acid9_0, 0.011, 0, 0.18, 0.028, 0.011, 0, 0.011, 0.01, 0.001
Node_Acid9_Acid39_0, 0.001, 0, 0.011, 0.008, 0.001, 0, 0.001, 0.001, 0.001
Node_Acti10_Acti11_0, 0.473, 0, 0.013, 0.08, 0.471, 0, 0.473, 0.45, 0.026
Node_Acti10_Acti25_0, 0.028, 0, 0.449, 0.085, 0.028, 0, 0.028, 0.027, 0.004
Node_Acti10_Acti26_0, 0.46, 0, 0.049, 0.08, 0.454, 0, 0.46, 0.453, 0.009
Node_Acti10_Acti31_0, 0.006, 0, 0.024, 0.011, 0.006, 0, 0.006, 0.004, 0.002
Node_Acti10_Acti3_0, 0.004, 0, 0.004, 0.004, 0.004, 0, 0.004, 0.001, 0.005
Node_Acti10_Acti7_0, 0.003, 0, 0.01, 0.006, 0.003, 0, 0.003, 0, 0.007
Node_Acti11_Acti22_0, 0.575, 0.002, 0.005, 0.105, 0.573, 0, 0.575, 0.47, 0.105
Node_Acti12_Acti21_0, 0.003, 0, 0.004, 0.005, 0.003, 0, 0.003, 0, 0.006
Node_Acti12_Acti48_0, 0.001, 0, 0.005, 0.002, 0.001, 0, 0.001, 0, 0.003
Node_Acti14_Acti33_0, 0.009, 0, 0.019, 0.008, 0.009, 0, 0.009, 0.006, 0.004
Node_Acti14_Acti34_0, 0.002, 0, 0.01, 0.008, 0.002, 0, 0.002, 0.002, 0.003
Node_Acti14_Acti6_0, 0.003, 0, 0.006, 0.005, 0.003, 0, 0.003, 0.001, 0.007
Node_Acti18_Acti16_0, 1.017, 0.007, 0.135, 0.136, 1, 0, 1.017, 0.638, 0.374
Node_Acti18_Acti4_0, 0.771, 0.003, 0.012, 0.073, 0.684, 0, 0.771, 0.549, 0.22
Node_Acti19_Acti13_0, 0.193, 0.001, 0.093, 0.046, 0.191, 0, 0.193, 0.067, 0.13
Node_Acti19_Acti23_0, 0.015, 0, 0.182, 0.058, 0.015, 0, 0.015, 0.014, 0.004
Node_Acti19_Acti42_0, 0.882, 0.002, 0.032, 0.056, 0.861, 0, 0.882, 0.842, 0.037
Node_Acti19_Acti49_0, 0.155, 0, 0.057, 0.036, 0.148, 0, 0.155, 0.065, 0.092
Node_Acti19_Acti8_0, 0.12, 0, 0.782, 0.089, 0.116, 0, 0.12, 0.101, 0.02
Node_Acti33_Acti35_0, 0.001, 0, 0.012, 0.008, 0.001, 0, 0.001, 0.001, 0.004
Node_Acti43_Acti36_0, 0.001, 0, 0.009, 0.006, 0.001, 0, 0.001, 0.001, 0.003
Node_Acti46_Acti41_0, 0, 0, 0.004, 0.002, 0, 0, 0, 0, 0.001
Node_Acti47_Acti45_0, 0, 0, 0.007, 0.005, 0, 0, 0, 0, 0.005
Node_Acti49_Acti15_0, 0.01, 0, 0.247, 0.02, 0.01, 0, 0.01, 0.009, 0.001
Node_Acti49_Acti32_0, 0.002, 0, 0.006, 0.006, 0.002, 0, 0.002, 0.002, 0.002
Node_Acti49_Acti38_0, 0.006, 0, 0.011, 0.008, 0.006, 0, 0.006, 0.003, 0.007
Node_Acti49_Acti40_0, 0.256, 0, 0.075, 0.04, 0.251, 0, 0.256, 0.083, 0.176
Node_Acti50_Acti10_0, 0.5, 0.002, 0.036, 0.076, 0.476, 0, 0.5, 0.123, 0.375
Node_Acti50_Acti14_0, 0.024, 0, 0.541, 0.033, 0.024, 0, 0.024, 0.023, 0.005
Node_Acti50_Acti18_0, 0.56, 0, 0.025, 0.036, 0.529, 0, 0.56, 0.475, 0.085
Node_Acti50_Acti19_0, 0.875, 0, 0.021, 0.068, 0.843, 0, 0.875, 0.848, 0.029
Node_Acti50_Acti20_0, 0.88, 0, 0.838, 0.132, 0.848, 0, 0.88, 0.877, 0.005
Node_Acti50_Acti28_0, 0.002, 0, 0.003, 0.004, 0.002, 0, 0.002, 0.002, 0.003
Node_Acti50_Acti39_0, 0.159, 0, 0.789, 0.09, 0.147, 0, 0.159, 0.089, 0.073
Node_Acti50_Acti43_0, 0.007, 0, 0.02, 0.009, 0.007, 0, 0.007, 0.006, 0.003
Node_Acti50_Acti46_0, 0.003, 0, 0.008, 0.008, 0.003, 0, 0.003, 0.001, 0.004
Node_Acti50_Acti47_0, 0.002, 0, 0.005, 0.005, 0.002, 0, 0.002, 0, 0.005
Node_Acti50_Acti51_0, 0.867, 0.003, 0.028, 0.082, 0.839, 0, 0.867, 0.85, 0.012
Node_Acti50_Acti52_0, 0.002, 0, 0.003, 0.003, 0.002, 0, 0.002, 0.001, 0.002
Node_Acti50_FirmF1_0, 1.713, 0.014, 0.127, 0.412, 0.988, 0, 1.713, 1.679, 0.014
Node_Acti51_Acti27_0, 0.014, 0, 0.057, 0.031, 0.014, 0, 0.014, 0.013, 0.003
Node_Acti51_Acti9_0, 0.068, 0.001, 0.802, 0.09, 0.068, 0, 0.068, 0.067, 0.002
Node_Acti52_Acti12_0, 0.003, 0, 0.006, 0.006, 0.003, 0, 0.003, 0, 0.008
Node_Acti52_Acti37_0, 0.001, 0, 0.004, 0.004, 0.001, 0, 0.001, 0, 0.003
Node_Acti52_Acti44_0, 0.002, 0, 0.005, 0.005, 0.002, 0, 0.002, 0, 0.004
Node_Acti8_Acti24_0, 0.004, 0, 0.013, 0.007, 0.004, 0, 0.004, 0.002, 0.007
Node_Acti8_Acti2_0, 0.025, 0, 0.098, 0.044, 0.025, 0, 0.025, 0.024, 0.003
Node_Acti8_Acti5_0, 0.01, 0, 0.018, 0.009, 0.01, 0, 0.01, 0.008, 0.003
Node_Acti9_Acti29_0, 0.005, 0, 0.018, 0.011, 0.005, 0, 0.005, 0.004, 0.003
Node_Acti9_Acti30_0, 0.02, 0, 0.053, 0.035, 0.02, 0, 0.02, 0.018, 0.005
Node_Aero1_NPL1_0, 0.022, 0, 0.083, 0.056, 0.022, 0, 0.022, 0.021, 0.002
Node_Aero1_UBA6X1_0, 0.348, 0.004, 1.394, 0.404, 0.318, 0, 0.348, 0.343, 0.001
Node_Aero1_UBA9X1_0, 0.103, 0.001, 0.247, 0.129, 0.102, 0, 0.103, 0.102, 0.001
Node_Aqui2_Aqui1_0, 1.007, 0.002, 0.006, 0.013, 1, 0, 1.007, 0.973, 0.033
Node_Aqui2_Aqui3_0, 0.98, 0.002, 0.009, 0.162, 0.962, 0, 0.98, 0.888, 0.088
Node_Aqui2_Aqui5_0, 0.978, 0.001, 0.067, 0.016, 0.973, 0, 0.978, 0.96, 0.019
Node_Aqui2_Aqui6_0, 1.025, 0.001, 0.013, 0.03, 0.961, 0, 1.025, 0.97, 0.057
Node_Aqui2_Camp1_0, 0.887, 0.002, 0.072, 0.153, 0.863, 0, 0.887, 0.875, 0.009
Node_Aqui2_Thers1_0, 0.899, 0.004, 0.025, 0.126, 0.885, 0, 0.899, 0.862, 0.033
Node_Aqui6_Aqui4_0, 0.267, 0.001, 0.966, 0.089, 0.267, 0, 0.267, 0.062, 0.207
Node_Arma12_Arma11_0, 1.569, 0.007, 0.03, 0.093, 0.973, 0, 1.569, 1.189, 0.374
Node_Arma12_Arma7_0, 2.019, 0.005, 0.339, 0.202, 1, 0, 2.019, 1.23, 0.784
Node_Arma15_Arma13_0, 0.087, 0, 0.249, 0.199, 0.087, 0, 0.087, 0.087, 0.002
Node_Arma4_Acti50_0, 1.812, 0.055, 0.145, 0.287, 0.993, 0, 1.812, 1.638, 0.071
Node_Arma4_Arma12_0, 1.218, 0.011, 0.186, 0.2, 0.968, 0, 1.218, 0.888, 0.313
Node_Arma4_Arma14_0, 0.995, 0.001, 0.242, 0.093, 0.965, 0, 0.995, 0.983, 0.018
Node_Arma4_Arma6_0, 1.08, 0.024, 0.02, 0.122, 0.824, 0, 1.08, 0.75, 0.3
Node_Arma4_CSP1X1_0, 1.113, 0.03, 0.949, 0.641, 0.779, 0, 1.113, 0.509, 0.576
Node_Arma4_Erem6_0, 1.027, 0.005, 0.129, 0.119, 0.764, 0, 1.027, 0.983, 0.038
Node_Arma4_Pate48_0, 1.456, 0.014, 0.371, 0.464, 0.891, 0, 1.456, 1.43, 0.001
Node_Arma4_UBP13X1_0, 0.776, 0.01, 0.337, 0.106, 0.67, 0, 0.776, 0.691, 0.076
Node_Arma6_Arma15_0, 0.334, 0.002, 0.623, 0.549, 0.332, 0, 0.334, 0.332, 0.002
Node_Arma6_Arma16_0, 0.981, 0.004, 0.309, 0.083, 0.942, 0, 0.981, 0.266, 0.715
Node_Arma6_Arma3_0, 0.571, 0.001, 0.837, 0.155, 0.475, 0, 0.571, 0.247, 0.327
Node_Arma6_Arma9_0, 0.953, 0.007, 0.055, 0.146, 0.939, 0, 0.953, 0.924, 0.02
Node_Aure2_Aure1_0, 0.01, 0, 0.09, 0.063, 0.01, 0, 0.01, 0.01, 0
Node_Bact1_Bact11_0, 0.002, 0, 0.005, 0.006, 0.002, 0, 0.002, 0.002, 0.005
Node_Bact1_Bact17_0, 0.002, 0.001, 0.004, 0.004, 0.002, 0, 0.002, 0, 0.004
Node_Bact20_Bact1_0, 0.001, 0, 0.004, 0.005, 0.001, 0, 0.001, 0, 0.005
Node_Bact20_Bact30_0, 0.002, 0, 0.001, 0.001, 0.002, 0, 0.002, 0.001, 0.002
Node_Bact21_Bact29_0, 0, 0, 0.005, 0.003, 0, 0, 0, 0, 0.002
Node_Bact21_Bact36_0, 0.003, 0, 0, 0, 0.003, 0, 0.003, 0.002, 0.001
Node_Bact21_Bact44_0, 0.002, 0, 0.004, 0.005, 0.002, 0, 0.002, 0.001, 0.003
Node_Bact22_Bact31_0, 0.001, 0, 0.005, 0.004, 0.001, 0, 0.001, 0, 0.004
Node_Bact22_Bact5_0, 0.002, 0, 0.004, 0.004, 0.002, 0, 0.002, 0, 0.005
Node_Bact23_Bact28_0, 0.001, 0, 0.005, 0.005, 0.001, 0, 0.001, 0, 0.004
Node_Bact23_Bact34_0, 0.002, 0, 0.001, 0.001, 0.002, 0, 0.002, 0, 0.003
Node_Bact23_Bact4_0, 0, 0, 0.003, 0.002, 0, 0, 0, 0, 0.002
Node_Bact24_Bact23_0, 0.001, 0, 0.006, 0.003, 0.001, 0, 0.001, 0, 0.004
Node_Bact24_Bact25_0, 0.002, 0, 0.005, 0.005, 0.002, 0, 0.002, 0.001, 0.006
Node_Bact24_Bact3_0, 0.003, 0, 0.003, 0.004, 0.003, 0, 0.003, 0.003, 0
Node_Bact24_Bact7_0, 0.006, 0, 0.001, 0.004, 0.006, 0, 0.006, 0.003, 0.004
Node_Bact25_Bact20_0, 0, 0, 0.002, 0.002, 0, 0, 0, 0, 0.002
Node_Bact25_Bact2_0, 0, 0, 0.003, 0.001, 0, 0, 0, 0, 0.001
Node_Bact27_Bact19_0, 0.001, 0, 0.004, 0.001, 0.001, 0, 0.001, 0, 0.002
Node_Bact27_Bact21_0, 0.003, 0, 0.004, 0.003, 0.003, 0, 0.003, 0.001, 0.004
Node_Bact27_Bact22_0, 0.001, 0, 0.006, 0.004, 0.001, 0, 0.001, 0, 0.004
Node_Bact27_Bact24_0, 0.003, 0.001, 0.002, 0.002, 0.003, 0, 0.003, 0.001, 0.002
Node_Bact27_Bact35_0, 0.001, 0, 0.007, 0.008, 0.001, 0, 0.001, 0, 0.007
Node_Bact27_Bact37_0, 0.003, 0, 0.002, 0.004, 0.003, 0, 0.003, 0, 0.004
Node_Bact27_Bact40_0, 0, 0, 0.001, 0.001, 0, 0, 0, 0, 0
Node_Bact27_Mari3_0, 0.002, 0, 0.005, 0.001, 0.002, 0, 0.002, 0.001, 0.001
Node_Bact29_Bact9_0, 0, 0, 0.004, 0.004, 0, 0, 0, 0, 0.004
Node_Bact30_Bact32_0, 0.001, 0, 0.005, 0.004, 0.001, 0, 0.001, 0, 0.004
Node_Bact31_Bact38_0, 0, 0, 0.002, 0.002, 0, 0, 0, 0, 0.001
Node_Bact33_Bact10_0, 0.002, 0, 0.011, 0.011, 0.002, 0, 0.002, 0, 0.009
Node_Bact33_Bact39_0, 0.001, 0, 0.004, 0.004, 0.001, 0, 0.001, 0.001, 0.003
Node_Bact33_Bact6_0, 0.004, 0, 0.001, 0.002, 0.004, 0, 0.004, 0.002, 0.003
Node_Bact36_Bact43_0, 0.002, 0, 0.002, 0.001, 0.002, 0, 0.002, 0.001, 0.001
Node_Bact37_Bact33_0, 0.002, 0, 0.003, 0.003, 0.002, 0, 0.002, 0.001, 0.002
Node_Bact37_Bact42_0, 0, 0, 0.006, 0.004, 0, 0, 0, 0, 0.004
Node_Bact3_Bact12_0, 0, 0, 0.003, 0.003, 0, 0, 0, 0, 0
Node_Bact3_Bact13_0, 0.004, 0, 0.004, 0.006, 0.004, 0, 0.004, 0.002, 0.003
Node_Bact3_Bact14_0, 0.005, 0, 0.004, 0.004, 0.005, 0, 0.005, 0.002, 0.005
Node_Bact3_Bact18_0, 0.005, 0, 0, 0.002, 0.005, 0, 0.005, 0, 0.005
Node_Bact40_Bact41_0, 0.002, 0, 0.002, 0.002, 0.002, 0, 0.002, 0, 0.004
Node_Bact5_Bact16_0, 0.002, 0, 0.005, 0.007, 0.002, 0, 0.002, 0, 0.005
Node_Bact7_Bact8_0, 0.002, 0, 0.006, 0.001, 0.002, 0, 0.002, 0.001, 0.002
Node_Bdell12_Bdell3_0, 0.005, 0, 0.014, 0.013, 0.005, 0, 0.005, 0.003, 0.007
Node_Bdell13_Bdell12_0, 0.012, 0, 0.297, 0.018, 0.012, 0, 0.012, 0.011, 0.003
Node_Bdell14_Bdell11_0, 0, 0, 0.004, 0.001, 0, 0, 0, 0, 0.001
Node_Bdell14_Bdell4_0, 0, 0, 0.003, 0.003, 0, 0, 0, 0, 0.003
Node_Bdell15_Bdell14_0, 0.003, 0, 0.007, 0.004, 0.003, 0, 0.003, 0.001, 0.003
Node_Bdell15_Bdell7_0, 0.007, 0, 0.006, 0.007, 0.007, 0, 0.007, 0.003, 0.01
Node_Bdell15_Bdell9_0, 0.001, 0, 0.008, 0.006, 0.001, 0, 0.001, 0.001, 0.002
Node_Bdell17_Bdell15_0, 0.007, 0, 0.013, 0.007, 0.006, 0, 0.007, 0.007, 0.001
Node_Bdell17_Bdell16_0, 0.004, 0, 0.006, 0.004, 0.004, 0, 0.004, 0.003, 0.003
Node_Bdell2_Bdell10_0, 0.002, 0, 0.008, 0.006, 0.002, 0, 0.002, 0.002, 0.002
Node_Bdell6_Bdell17_0, 0.019, 0.001, 0.079, 0.02, 0.018, 0, 0.019, 0.014, 0.005
Node_Bdell6_Bdell2_0, 0.008, 0, 0.014, 0.011, 0.008, 0, 0.008, 0.006, 0.003
Node_Bdell6_UBA1X6_0, 0.092, 0.001, 0.245, 0.061, 0.087, 0, 0.092, 0.077, 0.015
Node_Bdell7_Bdell5_0, 0.002, 0, 0.008, 0.005, 0.002, 0, 0.002, 0, 0.003
Node_BdellC1_BdellC2_0, 0.018, 0, 0.119, 0.019, 0.018, 0, 0.018, 0.017, 0.003
Node_Bipo1_Bipo2_0, 0.046, 0.001, 0.239, 0.147, 0.046, 0, 0.046, 0.044, 0.002
Node_Bipo1_Therg8_0, 0.282, 0.004, 0.614, 0.395, 0.275, 0, 0.282, 0.277, 0.001
Node_CG294X1_CG267X1_0, 0.064, 0, 0.63, 0.15, 0.063, 0, 0.064, 0.063, 0.002
Node_Calda2_Calda1_0, 0.052, 0, 0.214, 0.132, 0.052, 0, 0.052, 0.051, 0.004
Node_Caldit2_Caldit1_0, 1.005, 0.003, 0.004, 0.013, 1, 0, 1.005, 0.204, 0.801
Node_Caldit2_Caldit3_0, 0.205, 0, 0.004, 0.004, 0.204, 0, 0.205, 0.055, 0.153
Node_Camp14_Camp15_0, 0.001, 0, 0.005, 0.001, 0.001, 0, 0.001, 0, 0.001
Node_Camp1_Camp2_0, 0.012, 0, 0.012, 0.01, 0.012, 0, 0.012, 0.008, 0.005
Node_Camp1_Camp3_0, 0.005, 0, 0.011, 0.006, 0.005, 0, 0.005, 0.002, 0.004
Node_Camp1_Camp9_0, 0.019, 0, 0.056, 0.042, 0.019, 0, 0.019, 0.018, 0.001
Node_Camp1_UBP6X1_0, 0.074, 0, 0.816, 0.12, 0.074, 0, 0.074, 0.073, 0.003
Node_Camp2_Camp11_0, 0.005, 0, 0.013, 0.011, 0.005, 0, 0.005, 0.003, 0.006
Node_Camp2_Camp13_0, 0.008, 0, 0.104, 0.027, 0.008, 0, 0.008, 0.007, 0.004
Node_Camp2_Camp4_0, 0.108, 0.001, 0.007, 0.026, 0.107, 0, 0.108, 0.038, 0.071
Node_Camp2_Camp5_0, 0.017, 0, 0.005, 0.006, 0.017, 0, 0.017, 0.004, 0.017
Node_Camp2_Camp7_0, 0.043, 0, 0.008, 0.01, 0.043, 0, 0.043, 0.014, 0.034
Node_Camp4_Camp16_0, 0.317, 0.002, 0.005, 0.073, 0.315, 0, 0.317, 0.106, 0.212
Node_Camp5_Camp10_0, 0.002, 0, 0.005, 0.006, 0.002, 0, 0.002, 0, 0.004
Node_Camp5_Camp12_0, 0.003, 0, 0.016, 0.006, 0.003, 0, 0.003, 0.002, 0.002
Node_Camp7_Camp14_0, 0.005, 0, 0.041, 0.011, 0.005, 0, 0.005, 0.003, 0.003
Node_Camp9_Camp6_0, 0.002, 0, 0.02, 0.009, 0.002, 0, 0.002, 0.002, 0.003
Node_Chlo12_Chlo24_0, 0.002, 0, 0.129, 0.016, 0.002, 0, 0.002, 0.002, 0.001
Node_Chlo26_Chlo11_0, 0.004, 0, 0.017, 0.013, 0.004, 0, 0.004, 0.001, 0.006
Node_Chlo26_Chlo9_0, 0.015, 0, 0.112, 0.037, 0.015, 0, 0.015, 0.015, 0.002
Node_Chlo30_Chlo20_0, 0.006, 0, 0.005, 0.005, 0.006, 0, 0.006, 0.005, 0.006
Node_Chlo30_Chlo23_0, 0.005, 0, 0.046, 0.015, 0.005, 0, 0.005, 0.004, 0.003
Node_Chlo30_Chlo36_0, 0.048, 0, 0.096, 0.027, 0.048, 0, 0.048, 0.045, 0.004
Node_Chlo30_Chlo37_0, 0.003, 0, 0.004, 0.003, 0.003, 0, 0.003, 0.002, 0.001
Node_Chlo30_Chlo38_0, 0.398, 0.001, 0.603, 0.131, 0.354, 0, 0.398, 0.38, 0.016
Node_Chlo30_Chlo41_0, 0.386, 0, 0.081, 0.033, 0.361, 0, 0.386, 0.317, 0.069
Node_Chlo30_Chlo43_0, 0.496, 0.001, 0.078, 0.032, 0.476, 0, 0.496, 0.307, 0.187
Node_Chlo30_Chlo6_0, 0.14, 0.001, 0.37, 0.069, 0.139, 0, 0.14, 0.126, 0.013
Node_Chlo30_Dorm2_0, 0.984, 0.005, 0.12, 0.381, 0.769, 0, 0.984, 0.953, 0.024
Node_Chlo31_Chlo25_0, 0.006, 0, 0.025, 0.017, 0.006, 0, 0.006, 0.004, 0.003
Node_Chlo35_Chlo21_0, 0.02, 0, 0.236, 0.031, 0.02, 0, 0.02, 0.018, 0.002
Node_Chlo36_Chlo13_0, 0.628, 0, 0.009, 0.012, 0.628, 0, 0.628, 0.615, 0.014
Node_Chlo36_Chlo14_0, 0.696, 0.01, 0.009, 0.095, 0.684, 0, 0.696, 0.189, 0.499
Node_Chlo36_Chlo28_0, 0.196, 0, 0.001, 0.02, 0.195, 0, 0.196, 0.07, 0.127
Node_Chlo36_Chlo33_0, 0.07, 0, 0.008, 0.012, 0.07, 0, 0.07, 0.04, 0.032
Node_Chlo36_Chlo40_0, 0.706, 0.001, 0.007, 0.024, 0.705, 0, 0.706, 0.624, 0.084
Node_Chlo36_Chlo5_0, 0.623, 0, 0.084, 0.024, 0.62, 0, 0.623, 0.613, 0.011
Node_Chlo36_Chlo8_0, 0.046, 0, 0.021, 0.013, 0.046, 0, 0.046, 0.032, 0.019
Node_Chlo38_Chlo19_0, 0.006, 0, 0.027, 0.012, 0.006, 0, 0.006, 0.005, 0.005
Node_Chlo38_Chlo31_0, 0.028, 0, 0.372, 0.057, 0.028, 0, 0.028, 0.028, 0.002
Node_Chlo41_Chlo29_0, 0.008, 0, 0.098, 0.026, 0.008, 0, 0.008, 0.006, 0.004
Node_Chlo41_Chlo32_0, 0.002, 0, 0.009, 0.01, 0.002, 0, 0.002, 0.001, 0.003
Node_Chlo41_Chlo39_0, 0.002, 0, 0.004, 0.007, 0.002, 0, 0.002, 0.001, 0.004
Node_Chlo41_Chlo44_0, 0.002, 0, 0.004, 0.003, 0.002, 0, 0.002, 0, 0.004
Node_Chlo41_Chlo4_0, 0.102, 0, 0.302, 0.026, 0.102, 0, 0.102, 0.086, 0.018
Node_Chlo41_Chlo7_0, 0.002, 0, 0.004, 0.004, 0.002, 0, 0.002, 0, 0.004
Node_Chlo42_Chlo34_0, 0.004, 0, 0.005, 0.003, 0.004, 0, 0.004, 0.002, 0.003
Node_Chlo43_Chlo42_0, 0.006, 0, 0.689, 0.016, 0.006, 0, 0.006, 0.003, 0.004
Node_Chlo43_Chlo45_0, 0.881, 0.004, 0.023, 0.007, 0.87, 0, 0.881, 0.471, 0.404
Node_Chlo43_Chlo47_0, 0.691, 0, 0.191, 0.028, 0.69, 0, 0.691, 0.691, 0.001
Node_Chlo44_Chlo17_0, 0.003, 0, 0.004, 0.005, 0.003, 0, 0.003, 0.002, 0.003
Node_Chlo44_Chlo22_0, 0.004, 0, 0.002, 0.005, 0.004, 0, 0.004, 0.002, 0.004
Node_Chlo45_Chlo27_0, 1.002, 0.002, 0.015, 0.04, 0.997, 0, 1.002, 0.868, 0.134
Node_Chlo45_Chlo46_0, 1.001, 0.006, 0.012, 0.309, 0.996, 0, 1.001, 0.99, 0.005
Node_Chlo47_Chlo48_0, 0.691, 0, 0.014, 0.007, 0.689, 0, 0.691, 0.68, 0.014
Node_Chlo48_Chlo10_0, 0.748, 0, 0.008, 0.01, 0.747, 0, 0.748, 0.686, 0.065
Node_Chlo4_Chlo12_0, 0.13, 0.001, 0.009, 0.03, 0.128, 0, 0.13, 0.095, 0.036
Node_Chlo4_Chlo35_0, 0.254, 0.001, 0.007, 0.04, 0.253, 0, 0.254, 0.126, 0.13
Node_Chlo5_Chlo16_0, 0.009, 0, 0.618, 0.009, 0.009, 0, 0.009, 0.007, 0.004
Node_Chlo6_Chlo18_0, 0.271, 0.001, 0.011, 0.071, 0.271, 0, 0.271, 0.115, 0.156
Node_Chlo6_Chlo26_0, 0.125, 0.001, 0.03, 0.047, 0.123, 0, 0.125, 0.111, 0.014
Node_Chlo7_Chlo15_0, 0.003, 0, 0.009, 0.011, 0.003, 0, 0.003, 0, 0.01
Node_Chry1_Aqui2_0, 0.948, 0.001, 0.737, 0.214, 0.874, 0, 0.948, 0.946, 0.002
Node_Chry1_Defe3_0, 0.075, 0, 0.874, 0.16, 0.073, 0, 0.075, 0.075, 0.001
Node_Cyan10_Cyan35_0, 1.082, 0.007, 0.849, 0.514, 0.998, 0, 1.082, 1.042, 0.034
Node_Cyan10_Cyan45_0, 1.004, 0.001, 0.172, 0.026, 1, 0, 1.004, 0.911, 0.093
Node_Cyan10_Cyan46_0, 1.89, 0.045, 0.321, 0.395, 0.999, 0, 1.89, 1.743, 0.063
Node_Cyan11_Cyan26_0, 1.432, 0, 0.03, 0.007, 0.996, 0, 1.432, 1.329, 0.104
Node_Cyan12_Cyan13_0, 1.015, 0.003, 0.032, 0.194, 1, 0, 1.015, 0.215, 0.799
Node_Cyan13_Cyan18_0, 1.01, 0.003, 0.012, 0.008, 1, 0, 1.01, 1.001, 0.004
Node_Cyan14_Cyan15_0, 1.005, 0.003, 0.151, 0.196, 1, 0, 1.005, 0.617, 0.383
Node_Cyan14_Cyan16_0, 0.77, 0.001, 0.114, 0.006, 0.706, 0, 0.77, 0.441, 0.33
Node_Cyan14_Cyan23_0, 0.553, 0.001, 0.999, 0.081, 0.483, 0, 0.553, 0.382, 0.171
Node_Cyan16_Cyan29_0, 1.007, 0.003, 0.253, 0.017, 0.999, 0, 1.007, 0.519, 0.487
Node_Cyan19_Cyan22_0, 0.152, 0.001, 0.964, 0.103, 0.144, 0, 0.152, 0.135, 0.016
Node_Cyan19_Cyan47_0, 1.052, 0.003, 0.021, 0.15, 0.993, 0, 1.052, 0.133, 0.918
Node_Cyan28_chloroArabidopsis_0, 0.246, 0, 0.849, 0.03, 0.245, 0, 0.246, 0.062, 0.187
Node_Cyan2_Cyan1_0, 0.041, 0, 0.524, 0.159, 0.041, 0, 0.041, 0.04, 0.005
Node_Cyan31_Cyan34_0, 1.014, 0.002, 0.106, 0.045, 1, 0, 1.014, 1.009, 0.004
Node_Cyan33_Cyan21_0, 2.002, 0, 0.037, 0.019, 1, 0, 2.002, 1.999, 0.007
Node_Cyan38_Cyan28_0, 0.908, 0, 0.751, 0.027, 0.85, 0, 0.908, 0.826, 0.084
Node_Cyan40_Arma4_0, 1.831, 0.056, 0.039, 0.298, 0.997, 0.002, 1.831, 1.699, 0.026
Node_Cyan40_Cyan10_0, 2.103, 0.637, 0.147, 0.175, 1, 0, 2.103, 0.807, 0.054
Node_Cyan40_Cyan11_0, 1.358, 0.003, 0.055, 0.033, 0.998, 0, 1.358, 1.332, 0.022
Node_Cyan40_Cyan14_0, 1.38, 0.234, 0.016, 0.063, 0.913, 0, 1.38, 0.945, 0.063
Node_Cyan40_Cyan19_0, 1.099, 0.139, 0.008, 0.057, 0.873, 0, 1.099, 0.81, 0.037
Node_Cyan40_Cyan20_0, 1.018, 0.019, 0.046, 0.304, 1, 0, 1.018, 0.664, 0.331
Node_Cyan40_Cyan24_0, 1.559, 0.077, 0.019, 0.031, 1, 0, 1.559, 1.304, 0.121
Node_Cyan40_Cyan25_0, 1.388, 0.071, 0.856, 0.218, 0.998, 0, 1.388, 1.188, 0.07
Node_Cyan40_Cyan27_0, 0.991, 0, 0.371, 0.013, 0.99, 0, 0.991, 0.99, 0.004
Node_Cyan40_Cyan2_0, 0.56, 0.001, 0.076, 0.156, 0.536, 0, 0.56, 0.495, 0.064
Node_Cyan40_Cyan36_0, 0.931, 0.045, 0.736, 0.044, 0.868, 0, 0.931, 0.797, 0.047
Node_Cyan40_Cyan37_0, 1.54, 0.523, 0.004, 0.216, 1, 0, 1.54, 0.493, 0.003
Node_Cyan40_Cyan38_0, 1.575, 0.013, 0.006, 0.014, 0.999, 0, 1.575, 1.523, 0.028
Node_Cyan40_Cyan42_0, 1.018, 0, 0.005, 0.005, 1, 0, 1.018, 1.014, 0.005
Node_Cyan40_Cyan7_0, 0.714, 0.006, 0.026, 0.161, 0.682, 0, 0.714, 0.533, 0.174
Node_Cyan40_Marg1_0, 0.571, 0.005, 0.157, 0.252, 0.525, 0, 0.571, 0.547, 0.016
Node_Cyan40_Therd1_0, 0.707, 0.005, 1.131, 0.416, 0.613, 0, 0.707, 0.697, 0.002
Node_Cyan42_Cyan3_0, 1.004, 0.003, 0.02, 0.004, 1, 0, 1.004, 0.997, 0.003
Node_Cyan46_Cyan30_0, 1.849, 0.006, 0.089, 0.467, 0.998, 0, 1.849, 1.799, 0.042
Node_Cyan46_Cyan31_0, 1.114, 0.006, 0.868, 0.177, 1, 0, 1.114, 0.977, 0.127
Node_Cyan46_Cyan32_0, 1.991, 0.006, 0.022, 0.194, 1, 0, 1.991, 1.98, 0.009
Node_Cyan46_Cyan33_0, 2.032, 1, 0.091, 0.045, 1, 0, 2.032, 0.032, 0.009
Node_Cyan46_Cyan41_0, 1.998, 0.003, 0.044, 0.212, 1, 0, 1.998, 1.991, 0.007
Node_Cyan47_Cyan43_0, 1.232, 0.004, 0.01, 0.342, 0.997, 0, 1.232, 1.041, 0.186
Node_Cyan47_Cyan44_0, 1.014, 0.006, 0.233, 0.35, 1, 0, 1.014, 0.999, 0.009
Node_Cyan4_Cyan8_0, 0.036, 0, 0.195, 0.076, 0.035, 0, 0.036, 0.035, 0.002
Node_Cyan4_Cyan9_0, 0.013, 0, 0.027, 0.018, 0.013, 0, 0.013, 0.011, 0.004
Node_Cyan7_Cyan12_0, 0.245, 0, 0.116, 0.09, 0.239, 0, 0.245, 0.115, 0.132
Node_Cyan7_Cyan4_0, 0.229, 0.003, 0.545, 0.198, 0.213, 0, 0.229, 0.169, 0.057
Node_DTU0X1_SLNR1_0, 0.001, 0, 0.022, 0.007, 0.001, 0, 0.001, 0.001, 0
Node_Defe3_Defe1_0, 0.019, 0, 0.06, 0.034, 0.019, 0, 0.019, 0.019, 0.004
Node_Defe3_Defe2_0, 0.003, 0, 0.022, 0.012, 0.003, 0, 0.003, 0.002, 0.006
Node_Dein4_Dein2_0, 1.029, 0, 0.298, 0.108, 0.977, 0, 1.029, 1.014, 0.018
Node_Dein4_Dein6_0, 1.008, 0.001, 1.014, 0.029, 0.999, 0, 1.008, 0.015, 0.992
Node_Dein5_Bipo1_0, 0.891, 0.014, 0.12, 0.373, 0.812, 0, 0.891, 0.828, 0.042
Node_Dein5_Dein1_0, 1.928, 0, 0.021, 0.024, 1, 0, 1.928, 1.913, 0.02
Node_Dein5_Dein4_0, 1.309, 0.015, 0.068, 0.526, 0.977, 0, 1.309, 0.821, 0.471
Node_Dein5_Dein7_0, 1.929, 0.015, 0.036, 0.532, 1, 0, 1.929, 1.277, 0.641
Node_Dein7_Dein3_0, 0.964, 0, 0.981, 0.025, 0.963, 0, 0.964, 0.952, 0.016
Node_DesuB1_DesuB2_0, 0.454, 0.004, 0.218, 0.115, 0.408, 0, 0.454, 0.182, 0.273
Node_DesuB4_BdellC1_0, 0.134, 0, 0.019, 0.051, 0.123, 0, 0.134, 0.087, 0.049
Node_DesuB4_DesuB1_0, 0.395, 0, 0.013, 0.108, 0.349, 0, 0.395, 0.122, 0.274
Node_DesuB4_DesuB3_0, 1.014, 0.006, 0.17, 0.218, 0.999, 0, 1.014, 0.231, 0.783
Node_DesuB4_Desua5_0, 0.104, 0, 0.124, 0.052, 0.096, 0, 0.104, 0.09, 0.015
Node_DesuB4_Myxo10_0, 0.213, 0.003, 0.223, 0.066, 0.195, 0, 0.213, 0.132, 0.076
Node_DesuC2_DesuC1_0, 0.013, 0, 0.05, 0.035, 0.013, 0, 0.013, 0.013, 0.003
Node_DesuC2_Desua47_0, 0.06, 0, 0.39, 0.081, 0.06, 0, 0.06, 0.059, 0.003
Node_DesuD2_DesuD1_0, 0.007, 0, 0.019, 0.011, 0.007, 0, 0.007, 0.006, 0.004
Node_Desua11_Desua27_0, 0, 0, 0.006, 0.005, 0, 0, 0, 0, 0.005
Node_Desua16_Desua15_0, 0.001, 0, 1.002, 0.009, 0.001, 0, 0.001, 0, 0.004
Node_Desua16_Desua20_0, 0.105, 0, 0.011, 0.011, 0.104, 0, 0.105, 0.017, 0.089
Node_Desua16_Desua24_0, 0.999, 0, 0.01, 0.003, 0.995, 0, 0.999, 0.996, 0.005
Node_Desua16_Desua6_0, 0.027, 0.001, 0.015, 0.012, 0.025, 0, 0.027, 0.018, 0.007
Node_Desua16_Desua9_0, 1.004, 0.009, 0.008, 0.128, 0.995, 0, 1.004, 0.104, 0.898
Node_Desua1_Desua34_0, 0.001, 0, 0.004, 0.003, 0.001, 0, 0.001, 0, 0.003
Node_Desua1_Desua3_0, 0.002, 0, 0.003, 0.003, 0.002, 0, 0.002, 0, 0.003
Node_Desua1_Desua43_0, 0.002, 0, 0.006, 0.005, 0.002, 0, 0.002, 0.001, 0.004
Node_Desua22_Desua10_0, 0.003, 0, 0.002, 0.002, 0.003, 0, 0.003, 0, 0.005
Node_Desua22_Desua13_0, 0, 0, 0.005, 0.005, 0, 0, 0, 0, 0.003
Node_Desua22_Desua14_0, 0.006, 0, 0.001, 0.001, 0.006, 0, 0.006, 0.003, 0.004
Node_Desua22_Desua16_0, 0.034, 0.001, 0.048, 0.043, 0.033, 0, 0.034, 0.031, 0.004
Node_Desua22_Desua23_0, 0.003, 0, 0.011, 0.01, 0.003, 0, 0.003, 0.002, 0.008
Node_Desua22_Desua26_0, 0.002, 0, 0.008, 0.004, 0.002, 0, 0.002, 0, 0.003
Node_Desua22_Desua4_0, 0.007, 0, 0.028, 0.011, 0.007, 0, 0.007, 0.007, 0.001
Node_Desua26_Desua30_0, 0.002, 0, 0.004, 0.004, 0.002, 0, 0.002, 0, 0.004
Node_Desua28_Desua35_0, 0.004, 0, 0.012, 0.008, 0.004, 0, 0.004, 0.001, 0.004
Node_Desua2_Desua8_0, 0.001, 0, 0.011, 0.008, 0.001, 0, 0.001, 0, 0.005
Node_Desua36_Desua38_0, 0.002, 0, 0.002, 0.002, 0.002, 0, 0.002, 0, 0.004
Node_Desua36_Desua39_0, 0, 0, 0.001, 0.001, 0, 0, 0, 0, 0.001
Node_Desua40_Desua31_0, 0, 0, 0.005, 0.004, 0, 0, 0, 0, 0.002
Node_Desua42_Desua11_0, 0.001, 0, 0.004, 0.004, 0.001, 0, 0.001, 0, 0.005
Node_Desua42_Desua12_0, 0, 0, 0.006, 0.008, 0, 0, 0, 0, 0.005
Node_Desua43_Desua50_0, 0.001, 0, 0.001, 0.002, 0.001, 0, 0.001, 0, 0.002
Node_Desua43_Desua52_0, 0.002, 0, 0.002, 0.003, 0.002, 0, 0.002, 0.001, 0.003
Node_Desua43_Desua54_0, 0, 0, 0.006, 0.005, 0, 0, 0, 0, 0.004
Node_Desua44_Desua36_0, 0, 0, 0.003, 0.002, 0, 0, 0, 0, 0.002
Node_Desua46_Desua25_0, 0.001, 0, 0.002, 0.001, 0.001, 0, 0.001, 0, 0.002
Node_Desua47_Desua29_0, 0.003, 0, 0.009, 0.011, 0.003, 0, 0.003, 0.001, 0.007
Node_Desua47_Desua37_0, 0.004, 0, 0.018, 0.017, 0.004, 0, 0.004, 0.004, 0.003
Node_Desua47_Desua41_0, 0.005, 0, 0.005, 0.002, 0.005, 0, 0.005, 0.001, 0.006
Node_Desua47_Desua53_0, 0.019, 0, 0.045, 0.031, 0.019, 0, 0.019, 0.016, 0.004
Node_Desua48_Desua33_0, 0.002, 0, 0.001, 0.001, 0.002, 0, 0.002, 0, 0.002
Node_Desua48_Desua40_0, 0.003, 0, 0.006, 0.008, 0.003, 0, 0.003, 0.001, 0.004
Node_Desua48_Desua42_0, 0.001, 0, 0.005, 0.005, 0.001, 0, 0.001, 0, 0.003
Node_Desua48_Desua46_0, 0.001, 0, 0.004, 0.006, 0.001, 0, 0.001, 0, 0.004
Node_Desua49_Desua21_0, 0.002, 0, 0.002, 0.004, 0.002, 0, 0.002, 0, 0.003
Node_Desua49_Desua32_0, 0.002, 0, 0.002, 0.004, 0.002, 0, 0.002, 0.001, 0.002
Node_Desua49_Desua44_0, 0.001, 0, 0.004, 0.004, 0.001, 0, 0.001, 0, 0.003
Node_Desua4_Desua1_0, 0.004, 0, 0.006, 0.005, 0.004, 0, 0.004, 0.002, 0.003
Node_Desua4_Desua48_0, 0.005, 0, 0.004, 0.003, 0.005, 0, 0.005, 0.001, 0.005
Node_Desua4_Desua49_0, 0.002, 0, 0.004, 0.001, 0.002, 0, 0.002, 0.002, 0.001
Node_Desua53_Desua51_0, 0.004, 0, 0.022, 0.007, 0.004, 0, 0.004, 0.003, 0.007
Node_Desua6_Desua19_0, 0.006, 0, 0.006, 0.006, 0.006, 0, 0.006, 0.003, 0.005
Node_Desua6_Desua2_0, 0.007, 0, 0.021, 0.01, 0.007, 0, 0.007, 0.007, 0.001
Node_Desua6_Desua7_0, 0.004, 0, 0.01, 0.009, 0.004, 0, 0.004, 0, 0.008
Node_Desua9_Desua17_0, 1.001, 0, 0.01, 0.006, 1, 0, 1.001, 1, 0.005
Node_Desua9_Desua18_0, 1.006, 0.003, 0.008, 0.005, 1, 0, 1.006, 0.994, 0.007
Node_Dorm2_Dorm1_0, 0.002, 0, 0.017, 0.01, 0.002, 0, 0.002, 0, 0.003
Node_Dorm2_Dorm3_0, 0.757, 0, 0.301, 0.178, 0.747, 0, 0.757, 0.685, 0.074
Node_Dorm2_Dorm4_0, 0.068, 0, 0.69, 0.116, 0.068, 0, 0.068, 0.068, 0.001
Node_Dorm2_Dorm5_0, 0.016, 0.001, 0.057, 0.045, 0.015, 0, 0.016, 0.013, 0.004
Node_Eise2_Eise1_0, 0.002, 0, 0.006, 0.002, 0.002, 0, 0.002, 0, 0.004
Node_Eise4_Eise2_0, 0.004, 0, 0.017, 0.008, 0.004, 0, 0.004, 0.003, 0.004
Node_Eise4_Eise3_0, 0.004, 0, 0.009, 0.014, 0.004, 0, 0.004, 0.002, 0.009
Node_Elus1_Elus2_0, 0.004, 0, 0.008, 0.005, 0.004, 0, 0.004, 0.002, 0.002
Node_Elus2_Elus3_0, 0.002, 0, 0.003, 0.001, 0.002, 0, 0.002, 0.002, 0.001
Node_Elus2_Elus5_0, 0.002, 0, 0.002, 0.002, 0.002, 0, 0.002, 0.001, 0.002
Node_Elus3_Elus4_0, 0.08, 0, 0.004, 0.004, 0.08, 0, 0.08, 0.02, 0.062
Node_Elus3_Elus6_0, 0.001, 0, 0.003, 0.003, 0.001, 0, 0.001, 0, 0.004
Node_Elus3_Elus7_0, 0.022, 0, 0.002, 0.003, 0.022, 0, 0.022, 0.001, 0.022
Node_Elus3_Elus9_0, 0, 0, 0.084, 0.008, 0, 0, 0, 0, 0.004
Node_Elus6_Elus8_0, 0.002, 0, 0.004, 0.004, 0.002, 0, 0.002, 0, 0.005
Node_Elus9_Elus10_0, 0, 0, 0.001, 0.001, 0, 0, 0, 0, 0.001
Node_Erem4_Erem5_0, 0.023, 0, 0.513, 0.095, 0.023, 0, 0.023, 0.023, 0.004
Node_Erem6_Erem2_0, 0.355, 0.002, 0.684, 0.082, 0.349, 0, 0.355, 0.342, 0.01
Node_Erem6_Erem3_0, 0.383, 0, 0.021, 0.051, 0.377, 0, 0.383, 0.339, 0.049
Node_Erem6_Erem4_0, 0.532, 0, 0.012, 0.075, 0.53, 0, 0.532, 0.375, 0.161
Node_FCPU1_FCPU2_0, 0.002, 0, 0.006, 0.003, 0.002, 0, 0.002, 0.001, 0.002
Node_Ferm1_Eise4_0, 0.017, 0, 0.003, 0.005, 0.017, 0, 0.017, 0.008, 0.009
Node_Ferm1_GemmA1_0, 0.043, 0, 0.008, 0.008, 0.043, 0, 0.043, 0.012, 0.034
Node_Ferm1_Krum1_0, 0.139, 0, 0.003, 0.012, 0.139, 0, 0.139, 0.041, 0.099
Node_Fibr4_Fibr2_0, 0, 0, 0.005, 0.005, 0, 0, 0, 0, 0.004
Node_Fibr4_Fibr3_0, 0.003, 0, 0.011, 0.008, 0.003, 0, 0.003, 0.001, 0.005
Node_Fibr4_Fibr5_0, 0.003, 0, 0.003, 0.004, 0.003, 0, 0.003, 0.001, 0.003
Node_Fibr4_Fibr6_0, 0.001, 0, 0.006, 0.003, 0.001, 0, 0.001, 0, 0.004
Node_Fibr5_Fibr1_0, 0.003, 0, 0.008, 0.009, 0.003, 0, 0.003, 0, 0.008
Node_FirmA102_FirmA76_0, 0.001, 0, 0.006, 0.004, 0.001, 0, 0.001, 0, 0.004
Node_FirmA104_FirmA78_0, 0.002, 0, 0.005, 0.006, 0.002, 0, 0.002, 0.001, 0.005
Node_FirmA106_FirmA114_0, 0.002, 0, 0.002, 0.002, 0.002, 0, 0.002, 0, 0.003
Node_FirmA109_FirmA77_0, 0.001, 0, 0.007, 0.006, 0.001, 0, 0.001, 0, 0.004
Node_FirmA109_FirmA95_0, 0, 0, 0.001, 0, 0, 0, 0, 0, 0
Node_FirmA114_FirmA98_0, 0.004, 0, 0.004, 0.005, 0.004, 0, 0.004, 0, 0.006
Node_FirmA11_FirmA67_0, 0.057, 0, 0.746, 0.1, 0.057, 0, 0.057, 0.055, 0.005
Node_FirmA12_FirmA93_0, 0.002, 0, 0.007, 0.007, 0.002, 0, 0.002, 0.001, 0.004
Node_FirmA14_FirmA113_0, 0.01, 0, 0.044, 0.028, 0.01, 0, 0.01, 0.009, 0.006
Node_FirmA18_FirmA103_0, 0.001, 0, 0.005, 0.003, 0.001, 0, 0.001, 0, 0.003
Node_FirmA20_FirmA100_0, 0.001, 0, 0.004, 0.003, 0.001, 0, 0.001, 0, 0.004
Node_FirmA20_FirmA24_0, 0.009, 0, 0.017, 0.01, 0.009, 0, 0.009, 0.007, 0.004
Node_FirmA20_FirmA25_0, 0, 0, 0.006, 0.003, 0, 0, 0, 0, 0.002
Node_FirmA20_FirmA38_0, 0.004, 0, 0.006, 0, 0.004, 0, 0.004, 0.003, 0.001
Node_FirmA20_FirmA52_0, 0.001, 0, 0.003, 0.004, 0.001, 0, 0.001, 0, 0.004
Node_FirmA21_FirmA108_0, 0.002, 0, 0.002, 0.002, 0.002, 0, 0.002, 0, 0.004
Node_FirmA21_FirmA47_0, 0.003, 0, 0.004, 0.003, 0.003, 0, 0.003, 0, 0.005
Node_FirmA21_FirmA88_0, 0, 0, 0.004, 0.003, 0, 0, 0, 0, 0.002
Node_FirmA24_FirmA1_0, 0.004, 0, 0.009, 0.008, 0.004, 0, 0.004, 0.001, 0.004
Node_FirmA24_FirmA8_0, 0.002, 0, 0.005, 0.003, 0.002, 0, 0.002, 0, 0.003
Node_FirmA25_FirmA56_0, 0.002, 0, 0.002, 0.002, 0.002, 0, 0.002, 0, 0.004
Node_FirmA26_FirmA102_0, 0.003, 0, 0.005, 0.004, 0.003, 0, 0.003, 0.001, 0.006
Node_FirmA26_FirmA2_0, 0.002, 0, 0.009, 0.004, 0.002, 0, 0.002, 0.002, 0.001
Node_FirmA26_FirmA41_0, 0.002, 0, 0.006, 0.004, 0.002, 0, 0.002, 0.001, 0.003
Node_FirmA26_FirmA7_0, 0.005, 0, 0.009, 0.01, 0.005, 0, 0.005, 0.002, 0.011
Node_FirmA27_FirmA71_0, 0, 0, 0.004, 0.004, 0, 0, 0, 0, 0.003
Node_FirmA27_FirmA89_0, 0.001, 0, 0.008, 0.006, 0.001, 0, 0.001, 0.001, 0.003
Node_FirmA28_FirmA94_0, 0.002, 0, 0.004, 0.003, 0.002, 0, 0.002, 0.001, 0.003
Node_FirmA29_FirmA51_0, 0.001, 0, 0.004, 0.006, 0.001, 0, 0.001, 0.001, 0.001
Node_FirmA38_FirmA32_0, 0.003, 0, 0.002, 0.001, 0.003, 0, 0.003, 0.002, 0.001
Node_FirmA43_FirmA39_0, 0, 0, 0.001, 0.001, 0, 0, 0, 0, 0.001
Node_FirmA45_FirmA40_0, 0.003, 0, 0.005, 0.004, 0.003, 0, 0.003, 0, 0.006
Node_FirmA50_FirmA70_0, 0, 0, 0.005, 0.005, 0, 0, 0, 0, 0.004
Node_FirmA52_FirmA107_0, 0.002, 0, 0.004, 0.005, 0.002, 0, 0.002, 0, 0.004
Node_FirmA52_FirmA42_0, 0.002, 0, 0.005, 0.005, 0.002, 0, 0.002, 0, 0.006
Node_FirmA53_FirmA35_0, 0.001, 0, 0.005, 0.004, 0.001, 0, 0.001, 0, 0.004
Node_FirmA55_FirmA29_0, 0.004, 0, 0.008, 0.003, 0.004, 0, 0.004, 0.002, 0.004
Node_FirmA58_FirmA43_0, 0, 0, 0.006, 0.005, 0, 0, 0, 0, 0.004
Node_FirmA59_FirmA36_0, 0.006, 0, 0.017, 0.012, 0.006, 0, 0.006, 0.005, 0.003
Node_FirmA59_FirmA44_0, 0.02, 0, 0.074, 0.029, 0.02, 0, 0.02, 0.019, 0.003
Node_FirmA59_FirmA48_0, 0.001, 0, 0.01, 0.01, 0.001, 0, 0.001, 0.001, 0.005
Node_FirmA60_FirmA74_0, 0.003, 0, 0.014, 0.011, 0.003, 0, 0.003, 0.002, 0.007
Node_FirmA61_FirmA66_0, 0.003, 0, 0.004, 0.004, 0.003, 0, 0.003, 0.001, 0.005
Node_FirmA62_FirmA104_0, 0.002, 0, 0.002, 0, 0.002, 0, 0.002, 0, 0.002
Node_FirmA62_FirmA58_0, 0.002, 0, 0.004, 0.004, 0.002, 0, 0.002, 0.001, 0.004
Node_FirmA62_FirmA6_0, 0.002, 0, 0.005, 0.006, 0.002, 0, 0.002, 0.001, 0.005
Node_FirmA63_FirmA109_0, 0.004, 0, 0.004, 0.005, 0.004, 0, 0.004, 0.001, 0.005
Node_FirmA63_FirmA10_0, 0.001, 0, 0.007, 0.005, 0.001, 0, 0.001, 0, 0.004
Node_FirmA63_FirmA30_0, 0.002, 0, 0.004, 0.003, 0.002, 0, 0.002, 0, 0.005
Node_FirmA63_FirmA45_0, 0.002, 0, 0.006, 0.005, 0.002, 0, 0.002, 0, 0.006
Node_FirmA63_FirmA57_0, 0.001, 0, 0.005, 0.004, 0.001, 0, 0.001, 0.001, 0.004
Node_FirmA63_FirmA99_0, 0.003, 0, 0.007, 0.009, 0.003, 0, 0.003, 0, 0.009
Node_FirmA64_FirmA33_0, 0.001, 0, 0.001, 0.002, 0.001, 0, 0.001, 0, 0.001
Node_FirmA65_FirmA5_0, 0, 0, 0.002, 0.001, 0, 0, 0, 0, 0
Node_FirmA65_FirmA64_0, 0.001, 0, 0.006, 0.002, 0.001, 0, 0.001, 0, 0.002
Node_FirmA65_FirmA69_0, 0.005, 0, 0.027, 0.018, 0.005, 0, 0.005, 0.005, 0.001
Node_FirmA65_FirmA97_0, 0.002, 0, 0.003, 0.004, 0.002, 0, 0.002, 0, 0.004
Node_FirmA67_FirmA37_0, 0, 0, 0.011, 0.006, 0, 0, 0, 0, 0
Node_FirmA67_FirmA50_0, 0.001, 0, 0.002, 0.002, 0.001, 0, 0.001, 0, 0.003
Node_FirmA67_FirmA79_0, 0.001, 0, 0.005, 0.006, 0.001, 0, 0.001, 0, 0.005
Node_FirmA67_FirmA87_0, 0.011, 0, 0.047, 0.029, 0.011, 0, 0.011, 0.01, 0.001
Node_FirmA69_FirmA28_0, 0.003, 0, 0.006, 0.006, 0.003, 0, 0.003, 0.002, 0.004
Node_FirmA69_FirmA72_0, 0.003, 0, 0.005, 0.005, 0.003, 0, 0.003, 0, 0.005
Node_FirmA72_FirmA73_0, 0.001, 0, 0.003, 0.003, 0.001, 0, 0.001, 0, 0.001
Node_FirmA7_FirmA12_0, 0.005, 0, 0.007, 0.008, 0.005, 0, 0.005, 0.002, 0.008
Node_FirmA7_FirmA90_0, 0.004, 0, 0.006, 0.006, 0.004, 0, 0.004, 0.002, 0.005
Node_FirmA80_FirmA34_0, 0, 0, 0.005, 0.006, 0, 0, 0, 0, 0.003
Node_FirmA81_FirmA14_0, 0.048, 0, 0.716, 0.104, 0.048, 0, 0.048, 0.047, 0.005
Node_FirmA81_FirmA19_0, 0.009, 0, 0.04, 0.017, 0.009, 0, 0.009, 0.009, 0.001
Node_FirmA81_FirmA84_0, 0.758, 0.003, 0.021, 0.074, 0.755, 0, 0.758, 0.752, 0.002
Node_FirmA81_FirmA92_0, 0.759, 0, 0.008, 0.075, 0.757, 0, 0.759, 0.752, 0.009
Node_FirmA83_FirmA11_0, 0.798, 0.003, 0.213, 0.14, 0.789, 0, 0.798, 0.792, 0.002
Node_FirmA83_FirmA49_0, 0.002, 0, 0.008, 0.005, 0.002, 0, 0.002, 0, 0.007
Node_FirmA83_FirmA55_0, 0.008, 0, 0.026, 0.012, 0.008, 0, 0.008, 0.006, 0.003
Node_FirmA83_FirmA59_0, 0.091, 0, 0.685, 0.102, 0.089, 0, 0.091, 0.089, 0.002
Node_FirmA83_FirmA65_0, 0.031, 0, 0.063, 0.028, 0.031, 0, 0.031, 0.028, 0.003
Node_FirmA83_FirmA81_0, 0.774, 0.005, 0.031, 0.099, 0.767, 0, 0.774, 0.766, 0.002
Node_FirmA83_FirmA86_0, 0.003, 0, 0.01, 0.009, 0.003, 0, 0.003, 0.002, 0.005
Node_FirmA84_FirmA111_0, 0.058, 0, 0.702, 0.1, 0.058, 0, 0.058, 0.058, 0.002
Node_FirmA84_FirmA16_0, 0.006, 0, 0.008, 0.004, 0.006, 0, 0.006, 0.003, 0.004
Node_FirmA84_FirmA20_0, 0.022, 0, 0.038, 0.024, 0.022, 0, 0.022, 0.021, 0.002
Node_FirmA84_FirmA26_0, 0.01, 0, 0.017, 0.005, 0.01, 0, 0.01, 0.005, 0.005
Node_FirmA84_FirmA46_0, 0.001, 0, 0.003, 0.002, 0.001, 0, 0.001, 0, 0.002
Node_FirmA84_FirmA63_0, 0.002, 0, 0.005, 0.004, 0.002, 0, 0.002, 0.002, 0.001
Node_FirmA84_FirmA9_0, 0.002, 0, 0.001, 0.001, 0.002, 0, 0.002, 0.001, 0.002
Node_FirmA85_DTU0X1_0, 0.023, 0, 1.099, 0.04, 0.023, 0, 0.023, 0.022, 0.001
Node_FirmA85_FirmA60_0, 0.01, 0, 0.019, 0.015, 0.01, 0, 0.01, 0.008, 0.006
Node_FirmA85_FirmC13_0, 1.121, 0.002, 0.804, 0.111, 0.989, 0, 1.121, 1.112, 0.006
Node_FirmA86_FirmA61_0, 0.002, 0, 0.004, 0.005, 0.002, 0, 0.002, 0.001, 0.003
Node_FirmA87_FirmA106_0, 0.001, 0, 0.002, 0.002, 0.001, 0, 0.001, 0.001, 0.001
Node_FirmA87_FirmA62_0, 0.002, 0, 0.006, 0.001, 0.002, 0, 0.002, 0.001, 0.001
Node_FirmA87_FirmA96_0, 0.007, 0, 0.006, 0.005, 0.007, 0, 0.007, 0.005, 0.002
Node_FirmA88_FirmA101_0, 0.001, 0, 0.004, 0.005, 0.001, 0, 0.001, 0, 0.005
Node_FirmA89_FirmA105_0, 0, 0, 0.003, 0.003, 0, 0, 0, 0, 0.003
Node_FirmA89_FirmA110_0, 0, 0, 0.001, 0.001, 0, 0, 0, 0, 0.001
Node_FirmA89_FirmA21_0, 0.002, 0, 0.002, 0.001, 0.002, 0, 0.002, 0, 0.003
Node_FirmA89_FirmA31_0, 0.001, 0, 0.002, 0.002, 0.001, 0, 0.001, 0, 0.001
Node_FirmA89_FirmA53_0, 0.002, 0, 0.005, 0.003, 0.002, 0, 0.002, 0, 0.005
Node_FirmA89_FirmA68_0, 0, 0, 0.003, 0.003, 0, 0, 0, 0, 0.002
Node_FirmA89_FirmA80_0, 0.002, 0, 0.006, 0.008, 0.002, 0, 0.002, 0, 0.006
Node_FirmA90_FirmA112_0, 0.003, 0, 0.006, 0.003, 0.003, 0, 0.003, 0, 0.005
Node_FirmA92_FirmA54_0, 0.793, 0.001, 0.006, 0.092, 0.792, 0, 0.793, 0.756, 0.039
Node_FirmA94_FirmA75_0, 0.004, 0, 0.004, 0.006, 0.004, 0, 0.004, 0.001, 0.006
Node_FirmA96_FirmA27_0, 0.006, 0, 0.006, 0.004, 0.006, 0, 0.006, 0.004, 0.005
Node_FirmA96_FirmA91_0, 0.005, 0, 0.008, 0.006, 0.005, 0, 0.005, 0.003, 0.007
Node_FirmA99_FirmA18_0, 0.003, 0, 0.005, 0.005, 0.003, 0, 0.003, 0, 0.005
Node_FirmB16_FirmB13_0, 0.002, 0, 0.003, 0.005, 0.002, 0, 0.002, 0, 0.005
Node_FirmB17_FirmB15_0, 0.002, 0, 1, 0.003, 0.002, 0, 0.002, 0, 0.005
Node_FirmB2_FirmB11_0, 0.005, 0, 0.002, 0.002, 0.005, 0, 0.005, 0.002, 0.004
Node_FirmB2_FirmB12_0, 0.003, 0, 0.008, 0.003, 0.003, 0, 0.003, 0, 0.005
Node_FirmB3_FirmB14_0, 0.004, 0.001, 0.975, 0.009, 0.004, 0, 0.004, 0.001, 0.005
Node_FirmB4_FirmB17_0, 0.997, 0, 0.011, 0.004, 0.997, 0, 0.997, 0.995, 0.003
Node_FirmB4_FirmB1_0, 1.005, 0.005, 0.005, 0.012, 1, 0, 1.005, 0.967, 0.032
Node_FirmB4_FirmB3_0, 0.973, 0, 0.008, 0.006, 0.972, 0, 0.973, 0.967, 0.009
Node_FirmB6_FirmB7_0, 1.251, 0.001, 0.002, 0.042, 0.984, 0, 1.251, 1.062, 0.187
Node_FirmB8_FirmB16_0, 0, 0, 0.974, 0.008, 0, 0, 0, 0, 0.002
Node_FirmB8_FirmB4_0, 0.972, 0.001, 0.074, 0.015, 0.968, 0, 0.972, 0.969, 0.005
Node_FirmB8_FirmB5_0, 0.001, 0, 0.003, 0.004, 0.001, 0, 0.001, 0, 0.004
Node_FirmB8_FirmB9_0, 1.04, 0.005, 0.013, 0.031, 0.986, 0, 1.04, 0.993, 0.041
Node_FirmB9_FirmB10_0, 0.004, 0, 0.007, 0.006, 0.004, 0, 0.004, 0.001, 0.005
Node_FirmB9_FirmB2_0, 0.006, 0, 1.062, 0.018, 0.006, 0, 0.006, 0.006, 0.003
Node_FirmB9_FirmB6_0, 1.065, 0, 0.022, 0.024, 0.977, 0, 1.065, 1.019, 0.047
Node_FirmC10_FirmC14_0, 0.001, 0, 0.003, 0.001, 0.001, 0, 0.001, 0, 0.001
Node_FirmC10_FirmC18_0, 0.003, 0, 0.007, 0.005, 0.003, 0, 0.003, 0.001, 0.005
Node_FirmC10_FirmC19_0, 0.005, 0, 0.004, 0.003, 0.005, 0, 0.005, 0.002, 0.006
Node_FirmC11_FirmC3_0, 0, 0, 0.005, 0.005, 0, 0, 0, 0, 0.003
Node_FirmC13_FirmB8_0, 1.007, 0.002, 0.096, 0.027, 0.977, 0, 1.007, 0.998, 0.007
Node_FirmC13_FirmC10_0, 0.003, 0, 0.013, 0.011, 0.003, 0, 0.003, 0.001, 0.007
Node_FirmC13_FirmC17_0, 0.002, 0, 0.007, 0.006, 0.002, 0, 0.002, 0, 0.006
Node_FirmC13_FirmC5_0, 0.016, 0, 0.993, 0.019, 0.016, 0, 0.016, 0.014, 0.002
Node_FirmC13_FirmC8_0, 0.009, 0, 0.009, 0.005, 0.009, 0, 0.009, 0.008, 0.002
Node_FirmC13_Firms33_0, 1.094, 0.011, 0.05, 0.048, 0.996, 0, 1.094, 1.062, 0.012
Node_FirmC15_FirmC12_0, 0.001, 0, 0.001, 0.001, 0.001, 0, 0.001, 0, 0.002
Node_FirmC1_FirmC4_0, 0, 0, 0.01, 0.008, 0, 0, 0, 0, 0.006
Node_FirmC6_FirmC16_0, 0.003, 0, 0.006, 0.006, 0.003, 0, 0.003, 0, 0.005
Node_FirmC6_FirmC1_0, 0.004, 0, 0.005, 0.005, 0.004, 0, 0.004, 0.001, 0.007
Node_FirmC8_FirmC11_0, 0.002, 0, 0.002, 0.001, 0.002, 0, 0.002, 0.001, 0.002
Node_FirmC8_FirmC15_0, 0, 0, 0.004, 0.005, 0, 0, 0, 0, 0.003
Node_FirmC8_FirmC6_0, 0.002, 0, 0.008, 0.006, 0.002, 0, 0.002, 0, 0.008
Node_FirmC8_FirmC7_0, 0.001, 0, 0.005, 0.005, 0.001, 0, 0.001, 0.001, 0.004
Node_FirmC8_FirmC9_0, 0.002, 0, 0.012, 0.009, 0.002, 0, 0.002, 0.001, 0.005
Node_FirmD2_FirmD3_0, 0.011, 0, 0.021, 0.013, 0.011, 0, 0.011, 0.01, 0.001
Node_FirmD4_FirmD2_0, 0.031, 0, 0.971, 0.048, 0.031, 0, 0.031, 0.031, 0.002
Node_FirmE4_FirmE6_0, 1.09, 0.008, 0.852, 0.253, 1, 0, 1.09, 1.029, 0.05
Node_FirmE5_FirmA85_0, 1.917, 0.055, 0.061, 0.138, 0.999, 0, 1.917, 1.799, 0.015
Node_FirmE5_FirmE3_0, 1.099, 0.136, 0.957, 0.216, 0.886, 0, 1.099, 0.802, 0.036
Node_FirmE5_FirmE4_0, 1.884, 0.031, 0.1, 0.264, 0.995, 0, 1.884, 1.807, 0.02
Node_FirmE5_FirmE7_0, 1.933, 0.036, 0.067, 0.369, 0.994, 0, 1.933, 1.824, 0.047
Node_FirmE7_FirmE1_0, 0.535, 0.003, 1.553, 0.286, 0.454, 0, 0.535, 0.382, 0.152
Node_FirmE7_FirmE2_0, 0.217, 0.002, 0.328, 0.175, 0.21, 0, 0.217, 0.209, 0.008
Node_FirmE7_FirmE8_0, 1.011, 0.002, 0.054, 0.081, 0.999, 0, 1.011, 0.163, 0.846
Node_FirmF1_FirmF2_0, 0.023, 0, 1.705, 0.097, 0.022, 0, 0.023, 0.023, 0
Node_FirmF1_FirmG6_0, 1.728, 0.01, 0.031, 0.068, 0.989, 0, 1.728, 1.676, 0.036
Node_FirmF2_FirmF3_0, 0.006, 0, 0.024, 0.022, 0.006, 0, 0.006, 0.003, 0.007
Node_FirmG5_FirmG1_0, 1, 0, 0.015, 0.009, 0.998, 0, 1, 0.999, 0.004
Node_FirmG5_FirmG2_0, 1.011, 0.003, 0.031, 0.044, 0.999, 0, 1.011, 0.924, 0.085
Node_FirmG6_FirmE5_0, 1.908, 0.032, 0.008, 0.08, 0.999, 0, 1.908, 1.693, 0.156
Node_FirmG6_FirmG3_0, 0.003, 0, 0.019, 0.019, 0.003, 0, 0.003, 0.002, 0.003
Node_FirmG6_FirmG4_0, 0.019, 0, 0.939, 0.03, 0.019, 0, 0.019, 0.017, 0.004
Node_FirmG6_FirmG5_0, 0.954, 0, 0.989, 0.058, 0.922, 0, 0.954, 0.92, 0.035
Node_Firms11_Firms17_0, 2.158, 0.003, 0.217, 0.038, 1, 0, 2.158, 2.142, 0.012
Node_Firms13_Firms1_0, 1.018, 0, 0.683, 0.064, 0.865, 0, 1.018, 1.004, 0.019
Node_Firms1_Firms10_0, 1.175, 0, 0.01, 0.066, 0.904, 0, 1.175, 1.014, 0.167
Node_Firms20_Firms12_0, 0.041, 0, 0.007, 0.004, 0.041, 0, 0.041, 0.008, 0.036
Node_Firms20_Firms29_0, 0.174, 0, 0.006, 0.005, 0.173, 0, 0.174, 0.039, 0.139
Node_Firms22_Firms27_0, 2.003, 0.003, 0.078, 0.016, 1, 0, 2.003, 1.994, 0.006
Node_Firms23_Firms18_0, 0, 0, 0.005, 0.006, 0, 0, 0, 0, 0
Node_Firms24_Firms26_0, 1.06, 0.105, 0.346, 0.151, 0.809, 0, 1.06, 0.665, 0.196
Node_Firms30_Firms31_0, 0, 0, 0.006, 0.005, 0, 0, 0, 0, 0.002
Node_Firms32_Firms25_0, 0.001, 0, 0.006, 0.004, 0.001, 0, 0.001, 0, 0.004
Node_Firms33_FirmA83_0, 1.006, 0.007, 0.1, 0.047, 0.984, 0, 1.006, 0.988, 0.005
Node_Firms33_FirmD1_0, 1.038, 0.042, 0.008, 0.055, 0.98, 0, 1.038, 0.953, 0.004
Node_Firms33_FirmD4_0, 1, 0.014, 0.023, 0.071, 0.98, 0, 1, 0.972, 0.003
Node_Firms33_Firms11_0, 2.36, 0.154, 0.034, 0.805, 1, 0, 2.36, 1.893, 0.168
Node_Firms33_Firms13_0, 1.682, 0.386, 0.021, 0.055, 0.995, 0, 1.682, 0.892, 0.041
Node_Firms33_Firms15_0, 1.002, 0, 0.994, 0.005, 0.998, 0, 1.002, 0.997, 0.008
Node_Firms33_Firms16_0, 0.004, 0, 1.001, 0.004, 0.004, 0, 0.004, 0.002, 0.003
Node_Firms33_Firms20_0, 0.012, 0, 0.003, 0.002, 0.012, 0, 0.012, 0.003, 0.01
Node_Firms33_Firms21_0, 0.005, 0, 0.003, 0.002, 0.005, 0, 0.005, 0.002, 0.004
Node_Firms33_Firms22_0, 2.072, 0.327, 0.02, 0.035, 1, 0, 2.072, 1.288, 0.205
Node_Firms33_Firms23_0, 0.005, 0, 0.002, 0.003, 0.005, 0, 0.005, 0.002, 0.004
Node_Firms33_Firms28_0, 0.001, 0, 0.002, 0.002, 0.001, 0, 0.001, 0, 0.003
Node_Firms33_Firms2_0, 0.001, 0, 0.004, 0.004, 0.001, 0, 0.001, 0, 0.004
Node_Firms33_Firms30_0, 0.004, 0, 0.014, 0.006, 0.004, 0, 0.004, 0, 0.006
Node_Firms33_Firms32_0, 0.003, 0, 0.005, 0.006, 0.003, 0, 0.003, 0.001, 0.007
Node_Firms33_Firms3_0, 1.56, 0.053, 0.228, 0.041, 0.939, 0, 1.56, 1.405, 0.053
Node_Firms33_Firms5_0, 1.988, 0.004, 0.027, 0.015, 1, 0, 1.988, 1.971, 0.011
Node_Firms33_Firms6_0, 1.276, 0.125, 0.142, 0.038, 0.998, 0, 1.276, 1.012, 0.014
Node_Firms33_Firms7_0, 2, 0.006, 1.15, 0.041, 1, 0, 2, 1.214, 0.784
Node_Firms33_Firms8_0, 1.279, 0.213, 0.002, 0.102, 1, 0, 1.279, 0.879, 0.03
Node_Firms33_Firms9_0, 0, 0, 0.006, 0.003, 0, 0, 0, 0, 0.002
Node_Firms8_Firms24_0, 1.105, 0.01, 0.277, 0.486, 0.916, 0, 1.105, 1.021, 0.075
Node_Firms8_Firms4_0, 1.297, 0.14, 0.145, 0.025, 1, 0, 1.297, 0.997, 0.023
Node_Gemm2_Gemm4_0, 0, 0, 0.008, 0.005, 0, 0, 0, 0, 0.002
Node_Gemm3_Gemm6_0, 0.188, 0, 0.004, 0.004, 0.188, 0, 0.188, 0.033, 0.156
Node_Gemm5_Gemm8_0, 0.003, 0, 0.005, 0.009, 0.003, 0, 0.003, 0.001, 0.006
Node_Gemm5_Gemm9_0, 0.001, 0, 0.005, 0.004, 0.001, 0, 0.001, 0, 0.003
Node_Gemm9_Gemm2_0, 0.006, 0, 0.004, 0.007, 0.006, 0, 0.006, 0.001, 0.009
Node_Gemm9_Gemm3_0, 0.036, 0, 0.007, 0.007, 0.036, 0, 0.036, 0.007, 0.033
Node_Gemm9_Gemm7_0, 0.01, 0, 0.006, 0.005, 0.01, 0, 0.01, 0.003, 0.01
Node_Gold1_FCPU1_0, 0.006, 0, 0.016, 0.008, 0.006, 0, 0.006, 0.006, 0.001
Node_Gold1_Fire1_0, 0.021, 0, 0.084, 0.054, 0.021, 0, 0.021, 0.019, 0.002
Node_Gold1_Gold2_0, 0.001, 0, 0.009, 0.009, 0.001, 0, 0.001, 0, 0.004
Node_Hydr2_Abys1_0, 1.291, 0.004, 0.493, 0.303, 0.959, 0, 1.291, 1.268, 0.019
Node_Hydr2_Hydr1_0, 1.045, 0.001, 0.326, 0.151, 1, 0, 1.045, 0.968, 0.079
Node_Hydr2_Plan43_0, 1.772, 0.051, 0.071, 0.424, 0.982, 0, 1.772, 1.648, 0.04
Node_Hydr2_Sume1_0, 1.761, 0.011, 0.041, 0.166, 0.978, 0, 1.761, 1.721, 0.019
Node_KSB1X2_KSB1X4_0, 0.004, 0, 0.006, 0.009, 0.004, 0, 0.004, 0.001, 0.006
Node_KSB1X3_KSB1X1_0, 0.001, 0, 0.008, 0.008, 0.001, 0, 0.001, 0.001, 0.005
Node_Late1_Late3_0, 0.002, 0, 0.006, 0.004, 0.002, 0, 0.002, 0.001, 0.002
Node_Late2_Late1_0, 0.006, 0, 0.045, 0.03, 0.006, 0, 0.006, 0.004, 0.003
Node_Lind1_Lind2_0, 0.018, 0.001, 0.112, 0.06, 0.017, 0, 0.018, 0.015, 0.002
Node_Lind1_Lind4_0, 0.127, 0, 0.197, 0.151, 0.126, 0, 0.127, 0.126, 0.001
Node_Marg1_Marg2_0, 0.104, 0, 0.468, 0.173, 0.104, 0, 0.104, 0.103, 0.001
Node_Marg1_Marg6_0, 0.014, 0, 0.094, 0.065, 0.014, 0, 0.014, 0.014, 0.004
Node_Marg2_Marg7_0, 0.021, 0, 0.086, 0.047, 0.021, 0, 0.021, 0.02, 0.003
Node_Mari3_Mari2_0, 0.002, 0, 0.004, 0.005, 0.002, 0, 0.002, 0.001, 0.003
Node_Mari3_Mari6_0, 0.003, 0, 0.006, 0.008, 0.003, 0, 0.003, 0.002, 0.007
Node_Mari6_Mari1_0, 0.001, 0, 0.005, 0.006, 0.001, 0, 0.001, 0.001, 0.004
Node_Mari6_Mari5_0, 0.002, 0, 0.003, 0.002, 0.002, 0, 0.002, 0.001, 0.002
Node_Meth2_Meth1_0, 0.014, 0, 0.243, 0.017, 0.014, 0, 0.014, 0.013, 0.004
Node_Meth4_Meth3_0, 1.072, 0.004, 0.017, 0.016, 1, 0, 1.072, 1.021, 0.052
Node_Meth5_Meth2_0, 0.253, 0.006, 0.848, 0.041, 0.245, 0, 0.253, 0.078, 0.167
Node_Meth5_Meth4_0, 1.033, 0.055, 0.015, 0.058, 0.968, 0, 1.033, 0.237, 0.74
Node_Meth5_NitsA1_0, 1.249, 0.01, 0.1, 0.195, 0.846, 0, 1.249, 1.18, 0.053
Node_Meth5_SZUA1_0, 0.928, 0, 0.131, 0.06, 0.855, 0, 0.928, 0.844, 0.087
Node_Meth5_Sche1_0, 0.972, 0.012, 0.545, 0.161, 0.867, 0, 0.972, 0.696, 0.256
Node_MyxA1_MyxA2_0, 1.037, 0.007, 0.682, 0.381, 1, 0, 1.037, 0.437, 0.597
Node_MyxA1_MyxA4_0, 1.115, 0, 0.016, 0.085, 0.842, 0, 1.115, 0.872, 0.244
Node_MyxA2_MyxA3_0, 1.014, 0, 0.031, 0.02, 1, 0, 1.014, 1.011, 0.008
Node_Myxo10_Bdell6_0, 0.321, 0.002, 0.06, 0.059, 0.289, 0, 0.321, 0.153, 0.166
Node_Myxo10_MyxA1_0, 0.887, 0.008, 0.031, 0.146, 0.716, 0, 0.887, 0.295, 0.589
Node_Myxo10_Myxo11_0, 0.81, 0.004, 0.086, 0.116, 0.671, 0, 0.81, 0.799, 0.005
Node_Myxo10_Myxo14_0, 0.569, 0.003, 0.256, 0.115, 0.566, 0, 0.569, 0.556, 0.012
Node_Myxo10_Myxo15_0, 0.035, 0, 0.563, 0.078, 0.035, 0, 0.035, 0.033, 0.005
Node_Myxo10_Myxo17_0, 0.593, 0.002, 0.011, 0.101, 0.59, 0, 0.593, 0.559, 0.033
Node_Myxo11_Bdell13_0, 0.306, 0, 0.52, 0.084, 0.29, 0, 0.306, 0.294, 0.016
Node_Myxo11_Myxo13_0, 0.002, 0, 0.307, 0.027, 0.002, 0, 0.002, 0.002, 0.001
Node_Myxo11_Myxo8_0, 0.308, 0, 0.042, 0.033, 0.305, 0, 0.308, 0.264, 0.044
Node_Myxo14_Myxo2_0, 0.007, 0, 0.009, 0.006, 0.007, 0, 0.007, 0.003, 0.006
Node_Myxo14_Myxo3_0, 0.039, 0, 0.533, 0.08, 0.039, 0, 0.039, 0.038, 0.003
Node_Myxo14_Myxo5_0, 0.002, 0, 0.008, 0.004, 0.002, 0, 0.002, 0.001, 0.003
Node_Myxo14_Myxo6_0, 0.001, 0, 0.004, 0.003, 0.001, 0, 0.001, 0.001, 0.003
Node_Myxo14_Myxo9_0, 0.01, 0, 0.031, 0.018, 0.01, 0, 0.01, 0.009, 0.002
Node_Myxo15_Myxo18_0, 0.008, 0, 0.033, 0.016, 0.008, 0, 0.008, 0.006, 0.006
Node_Myxo17_Myxo19_0, 0.702, 0.004, 0.011, 0.131, 0.698, 0, 0.702, 0.589, 0.116
Node_Myxo2_Myxo1_0, 0.001, 0, 0.012, 0.011, 0.001, 0, 0.001, 0, 0.006
Node_Myxo8_Myxo7_0, 0.434, 0.001, 0.018, 0.06, 0.433, 0, 0.434, 0.293, 0.143
Node_Nitr10_Nitr3_0, 0.008, 0, 0.025, 0.016, 0.008, 0, 0.008, 0.007, 0.002
Node_Nitr10_Nitr4_0, 0.031, 0.002, 0.703, 0.21, 0.031, 0, 0.031, 0.029, 0.006
Node_Nitr10_Nitr6_0, 0.002, 0, 0.009, 0.004, 0.002, 0, 0.002, 0.001, 0.003
Node_Nitr14_CG294X1_0, 0.692, 0.004, 0.628, 0.201, 0.606, 0, 0.692, 0.657, 0.03
Node_Nitr14_Meth5_0, 1.286, 0.014, 0.149, 0.225, 0.851, 0, 1.286, 1.202, 0.061
Node_Nitr14_Nitr12_0, 0.002, 0, 0.005, 0.003, 0.002, 0, 0.002, 0.001, 0.003
Node_Nitr14_Nitr13_0, 0.007, 0, 0.016, 0.009, 0.007, 0, 0.007, 0.005, 0.003
Node_Nitr14_Nitr15_0, 0.703, 0.006, 0.083, 0.167, 0.645, 0, 0.703, 0.607, 0.088
Node_Nitr14_Nitr16_0, 0.004, 0, 0.007, 0.006, 0.004, 0, 0.004, 0.002, 0.004
Node_Nitr14_Nitr2_0, 0.02, 0, 0.073, 0.041, 0.02, 0, 0.02, 0.02, 0.003
Node_Nitr14_Nitr9_0, 0.09, 0, 0.615, 0.112, 0.089, 0, 0.09, 0.09, 0.002
Node_Nitr15_Nitr10_0, 0.726, 0.004, 0.286, 0.104, 0.721, 0, 0.726, 0.659, 0.062
Node_Nitr15_Nitr1_0, 1.01, 0.007, 0.026, 0.167, 0.903, 0, 1.01, 0.677, 0.326
Node_Nitr15_Nitr8_0, 0.946, 0.003, 0.249, 0.166, 0.755, 0, 0.946, 0.761, 0.182
Node_Nitr16_Nitr11_0, 0.001, 0, 0.009, 0.006, 0.001, 0, 0.001, 0, 0.004
Node_Nitr16_Nitr17_0, 0.006, 0, 0.006, 0.006, 0.006, 0, 0.006, 0.003, 0.008
Node_Nitr17_Nitr5_0, 0.004, 0, 0.008, 0.008, 0.004, 0, 0.004, 0.001, 0.006
Node_Nitr9_Nitr7_0, 0.019, 0, 0.072, 0.036, 0.019, 0, 0.019, 0.018, 0.001
Node_Nits1_Nits3_0, 0.005, 0, 0.007, 0.004, 0.005, 0, 0.005, 0.004, 0.002
Node_Nits4_Nits2_0, 0.281, 0, 0.05, 0.042, 0.279, 0, 0.281, 0.105, 0.177
Node_NitsA1_NitsA2_0, 0.713, 0.003, 0.084, 0.183, 0.703, 0, 0.713, 0.603, 0.107
Node_NitsA1_NitsA3_0, 0.687, 0.003, 0.592, 0.17, 0.635, 0, 0.687, 0.656, 0.027
Node_NitsA3_Nits1_0, 0.01, 0, 0.146, 0.036, 0.01, 0, 0.01, 0.01, 0.002
Node_NitsA3_Nits4_0, 0.154, 0, 0.574, 0.146, 0.149, 0, 0.154, 0.114, 0.041
Node_Omni4_Omni2_0, 0.004, 0, 0.016, 0.015, 0.004, 0, 0.004, 0.004, 0.005
Node_Omni4_Omni3_0, 0.075, 0, 0.58, 0.141, 0.074, 0, 0.075, 0.075, 0.001
Node_Omni4_Omni7_0, 0.015, 0, 0.062, 0.042, 0.015, 0, 0.015, 0.014, 0.002
Node_Omni4_Omni8_0, 0.654, 0.001, 0.199, 0.235, 0.585, 0, 0.654, 0.639, 0.013
Node_Omni8_Omni6_0, 0.612, 0.002, 0.128, 0.171, 0.598, 0, 0.612, 0.531, 0.084
Node_P4572X1_Ferm1_0, 0.011, 0, 0.027, 0.011, 0.011, 0, 0.011, 0.005, 0.008
Node_P4572X1_Gemm5_0, 0.002, 0, 0.011, 0.004, 0.002, 0, 0.002, 0.002, 0.002
Node_Pate13_Pate34_0, 0.006, 0, 0.009, 0.009, 0.006, 0, 0.006, 0.003, 0.004
Node_Pate13_Pate6_0, 0.011, 0.001, 0.064, 0.02, 0.011, 0, 0.011, 0.01, 0.001
Node_Pate14_Pate35_0, 0.003, 0, 0.006, 0.004, 0.003, 0, 0.003, 0.003, 0
Node_Pate14_Pate5_0, 0.009, 0, 0.037, 0.009, 0.009, 0, 0.009, 0.005, 0.005
Node_Pate15_Pate29_0, 0.003, 0, 0.004, 0.005, 0.003, 0, 0.003, 0.003, 0.004
Node_Pate17_Pate18_0, 0.003, 0, 0.009, 0.007, 0.003, 0, 0.003, 0, 0.008
Node_Pate17_Pate19_0, 0.004, 0, 0.004, 0.003, 0.004, 0, 0.004, 0.003, 0.001
Node_Pate17_Pate8_0, 0.002, 0, 0.004, 0.009, 0.002, 0, 0.002, 0.002, 0.003
Node_Pate18_Pate38_0, 0.002, 0, 0.005, 0.003, 0.002, 0, 0.002, 0.001, 0.003
Node_Pate18_Pate9_0, 0.004, 0, 0.004, 0.002, 0.004, 0, 0.004, 0, 0.005
Node_Pate19_Pate37_0, 0.001, 0, 0.005, 0.003, 0.001, 0, 0.001, 0.001, 0.001
Node_Pate19_Pate4_0, 0.005, 0, 0.002, 0.001, 0.005, 0, 0.005, 0.003, 0.003
Node_Pate1_Pate50_0, 0.016, 0, 0.063, 0.032, 0.016, 0, 0.016, 0.015, 0.003
Node_Pate21_Pate15_0, 0.003, 0, 0.005, 0.006, 0.003, 0, 0.003, 0.002, 0.005
Node_Pate21_Pate26_0, 0.003, 0, 0.008, 0.005, 0.003, 0, 0.003, 0.001, 0.004
Node_Pate24_Pate13_0, 0.073, 0.001, 0.01, 0.022, 0.073, 0, 0.073, 0.035, 0.041
Node_Pate24_Pate14_0, 0.041, 0, 0.013, 0.011, 0.041, 0, 0.041, 0.03, 0.016
Node_Pate24_Pate39_0, 0.342, 0.004, 0.008, 0.062, 0.339, 0, 0.342, 0.129, 0.212
Node_Pate24_Pate54_0, 0.134, 0, 0.003, 0.014, 0.134, 0, 0.134, 0.07, 0.064
Node_Pate25_Pate17_0, 0.007, 0, 0.009, 0.009, 0.007, 0, 0.007, 0.006, 0.003
Node_Pate25_Pate28_0, 0, 0, 0.011, 0.008, 0, 0, 0, 0, 0.004
Node_Pate25_Pate32_0, 0.013, 0, 0.013, 0.008, 0.013, 0, 0.013, 0.011, 0.002
Node_Pate26_Pate12_0, 0.003, 0, 0.004, 0.004, 0.003, 0, 0.003, 0.001, 0.004
Node_Pate40_Pate24_0, 0.038, 0.001, 0.017, 0.023, 0.038, 0, 0.038, 0.032, 0.008
Node_Pate40_Pate55_0, 0.008, 0, 0.034, 0.01, 0.008, 0, 0.008, 0.006, 0.004
Node_Pate40_Pate7_0, 0.046, 0, 0.044, 0.031, 0.045, 0, 0.046, 0.042, 0.006
Node_Pate43_Pate22_0, 0.009, 0, 0.014, 0.01, 0.009, 0, 0.009, 0.006, 0.004
Node_Pate43_Pate3_0, 0.006, 0, 0.006, 0.006, 0.006, 0, 0.006, 0.004, 0.003
Node_Pate43_Pate44_0, 0.006, 0, 0.003, 0.004, 0.006, 0, 0.006, 0.003, 0.003
Node_Pate43_Pate45_0, 0.019, 0, 0.032, 0.016, 0.018, 0, 0.019, 0.018, 0.001
Node_Pate43_Pate57_0, 0.004, 0, 0.005, 0.006, 0.004, 0, 0.004, 0.003, 0.003
Node_Pate44_Pate10_0, 0.001, 0, 0.006, 0.006, 0.001, 0, 0.001, 0, 0.006
Node_Pate44_Pate52_0, 0.001, 0, 0.005, 0.001, 0.001, 0, 0.001, 0.001, 0
Node_Pate45_Pate11_0, 0.003, 0, 0.008, 0.009, 0.003, 0, 0.003, 0.002, 0.004
Node_Pate45_Pate21_0, 0.007, 0, 0.014, 0.006, 0.007, 0, 0.007, 0.006, 0.002
Node_Pate46_Pate25_0, 0.024, 0, 0.057, 0.019, 0.024, 0, 0.024, 0.023, 0.002
Node_Pate48_Chlo30_0, 1.075, 0.013, 0.398, 0.446, 0.791, 0, 1.075, 1.05, 0.004
Node_Pate48_Pate1_0, 0.076, 0, 0.217, 0.075, 0.075, 0, 0.076, 0.073, 0.005
Node_Pate48_Pate23_0, 0.199, 0, 0.88, 0.251, 0.188, 0, 0.199, 0.198, 0.004
Node_Pate48_Pate30_0, 0.132, 0.002, 0.013, 0.042, 0.13, 0, 0.132, 0.071, 0.059
Node_Pate48_Pate40_0, 0.084, 0.001, 0.018, 0.02, 0.081, 0, 0.084, 0.034, 0.051
Node_Pate48_Pate43_0, 0.05, 0.003, 0.051, 0.033, 0.046, 0, 0.05, 0.028, 0.019
Node_Pate48_Pate46_0, 0.079, 0, 0.125, 0.082, 0.076, 0, 0.079, 0.074, 0.005
Node_Pate48_Pate49_0, 0.034, 0, 0.05, 0.038, 0.034, 0, 0.034, 0.028, 0.008
Node_Pate48_Pate51_0, 0.016, 0, 0.025, 0.019, 0.016, 0, 0.016, 0.012, 0.007
Node_Pate48_Pate56_0, 0.288, 0, 0.003, 0.104, 0.286, 0, 0.288, 0.129, 0.159
Node_Pate49_Pate41_0, 0.007, 0, 0.029, 0.02, 0.007, 0, 0.007, 0.007, 0.002
Node_Pate51_Pate27_0, 0.004, 0, 0.004, 0.003, 0.004, 0, 0.004, 0.002, 0.004
Node_Pate51_Pate33_0, 0.005, 0.001, 0.016, 0.012, 0.005, 0, 0.005, 0.002, 0.004
Node_Pate51_Pate53_0, 0.004, 0, 0.01, 0.011, 0.004, 0, 0.004, 0.002, 0.009
Node_Pate54_Pate31_0, 0.013, 0, 0.126, 0.023, 0.013, 0, 0.013, 0.011, 0.005
Node_Pate9_Pate36_0, 0.001, 0, 0.009, 0.009, 0.001, 0, 0.001, 0, 0.006
Node_Plan17_Plan23_0, 1.045, 0.005, 0.405, 0.161, 1, 0, 1.045, 0.728, 0.316
Node_Plan22_Plan2_0, 0.003, 0, 0.026, 0.017, 0.003, 0, 0.003, 0.002, 0.002
Node_Plan22_Plan4_0, 0.027, 0, 0.389, 0.066, 0.027, 0, 0.027, 0.026, 0.004
Node_Plan26_Plan21_0, 0.059, 0, 0.321, 0.102, 0.059, 0, 0.059, 0.057, 0.002
Node_Plan26_Plan5_0, 0.012, 0, 0.05, 0.037, 0.012, 0, 0.012, 0.012, 0.003
Node_Plan30_Plan14_0, 0.986, 0, 0.024, 0.013, 0.982, 0, 0.986, 0.983, 0.004
Node_Plan31_Plan17_0, 1.129, 0.004, 0.493, 0.325, 0.829, 0, 1.129, 0.852, 0.275
Node_Plan31_Plan18_0, 1.226, 0.007, 0.241, 0.359, 0.912, 0, 1.226, 1.21, 0.008
Node_Plan31_Plan27_0, 1.343, 0.006, 0.018, 0.228, 0.922, 0, 1.343, 1.222, 0.114
Node_Plan31_Plan39_0, 1.241, 0.01, 0.026, 0.257, 0.915, 0, 1.241, 1.196, 0.031
Node_Plan32_Plan12_0, 1.006, 0.004, 0.01, 0.011, 1, 0, 1.006, 0.981, 0.024
Node_Plan32_Plan22_0, 0.412, 0.002, 0.132, 0.117, 0.393, 0, 0.412, 0.245, 0.164
Node_Plan32_Plan26_0, 0.378, 0.005, 0.896, 0.281, 0.336, 0, 0.378, 0.333, 0.039
Node_Plan32_Plan30_0, 1.006, 0.005, 0.057, 0.129, 0.982, 0, 1.006, 0.358, 0.646
Node_Plan32_Plan3_0, 0.988, 0.001, 0.023, 0.01, 0.982, 0, 0.988, 0.983, 0.004
Node_Plan33_Plan44_0, 0.966, 0, 0.055, 0.042, 0.962, 0, 0.966, 0.961, 0.009
Node_Plan42_Plan40_0, 0.942, 0.003, 0.015, 0.161, 0.94, 0, 0.942, 0.92, 0.024
Node_Plan43_Plan16_0, 0.937, 0.003, 0.084, 0.169, 0.923, 0, 0.937, 0.93, 0.006
Node_Plan43_Plan31_0, 1.452, 0.131, 0.039, 0.134, 0.957, 0, 1.452, 1.162, 0.035
Node_Plan43_Plan32_0, 1.23, 0.004, 0.244, 0.235, 0.95, 0, 1.23, 1.206, 0.018
Node_Plan43_Plan33_0, 1.012, 0.005, 0.248, 0.154, 0.958, 0, 1.012, 0.982, 0.025
Node_Plan43_Plan42_0, 0.93, 0.001, 0.013, 0.122, 0.925, 0, 0.93, 0.925, 0.005
Node_Plan43_Plan7_0, 1.325, 0.063, 0.418, 0.12, 0.938, 0, 1.325, 1.187, 0.014
Node_Plan43_Verr11_0, 1.666, 0.071, 0.177, 0.161, 0.978, 0, 1.666, 1.525, 0
Node_Pori1_Pori2_0, 0.204, 0, 0.262, 0.135, 0.196, 0, 0.204, 0.086, 0.119
Node_ProtA11_ProtA32_0, 0.001, 0, 0.003, 0.003, 0.001, 0, 0.001, 0, 0.003
Node_ProtA12_ProtA44_0, 0.002, 0, 0.004, 0.003, 0.002, 0, 0.002, 0, 0.005
Node_ProtA12_ProtA54_0, 0, 0, 0.006, 0.006, 0, 0, 0, 0, 0.004
Node_ProtA13_ProtA24_0, 0.002, 0, 0.007, 0.008, 0.002, 0, 0.002, 0.001, 0.004
Node_ProtA13_ProtA61_0, 0.001, 0, 0.005, 0.004, 0.001, 0, 0.001, 0, 0.004
Node_ProtA13_ProtA77_0, 0.004, 0, 0.006, 0.007, 0.004, 0, 0.004, 0.001, 0.006
Node_ProtA13_ProtA7_0, 0.005, 0, 0.003, 0.003, 0.005, 0, 0.005, 0.002, 0.004
Node_ProtA15_ProtA42_0, 0.002, 0, 0.005, 0.007, 0.002, 0, 0.002, 0, 0.004
Node_ProtA15_ProtA70_0, 0.003, 0, 0.003, 0.004, 0.003, 0, 0.003, 0.002, 0.003
Node_ProtA16_ProtA33_0, 0, 0, 0.003, 0.003, 0, 0, 0, 0, 0.002
Node_ProtA16_ProtA66_0, 0.002, 0, 0.002, 0.003, 0.002, 0, 0.002, 0, 0.004
Node_ProtA16_ProtA69_0, 0.006, 0, 0.005, 0.004, 0.006, 0, 0.006, 0.001, 0.008
Node_ProtA16_ProtA8_0, 0.001, 0, 0.008, 0.008, 0.001, 0, 0.001, 0.001, 0.003
Node_ProtA18_ProtA10_0, 0.002, 0, 0.006, 0.004, 0.002, 0, 0.002, 0, 0.004
Node_ProtA18_ProtA19_0, 0.002, 0, 0.007, 0.004, 0.002, 0, 0.002, 0.002, 0.003
Node_ProtA18_ProtA29_0, 0.004, 0, 0.002, 0.002, 0.004, 0, 0.004, 0.002, 0.003
Node_ProtA18_ProtA53_0, 0.003, 0, 0.003, 0.005, 0.003, 0, 0.003, 0.002, 0.004
Node_ProtA19_ProtA14_0, 0.006, 0, 0.003, 0.002, 0.006, 0, 0.006, 0, 0.007
Node_ProtA19_ProtA20_0, 0.006, 0, 0.002, 0, 0.006, 0, 0.006, 0, 0.006
Node_ProtA19_ProtA3_0, 0.001, 0, 0.008, 0.007, 0.001, 0, 0.001, 0, 0.003
Node_ProtA19_ProtA46_0, 0.002, 0, 0.004, 0.001, 0.002, 0, 0.002, 0, 0.003
Node_ProtA19_ProtA49_0, 0.001, 0, 0.004, 0.006, 0.001, 0, 0.001, 0.001, 0.003
Node_ProtA19_ProtA56_0, 0.003, 0, 0.007, 0.007, 0.003, 0, 0.003, 0.002, 0.004
Node_ProtA19_ProtA68_0, 0.003, 0, 0.005, 0.005, 0.003, 0, 0.003, 0, 0.007
Node_ProtA19_ProtA74_0, 0.003, 0, 0.003, 0.003, 0.003, 0, 0.003, 0.001, 0.003
Node_ProtA19_ProtA75_0, 0.002, 0, 0.003, 0.001, 0.002, 0, 0.002, 0.001, 0.002
Node_ProtA20_ProtA11_0, 0.001, 0, 0.006, 0.006, 0.001, 0, 0.001, 0.001, 0.001
Node_ProtA20_ProtA5_0, 0.003, 0, 0.005, 0.004, 0.003, 0, 0.003, 0, 0.007
Node_ProtA26_ProtA37_0, 0.217, 0, 0.003, 0.069, 0.217, 0, 0.217, 0.075, 0.142
Node_ProtA26_ProtA45_0, 0.078, 0.003, 0.005, 0.015, 0.076, 0, 0.078, 0.033, 0.043
Node_ProtA27_ProtA21_0, 0.002, 0, 0.004, 0.002, 0.002, 0, 0.002, 0.001, 0.002
Node_ProtA30_ProtA35_0, 0.001, 0, 0.003, 0.001, 0.001, 0, 0.001, 0.001, 0
Node_ProtA34_Acid38_0, 1.418, 0.012, 0.291, 0.271, 0.92, 0, 1.418, 1.388, 0.015
Node_ProtA34_Chry1_0, 1.682, 0.025, 0.249, 0.187, 0.986, 0, 1.682, 1.624, 0.012
Node_ProtA34_DesuB4_0, 0.357, 0.003, 0.055, 0.093, 0.325, 0, 0.357, 0.291, 0.062
Node_ProtA34_DesuC2_0, 0.447, 0.007, 0.064, 0.078, 0.425, 0, 0.447, 0.289, 0.147
Node_ProtA34_J088X1_0, 0.942, 0.015, 0.017, 0.074, 0.904, 0, 0.942, 0.421, 0.497
Node_ProtA34_Nitr14_0, 1.36, 0.014, 0.095, 0.243, 0.9, 0, 1.36, 1.312, 0.023
Node_ProtA34_ProtA13_0, 0.004, 0, 0.003, 0.001, 0.004, 0, 0.004, 0.001, 0.004
Node_ProtA34_ProtA16_0, 0.003, 0, 0.003, 0.001, 0.003, 0, 0.003, 0.002, 0.001
Node_ProtA34_ProtA18_0, 0.006, 0, 0.009, 0.006, 0.006, 0, 0.006, 0.004, 0.004
Node_ProtA34_ProtA26_0, 0.037, 0.001, 0.001, 0.014, 0.036, 0, 0.037, 0.018, 0.018
Node_ProtA34_ProtA38_0, 0.005, 0, 0.005, 0.004, 0.005, 0, 0.005, 0.003, 0.004
Node_ProtA34_ProtA39_0, 0.011, 0, 0.027, 0.008, 0.011, 0, 0.011, 0.01, 0.001
Node_ProtA34_ProtA40_0, 0.004, 0, 0.008, 0.007, 0.004, 0, 0.004, 0, 0.008
Node_ProtA34_ProtA43_0, 0.002, 0, 0.004, 0.003, 0.002, 0, 0.002, 0.001, 0.002
Node_ProtA34_ProtA9_0, 0.019, 0, 0.007, 0.008, 0.019, 0, 0.019, 0.014, 0.005
Node_ProtA34_ProtG30_0, 0.905, 0, 0.042, 0.023, 0.891, 0, 0.905, 0.901, 0.005
Node_ProtA34_ProtM1_0, 0.02, 0, 0.891, 0.019, 0.02, 0, 0.02, 0.015, 0.006
Node_ProtA34_SAR3X2_0, 0.429, 0, 0.944, 0.222, 0.374, 0, 0.429, 0.416, 0.013
Node_ProtA34_SM23X1_0, 1.894, 0.337, 0.04, 0.44, 0.992, 0.002, 1.894, 1.252, 0.032
Node_ProtA34_Spir10_0, 1.563, 0.15, 0.095, 0.237, 0.974, 0.001, 1.563, 1.271, 0.004
Node_ProtA34_UBA2X1_0, 0.347, 0.002, 0.111, 0.124, 0.313, 0, 0.347, 0.316, 0.027
Node_ProtA34_Wall1_0, 1.503, 0.538, 0.005, 0.298, 0.97, 0.97, 1.503, 0.472, 0
Node_ProtA34_mitoFungi_0, 0.021, 0.002, 0.012, 0.015, 0.02, 0, 0.021, 0.009, 0.011
Node_ProtA38_ProtA15_0, 0.003, 0, 0.004, 0.002, 0.003, 0, 0.003, 0.001, 0.002
Node_ProtA38_ProtA41_0, 0, 0, 0.006, 0.004, 0, 0, 0, 0, 0.004
Node_ProtA38_ProtA64_0, 0.002, 0, 0.01, 0.008, 0.002, 0, 0.002, 0, 0.009
Node_ProtA39_ProtA12_0, 0.001, 0, 0.005, 0.005, 0.001, 0, 0.001, 0, 0.002
Node_ProtA39_ProtA27_0, 0.004, 0, 0.012, 0.01, 0.004, 0, 0.004, 0.003, 0.005
Node_ProtA39_ProtA30_0, 0.004, 0, 0.006, 0.005, 0.004, 0, 0.004, 0, 0.006
Node_ProtA39_ProtA36_0, 0.004, 0, 0.004, 0.004, 0.004, 0, 0.004, 0, 0.007
Node_ProtA3_ProtA72_0, 0.003, 0, 0.005, 0.006, 0.003, 0, 0.003, 0.002, 0.002
Node_ProtA3_ProtA76_0, 0.006, 0, 0, 0, 0.006, 0, 0.006, 0.001, 0.005
Node_ProtA40_ProtA67_0, 0.004, 0, 0.003, 0.003, 0.004, 0, 0.004, 0.002, 0.003
Node_ProtA46_ProtA55_0, 0, 0, 0.004, 0.002, 0, 0, 0, 0, 0.002
Node_ProtA47_ProtA63_0, 0.001, 0, 0.003, 0.003, 0.001, 0, 0.001, 0, 0.002
Node_ProtA53_ProtA58_0, 0, 0, 0.006, 0.006, 0, 0, 0, 0, 0.003
Node_ProtA56_ProtA52_0, 0.003, 0, 0.003, 0.002, 0.003, 0, 0.003, 0.002, 0.003
Node_ProtA68_ProtA2_0, 0, 0, 0.006, 0.005, 0, 0, 0, 0, 0.003
Node_ProtA69_ProtA50_0, 0.002, 0, 0.007, 0.002, 0.002, 0, 0.002, 0, 0.003
Node_ProtA70_ProtA57_0, 0, 0, 0.005, 0.004, 0, 0, 0, 0, 0.002
Node_ProtA76_ProtA47_0, 0.002, 0, 0.006, 0.005, 0.002, 0, 0.002, 0, 0.005
Node_ProtA76_ProtA48_0, 0.003, 0, 0.006, 0.005, 0.003, 0, 0.003, 0.002, 0.003
Node_ProtA76_ProtA62_0, 0.001, 0, 0.003, 0.002, 0.001, 0, 0.001, 0, 0.002
Node_ProtA76_ProtA71_0, 0.002, 0, 0.005, 0.004, 0.002, 0, 0.002, 0, 0.006
Node_ProtA77_ProtA31_0, 0.001, 0, 0.006, 0.003, 0.001, 0, 0.001, 0, 0.003
Node_ProtA77_ProtA51_0, 0.001, 0, 0.003, 0.003, 0.001, 0, 0.001, 0, 0.003
Node_ProtA9_ProtA60_0, 0.001, 0, 0.022, 0.005, 0.001, 0, 0.001, 0, 0.004
Node_ProtG12_ProtG5_0, 0.251, 0.003, 0.007, 0.04, 0.248, 0, 0.251, 0.066, 0.187
Node_ProtG16_ProtG17_0, 0.002, 0, 0.013, 0.01, 0.002, 0, 0.002, 0.001, 0.008
Node_ProtG18_ProtG10_0, 0.024, 0, 0.007, 0.011, 0.024, 0, 0.024, 0.007, 0.021
Node_ProtG18_ProtG12_0, 0.068, 0, 0.004, 0.014, 0.068, 0, 0.068, 0.024, 0.048
Node_ProtG18_ProtG14_0, 0.01, 0, 0, 0.005, 0.01, 0, 0.01, 0.002, 0.008
Node_ProtG18_ProtG21_0, 0.004, 0, 0.067, 0.012, 0.004, 0, 0.004, 0.003, 0.003
Node_ProtG24_ProtG18_0, 0.002, 0, 0.004, 0.003, 0.002, 0, 0.002, 0, 0.002
Node_ProtG25_ProtG9_0, 0.002, 0, 0.005, 0.004, 0.002, 0, 0.002, 0, 0.005
Node_ProtG29_ProtG76_0, 0, 0, 0.003, 0.002, 0, 0, 0, 0, 0.002
Node_ProtG30_ProtG19_0, 0, 0, 0.003, 0.001, 0, 0, 0, 0, 0
Node_ProtG30_ProtG31_0, 0.005, 0, 0.005, 0.009, 0.005, 0, 0.005, 0.001, 0.007
Node_ProtG30_ProtG34_0, 0.004, 0, 0.007, 0.004, 0.004, 0, 0.004, 0.001, 0.006
Node_ProtG30_ProtG35_0, 0.004, 0, 0.006, 0.005, 0.004, 0, 0.004, 0.002, 0.006
Node_ProtG30_ProtG39_0, 0.003, 0, 0.003, 0.003, 0.003, 0, 0.003, 0, 0.004
Node_ProtG30_ProtG42_0, 0.004, 0, 0.002, 0.003, 0.004, 0, 0.004, 0, 0.006
Node_ProtG30_ProtG49_0, 0.001, 0, 0.004, 0.003, 0.001, 0, 0.001, 0, 0.002
Node_ProtG30_ProtG50_0, 0.003, 0, 0.002, 0.001, 0.003, 0, 0.003, 0.002, 0.001
Node_ProtG30_ProtG64_0, 0.002, 0, 0.004, 0.005, 0.002, 0, 0.002, 0.001, 0.003
Node_ProtG30_ProtG71_0, 0.005, 0, 0.014, 0.007, 0.005, 0, 0.005, 0.005, 0.005
Node_ProtG30_ProtG80_0, 0.002, 0, 0.004, 0.002, 0.002, 0, 0.002, 0.002, 0.001
Node_ProtG30_ProtG84_0, 0.003, 0, 0.004, 0.002, 0.003, 0, 0.003, 0.001, 0.003
Node_ProtG30_ProtG85_0, 0, 0, 0.005, 0.006, 0, 0, 0, 0, 0.003
Node_ProtG30_ProtG87_0, 0.003, 0, 0.004, 0.003, 0.003, 0, 0.003, 0, 0.006
Node_ProtG30_ProtZ3_0, 0.014, 0, 0.891, 0.013, 0.014, 0, 0.014, 0.013, 0.001
Node_ProtG30_ProtZ5_0, 0.904, 0, 0.02, 0.022, 0.901, 0, 0.904, 0.886, 0.019
Node_ProtG31_ProtG16_0, 0.007, 0, 0.002, 0.002, 0.007, 0, 0.007, 0.002, 0.006
Node_ProtG31_ProtG32_0, 0.002, 0, 0.005, 0.005, 0.002, 0, 0.002, 0.001, 0.002
Node_ProtG31_ProtG36_0, 0.003, 0, 0.004, 0.003, 0.003, 0, 0.003, 0, 0.004
Node_ProtG31_ProtG44_0, 0.001, 0, 0.008, 0.007, 0.001, 0, 0.001, 0.001, 0.002
Node_ProtG31_ProtG45_0, 0.003, 0.001, 0.003, 0.004, 0.003, 0, 0.003, 0.002, 0.003
Node_ProtG31_ProtG47_0, 0.003, 0, 0.005, 0.004, 0.003, 0, 0.003, 0.001, 0.005
Node_ProtG31_ProtG61_0, 0.003, 0, 0.005, 0.004, 0.003, 0, 0.003, 0.001, 0.005
Node_ProtG32_ProtG26_0, 0.002, 0, 0.006, 0.004, 0.002, 0, 0.002, 0.001, 0.003
Node_ProtG32_ProtG33_0, 0.002, 0, 0.003, 0.004, 0.002, 0, 0.002, 0.001, 0.003
Node_ProtG32_ProtG37_0, 0, 0, 0.006, 0.004, 0, 0, 0, 0, 0.004
Node_ProtG32_ProtG43_0, 0.005, 0, 0.001, 0.001, 0.005, 0, 0.005, 0, 0.006
Node_ProtG33_ProtG48_0, 0.004, 0, 0.004, 0.003, 0.004, 0, 0.004, 0.001, 0.005
Node_ProtG33_ProtG67_0, 0.003, 0, 0.002, 0.002, 0.003, 0, 0.003, 0.001, 0.003
Node_ProtG33_ProtG7_0, 0.003, 0, 0.008, 0.006, 0.003, 0, 0.003, 0, 0.007
Node_ProtG35_ProtG81_0, 0.001, 0, 0.004, 0.003, 0.001, 0, 0.001, 0, 0.001
Node_ProtG36_ProtG20_0, 0.001, 0, 0.002, 0.001, 0.001, 0, 0.001, 0, 0.001
Node_ProtG36_ProtG24_0, 0.004, 0, 0.004, 0.005, 0.004, 0, 0.004, 0.002, 0.005
Node_ProtG36_ProtG38_0, 0.003, 0, 0.006, 0.004, 0.003, 0, 0.003, 0, 0.006
Node_ProtG36_ProtG65_0, 0.002, 0, 0.004, 0.002, 0.002, 0, 0.002, 0.001, 0.002
Node_ProtG37_ProtG41_0, 0.002, 0, 0.003, 0.002, 0.002, 0, 0.002, 0, 0.002
Node_ProtG37_ProtG51_0, 0, 0, 0.005, 0.005, 0, 0, 0, 0, 0.003
Node_ProtG37_ProtG53_0, 0, 0, 0.004, 0.004, 0, 0, 0, 0, 0.004
Node_ProtG37_ProtG8_0, 0.003, 0, 0.002, 0.003, 0.003, 0, 0.003, 0, 0.005
Node_ProtG38_ProtG28_0, 0.001, 0, 0.004, 0.002, 0.001, 0, 0.001, 0.001, 0.002
Node_ProtG38_ProtG46_0, 0.002, 0, 0.005, 0.004, 0.002, 0, 0.002, 0, 0.006
Node_ProtG39_ProtG15_0, 0.005, 0, 0.004, 0.004, 0.005, 0, 0.005, 0.001, 0.006
Node_ProtG41_ProtG40_0, 0, 0, 0.006, 0.004, 0, 0, 0, 0, 0.004
Node_ProtG42_ProtG74_0, 0.002, 0, 0.004, 0.001, 0.002, 0, 0.002, 0.001, 0.002
Node_ProtG43_ProtG55_0, 0, 0, 0.007, 0.005, 0, 0, 0, 0, 0.002
Node_ProtG44_ProtG22_0, 0.001, 0, 0.004, 0.005, 0.001, 0, 0.001, 0, 0.004
Node_ProtG45_ProtG66_0, 0.001, 0, 0.004, 0.002, 0.001, 0, 0.001, 0, 0.002
Node_ProtG45_ProtG75_0, 0.001, 0.001, 0.004, 0.003, 0.001, 0, 0.001, 0, 0.003
Node_ProtG47_ProtG62_0, 0, 0, 0.003, 0.002, 0, 0, 0, 0, 0
Node_ProtG48_ProtG1_0, 0.003, 0, 0.004, 0.005, 0.003, 0, 0.003, 0.002, 0.003
Node_ProtG48_ProtG25_0, 0.002, 0, 0.006, 0.008, 0.002, 0, 0.002, 0, 0.005
Node_ProtG48_ProtG6_0, 0.003, 0, 0.003, 0.003, 0.003, 0, 0.003, 0.001, 0.004
Node_ProtG49_ProtG29_0, 0.001, 0, 0.004, 0.005, 0.001, 0, 0.001, 0, 0.004
Node_ProtG53_ProtG27_0, 0.003, 0, 0.003, 0.003, 0.003, 0, 0.003, 0, 0.006
Node_ProtG53_ProtG70_0, 0.002, 0, 0.006, 0.005, 0.002, 0, 0.002, 0, 0.005
Node_ProtG58_ProtG59_0, 0.004, 0, 0.005, 0.006, 0.004, 0, 0.004, 0.002, 0.006
Node_ProtG59_ProtG73_0, 0.001, 0, 0.006, 0.005, 0.001, 0, 0.001, 0, 0.003
Node_ProtG61_ProtG60_0, 0.002, 0, 0.004, 0.007, 0.002, 0, 0.002, 0, 0.005
Node_ProtG61_ProtG72_0, 0.002, 0, 0.002, 0.002, 0.002, 0, 0.002, 0.001, 0.001
Node_ProtG61_ProtG78_0, 0.001, 0, 0.003, 0.004, 0.001, 0, 0.001, 0.001, 0.002
Node_ProtG62_ProtG77_0, 0, 0, 0.004, 0.004, 0, 0, 0, 0, 0.004
Node_ProtG65_ProtG69_0, 0.001, 0, 0.007, 0.008, 0.001, 0, 0.001, 0, 0.006
Node_ProtG66_ProtG68_0, 0.001, 0, 0.002, 0.002, 0.001, 0, 0.001, 0.001, 0.002
Node_ProtG67_ProtG63_0, 0, 0, 0.004, 0.002, 0, 0, 0, 0, 0.001
Node_ProtG80_ProtG57_0, 0.002, 0, 0.002, 0.002, 0.002, 0, 0.002, 0, 0.002
Node_ProtG81_ProtG79_0, 0.001, 0, 0.002, 0.002, 0.001, 0, 0.001, 0, 0.002
Node_ProtG83_ProtG52_0, 0, 0, 0.003, 0.004, 0, 0, 0, 0, 0.002
Node_ProtG83_ProtG89_0, 0.001, 0, 0.001, 0.001, 0.001, 0, 0.001, 0.001, 0.001
Node_ProtG84_ProtG11_0, 0, 0, 0.003, 0.002, 0, 0, 0, 0, 0.002
Node_ProtG84_ProtG83_0, 0.001, 0, 0.004, 0.003, 0.001, 0, 0.001, 0.001, 0.002
Node_ProtG84_ProtG90_0, 0.003, 0, 0.007, 0.007, 0.003, 0, 0.003, 0.002, 0.007
Node_ProtG85_ProtG56_0, 0.002, 0, 0, 0, 0.002, 0, 0.002, 0, 0.002
Node_ProtG85_ProtG58_0, 0.003, 0, 0.001, 0.002, 0.003, 0, 0.003, 0, 0.004
Node_ProtG85_ProtG86_0, 0.002, 0, 0.003, 0.002, 0.002, 0, 0.002, 0, 0.003
Node_ProtG85_ProtG88_0, 0, 0, 0.005, 0.002, 0, 0, 0, 0, 0.002
Node_ProtG85_ProtG91_0, 0, 0, 0.004, 0.002, 0, 0, 0, 0, 0.002
Node_ProtG86_ProtG82_0, 0.002, 0, 0.005, 0.009, 0.002, 0, 0.002, 0, 0.005
Node_ProtG87_ProtG3_0, 0.003, 0, 0.003, 0.002, 0.003, 0, 0.003, 0.002, 0.001
Node_ProtG87_ProtG4_0, 0.005, 0, 0.007, 0.01, 0.005, 0, 0.005, 0.001, 0.009
Node_ProtG89_ProtG13_0, 0.002, 0, 0.003, 0.004, 0.002, 0, 0.002, 0, 0.004
Node_ProtG90_ProtG54_0, 0.001, 0, 0.004, 0.002, 0.001, 0, 0.001, 0.001, 0.002
Node_ProtM1_ProtM2_0, 0.002, 0, 0.004, 0.004, 0.002, 0, 0.002, 0, 0.005
Node_ProtM1_ProtM3_0, 0.001, 0, 0.021, 0.015, 0.001, 0, 0.001, 0.001, 0.002
Node_ProtZ1_ProtZ4_0, 0.002, 0, 0.005, 0.006, 0.002, 0, 0.002, 0, 0.007
Node_ProtZ3_ProtZ1_0, 0, 0, 0.007, 0.006, 0, 0, 0, 0, 0.003
Node_ProtZ3_ProtZ2_0, 0.004, 0, 0.013, 0.01, 0.004, 0, 0.004, 0.003, 0.003
Node_SAR3X2_BMS3X1_0, 0.038, 0, 0.391, 0.107, 0.038, 0, 0.038, 0.038, 0
Node_SAR3X2_SAR3X1_0, 0.008, 0, 0.031, 0.018, 0.008, 0, 0.008, 0.008, 0.001
Node_SM23X1_AABM5X1_0, 0.02, 0, 0.002, 0.003, 0.02, 0, 0.02, 0.006, 0.016
Node_SM23X1_Aero1_0, 1.737, 0.061, 0.229, 0.371, 0.98, 0, 1.737, 1.61, 0.011
Node_SM23X1_Bact27_0, 0.006, 0, 0.006, 0.005, 0.006, 0, 0.006, 0.004, 0.003
Node_SM23X1_Caldit2_0, 0.056, 0, 0.007, 0.008, 0.056, 0, 0.056, 0.016, 0.043
Node_SM23X1_Fibr4_0, 0.009, 0, 0.022, 0.007, 0.009, 0, 0.009, 0.009, 0.001
Node_SM23X1_Hydr2_0, 1.752, 0.04, 0.052, 0.355, 0.98, 0, 1.752, 1.654, 0.027
Node_SM23X1_KSB1X2_0, 0.004, 0, 0.055, 0.005, 0.004, 0, 0.004, 0.003, 0.003
Node_SM23X1_KSB1X3_0, 0.004, 0, 0.003, 0.002, 0.004, 0, 0.004, 0.002, 0.003
Node_SM23X1_P4572X1_0, 0.03, 0, 0.068, 0.015, 0.03, 0, 0.03, 0.024, 0.006
Node_SM23X1_Pori1_0, 0.347, 0.002, 1.433, 0.366, 0.31, 0, 0.347, 0.318, 0.026
Node_SM23X1_RBG1_0, 0.137, 0.001, 0.212, 0.102, 0.133, 0, 0.137, 0.135, 0.001
Node_SM23X1_TA06X1_0, 0.092, 0, 0.048, 0.044, 0.091, 0, 0.092, 0.089, 0.003
Node_SM23X1_Zixi5_0, 0.03, 0.001, 0.012, 0.015, 0.029, 0, 0.03, 0.018, 0.011
Node_Spir10_Lind1_0, 0.323, 0.005, 1.248, 0.356, 0.301, 0, 0.323, 0.315, 0.003
Node_Spir10_Spir11_0, 0.027, 0, 0.078, 0.055, 0.027, 0, 0.027, 0.027, 0.001
Node_Spir10_Spir12_0, 0.008, 0, 0.021, 0.011, 0.008, 0, 0.008, 0.008, 0.002
Node_Spir10_Spir13_0, 0.004, 0, 0.011, 0.013, 0.004, 0, 0.004, 0, 0.01
Node_Spir10_Spir15_0, 0.104, 0, 0.221, 0.138, 0.102, 0, 0.104, 0.103, 0.002
Node_Spir10_Spir3_0, 0.002, 0, 0.007, 0.005, 0.002, 0, 0.002, 0.001, 0.005
Node_Spir10_Spir8_0, 0.005, 0, 0.006, 0.003, 0.005, 0, 0.005, 0.003, 0.003
Node_Spir13_Spir2_0, 0.001, 0, 0.005, 0.005, 0.001, 0, 0.001, 0.001, 0.002
Node_Spir15_Spir4_0, 0.019, 0, 0.087, 0.04, 0.019, 0, 0.019, 0.018, 0.002
Node_Spir15_Spir9_0, 0.003, 0, 0.019, 0.01, 0.003, 0, 0.003, 0.003, 0.003
Node_Sume1_OLB1X1_0, 0.836, 0.014, 0.967, 0.531, 0.814, 0, 0.836, 0.788, 0.028
Node_Sume1_UBP4X1_0, 0.648, 0.002, 0.193, 0.253, 0.647, 0, 0.648, 0.645, 0.003
Node_Syne1_Calda2_0, 0.262, 0.001, 0.695, 0.371, 0.254, 0, 0.262, 0.262, 0.001
Node_Syne1_Cyan40_0, 1.786, 0.26, 0.041, 0.575, 0.996, 0.017, 1.786, 1.303, 0.007
Node_Syne1_Dein5_0, 0.955, 0.009, 0.848, 0.563, 0.808, 0, 0.955, 0.933, 0.008
Node_Syne1_Syne2_0, 0.003, 0, 0.006, 0.004, 0.003, 0, 0.003, 0.001, 0.003
Node_Syne1_Syne4_0, 0.019, 0, 0.053, 0.041, 0.019, 0, 0.019, 0.017, 0.004
Node_Syne1_Syne6_0, 0.007, 0, 0.015, 0.009, 0.007, 0, 0.007, 0.006, 0.003
Node_Syne1_Syne7_0, 0.006, 0, 0.006, 0.004, 0.006, 0, 0.006, 0.003, 0.005
Node_Syne1_Syne9_0, 0.068, 0, 0.195, 0.131, 0.068, 0, 0.068, 0.067, 0.001
Node_Syne2_Syne8_0, 0.004, 0, 0.003, 0.002, 0.004, 0, 0.004, 0, 0.004
Node_Syne4_Syne5_0, 0.005, 0, 0.016, 0.007, 0.005, 0, 0.005, 0.004, 0.002
Node_Syne7_Syne10_0, 0.002, 0, 0.009, 0.009, 0.002, 0, 0.002, 0.001, 0.005
Node_Syne8_Syne3_0, 0.002, 0, 0.007, 0.005, 0.002, 0, 0.002, 0.001, 0.005
Node_TA06X1_Cloa1_0, 0.057, 0, 0.036, 0.01, 0.057, 0, 0.057, 0.056, 0.001
Node_TA06X1_Edwa1_0, 0.084, 0, 0.004, 0.016, 0.084, 0, 0.084, 0.054, 0.031
Node_TA06X1_WOR1_0, 0.184, 0, 0, 0.017, 0.183, 0, 0.184, 0.084, 0.1
Node_Therd1_Dict1_0, 0.073, 0.001, 0.637, 0.24, 0.072, 0, 0.073, 0.073, 0.002
Node_Therg2_Therg4_0, 0.18, 0, 0.071, 0.036, 0.178, 0, 0.18, 0.041, 0.144
Node_Therg3_Therg5_0, 0.005, 0, 0.021, 0.015, 0.005, 0, 0.005, 0.005, 0.002
Node_Therg8_Therg2_0, 0.107, 0.001, 0.206, 0.174, 0.106, 0, 0.107, 0.077, 0.03
Node_Therg8_Therg3_0, 0.024, 0, 0.085, 0.033, 0.023, 0, 0.024, 0.023, 0.002
Node_Therg8_Therg6_0, 0.004, 0, 0.024, 0.014, 0.004, 0, 0.004, 0.002, 0.004
Node_Thers1_Desua45_0, 0.037, 0, 0.863, 0.105, 0.037, 0, 0.037, 0.037, 0.001
Node_UBA1X2_UBA1X3_0, 0.011, 0, 0.08, 0.017, 0.011, 0, 0.011, 0.01, 0.005
Node_UBA1X2_UBA1X5_0, 0.003, 0, 0.009, 0.006, 0.003, 0, 0.003, 0.003, 0.001
Node_UBA1X5_UBA1X4_0, 0, 0, 0.005, 0.003, 0, 0, 0, 0, 0.002
Node_UBA1X6_UBA1X1_0, 0.276, 0, 0.017, 0.024, 0.274, 0, 0.276, 0.07, 0.207
Node_UBA1X6_UBA1X2_0, 0.086, 0, 0.046, 0.035, 0.082, 0, 0.086, 0.046, 0.04
Node_UBA2X1_DesuD2_0, 0.022, 0, 0.055, 0.021, 0.022, 0, 0.022, 0.022, 0
Node_UBA2X1_Desua22_0, 0.077, 0, 0.272, 0.051, 0.076, 0, 0.077, 0.075, 0.002
Node_UBA2X1_Desua28_0, 0.012, 0, 0.015, 0.011, 0.012, 0, 0.012, 0.01, 0.005
Node_UBA2X1_SZUA2_0, 0.001, 0, 0.012, 0.008, 0.001, 0, 0.001, 0.001, 0.001
Node_UBA6X1_Desa1_0, 0.028, 0, 0.077, 0.044, 0.028, 0, 0.028, 0.027, 0.002
Node_UBA6X1_Elus1_0, 0.01, 0, 0.018, 0.013, 0.01, 0, 0.01, 0.01, 0
Node_UBA6X1_Gold1_0, 0.103, 0.001, 0.248, 0.128, 0.101, 0, 0.103, 0.101, 0.002
Node_UBA9X1_UBA9X3_0, 0.023, 0, 0.082, 0.035, 0.023, 0, 0.023, 0.022, 0.002
Node_UBA9X3_UBA9X2_0, 0.003, 0, 0.022, 0.014, 0.003, 0, 0.003, 0.001, 0.002
Node_Verr11_Aure2_0, 0.1, 0.001, 0.111, 0.138, 0.098, 0, 0.1, 0.099, 0.001
Node_Verr11_Aure3_0, 0.209, 0.002, 0.634, 0.262, 0.203, 0, 0.209, 0.204, 0.002
Node_Verr11_Omni4_0, 0.839, 0.015, 0.847, 0.346, 0.667, 0, 0.839, 0.816, 0.005
Node_Verr11_Verr12_0, 0.001, 0, 0.01, 0.011, 0.001, 0, 0.001, 0.001, 0.004
Node_Verr11_Verr14_0, 0.007, 0, 0.009, 0.01, 0.007, 0, 0.007, 0.002, 0.009
Node_Verr11_Verr7_0, 0.014, 0, 0.042, 0.023, 0.014, 0, 0.014, 0.013, 0.005
Node_Verr11_Verr8_0, 0.051, 0.001, 0.051, 0.052, 0.051, 0, 0.051, 0.049, 0.001
Node_Verr11_Verr9_0, 0.007, 0, 0.011, 0.014, 0.007, 0, 0.007, 0.005, 0.004
Node_Verr3_Verr10_0, 0.002, 0, 0.003, 0.004, 0.002, 0, 0.002, 0.001, 0.002
Node_Verr5_Verr6_0, 0.004, 0, 0.016, 0.014, 0.004, 0, 0.004, 0.003, 0.003
Node_Verr7_Verr13_0, 0.001, 0, 0.006, 0.006, 0.001, 0, 0.001, 0, 0.003
Node_Verr7_Verr2_0, 0, 0, 0.002, 0.003, 0, 0, 0, 0, 0.001
Node_Verr7_Verr4_0, 0.004, 0, 0.013, 0.005, 0.004, 0, 0.004, 0.003, 0.003
Node_Verr8_Verr3_0, 0.003, 0, 0.015, 0.011, 0.003, 0, 0.003, 0.003, 0.001
Node_Verr8_Verr5_0, 0.017, 0, 0.038, 0.034, 0.017, 0, 0.017, 0.015, 0.004
Node_WOR1_WOR2_0, 0.045, 0, 0.168, 0.029, 0.045, 0, 0.045, 0.019, 0.029
Node_WOR1_WOR3_0, 0.277, 0.001, 0.006, 0.044, 0.276, 0, 0.277, 0.087, 0.191
Node_WOR1_WOR6_0, 0.091, 0, 0.012, 0.023, 0.091, 0, 0.091, 0.034, 0.058
Node_WOR2_WOR4_0, 0.008, 0, 0.04, 0.011, 0.008, 0, 0.008, 0.006, 0.003
Node_WOR6_WOR7_0, 0.004, 0, 0.09, 0.026, 0.004, 0, 0.004, 0.004, 0.003
Node_Wall1_Fuso2_0, 0.147, 0, 1.397, 0.342, 0.139, 0, 0.147, 0.146, 0.001
Node_Wall1_Muir1_0, 0.003, 0, 0.028, 0.017, 0.003, 0, 0.003, 0.002, 0.001
Node_Wall1_Rifl1_0, 0.03, 0, 0.119, 0.092, 0.03, 0, 0.03, 0.03, 0.002
Node_Wall1_Syne1_0, 1.543, 0.159, 0.128, 0.323, 0.978, 0.008, 1.543, 1.231, 0.001
Node_Zixi2_Zixi1_0, 0.004, 0, 0.011, 0.008, 0.004, 0, 0.004, 0.002, 0.004
Node_Zixi4_Zixi2_0, 0.011, 0, 0.028, 0.017, 0.011, 0, 0.011, 0.009, 0.002
Node_Zixi4_Zixi3_0, 0.002, 0, 0.012, 0.007, 0.002, 0, 0.002, 0.001, 0.003
Node_Zixi5_Late2_0, 0.048, 0, 0.008, 0.014, 0.047, 0, 0.048, 0.022, 0.026
Node_Zixi5_TA06A1_0, 0.303, 0.004, 0.004, 0.195, 0.3, 0, 0.303, 0.104, 0.195
Node_Zixi5_UBP14X1_0, 0.108, 0, 0.004, 0.044, 0.107, 0, 0.108, 0.045, 0.064
Node_Zixi5_Zixi4_0, 0.037, 0, 0.267, 0.061, 0.036, 0, 0.037, 0.036, 0.001
Node_chloroArabidopsis_chloroBryophyte_0, 0, 0, 0.007, 0.005, 0, 0, 0, 0, 0.003
Node_chloroArabidopsis_chloroChlorophyta_0, 0.004, 0, 0.013, 0.008, 0.004, 0, 0.004, 0.004, 0.005
Node_chloroArabidopsis_chloroLycophyte_0, 0.005, 0, 0.003, 0.005, 0.005, 0, 0.005, 0, 0.008
Node_chloroArabidopsis_chloroRedAlgae_0, 0.012, 0, 0.236, 0.022, 0.012, 0, 0.012, 0.012, 0.002
Node_mitoAnnelida_mitoChelicerate_0, 0.004, 0, 0.005, 0.005, 0.004, 0, 0.004, 0.002, 0.005
Node_mitoAnnelida_mitoMollusc_0, 0.001, 0, 0.007, 0.005, 0.001, 0, 0.001, 0, 0.005
Node_mitoAnnelida_mitoPriapulid_0, 0.003, 0, 0.004, 0.003, 0.003, 0, 0.003, 0.001, 0.003
Node_mitoArabidopsis_mitoLycophyte_0, 0.001, 0, 0.006, 0.006, 0.001, 0, 0.001, 0, 0.007
Node_mitoBryophyte_mitoArabidopsis_0, 0, 0, 0.006, 0.005, 0, 0, 0, 0, 0.004
Node_mitoBryophyte_mitoChlorophyta_0, 0.002, 0, 0.006, 0.008, 0.002, 0, 0.002, 0, 0.006
Node_mitoBryophyte_mitoExcavata_0, 0.004, 0.001, 0.008, 0.007, 0.004, 0, 0.004, 0.001, 0.006
Node_mitoBryophyte_mitoParamecium_0, 0.003, 0, 0.003, 0.002, 0.003, 0, 0.003, 0.002, 0.002
Node_mitoBryophyte_mitoRedAlgae_0, 0.002, 0, 0.007, 0.007, 0.002, 0, 0.002, 0.001, 0.006
Node_mitoChelicerate_mitoInsect_0, 0.002, 0, 0.003, 0.002, 0.002, 0, 0.002, 0.001, 0.001
Node_mitoFungi_mitoAnnelida_0, 0.004, 0, 0.005, 0.007, 0.004, 0, 0.004, 0.002, 0.004
Node_mitoFungi_mitoBryophyte_0, 0.005, 0, 0.018, 0.01, 0.005, 0, 0.005, 0.003, 0.002
OLB1X1, 1, 0, 0.025, 0.152, 1, 0, 1, 0.812, 0.189
Omni2, 0, 0, 0.006, 0.006, 0, 0, 0, 0, 0.002
Omni3, 0, 0, 0.08, 0.041, 0, 0, 0, 0, 0.005
Omni4, 0, 0, 0.007, 0.004, 0, 0, 0, 0, 0.003
Omni6, 0, 0, 0.616, 0.09, 0, 0, 0, 0, 0.004
Omni7, 0, 0, 0.019, 0.013, 0, 0, 0, 0, 0.004
Omni8, 1, 0.001, 0.026, 0.196, 1, 0, 1, 0.587, 0.413
P4572X1, 0, 0, 0.006, 0.005, 0, 0, 0, 0, 0.004
Pate1, 0, 0, 0.019, 0.016, 0, 0, 0, 0, 0.003
Pate10, 0, 0, 0.003, 0.003, 0, 0, 0, 0, 0.002
Pate11, 0, 0, 0.008, 0.007, 0, 0, 0, 0, 0.005
Pate12, 0, 0, 0.007, 0.005, 0, 0, 0, 0, 0.004
Pate13, 0, 0, 0.012, 0.011, 0, 0, 0, 0, 0.006
Pate14, 0, 0, 0.007, 0.005, 0, 0, 0, 0, 0.004
Pate15, 0, 0, 0.005, 0.004, 0, 0, 0, 0, 0.002
Pate17, 0, 0, 0.01, 0.01, 0, 0, 0, 0, 0.008
Pate18, 0, 0, 0.003, 0.002, 0, 0, 0, 0, 0.001
Pate19, 0, 0, 0.005, 0.006, 0, 0, 0, 0, 0.004
Pate21, 0, 0, 0.008, 0.009, 0, 0, 0, 0, 0.005
Pate22, 0, 0, 0.012, 0.007, 0, 0, 0, 0, 0.003
Pate23, 0, 0, 0.201, 0.071, 0, 0, 0, 0, 0.002
Pate24, 1, 0.002, 0.012, 0.221, 1, 0, 1, 0.337, 0.668
Pate25, 0, 0, 0.007, 0.007, 0, 0, 0, 0, 0.007
Pate26, 0, 0, 0.007, 0.006, 0, 0, 0, 0, 0.004
Pate27, 0, 0, 0.009, 0.008, 0, 0, 0, 0, 0.005
Pate28, 0, 0, 0.004, 0.006, 0, 0, 0, 0, 0.004
Pate29, 0, 0, 0.005, 0.004, 0, 0, 0, 0, 0.002
Pate3, 0, 0, 0.012, 0.007, 0, 0, 0, 0, 0.006
Pate30, 0, 0, 0.134, 0.062, 0, 0, 0, 0, 0.002
Pate31, 0, 0, 0.017, 0.012, 0, 0, 0, 0, 0.004
Pate32, 0, 0, 0.013, 0.003, 0, 0, 0, 0, 0
Pate33, 0, 0, 0.009, 0.005, 0, 0, 0, 0, 0.004
Pate34, 0, 0, 0.009, 0.008, 0, 0, 0, 0, 0.003
Pate35, 0, 0, 0.009, 0.01, 0, 0, 0, 0, 0.006
Pate36, 0, 0, 0.004, 0.004, 0, 0, 0, 0, 0.003
Pate37, 0, 0, 0.006, 0.006, 0, 0, 0, 0, 0.005
Pate38, 0, 0, 0.006, 0.005, 0, 0, 0, 0, 0.004
Pate39, 0, 0, 0.344, 0.06, 0, 0, 0, 0, 0.002
Pate4, 0, 0, 0.008, 0.006, 0, 0, 0, 0, 0.003
Pate40, 0, 0, 0.01, 0.009, 0, 0, 0, 0, 0.002
Pate41, 0, 0, 0.008, 0.004, 0, 0, 0, 0, 0.001
Pate43, 0, 0, 0.009, 0.008, 0, 0, 0, 0, 0.005
Pate44, 0, 0, 0.005, 0.005, 0, 0, 0, 0, 0.004
Pate45, 0, 0, 0.007, 0.005, 0, 0, 0, 0, 0.004
Pate46, 0, 0, 0.024, 0.008, 0, 0, 0, 0, 0
Pate48, 0, 0, 0.021, 0.016, 0, 0, 0, 0, 0.005
Pate49, 0, 0, 0.01, 0.008, 0, 0, 0, 0, 0.003
Pate5, 0, 0, 0.015, 0.009, 0, 0, 0, 0, 0.006
Pate50, 0, 0, 0.02, 0.014, 0, 0, 0, 0, 0.004
Pate51, 0, 0, 0.005, 0.003, 0, 0, 0, 0, 0.001
Pate52, 0, 0, 0.005, 0.007, 0, 0, 0, 0, 0.004
Pate53, 0, 0, 0.01, 0.008, 0, 0, 0, 0, 0.006
Pate54, 0, 0, 0.016, 0.01, 0, 0, 0, 0, 0.003
Pate55, 0, 0, 0.011, 0.007, 0, 0, 0, 0, 0.003
Pate56, 1, 0.003, 0.011, 0.383, 1, 0, 1, 0.28, 0.72
Pate57, 0, 0, 0.005, 0.003, 0, 0, 0, 0, 0.001
Pate6, 0, 0, 0.015, 0.01, 0, 0, 0, 0, 0.004
Pate7, 0, 0, 0.049, 0.01, 0, 0, 0, 0, 0.003
Pate8, 0, 0, 0.007, 0.006, 0, 0, 0, 0, 0.005
Pate9, 0, 0, 0.007, 0.008, 0, 0, 0, 0, 0.006
Plan12, 1, 0, 0.007, 0.003, 1, 0, 1, 1, 0.001
Plan14, 0, 0, 0.987, 0.005, 0, 0, 0, 0, 0.001
Plan16, 0, 0, 0.941, 0.141, 0, 0, 0, 0, 0.004
Plan17, 1, 0, 0.048, 0.028, 1, 0, 1, 1, 0.003
Plan18, 0, 0.002, 1.229, 0.455, 0, 0, 0, 0, 0.001
Plan2, 0, 0, 0.006, 0.004, 0, 0, 0, 0, 0.003
Plan21, 0, 0, 0.063, 0.033, 0, 0, 0, 0, 0.004
Plan22, 0, 0, 0.005, 0.005, 0, 0, 0, 0, 0.002
Plan23, 1, 0, 0.049, 0.032, 1, 0, 1, 1, 0.004
Plan26, 0, 0, 0.013, 0.012, 0, 0, 0, 0, 0.001
Plan27, 1, 0.004, 0.744, 0.341, 1, 0, 1, 0.604, 0.397
Plan3, 0, 0, 0.992, 0.011, 0, 0, 0, 0, 0.004
Plan30, 1, 0, 0.007, 0.009, 1, 0, 1, 0.982, 0.021
Plan31, 1, 0.001, 0.818, 0.347, 1, 0, 1, 0.313, 0.688
Plan32, 1, 0, 0.01, 0.005, 1, 0, 1, 1, 0.004
Plan33, 1, 0, 0.009, 0.019, 1, 0, 1, 0.962, 0.043
Plan39, 0, 0.001, 1.246, 0.375, 0, 0, 0, 0, 0.004
Plan4, 0, 0, 0.029, 0.014, 0, 0, 0, 0, 0.002
Plan40, 1, 0.003, 0.008, 0.154, 1, 0, 1, 0.937, 0.063
Plan42, 0, 0, 0.944, 0.143, 0, 0, 0, 0, 0.002
Plan43, 0, 0, 0.932, 0.143, 0, 0, 0, 0, 0.002
Plan44, 0, 0, 0.971, 0.018, 0, 0, 0, 0, 0.005
Plan5, 0, 0, 0.015, 0.011, 0, 0, 0, 0, 0.003
Plan7, 0, 0, 1.328, 0.15, 0, 0, 0, 0, 0.003
Pori1, 0, 0, 0.207, 0.065, 0, 0, 0, 0, 0.003
Pori2, 1, 0.003, 0.036, 0.173, 1, 0, 1, 0.172, 0.829
ProtA10, 0, 0, 0.006, 0.006, 0, 0, 0, 0, 0.004
ProtA11, 0, 0, 0.004, 0.005, 0, 0, 0, 0, 0.003
ProtA12, 0, 0, 0.002, 0.002, 0, 0, 0, 0, 0.002
ProtA13, 0, 0, 0.006, 0.008, 0, 0, 0, 0, 0.005
ProtA14, 0, 0, 0.007, 0.004, 0, 0, 0, 0, 0.001
ProtA15, 0, 0, 0.004, 0.004, 0, 0, 0, 0, 0.002
ProtA16, 0, 0, 0.003, 0.002, 0, 0, 0, 0, 0.001
ProtA18, 0, 0, 0.004, 0.003, 0, 0, 0, 0, 0.002
ProtA19, 0, 0, 0.004, 0.004, 0, 0, 0, 0, 0.003
ProtA2, 0, 0, 0.005, 0.006, 0, 0, 0, 0, 0.005
ProtA20, 0, 0, 0.006, 0.006, 0, 0, 0, 0, 0.003
ProtA21, 0, 0, 0.006, 0.006, 0, 0, 0, 0, 0.004
ProtA24, 0, 0, 0.004, 0.004, 0, 0, 0, 0, 0.002
ProtA26, 0, 0, 0.22, 0.063, 0, 0, 0, 0, 0.003
ProtA27, 0, 0, 0.003, 0.002, 0, 0, 0, 0, 0.001
ProtA29, 0, 0, 0.008, 0.008, 0, 0, 0, 0, 0.004
ProtA3, 0, 0, 0.006, 0.004, 0, 0, 0, 0, 0.003
ProtA30, 0, 0, 0.005, 0.005, 0, 0, 0, 0, 0.004
ProtA31, 0, 0, 0.002, 0.001, 0, 0, 0, 0, 0.001
ProtA32, 0, 0, 0.003, 0.002, 0, 0, 0, 0, 0.002
ProtA33, 0, 0, 0.004, 0.004, 0, 0, 0, 0, 0.004
ProtA34, 0, 0, 0.005, 0.004, 0, 0, 0, 0, 0.003
ProtA35, 0, 0, 0.002, 0.001, 0, 0, 0, 0, 0.001
ProtA36, 0, 0, 0.007, 0.007, 0, 0, 0, 0, 0.003
ProtA37, 1, 0.003, 0.009, 0.267, 1, 0, 1, 0.217, 0.789
ProtA38, 0, 0, 0.002, 0.002, 0, 0, 0, 0, 0.002
ProtA39, 0, 0, 0.007, 0.005, 0, 0, 0, 0, 0.003
ProtA40, 0, 0, 0.007, 0.005, 0, 0, 0, 0, 0.003
ProtA41, 0, 0, 0.004, 0.004, 0, 0, 0, 0, 0.004
ProtA42, 0, 0, 0.004, 0.003, 0, 0, 0, 0, 0.002
ProtA43, 0, 0, 0.006, 0.006, 0, 0, 0, 0, 0.004
ProtA44, 0, 0, 0.003, 0.002, 0, 0, 0, 0, 0.001
ProtA45, 0, 0, 0.081, 0.02, 0, 0, 0, 0, 0.003
ProtA46, 0, 0, 0.005, 0.005, 0, 0, 0, 0, 0.005
ProtA47, 0, 0, 0.003, 0.002, 0, 0, 0, 0, 0.002
ProtA48, 0, 0, 0.004, 0.004, 0, 0, 0, 0, 0.001
ProtA49, 0, 0, 0.004, 0.003, 0, 0, 0, 0, 0.003
ProtA5, 0, 0, 0.006, 0.003, 0, 0, 0, 0, 0.003
ProtA50, 0, 0, 0.004, 0.006, 0, 0, 0, 0, 0.002
ProtA51, 0, 0, 0.004, 0.003, 0, 0, 0, 0, 0.003
ProtA52, 0, 0, 0.005, 0.004, 0, 0, 0, 0, 0.002
ProtA53, 0, 0, 0.002, 0.002, 0, 0, 0, 0, 0.002
ProtA54, 0, 0, 0.001, 0.001, 0, 0, 0, 0, 0.001
ProtA55, 0, 0, 0.003, 0.003, 0, 0, 0, 0, 0.003
ProtA56, 0, 0, 0.004, 0.004, 0, 0, 0, 0, 0.001
ProtA57, 0, 0, 0.001, 0.002, 0, 0, 0, 0, 0.001
ProtA58, 0, 0, 0.005, 0.006, 0, 0, 0, 0, 0.005
ProtA60, 0, 0, 0.003, 0.002, 0, 0, 0, 0, 0.002
ProtA61, 0, 0, 0.004, 0.006, 0, 0, 0, 0, 0.003
ProtA62, 0, 0, 0.003, 0.003, 0, 0, 0, 0, 0.002
ProtA63, 0, 0, 0.005, 0.005, 0, 0, 0, 0, 0.004
ProtA64, 0, 0, 0.005, 0.005, 0, 0, 0, 0, 0.003
ProtA66, 0, 0, 0.005, 0.004, 0, 0, 0, 0, 0.003
ProtA67, 0, 0, 0.005, 0.003, 0, 0, 0, 0, 0.001
ProtA68, 0, 0, 0.002, 0.003, 0, 0, 0, 0, 0.002
ProtA69, 0, 0, 0.007, 0.005, 0, 0, 0, 0, 0.005
ProtA7, 0, 0, 0.008, 0.006, 0, 0, 0, 0, 0.003
ProtA70, 0, 0, 0.004, 0.005, 0, 0, 0, 0, 0.004
ProtA71, 0, 0, 0.005, 0.005, 0, 0, 0, 0, 0.003
ProtA72, 0, 0, 0.008, 0.008, 0, 0, 0, 0, 0.005
ProtA74, 0, 0, 0.004, 0.006, 0, 0, 0, 0, 0.001
ProtA75, 0, 0, 0.005, 0.005, 0, 0, 0, 0, 0.003
ProtA76, 0, 0, 0.006, 0.007, 0, 0, 0, 0, 0.004
ProtA77, 0, 0, 0.002, 0.002, 0, 0, 0, 0, 0.001
ProtA8, 0, 0, 0.006, 0.006, 0, 0, 0, 0, 0.005
ProtA9, 0, 0, 0.006, 0.007, 0, 0, 0, 0, 0.005
ProtG1, 0, 0, 0.005, 0.002, 0, 0, 0, 0, 0.002
ProtG10, 0, 0, 0.026, 0.008, 0, 0, 0, 0, 0.002
ProtG11, 0, 0, 0.002, 0.004, 0, 0, 0, 0, 0.002
ProtG12, 0, 0, 0.255, 0.064, 0, 0, 0, 0, 0.004
ProtG13, 0, 0, 0.009, 0.008, 0, 0, 0, 0, 0.007
ProtG14, 0, 0, 0.014, 0.007, 0, 0, 0, 0, 0.004
ProtG15, 0, 0, 0.008, 0.006, 0, 0, 0, 0, 0.003
ProtG16, 0, 0, 0.004, 0.003, 0, 0, 0, 0, 0.002
ProtG17, 0, 0, 0.004, 0.004, 0, 0, 0, 0, 0.002
ProtG18, 0, 0, 0.006, 0.005, 0, 0, 0, 0, 0.002
ProtG19, 0, 0, 0.002, 0.002, 0, 0, 0, 0, 0.002
ProtG20, 0, 0, 0.008, 0.008, 0, 0, 0, 0, 0.007
ProtG21, 0, 0, 0.005, 0.006, 0, 0, 0, 0, 0.001
ProtG22, 0, 0, 0.003, 0.002, 0, 0, 0, 0, 0.002
ProtG24, 0, 0, 0.006, 0.004, 0, 0, 0, 0, 0.004
ProtG25, 0, 0, 0.003, 0.004, 0, 0, 0, 0, 0.001
ProtG26, 0, 0, 0.007, 0.007, 0, 0, 0, 0, 0.005
ProtG27, 0, 0, 0.004, 0.004, 0, 0, 0, 0, 0.001
ProtG28, 0, 0, 0.004, 0.004, 0, 0, 0, 0, 0.003
ProtG29, 0, 0, 0.004, 0.004, 0, 0, 0, 0, 0.004
ProtG3, 0, 0, 0.007, 0.006, 0, 0, 0, 0, 0.004
ProtG30, 0, 0, 0.001, 0.001, 0, 0, 0, 0, 0.001
ProtG31, 0, 0, 0.005, 0.006, 0, 0, 0, 0, 0.004
ProtG32, 0, 0, 0.002, 0.001, 0, 0, 0, 0, 0
ProtG33, 0, 0, 0.004, 0.002, 0, 0, 0, 0, 0.001
ProtG34, 0, 0, 0.008, 0.006, 0, 0, 0, 0, 0.004
ProtG35, 0, 0, 0.003, 0.003, 0, 0, 0, 0, 0.002
ProtG36, 0, 0, 0.003, 0.002, 0, 0, 0, 0, 0.002
ProtG37, 0, 0, 0.001, 0.001, 0, 0, 0, 0, 0.001
ProtG38, 0, 0, 0.005, 0.003, 0, 0, 0, 0, 0.003
ProtG39, 0, 0, 0.011, 0.01, 0, 0, 0, 0, 0.006
ProtG4, 0, 0, 0.01, 0.007, 0, 0, 0, 0, 0.005
ProtG40, 0, 0, 0.001, 0.001, 0, 0, 0, 0, 0.001
ProtG41, 0, 0, 0.001, 0.001, 0, 0, 0, 0, 0.001
ProtG42, 0, 0, 0.003, 0.003, 0, 0, 0, 0, 0.001
ProtG43, 0, 0, 0.003, 0.003, 0, 0, 0, 0, 0.003
ProtG44, 0, 0, 0.003, 0.004, 0, 0, 0, 0, 0.002
ProtG45, 0, 0, 0.008, 0.009, 0, 0, 0, 0, 0.007
ProtG46, 0, 0, 0.004, 0.006, 0, 0, 0, 0, 0.002
ProtG47, 0, 0, 0.002, 0.003, 0, 0, 0, 0, 0.002
ProtG48, 0, 0, 0.005, 0.006, 0, 0, 0, 0, 0.002
ProtG49, 0, 0, 0.004, 0.005, 0, 0, 0, 0, 0.003
ProtG5, 1, 0.004, 0.013, 0.121, 1, 0, 1, 0.243, 0.758
ProtG50, 0, 0, 0.008, 0.006, 0, 0, 0, 0, 0.005
ProtG51, 0, 0, 0.002, 0.002, 0, 0, 0, 0, 0.002
ProtG52, 0, 0, 0.001, 0.001, 0, 0, 0, 0, 0.001
ProtG53, 0, 0, 0.004, 0.003, 0, 0, 0, 0, 0.002
ProtG54, 0, 0, 0.003, 0.003, 0, 0, 0, 0, 0.002
ProtG55, 0, 0, 0.003, 0.003, 0, 0, 0, 0, 0.003
ProtG56, 0, 0, 0.006, 0.007, 0, 0, 0, 0, 0.004
ProtG57, 0, 0, 0.004, 0.004, 0, 0, 0, 0, 0.002
ProtG58, 0, 0, 0.004, 0.001, 0, 0, 0, 0, 0
ProtG59, 0, 0, 0.002, 0.001, 0, 0, 0, 0, 0.001
ProtG6, 0, 0, 0.009, 0.008, 0, 0, 0, 0, 0.006
ProtG60, 0, 0, 0.003, 0.001, 0, 0, 0, 0, 0.001
ProtG61, 0, 0, 0.006, 0.006, 0, 0, 0, 0, 0.004
ProtG62, 0, 0, 0.001, 0.001, 0, 0, 0, 0, 0.001
ProtG63, 0, 0, 0.001, 0.001, 0, 0, 0, 0, 0.001
ProtG64, 0, 0, 0.005, 0.004, 0, 0, 0, 0, 0.003
ProtG65, 0, 0, 0.002, 0.002, 0, 0, 0, 0, 0.001
ProtG66, 0, 0, 0.002, 0.002, 0, 0, 0, 0, 0.001
ProtG67, 0, 0, 0.003, 0.003, 0, 0, 0, 0, 0.003
ProtG68, 0, 0, 0.006, 0.005, 0, 0, 0, 0, 0.005
ProtG69, 0, 0, 0.004, 0.003, 0, 0, 0, 0, 0.003
ProtG7, 0, 0, 0.007, 0.006, 0, 0, 0, 0, 0.004
ProtG70, 0, 0, 0.005, 0.004, 0, 0, 0, 0, 0.003
ProtG71, 0, 0, 0.01, 0.008, 0, 0, 0, 0, 0.005
ProtG72, 0, 0, 0.006, 0.004, 0, 0, 0, 0, 0.004
ProtG73, 0, 0, 0.002, 0.002, 0, 0, 0, 0, 0.001
ProtG74, 0, 0, 0.006, 0.005, 0, 0, 0, 0, 0.004
ProtG75, 0, 0, 0.005, 0.004, 0, 0, 0, 0, 0.004
ProtG76, 0, 0, 0.003, 0.003, 0, 0, 0, 0, 0.003
ProtG77, 0, 0, 0.003, 0.003, 0, 0, 0, 0, 0.003
ProtG78, 0, 0, 0.002, 0.001, 0, 0, 0, 0, 0.001
ProtG79, 0, 0, 0.007, 0.01, 0, 0, 0, 0, 0.006
ProtG8, 0, 0, 0.006, 0.005, 0, 0, 0, 0, 0.003
ProtG80, 0, 0, 0.003, 0.002, 0, 0, 0, 0, 0.001
ProtG81, 0, 0, 0.003, 0.002, 0, 0, 0, 0, 0.002
ProtG82, 0, 0, 0.005, 0.003, 0, 0, 0, 0, 0.003
ProtG83, 0, 0, 0.001, 0.001, 0, 0, 0, 0, 0.001
ProtG84, 0, 0, 0.001, 0.001, 0, 0, 0, 0, 0.001
ProtG85, 0, 0, 0.003, 0.003, 0, 0, 0, 0, 0.003
ProtG86, 0, 0, 0.005, 0.005, 0, 0, 0, 0, 0.003
ProtG87, 0, 0, 0.009, 0.008, 0, 0, 0, 0, 0.006
ProtG88, 0, 0, 0.008, 0.008, 0, 0, 0, 0, 0.008
ProtG89, 0, 0, 0.004, 0.003, 0, 0, 0, 0, 0.002
ProtG9, 0, 0, 0.01, 0.009, 0, 0, 0, 0, 0.008
ProtG90, 0, 0, 0.005, 0.004, 0, 0, 0, 0, 0.004
ProtG91, 0, 0, 0.003, 0.004, 0, 0, 0, 0, 0.003
ProtM1, 0, 0, 0.003, 0.002, 0, 0, 0, 0, 0.001
ProtM2, 0, 0, 0.008, 0.008, 0, 0, 0, 0, 0.006
ProtM3, 0, 0, 0.002, 0.002, 0, 0, 0, 0, 0.001
ProtZ1, 0, 0, 0.004, 0.004, 0, 0, 0, 0, 0.002
ProtZ2, 0, 0, 0.007, 0.005, 0, 0, 0, 0, 0.003
ProtZ3, 0, 0, 0.001, 0.001, 0, 0, 0, 0, 0.001
ProtZ4, 0, 0, 0.003, 0.001, 0, 0, 0, 0, 0.001
ProtZ5, 1, 0, 0.006, 0.026, 1, 0, 1, 0.901, 0.102
RBG1, 0, 0, 0.14, 0.043, 0, 0, 0, 0, 0.003
Rifl1, 0, 0, 0.03, 0.018, 0, 0, 0, 0, 0
SAR3X1, 0, 0, 0.009, 0.002, 0, 0, 0, 0, 0.001
SAR3X2, 0, 0, 0.01, 0.011, 0, 0, 0, 0, 0.002
SLNR1, 0, 0, 0.006, 0.005, 0, 0, 0, 0, 0.005
SM23X1, 0, 0, 0.005, 0.002, 0, 0, 0, 0, 0.001
SZUA1, 1, 0, 0.102, 0.021, 1, 0, 1, 0.83, 0.174
SZUA2, 0, 0, 0.007, 0.006, 0, 0, 0, 0, 0.006
Sche1, 1, 0.015, 0.141, 1.482, 1, 0, 1, 0.831, 0.154
Spir10, 0, 0, 0.002, 0.002, 0, 0, 0, 0, 0
Spir11, 0, 0, 0.031, 0.02, 0, 0, 0, 0, 0.004
Spir12, 0, 0, 0.011, 0.007, 0, 0, 0, 0, 0.003
Spir13, 0, 0, 0.003, 0.002, 0, 0, 0, 0, 0.002
Spir15, 0, 0, 0.004, 0.003, 0, 0, 0, 0, 0.001
Spir2, 0, 0, 0.004, 0.004, 0, 0, 0, 0, 0.003
Spir3, 0, 0, 0.009, 0.007, 0, 0, 0, 0, 0.007
Spir4, 0, 0, 0.019, 0.017, 0, 0, 0, 0, 0
Spir8, 0, 0, 0.006, 0.003, 0, 0, 0, 0, 0.001
Spir9, 0, 0, 0.006, 0.005, 0, 0, 0, 0, 0.003
Sume1, 1, 0.006, 0.017, 0.321, 1, 0, 1, 0.642, 0.363
Syne1, 0, 0, 0.008, 0.006, 0, 0, 0, 0, 0.005
Syne10, 0, 0, 0.004, 0.003, 0, 0, 0, 0, 0.002
Syne2, 0, 0, 0.007, 0.007, 0, 0, 0, 0, 0.003
Syne3, 0, 0, 0.007, 0.006, 0, 0, 0, 0, 0.005
Syne4, 0, 0, 0.009, 0.01, 0, 0, 0, 0, 0.004
Syne5, 0, 0, 0.008, 0.005, 0, 0, 0, 0, 0.003
Syne6, 0, 0, 0.011, 0.008, 0, 0, 0, 0, 0.004
Syne7, 0, 0, 0.004, 0.005, 0, 0, 0, 0, 0.002
Syne8, 0, 0, 0.003, 0.004, 0, 0, 0, 0, 0.001
Syne9, 0, 0, 0.068, 0.034, 0, 0, 0, 0, 0
TA06A1, 1, 0.004, 0.011, 0.3, 1, 0, 1, 0.3, 0.704
TA06X1, 1, 0.001, 0.013, 0.092, 1, 0, 1, 0.175, 0.828
Therd1, 0, 0, 0.076, 0.056, 0, 0, 0, 0, 0.003
Therg2, 1, 0, 0.012, 0.018, 1, 0, 1, 0.17, 0.832
Therg3, 0, 0, 0.005, 0.003, 0, 0, 0, 0, 0
Therg4, 0, 0, 0.185, 0.014, 0, 0, 0, 0, 0.005
Therg5, 0, 0, 0.005, 0.002, 0, 0, 0, 0, 0
Therg6, 0, 0, 0.008, 0.007, 0, 0, 0, 0, 0.004
Therg8, 0, 0, 0.006, 0.003, 0, 0, 0, 0, 0.002
Thers1, 0, 0, 0.039, 0.028, 0, 0, 0, 0, 0.002
UBA1X1, 0, 0, 0.277, 0.027, 0, 0, 0, 0, 0.001
UBA1X2, 0, 0, 0.005, 0.004, 0, 0, 0, 0, 0.002
UBA1X3, 0, 0, 0.012, 0.005, 0, 0, 0, 0, 0.001
UBA1X4, 0, 0, 0.004, 0.004, 0, 0, 0, 0, 0.004
UBA1X5, 0, 0, 0.006, 0.006, 0, 0, 0, 0, 0.006
UBA1X6, 1, 0.001, 0.011, 0.085, 1, 0, 1, 0.269, 0.734
UBA2X1, 0, 0, 0.002, 0.002, 0, 0, 0, 0, 0.001
UBA6X1, 0, 0, 0.019, 0.016, 0, 0, 0, 0, 0.009
UBA9X1, 0, 0, 0.032, 0.031, 0, 0, 0, 0, 0.009
UBA9X2, 0, 0, 0.005, 0.004, 0, 0, 0, 0, 0.002
UBA9X3, 0, 0, 0.004, 0.003, 0, 0, 0, 0, 0.001
UBP13X1, 0, 0, 0.777, 0.047, 0, 0, 0, 0, 0.001
UBP14X1, 0, 0, 0.112, 0.044, 0, 0, 0, 0, 0.004
UBP4X1, 0, 0, 0.656, 0.127, 0, 0, 0, 0, 0.008
UBP6X1, 0, 0, 0.077, 0.029, 0, 0, 0, 0, 0.003
Verr10, 0, 0, 0.003, 0.002, 0, 0, 0, 0, 0.001
Verr11, 0, 0, 0.002, 0.002, 0, 0, 0, 0, 0.001
Verr12, 0, 0, 0.005, 0.005, 0, 0, 0, 0, 0.004
Verr13, 0, 0, 0.006, 0.006, 0, 0, 0, 0, 0.005
Verr14, 0, 0, 0.01, 0.004, 0, 0, 0, 0, 0.003
Verr2, 0, 0, 0.001, 0.001, 0, 0, 0, 0, 0.001
Verr3, 0, 0, 0.005, 0.007, 0, 0, 0, 0, 0.003
Verr4, 0, 0, 0.009, 0.008, 0, 0, 0, 0, 0.005
Verr5, 0, 0, 0.007, 0.003, 0, 0, 0, 0, 0.003
Verr6, 0, 0, 0.006, 0.007, 0, 0, 0, 0, 0.002
Verr7, 0, 0, 0.003, 0.004, 0, 0, 0, 0, 0.003
Verr8, 0, 0, 0.01, 0.008, 0, 0, 0, 0, 0.007
Verr9, 0, 0, 0.009, 0.005, 0, 0, 0, 0, 0.002
WOR1, 0, 0, 0.279, 0.049, 0, 0, 0, 0, 0.002
WOR2, 0, 0, 0.01, 0.008, 0, 0, 0, 0, 0.002
WOR3, 1, 0.004, 0.008, 0.224, 1, 0, 1, 0.276, 0.727
WOR4, 0, 0, 0.013, 0.009, 0, 0, 0, 0, 0.005
WOR6, 0, 0, 0.005, 0.003, 0, 0, 0, 0, 0.001
WOR7, 0, 0, 0.01, 0.009, 0, 0, 0, 0, 0.006
Wall1, 0, 0, 0.007, 0.007, 0, 0, 0, 0, 0.004
Zixi1, 0, 0, 0.006, 0.006, 0, 0, 0, 0, 0.002
Zixi2, 0, 0, 0.008, 0.005, 0, 0, 0, 0, 0.004
Zixi3, 0, 0, 0.007, 0.007, 0, 0, 0, 0, 0.005
Zixi4, 0, 0, 0.005, 0.003, 0, 0, 0, 0, 0.003
Zixi5, 0, 0, 0.041, 0.023, 0, 0, 0, 0, 0.004
chloroArabidopsis, 0, 0, 0.008, 0.006, 0, 0, 0, 0, 0.003
chloroBryophyte, 0, 0, 0.003, 0.003, 0, 0, 0, 0, 0.003
chloroChlorophyta, 0, 0, 0.007, 0.005, 0, 0, 0, 0, 0.003
chloroLycophyte, 0, 0, 0.011, 0.01, 0, 0, 0, 0, 0.006
chloroRedAlgae, 0, 0, 0.014, 0.007, 0, 0, 0, 0, 0.002
mitoAnnelida, 0, 0, 0.004, 0.003, 0, 0, 0, 0, 0.003
mitoArabidopsis, 0, 0, 0.002, 0.001, 0, 0, 0, 0, 0.001
mitoBryophyte, 0, 0, 0.005, 0.005, 0, 0, 0, 0, 0.005
mitoChelicerate, 0, 0, 0.004, 0.004, 0, 0, 0, 0, 0.002
mitoChlorophyta, 0, 0, 0.007, 0.007, 0, 0, 0, 0, 0.005
mitoExcavata, 0, 0, 0.007, 0.005, 0, 0, 0, 0, 0.003
mitoFungi, 0, 0, 0.005, 0.001, 0, 0, 0, 0, 0.001
mitoInsect, 0, 0, 0.006, 0.005, 0, 0, 0, 0, 0.004
mitoLycophyte, 0, 0, 0.002, 0.003, 0, 0, 0, 0, 0.001
mitoMollusc, 0, 0, 0.003, 0.003, 0, 0, 0, 0, 0.002
mitoParamecium, 0, 0, 0.005, 0.002, 0, 0, 0, 0, 0.002
mitoPriapulid, 0, 0, 0.006, 0.007, 0, 0, 0, 0, 0.003
mitoRedAlgae, 0, 0, 0.005, 0.005, 0, 0, 0, 0, 0.003
