species_label, speciations, duplications, losses, transfers, presence, origination, copies, singletons, transfers_to
AABM5X1, 0, 0, 0.245, 0.115, 0, 0, 0, 0, 0.027
AABM5X2, 1, 0.002, 0.033, 0.228, 1, 0, 1, 0.204, 0.813
AABM5X3, 1, 0.003, 0.041, 0.475, 1, 0, 1, 0.07, 0.942
Abys1, 1, 0.005, 0.858, 0.754, 1, 0, 1, 0.074, 0.941
Acid1, 0, 0, 0.032, 0.035, 0, 0, 0, 0, 0.018
Acid10, 1, 0, 0.016, 0.048, 1, 0, 1, 0.738, 0.271
Acid11, 1, 0, 0.202, 0.117, 1, 0, 1, 0.177, 0.832
Acid12, 1, 0, 0.019, 0.342, 1, 0, 1, 0.201, 0.81
Acid13, 0, 0, 0.222, 0.081, 0, 0, 0, 0, 0.013
Acid14, 0, 0, 0.025, 0.026, 0, 0, 0, 0, 0.018
Acid16, 0, 0, 0.155, 0.068, 0, 0, 0, 0, 0.016
Acid17, 0, 0, 0.021, 0.019, 0, 0, 0, 0, 0.007
Acid18, 1, 0, 0.031, 0.48, 1, 0, 1, 0.226, 0.786
Acid2, 0, 0, 0.26, 0.084, 0, 0, 0, 0, 0.015
Acid20, 0, 0, 0.022, 0.026, 0, 0, 0, 0, 0.013
Acid21, 0, 0, 0.023, 0.022, 0, 0, 0, 0, 0.017
Acid22, 1, 0, 0.027, 0.036, 1, 0, 1, 0.747, 0.262
Acid23, 0, 0, 0.059, 0.023, 0, 0, 0, 0, 0.011
Acid24, 0, 0, 0.059, 0.038, 0, 0, 0, 0, 0.021
Acid25, 0, 0, 0.022, 0.02, 0, 0, 0, 0, 0.013
Acid26, 0, 0, 0.018, 0.014, 0, 0, 0, 0, 0.012
Acid27, 0, 0, 0.023, 0.022, 0, 0, 0, 0, 0.015
Acid28, 1, 0, 0.015, 0.223, 1, 0, 1, 0.252, 0.758
Acid29, 0, 0, 0.026, 0.022, 0, 0, 0, 0, 0.018
Acid3, 0, 0, 0.026, 0.025, 0, 0, 0, 0, 0.019
Acid30, 0, 0, 0.019, 0.022, 0, 0, 0, 0, 0.017
Acid31, 1, 0.001, 0.2, 0.378, 1, 0, 1, 0.183, 0.829
Acid32, 0, 0, 0.022, 0.024, 0, 0, 0, 0, 0.016
Acid33, 1, 0, 0.018, 0.22, 1, 0, 1, 0.252, 0.762
Acid34, 0, 0, 0.032, 0.021, 0, 0, 0, 0, 0.011
Acid35, 0, 0, 0.077, 0.062, 0, 0, 0, 0, 0.015
Acid36, 0, 0, 0.008, 0.007, 0, 0, 0, 0, 0.005
Acid37, 0, 0, 0.014, 0.017, 0, 0, 0, 0, 0.012
Acid38, 0, 0, 0.012, 0.01, 0, 0, 0, 0, 0.009
Acid39, 0, 0, 0.082, 0.056, 0, 0, 0, 0, 0.02
Acid4, 0, 0, 0.045, 0.038, 0, 0, 0, 0, 0.019
Acid40, 0, 0, 0.024, 0.026, 0, 0, 0, 0, 0.015
Acid5, 0, 0, 0.024, 0.011, 0, 0, 0, 0, 0.008
Acid6, 0, 0, 0.264, 0.052, 0, 0, 0, 0, 0.007
Acid7, 0, 0, 0.03, 0.029, 0, 0, 0, 0, 0.017
Acid8, 1, 0.002, 0.384, 0.478, 1, 0, 1, 0.179, 0.848
Acid9, 1, 0.002, 0.062, 0.295, 1, 0, 1, 0.441, 0.572
Acti10, 1, 0, 0.029, 0.027, 1, 0, 1, 0.989, 0.029
Acti11, 1, 0, 0.212, 0.05, 1, 0, 1, 0.004, 1.012
Acti12, 0, 0, 0.022, 0.025, 0, 0, 0, 0, 0.019
Acti13, 1, 0, 0.019, 0.015, 1, 0, 1, 1, 0.011
Acti14, 1, 0.003, 0.037, 1.015, 1, 0, 1, 0.993, 0.02
Acti15, 1, 0, 0.02, 0.048, 1, 0, 1, 0.032, 0.98
Acti16, 1, 0, 0.02, 0.015, 1, 0, 1, 0.998, 0.011
Acti18, 1, 0, 0.025, 0.026, 1, 0, 1, 0.999, 0.016
Acti19, 1, 0, 0.017, 0.02, 1, 0, 1, 1, 0.013
Acti2, 0, 0, 0.019, 0.018, 0, 0, 0, 0, 0.014
Acti20, 0, 0, 0.913, 0.283, 0, 0, 0, 0, 0.011
Acti21, 0, 0, 0.019, 0.02, 0, 0, 0, 0, 0.016
Acti22, 1, 0, 0.021, 0.077, 1, 0, 1, 0.193, 0.821
Acti23, 0, 0, 1.012, 0.011, 0, 0, 0, 0, 0.008
Acti24, 0, 0, 0.022, 0.02, 0, 0, 0, 0, 0.013
Acti25, 1, 0, 0.055, 0.285, 1, 0, 1, 0.127, 0.883
Acti26, 0, 0, 0.078, 0.046, 0, 0, 0, 0, 0.023
Acti27, 0, 0, 0.043, 0.037, 0, 0, 0, 0, 0.01
Acti28, 2, 0.995, 0.036, 0.998, 1, 0, 2, 0.019, 0.033
Acti29, 0, 0, 0.026, 0.026, 0, 0, 0, 0, 0.015
Acti3, 0, 0, 1.013, 0.027, 0, 0, 0, 0, 0.013
Acti30, 0, 0, 0.068, 0.054, 0, 0, 0, 0, 0.021
Acti31, 0, 0, 0.201, 0.043, 0, 0, 0, 0, 0.016
Acti32, 0, 0, 0.013, 0.018, 0, 0, 0, 0, 0.009
Acti33, 1, 0.002, 0.021, 0.393, 1, 0, 1, 0.195, 0.82
Acti34, 0, 0, 0.164, 0.027, 0, 0, 0, 0, 0.009
Acti35, 0, 0, 0.21, 0.08, 0, 0, 0, 0, 0.011
Acti36, 0, 0, 0.023, 0.027, 0, 0, 0, 0, 0.015
Acti37, 0, 0, 0.036, 0.04, 0, 0, 0, 0, 0.018
Acti38, 0, 0, 0.022, 0.019, 0, 0, 0, 0, 0.012
Acti39, 0, 0, 0.779, 0.072, 0, 0, 0, 0, 0.017
Acti4, 0, 0, 0.737, 0.03, 0, 0, 0, 0, 0.015
Acti40, 1, 0, 0.031, 0.029, 1, 0, 1, 0.999, 0.016
Acti41, 1, 0, 0.02, 0.02, 1, 0, 1, 0.019, 0.996
Acti42, 1, 0, 0.014, 0.011, 1, 0, 1, 1, 0.008
Acti43, 0, 0, 0.02, 0.018, 0, 0, 0, 0, 0.012
Acti44, 0, 0, 0.019, 0.016, 0, 0, 0, 0, 0.008
Acti45, 0, 0, 0.028, 0.026, 0, 0, 0, 0, 0.011
Acti46, 0, 0, 0.039, 0.027, 0, 0, 0, 0, 0.015
Acti47, 0, 0, 0.024, 0.02, 0, 0, 0, 0, 0.007
Acti48, 0, 0, 0.02, 0.02, 0, 0, 0, 0, 0.015
Acti49, 0, 0, 0.019, 0.025, 0, 0, 0, 0, 0.015
Acti5, 0, 0, 0.022, 0.023, 0, 0, 0, 0, 0.016
Acti50, 1, 0, 0.027, 0.018, 1, 0, 1, 0.989, 0.019
Acti51, 0, 0, 0.048, 0.045, 0, 0, 0, 0, 0.015
Acti52, 0, 0, 0.024, 0.024, 0, 0, 0, 0, 0.013
Acti6, 1, 0, 0.028, 0.032, 1, 0, 1, 0.998, 0.014
Acti7, 1, 0.008, 0.042, 0.948, 1, 0, 1, 0.979, 0.029
Acti8, 0, 0, 0.023, 0.021, 0, 0, 0, 0, 0.014
Acti9, 0, 0, 0.031, 0.035, 0, 0, 0, 0, 0.02
Aero1, 0, 0, 0.035, 0.03, 0, 0, 0, 0, 0.017
Aqui1, 1, 0.007, 0.034, 0.999, 1, 0, 1, 0.987, 0.018
Aqui2, 1, 0, 0.032, 0.034, 1, 0, 1, 0.991, 0.023
Aqui3, 1, 0, 0.191, 0.137, 1, 0, 1, 0.01, 1.013
Aqui4, 0, 0, 0.021, 0.029, 0, 0, 0, 0, 0.016
Aqui5, 0, 0, 0.183, 0.04, 0, 0, 0, 0, 0.008
Aqui6, 0, 0, 0.013, 0.013, 0, 0, 0, 0, 0.008
Arma11, 1, 0.003, 1.21, 0.684, 1, 0, 1, 0.544, 0.471
Arma12, 1, 0.002, 1.022, 0.729, 1, 0, 1, 0.605, 0.407
Arma13, 0, 0, 0.02, 0.02, 0, 0, 0, 0, 0.01
Arma14, 1, 0, 0.059, 0.048, 1, 0, 1, 1, 0.016
Arma15, 0, 0, 0.028, 0.031, 0, 0, 0, 0, 0.018
Arma16, 1, 0, 0.04, 0.362, 1, 0, 1, 0.413, 0.607
Arma3, 1, 0, 0.454, 0.297, 1, 0, 1, 0.097, 0.917
Arma4, 1, 0, 0.066, 0.059, 1, 0, 1, 1, 0.023
Arma6, 0, 0, 0.031, 0.029, 0, 0, 0, 0, 0.014
Arma7, 1, 0, 0.648, 0.53, 1, 0, 1, 0.978, 0.035
Arma9, 0, 0, 0.074, 0.054, 0, 0, 0, 0, 0.021
Aure1, 0, 0, 0.021, 0.022, 0, 0, 0, 0, 0.013
Aure2, 0, 0, 0.033, 0.031, 0, 0, 0, 0, 0.025
Aure3, 0, 0, 0.086, 0.052, 0, 0, 0, 0, 0.028
B130X1, 0, 0, 0.628, 0.224, 0, 0, 0, 0, 0.013
BMS3X1, 0, 0, 0.654, 0.407, 0, 0, 0, 0, 0.013
Bact1, 0, 0, 0.015, 0.015, 0, 0, 0, 0, 0.008
Bact10, 0, 0, 0.03, 0.029, 0, 0, 0, 0, 0.022
Bact11, 0, 0, 0.018, 0.018, 0, 0, 0, 0, 0.011
Bact12, 0, 0, 0.022, 0.023, 0, 0, 0, 0, 0.017
Bact13, 0, 0, 0.016, 0.014, 0, 0, 0, 0, 0.01
Bact14, 0, 0.001, 0.018, 0.019, 0, 0, 0, 0, 0.011
Bact16, 0, 0, 0.018, 0.021, 0, 0, 0, 0, 0.01
Bact17, 0, 0, 0.022, 0.018, 0, 0, 0, 0, 0.013
Bact18, 0, 0, 0.019, 0.019, 0, 0, 0, 0, 0.011
Bact19, 1, 0, 0.021, 0.414, 1, 0, 1, 0.255, 0.756
Bact2, 0, 0, 0.012, 0.012, 0, 0, 0, 0, 0.011
Bact20, 0, 0, 0.245, 0.086, 0, 0, 0, 0, 0.012
Bact21, 0, 0, 0.015, 0.013, 0, 0, 0, 0, 0.011
Bact22, 0, 0, 0.022, 0.023, 0, 0, 0, 0, 0.017
Bact23, 0, 0, 0.012, 0.008, 0, 0, 0, 0, 0.007
Bact24, 0, 0, 0.023, 0.027, 0, 0, 0, 0, 0.022
Bact25, 0, 0, 0.017, 0.012, 0, 0, 0, 0, 0.01
Bact27, 0, 0, 0.069, 0.037, 0, 0, 0, 0, 0.013
Bact28, 0, 0, 0.022, 0.024, 0, 0, 0, 0, 0.017
Bact29, 0, 0.001, 0.019, 0.017, 0, 0, 0, 0, 0.013
Bact3, 0, 0, 0.02, 0.016, 0, 0, 0, 0, 0.014
Bact30, 1, 0, 0.033, 0.034, 1, 0, 1, 0.999, 0.022
Bact31, 0, 0, 0.015, 0.015, 0, 0, 0, 0, 0.013
Bact32, 1, 0, 0.026, 0.022, 1, 0, 1, 0.999, 0.015
Bact33, 0, 0, 0.007, 0.006, 0, 0, 0, 0, 0.004
Bact34, 0, 0, 0.017, 0.021, 0, 0, 0, 0, 0.012
Bact35, 0, 0, 0.058, 0.04, 0, 0, 0, 0, 0.014
Bact36, 0, 0, 0.013, 0.013, 0, 0, 0, 0, 0.008
Bact37, 0, 0, 0.015, 0.015, 0, 0, 0, 0, 0.011
Bact38, 0, 0, 0.013, 0.016, 0, 0, 0, 0, 0.011
Bact39, 0, 0, 0.019, 0.018, 0, 0, 0, 0, 0.016
Bact4, 0, 0, 0.016, 0.018, 0, 0, 0, 0, 0.012
Bact40, 1, 0.001, 0.024, 0.099, 1, 0, 1, 0.2, 0.813
Bact41, 0, 0, 0.217, 0.078, 0, 0, 0, 0, 0.007
Bact42, 0, 0, 0.012, 0.011, 0, 0, 0, 0, 0.008
Bact43, 0, 0, 0.017, 0.017, 0, 0, 0, 0, 0.012
Bact44, 0, 0, 0.022, 0.018, 0, 0, 0, 0, 0.011
Bact5, 0, 0, 0.022, 0.024, 0, 0, 0, 0, 0.014
Bact6, 0, 0, 0.022, 0.026, 0, 0, 0, 0, 0.016
Bact7, 0, 0, 0.018, 0.016, 0, 0, 0, 0, 0.012
Bact8, 0, 0, 0.021, 0.026, 0, 0, 0, 0, 0.015
Bact9, 0, 0, 0.013, 0.017, 0, 0, 0, 0, 0.008
Bdell10, 0, 0, 0.045, 0.036, 0, 0, 0, 0, 0.014
Bdell11, 0, 0, 0.022, 0.022, 0, 0, 0, 0, 0.016
Bdell12, 0, 0, 0.077, 0.059, 0, 0, 0, 0, 0.021
Bdell13, 0, 0, 0.181, 0.153, 0, 0, 0, 0, 0.024
Bdell14, 0, 0, 0.03, 0.032, 0, 0, 0, 0, 0.02
Bdell15, 0, 0, 0.022, 0.019, 0, 0, 0, 0, 0.011
Bdell16, 0, 0, 0.024, 0.027, 0, 0, 0, 0, 0.015
Bdell17, 0, 0, 0.02, 0.014, 0, 0, 0, 0, 0.011
Bdell2, 0, 0, 0.052, 0.044, 0, 0, 0, 0, 0.021
Bdell3, 0, 0, 0.079, 0.073, 0, 0, 0, 0, 0.023
Bdell4, 0, 0, 0.02, 0.016, 0, 0, 0, 0, 0.01
Bdell5, 0, 0, 0.021, 0.022, 0, 0, 0, 0, 0.016
Bdell6, 1, 0.001, 0.047, 0.218, 1, 0, 1, 0.204, 0.808
Bdell7, 0, 0, 0.025, 0.023, 0, 0, 0, 0, 0.02
Bdell9, 0, 0, 0.024, 0.024, 0, 0, 0, 0, 0.013
BdellC1, 0, 0, 0.119, 0.074, 0, 0, 0, 0, 0.018
BdellC2, 0, 0, 0.115, 0.09, 0, 0, 0, 0, 0.014
Bipo1, 0, 0, 0.045, 0.044, 0, 0, 0, 0, 0.027
Bipo2, 0, 0, 0.037, 0.035, 0, 0, 0, 0, 0.019
CG267X1, 0, 0, 0.036, 0.031, 0, 0, 0, 0, 0.015
CG294X1, 0, 0, 0.036, 0.03, 0, 0, 0, 0, 0.015
CSP1X1, 1, 0.003, 0.339, 0.677, 1, 0, 1, 0.68, 0.343
Calda1, 0, 0, 0.038, 0.037, 0, 0, 0, 0, 0.014
Calda2, 0, 0, 0.034, 0.028, 0, 0, 0, 0, 0.01
Caldit1, 1, 0, 0.019, 0.02, 1, 0, 1, 0.999, 0.02
Caldit2, 1, 0, 0.017, 0.021, 1, 0, 1, 0.999, 0.018
Caldit3, 1, 0, 0.208, 0.056, 1, 0, 1, 0.185, 0.828
Camp1, 0, 0.001, 0.109, 0.107, 0, 0, 0, 0, 0.016
Camp10, 0, 0, 1.349, 0.209, 0, 0, 0, 0, 0.016
Camp11, 1, 0.002, 0.889, 0.289, 1, 0, 1, 0.351, 0.662
Camp12, 0, 0, 1.229, 0.152, 0, 0, 0, 0, 0.014
Camp13, 2, 0.001, 0.82, 0.237, 1, 0, 2, 1.329, 0.679
Camp14, 0, 0, 0.035, 0.025, 0, 0, 0, 0, 0.01
Camp15, 0, 0, 0.036, 0.024, 0, 0, 0, 0, 0.011
Camp16, 0, 0, 1.093, 0.063, 0, 0, 0, 0, 0.01
Camp2, 2, 0.003, 0.25, 0.309, 1, 0, 2, 1.907, 0.107
Camp3, 0, 0, 0.111, 0.102, 0, 0, 0, 0, 0.019
Camp4, 2, 0.004, 0.029, 0.262, 1, 0, 2, 1.068, 0.942
Camp5, 2, 0.002, 0.022, 0.316, 1, 0, 2, 1.328, 0.687
Camp6, 0, 0, 1.493, 0.453, 0, 0, 0, 0, 0.014
Camp7, 1, 0.001, 0.116, 0.337, 1, 0, 1, 0.52, 0.491
Camp9, 2, 0.008, 0.025, 0.478, 1, 0, 2, 1.468, 0.538
Chlo10, 0, 0, 0.298, 0.115, 0, 0, 0, 0, 0.018
Chlo11, 0, 0.001, 0.229, 0.246, 0, 0, 0, 0, 0.024
Chlo12, 0, 0, 0.032, 0.023, 0, 0, 0, 0, 0.015
Chlo13, 0, 0, 0.739, 0.025, 0, 0, 0, 0, 0.013
Chlo14, 1, 0.003, 0.028, 0.128, 1, 0, 1, 0.755, 0.259
Chlo15, 0, 0, 0.028, 0.033, 0, 0, 0, 0, 0.015
Chlo16, 0, 0, 0.021, 0.016, 0, 0, 0, 0, 0.014
Chlo17, 0, 0, 0.021, 0.019, 0, 0, 0, 0, 0.015
Chlo18, 1, 0.004, 0.032, 0.35, 1, 0, 1, 0.836, 0.182
Chlo19, 0, 0, 0.023, 0.018, 0, 0, 0, 0, 0.01
Chlo20, 0, 0, 0.019, 0.012, 0, 0, 0, 0, 0.009
Chlo21, 0, 0, 0.035, 0.035, 0, 0, 0, 0, 0.023
Chlo22, 0, 0, 0.027, 0.024, 0, 0, 0, 0, 0.017
Chlo23, 0, 0, 0.029, 0.026, 0, 0, 0, 0, 0.009
Chlo24, 0, 0, 0.027, 0.028, 0, 0, 0, 0, 0.01
Chlo25, 0, 0, 0.023, 0.026, 0, 0, 0, 0, 0.01
Chlo26, 0, 0, 0.218, 0.213, 0, 0, 0, 0, 0.014
Chlo27, 1, 0.002, 0.075, 0.338, 1, 0, 1, 0.256, 0.755
Chlo28, 0, 0, 0.202, 0.057, 0, 0, 0, 0, 0.018
Chlo29, 0, 0, 0.07, 0.038, 0, 0, 0, 0, 0.013
Chlo30, 0, 0, 0.018, 0.017, 0, 0, 0, 0, 0.013
Chlo31, 0, 0, 0.033, 0.033, 0, 0, 0, 0, 0.02
Chlo32, 1, 0.001, 0.02, 0.297, 1, 0, 1, 0.109, 0.901
Chlo33, 0, 0, 0.066, 0.028, 0, 0, 0, 0, 0.014
Chlo34, 0, 0, 0.024, 0.024, 0, 0, 0, 0, 0.016
Chlo35, 0, 0, 0.023, 0.02, 0, 0, 0, 0, 0.011
Chlo36, 0, 0, 0.807, 0.058, 0, 0, 0, 0, 0.014
Chlo37, 0, 0, 0.019, 0.018, 0, 0, 0, 0, 0.014
Chlo38, 0, 0, 0.023, 0.022, 0, 0, 0, 0, 0.01
Chlo39, 0, 0, 0.02, 0.02, 0, 0, 0, 0, 0.008
Chlo4, 1, 0.002, 0.023, 0.326, 1, 0, 1, 0.169, 0.845
Chlo40, 1, 0.001, 0.022, 0.168, 1, 0, 1, 0.781, 0.228
Chlo41, 0, 0, 0.023, 0.021, 0, 0, 0, 0, 0.011
Chlo42, 0, 0, 0.023, 0.023, 0, 0, 0, 0, 0.015
Chlo43, 0, 0, 0.032, 0.027, 0, 0, 0, 0, 0.013
Chlo44, 0, 0, 0.018, 0.024, 0, 0, 0, 0, 0.012
Chlo45, 0, 0, 0.264, 0.103, 0, 0, 0, 0, 0.01
Chlo46, 1, 0.004, 0.032, 0.466, 1, 0, 1, 0.232, 0.774
Chlo47, 0, 0, 0.098, 0.037, 0, 0, 0, 0, 0.005
Chlo48, 1, 0.001, 0.026, 0.289, 1, 0, 1, 0.268, 0.745
Chlo5, 0, 0, 0.024, 0.029, 0, 0, 0, 0, 0.017
Chlo6, 0, 0, 0.866, 0.356, 0, 0, 0, 0, 0.02
Chlo7, 0, 0, 0.028, 0.022, 0, 0, 0, 0, 0.015
Chlo8, 0, 0, 0.059, 0.041, 0, 0, 0, 0, 0.014
Chlo9, 1, 0, 0.034, 0.19, 1, 0, 1, 0.842, 0.18
Chry1, 0, 0, 0.291, 0.229, 0, 0, 0, 0, 0.014
Cloa1, 0, 0, 0.06, 0.047, 0, 0, 0, 0, 0.017
Cyan1, 0, 0, 0.086, 0.069, 0, 0, 0, 0, 0.017
Cyan10, 0, 0, 0.034, 0.025, 0, 0, 0, 0, 0.009
Cyan11, 1, 0, 0.378, 0.029, 1, 0, 1, 0.926, 0.083
Cyan12, 1, 0, 0.027, 0.021, 1, 0, 1, 0.999, 0.014
Cyan13, 1, 0, 0.019, 0.022, 1, 0, 1, 1, 0.01
Cyan14, 0, 0, 0.906, 0.284, 0, 0, 0, 0, 0.018
Cyan15, 1, 0.002, 0.016, 0.306, 1, 0, 1, 0.881, 0.126
Cyan16, 2, 0.005, 0.016, 0.171, 1, 0, 2, 1.136, 0.866
Cyan18, 1, 0, 0.025, 0.024, 1, 0, 1, 1, 0.016
Cyan19, 1, 0.001, 0.079, 0.129, 1, 0, 1, 0.733, 0.275
Cyan2, 0, 0, 0.084, 0.065, 0, 0, 0, 0, 0.015
Cyan20, 1, 0.001, 0.209, 0.225, 1, 0, 1, 0.047, 0.965
Cyan21, 1, 0, 0.037, 0.033, 1, 0, 1, 0.999, 0.02
Cyan22, 1, 0, 0.066, 0.031, 1, 0, 1, 0.976, 0.039
Cyan23, 0, 0, 1.099, 0.088, 0, 0, 0, 0, 0.008
Cyan24, 2, 1.001, 0.534, 0.133, 1, 0, 2, 0, 0.015
Cyan25, 1, 0, 0.497, 0.082, 1, 0, 1, 0.924, 0.089
Cyan26, 1, 0.001, 0.953, 0.061, 1, 0, 1, 0.357, 0.657
Cyan27, 1, 0, 0.038, 0.123, 1, 0, 1, 0.393, 0.62
Cyan28, 0, 0, 0.025, 0.026, 0, 0, 0, 0, 0.016
Cyan29, 0, 0, 1.167, 0.172, 0, 0, 0, 0, 0.022
Cyan3, 1, 0, 0.207, 0.319, 1, 0, 1, 0.188, 0.826
Cyan30, 2, 0, 0.47, 0.122, 1, 0, 2, 1.952, 0.057
Cyan31, 1, 0.001, 1.012, 0.219, 1, 0, 1, 0.983, 0.032
Cyan32, 1, 0, 1.009, 0.047, 1, 0, 1, 0.153, 0.857
Cyan33, 1, 0.001, 0.027, 0.413, 1, 0, 1, 0.999, 0.009
Cyan34, 1, 0, 1.004, 0.227, 1, 0, 1, 0.989, 0.025
Cyan35, 1, 0, 0.168, 0.137, 1, 0, 1, 0.949, 0.064
Cyan36, 1, 0.001, 0.382, 0.416, 1, 0, 1, 0.018, 1
Cyan37, 0, 0, 0.178, 0.051, 0, 0, 0, 0, 0.021
Cyan38, 0, 0, 0.04, 0.034, 0, 0, 0, 0, 0.013
Cyan4, 0, 0, 0.022, 0.02, 0, 0, 0, 0, 0.011
Cyan40, 1, 0, 0.413, 0.111, 1, 0, 1, 0.011, 0.995
Cyan41, 1, 0, 0.15, 0.048, 1, 0, 1, 0.913, 0.096
Cyan42, 1, 0.001, 0.216, 0.375, 1, 0, 1, 0.182, 0.834
Cyan43, 1, 0, 0.057, 0.041, 1, 0, 1, 0.994, 0.023
Cyan44, 1, 0, 0.02, 0.015, 1, 0, 1, 1, 0.012
Cyan45, 0, 0, 0.04, 0.035, 0, 0, 0, 0, 0.015
Cyan46, 1, 0, 0.177, 0.055, 1, 0, 1, 0.99, 0.025
Cyan47, 1, 0, 0.019, 0.02, 1, 0, 1, 0.999, 0.011
Cyan7, 0, 0, 0.5, 0.147, 0, 0, 0, 0, 0.017
Cyan8, 0, 0, 0.07, 0.063, 0, 0, 0, 0, 0.015
Cyan9, 0, 0, 0.03, 0.032, 0, 0, 0, 0, 0.019
DTU0X1, 0, 0, 0.016, 0.016, 0, 0, 0, 0, 0.013
Defe1, 0, 0, 0.078, 0.044, 0, 0, 0, 0, 0.011
Defe2, 0, 0, 0.024, 0.02, 0, 0, 0, 0, 0.01
Defe3, 0, 0, 0.03, 0.029, 0, 0, 0, 0, 0.016
Dein1, 0, 0, 0.147, 0.021, 0, 0, 0, 0, 0.014
Dein2, 1, 0, 0.106, 0.048, 1, 0, 1, 0.122, 0.886
Dein3, 0, 0, 0.022, 0.021, 0, 0, 0, 0, 0.015
Dein4, 1, 0, 0.024, 0.022, 1, 0, 1, 0.996, 0.017
Dein5, 1, 0, 0.02, 0.032, 1, 0, 1, 0.124, 0.887
Dein6, 1, 0, 0.034, 0.038, 1, 0, 1, 0.996, 0.027
Dein7, 0, 0, 0.021, 0.02, 0, 0, 0, 0, 0.014
Desa1, 0, 0, 0.045, 0.038, 0, 0, 0, 0, 0.021
DesuB1, 1, 0, 0.035, 0.034, 1, 0, 1, 1, 0.013
DesuB2, 1, 0.001, 0.033, 0.029, 1, 0, 1, 1, 0.01
DesuB3, 1, 0, 0.093, 0.071, 1, 0, 1, 1, 0.012
DesuB4, 1, 0, 0.095, 0.06, 1, 0, 1, 1, 0.014
DesuC1, 0, 0, 0.737, 0.053, 0, 0, 0, 0, 0.015
DesuC2, 1, 0, 0.017, 0.143, 1, 0, 1, 0.72, 0.295
DesuD1, 1, 0, 0.026, 0.024, 1, 0, 1, 0.999, 0.018
DesuD2, 1, 0, 0.023, 0.026, 1, 0, 1, 0.998, 0.015
Desua1, 0, 0, 0.103, 0.062, 0, 0, 0, 0, 0.021
Desua10, 0, 0, 0.11, 0.07, 0, 0, 0, 0, 0.017
Desua11, 1, 0.004, 0.023, 0.36, 1, 0, 1, 0.496, 0.51
Desua12, 0, 0, 0.114, 0.064, 0, 0, 0, 0, 0.024
Desua13, 1, 0, 0.024, 0.185, 1, 0, 1, 0.885, 0.128
Desua14, 0, 0, 0.026, 0.019, 0, 0, 0, 0, 0.01
Desua15, 1, 0, 0.034, 0.031, 1, 0, 1, 0.993, 0.024
Desua16, 0, 0, 1.029, 0.031, 0, 0, 0, 0, 0.019
Desua17, 1, 0, 0.018, 0.018, 1, 0, 1, 1, 0.01
Desua18, 1, 0, 0.074, 0.051, 1, 0, 1, 0.999, 0.016
Desua19, 0, 0, 0.038, 0.029, 0, 0, 0, 0, 0.012
Desua2, 0, 0, 0.035, 0.037, 0, 0, 0, 0, 0.015
Desua20, 0, 0, 0.201, 0.096, 0, 0, 0, 0, 0.016
Desua21, 0, 0, 0.287, 0.09, 0, 0, 0, 0, 0.014
Desua22, 0, 0, 0.022, 0.024, 0, 0, 0, 0, 0.015
Desua23, 0, 0, 0.025, 0.024, 0, 0, 0, 0, 0.018
Desua24, 1, 0, 0.06, 0.055, 1, 0, 1, 0.992, 0.021
Desua25, 0, 0, 0.03, 0.033, 0, 0, 0, 0, 0.02
Desua26, 0, 0, 0.056, 0.035, 0, 0, 0, 0, 0.014
Desua27, 0, 0, 0.527, 0.257, 0, 0, 0, 0, 0.018
Desua28, 0, 0, 0.044, 0.037, 0, 0, 0, 0, 0.016
Desua29, 0, 0, 0.019, 0.019, 0, 0, 0, 0, 0.015
Desua3, 2, 0.001, 0.031, 0.397, 1, 0, 2, 1.098, 0.92
Desua30, 0, 0, 0.058, 0.046, 0, 0, 0, 0, 0.016
Desua31, 1, 0.001, 0.185, 0.08, 1, 0, 1, 0.195, 0.814
Desua32, 0, 0, 0.075, 0.029, 0, 0, 0, 0, 0.009
Desua33, 0, 0, 0.023, 0.023, 0, 0, 0, 0, 0.018
Desua34, 0, 0, 0.097, 0.066, 0, 0, 0, 0, 0.015
Desua35, 0, 0, 0.044, 0.035, 0, 0, 0, 0, 0.016
Desua36, 0, 0, 0.023, 0.02, 0, 0, 0, 0, 0.015
Desua37, 0, 0, 0.02, 0.01, 0, 0, 0, 0, 0.006
Desua38, 0, 0, 0.028, 0.03, 0, 0, 0, 0, 0.02
Desua39, 0, 0, 0.024, 0.026, 0, 0, 0, 0, 0.013
Desua4, 2, 0.002, 0.037, 0.325, 1, 0, 2, 1.12, 0.887
Desua40, 1, 0.001, 0.214, 0.367, 1, 0, 1, 0.173, 0.843
Desua41, 0, 0, 0.023, 0.022, 0, 0, 0, 0, 0.012
Desua42, 1, 0.004, 0.03, 0.823, 1, 0, 1, 0.561, 0.446
Desua43, 0, 0, 0.023, 0.023, 0, 0, 0, 0, 0.013
Desua44, 1, 0, 0.026, 0.073, 1, 0, 1, 0.084, 0.932
Desua45, 0, 0, 0.928, 0.332, 0, 0, 0, 0, 0.021
Desua46, 0, 0, 0.022, 0.021, 0, 0, 0, 0, 0.012
Desua47, 0, 0, 0.012, 0.012, 0, 0, 0, 0, 0.008
Desua48, 0, 0, 0.016, 0.018, 0, 0, 0, 0, 0.011
Desua49, 1, 0.001, 0.026, 0.351, 1, 0, 1, 0.264, 0.752
Desua5, 1, 0.007, 0.786, 0.849, 1, 0, 1, 0.021, 0.996
Desua50, 1, 0, 0.028, 0.035, 1, 0, 1, 0.19, 0.818
Desua51, 0, 0, 0.742, 0.049, 0, 0, 0, 0, 0.014
Desua52, 0, 0.001, 0.025, 0.022, 0, 0, 0, 0, 0.014
Desua53, 1, 0.002, 0.024, 0.146, 1, 0, 1, 0.725, 0.294
Desua54, 0, 0, 0.116, 0.039, 0, 0, 0, 0, 0.013
Desua6, 0, 0, 0.032, 0.026, 0, 0, 0, 0, 0.018
Desua7, 0, 0, 0.023, 0.02, 0, 0, 0, 0, 0.009
Desua8, 0, 0, 0.037, 0.032, 0, 0, 0, 0, 0.017
Desua9, 1, 0, 0.022, 0.02, 1, 0, 1, 1, 0.014
Dict1, 0, 0, 0.791, 0.329, 0, 0, 0, 0, 0.01
Dorm1, 0, 0, 0.024, 0.021, 0, 0, 0, 0, 0.013
Dorm2, 0, 0, 0.021, 0.019, 0, 0, 0, 0, 0.01
Dorm3, 1, 0.006, 0.054, 0.513, 1, 0, 1, 0.268, 0.745
Dorm4, 0, 0, 0.061, 0.046, 0, 0, 0, 0, 0.015
Dorm5, 0, 0, 0.022, 0.015, 0, 0, 0, 0, 0.005
Edwa1, 0, 0, 0.032, 0.02, 0, 0, 0, 0, 0.013
Eise1, 0, 0, 0.027, 0.024, 0, 0, 0, 0, 0.015
Eise2, 0, 0, 0.022, 0.02, 0, 0, 0, 0, 0.01
Eise3, 0, 0, 0.026, 0.022, 0, 0, 0, 0, 0.014
Eise4, 0, 0, 0.021, 0.018, 0, 0, 0, 0, 0.009
Elus1, 0, 0, 0.021, 0.027, 0, 0, 0, 0, 0.014
Elus10, 0, 0, 0.02, 0.025, 0, 0, 0, 0, 0.013
Elus2, 0, 0, 0.027, 0.032, 0, 0, 0, 0, 0.024
Elus3, 0, 0, 0.013, 0.015, 0, 0, 0, 0, 0.01
Elus4, 1, 0, 0.022, 0.033, 1, 0, 1, 0.024, 0.993
Elus5, 0, 0, 0.025, 0.026, 0, 0, 0, 0, 0.022
Elus6, 0, 0, 0.017, 0.017, 0, 0, 0, 0, 0.013
Elus7, 0, 0, 0.028, 0.021, 0, 0, 0, 0, 0.018
Elus8, 0, 0, 0.01, 0.01, 0, 0, 0, 0, 0.006
Elus9, 0, 0, 0.027, 0.026, 0, 0, 0, 0, 0.02
Erem2, 0, 0, 0.143, 0.055, 0, 0, 0, 0, 0.008
Erem3, 0, 0, 0.159, 0.056, 0, 0, 0, 0, 0.014
Erem4, 0, 0, 0.071, 0.06, 0, 0, 0, 0, 0.021
Erem5, 0, 0, 0.065, 0.041, 0, 0, 0, 0, 0.015
Erem6, 1, 0.003, 0.021, 0.549, 1, 0, 1, 0.335, 0.674
FCPU1, 1, 0, 0.016, 0.012, 1, 0, 1, 0.999, 0.009
FCPU2, 1, 0, 0.017, 0.019, 1, 0, 1, 0.999, 0.01
Ferm1, 1, 0.003, 1.009, 0.724, 1, 0, 1, 0.203, 0.808
Fibr1, 0, 0, 0.023, 0.025, 0, 0, 0, 0, 0.013
Fibr2, 0, 0, 0.013, 0.011, 0, 0, 0, 0, 0.01
Fibr3, 0, 0, 0.033, 0.028, 0, 0, 0, 0, 0.02
Fibr4, 0, 0, 0.014, 0.017, 0, 0, 0, 0, 0.011
Fibr5, 0, 0, 0.027, 0.026, 0, 0, 0, 0, 0.017
Fibr6, 0, 0, 0.023, 0.025, 0, 0, 0, 0, 0.02
Fire1, 0, 0, 0.069, 0.047, 0, 0, 0, 0, 0.018
FirmA1, 0, 0, 0.072, 0.04, 0, 0, 0, 0, 0.01
FirmA10, 0, 0, 0.028, 0.028, 0, 0, 0, 0, 0.023
FirmA100, 0, 0, 0.024, 0.023, 0, 0, 0, 0, 0.014
FirmA101, 0, 0, 0.018, 0.016, 0, 0, 0, 0, 0.012
FirmA102, 0, 0, 0.025, 0.022, 0, 0, 0, 0, 0.018
FirmA103, 0, 0, 0.013, 0.015, 0, 0, 0, 0, 0.011
FirmA104, 0, 0, 0.026, 0.027, 0, 0, 0, 0, 0.017
FirmA105, 0, 0, 0.042, 0.028, 0, 0, 0, 0, 0.012
FirmA106, 0, 0, 0.038, 0.036, 0, 0, 0, 0, 0.011
FirmA107, 0, 0, 0.024, 0.023, 0, 0, 0, 0, 0.014
FirmA108, 0, 0, 0.024, 0.02, 0, 0, 0, 0, 0.011
FirmA109, 0, 0, 0.159, 0.022, 0, 0, 0, 0, 0.012
FirmA11, 0, 0, 0.02, 0.02, 0, 0, 0, 0, 0.017
FirmA110, 0, 0, 0.011, 0.009, 0, 0, 0, 0, 0.005
FirmA111, 0, 0, 0.065, 0.024, 0, 0, 0, 0, 0.011
FirmA112, 0, 0, 0.017, 0.013, 0, 0, 0, 0, 0.008
FirmA113, 0, 0, 0.024, 0.026, 0, 0, 0, 0, 0.018
FirmA114, 0, 0, 0.025, 0.019, 0, 0, 0, 0, 0.016
FirmA12, 0, 0, 0.219, 0.066, 0, 0, 0, 0, 0.01
FirmA14, 0, 0, 0.018, 0.022, 0, 0, 0, 0, 0.012
FirmA16, 1, 0.002, 0.032, 0.145, 1, 0, 1, 0.439, 0.584
FirmA18, 0, 0, 0.021, 0.024, 0, 0, 0, 0, 0.019
FirmA19, 0, 0, 0.019, 0.02, 0, 0, 0, 0, 0.013
FirmA2, 0, 0, 0.046, 0.033, 0, 0, 0, 0, 0.015
FirmA20, 0, 0, 0.03, 0.03, 0, 0, 0, 0, 0.02
FirmA21, 0, 0, 0.016, 0.017, 0, 0, 0, 0, 0.01
FirmA24, 0, 0, 0.029, 0.024, 0, 0, 0, 0, 0.011
FirmA25, 0, 0, 0.018, 0.012, 0, 0, 0, 0, 0.01
FirmA26, 0, 0, 0.013, 0.017, 0, 0, 0, 0, 0.012
FirmA27, 0, 0, 0.021, 0.025, 0, 0, 0, 0, 0.013
FirmA28, 0, 0, 0.022, 0.022, 0, 0, 0, 0, 0.018
FirmA29, 0, 0, 0.02, 0.021, 0, 0, 0, 0, 0.013
FirmA30, 0, 0, 0.024, 0.024, 0, 0, 0, 0, 0.017
FirmA31, 0, 0, 0.07, 0.03, 0, 0, 0, 0, 0.015
FirmA32, 1, 0.005, 0.022, 0.469, 1, 0, 1, 0.38, 0.632
FirmA33, 0, 0, 0.017, 0.02, 0, 0, 0, 0, 0.012
FirmA34, 0, 0, 0.268, 0.052, 0, 0, 0, 0, 0.012
FirmA35, 0, 0, 0.011, 0.016, 0, 0, 0, 0, 0.01
FirmA36, 0, 0, 0.015, 0.019, 0, 0, 0, 0, 0.011
FirmA37, 0, 0, 0.021, 0.025, 0, 0, 0, 0, 0.018
FirmA38, 0, 0, 0.401, 0.224, 0, 0, 0, 0, 0.016
FirmA39, 0, 0, 0.011, 0.012, 0, 0, 0, 0, 0.007
FirmA40, 0, 0, 0.025, 0.026, 0, 0, 0, 0, 0.016
FirmA41, 0, 0, 0.017, 0.023, 0, 0, 0, 0, 0.016
FirmA42, 0, 0, 0.029, 0.025, 0, 0, 0, 0, 0.016
FirmA43, 0, 0, 0.011, 0.013, 0, 0, 0, 0, 0.007
FirmA44, 0, 0, 0.018, 0.016, 0, 0, 0, 0, 0.014
FirmA45, 0, 0, 0.027, 0.03, 0, 0, 0, 0, 0.018
FirmA46, 0, 0, 0.04, 0.037, 0, 0, 0, 0, 0.01
FirmA47, 0, 0, 0.023, 0.028, 0, 0, 0, 0, 0.017
FirmA48, 0, 0, 0.017, 0.022, 0, 0, 0, 0, 0.014
FirmA49, 0, 0, 0.01, 0.01, 0, 0, 0, 0, 0.005
FirmA5, 0, 0, 0.02, 0.019, 0, 0, 0, 0, 0.015
FirmA50, 0, 0, 0.025, 0.032, 0, 0, 0, 0, 0.02
FirmA51, 0, 0, 0.02, 0.023, 0, 0, 0, 0, 0.013
FirmA52, 0, 0, 0.03, 0.03, 0, 0, 0, 0, 0.02
FirmA53, 0, 0, 0.011, 0.014, 0, 0, 0, 0, 0.01
FirmA54, 1, 0.004, 0.018, 0.339, 1, 0, 1, 0.192, 0.819
FirmA55, 0, 0, 0.032, 0.028, 0, 0, 0, 0, 0.02
FirmA56, 0, 0, 0.026, 0.032, 0, 0, 0, 0, 0.018
FirmA57, 0, 0, 0.043, 0.029, 0, 0, 0, 0, 0.014
FirmA58, 0, 0, 0.012, 0.016, 0, 0, 0, 0, 0.008
FirmA59, 0, 0, 0.014, 0.014, 0, 0, 0, 0, 0.011
FirmA6, 0, 0, 0.018, 0.019, 0, 0, 0, 0, 0.017
FirmA60, 0, 0, 0.026, 0.03, 0, 0, 0, 0, 0.016
FirmA61, 0, 0, 0.018, 0.016, 0, 0, 0, 0, 0.012
FirmA62, 0, 0, 0.016, 0.019, 0, 0, 0, 0, 0.015
FirmA63, 0, 0, 0.026, 0.026, 0, 0, 0, 0, 0.016
FirmA64, 0, 0, 0.011, 0.006, 0, 0, 0, 0, 0.006
FirmA65, 0, 0, 0.016, 0.015, 0, 0, 0, 0, 0.011
FirmA66, 0, 0, 0.018, 0.019, 0, 0, 0, 0, 0.012
FirmA67, 0, 0, 0.014, 0.009, 0, 0, 0, 0, 0.008
FirmA68, 1, 0.002, 0.025, 0.314, 1, 0, 1, 0.241, 0.775
FirmA69, 0, 0, 0.014, 0.012, 0, 0, 0, 0, 0.007
FirmA7, 0, 0, 0.068, 0.027, 0, 0, 0, 0, 0.011
FirmA70, 0, 0, 0.02, 0.022, 0, 0, 0, 0, 0.015
FirmA71, 0, 0, 0.018, 0.022, 0, 0, 0, 0, 0.01
FirmA72, 0, 0, 0.02, 0.021, 0, 0, 0, 0, 0.011
FirmA73, 0, 0, 0.02, 0.02, 0, 0, 0, 0, 0.011
FirmA74, 0, 0, 0.025, 0.028, 0, 0, 0, 0, 0.015
FirmA75, 0, 0, 0.026, 0.027, 0, 0, 0, 0, 0.02
FirmA76, 0, 0, 0.023, 0.027, 0, 0, 0, 0, 0.016
FirmA77, 0, 0, 0.045, 0.014, 0, 0, 0, 0, 0.01
FirmA78, 0, 0, 0.023, 0.024, 0, 0, 0, 0, 0.014
FirmA79, 0, 0, 0.022, 0.03, 0, 0, 0, 0, 0.016
FirmA8, 0, 0, 0.036, 0.032, 0, 0, 0, 0, 0.018
FirmA80, 1, 0, 0.015, 0.067, 1, 0, 1, 0.248, 0.759
FirmA81, 0, 0, 0.017, 0.014, 0, 0, 0, 0, 0.011
FirmA83, 0, 0, 0.019, 0.023, 0, 0, 0, 0, 0.014
FirmA84, 0, 0, 0.015, 0.013, 0, 0, 0, 0, 0.006
FirmA85, 0, 0, 0.019, 0.017, 0, 0, 0, 0, 0.013
FirmA86, 0, 0, 0.028, 0.029, 0, 0, 0, 0, 0.02
FirmA87, 1, 0.004, 0.02, 0.239, 1, 0, 1, 0.274, 0.737
FirmA88, 0, 0, 0.023, 0.025, 0, 0, 0, 0, 0.017
FirmA89, 0, 0, 0.021, 0.021, 0, 0, 0, 0, 0.015
FirmA9, 0, 0, 0.022, 0.019, 0, 0, 0, 0, 0.013
FirmA90, 0, 0, 0.022, 0.021, 0, 0, 0, 0, 0.013
FirmA91, 0, 0, 0.019, 0.02, 0, 0, 0, 0, 0.015
FirmA92, 0, 0, 0.211, 0.136, 0, 0, 0, 0, 0.016
FirmA93, 1, 0, 0.018, 0.141, 1, 0, 1, 0.207, 0.809
FirmA94, 0, 0, 0.017, 0.02, 0, 0, 0, 0, 0.011
FirmA95, 1, 0, 0.015, 0.024, 1, 0, 1, 0.144, 0.868
FirmA96, 0, 0, 0.015, 0.018, 0, 0, 0, 0, 0.011
FirmA97, 0, 0, 0.014, 0.014, 0, 0, 0, 0, 0.01
FirmA98, 0, 0, 0.019, 0.021, 0, 0, 0, 0, 0.01
FirmA99, 0, 0, 0.022, 0.02, 0, 0, 0, 0, 0.012
FirmB1, 2, 0.009, 0.04, 1.284, 1, 0, 2, 1.291, 0.713
FirmB10, 1, 0, 0.021, 0.137, 1, 0, 1, 0.213, 0.799
FirmB11, 1, 0.004, 0.032, 0.27, 1, 0, 1, 0.244, 0.772
FirmB12, 0, 0, 0.067, 0.031, 0, 0, 0, 0, 0.01
FirmB13, 0, 0, 0.248, 0.049, 0, 0, 0, 0, 0.013
FirmB14, 0, 0, 0.076, 0.059, 0, 0, 0, 0, 0.022
FirmB15, 0, 0, 0.12, 0.088, 0, 0, 0, 0, 0.013
FirmB16, 1, 0, 0.021, 0.247, 1, 0, 1, 0.226, 0.786
FirmB17, 0, 0, 0.118, 0.077, 0, 0, 0, 0, 0.011
FirmB2, 0, 0, 0.27, 0.154, 0, 0, 0, 0, 0.014
FirmB3, 0, 0, 0.073, 0.068, 0, 0, 0, 0, 0.019
FirmB4, 1, 0.001, 0.123, 0.373, 1, 0, 1, 0.97, 0.048
FirmB5, 0, 0, 0.026, 0.026, 0, 0, 0, 0, 0.019
FirmB6, 1, 0.002, 0.039, 0.455, 1, 0, 1, 0.218, 0.799
FirmB7, 1, 0, 0.234, 0.106, 1, 0, 1, 0.011, 0.996
FirmB8, 0, 0, 0.028, 0.026, 0, 0, 0, 0, 0.021
FirmB9, 0, 0, 0.229, 0.059, 0, 0, 0, 0, 0.007
FirmC1, 0, 0, 0.022, 0.024, 0, 0, 0, 0, 0.016
FirmC10, 0, 0, 0.014, 0.015, 0, 0, 0, 0, 0.011
FirmC11, 0, 0, 0.018, 0.017, 0, 0, 0, 0, 0.012
FirmC12, 0, 0, 0.021, 0.023, 0, 0, 0, 0, 0.013
FirmC13, 0, 0, 0.02, 0.017, 0, 0, 0, 0, 0.013
FirmC14, 0, 0, 0.013, 0.012, 0, 0, 0, 0, 0.01
FirmC15, 0, 0, 0.022, 0.021, 0, 0, 0, 0, 0.014
FirmC16, 0, 0, 0.027, 0.024, 0, 0, 0, 0, 0.019
FirmC17, 0, 0, 0.018, 0.021, 0, 0, 0, 0, 0.011
FirmC18, 0, 0, 0.024, 0.02, 0, 0, 0, 0, 0.015
FirmC19, 0, 0, 0.017, 0.014, 0, 0, 0, 0, 0.011
FirmC3, 0, 0, 0.02, 0.016, 0, 0, 0, 0, 0.014
FirmC4, 0, 0, 0.012, 0.011, 0, 0, 0, 0, 0.006
FirmC5, 0, 0, 0.024, 0.024, 0, 0, 0, 0, 0.016
FirmC6, 0, 0, 0.014, 0.013, 0, 0, 0, 0, 0.006
FirmC7, 0, 0, 0.017, 0.013, 0, 0, 0, 0, 0.008
FirmC8, 0, 0, 0.013, 0.011, 0, 0, 0, 0, 0.008
FirmC9, 0, 0, 0.028, 0.025, 0, 0, 0, 0, 0.019
FirmD1, 0, 0, 0.032, 0.027, 0, 0, 0, 0, 0.022
FirmD2, 0, 0, 0.014, 0.015, 0, 0, 0, 0, 0.011
FirmD3, 0, 0, 0.019, 0.019, 0, 0, 0, 0, 0.016
FirmD4, 0, 0, 0.022, 0.031, 0, 0, 0, 0, 0.017
FirmE1, 1, 0.005, 0.034, 0.485, 1, 0, 1, 0.151, 0.865
FirmE2, 0, 0, 0.04, 0.041, 0, 0, 0, 0, 0.016
FirmE3, 0, 0, 0.229, 0.106, 0, 0, 0, 0, 0.015
FirmE4, 0, 0, 0.034, 0.031, 0, 0, 0, 0, 0.017
FirmE5, 2, 0.977, 0.026, 0.311, 1, 0, 2, 0.04, 0.835
FirmE6, 0, 0, 0.027, 0.027, 0, 0, 0, 0, 0.01
FirmE7, 0, 0, 0.019, 0.019, 0, 0, 0, 0, 0.013
FirmE8, 0, 0, 0.015, 0.012, 0, 0, 0, 0, 0.009
FirmF1, 0, 0, 0.11, 0.061, 0, 0, 0, 0, 0.014
FirmF2, 2, 0.999, 0.042, 0.044, 1, 0, 2, 0.001, 0.025
FirmF3, 1, 0, 0.024, 0.017, 1, 0, 1, 0.998, 0.006
FirmG1, 0, 0, 0.032, 0.027, 0, 0, 0, 0, 0.018
FirmG2, 1, 0.001, 0.027, 0.545, 1, 0, 1, 0.149, 0.869
FirmG3, 0, 0, 0.021, 0.019, 0, 0, 0, 0, 0.016
FirmG4, 0, 0, 0.03, 0.023, 0, 0, 0, 0, 0.018
FirmG5, 0, 0, 0.031, 0.032, 0, 0, 0, 0, 0.017
FirmG6, 0, 0, 0.021, 0.022, 0, 0, 0, 0, 0.016
Firms1, 0, 0, 0.015, 0.016, 0, 0, 0, 0, 0.012
Firms10, 0, 0, 0.014, 0.015, 0, 0, 0, 0, 0.011
Firms11, 1, 0, 0.979, 0.068, 1, 0, 1, 0.172, 0.841
Firms12, 0, 0, 0.048, 0.027, 0, 0, 0, 0, 0.018
Firms13, 0, 0, 0.019, 0.026, 0, 0, 0, 0, 0.016
Firms15, 1, 0, 0.02, 0.022, 1, 0, 1, 0.982, 0.031
Firms16, 0, 0, 0.024, 0.022, 0, 0, 0, 0, 0.017
Firms17, 1, 0, 0.152, 0.024, 1, 0, 1, 1, 0.014
Firms18, 0, 0, 0.019, 0.018, 0, 0, 0, 0, 0.012
Firms2, 0, 0, 0.024, 0.024, 0, 0, 0, 0, 0.014
Firms20, 1, 0, 0.011, 0.01, 1, 0, 1, 0.149, 0.858
Firms21, 0, 0, 0.02, 0.022, 0, 0, 0, 0, 0.012
Firms22, 1, 0.003, 0.494, 0.595, 1, 0, 1, 0.707, 0.302
Firms23, 0, 0, 0.026, 0.028, 0, 0, 0, 0, 0.019
Firms24, 1, 0.002, 0.183, 0.424, 1, 0, 1, 0.198, 0.816
Firms25, 0, 0, 0.024, 0.026, 0, 0, 0, 0, 0.012
Firms26, 1, 0, 0.215, 0.124, 1, 0, 1, 0.161, 0.85
Firms27, 2, 0.008, 0.083, 0.823, 1, 0, 2, 1.122, 0.886
Firms28, 0, 0, 0.017, 0.014, 0, 0, 0, 0, 0.011
Firms29, 0, 0, 0.168, 0.02, 0, 0, 0, 0, 0.015
Firms3, 0, 0, 0.243, 0.044, 0, 0, 0, 0, 0.019
Firms30, 0, 0, 0.024, 0.035, 0, 0, 0, 0, 0.023
Firms31, 0, 0, 0.015, 0.019, 0, 0, 0, 0, 0.014
Firms32, 0, 0, 0.019, 0.013, 0, 0, 0, 0, 0.007
Firms33, 0, 0, 0.021, 0.018, 0, 0, 0, 0, 0.009
Firms4, 0, 0, 0.042, 0.023, 0, 0, 0, 0, 0.013
Firms5, 1, 0.003, 0.06, 0.976, 1, 0, 1, 0.955, 0.061
Firms6, 0, 0, 0.014, 0.011, 0, 0, 0, 0, 0.006
Firms7, 0, 0, 1.014, 0.031, 0, 0, 0, 0, 0.018
Firms8, 0, 0, 0.107, 0.043, 0, 0, 0, 0, 0.016
Firms9, 0, 0, 0.018, 0.017, 0, 0, 0, 0, 0.014
Fuso2, 0, 0, 0.28, 0.181, 0, 0, 0, 0, 0.016
Gemm2, 0, 0, 0.013, 0.012, 0, 0, 0, 0, 0.009
Gemm3, 1, 0, 0.018, 0.134, 1, 0, 1, 0.212, 0.803
Gemm4, 0, 0, 0.018, 0.019, 0, 0, 0, 0, 0.014
Gemm5, 0, 0, 0.018, 0.013, 0, 0, 0, 0, 0.01
Gemm6, 0, 0, 0.231, 0.053, 0, 0, 0, 0, 0.016
Gemm7, 0, 0, 0.029, 0.024, 0, 0, 0, 0, 0.016
Gemm8, 0, 0, 0.021, 0.017, 0, 0, 0, 0, 0.014
Gemm9, 0, 0, 0.064, 0.025, 0, 0, 0, 0, 0.018
GemmA1, 1, 0, 0.109, 0.235, 1, 0, 1, 0.99, 0.033
Gold1, 0, 0, 0.024, 0.024, 0, 0, 0, 0, 0.014
Gold2, 0, 0, 0.03, 0.027, 0, 0, 0, 0, 0.02
Hydr1, 1, 0, 0.035, 0.029, 1, 0, 1, 1, 0.016
Hydr2, 1, 0, 0.036, 0.033, 1, 0, 1, 0.999, 0.017
J088X1, 1, 0.007, 0.275, 0.553, 1, 0, 1, 0.015, 1.003
KSB1X1, 0, 0, 0.011, 0.011, 0, 0, 0, 0, 0.009
KSB1X2, 0, 0, 0.026, 0.031, 0, 0, 0, 0, 0.016
KSB1X3, 0, 0, 0.022, 0.029, 0, 0, 0, 0, 0.02
KSB1X4, 0, 0, 0.026, 0.024, 0, 0, 0, 0, 0.016
Krum1, 1, 0.001, 0.22, 0.281, 1, 0, 1, 0.989, 0.021
Late1, 0, 0, 0.156, 0.021, 0, 0, 0, 0, 0.011
Late2, 0, 0, 0.037, 0.027, 0, 0, 0, 0, 0.015
Late3, 1, 0.002, 0.016, 0.089, 1, 0, 1, 0.144, 0.869
Lind1, 1, 0.002, 0.115, 0.38, 1, 0, 1, 0.824, 0.184
Lind2, 0, 0, 0.946, 0.315, 0, 0, 0, 0, 0.017
Lind4, 1, 0.009, 0.854, 0.924, 1, 0, 1, 0.922, 0.093
Marg1, 0, 0, 0.041, 0.044, 0, 0, 0, 0, 0.016
Marg2, 0, 0.001, 0.043, 0.036, 0, 0, 0, 0, 0.009
Marg6, 0, 0, 0.046, 0.037, 0, 0, 0, 0, 0.021
Marg7, 0, 0, 0.048, 0.033, 0, 0, 0, 0, 0.015
Mari1, 0, 0, 0.022, 0.021, 0, 0, 0, 0, 0.018
Mari2, 0, 0, 0.023, 0.021, 0, 0, 0, 0, 0.017
Mari3, 0, 0, 0.034, 0.039, 0, 0, 0, 0, 0.028
Mari5, 0, 0, 0.023, 0.025, 0, 0, 0, 0, 0.018
Mari6, 0, 0, 0.023, 0.025, 0, 0, 0, 0, 0.019
Meth1, 0, 0, 0.058, 0.051, 0, 0, 0, 0, 0.022
Meth2, 0, 0, 0.048, 0.032, 0, 0, 0, 0, 0.012
Meth3, 1, 0, 0.326, 0.032, 1, 0, 1, 0.874, 0.138
Meth4, 1, 0.002, 0.285, 0.647, 1, 0, 1, 0.924, 0.095
Meth5, 1, 0, 0.323, 0.142, 1, 0, 1, 0.383, 0.63
Muir1, 1, 0.001, 0.036, 0.27, 1, 0, 1, 0.056, 0.959
MyxA1, 1, 0, 0.017, 0.018, 1, 0, 1, 1, 0.01
MyxA2, 1, 0, 0.041, 0.044, 1, 0, 1, 0.998, 0.032
MyxA3, 1, 0, 0.025, 0.034, 1, 0, 1, 1, 0.016
MyxA4, 0, 0.002, 0.937, 0.587, 0, 0, 0, 0, 0.012
Myxo1, 1, 0, 0.01, 0.027, 1, 0, 1, 0.965, 0.044
Myxo10, 0, 0, 0.357, 0.115, 0, 0, 0, 0, 0.017
Myxo11, 1, 0, 0.028, 0.029, 1, 0, 1, 1, 0.014
Myxo13, 1, 0, 0.031, 0.024, 1, 0, 1, 0.994, 0.017
Myxo14, 0, 0, 0.307, 0.077, 0, 0, 0, 0, 0.009
Myxo15, 1, 0.004, 0.068, 1.021, 1, 0, 1, 0.972, 0.037
Myxo17, 1, 0, 0.025, 0.02, 1, 0, 1, 1, 0.011
Myxo18, 1, 0.001, 0.108, 0.086, 1, 0, 1, 0.938, 0.08
Myxo19, 1, 0, 0.031, 0.032, 1, 0, 1, 0.999, 0.017
Myxo2, 0, 0, 0.987, 0.026, 0, 0, 0, 0, 0.021
Myxo3, 0, 0, 0.498, 0.048, 0, 0, 0, 0, 0.016
Myxo5, 1, 0.002, 0.053, 0.342, 1, 0, 1, 0.965, 0.047
Myxo6, 1, 0.001, 0.134, 0.12, 1, 0, 1, 0.179, 0.835
Myxo7, 1, 0, 0.02, 0.021, 1, 0, 1, 0.999, 0.013
Myxo8, 1, 0, 0.02, 0.026, 1, 0, 1, 1, 0.013
Myxo9, 0, 0, 0.553, 0.03, 0, 0, 0, 0, 0.016
NPL1, 0, 0, 0.038, 0.036, 0, 0, 0, 0, 0.02
Nitr1, 1, 0, 0.046, 0.05, 1, 0, 1, 0.21, 0.817
Nitr10, 1, 0.001, 0.022, 0.345, 1, 0, 1, 0.25, 0.766
Nitr11, 0, 0, 0.027, 0.023, 0, 0, 0, 0, 0.018
Nitr12, 0, 0, 0.025, 0.023, 0, 0, 0, 0, 0.012
Nitr13, 1, 0, 0.03, 0.062, 1, 0, 1, 0.185, 0.829
Nitr14, 0, 0, 0.028, 0.023, 0, 0, 0, 0, 0.015
Nitr15, 0, 0, 0.024, 0.025, 0, 0, 0, 0, 0.016
Nitr16, 0, 0, 0.02, 0.017, 0, 0, 0, 0, 0.011
Nitr17, 0, 0, 0.3, 0.097, 0, 0, 0, 0, 0.019
Nitr2, 0, 0, 0.101, 0.046, 0, 0, 0, 0, 0.011
Nitr3, 0, 0, 0.067, 0.032, 0, 0, 0, 0, 0.015
Nitr4, 0, 0, 0.032, 0.021, 0, 0, 0, 0, 0.013
Nitr5, 1, 0.004, 0.02, 0.431, 1, 0, 1, 0.273, 0.735
Nitr6, 0, 0, 0.269, 0.066, 0, 0, 0, 0, 0.014
Nitr7, 0, 0.001, 0.27, 0.088, 0, 0, 0, 0, 0.013
Nitr8, 0, 0, 0.016, 0.012, 0, 0, 0, 0, 0.01
Nitr9, 1, 0.001, 0.022, 0.266, 1, 0, 1, 0.253, 0.765
Nits1, 0, 0, 0.016, 0.013, 0, 0, 0, 0, 0.012
Nits2, 0, 0, 0.022, 0.023, 0, 0, 0, 0, 0.016
Nits3, 0, 0, 0.019, 0.022, 0, 0, 0, 0, 0.015
Nits4, 0, 0, 0.03, 0.032, 0, 0, 0, 0, 0.024
NitsA1, 0, 0, 0.027, 0.025, 0, 0, 0, 0, 0.018
NitsA2, 0, 0, 0.021, 0.023, 0, 0, 0, 0, 0.012
NitsA3, 0, 0, 0.018, 0.02, 0, 0, 0, 0, 0.015
Node_AABM5X1_AABM5X2_0, 0.218, 0, 0.076, 0.071, 0.211, 0, 0.218, 0.031, 0.198
Node_AABM5X1_AABM5X3_0, 0.096, 0.001, 0.022, 0.056, 0.09, 0, 0.096, 0.029, 0.074
Node_Acid11_Acid16_0, 0.139, 0, 0.121, 0.085, 0.132, 0, 0.139, 0.071, 0.07
Node_Acid11_Acid31_0, 0.37, 0.002, 0.024, 0.099, 0.333, 0, 0.37, 0.117, 0.253
Node_Acid12_Acid13_0, 0.209, 0, 0.02, 0.079, 0.208, 0, 0.209, 0.045, 0.181
Node_Acid1_Acid17_0, 0.014, 0, 0.095, 0.043, 0.014, 0, 0.014, 0.01, 0.011
Node_Acid1_Acid3_0, 0.098, 0, 0.22, 0.083, 0.097, 0, 0.098, 0.08, 0.023
Node_Acid23_Acid12_0, 0.048, 0, 0.008, 0.023, 0.048, 0, 0.048, 0.011, 0.04
Node_Acid29_Acid27_0, 0.008, 0, 0.03, 0.028, 0.008, 0, 0.008, 0.004, 0.017
Node_Acid2_Acid11_0, 0.19, 0.001, 0.118, 0.14, 0.176, 0, 0.19, 0.151, 0.042
Node_Acid2_Acid18_0, 0.245, 0.001, 0.082, 0.146, 0.243, 0, 0.245, 0.111, 0.136
Node_Acid32_Acid25_0, 0.009, 0, 0.018, 0.018, 0.009, 0, 0.009, 0.005, 0.011
Node_Acid32_Acid26_0, 0.006, 0, 0.023, 0.027, 0.006, 0, 0.006, 0, 0.02
Node_Acid34_Acid22_0, 0.765, 0, 0.036, 0.034, 0.75, 0, 0.765, 0.704, 0.068
Node_Acid34_Acid24_0, 0.038, 0.001, 0.761, 0.024, 0.038, 0, 0.038, 0.01, 0.033
Node_Acid34_Acid29_0, 0.021, 0, 0.251, 0.073, 0.021, 0, 0.021, 0.018, 0.016
Node_Acid34_Acid33_0, 0.256, 0, 0.013, 0.051, 0.254, 0, 0.256, 0.033, 0.231
Node_Acid37_Acid21_0, 0.006, 0, 0.022, 0.018, 0.006, 0, 0.006, 0.001, 0.012
Node_Acid37_Acid30_0, 0.002, 0, 0.015, 0.017, 0.002, 0, 0.002, 0.001, 0.011
Node_Acid37_Acid32_0, 0.016, 0, 0.022, 0.019, 0.016, 0, 0.016, 0.011, 0.01
Node_Acid38_Acid10_0, 0.745, 0, 0.035, 0.033, 0.74, 0, 0.745, 0.702, 0.047
Node_Acid38_Acid1_0, 0.295, 0.002, 0.041, 0.064, 0.283, 0, 0.295, 0.128, 0.169
Node_Acid38_Acid2_0, 0.265, 0, 0.346, 0.191, 0.238, 0, 0.265, 0.244, 0.023
Node_Acid38_Acid34_0, 0.733, 0.004, 0.05, 0.176, 0.717, 0, 0.733, 0.251, 0.484
Node_Acid38_Acid36_0, 0.003, 0, 0.022, 0.015, 0.003, 0, 0.003, 0.001, 0.015
Node_Acid38_Acid40_0, 0.01, 0, 0.029, 0.031, 0.01, 0, 0.01, 0.002, 0.026
Node_Acid38_Acid4_0, 0.026, 0, 0.731, 0.049, 0.026, 0, 0.026, 0.018, 0.012
Node_Acid38_Acid5_0, 0.165, 0.001, 0.149, 0.074, 0.157, 0, 0.165, 0.118, 0.048
Node_Acid38_Acid7_0, 0.013, 0, 0.03, 0.03, 0.013, 0, 0.013, 0.009, 0.017
Node_Acid38_Acid8_0, 0.588, 0.003, 0.088, 0.231, 0.501, 0, 0.588, 0.528, 0.058
Node_Acid38_B130X1_0, 0.615, 0.008, 0.923, 0.3, 0.516, 0, 0.615, 0.584, 0.02
Node_Acid39_Acid35_0, 0.062, 0, 0.444, 0.123, 0.061, 0, 0.062, 0.057, 0.018
Node_Acid3_Acid14_0, 0.007, 0, 0.109, 0.03, 0.007, 0, 0.007, 0.006, 0.013
Node_Acid3_Acid6_0, 0.103, 0, 0.051, 0.055, 0.103, 0, 0.103, 0.058, 0.056
Node_Acid40_Acid20_0, 0.009, 0, 0.024, 0.025, 0.009, 0, 0.009, 0.001, 0.023
Node_Acid5_Acid23_0, 0.016, 0, 0.026, 0.019, 0.016, 0, 0.016, 0.006, 0.014
Node_Acid5_Acid37_0, 0.028, 0, 0.141, 0.046, 0.028, 0, 0.028, 0.026, 0.004
Node_Acid6_Acid28_0, 0.257, 0.001, 0.031, 0.079, 0.256, 0, 0.257, 0.088, 0.184
Node_Acid8_Acid9_0, 0.534, 0.003, 0.099, 0.201, 0.469, 0, 0.534, 0.493, 0.042
Node_Acid9_Acid39_0, 0.488, 0, 0.164, 0.155, 0.47, 0, 0.488, 0.371, 0.118
Node_Acti10_Acti11_0, 0.111, 0, 0.012, 0.028, 0.109, 0, 0.111, 0.047, 0.068
Node_Acti10_Acti25_0, 0.172, 0.001, 0.08, 0.064, 0.167, 0, 0.172, 0.039, 0.14
Node_Acti10_Acti26_0, 0.055, 0, 0.72, 0.036, 0.055, 0, 0.055, 0.035, 0.026
Node_Acti10_Acti31_0, 0.185, 0, 0.134, 0.065, 0.182, 0, 0.185, 0.05, 0.147
Node_Acti10_Acti3_0, 1, 0, 0.029, 0.025, 0.99, 0, 1, 0.989, 0.024
Node_Acti10_Acti7_0, 1.005, 0.005, 0.02, 0.133, 0.988, 0, 1.005, 0.172, 0.835
Node_Acti11_Acti22_0, 0.2, 0, 0.046, 0.025, 0.2, 0, 0.2, 0.072, 0.135
Node_Acti12_Acti21_0, 0.003, 0, 0.019, 0.022, 0.003, 0, 0.003, 0.001, 0.017
Node_Acti12_Acti48_0, 0.005, 0, 0.023, 0.026, 0.005, 0, 0.005, 0.003, 0.017
Node_Acti14_Acti33_0, 0.124, 0.002, 0.013, 0.019, 0.119, 0, 0.124, 0.1, 0.023
Node_Acti14_Acti34_0, 0.155, 0.001, 0.115, 0.057, 0.149, 0, 0.155, 0.02, 0.145
Node_Acti14_Acti6_0, 1.014, 0.004, 0.032, 0.044, 0.999, 0, 1.014, 0.132, 0.887
Node_Acti18_Acti16_0, 1.009, 0, 0.04, 0.042, 0.999, 0, 1.009, 0.7, 0.327
Node_Acti18_Acti4_0, 0.722, 0.001, 0.086, 0.025, 0.709, 0, 0.722, 0.668, 0.055
Node_Acti19_Acti13_0, 1.008, 0.002, 0.007, 0.005, 1, 0, 1.008, 0.999, 0.009
Node_Acti19_Acti23_0, 1.004, 0, 0.024, 0.027, 1, 0, 1.004, 1.001, 0.02
Node_Acti19_Acti42_0, 1.006, 0.002, 0.013, 0.235, 1, 0, 1.006, 0.942, 0.061
Node_Acti19_Acti49_0, 1.004, 0.001, 0.01, 0.011, 1, 0, 1.004, 1, 0.008
Node_Acti19_Acti8_0, 1.005, 0, 0.009, 0.008, 1, 0, 1.005, 1.002, 0.008
Node_Acti33_Acti35_0, 0.199, 0.002, 0.019, 0.077, 0.197, 0, 0.199, 0.114, 0.092
Node_Acti43_Acti36_0, 0.008, 0, 0.094, 0.027, 0.008, 0, 0.008, 0.002, 0.013
Node_Acti46_Acti41_0, 0.024, 0, 0.095, 0.027, 0.024, 0, 0.024, 0.017, 0.017
Node_Acti47_Acti45_0, 0.017, 0, 0.228, 0.074, 0.017, 0, 0.017, 0.014, 0.012
Node_Acti49_Acti15_0, 0.04, 0, 1.012, 0.027, 0.04, 0, 0.04, 0.01, 0.037
Node_Acti49_Acti32_0, 0.004, 0, 0.02, 0.02, 0.004, 0, 0.004, 0.003, 0.014
Node_Acti49_Acti38_0, 0.01, 0, 0.055, 0.027, 0.01, 0, 0.01, 0.002, 0.025
Node_Acti49_Acti40_0, 1.015, 0, 0.006, 0.007, 0.999, 0, 1.015, 1.001, 0.017
Node_Acti50_Acti10_0, 0.749, 0.001, 0.033, 0.05, 0.73, 0, 0.749, 0.734, 0.019
Node_Acti50_Acti14_0, 0.112, 0.001, 0.662, 0.059, 0.11, 0, 0.112, 0.094, 0.021
Node_Acti50_Acti18_0, 0.752, 0.002, 0.024, 0.059, 0.732, 0, 0.752, 0.73, 0.025
Node_Acti50_Acti19_0, 0.956, 0.004, 0.015, 0.271, 0.942, 0, 0.956, 0.893, 0.058
Node_Acti50_Acti20_0, 0.902, 0.004, 0.11, 0.261, 0.867, 0, 0.902, 0.882, 0.016
Node_Acti50_Acti28_0, 1.008, 0.007, 0.022, 0.237, 0.996, 0, 1.008, 0.219, 0.79
Node_Acti50_Acti39_0, 0.762, 0.001, 0.202, 0.092, 0.749, 0, 0.762, 0.756, 0.007
Node_Acti50_Acti43_0, 0.089, 0, 0.036, 0.035, 0.089, 0, 0.089, 0.082, 0.013
Node_Acti50_Acti46_0, 0.102, 0, 0.016, 0.033, 0.101, 0, 0.102, 0.083, 0.029
Node_Acti50_Acti47_0, 0.233, 0.001, 0.02, 0.115, 0.229, 0, 0.233, 0.121, 0.123
Node_Acti50_Acti51_0, 0.909, 0.004, 0.032, 0.232, 0.891, 0, 0.909, 0.871, 0.035
Node_Acti50_Acti52_0, 0.129, 0.001, 0.014, 0.046, 0.128, 0, 0.129, 0.095, 0.04
Node_Acti50_FirmF1_0, 0.992, 0.011, 0.256, 0.36, 0.882, 0, 0.992, 0.973, 0.001
Node_Acti51_Acti27_0, 0.033, 0, 0.133, 0.088, 0.033, 0, 0.033, 0.031, 0.006
Node_Acti51_Acti9_0, 0.16, 0.001, 0.752, 0.298, 0.16, 0, 0.16, 0.159, 0.002
Node_Acti52_Acti12_0, 0.011, 0, 0.025, 0.018, 0.011, 0, 0.011, 0.003, 0.018
Node_Acti52_Acti37_0, 0.018, 0, 0.125, 0.039, 0.018, 0, 0.018, 0.014, 0.014
Node_Acti52_Acti44_0, 0.011, 0, 0.019, 0.021, 0.011, 0, 0.011, 0.004, 0.019
Node_Acti8_Acti24_0, 0.009, 0, 0.017, 0.017, 0.009, 0, 0.009, 0, 0.02
Node_Acti8_Acti2_0, 0.005, 0, 1.005, 0.005, 0.005, 0, 0.005, 0.003, 0.005
Node_Acti8_Acti5_0, 0.006, 0, 0.012, 0.015, 0.006, 0, 0.006, 0.002, 0.013
Node_Acti9_Acti29_0, 0.011, 0, 0.042, 0.037, 0.011, 0, 0.011, 0.009, 0.006
Node_Acti9_Acti30_0, 0.047, 0, 0.122, 0.103, 0.047, 0, 0.047, 0.044, 0.009
Node_Aero1_NPL1_0, 0.018, 0, 0.066, 0.05, 0.016, 0, 0.018, 0.015, 0.005
Node_Aero1_UBA6X1_0, 0.31, 0.001, 1.023, 0.413, 0.277, 0, 0.31, 0.304, 0.006
Node_Aero1_UBA9X1_0, 0.079, 0, 0.235, 0.157, 0.078, 0, 0.079, 0.077, 0.004
Node_Aqui2_Aqui1_0, 1.009, 0.005, 0.026, 0.077, 0.996, 0, 1.009, 0.161, 0.855
Node_Aqui2_Aqui3_0, 0.178, 0.003, 0.792, 0.352, 0.176, 0, 0.178, 0.165, 0.013
Node_Aqui2_Aqui5_0, 0.175, 0, 0.052, 0.05, 0.172, 0, 0.175, 0.042, 0.148
Node_Aqui2_Aqui6_0, 0.079, 0, 0.131, 0.109, 0.078, 0, 0.079, 0.057, 0.032
Node_Aqui2_Camp1_0, 1.422, 0.013, 0.072, 0.454, 0.877, 0, 1.422, 1.38, 0.021
Node_Aqui2_Thers1_0, 0.954, 0.006, 0.484, 0.495, 0.697, 0, 0.954, 0.938, 0.01
Node_Aqui6_Aqui4_0, 0.005, 0, 0.086, 0.046, 0.005, 0, 0.005, 0.004, 0.012
Node_Arma12_Arma11_0, 1.736, 0.013, 0.03, 0.415, 0.994, 0, 1.736, 1.398, 0.324
Node_Arma12_Arma7_0, 1.613, 0.003, 0.235, 0.631, 0.988, 0, 1.613, 1.508, 0.109
Node_Arma15_Arma13_0, 0.01, 0, 0.031, 0.025, 0.01, 0, 0.01, 0.002, 0.024
Node_Arma4_Acti50_0, 1.236, 0.058, 0.482, 0.559, 0.933, 0.001, 1.236, 1.094, 0.031
Node_Arma4_Arma12_0, 1.429, 0.008, 0.073, 0.663, 0.987, 0, 1.429, 0.759, 0.668
Node_Arma4_Arma14_0, 1.043, 0.001, 0.422, 0.145, 1, 0, 1.043, 1.015, 0.035
Node_Arma4_Arma6_0, 0.826, 0.011, 0.044, 0.265, 0.644, 0, 0.826, 0.408, 0.413
Node_Arma4_CSP1X1_0, 0.993, 0.01, 0.154, 0.459, 0.857, 0, 0.993, 0.932, 0.049
Node_Arma4_Erem6_0, 0.486, 0.004, 0.557, 0.361, 0.444, 0, 0.486, 0.434, 0.046
Node_Arma4_Pate48_0, 1.088, 0.014, 0.174, 0.391, 0.91, 0, 1.088, 1.053, 0.012
Node_Arma4_UBP13X1_0, 0.446, 0, 0.145, 0.174, 0.402, 0, 0.446, 0.345, 0.105
Node_Arma6_Arma15_0, 0.017, 0, 0.046, 0.028, 0.017, 0, 0.017, 0.015, 0.01
Node_Arma6_Arma16_0, 0.433, 0.002, 0.169, 0.23, 0.425, 0, 0.433, 0.372, 0.063
Node_Arma6_Arma3_0, 0.537, 0.002, 0.392, 0.29, 0.472, 0, 0.537, 0.434, 0.101
Node_Arma6_Arma9_0, 0.053, 0, 0.389, 0.131, 0.053, 0, 0.053, 0.051, 0.009
Node_Aure2_Aure1_0, 0.008, 0.001, 0.066, 0.031, 0.008, 0, 0.008, 0.008, 0.005
Node_Bact1_Bact11_0, 0.007, 0, 0.023, 0.03, 0.007, 0, 0.007, 0.003, 0.021
Node_Bact1_Bact17_0, 0.009, 0, 0.069, 0.028, 0.009, 0, 0.009, 0.004, 0.017
Node_Bact20_Bact1_0, 0.061, 0, 0.013, 0.022, 0.061, 0, 0.061, 0.005, 0.067
Node_Bact20_Bact30_0, 0.233, 0, 0.023, 0.078, 0.233, 0, 0.233, 0.052, 0.195
Node_Bact21_Bact29_0, 0.004, 0, 0.021, 0.025, 0.004, 0, 0.004, 0.001, 0.014
Node_Bact21_Bact36_0, 0.011, 0, 0.02, 0.019, 0.011, 0, 0.011, 0.004, 0.02
Node_Bact21_Bact44_0, 0.011, 0, 0.088, 0.03, 0.011, 0, 0.011, 0.006, 0.009
Node_Bact22_Bact31_0, 0.005, 0, 0.009, 0.011, 0.005, 0, 0.005, 0.003, 0.009
Node_Bact22_Bact5_0, 0.005, 0, 0.019, 0.02, 0.005, 0, 0.005, 0.001, 0.017
Node_Bact23_Bact28_0, 0.005, 0, 0.022, 0.025, 0.005, 0, 0.005, 0, 0.022
Node_Bact23_Bact34_0, 0.005, 0, 0.012, 0.011, 0.005, 0, 0.005, 0.001, 0.013
Node_Bact23_Bact4_0, 0.004, 0, 0.013, 0.017, 0.004, 0, 0.004, 0.001, 0.012
Node_Bact24_Bact23_0, 0.005, 0, 0.007, 0.01, 0.005, 0, 0.005, 0.001, 0.006
Node_Bact24_Bact25_0, 0.001, 0, 0.009, 0.005, 0.001, 0, 0.001, 0, 0.005
Node_Bact24_Bact3_0, 0.006, 0, 0.007, 0.014, 0.006, 0, 0.006, 0.002, 0.007
Node_Bact24_Bact7_0, 0.006, 0, 0.005, 0.009, 0.006, 0, 0.006, 0.002, 0.007
Node_Bact25_Bact20_0, 0.007, 0, 0.011, 0.016, 0.007, 0, 0.007, 0.001, 0.017
Node_Bact25_Bact2_0, 0.001, 0, 0.015, 0.019, 0.001, 0, 0.001, 0, 0.015
Node_Bact27_Bact19_0, 0.265, 0.001, 0.017, 0.117, 0.261, 0, 0.265, 0.083, 0.191
Node_Bact27_Bact21_0, 0.09, 0.001, 0.01, 0.038, 0.088, 0, 0.09, 0.015, 0.079
Node_Bact27_Bact22_0, 0.007, 0, 0.003, 0.006, 0.007, 0, 0.007, 0.003, 0.006
Node_Bact27_Bact24_0, 0.004, 0, 0.012, 0.009, 0.004, 0, 0.004, 0.001, 0.006
Node_Bact27_Bact35_0, 0.044, 0, 0.247, 0.079, 0.042, 0, 0.044, 0.033, 0.026
Node_Bact27_Bact37_0, 0.02, 0, 0.006, 0.007, 0.02, 0, 0.02, 0.004, 0.019
Node_Bact27_Bact40_0, 0.056, 0, 0.047, 0.045, 0.056, 0, 0.056, 0.012, 0.059
Node_Bact27_Mari3_0, 0.01, 0, 0.02, 0.016, 0.01, 0, 0.01, 0.007, 0.006
Node_Bact29_Bact9_0, 0.005, 0, 0.016, 0.018, 0.005, 0, 0.005, 0, 0.017
Node_Bact30_Bact32_0, 1.011, 0.006, 0.024, 0.31, 0.999, 0, 1.011, 0.228, 0.796
Node_Bact31_Bact38_0, 0.002, 0, 0.019, 0.021, 0.002, 0, 0.002, 0, 0.016
Node_Bact33_Bact10_0, 0.008, 0, 0.01, 0.01, 0.008, 0, 0.008, 0.001, 0.012
Node_Bact33_Bact39_0, 0.003, 0, 0.021, 0.022, 0.003, 0, 0.003, 0.001, 0.016
Node_Bact33_Bact6_0, 0.006, 0, 0.011, 0.01, 0.006, 0, 0.006, 0.002, 0.009
Node_Bact36_Bact43_0, 0.005, 0, 0.023, 0.022, 0.005, 0, 0.005, 0.002, 0.017
Node_Bact37_Bact33_0, 0.008, 0, 0.023, 0.017, 0.008, 0, 0.008, 0.005, 0.011
Node_Bact37_Bact42_0, 0.004, 0, 0.027, 0.031, 0.004, 0, 0.004, 0, 0.023
Node_Bact3_Bact12_0, 0.005, 0, 0.008, 0.007, 0.005, 0, 0.005, 0.001, 0.007
Node_Bact3_Bact13_0, 0.006, 0, 0.016, 0.014, 0.006, 0, 0.006, 0, 0.014
Node_Bact3_Bact14_0, 0.006, 0, 0.023, 0.026, 0.006, 0, 0.006, 0.001, 0.023
Node_Bact3_Bact18_0, 0.008, 0, 0.008, 0.014, 0.008, 0, 0.008, 0.004, 0.011
Node_Bact40_Bact41_0, 0.21, 0, 0.023, 0.047, 0.206, 0, 0.21, 0.044, 0.177
Node_Bact5_Bact16_0, 0.008, 0, 0.016, 0.013, 0.008, 0, 0.008, 0, 0.019
Node_Bact7_Bact8_0, 0.006, 0, 0.027, 0.024, 0.006, 0, 0.006, 0, 0.027
Node_Bdell12_Bdell3_0, 0.056, 0.001, 0.131, 0.139, 0.056, 0, 0.056, 0.044, 0.029
Node_Bdell13_Bdell12_0, 0.157, 0.001, 0.693, 0.337, 0.155, 0, 0.157, 0.155, 0.009
Node_Bdell14_Bdell11_0, 0.006, 0, 0.02, 0.019, 0.006, 0, 0.006, 0.001, 0.016
Node_Bdell14_Bdell4_0, 0.01, 0, 0.02, 0.02, 0.01, 0, 0.01, 0, 0.024
Node_Bdell15_Bdell14_0, 0.01, 0, 0.029, 0.02, 0.01, 0, 0.01, 0.006, 0.008
Node_Bdell15_Bdell7_0, 0.004, 0, 0.023, 0.024, 0.004, 0, 0.004, 0.002, 0.017
Node_Bdell15_Bdell9_0, 0.011, 0, 0.015, 0.023, 0.011, 0, 0.011, 0, 0.022
Node_Bdell17_Bdell15_0, 0.031, 0.001, 0.122, 0.044, 0.031, 0, 0.031, 0.027, 0.009
Node_Bdell17_Bdell16_0, 0.009, 0, 0.041, 0.029, 0.009, 0, 0.009, 0.004, 0.019
Node_Bdell2_Bdell10_0, 0.031, 0, 0.213, 0.054, 0.031, 0, 0.031, 0.027, 0.006
Node_Bdell6_Bdell17_0, 0.143, 0, 0.307, 0.17, 0.131, 0, 0.143, 0.107, 0.039
Node_Bdell6_Bdell2_0, 0.238, 0.001, 0.078, 0.082, 0.228, 0, 0.238, 0.071, 0.172
Node_Bdell6_UBA1X6_0, 0.411, 0.009, 0.598, 0.367, 0.374, 0, 0.411, 0.356, 0.044
Node_Bdell7_Bdell5_0, 0.005, 0, 0.016, 0.021, 0.005, 0, 0.005, 0, 0.017
Node_BdellC1_BdellC2_0, 0.101, 0, 0.666, 0.278, 0.099, 0, 0.101, 0.098, 0.013
Node_Bipo1_Bipo2_0, 0.018, 0.001, 0.083, 0.047, 0.018, 0, 0.018, 0.013, 0.012
Node_Bipo1_Therg8_0, 0.088, 0, 0.131, 0.114, 0.088, 0, 0.088, 0.079, 0.011
Node_CG294X1_CG267X1_0, 0.021, 0, 0.177, 0.072, 0.021, 0, 0.021, 0.019, 0.01
Node_Calda2_Calda1_0, 0.024, 0, 0.135, 0.123, 0.023, 0, 0.024, 0.024, 0.004
Node_Caldit2_Caldit1_0, 0.999, 0.001, 0.201, 0.152, 0.999, 0, 0.999, 0.192, 0.819
Node_Caldit2_Caldit3_0, 0.38, 0, 0.01, 0.02, 0.341, 0, 0.38, 0.076, 0.307
Node_Camp14_Camp15_0, 0.025, 0, 0.623, 0.124, 0.025, 0, 0.025, 0.022, 0.024
Node_Camp1_Camp2_0, 0.906, 0.006, 0.699, 0.322, 0.676, 0, 0.906, 0.802, 0.097
Node_Camp1_Camp3_0, 0.092, 0.002, 0.828, 0.326, 0.091, 0, 0.092, 0.083, 0.012
Node_Camp1_Camp9_0, 1.502, 0.002, 0.028, 0.181, 0.906, 0, 1.502, 1.321, 0.179
Node_Camp1_UBP6X1_0, 1.349, 0.002, 0.113, 0.205, 0.866, 0, 1.349, 1.31, 0.038
Node_Camp2_Camp11_0, 1.225, 0.004, 0.056, 0.346, 0.79, 0, 1.225, 0.851, 0.371
Node_Camp2_Camp13_0, 2.14, 0.003, 0.075, 0.259, 1, 0, 2.14, 1.552, 0.597
Node_Camp2_Camp4_0, 1.615, 0.029, 0.377, 0.319, 0.952, 0, 1.615, 1.306, 0.277
Node_Camp2_Camp5_0, 1.606, 0.018, 0.042, 0.079, 0.909, 0, 1.606, 1.182, 0.405
Node_Camp2_Camp7_0, 1.686, 0.005, 0.045, 0.253, 0.928, 0, 1.686, 1.574, 0.12
Node_Camp4_Camp16_0, 1.083, 0, 0.739, 0.112, 0.891, 0, 1.083, 0.887, 0.207
Node_Camp5_Camp10_0, 1.333, 0.002, 0.018, 0.186, 0.898, 0, 1.333, 1.205, 0.134
Node_Camp5_Camp12_0, 1.215, 0.001, 0.428, 0.162, 0.858, 0, 1.215, 1.186, 0.036
Node_Camp7_Camp14_0, 0.624, 0.002, 1.23, 0.32, 0.567, 0, 0.624, 0.463, 0.166
Node_Camp9_Camp6_0, 1.479, 0.003, 0.115, 0.304, 0.921, 0, 1.479, 1.4, 0.089
Node_Chlo12_Chlo24_0, 0.017, 0, 0.1, 0.037, 0.017, 0, 0.017, 0.015, 0.006
Node_Chlo26_Chlo11_0, 0.204, 0.006, 0.668, 0.548, 0.202, 0, 0.204, 0.199, 0.012
Node_Chlo26_Chlo9_0, 0.854, 0.003, 0.028, 0.166, 0.844, 0, 0.854, 0.813, 0.041
Node_Chlo30_Chlo20_0, 0.01, 0.001, 0.021, 0.021, 0.01, 0, 0.01, 0.005, 0.01
Node_Chlo30_Chlo23_0, 0.02, 0, 0.073, 0.051, 0.02, 0, 0.02, 0.018, 0.009
Node_Chlo30_Chlo36_0, 0.084, 0.001, 0.325, 0.11, 0.083, 0, 0.084, 0.076, 0.012
Node_Chlo30_Chlo37_0, 0.005, 0, 0.015, 0.019, 0.005, 0, 0.005, 0.003, 0.01
Node_Chlo30_Chlo38_0, 0.285, 0, 0.182, 0.125, 0.272, 0, 0.285, 0.267, 0.024
Node_Chlo30_Chlo41_0, 0.296, 0, 0.051, 0.059, 0.284, 0, 0.296, 0.24, 0.062
Node_Chlo30_Chlo43_0, 0.326, 0, 0.061, 0.067, 0.31, 0, 0.326, 0.239, 0.091
Node_Chlo30_Chlo6_0, 0.396, 0, 0.082, 0.095, 0.393, 0, 0.396, 0.249, 0.152
Node_Chlo30_Dorm2_0, 0.443, 0.002, 0.177, 0.275, 0.416, 0, 0.443, 0.418, 0.022
Node_Chlo31_Chlo25_0, 0.013, 0, 0.041, 0.033, 0.013, 0, 0.013, 0.006, 0.016
Node_Chlo35_Chlo21_0, 0.012, 0, 0.175, 0.047, 0.012, 0, 0.012, 0.011, 0.011
Node_Chlo36_Chlo13_0, 0.726, 0, 0.028, 0.038, 0.716, 0, 0.726, 0.698, 0.041
Node_Chlo36_Chlo14_0, 0.766, 0.002, 0.011, 0.252, 0.761, 0, 0.766, 0.181, 0.591
Node_Chlo36_Chlo28_0, 0.184, 0.001, 0.013, 0.052, 0.183, 0, 0.184, 0.042, 0.144
Node_Chlo36_Chlo33_0, 0.052, 0, 0.033, 0.037, 0.052, 0, 0.052, 0.02, 0.04
Node_Chlo36_Chlo40_0, 0.793, 0.002, 0.026, 0.059, 0.784, 0, 0.793, 0.712, 0.091
Node_Chlo36_Chlo5_0, 0.713, 0, 0.071, 0.036, 0.705, 0, 0.713, 0.702, 0.018
Node_Chlo36_Chlo8_0, 0.045, 0, 0.055, 0.047, 0.044, 0, 0.045, 0.034, 0.016
Node_Chlo38_Chlo19_0, 0.013, 0, 0.043, 0.047, 0.013, 0, 0.013, 0.008, 0.018
Node_Chlo38_Chlo31_0, 0.038, 0.001, 0.257, 0.08, 0.038, 0, 0.038, 0.036, 0.009
Node_Chlo41_Chlo29_0, 0.057, 0, 0.103, 0.052, 0.056, 0, 0.057, 0.032, 0.031
Node_Chlo41_Chlo32_0, 0.118, 0, 0.023, 0.062, 0.116, 0, 0.118, 0.038, 0.084
Node_Chlo41_Chlo39_0, 0.012, 0, 0.024, 0.023, 0.012, 0, 0.012, 0.002, 0.025
Node_Chlo41_Chlo44_0, 0.03, 0, 0.106, 0.047, 0.029, 0, 0.03, 0.019, 0.018
Node_Chlo41_Chlo4_0, 0.129, 0.001, 0.181, 0.078, 0.127, 0, 0.129, 0.118, 0.013
Node_Chlo41_Chlo7_0, 0.011, 0, 0.03, 0.03, 0.011, 0, 0.011, 0.006, 0.011
Node_Chlo42_Chlo34_0, 0.008, 0, 0.029, 0.027, 0.008, 0, 0.008, 0.001, 0.018
Node_Chlo43_Chlo42_0, 0.019, 0, 0.071, 0.048, 0.019, 0, 0.019, 0.013, 0.019
Node_Chlo43_Chlo45_0, 0.197, 0.002, 0.171, 0.093, 0.188, 0, 0.197, 0.16, 0.04
Node_Chlo43_Chlo47_0, 0.071, 0, 0.135, 0.058, 0.071, 0, 0.071, 0.066, 0.009
Node_Chlo44_Chlo17_0, 0.006, 0, 0.02, 0.021, 0.006, 0, 0.006, 0.003, 0.016
Node_Chlo44_Chlo22_0, 0.01, 0, 0.033, 0.016, 0.01, 0, 0.01, 0.005, 0.013
Node_Chlo45_Chlo27_0, 0.318, 0.002, 0.086, 0.126, 0.3, 0, 0.318, 0.116, 0.205
Node_Chlo45_Chlo46_0, 0.254, 0.004, 0.25, 0.18, 0.248, 0, 0.254, 0.078, 0.182
Node_Chlo47_Chlo48_0, 0.093, 0, 0.029, 0.051, 0.092, 0, 0.093, 0.054, 0.051
Node_Chlo48_Chlo10_0, 0.28, 0, 0.017, 0.086, 0.278, 0, 0.28, 0.089, 0.204
Node_Chlo4_Chlo12_0, 0.111, 0.002, 0.035, 0.066, 0.11, 0, 0.111, 0.096, 0.015
Node_Chlo4_Chlo35_0, 0.176, 0.001, 0.015, 0.046, 0.176, 0, 0.176, 0.099, 0.079
Node_Chlo5_Chlo16_0, 0.007, 0, 0.723, 0.023, 0.007, 0, 0.007, 0.004, 0.017
Node_Chlo6_Chlo18_0, 0.846, 0.004, 0.042, 0.261, 0.841, 0, 0.846, 0.807, 0.046
Node_Chlo6_Chlo26_0, 0.838, 0.002, 0.011, 0.148, 0.822, 0, 0.838, 0.387, 0.451
Node_Chlo7_Chlo15_0, 0.013, 0, 0.029, 0.03, 0.013, 0, 0.013, 0.004, 0.031
Node_Chry1_Aqui2_0, 1.46, 0.007, 0.221, 0.505, 0.901, 0, 1.46, 1.447, 0.003
Node_Chry1_Defe3_0, 0.277, 0.002, 1.189, 0.669, 0.257, 0, 0.277, 0.276, 0.004
Node_Cyan10_Cyan35_0, 1.104, 0, 1.27, 0.447, 0.952, 0, 1.104, 1.089, 0.022
Node_Cyan10_Cyan45_0, 0.025, 0, 1.096, 0.11, 0.025, 0, 0.025, 0.023, 0.017
Node_Cyan10_Cyan46_0, 2.352, 0.01, 0.037, 0.627, 1, 0, 2.352, 1.767, 0.581
Node_Cyan11_Cyan26_0, 1.295, 0, 0.093, 0.049, 0.953, 0, 1.295, 1.255, 0.057
Node_Cyan12_Cyan13_0, 1.013, 0.005, 0.022, 0.321, 0.999, 0, 1.013, 0.472, 0.547
Node_Cyan13_Cyan18_0, 1.009, 0.001, 0.024, 0.024, 1, 0, 1.009, 0.998, 0.019
Node_Cyan14_Cyan15_0, 0.888, 0, 0.292, 0.263, 0.884, 0, 0.888, 0.861, 0.042
Node_Cyan14_Cyan16_0, 1.138, 0.011, 0.027, 0.089, 0.974, 0, 1.138, 1.066, 0.063
Node_Cyan14_Cyan23_0, 1.091, 0.007, 0.276, 0.109, 0.961, 0, 1.091, 1.057, 0.027
Node_Cyan16_Cyan29_0, 1.145, 0, 0.141, 0.191, 0.947, 0, 1.145, 1.01, 0.148
Node_Cyan19_Cyan22_0, 1.027, 0.009, 0.09, 0.886, 0.994, 0, 1.027, 0.994, 0.032
Node_Cyan19_Cyan47_0, 0.803, 0, 0.296, 0.149, 0.752, 0, 0.803, 0.736, 0.072
Node_Cyan28_chloroArabidopsis_0, 0.009, 0, 0.022, 0.019, 0.009, 0, 0.009, 0.006, 0.004
Node_Cyan2_Cyan1_0, 0.069, 0.001, 0.466, 0.225, 0.067, 0, 0.069, 0.065, 0.009
Node_Cyan31_Cyan34_0, 1.979, 0, 0.039, 0.243, 1, 0, 1.979, 1.969, 0.022
Node_Cyan33_Cyan21_0, 1.017, 0.005, 0.117, 0.65, 1, 0, 1.017, 1.005, 0.016
Node_Cyan38_Cyan28_0, 0.027, 0, 0.186, 0.057, 0.027, 0, 0.027, 0.025, 0.005
Node_Cyan40_Arma4_0, 1.628, 0.069, 0.032, 0.471, 0.964, 0.002, 1.628, 1.473, 0.021
Node_Cyan40_Cyan10_0, 1.798, 0.016, 0.023, 0.115, 1, 0, 1.798, 1.496, 0.287
Node_Cyan40_Cyan11_0, 1.331, 0, 0.119, 0.086, 0.95, 0, 1.331, 1.294, 0.042
Node_Cyan40_Cyan14_0, 1.333, 0.191, 0.04, 0.284, 0.995, 0, 1.333, 0.864, 0.106
Node_Cyan40_Cyan19_0, 1.076, 0.065, 0.025, 0.323, 0.989, 0, 1.076, 0.352, 0.655
Node_Cyan40_Cyan20_0, 0.243, 0.001, 0.281, 0.176, 0.23, 0, 0.243, 0.203, 0.045
Node_Cyan40_Cyan24_0, 1.518, 0.024, 0.057, 0.6, 1, 0, 1.518, 1.27, 0.218
Node_Cyan40_Cyan25_0, 1.408, 0.011, 0.437, 0.451, 0.995, 0, 1.408, 1.373, 0.036
Node_Cyan40_Cyan27_0, 0.418, 0.001, 1.024, 0.12, 0.403, 0, 0.418, 0.313, 0.11
Node_Cyan40_Cyan2_0, 0.525, 0.001, 0.196, 0.238, 0.48, 0, 0.525, 0.52, 0.008
Node_Cyan40_Cyan36_0, 0.381, 0.004, 0.018, 0.087, 0.372, 0, 0.381, 0.197, 0.187
Node_Cyan40_Cyan37_0, 0.157, 0, 0.073, 0.037, 0.155, 0, 0.157, 0.137, 0.024
Node_Cyan40_Cyan38_0, 0.208, 0, 0.013, 0.051, 0.207, 0, 0.208, 0.147, 0.064
Node_Cyan40_Cyan42_0, 0.206, 0.002, 0.072, 0.068, 0.2, 0, 0.206, 0.174, 0.033
Node_Cyan40_Cyan7_0, 0.478, 0.003, 0.076, 0.129, 0.452, 0, 0.478, 0.449, 0.026
Node_Cyan40_Marg1_0, 0.712, 0.008, 0.583, 0.532, 0.601, 0, 0.712, 0.7, 0.003
Node_Cyan40_Therd1_0, 1.284, 0.013, 0.367, 0.436, 0.883, 0, 1.284, 1.255, 0.01
Node_Cyan42_Cyan3_0, 0.381, 0.001, 0.158, 0.151, 0.344, 0, 0.381, 0.061, 0.332
Node_Cyan46_Cyan30_0, 2.413, 0.002, 0.028, 0.284, 1, 0, 2.413, 2.33, 0.087
Node_Cyan46_Cyan31_0, 1.996, 0.003, 0.99, 0.36, 1, 0, 1.996, 1.437, 0.57
Node_Cyan46_Cyan32_0, 1.152, 0, 0.053, 0.05, 0.993, 0, 1.152, 1.013, 0.151
Node_Cyan46_Cyan33_0, 1.113, 0.007, 0.921, 0.218, 0.999, 0, 1.113, 1.078, 0.031
Node_Cyan46_Cyan41_0, 1.054, 0.001, 0.097, 0.069, 1, 0, 1.054, 1.025, 0.037
Node_Cyan47_Cyan43_0, 1.034, 0.003, 0.725, 0.178, 0.995, 0, 1.034, 0.087, 0.953
Node_Cyan47_Cyan44_0, 1.008, 0, 0.054, 0.055, 1, 0, 1.008, 0.999, 0.028
Node_Cyan4_Cyan8_0, 0.055, 0, 0.383, 0.124, 0.055, 0, 0.055, 0.051, 0.008
Node_Cyan4_Cyan9_0, 0.011, 0, 0.062, 0.052, 0.011, 0, 0.011, 0.007, 0.018
Node_Cyan7_Cyan12_0, 0.483, 0, 0.019, 0.139, 0.482, 0, 0.483, 0.413, 0.072
Node_Cyan7_Cyan4_0, 0.43, 0.002, 0.071, 0.128, 0.423, 0, 0.43, 0.407, 0.021
Node_DTU0X1_SLNR1_0, 0.003, 0, 0.01, 0.011, 0.003, 0, 0.003, 0.001, 0.007
Node_Defe3_Defe1_0, 0.067, 0, 0.228, 0.245, 0.065, 0, 0.067, 0.064, 0.018
Node_Defe3_Defe2_0, 0.014, 0, 0.067, 0.052, 0.014, 0, 0.014, 0.01, 0.014
Node_Dein4_Dein2_0, 0.22, 0, 0.053, 0.113, 0.206, 0, 0.22, 0.05, 0.181
Node_Dein4_Dein6_0, 1.007, 0.008, 0.146, 0.557, 0.996, 0, 1.007, 0.088, 0.925
Node_Dein5_Bipo1_0, 0.208, 0, 0.314, 0.236, 0.198, 0, 0.208, 0.199, 0.01
Node_Dein5_Dein1_0, 0.133, 0, 0.034, 0.028, 0.13, 0, 0.133, 0.01, 0.138
Node_Dein5_Dein4_0, 0.092, 0.001, 0.155, 0.125, 0.091, 0, 0.092, 0.057, 0.038
Node_Dein5_Dein7_0, 0.029, 0, 0.087, 0.055, 0.029, 0, 0.029, 0.018, 0.024
Node_Dein7_Dein3_0, 0.007, 0, 0.034, 0.026, 0.007, 0, 0.007, 0.004, 0.012
Node_DesuB1_DesuB2_0, 1.022, 0.001, 0.129, 0.302, 1, 0, 1.022, 0.798, 0.23
Node_DesuB4_BdellC1_0, 0.754, 0.005, 0.066, 0.228, 0.731, 0, 0.754, 0.719, 0.032
Node_DesuB4_DesuB1_0, 0.92, 0.004, 0.021, 0.249, 0.809, 0, 0.92, 0.734, 0.183
Node_DesuB4_DesuB3_0, 1.081, 0.001, 0.735, 0.378, 1, 0, 1.081, 0.209, 0.895
Node_DesuB4_Desua5_0, 0.783, 0.005, 0.187, 0.268, 0.733, 0, 0.783, 0.751, 0.026
Node_DesuB4_Myxo10_0, 0.939, 0.01, 0.534, 0.299, 0.789, 0, 0.939, 0.371, 0.558
Node_DesuC2_DesuC1_0, 0.722, 0, 0.027, 0.047, 0.72, 0, 0.722, 0.668, 0.062
Node_DesuC2_Desua47_0, 0.687, 0.006, 0.054, 0.3, 0.677, 0, 0.687, 0.65, 0.029
Node_DesuD2_DesuD1_0, 1.008, 0.001, 0.048, 0.338, 0.999, 0, 1.008, 0.817, 0.209
Node_Desua11_Desua27_0, 0.509, 0.002, 0.15, 0.16, 0.504, 0, 0.509, 0.444, 0.077
Node_Desua16_Desua15_0, 1.01, 0, 0.055, 0.038, 0.993, 0, 1.01, 0.996, 0.026
Node_Desua16_Desua20_0, 0.185, 0, 0.099, 0.089, 0.178, 0, 0.185, 0.109, 0.078
Node_Desua16_Desua24_0, 1.039, 0.004, 0.261, 0.411, 0.993, 0, 1.039, 0.329, 0.723
Node_Desua16_Desua6_0, 0.206, 0.002, 0.663, 0.262, 0.188, 0, 0.206, 0.175, 0.034
Node_Desua16_Desua9_0, 0.573, 0.002, 0.036, 0.181, 0.483, 0, 0.573, 0.161, 0.422
Node_Desua1_Desua34_0, 0.082, 0, 1.051, 0.198, 0.077, 0, 0.082, 0.077, 0.023
Node_Desua1_Desua3_0, 1.11, 0.006, 0.029, 0.213, 0.912, 0, 1.11, 0.948, 0.163
Node_Desua1_Desua43_0, 0.97, 0.001, 0.083, 0.178, 0.891, 0, 0.97, 0.909, 0.062
Node_Desua22_Desua10_0, 0.093, 0, 0.819, 0.179, 0.092, 0, 0.093, 0.083, 0.016
Node_Desua22_Desua13_0, 0.896, 0.003, 0.024, 0.194, 0.887, 0, 0.896, 0.878, 0.021
Node_Desua22_Desua14_0, 0.016, 0, 0.089, 0.046, 0.015, 0, 0.016, 0.01, 0.012
Node_Desua22_Desua16_0, 0.833, 0.002, 0.355, 0.445, 0.764, 0, 0.833, 0.767, 0.063
Node_Desua22_Desua23_0, 0.007, 0, 0.038, 0.037, 0.007, 0, 0.007, 0.002, 0.029
Node_Desua22_Desua26_0, 0.896, 0.001, 0.076, 0.17, 0.882, 0, 0.896, 0.89, 0.013
Node_Desua22_Desua4_0, 0.958, 0.006, 0.079, 0.255, 0.911, 0, 0.958, 0.751, 0.198
Node_Desua26_Desua30_0, 0.042, 0, 0.862, 0.167, 0.042, 0, 0.042, 0.04, 0.008
Node_Desua28_Desua35_0, 0.028, 0, 0.123, 0.095, 0.027, 0, 0.028, 0.019, 0.02
Node_Desua2_Desua8_0, 0.02, 0.001, 0.063, 0.049, 0.019, 0, 0.02, 0.014, 0.019
Node_Desua36_Desua38_0, 0.008, 0, 0.022, 0.025, 0.008, 0, 0.008, 0.002, 0.019
Node_Desua36_Desua39_0, 0.011, 0, 0.103, 0.035, 0.011, 0, 0.011, 0.006, 0.02
Node_Desua40_Desua31_0, 0.37, 0, 0.035, 0.081, 0.337, 0, 0.37, 0.145, 0.232
Node_Desua42_Desua11_0, 0.58, 0.003, 0.011, 0.216, 0.572, 0, 0.58, 0.085, 0.498
Node_Desua42_Desua12_0, 0.09, 0.001, 0.018, 0.046, 0.09, 0, 0.09, 0.035, 0.06
Node_Desua43_Desua50_0, 0.21, 0, 0.067, 0.059, 0.204, 0, 0.21, 0.055, 0.174
Node_Desua43_Desua52_0, 0.01, 0, 0.221, 0.037, 0.01, 0, 0.01, 0.003, 0.021
Node_Desua43_Desua54_0, 0.103, 0, 0.912, 0.19, 0.101, 0, 0.103, 0.07, 0.045
Node_Desua44_Desua36_0, 0.094, 0, 0.082, 0.043, 0.092, 0, 0.094, 0.018, 0.089
Node_Desua46_Desua25_0, 0.01, 0, 0.021, 0.024, 0.01, 0, 0.01, 0.001, 0.02
Node_Desua47_Desua29_0, 0.004, 0, 0.027, 0.027, 0.004, 0, 0.004, 0.001, 0.02
Node_Desua47_Desua37_0, 0.014, 0, 0.682, 0.038, 0.014, 0, 0.014, 0.006, 0.03
Node_Desua47_Desua41_0, 0.011, 0, 0.024, 0.028, 0.011, 0, 0.011, 0.002, 0.021
Node_Desua47_Desua53_0, 0.666, 0, 0.045, 0.034, 0.659, 0, 0.666, 0.65, 0.024
Node_Desua48_Desua33_0, 0.005, 0, 0.022, 0.021, 0.005, 0, 0.005, 0.001, 0.016
Node_Desua48_Desua40_0, 0.173, 0, 0.925, 0.052, 0.161, 0, 0.173, 0.112, 0.061
Node_Desua48_Desua42_0, 0.047, 0, 0.154, 0.055, 0.046, 0, 0.047, 0.023, 0.028
Node_Desua48_Desua46_0, 0.011, 0, 0.05, 0.028, 0.011, 0, 0.011, 0.004, 0.014
Node_Desua49_Desua21_0, 0.273, 0, 0.037, 0.102, 0.269, 0, 0.273, 0.06, 0.223
Node_Desua49_Desua32_0, 0.066, 0.001, 1.104, 0.085, 0.065, 0, 0.066, 0.054, 0.021
Node_Desua49_Desua44_0, 0.087, 0, 0.032, 0.034, 0.087, 0, 0.087, 0.039, 0.053
Node_Desua4_Desua1_0, 0.99, 0.002, 0.026, 0.135, 0.922, 0, 0.99, 0.936, 0.056
Node_Desua4_Desua48_0, 1.037, 0.001, 0.052, 0.042, 0.944, 0, 1.037, 0.941, 0.098
Node_Desua4_Desua49_0, 1.148, 0.001, 0.042, 0.087, 0.95, 0, 1.148, 1.001, 0.152
Node_Desua53_Desua51_0, 0.728, 0, 0.023, 0.033, 0.726, 0, 0.728, 0.654, 0.085
Node_Desua6_Desua19_0, 0.026, 0, 0.055, 0.044, 0.026, 0, 0.026, 0.019, 0.018
Node_Desua6_Desua2_0, 0.063, 0.001, 0.154, 0.086, 0.059, 0, 0.063, 0.059, 0.01
Node_Desua6_Desua7_0, 0.014, 0, 0.037, 0.042, 0.014, 0, 0.014, 0.005, 0.025
Node_Desua9_Desua17_0, 1.008, 0, 0.07, 0.055, 1, 0, 1.008, 1.006, 0.02
Node_Desua9_Desua18_0, 1.058, 0.001, 0.269, 0.285, 0.999, 0, 1.058, 0.313, 0.753
Node_Dorm2_Dorm1_0, 0.011, 0, 0.03, 0.031, 0.011, 0, 0.011, 0.002, 0.024
Node_Dorm2_Dorm3_0, 0.303, 0.001, 0.195, 0.27, 0.295, 0, 0.303, 0.257, 0.054
Node_Dorm2_Dorm4_0, 0.046, 0.001, 0.278, 0.141, 0.045, 0, 0.046, 0.038, 0.02
Node_Dorm2_Dorm5_0, 0.017, 0, 0.052, 0.046, 0.017, 0, 0.017, 0.011, 0.023
Node_Eise2_Eise1_0, 0.012, 0, 0.037, 0.034, 0.012, 0, 0.012, 0.004, 0.024
Node_Eise4_Eise2_0, 0.025, 0, 0.294, 0.07, 0.025, 0, 0.025, 0.021, 0.01
Node_Eise4_Eise3_0, 0.012, 0, 0.032, 0.028, 0.012, 0, 0.012, 0.005, 0.019
Node_Elus1_Elus2_0, 0.007, 0, 0.009, 0.006, 0.007, 0, 0.007, 0.004, 0.006
Node_Elus2_Elus3_0, 0.004, 0, 0.013, 0.012, 0.004, 0, 0.004, 0, 0.01
Node_Elus2_Elus5_0, 0.003, 0, 0.006, 0.005, 0.003, 0, 0.003, 0.001, 0.005
Node_Elus3_Elus4_0, 0.029, 0, 0.006, 0.013, 0.029, 0, 0.029, 0.008, 0.025
Node_Elus3_Elus6_0, 0.003, 0, 0.02, 0.013, 0.003, 0, 0.003, 0, 0.012
Node_Elus3_Elus7_0, 0.01, 0, 0.003, 0.005, 0.01, 0, 0.01, 0.003, 0.009
Node_Elus3_Elus9_0, 0.011, 0, 0.033, 0.018, 0.011, 0, 0.011, 0.004, 0.015
Node_Elus6_Elus8_0, 0.004, 0, 0.014, 0.015, 0.004, 0, 0.004, 0.002, 0.015
Node_Elus9_Elus10_0, 0.007, 0, 0.028, 0.031, 0.007, 0, 0.007, 0.001, 0.024
Node_Erem4_Erem5_0, 0.05, 0, 0.317, 0.117, 0.049, 0, 0.05, 0.043, 0.023
Node_Erem6_Erem2_0, 0.135, 0.001, 0.36, 0.2, 0.131, 0, 0.135, 0.129, 0.008
Node_Erem6_Erem3_0, 0.145, 0.001, 0.053, 0.113, 0.142, 0, 0.145, 0.098, 0.062
Node_Erem6_Erem4_0, 0.344, 0.001, 0.037, 0.166, 0.34, 0, 0.344, 0.126, 0.235
Node_FCPU1_FCPU2_0, 1.007, 0.004, 0.031, 0.364, 0.999, 0, 1.007, 0.087, 0.933
Node_Ferm1_Eise4_0, 0.309, 0.001, 0.02, 0.053, 0.298, 0, 0.309, 0.118, 0.195
Node_Ferm1_GemmA1_0, 1.076, 0.006, 0.009, 0.179, 0.992, 0, 1.076, 0.305, 0.77
Node_Ferm1_Krum1_0, 1.198, 0.005, 0.017, 0.249, 0.992, 0, 1.198, 1.062, 0.134
Node_Fibr4_Fibr2_0, 0.003, 0, 0.014, 0.017, 0.003, 0, 0.003, 0, 0.014
Node_Fibr4_Fibr3_0, 0.013, 0, 0.028, 0.014, 0.013, 0, 0.013, 0.009, 0.006
Node_Fibr4_Fibr5_0, 0.01, 0, 0.012, 0.015, 0.01, 0, 0.01, 0.005, 0.009
Node_Fibr4_Fibr6_0, 0.003, 0, 0.016, 0.014, 0.003, 0, 0.003, 0.002, 0.009
Node_Fibr5_Fibr1_0, 0.01, 0, 0.015, 0.013, 0.01, 0, 0.01, 0.003, 0.015
Node_FirmA102_FirmA76_0, 0.007, 0, 0.034, 0.028, 0.007, 0, 0.007, 0.003, 0.017
Node_FirmA104_FirmA78_0, 0.009, 0, 0.028, 0.015, 0.009, 0, 0.009, 0.004, 0.01
Node_FirmA106_FirmA114_0, 0.027, 0, 0.259, 0.099, 0.027, 0, 0.027, 0.023, 0.007
Node_FirmA109_FirmA77_0, 0.035, 0, 0.011, 0.01, 0.034, 0, 0.035, 0.006, 0.034
Node_FirmA109_FirmA95_0, 0.147, 0, 0.019, 0.017, 0.146, 0, 0.147, 0.029, 0.131
Node_FirmA114_FirmA98_0, 0.009, 0, 0.035, 0.041, 0.009, 0, 0.009, 0.005, 0.017
Node_FirmA11_FirmA67_0, 0.003, 0, 0.013, 0.012, 0.003, 0, 0.003, 0.001, 0.009
Node_FirmA12_FirmA93_0, 0.209, 0, 0.019, 0.059, 0.208, 0, 0.209, 0.05, 0.171
Node_FirmA14_FirmA113_0, 0.006, 0, 0.025, 0.019, 0.006, 0, 0.006, 0.002, 0.016
Node_FirmA18_FirmA103_0, 0.002, 0, 0.021, 0.022, 0.002, 0, 0.002, 0.001, 0.013
Node_FirmA20_FirmA100_0, 0.01, 0, 0.036, 0.033, 0.01, 0, 0.01, 0.003, 0.017
Node_FirmA20_FirmA24_0, 0.249, 0.006, 0.03, 0.171, 0.245, 0, 0.249, 0.224, 0.018
Node_FirmA20_FirmA25_0, 0.088, 0, 0.202, 0.138, 0.088, 0, 0.088, 0.084, 0.01
Node_FirmA20_FirmA38_0, 0.28, 0.002, 0.014, 0.157, 0.274, 0, 0.28, 0.235, 0.043
Node_FirmA20_FirmA52_0, 0.029, 0, 0.072, 0.069, 0.029, 0, 0.029, 0.023, 0.013
Node_FirmA21_FirmA108_0, 0.013, 0, 0.026, 0.022, 0.013, 0, 0.013, 0.006, 0.02
Node_FirmA21_FirmA47_0, 0.006, 0, 0.021, 0.025, 0.006, 0, 0.006, 0.003, 0.014
Node_FirmA21_FirmA88_0, 0.019, 0, 0.054, 0.026, 0.019, 0, 0.019, 0.011, 0.019
Node_FirmA24_FirmA1_0, 0.062, 0.001, 0.2, 0.108, 0.062, 0, 0.062, 0.055, 0.012
Node_FirmA24_FirmA8_0, 0.018, 0, 0.053, 0.038, 0.018, 0, 0.018, 0.014, 0.009
Node_FirmA25_FirmA56_0, 0.008, 0, 0.093, 0.054, 0.008, 0, 0.008, 0.004, 0.013
Node_FirmA26_FirmA102_0, 0.024, 0, 0.018, 0.024, 0.024, 0, 0.024, 0.019, 0.011
Node_FirmA26_FirmA2_0, 0.031, 0, 0.273, 0.049, 0.031, 0, 0.031, 0.029, 0.007
Node_FirmA26_FirmA41_0, 0.001, 0, 0.033, 0.023, 0.001, 0, 0.001, 0, 0.014
Node_FirmA26_FirmA7_0, 0.02, 0, 0.021, 0.019, 0.02, 0, 0.02, 0.012, 0.017
Node_FirmA27_FirmA71_0, 0.008, 0, 0.046, 0.02, 0.008, 0, 0.008, 0.003, 0.016
Node_FirmA27_FirmA89_0, 0.038, 0, 0.012, 0.027, 0.038, 0, 0.038, 0.028, 0.015
Node_FirmA28_FirmA94_0, 0.004, 0, 0.015, 0.016, 0.004, 0, 0.004, 0.001, 0.014
Node_FirmA29_FirmA51_0, 0.007, 0, 0.016, 0.017, 0.007, 0, 0.007, 0.002, 0.011
Node_FirmA38_FirmA32_0, 0.385, 0.001, 0.02, 0.185, 0.383, 0, 0.385, 0.271, 0.124
Node_FirmA43_FirmA39_0, 0.004, 0.001, 0.018, 0.021, 0.004, 0, 0.004, 0, 0.017
Node_FirmA45_FirmA40_0, 0.009, 0, 0.016, 0.012, 0.009, 0, 0.009, 0, 0.015
Node_FirmA50_FirmA70_0, 0.005, 0, 0.014, 0.015, 0.005, 0, 0.005, 0.002, 0.014
Node_FirmA52_FirmA107_0, 0.01, 0, 0.023, 0.027, 0.01, 0, 0.01, 0.002, 0.02
Node_FirmA52_FirmA42_0, 0.013, 0, 0.032, 0.03, 0.013, 0, 0.013, 0.008, 0.016
Node_FirmA53_FirmA35_0, 0.001, 0, 0.042, 0.033, 0.001, 0, 0.001, 0, 0.013
Node_FirmA55_FirmA29_0, 0.012, 0, 0.015, 0.021, 0.012, 0, 0.012, 0.005, 0.016
Node_FirmA58_FirmA43_0, 0.004, 0, 0.021, 0.023, 0.004, 0, 0.004, 0.001, 0.011
Node_FirmA59_FirmA36_0, 0.004, 0, 0.009, 0.009, 0.004, 0, 0.004, 0.002, 0.009
Node_FirmA59_FirmA44_0, 0.004, 0, 0.005, 0.004, 0.004, 0, 0.004, 0.002, 0.003
Node_FirmA59_FirmA48_0, 0.003, 0, 0.02, 0.023, 0.003, 0, 0.003, 0.002, 0.019
Node_FirmA60_FirmA74_0, 0.01, 0, 0.014, 0.016, 0.01, 0, 0.01, 0.003, 0.018
Node_FirmA61_FirmA66_0, 0.006, 0, 0.014, 0.015, 0.006, 0, 0.006, 0.002, 0.012
Node_FirmA62_FirmA104_0, 0.027, 0, 0.088, 0.04, 0.027, 0, 0.027, 0.019, 0.014
Node_FirmA62_FirmA58_0, 0.014, 0, 0.019, 0.017, 0.014, 0, 0.014, 0.011, 0.006
Node_FirmA62_FirmA6_0, 0.001, 0, 0.019, 0.014, 0.001, 0, 0.001, 0, 0.006
Node_FirmA63_FirmA109_0, 0.012, 0, 0.021, 0.026, 0.012, 0, 0.012, 0.002, 0.019
Node_FirmA63_FirmA10_0, 0.005, 0, 0.021, 0.019, 0.005, 0, 0.005, 0.001, 0.014
Node_FirmA63_FirmA30_0, 0.007, 0, 0.009, 0.01, 0.007, 0, 0.007, 0.003, 0.011
Node_FirmA63_FirmA45_0, 0.01, 0, 0.024, 0.028, 0.01, 0, 0.01, 0, 0.027
Node_FirmA63_FirmA57_0, 0.029, 0.001, 0.045, 0.051, 0.029, 0, 0.029, 0.024, 0.005
Node_FirmA63_FirmA99_0, 0.014, 0, 0.027, 0.045, 0.014, 0, 0.014, 0.011, 0.012
Node_FirmA64_FirmA33_0, 0.005, 0, 0.018, 0.018, 0.005, 0, 0.005, 0.002, 0.014
Node_FirmA65_FirmA5_0, 0.005, 0, 0.007, 0.008, 0.005, 0, 0.005, 0.001, 0.008
Node_FirmA65_FirmA64_0, 0.009, 0, 0.016, 0.016, 0.009, 0, 0.009, 0.003, 0.014
Node_FirmA65_FirmA69_0, 0.011, 0, 0.011, 0.011, 0.011, 0, 0.011, 0.003, 0.013
Node_FirmA65_FirmA97_0, 0.004, 0, 0.016, 0.019, 0.004, 0, 0.004, 0, 0.011
Node_FirmA67_FirmA37_0, 0.003, 0, 0.032, 0.017, 0.003, 0, 0.003, 0, 0.012
Node_FirmA67_FirmA50_0, 0.005, 0, 0.009, 0.007, 0.005, 0, 0.005, 0.001, 0.011
Node_FirmA67_FirmA79_0, 0.006, 0, 0.011, 0.009, 0.006, 0, 0.006, 0, 0.012
Node_FirmA67_FirmA87_0, 0.023, 0, 0.002, 0.008, 0.023, 0, 0.023, 0.002, 0.022
Node_FirmA69_FirmA28_0, 0.005, 0, 0.017, 0.015, 0.005, 0, 0.005, 0.001, 0.011
Node_FirmA69_FirmA72_0, 0.007, 0, 0.015, 0.012, 0.007, 0, 0.007, 0, 0.017
Node_FirmA72_FirmA73_0, 0.009, 0, 0.01, 0.011, 0.009, 0, 0.009, 0.002, 0.012
Node_FirmA7_FirmA12_0, 0.057, 0, 0.017, 0.03, 0.056, 0, 0.057, 0.019, 0.046
Node_FirmA7_FirmA90_0, 0.028, 0, 0.018, 0.021, 0.028, 0, 0.028, 0.014, 0.026
Node_FirmA80_FirmA34_0, 0.256, 0.001, 0.023, 0.116, 0.255, 0, 0.256, 0.105, 0.157
Node_FirmA81_FirmA14_0, 0.015, 0, 0.058, 0.026, 0.015, 0, 0.015, 0.011, 0.006
Node_FirmA81_FirmA19_0, 0.006, 0, 0.014, 0.013, 0.006, 0, 0.006, 0.005, 0.005
Node_FirmA81_FirmA84_0, 0.046, 0, 0.008, 0.015, 0.045, 0, 0.046, 0.018, 0.031
Node_FirmA81_FirmA92_0, 0.067, 0, 0.019, 0.021, 0.067, 0, 0.067, 0.027, 0.04
Node_FirmA83_FirmA11_0, 0.007, 0, 0.003, 0.007, 0.007, 0, 0.007, 0.003, 0.004
Node_FirmA83_FirmA49_0, 0.005, 0, 0.025, 0.031, 0.005, 0, 0.005, 0.002, 0.022
Node_FirmA83_FirmA55_0, 0.011, 0, 0.013, 0.015, 0.011, 0, 0.011, 0.002, 0.015
Node_FirmA83_FirmA59_0, 0.006, 0, 0.026, 0.02, 0.006, 0, 0.006, 0.002, 0.009
Node_FirmA83_FirmA65_0, 0.009, 0, 0.011, 0.015, 0.009, 0, 0.009, 0, 0.014
Node_FirmA83_FirmA81_0, 0.023, 0, 0.008, 0.01, 0.023, 0, 0.023, 0.004, 0.024
Node_FirmA83_FirmA86_0, 0.008, 0, 0.016, 0.015, 0.008, 0, 0.008, 0.003, 0.013
Node_FirmA84_FirmA111_0, 0.054, 0, 0.032, 0.026, 0.053, 0, 0.054, 0.016, 0.04
Node_FirmA84_FirmA16_0, 0.446, 0, 0.014, 0.038, 0.444, 0, 0.446, 0.288, 0.163
Node_FirmA84_FirmA20_0, 0.255, 0.001, 0.004, 0.033, 0.252, 0, 0.255, 0.051, 0.204
Node_FirmA84_FirmA26_0, 0.297, 0, 0.025, 0.028, 0.296, 0, 0.297, 0.236, 0.067
Node_FirmA84_FirmA46_0, 0.03, 0, 0.049, 0.053, 0.029, 0, 0.03, 0.027, 0.011
Node_FirmA84_FirmA63_0, 0.068, 0, 0.386, 0.143, 0.068, 0, 0.068, 0.067, 0.008
Node_FirmA84_FirmA9_0, 0.009, 0, 0.029, 0.031, 0.009, 0, 0.009, 0.007, 0.008
Node_FirmA85_DTU0X1_0, 0.006, 0, 0.016, 0.01, 0.006, 0, 0.006, 0.006, 0.003
Node_FirmA85_FirmA60_0, 0.006, 0, 0.013, 0.013, 0.006, 0, 0.006, 0.001, 0.013
Node_FirmA85_FirmC13_0, 0.019, 0, 0.047, 0.027, 0.019, 0, 0.019, 0.018, 0.005
Node_FirmA86_FirmA61_0, 0.008, 0, 0.012, 0.017, 0.008, 0, 0.008, 0.002, 0.012
Node_FirmA87_FirmA106_0, 0.279, 0.001, 0.01, 0.094, 0.277, 0, 0.279, 0.098, 0.187
Node_FirmA87_FirmA62_0, 0.101, 0.001, 0.011, 0.04, 0.1, 0, 0.101, 0.053, 0.051
Node_FirmA87_FirmA96_0, 0.06, 0, 0.011, 0.039, 0.06, 0, 0.06, 0.018, 0.048
Node_FirmA88_FirmA101_0, 0.006, 0, 0.032, 0.027, 0.006, 0, 0.006, 0.003, 0.019
Node_FirmA89_FirmA105_0, 0.03, 0, 0.232, 0.07, 0.029, 0, 0.03, 0.025, 0.014
Node_FirmA89_FirmA110_0, 0.006, 0, 0.042, 0.044, 0.006, 0, 0.006, 0.004, 0.018
Node_FirmA89_FirmA21_0, 0.054, 0.001, 0.009, 0.026, 0.054, 0, 0.054, 0.034, 0.024
Node_FirmA89_FirmA31_0, 0.055, 0, 0.025, 0.03, 0.055, 0, 0.055, 0.009, 0.05
Node_FirmA89_FirmA53_0, 0.03, 0, 0.102, 0.047, 0.03, 0, 0.03, 0.022, 0.011
Node_FirmA89_FirmA68_0, 0.248, 0, 0.016, 0.06, 0.246, 0, 0.248, 0.049, 0.209
Node_FirmA89_FirmA80_0, 0.121, 0.003, 0.013, 0.045, 0.119, 0, 0.121, 0.047, 0.077
Node_FirmA90_FirmA112_0, 0.009, 0, 0.035, 0.019, 0.009, 0, 0.009, 0.003, 0.016
Node_FirmA92_FirmA54_0, 0.195, 0.002, 0.014, 0.076, 0.193, 0, 0.195, 0.065, 0.14
Node_FirmA94_FirmA75_0, 0.006, 0, 0.017, 0.018, 0.006, 0, 0.006, 0, 0.019
Node_FirmA96_FirmA27_0, 0.035, 0, 0.035, 0.023, 0.035, 0, 0.035, 0.029, 0.01
Node_FirmA96_FirmA91_0, 0.004, 0, 0.038, 0.022, 0.004, 0, 0.004, 0.002, 0.007
Node_FirmA99_FirmA18_0, 0.01, 0, 0.019, 0.019, 0.01, 0, 0.01, 0.003, 0.015
Node_FirmB16_FirmB13_0, 0.235, 0, 0.032, 0.06, 0.234, 0, 0.235, 0.045, 0.2
Node_FirmB17_FirmB15_0, 0.107, 0.001, 0.987, 0.292, 0.1, 0, 0.107, 0.106, 0.019
Node_FirmB2_FirmB11_0, 0.256, 0.001, 0.023, 0.081, 0.253, 0, 0.256, 0.05, 0.221
Node_FirmB2_FirmB12_0, 0.057, 0, 0.095, 0.051, 0.056, 0, 0.057, 0.017, 0.05
Node_FirmB3_FirmB14_0, 0.054, 0, 0.343, 0.136, 0.054, 0, 0.054, 0.05, 0.021
Node_FirmB4_FirmB17_0, 1.074, 0.002, 0.273, 0.444, 0.973, 0, 1.074, 1.052, 0.027
Node_FirmB4_FirmB1_0, 1.318, 0.007, 0.022, 0.31, 0.98, 0, 1.318, 0.365, 0.957
Node_FirmB4_FirmB3_0, 0.376, 0.002, 0.016, 0.069, 0.344, 0, 0.376, 0.116, 0.262
Node_FirmB6_FirmB7_0, 0.238, 0.001, 0.055, 0.104, 0.232, 0, 0.238, 0.056, 0.189
Node_FirmB8_FirmB16_0, 0.067, 0.001, 0.108, 0.052, 0.067, 0, 0.067, 0.03, 0.046
Node_FirmB8_FirmB4_0, 0.128, 0, 0.03, 0.03, 0.128, 0, 0.128, 0.052, 0.084
Node_FirmB8_FirmB5_0, 0.007, 0, 0.072, 0.025, 0.007, 0, 0.007, 0.004, 0.012
Node_FirmB8_FirmB9_0, 0.074, 0, 0.009, 0.023, 0.074, 0, 0.074, 0.028, 0.054
Node_FirmB9_FirmB10_0, 0.222, 0.001, 0.039, 0.071, 0.219, 0, 0.222, 0.077, 0.158
Node_FirmB9_FirmB2_0, 0.102, 0, 0.061, 0.043, 0.099, 0, 0.102, 0.05, 0.06
Node_FirmB9_FirmB6_0, 0.103, 0, 0.029, 0.05, 0.101, 0, 0.103, 0.055, 0.058
Node_FirmC10_FirmC14_0, 0.003, 0, 0.018, 0.02, 0.003, 0, 0.003, 0.001, 0.012
Node_FirmC10_FirmC18_0, 0.009, 0, 0.017, 0.019, 0.009, 0, 0.009, 0, 0.02
Node_FirmC10_FirmC19_0, 0.006, 0, 0.021, 0.022, 0.006, 0, 0.006, 0.001, 0.018
Node_FirmC11_FirmC3_0, 0.006, 0, 0.019, 0.017, 0.006, 0, 0.006, 0.001, 0.015
Node_FirmC13_FirmB8_0, 0.029, 0, 0.012, 0.017, 0.029, 0, 0.029, 0.01, 0.026
Node_FirmC13_FirmC10_0, 0.009, 0, 0.01, 0.012, 0.009, 0, 0.009, 0.001, 0.012
Node_FirmC13_FirmC17_0, 0.007, 0, 0.016, 0.014, 0.007, 0, 0.007, 0.003, 0.014
Node_FirmC13_FirmC5_0, 0.008, 0, 0.032, 0.018, 0.008, 0, 0.008, 0.001, 0.011
Node_FirmC13_FirmC8_0, 0.007, 0, 0.011, 0.01, 0.007, 0, 0.007, 0.003, 0.01
Node_FirmC13_Firms33_0, 0.015, 0, 0.013, 0.014, 0.015, 0, 0.015, 0.008, 0.009
Node_FirmC15_FirmC12_0, 0.008, 0, 0.015, 0.018, 0.008, 0, 0.008, 0.001, 0.018
Node_FirmC1_FirmC4_0, 0.006, 0, 0.016, 0.022, 0.006, 0, 0.006, 0.001, 0.017
Node_FirmC6_FirmC16_0, 0.008, 0, 0.022, 0.022, 0.008, 0, 0.008, 0, 0.025
Node_FirmC6_FirmC1_0, 0.005, 0, 0.032, 0.031, 0.005, 0, 0.005, 0.001, 0.022
Node_FirmC8_FirmC11_0, 0.01, 0, 0.021, 0.02, 0.01, 0, 0.01, 0.004, 0.016
Node_FirmC8_FirmC15_0, 0.005, 0, 0.025, 0.027, 0.005, 0, 0.005, 0, 0.021
Node_FirmC8_FirmC6_0, 0.015, 0, 0.013, 0.017, 0.015, 0, 0.015, 0.005, 0.019
Node_FirmC8_FirmC7_0, 0.009, 0, 0.022, 0.023, 0.009, 0, 0.009, 0, 0.021
Node_FirmC8_FirmC9_0, 0.009, 0, 0.008, 0.008, 0.009, 0, 0.009, 0.003, 0.01
Node_FirmD2_FirmD3_0, 0.003, 0, 0.018, 0.022, 0.003, 0, 0.003, 0.001, 0.016
Node_FirmD4_FirmD2_0, 0.005, 0, 0.006, 0.003, 0.005, 0, 0.005, 0.001, 0.005
Node_FirmE4_FirmE6_0, 0.017, 0.001, 0.079, 0.051, 0.017, 0, 0.017, 0.013, 0.016
Node_FirmE5_FirmA85_0, 0.061, 0, 0.083, 0.07, 0.06, 0, 0.061, 0.04, 0.024
Node_FirmE5_FirmE3_0, 0.214, 0.016, 0.014, 0.062, 0.195, 0, 0.214, 0.061, 0.133
Node_FirmE5_FirmE4_0, 0.079, 0.001, 0.074, 0.055, 0.077, 0, 0.079, 0.028, 0.051
Node_FirmE5_FirmE7_0, 0.101, 0.001, 0.024, 0.044, 0.093, 0, 0.101, 0.039, 0.063
Node_FirmE7_FirmE1_0, 0.164, 0, 0.04, 0.109, 0.161, 0, 0.164, 0.066, 0.103
Node_FirmE7_FirmE2_0, 0.024, 0, 0.146, 0.067, 0.024, 0, 0.024, 0.022, 0.006
Node_FirmE7_FirmE8_0, 0.006, 0, 0.034, 0.021, 0.006, 0, 0.006, 0.003, 0.016
Node_FirmF1_FirmF2_0, 0.096, 0, 0.229, 0.169, 0.094, 0, 0.096, 0.067, 0.031
Node_FirmF1_FirmG6_0, 0.294, 0.001, 0.705, 0.368, 0.278, 0, 0.294, 0.29, 0.006
Node_FirmF2_FirmF3_0, 1.018, 0.004, 0.073, 0.57, 0.999, 0, 1.018, 0.039, 0.991
Node_FirmG5_FirmG1_0, 0.014, 0, 0.15, 0.05, 0.014, 0, 0.014, 0.013, 0.007
Node_FirmG5_FirmG2_0, 0.157, 0.001, 0.044, 0.091, 0.157, 0, 0.157, 0.04, 0.121
Node_FirmG6_FirmE5_0, 0.12, 0.001, 0.186, 0.164, 0.119, 0, 0.12, 0.108, 0.011
Node_FirmG6_FirmG3_0, 0.005, 0, 0.012, 0.012, 0.005, 0, 0.005, 0.004, 0.005
Node_FirmG6_FirmG4_0, 0.012, 0, 0.078, 0.057, 0.012, 0, 0.012, 0.008, 0.011
Node_FirmG6_FirmG5_0, 0.079, 0.001, 0.079, 0.08, 0.077, 0, 0.079, 0.043, 0.037
Node_Firms11_Firms17_0, 1.138, 0, 0.012, 0.012, 1, 0, 1.138, 1.005, 0.14
Node_Firms13_Firms1_0, 0.003, 0, 0.063, 0.018, 0.003, 0, 0.003, 0.001, 0.012
Node_Firms1_Firms10_0, 0.003, 0, 0.015, 0.016, 0.003, 0, 0.003, 0, 0.015
Node_Firms20_Firms12_0, 0.03, 0, 0.014, 0.017, 0.03, 0, 0.03, 0.005, 0.037
Node_Firms20_Firms29_0, 0.153, 0, 0.017, 0.016, 0.153, 0, 0.153, 0.024, 0.14
Node_Firms22_Firms27_0, 1.189, 0.01, 0.016, 0.36, 0.997, 0, 1.189, 1.017, 0.158
Node_Firms23_Firms18_0, 0.007, 0, 0.019, 0.017, 0.007, 0, 0.007, 0.002, 0.014
Node_Firms24_Firms26_0, 0.365, 0.001, 0.023, 0.103, 0.331, 0, 0.365, 0.083, 0.296
Node_Firms30_Firms31_0, 0.001, 0, 0.025, 0.025, 0.001, 0, 0.001, 0, 0.022
Node_Firms32_Firms25_0, 0.012, 0, 0.015, 0.017, 0.012, 0, 0.012, 0.005, 0.015
Node_Firms33_FirmA83_0, 0.006, 0, 0.013, 0.008, 0.006, 0, 0.006, 0.004, 0.004
Node_Firms33_FirmD1_0, 0.01, 0, 0.007, 0.007, 0.01, 0, 0.01, 0.002, 0.011
Node_Firms33_FirmD4_0, 0.006, 0, 0.006, 0.004, 0.006, 0, 0.006, 0.002, 0.006
Node_Firms33_Firms11_0, 1.01, 0.002, 0.046, 0.027, 1, 0, 1.01, 0.995, 0.017
Node_Firms33_Firms13_0, 0.054, 0, 0.007, 0.011, 0.054, 0, 0.054, 0.006, 0.053
Node_Firms33_Firms15_0, 0.989, 0, 0.021, 0.016, 0.982, 0, 0.989, 0.984, 0.014
Node_Firms33_Firms16_0, 0.007, 0, 0.991, 0.015, 0.007, 0, 0.007, 0.004, 0.009
Node_Firms33_Firms20_0, 0.007, 0, 0.011, 0.009, 0.007, 0, 0.007, 0.001, 0.01
Node_Firms33_Firms21_0, 0.008, 0, 0.009, 0.014, 0.008, 0, 0.008, 0.002, 0.01
Node_Firms33_Firms22_0, 1.037, 0.005, 0.013, 0.101, 0.996, 0, 1.037, 0.217, 0.821
Node_Firms33_Firms23_0, 0.012, 0, 0.02, 0.019, 0.012, 0, 0.012, 0.001, 0.02
Node_Firms33_Firms28_0, 0.006, 0, 0.009, 0.009, 0.006, 0, 0.006, 0.002, 0.011
Node_Firms33_Firms2_0, 0.01, 0, 0.02, 0.026, 0.009, 0, 0.01, 0.001, 0.024
Node_Firms33_Firms30_0, 0.004, 0, 0.017, 0.018, 0.004, 0, 0.004, 0, 0.014
Node_Firms33_Firms32_0, 0.012, 0, 0.015, 0.017, 0.011, 0, 0.012, 0.003, 0.017
Node_Firms33_Firms3_0, 0.224, 0.001, 0.005, 0.03, 0.221, 0, 0.224, 0.051, 0.174
Node_Firms33_Firms5_0, 0.996, 0.001, 0.01, 0.018, 0.99, 0, 0.996, 0.99, 0.009
Node_Firms33_Firms6_0, 0.008, 0, 0.014, 0.012, 0.008, 0, 0.008, 0.004, 0.007
Node_Firms33_Firms7_0, 0.996, 0, 0.022, 0.014, 0.991, 0, 0.996, 0.993, 0.008
Node_Firms33_Firms8_0, 0.015, 0, 0.008, 0.012, 0.015, 0, 0.015, 0.006, 0.013
Node_Firms33_Firms9_0, 0.004, 0, 0.013, 0.014, 0.004, 0, 0.004, 0, 0.013
Node_Firms8_Firms24_0, 0.091, 0, 0.014, 0.04, 0.09, 0, 0.091, 0.023, 0.076
Node_Firms8_Firms4_0, 0.029, 0, 0.023, 0.034, 0.029, 0, 0.029, 0.008, 0.037
Node_Gemm2_Gemm4_0, 0.004, 0, 0.021, 0.021, 0.004, 0, 0.004, 0, 0.02
Node_Gemm3_Gemm6_0, 0.215, 0, 0.02, 0.046, 0.214, 0, 0.215, 0.042, 0.189
Node_Gemm5_Gemm8_0, 0.007, 0, 0.016, 0.01, 0.007, 0, 0.007, 0.005, 0.005
Node_Gemm5_Gemm9_0, 0.008, 0, 0.013, 0.019, 0.008, 0, 0.008, 0.001, 0.014
Node_Gemm9_Gemm2_0, 0.005, 0, 0.016, 0.017, 0.005, 0, 0.005, 0.002, 0.013
Node_Gemm9_Gemm3_0, 0.046, 0, 0.023, 0.025, 0.045, 0, 0.046, 0.005, 0.056
Node_Gemm9_Gemm7_0, 0.013, 0, 0.01, 0.015, 0.013, 0, 0.013, 0.003, 0.018
Node_Gold1_FCPU1_0, 0.101, 0.001, 0.026, 0.079, 0.098, 0, 0.101, 0.032, 0.075
Node_Gold1_Fire1_0, 0.051, 0, 0.087, 0.085, 0.049, 0, 0.051, 0.039, 0.016
Node_Gold1_Gold2_0, 0.01, 0, 0.103, 0.048, 0.01, 0, 0.01, 0.009, 0.012
Node_Hydr2_Abys1_0, 0.912, 0.005, 0.199, 0.491, 0.828, 0, 0.912, 0.808, 0.102
Node_Hydr2_Hydr1_0, 1.019, 0.007, 0.113, 0.531, 1, 0, 1.019, 0.814, 0.213
Node_Hydr2_Plan43_0, 1.083, 0.006, 0.167, 0.601, 0.901, 0, 1.083, 1.036, 0.036
Node_Hydr2_Sume1_0, 1.004, 0.004, 0.102, 0.507, 0.859, 0, 1.004, 0.98, 0.019
Node_KSB1X2_KSB1X4_0, 0.01, 0, 0.014, 0.02, 0.01, 0, 0.01, 0.004, 0.013
Node_KSB1X3_KSB1X1_0, 0.002, 0, 0.016, 0.011, 0.002, 0, 0.002, 0.001, 0.009
Node_Late1_Late3_0, 0.145, 0, 0.014, 0.052, 0.145, 0, 0.145, 0.016, 0.137
Node_Late2_Late1_0, 0.022, 0, 0.03, 0.023, 0.021, 0, 0.022, 0.016, 0.01
Node_Lind1_Lind2_0, 0.929, 0.003, 0.859, 0.56, 0.854, 0, 0.929, 0.893, 0.033
Node_Lind1_Lind4_0, 1.752, 0.014, 0.075, 0.851, 0.981, 0, 1.752, 1.723, 0.009
Node_Marg1_Marg2_0, 0.172, 0.001, 0.544, 0.373, 0.165, 0, 0.172, 0.17, 0.003
Node_Marg1_Marg6_0, 0.025, 0.001, 0.153, 0.134, 0.025, 0, 0.025, 0.024, 0.005
Node_Marg2_Marg7_0, 0.033, 0, 0.152, 0.122, 0.033, 0, 0.033, 0.028, 0.013
Node_Mari3_Mari2_0, 0.006, 0, 0.012, 0.014, 0.006, 0, 0.006, 0.003, 0.009
Node_Mari3_Mari6_0, 0.009, 0, 0.008, 0.009, 0.009, 0, 0.009, 0.003, 0.007
Node_Mari6_Mari1_0, 0.004, 0, 0.019, 0.024, 0.004, 0, 0.004, 0.001, 0.018
Node_Mari6_Mari5_0, 0.005, 0, 0.012, 0.007, 0.005, 0, 0.005, 0.001, 0.008
Node_Meth2_Meth1_0, 0.036, 0, 0.154, 0.054, 0.035, 0, 0.036, 0.027, 0.021
Node_Meth4_Meth3_0, 1.188, 0.002, 0.03, 0.186, 0.998, 0, 1.188, 0.678, 0.523
Node_Meth5_Meth2_0, 0.169, 0.001, 0.229, 0.107, 0.16, 0, 0.169, 0.083, 0.092
Node_Meth5_Meth4_0, 0.693, 0.147, 0.054, 0.212, 0.534, 0, 0.693, 0.1, 0.431
Node_Meth5_NitsA1_0, 0.178, 0.001, 0.201, 0.139, 0.168, 0, 0.178, 0.148, 0.034
Node_Meth5_SZUA1_0, 0.305, 0.004, 0.102, 0.14, 0.292, 0, 0.305, 0.124, 0.185
Node_Meth5_Sche1_0, 0.218, 0.001, 0.067, 0.101, 0.208, 0, 0.218, 0.113, 0.106
Node_MyxA1_MyxA2_0, 1.007, 0.007, 0.028, 0.606, 1, 0, 1.007, 0.908, 0.105
Node_MyxA1_MyxA4_0, 0.923, 0.006, 0.122, 0.628, 0.915, 0, 0.923, 0.89, 0.035
Node_MyxA2_MyxA3_0, 1.009, 0, 0.024, 0.024, 1, 0, 1.009, 0.999, 0.026
Node_Myxo10_Bdell6_0, 0.956, 0.042, 0.127, 0.362, 0.833, 0, 0.956, 0.777, 0.102
Node_Myxo10_MyxA1_0, 1.004, 0.005, 0.069, 0.212, 0.925, 0, 1.004, 0.884, 0.112
Node_Myxo10_Myxo11_0, 0.895, 0.002, 0.147, 0.194, 0.846, 0, 0.895, 0.86, 0.036
Node_Myxo10_Myxo14_0, 0.596, 0.001, 0.348, 0.197, 0.562, 0, 0.596, 0.554, 0.048
Node_Myxo10_Myxo15_0, 0.34, 0.002, 0.06, 0.142, 0.321, 0, 0.34, 0.162, 0.191
Node_Myxo10_Myxo17_0, 0.207, 0.007, 0.516, 0.115, 0.19, 0, 0.207, 0.084, 0.12
Node_Myxo11_Bdell13_0, 0.84, 0.004, 0.108, 0.158, 0.814, 0, 0.84, 0.788, 0.049
Node_Myxo11_Myxo13_0, 1.014, 0.003, 0.041, 0.213, 1, 0, 1.014, 1, 0.027
Node_Myxo11_Myxo8_0, 1.025, 0.006, 0.047, 0.127, 1, 0, 1.025, 0.792, 0.226
Node_Myxo14_Myxo2_0, 0.98, 0.002, 0.016, 0.018, 0.963, 0, 0.98, 0.527, 0.457
Node_Myxo14_Myxo3_0, 0.482, 0, 0.132, 0.088, 0.478, 0, 0.482, 0.465, 0.018
Node_Myxo14_Myxo5_0, 1.004, 0.002, 0.022, 0.274, 0.968, 0, 1.004, 0.965, 0.044
Node_Myxo14_Myxo6_0, 0.298, 0, 0.877, 0.33, 0.272, 0, 0.298, 0.144, 0.171
Node_Myxo14_Myxo9_0, 0.537, 0, 0.035, 0.039, 0.532, 0, 0.537, 0.457, 0.09
Node_Myxo15_Myxo18_0, 1.027, 0.002, 0.031, 0.308, 0.99, 0, 1.027, 0.319, 0.716
Node_Myxo17_Myxo19_0, 1.014, 0.005, 0.123, 0.326, 1, 0, 1.014, 0.101, 0.925
Node_Myxo2_Myxo1_0, 0.966, 0, 0.028, 0.014, 0.965, 0, 0.966, 0.958, 0.014
Node_Myxo8_Myxo7_0, 1.007, 0, 0.03, 0.036, 1, 0, 1.007, 1.004, 0.012
Node_Nitr10_Nitr3_0, 0.052, 0, 0.017, 0.025, 0.052, 0, 0.052, 0.01, 0.05
Node_Nitr10_Nitr4_0, 0.019, 0, 0.011, 0.013, 0.019, 0, 0.019, 0.002, 0.022
Node_Nitr10_Nitr6_0, 0.255, 0, 0.018, 0.083, 0.254, 0, 0.255, 0.046, 0.221
Node_Nitr14_CG294X1_0, 0.188, 0.002, 0.169, 0.146, 0.184, 0, 0.188, 0.182, 0.011
Node_Nitr14_Meth5_0, 0.344, 0.002, 0.84, 0.257, 0.31, 0, 0.344, 0.331, 0.017
Node_Nitr14_Nitr12_0, 0.013, 0, 0.047, 0.032, 0.013, 0, 0.013, 0.005, 0.023
Node_Nitr14_Nitr13_0, 0.201, 0, 0.021, 0.039, 0.197, 0, 0.201, 0.076, 0.132
Node_Nitr14_Nitr15_0, 0.185, 0, 0.031, 0.05, 0.18, 0, 0.185, 0.161, 0.028
Node_Nitr14_Nitr16_0, 0.037, 0, 0.191, 0.037, 0.037, 0, 0.037, 0.024, 0.027
Node_Nitr14_Nitr2_0, 0.09, 0.001, 0.076, 0.08, 0.09, 0, 0.09, 0.066, 0.034
Node_Nitr14_Nitr9_0, 0.131, 0, 0.108, 0.06, 0.131, 0, 0.131, 0.081, 0.054
Node_Nitr15_Nitr10_0, 0.008, 0, 0.009, 0.008, 0.008, 0, 0.008, 0.003, 0.011
Node_Nitr15_Nitr1_0, 0.229, 0.001, 0.046, 0.094, 0.226, 0, 0.229, 0.142, 0.089
Node_Nitr15_Nitr8_0, 0.006, 0, 0.231, 0.028, 0.006, 0, 0.006, 0.004, 0.008
Node_Nitr16_Nitr11_0, 0.009, 0, 0.083, 0.036, 0.009, 0, 0.009, 0.003, 0.013
Node_Nitr16_Nitr17_0, 0.079, 0, 0.026, 0.037, 0.079, 0, 0.079, 0.022, 0.068
Node_Nitr17_Nitr5_0, 0.281, 0, 0.019, 0.127, 0.281, 0, 0.281, 0.074, 0.221
Node_Nitr9_Nitr7_0, 0.256, 0.001, 0.027, 0.106, 0.255, 0, 0.256, 0.108, 0.151
Node_Nits1_Nits3_0, 0.004, 0, 0.01, 0.014, 0.004, 0, 0.004, 0.002, 0.011
Node_Nits4_Nits2_0, 0.006, 0, 0.023, 0.023, 0.006, 0, 0.006, 0, 0.014
Node_NitsA1_NitsA2_0, 0.009, 0, 0.042, 0.038, 0.009, 0, 0.009, 0.006, 0.016
Node_NitsA1_NitsA3_0, 0.035, 0, 0.15, 0.078, 0.035, 0, 0.035, 0.031, 0.007
Node_NitsA3_Nits1_0, 0.003, 0, 0.019, 0.015, 0.003, 0, 0.003, 0.003, 0.007
Node_NitsA3_Nits4_0, 0.015, 0, 0.029, 0.031, 0.015, 0, 0.015, 0.011, 0.009
Node_Omni4_Omni2_0, 0.221, 0.001, 0.032, 0.056, 0.219, 0, 0.221, 0.04, 0.198
Node_Omni4_Omni3_0, 0.046, 0, 0.256, 0.083, 0.046, 0, 0.046, 0.037, 0.014
Node_Omni4_Omni7_0, 0.054, 0, 0.027, 0.037, 0.053, 0, 0.054, 0.023, 0.035
Node_Omni4_Omni8_0, 0.288, 0.005, 0.057, 0.101, 0.276, 0, 0.288, 0.199, 0.085
Node_Omni8_Omni6_0, 0.767, 0.013, 0.031, 0.298, 0.742, 0, 0.767, 0.266, 0.497
Node_P4572X1_Ferm1_0, 0.133, 0, 0.048, 0.059, 0.13, 0, 0.133, 0.081, 0.054
Node_P4572X1_Gemm5_0, 0.018, 0, 0.119, 0.042, 0.018, 0, 0.018, 0.016, 0.004
Node_Pate13_Pate34_0, 0.005, 0, 0.021, 0.021, 0.005, 0, 0.005, 0.001, 0.017
Node_Pate13_Pate6_0, 0.009, 0, 0.03, 0.017, 0.009, 0, 0.009, 0.006, 0.009
Node_Pate14_Pate35_0, 0.01, 0, 0.015, 0.017, 0.01, 0, 0.01, 0.004, 0.015
Node_Pate14_Pate5_0, 0.01, 0, 0.017, 0.009, 0.01, 0, 0.01, 0.004, 0.011
Node_Pate15_Pate29_0, 0.008, 0, 0.019, 0.024, 0.008, 0, 0.008, 0.003, 0.016
Node_Pate17_Pate18_0, 0.003, 0, 0.009, 0.007, 0.003, 0, 0.003, 0, 0.007
Node_Pate17_Pate19_0, 0.005, 0, 0.006, 0.002, 0.005, 0, 0.005, 0.004, 0.001
Node_Pate17_Pate8_0, 0.005, 0, 0.005, 0.005, 0.005, 0, 0.005, 0, 0.007
Node_Pate18_Pate38_0, 0.004, 0, 0.007, 0.008, 0.004, 0, 0.004, 0.002, 0.007
Node_Pate18_Pate9_0, 0.004, 0, 0.007, 0.006, 0.004, 0, 0.004, 0, 0.008
Node_Pate19_Pate37_0, 0.012, 0, 0.013, 0.018, 0.012, 0, 0.012, 0.002, 0.016
Node_Pate19_Pate4_0, 0.009, 0, 0.008, 0.01, 0.009, 0, 0.009, 0.002, 0.012
Node_Pate1_Pate50_0, 0.014, 0, 0.041, 0.025, 0.013, 0, 0.014, 0.009, 0.011
Node_Pate21_Pate15_0, 0.011, 0, 0.02, 0.016, 0.011, 0, 0.011, 0.008, 0.008
Node_Pate21_Pate26_0, 0.023, 0, 0.058, 0.017, 0.023, 0, 0.023, 0.019, 0.004
Node_Pate24_Pate13_0, 0.03, 0, 0.01, 0.013, 0.03, 0, 0.03, 0.008, 0.024
Node_Pate24_Pate14_0, 0.016, 0, 0.011, 0.013, 0.016, 0, 0.016, 0.008, 0.015
Node_Pate24_Pate39_0, 0.203, 0, 0.014, 0.035, 0.202, 0, 0.203, 0.042, 0.17
Node_Pate24_Pate54_0, 0.047, 0, 0.016, 0.015, 0.047, 0, 0.047, 0.021, 0.033
Node_Pate25_Pate17_0, 0.01, 0, 0.012, 0.014, 0.01, 0, 0.01, 0.004, 0.011
Node_Pate25_Pate28_0, 0.003, 0, 0.017, 0.02, 0.003, 0, 0.003, 0, 0.01
Node_Pate25_Pate32_0, 0.011, 0, 0.013, 0.017, 0.011, 0, 0.011, 0.01, 0.003
Node_Pate26_Pate12_0, 0.012, 0, 0.02, 0.018, 0.012, 0, 0.012, 0.007, 0.009
Node_Pate40_Pate24_0, 0.012, 0, 0.015, 0.01, 0.012, 0, 0.012, 0.006, 0.009
Node_Pate40_Pate55_0, 0.004, 0, 0.018, 0.016, 0.004, 0, 0.004, 0, 0.01
Node_Pate40_Pate7_0, 0.018, 0, 0.03, 0.022, 0.018, 0, 0.018, 0.014, 0.007
Node_Pate43_Pate22_0, 0.023, 0.001, 0.041, 0.025, 0.023, 0, 0.023, 0.014, 0.013
Node_Pate43_Pate3_0, 0.024, 0, 0.012, 0.012, 0.024, 0, 0.024, 0.014, 0.013
Node_Pate43_Pate44_0, 0.033, 0, 0.015, 0.021, 0.033, 0, 0.033, 0.014, 0.024
Node_Pate43_Pate45_0, 0.05, 0, 0.037, 0.036, 0.048, 0, 0.05, 0.03, 0.026
Node_Pate43_Pate57_0, 0.008, 0, 0.041, 0.024, 0.008, 0, 0.008, 0.002, 0.016
Node_Pate44_Pate10_0, 0.244, 0, 0.014, 0.08, 0.241, 0, 0.244, 0.06, 0.194
Node_Pate44_Pate52_0, 0.064, 0, 0.012, 0.026, 0.064, 0, 0.064, 0.028, 0.043
Node_Pate45_Pate11_0, 0.218, 0.001, 0.017, 0.072, 0.218, 0, 0.218, 0.069, 0.157
Node_Pate45_Pate21_0, 0.077, 0, 0.021, 0.026, 0.075, 0, 0.077, 0.035, 0.048
Node_Pate46_Pate25_0, 0.021, 0, 0.079, 0.06, 0.021, 0, 0.021, 0.018, 0.006
Node_Pate48_Chlo30_0, 0.596, 0.006, 0.501, 0.402, 0.543, 0, 0.596, 0.587, 0.003
Node_Pate48_Pate1_0, 0.044, 0, 0.166, 0.052, 0.044, 0, 0.044, 0.03, 0.018
Node_Pate48_Pate23_0, 0.171, 0.001, 0.434, 0.227, 0.163, 0, 0.171, 0.163, 0.008
Node_Pate48_Pate30_0, 0.081, 0, 0.017, 0.037, 0.08, 0, 0.081, 0.026, 0.057
Node_Pate48_Pate40_0, 0.041, 0, 0.034, 0.016, 0.04, 0, 0.041, 0.03, 0.014
Node_Pate48_Pate43_0, 0.061, 0, 0.045, 0.038, 0.06, 0, 0.061, 0.051, 0.012
Node_Pate48_Pate46_0, 0.094, 0, 0.081, 0.082, 0.091, 0, 0.094, 0.09, 0.004
Node_Pate48_Pate49_0, 0.039, 0, 0.031, 0.019, 0.039, 0, 0.039, 0.018, 0.026
Node_Pate48_Pate51_0, 0.067, 0, 0.012, 0.038, 0.067, 0, 0.067, 0.028, 0.04
Node_Pate48_Pate56_0, 0.192, 0.001, 0.011, 0.064, 0.191, 0, 0.192, 0.077, 0.121
Node_Pate49_Pate41_0, 0.013, 0, 0.038, 0.022, 0.013, 0, 0.013, 0.007, 0.012
Node_Pate51_Pate27_0, 0.011, 0, 0.032, 0.03, 0.011, 0, 0.011, 0.001, 0.023
Node_Pate51_Pate33_0, 0.163, 0.001, 0.012, 0.093, 0.162, 0, 0.163, 0.064, 0.107
Node_Pate51_Pate53_0, 0.02, 0, 0.152, 0.054, 0.02, 0, 0.02, 0.019, 0.009
Node_Pate54_Pate31_0, 0.007, 0, 0.05, 0.021, 0.007, 0, 0.007, 0.002, 0.01
Node_Pate9_Pate36_0, 0.006, 0, 0.01, 0.016, 0.006, 0, 0.006, 0.001, 0.012
Node_Plan17_Plan23_0, 1.012, 0.007, 0.111, 0.54, 0.999, 0, 1.012, 0.511, 0.503
Node_Plan22_Plan2_0, 0.49, 0.001, 0.017, 0.155, 0.43, 0, 0.49, 0.049, 0.451
Node_Plan22_Plan4_0, 0.055, 0, 0.107, 0.062, 0.055, 0, 0.055, 0.028, 0.033
Node_Plan26_Plan21_0, 0.015, 0.001, 0.067, 0.025, 0.015, 0, 0.015, 0.013, 0.004
Node_Plan26_Plan5_0, 0.046, 0, 0.015, 0.012, 0.045, 0, 0.046, 0.004, 0.046
Node_Plan30_Plan14_0, 0.726, 0.003, 0.145, 0.311, 0.603, 0, 0.726, 0.402, 0.335
Node_Plan31_Plan17_0, 0.613, 0.005, 0.093, 0.086, 0.581, 0, 0.613, 0.102, 0.51
Node_Plan31_Plan18_0, 0.02, 0, 0.071, 0.038, 0.02, 0, 0.02, 0.007, 0.016
Node_Plan31_Plan27_0, 0.191, 0.002, 0.003, 0.058, 0.18, 0, 0.191, 0.042, 0.148
Node_Plan31_Plan39_0, 0.044, 0, 0.011, 0.016, 0.044, 0, 0.044, 0.012, 0.035
Node_Plan32_Plan12_0, 1.017, 0, 0.049, 0.052, 0.998, 0, 1.017, 1.01, 0.023
Node_Plan32_Plan22_0, 0.129, 0.002, 0.017, 0.048, 0.119, 0, 0.129, 0.063, 0.067
Node_Plan32_Plan26_0, 0.077, 0.002, 0.057, 0.049, 0.073, 0, 0.077, 0.037, 0.038
Node_Plan32_Plan30_0, 0.533, 0.006, 0.035, 0.156, 0.478, 0, 0.533, 0.104, 0.433
Node_Plan32_Plan3_0, 1.043, 0.016, 0.154, 0.454, 0.997, 0, 1.043, 0.389, 0.648
Node_Plan33_Plan44_0, 0.943, 0.032, 0.051, 0.507, 0.905, 0, 0.943, 0.222, 0.691
Node_Plan42_Plan40_0, 1.354, 0.002, 0.03, 0.253, 0.996, 0, 1.354, 1.021, 0.34
Node_Plan43_Plan16_0, 0.208, 0.005, 0.195, 0.16, 0.198, 0, 0.208, 0.081, 0.127
Node_Plan43_Plan31_0, 0.075, 0.002, 0.053, 0.052, 0.072, 0, 0.075, 0.063, 0.009
Node_Plan43_Plan32_0, 0.094, 0.001, 0.018, 0.051, 0.09, 0, 0.094, 0.06, 0.036
Node_Plan43_Plan33_0, 0.271, 0.006, 0.02, 0.09, 0.253, 0, 0.271, 0.079, 0.191
Node_Plan43_Plan42_0, 1.042, 0.278, 0.049, 0.248, 0.743, 0, 1.042, 0.129, 0.605
Node_Plan43_Plan7_0, 0.117, 0, 0.298, 0.118, 0.115, 0, 0.117, 0.11, 0.012
Node_Plan43_Verr11_0, 0.403, 0, 0.706, 0.323, 0.368, 0, 0.403, 0.377, 0.026
Node_Pori1_Pori2_0, 1.023, 0.012, 0.077, 1.134, 1, 0, 1.023, 0.95, 0.07
Node_ProtA11_ProtA32_0, 1.011, 0.006, 0.07, 0.753, 1, 0, 1.011, 0.944, 0.07
Node_ProtA12_ProtA44_0, 0.008, 0, 0.015, 0.015, 0.008, 0, 0.008, 0.001, 0.015
Node_ProtA12_ProtA54_0, 0.004, 0, 0.018, 0.019, 0.004, 0, 0.004, 0.002, 0.014
Node_ProtA13_ProtA24_0, 0.009, 0, 0.013, 0.014, 0.009, 0, 0.009, 0.004, 0.015
Node_ProtA13_ProtA61_0, 0.006, 0.001, 0.022, 0.023, 0.006, 0, 0.006, 0.001, 0.018
Node_ProtA13_ProtA77_0, 0.012, 0, 0.033, 0.023, 0.012, 0, 0.012, 0.007, 0.013
Node_ProtA13_ProtA7_0, 0.007, 0, 0.019, 0.019, 0.007, 0, 0.007, 0.001, 0.014
Node_ProtA15_ProtA42_0, 0.04, 0, 0.758, 0.104, 0.04, 0, 0.04, 0.036, 0.017
Node_ProtA15_ProtA70_0, 0.781, 0.002, 0.029, 0.144, 0.646, 0, 0.781, 0.554, 0.23
Node_ProtA16_ProtA33_0, 0.005, 0, 0.018, 0.014, 0.005, 0, 0.005, 0, 0.012
Node_ProtA16_ProtA66_0, 0.004, 0, 0.021, 0.022, 0.004, 0, 0.004, 0, 0.02
Node_ProtA16_ProtA69_0, 0.024, 0, 0.082, 0.038, 0.023, 0, 0.024, 0.02, 0.012
Node_ProtA16_ProtA8_0, 0.011, 0, 0.028, 0.026, 0.011, 0, 0.011, 0.005, 0.015
Node_ProtA18_ProtA10_0, 0.009, 0, 0.029, 0.03, 0.009, 0, 0.009, 0.004, 0.015
Node_ProtA18_ProtA19_0, 0.577, 0.001, 0.039, 0.215, 0.564, 0, 0.577, 0.518, 0.063
Node_ProtA18_ProtA29_0, 0.023, 0, 0.075, 0.046, 0.023, 0, 0.023, 0.015, 0.02
Node_ProtA18_ProtA53_0, 0.078, 0.001, 0.513, 0.158, 0.077, 0, 0.078, 0.074, 0.013
Node_ProtA19_ProtA14_0, 0.018, 0, 0.031, 0.031, 0.018, 0, 0.018, 0.011, 0.017
Node_ProtA19_ProtA20_0, 0.679, 0.003, 0.028, 0.269, 0.664, 0, 0.679, 0.554, 0.127
Node_ProtA19_ProtA3_0, 0.027, 0, 0.016, 0.026, 0.027, 0, 0.027, 0.008, 0.025
Node_ProtA19_ProtA46_0, 0.011, 0, 0.033, 0.035, 0.011, 0, 0.011, 0.005, 0.026
Node_ProtA19_ProtA49_0, 0.005, 0, 0.023, 0.016, 0.005, 0, 0.005, 0.002, 0.017
Node_ProtA19_ProtA56_0, 0.115, 0, 0.576, 0.256, 0.115, 0, 0.115, 0.11, 0.012
Node_ProtA19_ProtA68_0, 0.073, 0, 0.027, 0.047, 0.072, 0, 0.073, 0.018, 0.073
Node_ProtA19_ProtA74_0, 0.018, 0, 0.07, 0.033, 0.018, 0, 0.018, 0.014, 0.015
Node_ProtA19_ProtA75_0, 0.032, 0, 0.097, 0.062, 0.032, 0, 0.032, 0.028, 0.014
Node_ProtA20_ProtA11_0, 1.005, 0.018, 0.021, 0.397, 0.96, 0, 1.005, 0.66, 0.329
Node_ProtA20_ProtA5_0, 0.661, 0.003, 0.426, 0.21, 0.655, 0, 0.661, 0.588, 0.079
Node_ProtA26_ProtA37_0, 0.5, 0.001, 0.014, 0.148, 0.496, 0, 0.5, 0.404, 0.107
Node_ProtA26_ProtA45_0, 0.406, 0, 0.025, 0.103, 0.406, 0, 0.406, 0.388, 0.023
Node_ProtA27_ProtA21_0, 0.006, 0, 0.027, 0.023, 0.006, 0, 0.006, 0.003, 0.007
Node_ProtA30_ProtA35_0, 0.001, 0, 0.019, 0.013, 0.001, 0, 0.001, 0, 0.012
Node_ProtA34_Acid38_0, 1.51, 0.022, 0.203, 0.291, 0.983, 0, 1.51, 1.454, 0.02
Node_ProtA34_Chry1_0, 1.671, 0.014, 0.071, 0.413, 0.988, 0, 1.671, 1.638, 0.013
Node_ProtA34_DesuB4_0, 0.905, 0.008, 0.388, 0.446, 0.752, 0, 0.905, 0.769, 0.127
Node_ProtA34_DesuC2_0, 0.706, 0.004, 0.215, 0.381, 0.68, 0, 0.706, 0.696, 0.012
Node_ProtA34_J088X1_0, 0.265, 0.003, 0.451, 0.266, 0.257, 0, 0.265, 0.256, 0.007
Node_ProtA34_Nitr14_0, 1.165, 0.024, 0.379, 0.293, 0.973, 0, 1.165, 1.109, 0.01
Node_ProtA34_ProtA13_0, 0.032, 0, 0.082, 0.047, 0.031, 0, 0.032, 0.023, 0.02
Node_ProtA34_ProtA16_0, 0.094, 0, 0.438, 0.156, 0.092, 0, 0.094, 0.088, 0.008
Node_ProtA34_ProtA18_0, 0.552, 0.006, 0.01, 0.078, 0.534, 0, 0.552, 0.429, 0.114
Node_ProtA34_ProtA26_0, 0.408, 0.004, 0.015, 0.153, 0.403, 0, 0.408, 0.171, 0.24
Node_ProtA34_ProtA38_0, 0.524, 0.001, 0.061, 0.167, 0.509, 0, 0.524, 0.497, 0.032
Node_ProtA34_ProtA39_0, 0.442, 0.001, 0.014, 0.033, 0.436, 0, 0.442, 0.399, 0.047
Node_ProtA34_ProtA40_0, 0.017, 0, 0.039, 0.034, 0.017, 0, 0.017, 0.007, 0.024
Node_ProtA34_ProtA43_0, 0.005, 0, 0.031, 0.029, 0.005, 0, 0.005, 0.003, 0.019
Node_ProtA34_ProtA9_0, 0.179, 0.001, 0.034, 0.071, 0.176, 0, 0.179, 0.051, 0.13
Node_ProtA34_ProtG30_0, 0.169, 0.001, 0.106, 0.121, 0.166, 0, 0.169, 0.162, 0.009
Node_ProtA34_ProtM1_0, 0.143, 0, 0.044, 0.087, 0.139, 0, 0.143, 0.127, 0.018
Node_ProtA34_SAR3X2_0, 1.103, 0.028, 0.118, 0.196, 0.97, 0, 1.103, 1.023, 0.028
Node_ProtA34_SM23X1_0, 1.715, 0.016, 0.194, 0.49, 0.995, 0.002, 1.715, 1.671, 0.021
Node_ProtA34_Spir10_0, 1.87, 0.12, 0.025, 0.982, 0.994, 0.013, 1.87, 1.625, 0.024
Node_ProtA34_UBA2X1_0, 1.158, 0.073, 0.092, 0.292, 0.97, 0, 1.158, 0.955, 0.074
Node_ProtA34_Wall1_0, 1.738, 0.766, 0.008, 0.902, 0.98, 0.98, 1.738, 0.25, 0
Node_ProtA34_mitoFungi_0, 0.082, 0, 0.105, 0.058, 0.081, 0, 0.082, 0.042, 0.044
Node_ProtA38_ProtA15_0, 0.578, 0.002, 0.022, 0.164, 0.538, 0, 0.578, 0.506, 0.074
Node_ProtA38_ProtA41_0, 0.707, 0, 0.032, 0.055, 0.61, 0, 0.707, 0.443, 0.275
Node_ProtA38_ProtA64_0, 0.464, 0, 0.157, 0.054, 0.444, 0, 0.464, 0.426, 0.043
Node_ProtA39_ProtA12_0, 0.008, 0, 0.014, 0.017, 0.008, 0, 0.008, 0.003, 0.014
Node_ProtA39_ProtA27_0, 0.026, 0, 0.423, 0.037, 0.026, 0, 0.026, 0.023, 0.007
Node_ProtA39_ProtA30_0, 0.008, 0, 0.027, 0.022, 0.008, 0, 0.008, 0.005, 0.009
Node_ProtA39_ProtA36_0, 0.004, 0, 0.013, 0.011, 0.004, 0, 0.004, 0, 0.009
Node_ProtA3_ProtA72_0, 0.009, 0, 0.017, 0.021, 0.009, 0, 0.009, 0, 0.019
Node_ProtA3_ProtA76_0, 0.007, 0, 0.037, 0.022, 0.007, 0, 0.007, 0.002, 0.017
Node_ProtA40_ProtA67_0, 0.007, 0, 0.024, 0.022, 0.007, 0, 0.007, 0.001, 0.014
Node_ProtA46_ProtA55_0, 0.003, 0, 0.022, 0.022, 0.003, 0, 0.003, 0.001, 0.014
Node_ProtA47_ProtA63_0, 0.005, 0, 0.021, 0.026, 0.005, 0, 0.005, 0.001, 0.021
Node_ProtA53_ProtA58_0, 0.013, 0, 0.079, 0.046, 0.013, 0, 0.013, 0.007, 0.014
Node_ProtA56_ProtA52_0, 0.013, 0, 0.117, 0.062, 0.013, 0, 0.013, 0.01, 0.015
Node_ProtA68_ProtA2_0, 0.247, 0, 0.027, 0.115, 0.244, 0, 0.247, 0.059, 0.201
Node_ProtA69_ProtA50_0, 0.009, 0, 0.031, 0.022, 0.009, 0, 0.009, 0.004, 0.016
Node_ProtA70_ProtA57_0, 1.497, 0.006, 0.016, 0.407, 0.993, 0, 1.497, 0.771, 0.726
Node_ProtA76_ProtA47_0, 0.005, 0, 0.016, 0.012, 0.005, 0, 0.005, 0, 0.01
Node_ProtA76_ProtA48_0, 0.011, 0, 0.014, 0.015, 0.01, 0, 0.011, 0.005, 0.018
Node_ProtA76_ProtA62_0, 0.007, 0, 0.022, 0.025, 0.007, 0, 0.007, 0.001, 0.024
Node_ProtA76_ProtA71_0, 0.006, 0, 0.025, 0.028, 0.006, 0, 0.006, 0.002, 0.024
Node_ProtA77_ProtA31_0, 0.004, 0, 0.017, 0.014, 0.004, 0, 0.004, 0.002, 0.009
Node_ProtA77_ProtA51_0, 0.004, 0, 0.015, 0.019, 0.004, 0, 0.004, 0.001, 0.015
Node_ProtA9_ProtA60_0, 0.026, 0, 0.157, 0.063, 0.026, 0, 0.026, 0.024, 0.004
Node_ProtG12_ProtG5_0, 0.015, 0, 0.102, 0.048, 0.015, 0, 0.015, 0.008, 0.018
Node_ProtG16_ProtG17_0, 0.201, 0.001, 0.039, 0.075, 0.197, 0, 0.201, 0.014, 0.199
Node_ProtG18_ProtG10_0, 0.031, 0, 0.017, 0.024, 0.031, 0, 0.031, 0.013, 0.029
Node_ProtG18_ProtG12_0, 0.099, 0, 0.013, 0.033, 0.099, 0, 0.099, 0.026, 0.081
Node_ProtG18_ProtG14_0, 0.019, 0, 0.021, 0.028, 0.019, 0, 0.019, 0.011, 0.02
Node_ProtG18_ProtG21_0, 0.303, 0, 0.02, 0.105, 0.299, 0, 0.303, 0.09, 0.224
Node_ProtG24_ProtG18_0, 0.02, 0, 0.031, 0.027, 0.019, 0, 0.02, 0.012, 0.016
Node_ProtG25_ProtG9_0, 1.251, 0, 0.051, 0.085, 0.992, 0, 1.251, 1.047, 0.218
Node_ProtG29_ProtG76_0, 0.006, 0, 0.014, 0.015, 0.006, 0, 0.006, 0.001, 0.016
Node_ProtG30_ProtG19_0, 0.171, 0, 0.069, 0.044, 0.166, 0, 0.171, 0.017, 0.163
Node_ProtG30_ProtG31_0, 0.246, 0.002, 0.01, 0.06, 0.236, 0, 0.246, 0.058, 0.19
Node_ProtG30_ProtG34_0, 0.218, 0, 0.185, 0.09, 0.211, 0, 0.218, 0.066, 0.157
Node_ProtG30_ProtG35_0, 0.069, 0, 0.186, 0.059, 0.066, 0, 0.069, 0.035, 0.037
Node_ProtG30_ProtG39_0, 0.077, 0, 0.013, 0.027, 0.076, 0, 0.077, 0.014, 0.071
Node_ProtG30_ProtG42_0, 0.05, 0, 0.005, 0.021, 0.048, 0, 0.05, 0.018, 0.033
Node_ProtG30_ProtG49_0, 0.021, 0, 0.095, 0.034, 0.021, 0, 0.021, 0.014, 0.015
Node_ProtG30_ProtG50_0, 0.064, 0, 0.034, 0.033, 0.061, 0, 0.064, 0.019, 0.048
Node_ProtG30_ProtG64_0, 0.019, 0, 0.013, 0.013, 0.019, 0, 0.019, 0.006, 0.018
Node_ProtG30_ProtG71_0, 0.011, 0, 0.013, 0.014, 0.011, 0, 0.011, 0.005, 0.007
Node_ProtG30_ProtG80_0, 0.007, 0, 0.009, 0.008, 0.007, 0, 0.007, 0.005, 0.005
Node_ProtG30_ProtG84_0, 0.101, 0.001, 0.031, 0.037, 0.099, 0, 0.101, 0.045, 0.062
Node_ProtG30_ProtG85_0, 0.022, 0, 0.008, 0.011, 0.022, 0, 0.022, 0.005, 0.023
Node_ProtG30_ProtG87_0, 0.014, 0, 0.022, 0.027, 0.014, 0, 0.014, 0.004, 0.015
Node_ProtG30_ProtZ3_0, 0.017, 0, 0.028, 0.022, 0.017, 0, 0.017, 0.014, 0.009
Node_ProtG30_ProtZ5_0, 0.036, 0, 0.137, 0.102, 0.036, 0, 0.036, 0.033, 0.004
Node_ProtG31_ProtG16_0, 0.04, 0, 0.011, 0.014, 0.039, 0, 0.04, 0.01, 0.035
Node_ProtG31_ProtG32_0, 0.777, 0.011, 0.042, 0.161, 0.756, 0, 0.777, 0.204, 0.562
Node_ProtG31_ProtG36_0, 0.032, 0.001, 0.65, 0.043, 0.032, 0, 0.032, 0.023, 0.013
Node_ProtG31_ProtG44_0, 0.106, 0, 0.017, 0.035, 0.104, 0, 0.106, 0.031, 0.083
Node_ProtG31_ProtG45_0, 0.668, 0, 0.117, 0.057, 0.662, 0, 0.668, 0.662, 0.008
Node_ProtG31_ProtG47_0, 0.016, 0, 0.017, 0.022, 0.016, 0, 0.016, 0.005, 0.02
Node_ProtG31_ProtG61_0, 0.013, 0, 0.029, 0.015, 0.013, 0, 0.013, 0.008, 0.01
Node_ProtG32_ProtG26_0, 1.006, 0.002, 0.044, 0.211, 0.996, 0, 1.006, 0.996, 0.015
Node_ProtG32_ProtG33_0, 1.019, 0.008, 0.026, 0.736, 0.996, 0, 1.019, 0.756, 0.26
Node_ProtG32_ProtG37_0, 1.02, 0.001, 0.022, 0.028, 0.999, 0, 1.02, 1.001, 0.022
Node_ProtG32_ProtG43_0, 1.033, 0.004, 0.036, 0.254, 0.995, 0, 1.033, 0.996, 0.045
Node_ProtG33_ProtG48_0, 1.076, 0.004, 0.016, 0.038, 0.999, 0, 1.076, 1.011, 0.068
Node_ProtG33_ProtG67_0, 1.02, 0.001, 0.022, 0.02, 0.992, 0, 1.02, 1.002, 0.022
Node_ProtG33_ProtG7_0, 1.352, 0.003, 0.032, 0.097, 1, 0, 1.352, 1.055, 0.305
Node_ProtG35_ProtG81_0, 0.014, 0, 0.062, 0.022, 0.014, 0, 0.014, 0.01, 0.007
Node_ProtG36_ProtG20_0, 0.018, 0, 0.084, 0.036, 0.018, 0, 0.018, 0.014, 0.015
Node_ProtG36_ProtG24_0, 0.035, 0, 0.019, 0.021, 0.035, 0, 0.035, 0.009, 0.034
Node_ProtG36_ProtG38_0, 0.02, 0.001, 0.024, 0.027, 0.02, 0, 0.02, 0.013, 0.011
Node_ProtG36_ProtG65_0, 0.087, 0, 0.018, 0.033, 0.086, 0, 0.087, 0.027, 0.07
Node_ProtG37_ProtG41_0, 1.172, 0.114, 0.031, 0.081, 1, 0, 1.172, 0.896, 0.058
Node_ProtG37_ProtG51_0, 0.237, 0, 1.125, 0.133, 0.233, 0, 0.237, 0.064, 0.19
Node_ProtG37_ProtG53_0, 1.018, 0.012, 0.027, 0.414, 1, 0, 1.018, 0.992, 0.013
Node_ProtG37_ProtG8_0, 1.031, 0.006, 0.018, 0.033, 1, 0, 1.031, 1.003, 0.025
Node_ProtG38_ProtG28_0, 0.003, 0, 0.028, 0.018, 0.003, 0, 0.003, 0.002, 0.011
Node_ProtG38_ProtG46_0, 0.009, 0, 0.014, 0.016, 0.009, 0, 0.009, 0.001, 0.02
Node_ProtG39_ProtG15_0, 0.245, 0.001, 0.032, 0.056, 0.244, 0, 0.245, 0.057, 0.199
Node_ProtG41_ProtG40_0, 1.781, 0.617, 0.072, 0.097, 1, 0, 1.781, 0.501, 0.064
Node_ProtG42_ProtG74_0, 0.088, 0, 0.022, 0.067, 0.088, 0, 0.088, 0.034, 0.06
Node_ProtG43_ProtG55_0, 0.262, 0, 0.955, 0.244, 0.249, 0, 0.262, 0.084, 0.184
Node_ProtG44_ProtG22_0, 0.208, 0.017, 0.074, 0.06, 0.19, 0, 0.208, 0.04, 0.159
Node_ProtG45_ProtG66_0, 0.651, 0, 0.03, 0.025, 0.648, 0, 0.651, 0.642, 0.013
Node_ProtG45_ProtG75_0, 0.009, 0, 0.652, 0.041, 0.009, 0, 0.009, 0.007, 0.01
Node_ProtG47_ProtG62_0, 0.005, 0, 0.028, 0.023, 0.005, 0, 0.005, 0, 0.017
Node_ProtG48_ProtG1_0, 1.028, 0, 0.067, 0.074, 0.996, 0, 1.028, 1.012, 0.019
Node_ProtG48_ProtG25_0, 1.084, 0.009, 0.021, 0.092, 0.997, 0, 1.084, 1.011, 0.068
Node_ProtG48_ProtG6_0, 0.992, 0.008, 0.118, 0.845, 0.982, 0, 0.992, 0.974, 0.018
Node_ProtG49_ProtG29_0, 0.004, 0, 0.024, 0.018, 0.004, 0, 0.004, 0.001, 0.007
Node_ProtG53_ProtG27_0, 1.017, 0.009, 0.026, 0.736, 1, 0, 1.017, 0.999, 0.016
Node_ProtG53_ProtG70_0, 0.997, 0.006, 0.046, 0.712, 0.987, 0, 0.997, 0.982, 0.02
Node_ProtG58_ProtG59_0, 0.009, 0, 0.018, 0.016, 0.009, 0, 0.009, 0.003, 0.016
Node_ProtG59_ProtG73_0, 0.008, 0, 0.016, 0.015, 0.008, 0, 0.008, 0.004, 0.015
Node_ProtG61_ProtG60_0, 1.005, 0, 0.018, 0.044, 1, 0, 1.005, 0.085, 0.931
Node_ProtG61_ProtG72_0, 0.008, 0, 0.022, 0.014, 0.008, 0, 0.008, 0.001, 0.017
Node_ProtG61_ProtG78_0, 0.092, 0.001, 0.023, 0.026, 0.092, 0, 0.092, 0, 0.106
Node_ProtG62_ProtG77_0, 0.006, 0, 0.019, 0.023, 0.006, 0, 0.006, 0.001, 0.02
Node_ProtG65_ProtG69_0, 0.253, 0.001, 0.017, 0.072, 0.252, 0, 0.253, 0.08, 0.182
Node_ProtG66_ProtG68_0, 0.786, 0, 0.018, 0.046, 0.72, 0, 0.786, 0.644, 0.153
Node_ProtG67_ProtG63_0, 0.017, 0, 1.018, 0.018, 0.017, 0, 0.017, 0.007, 0.015
Node_ProtG80_ProtG57_0, 0.004, 0, 0.013, 0.014, 0.004, 0, 0.004, 0.002, 0.01
Node_ProtG81_ProtG79_0, 0.015, 0, 0.027, 0.024, 0.015, 0, 0.015, 0.002, 0.028
Node_ProtG83_ProtG52_0, 1.167, 0.034, 0.097, 2.298, 1, 0, 1.167, 0.989, 0.14
Node_ProtG83_ProtG89_0, 1.09, 0.022, 0.015, 0.129, 0.993, 0, 1.09, 1, 0.053
Node_ProtG84_ProtG11_0, 0.992, 0.007, 0.073, 0.702, 0.979, 0, 0.992, 0.969, 0.028
Node_ProtG84_ProtG83_0, 1.03, 0.036, 0.018, 0.366, 0.979, 0, 1.03, 0.224, 0.774
Node_ProtG84_ProtG90_0, 0.238, 0.002, 0.021, 0.078, 0.233, 0, 0.238, 0.092, 0.156
Node_ProtG85_ProtG56_0, 0.009, 0, 0.011, 0.016, 0.009, 0, 0.009, 0.002, 0.014
Node_ProtG85_ProtG58_0, 0.011, 0, 0.022, 0.014, 0.011, 0, 0.011, 0.006, 0.011
Node_ProtG85_ProtG86_0, 0.004, 0, 0.024, 0.033, 0.004, 0, 0.004, 0, 0.019
Node_ProtG85_ProtG88_0, 0.006, 0, 0.02, 0.022, 0.006, 0, 0.006, 0.002, 0.015
Node_ProtG85_ProtG91_0, 0.002, 0, 0.021, 0.02, 0.002, 0, 0.002, 0, 0.019
Node_ProtG86_ProtG82_0, 0.006, 0, 0.017, 0.02, 0.006, 0, 0.006, 0, 0.019
Node_ProtG87_ProtG3_0, 0.006, 0, 0.011, 0.009, 0.006, 0, 0.006, 0.003, 0.009
Node_ProtG87_ProtG4_0, 0.008, 0, 0.025, 0.027, 0.008, 0, 0.008, 0.002, 0.019
Node_ProtG89_ProtG13_0, 1.128, 0.007, 0.073, 0.428, 0.989, 0, 1.128, 1.024, 0.104
Node_ProtG90_ProtG54_0, 0.017, 0, 0.231, 0.078, 0.017, 0, 0.017, 0.015, 0.01
Node_ProtM1_ProtM2_0, 1.007, 0, 0.018, 0.052, 1, 0, 1.007, 0.316, 0.701
Node_ProtM1_ProtM3_0, 0.324, 0, 0.028, 0.27, 0.322, 0, 0.324, 0.125, 0.209
Node_ProtZ1_ProtZ4_0, 1.017, 0.002, 0.177, 0.03, 0.998, 0, 1.017, 0.177, 0.853
Node_ProtZ3_ProtZ1_0, 0.339, 0, 0.025, 0.03, 0.307, 0, 0.339, 0.072, 0.284
Node_ProtZ3_ProtZ2_0, 0.08, 0.002, 0.024, 0.023, 0.078, 0, 0.08, 0.005, 0.085
Node_SAR3X2_BMS3X1_0, 0.641, 0.006, 0.474, 0.833, 0.629, 0, 0.641, 0.629, 0.006
Node_SAR3X2_SAR3X1_0, 0.642, 0.006, 0.048, 0.872, 0.637, 0, 0.642, 0.597, 0.043
Node_SM23X1_AABM5X1_0, 0.043, 0, 0.006, 0.019, 0.041, 0, 0.043, 0.022, 0.025
Node_SM23X1_Aero1_0, 1.326, 0.015, 0.425, 0.518, 0.977, 0, 1.326, 1.277, 0.021
Node_SM23X1_Bact27_0, 0.024, 0, 0.015, 0.027, 0.022, 0, 0.024, 0.021, 0.004
Node_SM23X1_Caldit2_0, 0.083, 0, 0.032, 0.025, 0.081, 0, 0.083, 0.014, 0.072
Node_SM23X1_Fibr4_0, 0.035, 0, 0.03, 0.031, 0.033, 0, 0.035, 0.033, 0.004
Node_SM23X1_Hydr2_0, 1.208, 0.017, 0.159, 0.404, 0.977, 0, 1.208, 1.152, 0.024
Node_SM23X1_KSB1X2_0, 0.011, 0, 0.087, 0.031, 0.011, 0, 0.011, 0.008, 0.015
Node_SM23X1_KSB1X3_0, 0.009, 0, 0.01, 0.006, 0.009, 0, 0.009, 0.002, 0.008
Node_SM23X1_P4572X1_0, 0.127, 0.002, 0.091, 0.079, 0.121, 0, 0.127, 0.112, 0.015
Node_SM23X1_Pori1_0, 1.018, 0.017, 0.212, 0.959, 0.957, 0, 1.018, 0.989, 0.005
Node_SM23X1_RBG1_0, 0.384, 0.003, 0.644, 0.551, 0.373, 0, 0.384, 0.378, 0.007
Node_SM23X1_TA06X1_0, 0.201, 0.001, 0.193, 0.182, 0.194, 0, 0.201, 0.191, 0.009
Node_SM23X1_Zixi5_0, 0.061, 0, 0.08, 0.053, 0.058, 0, 0.061, 0.049, 0.014
Node_Spir10_Lind1_0, 1.804, 0.012, 0.095, 0.572, 0.988, 0, 1.804, 1.768, 0.017
Node_Spir10_Spir11_0, 0.16, 0, 0.466, 0.315, 0.15, 0, 0.16, 0.156, 0.006
Node_Spir10_Spir12_0, 0.038, 0, 0.123, 0.098, 0.038, 0, 0.038, 0.038, 0.001
Node_Spir10_Spir13_0, 0.004, 0, 0.021, 0.022, 0.004, 0, 0.004, 0.002, 0.009
Node_Spir10_Spir15_0, 0.62, 0.01, 1.201, 0.853, 0.544, 0, 0.62, 0.597, 0.007
Node_Spir10_Spir3_0, 0.004, 0, 0.012, 0.014, 0.004, 0, 0.004, 0.002, 0.012
Node_Spir10_Spir8_0, 0.016, 0, 0.033, 0.03, 0.016, 0, 0.016, 0.012, 0.011
Node_Spir13_Spir2_0, 0.002, 0.001, 0.017, 0.02, 0.002, 0, 0.002, 0, 0.014
Node_Spir15_Spir4_0, 0.506, 0.002, 0.179, 0.543, 0.488, 0, 0.506, 0.441, 0.063
Node_Spir15_Spir9_0, 0.082, 0, 0.435, 0.228, 0.078, 0, 0.082, 0.077, 0.011
Node_Sume1_OLB1X1_0, 0.323, 0, 0.705, 0.376, 0.293, 0, 0.323, 0.299, 0.024
Node_Sume1_UBP4X1_0, 0.092, 0.001, 0.27, 0.145, 0.091, 0, 0.092, 0.055, 0.038
Node_Syne1_Calda2_0, 0.155, 0, 0.36, 0.25, 0.15, 0, 0.155, 0.153, 0.003
Node_Syne1_Cyan40_0, 1.568, 0.022, 0.049, 0.466, 0.962, 0.001, 1.568, 1.524, 0.005
Node_Syne1_Dein5_0, 0.512, 0.006, 1.064, 0.639, 0.456, 0, 0.512, 0.506, 0.002
Node_Syne1_Syne2_0, 0.003, 0, 0.015, 0.015, 0.003, 0, 0.003, 0, 0.014
Node_Syne1_Syne4_0, 0.013, 0, 0.035, 0.037, 0.013, 0, 0.013, 0.009, 0.012
Node_Syne1_Syne6_0, 0.005, 0, 0.016, 0.018, 0.005, 0, 0.005, 0.003, 0.008
Node_Syne1_Syne7_0, 0.004, 0, 0.011, 0.014, 0.004, 0, 0.004, 0.002, 0.01
Node_Syne1_Syne9_0, 0.036, 0, 0.124, 0.088, 0.036, 0, 0.036, 0.034, 0.005
Node_Syne2_Syne8_0, 0.003, 0, 0.01, 0.01, 0.003, 0, 0.003, 0, 0.01
Node_Syne4_Syne5_0, 0.004, 0, 0.017, 0.013, 0.003, 0, 0.004, 0.001, 0.008
Node_Syne7_Syne10_0, 0.002, 0, 0.011, 0.015, 0.002, 0, 0.002, 0.001, 0.009
Node_Syne8_Syne3_0, 0.006, 0, 0.024, 0.029, 0.006, 0, 0.006, 0.001, 0.027
Node_TA06X1_Cloa1_0, 0.043, 0, 0.159, 0.092, 0.043, 0, 0.043, 0.042, 0.001
Node_TA06X1_Edwa1_0, 0.019, 0, 0.03, 0.026, 0.019, 0, 0.019, 0.015, 0.006
Node_TA06X1_WOR1_0, 0.019, 0, 0.015, 0.023, 0.019, 0, 0.019, 0.006, 0.015
Node_Therd1_Dict1_0, 0.781, 0, 0.517, 0.367, 0.727, 0, 0.781, 0.767, 0.014
Node_Therg2_Therg4_0, 0.268, 0, 0.028, 0.071, 0.267, 0, 0.268, 0.063, 0.214
Node_Therg3_Therg5_0, 0.003, 0, 0.023, 0.021, 0.003, 0, 0.003, 0.001, 0.012
Node_Therg8_Therg2_0, 0.082, 0, 0.05, 0.052, 0.081, 0, 0.082, 0.042, 0.044
Node_Therg8_Therg3_0, 0.014, 0, 0.077, 0.029, 0.014, 0, 0.014, 0.011, 0.009
Node_Therg8_Therg6_0, 0.004, 0, 0.029, 0.03, 0.004, 0, 0.004, 0.002, 0.019
Node_Thers1_Desua45_0, 0.907, 0.001, 0.091, 0.461, 0.676, 0, 0.907, 0.865, 0.043
Node_UBA1X2_UBA1X3_0, 0.226, 0.001, 0.364, 0.196, 0.223, 0, 0.226, 0.217, 0.012
Node_UBA1X2_UBA1X5_0, 0.033, 0, 0.212, 0.061, 0.032, 0, 0.033, 0.024, 0.019
Node_UBA1X5_UBA1X4_0, 0.162, 0, 0.027, 0.031, 0.162, 0, 0.162, 0.015, 0.156
Node_UBA1X6_UBA1X1_0, 1.09, 0.007, 0.04, 0.395, 0.993, 0, 1.09, 0.546, 0.546
Node_UBA1X6_UBA1X2_0, 0.577, 0.056, 0.097, 0.396, 0.5, 0, 0.577, 0.291, 0.207
Node_UBA2X1_DesuD2_0, 0.846, 0.006, 0.318, 0.257, 0.823, 0, 0.846, 0.803, 0.035
Node_UBA2X1_Desua22_0, 1.123, 0.007, 0.085, 0.129, 0.971, 0, 1.123, 1.068, 0.043
Node_UBA2X1_Desua28_0, 0.131, 0, 0.732, 0.261, 0.131, 0, 0.131, 0.122, 0.017
Node_UBA2X1_SZUA2_0, 0.14, 0, 0.1, 0.086, 0.139, 0, 0.14, 0.032, 0.109
Node_UBA6X1_Desa1_0, 0.024, 0, 0.103, 0.052, 0.024, 0, 0.024, 0.021, 0.005
Node_UBA6X1_Elus1_0, 0.01, 0, 0.02, 0.021, 0.01, 0, 0.01, 0.006, 0.006
Node_UBA6X1_Gold1_0, 0.122, 0, 0.192, 0.131, 0.113, 0, 0.122, 0.118, 0.004
Node_UBA9X1_UBA9X3_0, 0.016, 0, 0.067, 0.048, 0.016, 0, 0.016, 0.013, 0.004
Node_UBA9X3_UBA9X2_0, 0.004, 0, 0.014, 0.015, 0.004, 0, 0.004, 0.003, 0.002
Node_Verr11_Aure2_0, 0.068, 0.002, 0.023, 0.093, 0.068, 0, 0.068, 0.038, 0.031
Node_Verr11_Aure3_0, 0.058, 0, 0.218, 0.087, 0.057, 0, 0.058, 0.041, 0.021
Node_Verr11_Omni4_0, 0.255, 0.003, 0.184, 0.123, 0.243, 0, 0.255, 0.222, 0.033
Node_Verr11_Verr12_0, 0.088, 0, 0.794, 0.256, 0.088, 0, 0.088, 0.082, 0.018
Node_Verr11_Verr14_0, 0.864, 0.003, 0.108, 0.295, 0.86, 0, 0.864, 0.829, 0.037
Node_Verr11_Verr7_0, 0.192, 0.012, 0.01, 0.082, 0.182, 0, 0.192, 0.111, 0.067
Node_Verr11_Verr8_0, 0.123, 0.002, 0.013, 0.119, 0.122, 0, 0.123, 0.06, 0.066
Node_Verr11_Verr9_0, 0.932, 0.012, 0.018, 0.62, 0.912, 0, 0.932, 0.186, 0.746
Node_Verr3_Verr10_0, 0.132, 0, 0.009, 0.033, 0.132, 0, 0.132, 0.076, 0.06
Node_Verr5_Verr6_0, 0.014, 0, 0.084, 0.025, 0.014, 0, 0.014, 0.008, 0.014
Node_Verr7_Verr13_0, 0.107, 0, 0.02, 0.025, 0.107, 0, 0.107, 0.098, 0.012
Node_Verr7_Verr2_0, 1.004, 0.001, 0.016, 0.07, 0.998, 0, 1.004, 0.1, 0.912
Node_Verr7_Verr4_0, 0.115, 0, 0.089, 0.039, 0.114, 0, 0.115, 0.109, 0.012
Node_Verr8_Verr3_0, 0.081, 0, 0.018, 0.031, 0.081, 0, 0.081, 0.073, 0.015
Node_Verr8_Verr5_0, 0.084, 0, 0.042, 0.028, 0.084, 0, 0.084, 0.083, 0.003
Node_WOR1_WOR2_0, 0.022, 0, 0.015, 0.015, 0.022, 0, 0.022, 0.005, 0.018
Node_WOR1_WOR3_0, 0.225, 0, 0.01, 0.054, 0.224, 0, 0.225, 0.059, 0.17
Node_WOR1_WOR6_0, 0.065, 0, 0.005, 0.015, 0.064, 0, 0.065, 0.017, 0.048
Node_WOR2_WOR4_0, 0.005, 0, 0.024, 0.012, 0.005, 0, 0.005, 0.003, 0.007
Node_WOR6_WOR7_0, 0.015, 0.001, 0.059, 0.021, 0.014, 0, 0.015, 0.007, 0.008
Node_Wall1_Fuso2_0, 0.264, 0.003, 1.33, 0.661, 0.247, 0, 0.264, 0.26, 0.002
Node_Wall1_Muir1_0, 0.076, 0.001, 0.073, 0.077, 0.076, 0, 0.076, 0.022, 0.056
Node_Wall1_Rifl1_0, 0.092, 0.001, 0.18, 0.177, 0.09, 0, 0.092, 0.086, 0.007
Node_Wall1_Syne1_0, 1.589, 0.012, 0.163, 0.498, 0.967, 0.001, 1.589, 1.565, 0.001
Node_Zixi2_Zixi1_0, 0.225, 0, 0.026, 0.085, 0.225, 0, 0.225, 0.039, 0.199
Node_Zixi4_Zixi2_0, 0.052, 0.001, 0.032, 0.051, 0.052, 0, 0.052, 0.015, 0.042
Node_Zixi4_Zixi3_0, 0.012, 0, 0.056, 0.028, 0.012, 0, 0.012, 0.009, 0.016
Node_Zixi5_Late2_0, 0.042, 0, 0.036, 0.035, 0.041, 0, 0.042, 0.026, 0.017
Node_Zixi5_TA06A1_0, 0.258, 0.001, 0.012, 0.067, 0.246, 0, 0.258, 0.069, 0.192
Node_Zixi5_UBP14X1_0, 0.077, 0, 0.017, 0.01, 0.076, 0, 0.077, 0.027, 0.052
Node_Zixi5_Zixi4_0, 0.041, 0, 0.234, 0.108, 0.041, 0, 0.041, 0.03, 0.017
Node_chloroArabidopsis_chloroBryophyte_0, 0.007, 0, 0.014, 0.015, 0.007, 0, 0.007, 0, 0.015
Node_chloroArabidopsis_chloroChlorophyta_0, 0.006, 0, 0.02, 0.021, 0.006, 0, 0.006, 0.001, 0.017
Node_chloroArabidopsis_chloroLycophyte_0, 0.006, 0, 0.02, 0.025, 0.006, 0, 0.006, 0, 0.019
Node_chloroArabidopsis_chloroRedAlgae_0, 0.009, 0, 0.013, 0.014, 0.009, 0, 0.009, 0.002, 0.013
Node_mitoAnnelida_mitoChelicerate_0, 0.011, 0, 0.021, 0.024, 0.011, 0, 0.011, 0.002, 0.025
Node_mitoAnnelida_mitoMollusc_0, 0.006, 0, 0.021, 0.018, 0.006, 0, 0.006, 0.001, 0.02
Node_mitoAnnelida_mitoPriapulid_0, 0.007, 0, 0.026, 0.027, 0.007, 0, 0.007, 0.002, 0.022
Node_mitoArabidopsis_mitoLycophyte_0, 0.003, 0, 0.013, 0.01, 0.003, 0, 0.003, 0.001, 0.007
Node_mitoBryophyte_mitoArabidopsis_0, 0.009, 0, 0.016, 0.018, 0.009, 0, 0.009, 0.001, 0.019
Node_mitoBryophyte_mitoChlorophyta_0, 0.006, 0, 0.018, 0.019, 0.006, 0, 0.006, 0, 0.016
Node_mitoBryophyte_mitoExcavata_0, 0.01, 0, 0.015, 0.012, 0.01, 0, 0.01, 0.008, 0.004
Node_mitoBryophyte_mitoParamecium_0, 0.003, 0, 0.017, 0.014, 0.003, 0, 0.003, 0, 0.01
Node_mitoBryophyte_mitoRedAlgae_0, 0.008, 0, 0.005, 0.004, 0.008, 0, 0.008, 0.001, 0.01
Node_mitoChelicerate_mitoInsect_0, 0.004, 0, 0.018, 0.021, 0.004, 0, 0.004, 0.002, 0.011
Node_mitoFungi_mitoAnnelida_0, 0.007, 0, 0.031, 0.025, 0.007, 0, 0.007, 0.003, 0.017
Node_mitoFungi_mitoBryophyte_0, 0.021, 0, 0.071, 0.027, 0.021, 0, 0.021, 0.015, 0.01
OLB1X1, 1, 0.004, 0.17, 0.609, 1, 0, 1, 0.174, 0.843
Omni2, 0, 0.001, 0.233, 0.056, 0, 0, 0, 0, 0.011
Omni3, 0, 0, 0.063, 0.05, 0, 0, 0, 0, 0.017
Omni4, 1, 0.004, 0.037, 0.223, 1, 0, 1, 0.21, 0.812
Omni6, 1, 0.008, 0.117, 1.582, 1, 0, 1, 0.665, 0.342
Omni7, 1, 0, 0.076, 0.059, 1, 0, 1, 0.003, 1.022
Omni8, 1, 0.002, 0.069, 0.322, 1, 0, 1, 0.711, 0.3
P4572X1, 0, 0, 0.029, 0.025, 0, 0, 0, 0, 0.011
Pate1, 0, 0, 0.033, 0.033, 0, 0, 0, 0, 0.019
Pate10, 0, 0, 0.265, 0.113, 0, 0, 0, 0, 0.021
Pate11, 1, 0.003, 0.026, 0.241, 1, 0, 1, 0.212, 0.805
Pate12, 0, 0, 0.036, 0.044, 0, 0, 0, 0, 0.024
Pate13, 0, 0, 0.024, 0.029, 0, 0, 0, 0, 0.019
Pate14, 0, 0, 0.02, 0.02, 0, 0, 0, 0, 0.01
Pate15, 0, 0, 0.029, 0.029, 0, 0, 0, 0, 0.021
Pate17, 0, 0, 0.017, 0.017, 0, 0, 0, 0, 0.012
Pate18, 0, 0, 0.021, 0.023, 0, 0, 0, 0, 0.017
Pate19, 0, 0, 0.027, 0.027, 0, 0, 0, 0, 0.015
Pate21, 0, 0, 0.032, 0.037, 0, 0, 0, 0, 0.021
Pate22, 0, 0, 0.044, 0.04, 0, 0, 0, 0, 0.021
Pate23, 0, 0, 0.202, 0.128, 0, 0, 0, 0, 0.031
Pate24, 1, 0.001, 0.025, 0.088, 1, 0, 1, 0.196, 0.821
Pate25, 0, 0, 0.019, 0.018, 0, 0, 0, 0, 0.016
Pate26, 0, 0, 0.027, 0.021, 0, 0, 0, 0, 0.015
Pate27, 0, 0, 0.025, 0.026, 0, 0, 0, 0, 0.014
Pate28, 0, 0, 0.015, 0.016, 0, 0, 0, 0, 0.012
Pate29, 0, 0, 0.027, 0.026, 0, 0, 0, 0, 0.019
Pate3, 0, 0, 0.048, 0.038, 0, 0, 0, 0, 0.024
Pate30, 0, 0, 0.1, 0.038, 0, 0, 0, 0, 0.019
Pate31, 0, 0, 0.024, 0.03, 0, 0, 0, 0, 0.017
Pate32, 0, 0, 0.029, 0.026, 0, 0, 0, 0, 0.018
Pate33, 1, 0.003, 0.031, 0.482, 1, 0, 1, 0.155, 0.865
Pate34, 0, 0, 0.019, 0.015, 0, 0, 0, 0, 0.014
Pate35, 0, 0, 0.031, 0.032, 0, 0, 0, 0, 0.021
Pate36, 0, 0, 0.025, 0.024, 0, 0, 0, 0, 0.019
Pate37, 0, 0, 0.028, 0.028, 0, 0, 0, 0, 0.016
Pate38, 0, 0, 0.023, 0.025, 0, 0, 0, 0, 0.019
Pate39, 0, 0, 0.227, 0.077, 0, 0, 0, 0, 0.024
Pate4, 0, 0, 0.031, 0.028, 0, 0, 0, 0, 0.022
Pate40, 0, 0, 0.03, 0.032, 0, 0, 0, 0, 0.026
Pate41, 0, 0, 0.031, 0.034, 0, 0, 0, 0, 0.018
Pate43, 0, 0, 0.022, 0.02, 0, 0, 0, 0, 0.014
Pate44, 1, 0.003, 0.036, 0.351, 1, 0, 1, 0.236, 0.789
Pate45, 0, 0, 0.234, 0.071, 0, 0, 0, 0, 0.016
Pate46, 0, 0, 0.039, 0.022, 0, 0, 0, 0, 0.018
Pate48, 0, 0, 0.084, 0.037, 0, 0, 0, 0, 0.017
Pate49, 0, 0, 0.042, 0.043, 0, 0, 0, 0, 0.029
Pate5, 0, 0, 0.026, 0.028, 0, 0, 0, 0, 0.016
Pate50, 0, 0, 0.036, 0.033, 0, 0, 0, 0, 0.022
Pate51, 0, 0, 0.025, 0.024, 0, 0, 0, 0, 0.014
Pate52, 0, 0, 0.082, 0.043, 0, 0, 0, 0, 0.018
Pate53, 0, 0, 0.038, 0.034, 0, 0, 0, 0, 0.018
Pate54, 0, 0, 0.019, 0.019, 0, 0, 0, 0, 0.012
Pate55, 0, 0, 0.023, 0.024, 0, 0, 0, 0, 0.019
Pate56, 1, 0.003, 0.028, 0.328, 1, 0, 1, 0.181, 0.833
Pate57, 0, 0, 0.025, 0.026, 0, 0, 0, 0, 0.017
Pate6, 0, 0, 0.034, 0.033, 0, 0, 0, 0, 0.025
Pate7, 0, 0, 0.04, 0.046, 0, 0, 0, 0, 0.022
Pate8, 0, 0, 0.022, 0.024, 0, 0, 0, 0, 0.017
Pate9, 0, 0, 0.028, 0.032, 0, 0, 0, 0, 0.022
Plan12, 0, 0, 1.037, 0.044, 0, 0, 0, 0, 0.02
Plan14, 0, 0, 0.737, 0.202, 0, 0, 0, 0, 0.011
Plan16, 0, 0, 0.223, 0.081, 0, 0, 0, 0, 0.015
Plan17, 1, 0, 0.026, 0.025, 1, 0, 1, 0.999, 0.014
Plan18, 0, 0, 0.028, 0.017, 0, 0, 0, 0, 0.008
Plan2, 2, 0.004, 0.025, 0.781, 1, 0, 2, 0.478, 1.531
Plan21, 0, 0, 0.036, 0.036, 0, 0, 0, 0, 0.021
Plan22, 0, 0, 0.507, 0.125, 0, 0, 0, 0, 0.017
Plan23, 1, 0, 0.022, 0.017, 1, 0, 1, 0.999, 0.01
Plan26, 0, 0, 0.071, 0.038, 0, 0, 0, 0, 0.025
Plan27, 1, 0.004, 0.117, 0.443, 1, 0, 1, 0.091, 0.922
Plan3, 1, 0.001, 0.068, 0.045, 1, 0, 1, 0.996, 0.024
Plan30, 2, 0.002, 0.025, 0.678, 1, 0, 2, 0.714, 1.297
Plan31, 1, 0.001, 0.162, 0.51, 1, 0, 1, 0.47, 0.548
Plan32, 1, 0, 0.037, 0.031, 1, 0, 1, 0.998, 0.02
Plan33, 1, 0.009, 0.08, 1.329, 1, 0, 1, 0.885, 0.128
Plan39, 0, 0, 0.059, 0.035, 0, 0, 0, 0, 0.015
Plan4, 0, 0, 0.067, 0.033, 0, 0, 0, 0, 0.012
Plan40, 1, 0.003, 0.477, 0.852, 1, 0, 1, 0.891, 0.12
Plan42, 1, 0, 0.612, 0.22, 1, 0, 1, 0.761, 0.258
Plan43, 1, 0.001, 0.372, 0.174, 1, 0, 1, 0.686, 0.329
Plan44, 1, 0.01, 0.083, 1.609, 1, 0, 1, 0.873, 0.13
Plan5, 1, 0, 0.027, 0.043, 1, 0, 1, 0.038, 0.981
Plan7, 0, 0, 0.132, 0.066, 0, 0, 0, 0, 0.015
Pori1, 1, 0, 0.039, 0.034, 1, 0, 1, 1, 0.016
Pori2, 1, 0, 0.033, 0.026, 1, 0, 1, 1, 0.01
ProtA10, 0, 0, 0.034, 0.036, 0, 0, 0, 0, 0.025
ProtA11, 1, 0.005, 0.033, 1.401, 1, 0, 1, 0.991, 0.017
ProtA12, 0, 0, 0.014, 0.019, 0, 0, 0, 0, 0.01
ProtA13, 0, 0, 0.016, 0.012, 0, 0, 0, 0, 0.01
ProtA14, 0, 0, 0.029, 0.016, 0, 0, 0, 0, 0.011
ProtA15, 0, 0, 0.06, 0.044, 0, 0, 0, 0, 0.02
ProtA16, 0, 0, 0.018, 0.02, 0, 0, 0, 0, 0.014
ProtA18, 0, 0, 0.026, 0.029, 0, 0, 0, 0, 0.017
ProtA19, 0, 0, 0.016, 0.019, 0, 0, 0, 0, 0.011
ProtA2, 1, 0.003, 0.023, 0.505, 1, 0, 1, 0.237, 0.773
ProtA20, 1, 0.003, 0.038, 0.199, 1, 0, 1, 0.636, 0.374
ProtA21, 0, 0, 0.016, 0.021, 0, 0, 0, 0, 0.01
ProtA24, 0, 0, 0.021, 0.021, 0, 0, 0, 0, 0.012
ProtA26, 0, 0, 0.511, 0.14, 0, 0, 0, 0, 0.011
ProtA27, 0, 0, 0.024, 0.02, 0, 0, 0, 0, 0.018
ProtA29, 0, 0, 0.027, 0.015, 0, 0, 0, 0, 0.004
ProtA3, 0, 0, 0.027, 0.026, 0, 0, 0, 0, 0.018
ProtA30, 0, 0, 0.018, 0.019, 0, 0, 0, 0, 0.017
ProtA31, 0, 0, 0.016, 0.014, 0, 0, 0, 0, 0.012
ProtA32, 1, 0.002, 0.032, 1.016, 1, 0, 1, 0.995, 0.019
ProtA33, 0, 0, 0.013, 0.012, 0, 0, 0, 0, 0.008
ProtA34, 0, 0, 0.019, 0.023, 0, 0, 0, 0, 0.014
ProtA35, 0, 0, 0.017, 0.022, 0, 0, 0, 0, 0.016
ProtA36, 0, 0, 0.018, 0.021, 0, 0, 0, 0, 0.014
ProtA37, 1, 0, 0.021, 0.368, 1, 0, 1, 0.491, 0.521
ProtA38, 2, 0.002, 0.026, 0.236, 1, 0, 2, 0.699, 1.317
ProtA39, 0, 0, 0.022, 0.021, 0, 0, 0, 0, 0.018
ProtA40, 0, 0, 0.018, 0.018, 0, 0, 0, 0, 0.011
ProtA41, 0, 0, 0.721, 0.055, 0, 0, 0, 0, 0.014
ProtA42, 0, 0, 0.059, 0.042, 0, 0, 0, 0, 0.019
ProtA43, 0, 0, 0.021, 0.024, 0, 0, 0, 0, 0.016
ProtA44, 0, 0, 0.022, 0.025, 0, 0, 0, 0, 0.014
ProtA45, 0, 0, 0.422, 0.085, 0, 0, 0, 0, 0.016
ProtA46, 0, 0, 0.011, 0.012, 0, 0, 0, 0, 0.008
ProtA47, 0, 0, 0.016, 0.016, 0, 0, 0, 0, 0.011
ProtA48, 0, 0, 0.029, 0.029, 0, 0, 0, 0, 0.018
ProtA49, 0, 0, 0.022, 0.021, 0, 0, 0, 0, 0.017
ProtA5, 0, 0, 0.683, 0.413, 0, 0, 0, 0, 0.022
ProtA50, 0, 0, 0.024, 0.023, 0, 0, 0, 0, 0.015
ProtA51, 0, 0, 0.015, 0.014, 0, 0, 0, 0, 0.011
ProtA52, 0, 0, 0.029, 0.026, 0, 0, 0, 0, 0.016
ProtA53, 0, 0, 0.025, 0.019, 0, 0, 0, 0, 0.012
ProtA54, 0, 0, 0.015, 0.012, 0, 0, 0, 0, 0.011
ProtA55, 0, 0, 0.015, 0.014, 0, 0, 0, 0, 0.012
ProtA56, 0, 0, 0.027, 0.026, 0, 0, 0, 0, 0.014
ProtA57, 1, 0.005, 0.529, 1.018, 1, 0, 1, 0.984, 0.027
ProtA58, 0, 0, 0.022, 0.023, 0, 0, 0, 0, 0.009
ProtA60, 0, 0, 0.042, 0.036, 0, 0, 0, 0, 0.016
ProtA61, 0, 0, 0.011, 0.01, 0, 0, 0, 0, 0.005
ProtA62, 0, 0, 0.014, 0.012, 0, 0, 0, 0, 0.007
ProtA63, 0, 0, 0.015, 0.018, 0, 0, 0, 0, 0.01
ProtA64, 0, 0, 0.473, 0.025, 0, 0, 0, 0, 0.009
ProtA66, 0, 0, 0.017, 0.021, 0, 0, 0, 0, 0.013
ProtA67, 0, 0, 0.017, 0.018, 0, 0, 0, 0, 0.01
ProtA68, 0, 0, 0.259, 0.091, 0, 0, 0, 0, 0.012
ProtA69, 0, 0, 0.015, 0.014, 0, 0, 0, 0, 0.006
ProtA7, 0, 0, 0.02, 0.019, 0, 0, 0, 0, 0.013
ProtA70, 2, 0.006, 0.027, 1.189, 1, 0, 2, 1.482, 0.524
ProtA71, 0, 0, 0.019, 0.019, 0, 0, 0, 0, 0.013
ProtA72, 0, 0, 0.026, 0.024, 0, 0, 0, 0, 0.017
ProtA74, 0, 0, 0.038, 0.031, 0, 0, 0, 0, 0.02
ProtA75, 0, 0, 0.045, 0.028, 0, 0, 0, 0, 0.013
ProtA76, 0, 0, 0.023, 0.025, 0, 0, 0, 0, 0.017
ProtA77, 0, 0, 0.015, 0.013, 0, 0, 0, 0, 0.011
ProtA8, 0, 0, 0.022, 0.023, 0, 0, 0, 0, 0.011
ProtA9, 0, 0, 0.041, 0.035, 0, 0, 0, 0, 0.015
ProtG1, 0, 0, 1.042, 0.077, 0, 0, 0, 0, 0.014
ProtG10, 0, 0, 0.04, 0.024, 0, 0, 0, 0, 0.009
ProtG11, 0, 0, 1.012, 0.383, 0, 0, 0, 0, 0.02
ProtG12, 0, 0, 0.032, 0.029, 0, 0, 0, 0, 0.017
ProtG13, 1, 0.005, 0.946, 0.601, 1, 0, 1, 0.195, 0.813
ProtG14, 0, 0, 0.035, 0.027, 0, 0, 0, 0, 0.016
ProtG15, 0, 0, 0.264, 0.084, 0, 0, 0, 0, 0.019
ProtG16, 1, 0.003, 0.03, 0.322, 1, 0, 1, 0.189, 0.826
ProtG17, 0, 0, 0.218, 0.13, 0, 0, 0, 0, 0.017
ProtG18, 1, 0.002, 0.016, 0.464, 1, 0, 1, 0.297, 0.711
ProtG19, 1, 0, 0.03, 0.04, 1, 0, 1, 0.155, 0.859
ProtG20, 0, 0, 0.036, 0.035, 0, 0, 0, 0, 0.018
ProtG21, 0, 0, 0.318, 0.089, 0, 0, 0, 0, 0.015
ProtG22, 2, 0.974, 0.016, 0.191, 1, 0, 2, 0.04, 0.834
ProtG24, 0, 0, 0.04, 0.034, 0, 0, 0, 0, 0.02
ProtG25, 1, 0, 0.282, 0.065, 1, 0, 1, 0.984, 0.031
ProtG26, 0, 0, 1.028, 0.24, 0, 0, 0, 0, 0.022
ProtG27, 1, 0, 0.032, 0.033, 1, 0, 1, 0.999, 0.015
ProtG28, 0, 0, 0.018, 0.02, 0, 0, 0, 0, 0.015
ProtG29, 0, 0, 0.023, 0.023, 0, 0, 0, 0, 0.017
ProtG3, 0, 0, 0.019, 0.017, 0, 0, 0, 0, 0.013
ProtG30, 0, 0, 0.185, 0.032, 0, 0, 0, 0, 0.014
ProtG31, 1, 0, 0.071, 0.055, 1, 0, 1, 0.053, 0.965
ProtG32, 1, 0, 0.024, 0.231, 1, 0, 1, 0.996, 0.018
ProtG33, 1, 0, 0.369, 0.059, 1, 0, 1, 0.999, 0.017
ProtG34, 1, 0.001, 0.044, 0.223, 1, 0, 1, 0.189, 0.825
ProtG35, 0, 0, 0.028, 0.024, 0, 0, 0, 0, 0.014
ProtG36, 0, 0, 0.031, 0.027, 0, 0, 0, 0, 0.013
ProtG37, 1, 0, 0.038, 0.108, 1, 0, 1, 0.212, 0.801
ProtG38, 0, 0, 0.021, 0.016, 0, 0, 0, 0, 0.012
ProtG39, 1, 0.002, 0.016, 0.132, 1, 0, 1, 0.24, 0.769
ProtG4, 0, 0, 0.038, 0.037, 0, 0, 0, 0, 0.03
ProtG40, 1, 0.001, 0.8, 0.073, 1, 0, 1, 0.997, 0.018
ProtG41, 2, 0.001, 0.024, 0.028, 1, 0, 2, 1.771, 0.242
ProtG42, 1, 0, 0.1, 0.064, 1, 0, 1, 0.003, 1.012
ProtG43, 0, 0, 0.279, 0.087, 0, 0, 0, 0, 0.017
ProtG44, 0, 0, 0.218, 0.035, 0, 0, 0, 0, 0.01
ProtG45, 1, 0, 0.024, 0.035, 1, 0, 1, 0.001, 1.015
ProtG46, 1, 0, 0.017, 0.014, 1, 0, 1, 0.006, 1.008
ProtG47, 0, 0, 0.018, 0.016, 0, 0, 0, 0, 0.013
ProtG48, 1, 0.005, 0.033, 0.918, 1, 0, 1, 0.976, 0.036
ProtG49, 0, 0, 0.025, 0.028, 0, 0, 0, 0, 0.021
ProtG5, 0, 0, 0.035, 0.03, 0, 0, 0, 0, 0.02
ProtG50, 0, 0, 0.08, 0.042, 0, 0, 0, 0, 0.016
ProtG51, 0, 0, 0.254, 0.09, 0, 0, 0, 0, 0.017
ProtG52, 2, 0.001, 0.027, 0.495, 1, 0, 2, 1.147, 0.859
ProtG53, 1, 0.003, 0.03, 0.742, 1, 0, 1, 0.98, 0.03
ProtG54, 0, 0, 0.029, 0.029, 0, 0, 0, 0, 0.012
ProtG55, 1, 0, 0.079, 0.212, 1, 0, 1, 0.194, 0.817
ProtG56, 0, 0, 0.022, 0.023, 0, 0, 0, 0, 0.013
ProtG57, 0, 0, 0.019, 0.018, 0, 0, 0, 0, 0.015
ProtG58, 0, 0, 0.016, 0.015, 0, 0, 0, 0, 0.007
ProtG59, 0, 0, 0.017, 0.019, 0, 0, 0, 0, 0.009
ProtG6, 0, 0.001, 1.013, 0.555, 0, 0, 0, 0, 0.02
ProtG60, 1, 0, 0.018, 0.019, 1, 0, 1, 0.999, 0.013
ProtG61, 1, 0, 0.023, 0.022, 1, 0, 1, 1, 0.018
ProtG62, 0, 0, 0.014, 0.014, 0, 0, 0, 0, 0.008
ProtG63, 1, 0, 0.02, 0.031, 1, 0, 1, 0.006, 1.003
ProtG64, 0, 0, 0.031, 0.024, 0, 0, 0, 0, 0.012
ProtG65, 0, 0.001, 0.27, 0.114, 0, 0, 0, 0, 0.016
ProtG66, 1, 0.001, 0.718, 0.216, 1, 0, 1, 0.087, 0.931
ProtG67, 0, 0, 0.033, 0.025, 0, 0, 0, 0, 0.016
ProtG68, 1, 0, 0.107, 0.047, 1, 0, 1, 0.695, 0.321
ProtG69, 1, 0.003, 0.012, 0.294, 1, 0, 1, 0.249, 0.756
ProtG7, 3, 0.001, 0.025, 0.279, 1, 0, 3, 1.344, 1.672
ProtG70, 0, 0, 1.011, 0.386, 0, 0, 0, 0, 0.014
ProtG71, 0, 0, 0.027, 0.028, 0, 0, 0, 0, 0.016
ProtG72, 0, 0, 0.026, 0.026, 0, 0, 0, 0, 0.018
ProtG73, 0, 0, 0.023, 0.025, 0, 0, 0, 0, 0.015
ProtG74, 1, 0.003, 0.02, 0.448, 1, 0, 1, 0.08, 0.929
ProtG75, 0, 0, 0.026, 0.021, 0, 0, 0, 0, 0.017
ProtG76, 0, 0, 0.015, 0.013, 0, 0, 0, 0, 0.009
ProtG77, 0, 0, 0.018, 0.021, 0, 0, 0, 0, 0.012
ProtG78, 0, 0.001, 0.106, 0.022, 0, 0, 0, 0, 0.013
ProtG79, 1, 0, 0.016, 0.018, 1, 0, 1, 0.01, 1.001
ProtG8, 2, 1.007, 0.056, 1.033, 1, 0, 2, 0.001, 0.018
ProtG80, 0, 0, 0.02, 0.021, 0, 0, 0, 0, 0.016
ProtG81, 0, 0, 0.029, 0.025, 0, 0, 0, 0, 0.014
ProtG82, 0, 0, 0.016, 0.017, 0, 0, 0, 0, 0.01
ProtG83, 1, 0.004, 0.195, 0.48, 1, 0, 1, 0.994, 0.024
ProtG84, 1, 0.004, 0.028, 0.7, 1, 0, 1, 0.974, 0.032
ProtG85, 0, 0, 0.02, 0.022, 0, 0, 0, 0, 0.018
ProtG86, 0, 0, 0.024, 0.025, 0, 0, 0, 0, 0.018
ProtG87, 0, 0, 0.016, 0.015, 0, 0, 0, 0, 0.01
ProtG88, 0, 0, 0.017, 0.015, 0, 0, 0, 0, 0.011
ProtG89, 1, 0.003, 0.16, 0.409, 1, 0, 1, 0.981, 0.029
ProtG9, 1, 0.004, 1.009, 0.284, 1, 0, 1, 0.257, 0.754
ProtG90, 0, 0, 0.028, 0.023, 0, 0, 0, 0, 0.011
ProtG91, 0, 0, 0.015, 0.02, 0, 0, 0, 0, 0.013
ProtM1, 1, 0, 0.023, 0.021, 1, 0, 1, 0.999, 0.016
ProtM2, 1, 0, 0.02, 0.021, 1, 0, 1, 0.999, 0.013
ProtM3, 0, 0, 0.338, 0.03, 0, 0, 0, 0, 0.014
ProtZ1, 1, 0, 0.039, 0.022, 1, 0, 1, 0.988, 0.022
ProtZ2, 1, 0, 0.065, 0.035, 1, 0, 1, 0.03, 0.985
ProtZ3, 1, 0, 0.189, 0.017, 1, 0, 1, 0.159, 0.85
ProtZ4, 1, 0.003, 0.042, 0.99, 1, 0, 1, 0.983, 0.022
ProtZ5, 0, 0, 0.055, 0.042, 0, 0, 0, 0, 0.019
RBG1, 0, 0.001, 0.398, 0.255, 0, 0, 0, 0, 0.013
Rifl1, 0, 0, 0.1, 0.069, 0, 0, 0, 0, 0.008
SAR3X1, 0, 0, 0.656, 0.291, 0, 0, 0, 0, 0.014
SAR3X2, 1, 0.004, 0.025, 0.667, 1, 0, 1, 0.631, 0.379
SLNR1, 0, 0, 0.018, 0.018, 0, 0, 0, 0, 0.015
SM23X1, 0, 0, 0.027, 0.033, 0, 0, 0, 0, 0.018
SZUA1, 1, 0.004, 0.095, 0.448, 1, 0, 1, 0.238, 0.786
SZUA2, 1, 0, 0.044, 0.294, 1, 0, 1, 0.116, 0.904
Sche1, 1, 0.005, 0.143, 0.433, 1, 0, 1, 0.094, 0.92
Spir10, 0, 0, 0.016, 0.018, 0, 0, 0, 0, 0.012
Spir11, 0, 0, 0.18, 0.126, 0, 0, 0, 0, 0.02
Spir12, 0, 0, 0.055, 0.045, 0, 0, 0, 0, 0.017
Spir13, 0, 0, 0.016, 0.017, 0, 0, 0, 0, 0.014
Spir15, 0, 0, 0.091, 0.061, 0, 0, 0, 0, 0.009
Spir2, 0, 0, 0.016, 0.023, 0, 0, 0, 0, 0.014
Spir3, 0, 0, 0.016, 0.016, 0, 0, 0, 0, 0.012
Spir4, 1, 0.006, 0.064, 0.53, 1, 0, 1, 0.459, 0.552
Spir8, 0, 0, 0.026, 0.016, 0, 0, 0, 0, 0.01
Spir9, 0, 0, 0.089, 0.069, 0, 0, 0, 0, 0.007
Sume1, 1, 0, 0.037, 0.067, 1, 0, 1, 0.068, 0.945
Syne1, 0, 0, 0.013, 0.015, 0, 0, 0, 0, 0.01
Syne10, 0, 0, 0.016, 0.017, 0, 0, 0, 0, 0.014
Syne2, 0, 0, 0.018, 0.019, 0, 0, 0, 0, 0.015
Syne3, 0, 0, 0.024, 0.026, 0, 0, 0, 0, 0.018
Syne4, 0, 0, 0.018, 0.021, 0, 0, 0, 0, 0.014
Syne5, 0, 0, 0.015, 0.016, 0, 0, 0, 0, 0.011
Syne6, 0, 0, 0.024, 0.026, 0, 0, 0, 0, 0.019
Syne7, 0, 0, 0.019, 0.022, 0, 0, 0, 0, 0.017
Syne8, 0, 0, 0.019, 0.026, 0, 0, 0, 0, 0.013
Syne9, 0, 0, 0.053, 0.042, 0, 0, 0, 0, 0.017
TA06A1, 2, 0.004, 0.03, 0.676, 1, 0, 2, 0.246, 1.768
TA06X1, 1, 0, 0.026, 0.176, 1, 0, 1, 0.01, 1.007
Therd1, 1, 0.001, 0.088, 0.274, 1, 0, 1, 0.705, 0.306
Therg2, 1, 0.003, 0.025, 0.399, 1, 0, 1, 0.259, 0.754
Therg3, 0, 0, 0.02, 0.021, 0, 0, 0, 0, 0.017
Therg4, 0, 0, 0.282, 0.092, 0, 0, 0, 0, 0.014
Therg5, 0, 0, 0.013, 0.012, 0, 0, 0, 0, 0.01
Therg6, 0, 0, 0.019, 0.022, 0, 0, 0, 0, 0.015
Therg8, 0, 0, 0.017, 0.019, 0, 0, 0, 0, 0.013
Thers1, 2, 0, 0.04, 0.81, 1, 0, 2, 0.881, 1.133
UBA1X1, 1, 0, 0.154, 0.045, 1, 0, 1, 0.952, 0.064
UBA1X2, 0, 0, 0.047, 0.026, 0, 0, 0, 0, 0.014
UBA1X3, 1, 0, 0.065, 0.088, 1, 0, 1, 0.177, 0.839
UBA1X4, 1, 0, 0.023, 0.028, 1, 0, 1, 0.151, 0.861
UBA1X5, 0, 0, 0.177, 0.027, 0, 0, 0, 0, 0.015
UBA1X6, 1, 0.018, 0.194, 1.658, 1, 0, 1, 0.913, 0.086
UBA2X1, 0, 0, 0.159, 0.046, 0, 0, 0, 0, 0.019
UBA6X1, 0, 0, 0.035, 0.041, 0, 0, 0, 0, 0.025
UBA9X1, 0, 0, 0.037, 0.034, 0, 0, 0, 0, 0.021
UBA9X2, 0, 0, 0.016, 0.017, 0, 0, 0, 0, 0.012
UBA9X3, 0, 0, 0.013, 0.014, 0, 0, 0, 0, 0.009
UBP13X1, 0, 0, 0.464, 0.137, 0, 0, 0, 0, 0.018
UBP14X1, 0, 0, 0.091, 0.038, 0, 0, 0, 0, 0.014
UBP4X1, 0, 0, 0.112, 0.047, 0, 0, 0, 0, 0.02
UBP6X1, 0, 0, 1.373, 0.221, 0, 0, 0, 0, 0.024
Verr10, 1, 0, 0.023, 0.087, 1, 0, 1, 0.128, 0.891
Verr11, 0, 0, 0.099, 0.055, 0, 0, 0, 0, 0.011
Verr12, 0, 0, 0.1, 0.064, 0, 0, 0, 0, 0.012
Verr13, 0, 0, 0.123, 0.024, 0, 0, 0, 0, 0.016
Verr14, 1, 0.001, 0.019, 0.312, 1, 0, 1, 0.859, 0.154
Verr2, 1, 0, 0.021, 0.077, 1, 0, 1, 0.998, 0.017
Verr3, 0, 0, 0.142, 0.032, 0, 0, 0, 0, 0.01
Verr4, 0, 0, 0.127, 0.037, 0, 0, 0, 0, 0.012
Verr5, 0, 0, 0.029, 0.022, 0, 0, 0, 0, 0.015
Verr6, 0, 0, 0.023, 0.025, 0, 0, 0, 0, 0.009
Verr7, 1, 0, 0.024, 0.031, 1, 0, 1, 0.998, 0.02
Verr8, 0, 0, 0.093, 0.031, 0, 0, 0, 0, 0.012
Verr9, 1, 0.003, 0.039, 0.857, 1, 0, 1, 0.902, 0.104
WOR1, 0, 0, 0.235, 0.084, 0, 0, 0, 0, 0.01
WOR2, 0, 0, 0.025, 0.029, 0, 0, 0, 0, 0.02
WOR3, 1, 0.001, 0.028, 0.267, 1, 0, 1, 0.223, 0.802
WOR4, 0, 0, 0.019, 0.016, 0, 0, 0, 0, 0.014
WOR6, 0, 0, 0.032, 0.037, 0, 0, 0, 0, 0.017
WOR7, 0, 0, 0.031, 0.024, 0, 0, 0, 0, 0.016
Wall1, 0, 0, 0.086, 0.031, 0, 0, 0, 0, 0.01
Zixi1, 0, 0, 0.236, 0.076, 0, 0, 0, 0, 0.011
Zixi2, 1, 0.002, 0.021, 0.396, 1, 0, 1, 0.22, 0.794
Zixi3, 0, 0, 0.027, 0.025, 0, 0, 0, 0, 0.015
Zixi4, 0, 0, 0.022, 0.017, 0, 0, 0, 0, 0.01
Zixi5, 0, 0, 0.056, 0.043, 0, 0, 0, 0, 0.015
chloroArabidopsis, 0, 0, 0.021, 0.018, 0, 0, 0, 0, 0.015
chloroBryophyte, 0, 0, 0.017, 0.017, 0, 0, 0, 0, 0.01
chloroChlorophyta, 0, 0, 0.019, 0.02, 0, 0, 0, 0, 0.013
chloroLycophyte, 0, 0, 0.028, 0.03, 0, 0, 0, 0, 0.022
chloroRedAlgae, 0, 0.001, 0.023, 0.027, 0, 0, 0, 0, 0.013
mitoAnnelida, 0, 0, 0.016, 0.02, 0, 0, 0, 0, 0.01
mitoArabidopsis, 0, 0, 0.017, 0.019, 0, 0, 0, 0, 0.014
mitoBryophyte, 0, 0, 0.017, 0.017, 0, 0, 0, 0, 0.008
mitoChelicerate, 0, 0, 0.015, 0.017, 0, 0, 0, 0, 0.011
mitoChlorophyta, 0, 0, 0.02, 0.019, 0, 0, 0, 0, 0.014
mitoExcavata, 0, 0, 0.022, 0.023, 0, 0, 0, 0, 0.012
mitoFungi, 0, 0, 0.013, 0.015, 0, 0, 0, 0, 0.006
mitoInsect, 0, 0, 0.018, 0.02, 0, 0, 0, 0, 0.014
mitoLycophyte, 0, 0, 0.012, 0.012, 0, 0, 0, 0, 0.009
mitoMollusc, 0, 0, 0.02, 0.019, 0, 0, 0, 0, 0.014
mitoParamecium, 0, 0, 0.017, 0.023, 0, 0, 0, 0, 0.014
mitoPriapulid, 0, 0, 0.015, 0.014, 0, 0, 0, 0, 0.008
mitoRedAlgae, 0, 0, 0.016, 0.015, 0, 0, 0, 0, 0.008
