species_label, speciations, duplications, losses, transfers, presence, origination, copies, singletons, transfers_to
AABM5X1, 1, 0.003, 0.068, 0.159, 1, 0, 1, 0.193, 0.846
AABM5X2, 0, 0, 0.252, 0.095, 0, 0, 0, 0, 0.033
AABM5X3, 1, 0.003, 0.112, 0.519, 1, 0, 1, 0.192, 0.843
Abys1, 1, 0.001, 0.67, 0.241, 1, 0, 1, 0.981, 0.054
Acid1, 1, 0.01, 0.307, 0.484, 1, 0, 1, 0.099, 0.939
Acid10, 0, 0, 0.118, 0.059, 0, 0, 0, 0, 0.037
Acid11, 1, 0.002, 0.054, 0.222, 1, 0, 1, 0.901, 0.131
Acid12, 2, 0.003, 1.046, 0.378, 1, 0, 2, 0.804, 1.227
Acid13, 1, 0.001, 0.865, 0.269, 1, 0, 1, 0.993, 0.048
Acid14, 0, 0, 0.049, 0.05, 0, 0, 0, 0, 0.032
Acid16, 0, 0, 0.946, 0.171, 0, 0, 0, 0, 0.026
Acid17, 1, 0.005, 0.155, 0.292, 1, 0, 1, 0.249, 0.792
Acid18, 0, 0, 0.142, 0.105, 0, 0, 0, 0, 0.044
Acid2, 0, 0, 0.141, 0.102, 0, 0, 0, 0, 0.043
Acid20, 0, 0.001, 0.306, 0.169, 0, 0, 0, 0, 0.02
Acid21, 2, 0.012, 0.125, 0.743, 1, 0, 2, 0.713, 1.324
Acid22, 0, 0, 0.387, 0.051, 0, 0, 0, 0, 0.035
Acid23, 1, 0.001, 0.583, 0.2, 1, 0, 1, 0.994, 0.044
Acid24, 0, 0, 0.392, 0.045, 0, 0, 0, 0, 0.029
Acid25, 2, 0.004, 1.021, 0.438, 1, 0, 2, 1.218, 0.814
Acid26, 3, 0.009, 0.102, 0.843, 1, 0, 3, 1.42, 1.617
Acid27, 0, 0, 1.003, 0.092, 0, 0, 0, 0, 0.021
Acid28, 0, 0, 0.048, 0.055, 0, 0, 0, 0, 0.03
Acid29, 1, 0.001, 0.063, 0.114, 1, 0, 1, 0.95, 0.08
Acid3, 0, 0, 0.046, 0.044, 0, 0, 0, 0, 0.029
Acid30, 0, 0, 0.127, 0.078, 0, 0, 0, 0, 0.028
Acid31, 0, 0, 0.95, 0.193, 0, 0, 0, 0, 0.029
Acid32, 0, 0, 1.507, 0.304, 0, 0, 0, 0, 0.031
Acid33, 0, 0, 0.464, 0.048, 0, 0, 0, 0, 0.029
Acid34, 1, 0.003, 0.069, 0.133, 1, 0, 1, 0.962, 0.066
Acid35, 1, 0, 0.114, 0.084, 1, 0, 1, 1, 0.026
Acid36, 1, 0.001, 1.008, 0.06, 1, 0, 1, 0.987, 0.032
Acid37, 0, 0, 0.131, 0.094, 0, 0, 0, 0, 0.032
Acid38, 2, 0.002, 0.067, 0.146, 1, 0, 2, 1.937, 0.09
Acid39, 1, 0, 0.107, 0.097, 1, 0, 1, 1, 0.019
Acid4, 0, 0, 0.276, 0.052, 0, 0, 0, 0, 0.03
Acid40, 1, 0.002, 0.053, 0.29, 1, 0, 1, 0.266, 0.766
Acid5, 0, 0, 1.53, 0.239, 0, 0, 0, 0, 0.049
Acid6, 0, 0, 0.042, 0.04, 0, 0, 0, 0, 0.024
Acid7, 3, 1.995, 0.086, 0.075, 1, 0, 3, 0.004, 0.077
Acid8, 1, 0.001, 1.114, 0.414, 1, 0, 1, 0.656, 0.372
Acid9, 2, 0.009, 0.969, 0.957, 1, 0, 2, 0.155, 1.893
Acti10, 1, 0.004, 0.071, 0.237, 1, 0, 1, 0.265, 0.774
Acti11, 0, 0, 0.043, 0.041, 0, 0, 0, 0, 0.023
Acti12, 1, 0.002, 0.058, 0.373, 1, 0, 1, 0.992, 0.038
Acti13, 1, 0.002, 0.062, 0.18, 1, 0, 1, 0.662, 0.378
Acti14, 0, 0, 0.059, 0.052, 0, 0, 0, 0, 0.026
Acti15, 1, 0, 0.061, 0.06, 1, 0, 1, 1, 0.041
Acti16, 1, 0, 0.058, 0.058, 1, 0, 1, 0.995, 0.038
Acti18, 1, 0, 0.06, 0.06, 1, 0, 1, 0.995, 0.04
Acti19, 0, 0, 0.059, 0.053, 0, 0, 0, 0, 0.033
Acti2, 1, 0.009, 0.713, 0.367, 1, 0, 1, 0.964, 0.076
Acti20, 1, 0.013, 0.878, 1.304, 1, 0, 1, 0.061, 0.975
Acti21, 0, 0.001, 1.049, 0.363, 0, 0, 0, 0, 0.03
Acti22, 0, 0, 0.056, 0.061, 0, 0, 0, 0, 0.036
Acti23, 0, 0, 0.052, 0.046, 0, 0, 0, 0, 0.026
Acti24, 1, 0, 0.313, 0.059, 1, 0, 1, 0.999, 0.034
Acti25, 0, 0, 0.183, 0.067, 0, 0, 0, 0, 0.026
Acti26, 0, 0, 0.123, 0.072, 0, 0, 0, 0, 0.03
Acti27, 1, 0, 0.302, 0.165, 1, 0, 1, 0.999, 0.039
Acti28, 0, 0, 0.032, 0.031, 0, 0, 0, 0, 0.021
Acti29, 0, 0, 0.29, 0.105, 0, 0, 0, 0, 0.04
Acti3, 0, 0, 0.326, 0.136, 0, 0, 0, 0, 0.033
Acti30, 1, 0.006, 0.233, 0.412, 1, 0, 1, 0.247, 0.796
Acti31, 2, 0.008, 0.126, 0.688, 1, 0, 2, 0.37, 1.656
Acti32, 1, 0, 0.794, 0.041, 1, 0, 1, 0.909, 0.121
Acti33, 1, 0.005, 0.051, 0.28, 1, 0, 1, 0.29, 0.736
Acti34, 0, 0.001, 0.086, 0.08, 0, 0, 0, 0, 0.032
Acti35, 0, 0, 0.335, 0.126, 0, 0, 0, 0, 0.025
Acti36, 0, 0, 0.042, 0.033, 0, 0, 0, 0, 0.022
Acti37, 0, 0.001, 0.3, 0.073, 0, 0, 0, 0, 0.031
Acti38, 1, 0.003, 0.797, 0.188, 1, 0, 1, 0.879, 0.14
Acti39, 1, 0.003, 0.208, 0.217, 1, 0, 1, 0.115, 0.924
Acti4, 0, 0, 0.217, 0.097, 0, 0, 0, 0, 0.041
Acti40, 1, 0, 0.047, 0.042, 1, 0, 1, 1, 0.031
Acti41, 0, 0, 0.05, 0.063, 0, 0, 0, 0, 0.037
Acti42, 1, 0.009, 0.422, 0.466, 1, 0, 1, 0.145, 0.884
Acti43, 1, 0, 0.038, 0.046, 1, 0, 1, 0.008, 1.018
Acti44, 1, 0.005, 0.105, 0.375, 1, 0, 1, 0.982, 0.031
Acti45, 0, 0, 0.035, 0.042, 0, 0, 0, 0, 0.022
Acti46, 0, 0, 0.042, 0.043, 0, 0, 0, 0, 0.029
Acti47, 0, 0, 0.029, 0.027, 0, 0, 0, 0, 0.016
Acti48, 1, 0, 0.063, 0.054, 1, 0, 1, 0.997, 0.036
Acti49, 1, 0.001, 0.828, 0.157, 1, 0, 1, 0.872, 0.154
Acti5, 2, 0.973, 0.892, 0.226, 1, 0, 2, 0.062, 0.87
Acti50, 0, 0, 0.036, 0.035, 0, 0, 0, 0, 0.025
Acti51, 2, 0.008, 0.071, 0.318, 1, 0, 2, 1.228, 0.8
Acti52, 1, 0, 1.038, 0.383, 1, 0, 1, 0.066, 0.969
Acti6, 0, 0.001, 0.062, 0.055, 0, 0, 0, 0, 0.028
Acti7, 1, 0.003, 0.149, 0.268, 1, 0, 1, 0.232, 0.79
Acti8, 3, 0.952, 0.066, 0.091, 1, 0, 3, 1.091, 0.835
Acti9, 1, 0.002, 0.129, 0.229, 1, 0, 1, 0.184, 0.877
Aero1, 1, 0.002, 0.721, 0.408, 1, 0, 1, 0.923, 0.13
Aqui1, 0, 0, 0.032, 0.032, 0, 0, 0, 0, 0.023
Aqui2, 0, 0, 0.037, 0.04, 0, 0, 0, 0, 0.028
Aqui3, 1, 0.001, 0.087, 0.17, 1, 0, 1, 0.06, 0.976
Aqui4, 0, 0, 0.042, 0.043, 0, 0, 0, 0, 0.026
Aqui5, 0, 0, 0.054, 0.054, 0, 0, 0, 0, 0.032
Aqui6, 0, 0, 0.043, 0.043, 0, 0, 0, 0, 0.027
Arma11, 1, 0.003, 0.181, 0.419, 1, 0, 1, 0.237, 0.8
Arma12, 0, 0.001, 0.554, 0.196, 0, 0, 0, 0, 0.032
Arma13, 0, 0, 0.078, 0.066, 0, 0, 0, 0, 0.035
Arma14, 2, 0.014, 0.562, 0.71, 1, 0, 2, 0.537, 1.495
Arma15, 0, 0, 0.078, 0.072, 0, 0, 0, 0, 0.035
Arma16, 1, 0, 0.077, 0.061, 1, 0, 1, 1, 0.027
Arma3, 2, 0.008, 0.114, 0.303, 1, 0, 2, 1.253, 0.793
Arma4, 3, 0.97, 0.615, 0.698, 1, 0, 3, 0.329, 1.592
Arma6, 1, 0.014, 0.067, 0.6, 1, 0, 1, 0.209, 0.824
Arma7, 3, 0.005, 0.092, 0.426, 1, 0, 3, 0.476, 2.566
Arma9, 1, 0, 0.103, 0.087, 1, 0, 1, 0.999, 0.038
Aure1, 1, 0.004, 0.439, 0.299, 1, 0, 1, 0.593, 0.448
Aure2, 2, 0.006, 0.767, 0.606, 1, 0, 2, 0.259, 1.774
Aure3, 1, 0.009, 1.244, 0.639, 1, 0, 1, 0.513, 0.523
B130X1, 0, 0, 2.603, 0.936, 0, 0, 0, 0, 0.05
BMS3X1, 1, 0.003, 0.829, 0.759, 1, 0, 1, 0.236, 0.812
Bact1, 0, 0, 0.071, 0.068, 0, 0, 0, 0, 0.04
Bact10, 0, 0, 0.029, 0.029, 0, 0, 0, 0, 0.022
Bact11, 0, 0, 0.06, 0.053, 0, 0, 0, 0, 0.029
Bact12, 0, 0, 0.058, 0.06, 0, 0, 0, 0, 0.04
Bact13, 0, 0, 0.042, 0.04, 0, 0, 0, 0, 0.026
Bact14, 1, 0, 0.056, 0.06, 1, 0, 1, 0.168, 0.863
Bact16, 0, 0, 0.053, 0.045, 0, 0, 0, 0, 0.032
Bact17, 0, 0.001, 0.076, 0.077, 0, 0, 0, 0, 0.039
Bact18, 0, 0, 0.037, 0.041, 0, 0, 0, 0, 0.027
Bact19, 0, 0, 0.061, 0.054, 0, 0, 0, 0, 0.03
Bact2, 0, 0, 0.053, 0.054, 0, 0, 0, 0, 0.041
Bact20, 1, 0, 0.321, 0.176, 1, 0, 1, 0.194, 0.848
Bact21, 2, 0, 0.138, 0.099, 1, 0, 2, 1.179, 0.851
Bact22, 1, 0, 0.056, 0.032, 1, 0, 1, 0.985, 0.033
Bact23, 2, 0, 0.048, 0.173, 1, 0, 2, 1.166, 0.859
Bact24, 0, 0, 0.047, 0.048, 0, 0, 0, 0, 0.031
Bact25, 0, 0, 0.081, 0.068, 0, 0, 0, 0, 0.043
Bact27, 0, 0, 0.353, 0.166, 0, 0, 0, 0, 0.029
Bact28, 1, 0, 0.225, 0.108, 1, 0, 1, 0.996, 0.036
Bact29, 3, 0.974, 1.062, 1.141, 1, 0, 3, 0.208, 1.638
Bact3, 0, 0, 0.235, 0.067, 0, 0, 0, 0, 0.042
Bact30, 1, 0, 0.053, 0.058, 1, 0, 1, 0.999, 0.025
Bact31, 1, 0, 0.216, 0.094, 1, 0, 1, 0.985, 0.05
Bact32, 1, 0, 0.05, 0.045, 1, 0, 1, 1, 0.022
Bact33, 0, 0, 0.043, 0.043, 0, 0, 0, 0, 0.035
Bact34, 0, 0, 0.226, 0.101, 0, 0, 0, 0, 0.026
Bact35, 0, 0, 0.114, 0.061, 0, 0, 0, 0, 0.024
Bact36, 0, 0, 1.04, 0.05, 0, 0, 0, 0, 0.025
Bact37, 0, 0, 0.045, 0.044, 0, 0, 0, 0, 0.029
Bact38, 1, 0.002, 1.026, 0.385, 1, 0, 1, 0.17, 0.858
Bact39, 0, 0, 0.023, 0.025, 0, 0, 0, 0, 0.015
Bact4, 1, 0.006, 0.088, 0.323, 1, 0, 1, 0.229, 0.804
Bact40, 1, 0, 0.058, 0.052, 1, 0, 1, 0.999, 0.03
Bact41, 1, 0, 0.051, 0.047, 1, 0, 1, 0.999, 0.023
Bact42, 0, 0, 0.049, 0.044, 0, 0, 0, 0, 0.033
Bact43, 1, 0, 0.049, 0.05, 1, 0, 1, 0.998, 0.034
Bact44, 0, 0, 0.29, 0.085, 0, 0, 0, 0, 0.028
Bact5, 0, 0, 0.058, 0.056, 0, 0, 0, 0, 0.037
Bact6, 0, 0, 0.047, 0.042, 0, 0, 0, 0, 0.031
Bact7, 0, 0, 0.042, 0.041, 0, 0, 0, 0, 0.02
Bact8, 0, 0, 0.06, 0.054, 0, 0, 0, 0, 0.038
Bact9, 1, 0.016, 0.5, 0.778, 1, 0, 1, 0.981, 0.034
Bdell10, 0, 0, 0.045, 0.043, 0, 0, 0, 0, 0.029
Bdell11, 0, 0, 1.037, 0.053, 0, 0, 0, 0, 0.039
Bdell12, 1, 0, 0.06, 0.055, 1, 0, 1, 0.997, 0.036
Bdell13, 0, 0, 0.336, 0.109, 0, 0, 0, 0, 0.035
Bdell14, 1, 0, 0.047, 0.042, 1, 0, 1, 1, 0.03
Bdell15, 1, 0.002, 0.049, 0.174, 1, 0, 1, 0.219, 0.809
Bdell16, 1, 0, 0.046, 0.045, 1, 0, 1, 1, 0.023
Bdell17, 1, 0, 0.043, 0.031, 1, 0, 1, 1, 0.02
Bdell2, 0, 0, 0.051, 0.046, 0, 0, 0, 0, 0.035
Bdell3, 1, 0, 0.056, 0.055, 1, 0, 1, 0.996, 0.032
Bdell4, 1, 0, 0.058, 0.059, 1, 0, 1, 1, 0.041
Bdell5, 0, 0, 0.351, 0.129, 0, 0, 0, 0, 0.036
Bdell6, 0, 0, 0.05, 0.046, 0, 0, 0, 0, 0.025
Bdell7, 1, 0.004, 0.059, 0.576, 1, 0, 1, 0.288, 0.74
Bdell9, 0, 0, 0.271, 0.106, 0, 0, 0, 0, 0.033
BdellC1, 0, 0.001, 0.082, 0.076, 0, 0, 0, 0, 0.045
BdellC2, 0, 0, 0.079, 0.069, 0, 0, 0, 0, 0.043
Bipo1, 0, 0, 0.405, 0.15, 0, 0, 0, 0, 0.053
Bipo2, 2, 0.006, 0.117, 0.325, 1, 0, 2, 0.281, 1.759
CG267X1, 1, 0.001, 0.106, 0.186, 1, 0, 1, 0.945, 0.104
CG294X1, 0, 0, 1.041, 0.176, 0, 0, 0, 0, 0.04
CSP1X1, 0, 0, 0.331, 0.136, 0, 0, 0, 0, 0.041
Calda1, 2, 0.022, 0.147, 1.287, 1, 0, 2, 0.181, 1.866
Calda2, 0, 0, 0.307, 0.15, 0, 0, 0, 0, 0.048
Caldit1, 0, 0, 0.072, 0.072, 0, 0, 0, 0, 0.045
Caldit2, 0, 0, 0.047, 0.044, 0, 0, 0, 0, 0.02
Caldit3, 1, 0.01, 0.068, 0.657, 1, 0, 1, 0.064, 0.976
Camp1, 1, 0.001, 0.269, 0.169, 1, 0, 1, 0.152, 0.89
Camp10, 1, 0.005, 0.96, 0.488, 1, 0, 1, 0.228, 0.801
Camp11, 1, 0.002, 0.372, 0.109, 1, 0, 1, 0.961, 0.071
Camp12, 1, 0, 0.973, 0.212, 1, 0, 1, 0.18, 0.841
Camp13, 1, 0.011, 0.094, 0.995, 1, 0, 1, 0.963, 0.057
Camp14, 1, 0, 0.126, 0.09, 1, 0, 1, 0.989, 0.045
Camp15, 1, 0, 0.124, 0.095, 1, 0, 1, 0.989, 0.043
Camp16, 2, 0.972, 0.245, 0.796, 1, 0, 2, 0.065, 0.134
Camp2, 1, 0, 0.077, 0.061, 1, 0, 1, 0.983, 0.051
Camp3, 1, 0.002, 0.235, 0.172, 1, 0, 1, 0.177, 0.855
Camp4, 1, 0, 0.239, 0.048, 1, 0, 1, 0.928, 0.1
Camp5, 2, 0.004, 0.265, 0.281, 1, 0, 2, 0.915, 1.107
Camp6, 1, 0.001, 0.186, 0.067, 1, 0, 1, 0.113, 0.915
Camp7, 1, 0.003, 0.303, 0.335, 1, 0, 1, 0.9, 0.118
Camp9, 1, 0.001, 0.16, 0.093, 1, 0, 1, 0.134, 0.889
Chlo10, 1, 0, 1.052, 0.049, 1, 0, 1, 0.999, 0.03
Chlo11, 1, 0.006, 0.339, 0.273, 1, 0, 1, 0.975, 0.049
Chlo12, 0, 0.001, 0.523, 0.149, 0, 0, 0, 0, 0.034
Chlo13, 1, 0.008, 0.209, 0.531, 1, 0, 1, 0.741, 0.277
Chlo14, 0, 0, 0.4, 0.13, 0, 0, 0, 0, 0.042
Chlo15, 1, 0.019, 0.088, 1.055, 1, 0, 1, 0.927, 0.087
Chlo16, 0, 0.001, 0.792, 0.452, 0, 0, 0, 0, 0.038
Chlo17, 0, 0.001, 0.961, 0.07, 0, 0, 0, 0, 0.035
Chlo18, 0, 0, 0.758, 0.127, 0, 0, 0, 0, 0.033
Chlo19, 0, 0, 0.058, 0.049, 0, 0, 0, 0, 0.029
Chlo20, 1, 0, 0.081, 0.063, 1, 0, 1, 0.999, 0.032
Chlo21, 1, 0.002, 1.874, 0.318, 1, 0, 1, 0.994, 0.049
Chlo22, 1, 0.013, 0.135, 0.891, 1, 0, 1, 0.892, 0.133
Chlo23, 1, 0.003, 0.797, 0.429, 1, 0, 1, 0.834, 0.217
Chlo24, 2, 0.002, 0.128, 0.346, 1, 0, 2, 0.391, 1.638
Chlo25, 0, 0, 0.055, 0.058, 0, 0, 0, 0, 0.035
Chlo26, 2, 0.006, 0.072, 0.416, 1, 0, 2, 1.233, 0.782
Chlo27, 1, 0, 0.06, 0.054, 1, 0, 1, 1, 0.03
Chlo28, 1, 0.003, 0.295, 0.287, 1, 0, 1, 0.239, 0.793
Chlo29, 1, 0.018, 0.169, 1.08, 1, 0, 1, 0.98, 0.041
Chlo30, 1, 0, 0.041, 0.044, 1, 0, 1, 0.999, 0.026
Chlo31, 0, 0, 0.055, 0.056, 0, 0, 0, 0, 0.035
Chlo32, 1, 0, 0.237, 0.1, 1, 0, 1, 0.996, 0.048
Chlo33, 0, 0, 0.341, 0.107, 0, 0, 0, 0, 0.023
Chlo34, 1, 0, 0.05, 0.047, 1, 0, 1, 1, 0.028
Chlo35, 3, 0.026, 0.171, 1.627, 1, 0, 3, 2.697, 0.322
Chlo36, 2, 0.006, 0.16, 0.781, 1, 0, 2, 0.552, 1.474
Chlo37, 0, 0, 1.047, 0.051, 0, 0, 0, 0, 0.032
Chlo38, 0, 0, 0.055, 0.053, 0, 0, 0, 0, 0.026
Chlo39, 1, 0, 0.051, 0.048, 1, 0, 1, 1, 0.021
Chlo4, 3, 1.029, 1.09, 1.794, 1, 0, 3, 0.96, 0.208
Chlo40, 0, 0.003, 0.713, 0.367, 0, 0, 0, 0, 0.03
Chlo41, 1, 0, 0.056, 0.05, 1, 0, 1, 1, 0.026
Chlo42, 1, 0, 0.055, 0.05, 1, 0, 1, 1, 0.033
Chlo43, 0, 0, 0.336, 0.174, 0, 0, 0, 0, 0.022
Chlo44, 1, 0.001, 0.054, 0.077, 1, 0, 1, 0.898, 0.128
Chlo45, 1, 0, 0.037, 0.041, 1, 0, 1, 1, 0.029
Chlo46, 1, 0, 0.045, 0.045, 1, 0, 1, 1, 0.037
Chlo47, 3, 0.001, 0.068, 0.129, 1, 0, 3, 2.243, 0.79
Chlo48, 2, 0, 0.054, 0.051, 1, 0, 2, 1.998, 0.032
Chlo5, 1, 0.008, 0.064, 0.502, 1, 0, 1, 0.717, 0.303
Chlo6, 2, 0, 0.072, 0.154, 1, 0, 2, 0.683, 1.347
Chlo7, 0, 0, 1.02, 0.444, 0, 0, 0, 0, 0.038
Chlo8, 1, 0.006, 0.305, 0.325, 1, 0, 1, 0.244, 0.786
Chlo9, 0, 0, 0.507, 0.198, 0, 0, 0, 0, 0.042
Chry1, 1, 0, 0.304, 0.217, 1, 0, 1, 0, 1.035
Cloa1, 0, 0, 0.095, 0.084, 0, 0, 0, 0, 0.038
Cyan1, 0, 0, 1.058, 0.061, 0, 0, 0, 0, 0.044
Cyan10, 1, 0, 1.004, 0.229, 1, 0, 1, 0.999, 0.041
Cyan11, 2, 0.002, 0.069, 0.235, 1, 0, 2, 1.34, 0.695
Cyan12, 1, 0.001, 0.837, 0.162, 1, 0, 1, 0.889, 0.14
Cyan13, 1, 0, 0.828, 0.04, 1, 0, 1, 0.924, 0.102
Cyan14, 3, 0.001, 0.231, 0.176, 1, 0, 3, 2.195, 0.831
Cyan15, 2, 0.007, 0.776, 0.543, 1, 0, 2, 1.651, 0.37
Cyan16, 1, 0, 0.134, 0.076, 1, 0, 1, 0.992, 0.039
Cyan18, 1, 0.002, 0.855, 0.153, 1, 0, 1, 0.892, 0.127
Cyan19, 1, 0.001, 0.252, 0.099, 1, 0, 1, 1, 0.036
Cyan2, 1, 0, 0.055, 0.052, 1, 0, 1, 0.994, 0.041
Cyan20, 1, 0, 0.408, 0.159, 1, 0, 1, 0.996, 0.042
Cyan21, 1, 0.002, 0.06, 0.115, 1, 0, 1, 0.996, 0.027
Cyan22, 3, 0.015, 0.262, 0.842, 1, 0, 3, 2.813, 0.207
Cyan23, 1, 0, 1.726, 0.313, 1, 0, 1, 0.988, 0.051
Cyan24, 1, 0.005, 2.337, 0.528, 1, 0, 1, 0.229, 0.806
Cyan25, 2, 0, 0.453, 0.072, 1, 0, 2, 1.97, 0.051
Cyan26, 1, 0, 0.393, 0.189, 1, 0, 1, 1, 0.021
Cyan27, 2, 0.003, 0.172, 0.198, 1, 0, 2, 1.157, 0.869
Cyan28, 1, 0.004, 0.051, 0.258, 1, 0, 1, 0.893, 0.135
Cyan29, 1, 0.001, 0.122, 0.098, 1, 0, 1, 0.995, 0.026
Cyan3, 1, 0, 0.048, 0.042, 1, 0, 1, 1, 0.025
Cyan30, 1, 0, 1.005, 0.431, 1, 0, 1, 0.869, 0.168
Cyan31, 1, 0, 1.053, 0.205, 1, 0, 1, 0.33, 0.695
Cyan32, 3, 0.938, 0.249, 0.069, 1, 0, 3, 0.28, 1.546
Cyan33, 1, 0.003, 0.064, 0.41, 1, 0, 1, 0.991, 0.03
Cyan34, 2, 0.004, 0.205, 0.532, 1, 0, 2, 1.19, 0.843
Cyan35, 1, 0, 1.015, 0.292, 1, 0, 1, 0.832, 0.195
Cyan36, 1, 0.004, 2.539, 0.445, 1, 0, 1, 0.53, 0.497
Cyan37, 1, 0.005, 1.467, 0.171, 1, 0, 1, 0.988, 0.041
Cyan38, 1, 0, 0.926, 0.178, 1, 0, 1, 0.996, 0.032
Cyan4, 1, 0, 0.291, 0.164, 1, 0, 1, 0.163, 0.879
Cyan40, 1, 0, 0.911, 0.332, 1, 0, 1, 0.418, 0.611
Cyan41, 1, 0, 0.351, 0.047, 1, 0, 1, 1, 0.025
Cyan42, 1, 0, 0.055, 0.052, 1, 0, 1, 1, 0.032
Cyan43, 2, 0.006, 1.398, 0.321, 1, 0, 2, 0.48, 1.535
Cyan44, 3, 0, 0.06, 0.051, 1, 0, 3, 2.995, 0.028
Cyan45, 3, 0.002, 0.065, 0.312, 1, 0, 3, 1.923, 1.1
Cyan46, 1, 0, 0.592, 0.059, 1, 0, 1, 0.204, 0.827
Cyan47, 3, 0, 0.067, 0.059, 1, 0, 3, 2.996, 0.035
Cyan7, 1, 0, 0.06, 0.054, 1, 0, 1, 1, 0.028
Cyan8, 1, 0.01, 0.113, 0.67, 1, 0, 1, 0.953, 0.077
Cyan9, 1, 0.004, 0.281, 0.43, 1, 0, 1, 0.167, 0.865
DTU0X1, 0, 0, 1.349, 0.164, 0, 0, 0, 0, 0.032
Defe1, 1, 0, 0.076, 0.08, 1, 0, 1, 0.962, 0.061
Defe2, 1, 0, 0.056, 0.053, 1, 0, 1, 1, 0.03
Defe3, 1, 0.001, 0.065, 0.142, 1, 0, 1, 0.999, 0.038
Dein1, 1, 0, 1.039, 0.045, 1, 0, 1, 0.95, 0.08
Dein2, 1, 0, 0.123, 0.048, 1, 0, 1, 0.983, 0.039
Dein3, 1, 0, 0.061, 0.062, 1, 0, 1, 1, 0.043
Dein4, 1, 0, 0.046, 0.049, 1, 0, 1, 1, 0.03
Dein5, 1, 0, 0.99, 0.037, 1, 0, 1, 0.994, 0.031
Dein6, 1, 0, 0.038, 0.03, 1, 0, 1, 0.999, 0.022
Dein7, 1, 0, 0.04, 0.033, 1, 0, 1, 1, 0.022
Desa1, 1, 0.005, 1.882, 0.51, 1, 0, 1, 0.962, 0.073
DesuB1, 1, 0, 0.714, 0.058, 1, 0, 1, 0.86, 0.178
DesuB2, 1, 0.004, 0.612, 0.343, 1, 0, 1, 0.956, 0.072
DesuB3, 3, 0.002, 0.054, 0.06, 1, 0, 3, 2.928, 0.096
DesuB4, 2, 0.001, 0.988, 0.09, 1, 0, 2, 1.998, 0.031
DesuC1, 1, 0, 0.087, 0.092, 1, 0, 1, 0.998, 0.037
DesuC2, 1, 0, 0.079, 0.069, 1, 0, 1, 0.998, 0.029
DesuD1, 1, 0, 0.195, 0.142, 1, 0, 1, 0.999, 0.027
DesuD2, 1, 0, 0.191, 0.146, 1, 0, 1, 0.999, 0.023
Desua1, 2, 0.009, 0.068, 0.536, 1, 0, 2, 0.273, 1.764
Desua10, 1, 0, 0.738, 0.185, 1, 0, 1, 1, 0.035
Desua11, 2, 0.006, 1.056, 0.526, 1, 0, 2, 0.631, 1.398
Desua12, 1, 0.006, 0.307, 0.297, 1, 0, 1, 0.968, 0.057
Desua13, 1, 0.001, 1.664, 0.459, 1, 0, 1, 0.14, 0.893
Desua14, 2, 0.006, 1.05, 0.676, 1, 0, 2, 0.941, 1.085
Desua15, 0, 0, 0.059, 0.064, 0, 0, 0, 0, 0.035
Desua16, 0, 0, 0.05, 0.052, 0, 0, 0, 0, 0.026
Desua17, 0, 0, 0.053, 0.05, 0, 0, 0, 0, 0.024
Desua18, 0, 0, 0.078, 0.063, 0, 0, 0, 0, 0.032
Desua19, 1, 0.001, 1.23, 0.326, 1, 0, 1, 0.677, 0.346
Desua2, 1, 0.001, 0.676, 0.172, 1, 0, 1, 0.993, 0.044
Desua20, 0, 0, 0.292, 0.181, 0, 0, 0, 0, 0.033
Desua21, 1, 0, 0.066, 0.058, 1, 0, 1, 0.996, 0.037
Desua22, 0, 0, 1.133, 0.4, 0, 0, 0, 0, 0.034
Desua23, 1, 0.002, 0.145, 0.257, 1, 0, 1, 0.991, 0.044
Desua24, 0, 0.001, 0.083, 0.07, 0, 0, 0, 0, 0.037
Desua25, 1, 0.004, 0.315, 0.185, 1, 0, 1, 0.966, 0.065
Desua26, 3, 0.004, 0.817, 0.479, 1, 0, 3, 1.171, 1.852
Desua27, 1, 0, 0.689, 0.175, 1, 0, 1, 0.995, 0.037
Desua28, 1, 0.001, 0.121, 0.097, 1, 0, 1, 1, 0.026
Desua29, 2, 0, 1.035, 0.039, 1, 0, 2, 1.859, 0.164
Desua3, 0, 0, 0.167, 0.095, 0, 0, 0, 0, 0.033
Desua30, 2, 0.009, 1.239, 0.881, 1, 0, 2, 0.76, 1.269
Desua31, 1, 0.002, 0.047, 0.304, 1, 0, 1, 0.874, 0.148
Desua32, 1, 0, 0.231, 0.073, 1, 0, 1, 1, 0.032
Desua33, 3, 0.999, 0.105, 0.077, 1, 0, 3, 1, 0.038
Desua34, 0, 0, 0.315, 0.077, 0, 0, 0, 0, 0.02
Desua35, 1, 0, 0.125, 0.106, 1, 0, 1, 1, 0.031
Desua36, 1, 0, 0.056, 0.056, 1, 0, 1, 1, 0.035
Desua37, 2, 0.012, 0.081, 1.042, 1, 0, 2, 1.983, 0.026
Desua38, 1, 0, 0.044, 0.036, 1, 0, 1, 0.999, 0.023
Desua39, 1, 0.001, 0.139, 0.09, 1, 0, 1, 1, 0.025
Desua4, 0, 0, 1.219, 0.123, 0, 0, 0, 0, 0.061
Desua40, 0, 0, 0.929, 0.267, 0, 0, 0, 0, 0.032
Desua41, 1, 0.002, 1.864, 0.212, 1, 0, 1, 0.997, 0.024
Desua42, 1, 0.006, 0.35, 0.518, 1, 0, 1, 0.993, 0.037
Desua43, 1, 0, 0.338, 0.109, 1, 0, 1, 0.996, 0.034
Desua44, 1, 0.004, 0.646, 0.547, 1, 0, 1, 0.277, 0.745
Desua45, 0, 0, 0.259, 0.116, 0, 0, 0, 0, 0.039
Desua46, 1, 0.004, 1.034, 0.373, 1, 0, 1, 0.244, 0.784
Desua47, 2, 0, 0.898, 0.033, 1, 0, 2, 1.991, 0.027
Desua48, 2, 0, 0.097, 0.067, 1, 0, 2, 1.997, 0.029
Desua49, 1, 0, 0.058, 0.055, 1, 0, 1, 1, 0.029
Desua5, 3, 0.003, 0.316, 0.723, 1, 0, 3, 0.966, 2.071
Desua50, 1, 0, 0.881, 0.308, 1, 0, 1, 0.845, 0.183
Desua51, 2, 0.003, 0.344, 0.321, 1, 0, 2, 1.147, 0.874
Desua52, 2, 0.004, 0.073, 0.406, 1, 0, 2, 1.266, 0.765
Desua53, 1, 0.005, 1.221, 0.513, 1, 0, 1, 0.285, 0.749
Desua54, 1, 0.002, 0.714, 0.153, 1, 0, 1, 0.806, 0.214
Desua6, 2, 0.001, 0.909, 0.083, 1, 0, 2, 1.907, 0.128
Desua7, 3, 0.005, 0.676, 0.392, 1, 0, 3, 2.142, 0.891
Desua8, 4, 0.012, 0.187, 1.378, 1, 0, 4, 1.478, 2.544
Desua9, 0, 0, 0.065, 0.07, 0, 0, 0, 0, 0.036
Dict1, 1, 0.005, 0.123, 0.462, 1, 0, 1, 0.675, 0.361
Dorm1, 0, 0, 0.061, 0.057, 0, 0, 0, 0, 0.038
Dorm2, 0, 0, 0.048, 0.049, 0, 0, 0, 0, 0.025
Dorm3, 0, 0, 0.065, 0.063, 0, 0, 0, 0, 0.028
Dorm4, 0, 0, 0.04, 0.036, 0, 0, 0, 0, 0.017
Dorm5, 0, 0, 0.056, 0.053, 0, 0, 0, 0, 0.034
Edwa1, 0, 0, 0.058, 0.054, 0, 0, 0, 0, 0.04
Eise1, 1, 0.012, 1.048, 0.904, 1, 0, 1, 0.537, 0.483
Eise2, 1, 0, 0.605, 0.268, 1, 0, 1, 0.98, 0.052
Eise3, 1, 0.003, 1.044, 0.406, 1, 0, 1, 0.445, 0.589
Eise4, 1, 0, 0.495, 0.195, 1, 0, 1, 0.978, 0.043
Elus1, 1, 0.002, 0.977, 0.257, 1, 0, 1, 0.794, 0.24
Elus10, 1, 0.003, 0.244, 0.189, 1, 0, 1, 0.212, 0.814
Elus2, 0, 0, 0.913, 0.163, 0, 0, 0, 0, 0.035
Elus3, 1, 0.002, 0.141, 0.271, 1, 0, 1, 0.256, 0.773
Elus4, 0, 0, 0.1, 0.067, 0, 0, 0, 0, 0.046
Elus5, 1, 0.003, 0.06, 0.201, 1, 0, 1, 0.849, 0.179
Elus6, 1, 0, 0.283, 0.087, 1, 0, 1, 0.181, 0.844
Elus7, 1, 0.007, 0.11, 0.422, 1, 0, 1, 0.003, 1.037
Elus8, 1, 0.004, 0.258, 0.237, 1, 0, 1, 0.22, 0.815
Elus9, 1, 0.003, 0.258, 0.154, 1, 0, 1, 0.193, 0.828
Erem2, 1, 0, 0.424, 0.209, 1, 0, 1, 0.013, 1.025
Erem3, 2, 0, 0.081, 0.188, 1, 0, 2, 1.138, 0.887
Erem4, 0, 0, 1.004, 0.055, 0, 0, 0, 0, 0.035
Erem5, 1, 0, 0.053, 0.054, 1, 0, 1, 0.945, 0.084
Erem6, 1, 0, 0.122, 0.093, 1, 0, 1, 0.995, 0.035
FCPU1, 1, 0.001, 0.115, 0.087, 1, 0, 1, 0.998, 0.031
FCPU2, 1, 0, 0.113, 0.075, 1, 0, 1, 0.999, 0.03
Ferm1, 0, 0, 0.24, 0.1, 0, 0, 0, 0, 0.034
Fibr1, 0, 0, 0.88, 0.378, 0, 0, 0, 0, 0.034
Fibr2, 1, 0, 0.911, 0.355, 1, 0, 1, 0.132, 0.905
Fibr3, 2, 0.011, 0.338, 0.688, 1, 0, 2, 0.634, 1.402
Fibr4, 2, 0.971, 0.224, 0.876, 1, 0, 2, 0.086, 0.247
Fibr5, 5, 2.003, 0.081, 0.63, 1, 0, 5, 0.792, 2.232
Fibr6, 3, 0.009, 0.789, 1.048, 1, 0, 3, 0.572, 2.466
Fire1, 1, 0.002, 1.431, 0.64, 1, 0, 1, 0.675, 0.367
FirmA1, 1, 0.01, 0.236, 0.483, 1, 0, 1, 0.729, 0.307
FirmA10, 1, 0.011, 0.334, 0.544, 1, 0, 1, 0.983, 0.048
FirmA100, 0, 0.001, 0.23, 0.05, 0, 0, 0, 0, 0.023
FirmA101, 1, 0, 0.646, 0.241, 1, 0, 1, 0.895, 0.122
FirmA102, 2, 0.002, 0.104, 0.424, 1, 0, 2, 1.745, 0.277
FirmA103, 1, 0.001, 0.314, 0.229, 1, 0, 1, 0.246, 0.78
FirmA104, 1, 0.006, 0.21, 0.601, 1, 0, 1, 0.185, 0.851
FirmA105, 1, 0, 0.085, 0.092, 1, 0, 1, 0.922, 0.105
FirmA106, 1, 0.004, 0.327, 0.391, 1, 0, 1, 0.992, 0.02
FirmA107, 2, 0.003, 0.048, 0.151, 1, 0, 2, 0.37, 1.654
FirmA108, 1, 0.001, 0.452, 0.151, 1, 0, 1, 0.777, 0.249
FirmA109, 1, 0.001, 0.889, 0.319, 1, 0, 1, 0.194, 0.839
FirmA11, 1, 0.006, 1.658, 0.631, 1, 0, 1, 0.15, 0.88
FirmA110, 1, 0.002, 0.051, 0.349, 1, 0, 1, 0.887, 0.14
FirmA111, 1, 0.001, 1.956, 0.584, 1, 0, 1, 0.639, 0.395
FirmA112, 2, 0.005, 0.478, 0.856, 1, 0, 2, 1.84, 0.185
FirmA113, 0, 0.001, 0.177, 0.097, 0, 0, 0, 0, 0.04
FirmA114, 1, 0, 0.133, 0.08, 1, 0, 1, 1, 0.024
FirmA12, 1, 0.003, 1.167, 0.749, 1, 0, 1, 0.245, 0.78
FirmA14, 1, 0.011, 0.079, 0.657, 1, 0, 1, 0.098, 0.932
FirmA16, 2, 0.013, 1.192, 1.318, 1, 0, 2, 1.066, 0.955
FirmA18, 0, 0, 0.569, 0.264, 0, 0, 0, 0, 0.036
FirmA19, 2, 0.001, 0.321, 0.128, 1, 0, 2, 0.251, 1.778
FirmA2, 1, 0.006, 2.122, 0.68, 1, 0, 1, 0.755, 0.284
FirmA20, 1, 0, 0.045, 0.126, 1, 0, 1, 0.196, 0.839
FirmA21, 1, 0.01, 0.346, 0.74, 1, 0, 1, 0.611, 0.406
FirmA24, 1, 0.002, 0.248, 0.217, 1, 0, 1, 0.222, 0.829
FirmA25, 1, 0, 0.266, 0.145, 1, 0, 1, 0.143, 0.894
FirmA26, 5, 0.019, 0.243, 1.814, 1, 0, 5, 1.944, 3.088
FirmA27, 1, 0.013, 0.131, 1.084, 1, 0, 1, 0.985, 0.034
FirmA28, 1, 0, 0.171, 0.09, 1, 0, 1, 0.992, 0.041
FirmA29, 0, 0, 0.151, 0.121, 0, 0, 0, 0, 0.042
FirmA30, 1, 0.003, 0.31, 0.203, 1, 0, 1, 0.992, 0.034
FirmA31, 1, 0.001, 0.126, 0.112, 1, 0, 1, 0.828, 0.201
FirmA32, 1, 0, 0.956, 0.329, 1, 0, 1, 0.265, 0.773
FirmA33, 1, 0.005, 0.083, 0.468, 1, 0, 1, 0.167, 0.868
FirmA34, 2, 0.006, 0.127, 0.394, 1, 0, 2, 1.233, 0.803
FirmA35, 1, 0, 0.051, 0.044, 1, 0, 1, 1, 0.024
FirmA36, 1, 0, 1.107, 0.356, 1, 0, 1, 0.113, 0.925
FirmA37, 1, 0.013, 0.429, 1.031, 1, 0, 1, 0.294, 0.721
FirmA38, 2, 0.017, 0.368, 0.98, 1, 0, 2, 0.854, 1.168
FirmA39, 2, 0.002, 0.272, 0.512, 1, 0, 2, 1.186, 0.843
FirmA40, 1, 0.001, 0.727, 0.351, 1, 0, 1, 0.272, 0.759
FirmA41, 1, 0, 2.087, 0.753, 1, 0, 1, 0.082, 0.951
FirmA42, 0, 0, 0.122, 0.058, 0, 0, 0, 0, 0.03
FirmA43, 2, 0.009, 0.25, 0.483, 1, 0, 2, 1.215, 0.814
FirmA44, 1, 0, 1.124, 0.383, 1, 0, 1, 0.924, 0.104
FirmA45, 2, 0.016, 0.375, 0.86, 1, 0, 2, 0.637, 1.392
FirmA46, 2, 0.039, 0.43, 2.055, 1, 0, 2, 0.269, 1.746
FirmA47, 1, 0.02, 0.187, 0.686, 1, 0, 1, 0.769, 0.237
FirmA48, 1, 0.004, 0.759, 0.413, 1, 0, 1, 0.627, 0.4
FirmA49, 0, 0, 1.059, 0.154, 0, 0, 0, 0, 0.041
FirmA5, 1, 0.002, 0.918, 0.23, 1, 0, 1, 0.158, 0.87
FirmA50, 1, 0, 0.067, 0.061, 1, 0, 1, 0.999, 0.024
FirmA51, 0, 0, 0.145, 0.1, 0, 0, 0, 0, 0.036
FirmA52, 0, 0, 0.424, 0.083, 0, 0, 0, 0, 0.033
FirmA53, 1, 0, 0.052, 0.044, 1, 0, 1, 1, 0.025
FirmA54, 2, 0, 0.058, 0.073, 1, 0, 2, 1.201, 0.834
FirmA55, 1, 0.005, 0.276, 0.346, 1, 0, 1, 0.804, 0.227
FirmA56, 1, 0.004, 0.223, 0.313, 1, 0, 1, 0.185, 0.847
FirmA57, 1, 0.038, 0.365, 2.159, 1, 0, 1, 0.943, 0.05
FirmA58, 1, 0.003, 1.07, 0.839, 1, 0, 1, 0.164, 0.871
FirmA59, 2, 0.006, 0.692, 0.689, 1, 0, 2, 0.699, 1.331
FirmA6, 1, 0.009, 0.191, 0.56, 1, 0, 1, 0.856, 0.172
FirmA60, 1, 0, 0.125, 0.109, 1, 0, 1, 1, 0.036
FirmA61, 2, 0.003, 1.04, 0.417, 1, 0, 2, 1.924, 0.102
FirmA62, 1, 0.002, 0.927, 0.523, 1, 0, 1, 0.117, 0.915
FirmA63, 1, 0.008, 0.434, 0.421, 1, 0, 1, 0.334, 0.7
FirmA64, 0, 0, 0.233, 0.11, 0, 0, 0, 0, 0.023
FirmA65, 3, 0.004, 0.212, 0.708, 1, 0, 3, 0.867, 2.162
FirmA66, 1, 0, 1.982, 0.407, 1, 0, 1, 0.987, 0.047
FirmA67, 2, 0.015, 0.491, 1.022, 1, 0, 2, 0.297, 1.729
FirmA68, 1, 0.001, 0.272, 0.18, 1, 0, 1, 0.87, 0.156
FirmA69, 2, 0.006, 1.006, 0.358, 1, 0, 2, 1.435, 0.596
FirmA7, 1, 0, 0.254, 0.133, 1, 0, 1, 0.942, 0.09
FirmA70, 1, 0, 0.082, 0.079, 1, 0, 1, 0.998, 0.039
FirmA71, 1, 0.001, 0.117, 0.091, 1, 0, 1, 0.998, 0.032
FirmA72, 2, 0.009, 1.182, 1.037, 1, 0, 2, 1.189, 0.832
FirmA73, 2, 0.008, 1.239, 1.095, 1, 0, 2, 1.136, 0.89
FirmA74, 1, 0, 0.12, 0.097, 1, 0, 1, 1, 0.031
FirmA75, 1, 0.001, 0.216, 0.145, 1, 0, 1, 0.897, 0.132
FirmA76, 1, 0, 0.847, 0.422, 1, 0, 1, 1, 0.022
FirmA77, 2, 0.005, 0.878, 0.815, 1, 0, 2, 0.502, 1.53
FirmA78, 1, 0.005, 0.267, 0.324, 1, 0, 1, 0.108, 0.909
FirmA79, 2, 0.01, 0.369, 0.605, 1, 0, 2, 0.409, 1.612
FirmA8, 0, 0.001, 0.477, 0.231, 0, 0, 0, 0, 0.059
FirmA80, 1, 0.006, 1.283, 0.439, 1, 0, 1, 0.072, 0.959
FirmA81, 1, 0.002, 0.303, 0.323, 1, 0, 1, 0.268, 0.759
FirmA83, 1, 0.002, 0.119, 0.219, 1, 0, 1, 0.94, 0.099
FirmA84, 1, 0.002, 0.387, 0.27, 1, 0, 1, 0.247, 0.78
FirmA85, 3, 0.004, 1.048, 0.616, 1, 0, 3, 1.987, 1.044
FirmA86, 2, 0, 1.013, 0.087, 1, 0, 2, 1.983, 0.052
FirmA87, 2, 0.028, 0.164, 1.39, 1, 0, 2, 1.138, 0.863
FirmA88, 1, 0, 0.683, 0.042, 1, 0, 1, 0.869, 0.159
FirmA89, 0, 0.001, 0.937, 0.354, 0, 0, 0, 0, 0.027
FirmA9, 1, 0.004, 0.363, 0.356, 1, 0, 1, 0.29, 0.754
FirmA90, 2, 0.006, 1.187, 0.92, 1, 0, 2, 1.132, 0.893
FirmA91, 2, 0.014, 1.036, 1.46, 1, 0, 2, 0.398, 1.635
FirmA92, 1, 0, 0.257, 0.069, 1, 0, 1, 1, 0.033
FirmA93, 2, 0.004, 0.314, 0.497, 1, 0, 2, 1.095, 0.926
FirmA94, 1, 0, 0.94, 0.086, 1, 0, 1, 0.174, 0.857
FirmA95, 1, 0.002, 0.282, 0.445, 1, 0, 1, 0.8, 0.231
FirmA96, 1, 0.013, 0.472, 0.649, 1, 0, 1, 0.951, 0.072
FirmA97, 1, 0.005, 0.467, 0.651, 1, 0, 1, 0.143, 0.882
FirmA98, 1, 0, 0.134, 0.091, 1, 0, 1, 1, 0.025
FirmA99, 5, 2.436, 0.245, 4.502, 1, 0, 5, 1.428, 0.718
FirmB1, 2, 0, 0.422, 0.171, 1, 0, 2, 1.969, 0.058
FirmB10, 2, 0.002, 0.219, 0.347, 1, 0, 2, 1.98, 0.048
FirmB11, 3, 0.005, 0.457, 0.706, 1, 0, 3, 0.631, 2.39
FirmB12, 4, 0.078, 0.294, 1.32, 1, 0, 4, 2.213, 1.678
FirmB13, 1, 0, 0.083, 0.068, 1, 0, 1, 0.998, 0.028
FirmB14, 3, 0.012, 0.385, 0.7, 1, 0, 3, 1.763, 1.267
FirmB15, 2, 0, 0.05, 0.052, 1, 0, 2, 1.974, 0.06
FirmB16, 1, 0.011, 0.094, 0.31, 1, 0, 1, 0.987, 0.028
FirmB17, 1, 0, 1.013, 0.04, 1, 0, 1, 1, 0.023
FirmB2, 1, 0.009, 0.826, 0.506, 1, 0, 1, 0.259, 0.755
FirmB3, 2, 0.016, 0.911, 1.642, 1, 0, 2, 1.232, 0.789
FirmB4, 3, 0.001, 1.039, 0.264, 1, 0, 3, 2.034, 0.988
FirmB5, 2, 0.011, 0.393, 0.592, 1, 0, 2, 0.628, 1.395
FirmB6, 2, 0, 0.353, 0.122, 1, 0, 2, 1.849, 0.184
FirmB7, 1, 0.005, 1.924, 0.138, 1, 0, 1, 0.277, 0.75
FirmB8, 1, 0.004, 0.756, 0.443, 1, 0, 1, 0.269, 0.765
FirmB9, 2, 0, 0.214, 0.072, 1, 0, 2, 1.987, 0.045
FirmC1, 2, 0.004, 1.844, 0.455, 1, 0, 2, 1.159, 0.869
FirmC10, 1, 0, 1.114, 0.496, 1, 0, 1, 0.187, 0.852
FirmC11, 2, 0.001, 0.388, 0.206, 1, 0, 2, 1.985, 0.047
FirmC12, 1, 0, 0.047, 0.043, 1, 0, 1, 0.995, 0.022
FirmC13, 3, 0.985, 0.073, 0.546, 1, 0, 3, 0.829, 1.02
FirmC14, 1, 0.001, 0.301, 0.448, 1, 0, 1, 0.993, 0.038
FirmC15, 1, 0, 0.058, 0.047, 1, 0, 1, 0.995, 0.033
FirmC16, 2, 0.005, 1.095, 0.299, 1, 0, 2, 1.29, 0.736
FirmC17, 1, 0, 1.082, 0.25, 1, 0, 1, 0.01, 1.014
FirmC18, 2, 0.006, 0.112, 0.369, 1, 0, 2, 1.446, 0.585
FirmC19, 2, 0.005, 0.555, 0.373, 1, 0, 2, 0.239, 1.782
FirmC3, 1, 0.002, 2.036, 0.175, 1, 0, 1, 0.335, 0.694
FirmC4, 2, 0.004, 1.218, 0.401, 1, 0, 2, 1.773, 0.243
FirmC5, 5, 0.356, 0.591, 0.967, 1, 0, 5, 0.874, 3.772
FirmC6, 1, 0, 1.402, 0.241, 1, 0, 1, 0.981, 0.048
FirmC7, 2, 0, 1.109, 0.068, 1, 0, 2, 1.983, 0.042
FirmC8, 2, 0, 0.333, 0.113, 1, 0, 2, 1.976, 0.057
FirmC9, 1, 0.001, 1.263, 0.09, 1, 0, 1, 0.992, 0.033
FirmD1, 2, 0.007, 1.421, 0.949, 1, 0, 2, 1.02, 1.018
FirmD2, 3, 0.005, 1.098, 0.712, 1, 0, 3, 1.909, 1.121
FirmD3, 2, 0.003, 2.06, 0.632, 1, 0, 2, 0.959, 1.085
FirmD4, 1, 0.005, 2.743, 0.741, 1, 0, 1, 0.458, 0.565
FirmE1, 1, 0.002, 0.296, 0.188, 1, 0, 1, 0.997, 0.048
FirmE2, 2, 0.002, 0.287, 0.149, 1, 0, 2, 1.236, 0.791
FirmE3, 1, 0, 0.607, 0.264, 1, 0, 1, 0.452, 0.596
FirmE4, 1, 0.002, 0.337, 0.364, 1, 0, 1, 0.213, 0.83
FirmE5, 3, 0.015, 0.518, 0.85, 1, 0, 3, 0.53, 2.492
FirmE6, 1, 0.003, 0.291, 0.42, 1, 0, 1, 0.249, 0.783
FirmE7, 1, 0, 0.036, 0.03, 1, 0, 1, 1, 0.019
FirmE8, 1, 0, 0.047, 0.051, 1, 0, 1, 1, 0.03
FirmF1, 1, 0.007, 0.215, 0.429, 1, 0, 1, 0.303, 0.735
FirmF2, 4, 0.863, 0.091, 0.376, 1, 0, 4, 1.508, 0.851
FirmF3, 1, 0.001, 1.4, 0.198, 1, 0, 1, 0.994, 0.022
FirmG1, 1, 0.004, 0.334, 0.345, 1, 0, 1, 0.728, 0.31
FirmG2, 3, 0.994, 0.834, 0.532, 1, 0, 3, 0.235, 1.567
FirmG3, 1, 0.006, 0.733, 0.835, 1, 0, 1, 0.185, 0.867
FirmG4, 1, 0.003, 0.761, 0.518, 1, 0, 1, 0.087, 0.944
FirmG5, 1, 0.014, 0.868, 0.622, 1, 0, 1, 0.211, 0.834
FirmG6, 1, 0.016, 0.269, 0.753, 1, 0, 1, 0.635, 0.393
Firms1, 0, 0, 0.456, 0.18, 0, 0, 0, 0, 0.047
Firms10, 1, 0, 0.077, 0.084, 1, 0, 1, 0.361, 0.668
Firms11, 2, 0, 0.378, 0.05, 1, 0, 2, 1.832, 0.195
Firms12, 2, 0.003, 0.362, 0.228, 1, 0, 2, 1.103, 0.922
Firms13, 1, 0.005, 0.383, 0.338, 1, 0, 1, 0.321, 0.707
Firms15, 2, 0.002, 0.075, 0.214, 1, 0, 2, 1.778, 0.252
Firms16, 1, 0.002, 1.099, 0.128, 1, 0, 1, 0.993, 0.033
Firms17, 2, 0.011, 0.441, 1.388, 1, 0, 2, 1.771, 0.247
Firms18, 1, 0.001, 0.046, 0.293, 1, 0, 1, 0.224, 0.802
Firms2, 1, 0.015, 0.346, 0.404, 1, 0, 1, 0.149, 0.878
Firms20, 1, 0, 0.044, 0.037, 1, 0, 1, 1, 0.026
Firms21, 1, 0, 1.115, 0.07, 1, 0, 1, 0.996, 0.042
Firms22, 3, 0, 0.888, 0.136, 1, 0, 3, 1.368, 1.655
Firms23, 0, 0.001, 0.274, 0.086, 0, 0, 0, 0, 0.03
Firms24, 2, 0.005, 0.062, 0.432, 1, 0, 2, 1.229, 0.795
Firms25, 1, 0, 0.213, 0.077, 1, 0, 1, 0.959, 0.064
Firms26, 1, 0, 0.29, 0.104, 1, 0, 1, 1, 0.028
Firms27, 2, 0.001, 0.622, 0.049, 1, 0, 2, 1.635, 0.388
Firms28, 1, 0.005, 0.152, 0.337, 1, 0, 1, 0.306, 0.726
Firms29, 1, 0, 0.044, 0.045, 1, 0, 1, 1, 0.026
Firms3, 1, 0, 0.789, 0.082, 1, 0, 1, 0.999, 0.034
Firms30, 1, 0, 0.098, 0.169, 1, 0, 1, 0.208, 0.826
Firms31, 1, 0, 0.251, 0.068, 1, 0, 1, 0.056, 0.979
Firms32, 1, 0.001, 1.004, 0.107, 1, 0, 1, 0.174, 0.854
Firms33, 1, 0, 0.122, 0.074, 1, 0, 1, 0.966, 0.064
Firms4, 1, 0.003, 1.231, 0.505, 1, 0, 1, 0.369, 0.654
Firms5, 2, 0.008, 0.585, 0.923, 1, 0, 2, 1.514, 0.506
Firms6, 1, 0, 1.013, 0.164, 1, 0, 1, 0.986, 0.06
Firms7, 1, 0.002, 1.892, 0.422, 1, 0, 1, 0.141, 0.893
Firms8, 1, 0.002, 1.083, 0.637, 1, 0, 1, 0.316, 0.722
Firms9, 2, 0, 0.174, 0.105, 1, 0, 2, 1.079, 0.952
Fuso2, 0, 0, 0.426, 0.279, 0, 0, 0, 0, 0.033
Gemm2, 1, 0, 0.042, 0.048, 1, 0, 1, 0.999, 0.025
Gemm3, 0, 0, 0.045, 0.048, 0, 0, 0, 0, 0.035
Gemm4, 1, 0, 0.033, 0.029, 1, 0, 1, 0.999, 0.016
Gemm5, 0, 0, 0.084, 0.078, 0, 0, 0, 0, 0.038
Gemm6, 0, 0, 0.037, 0.039, 0, 0, 0, 0, 0.027
Gemm7, 0, 0, 0.082, 0.054, 0, 0, 0, 0, 0.023
Gemm8, 1, 0.003, 0.062, 0.302, 1, 0, 1, 0.179, 0.856
Gemm9, 0, 0, 0.065, 0.058, 0, 0, 0, 0, 0.032
GemmA1, 0, 0, 0.211, 0.135, 0, 0, 0, 0, 0.046
Gold1, 3, 0.012, 0.061, 0.583, 1, 0, 3, 1.68, 1.343
Gold2, 1, 0, 0.733, 0.194, 1, 0, 1, 1, 0.027
Hydr1, 1, 0, 0.101, 0.084, 1, 0, 1, 0.999, 0.042
Hydr2, 1, 0, 0.085, 0.063, 1, 0, 1, 0.999, 0.026
J088X1, 1, 0.009, 1.174, 0.781, 1, 0, 1, 0.013, 1.041
KSB1X1, 1, 0.005, 0.044, 0.327, 1, 0, 1, 0.202, 0.828
KSB1X2, 0, 0, 0.054, 0.055, 0, 0, 0, 0, 0.037
KSB1X3, 0, 0, 0.246, 0.102, 0, 0, 0, 0, 0.035
KSB1X4, 0, 0, 0.051, 0.048, 0, 0, 0, 0, 0.034
Krum1, 1, 0.007, 0.055, 0.422, 1, 0, 1, 0.186, 0.842
Late1, 2, 0.001, 1.019, 0.091, 1, 0, 2, 1.999, 0.038
Late2, 0, 0, 0.724, 0.207, 0, 0, 0, 0, 0.042
Late3, 3, 0.001, 0.066, 0.054, 1, 0, 3, 2.94, 0.085
Lind1, 1, 0, 0.331, 0.147, 1, 0, 1, 1, 0.028
Lind2, 2, 0.001, 0.179, 0.172, 1, 0, 2, 1.15, 0.875
Lind4, 1, 0.01, 1.144, 1.108, 1, 0, 1, 0.847, 0.185
Marg1, 1, 0.001, 0.192, 0.182, 1, 0, 1, 0.131, 0.901
Marg2, 1, 0.001, 0.31, 0.17, 1, 0, 1, 0.188, 0.849
Marg6, 1, 0, 0.222, 0.229, 1, 0, 1, 0.116, 0.932
Marg7, 1, 0.002, 0.281, 0.212, 1, 0, 1, 0.213, 0.819
Mari1, 1, 0.001, 0.24, 0.121, 1, 0, 1, 0.164, 0.867
Mari2, 0, 0, 0.053, 0.059, 0, 0, 0, 0, 0.044
Mari3, 0, 0, 0.037, 0.036, 0, 0, 0, 0, 0.028
Mari5, 0, 0, 0.143, 0.071, 0, 0, 0, 0, 0.036
Mari6, 1, 0.001, 0.205, 0.481, 1, 0, 1, 0.188, 0.832
Meth1, 1, 0, 0.355, 0.123, 1, 0, 1, 0.999, 0.057
Meth2, 2, 0.005, 0.08, 0.277, 1, 0, 2, 1.249, 0.777
Meth3, 1, 0, 0.051, 0.056, 1, 0, 1, 1, 0.03
Meth4, 1, 0, 0.047, 0.043, 1, 0, 1, 1, 0.026
Meth5, 1, 0, 0.092, 0.067, 1, 0, 1, 1, 0.032
Muir1, 1, 0.006, 0.079, 0.398, 1, 0, 1, 0.07, 0.971
MyxA1, 1, 0, 0.113, 0.065, 1, 0, 1, 0.999, 0.036
MyxA2, 1, 0, 0.258, 0.055, 1, 0, 1, 1, 0.027
MyxA3, 2, 0, 0.056, 0.067, 1, 0, 2, 1.205, 0.825
MyxA4, 1, 0.001, 0.143, 0.089, 1, 0, 1, 0.997, 0.037
Myxo1, 2, 0.01, 0.402, 0.8, 1, 0, 2, 0.727, 1.312
Myxo10, 2, 0.004, 1.837, 0.857, 1, 0, 2, 0.556, 1.479
Myxo11, 0, 0, 0.055, 0.052, 0, 0, 0, 0, 0.035
Myxo13, 0, 0, 0.046, 0.047, 0, 0, 0, 0, 0.026
Myxo14, 2, 0.007, 0.088, 0.484, 1, 0, 2, 1.249, 0.783
Myxo15, 1, 0.001, 1.311, 0.428, 1, 0, 1, 1, 0.029
Myxo17, 3, 0.001, 1.083, 0.212, 1, 0, 3, 2.754, 0.28
Myxo18, 3, 0.011, 0.128, 0.688, 1, 0, 3, 2.194, 0.836
Myxo19, 3, 0.136, 1.782, 0.797, 1, 0, 3, 1.922, 0.844
Myxo2, 1, 0.003, 0.824, 0.545, 1, 0, 1, 0.295, 0.741
Myxo3, 2, 0.01, 0.703, 0.689, 1, 0, 2, 0.859, 1.175
Myxo5, 3, 0.001, 0.16, 0.133, 1, 0, 3, 1.544, 1.478
Myxo6, 1, 0, 0.326, 0.131, 1, 0, 1, 1, 0.028
Myxo7, 0, 0, 0.057, 0.054, 0, 0, 0, 0, 0.037
Myxo8, 0, 0, 0.049, 0.047, 0, 0, 0, 0, 0.029
Myxo9, 0, 0, 1.057, 0.229, 0, 0, 0, 0, 0.041
NPL1, 1, 0.009, 0.951, 0.782, 1, 0, 1, 0.678, 0.353
Nitr1, 0, 0, 0.555, 0.253, 0, 0, 0, 0, 0.049
Nitr10, 1, 0, 0.052, 0.043, 1, 0, 1, 1, 0.028
Nitr11, 1, 0.004, 1.193, 0.342, 1, 0, 1, 0.292, 0.741
Nitr12, 1, 0, 0.052, 0.069, 1, 0, 1, 0.179, 0.85
Nitr13, 1, 0, 0.095, 0.06, 1, 0, 1, 0.999, 0.037
Nitr14, 0, 0, 0.227, 0.048, 0, 0, 0, 0, 0.025
Nitr15, 1, 0, 0.084, 0.068, 1, 0, 1, 1, 0.038
Nitr16, 2, 0.785, 0.335, 0.161, 1, 0, 2, 0.378, 0.102
Nitr17, 0, 0, 0.053, 0.055, 0, 0, 0, 0, 0.031
Nitr2, 1, 0, 0.095, 0.048, 1, 0, 1, 1, 0.029
Nitr3, 0, 0, 1.048, 0.046, 0, 0, 0, 0, 0.028
Nitr4, 1, 0, 0.055, 0.041, 1, 0, 1, 0.999, 0.028
Nitr5, 0, 0, 0.055, 0.052, 0, 0, 0, 0, 0.033
Nitr6, 1, 0, 0.053, 0.047, 1, 0, 1, 0.998, 0.029
Nitr7, 1, 0, 1.068, 0.108, 1, 0, 1, 0.188, 0.856
Nitr8, 1, 0.011, 0.501, 0.665, 1, 0, 1, 0.204, 0.822
Nitr9, 1, 0, 0.243, 0.047, 1, 0, 1, 0.999, 0.031
Nits1, 1, 0, 0.069, 0.071, 1, 0, 1, 1, 0.038
Nits2, 2, 0.012, 0.108, 0.813, 1, 0, 2, 1.283, 0.756
Nits3, 1, 0, 0.061, 0.047, 1, 0, 1, 1, 0.03
Nits4, 1, 0.001, 0.372, 0.198, 1, 0, 1, 0.994, 0.031
NitsA1, 1, 0, 0.609, 0.194, 1, 0, 1, 0.999, 0.028
NitsA2, 3, 0.27, 0.113, 0.711, 1, 0, 3, 1.443, 1.262
NitsA3, 0, 0.001, 1.087, 0.077, 0, 0, 0, 0, 0.025
Node_AABM5X1_AABM5X2_0, 0.219, 0, 0.232, 0.127, 0.213, 0, 0.219, 0.06, 0.185
Node_AABM5X1_AABM5X3_0, 0.266, 0.001, 0.049, 0.113, 0.251, 0, 0.266, 0.072, 0.204
Node_Acid11_Acid16_0, 0.92, 0.005, 0.127, 0.215, 0.894, 0, 0.92, 0.905, 0.021
Node_Acid11_Acid31_0, 0.921, 0.004, 0.043, 0.17, 0.902, 0, 0.921, 0.894, 0.04
Node_Acid12_Acid13_0, 1.816, 0.009, 0.047, 0.2, 0.997, 0, 1.816, 1.514, 0.316
Node_Acid1_Acid17_0, 0.358, 0.001, 0.068, 0.095, 0.33, 0, 0.358, 0.094, 0.277
Node_Acid1_Acid3_0, 0.148, 0.002, 0.547, 0.147, 0.143, 0, 0.148, 0.083, 0.075
Node_Acid23_Acid12_0, 1.538, 0.01, 0.065, 0.175, 0.995, 0, 1.538, 1.424, 0.112
Node_Acid29_Acid27_0, 0.982, 0.007, 0.088, 0.826, 0.951, 0, 0.982, 0.939, 0.063
Node_Acid2_Acid11_0, 1.021, 0, 0.773, 0.317, 0.917, 0, 1.021, 1.014, 0.017
Node_Acid2_Acid18_0, 0.098, 0.001, 0.938, 0.22, 0.097, 0, 0.098, 0.092, 0.014
Node_Acid32_Acid25_0, 2.203, 0.006, 0.076, 0.29, 0.99, 0, 2.203, 2.004, 0.208
Node_Acid32_Acid26_0, 1.476, 0.005, 1.236, 0.372, 0.948, 0, 1.476, 0.991, 0.504
Node_Acid34_Acid22_0, 0.352, 0.001, 0.069, 0.038, 0.342, 0, 0.352, 0.34, 0.023
Node_Acid34_Acid24_0, 0.363, 0.001, 0.033, 0.026, 0.354, 0, 0.363, 0.332, 0.043
Node_Acid34_Acid29_0, 1, 0.006, 0.04, 0.044, 0.966, 0, 1, 0.415, 0.599
Node_Acid34_Acid33_0, 0.435, 0, 0.037, 0.031, 0.428, 0, 0.435, 0.347, 0.109
Node_Acid37_Acid21_0, 0.789, 0.003, 1.365, 0.459, 0.697, 0, 0.789, 0.713, 0.086
Node_Acid37_Acid30_0, 0.099, 0.001, 0.738, 0.271, 0.096, 0, 0.099, 0.088, 0.047
Node_Acid37_Acid32_0, 2.065, 0.021, 0.145, 0.817, 0.987, 0, 2.065, 1.851, 0.199
Node_Acid38_Acid10_0, 0.081, 0.001, 0.362, 0.039, 0.078, 0, 0.081, 0.045, 0.045
Node_Acid38_Acid1_0, 0.618, 0.003, 1.182, 0.38, 0.529, 0, 0.618, 0.593, 0.033
Node_Acid38_Acid2_0, 1.777, 0.065, 0.96, 1.075, 0.98, 0, 1.777, 1.547, 0.136
Node_Acid38_Acid34_0, 0.397, 0.001, 0.242, 0.12, 0.383, 0, 0.397, 0.386, 0.02
Node_Acid38_Acid36_0, 1.975, 0.002, 0.122, 0.114, 0.999, 0, 1.975, 1.138, 0.868
Node_Acid38_Acid40_0, 1.227, 0, 0.058, 0.078, 0.957, 0, 1.227, 0.988, 0.271
Node_Acid38_Acid4_0, 0.246, 0.002, 0.033, 0.042, 0.236, 0, 0.246, 0.062, 0.196
Node_Acid38_Acid5_0, 1.764, 0.016, 0.183, 0.683, 0.985, 0, 1.764, 1.596, 0.154
Node_Acid38_Acid7_0, 1.014, 0.006, 0.044, 0.068, 0.954, 0, 1.014, 0.229, 0.806
Node_Acid38_Acid8_0, 2.536, 0.036, 0.196, 1.333, 0.993, 0, 2.536, 2.347, 0.143
Node_Acid38_B130X1_0, 2.553, 0.047, 1.592, 1.659, 0.992, 0, 2.553, 2.452, 0.033
Node_Acid39_Acid35_0, 1.088, 0.008, 0.264, 0.273, 1, 0, 1.088, 0.846, 0.277
Node_Acid3_Acid14_0, 0.017, 0, 0.07, 0.078, 0.017, 0, 0.017, 0.005, 0.053
Node_Acid3_Acid6_0, 0.034, 0, 0.16, 0.076, 0.034, 0, 0.034, 0.02, 0.046
Node_Acid40_Acid20_0, 0.285, 0.001, 1.179, 0.111, 0.282, 0, 0.285, 0.082, 0.236
Node_Acid5_Acid23_0, 1.481, 0.007, 0.55, 0.214, 0.97, 0, 1.481, 1.451, 0.034
Node_Acid5_Acid37_0, 1.99, 0.045, 0.115, 1.057, 0.99, 0, 1.99, 1.645, 0.296
Node_Acid6_Acid28_0, 0.018, 0, 0.062, 0.059, 0.018, 0, 0.018, 0.002, 0.046
Node_Acid8_Acid9_0, 1.741, 0.007, 0.901, 0.758, 0.957, 0, 1.741, 1.646, 0.099
Node_Acid9_Acid39_0, 1.067, 0.009, 0.808, 0.399, 0.852, 0, 1.067, 0.938, 0.125
Node_Acti10_Acti11_0, 0.093, 0, 0.029, 0.036, 0.091, 0, 0.093, 0.069, 0.029
Node_Acti10_Acti25_0, 0.157, 0, 0.019, 0.056, 0.145, 0, 0.157, 0.082, 0.083
Node_Acti10_Acti26_0, 0.093, 0, 0.106, 0.067, 0.09, 0, 0.093, 0.076, 0.029
Node_Acti10_Acti31_0, 0.462, 0.006, 0.041, 0.197, 0.401, 0, 0.462, 0.147, 0.34
Node_Acti10_Acti3_0, 0.293, 0.004, 0.319, 0.147, 0.286, 0, 0.293, 0.07, 0.252
Node_Acti10_Acti7_0, 0.356, 0, 0.36, 0.199, 0.325, 0, 0.356, 0.132, 0.254
Node_Acti11_Acti22_0, 0.02, 0.001, 0.103, 0.06, 0.02, 0, 0.02, 0.008, 0.029
Node_Acti12_Acti21_0, 1.018, 0.004, 0.056, 0.401, 0.994, 0, 1.018, 0.993, 0.043
Node_Acti12_Acti48_0, 1.027, 0.007, 0.069, 0.064, 1, 0, 1.027, 0.989, 0.055
Node_Acti14_Acti33_0, 0.151, 0.003, 0.03, 0.065, 0.147, 0, 0.151, 0.083, 0.078
Node_Acti14_Acti34_0, 0.053, 0, 0.162, 0.093, 0.053, 0, 0.053, 0.024, 0.064
Node_Acti14_Acti6_0, 0.033, 0, 0.068, 0.067, 0.033, 0, 0.033, 0.018, 0.048
Node_Acti18_Acti16_0, 1.02, 0.004, 0.062, 0.244, 0.995, 0, 1.02, 0.155, 0.902
Node_Acti18_Acti4_0, 0.176, 0, 0.094, 0.063, 0.174, 0, 0.176, 0.058, 0.133
Node_Acti19_Acti13_0, 0.682, 0.001, 1.018, 0.067, 0.665, 0, 0.682, 0.591, 0.104
Node_Acti19_Acti23_0, 0.026, 0, 0.697, 0.059, 0.026, 0, 0.026, 0.01, 0.041
Node_Acti19_Acti42_0, 0.529, 0.008, 0.202, 0.205, 0.438, 0, 0.529, 0.266, 0.259
Node_Acti19_Acti49_0, 1.595, 0.001, 0.087, 0.068, 0.992, 0, 1.595, 1.547, 0.053
Node_Acti19_Acti8_0, 1.628, 0.01, 0.149, 0.162, 0.985, 0, 1.628, 0.388, 1.238
Node_Acti33_Acti35_0, 0.31, 0.004, 0.057, 0.143, 0.305, 0, 0.31, 0.129, 0.212
Node_Acti43_Acti36_0, 0.02, 0.001, 0.05, 0.044, 0.02, 0, 0.02, 0.008, 0.039
Node_Acti46_Acti41_0, 0.013, 0, 0.057, 0.039, 0.013, 0, 0.013, 0.004, 0.028
Node_Acti47_Acti45_0, 0.013, 0, 0.039, 0.037, 0.013, 0, 0.013, 0.003, 0.031
Node_Acti49_Acti15_0, 1.02, 0.006, 0.034, 0.035, 1, 0, 1.02, 0.998, 0.032
Node_Acti49_Acti32_0, 1.673, 0, 0.05, 0.045, 1, 0, 1.673, 1.629, 0.069
Node_Acti49_Acti38_0, 1.654, 0.63, 0.045, 0.15, 1, 0, 1.654, 0.374, 0.049
Node_Acti49_Acti40_0, 1.016, 0.001, 0.631, 0.076, 1, 0, 1.016, 0.988, 0.051
Node_Acti50_Acti10_0, 0.17, 0.001, 0.138, 0.114, 0.158, 0, 0.17, 0.148, 0.026
Node_Acti50_Acti14_0, 0.1, 0.001, 0.078, 0.059, 0.098, 0, 0.1, 0.068, 0.04
Node_Acti50_Acti18_0, 0.137, 0.002, 0.094, 0.09, 0.132, 0, 0.137, 0.088, 0.059
Node_Acti50_Acti19_0, 0.464, 0.006, 0.52, 0.372, 0.381, 0, 0.464, 0.372, 0.092
Node_Acti50_Acti20_0, 0.89, 0.021, 0.329, 0.478, 0.689, 0, 0.89, 0.786, 0.077
Node_Acti50_Acti28_0, 0.011, 0, 0.051, 0.05, 0.011, 0, 0.011, 0.002, 0.041
Node_Acti50_Acti39_0, 0.281, 0.003, 0.287, 0.168, 0.252, 0, 0.281, 0.187, 0.101
Node_Acti50_Acti43_0, 0.03, 0, 0.106, 0.041, 0.029, 0, 0.03, 0.009, 0.036
Node_Acti50_Acti46_0, 0.042, 0, 0.037, 0.033, 0.041, 0, 0.042, 0.014, 0.049
Node_Acti50_Acti47_0, 0.021, 0.001, 0.104, 0.047, 0.021, 0, 0.021, 0.007, 0.04
Node_Acti50_Acti51_0, 0.886, 0.018, 0.107, 0.444, 0.682, 0, 0.886, 0.78, 0.085
Node_Acti50_Acti52_0, 0.084, 0, 0.034, 0.044, 0.08, 0, 0.084, 0.025, 0.076
Node_Acti50_FirmF1_0, 1.121, 0.064, 0.31, 0.333, 0.747, 0, 1.121, 0.977, 0.035
Node_Acti51_Acti27_0, 1.263, 0.02, 0.156, 0.605, 0.999, 0, 1.263, 0.696, 0.571
Node_Acti51_Acti9_0, 0.828, 0.014, 0.183, 0.451, 0.682, 0, 0.828, 0.707, 0.111
Node_Acti52_Acti12_0, 1.034, 0.021, 0.041, 0.197, 0.994, 0, 1.034, 0.248, 0.786
Node_Acti52_Acti37_0, 0.268, 0.003, 0.042, 0.084, 0.259, 0, 0.268, 0.066, 0.223
Node_Acti52_Acti44_0, 1.069, 0.009, 0.067, 0.352, 0.992, 0, 1.069, 0.991, 0.093
Node_Acti8_Acti24_0, 1.279, 0.051, 0.36, 0.229, 0.999, 0, 1.279, 0.714, 0.539
Node_Acti8_Acti2_0, 1.628, 0.006, 0.103, 0.355, 0.986, 0, 1.628, 1.54, 0.097
Node_Acti8_Acti5_0, 1.049, 0.028, 0.894, 0.373, 0.777, 0, 1.049, 0.745, 0.287
Node_Acti9_Acti29_0, 0.25, 0.001, 0.339, 0.191, 0.236, 0, 0.25, 0.104, 0.157
Node_Acti9_Acti30_0, 0.431, 0.001, 0.629, 0.408, 0.384, 0, 0.431, 0.216, 0.231
Node_Aero1_NPL1_0, 1.589, 0.009, 0.409, 0.616, 0.98, 0, 1.589, 1.497, 0.083
Node_Aero1_UBA6X1_0, 3.071, 0.253, 1.677, 1.676, 0.997, 0, 3.071, 2.501, 0.107
Node_Aero1_UBA9X1_0, 1.906, 0.317, 1.762, 1.044, 0.969, 0, 1.906, 1.13, 0.28
Node_Aqui2_Aqui1_0, 0.009, 0, 0.056, 0.059, 0.009, 0, 0.009, 0.003, 0.043
Node_Aqui2_Aqui3_0, 0.11, 0, 0.155, 0.146, 0.108, 0, 0.11, 0.098, 0.021
Node_Aqui2_Aqui5_0, 0.022, 0, 0.063, 0.063, 0.021, 0, 0.022, 0.009, 0.041
Node_Aqui2_Aqui6_0, 0.044, 0, 0.101, 0.074, 0.043, 0, 0.044, 0.031, 0.035
Node_Aqui2_Camp1_0, 0.492, 0.01, 0.572, 0.579, 0.413, 0, 0.492, 0.461, 0.027
Node_Aqui2_Thers1_0, 0.244, 0.002, 0.281, 0.236, 0.228, 0, 0.244, 0.215, 0.031
Node_Aqui6_Aqui4_0, 0.016, 0, 0.065, 0.053, 0.016, 0, 0.016, 0.006, 0.037
Node_Arma12_Arma11_0, 0.378, 0.004, 0.313, 0.232, 0.339, 0, 0.378, 0.176, 0.213
Node_Arma12_Arma7_0, 0.521, 0.001, 0.277, 0.206, 0.454, 0, 0.521, 0.119, 0.419
Node_Arma15_Arma13_0, 0.043, 0, 0.233, 0.162, 0.043, 0, 0.043, 0.031, 0.047
Node_Arma4_Acti50_0, 1.332, 0.036, 0.509, 0.485, 0.841, 0, 1.332, 1.241, 0.024
Node_Arma4_Arma12_0, 0.474, 0.007, 0.185, 0.165, 0.392, 0, 0.474, 0.238, 0.237
Node_Arma4_Arma14_0, 1.053, 0.034, 0.169, 0.31, 0.702, 0, 1.053, 0.322, 0.714
Node_Arma4_Arma6_0, 0.415, 0.006, 0.238, 0.117, 0.354, 0, 0.415, 0.204, 0.219
Node_Arma4_CSP1X1_0, 0.29, 0.007, 0.351, 0.186, 0.26, 0, 0.29, 0.241, 0.041
Node_Arma4_Erem6_0, 0.373, 0.009, 0.052, 0.099, 0.318, 0, 0.373, 0.24, 0.126
Node_Arma4_Pate48_0, 0.593, 0.011, 0.766, 0.292, 0.474, 0, 0.593, 0.562, 0.016
Node_Arma4_UBP13X1_0, 0.428, 0.008, 0.122, 0.11, 0.369, 0, 0.428, 0.252, 0.169
Node_Arma6_Arma15_0, 0.229, 0.004, 1.036, 0.161, 0.222, 0, 0.229, 0.051, 0.196
Node_Arma6_Arma16_0, 1.05, 0.006, 0.307, 0.165, 1, 0, 1.05, 1.02, 0.038
Node_Arma6_Arma3_0, 1.313, 0.01, 0.201, 0.19, 0.995, 0, 1.313, 0.226, 1.089
Node_Arma6_Arma9_0, 1.065, 0.001, 0.052, 0.076, 0.999, 0, 1.065, 1.016, 0.066
Node_Aure2_Aure1_0, 0.987, 0.013, 0.828, 0.589, 0.732, 0, 0.987, 0.76, 0.229
Node_Bact1_Bact11_0, 0.031, 0, 0.059, 0.066, 0.03, 0, 0.031, 0.009, 0.054
Node_Bact1_Bact17_0, 0.036, 0, 0.137, 0.074, 0.036, 0, 0.036, 0.021, 0.041
Node_Bact20_Bact1_0, 0.132, 0.001, 0.038, 0.057, 0.127, 0, 0.132, 0.025, 0.131
Node_Bact20_Bact30_0, 0.473, 0.002, 0.051, 0.086, 0.42, 0, 0.473, 0.112, 0.39
Node_Bact21_Bact29_0, 1.287, 0.01, 0.047, 0.069, 1, 0, 1.287, 1.034, 0.256
Node_Bact21_Bact36_0, 1.068, 0.006, 0.032, 0.247, 0.999, 0, 1.068, 0.254, 0.832
Node_Bact21_Bact44_0, 0.262, 0.003, 0.042, 0.088, 0.257, 0, 0.262, 0.076, 0.204
Node_Bact22_Bact31_0, 1.023, 0, 0.042, 0.073, 0.985, 0, 1.023, 0.156, 0.89
Node_Bact22_Bact5_0, 0.175, 0, 0.04, 0.044, 0.17, 0, 0.175, 0.011, 0.189
Node_Bact23_Bact28_0, 1.189, 0.017, 0.069, 0.438, 0.996, 0, 1.189, 0.163, 1.041
Node_Bact23_Bact34_0, 0.2, 0.004, 0.249, 0.117, 0.187, 0, 0.2, 0.054, 0.167
Node_Bact23_Bact4_0, 0.278, 0.001, 0.014, 0.079, 0.267, 0, 0.278, 0.071, 0.214
Node_Bact24_Bact23_0, 0.077, 0.001, 0.023, 0.044, 0.077, 0, 0.077, 0.02, 0.07
Node_Bact24_Bact25_0, 0.016, 0, 0.077, 0.023, 0.016, 0, 0.016, 0.01, 0.016
Node_Bact24_Bact3_0, 0.029, 0.001, 0.027, 0.034, 0.028, 0, 0.029, 0.011, 0.029
Node_Bact24_Bact7_0, 0.026, 0, 0.034, 0.031, 0.026, 0, 0.026, 0.01, 0.024
Node_Bact25_Bact20_0, 0.038, 0.001, 0.027, 0.04, 0.038, 0, 0.038, 0.007, 0.052
Node_Bact25_Bact2_0, 0.012, 0, 0.027, 0.028, 0.012, 0, 0.012, 0.001, 0.023
Node_Bact27_Bact19_0, 0.031, 0.001, 0.099, 0.059, 0.031, 0, 0.031, 0.013, 0.032
Node_Bact27_Bact21_0, 0.097, 0, 0.024, 0.054, 0.093, 0, 0.097, 0.029, 0.083
Node_Bact27_Bact22_0, 0.026, 0, 0.033, 0.025, 0.025, 0, 0.026, 0.01, 0.023
Node_Bact27_Bact24_0, 0.036, 0, 0.066, 0.042, 0.035, 0, 0.036, 0.025, 0.024
Node_Bact27_Bact35_0, 0.09, 0.001, 0.065, 0.084, 0.09, 0, 0.09, 0.011, 0.123
Node_Bact27_Bact37_0, 0.038, 0.002, 0.02, 0.023, 0.036, 0, 0.038, 0.01, 0.03
Node_Bact27_Bact40_0, 0.324, 0.004, 0.045, 0.188, 0.318, 0, 0.324, 0.072, 0.275
Node_Bact27_Mari3_0, 0.078, 0.001, 0.137, 0.088, 0.074, 0, 0.078, 0.066, 0.019
Node_Bact29_Bact9_0, 1.45, 0.034, 0.229, 0.942, 0.998, 0, 1.45, 1.071, 0.358
Node_Bact30_Bact32_0, 1.028, 0.007, 0.241, 0.221, 1, 0, 1.028, 0.271, 0.789
Node_Bact31_Bact38_0, 1.166, 0, 0.052, 0.082, 0.988, 0, 1.166, 1.006, 0.195
Node_Bact33_Bact10_0, 0.007, 0, 0.047, 0.053, 0.007, 0, 0.007, 0.002, 0.038
Node_Bact33_Bact39_0, 0.008, 0, 0.042, 0.043, 0.008, 0, 0.008, 0.001, 0.043
Node_Bact33_Bact6_0, 0.016, 0, 0.031, 0.039, 0.016, 0, 0.016, 0.004, 0.027
Node_Bact36_Bact43_0, 1.015, 0, 0.09, 0.051, 0.998, 0, 1.015, 1, 0.037
Node_Bact37_Bact33_0, 0.02, 0, 0.04, 0.029, 0.02, 0, 0.02, 0.011, 0.022
Node_Bact37_Bact42_0, 0.016, 0, 0.054, 0.06, 0.016, 0, 0.016, 0.003, 0.05
Node_Bact3_Bact12_0, 0.018, 0, 0.038, 0.019, 0.018, 0, 0.018, 0.005, 0.027
Node_Bact3_Bact13_0, 0.016, 0, 0.038, 0.037, 0.016, 0, 0.016, 0.001, 0.044
Node_Bact3_Bact14_0, 0.193, 0, 0.049, 0.055, 0.19, 0, 0.193, 0.004, 0.226
Node_Bact3_Bact18_0, 0.01, 0, 0.038, 0.036, 0.01, 0, 0.01, 0.004, 0.03
Node_Bact40_Bact41_0, 1.028, 0.016, 0.055, 0.535, 0.999, 0, 1.028, 0.307, 0.743
Node_Bact5_Bact16_0, 0.021, 0, 0.196, 0.059, 0.021, 0, 0.021, 0.006, 0.042
Node_Bact7_Bact8_0, 0.022, 0, 0.064, 0.061, 0.022, 0, 0.022, 0.007, 0.06
Node_Bdell12_Bdell3_0, 1.024, 0.005, 0.08, 0.264, 0.999, 0, 1.024, 0.258, 0.798
Node_Bdell13_Bdell12_0, 0.301, 0.003, 0.116, 0.131, 0.291, 0, 0.301, 0.136, 0.174
Node_Bdell14_Bdell11_0, 0.998, 0, 0.059, 0.045, 0.982, 0, 0.998, 0.979, 0.044
Node_Bdell14_Bdell4_0, 1.017, 0, 0.059, 0.085, 1, 0, 1.017, 0.983, 0.078
Node_Bdell15_Bdell14_0, 1.013, 0.001, 0.048, 0.047, 0.972, 0, 1.013, 0.987, 0.04
Node_Bdell15_Bdell7_0, 0.161, 0.004, 1.015, 0.08, 0.157, 0, 0.161, 0.022, 0.159
Node_Bdell15_Bdell9_0, 0.238, 0, 0.129, 0.101, 0.233, 0, 0.238, 0.064, 0.206
Node_Bdell17_Bdell15_0, 1.02, 0, 0.069, 0.059, 0.982, 0, 1.02, 0.488, 0.537
Node_Bdell17_Bdell16_0, 1.023, 0.003, 0.073, 0.076, 1, 0, 1.023, 0.985, 0.073
Node_Bdell2_Bdell10_0, 0.016, 0.001, 0.034, 0.04, 0.016, 0, 0.016, 0.005, 0.024
Node_Bdell6_Bdell17_0, 0.552, 0.004, 0.234, 0.129, 0.506, 0, 0.552, 0.438, 0.113
Node_Bdell6_Bdell2_0, 0.025, 0, 0.538, 0.052, 0.023, 0, 0.025, 0.02, 0.011
Node_Bdell6_UBA1X6_0, 0.669, 0.003, 0.731, 0.227, 0.525, 0, 0.669, 0.541, 0.127
Node_Bdell7_Bdell5_0, 0.315, 0.005, 0.102, 0.17, 0.308, 0, 0.315, 0.084, 0.251
Node_BdellC1_BdellC2_0, 0.036, 0, 0.381, 0.108, 0.036, 0, 0.036, 0.027, 0.034
Node_Bipo1_Bipo2_0, 0.352, 0.002, 0.844, 0.259, 0.318, 0, 0.352, 0.107, 0.259
Node_Bipo1_Therg8_0, 0.935, 0.074, 0.704, 0.413, 0.778, 0, 0.935, 0.706, 0.09
Node_CG294X1_CG267X1_0, 1.001, 0.002, 0.405, 0.231, 0.953, 0, 1.001, 0.985, 0.022
Node_Calda2_Calda1_0, 0.259, 0.001, 0.796, 0.303, 0.245, 0, 0.259, 0.207, 0.053
Node_Caldit2_Caldit1_0, 0.027, 0, 0.095, 0.078, 0.027, 0, 0.027, 0.012, 0.04
Node_Caldit2_Caldit3_0, 0.082, 0.002, 0.048, 0.076, 0.08, 0, 0.082, 0.012, 0.088
Node_Camp14_Camp15_0, 1.081, 0.003, 0.856, 0.362, 0.99, 0, 1.081, 0.351, 0.752
Node_Camp1_Camp2_0, 0.663, 0.161, 0.078, 0.324, 0.486, 0, 0.663, 0.047, 0.469
Node_Camp1_Camp3_0, 0.378, 0.003, 0.331, 0.189, 0.242, 0, 0.378, 0.346, 0.043
Node_Camp1_Camp9_0, 0.111, 0.004, 0.093, 0.111, 0.1, 0, 0.111, 0.07, 0.041
Node_Camp1_UBP6X1_0, 0.159, 0.002, 0.343, 0.251, 0.153, 0, 0.159, 0.154, 0.008
Node_Camp2_Camp11_0, 1.299, 0.15, 0.047, 0.612, 0.974, 0, 1.299, 0.589, 0.533
Node_Camp2_Camp13_0, 1.026, 0.008, 1.049, 0.096, 0.994, 0, 1.026, 0.348, 0.693
Node_Camp2_Camp4_0, 1.374, 0.026, 0.14, 0.091, 0.988, 0, 1.374, 1.174, 0.175
Node_Camp2_Camp5_0, 1.291, 0.036, 0.165, 0.104, 0.982, 0, 1.291, 1.13, 0.121
Node_Camp2_Camp7_0, 1.313, 0.081, 0.16, 0.084, 0.992, 0, 1.313, 1.077, 0.101
Node_Camp4_Camp16_0, 1.139, 0.067, 0.373, 0.133, 0.982, 0, 1.139, 0.974, 0.071
Node_Camp5_Camp10_0, 1.154, 0.001, 0.228, 0.282, 0.902, 0, 1.154, 0.937, 0.249
Node_Camp5_Camp12_0, 1.132, 0.001, 0.378, 0.231, 0.887, 0, 1.132, 0.94, 0.218
Node_Camp7_Camp14_0, 1.182, 0.006, 0.282, 0.284, 0.989, 0, 1.182, 1.052, 0.145
Node_Camp9_Camp6_0, 0.27, 0, 0.116, 0.081, 0.258, 0, 0.27, 0.024, 0.275
Node_Chlo12_Chlo24_0, 0.488, 0, 1.505, 0.31, 0.411, 0, 0.488, 0.188, 0.31
Node_Chlo26_Chlo11_0, 1.284, 0.006, 0.139, 0.203, 0.99, 0, 1.284, 0.345, 0.952
Node_Chlo26_Chlo9_0, 0.465, 0, 0.448, 0.381, 0.399, 0, 0.465, 0.215, 0.263
Node_Chlo30_Chlo20_0, 1.049, 0.002, 0.704, 0.142, 0.999, 0, 1.049, 0.894, 0.174
Node_Chlo30_Chlo23_0, 1.577, 0.127, 0.113, 0.289, 0.994, 0, 1.577, 1.248, 0.094
Node_Chlo30_Chlo36_0, 1.469, 0.171, 0.115, 0.394, 0.973, 0, 1.469, 1.045, 0.112
Node_Chlo30_Chlo37_0, 1.015, 0, 0.073, 0.064, 0.999, 0, 1.015, 1.006, 0.039
Node_Chlo30_Chlo38_0, 0.532, 0.003, 0.033, 0.1, 0.439, 0, 0.532, 0.338, 0.199
Node_Chlo30_Chlo41_0, 1.112, 0.009, 0.023, 0.203, 0.745, 0, 1.112, 0.515, 0.594
Node_Chlo30_Chlo43_0, 1.261, 0.033, 0.38, 0.343, 0.963, 0, 1.261, 0.729, 0.496
Node_Chlo30_Chlo6_0, 1.301, 0.22, 0.275, 1.012, 0.966, 0, 1.301, 0.802, 0.095
Node_Chlo30_Dorm2_0, 0.363, 0.002, 0.085, 0.121, 0.31, 0, 0.363, 0.28, 0.084
Node_Chlo31_Chlo25_0, 0.02, 0, 0.084, 0.081, 0.02, 0, 0.02, 0.009, 0.047
Node_Chlo35_Chlo21_0, 2.823, 0.012, 0.112, 0.236, 1, 0, 2.823, 2.749, 0.07
Node_Chlo36_Chlo13_0, 0.924, 0.016, 0.081, 0.378, 0.786, 0, 0.924, 0.716, 0.207
Node_Chlo36_Chlo14_0, 0.358, 0.005, 0.255, 0.118, 0.339, 0, 0.358, 0.253, 0.109
Node_Chlo36_Chlo28_0, 0.499, 0.001, 0.057, 0.118, 0.424, 0, 0.499, 0.275, 0.237
Node_Chlo36_Chlo33_0, 0.318, 0.001, 0.254, 0.164, 0.296, 0, 0.318, 0.269, 0.058
Node_Chlo36_Chlo40_0, 0.68, 0.007, 0.698, 0.571, 0.554, 0, 0.68, 0.252, 0.447
Node_Chlo36_Chlo5_0, 0.782, 0.016, 0.045, 0.167, 0.724, 0, 0.782, 0.327, 0.453
Node_Chlo36_Chlo8_0, 0.513, 0.001, 1.156, 0.242, 0.444, 0, 0.513, 0.324, 0.199
Node_Chlo38_Chlo19_0, 0.029, 0, 0.083, 0.076, 0.029, 0, 0.029, 0.012, 0.055
Node_Chlo38_Chlo31_0, 0.057, 0.001, 0.497, 0.129, 0.055, 0, 0.057, 0.047, 0.021
Node_Chlo41_Chlo29_0, 1.11, 0.019, 0.414, 0.171, 0.998, 0, 1.11, 0.994, 0.096
Node_Chlo41_Chlo32_0, 1.189, 0.001, 0.079, 0.1, 0.996, 0, 1.189, 1.044, 0.157
Node_Chlo41_Chlo39_0, 1.03, 0.003, 0.102, 0.087, 1, 0, 1.03, 0.957, 0.1
Node_Chlo41_Chlo44_0, 0.651, 0.008, 1.025, 0.188, 0.547, 0, 0.651, 0.18, 0.479
Node_Chlo41_Chlo4_0, 1.409, 0.009, 0.442, 0.388, 0.967, 0, 1.409, 0.679, 0.73
Node_Chlo41_Chlo7_0, 1.029, 0.015, 0.317, 0.312, 0.957, 0, 1.029, 0.35, 0.68
Node_Chlo42_Chlo34_0, 1.022, 0.009, 0.053, 0.354, 1, 0, 1.022, 0.289, 0.752
Node_Chlo43_Chlo42_0, 0.314, 0.002, 0.48, 0.171, 0.31, 0, 0.314, 0.109, 0.234
Node_Chlo43_Chlo45_0, 1.228, 0.004, 0.121, 0.138, 0.959, 0, 1.228, 1.147, 0.084
Node_Chlo43_Chlo47_0, 0.558, 0.046, 0.986, 0.122, 0.436, 0, 0.558, 0.239, 0.27
Node_Chlo44_Chlo17_0, 0.925, 0.002, 0.12, 0.109, 0.901, 0, 0.925, 0.896, 0.054
Node_Chlo44_Chlo22_0, 0.989, 0.021, 0.316, 0.486, 0.915, 0, 0.989, 0.355, 0.633
Node_Chlo45_Chlo27_0, 1.03, 0.003, 0.285, 0.123, 1, 0, 1.03, 0.964, 0.084
Node_Chlo45_Chlo46_0, 1.008, 0.003, 0.06, 0.058, 1, 0, 1.008, 1, 0.035
Node_Chlo47_Chlo48_0, 2.277, 0.954, 0.143, 0.193, 1, 0, 2.277, 0.19, 0.908
Node_Chlo48_Chlo10_0, 2.022, 0.005, 0.306, 0.084, 1, 0, 2.022, 2, 0.046
Node_Chlo4_Chlo12_0, 1.683, 0.013, 0.146, 0.423, 0.966, 0, 1.683, 1.27, 0.407
Node_Chlo4_Chlo35_0, 2.853, 0.083, 0.146, 0.775, 1, 0, 2.853, 1.539, 1.233
Node_Chlo5_Chlo16_0, 0.753, 0.011, 0.146, 0.481, 0.732, 0, 0.753, 0.662, 0.106
Node_Chlo6_Chlo18_0, 0.725, 0.007, 0.213, 0.277, 0.614, 0, 0.725, 0.47, 0.281
Node_Chlo6_Chlo26_0, 0.65, 0.022, 0.777, 0.545, 0.573, 0, 0.65, 0.528, 0.104
Node_Chlo7_Chlo15_0, 0.982, 0.018, 0.137, 0.829, 0.947, 0, 0.982, 0.932, 0.072
Node_Chry1_Aqui2_0, 1.027, 0.02, 3.042, 1.246, 0.692, 0, 1.027, 0.996, 0.01
Node_Chry1_Defe3_0, 0.269, 0.005, 0.804, 0.559, 0.239, 0, 0.269, 0.223, 0.041
Node_Cyan10_Cyan35_0, 1.82, 0.008, 0.705, 0.377, 0.956, 0, 1.82, 1.639, 0.186
Node_Cyan10_Cyan45_0, 1.963, 0.007, 0.857, 0.29, 1, 0, 1.963, 0.989, 0.993
Node_Cyan10_Cyan46_0, 2.331, 0.28, 0.827, 0.595, 0.999, 0, 2.331, 1.69, 0.121
Node_Cyan11_Cyan26_0, 1.372, 0.013, 0.165, 0.496, 1, 0, 1.372, 1.24, 0.138
Node_Cyan12_Cyan13_0, 1.696, 0.679, 0.064, 0.135, 1, 0, 1.696, 0.324, 0.049
Node_Cyan13_Cyan18_0, 1.726, 0.002, 0.058, 0.071, 1, 0, 1.726, 1.676, 0.086
Node_Cyan14_Cyan15_0, 2.399, 0.02, 1.049, 0.692, 1, 0, 2.399, 1.785, 0.612
Node_Cyan14_Cyan16_0, 2.816, 0.017, 0.085, 0.582, 1, 0, 2.816, 2.613, 0.209
Node_Cyan14_Cyan23_0, 2.675, 0.016, 0.515, 0.584, 1, 0, 2.675, 2.476, 0.199
Node_Cyan16_Cyan29_0, 1.095, 0.002, 1.777, 0.319, 1, 0, 1.095, 1.062, 0.054
Node_Cyan19_Cyan22_0, 3.04, 0.019, 0.894, 0.157, 1, 0, 3.04, 2.922, 0.097
Node_Cyan19_Cyan47_0, 1.215, 0.007, 1.964, 0.203, 1, 0, 1.215, 1.09, 0.132
Node_Cyan28_chloroArabidopsis_0, 0.912, 0.003, 1.019, 0.194, 0.899, 0, 0.912, 0.886, 0.034
Node_Cyan2_Cyan1_0, 1.014, 0, 0.129, 0.08, 0.994, 0, 1.014, 1.004, 0.038
Node_Cyan31_Cyan34_0, 1.358, 0.002, 0.32, 0.236, 0.997, 0, 1.358, 1.068, 0.314
Node_Cyan33_Cyan21_0, 1.031, 0.007, 0.333, 0.066, 0.998, 0, 1.031, 1.002, 0.046
Node_Cyan38_Cyan28_0, 1.894, 0.005, 0.602, 0.199, 0.999, 0, 1.894, 1.877, 0.021
Node_Cyan40_Arma4_0, 1.781, 0.123, 1.089, 0.76, 0.95, 0, 1.781, 1.456, 0.109
Node_Cyan40_Cyan10_0, 2.757, 0.151, 0.068, 0.153, 1, 0, 2.757, 2.344, 0.148
Node_Cyan40_Cyan11_0, 1.386, 0.023, 1.145, 0.218, 0.997, 0, 1.386, 1.269, 0.106
Node_Cyan40_Cyan14_0, 2.975, 0.131, 1.059, 0.2, 1, 0, 2.975, 2.662, 0.085
Node_Cyan40_Cyan19_0, 3.818, 0.358, 0.028, 0.232, 1, 0, 3.818, 2.691, 0.45
Node_Cyan40_Cyan20_0, 1.366, 0.327, 0.272, 0.17, 0.999, 0, 1.366, 0.709, 0.012
Node_Cyan40_Cyan24_0, 2.526, 0.073, 0.584, 0.238, 1, 0, 2.526, 2.335, 0.062
Node_Cyan40_Cyan25_0, 2.402, 0.017, 0.429, 0.17, 1, 0, 2.402, 2.331, 0.057
Node_Cyan40_Cyan27_0, 1.3, 0.006, 0.321, 0.452, 1, 0, 1.3, 1.088, 0.229
Node_Cyan40_Cyan2_0, 1.105, 0.035, 0.194, 0.566, 0.997, 0, 1.105, 0.674, 0.402
Node_Cyan40_Cyan36_0, 3.038, 0.567, 0.091, 0.754, 1, 0, 3.038, 1.943, 0.092
Node_Cyan40_Cyan37_0, 2.421, 1.364, 0.367, 0.446, 1, 0, 2.421, 0.145, 0.034
Node_Cyan40_Cyan38_0, 2.47, 0.024, 0.037, 0.054, 1, 0, 2.47, 2.382, 0.062
Node_Cyan40_Cyan42_0, 1.39, 0.049, 0.046, 0.124, 1, 0, 1.39, 1.28, 0.021
Node_Cyan40_Cyan7_0, 1.299, 0.254, 0.074, 0.171, 1, 0, 1.299, 0.789, 0.014
Node_Cyan40_Marg1_0, 0.862, 0.014, 0.616, 0.436, 0.7, 0, 0.862, 0.692, 0.152
Node_Cyan40_Therd1_0, 1.312, 0.022, 0.559, 0.701, 0.875, 0, 1.312, 1.212, 0.068
Node_Cyan42_Cyan3_0, 1.023, 0.011, 0.426, 0.212, 1, 0, 1.023, 0.989, 0.048
Node_Cyan46_Cyan30_0, 1.837, 0.012, 0.612, 0.214, 0.999, 0, 1.837, 1.731, 0.106
Node_Cyan46_Cyan31_0, 1.362, 0.042, 0.799, 0.165, 1, 0, 1.362, 1.028, 0.282
Node_Cyan46_Cyan32_0, 0.765, 0.03, 1.052, 0.071, 0.568, 0, 0.765, 0.289, 0.461
Node_Cyan46_Cyan33_0, 1.311, 0.009, 0.117, 0.061, 1, 0, 1.311, 1.261, 0.057
Node_Cyan46_Cyan41_0, 1.326, 0.004, 0.069, 0.062, 1, 0, 1.326, 1.264, 0.08
Node_Cyan47_Cyan43_0, 1.857, 0.005, 0.059, 0.172, 0.995, 0, 1.857, 1.181, 0.696
Node_Cyan47_Cyan44_0, 3.032, 0.012, 0.516, 0.755, 1, 0, 3.032, 1.374, 1.679
Node_Cyan4_Cyan8_0, 1.026, 0.013, 0.345, 0.655, 0.965, 0, 1.026, 0.961, 0.064
Node_Cyan4_Cyan9_0, 0.412, 0.002, 0.931, 0.424, 0.364, 0, 0.412, 0.118, 0.315
Node_Cyan7_Cyan12_0, 1.032, 0.005, 0.302, 0.11, 1, 0, 1.032, 1.005, 0.035
Node_Cyan7_Cyan4_0, 1.294, 0.01, 0.041, 0.13, 1, 0, 1.294, 1.257, 0.026
Node_DTU0X1_SLNR1_0, 1.317, 0.003, 1.988, 0.334, 0.953, 0, 1.317, 1.196, 0.127
Node_Defe3_Defe1_0, 1.015, 0.016, 0.216, 0.313, 0.965, 0, 1.015, 0.077, 0.946
Node_Defe3_Defe2_0, 1.026, 0.02, 0.081, 0.975, 1, 0, 1.026, 0.952, 0.072
Node_Dein4_Dein2_0, 1.084, 0.003, 0.115, 0.055, 1, 0, 1.084, 1.068, 0.028
Node_Dein4_Dein6_0, 1.016, 0.016, 0.132, 0.969, 1, 0, 1.016, 0.985, 0.048
Node_Dein5_Bipo1_0, 1.475, 0.017, 0.369, 0.418, 1, 0, 1.475, 1.414, 0.03
Node_Dein5_Dein1_0, 1.959, 0, 0.059, 0.06, 1, 0, 1.959, 1.943, 0.048
Node_Dein5_Dein4_0, 1.168, 0.091, 0.459, 0.194, 1, 0, 1.168, 0.963, 0.061
Node_Dein5_Dein7_0, 1.97, 0.003, 0.162, 0.084, 1, 0, 1.97, 1.042, 0.961
Node_Dein7_Dein3_0, 1.018, 0.003, 0.993, 0.045, 1, 0, 1.018, 0.994, 0.038
Node_DesuB1_DesuB2_0, 1.536, 0.004, 0.071, 0.099, 1, 0, 1.536, 1.255, 0.301
Node_DesuB4_BdellC1_0, 0.383, 0.023, 0.98, 0.185, 0.333, 0, 0.383, 0.251, 0.098
Node_DesuB4_DesuB1_0, 1.302, 0.463, 0.079, 0.193, 0.778, 0, 1.302, 0.196, 0.535
Node_DesuB4_DesuB3_0, 2.956, 0.934, 0.613, 0.424, 1, 0, 2.956, 0.718, 1.333
Node_DesuB4_Desua5_0, 1.242, 0.004, 0.659, 0.232, 0.895, 0, 1.242, 1.158, 0.086
Node_DesuB4_Myxo10_0, 1.811, 0.008, 1.263, 0.423, 0.947, 0, 1.811, 1.718, 0.088
Node_DesuC2_DesuC1_0, 1.05, 0.01, 0.812, 0.411, 0.998, 0, 1.05, 0.478, 0.606
Node_DesuC2_Desua47_0, 1.246, 0.012, 0.867, 0.483, 0.825, 0, 1.246, 1.117, 0.119
Node_DesuD2_DesuD1_0, 1.168, 0.008, 0.703, 0.733, 0.999, 0, 1.168, 0.555, 0.646
Node_Desua11_Desua27_0, 1.652, 0.007, 0.049, 0.258, 0.999, 0, 1.652, 1.284, 0.387
Node_Desua16_Desua15_0, 0.024, 0, 0.072, 0.075, 0.024, 0, 0.024, 0.011, 0.051
Node_Desua16_Desua20_0, 0.259, 0.003, 0.978, 0.513, 0.238, 0, 0.259, 0.248, 0.017
Node_Desua16_Desua24_0, 0.045, 0, 0.114, 0.1, 0.044, 0, 0.045, 0.027, 0.05
Node_Desua16_Desua6_0, 1.217, 0.129, 1.073, 0.541, 0.831, 0, 1.217, 0.894, 0.097
Node_Desua16_Desua9_0, 0.109, 0.006, 0.194, 0.174, 0.105, 0, 0.109, 0.088, 0.038
Node_Desua1_Desua34_0, 0.295, 0.003, 0.086, 0.15, 0.277, 0, 0.295, 0.076, 0.244
Node_Desua1_Desua3_0, 0.134, 0.002, 0.368, 0.159, 0.126, 0, 0.134, 0.106, 0.037
Node_Desua1_Desua43_0, 0.463, 0.016, 0.527, 0.304, 0.377, 0, 0.463, 0.29, 0.164
Node_Desua22_Desua10_0, 1.703, 0.011, 0.177, 0.19, 1, 0, 1.703, 1.605, 0.099
Node_Desua22_Desua13_0, 1.77, 0.005, 0.245, 0.255, 0.997, 0, 1.77, 1.664, 0.112
Node_Desua22_Desua14_0, 1.959, 0.01, 0.08, 0.311, 0.998, 0, 1.959, 1.652, 0.326
Node_Desua22_Desua16_0, 2.064, 0.047, 0.578, 0.939, 0.97, 0, 2.064, 1.705, 0.316
Node_Desua22_Desua23_0, 1.099, 0.008, 0.916, 0.418, 0.993, 0, 1.099, 1.073, 0.048
Node_Desua22_Desua26_0, 1.898, 0.02, 0.272, 0.487, 0.997, 0, 1.898, 1.682, 0.201
Node_Desua22_Desua4_0, 1.949, 0.018, 0.302, 0.528, 0.975, 0, 1.949, 1.757, 0.169
Node_Desua26_Desua30_0, 1.961, 0.01, 0.156, 0.692, 0.995, 0, 1.961, 1.749, 0.209
Node_Desua28_Desua35_0, 1.094, 0.022, 0.528, 1.264, 1, 0, 1.094, 0.215, 0.911
Node_Desua2_Desua8_0, 1.631, 0.012, 0.449, 0.62, 1, 0, 1.631, 1.01, 0.627
Node_Desua36_Desua38_0, 1.021, 0.002, 0.132, 0.096, 1, 0, 1.021, 1.009, 0.038
Node_Desua36_Desua39_0, 1.113, 0.01, 0.487, 0.485, 1, 0, 1.113, 0.439, 0.693
Node_Desua40_Desua31_0, 0.897, 0.006, 0.339, 0.261, 0.882, 0, 0.897, 0.876, 0.03
Node_Desua42_Desua11_0, 1.307, 0.006, 0.1, 0.128, 1, 0, 1.307, 1.173, 0.157
Node_Desua42_Desua12_0, 1.244, 0.045, 0.151, 0.095, 0.999, 0, 1.244, 1.127, 0.039
Node_Desua43_Desua50_0, 1.698, 0.012, 0.066, 0.358, 0.998, 0, 1.698, 1.449, 0.254
Node_Desua43_Desua52_0, 1.304, 0.014, 0.697, 0.775, 1, 0, 1.304, 1.022, 0.289
Node_Desua43_Desua54_0, 1.498, 0.545, 0.195, 0.362, 0.872, 0, 1.498, 0.187, 0.685
Node_Desua44_Desua36_0, 0.897, 0.008, 0.798, 0.656, 0.679, 0, 0.897, 0.517, 0.394
Node_Desua46_Desua25_0, 1.246, 0.014, 0.38, 0.625, 0.979, 0, 1.246, 1.039, 0.212
Node_Desua47_Desua29_0, 2.871, 0.003, 0.054, 0.045, 1, 0, 2.871, 2.805, 0.084
Node_Desua47_Desua37_0, 2.043, 0.026, 0.133, 0.384, 1, 0, 2.043, 1.358, 0.685
Node_Desua47_Desua41_0, 2.838, 0.813, 0.074, 0.081, 1, 0, 2.838, 1.188, 0.056
Node_Desua47_Desua53_0, 1.465, 0.014, 0.514, 0.691, 0.998, 0, 1.465, 0.745, 0.719
Node_Desua48_Desua33_0, 2.068, 0.01, 1.049, 0.705, 1, 0, 2.068, 0.388, 1.707
Node_Desua48_Desua40_0, 1.2, 0.098, 0.168, 0.156, 0.998, 0, 1.2, 0.988, 0.031
Node_Desua48_Desua42_0, 1.311, 0.069, 0.049, 0.077, 0.999, 0, 1.311, 1.094, 0.091
Node_Desua48_Desua46_0, 1.4, 0.019, 0.276, 0.565, 0.976, 0, 1.4, 1.046, 0.346
Node_Desua49_Desua21_0, 1.029, 0.007, 0.315, 0.306, 1, 0, 1.029, 1.009, 0.044
Node_Desua49_Desua32_0, 1.199, 0.041, 0.046, 0.072, 1, 0, 1.199, 1.086, 0.046
Node_Desua49_Desua44_0, 1.293, 0.014, 0.046, 0.282, 1, 0, 1.293, 1.163, 0.126
Node_Desua4_Desua1_0, 0.81, 0.006, 1.477, 0.5, 0.598, 0, 0.81, 0.477, 0.332
Node_Desua4_Desua48_0, 1.239, 0.106, 0.321, 0.366, 0.996, 0, 1.239, 0.472, 0.644
Node_Desua4_Desua49_0, 1.158, 0.016, 0.126, 0.099, 0.996, 0, 1.158, 1.108, 0.029
Node_Desua53_Desua51_0, 1.467, 0.006, 0.332, 0.461, 0.999, 0, 1.467, 1.159, 0.328
Node_Desua6_Desua19_0, 1.883, 0.514, 0.505, 1.758, 0.944, 0, 1.883, 0.604, 0.433
Node_Desua6_Desua2_0, 1.441, 0.119, 0.145, 0.55, 0.907, 0, 1.441, 0.99, 0.25
Node_Desua6_Desua7_0, 2.78, 0.018, 0.125, 0.619, 1, 0, 2.78, 1.793, 1.004
Node_Desua9_Desua17_0, 0.029, 0, 0.066, 0.061, 0.029, 0, 0.029, 0.013, 0.049
Node_Desua9_Desua18_0, 0.046, 0, 0.107, 0.094, 0.046, 0, 0.046, 0.023, 0.044
Node_Dorm2_Dorm1_0, 0.023, 0, 0.043, 0.045, 0.022, 0, 0.023, 0.004, 0.044
Node_Dorm2_Dorm3_0, 0.037, 0, 0.343, 0.081, 0.037, 0, 0.037, 0.028, 0.017
Node_Dorm2_Dorm4_0, 0.023, 0, 0.06, 0.056, 0.023, 0, 0.023, 0.01, 0.046
Node_Dorm2_Dorm5_0, 0.022, 0, 0.056, 0.06, 0.022, 0, 0.022, 0.004, 0.055
Node_Eise2_Eise1_0, 1.553, 0.012, 0.091, 0.535, 0.985, 0, 1.553, 1.395, 0.179
Node_Eise4_Eise2_0, 1.453, 0.43, 0.093, 0.612, 0.978, 0, 1.453, 0.185, 0.707
Node_Eise4_Eise3_0, 1.452, 0.009, 0.159, 0.668, 0.982, 0, 1.452, 1.327, 0.149
Node_Elus1_Elus2_0, 1.735, 0.006, 1.198, 0.412, 0.975, 0, 1.735, 1.688, 0.048
Node_Elus2_Elus3_0, 0.926, 0.003, 0.836, 0.243, 0.846, 0, 0.926, 0.906, 0.024
Node_Elus2_Elus5_0, 0.878, 0.001, 0.093, 0.167, 0.858, 0, 0.878, 0.844, 0.044
Node_Elus3_Elus4_0, 0.054, 0.001, 0.064, 0.049, 0.052, 0, 0.054, 0.016, 0.051
Node_Elus3_Elus6_0, 0.366, 0, 0.135, 0.097, 0.326, 0, 0.366, 0.081, 0.308
Node_Elus3_Elus7_0, 0.066, 0, 0.882, 0.13, 0.064, 0, 0.066, 0.054, 0.022
Node_Elus3_Elus9_0, 0.193, 0.001, 0.037, 0.068, 0.178, 0, 0.193, 0.042, 0.175
Node_Elus6_Elus8_0, 0.439, 0.002, 0.277, 0.124, 0.385, 0, 0.439, 0.117, 0.348
Node_Elus9_Elus10_0, 0.427, 0, 0.104, 0.092, 0.388, 0, 0.427, 0.112, 0.338
Node_Erem4_Erem5_0, 0.969, 0, 0.164, 0.072, 0.946, 0, 0.969, 0.952, 0.046
Node_Erem6_Erem2_0, 0.399, 0.004, 0.175, 0.167, 0.371, 0, 0.399, 0.207, 0.197
Node_Erem6_Erem3_0, 1.194, 0.036, 0.059, 0.362, 0.981, 0, 1.194, 0.355, 0.818
Node_Erem6_Erem4_0, 1.087, 0.004, 0.182, 0.118, 0.999, 0, 1.087, 1.031, 0.071
Node_FCPU1_FCPU2_0, 1.083, 0.011, 0.659, 0.458, 0.999, 0, 1.083, 0.826, 0.283
Node_Ferm1_Eise4_0, 0.409, 0.026, 0.135, 0.203, 0.354, 0, 0.409, 0.205, 0.175
Node_Ferm1_GemmA1_0, 0.165, 0.002, 0.308, 0.189, 0.157, 0, 0.165, 0.115, 0.062
Node_Ferm1_Krum1_0, 0.206, 0.002, 0.072, 0.142, 0.204, 0, 0.206, 0.11, 0.111
Node_Fibr4_Fibr2_0, 1.006, 0.048, 0.604, 0.707, 0.823, 0, 1.006, 0.705, 0.248
Node_Fibr4_Fibr3_0, 0.925, 0.02, 0.101, 0.461, 0.668, 0, 0.925, 0.475, 0.442
Node_Fibr4_Fibr5_0, 0.964, 0.023, 0.581, 0.571, 0.774, 0, 0.964, 0.348, 0.597
Node_Fibr4_Fibr6_0, 1.314, 0.015, 0.13, 0.624, 0.852, 0, 1.314, 0.848, 0.465
Node_Fibr5_Fibr1_0, 0.846, 0.004, 0.266, 0.37, 0.763, 0, 0.846, 0.716, 0.144
Node_FirmA102_FirmA76_0, 1.825, 0.081, 0.943, 1.504, 1, 0, 1.825, 1.624, 0.077
Node_FirmA104_FirmA78_0, 0.353, 0, 0.516, 0.279, 0.314, 0, 0.353, 0.14, 0.228
Node_FirmA106_FirmA114_0, 1.303, 0.014, 0.201, 0.475, 0.998, 0, 1.303, 1.095, 0.217
Node_FirmA109_FirmA77_0, 1.343, 0.01, 0.391, 0.577, 0.876, 0, 1.343, 0.951, 0.404
Node_FirmA109_FirmA95_0, 1.049, 0.004, 0.561, 0.473, 0.849, 0, 1.049, 0.8, 0.263
Node_FirmA114_FirmA98_0, 1.109, 0.017, 0.992, 0.937, 1, 0, 1.109, 0.346, 0.781
Node_FirmA11_FirmA67_0, 1.772, 0.021, 1.754, 0.772, 0.963, 0, 1.772, 1.703, 0.035
Node_FirmA12_FirmA93_0, 1.384, 0.015, 0.169, 0.507, 0.96, 0, 1.384, 1.016, 0.374
Node_FirmA14_FirmA113_0, 0.136, 0.003, 0.404, 0.152, 0.135, 0, 0.136, 0.037, 0.114
Node_FirmA18_FirmA103_0, 0.533, 0.004, 1.759, 0.85, 0.43, 0, 0.533, 0.36, 0.197
Node_FirmA20_FirmA100_0, 0.206, 0, 0.108, 0.087, 0.204, 0, 0.206, 0.049, 0.185
Node_FirmA20_FirmA24_0, 1.699, 0.02, 1.043, 0.809, 0.951, 0, 1.699, 1.632, 0.046
Node_FirmA20_FirmA25_0, 0.255, 0.001, 0.993, 0.347, 0.235, 0, 0.255, 0.223, 0.053
Node_FirmA20_FirmA38_0, 1.194, 0.006, 0.568, 0.831, 0.852, 0, 1.194, 1.135, 0.057
Node_FirmA20_FirmA52_0, 0.129, 0, 0.203, 0.118, 0.123, 0, 0.129, 0.071, 0.077
Node_FirmA21_FirmA108_0, 1.202, 0.001, 0.623, 0.15, 0.831, 0, 1.202, 1.062, 0.166
Node_FirmA21_FirmA47_0, 0.93, 0.015, 0.821, 0.261, 0.838, 0, 0.93, 0.411, 0.534
Node_FirmA21_FirmA88_0, 1.658, 0.215, 0.121, 0.111, 1, 0, 1.658, 1.175, 0.073
Node_FirmA24_FirmA1_0, 0.919, 0.008, 0.875, 0.526, 0.784, 0, 0.919, 0.833, 0.087
Node_FirmA24_FirmA8_0, 0.417, 0.002, 0.722, 0.343, 0.359, 0, 0.417, 0.218, 0.218
Node_FirmA25_FirmA56_0, 0.372, 0.001, 0.213, 0.156, 0.335, 0, 0.372, 0.062, 0.329
Node_FirmA26_FirmA102_0, 2.61, 0.41, 0.796, 0.77, 1, 0, 2.61, 1.701, 0.164
Node_FirmA26_FirmA2_0, 2.832, 0.263, 0.368, 0.485, 0.999, 0, 2.832, 2.221, 0.119
Node_FirmA26_FirmA41_0, 2.136, 0.016, 1.256, 0.986, 0.996, 0, 2.136, 1.56, 0.585
Node_FirmA26_FirmA7_0, 2.791, 0.128, 0.168, 1.481, 1, 0, 2.791, 2.362, 0.221
Node_FirmA27_FirmA71_0, 1.084, 0.025, 1.108, 0.821, 0.998, 0, 1.084, 0.115, 0.983
Node_FirmA27_FirmA89_0, 1.184, 0.05, 0.142, 0.216, 0.975, 0, 1.184, 1.03, 0.076
Node_FirmA28_FirmA94_0, 1.13, 0.001, 0.458, 0.109, 1, 0, 1.13, 1.11, 0.043
Node_FirmA29_FirmA51_0, 0.109, 0, 0.975, 0.27, 0.105, 0, 0.109, 0.09, 0.04
Node_FirmA38_FirmA32_0, 1.183, 0.009, 0.265, 0.759, 0.873, 0, 1.183, 0.944, 0.245
Node_FirmA43_FirmA39_0, 1.427, 0.017, 0.245, 0.66, 1, 0, 1.427, 0.986, 0.459
Node_FirmA45_FirmA40_0, 0.967, 0.008, 0.421, 0.372, 0.667, 0, 0.967, 0.346, 0.654
Node_FirmA50_FirmA70_0, 1.043, 0.003, 0.376, 0.224, 1, 0, 1.043, 0.457, 0.609
Node_FirmA52_FirmA107_0, 0.391, 0, 0.061, 0.079, 0.353, 0, 0.391, 0.061, 0.36
Node_FirmA52_FirmA42_0, 0.092, 0, 0.122, 0.072, 0.09, 0, 0.092, 0.031, 0.085
Node_FirmA53_FirmA35_0, 1.027, 0.004, 0.204, 0.077, 1, 0, 1.027, 1.001, 0.041
Node_FirmA55_FirmA29_0, 1.044, 0.002, 0.92, 0.623, 0.859, 0, 1.044, 0.995, 0.064
Node_FirmA58_FirmA43_0, 1.196, 0.017, 0.192, 0.706, 0.925, 0, 1.196, 0.928, 0.264
Node_FirmA59_FirmA36_0, 1.182, 0.004, 1.039, 0.297, 0.835, 0, 1.182, 1.003, 0.197
Node_FirmA59_FirmA44_0, 2.02, 0.008, 1.232, 0.46, 0.982, 0, 2.02, 1.978, 0.041
Node_FirmA59_FirmA48_0, 1.355, 0.004, 0.165, 0.378, 0.894, 0, 1.355, 1.036, 0.334
Node_FirmA60_FirmA74_0, 1.089, 0.003, 2.001, 0.248, 1, 0, 1.089, 1.024, 0.087
Node_FirmA61_FirmA66_0, 2.935, 0.009, 0.1, 0.406, 1, 0, 2.935, 2.895, 0.065
Node_FirmA62_FirmA104_0, 0.641, 0.008, 1.037, 0.376, 0.533, 0, 0.641, 0.36, 0.285
Node_FirmA62_FirmA58_0, 1.107, 0.031, 0.142, 0.51, 0.901, 0, 1.107, 0.507, 0.577
Node_FirmA62_FirmA6_0, 1.01, 0.02, 0.212, 0.547, 0.885, 0, 1.01, 0.909, 0.095
Node_FirmA63_FirmA109_0, 1.32, 0.097, 0.441, 1.232, 0.912, 0, 1.32, 0.934, 0.235
Node_FirmA63_FirmA10_0, 1.275, 0.075, 0.346, 1.482, 0.999, 0, 1.275, 0.959, 0.226
Node_FirmA63_FirmA30_0, 1.273, 0.015, 0.127, 0.316, 0.998, 0, 1.273, 1.168, 0.11
Node_FirmA63_FirmA45_0, 0.726, 0.006, 1.01, 0.314, 0.552, 0, 0.726, 0.304, 0.457
Node_FirmA63_FirmA57_0, 1.277, 0.037, 0.235, 0.362, 0.99, 0, 1.277, 1.16, 0.067
Node_FirmA63_FirmA99_0, 1.429, 0.078, 0.146, 0.322, 0.986, 0, 1.429, 1.098, 0.22
Node_FirmA64_FirmA33_0, 0.21, 0.002, 0.39, 0.216, 0.204, 0, 0.21, 0.066, 0.164
Node_FirmA65_FirmA5_0, 1.046, 0.004, 0.179, 0.277, 0.714, 0, 1.046, 0.424, 0.641
Node_FirmA65_FirmA64_0, 0.434, 0.005, 1.083, 0.224, 0.379, 0, 0.434, 0.369, 0.073
Node_FirmA65_FirmA69_0, 1.439, 0.021, 0.839, 0.271, 0.958, 0, 1.439, 1.288, 0.133
Node_FirmA65_FirmA97_0, 0.58, 0.007, 0.094, 0.217, 0.468, 0, 0.58, 0.361, 0.233
Node_FirmA67_FirmA37_0, 0.695, 0.004, 1.023, 0.339, 0.491, 0, 0.695, 0.637, 0.061
Node_FirmA67_FirmA50_0, 0.807, 0.008, 0.154, 0.249, 0.578, 0, 0.807, 0.559, 0.258
Node_FirmA67_FirmA79_0, 0.747, 0.009, 0.481, 0.335, 0.553, 0, 0.747, 0.35, 0.412
Node_FirmA67_FirmA87_0, 1.653, 0.03, 0.218, 0.507, 0.967, 0, 1.653, 1.551, 0.069
Node_FirmA69_FirmA28_0, 1.544, 0.082, 0.137, 0.123, 1, 0, 1.544, 1.244, 0.16
Node_FirmA69_FirmA72_0, 2.404, 0.71, 0.081, 0.467, 1, 0, 2.404, 0.788, 0.231
Node_FirmA72_FirmA73_0, 2.341, 0.01, 0.505, 0.636, 1, 0, 2.341, 1.926, 0.432
Node_FirmA7_FirmA12_0, 1.164, 0.008, 1.828, 0.279, 0.965, 0, 1.164, 0.824, 0.345
Node_FirmA7_FirmA90_0, 2.639, 0.011, 0.318, 0.259, 0.996, 0, 2.639, 2.483, 0.155
Node_FirmA80_FirmA34_0, 1.318, 0.003, 0.093, 0.139, 0.993, 0, 1.318, 1.108, 0.231
Node_FirmA81_FirmA14_0, 0.423, 0.001, 0.893, 0.35, 0.376, 0, 0.423, 0.364, 0.065
Node_FirmA81_FirmA19_0, 0.542, 0.003, 0.169, 0.16, 0.458, 0, 0.542, 0.271, 0.285
Node_FirmA81_FirmA84_0, 2.624, 0.054, 1.315, 1.077, 1, 0, 2.624, 2.457, 0.089
Node_FirmA81_FirmA92_0, 1.25, 0.01, 1.475, 0.398, 0.966, 0, 1.25, 1.15, 0.091
Node_FirmA83_FirmA11_0, 3.47, 0.385, 1.564, 1.017, 1, 0, 3.47, 2.67, 0.112
Node_FirmA83_FirmA49_0, 1.018, 0.003, 0.574, 0.31, 0.947, 0, 1.018, 1.001, 0.032
Node_FirmA83_FirmA55_0, 1.898, 0.035, 0.396, 1.011, 0.991, 0, 1.898, 1.727, 0.135
Node_FirmA83_FirmA59_0, 3.203, 0.02, 0.649, 0.509, 0.999, 0, 3.203, 3.135, 0.036
Node_FirmA83_FirmA65_0, 2.124, 0.03, 1.284, 0.409, 0.991, 0, 2.124, 1.912, 0.175
Node_FirmA83_FirmA81_0, 3.796, 0.47, 0.292, 0.811, 1, 0, 3.796, 2.854, 0.148
Node_FirmA83_FirmA86_0, 1.557, 0.047, 0.796, 1.229, 0.973, 0, 1.557, 1.091, 0.408
Node_FirmA84_FirmA111_0, 2.56, 0.027, 0.316, 0.414, 0.997, 0, 2.56, 2.312, 0.225
Node_FirmA84_FirmA16_0, 2.224, 0.046, 0.812, 0.986, 0.995, 0, 2.224, 1.987, 0.172
Node_FirmA84_FirmA20_0, 2.676, 0.074, 0.63, 0.388, 0.995, 0, 2.676, 1.883, 0.672
Node_FirmA84_FirmA26_0, 2.818, 0.102, 0.138, 0.336, 0.999, 0, 2.818, 2.473, 0.178
Node_FirmA84_FirmA46_0, 0.645, 0.026, 0.894, 0.694, 0.511, 0, 0.645, 0.509, 0.105
Node_FirmA84_FirmA63_0, 1.408, 0.085, 0.968, 0.606, 0.984, 0, 1.408, 1.195, 0.067
Node_FirmA84_FirmA9_0, 0.605, 0.004, 0.233, 0.35, 0.497, 0, 0.605, 0.429, 0.189
Node_FirmA85_DTU0X1_0, 3.175, 0.015, 1.187, 0.427, 1, 0, 3.175, 2.183, 0.983
Node_FirmA85_FirmA60_0, 3, 0.004, 0.311, 0.256, 1, 0, 3, 2.882, 0.132
Node_FirmA85_FirmC13_0, 3.364, 0.109, 0.111, 0.246, 1, 0, 3.364, 2.721, 0.471
Node_FirmA86_FirmA61_0, 2.961, 0.028, 0.168, 0.736, 1, 0, 2.961, 1.414, 1.544
Node_FirmA87_FirmA106_0, 1.273, 0.022, 0.222, 0.371, 1, 0, 1.273, 1.171, 0.088
Node_FirmA87_FirmA62_0, 1.385, 0.017, 0.117, 0.31, 1, 0, 1.385, 1.235, 0.14
Node_FirmA87_FirmA96_0, 1.345, 0.023, 0.507, 0.416, 0.995, 0, 1.345, 1.15, 0.176
Node_FirmA88_FirmA101_0, 1.524, 0.001, 0.206, 0.061, 1, 0, 1.524, 1.475, 0.071
Node_FirmA89_FirmA105_0, 0.98, 0.006, 0.866, 0.108, 0.934, 0, 0.98, 0.265, 0.725
Node_FirmA89_FirmA110_0, 0.909, 0.006, 0.146, 0.32, 0.891, 0, 0.909, 0.867, 0.069
Node_FirmA89_FirmA21_0, 1.491, 0.296, 0.091, 0.207, 1, 0, 1.491, 0.836, 0.102
Node_FirmA89_FirmA31_0, 0.924, 0.036, 1.051, 0.132, 0.846, 0, 0.924, 0.159, 0.753
Node_FirmA89_FirmA53_0, 1.186, 0.005, 0.149, 0.101, 0.994, 0, 1.186, 1.052, 0.153
Node_FirmA89_FirmA68_0, 1.115, 0.014, 0.045, 0.071, 0.909, 0, 1.115, 0.902, 0.222
Node_FirmA89_FirmA80_0, 1.177, 0.007, 0.425, 0.106, 0.997, 0, 1.177, 1.077, 0.104
Node_FirmA90_FirmA112_0, 2.288, 0.023, 0.815, 0.269, 1, 0, 2.288, 1.842, 0.441
Node_FirmA92_FirmA54_0, 1.224, 0.01, 0.268, 0.439, 1, 0, 1.224, 1.007, 0.232
Node_FirmA94_FirmA75_0, 1.083, 0.002, 0.238, 0.101, 0.917, 0, 1.083, 0.91, 0.189
Node_FirmA96_FirmA27_0, 1.2, 0.034, 0.263, 0.291, 0.982, 0, 1.2, 1.062, 0.084
Node_FirmA96_FirmA91_0, 1.387, 0.01, 0.169, 0.635, 0.982, 0, 1.387, 1.048, 0.346
Node_FirmA99_FirmA18_0, 2.091, 0.515, 0.244, 1.33, 0.982, 0, 2.091, 1.103, 0.391
Node_FirmB16_FirmB13_0, 1.055, 0.014, 0.627, 0.447, 0.998, 0, 1.055, 0.454, 0.608
Node_FirmB17_FirmB15_0, 1.99, 0.006, 1.12, 0.4, 1, 0, 1.99, 1.96, 0.054
Node_FirmB2_FirmB11_0, 1.062, 0.004, 2.191, 0.753, 0.694, 0, 1.062, 0.379, 0.711
Node_FirmB2_FirmB12_0, 2.538, 0.27, 0.463, 1.159, 0.999, 0, 2.538, 1.409, 0.635
Node_FirmB3_FirmB14_0, 2.106, 0.031, 1.682, 0.654, 0.996, 0, 2.106, 0.842, 1.277
Node_FirmB4_FirmB17_0, 3.05, 0.004, 0.141, 0.135, 1, 0, 3.05, 2.237, 0.823
Node_FirmB4_FirmB1_0, 2.364, 0.014, 0.82, 0.35, 1, 0, 2.364, 1.673, 0.69
Node_FirmB4_FirmB3_0, 2.48, 0.01, 0.556, 0.378, 0.995, 0, 2.48, 1.953, 0.528
Node_FirmB6_FirmB7_0, 2.169, 0.001, 0.491, 0.146, 0.994, 0, 2.169, 2.024, 0.162
Node_FirmB8_FirmB16_0, 1.06, 0.019, 1.695, 0.502, 0.722, 0, 1.06, 0.807, 0.238
Node_FirmB8_FirmB4_0, 2.498, 0.018, 0.984, 0.388, 0.997, 0, 2.498, 2.182, 0.31
Node_FirmB8_FirmB5_0, 0.987, 0.006, 0.501, 0.582, 0.689, 0, 0.987, 0.584, 0.422
Node_FirmB8_FirmB9_0, 3.154, 0.045, 0.523, 0.477, 1, 0, 3.154, 2.861, 0.232
Node_FirmB9_FirmB10_0, 2.169, 0.019, 0.734, 0.236, 1, 0, 2.169, 1.381, 0.788
Node_FirmB9_FirmB2_0, 2.096, 0.588, 1.222, 0.507, 0.999, 0, 2.096, 0.732, 0.233
Node_FirmB9_FirmB6_0, 2.497, 0.02, 0.996, 0.329, 0.999, 0, 2.497, 2.16, 0.319
Node_FirmC10_FirmC14_0, 1.262, 0.009, 0.462, 0.574, 0.996, 0, 1.262, 1.089, 0.194
Node_FirmC10_FirmC18_0, 1.521, 0.007, 0.303, 0.269, 0.997, 0, 1.521, 0.485, 1.049
Node_FirmC10_FirmC19_0, 0.768, 0.004, 0.658, 0.293, 0.591, 0, 0.768, 0.37, 0.418
Node_FirmC11_FirmC3_0, 2.34, 0.006, 1.08, 0.15, 1, 0, 2.34, 2.168, 0.193
Node_FirmC13_FirmB8_0, 3.4, 0.066, 1.175, 0.839, 1, 0, 3.4, 3.098, 0.209
Node_FirmC13_FirmC10_0, 1.004, 0.015, 0.613, 0.4, 0.826, 0, 1.004, 0.882, 0.11
Node_FirmC13_FirmC17_0, 1.068, 0.021, 0.156, 0.273, 0.851, 0, 1.068, 0.86, 0.199
Node_FirmC13_FirmC5_0, 1.463, 0.303, 2.727, 0.773, 0.804, 0, 1.463, 0.586, 0.487
Node_FirmC13_FirmC8_0, 1.492, 0.012, 0.338, 0.374, 0.883, 0, 1.492, 1.133, 0.355
Node_FirmC13_Firms33_0, 4.3, 0.453, 0.102, 0.715, 1, 0, 4.3, 3.067, 0.585
Node_FirmC15_FirmC12_0, 1.025, 0.01, 2.039, 0.414, 0.996, 0, 1.025, 0.27, 0.778
Node_FirmC1_FirmC4_0, 2.971, 0.01, 1.496, 0.377, 1, 0, 2.971, 2.752, 0.238
Node_FirmC6_FirmC16_0, 2.354, 0.004, 2.049, 0.443, 0.999, 0, 2.354, 2.203, 0.18
Node_FirmC6_FirmC1_0, 4.219, 0.041, 0.153, 0.272, 1, 0, 4.219, 3.828, 0.364
Node_FirmC8_FirmC11_0, 3.221, 0.011, 0.907, 0.195, 1, 0, 3.221, 3.08, 0.15
Node_FirmC8_FirmC15_0, 2.276, 0.001, 1.053, 0.146, 1, 0, 2.276, 2.044, 0.261
Node_FirmC8_FirmC6_0, 3.967, 0.052, 0.083, 0.173, 1, 0, 3.967, 2.157, 1.769
Node_FirmC8_FirmC7_0, 3.067, 0.004, 0.24, 0.144, 1, 0, 3.067, 2.999, 0.082
Node_FirmC8_FirmC9_0, 2.229, 0.043, 0.383, 0.737, 1, 0, 2.229, 1.138, 1.077
Node_FirmD2_FirmD3_0, 2.972, 0.011, 0.444, 0.743, 0.998, 0, 2.972, 2.736, 0.232
Node_FirmD4_FirmD2_0, 3.173, 0.012, 0.534, 0.773, 0.999, 0, 3.173, 3.106, 0.058
Node_FirmE4_FirmE6_0, 0.505, 0.001, 0.597, 0.218, 0.43, 0, 0.505, 0.16, 0.368
Node_FirmE5_FirmA85_0, 2.895, 0.069, 0.109, 0.227, 0.999, 0, 2.895, 1.598, 1.204
Node_FirmE5_FirmE3_0, 1.011, 0.003, 0.195, 0.225, 0.7, 0, 1.011, 0.558, 0.47
Node_FirmE5_FirmE4_0, 0.733, 0.003, 1.157, 0.165, 0.566, 0, 0.733, 0.529, 0.212
Node_FirmE5_FirmE7_0, 1.675, 0.005, 1.317, 0.326, 0.985, 0, 1.675, 1.583, 0.092
Node_FirmE7_FirmE1_0, 1.246, 0.008, 0.542, 0.165, 1, 0, 1.246, 1.143, 0.105
Node_FirmE7_FirmE2_0, 1.494, 0.003, 0.062, 0.123, 0.998, 0, 1.494, 1.199, 0.307
Node_FirmE7_FirmE8_0, 1.017, 0.004, 1.303, 0.365, 1, 0, 1.017, 0.237, 0.822
Node_FirmF1_FirmF2_0, 0.473, 0.02, 0.832, 0.401, 0.406, 0, 0.473, 0.242, 0.227
Node_FirmF1_FirmG6_0, 1.058, 0.032, 0.276, 0.282, 0.7, 0, 1.058, 0.827, 0.181
Node_FirmF2_FirmF3_0, 2.377, 1.064, 0.358, 0.343, 0.996, 0, 2.377, 0.071, 1.198
Node_FirmG5_FirmG1_0, 1.02, 0.008, 0.461, 0.366, 0.802, 0, 1.02, 0.827, 0.2
Node_FirmG5_FirmG2_0, 1.273, 0.048, 0.116, 0.282, 0.83, 0, 1.273, 0.825, 0.405
Node_FirmG6_FirmE5_0, 1.731, 0.049, 0.155, 0.216, 0.896, 0, 1.731, 0.874, 0.779
Node_FirmG6_FirmG3_0, 0.86, 0.017, 0.154, 0.59, 0.724, 0, 0.86, 0.673, 0.183
Node_FirmG6_FirmG4_0, 0.814, 0.022, 0.267, 0.541, 0.687, 0, 0.814, 0.671, 0.123
Node_FirmG6_FirmG5_0, 0.936, 0.024, 0.977, 0.277, 0.742, 0, 0.936, 0.748, 0.158
Node_Firms11_Firms17_0, 2.183, 0.009, 0.526, 0.055, 1, 0, 2.183, 2.042, 0.13
Node_Firms13_Firms1_0, 0.671, 0.001, 1.297, 0.379, 0.548, 0, 0.671, 0.487, 0.197
Node_Firms1_Firms10_0, 0.409, 0, 0.407, 0.162, 0.391, 0, 0.409, 0.288, 0.145
Node_Firms20_Firms12_0, 1.437, 0, 1.035, 0.061, 0.884, 0, 1.437, 1.119, 0.347
Node_Firms20_Firms29_0, 1.018, 0.001, 1.028, 0.05, 1, 0, 1.018, 0.435, 0.608
Node_Firms22_Firms27_0, 2.233, 0.006, 0.616, 0.282, 1, 0, 2.233, 1.967, 0.274
Node_Firms23_Firms18_0, 0.243, 0.001, 1.021, 0.106, 0.24, 0, 0.243, 0.064, 0.205
Node_Firms24_Firms26_0, 1.262, 0.011, 0.365, 0.369, 1, 0, 1.262, 1.026, 0.257
Node_Firms30_Firms31_0, 0.272, 0.001, 1.064, 0.119, 0.257, 0, 0.272, 0.068, 0.228
Node_Firms32_Firms25_0, 1.149, 0.001, 0.096, 0.065, 0.966, 0, 1.149, 0.985, 0.182
Node_Firms33_FirmA83_0, 4.537, 0.353, 0.362, 1.195, 1, 0, 4.537, 3.651, 0.246
Node_Firms33_FirmD1_0, 2.396, 0.079, 1.4, 0.763, 1, 0, 2.396, 2.18, 0.08
Node_Firms33_FirmD4_0, 3.637, 0.035, 1.07, 1.156, 1, 0, 3.637, 3.457, 0.135
Node_Firms33_Firms11_0, 2.57, 0.019, 0.085, 0.246, 1, 0, 2.57, 2.476, 0.067
Node_Firms33_Firms13_0, 1.77, 0.045, 0.3, 0.416, 0.998, 0, 1.77, 1.625, 0.072
Node_Firms33_Firms15_0, 1.821, 0.015, 0.327, 0.413, 1, 0, 1.821, 1.748, 0.062
Node_Firms33_Firms16_0, 2.064, 0.356, 0.233, 1.411, 1, 0, 2.064, 1.298, 0.12
Node_Firms33_Firms20_0, 2.125, 0.001, 0.057, 0.044, 0.997, 0, 2.125, 2.028, 0.108
Node_Firms33_Firms21_0, 2.073, 0.007, 0.043, 0.045, 1, 0, 2.073, 2.027, 0.045
Node_Firms33_Firms22_0, 2.569, 0.455, 0.026, 0.13, 1, 0, 2.569, 1.288, 0.385
Node_Firms33_Firms23_0, 1.058, 0, 0.104, 0.086, 0.969, 0, 1.058, 0.993, 0.1
Node_Firms33_Firms28_0, 0.421, 0.006, 1.119, 0.256, 0.385, 0, 0.421, 0.123, 0.312
Node_Firms33_Firms2_0, 0.453, 0.003, 0.319, 0.204, 0.385, 0, 0.453, 0.127, 0.348
Node_Firms33_Firms30_0, 1.107, 0, 1.136, 0.054, 0.969, 0, 1.107, 0.998, 0.118
Node_Firms33_Firms32_0, 1.062, 0.009, 0.198, 0.341, 0.964, 0, 1.062, 0.277, 0.798
Node_Firms33_Firms3_0, 1.755, 0.022, 0.2, 0.304, 1, 0, 1.755, 1.564, 0.163
Node_Firms33_Firms5_0, 2.071, 0.021, 0.151, 0.286, 1, 0, 2.071, 1.836, 0.204
Node_Firms33_Firms6_0, 1.953, 0.024, 0.167, 0.208, 1, 0, 1.953, 1.883, 0.033
Node_Firms33_Firms7_0, 1.997, 0.014, 0.731, 0.248, 0.998, 0, 1.997, 1.831, 0.144
Node_Firms33_Firms8_0, 2.063, 0.709, 1.153, 0.443, 1, 0, 2.063, 0.721, 0.111
Node_Firms33_Firms9_0, 1.222, 0.004, 0.094, 0.087, 0.977, 0, 1.222, 1.037, 0.205
Node_Firms8_Firms24_0, 1.359, 0.012, 0.428, 0.232, 0.985, 0, 1.359, 1.163, 0.201
Node_Firms8_Firms4_0, 1.574, 0.018, 0.672, 0.737, 0.984, 0, 1.574, 1.398, 0.165
Node_Gemm2_Gemm4_0, 1.017, 0.03, 0.077, 0.722, 1, 0, 1.017, 0.151, 0.89
Node_Gemm3_Gemm6_0, 0.01, 0.001, 0.072, 0.076, 0.01, 0, 0.01, 0.002, 0.048
Node_Gemm5_Gemm8_0, 0.203, 0, 0.045, 0.09, 0.197, 0, 0.203, 0.111, 0.098
Node_Gemm5_Gemm9_0, 0.046, 0.002, 0.199, 0.075, 0.045, 0, 0.046, 0.017, 0.04
Node_Gemm9_Gemm2_0, 0.174, 0.006, 0.04, 0.149, 0.171, 0, 0.174, 0.026, 0.162
Node_Gemm9_Gemm3_0, 0.033, 0, 0.061, 0.065, 0.033, 0, 0.033, 0.013, 0.035
Node_Gemm9_Gemm7_0, 0.059, 0.002, 0.161, 0.128, 0.057, 0, 0.059, 0.039, 0.044
Node_Gold1_FCPU1_0, 1.448, 0.014, 0.711, 0.66, 0.902, 0, 1.448, 1.35, 0.083
Node_Gold1_Fire1_0, 2.062, 0.016, 1.025, 0.911, 0.921, 0, 2.062, 1.959, 0.085
Node_Gold1_Gold2_0, 1.706, 0.005, 0.908, 0.609, 1, 0, 1.706, 0.572, 1.161
Node_Hydr2_Abys1_0, 1.615, 0.003, 0.356, 0.398, 0.994, 0, 1.615, 1.523, 0.096
Node_Hydr2_Hydr1_0, 1.059, 0.006, 1.027, 0.242, 0.999, 0, 1.059, 0.612, 0.465
Node_Hydr2_Plan43_0, 2.515, 0.074, 0.765, 1.541, 0.996, 0, 2.515, 2.297, 0.102
Node_Hydr2_Sume1_0, 1.872, 0.031, 0.735, 1.202, 0.995, 0, 1.872, 1.771, 0.061
Node_KSB1X2_KSB1X4_0, 0.017, 0, 0.059, 0.05, 0.017, 0, 0.017, 0.002, 0.037
Node_KSB1X3_KSB1X1_0, 0.211, 0, 0.037, 0.081, 0.207, 0, 0.211, 0.068, 0.168
Node_Late1_Late3_0, 2.98, 0.92, 0.1, 0.547, 1, 0, 2.98, 0.318, 1.478
Node_Late2_Late1_0, 0.682, 0.039, 0.472, 0.339, 0.523, 0, 0.682, 0.333, 0.295
Node_Lind1_Lind2_0, 1.303, 0.008, 0.912, 0.63, 1, 0, 1.303, 1.057, 0.258
Node_Lind1_Lind4_0, 1.949, 0.02, 0.568, 1.124, 0.992, 0, 1.949, 1.903, 0.026
Node_Marg1_Marg2_0, 0.28, 0.003, 0.646, 0.415, 0.253, 0, 0.28, 0.226, 0.061
Node_Marg1_Marg6_0, 0.29, 0, 0.198, 0.184, 0.265, 0, 0.29, 0.089, 0.208
Node_Marg2_Marg7_0, 0.46, 0, 0.208, 0.187, 0.403, 0, 0.46, 0.089, 0.388
Node_Mari3_Mari2_0, 0.009, 0, 0.074, 0.048, 0.009, 0, 0.009, 0.005, 0.021
Node_Mari3_Mari6_0, 0.062, 0.002, 0.052, 0.05, 0.059, 0, 0.062, 0.034, 0.034
Node_Mari6_Mari1_0, 0.372, 0.004, 0.043, 0.116, 0.313, 0, 0.372, 0.094, 0.304
Node_Mari6_Mari5_0, 0.107, 0, 0.032, 0.059, 0.103, 0, 0.107, 0.043, 0.077
Node_Meth2_Meth1_0, 1.298, 0.006, 0.166, 0.233, 1, 0, 1.298, 1.064, 0.281
Node_Meth4_Meth3_0, 1.021, 0, 0.071, 0.068, 1, 0, 1.021, 1.015, 0.032
Node_Meth5_Meth2_0, 1.177, 0.004, 0.326, 0.211, 0.993, 0, 1.177, 0.154, 1.031
Node_Meth5_Meth4_0, 1.06, 0.001, 0.181, 0.133, 1, 0, 1.06, 1.033, 0.063
Node_Meth5_NitsA1_0, 1.625, 0.01, 1.163, 0.339, 0.917, 0, 1.625, 1.408, 0.203
Node_Meth5_SZUA1_0, 0.468, 0.023, 1.134, 0.246, 0.4, 0, 0.468, 0.201, 0.253
Node_Meth5_Sche1_0, 1.326, 0.002, 0.503, 0.21, 0.904, 0, 1.326, 1.129, 0.202
Node_MyxA1_MyxA2_0, 1.077, 0.006, 0.091, 0.085, 1, 0, 1.077, 1.03, 0.057
Node_MyxA1_MyxA4_0, 1.105, 0.003, 0.746, 0.226, 0.998, 0, 1.105, 0.148, 0.976
Node_MyxA2_MyxA3_0, 1.231, 0.004, 0.068, 0.096, 1, 0, 1.231, 1.043, 0.218
Node_Myxo10_Bdell6_0, 1.27, 0.005, 0.651, 0.33, 0.816, 0, 1.27, 1.164, 0.105
Node_Myxo10_MyxA1_0, 0.872, 0.009, 0.521, 0.289, 0.68, 0, 0.872, 0.755, 0.114
Node_Myxo10_Myxo11_0, 1.027, 0.011, 0.1, 0.246, 0.732, 0, 1.027, 0.773, 0.244
Node_Myxo10_Myxo14_0, 1.728, 0.042, 0.113, 0.292, 0.922, 0, 1.728, 0.908, 0.772
Node_Myxo10_Myxo15_0, 2.354, 0.008, 0.732, 0.829, 0.987, 0, 2.354, 1.789, 0.576
Node_Myxo10_Myxo17_0, 2.502, 0.066, 0.192, 0.857, 0.991, 0, 2.502, 1.518, 0.9
Node_Myxo11_Bdell13_0, 0.24, 0.003, 0.828, 0.241, 0.223, 0, 0.24, 0.208, 0.038
Node_Myxo11_Myxo13_0, 0.02, 0.001, 0.084, 0.079, 0.02, 0, 0.02, 0.007, 0.051
Node_Myxo11_Myxo8_0, 0.052, 0.001, 0.209, 0.094, 0.051, 0, 0.052, 0.042, 0.02
Node_Myxo14_Myxo2_0, 1.295, 0.011, 0.139, 0.251, 0.768, 0, 1.295, 0.893, 0.407
Node_Myxo14_Myxo3_0, 1.518, 0.017, 0.509, 0.324, 0.916, 0, 1.518, 1.22, 0.282
Node_Myxo14_Myxo5_0, 1.681, 0.008, 0.71, 0.235, 1, 0, 1.681, 0.604, 1.088
Node_Myxo14_Myxo6_0, 1.298, 0.005, 0.621, 0.245, 1, 0, 1.298, 1.096, 0.233
Node_Myxo14_Myxo9_0, 1.016, 0.003, 0.604, 0.417, 0.701, 0, 1.016, 0.928, 0.099
Node_Myxo15_Myxo18_0, 2.281, 0.017, 0.683, 0.984, 1, 0, 2.281, 1.708, 0.593
Node_Myxo17_Myxo19_0, 3.802, 1.433, 0.814, 0.926, 1, 0, 3.802, 1.185, 0.681
Node_Myxo2_Myxo1_0, 1.08, 0.008, 0.591, 0.392, 0.74, 0, 1.08, 0.723, 0.368
Node_Myxo8_Myxo7_0, 0.02, 0, 0.065, 0.053, 0.02, 0, 0.02, 0.014, 0.033
Node_Nitr10_Nitr3_0, 1.02, 0.001, 0.052, 0.06, 0.998, 0, 1.02, 1.002, 0.044
Node_Nitr10_Nitr4_0, 1.027, 0.005, 0.073, 0.063, 1, 0, 1.027, 1.006, 0.049
Node_Nitr10_Nitr6_0, 1.024, 0.001, 0.042, 0.048, 1, 0, 1.024, 1.003, 0.045
Node_Nitr14_CG294X1_0, 1.382, 0.014, 1.249, 0.401, 0.982, 0, 1.382, 1.327, 0.042
Node_Nitr14_Meth5_0, 2.575, 0.018, 1.534, 0.597, 0.994, 0, 2.575, 2.346, 0.201
Node_Nitr14_Nitr12_0, 0.202, 0, 1.034, 0.051, 0.197, 0, 0.202, 0.065, 0.161
Node_Nitr14_Nitr13_0, 1.058, 0.006, 0.048, 0.049, 1, 0, 1.058, 1.035, 0.034
Node_Nitr14_Nitr15_0, 1.008, 0.01, 0.492, 0.386, 0.77, 0, 1.008, 0.89, 0.108
Node_Nitr14_Nitr16_0, 1.075, 0.002, 0.05, 0.051, 0.976, 0, 1.075, 1.022, 0.065
Node_Nitr14_Nitr2_0, 1.066, 0.005, 0.099, 0.063, 1, 0, 1.066, 1.044, 0.026
Node_Nitr14_Nitr9_0, 1.134, 0.015, 0.262, 0.267, 0.999, 0, 1.134, 0.746, 0.373
Node_Nitr15_Nitr10_0, 1.046, 0.006, 0.289, 0.398, 1, 0, 1.046, 0.398, 0.661
Node_Nitr15_Nitr1_0, 0.506, 0.008, 0.617, 0.456, 0.426, 0, 0.506, 0.401, 0.107
Node_Nitr15_Nitr8_0, 0.668, 0.005, 0.167, 0.323, 0.547, 0, 0.668, 0.35, 0.324
Node_Nitr16_Nitr11_0, 1.448, 0.147, 0.056, 0.121, 0.984, 0, 1.448, 0.938, 0.254
Node_Nitr16_Nitr17_0, 1.103, 0.017, 0.108, 0.085, 0.975, 0, 1.103, 0.983, 0.119
Node_Nitr17_Nitr5_0, 0.022, 0, 1.111, 0.081, 0.022, 0, 0.022, 0.014, 0.03
Node_Nitr9_Nitr7_0, 1.212, 0.001, 0.093, 0.042, 0.999, 0, 1.212, 1.05, 0.17
Node_Nits1_Nits3_0, 1.031, 0.001, 0.082, 0.071, 1, 0, 1.031, 1.008, 0.051
Node_Nits4_Nits2_0, 1.34, 0.009, 0.083, 0.498, 1, 0, 1.34, 1.266, 0.082
Node_NitsA1_NitsA2_0, 1.581, 0.034, 0.311, 0.327, 1, 0, 1.581, 1.18, 0.386
Node_NitsA1_NitsA3_0, 1.472, 0.024, 0.943, 0.573, 1, 0, 1.472, 0.682, 0.766
Node_NitsA3_Nits1_0, 1.061, 0, 0.299, 0.168, 0.987, 0, 1.061, 1.054, 0.028
Node_NitsA3_Nits4_0, 1.332, 0.037, 0.209, 0.44, 1, 0, 1.332, 1.242, 0.032
Node_Omni4_Omni2_0, 1.385, 0.007, 0.098, 0.186, 0.999, 0, 1.385, 0.244, 1.175
Node_Omni4_Omni3_0, 0.352, 0.001, 1.004, 0.347, 0.304, 0, 0.352, 0.231, 0.126
Node_Omni4_Omni7_0, 0.301, 0.002, 0.229, 0.18, 0.273, 0, 0.301, 0.134, 0.176
Node_Omni4_Omni8_0, 1.229, 0.007, 0.8, 0.523, 0.949, 0, 1.229, 1.147, 0.082
Node_Omni8_Omni6_0, 1.051, 0.008, 0.28, 0.308, 1, 0, 1.051, 0.962, 0.094
Node_P4572X1_Ferm1_0, 0.343, 0.008, 0.408, 0.159, 0.299, 0, 0.343, 0.256, 0.081
Node_P4572X1_Gemm5_0, 0.15, 0.004, 0.224, 0.126, 0.143, 0, 0.15, 0.124, 0.027
Node_Pate13_Pate34_0, 0.302, 0.001, 0.034, 0.087, 0.296, 0, 0.302, 0.089, 0.233
Node_Pate13_Pate6_0, 0.102, 0.002, 0.025, 0.036, 0.101, 0, 0.102, 0.027, 0.082
Node_Pate14_Pate35_0, 0.018, 0, 0.029, 0.031, 0.018, 0, 0.018, 0.002, 0.026
Node_Pate14_Pate5_0, 0.021, 0, 0.036, 0.029, 0.021, 0, 0.021, 0.011, 0.029
Node_Pate15_Pate29_0, 0.027, 0, 0.04, 0.042, 0.027, 0, 0.027, 0.004, 0.051
Node_Pate17_Pate18_0, 0.014, 0, 0.021, 0.017, 0.014, 0, 0.014, 0.005, 0.017
Node_Pate17_Pate19_0, 0.018, 0, 0.02, 0.019, 0.018, 0, 0.018, 0.007, 0.024
Node_Pate17_Pate8_0, 0.014, 0, 0.024, 0.034, 0.014, 0, 0.014, 0.004, 0.024
Node_Pate18_Pate38_0, 0.019, 0, 0.039, 0.041, 0.019, 0, 0.019, 0.005, 0.038
Node_Pate18_Pate9_0, 0.02, 0, 0.023, 0.024, 0.019, 0, 0.02, 0.003, 0.029
Node_Pate19_Pate37_0, 0.008, 0, 0.021, 0.023, 0.008, 0, 0.008, 0.001, 0.018
Node_Pate19_Pate4_0, 0.011, 0, 0.026, 0.031, 0.011, 0, 0.011, 0.001, 0.019
Node_Pate1_Pate50_0, 0.005, 0, 0.023, 0.024, 0.005, 0, 0.005, 0.002, 0.018
Node_Pate21_Pate15_0, 0.016, 0.001, 0.018, 0.026, 0.016, 0, 0.016, 0.008, 0.017
Node_Pate21_Pate26_0, 0.016, 0, 0.024, 0.027, 0.016, 0, 0.016, 0.005, 0.019
Node_Pate24_Pate13_0, 0.043, 0.001, 0.028, 0.034, 0.043, 0, 0.043, 0.013, 0.042
Node_Pate24_Pate14_0, 0.028, 0.001, 0.022, 0.029, 0.026, 0, 0.028, 0.01, 0.032
Node_Pate24_Pate39_0, 0.015, 0, 0.039, 0.037, 0.014, 0, 0.015, 0.002, 0.034
Node_Pate24_Pate54_0, 0.02, 0.001, 0.045, 0.032, 0.02, 0, 0.02, 0.009, 0.021
Node_Pate25_Pate17_0, 0.014, 0.001, 0.015, 0.021, 0.013, 0, 0.014, 0.003, 0.017
Node_Pate25_Pate28_0, 0.014, 0, 0.02, 0.018, 0.014, 0, 0.014, 0.004, 0.02
Node_Pate25_Pate32_0, 0.011, 0, 0.013, 0.019, 0.011, 0, 0.011, 0.004, 0.009
Node_Pate26_Pate12_0, 0.015, 0, 0.023, 0.022, 0.015, 0, 0.015, 0.003, 0.022
Node_Pate40_Pate24_0, 0.017, 0, 0.016, 0.024, 0.017, 0, 0.017, 0.006, 0.021
Node_Pate40_Pate55_0, 0.009, 0, 0.029, 0.025, 0.009, 0, 0.009, 0.004, 0.021
Node_Pate40_Pate7_0, 0.012, 0, 0.007, 0.009, 0.012, 0, 0.012, 0.007, 0.009
Node_Pate43_Pate22_0, 0.013, 0, 0.021, 0.014, 0.013, 0, 0.013, 0.008, 0.009
Node_Pate43_Pate3_0, 0.015, 0, 0.024, 0.024, 0.015, 0, 0.015, 0.005, 0.026
Node_Pate43_Pate44_0, 0.021, 0.001, 0.019, 0.02, 0.021, 0, 0.021, 0.005, 0.024
Node_Pate43_Pate45_0, 0.025, 0, 0.021, 0.019, 0.025, 0, 0.025, 0.015, 0.015
Node_Pate43_Pate57_0, 0.013, 0, 0.033, 0.028, 0.013, 0, 0.013, 0.004, 0.025
Node_Pate44_Pate10_0, 0.014, 0, 0.026, 0.03, 0.014, 0, 0.014, 0.003, 0.03
Node_Pate44_Pate52_0, 0.01, 0, 0.027, 0.033, 0.01, 0, 0.01, 0.004, 0.016
Node_Pate45_Pate11_0, 0.009, 0, 0.025, 0.032, 0.009, 0, 0.009, 0.004, 0.013
Node_Pate45_Pate21_0, 0.021, 0.001, 0.016, 0.015, 0.017, 0, 0.021, 0.009, 0.011
Node_Pate46_Pate25_0, 0.015, 0, 0.031, 0.021, 0.015, 0, 0.015, 0.011, 0.005
Node_Pate48_Chlo30_0, 0.362, 0.005, 0.258, 0.194, 0.312, 0, 0.362, 0.337, 0.022
Node_Pate48_Pate1_0, 0.01, 0, 0.016, 0.026, 0.01, 0, 0.01, 0.003, 0.018
Node_Pate48_Pate23_0, 0.085, 0, 0.285, 0.118, 0.083, 0, 0.085, 0.08, 0.008
Node_Pate48_Pate30_0, 0.008, 0, 0.013, 0.012, 0.008, 0, 0.008, 0.002, 0.011
Node_Pate48_Pate40_0, 0.01, 0, 0.027, 0.012, 0.01, 0, 0.01, 0.006, 0.006
Node_Pate48_Pate43_0, 0.031, 0, 0.026, 0.02, 0.031, 0, 0.031, 0.021, 0.016
Node_Pate48_Pate46_0, 0.041, 0, 0.052, 0.051, 0.04, 0, 0.041, 0.037, 0.008
Node_Pate48_Pate49_0, 0.012, 0, 0.015, 0.022, 0.012, 0, 0.012, 0.005, 0.017
Node_Pate48_Pate51_0, 0.007, 0, 0.021, 0.026, 0.007, 0, 0.007, 0.004, 0.016
Node_Pate48_Pate56_0, 0.008, 0, 0.017, 0.019, 0.008, 0, 0.008, 0.004, 0.017
Node_Pate49_Pate41_0, 0.012, 0, 0.018, 0.023, 0.012, 0, 0.012, 0.004, 0.018
Node_Pate51_Pate27_0, 0.02, 0, 0.049, 0.053, 0.02, 0, 0.02, 0.006, 0.042
Node_Pate51_Pate33_0, 0.009, 0.001, 0.018, 0.026, 0.009, 0, 0.009, 0.002, 0.019
Node_Pate51_Pate53_0, 0.027, 0, 0.028, 0.041, 0.027, 0, 0.027, 0.006, 0.046
Node_Pate54_Pate31_0, 0.012, 0, 0.031, 0.026, 0.012, 0, 0.012, 0.006, 0.023
Node_Pate9_Pate36_0, 0.014, 0, 0.031, 0.029, 0.014, 0, 0.014, 0.004, 0.025
Node_Plan17_Plan23_0, 0.01, 0, 0.049, 0.056, 0.01, 0, 0.01, 0.004, 0.039
Node_Plan22_Plan2_0, 0.464, 0.001, 1.023, 0.197, 0.406, 0, 0.464, 0.133, 0.376
Node_Plan22_Plan4_0, 1.11, 0.003, 0.111, 0.18, 0.846, 0, 1.11, 0.809, 0.318
Node_Plan26_Plan21_0, 1.745, 0.021, 0.1, 0.38, 0.998, 0, 1.745, 1.002, 0.73
Node_Plan26_Plan5_0, 1.919, 0, 0.026, 0.137, 1, 0, 1.919, 1.727, 0.2
Node_Plan30_Plan14_0, 0.508, 0.028, 0.098, 0.177, 0.422, 0, 0.508, 0.135, 0.367
Node_Plan31_Plan17_0, 0.02, 0.001, 0.063, 0.046, 0.02, 0, 0.02, 0.009, 0.023
Node_Plan31_Plan18_0, 0.308, 0.001, 0.545, 0.27, 0.276, 0, 0.308, 0.19, 0.126
Node_Plan31_Plan27_0, 0.059, 0, 0.361, 0.154, 0.056, 0, 0.059, 0.048, 0.023
Node_Plan31_Plan39_0, 0.397, 0.008, 0.127, 0.253, 0.351, 0, 0.397, 0.187, 0.208
Node_Plan32_Plan12_0, 0.018, 0, 0.076, 0.068, 0.018, 0, 0.018, 0.008, 0.043
Node_Plan32_Plan22_0, 0.9, 0.001, 0.321, 0.173, 0.763, 0, 0.9, 0.779, 0.126
Node_Plan32_Plan26_0, 1.094, 0.017, 0.162, 0.44, 0.814, 0, 1.094, 0.543, 0.538
Node_Plan32_Plan30_0, 0.211, 0.005, 0.828, 0.168, 0.197, 0, 0.211, 0.085, 0.134
Node_Plan32_Plan3_0, 0.051, 0, 0.219, 0.096, 0.049, 0, 0.051, 0.028, 0.059
Node_Plan33_Plan44_0, 0.252, 0.003, 0.318, 0.121, 0.245, 0, 0.252, 0.109, 0.155
Node_Plan42_Plan40_0, 1.705, 0.001, 0.28, 0.098, 1, 0, 1.705, 1.662, 0.067
Node_Plan43_Plan16_0, 1.081, 0.005, 0.18, 0.08, 0.999, 0, 1.081, 0.242, 0.844
Node_Plan43_Plan31_0, 0.726, 0.013, 0.138, 0.406, 0.562, 0, 0.726, 0.641, 0.07
Node_Plan43_Plan32_0, 0.701, 0.012, 0.144, 0.347, 0.555, 0, 0.701, 0.585, 0.107
Node_Plan43_Plan33_0, 0.412, 0, 0.499, 0.203, 0.359, 0, 0.412, 0.207, 0.21
Node_Plan43_Plan42_0, 1.917, 0.651, 0.053, 0.208, 0.999, 0, 1.917, 0.406, 0.238
Node_Plan43_Plan7_0, 0.781, 0.01, 1.475, 0.688, 0.595, 0, 0.781, 0.744, 0.033
Node_Plan43_Verr11_0, 2.213, 0.05, 0.38, 0.517, 0.993, 0, 2.213, 2.096, 0.028
Node_Pori1_Pori2_0, 1.121, 0.012, 0.9, 0.839, 1, 0, 1.121, 0.346, 0.774
Node_ProtA11_ProtA32_0, 1.442, 0.001, 0.269, 0.184, 0.988, 0, 1.442, 1.148, 0.324
Node_ProtA12_ProtA44_0, 0.017, 0, 0.039, 0.04, 0.017, 0, 0.017, 0.005, 0.027
Node_ProtA12_ProtA54_0, 0.007, 0, 0.036, 0.042, 0.007, 0, 0.007, 0.004, 0.026
Node_ProtA13_ProtA24_0, 1.102, 0.002, 0.077, 0.158, 0.95, 0, 1.102, 0.86, 0.259
Node_ProtA13_ProtA61_0, 1.111, 0.002, 0.158, 0.203, 0.905, 0, 1.111, 0.972, 0.165
Node_ProtA13_ProtA77_0, 1.31, 0.008, 0.578, 0.191, 0.86, 0, 1.31, 1.19, 0.124
Node_ProtA13_ProtA7_0, 0.918, 0.002, 0.465, 0.214, 0.799, 0, 0.918, 0.864, 0.071
Node_ProtA15_ProtA42_0, 1.049, 0.003, 0.498, 0.321, 0.982, 0, 1.049, 1.031, 0.038
Node_ProtA15_ProtA70_0, 1.506, 0.006, 0.264, 0.361, 0.99, 0, 1.506, 1.447, 0.071
Node_ProtA16_ProtA33_0, 0.049, 0, 0.469, 0.128, 0.049, 0, 0.049, 0.042, 0.018
Node_ProtA16_ProtA66_0, 0.015, 0, 0.056, 0.044, 0.015, 0, 0.015, 0.009, 0.022
Node_ProtA16_ProtA69_0, 1.613, 0.011, 0.415, 0.281, 0.884, 0, 1.613, 1.508, 0.109
Node_ProtA16_ProtA8_0, 0.5, 0.002, 1.233, 0.357, 0.425, 0, 0.5, 0.404, 0.118
Node_ProtA18_ProtA10_0, 0.968, 0, 0.107, 0.081, 0.938, 0, 0.968, 0.946, 0.047
Node_ProtA18_ProtA19_0, 2.138, 0.088, 0.177, 0.587, 1, 0, 2.138, 1.891, 0.09
Node_ProtA18_ProtA29_0, 1.028, 0, 0.93, 0.211, 0.929, 0, 1.028, 1.011, 0.03
Node_ProtA18_ProtA53_0, 1.928, 0.007, 0.304, 0.246, 1, 0, 1.928, 1.845, 0.087
Node_ProtA19_ProtA14_0, 0.158, 0.003, 0.208, 0.135, 0.146, 0, 0.158, 0.101, 0.066
Node_ProtA19_ProtA20_0, 1.346, 0.035, 0.91, 0.117, 0.998, 0, 1.346, 1.205, 0.083
Node_ProtA19_ProtA3_0, 0.305, 0.002, 0.066, 0.079, 0.274, 0, 0.305, 0.105, 0.211
Node_ProtA19_ProtA46_0, 0.054, 0, 0.323, 0.106, 0.053, 0, 0.054, 0.035, 0.05
Node_ProtA19_ProtA49_0, 0.023, 0.001, 0.07, 0.053, 0.023, 0, 0.023, 0.01, 0.038
Node_ProtA19_ProtA56_0, 1.188, 0.003, 0.266, 0.117, 1, 0, 1.188, 1.094, 0.105
Node_ProtA19_ProtA68_0, 0.134, 0.002, 0.293, 0.095, 0.123, 0, 0.134, 0.036, 0.12
Node_ProtA19_ProtA74_0, 0.327, 0.002, 0.09, 0.12, 0.311, 0, 0.327, 0.07, 0.281
Node_ProtA19_ProtA75_0, 0.297, 0.007, 1.057, 0.195, 0.284, 0, 0.297, 0.148, 0.159
Node_ProtA20_ProtA11_0, 1.386, 0.023, 0.126, 0.097, 0.99, 0, 1.386, 1.226, 0.143
Node_ProtA20_ProtA5_0, 0.476, 0.083, 1.164, 0.129, 0.361, 0, 0.476, 0.187, 0.171
Node_ProtA26_ProtA37_0, 0.127, 0, 0.103, 0.117, 0.124, 0, 0.127, 0.048, 0.089
Node_ProtA26_ProtA45_0, 0.141, 0, 0.889, 0.261, 0.135, 0, 0.141, 0.122, 0.029
Node_ProtA27_ProtA21_0, 0.027, 0, 0.157, 0.096, 0.027, 0, 0.027, 0.025, 0.014
Node_ProtA30_ProtA35_0, 0.021, 0.001, 0.069, 0.048, 0.021, 0, 0.021, 0.008, 0.033
Node_ProtA34_Acid38_0, 4.065, 0.279, 0.362, 0.933, 1, 0, 4.065, 3.465, 0.109
Node_ProtA34_Chry1_0, 4.039, 0.191, 0.902, 1.193, 1, 0, 4.039, 3.661, 0.032
Node_ProtA34_DesuB4_0, 2.978, 0.025, 0.323, 0.756, 0.995, 0, 2.978, 2.845, 0.107
Node_ProtA34_DesuC2_0, 1.982, 0.021, 1.086, 0.543, 0.955, 0, 1.982, 1.885, 0.069
Node_ProtA34_J088X1_0, 1.124, 0.013, 0.977, 0.495, 0.879, 0, 1.124, 1.007, 0.106
Node_ProtA34_Nitr14_0, 3.89, 0.107, 0.357, 0.749, 1, 0, 3.89, 3.625, 0.075
Node_ProtA34_ProtA13_0, 1.756, 0.014, 0.241, 0.186, 0.983, 0, 1.756, 1.679, 0.075
Node_ProtA34_ProtA16_0, 1.908, 0.042, 0.303, 0.337, 1, 0, 1.908, 1.713, 0.138
Node_ProtA34_ProtA18_0, 2.137, 0.848, 0.049, 0.392, 0.999, 0, 2.137, 0.495, 0.167
Node_ProtA34_ProtA26_0, 1.001, 0.025, 0.112, 0.157, 0.92, 0, 1.001, 0.908, 0.052
Node_ProtA34_ProtA38_0, 2.031, 0.391, 0.786, 0.395, 1, 0, 2.031, 1.071, 0.289
Node_ProtA34_ProtA39_0, 1.171, 0.147, 0.045, 0.196, 0.945, 0, 1.171, 0.829, 0.068
Node_ProtA34_ProtA40_0, 1.077, 0, 0.747, 0.17, 0.823, 0, 1.077, 1.032, 0.068
Node_ProtA34_ProtA43_0, 0.783, 0, 0.365, 0.118, 0.76, 0, 0.783, 0.737, 0.071
Node_ProtA34_ProtA9_0, 1.036, 0.009, 0.066, 0.168, 0.91, 0, 1.036, 0.927, 0.103
Node_ProtA34_ProtG30_0, 1.204, 0.014, 0.112, 0.491, 0.977, 0, 1.204, 1.01, 0.178
Node_ProtA34_ProtM1_0, 1.197, 0.021, 0.142, 0.246, 0.932, 0, 1.197, 1.051, 0.114
Node_ProtA34_SAR3X2_0, 3.364, 0.246, 0.944, 0.874, 0.995, 0, 3.364, 2.803, 0.172
Node_ProtA34_SM23X1_0, 4.718, 0.543, 0.26, 2.262, 1, 0, 4.718, 3.667, 0.112
Node_ProtA34_Spir10_0, 4.323, 1.008, 0.386, 2.043, 1, 0.001, 4.323, 2.644, 0.069
Node_ProtA34_UBA2X1_0, 3.169, 0.098, 0.52, 0.999, 0.996, 0, 3.169, 2.791, 0.227
Node_ProtA34_Wall1_0, 3.631, 2.752, 0.12, 5.35, 0.999, 0.999, 3.631, 0.008, 0
Node_ProtA34_mitoFungi_0, 0.99, 0.008, 0.242, 0.183, 0.909, 0, 0.99, 0.954, 0.027
Node_ProtA38_ProtA15_0, 1.693, 0.135, 0.518, 0.331, 1, 0, 1.693, 1.402, 0.045
Node_ProtA38_ProtA41_0, 1.707, 0.004, 0.101, 0.201, 1, 0, 1.707, 1.636, 0.087
Node_ProtA38_ProtA64_0, 1.717, 0.452, 0.461, 0.335, 0.998, 0, 1.717, 0.805, 0.033
Node_ProtA39_ProtA12_0, 0.029, 0, 0.056, 0.046, 0.029, 0, 0.029, 0.017, 0.029
Node_ProtA39_ProtA27_0, 0.17, 0, 1.028, 0.236, 0.163, 0, 0.17, 0.153, 0.027
Node_ProtA39_ProtA30_0, 0.056, 0.003, 0.147, 0.109, 0.056, 0, 0.056, 0.045, 0.03
Node_ProtA39_ProtA36_0, 0.013, 0, 0.036, 0.025, 0.013, 0, 0.013, 0.007, 0.02
Node_ProtA3_ProtA72_0, 1.163, 0.003, 0.071, 0.055, 1, 0, 1.163, 1.01, 0.174
Node_ProtA3_ProtA76_0, 1.057, 0.004, 0.087, 0.052, 1, 0, 1.057, 0.238, 0.835
Node_ProtA40_ProtA67_0, 0.439, 0.001, 0.805, 0.129, 0.426, 0, 0.439, 0.302, 0.166
Node_ProtA46_ProtA55_0, 0.012, 0, 0.083, 0.066, 0.012, 0, 0.012, 0.003, 0.041
Node_ProtA47_ProtA63_0, 1.024, 0.002, 0.137, 0.094, 1, 0, 1.024, 1.014, 0.029
Node_ProtA53_ProtA58_0, 1.914, 0.002, 0.049, 0.181, 1, 0, 1.914, 1.894, 0.033
Node_ProtA56_ProtA52_0, 1.1, 0.001, 0.181, 0.153, 0.999, 0, 1.1, 1.036, 0.092
Node_ProtA68_ProtA2_0, 0.421, 0, 0.106, 0.103, 0.381, 0, 0.421, 0.058, 0.393
Node_ProtA69_ProtA50_0, 1.699, 0.006, 0.235, 0.388, 0.907, 0, 1.699, 1.394, 0.315
Node_ProtA70_ProtA57_0, 0.706, 0.006, 1.017, 0.393, 0.559, 0, 0.706, 0.518, 0.211
Node_ProtA76_ProtA47_0, 1.13, 0.012, 0.743, 0.085, 1, 0, 1.13, 1.01, 0.114
Node_ProtA76_ProtA48_0, 1.747, 0.703, 0.053, 0.06, 1, 0, 1.747, 0.319, 0.04
Node_ProtA76_ProtA62_0, 1.344, 0.026, 0.089, 1.109, 1, 0, 1.344, 1.067, 0.277
Node_ProtA76_ProtA71_0, 1.052, 0.003, 0.351, 0.158, 1, 0, 1.052, 1.031, 0.056
Node_ProtA77_ProtA31_0, 0.756, 0.004, 0.808, 0.309, 0.627, 0, 0.756, 0.521, 0.25
Node_ProtA77_ProtA51_0, 1.06, 0.007, 0.533, 0.415, 0.999, 0, 1.06, 0.246, 0.83
Node_ProtA9_ProtA60_0, 0.476, 0.005, 0.873, 0.313, 0.403, 0, 0.476, 0.171, 0.308
Node_ProtG12_ProtG5_0, 1.259, 0.011, 0.296, 0.444, 0.962, 0, 1.259, 1.061, 0.214
Node_ProtG16_ProtG17_0, 0.026, 0.001, 0.093, 0.068, 0.025, 0, 0.026, 0.011, 0.039
Node_ProtG18_ProtG10_0, 1.33, 0.177, 0.048, 0.136, 0.999, 0, 1.33, 0.948, 0.051
Node_ProtG18_ProtG12_0, 1.33, 0.028, 0.159, 0.414, 0.961, 0, 1.33, 1.168, 0.131
Node_ProtG18_ProtG14_0, 1.15, 0.075, 0.074, 0.079, 1, 0, 1.15, 0.982, 0.046
Node_ProtG18_ProtG21_0, 0.633, 0.024, 0.883, 0.85, 0.572, 0, 0.633, 0.462, 0.162
Node_ProtG24_ProtG18_0, 1.103, 0.066, 0.194, 0.844, 1, 0, 1.103, 0.948, 0.053
Node_ProtG25_ProtG9_0, 0.607, 0.005, 0.108, 0.287, 0.596, 0, 0.607, 0.516, 0.11
Node_ProtG29_ProtG76_0, 0.005, 0, 0.032, 0.034, 0.005, 0, 0.005, 0, 0.025
Node_ProtG30_ProtG19_0, 0.024, 0, 0.113, 0.065, 0.023, 0, 0.024, 0.008, 0.057
Node_ProtG30_ProtG31_0, 0.319, 0.007, 0.211, 0.134, 0.293, 0, 0.319, 0.112, 0.21
Node_ProtG30_ProtG34_0, 0.095, 0.001, 0.251, 0.135, 0.091, 0, 0.095, 0.081, 0.026
Node_ProtG30_ProtG35_0, 0.04, 0, 0.083, 0.073, 0.038, 0, 0.04, 0.025, 0.028
Node_ProtG30_ProtG39_0, 0.08, 0.001, 0.04, 0.054, 0.077, 0, 0.08, 0.011, 0.098
Node_ProtG30_ProtG42_0, 0.124, 0, 0.119, 0.067, 0.115, 0, 0.124, 0.044, 0.092
Node_ProtG30_ProtG49_0, 0.022, 0, 0.041, 0.031, 0.022, 0, 0.022, 0.008, 0.026
Node_ProtG30_ProtG50_0, 0.313, 0.001, 0.027, 0.086, 0.29, 0, 0.313, 0.105, 0.215
Node_ProtG30_ProtG64_0, 0.021, 0, 0.04, 0.046, 0.02, 0, 0.021, 0.005, 0.04
Node_ProtG30_ProtG71_0, 0.078, 0.002, 1.01, 0.043, 0.077, 0, 0.078, 0.051, 0.027
Node_ProtG30_ProtG80_0, 0.068, 0, 0.062, 0.047, 0.067, 0, 0.068, 0.021, 0.052
Node_ProtG30_ProtG84_0, 0.037, 0, 0.033, 0.032, 0.037, 0, 0.037, 0.018, 0.03
Node_ProtG30_ProtG85_0, 0.151, 0.001, 0.022, 0.073, 0.147, 0, 0.151, 0.056, 0.104
Node_ProtG30_ProtG87_0, 0.021, 0, 0.032, 0.027, 0.02, 0, 0.021, 0.008, 0.031
Node_ProtG30_ProtZ3_0, 1.059, 0.001, 0.026, 0.043, 0.994, 0, 1.059, 1.046, 0.015
Node_ProtG30_ProtZ5_0, 1.069, 0.002, 0.167, 0.117, 0.999, 0, 1.069, 1.04, 0.03
Node_ProtG31_ProtG16_0, 0.079, 0.001, 0.248, 0.128, 0.077, 0, 0.079, 0.061, 0.031
Node_ProtG31_ProtG32_0, 0.644, 0.015, 0.048, 0.262, 0.573, 0, 0.644, 0.284, 0.358
Node_ProtG31_ProtG36_0, 0.922, 0.002, 0.048, 0.093, 0.792, 0, 0.922, 0.827, 0.102
Node_ProtG31_ProtG44_0, 0.028, 0, 0.077, 0.082, 0.028, 0, 0.028, 0.022, 0.026
Node_ProtG31_ProtG45_0, 0.866, 0.016, 0.074, 0.322, 0.758, 0, 0.866, 0.58, 0.28
Node_ProtG31_ProtG47_0, 0.295, 0.002, 0.096, 0.182, 0.271, 0, 0.295, 0.219, 0.091
Node_ProtG31_ProtG61_0, 0.298, 0.006, 0.691, 0.171, 0.271, 0, 0.298, 0.241, 0.061
Node_ProtG32_ProtG26_0, 0.472, 0.001, 0.053, 0.17, 0.414, 0, 0.472, 0.108, 0.385
Node_ProtG32_ProtG33_0, 0.502, 0.003, 0.217, 0.154, 0.444, 0, 0.502, 0.432, 0.072
Node_ProtG32_ProtG37_0, 0.359, 0.001, 0.209, 0.092, 0.332, 0, 0.359, 0.308, 0.065
Node_ProtG32_ProtG43_0, 0.139, 0.001, 0.343, 0.106, 0.135, 0, 0.139, 0.047, 0.122
Node_ProtG33_ProtG48_0, 0.379, 0.002, 0.18, 0.136, 0.352, 0, 0.379, 0.303, 0.096
Node_ProtG33_ProtG67_0, 0.461, 0.001, 0.136, 0.133, 0.405, 0, 0.461, 0.379, 0.094
Node_ProtG33_ProtG7_0, 0.042, 0, 0.372, 0.1, 0.04, 0, 0.042, 0.031, 0.035
Node_ProtG35_ProtG81_0, 0.006, 0, 0.047, 0.034, 0.006, 0, 0.006, 0.004, 0.013
Node_ProtG36_ProtG20_0, 0.343, 0.002, 1.051, 0.207, 0.329, 0, 0.343, 0.14, 0.223
Node_ProtG36_ProtG24_0, 1.178, 0.02, 0.042, 0.237, 0.977, 0, 1.178, 0.923, 0.242
Node_ProtG36_ProtG38_0, 0.958, 0.01, 0.083, 0.141, 0.838, 0, 0.958, 0.84, 0.109
Node_ProtG36_ProtG65_0, 1.169, 0.003, 0.177, 0.144, 0.89, 0, 1.169, 1.012, 0.165
Node_ProtG37_ProtG41_0, 0.041, 0, 0.46, 0.082, 0.041, 0, 0.041, 0.024, 0.043
Node_ProtG37_ProtG51_0, 0.022, 0, 0.058, 0.057, 0.022, 0, 0.022, 0.008, 0.039
Node_ProtG37_ProtG53_0, 0.332, 0, 0.107, 0.082, 0.319, 0, 0.332, 0.271, 0.08
Node_ProtG37_ProtG8_0, 0.458, 0.001, 0.047, 0.053, 0.445, 0, 0.458, 0.305, 0.172
Node_ProtG38_ProtG28_0, 0.056, 0.001, 0.923, 0.123, 0.055, 0, 0.056, 0.048, 0.02
Node_ProtG38_ProtG46_0, 0.01, 0, 0.074, 0.064, 0.01, 0, 0.01, 0.009, 0.028
Node_ProtG39_ProtG15_0, 0.265, 0, 0.038, 0.081, 0.261, 0, 0.265, 0.063, 0.223
Node_ProtG41_ProtG40_0, 0.019, 0, 0.058, 0.055, 0.019, 0, 0.019, 0.012, 0.036
Node_ProtG42_ProtG74_0, 0.011, 0, 0.121, 0.05, 0.011, 0, 0.011, 0.01, 0.008
Node_ProtG43_ProtG55_0, 0.012, 0, 0.167, 0.087, 0.012, 0, 0.012, 0.007, 0.04
Node_ProtG44_ProtG22_0, 0.015, 0, 0.035, 0.033, 0.015, 0, 0.015, 0.005, 0.022
Node_ProtG45_ProtG66_0, 0.527, 0.003, 0.371, 0.254, 0.5, 0, 0.527, 0.504, 0.029
Node_ProtG45_ProtG75_0, 0.481, 0.004, 0.077, 0.249, 0.476, 0, 0.481, 0.462, 0.027
Node_ProtG47_ProtG62_0, 0.576, 0.006, 0.05, 0.273, 0.5, 0, 0.576, 0.265, 0.325
Node_ProtG48_ProtG1_0, 0.555, 0.004, 0.053, 0.12, 0.481, 0, 0.555, 0.342, 0.225
Node_ProtG48_ProtG25_0, 0.6, 0.005, 0.425, 0.127, 0.556, 0, 0.6, 0.153, 0.465
Node_ProtG48_ProtG6_0, 0.63, 0.002, 0.103, 0.109, 0.608, 0, 0.63, 0.518, 0.131
Node_ProtG49_ProtG29_0, 0.012, 0.001, 0.037, 0.04, 0.012, 0, 0.012, 0.004, 0.026
Node_ProtG53_ProtG27_0, 0.022, 0, 0.342, 0.053, 0.022, 0, 0.022, 0.018, 0.032
Node_ProtG53_ProtG70_0, 0.017, 0, 0.042, 0.039, 0.017, 0, 0.017, 0.007, 0.037
Node_ProtG58_ProtG59_0, 0.947, 0.003, 0.118, 0.22, 0.729, 0, 0.947, 0.854, 0.112
Node_ProtG59_ProtG73_0, 0.505, 0.005, 0.631, 0.294, 0.495, 0, 0.505, 0.344, 0.184
Node_ProtG61_ProtG60_0, 0.02, 0, 0.261, 0.148, 0.02, 0, 0.02, 0.012, 0.043
Node_ProtG61_ProtG72_0, 0.203, 0, 0.204, 0.114, 0.19, 0, 0.203, 0.097, 0.109
Node_ProtG61_ProtG78_0, 0.238, 0.003, 0.156, 0.138, 0.23, 0, 0.238, 0.063, 0.188
Node_ProtG62_ProtG77_0, 0.076, 0.001, 0.552, 0.201, 0.074, 0, 0.076, 0.058, 0.051
Node_ProtG65_ProtG69_0, 1.207, 0.003, 0.159, 0.18, 0.894, 0, 1.207, 1.026, 0.194
Node_ProtG66_ProtG68_0, 0.223, 0.001, 0.473, 0.233, 0.206, 0, 0.223, 0.077, 0.168
Node_ProtG67_ProtG63_0, 0.481, 0.003, 0.304, 0.137, 0.421, 0, 0.481, 0.185, 0.321
Node_ProtG80_ProtG57_0, 0.011, 0, 0.078, 0.04, 0.011, 0, 0.011, 0.008, 0.021
Node_ProtG81_ProtG79_0, 0.012, 0, 0.019, 0.023, 0.012, 0, 0.012, 0, 0.025
Node_ProtG83_ProtG52_0, 1.051, 0.08, 0.053, 0.37, 0.958, 0, 1.051, 0.316, 0.67
Node_ProtG83_ProtG89_0, 0.354, 0.015, 0.056, 0.099, 0.333, 0, 0.354, 0.11, 0.24
Node_ProtG84_ProtG11_0, 0.221, 0.003, 0.137, 0.17, 0.22, 0, 0.221, 0.041, 0.2
Node_ProtG84_ProtG83_0, 0.155, 0.003, 0.035, 0.088, 0.145, 0, 0.155, 0.043, 0.128
Node_ProtG84_ProtG90_0, 0.059, 0.002, 0.029, 0.041, 0.058, 0, 0.059, 0.021, 0.049
Node_ProtG85_ProtG56_0, 1.962, 0.022, 0.56, 0.57, 0.999, 0, 1.962, 0.708, 1.261
Node_ProtG85_ProtG58_0, 0.95, 0.018, 0.062, 0.543, 0.712, 0, 0.95, 0.11, 0.843
Node_ProtG85_ProtG86_0, 1.929, 0.004, 0.081, 0.153, 0.998, 0, 1.929, 1.906, 0.044
Node_ProtG85_ProtG88_0, 1.239, 0.005, 0.064, 0.218, 0.816, 0, 1.239, 0.913, 0.348
Node_ProtG85_ProtG91_0, 1.049, 0.005, 0.936, 0.401, 0.951, 0, 1.049, 1.03, 0.051
Node_ProtG86_ProtG82_0, 0.995, 0.003, 0.988, 0.135, 0.972, 0, 0.995, 0.97, 0.051
Node_ProtG87_ProtG3_0, 0.017, 0, 0.044, 0.046, 0.017, 0, 0.017, 0.005, 0.038
Node_ProtG87_ProtG4_0, 0.023, 0, 0.041, 0.044, 0.022, 0, 0.023, 0.004, 0.043
Node_ProtG89_ProtG13_0, 0.137, 0.001, 0.344, 0.148, 0.131, 0, 0.137, 0.034, 0.126
Node_ProtG90_ProtG54_0, 0.013, 0, 0.067, 0.029, 0.013, 0, 0.013, 0.007, 0.021
Node_ProtM1_ProtM2_0, 1.425, 0.011, 0.131, 0.248, 1, 0, 1.425, 1.064, 0.375
Node_ProtM1_ProtM3_0, 1.17, 0.365, 0.877, 0.498, 0.718, 0, 1.17, 0.242, 0.485
Node_ProtZ1_ProtZ4_0, 1.023, 0.003, 0.064, 0.067, 1, 0, 1.023, 1, 0.06
Node_ProtZ3_ProtZ1_0, 1.024, 0.006, 0.043, 0.037, 1, 0, 1.024, 1.001, 0.035
Node_ProtZ3_ProtZ2_0, 1.026, 0.005, 0.094, 0.07, 1, 0, 1.026, 0.999, 0.056
Node_SAR3X2_BMS3X1_0, 1.014, 0.011, 2.384, 0.818, 0.736, 0, 1.014, 0.981, 0.023
Node_SAR3X2_SAR3X1_0, 0.656, 0.007, 0.456, 0.357, 0.626, 0, 0.656, 0.569, 0.091
Node_SM23X1_AABM5X1_0, 0.11, 0, 0.127, 0.106, 0.108, 0, 0.11, 0.073, 0.042
Node_SM23X1_Aero1_0, 4.388, 0.413, 0.839, 1.848, 1, 0, 4.388, 3.589, 0.096
Node_SM23X1_Bact27_0, 0.195, 0.001, 0.399, 0.221, 0.186, 0, 0.195, 0.17, 0.029
Node_SM23X1_Caldit2_0, 0.04, 0, 0.09, 0.045, 0.04, 0, 0.04, 0.024, 0.02
Node_SM23X1_Fibr4_0, 0.564, 0.014, 0.379, 0.341, 0.476, 0, 0.564, 0.398, 0.145
Node_SM23X1_Hydr2_0, 3.104, 0.083, 1.393, 1.683, 0.99, 0, 3.104, 2.95, 0.026
Node_SM23X1_KSB1X2_0, 0.039, 0, 0.03, 0.03, 0.037, 0, 0.039, 0.017, 0.029
Node_SM23X1_KSB1X3_0, 0.08, 0.001, 0.031, 0.045, 0.078, 0, 0.08, 0.023, 0.071
Node_SM23X1_P4572X1_0, 0.662, 0.012, 0.048, 0.164, 0.499, 0, 0.662, 0.52, 0.13
Node_SM23X1_Pori1_0, 1.235, 0.016, 1.895, 1.267, 0.758, 0, 1.235, 1.211, 0.01
Node_SM23X1_RBG1_0, 0.659, 0.003, 0.589, 0.481, 0.511, 0, 0.659, 0.648, 0.01
Node_SM23X1_TA06X1_0, 0.568, 0.005, 0.136, 0.189, 0.451, 0, 0.568, 0.522, 0.04
Node_SM23X1_Zixi5_0, 0.784, 0.012, 0.166, 0.185, 0.607, 0, 0.784, 0.498, 0.276
Node_Spir10_Lind1_0, 2.471, 0.048, 1.927, 1.225, 0.995, 0, 2.471, 2.37, 0.027
Node_Spir10_Spir11_0, 0.982, 0.01, 0.446, 0.541, 0.826, 0, 0.982, 0.962, 0.007
Node_Spir10_Spir12_0, 0.861, 0.004, 0.151, 0.358, 0.798, 0, 0.861, 0.835, 0.026
Node_Spir10_Spir13_0, 1.032, 0.012, 0.105, 0.308, 0.999, 0, 1.032, 0.834, 0.204
Node_Spir10_Spir15_0, 1.411, 0.026, 1.139, 1.208, 0.887, 0, 1.411, 1.329, 0.053
Node_Spir10_Spir3_0, 1.015, 0.006, 0.061, 0.352, 0.996, 0, 1.015, 0.994, 0.038
Node_Spir10_Spir8_0, 0.921, 0.01, 0.048, 0.245, 0.84, 0, 0.921, 0.816, 0.098
Node_Spir13_Spir2_0, 1.018, 0.001, 0.051, 0.046, 1, 0, 1.018, 1.005, 0.036
Node_Spir15_Spir4_0, 0.403, 0.002, 1.14, 0.62, 0.345, 0, 0.403, 0.275, 0.13
Node_Spir15_Spir9_0, 0.186, 0.003, 0.343, 0.23, 0.176, 0, 0.186, 0.066, 0.123
Node_Sume1_OLB1X1_0, 1.414, 0.017, 0.602, 0.618, 0.99, 0, 1.414, 1.273, 0.127
Node_Sume1_UBP4X1_0, 1.319, 0.015, 0.942, 0.6, 0.998, 0, 1.319, 0.476, 0.832
Node_Syne1_Calda2_0, 1.001, 0.017, 0.872, 0.51, 0.775, 0, 1.001, 0.915, 0.059
Node_Syne1_Cyan40_0, 2.638, 0.125, 0.33, 0.972, 0.999, 0, 2.638, 2.4, 0.015
Node_Syne1_Dein5_0, 1.797, 0.238, 1.099, 0.939, 0.994, 0, 1.797, 1.325, 0.02
Node_Syne1_Syne2_0, 1.652, 0.005, 0.286, 0.286, 0.967, 0, 1.652, 1.592, 0.078
Node_Syne1_Syne4_0, 1.952, 0.592, 0.296, 1.24, 0.992, 0, 1.952, 0.462, 0.421
Node_Syne1_Syne6_0, 2.38, 0.023, 0.164, 0.731, 0.999, 0, 2.38, 1.801, 0.569
Node_Syne1_Syne7_0, 1.855, 0.012, 0.627, 0.284, 0.997, 0, 1.855, 1.765, 0.09
Node_Syne1_Syne9_0, 1.235, 0.04, 0.248, 0.388, 0.942, 0, 1.235, 0.734, 0.442
Node_Syne2_Syne8_0, 0.87, 0.007, 0.895, 0.285, 0.806, 0, 0.87, 0.774, 0.106
Node_Syne4_Syne5_0, 1.333, 0.011, 0.987, 0.346, 1, 0, 1.333, 0.981, 0.357
Node_Syne7_Syne10_0, 1.028, 0, 0.859, 0.214, 0.973, 0, 1.028, 1.014, 0.032
Node_Syne8_Syne3_0, 0.29, 0, 0.777, 0.261, 0.276, 0, 0.29, 0.125, 0.197
Node_TA06X1_Cloa1_0, 0.057, 0, 0.517, 0.113, 0.057, 0, 0.057, 0.055, 0.006
Node_TA06X1_Edwa1_0, 0.018, 0, 0.043, 0.017, 0.018, 0, 0.018, 0.015, 0.004
Node_TA06X1_WOR1_0, 0.02, 0, 0.016, 0.019, 0.02, 0, 0.02, 0.008, 0.018
Node_Therd1_Dict1_0, 0.757, 0.006, 0.573, 0.516, 0.706, 0, 0.757, 0.745, 0.012
Node_Therg2_Therg4_0, 1.026, 0.021, 0.532, 0.729, 1, 0, 1.026, 0.905, 0.131
Node_Therg3_Therg5_0, 1.454, 0.001, 0.223, 0.038, 1, 0, 1.454, 1.316, 0.153
Node_Therg8_Therg2_0, 1.406, 0.361, 0.115, 0.454, 0.94, 0, 1.406, 0.55, 0.225
Node_Therg8_Therg3_0, 1.523, 0.111, 0.096, 0.088, 0.946, 0, 1.523, 1.219, 0.102
Node_Therg8_Therg6_0, 1.016, 0, 0.688, 0.09, 0.86, 0, 1.016, 0.861, 0.181
Node_Thers1_Desua45_0, 0.22, 0.001, 0.157, 0.137, 0.214, 0, 0.22, 0.097, 0.132
Node_UBA1X2_UBA1X3_0, 0.366, 0.006, 0.303, 0.257, 0.334, 0, 0.366, 0.127, 0.25
Node_UBA1X2_UBA1X5_0, 0.066, 0, 0.338, 0.228, 0.065, 0, 0.066, 0.046, 0.038
Node_UBA1X5_UBA1X4_0, 0.014, 0, 0.089, 0.074, 0.014, 0, 0.014, 0.009, 0.037
Node_UBA1X6_UBA1X1_0, 1.02, 0.011, 0.124, 0.441, 0.997, 0, 1.02, 0.317, 0.72
Node_UBA1X6_UBA1X2_0, 0.413, 0.007, 0.473, 0.184, 0.378, 0, 0.413, 0.209, 0.21
Node_UBA2X1_DesuD2_0, 1.217, 0.021, 1.12, 0.882, 0.775, 0, 1.217, 1.156, 0.037
Node_UBA2X1_Desua22_0, 2.279, 0.058, 1.111, 1.044, 0.963, 0, 2.279, 2.03, 0.163
Node_UBA2X1_Desua28_0, 0.689, 0.012, 0.619, 0.543, 0.548, 0, 0.689, 0.6, 0.079
Node_UBA2X1_SZUA2_0, 0.61, 0.004, 0.261, 0.317, 0.525, 0, 0.61, 0.439, 0.178
Node_UBA6X1_Desa1_0, 2.804, 0.066, 0.378, 1.501, 0.998, 0, 2.804, 2.578, 0.13
Node_UBA6X1_Elus1_0, 2.879, 0.012, 0.222, 0.458, 0.997, 0, 2.879, 2.582, 0.285
Node_UBA6X1_Gold1_0, 2.986, 0.663, 1.186, 1.519, 0.994, 0, 2.986, 1.541, 0.438
Node_UBA9X1_UBA9X3_0, 1.04, 0.01, 0.903, 0.591, 0.839, 0, 1.04, 1.015, 0.027
Node_UBA9X3_UBA9X2_0, 0.892, 0.002, 0.195, 0.23, 0.848, 0, 0.892, 0.855, 0.045
Node_Verr11_Aure2_0, 1.573, 0.016, 0.449, 0.354, 0.991, 0, 1.573, 1.26, 0.294
Node_Verr11_Aure3_0, 1.712, 0.012, 0.342, 0.397, 0.941, 0, 1.712, 1.602, 0.102
Node_Verr11_Omni4_0, 1.94, 0.104, 0.446, 0.498, 0.99, 0, 1.94, 1.676, 0.069
Node_Verr11_Verr12_0, 1.012, 0, 0.065, 0.053, 0.998, 0, 1.012, 1.004, 0.035
Node_Verr11_Verr14_0, 1.042, 0.002, 1.193, 0.084, 1, 0, 1.042, 1.025, 0.033
Node_Verr11_Verr7_0, 2.052, 0.018, 0.116, 0.491, 1, 0, 2.052, 1.323, 0.718
Node_Verr11_Verr8_0, 1.432, 0.018, 0.456, 0.487, 0.985, 0, 1.432, 1.107, 0.297
Node_Verr11_Verr9_0, 2.2, 0.005, 0.065, 0.099, 1, 0, 2.2, 2.006, 0.208
Node_Verr3_Verr10_0, 1.02, 0.003, 0.181, 0.154, 0.956, 0, 1.02, 0.948, 0.092
Node_Verr5_Verr6_0, 0.758, 0.109, 1.004, 0.507, 0.521, 0, 0.758, 0.184, 0.488
Node_Verr7_Verr13_0, 1.077, 0.004, 0.99, 0.028, 1, 0, 1.077, 1.061, 0.019
Node_Verr7_Verr2_0, 1.953, 0.891, 0.047, 0.076, 1, 0, 1.953, 0.162, 0.032
Node_Verr7_Verr4_0, 2.044, 0.042, 0.095, 0.052, 1, 0, 2.044, 1.935, 0.045
Node_Verr8_Verr3_0, 1.106, 0.005, 0.166, 0.249, 0.946, 0, 1.106, 1.014, 0.102
Node_Verr8_Verr5_0, 1.165, 0.008, 0.347, 0.321, 0.951, 0, 1.165, 1.088, 0.072
Node_WOR1_WOR2_0, 0.03, 0.001, 0.018, 0.033, 0.03, 0, 0.03, 0.013, 0.027
Node_WOR1_WOR3_0, 0.014, 0, 0.065, 0.032, 0.014, 0, 0.014, 0.01, 0.015
Node_WOR1_WOR6_0, 0.064, 0.002, 0.016, 0.046, 0.064, 0, 0.064, 0.025, 0.048
Node_WOR2_WOR4_0, 0.006, 0, 0.039, 0.029, 0.006, 0, 0.006, 0.001, 0.015
Node_WOR6_WOR7_0, 0.13, 0, 0.013, 0.088, 0.13, 0, 0.13, 0.058, 0.079
Node_Wall1_Fuso2_0, 0.393, 0.004, 2.443, 0.909, 0.342, 0, 0.393, 0.388, 0.004
Node_Wall1_Muir1_0, 0.102, 0, 0.141, 0.129, 0.1, 0, 0.102, 0.025, 0.085
Node_Wall1_Rifl1_0, 0.158, 0.007, 0.298, 0.314, 0.149, 0, 0.158, 0.099, 0.056
Node_Wall1_Syne1_0, 2.828, 0.068, 0.874, 1.099, 0.999, 0, 2.828, 2.718, 0.003
Node_Zixi2_Zixi1_0, 1.033, 0.008, 0.397, 0.331, 1, 0, 1.033, 0.888, 0.148
Node_Zixi4_Zixi2_0, 1.274, 0.016, 0.244, 0.504, 0.908, 0, 1.274, 0.943, 0.321
Node_Zixi4_Zixi3_0, 1.624, 0.004, 0.825, 0.465, 0.998, 0, 1.624, 0.48, 1.171
Node_Zixi5_Late2_0, 0.82, 0.02, 0.138, 0.419, 0.623, 0, 0.82, 0.64, 0.154
Node_Zixi5_TA06A1_0, 1.041, 0.022, 0.173, 0.682, 0.873, 0, 1.041, 0.602, 0.421
Node_Zixi5_UBP14X1_0, 0.771, 0.013, 0.287, 0.409, 0.643, 0, 0.771, 0.535, 0.225
Node_Zixi5_Zixi4_0, 1.181, 0.018, 0.119, 0.287, 0.891, 0, 1.181, 0.925, 0.241
Node_chloroArabidopsis_chloroBryophyte_0, 0.024, 0, 0.056, 0.062, 0.024, 0, 0.024, 0.007, 0.057
Node_chloroArabidopsis_chloroChlorophyta_0, 0.023, 0.001, 0.093, 0.065, 0.023, 0, 0.023, 0.012, 0.036
Node_chloroArabidopsis_chloroLycophyte_0, 0.012, 0, 0.053, 0.057, 0.012, 0, 0.012, 0.005, 0.041
Node_chloroArabidopsis_chloroRedAlgae_0, 0.079, 0.001, 0.863, 0.203, 0.077, 0, 0.079, 0.065, 0.029
Node_mitoAnnelida_mitoChelicerate_0, 0.03, 0, 0.067, 0.06, 0.03, 0, 0.03, 0.007, 0.055
Node_mitoAnnelida_mitoMollusc_0, 0.019, 0, 0.041, 0.052, 0.019, 0, 0.019, 0.009, 0.038
Node_mitoAnnelida_mitoPriapulid_0, 0.022, 0, 0.068, 0.063, 0.022, 0, 0.022, 0.004, 0.06
Node_mitoArabidopsis_mitoLycophyte_0, 0.011, 0.001, 0.053, 0.061, 0.011, 0, 0.011, 0.004, 0.045
Node_mitoBryophyte_mitoArabidopsis_0, 0.018, 0, 0.047, 0.053, 0.018, 0, 0.018, 0.003, 0.049
Node_mitoBryophyte_mitoChlorophyta_0, 0.016, 0, 0.025, 0.032, 0.016, 0, 0.016, 0.004, 0.025
Node_mitoBryophyte_mitoExcavata_0, 0.032, 0, 0.138, 0.082, 0.032, 0, 0.032, 0.025, 0.013
Node_mitoBryophyte_mitoParamecium_0, 0.013, 0, 0.034, 0.033, 0.013, 0, 0.013, 0.007, 0.015
Node_mitoBryophyte_mitoRedAlgae_0, 0.016, 0, 0.027, 0.031, 0.016, 0, 0.016, 0.003, 0.03
Node_mitoChelicerate_mitoInsect_0, 0.016, 0, 0.056, 0.056, 0.016, 0, 0.016, 0.003, 0.042
Node_mitoFungi_mitoAnnelida_0, 0.042, 0, 0.136, 0.097, 0.041, 0, 0.042, 0.032, 0.021
Node_mitoFungi_mitoBryophyte_0, 0.157, 0.002, 0.86, 0.237, 0.153, 0, 0.157, 0.14, 0.025
OLB1X1, 1, 0.006, 0.478, 0.386, 1, 0, 1, 0.978, 0.058
Omni2, 1, 0.001, 0.432, 0.148, 1, 0, 1, 0.998, 0.046
Omni3, 1, 0.007, 0.22, 0.416, 1, 0, 1, 0.176, 0.861
Omni4, 2, 0.008, 0.092, 0.469, 1, 0, 2, 1.336, 0.699
Omni6, 1, 0, 0.089, 0.086, 1, 0, 1, 0.999, 0.038
Omni7, 0, 0, 0.343, 0.117, 0, 0, 0, 0, 0.042
Omni8, 1, 0, 0.08, 0.052, 1, 0, 1, 0.999, 0.029
P4572X1, 0, 0, 0.192, 0.087, 0, 0, 0, 0, 0.042
Pate1, 0, 0, 0.062, 0.07, 0, 0, 0, 0, 0.057
Pate10, 0, 0, 0.061, 0.071, 0, 0, 0, 0, 0.047
Pate11, 0, 0, 0.04, 0.046, 0, 0, 0, 0, 0.031
Pate12, 0, 0, 0.061, 0.063, 0, 0, 0, 0, 0.046
Pate13, 0, 0.001, 0.358, 0.158, 0, 0, 0, 0, 0.055
Pate14, 0, 0.001, 0.061, 0.064, 0, 0, 0, 0, 0.042
Pate15, 0, 0, 0.061, 0.058, 0, 0, 0, 0, 0.034
Pate17, 0, 0, 0.061, 0.077, 0, 0, 0, 0, 0.047
Pate18, 0, 0, 0.055, 0.055, 0, 0, 0, 0, 0.036
Pate19, 0, 0.001, 0.048, 0.058, 0, 0, 0, 0, 0.039
Pate21, 0, 0.001, 0.048, 0.053, 0, 0, 0, 0, 0.031
Pate22, 0, 0, 0.065, 0.079, 0, 0, 0, 0, 0.052
Pate23, 0, 0.001, 0.144, 0.121, 0, 0, 0, 0, 0.058
Pate24, 0, 0, 0.063, 0.065, 0, 0, 0, 0, 0.048
Pate25, 0, 0, 0.071, 0.083, 0, 0, 0, 0, 0.057
Pate26, 0, 0, 0.061, 0.066, 0, 0, 0, 0, 0.046
Pate27, 0, 0, 0.058, 0.056, 0, 0, 0, 0, 0.038
Pate28, 0, 0, 0.061, 0.061, 0, 0, 0, 0, 0.047
Pate29, 0, 0, 0.068, 0.063, 0, 0, 0, 0, 0.041
Pate3, 0, 0, 0.064, 0.066, 0, 0, 0, 0, 0.049
Pate30, 0, 0, 0.057, 0.061, 0, 0, 0, 0, 0.049
Pate31, 0, 0, 0.066, 0.072, 0, 0, 0, 0, 0.054
Pate32, 0, 0, 0.056, 0.055, 0, 0, 0, 0, 0.045
Pate33, 0, 0, 0.046, 0.046, 0, 0, 0, 0, 0.037
Pate34, 1, 0.003, 0.074, 0.205, 1, 0, 1, 0.276, 0.769
Pate35, 0, 0, 0.065, 0.06, 0, 0, 0, 0, 0.047
Pate36, 0, 0, 0.068, 0.071, 0, 0, 0, 0, 0.054
Pate37, 0, 0, 0.06, 0.067, 0, 0, 0, 0, 0.052
Pate38, 0, 0, 0.057, 0.055, 0, 0, 0, 0, 0.038
Pate39, 0, 0, 0.05, 0.056, 0, 0, 0, 0, 0.035
Pate4, 0, 0, 0.072, 0.076, 0, 0, 0, 0, 0.061
Pate40, 0, 0, 0.058, 0.062, 0, 0, 0, 0, 0.049
Pate41, 0, 0, 0.063, 0.065, 0, 0, 0, 0, 0.051
Pate43, 0, 0, 0.056, 0.061, 0, 0, 0, 0, 0.043
Pate44, 0, 0, 0.051, 0.044, 0, 0, 0, 0, 0.037
Pate45, 0, 0, 0.038, 0.037, 0, 0, 0, 0, 0.029
Pate46, 0, 0, 0.07, 0.075, 0, 0, 0, 0, 0.055
Pate48, 0, 0, 0.061, 0.066, 0, 0, 0, 0, 0.054
Pate49, 0, 0, 0.051, 0.056, 0, 0, 0, 0, 0.039
Pate5, 0, 0, 0.076, 0.07, 0, 0, 0, 0, 0.055
Pate50, 0, 0, 0.056, 0.064, 0, 0, 0, 0, 0.051
Pate51, 0, 0, 0.054, 0.053, 0, 0, 0, 0, 0.034
Pate52, 0, 0.001, 0.049, 0.053, 0, 0, 0, 0, 0.038
Pate53, 0, 0, 0.054, 0.049, 0, 0, 0, 0, 0.027
Pate54, 0, 0, 0.042, 0.043, 0, 0, 0, 0, 0.03
Pate55, 0, 0, 0.043, 0.043, 0, 0, 0, 0, 0.034
Pate56, 0, 0.001, 0.062, 0.063, 0, 0, 0, 0, 0.053
Pate57, 0, 0, 0.053, 0.051, 0, 0, 0, 0, 0.04
Pate6, 0, 0, 0.139, 0.096, 0, 0, 0, 0, 0.037
Pate7, 0, 0, 0.06, 0.065, 0, 0, 0, 0, 0.048
Pate8, 0, 0.001, 0.065, 0.069, 0, 0, 0, 0, 0.05
Pate9, 0, 0, 0.065, 0.063, 0, 0, 0, 0, 0.051
Plan12, 0, 0, 0.056, 0.056, 0, 0, 0, 0, 0.038
Plan14, 1, 0.003, 0.322, 0.337, 1, 0, 1, 0.207, 0.811
Plan16, 1, 0, 0.103, 0.046, 1, 0, 1, 0.998, 0.022
Plan17, 0, 0, 0.039, 0.038, 0, 0, 0, 0, 0.029
Plan18, 1, 0.009, 0.306, 0.501, 1, 0, 1, 0.056, 0.989
Plan2, 1, 0, 0.288, 0.108, 1, 0, 1, 0.211, 0.824
Plan21, 2, 1.001, 0.797, 0.14, 1, 0, 2, 0, 0.051
Plan22, 1, 0.003, 0.314, 0.169, 1, 0, 1, 0.187, 0.847
Plan23, 0, 0, 0.035, 0.037, 0, 0, 0, 0, 0.025
Plan26, 2, 0.001, 0.22, 0.271, 1, 0, 2, 1.739, 0.3
Plan27, 1, 0.011, 0.099, 0.508, 1, 0, 1, 0.008, 1.029
Plan3, 0, 0, 0.092, 0.076, 0, 0, 0, 0, 0.041
Plan30, 2, 0.971, 0.265, 0.349, 1, 0, 2, 0.058, 0.786
Plan31, 0, 0, 0.064, 0.056, 0, 0, 0, 0, 0.044
Plan32, 0, 0, 0.056, 0.055, 0, 0, 0, 0, 0.038
Plan33, 1, 0.005, 0.073, 0.296, 1, 0, 1, 0.222, 0.816
Plan39, 2, 0.009, 0.098, 0.859, 1, 0, 2, 0.347, 1.692
Plan4, 2, 0.005, 0.139, 0.477, 1, 0, 2, 1.009, 1.024
Plan40, 1, 0, 0.842, 0.058, 1, 0, 1, 0.893, 0.137
Plan42, 1, 0.001, 0.826, 0.165, 1, 0, 1, 0.907, 0.12
Plan43, 2, 0.006, 0.828, 0.401, 1, 0, 2, 1.131, 0.905
Plan44, 0, 0, 0.286, 0.099, 0, 0, 0, 0, 0.034
Plan5, 1, 0, 1.798, 0.199, 1, 0, 1, 0.164, 0.879
Plan7, 0, 0.002, 0.843, 0.36, 0, 0, 0, 0, 0.06
Pori1, 1, 0, 0.157, 0.121, 1, 0, 1, 1, 0.036
Pori2, 1, 0, 0.153, 0.132, 1, 0, 1, 1, 0.032
ProtA10, 1, 0, 0.071, 0.071, 1, 0, 1, 0.936, 0.103
ProtA11, 2, 0.005, 0.292, 0.569, 1, 0, 2, 1.176, 0.845
ProtA12, 0, 0, 0.043, 0.049, 0, 0, 0, 0, 0.036
ProtA13, 2, 0.007, 0.06, 0.612, 1, 0, 2, 1.094, 0.942
ProtA14, 0, 0, 0.192, 0.086, 0, 0, 0, 0, 0.034
ProtA15, 0, 0, 1.077, 0.182, 0, 0, 0, 0, 0.028
ProtA16, 0, 0, 0.058, 0.054, 0, 0, 0, 0, 0.043
ProtA18, 0, 0, 1, 0.062, 0, 0, 0, 0, 0.032
ProtA19, 0, 0, 0.06, 0.053, 0, 0, 0, 0, 0.037
ProtA2, 1, 0, 0.33, 0.102, 1, 0, 1, 0.136, 0.909
ProtA20, 0, 0, 0.506, 0.116, 0, 0, 0, 0, 0.03
ProtA21, 0, 0, 0.055, 0.046, 0, 0, 0, 0, 0.028
ProtA24, 1, 0, 0.293, 0.138, 1, 0, 1, 0.844, 0.191
ProtA26, 0, 0, 0.164, 0.086, 0, 0, 0, 0, 0.037
ProtA27, 0, 0, 0.053, 0.047, 0, 0, 0, 0, 0.026
ProtA29, 0, 0, 1.057, 0.082, 0, 0, 0, 0, 0.029
ProtA3, 2, 0, 0.05, 0.071, 1, 0, 2, 1.148, 0.887
ProtA30, 0, 0, 0.054, 0.053, 0, 0, 0, 0, 0.033
ProtA31, 1, 0.004, 0.271, 0.438, 1, 0, 1, 0.516, 0.511
ProtA32, 1, 0, 1.239, 0.127, 1, 0, 1, 0.237, 0.797
ProtA33, 0, 0.001, 0.062, 0.049, 0, 0, 0, 0, 0.012
ProtA34, 1, 0, 0.057, 0.104, 1, 0, 1, 0.754, 0.274
ProtA35, 0, 0, 0.065, 0.065, 0, 0, 0, 0, 0.044
ProtA36, 0, 0, 0.044, 0.044, 0, 0, 0, 0, 0.031
ProtA37, 1, 0.008, 0.079, 0.483, 1, 0, 1, 0.091, 0.944
ProtA38, 1, 0, 0.753, 0.305, 1, 0, 1, 0.973, 0.046
ProtA39, 0, 0, 0.037, 0.034, 0, 0, 0, 0, 0.024
ProtA40, 0, 0, 0.461, 0.102, 0, 0, 0, 0, 0.022
ProtA41, 1, 0.005, 1.021, 0.165, 1, 0, 1, 0.707, 0.309
ProtA42, 1, 0.003, 0.098, 0.201, 1, 0, 1, 0.976, 0.046
ProtA43, 0, 0, 0.801, 0.074, 0, 0, 0, 0, 0.018
ProtA44, 0, 0, 0.039, 0.035, 0, 0, 0, 0, 0.022
ProtA45, 0, 0, 0.183, 0.123, 0, 0, 0, 0, 0.042
ProtA46, 0, 0, 0.027, 0.023, 0, 0, 0, 0, 0.015
ProtA47, 1, 0, 0.058, 0.062, 1, 0, 1, 1, 0.034
ProtA48, 2, 0.265, 0.077, 0.058, 1, 0, 2, 1.432, 0.065
ProtA49, 0, 0, 0.047, 0.05, 0, 0, 0, 0, 0.024
ProtA5, 2, 0.841, 0.062, 1.103, 1, 0, 2, 0.248, 0.745
ProtA50, 2, 0.005, 0.912, 0.671, 1, 0, 2, 0.821, 1.208
ProtA51, 1, 0, 0.09, 0.073, 1, 0, 1, 0.999, 0.03
ProtA52, 1, 0.001, 0.139, 0.088, 1, 0, 1, 0.996, 0.038
ProtA53, 1, 0, 0.996, 0.217, 1, 0, 1, 0.946, 0.082
ProtA54, 0, 0, 0.026, 0.028, 0, 0, 0, 0, 0.019
ProtA55, 0, 0, 0.044, 0.046, 0, 0, 0, 0, 0.032
ProtA56, 2, 0.003, 0.05, 0.295, 1, 0, 2, 1.083, 0.947
ProtA57, 1, 0.004, 0.436, 0.408, 1, 0, 1, 0.302, 0.726
ProtA58, 1, 0.001, 0.991, 0.209, 1, 0, 1, 0.956, 0.076
ProtA60, 1, 0.007, 0.3, 0.556, 1, 0, 1, 0.214, 0.817
ProtA61, 0, 0, 1.146, 0.141, 0, 0, 0, 0, 0.035
ProtA62, 2, 0.005, 0.074, 0.391, 1, 0, 2, 1.316, 0.725
ProtA63, 1, 0, 0.052, 0.054, 1, 0, 1, 1, 0.028
ProtA64, 1, 0, 0.76, 0.353, 1, 0, 1, 0.991, 0.043
ProtA66, 0, 0, 0.038, 0.033, 0, 0, 0, 0, 0.023
ProtA67, 1, 0.003, 0.055, 0.192, 1, 0, 1, 0.407, 0.613
ProtA68, 1, 0.002, 0.18, 0.273, 1, 0, 1, 0.266, 0.757
ProtA69, 2, 0.007, 0.869, 0.858, 1, 0, 2, 0.864, 1.163
ProtA7, 0, 0, 0.957, 0.164, 0, 0, 0, 0, 0.039
ProtA70, 1, 0.009, 0.38, 0.501, 1, 0, 1, 0.359, 0.665
ProtA71, 1, 0, 0.084, 0.076, 1, 0, 1, 0.999, 0.032
ProtA72, 1, 0, 0.192, 0.042, 1, 0, 1, 1, 0.029
ProtA74, 1, 0.002, 0.059, 0.339, 1, 0, 1, 0.297, 0.73
ProtA75, 1, 0.017, 0.096, 0.87, 1, 0, 1, 0.241, 0.782
ProtA76, 1, 0, 0.079, 0.066, 1, 0, 1, 1, 0.027
ProtA77, 1, 0, 0.089, 0.076, 1, 0, 1, 0.999, 0.029
ProtA8, 1, 0.001, 0.229, 0.172, 1, 0, 1, 0.325, 0.728
ProtA9, 1, 0.001, 0.338, 0.238, 1, 0, 1, 0.175, 0.861
ProtG1, 1, 0.004, 0.198, 0.256, 1, 0, 1, 0.406, 0.639
ProtG10, 1, 0.008, 0.378, 0.577, 1, 0, 1, 0.982, 0.04
ProtG11, 0, 0, 0.264, 0.132, 0, 0, 0, 0, 0.043
ProtG12, 1, 0.001, 0.358, 0.351, 1, 0, 1, 0.931, 0.098
ProtG13, 0, 0.001, 0.163, 0.057, 0, 0, 0, 0, 0.025
ProtG14, 1, 0, 0.201, 0.112, 1, 0, 1, 0.995, 0.051
ProtG15, 0, 0, 0.298, 0.095, 0, 0, 0, 0, 0.033
ProtG16, 0, 0, 0.066, 0.063, 0, 0, 0, 0, 0.04
ProtG17, 0, 0, 0.07, 0.076, 0, 0, 0, 0, 0.044
ProtG18, 1, 0.022, 0.15, 0.986, 1, 0, 1, 0.516, 0.495
ProtG19, 0, 0, 0.052, 0.052, 0, 0, 0, 0, 0.028
ProtG20, 1, 0.004, 0.067, 0.539, 1, 0, 1, 0.306, 0.72
ProtG21, 0, 0.004, 0.663, 0.45, 0, 0, 0, 0, 0.026
ProtG22, 0, 0, 0.046, 0.051, 0, 0, 0, 0, 0.031
ProtG24, 1, 0.015, 0.167, 1.07, 1, 0, 1, 0.977, 0.049
ProtG25, 0, 0, 0.631, 0.221, 0, 0, 0, 0, 0.024
ProtG26, 1, 0.004, 0.293, 0.393, 1, 0, 1, 0.229, 0.817
ProtG27, 0, 0, 0.053, 0.054, 0, 0, 0, 0, 0.031
ProtG28, 0, 0, 0.089, 0.075, 0, 0, 0, 0, 0.033
ProtG29, 0, 0, 0.041, 0.047, 0, 0, 0, 0, 0.036
ProtG3, 0, 0, 0.048, 0.047, 0, 0, 0, 0, 0.031
ProtG30, 0, 0, 0.052, 0.043, 0, 0, 0, 0, 0.028
ProtG31, 0, 0, 0.064, 0.054, 0, 0, 0, 0, 0.036
ProtG32, 1, 0.002, 0.278, 0.255, 1, 0, 1, 0.221, 0.804
ProtG33, 0, 0, 0.076, 0.062, 0, 0, 0, 0, 0.034
ProtG34, 1, 0.006, 0.12, 0.308, 1, 0, 1, 0.019, 1.019
ProtG35, 0, 0, 0.041, 0.045, 0, 0, 0, 0, 0.035
ProtG36, 0, 0, 0.368, 0.122, 0, 0, 0, 0, 0.025
ProtG37, 0, 0.001, 0.046, 0.046, 0, 0, 0, 0, 0.023
ProtG38, 0, 0, 0.043, 0.048, 0, 0, 0, 0, 0.033
ProtG39, 1, 0.004, 0.047, 0.302, 1, 0, 1, 0.252, 0.778
ProtG4, 0, 0.001, 0.074, 0.087, 0, 0, 0, 0, 0.05
ProtG40, 0, 0, 0.05, 0.053, 0, 0, 0, 0, 0.031
ProtG41, 0, 0, 0.055, 0.057, 0, 0, 0, 0, 0.036
ProtG42, 0, 0, 0.039, 0.042, 0, 0, 0, 0, 0.028
ProtG43, 0, 0, 0.044, 0.048, 0, 0, 0, 0, 0.032
ProtG44, 0, 0, 0.037, 0.032, 0, 0, 0, 0, 0.022
ProtG45, 1, 0.005, 0.047, 0.372, 1, 0, 1, 0.471, 0.561
ProtG46, 0, 0, 0.036, 0.033, 0, 0, 0, 0, 0.026
ProtG47, 2, 0.017, 0.063, 0.876, 1, 0, 2, 0.547, 1.47
ProtG48, 1, 0.001, 0.064, 0.075, 1, 0, 1, 0.597, 0.433
ProtG49, 0, 0, 0.039, 0.033, 0, 0, 0, 0, 0.027
ProtG5, 1, 0.001, 0.977, 0.456, 1, 0, 1, 0.303, 0.717
ProtG50, 1, 0.002, 0.145, 0.318, 1, 0, 1, 0.209, 0.83
ProtG51, 0, 0, 0.051, 0.044, 0, 0, 0, 0, 0.029
ProtG52, 1, 0.006, 0.139, 0.623, 1, 0, 1, 0.944, 0.082
ProtG53, 0, 0, 0.042, 0.045, 0, 0, 0, 0, 0.025
ProtG54, 0, 0, 0.033, 0.036, 0, 0, 0, 0, 0.02
ProtG55, 0, 0, 0.037, 0.043, 0, 0, 0, 0, 0.025
ProtG56, 2, 0.008, 0.065, 0.499, 1, 0, 2, 1.926, 0.095
ProtG57, 0, 0, 0.037, 0.043, 0, 0, 0, 0, 0.026
ProtG58, 1, 0.002, 0.405, 0.306, 1, 0, 1, 0.573, 0.456
ProtG59, 1, 0.008, 0.059, 0.633, 1, 0, 1, 0.482, 0.546
ProtG6, 0, 0, 0.669, 0.077, 0, 0, 0, 0, 0.039
ProtG60, 0, 0, 0.049, 0.05, 0, 0, 0, 0, 0.029
ProtG61, 0, 0, 0.045, 0.049, 0, 0, 0, 0, 0.025
ProtG62, 0, 0, 0.108, 0.086, 0, 0, 0, 0, 0.032
ProtG63, 1, 0.004, 0.22, 0.192, 1, 0, 1, 0.299, 0.735
ProtG64, 0, 0, 0.055, 0.045, 0, 0, 0, 0, 0.034
ProtG65, 2, 0.003, 0.059, 0.429, 1, 0, 2, 1.181, 0.849
ProtG66, 0, 0, 0.256, 0.1, 0, 0, 0, 0, 0.033
ProtG67, 1, 0.001, 0.366, 0.143, 1, 0, 1, 0.152, 0.884
ProtG68, 1, 0.003, 0.081, 0.363, 1, 0, 1, 0.17, 0.855
ProtG69, 0, 0, 1.241, 0.171, 0, 0, 0, 0, 0.034
ProtG7, 0, 0, 0.083, 0.079, 0, 0, 0, 0, 0.041
ProtG70, 0, 0, 0.04, 0.046, 0, 0, 0, 0, 0.023
ProtG71, 1, 0.004, 0.059, 0.388, 1, 0, 1, 0.056, 0.977
ProtG72, 1, 0.008, 0.135, 0.366, 1, 0, 1, 0.114, 0.924
ProtG73, 0, 0, 0.53, 0.198, 0, 0, 0, 0, 0.025
ProtG74, 0, 0, 0.043, 0.048, 0, 0, 0, 0, 0.032
ProtG75, 0, 0, 0.515, 0.205, 0, 0, 0, 0, 0.034
ProtG76, 0, 0, 0.027, 0.032, 0, 0, 0, 0, 0.022
ProtG77, 0, 0, 0.095, 0.069, 0, 0, 0, 0, 0.019
ProtG78, 1, 0.003, 0.08, 0.366, 1, 0, 1, 0.19, 0.839
ProtG79, 0, 0, 0.042, 0.044, 0, 0, 0, 0, 0.03
ProtG8, 1, 0, 0.049, 0.085, 1, 0, 1, 0.436, 0.591
ProtG80, 0, 0, 0.048, 0.051, 0, 0, 0, 0, 0.037
ProtG81, 0, 0, 0.045, 0.053, 0, 0, 0, 0, 0.033
ProtG82, 0, 0, 1.019, 0.266, 0, 0, 0, 0, 0.024
ProtG83, 1, 0.001, 0.144, 0.329, 1, 0, 1, 0.937, 0.092
ProtG84, 1, 0.003, 0.044, 0.526, 1, 0, 1, 0.201, 0.82
ProtG85, 0, 0, 1.063, 0.101, 0, 0, 0, 0, 0.014
ProtG86, 1, 0.005, 0.057, 0.101, 1, 0, 1, 0.967, 0.057
ProtG87, 0, 0, 0.042, 0.04, 0, 0, 0, 0, 0.025
ProtG88, 1, 0.005, 0.758, 0.348, 1, 0, 1, 0.517, 0.514
ProtG89, 1, 0, 0.065, 0.095, 1, 0, 1, 0.096, 0.928
ProtG9, 1, 0.001, 0.063, 0.418, 1, 0, 1, 0.585, 0.455
ProtG90, 0, 0, 0.04, 0.035, 0, 0, 0, 0, 0.027
ProtG91, 1, 0, 0.132, 0.168, 1, 0, 1, 0.944, 0.083
ProtM1, 1, 0, 0.555, 0.057, 1, 0, 1, 0.897, 0.13
ProtM2, 1, 0.004, 0.501, 0.514, 1, 0, 1, 0.952, 0.072
ProtM3, 1, 0, 0.656, 0.214, 1, 0, 1, 0.541, 0.486
ProtZ1, 1, 0, 0.046, 0.045, 1, 0, 1, 1, 0.023
ProtZ2, 1, 0, 0.059, 0.052, 1, 0, 1, 1, 0.033
ProtZ3, 1, 0, 0.068, 0.061, 1, 0, 1, 1, 0.044
ProtZ4, 1, 0, 0.048, 0.045, 1, 0, 1, 1, 0.025
ProtZ5, 1, 0, 0.109, 0.085, 1, 0, 1, 0.998, 0.04
RBG1, 0, 0, 0.716, 0.253, 0, 0, 0, 0, 0.057
Rifl1, 2, 0.992, 0.148, 0.376, 1, 0, 2, 0.009, 0.998
SAR3X1, 1, 0.001, 0.086, 0.402, 1, 0, 1, 0.603, 0.429
SAR3X2, 0, 0, 0.703, 0.271, 0, 0, 0, 0, 0.047
SLNR1, 2, 0.005, 0.147, 0.382, 1, 0, 2, 1.219, 0.825
SM23X1, 0, 0.001, 0.123, 0.076, 0, 0, 0, 0, 0.042
SZUA1, 2, 0.978, 0.192, 0.411, 1, 0, 2, 0.041, 0.746
SZUA2, 1, 0.002, 0.459, 0.474, 1, 0, 1, 0.198, 0.847
Sche1, 2, 0.006, 0.238, 0.404, 1, 0, 2, 1.139, 0.906
Spir10, 0, 0, 1.044, 0.382, 0, 0, 0, 0, 0.029
Spir11, 0, 0, 1.027, 0.445, 0, 0, 0, 0, 0.045
Spir12, 0, 0.001, 0.901, 0.338, 0, 0, 0, 0, 0.039
Spir13, 1, 0, 0.05, 0.058, 1, 0, 1, 1, 0.032
Spir15, 1, 0.006, 0.112, 0.284, 1, 0, 1, 0.115, 0.92
Spir2, 1, 0, 0.044, 0.04, 1, 0, 1, 0.999, 0.026
Spir3, 1, 0.007, 0.068, 0.421, 1, 0, 1, 0.989, 0.046
Spir4, 1, 0.006, 0.287, 0.507, 1, 0, 1, 0.157, 0.878
Spir8, 1, 0.004, 0.907, 0.488, 1, 0, 1, 0.063, 0.982
Spir9, 1, 0.02, 0.229, 0.775, 1, 0, 1, 0.008, 1.023
Sume1, 1, 0.014, 0.376, 1.162, 1, 0, 1, 0.982, 0.043
Syne1, 1, 0, 0.811, 0.246, 1, 0, 1, 0.873, 0.159
Syne10, 1, 0.001, 0.073, 0.052, 1, 0, 1, 0.97, 0.044
Syne2, 1, 0.006, 0.118, 0.411, 1, 0, 1, 0.782, 0.242
Syne3, 0, 0, 0.314, 0.071, 0, 0, 0, 0, 0.024
Syne4, 1, 0.001, 0.415, 0.17, 1, 0, 1, 0.953, 0.081
Syne5, 2, 0.004, 0.176, 0.461, 1, 0, 2, 1.191, 0.839
Syne6, 2, 0.013, 0.686, 1.136, 1, 0, 2, 1.727, 0.293
Syne7, 0, 0, 1.057, 0.07, 0, 0, 0, 0, 0.029
Syne8, 1, 0, 0.107, 0.079, 1, 0, 1, 0.21, 0.817
Syne9, 2, 0.014, 0.18, 1.325, 1, 0, 2, 1.105, 0.931
TA06A1, 2, 0.013, 0.163, 1.346, 1, 0, 2, 0.914, 1.109
TA06X1, 0, 0, 0.061, 0.058, 0, 0, 0, 0, 0.041
Therd1, 1, 0.001, 0.795, 0.333, 1, 0, 1, 0.002, 1.037
Therg2, 1, 0.001, 0.056, 0.049, 1, 0, 1, 0.999, 0.029
Therg3, 1, 0, 0.643, 0.036, 1, 0, 1, 0.833, 0.189
Therg4, 1, 0, 0.069, 0.06, 1, 0, 1, 1, 0.043
Therg5, 1, 0.001, 0.541, 0.212, 1, 0, 1, 0.944, 0.086
Therg6, 1, 0, 0.215, 0.11, 1, 0, 1, 0.838, 0.199
Therg8, 1, 0.002, 0.877, 0.197, 1, 0, 1, 0.164, 0.859
Thers1, 1, 0.006, 0.075, 0.239, 1, 0, 1, 0.189, 0.849
UBA1X1, 1, 0, 0.067, 0.066, 1, 0, 1, 0.997, 0.047
UBA1X2, 0, 0, 0.1, 0.075, 0, 0, 0, 0, 0.034
UBA1X3, 1, 0.004, 0.12, 0.477, 1, 0, 1, 0.286, 0.75
UBA1X4, 0, 0, 0.045, 0.046, 0, 0, 0, 0, 0.031
UBA1X5, 0, 0, 0.052, 0.06, 0, 0, 0, 0, 0.038
UBA1X6, 1, 0, 0.051, 0.049, 1, 0, 1, 0.997, 0.031
UBA2X1, 1, 0.003, 0.294, 0.33, 1, 0, 1, 0.356, 0.681
UBA6X1, 2, 0.01, 1.426, 0.779, 1, 0, 2, 1.505, 0.537
UBA9X1, 0, 0, 1.078, 0.433, 0, 0, 0, 0, 0.038
UBA9X2, 1, 0.002, 0.102, 0.226, 1, 0, 1, 0.839, 0.208
UBA9X3, 0, 0, 0.939, 0.349, 0, 0, 0, 0, 0.047
UBP13X1, 1, 0, 0.177, 0.129, 1, 0, 1, 0.286, 0.749
UBP14X1, 1, 0, 0.707, 0.339, 1, 0, 1, 0.118, 0.936
UBP4X1, 2, 0.003, 0.206, 0.233, 1, 0, 2, 1.148, 0.884
UBP6X1, 0, 0, 0.203, 0.137, 0, 0, 0, 0, 0.044
Verr10, 1, 0, 1.025, 0.333, 1, 0, 1, 0.044, 1.005
Verr11, 0, 0, 1.047, 0.059, 0, 0, 0, 0, 0.035
Verr12, 1, 0, 0.039, 0.033, 1, 0, 1, 0.998, 0.027
Verr13, 1, 0, 0.11, 0.046, 1, 0, 1, 1, 0.033
Verr14, 1, 0, 0.07, 0.052, 1, 0, 1, 1, 0.028
Verr2, 2, 0.013, 0.057, 0.936, 1, 0, 2, 1.925, 0.091
Verr3, 1, 0.001, 0.108, 0.177, 1, 0, 1, 0.952, 0.087
Verr4, 2, 0, 1.058, 0.079, 1, 0, 2, 1.016, 1.014
Verr5, 3, 1.877, 0.428, 1.213, 1, 0, 3, 0.131, 0.793
Verr6, 1, 0.014, 0.542, 0.713, 1, 0, 1, 0.259, 0.77
Verr7, 1, 0, 0.987, 0.107, 1, 0, 1, 0.999, 0.034
Verr8, 1, 0.005, 1.026, 0.472, 1, 0, 1, 0.12, 0.915
Verr9, 3, 0.002, 0.05, 0.381, 1, 0, 3, 2.175, 0.848
WOR1, 0, 0, 0.062, 0.068, 0, 0, 0, 0, 0.048
WOR2, 0, 0.001, 0.047, 0.051, 0, 0, 0, 0, 0.04
WOR3, 0, 0, 0.053, 0.061, 0, 0, 0, 0, 0.039
WOR4, 0, 0, 0.051, 0.059, 0, 0, 0, 0, 0.045
WOR6, 0, 0, 0.172, 0.1, 0, 0, 0, 0, 0.042
WOR7, 1, 0.004, 0.043, 0.503, 1, 0, 1, 0.127, 0.909
Wall1, 1, 0.006, 0.134, 0.439, 1, 0, 1, 0.012, 1.026
Zixi1, 1, 0.001, 0.062, 0.057, 1, 0, 1, 1, 0.028
Zixi2, 1, 0, 0.073, 0.059, 1, 0, 1, 0.999, 0.04
Zixi3, 2, 0.004, 0.435, 0.443, 1, 0, 2, 1.224, 0.807
Zixi4, 2, 0.002, 0.379, 0.364, 1, 0, 2, 1.265, 0.753
Zixi5, 1, 0.001, 0.965, 0.33, 1, 0, 1, 0.245, 0.783
chloroArabidopsis, 0, 0, 0.037, 0.036, 0, 0, 0, 0, 0.025
chloroBryophyte, 0, 0, 0.048, 0.034, 0, 0, 0, 0, 0.024
chloroChlorophyta, 0, 0.001, 0.054, 0.05, 0, 0, 0, 0, 0.03
chloroLycophyte, 0, 0, 0.033, 0.031, 0, 0, 0, 0, 0.021
chloroRedAlgae, 0, 0, 0.111, 0.075, 0, 0, 0, 0, 0.032
mitoAnnelida, 0, 0.001, 0.042, 0.037, 0, 0, 0, 0, 0.022
mitoArabidopsis, 0, 0, 0.035, 0.032, 0, 0, 0, 0, 0.024
mitoBryophyte, 0, 0, 0.038, 0.033, 0, 0, 0, 0, 0.02
mitoChelicerate, 0, 0, 0.042, 0.043, 0, 0, 0, 0, 0.026
mitoChlorophyta, 0, 0, 0.04, 0.035, 0, 0, 0, 0, 0.024
mitoExcavata, 0, 0, 0.069, 0.065, 0, 0, 0, 0, 0.037
mitoFungi, 0, 0.001, 0.077, 0.067, 0, 0, 0, 0, 0.034
mitoInsect, 0, 0, 0.036, 0.029, 0, 0, 0, 0, 0.02
mitoLycophyte, 0, 0, 0.036, 0.033, 0, 0, 0, 0, 0.025
mitoMollusc, 0, 0, 0.041, 0.033, 0, 0, 0, 0, 0.022
mitoParamecium, 0, 0, 0.05, 0.052, 0, 0, 0, 0, 0.037
mitoPriapulid, 0, 0, 0.044, 0.038, 0, 0, 0, 0, 0.022
mitoRedAlgae, 0, 0, 0.041, 0.037, 0, 0, 0, 0, 0.025
