species_label, speciations, duplications, losses, transfers, presence, origination, copies, singletons, transfers_to
AABM5X1, 0, 0, 0.02, 0.02, 0, 0, 0, 0, 0.012
AABM5X2, 0, 0, 0.017, 0.014, 0, 0, 0, 0, 0.009
AABM5X3, 0, 0, 0.017, 0.017, 0, 0, 0, 0, 0.013
Abys1, 1, 0.001, 0.551, 0.332, 1, 0, 1, 0.594, 0.425
Acid1, 1, 0.001, 0.025, 0.299, 1, 0, 1, 0.217, 0.797
Acid10, 1, 0.001, 0.065, 0.293, 1, 0, 1, 0.321, 0.689
Acid11, 1, 0.002, 0.015, 0.341, 1, 0, 1, 0.219, 0.789
Acid12, 0, 0, 0.021, 0.023, 0, 0, 0, 0, 0.012
Acid13, 0, 0, 0.022, 0.018, 0, 0, 0, 0, 0.013
Acid14, 1, 0.002, 0.248, 0.291, 1, 0, 1, 0.37, 0.641
Acid16, 1, 0.001, 0.069, 0.449, 1, 0, 1, 0.006, 1.013
Acid17, 0, 0, 0.241, 0.076, 0, 0, 0, 0, 0.014
Acid18, 0, 0, 0.036, 0.04, 0, 0, 0, 0, 0.02
Acid2, 0, 0, 0.031, 0.03, 0, 0, 0, 0, 0.015
Acid20, 1, 0, 0.015, 0.014, 1, 0, 1, 1, 0.01
Acid21, 1, 0, 0.041, 0.195, 1, 0, 1, 0.373, 0.634
Acid22, 1, 0.001, 0.042, 0.088, 1, 0, 1, 0.243, 0.766
Acid23, 1, 0.002, 0.014, 0.302, 1, 0, 1, 0.296, 0.709
Acid24, 0, 0, 0.077, 0.03, 0, 0, 0, 0, 0.006
Acid25, 0, 0, 0.044, 0.032, 0, 0, 0, 0, 0.013
Acid26, 0, 0, 0.023, 0.017, 0, 0, 0, 0, 0.012
Acid27, 0, 0, 0.024, 0.021, 0, 0, 0, 0, 0.009
Acid28, 0, 0, 0.041, 0.031, 0, 0, 0, 0, 0.012
Acid29, 0, 0, 0.025, 0.019, 0, 0, 0, 0, 0.01
Acid3, 1, 0.001, 0.388, 0.312, 1, 0, 1, 0.227, 0.782
Acid30, 1, 0, 0.062, 0.075, 1, 0, 1, 0.163, 0.848
Acid31, 0, 0, 0.241, 0.104, 0, 0, 0, 0, 0.017
Acid32, 0, 0, 0.021, 0.023, 0, 0, 0, 0, 0.01
Acid33, 1, 0.002, 0.023, 0.635, 1, 0, 1, 0.287, 0.729
Acid34, 0, 0, 0.046, 0.026, 0, 0, 0, 0, 0.011
Acid35, 0, 0, 0.496, 0.112, 0, 0, 0, 0, 0.014
Acid36, 1, 0, 0.014, 0.006, 1, 0, 1, 0.999, 0.006
Acid37, 0, 0, 0.218, 0.054, 0, 0, 0, 0, 0.004
Acid38, 1, 0, 0.017, 0.017, 1, 0, 1, 1, 0.009
Acid39, 1, 0, 0.017, 0.268, 1, 0, 1, 0.474, 0.535
Acid4, 1, 0, 0.101, 0.039, 1, 0, 1, 0.173, 0.846
Acid40, 1, 0, 0.014, 0.011, 1, 0, 1, 1, 0.009
Acid5, 0, 0, 0.21, 0.087, 0, 0, 0, 0, 0.026
Acid6, 1, 0, 0.03, 0.028, 1, 0, 1, 0.01, 1.001
Acid7, 1, 0, 0.074, 0.03, 1, 0, 1, 0.2, 0.807
Acid8, 0, 0, 0.309, 0.103, 0, 0, 0, 0, 0.023
Acid9, 0, 0, 0.329, 0.089, 0, 0, 0, 0, 0.023
Acti10, 1, 0, 0.019, 0.086, 1, 0, 1, 0.861, 0.153
Acti11, 1, 0, 0.016, 0.012, 1, 0, 1, 1, 0.007
Acti12, 4, 0.961, 0.026, 0.584, 1, 0, 4, 1.389, 1.534
Acti13, 1, 0, 0.085, 0.034, 1, 0, 1, 1, 0.017
Acti14, 1, 0, 0.017, 0.037, 1, 0, 1, 0.204, 0.809
Acti15, 1, 0, 0.019, 0.016, 1, 0, 1, 1, 0.012
Acti16, 1, 0.002, 0.018, 0.213, 1, 0, 1, 0.248, 0.762
Acti18, 0, 0, 0.271, 0.053, 0, 0, 0, 0, 0.017
Acti19, 1, 0, 0.419, 0.109, 1, 0, 1, 1, 0.013
Acti2, 0, 0, 0.074, 0.025, 0, 0, 0, 0, 0.013
Acti20, 0, 0, 0.283, 0.071, 0, 0, 0, 0, 0.016
Acti21, 1, 0, 0.541, 0.155, 1, 0, 1, 1, 0.01
Acti22, 1, 0, 0.02, 0.021, 1, 0, 1, 1, 0.011
Acti23, 2, 0.005, 1.024, 0.36, 1, 0, 2, 0.4, 1.613
Acti24, 1, 0, 0.012, 0.011, 1, 0, 1, 1, 0.009
Acti25, 1, 0, 0.033, 0.082, 1, 0, 1, 0.845, 0.169
Acti26, 0, 0, 0.182, 0.072, 0, 0, 0, 0, 0.012
Acti27, 0, 0, 0.014, 0.012, 0, 0, 0, 0, 0.008
Acti28, 1, 0, 0.8, 0.314, 1, 0, 1, 0.922, 0.085
Acti29, 0, 0, 0.014, 0.013, 0, 0, 0, 0, 0.011
Acti3, 0, 0, 0.877, 0.031, 0, 0, 0, 0, 0.011
Acti30, 0, 0, 0.02, 0.02, 0, 0, 0, 0, 0.015
Acti31, 0, 0, 0.823, 0.02, 0, 0, 0, 0, 0.014
Acti32, 1, 0, 0.007, 0.007, 1, 0, 1, 1, 0.006
Acti33, 0, 0, 1.014, 0.015, 0, 0, 0, 0, 0.01
Acti34, 1, 0, 0.069, 0.021, 1, 0, 1, 0.999, 0.013
Acti35, 1, 0, 0.017, 0.016, 1, 0, 1, 0.999, 0.013
Acti36, 1, 0, 0.152, 0.316, 1, 0, 1, 0.976, 0.034
Acti37, 1, 0, 1.038, 0.28, 1, 0, 1, 0.991, 0.022
Acti38, 1, 0.002, 0.025, 0.928, 1, 0, 1, 0.998, 0.014
Acti39, 0, 0, 0.154, 0.097, 0, 0, 0, 0, 0.018
Acti4, 0, 0, 0.131, 0.071, 0, 0, 0, 0, 0.013
Acti40, 1, 0, 0.017, 0.015, 1, 0, 1, 1, 0.01
Acti41, 1, 0.001, 0.123, 0.494, 1, 0, 1, 0.164, 0.844
Acti42, 1, 0, 0.173, 0.301, 1, 0, 1, 0.376, 0.647
Acti43, 1, 0, 0.719, 0.05, 1, 0, 1, 0.411, 0.601
Acti44, 0, 0, 1.062, 0.043, 0, 0, 0, 0, 0.013
Acti45, 1, 0, 0.172, 0.028, 1, 0, 1, 0.935, 0.073
Acti46, 1, 0.002, 0.197, 0.159, 1, 0, 1, 0.091, 0.917
Acti47, 1, 0, 0.948, 0.036, 1, 0, 1, 0.158, 0.849
Acti48, 1, 0, 1.089, 0.195, 1, 0, 1, 0.998, 0.009
Acti49, 1, 0, 0.01, 0.011, 1, 0, 1, 1, 0.009
Acti5, 0, 0, 0.242, 0.044, 0, 0, 0, 0, 0.006
Acti50, 1, 0, 0.937, 0.327, 1, 0, 1, 0.786, 0.222
Acti51, 0, 0, 0.02, 0.02, 0, 0, 0, 0, 0.014
Acti52, 1, 0, 0.066, 0.044, 1, 0, 1, 0.995, 0.017
Acti6, 0, 0, 0.216, 0.043, 0, 0, 0, 0, 0.008
Acti7, 0, 0, 0.84, 0.029, 0, 0, 0, 0, 0.021
Acti8, 1, 0, 0.018, 0.018, 1, 0, 1, 1, 0.015
Acti9, 0, 0, 0.018, 0.023, 0, 0, 0, 0, 0.015
Aero1, 0, 0, 0.048, 0.039, 0, 0, 0, 0, 0.02
Aqui1, 0, 0, 0.188, 0.025, 0, 0, 0, 0, 0.013
Aqui2, 1, 0, 0.005, 0.025, 1, 0, 1, 0.174, 0.83
Aqui3, 0, 0, 0.037, 0.023, 0, 0, 0, 0, 0.013
Aqui4, 0, 0, 0.021, 0.025, 0, 0, 0, 0, 0.011
Aqui5, 0, 0, 0.059, 0.021, 0, 0, 0, 0, 0.012
Aqui6, 0, 0, 0.024, 0.022, 0, 0, 0, 0, 0.014
Arma11, 1, 0.001, 0.325, 0.213, 1, 0, 1, 0.184, 0.827
Arma12, 1, 0, 0.256, 0.137, 1, 0, 1, 0.402, 0.611
Arma13, 0, 0, 0.019, 0.017, 0, 0, 0, 0, 0.016
Arma14, 0, 0, 0.021, 0.017, 0, 0, 0, 0, 0.01
Arma15, 0, 0, 0.013, 0.012, 0, 0, 0, 0, 0.01
Arma16, 1, 0.001, 0.211, 0.086, 1, 0, 1, 0.418, 0.591
Arma3, 1, 0.003, 0.357, 0.658, 1, 0, 1, 0.121, 0.901
Arma4, 0, 0, 0.019, 0.014, 0, 0, 0, 0, 0.008
Arma6, 1, 0, 0.019, 0.023, 1, 0, 1, 0.995, 0.02
Arma7, 1, 0.002, 0.474, 0.122, 1, 0, 1, 0.188, 0.827
Arma9, 1, 0, 0.035, 0.026, 1, 0, 1, 0.995, 0.016
Aure1, 1, 0.003, 0.471, 0.59, 1, 0, 1, 0.504, 0.52
Aure2, 1, 0, 0.682, 0.41, 1, 0, 1, 0.287, 0.734
Aure3, 0, 0.001, 1.447, 0.499, 0, 0, 0, 0, 0.026
B130X1, 0, 0.001, 0.622, 0.279, 0, 0, 0, 0, 0.033
BMS3X1, 0, 0, 0.217, 0.133, 0, 0, 0, 0, 0.023
Bact1, 0, 0, 0.021, 0.018, 0, 0, 0, 0, 0.014
Bact10, 0, 0, 0.079, 0.038, 0, 0, 0, 0, 0.012
Bact11, 0, 0, 0.019, 0.02, 0, 0, 0, 0, 0.012
Bact12, 0, 0, 0.014, 0.014, 0, 0, 0, 0, 0.01
Bact13, 0, 0, 0.024, 0.021, 0, 0, 0, 0, 0.012
Bact14, 0, 0, 0.021, 0.018, 0, 0, 0, 0, 0.015
Bact16, 0, 0, 0.019, 0.019, 0, 0, 0, 0, 0.012
Bact17, 0, 0, 0.023, 0.019, 0, 0, 0, 0, 0.012
Bact18, 0, 0, 0.02, 0.017, 0, 0, 0, 0, 0.011
Bact19, 1, 0.002, 0.425, 0.442, 1, 0, 1, 0.29, 0.72
Bact2, 0, 0, 0.017, 0.018, 0, 0, 0, 0, 0.015
Bact20, 0, 0, 0.02, 0.018, 0, 0, 0, 0, 0.012
Bact21, 1, 0, 0.051, 0.033, 1, 0, 1, 0.994, 0.016
Bact22, 0, 0, 0.013, 0.013, 0, 0, 0, 0, 0.008
Bact23, 1, 0.001, 0.013, 0.176, 1, 0, 1, 0.204, 0.804
Bact24, 0, 0, 0.018, 0.018, 0, 0, 0, 0, 0.014
Bact25, 0, 0, 0.017, 0.01, 0, 0, 0, 0, 0.007
Bact27, 1, 0, 0.147, 0.103, 1, 0, 1, 0.828, 0.182
Bact28, 0, 0, 0.215, 0.041, 0, 0, 0, 0, 0.007
Bact29, 1, 0.001, 1.011, 0.114, 1, 0, 1, 0.138, 0.872
Bact3, 0, 0, 0.023, 0.024, 0, 0, 0, 0, 0.017
Bact30, 0, 0, 0.02, 0.021, 0, 0, 0, 0, 0.011
Bact31, 0, 0, 0.019, 0.017, 0, 0, 0, 0, 0.013
Bact32, 0, 0, 0.021, 0.024, 0, 0, 0, 0, 0.012
Bact33, 1, 0, 0.278, 0.133, 1, 0, 1, 0.137, 0.877
Bact34, 0, 0, 0.064, 0.02, 0, 0, 0, 0, 0.012
Bact35, 0, 0, 0.575, 0.096, 0, 0, 0, 0, 0.008
Bact36, 0, 0, 0.17, 0.069, 0, 0, 0, 0, 0.012
Bact37, 1, 0, 0.016, 0.044, 1, 0, 1, 0.234, 0.775
Bact38, 0, 0, 0.026, 0.028, 0, 0, 0, 0, 0.02
Bact39, 1, 0.004, 0.15, 0.271, 1, 0, 1, 0.26, 0.745
Bact4, 0, 0, 0.033, 0.029, 0, 0, 0, 0, 0.023
Bact40, 1, 0.001, 0.254, 0.701, 1, 0, 1, 0.888, 0.123
Bact41, 1, 0.001, 0.385, 0.192, 1, 0, 1, 0.761, 0.254
Bact42, 0, 0, 0.25, 0.034, 0, 0, 0, 0, 0.009
Bact43, 1, 0.001, 0.028, 0.147, 1, 0, 1, 0.143, 0.869
Bact44, 0, 0, 0.481, 0.058, 0, 0, 0, 0, 0.007
Bact5, 0, 0, 0.021, 0.025, 0, 0, 0, 0, 0.014
Bact6, 0, 0, 0.04, 0.023, 0, 0, 0, 0, 0.009
Bact7, 0, 0, 0.015, 0.014, 0, 0, 0, 0, 0.009
Bact8, 0, 0, 0.015, 0.015, 0, 0, 0, 0, 0.009
Bact9, 1, 0, 0.161, 0.046, 1, 0, 1, 0.995, 0.023
Bdell10, 0, 0, 0.019, 0.019, 0, 0, 0, 0, 0.013
Bdell11, 0, 0, 0.024, 0.021, 0, 0, 0, 0, 0.013
Bdell12, 1, 0, 0.265, 0.052, 1, 0, 1, 0.999, 0.013
Bdell13, 0, 0, 0.359, 0.053, 0, 0, 0, 0, 0.011
Bdell14, 0, 0, 0.03, 0.024, 0, 0, 0, 0, 0.016
Bdell15, 0, 0, 0.021, 0.022, 0, 0, 0, 0, 0.012
Bdell16, 0, 0, 0.025, 0.02, 0, 0, 0, 0, 0.014
Bdell17, 0, 0, 0.019, 0.018, 0, 0, 0, 0, 0.008
Bdell2, 0, 0, 0.019, 0.018, 0, 0, 0, 0, 0.013
Bdell3, 2, 0, 0.034, 0.149, 1, 0, 2, 1.239, 0.782
Bdell4, 0, 0, 0.027, 0.026, 0, 0, 0, 0, 0.013
Bdell5, 0, 0, 0.019, 0.02, 0, 0, 0, 0, 0.009
Bdell6, 0, 0, 0.063, 0.051, 0, 0, 0, 0, 0.025
Bdell7, 0, 0, 0.025, 0.024, 0, 0, 0, 0, 0.015
Bdell9, 0, 0, 0.018, 0.018, 0, 0, 0, 0, 0.009
BdellC1, 0, 0, 0.031, 0.024, 0, 0, 0, 0, 0.012
BdellC2, 0, 0, 0.03, 0.026, 0, 0, 0, 0, 0.011
Bipo1, 0, 0, 0.321, 0.085, 0, 0, 0, 0, 0.019
Bipo2, 1, 0, 0.025, 0.227, 1, 0, 1, 0.293, 0.723
CG267X1, 0, 0, 0.021, 0.024, 0, 0, 0, 0, 0.011
CG294X1, 0, 0, 0.021, 0.017, 0, 0, 0, 0, 0.011
CSP1X1, 0, 0, 0.255, 0.127, 0, 0, 0, 0, 0.024
Calda1, 0, 0, 0.039, 0.034, 0, 0, 0, 0, 0.017
Calda2, 0, 0, 0.036, 0.045, 0, 0, 0, 0, 0.014
Caldit1, 0, 0, 0.022, 0.024, 0, 0, 0, 0, 0.018
Caldit2, 0, 0, 0.014, 0.014, 0, 0, 0, 0, 0.01
Caldit3, 0, 0, 0.016, 0.016, 0, 0, 0, 0, 0.009
Camp1, 0, 0, 0.027, 0.022, 0, 0, 0, 0, 0.012
Camp10, 0, 0, 0.298, 0.051, 0, 0, 0, 0, 0.01
Camp11, 1, 0, 0.202, 0.095, 1, 0, 1, 0.308, 0.701
Camp12, 0, 0, 0.204, 0.082, 0, 0, 0, 0, 0.01
Camp13, 0, 0, 0.1, 0.061, 0, 0, 0, 0, 0.014
Camp14, 1, 0, 0.027, 0.203, 1, 0, 1, 0.811, 0.203
Camp15, 0, 0, 0.832, 0.15, 0, 0, 0, 0, 0.008
Camp16, 1, 0, 0.017, 0.019, 1, 0, 1, 1, 0.009
Camp2, 0, 0, 0.098, 0.059, 0, 0, 0, 0, 0.012
Camp3, 0, 0, 0.03, 0.027, 0, 0, 0, 0, 0.015
Camp4, 1, 0, 0.022, 0.021, 1, 0, 1, 0.999, 0.014
Camp5, 1, 0, 0.032, 0.112, 1, 0, 1, 0.27, 0.744
Camp6, 0, 0, 0.024, 0.022, 0, 0, 0, 0, 0.013
Camp7, 0, 0, 0.804, 0.184, 0, 0, 0, 0, 0.019
Camp9, 0, 0, 0.026, 0.025, 0, 0, 0, 0, 0.015
Chlo10, 0, 0, 0.344, 0.053, 0, 0, 0, 0, 0.008
Chlo11, 0, 0, 0.043, 0.045, 0, 0, 0, 0, 0.021
Chlo12, 1, 0, 0.021, 0.019, 1, 0, 1, 0.997, 0.016
Chlo13, 0, 0, 0.312, 0.09, 0, 0, 0, 0, 0.011
Chlo14, 0, 0, 0.09, 0.046, 0, 0, 0, 0, 0.012
Chlo15, 1, 0, 0.025, 0.034, 1, 0, 1, 0.247, 0.759
Chlo16, 1, 0, 0.029, 0.404, 1, 0, 1, 0.342, 0.676
Chlo17, 1, 0.001, 0.802, 0.347, 1, 0, 1, 0.25, 0.772
Chlo18, 0, 0, 0.052, 0.045, 0, 0, 0, 0, 0.01
Chlo19, 0, 0, 0.105, 0.079, 0, 0, 0, 0, 0.012
Chlo20, 0, 0, 0.281, 0.08, 0, 0, 0, 0, 0.01
Chlo21, 0, 0, 0.018, 0.016, 0, 0, 0, 0, 0.014
Chlo22, 0, 0, 0.919, 0.138, 0, 0, 0, 0, 0.01
Chlo23, 0, 0, 0.176, 0.103, 0, 0, 0, 0, 0.015
Chlo24, 0, 0, 1.02, 0.025, 0, 0, 0, 0, 0.015
Chlo25, 0, 0, 0.122, 0.115, 0, 0, 0, 0, 0.01
Chlo26, 0, 0, 0.038, 0.032, 0, 0, 0, 0, 0.016
Chlo27, 1, 0, 0.075, 0.032, 1, 0, 1, 0.996, 0.013
Chlo28, 0, 0, 0.085, 0.06, 0, 0, 0, 0, 0.009
Chlo29, 1, 0.001, 0.807, 0.209, 1, 0, 1, 0.186, 0.834
Chlo30, 1, 0.002, 0.028, 0.617, 1, 0, 1, 0.993, 0.015
Chlo31, 0, 0, 0.125, 0.095, 0, 0, 0, 0, 0.013
Chlo32, 1, 0, 0.149, 0.061, 1, 0, 1, 0.804, 0.215
Chlo33, 0, 0, 0.177, 0.124, 0, 0, 0, 0, 0.016
Chlo34, 0, 0, 0.027, 0.023, 0, 0, 0, 0, 0.012
Chlo35, 0, 0, 0.019, 0.024, 0, 0, 0, 0, 0.015
Chlo36, 1, 0, 0.011, 0.01, 1, 0, 1, 1, 0.008
Chlo37, 1, 0.003, 0.031, 0.64, 1, 0, 1, 0.993, 0.017
Chlo38, 0, 0, 0.106, 0.091, 0, 0, 0, 0, 0.013
Chlo39, 0, 0, 0.024, 0.02, 0, 0, 0, 0, 0.012
Chlo4, 1, 0, 0.019, 0.018, 1, 0, 1, 0.998, 0.016
Chlo40, 1, 0, 0.01, 0.012, 1, 0, 1, 1, 0.007
Chlo41, 0, 0, 0.022, 0.016, 0, 0, 0, 0, 0.01
Chlo42, 0, 0, 0.028, 0.027, 0, 0, 0, 0, 0.013
Chlo43, 0, 0, 0.04, 0.019, 0, 0, 0, 0, 0.005
Chlo44, 1, 0.001, 0.262, 0.171, 1, 0, 1, 0.772, 0.232
Chlo45, 1, 0, 0.196, 0.026, 1, 0, 1, 0.991, 0.022
Chlo46, 1, 0, 1.011, 0.016, 1, 0, 1, 0.173, 0.837
Chlo47, 0, 0, 0.244, 0.063, 0, 0, 0, 0, 0.014
Chlo48, 1, 0, 0.02, 0.113, 1, 0, 1, 0.327, 0.684
Chlo5, 0, 0, 0.363, 0.132, 0, 0, 0, 0, 0.01
Chlo6, 0, 0, 0.054, 0.05, 0, 0, 0, 0, 0.012
Chlo7, 0, 0, 0.279, 0.045, 0, 0, 0, 0, 0.013
Chlo8, 1, 0, 0.022, 0.139, 1, 0, 1, 0.901, 0.114
Chlo9, 0, 0, 0.056, 0.038, 0, 0, 0, 0, 0.011
Chry1, 1, 0.007, 0.08, 0.969, 1, 0, 1, 0.67, 0.342
Cloa1, 0, 0, 0.048, 0.044, 0, 0, 0, 0, 0.026
Cyan1, 0, 0, 0.039, 0.034, 0, 0, 0, 0, 0.021
Cyan10, 1, 0, 0.208, 0.261, 1, 0, 1, 0.962, 0.052
Cyan11, 1, 0, 0.07, 0.035, 1, 0, 1, 0.863, 0.144
Cyan12, 0, 0, 0.026, 0.023, 0, 0, 0, 0, 0.017
Cyan13, 0, 0, 0.013, 0.016, 0, 0, 0, 0, 0.008
Cyan14, 2, 0.003, 1.247, 0.706, 1, 0, 2, 1.984, 0.022
Cyan15, 2, 0, 2.005, 0.667, 1, 0, 2, 1.231, 0.783
Cyan16, 1, 0, 2.006, 0.043, 1, 0, 1, 0.976, 0.034
Cyan18, 0, 0, 0.009, 0.007, 0, 0, 0, 0, 0.004
Cyan19, 1, 0, 0.276, 0.085, 1, 0, 1, 0.801, 0.208
Cyan2, 0, 0, 0.031, 0.023, 0, 0, 0, 0, 0.013
Cyan20, 1, 0, 0.105, 0.066, 1, 0, 1, 0.958, 0.061
Cyan21, 2, 0, 0.019, 0.031, 1, 0, 2, 1.175, 0.835
Cyan22, 2, 0, 0.065, 0.09, 1, 0, 2, 1.943, 0.068
Cyan23, 1, 0, 1.465, 0.13, 1, 0, 1, 0.996, 0.011
Cyan24, 1, 0, 0.872, 0.342, 1, 0, 1, 0.327, 0.683
Cyan25, 1, 0, 0.77, 0.033, 1, 0, 1, 0.434, 0.575
Cyan26, 1, 0, 0.881, 0.063, 1, 0, 1, 0.056, 0.955
Cyan27, 1, 0, 0.025, 0.021, 1, 0, 1, 0.85, 0.163
Cyan28, 1, 0, 0.029, 0.037, 1, 0, 1, 0.034, 0.977
Cyan29, 2, 0, 0.999, 0.03, 1, 0, 2, 1.991, 0.027
Cyan3, 2, 0.198, 0.989, 0.669, 1, 0, 2, 0.811, 0.944
Cyan30, 1, 0, 0.327, 0.061, 1, 0, 1, 0.004, 1.01
Cyan31, 1, 0, 0.783, 0.74, 1, 0, 1, 0.451, 0.563
Cyan32, 1, 0, 1.013, 0.529, 1, 0, 1, 0.21, 0.798
Cyan33, 1, 0, 0.194, 0.013, 1, 0, 1, 1, 0.01
Cyan34, 1, 0.001, 0.252, 0.622, 1, 0, 1, 0.982, 0.031
Cyan35, 1, 0.002, 0.363, 0.691, 1, 0, 1, 0.752, 0.256
Cyan36, 1, 0, 0.85, 0.316, 1, 0, 1, 0.776, 0.239
Cyan37, 1, 0.001, 0.508, 0.327, 1, 0, 1, 0.227, 0.793
Cyan38, 1, 0.001, 0.091, 0.137, 1, 0, 1, 0.063, 0.95
Cyan4, 0, 0, 0.019, 0.021, 0, 0, 0, 0, 0.014
Cyan40, 1, 0, 0.867, 0.019, 1, 0, 1, 0.01, 1.005
Cyan41, 1, 0.001, 0.084, 0.049, 1, 0, 1, 0.999, 0.015
Cyan42, 1, 0, 0.898, 0.189, 1, 0, 1, 0.962, 0.051
Cyan43, 1, 0, 0.025, 0.02, 1, 0, 1, 0.999, 0.01
Cyan44, 1, 0, 0.009, 0.009, 1, 0, 1, 1, 0.006
Cyan45, 1, 0, 0.975, 0.405, 1, 0, 1, 0.189, 0.819
Cyan46, 1, 0.002, 0.229, 0.356, 1, 0, 1, 0.997, 0.012
Cyan47, 1, 0, 0.014, 0.015, 1, 0, 1, 1, 0.011
Cyan7, 0, 0, 0.017, 0.015, 0, 0, 0, 0, 0.011
Cyan8, 0, 0, 0.021, 0.02, 0, 0, 0, 0, 0.016
Cyan9, 0, 0, 0.012, 0.012, 0, 0, 0, 0, 0.007
DTU0X1, 0, 0, 0.032, 0.031, 0, 0, 0, 0, 0.023
Defe1, 0, 0.001, 0.609, 0.415, 0, 0, 0, 0, 0.019
Defe2, 0, 0, 0.645, 0.311, 0, 0, 0, 0, 0.012
Defe3, 1, 0.002, 0.023, 0.408, 1, 0, 1, 0.619, 0.388
Dein1, 0, 0, 0.938, 0.067, 0, 0, 0, 0, 0.011
Dein2, 1, 0, 0.041, 0.018, 1, 0, 1, 0.999, 0.009
Dein3, 0, 0, 0.939, 0.031, 0, 0, 0, 0, 0.011
Dein4, 1, 0, 0.017, 0.012, 1, 0, 1, 1, 0.007
Dein5, 1, 0.001, 0.017, 0.081, 1, 0, 1, 0.917, 0.089
Dein6, 1, 0, 0.018, 0.014, 1, 0, 1, 1, 0.008
Dein7, 1, 0.001, 0.019, 0.06, 1, 0, 1, 0.919, 0.09
Desa1, 0, 0, 0.098, 0.076, 0, 0, 0, 0, 0.019
DesuB1, 2, 0.001, 0.037, 0.126, 1, 0, 2, 1.23, 0.784
DesuB2, 1, 0, 0.262, 0.085, 1, 0, 1, 1, 0.01
DesuB3, 1, 0, 0.038, 0.034, 1, 0, 1, 1, 0.014
DesuB4, 1, 0, 0.037, 0.031, 1, 0, 1, 1, 0.013
DesuC1, 0, 0, 1.01, 0.02, 0, 0, 0, 0, 0.01
DesuC2, 1, 0, 0.014, 0.013, 1, 0, 1, 0.992, 0.014
DesuD1, 1, 0, 0.094, 0.055, 1, 0, 1, 0.997, 0.021
DesuD2, 1, 0, 0.086, 0.059, 1, 0, 1, 0.998, 0.013
Desua1, 0, 0, 0.037, 0.037, 0, 0, 0, 0, 0.026
Desua10, 0, 0, 0.069, 0.036, 0, 0, 0, 0, 0.013
Desua11, 0, 0, 0.014, 0.019, 0, 0, 0, 0, 0.008
Desua12, 0, 0, 0.018, 0.016, 0, 0, 0, 0, 0.012
Desua13, 0, 0, 0.034, 0.035, 0, 0, 0, 0, 0.02
Desua14, 0, 0, 0.148, 0.07, 0, 0, 0, 0, 0.014
Desua15, 1, 0, 0.971, 0.034, 1, 0, 1, 0.991, 0.024
Desua16, 1, 0, 1.015, 0.038, 1, 0, 1, 0.946, 0.068
Desua17, 1, 0.002, 0.615, 0.291, 1, 0, 1, 0.834, 0.18
Desua18, 1, 0.001, 0.611, 0.223, 1, 0, 1, 0.734, 0.272
Desua19, 0, 0, 0.029, 0.029, 0, 0, 0, 0, 0.02
Desua2, 0, 0, 0.286, 0.1, 0, 0, 0, 0, 0.014
Desua20, 0, 0, 0.27, 0.061, 0, 0, 0, 0, 0.013
Desua21, 0, 0, 0.016, 0.014, 0, 0, 0, 0, 0.011
Desua22, 0, 0, 0.406, 0.14, 0, 0, 0, 0, 0.013
Desua23, 1, 0.003, 0.023, 0.65, 1, 0, 1, 0.387, 0.627
Desua24, 1, 0, 0.955, 0.024, 1, 0, 1, 0.992, 0.019
Desua25, 0, 0, 0.017, 0.016, 0, 0, 0, 0, 0.012
Desua26, 0, 0, 0.011, 0.009, 0, 0, 0, 0, 0.008
Desua27, 0, 0, 0.02, 0.018, 0, 0, 0, 0, 0.014
Desua28, 1, 0, 0.014, 0.014, 1, 0, 1, 1, 0.011
Desua29, 0, 0, 0.02, 0.018, 0, 0, 0, 0, 0.013
Desua3, 0, 0, 0.02, 0.02, 0, 0, 0, 0, 0.015
Desua30, 0, 0, 0.013, 0.015, 0, 0, 0, 0, 0.01
Desua31, 0, 0, 0.023, 0.027, 0, 0, 0, 0, 0.019
Desua32, 0, 0, 0.017, 0.017, 0, 0, 0, 0, 0.011
Desua33, 0, 0, 0.009, 0.007, 0, 0, 0, 0, 0.006
Desua34, 0, 0, 0.019, 0.014, 0, 0, 0, 0, 0.008
Desua35, 1, 0, 0.014, 0.014, 1, 0, 1, 1, 0.011
Desua36, 0, 0, 0.014, 0.015, 0, 0, 0, 0, 0.011
Desua37, 1, 0, 0.075, 0.017, 1, 0, 1, 0.999, 0.01
Desua38, 0, 0, 0.01, 0.012, 0, 0, 0, 0, 0.007
Desua39, 0, 0, 0.012, 0.009, 0, 0, 0, 0, 0.008
Desua4, 0, 0, 0.029, 0.03, 0, 0, 0, 0, 0.022
Desua40, 0, 0, 0.015, 0.015, 0, 0, 0, 0, 0.011
Desua41, 1, 0, 0.014, 0.018, 1, 0, 1, 0.237, 0.776
Desua42, 0, 0, 0.032, 0.03, 0, 0, 0, 0, 0.024
Desua43, 0, 0, 0.01, 0.008, 0, 0, 0, 0, 0.004
Desua44, 0, 0, 0.016, 0.016, 0, 0, 0, 0, 0.011
Desua45, 0, 0, 0.034, 0.045, 0, 0, 0, 0, 0.021
Desua46, 0, 0, 0.018, 0.022, 0, 0, 0, 0, 0.013
Desua47, 0, 0, 0.017, 0.02, 0, 0, 0, 0, 0.01
Desua48, 0, 0, 0.014, 0.015, 0, 0, 0, 0, 0.011
Desua49, 0, 0, 0.01, 0.01, 0, 0, 0, 0, 0.005
Desua5, 0, 0, 0.106, 0.052, 0, 0, 0, 0, 0.018
Desua50, 0, 0, 0.021, 0.021, 0, 0, 0, 0, 0.011
Desua51, 1, 0, 0.014, 0.012, 1, 0, 1, 1, 0.007
Desua52, 0, 0, 0.017, 0.019, 0, 0, 0, 0, 0.011
Desua53, 1, 0, 0.021, 0.017, 1, 0, 1, 1, 0.014
Desua54, 0, 0, 0.014, 0.018, 0, 0, 0, 0, 0.008
Desua6, 0, 0, 0.022, 0.021, 0, 0, 0, 0, 0.015
Desua7, 0, 0, 0.013, 0.008, 0, 0, 0, 0, 0.006
Desua8, 1, 0.002, 0.024, 0.369, 1, 0, 1, 0.263, 0.75
Desua9, 1, 0, 0.594, 0.028, 1, 0, 1, 0.848, 0.161
Dict1, 0, 0, 0.071, 0.058, 0, 0, 0, 0, 0.016
Dorm1, 0, 0, 1.006, 0.035, 0, 0, 0, 0, 0.02
Dorm2, 1, 0, 0.024, 0.025, 1, 0, 1, 0.973, 0.038
Dorm3, 1, 0.001, 0.544, 0.342, 1, 0, 1, 0.692, 0.326
Dorm4, 1, 0, 0.098, 0.052, 1, 0, 1, 0.971, 0.036
Dorm5, 0, 0, 1.001, 0.031, 0, 0, 0, 0, 0.015
Edwa1, 0, 0, 0.027, 0.029, 0, 0, 0, 0, 0.017
Eise1, 0, 0, 0.019, 0.017, 0, 0, 0, 0, 0.012
Eise2, 0, 0, 0.021, 0.02, 0, 0, 0, 0, 0.014
Eise3, 0, 0, 0.02, 0.018, 0, 0, 0, 0, 0.011
Eise4, 0, 0, 0.02, 0.016, 0, 0, 0, 0, 0.011
Elus1, 0, 0, 0.068, 0.052, 0, 0, 0, 0, 0.026
Elus10, 0, 0, 0.017, 0.014, 0, 0, 0, 0, 0.007
Elus2, 1, 0.001, 0.026, 0.273, 1, 0, 1, 0.182, 0.834
Elus3, 0, 0, 0.024, 0.017, 0, 0, 0, 0, 0.011
Elus4, 1, 0.002, 0.029, 0.242, 1, 0, 1, 0.267, 0.751
Elus5, 0, 0, 0.204, 0.039, 0, 0, 0, 0, 0.013
Elus6, 0, 0, 0.018, 0.019, 0, 0, 0, 0, 0.012
Elus7, 0, 0, 0.124, 0.058, 0, 0, 0, 0, 0.028
Elus8, 0, 0, 0.018, 0.016, 0, 0, 0, 0, 0.012
Elus9, 0, 0, 0.025, 0.027, 0, 0, 0, 0, 0.015
Erem2, 0, 0, 0.051, 0.034, 0, 0, 0, 0, 0.017
Erem3, 0, 0, 0.022, 0.017, 0, 0, 0, 0, 0.009
Erem4, 0, 0, 0.013, 0.015, 0, 0, 0, 0, 0.011
Erem5, 0, 0, 0.015, 0.019, 0, 0, 0, 0, 0.013
Erem6, 0, 0, 0.016, 0.015, 0, 0, 0, 0, 0.011
FCPU1, 1, 0, 0.014, 0.017, 1, 0, 1, 1, 0.009
FCPU2, 1, 0, 0.014, 0.014, 1, 0, 1, 1, 0.009
Ferm1, 0, 0, 0.027, 0.035, 0, 0, 0, 0, 0.025
Fibr1, 1, 0, 0.035, 0.057, 1, 0, 1, 0.222, 0.8
Fibr2, 0, 0, 0.052, 0.04, 0, 0, 0, 0, 0.014
Fibr3, 0, 0, 0.054, 0.032, 0, 0, 0, 0, 0.017
Fibr4, 0, 0, 0.046, 0.034, 0, 0, 0, 0, 0.008
Fibr5, 0, 0, 0.245, 0.03, 0, 0, 0, 0, 0.01
Fibr6, 1, 0.001, 0.022, 0.329, 1, 0, 1, 0.183, 0.831
Fire1, 1, 0, 0.055, 0.152, 1, 0, 1, 0.134, 0.885
FirmA1, 0, 0, 0.03, 0.029, 0, 0, 0, 0, 0.016
FirmA10, 0, 0, 0.037, 0.033, 0, 0, 0, 0, 0.021
FirmA100, 0, 0, 0.016, 0.015, 0, 0, 0, 0, 0.007
FirmA101, 0, 0, 0.01, 0.011, 0, 0, 0, 0, 0.009
FirmA102, 0, 0, 0.014, 0.014, 0, 0, 0, 0, 0.009
FirmA103, 0, 0, 0.022, 0.024, 0, 0, 0, 0, 0.015
FirmA104, 0, 0, 0.017, 0.02, 0, 0, 0, 0, 0.01
FirmA105, 0, 0, 0.016, 0.014, 0, 0, 0, 0, 0.008
FirmA106, 0, 0, 0.015, 0.017, 0, 0, 0, 0, 0.008
FirmA107, 0, 0, 0.008, 0.011, 0, 0, 0, 0, 0.005
FirmA108, 0, 0, 0.01, 0.01, 0, 0, 0, 0, 0.006
FirmA109, 0, 0, 0.017, 0.015, 0, 0, 0, 0, 0.012
FirmA11, 0, 0, 0.032, 0.029, 0, 0, 0, 0, 0.021
FirmA110, 0, 0, 0.018, 0.012, 0, 0, 0, 0, 0.01
FirmA111, 0, 0, 0.042, 0.024, 0, 0, 0, 0, 0.016
FirmA112, 0, 0, 0.016, 0.016, 0, 0, 0, 0, 0.012
FirmA113, 0, 0, 0.013, 0.011, 0, 0, 0, 0, 0.008
FirmA114, 0, 0, 0.012, 0.011, 0, 0, 0, 0, 0.007
FirmA12, 0, 0, 0.016, 0.018, 0, 0, 0, 0, 0.012
FirmA14, 0, 0, 0.015, 0.015, 0, 0, 0, 0, 0.01
FirmA16, 0, 0, 0.01, 0.008, 0, 0, 0, 0, 0.006
FirmA18, 0, 0, 0.021, 0.024, 0, 0, 0, 0, 0.014
FirmA19, 0, 0, 0.012, 0.01, 0, 0, 0, 0, 0.007
FirmA2, 0, 0, 0.019, 0.016, 0, 0, 0, 0, 0.012
FirmA20, 0, 0, 0.021, 0.016, 0, 0, 0, 0, 0.012
FirmA21, 0, 0, 0.01, 0.008, 0, 0, 0, 0, 0.007
FirmA24, 0, 0, 0.028, 0.03, 0, 0, 0, 0, 0.019
FirmA25, 0, 0, 0.021, 0.022, 0, 0, 0, 0, 0.013
FirmA26, 0, 0, 0.016, 0.017, 0, 0, 0, 0, 0.015
FirmA27, 0, 0, 0.018, 0.019, 0, 0, 0, 0, 0.015
FirmA28, 0, 0, 0.011, 0.009, 0, 0, 0, 0, 0.007
FirmA29, 0, 0, 0.026, 0.025, 0, 0, 0, 0, 0.018
FirmA30, 0, 0, 0.014, 0.014, 0, 0, 0, 0, 0.009
FirmA31, 0, 0, 0.014, 0.013, 0, 0, 0, 0, 0.009
FirmA32, 0, 0, 0.18, 0.074, 0, 0, 0, 0, 0.015
FirmA33, 0, 0, 0.007, 0.008, 0, 0, 0, 0, 0.007
FirmA34, 0, 0, 0.011, 0.006, 0, 0, 0, 0, 0.006
FirmA35, 0, 0, 0.012, 0.01, 0, 0, 0, 0, 0.008
FirmA36, 0, 0, 0.01, 0.011, 0, 0, 0, 0, 0.008
FirmA37, 0, 0, 0.018, 0.026, 0, 0, 0, 0, 0.013
FirmA38, 1, 0.001, 0.019, 0.528, 1, 0, 1, 0.162, 0.853
FirmA39, 0, 0, 0.02, 0.017, 0, 0, 0, 0, 0.014
FirmA40, 0, 0, 0.023, 0.024, 0, 0, 0, 0, 0.016
FirmA41, 0, 0, 0.013, 0.014, 0, 0, 0, 0, 0.012
FirmA42, 0, 0, 0.019, 0.017, 0, 0, 0, 0, 0.011
FirmA43, 0, 0, 0.02, 0.021, 0, 0, 0, 0, 0.014
FirmA44, 0, 0, 0.016, 0.02, 0, 0, 0, 0, 0.015
FirmA45, 0, 0, 0.024, 0.028, 0, 0, 0, 0, 0.017
FirmA46, 0, 0, 0.012, 0.014, 0, 0, 0, 0, 0.01
FirmA47, 0, 0, 0.014, 0.024, 0, 0, 0, 0, 0.011
FirmA48, 0, 0, 0.015, 0.019, 0, 0, 0, 0, 0.012
FirmA49, 0, 0, 0.01, 0.011, 0, 0, 0, 0, 0.004
FirmA5, 0, 0, 0.012, 0.011, 0, 0, 0, 0, 0.01
FirmA50, 0, 0, 0.016, 0.015, 0, 0, 0, 0, 0.012
FirmA51, 0, 0, 0.021, 0.021, 0, 0, 0, 0, 0.013
FirmA52, 0, 0, 0.017, 0.016, 0, 0, 0, 0, 0.014
FirmA53, 0, 0, 0.018, 0.019, 0, 0, 0, 0, 0.014
FirmA54, 0, 0, 0.232, 0.085, 0, 0, 0, 0, 0.012
FirmA55, 0, 0, 0.016, 0.016, 0, 0, 0, 0, 0.012
FirmA56, 0, 0, 0.019, 0.021, 0, 0, 0, 0, 0.011
FirmA57, 0, 0, 0.015, 0.018, 0, 0, 0, 0, 0.012
FirmA58, 0, 0, 0.02, 0.021, 0, 0, 0, 0, 0.014
FirmA59, 0, 0, 0.016, 0.014, 0, 0, 0, 0, 0.013
FirmA6, 0, 0, 0.014, 0.012, 0, 0, 0, 0, 0.011
FirmA60, 0, 0, 0.019, 0.015, 0, 0, 0, 0, 0.011
FirmA61, 0, 0, 0.019, 0.014, 0, 0, 0, 0, 0.013
FirmA62, 0, 0, 0.012, 0.012, 0, 0, 0, 0, 0.009
FirmA63, 0, 0, 0.03, 0.034, 0, 0, 0, 0, 0.02
FirmA64, 0, 0, 0.013, 0.015, 0, 0, 0, 0, 0.013
FirmA65, 0, 0, 0.018, 0.019, 0, 0, 0, 0, 0.016
FirmA66, 0, 0, 0.018, 0.021, 0, 0, 0, 0, 0.012
FirmA67, 0, 0, 0.011, 0.011, 0, 0, 0, 0, 0.008
FirmA68, 0, 0, 0.022, 0.019, 0, 0, 0, 0, 0.014
FirmA69, 0, 0, 0.018, 0.017, 0, 0, 0, 0, 0.011
FirmA7, 0, 0, 0.014, 0.012, 0, 0, 0, 0, 0.008
FirmA70, 0, 0, 0.011, 0.01, 0, 0, 0, 0, 0.007
FirmA71, 0, 0, 0.023, 0.023, 0, 0, 0, 0, 0.02
FirmA72, 0, 0, 0.019, 0.017, 0, 0, 0, 0, 0.012
FirmA73, 0, 0, 0.015, 0.012, 0, 0, 0, 0, 0.008
FirmA74, 0, 0, 0.017, 0.018, 0, 0, 0, 0, 0.009
FirmA75, 0, 0, 0.014, 0.011, 0, 0, 0, 0, 0.007
FirmA76, 0, 0, 0.013, 0.011, 0, 0, 0, 0, 0.008
FirmA77, 0, 0, 0.016, 0.014, 0, 0, 0, 0, 0.01
FirmA78, 0, 0, 0.02, 0.018, 0, 0, 0, 0, 0.013
FirmA79, 0, 0, 0.013, 0.013, 0, 0, 0, 0, 0.01
FirmA8, 0, 0, 0.025, 0.024, 0, 0, 0, 0, 0.016
FirmA80, 0, 0, 0.014, 0.017, 0, 0, 0, 0, 0.009
FirmA81, 0, 0, 0.016, 0.014, 0, 0, 0, 0, 0.011
FirmA83, 0, 0, 0.014, 0.01, 0, 0, 0, 0, 0.008
FirmA84, 0, 0, 0.021, 0.022, 0, 0, 0, 0, 0.017
FirmA85, 0, 0, 0.027, 0.019, 0, 0, 0, 0, 0.01
FirmA86, 0, 0, 0.017, 0.018, 0, 0, 0, 0, 0.009
FirmA87, 0, 0, 0.013, 0.013, 0, 0, 0, 0, 0.006
FirmA88, 0, 0, 0.008, 0.008, 0, 0, 0, 0, 0.007
FirmA89, 0, 0, 0.02, 0.021, 0, 0, 0, 0, 0.012
FirmA9, 0, 0, 0.017, 0.017, 0, 0, 0, 0, 0.013
FirmA90, 0, 0, 0.016, 0.019, 0, 0, 0, 0, 0.012
FirmA91, 0, 0, 0.01, 0.011, 0, 0, 0, 0, 0.006
FirmA92, 1, 0, 0.021, 0.321, 1, 0, 1, 0.215, 0.801
FirmA93, 0, 0, 0.011, 0.01, 0, 0, 0, 0, 0.007
FirmA94, 0, 0, 0.017, 0.016, 0, 0, 0, 0, 0.01
FirmA95, 0, 0, 0.009, 0.008, 0, 0, 0, 0, 0.004
FirmA96, 0, 0, 0.015, 0.014, 0, 0, 0, 0, 0.011
FirmA97, 0, 0, 0.016, 0.013, 0, 0, 0, 0, 0.012
FirmA98, 0, 0, 0.014, 0.013, 0, 0, 0, 0, 0.009
FirmA99, 0, 0, 0.01, 0.008, 0, 0, 0, 0, 0.007
FirmB1, 0, 0, 0.023, 0.02, 0, 0, 0, 0, 0.014
FirmB10, 0, 0, 0.037, 0.029, 0, 0, 0, 0, 0.012
FirmB11, 0, 0, 1.007, 0.016, 0, 0, 0, 0, 0.012
FirmB12, 1, 0, 0.025, 0.033, 1, 0, 1, 0.99, 0.028
FirmB13, 0, 0, 0.01, 0.012, 0, 0, 0, 0, 0.009
FirmB14, 0, 0, 0.012, 0.016, 0, 0, 0, 0, 0.009
FirmB15, 0, 0, 0.014, 0.012, 0, 0, 0, 0, 0.007
FirmB16, 0, 0, 0.015, 0.017, 0, 0, 0, 0, 0.014
FirmB17, 0, 0, 0.016, 0.017, 0, 0, 0, 0, 0.009
FirmB2, 1, 0, 0.019, 0.024, 1, 0, 1, 0.99, 0.024
FirmB3, 0, 0, 0.008, 0.005, 0, 0, 0, 0, 0.005
FirmB4, 0, 0, 0.016, 0.018, 0, 0, 0, 0, 0.013
FirmB5, 0, 0, 0.011, 0.012, 0, 0, 0, 0, 0.008
FirmB6, 0, 0, 0.023, 0.025, 0, 0, 0, 0, 0.01
FirmB7, 0, 0, 0.024, 0.019, 0, 0, 0, 0, 0.011
FirmB8, 0, 0, 0.01, 0.011, 0, 0, 0, 0, 0.007
FirmB9, 0, 0, 0.034, 0.027, 0, 0, 0, 0, 0.009
FirmC1, 0, 0, 0.014, 0.017, 0, 0, 0, 0, 0.011
FirmC10, 0, 0, 0.018, 0.013, 0, 0, 0, 0, 0.009
FirmC11, 0, 0, 0.016, 0.014, 0, 0, 0, 0, 0.01
FirmC12, 0, 0, 0.016, 0.021, 0, 0, 0, 0, 0.014
FirmC13, 0, 0, 0.015, 0.017, 0, 0, 0, 0, 0.01
FirmC14, 0, 0, 0.017, 0.015, 0, 0, 0, 0, 0.008
FirmC15, 0, 0, 0.008, 0.01, 0, 0, 0, 0, 0.006
FirmC16, 0, 0, 0.011, 0.011, 0, 0, 0, 0, 0.009
FirmC17, 0, 0, 0.015, 0.011, 0, 0, 0, 0, 0.01
FirmC18, 0, 0, 0.013, 0.007, 0, 0, 0, 0, 0.003
FirmC19, 0, 0, 0.023, 0.021, 0, 0, 0, 0, 0.016
FirmC3, 0, 0, 0.016, 0.014, 0, 0, 0, 0, 0.01
FirmC4, 0, 0, 0.011, 0.009, 0, 0, 0, 0, 0.008
FirmC5, 0, 0, 0.039, 0.031, 0, 0, 0, 0, 0.021
FirmC6, 0, 0, 0.007, 0.01, 0, 0, 0, 0, 0.005
FirmC7, 0, 0, 0.012, 0.008, 0, 0, 0, 0, 0.005
FirmC8, 0, 0, 0.009, 0.01, 0, 0, 0, 0, 0.006
FirmC9, 0, 0, 0.017, 0.018, 0, 0, 0, 0, 0.011
FirmD1, 0, 0.001, 0.865, 0.179, 0, 0, 0, 0, 0.033
FirmD2, 0, 0, 0.028, 0.032, 0, 0, 0, 0, 0.023
FirmD3, 0, 0, 0.022, 0.023, 0, 0, 0, 0, 0.017
FirmD4, 0, 0, 0.068, 0.045, 0, 0, 0, 0, 0.017
FirmE1, 0, 0, 0.829, 0.23, 0, 0, 0, 0, 0.02
FirmE2, 0, 0, 0.864, 0.205, 0, 0, 0, 0, 0.012
FirmE3, 0, 0, 0.024, 0.025, 0, 0, 0, 0, 0.018
FirmE4, 1, 0, 0.018, 0.017, 1, 0, 1, 1, 0.012
FirmE5, 0, 0, 0.017, 0.019, 0, 0, 0, 0, 0.011
FirmE6, 1, 0, 0.018, 0.016, 1, 0, 1, 0.999, 0.012
FirmE7, 1, 0, 0.254, 0.123, 1, 0, 1, 1, 0.009
FirmE8, 2, 0.001, 0.021, 0.234, 1, 0, 2, 1.238, 0.775
FirmF1, 0, 0, 0.045, 0.047, 0, 0, 0, 0, 0.028
FirmF2, 0, 0, 0.019, 0.019, 0, 0, 0, 0, 0.009
FirmF3, 0, 0, 0.018, 0.012, 0, 0, 0, 0, 0.008
FirmG1, 0, 0, 0.033, 0.028, 0, 0, 0, 0, 0.018
FirmG2, 1, 0, 0.033, 0.201, 1, 0, 1, 0.193, 0.825
FirmG3, 0, 0, 0.035, 0.028, 0, 0, 0, 0, 0.013
FirmG4, 1, 0, 0.046, 0.267, 1, 0, 1, 0.242, 0.787
FirmG5, 0, 0, 0.031, 0.03, 0, 0, 0, 0, 0.016
FirmG6, 0, 0, 0.039, 0.036, 0, 0, 0, 0, 0.017
Firms1, 1, 0, 0.254, 0.075, 1, 0, 1, 0.232, 0.781
Firms10, 1, 0, 0.318, 0.087, 1, 0, 1, 0.164, 0.845
Firms11, 2, 0.001, 0.046, 0.432, 1, 0, 2, 1.995, 0.009
Firms12, 0, 0, 0.037, 0.013, 0, 0, 0, 0, 0.008
Firms13, 1, 0.001, 0.167, 0.217, 1, 0, 1, 0.982, 0.033
Firms15, 1, 0, 0.015, 0.016, 1, 0, 1, 0.372, 0.64
Firms16, 0, 0, 0.019, 0.019, 0, 0, 0, 0, 0.016
Firms17, 2, 0, 0.123, 0.486, 1, 0, 2, 1.919, 0.087
Firms18, 0, 0, 0.017, 0.015, 0, 0, 0, 0, 0.012
Firms2, 0, 0, 0.024, 0.019, 0, 0, 0, 0, 0.015
Firms20, 1, 0, 0.03, 0.033, 1, 0, 1, 0.152, 0.872
Firms21, 0, 0, 0.013, 0.009, 0, 0, 0, 0, 0.008
Firms22, 1, 0, 1.235, 0.032, 1, 0, 1, 0.977, 0.034
Firms23, 0, 0, 0.015, 0.013, 0, 0, 0, 0, 0.01
Firms24, 1, 0, 0.021, 0.016, 1, 0, 1, 1, 0.013
Firms25, 0, 0, 0.009, 0.009, 0, 0, 0, 0, 0.006
Firms26, 1, 0, 0.018, 0.015, 1, 0, 1, 1, 0.01
Firms27, 2, 0, 0.997, 0.041, 1, 0, 2, 1.217, 0.796
Firms28, 0, 0, 0.017, 0.016, 0, 0, 0, 0, 0.013
Firms29, 0, 0, 0.168, 0.018, 0, 0, 0, 0, 0.01
Firms3, 0, 0, 1.98, 0.34, 0, 0, 0, 0, 0.018
Firms30, 0, 0, 0.012, 0.01, 0, 0, 0, 0, 0.008
Firms31, 0, 0, 0.011, 0.012, 0, 0, 0, 0, 0.007
Firms32, 0, 0, 0.016, 0.018, 0, 0, 0, 0, 0.013
Firms33, 0, 0, 0.019, 0.018, 0, 0, 0, 0, 0.012
Firms4, 1, 0, 0.202, 0.157, 1, 0, 1, 0.899, 0.114
Firms5, 2, 0.002, 0.2, 0.118, 1, 0, 2, 1.901, 0.117
Firms6, 0, 0, 1.233, 0.238, 0, 0, 0, 0, 0.026
Firms7, 1, 0, 1.074, 0.024, 1, 0, 1, 1, 0.02
Firms8, 1, 0, 0.142, 0.214, 1, 0, 1, 0.872, 0.138
Firms9, 0, 0, 0.017, 0.016, 0, 0, 0, 0, 0.012
Fuso2, 0, 0, 0.153, 0.097, 0, 0, 0, 0, 0.019
Gemm2, 0, 0, 0.017, 0.02, 0, 0, 0, 0, 0.016
Gemm3, 1, 0, 0.015, 0.029, 1, 0, 1, 0.178, 0.832
Gemm4, 0, 0, 0.013, 0.012, 0, 0, 0, 0, 0.012
Gemm5, 0, 0, 0.029, 0.022, 0, 0, 0, 0, 0.015
Gemm6, 0, 0, 0.189, 0.015, 0, 0, 0, 0, 0.006
Gemm7, 0, 0, 0.014, 0.009, 0, 0, 0, 0, 0.006
Gemm8, 1, 0, 0.028, 0.171, 1, 0, 1, 0.039, 0.985
Gemm9, 0, 0, 0.04, 0.014, 0, 0, 0, 0, 0.011
GemmA1, 0, 0, 0.03, 0.032, 0, 0, 0, 0, 0.024
Gold1, 0, 0, 0.027, 0.021, 0, 0, 0, 0, 0.013
Gold2, 0, 0, 0.023, 0.021, 0, 0, 0, 0, 0.009
Hydr1, 1, 0, 0.067, 0.055, 1, 0, 1, 1, 0.015
Hydr2, 1, 0, 0.061, 0.037, 1, 0, 1, 1, 0.009
J088X1, 1, 0.002, 0.28, 0.529, 1, 0, 1, 0.406, 0.619
KSB1X1, 0, 0, 0.017, 0.018, 0, 0, 0, 0, 0.014
KSB1X2, 0, 0, 0.026, 0.028, 0, 0, 0, 0, 0.016
KSB1X3, 0, 0, 0.014, 0.015, 0, 0, 0, 0, 0.011
KSB1X4, 0, 0, 0.017, 0.013, 0, 0, 0, 0, 0.007
Krum1, 0, 0, 0.029, 0.039, 0, 0, 0, 0, 0.027
Late1, 1, 0.001, 0.02, 0.216, 1, 0, 1, 0.202, 0.814
Late2, 0, 0, 0.073, 0.035, 0, 0, 0, 0, 0.024
Late3, 0, 0, 0.212, 0.049, 0, 0, 0, 0, 0.007
Lind1, 1, 0, 0.359, 0.645, 1, 0, 1, 0.56, 0.451
Lind2, 1, 0.005, 0.627, 0.652, 1, 0, 1, 0.303, 0.714
Lind4, 1, 0.003, 0.344, 0.762, 1, 0, 1, 0.812, 0.206
Marg1, 0, 0, 0.051, 0.041, 0, 0, 0, 0, 0.015
Marg2, 1, 0.001, 0.018, 0.226, 1, 0, 1, 0.415, 0.596
Marg6, 0, 0, 0.062, 0.063, 0, 0, 0, 0, 0.026
Marg7, 0, 0, 0.427, 0.169, 0, 0, 0, 0, 0.006
Mari1, 0, 0, 0.042, 0.037, 0, 0, 0, 0, 0.011
Mari2, 0, 0, 0.024, 0.024, 0, 0, 0, 0, 0.011
Mari3, 0, 0, 0.03, 0.037, 0, 0, 0, 0, 0.017
Mari5, 1, 0.002, 0.021, 0.374, 1, 0, 1, 0.209, 0.805
Mari6, 0, 0, 0.042, 0.03, 0, 0, 0, 0, 0.011
Meth1, 0, 0, 0.055, 0.036, 0, 0, 0, 0, 0.008
Meth2, 0, 0, 0.065, 0.039, 0, 0, 0, 0, 0.018
Meth3, 1, 0, 0.702, 0.018, 1, 0, 1, 0.602, 0.41
Meth4, 1, 0.001, 0.418, 0.232, 1, 0, 1, 0.892, 0.125
Meth5, 1, 0, 0.314, 0.137, 1, 0, 1, 0.791, 0.219
Muir1, 0, 0, 0.04, 0.04, 0, 0, 0, 0, 0.028
MyxA1, 1, 0, 0.017, 0.016, 1, 0, 1, 1, 0.01
MyxA2, 1, 0, 0.023, 0.024, 1, 0, 1, 0.999, 0.014
MyxA3, 1, 0, 0.016, 0.019, 1, 0, 1, 1, 0.007
MyxA4, 2, 0.001, 0.038, 0.305, 1, 0, 2, 1.002, 1.017
Myxo1, 0, 0, 0.024, 0.027, 0, 0, 0, 0, 0.016
Myxo10, 0, 0, 0.06, 0.02, 0, 0, 0, 0, 0.015
Myxo11, 0, 0, 0.011, 0.01, 0, 0, 0, 0, 0.007
Myxo13, 0, 0, 0.013, 0.013, 0, 0, 0, 0, 0.009
Myxo14, 1, 0, 0.018, 0.015, 1, 0, 1, 0.999, 0.011
Myxo15, 0, 0, 0.195, 0.023, 0, 0, 0, 0, 0.011
Myxo17, 0, 0, 0.275, 0.07, 0, 0, 0, 0, 0.007
Myxo18, 1, 0, 0.022, 0.033, 1, 0, 1, 0.173, 0.838
Myxo19, 1, 0.004, 0.02, 0.453, 1, 0, 1, 0.264, 0.748
Myxo2, 0, 0, 0.022, 0.018, 0, 0, 0, 0, 0.014
Myxo3, 0, 0, 0.033, 0.028, 0, 0, 0, 0, 0.024
Myxo5, 1, 0, 0.201, 0.033, 1, 0, 1, 0.168, 0.842
Myxo6, 1, 0, 0.015, 0.013, 1, 0, 1, 0.999, 0.008
Myxo7, 0, 0, 0.023, 0.023, 0, 0, 0, 0, 0.018
Myxo8, 0, 0, 0.016, 0.015, 0, 0, 0, 0, 0.011
Myxo9, 0, 0, 0.036, 0.023, 0, 0, 0, 0, 0.014
NPL1, 0, 0, 0.05, 0.052, 0, 0, 0, 0, 0.022
Nitr1, 0, 0, 0.03, 0.027, 0, 0, 0, 0, 0.016
Nitr10, 1, 0, 0.016, 0.016, 1, 0, 1, 1, 0.012
Nitr11, 0, 0, 0.018, 0.016, 0, 0, 0, 0, 0.011
Nitr12, 0, 0, 0.02, 0.016, 0, 0, 0, 0, 0.009
Nitr13, 0, 0, 0.02, 0.016, 0, 0, 0, 0, 0.013
Nitr14, 0, 0, 0.022, 0.019, 0, 0, 0, 0, 0.011
Nitr15, 0, 0, 0.17, 0.012, 0, 0, 0, 0, 0.008
Nitr16, 0, 0, 0.013, 0.011, 0, 0, 0, 0, 0.006
Nitr17, 0, 0, 0.018, 0.015, 0, 0, 0, 0, 0.011
Nitr2, 0, 0, 0.015, 0.013, 0, 0, 0, 0, 0.009
Nitr3, 1, 0, 0.018, 0.016, 1, 0, 1, 1, 0.012
Nitr4, 1, 0, 0.013, 0.01, 1, 0, 1, 0.998, 0.009
Nitr5, 0, 0, 0.014, 0.014, 0, 0, 0, 0, 0.007
Nitr6, 1, 0, 0.012, 0.014, 1, 0, 1, 1, 0.008
Nitr7, 0, 0, 0.013, 0.015, 0, 0, 0, 0, 0.008
Nitr8, 0, 0, 0.053, 0.033, 0, 0, 0, 0, 0.021
Nitr9, 0, 0, 0.016, 0.016, 0, 0, 0, 0, 0.011
Nits1, 1, 0, 0.02, 0.015, 1, 0, 1, 0.999, 0.013
Nits2, 1, 0.001, 0.023, 0.129, 1, 0, 1, 0.189, 0.821
Nits3, 1, 0, 0.017, 0.019, 1, 0, 1, 1, 0.01
Nits4, 0, 0, 0.207, 0.038, 0, 0, 0, 0, 0.006
NitsA1, 0, 0, 0.028, 0.024, 0, 0, 0, 0, 0.016
NitsA2, 0, 0, 0.017, 0.016, 0, 0, 0, 0, 0.005
NitsA3, 0, 0, 0.827, 0.041, 0, 0, 0, 0, 0.018
Node_AABM5X1_AABM5X2_0, 0.008, 0, 0.011, 0.015, 0.008, 0, 0.008, 0.001, 0.015
Node_AABM5X1_AABM5X3_0, 0.004, 0.001, 0.015, 0.017, 0.004, 0, 0.004, 0.002, 0.01
Node_Acid11_Acid16_0, 0.055, 0, 0.044, 0.058, 0.055, 0, 0.055, 0.029, 0.029
Node_Acid11_Acid31_0, 0.224, 0, 0.02, 0.103, 0.224, 0, 0.224, 0.041, 0.189
Node_Acid12_Acid13_0, 0.009, 0, 0.313, 0.104, 0.009, 0, 0.009, 0.006, 0.019
Node_Acid1_Acid17_0, 0.227, 0, 0.21, 0.118, 0.223, 0, 0.227, 0.115, 0.124
Node_Acid1_Acid3_0, 0.313, 0, 0.088, 0.071, 0.283, 0, 0.313, 0.253, 0.064
Node_Acid23_Acid12_0, 0.303, 0, 0.017, 0.078, 0.3, 0, 0.303, 0.172, 0.136
Node_Acid29_Acid27_0, 0.015, 0, 0.038, 0.037, 0.014, 0, 0.015, 0.009, 0.018
Node_Acid2_Acid11_0, 0.07, 0, 0.193, 0.076, 0.07, 0, 0.07, 0.053, 0.018
Node_Acid2_Acid18_0, 0.016, 0, 0.061, 0.046, 0.016, 0, 0.016, 0.014, 0.007
Node_Acid32_Acid25_0, 0.031, 0, 0.205, 0.107, 0.031, 0, 0.031, 0.029, 0.011
Node_Acid32_Acid26_0, 0.011, 0, 0.037, 0.033, 0.011, 0, 0.011, 0.008, 0.017
Node_Acid34_Acid22_0, 0.275, 0, 0.228, 0.086, 0.269, 0, 0.275, 0.098, 0.185
Node_Acid34_Acid24_0, 0.071, 0.002, 0.257, 0.045, 0.069, 0, 0.071, 0.021, 0.051
Node_Acid34_Acid29_0, 0.035, 0.001, 0.272, 0.106, 0.035, 0, 0.035, 0.03, 0.014
Node_Acid34_Acid33_0, 0.292, 0.001, 0.022, 0.164, 0.289, 0, 0.292, 0.061, 0.242
Node_Acid37_Acid21_0, 0.407, 0.001, 0.018, 0.113, 0.391, 0, 0.407, 0.215, 0.199
Node_Acid37_Acid30_0, 0.214, 0, 0.338, 0.155, 0.204, 0, 0.214, 0.078, 0.145
Node_Acid37_Acid32_0, 0.225, 0.001, 0.073, 0.157, 0.22, 0, 0.225, 0.184, 0.04
Node_Acid38_Acid10_0, 0.375, 0.002, 0.109, 0.113, 0.357, 0, 0.375, 0.214, 0.164
Node_Acid38_Acid1_0, 0.337, 0.001, 0.065, 0.123, 0.306, 0, 0.337, 0.267, 0.077
Node_Acid38_Acid2_0, 0.245, 0, 0.262, 0.216, 0.226, 0, 0.245, 0.216, 0.031
Node_Acid38_Acid34_0, 0.318, 0, 0.093, 0.086, 0.291, 0, 0.318, 0.248, 0.074
Node_Acid38_Acid36_0, 1.008, 0.002, 0.03, 0.023, 1, 0, 1.008, 0.989, 0.029
Node_Acid38_Acid40_0, 1.007, 0.004, 0.221, 0.125, 0.993, 0, 1.007, 0.053, 0.957
Node_Acid38_Acid4_0, 0.255, 0, 0.319, 0.076, 0.238, 0, 0.255, 0.064, 0.199
Node_Acid38_Acid5_0, 0.324, 0.003, 0.058, 0.104, 0.296, 0, 0.324, 0.19, 0.134
Node_Acid38_Acid7_0, 0.267, 0, 0.197, 0.032, 0.259, 0, 0.267, 0.062, 0.209
Node_Acid38_Acid8_0, 0.476, 0.001, 0.139, 0.248, 0.434, 0, 0.476, 0.453, 0.026
Node_Acid38_B130X1_0, 0.588, 0, 0.648, 0.361, 0.53, 0, 0.588, 0.583, 0.008
Node_Acid39_Acid35_0, 0.482, 0, 0.037, 0.18, 0.477, 0, 0.482, 0.297, 0.213
Node_Acid3_Acid14_0, 0.605, 0, 0.029, 0.139, 0.518, 0, 0.605, 0.261, 0.352
Node_Acid3_Acid6_0, 0.282, 0, 0.128, 0.095, 0.266, 0, 0.282, 0.2, 0.097
Node_Acid40_Acid20_0, 1.005, 0.005, 0.026, 1.057, 1, 0, 1.005, 0.987, 0.019
Node_Acid5_Acid23_0, 0.184, 0.003, 0.123, 0.078, 0.182, 0, 0.184, 0.139, 0.047
Node_Acid5_Acid37_0, 0.257, 0.001, 0.167, 0.089, 0.24, 0, 0.257, 0.159, 0.099
Node_Acid6_Acid28_0, 0.029, 0, 0.277, 0.059, 0.029, 0, 0.029, 0.015, 0.024
Node_Acid8_Acid9_0, 0.286, 0.002, 0.198, 0.131, 0.284, 0, 0.286, 0.28, 0.006
Node_Acid9_Acid39_0, 0.306, 0, 0.021, 0.096, 0.305, 0, 0.306, 0.271, 0.041
Node_Acti10_Acti11_0, 0.453, 0, 0.032, 0.078, 0.389, 0, 0.453, 0.144, 0.315
Node_Acti10_Acti25_0, 0.864, 0, 0.247, 0.064, 0.848, 0, 0.864, 0.212, 0.658
Node_Acti10_Acti26_0, 0.17, 0.001, 0.157, 0.097, 0.159, 0, 0.17, 0.129, 0.042
Node_Acti10_Acti31_0, 0.809, 0, 0.064, 0.036, 0.806, 0, 0.809, 0.807, 0.009
Node_Acti10_Acti3_0, 0.866, 0, 0.019, 0.034, 0.862, 0, 0.866, 0.813, 0.066
Node_Acti10_Acti7_0, 0.819, 0, 0.014, 0.012, 0.815, 0, 0.819, 0.804, 0.024
Node_Acti11_Acti22_0, 1.009, 0.001, 0.224, 0.132, 1, 0, 1.009, 0.238, 0.779
Node_Acti12_Acti21_0, 1.531, 0.027, 1.014, 0.304, 1, 0, 1.531, 1.066, 0.438
Node_Acti12_Acti48_0, 2.08, 0.001, 0.028, 0.257, 1, 0, 2.08, 1.961, 0.131
Node_Acti14_Acti33_0, 1.027, 0.002, 0.077, 0.232, 1, 0, 1.027, 0.993, 0.046
Node_Acti14_Acti34_0, 1.056, 0, 0.023, 0.02, 0.999, 0, 1.056, 1.014, 0.052
Node_Acti14_Acti6_0, 0.208, 0, 1.021, 0.03, 0.207, 0, 0.208, 0.047, 0.173
Node_Acti18_Acti16_0, 0.254, 0, 0.075, 0.089, 0.253, 0, 0.254, 0.055, 0.211
Node_Acti18_Acti4_0, 0.118, 0.001, 0.427, 0.279, 0.114, 0, 0.118, 0.079, 0.047
Node_Acti19_Acti13_0, 1.068, 0.001, 0.023, 0.029, 1, 0, 1.068, 1.016, 0.06
Node_Acti19_Acti23_0, 1.406, 0.001, 0.017, 0.069, 1, 0, 1.406, 1.062, 0.354
Node_Acti19_Acti42_0, 0.526, 0, 0.03, 0.132, 0.48, 0, 0.526, 0.317, 0.211
Node_Acti19_Acti49_0, 1.03, 0, 0.041, 0.027, 1, 0, 1.03, 0.296, 0.742
Node_Acti19_Acti8_0, 0.329, 0, 0.37, 0.116, 0.316, 0, 0.329, 0.161, 0.173
Node_Acti33_Acti35_0, 1.004, 0, 0.034, 0.017, 0.999, 0, 1.004, 1.002, 0.011
Node_Acti43_Acti36_0, 1.118, 0, 0.078, 0.071, 0.987, 0, 1.118, 1.072, 0.054
Node_Acti46_Acti41_0, 0.278, 0, 1.111, 0.227, 0.257, 0, 0.278, 0.183, 0.102
Node_Acti47_Acti45_0, 1.099, 0, 0.75, 0.036, 0.953, 0, 1.099, 1.01, 0.1
Node_Acti49_Acti15_0, 1.007, 0.001, 0.012, 0.013, 1, 0, 1.007, 1.001, 0.011
Node_Acti49_Acti32_0, 1.001, 0.001, 0.021, 0.107, 1, 0, 1.001, 0.998, 0.012
Node_Acti49_Acti38_0, 1.009, 0.001, 0.015, 0.018, 1, 0, 1.009, 1.003, 0.016
Node_Acti49_Acti40_0, 1.007, 0.001, 0.036, 0.025, 1, 0, 1.007, 1.003, 0.012
Node_Acti50_Acti10_0, 0.284, 0.017, 0.022, 0.137, 0.262, 0, 0.284, 0.113, 0.153
Node_Acti50_Acti14_0, 1.056, 0.009, 0.024, 0.362, 0.995, 0, 1.056, 0.475, 0.574
Node_Acti50_Acti18_0, 0.497, 0.004, 0.021, 0.17, 0.465, 0, 0.497, 0.267, 0.23
Node_Acti50_Acti19_0, 0.345, 0.001, 0.008, 0.065, 0.331, 0, 0.345, 0.266, 0.079
Node_Acti50_Acti20_0, 0.267, 0, 0.25, 0.208, 0.258, 0, 0.267, 0.258, 0.009
Node_Acti50_Acti28_0, 1.715, 0.001, 0.083, 0.324, 0.999, 0, 1.715, 1.675, 0.048
Node_Acti50_Acti39_0, 0.136, 0.003, 0.249, 0.143, 0.132, 0, 0.136, 0.1, 0.037
Node_Acti50_Acti43_0, 1.142, 0.099, 0.083, 1.87, 0.999, 0, 1.142, 0.889, 0.07
Node_Acti50_Acti46_0, 1.287, 0.111, 0.025, 0.115, 0.999, 0, 1.287, 1.014, 0.059
Node_Acti50_Acti47_0, 1.749, 0, 0.092, 0.037, 0.999, 0, 1.749, 1.711, 0.049
Node_Acti50_Acti51_0, 0.273, 0.003, 0.027, 0.075, 0.265, 0, 0.273, 0.239, 0.03
Node_Acti50_Acti52_0, 1.792, 0.514, 0.069, 0.088, 1, 0, 1.792, 0.718, 0.06
Node_Acti50_FirmF1_0, 0.508, 0.003, 0.375, 0.211, 0.48, 0, 0.508, 0.496, 0.006
Node_Acti51_Acti27_0, 0.006, 0, 0.034, 0.027, 0.006, 0, 0.006, 0.002, 0.012
Node_Acti51_Acti9_0, 0.028, 0, 0.249, 0.06, 0.028, 0, 0.028, 0.025, 0.004
Node_Acti52_Acti12_0, 1.976, 0.002, 0.092, 0.447, 1, 0, 1.976, 1.934, 0.05
Node_Acti52_Acti37_0, 2.016, 0.002, 0.073, 0.314, 1, 0, 2.016, 1.725, 0.295
Node_Acti52_Acti44_0, 1.049, 0, 0.945, 0.192, 0.995, 0, 1.049, 1.043, 0.018
Node_Acti8_Acti24_0, 1.003, 0, 0.016, 0.145, 1, 0, 1.003, 0.234, 0.783
Node_Acti8_Acti2_0, 0.061, 0, 0.315, 0.029, 0.06, 0, 0.061, 0.019, 0.047
Node_Acti8_Acti5_0, 0.236, 0.001, 0.022, 0.058, 0.235, 0, 0.236, 0.05, 0.196
Node_Acti9_Acti29_0, 0.003, 0, 0.012, 0.017, 0.003, 0, 0.003, 0.001, 0.01
Node_Acti9_Acti30_0, 0.005, 0, 0.033, 0.031, 0.005, 0, 0.005, 0.003, 0.01
Node_Aero1_NPL1_0, 0.028, 0, 0.135, 0.111, 0.028, 0, 0.028, 0.028, 0.009
Node_Aero1_UBA6X1_0, 0.544, 0.003, 1.027, 0.616, 0.469, 0, 0.544, 0.541, 0
Node_Aero1_UBA9X1_0, 0.154, 0, 0.396, 0.23, 0.148, 0, 0.154, 0.152, 0.006
Node_Aqui2_Aqui1_0, 0.175, 0, 0.022, 0.029, 0.175, 0, 0.175, 0.039, 0.15
Node_Aqui2_Aqui3_0, 0.024, 0, 0.06, 0.06, 0.024, 0, 0.024, 0.02, 0.01
Node_Aqui2_Aqui5_0, 0.047, 0, 0.018, 0.03, 0.045, 0, 0.047, 0.009, 0.045
Node_Aqui2_Aqui6_0, 0.02, 0, 0.02, 0.018, 0.019, 0, 0.02, 0.012, 0.016
Node_Aqui2_Camp1_0, 0.388, 0.002, 0.471, 0.291, 0.37, 0, 0.388, 0.386, 0.003
Node_Aqui2_Thers1_0, 0.074, 0.002, 0.321, 0.163, 0.073, 0, 0.074, 0.07, 0.005
Node_Aqui6_Aqui4_0, 0.01, 0, 0.028, 0.025, 0.009, 0, 0.01, 0.005, 0.018
Node_Arma12_Arma11_0, 0.497, 0.001, 0.022, 0.067, 0.427, 0, 0.497, 0.278, 0.225
Node_Arma12_Arma7_0, 0.645, 0, 0.158, 0.132, 0.53, 0, 0.645, 0.35, 0.306
Node_Arma15_Arma13_0, 0.003, 0, 1.008, 0.011, 0.003, 0, 0.003, 0, 0.012
Node_Arma4_Acti50_0, 0.874, 0.004, 0.06, 0.373, 0.655, 0, 0.874, 0.861, 0.008
Node_Arma4_Arma12_0, 0.293, 0, 0.068, 0.036, 0.276, 0, 0.293, 0.261, 0.035
Node_Arma4_Arma14_0, 0.011, 0, 0.297, 0.04, 0.011, 0, 0.011, 0.007, 0.015
Node_Arma4_Arma6_0, 0.326, 0.004, 0.008, 0.115, 0.3, 0, 0.326, 0.19, 0.134
Node_Arma4_CSP1X1_0, 0.231, 0, 0.541, 0.401, 0.215, 0, 0.231, 0.224, 0.011
Node_Arma4_Erem6_0, 0.202, 0.001, 0.044, 0.116, 0.195, 0, 0.202, 0.191, 0.014
Node_Arma4_Pate48_0, 0.761, 0.008, 0.142, 0.362, 0.6, 0, 0.761, 0.727, 0.021
Node_Arma4_UBP13X1_0, 0.196, 0, 0.029, 0.107, 0.191, 0, 0.196, 0.178, 0.023
Node_Arma6_Arma15_0, 0.999, 0, 0.032, 0.022, 0.995, 0, 0.999, 0.996, 0.012
Node_Arma6_Arma16_0, 0.619, 0, 0.122, 0.126, 0.53, 0, 0.619, 0.336, 0.288
Node_Arma6_Arma3_0, 0.453, 0, 0.019, 0.13, 0.393, 0, 0.453, 0.312, 0.146
Node_Arma6_Arma9_0, 1.019, 0, 0.427, 0.058, 0.996, 0, 1.019, 0.204, 0.827
Node_Aure2_Aure1_0, 0.948, 0.003, 0.759, 0.628, 0.714, 0, 0.948, 0.808, 0.14
Node_Bact1_Bact11_0, 0.007, 0, 0.017, 0.017, 0.007, 0, 0.007, 0.002, 0.013
Node_Bact1_Bact17_0, 0.011, 0, 0.02, 0.021, 0.011, 0, 0.011, 0.005, 0.021
Node_Bact20_Bact1_0, 0.01, 0, 0.018, 0.023, 0.01, 0, 0.01, 0.002, 0.018
Node_Bact20_Bact30_0, 0.008, 0, 0.017, 0.016, 0.008, 0, 0.008, 0.002, 0.015
Node_Bact21_Bact29_0, 1.035, 0.002, 0.026, 0.425, 0.995, 0, 1.035, 0.67, 0.376
Node_Bact21_Bact36_0, 0.683, 0, 0.016, 0.147, 0.67, 0, 0.683, 0.462, 0.225
Node_Bact21_Bact44_0, 0.474, 0, 0.112, 0.075, 0.461, 0, 0.474, 0.43, 0.051
Node_Bact22_Bact31_0, 0.005, 0, 0.037, 0.032, 0.005, 0, 0.005, 0.004, 0.017
Node_Bact22_Bact5_0, 0.025, 0, 0.099, 0.042, 0.025, 0, 0.025, 0.017, 0.021
Node_Bact23_Bact28_0, 0.208, 0, 0.015, 0.044, 0.208, 0, 0.208, 0.048, 0.171
Node_Bact23_Bact34_0, 0.052, 0, 0.017, 0.026, 0.052, 0, 0.052, 0.004, 0.059
Node_Bact23_Bact4_0, 0.01, 0, 0.006, 0.006, 0.009, 0, 0.01, 0.004, 0.011
Node_Bact24_Bact23_0, 0.005, 0, 0.011, 0.014, 0.005, 0, 0.005, 0.001, 0.009
Node_Bact24_Bact25_0, 0.004, 0.001, 0.009, 0.008, 0.004, 0, 0.004, 0.001, 0.007
Node_Bact24_Bact3_0, 0.007, 0, 0.016, 0.021, 0.007, 0, 0.007, 0.006, 0.006
Node_Bact24_Bact7_0, 0.017, 0, 0.058, 0.026, 0.017, 0, 0.017, 0.016, 0.006
Node_Bact25_Bact20_0, 0.01, 0.001, 0.008, 0.01, 0.01, 0, 0.01, 0, 0.015
Node_Bact25_Bact2_0, 0.002, 0, 0.012, 0.013, 0.002, 0, 0.002, 0.001, 0.01
Node_Bact27_Bact19_0, 0.703, 0.001, 0.041, 0.18, 0.589, 0, 0.703, 0.497, 0.208
Node_Bact27_Bact21_0, 0.535, 0.003, 0.041, 0.206, 0.493, 0, 0.535, 0.142, 0.398
Node_Bact27_Bact22_0, 0.103, 0, 0.015, 0.036, 0.1, 0, 0.103, 0.059, 0.049
Node_Bact27_Bact24_0, 0.069, 0.002, 0.034, 0.041, 0.067, 0, 0.069, 0.044, 0.025
Node_Bact27_Bact35_0, 0.567, 0.007, 0.281, 0.205, 0.542, 0, 0.567, 0.43, 0.138
Node_Bact27_Bact37_0, 0.175, 0.001, 0.013, 0.081, 0.167, 0, 0.175, 0.095, 0.084
Node_Bact27_Bact40_0, 0.965, 0.089, 0.041, 0.151, 0.858, 0, 0.965, 0.485, 0.35
Node_Bact27_Mari3_0, 0.076, 0.002, 0.009, 0.028, 0.073, 0, 0.076, 0.026, 0.05
Node_Bact29_Bact9_0, 1.138, 0, 0.018, 0.027, 0.995, 0, 1.138, 1.025, 0.121
Node_Bact30_Bact32_0, 0.009, 0, 0.017, 0.019, 0.009, 0, 0.009, 0.001, 0.018
Node_Bact31_Bact38_0, 0.006, 0, 0.011, 0.013, 0.006, 0, 0.006, 0.001, 0.012
Node_Bact33_Bact10_0, 0.067, 0.001, 0.024, 0.03, 0.067, 0, 0.067, 0.019, 0.059
Node_Bact33_Bact39_0, 0.401, 0.001, 0.02, 0.097, 0.376, 0, 0.401, 0.061, 0.353
Node_Bact33_Bact6_0, 0.031, 0, 0.083, 0.039, 0.031, 0, 0.031, 0.014, 0.024
Node_Bact36_Bact43_0, 0.158, 0.002, 0.579, 0.17, 0.156, 0, 0.158, 0.118, 0.052
Node_Bact37_Bact33_0, 0.09, 0, 0.135, 0.075, 0.089, 0, 0.09, 0.048, 0.05
Node_Bact37_Bact42_0, 0.241, 0.001, 0.038, 0.092, 0.24, 0, 0.241, 0.065, 0.188
Node_Bact3_Bact12_0, 0.004, 0, 0.013, 0.009, 0.004, 0, 0.004, 0.001, 0.01
Node_Bact3_Bact13_0, 0.012, 0, 0.014, 0.017, 0.012, 0, 0.012, 0.003, 0.017
Node_Bact3_Bact14_0, 0.006, 0, 0.02, 0.02, 0.006, 0, 0.006, 0.002, 0.014
Node_Bact3_Bact18_0, 0.009, 0, 0.007, 0.009, 0.009, 0, 0.009, 0, 0.012
Node_Bact40_Bact41_0, 1.13, 0.002, 0.021, 0.137, 0.965, 0, 1.13, 0.95, 0.184
Node_Bact5_Bact16_0, 0.007, 0, 0.039, 0.031, 0.007, 0, 0.007, 0.002, 0.021
Node_Bact7_Bact8_0, 0.006, 0, 0.04, 0.035, 0.006, 0, 0.006, 0.001, 0.029
Node_Bdell12_Bdell3_0, 1.252, 0.001, 0.022, 0.124, 1, 0, 1.252, 0.341, 0.925
Node_Bdell13_Bdell12_0, 0.348, 0, 0.026, 0.044, 0.331, 0, 0.348, 0.162, 0.198
Node_Bdell14_Bdell11_0, 0.011, 0, 0.025, 0.021, 0.011, 0, 0.011, 0.004, 0.02
Node_Bdell14_Bdell4_0, 0.014, 0, 0.022, 0.029, 0.014, 0, 0.014, 0.003, 0.025
Node_Bdell15_Bdell14_0, 0.016, 0, 0.046, 0.038, 0.016, 0, 0.016, 0.012, 0.016
Node_Bdell15_Bdell7_0, 0.018, 0, 0.025, 0.033, 0.018, 0, 0.018, 0.004, 0.027
Node_Bdell15_Bdell9_0, 0.009, 0.001, 0.026, 0.023, 0.009, 0, 0.009, 0.001, 0.016
Node_Bdell17_Bdell15_0, 0.046, 0, 0.119, 0.062, 0.046, 0, 0.046, 0.044, 0.004
Node_Bdell17_Bdell16_0, 0.011, 0, 0.061, 0.048, 0.011, 0, 0.011, 0.008, 0.026
Node_Bdell2_Bdell10_0, 0.006, 0, 0.043, 0.034, 0.006, 0, 0.006, 0.003, 0.011
Node_Bdell6_Bdell17_0, 0.161, 0, 0.527, 0.232, 0.16, 0, 0.161, 0.159, 0.004
Node_Bdell6_Bdell2_0, 0.038, 0, 0.132, 0.083, 0.038, 0, 0.038, 0.033, 0.009
Node_Bdell6_UBA1X6_0, 0.684, 0.004, 0.176, 0.2, 0.661, 0, 0.684, 0.468, 0.215
Node_Bdell7_Bdell5_0, 0.01, 0, 0.021, 0.019, 0.01, 0, 0.01, 0.004, 0.013
Node_BdellC1_BdellC2_0, 0.019, 0, 0.105, 0.041, 0.019, 0, 0.019, 0.016, 0.015
Node_Bipo1_Bipo2_0, 0.302, 0.001, 0.032, 0.089, 0.3, 0, 0.302, 0.097, 0.208
Node_Bipo1_Therg8_0, 0.125, 0, 0.103, 0.107, 0.125, 0, 0.125, 0.093, 0.032
Node_CG294X1_CG267X1_0, 0.01, 0, 0.045, 0.028, 0.01, 0, 0.01, 0.008, 0.006
Node_Calda2_Calda1_0, 0.022, 0, 0.087, 0.065, 0.021, 0, 0.022, 0.019, 0.007
Node_Caldit2_Caldit1_0, 0.004, 0, 0.025, 0.031, 0.004, 0, 0.004, 0.001, 0.022
Node_Caldit2_Caldit3_0, 0.007, 0, 0.013, 0.015, 0.007, 0, 0.007, 0.004, 0.01
Node_Camp14_Camp15_0, 0.824, 0.001, 0.025, 0.155, 0.814, 0, 0.824, 0.771, 0.063
Node_Camp1_Camp2_0, 0.295, 0.001, 0.023, 0.059, 0.28, 0, 0.295, 0.239, 0.066
Node_Camp1_Camp3_0, 0.015, 0, 0.294, 0.057, 0.015, 0, 0.015, 0.011, 0.014
Node_Camp1_Camp9_0, 0.251, 0, 0.027, 0.086, 0.247, 0, 0.251, 0.243, 0.011
Node_Camp1_UBP6X1_0, 0.267, 0.002, 0.124, 0.121, 0.263, 0, 0.267, 0.263, 0.001
Node_Camp2_Camp11_0, 0.501, 0, 0.011, 0.042, 0.45, 0, 0.501, 0.29, 0.217
Node_Camp2_Camp13_0, 0.086, 0, 0.751, 0.254, 0.086, 0, 0.086, 0.083, 0.01
Node_Camp2_Camp4_0, 0.827, 0, 0.025, 0.299, 0.817, 0, 0.827, 0.788, 0.047
Node_Camp2_Camp5_0, 0.413, 0.005, 0.303, 0.096, 0.399, 0, 0.413, 0.198, 0.21
Node_Camp2_Camp7_0, 0.805, 0.006, 0.033, 0.268, 0.789, 0, 0.805, 0.389, 0.419
Node_Camp4_Camp16_0, 1.008, 0.001, 0.025, 0.348, 1, 0, 1.008, 0.815, 0.205
Node_Camp5_Camp10_0, 0.288, 0.001, 0.05, 0.077, 0.284, 0, 0.288, 0.156, 0.143
Node_Camp5_Camp12_0, 0.194, 0, 0.261, 0.105, 0.192, 0, 0.194, 0.17, 0.042
Node_Camp7_Camp14_0, 0.785, 0.002, 0.046, 0.137, 0.774, 0, 0.785, 0.765, 0.024
Node_Camp9_Camp6_0, 0.011, 0, 0.247, 0.057, 0.011, 0, 0.011, 0.011, 0.007
Node_Chlo12_Chlo24_0, 1.005, 0, 0.027, 0.022, 0.998, 0, 1.005, 0.999, 0.012
Node_Chlo26_Chlo11_0, 0.022, 0, 0.035, 0.034, 0.022, 0, 0.022, 0.02, 0.012
Node_Chlo26_Chlo9_0, 0.045, 0, 0.139, 0.095, 0.045, 0, 0.045, 0.039, 0.016
Node_Chlo30_Chlo20_0, 0.271, 0.001, 0.086, 0.119, 0.267, 0, 0.271, 0.08, 0.195
Node_Chlo30_Chlo23_0, 0.161, 0, 0.782, 0.27, 0.157, 0, 0.161, 0.125, 0.039
Node_Chlo30_Chlo36_0, 0.904, 0, 0.031, 0.16, 0.882, 0, 0.904, 0.885, 0.025
Node_Chlo30_Chlo37_0, 1.011, 0, 0.032, 0.242, 0.997, 0, 1.011, 0.245, 0.772
Node_Chlo30_Chlo38_0, 1.367, 0.006, 0.146, 0.619, 0.993, 0, 1.367, 1.279, 0.082
Node_Chlo30_Chlo41_0, 1.637, 0.015, 0.019, 0.62, 0.999, 0, 1.637, 1.346, 0.274
Node_Chlo30_Chlo43_0, 1.592, 0.001, 0.095, 0.229, 0.974, 0, 1.592, 1.543, 0.049
Node_Chlo30_Chlo6_0, 0.91, 0.002, 0.698, 0.175, 0.888, 0, 0.91, 0.897, 0.014
Node_Chlo30_Dorm2_0, 1.425, 0.085, 0.028, 0.559, 0.991, 0, 1.425, 0.802, 0.517
Node_Chlo31_Chlo25_0, 0.112, 0, 0.274, 0.21, 0.109, 0, 0.112, 0.103, 0.016
Node_Chlo35_Chlo21_0, 0.004, 0, 1.005, 0.006, 0.004, 0, 0.004, 0.001, 0.006
Node_Chlo36_Chlo13_0, 0.301, 0, 0.11, 0.092, 0.29, 0, 0.301, 0.108, 0.201
Node_Chlo36_Chlo14_0, 0.078, 0, 0.03, 0.036, 0.075, 0, 0.078, 0.049, 0.032
Node_Chlo36_Chlo28_0, 0.076, 0.001, 0.104, 0.16, 0.074, 0, 0.076, 0.062, 0.018
Node_Chlo36_Chlo33_0, 0.161, 0, 0.758, 0.272, 0.16, 0, 0.161, 0.157, 0.011
Node_Chlo36_Chlo40_0, 1.003, 0, 0.036, 0.308, 1, 0, 1.003, 0.276, 0.738
Node_Chlo36_Chlo5_0, 0.21, 0, 0.029, 0.061, 0.192, 0, 0.21, 0.056, 0.161
Node_Chlo36_Chlo8_0, 0.908, 0.001, 0.035, 0.142, 0.901, 0, 0.908, 0.877, 0.038
Node_Chlo38_Chlo19_0, 0.093, 0, 0.3, 0.241, 0.092, 0, 0.093, 0.086, 0.023
Node_Chlo38_Chlo31_0, 0.37, 0.003, 1.013, 0.617, 0.36, 0, 0.37, 0.362, 0.013
Node_Chlo41_Chlo29_0, 0.972, 0.001, 0.85, 0.208, 0.739, 0, 0.972, 0.786, 0.192
Node_Chlo41_Chlo32_0, 0.934, 0.003, 0.23, 0.162, 0.83, 0, 0.934, 0.75, 0.189
Node_Chlo41_Chlo39_0, 0.012, 0, 0.131, 0.047, 0.012, 0, 0.012, 0.007, 0.011
Node_Chlo41_Chlo44_0, 0.904, 0.002, 0.07, 0.124, 0.804, 0, 0.904, 0.869, 0.038
Node_Chlo41_Chlo4_0, 1.629, 0.001, 0.058, 0.127, 0.999, 0, 1.629, 1.584, 0.049
Node_Chlo41_Chlo7_0, 0.132, 0, 0.828, 0.102, 0.127, 0, 0.132, 0.088, 0.056
Node_Chlo42_Chlo34_0, 0.015, 0, 0.033, 0.027, 0.015, 0, 0.015, 0.011, 0.013
Node_Chlo43_Chlo42_0, 0.035, 0, 0.216, 0.068, 0.035, 0, 0.035, 0.03, 0.015
Node_Chlo43_Chlo45_0, 0.981, 0, 0.798, 0.233, 0.859, 0, 0.981, 0.797, 0.187
Node_Chlo43_Chlo47_0, 0.236, 0, 0.756, 0.138, 0.228, 0, 0.236, 0.226, 0.011
Node_Chlo44_Chlo17_0, 1.029, 0, 0.018, 0.167, 0.833, 0, 1.029, 0.898, 0.138
Node_Chlo44_Chlo22_0, 0.909, 0.002, 0.052, 0.126, 0.803, 0, 0.909, 0.861, 0.055
Node_Chlo45_Chlo27_0, 1.062, 0, 0.124, 0.149, 0.998, 0, 1.062, 0.871, 0.205
Node_Chlo45_Chlo46_0, 1.174, 0, 0.044, 0.035, 0.993, 0, 1.174, 1.026, 0.156
Node_Chlo47_Chlo48_0, 0.23, 0.001, 0.04, 0.062, 0.227, 0, 0.23, 0.206, 0.033
Node_Chlo48_Chlo10_0, 0.336, 0, 0.019, 0.088, 0.331, 0, 0.336, 0.218, 0.125
Node_Chlo4_Chlo12_0, 1.02, 0.002, 0.626, 0.141, 0.999, 0, 1.02, 1.005, 0.015
Node_Chlo4_Chlo35_0, 1.003, 0, 0.023, 0.017, 0.998, 0, 1.003, 1.001, 0.006
Node_Chlo5_Chlo16_0, 0.353, 0, 0.084, 0.177, 0.349, 0, 0.353, 0.132, 0.227
Node_Chlo6_Chlo18_0, 0.042, 0, 0.135, 0.101, 0.042, 0, 0.042, 0.041, 0.009
Node_Chlo6_Chlo26_0, 0.168, 0, 0.753, 0.226, 0.167, 0, 0.168, 0.164, 0.011
Node_Chlo7_Chlo15_0, 0.266, 0, 0.069, 0.039, 0.26, 0, 0.266, 0.075, 0.203
Node_Chry1_Aqui2_0, 0.854, 0.011, 0.655, 0.766, 0.74, 0, 0.854, 0.822, 0.015
Node_Chry1_Defe3_0, 0.731, 0.005, 0.173, 0.697, 0.704, 0, 0.731, 0.681, 0.045
Node_Cyan10_Cyan35_0, 1.105, 0.003, 0.103, 0.521, 0.978, 0, 1.105, 1.028, 0.088
Node_Cyan10_Cyan45_0, 1.156, 0, 0.098, 0.26, 0.969, 0, 1.156, 1.011, 0.149
Node_Cyan10_Cyan46_0, 1.117, 0.002, 0.105, 0.499, 0.983, 0, 1.117, 1.088, 0.031
Node_Cyan11_Cyan26_0, 0.926, 0, 0.034, 0.047, 0.868, 0, 0.926, 0.844, 0.093
Node_Cyan12_Cyan13_0, 0.009, 0, 0.01, 0.01, 0.009, 0, 0.009, 0.003, 0.013
Node_Cyan13_Cyan18_0, 0.005, 0, 0.019, 0.018, 0.005, 0, 0.005, 0.001, 0.015
Node_Cyan14_Cyan15_0, 3.222, 0.004, 0.038, 0.645, 1, 0, 3.222, 3.092, 0.136
Node_Cyan14_Cyan16_0, 3.12, 0.005, 0.029, 0.321, 1, 0, 3.12, 2.429, 0.69
Node_Cyan14_Cyan23_0, 2.454, 0, 0.106, 0.314, 1, 0, 2.454, 2.097, 0.368
Node_Cyan16_Cyan29_0, 2.972, 0, 0.172, 0.037, 1, 0, 2.972, 2.961, 0.024
Node_Cyan19_Cyan22_0, 1.997, 0.005, 0.856, 0.359, 0.999, 0, 1.997, 1.652, 0.344
Node_Cyan19_Cyan47_0, 1.068, 0.004, 0.967, 0.043, 0.991, 0, 1.068, 1.034, 0.034
Node_Cyan28_chloroArabidopsis_0, 0.052, 0, 0.106, 0.067, 0.051, 0, 0.052, 0.043, 0.018
Node_Cyan2_Cyan1_0, 0.018, 0, 0.257, 0.102, 0.018, 0, 0.018, 0.015, 0.016
Node_Cyan31_Cyan34_0, 1.22, 0.005, 0.147, 0.405, 0.99, 0, 1.22, 0.925, 0.304
Node_Cyan33_Cyan21_0, 1.184, 0, 0.048, 0.024, 1, 0, 1.184, 1.046, 0.147
Node_Cyan38_Cyan28_0, 0.14, 0, 0.622, 0.159, 0.133, 0, 0.14, 0.128, 0.017
Node_Cyan40_Arma4_0, 0.922, 0.007, 0.05, 0.271, 0.686, 0.003, 0.922, 0.903, 0.006
Node_Cyan40_Cyan10_0, 1.189, 0.002, 0.037, 0.058, 1, 0, 1.189, 1.161, 0.035
Node_Cyan40_Cyan11_0, 0.867, 0, 0.444, 0.041, 0.848, 0, 0.867, 0.761, 0.116
Node_Cyan40_Cyan14_0, 2.192, 0.026, 0.447, 1.213, 0.999, 0, 2.192, 2.04, 0.109
Node_Cyan40_Cyan19_0, 2.504, 0.039, 0.027, 0.635, 0.998, 0, 2.504, 1.57, 0.881
Node_Cyan40_Cyan20_0, 1.044, 0.002, 0.029, 0.381, 0.962, 0, 1.044, 0.326, 0.721
Node_Cyan40_Cyan24_0, 1.189, 0.043, 1.062, 0.551, 0.998, 0, 1.189, 1.094, 0.016
Node_Cyan40_Cyan25_0, 1.195, 0.001, 0.127, 0.036, 0.993, 0, 1.195, 1.068, 0.132
Node_Cyan40_Cyan27_0, 0.862, 0, 0.036, 0.02, 0.85, 0, 0.862, 0.839, 0.031
Node_Cyan40_Cyan2_0, 0.259, 0.001, 0.207, 0.229, 0.248, 0, 0.259, 0.227, 0.032
Node_Cyan40_Cyan36_0, 1.611, 0.011, 0.043, 0.901, 0.928, 0, 1.611, 0.71, 0.898
Node_Cyan40_Cyan37_0, 0.714, 0, 1.079, 0.176, 0.576, 0, 0.714, 0.478, 0.238
Node_Cyan40_Cyan38_0, 0.745, 0.004, 0.223, 0.244, 0.583, 0, 0.745, 0.493, 0.25
Node_Cyan40_Cyan42_0, 1.555, 0.078, 0.014, 0.415, 0.971, 0, 1.555, 1.021, 0.447
Node_Cyan40_Cyan7_0, 0.35, 0, 0.065, 0.158, 0.335, 0, 0.35, 0.196, 0.156
Node_Cyan40_Marg1_0, 0.433, 0.003, 0.067, 0.394, 0.418, 0, 0.433, 0.421, 0.007
Node_Cyan40_Therd1_0, 0.49, 0.002, 0.435, 0.417, 0.463, 0, 0.49, 0.487, 0.001
Node_Cyan42_Cyan3_0, 1.847, 0.103, 0.085, 0.375, 0.987, 0, 1.847, 1.44, 0.274
Node_Cyan46_Cyan30_0, 0.317, 0, 0.939, 0.264, 0.291, 0, 0.317, 0.186, 0.139
Node_Cyan46_Cyan31_0, 1.058, 0.006, 0.104, 0.095, 0.925, 0, 1.058, 0.222, 0.839
Node_Cyan46_Cyan32_0, 1.215, 0.002, 0.023, 0.351, 0.999, 0, 1.215, 1.056, 0.168
Node_Cyan46_Cyan33_0, 1.085, 0.002, 0.137, 0.093, 1, 0, 1.085, 0.929, 0.162
Node_Cyan46_Cyan41_0, 1.068, 0.001, 0.073, 0.054, 1, 0, 1.068, 1.025, 0.055
Node_Cyan47_Cyan43_0, 1.015, 0.013, 0.099, 2.088, 1, 0, 1.015, 0.975, 0.033
Node_Cyan47_Cyan44_0, 1.003, 0, 0.027, 0.032, 1, 0, 1.003, 1, 0.015
Node_Cyan4_Cyan8_0, 0.005, 0, 0.03, 0.033, 0.005, 0, 0.005, 0.003, 0.01
Node_Cyan4_Cyan9_0, 0.005, 0, 0.018, 0.019, 0.005, 0, 0.005, 0.001, 0.018
Node_Cyan7_Cyan12_0, 0.006, 0, 0.024, 0.012, 0.006, 0, 0.006, 0.006, 0.005
Node_Cyan7_Cyan4_0, 0.025, 0, 0.334, 0.123, 0.025, 0, 0.025, 0.02, 0.009
Node_DTU0X1_SLNR1_0, 0.009, 0, 0.069, 0.028, 0.009, 0, 0.009, 0.007, 0.006
Node_Defe3_Defe1_0, 0.589, 0.002, 0.183, 0.361, 0.581, 0, 0.589, 0.56, 0.039
Node_Defe3_Defe2_0, 0.633, 0, 0.031, 0.242, 0.63, 0, 0.633, 0.568, 0.075
Node_Dein4_Dein2_0, 1.032, 0.004, 0.231, 0.303, 1, 0, 1.032, 0.47, 0.566
Node_Dein4_Dein6_0, 1.01, 0.004, 0.045, 1.037, 1, 0, 1.01, 0.998, 0.019
Node_Dein5_Bipo1_0, 0.196, 0, 0.18, 0.213, 0.189, 0, 0.196, 0.182, 0.014
Node_Dein5_Dein1_0, 0.927, 0.003, 0.046, 0.791, 0.921, 0, 0.927, 0.897, 0.033
Node_Dein5_Dein4_0, 0.693, 0.021, 0.138, 0.432, 0.608, 0, 0.693, 0.071, 0.614
Node_Dein5_Dein7_0, 0.937, 0.009, 0.233, 0.978, 0.907, 0, 0.937, 0.47, 0.468
Node_Dein7_Dein3_0, 0.928, 0, 0.044, 0.038, 0.921, 0, 0.928, 0.905, 0.035
Node_DesuB1_DesuB2_0, 1.252, 0.002, 0.158, 0.318, 1, 0, 1.252, 0.309, 0.954
Node_DesuB4_BdellC1_0, 0.109, 0, 0.057, 0.077, 0.1, 0, 0.109, 0.034, 0.078
Node_DesuB4_DesuB1_0, 0.454, 0.002, 0.024, 0.155, 0.396, 0, 0.454, 0.091, 0.367
Node_DesuB4_DesuB3_0, 1.024, 0.001, 0.301, 0.565, 1, 0, 1.024, 0.167, 0.87
Node_DesuB4_Desua5_0, 0.088, 0, 0.496, 0.132, 0.085, 0, 0.088, 0.081, 0.009
Node_DesuB4_Myxo10_0, 0.575, 0.001, 0.848, 0.249, 0.482, 0, 0.575, 0.511, 0.068
Node_DesuC2_DesuC1_0, 1, 0, 0.061, 0.025, 0.992, 0, 1, 0.994, 0.017
Node_DesuC2_Desua47_0, 1.044, 0.027, 0.357, 0.684, 0.999, 0, 1.044, 0.98, 0.013
Node_DesuD2_DesuD1_0, 1.073, 0.001, 0.845, 0.144, 0.998, 0, 1.073, 0.338, 0.753
Node_Desua11_Desua27_0, 0.006, 0, 0.019, 0.019, 0.006, 0, 0.006, 0.002, 0.017
Node_Desua16_Desua15_0, 1.947, 0, 0.029, 0.028, 1, 0, 1.947, 1.919, 0.04
Node_Desua16_Desua20_0, 0.257, 0, 0.042, 0.046, 0.24, 0, 0.257, 0.126, 0.138
Node_Desua16_Desua24_0, 1.936, 0.001, 0.024, 0.028, 1, 0, 1.936, 1.144, 0.798
Node_Desua16_Desua6_0, 0.161, 0, 0.07, 0.08, 0.151, 0, 0.161, 0.114, 0.052
Node_Desua16_Desua9_0, 1.161, 0.003, 0.017, 0.051, 0.942, 0, 1.161, 0.247, 0.918
Node_Desua1_Desua34_0, 0.011, 0, 0.021, 0.024, 0.011, 0, 0.011, 0, 0.027
Node_Desua1_Desua3_0, 0.005, 0, 0.012, 0.014, 0.005, 0, 0.005, 0.002, 0.01
Node_Desua1_Desua43_0, 0.007, 0, 0.017, 0.009, 0.007, 0, 0.007, 0.007, 0.005
Node_Desua22_Desua10_0, 0.056, 0, 0.018, 0.027, 0.056, 0, 0.056, 0.01, 0.06
Node_Desua22_Desua13_0, 0.014, 0, 0.007, 0.009, 0.014, 0, 0.014, 0.01, 0.007
Node_Desua22_Desua14_0, 0.134, 0.001, 0.017, 0.054, 0.133, 0, 0.134, 0.052, 0.094
Node_Desua22_Desua16_0, 0.179, 0.001, 0.956, 0.144, 0.17, 0, 0.179, 0.157, 0.025
Node_Desua22_Desua23_0, 0.393, 0, 0.016, 0.185, 0.39, 0, 0.393, 0.129, 0.275
Node_Desua22_Desua26_0, 0.014, 0, 0.035, 0.023, 0.014, 0, 0.014, 0.011, 0.008
Node_Desua22_Desua4_0, 0.041, 0, 0.144, 0.064, 0.039, 0, 0.041, 0.037, 0.006
Node_Desua26_Desua30_0, 0.003, 0, 0.015, 0.014, 0.003, 0, 0.003, 0.002, 0.004
Node_Desua28_Desua35_0, 1.003, 0, 0.024, 0.149, 1, 0, 1.003, 0.903, 0.119
Node_Desua2_Desua8_0, 0.272, 0, 0.041, 0.128, 0.27, 0, 0.272, 0.062, 0.237
Node_Desua36_Desua38_0, 0.003, 0, 0.009, 0.01, 0.003, 0, 0.003, 0, 0.008
Node_Desua36_Desua39_0, 0.004, 0, 0.012, 0.009, 0.004, 0, 0.004, 0.001, 0.011
Node_Desua40_Desua31_0, 0.004, 0, 0.016, 0.014, 0.004, 0, 0.004, 0.001, 0.013
Node_Desua42_Desua11_0, 0.008, 0, 0.013, 0.011, 0.007, 0, 0.008, 0.003, 0.015
Node_Desua42_Desua12_0, 0.006, 0, 0.013, 0.015, 0.006, 0, 0.006, 0.001, 0.014
Node_Desua43_Desua50_0, 0.01, 0, 0.012, 0.015, 0.01, 0, 0.01, 0.003, 0.016
Node_Desua43_Desua52_0, 0.006, 0, 0.019, 0.018, 0.006, 0, 0.006, 0.002, 0.015
Node_Desua43_Desua54_0, 0.006, 0, 0.021, 0.023, 0.006, 0, 0.006, 0, 0.02
Node_Desua44_Desua36_0, 0.005, 0, 0.018, 0.016, 0.005, 0, 0.005, 0.001, 0.015
Node_Desua46_Desua25_0, 0.005, 0, 0.014, 0.018, 0.005, 0, 0.005, 0, 0.017
Node_Desua47_Desua29_0, 0.007, 0, 0.248, 0.012, 0.007, 0, 0.007, 0.001, 0.017
Node_Desua47_Desua37_0, 1.065, 0.001, 0.015, 0.028, 0.999, 0, 1.065, 1.036, 0.037
Node_Desua47_Desua41_0, 0.238, 0, 1.011, 0.032, 0.238, 0, 0.238, 0.069, 0.184
Node_Desua47_Desua53_0, 1.042, 0.012, 0.031, 0.043, 0.999, 0, 1.042, 1.012, 0.017
Node_Desua48_Desua33_0, 0.003, 0, 0.023, 0.024, 0.003, 0, 0.003, 0, 0.024
Node_Desua48_Desua40_0, 0.007, 0, 0.013, 0.011, 0.006, 0, 0.007, 0, 0.012
Node_Desua48_Desua42_0, 0.005, 0, 0.012, 0.013, 0.005, 0, 0.005, 0.001, 0.01
Node_Desua48_Desua46_0, 0.002, 0, 0.015, 0.021, 0.002, 0, 0.002, 0, 0.012
Node_Desua49_Desua21_0, 0.005, 0, 0.02, 0.018, 0.005, 0, 0.005, 0.002, 0.017
Node_Desua49_Desua32_0, 0.006, 0, 0.01, 0.017, 0.006, 0, 0.006, 0.002, 0.009
Node_Desua49_Desua44_0, 0.008, 0, 0.014, 0.012, 0.008, 0, 0.008, 0, 0.016
Node_Desua4_Desua1_0, 0.019, 0, 0.03, 0.022, 0.019, 0, 0.019, 0.016, 0.008
Node_Desua4_Desua48_0, 0.008, 0, 0.019, 0.021, 0.008, 0, 0.008, 0.006, 0.008
Node_Desua4_Desua49_0, 0.007, 0, 0.009, 0.011, 0.007, 0, 0.007, 0.002, 0.008
Node_Desua53_Desua51_0, 1.007, 0, 0.057, 0.038, 1, 0, 1.007, 0.996, 0.022
Node_Desua6_Desua19_0, 0.009, 0, 0.081, 0.031, 0.009, 0, 0.009, 0.005, 0.014
Node_Desua6_Desua2_0, 0.076, 0, 0.13, 0.053, 0.072, 0, 0.076, 0.037, 0.045
Node_Desua6_Desua7_0, 0.007, 0, 0.025, 0.023, 0.007, 0, 0.007, 0.001, 0.023
Node_Desua9_Desua17_0, 1.433, 0.001, 0.032, 0.037, 1, 0, 1.433, 1.317, 0.126
Node_Desua9_Desua18_0, 1.338, 0.351, 0.225, 0.209, 0.96, 0, 1.338, 0.599, 0.051
Node_Dorm2_Dorm1_0, 0.986, 0, 0.034, 0.028, 0.973, 0, 0.986, 0.964, 0.034
Node_Dorm2_Dorm3_0, 1.217, 0.001, 0.316, 0.282, 0.994, 0, 1.217, 1.114, 0.107
Node_Dorm2_Dorm4_0, 1.062, 0.001, 0.627, 0.248, 0.976, 0, 1.062, 0.602, 0.471
Node_Dorm2_Dorm5_0, 0.986, 0, 0.093, 0.053, 0.962, 0, 0.986, 0.982, 0.017
Node_Eise2_Eise1_0, 0.007, 0, 0.019, 0.019, 0.007, 0, 0.007, 0.001, 0.02
Node_Eise4_Eise2_0, 0.006, 0, 0.015, 0.009, 0.006, 0, 0.006, 0.001, 0.01
Node_Eise4_Eise3_0, 0.009, 0, 0.021, 0.026, 0.009, 0, 0.009, 0.001, 0.024
Node_Elus1_Elus2_0, 0.042, 0, 0.02, 0.04, 0.041, 0, 0.042, 0.026, 0.021
Node_Elus2_Elus3_0, 0.076, 0, 0.01, 0.025, 0.073, 0, 0.076, 0.034, 0.044
Node_Elus2_Elus5_0, 0.191, 0, 0.043, 0.059, 0.19, 0, 0.191, 0.042, 0.158
Node_Elus3_Elus4_0, 0.276, 0.002, 0.012, 0.096, 0.273, 0, 0.276, 0.092, 0.19
Node_Elus3_Elus6_0, 0.013, 0, 0.04, 0.028, 0.013, 0, 0.013, 0.009, 0.016
Node_Elus3_Elus7_0, 0.096, 0, 0.045, 0.049, 0.094, 0, 0.096, 0.035, 0.065
Node_Elus3_Elus9_0, 0.037, 0, 0.249, 0.063, 0.037, 0, 0.037, 0.031, 0.01
Node_Elus6_Elus8_0, 0.006, 0, 0.019, 0.018, 0.006, 0, 0.006, 0.002, 0.012
Node_Elus9_Elus10_0, 0.01, 0, 0.042, 0.026, 0.01, 0, 0.01, 0.007, 0.015
Node_Erem4_Erem5_0, 0.002, 0, 0.016, 0.015, 0.002, 0, 0.002, 0, 0.013
Node_Erem6_Erem2_0, 0.034, 0, 0.174, 0.085, 0.034, 0, 0.034, 0.032, 0.006
Node_Erem6_Erem3_0, 0.013, 0, 0.043, 0.048, 0.013, 0, 0.013, 0.009, 0.022
Node_Erem6_Erem4_0, 0.005, 0, 0.019, 0.021, 0.005, 0, 0.005, 0.001, 0.011
Node_FCPU1_FCPU2_0, 1.005, 0.002, 0.052, 0.372, 1, 0, 1.005, 0.134, 0.887
Node_Ferm1_Eise4_0, 0.011, 0, 0.02, 0.014, 0.011, 0, 0.011, 0.007, 0.004
Node_Ferm1_GemmA1_0, 0.006, 0, 0.017, 0.023, 0.006, 0, 0.006, 0.003, 0.012
Node_Ferm1_Krum1_0, 0.002, 0, 0.011, 0.015, 0.002, 0, 0.002, 0, 0.007
Node_Fibr4_Fibr2_0, 0.038, 0, 0.16, 0.084, 0.038, 0, 0.038, 0.036, 0.008
Node_Fibr4_Fibr3_0, 0.037, 0, 0.022, 0.02, 0.036, 0, 0.037, 0.015, 0.025
Node_Fibr4_Fibr5_0, 0.099, 0, 0.007, 0.046, 0.097, 0, 0.099, 0.032, 0.069
Node_Fibr4_Fibr6_0, 0.19, 0.002, 0.074, 0.086, 0.188, 0, 0.19, 0.039, 0.163
Node_Fibr5_Fibr1_0, 0.235, 0, 0.045, 0.097, 0.23, 0, 0.235, 0.066, 0.181
Node_FirmA102_FirmA76_0, 0.005, 0, 0.015, 0.015, 0.005, 0, 0.005, 0.001, 0.011
Node_FirmA104_FirmA78_0, 0.007, 0, 0.017, 0.018, 0.007, 0, 0.007, 0.002, 0.016
Node_FirmA106_FirmA114_0, 0.007, 0, 0.011, 0.008, 0.007, 0, 0.007, 0.001, 0.011
Node_FirmA109_FirmA77_0, 0.006, 0, 0.014, 0.014, 0.006, 0, 0.006, 0.003, 0.011
Node_FirmA109_FirmA95_0, 0.005, 0, 0.013, 0.015, 0.005, 0, 0.005, 0.001, 0.012
Node_FirmA114_FirmA98_0, 0.005, 0, 0.014, 0.01, 0.005, 0, 0.005, 0, 0.012
Node_FirmA11_FirmA67_0, 0.011, 0, 0.07, 0.034, 0.011, 0, 0.011, 0.01, 0.002
Node_FirmA12_FirmA93_0, 0.004, 0, 0.022, 0.026, 0.004, 0, 0.004, 0.001, 0.02
Node_FirmA14_FirmA113_0, 0.005, 0, 0.016, 0.014, 0.005, 0, 0.005, 0, 0.008
Node_FirmA18_FirmA103_0, 0.007, 0, 0.008, 0.012, 0.007, 0, 0.007, 0.002, 0.012
Node_FirmA20_FirmA100_0, 0.009, 0, 0.016, 0.019, 0.009, 0, 0.009, 0.002, 0.016
Node_FirmA20_FirmA24_0, 0.042, 0, 0.012, 0.016, 0.042, 0, 0.042, 0.025, 0.02
Node_FirmA20_FirmA25_0, 0.021, 0, 0.082, 0.034, 0.021, 0, 0.021, 0.018, 0.01
Node_FirmA20_FirmA38_0, 0.093, 0, 0.01, 0.043, 0.092, 0, 0.093, 0.039, 0.061
Node_FirmA20_FirmA52_0, 0.009, 0, 0.021, 0.021, 0.009, 0, 0.009, 0.006, 0.009
Node_FirmA21_FirmA108_0, 0.004, 0, 0.012, 0.009, 0.004, 0, 0.004, 0.001, 0.01
Node_FirmA21_FirmA47_0, 0.003, 0, 0.013, 0.01, 0.003, 0, 0.003, 0, 0.012
Node_FirmA21_FirmA88_0, 0.006, 0, 0.011, 0.013, 0.006, 0, 0.006, 0.002, 0.01
Node_FirmA24_FirmA1_0, 0.014, 0, 0.035, 0.013, 0.014, 0, 0.014, 0.011, 0.007
Node_FirmA24_FirmA8_0, 0.009, 0, 0.018, 0.014, 0.009, 0, 0.009, 0.005, 0.013
Node_FirmA25_FirmA56_0, 0.008, 0, 0.025, 0.022, 0.008, 0, 0.008, 0.004, 0.012
Node_FirmA26_FirmA102_0, 0.009, 0, 0.012, 0.012, 0.009, 0, 0.009, 0.002, 0.014
Node_FirmA26_FirmA2_0, 0.007, 0, 0.012, 0.017, 0.007, 0, 0.007, 0.003, 0.01
Node_FirmA26_FirmA41_0, 0.001, 0, 0.024, 0.022, 0.001, 0, 0.001, 0, 0.017
Node_FirmA26_FirmA7_0, 0.008, 0, 0.012, 0.014, 0.008, 0, 0.008, 0.004, 0.011
Node_FirmA27_FirmA71_0, 0.003, 0, 0.01, 0.012, 0.003, 0, 0.003, 0, 0.011
Node_FirmA27_FirmA89_0, 0.002, 0, 0.015, 0.01, 0.002, 0, 0.002, 0, 0.006
Node_FirmA28_FirmA94_0, 0.004, 0, 0.006, 0.007, 0.004, 0, 0.004, 0, 0.009
Node_FirmA29_FirmA51_0, 0.008, 0, 0.017, 0.019, 0.008, 0, 0.008, 0.001, 0.021
Node_FirmA38_FirmA32_0, 0.165, 0, 0.015, 0.103, 0.164, 0, 0.165, 0.086, 0.087
Node_FirmA43_FirmA39_0, 0.006, 0, 0.017, 0.02, 0.006, 0, 0.006, 0.002, 0.017
Node_FirmA45_FirmA40_0, 0.007, 0, 0.022, 0.021, 0.007, 0, 0.007, 0.001, 0.019
Node_FirmA50_FirmA70_0, 0.004, 0, 0.014, 0.016, 0.004, 0, 0.004, 0, 0.015
Node_FirmA52_FirmA107_0, 0.003, 0, 0.019, 0.017, 0.003, 0, 0.003, 0, 0.014
Node_FirmA52_FirmA42_0, 0.008, 0, 0.013, 0.009, 0.008, 0, 0.008, 0.001, 0.012
Node_FirmA53_FirmA35_0, 0.004, 0, 0.012, 0.012, 0.004, 0, 0.004, 0, 0.01
Node_FirmA55_FirmA29_0, 0.004, 0, 0.018, 0.013, 0.004, 0, 0.004, 0.002, 0.009
Node_FirmA58_FirmA43_0, 0.006, 0, 0.009, 0.009, 0.006, 0, 0.006, 0.002, 0.01
Node_FirmA59_FirmA36_0, 0.002, 0, 0.005, 0.01, 0.002, 0, 0.002, 0, 0.006
Node_FirmA59_FirmA44_0, 0.001, 0, 0.017, 0.018, 0.001, 0, 0.001, 0.001, 0.008
Node_FirmA59_FirmA48_0, 0.003, 0, 0.016, 0.017, 0.003, 0, 0.003, 0, 0.017
Node_FirmA60_FirmA74_0, 0.008, 0, 0.023, 0.018, 0.008, 0, 0.008, 0.003, 0.014
Node_FirmA61_FirmA66_0, 0.006, 0, 0.015, 0.012, 0.006, 0, 0.006, 0, 0.013
Node_FirmA62_FirmA104_0, 0.008, 0, 0.011, 0.013, 0.008, 0, 0.008, 0.001, 0.014
Node_FirmA62_FirmA58_0, 0.005, 0, 0.01, 0.011, 0.005, 0, 0.005, 0.003, 0.007
Node_FirmA62_FirmA6_0, 0.003, 0, 0.009, 0.008, 0.003, 0, 0.003, 0.001, 0.007
Node_FirmA63_FirmA109_0, 0.009, 0, 0.018, 0.018, 0.009, 0, 0.009, 0.003, 0.015
Node_FirmA63_FirmA10_0, 0.016, 0, 0.016, 0.017, 0.016, 0, 0.016, 0.003, 0.023
Node_FirmA63_FirmA30_0, 0.005, 0, 0.021, 0.019, 0.005, 0, 0.005, 0.003, 0.01
Node_FirmA63_FirmA45_0, 0.01, 0, 0.015, 0.019, 0.01, 0, 0.01, 0.003, 0.02
Node_FirmA63_FirmA57_0, 0.003, 0, 0.008, 0.01, 0.003, 0, 0.003, 0, 0.011
Node_FirmA63_FirmA99_0, 0.012, 0, 0.003, 0.003, 0.012, 0, 0.012, 0.002, 0.012
Node_FirmA64_FirmA33_0, 0, 0, 0.012, 0.014, 0, 0, 0, 0, 0.006
Node_FirmA65_FirmA5_0, 0.002, 0, 0.015, 0.015, 0.002, 0, 0.002, 0.001, 0.013
Node_FirmA65_FirmA64_0, 0.006, 0, 0.018, 0.02, 0.006, 0, 0.006, 0.002, 0.017
Node_FirmA65_FirmA69_0, 0.007, 0, 0.016, 0.014, 0.007, 0, 0.007, 0.004, 0.01
Node_FirmA65_FirmA97_0, 0.004, 0, 0.011, 0.013, 0.004, 0, 0.004, 0, 0.009
Node_FirmA67_FirmA37_0, 0.005, 0, 0.007, 0.009, 0.005, 0, 0.005, 0, 0.01
Node_FirmA67_FirmA50_0, 0.003, 0, 0.012, 0.014, 0.003, 0, 0.003, 0.001, 0.01
Node_FirmA67_FirmA79_0, 0.003, 0, 0.007, 0.008, 0.003, 0, 0.003, 0.001, 0.007
Node_FirmA67_FirmA87_0, 0.002, 0, 0.014, 0.014, 0.002, 0, 0.002, 0.001, 0.005
Node_FirmA69_FirmA28_0, 0.001, 0, 0.014, 0.012, 0.001, 0, 0.001, 0, 0.008
Node_FirmA69_FirmA72_0, 0.007, 0, 0.007, 0.008, 0.007, 0, 0.007, 0, 0.013
Node_FirmA72_FirmA73_0, 0.007, 0, 0.01, 0.012, 0.007, 0, 0.007, 0.001, 0.01
Node_FirmA7_FirmA12_0, 0.006, 0, 0.026, 0.026, 0.006, 0, 0.006, 0, 0.022
Node_FirmA7_FirmA90_0, 0.01, 0, 0.014, 0.016, 0.01, 0, 0.01, 0.005, 0.016
Node_FirmA80_FirmA34_0, 0.005, 0, 0.016, 0.015, 0.005, 0, 0.005, 0.003, 0.013
Node_FirmA81_FirmA14_0, 0.013, 0, 0.067, 0.039, 0.013, 0, 0.013, 0.007, 0.012
Node_FirmA81_FirmA19_0, 0.005, 0, 0.019, 0.019, 0.005, 0, 0.005, 0.002, 0.011
Node_FirmA81_FirmA84_0, 0.041, 0.001, 0.019, 0.014, 0.04, 0, 0.041, 0.02, 0.023
Node_FirmA81_FirmA92_0, 0.068, 0, 0.009, 0.027, 0.067, 0, 0.068, 0.034, 0.036
Node_FirmA83_FirmA11_0, 0.079, 0.001, 0.656, 0.106, 0.078, 0, 0.079, 0.069, 0.013
Node_FirmA83_FirmA49_0, 0.006, 0, 0.02, 0.015, 0.006, 0, 0.006, 0.001, 0.016
Node_FirmA83_FirmA55_0, 0.013, 0, 0.016, 0.02, 0.013, 0, 0.013, 0.004, 0.016
Node_FirmA83_FirmA59_0, 0.01, 0, 0.031, 0.023, 0.01, 0, 0.01, 0.006, 0.005
Node_FirmA83_FirmA65_0, 0.013, 0, 0.011, 0.015, 0.013, 0, 0.013, 0.005, 0.014
Node_FirmA83_FirmA81_0, 0.036, 0, 0.058, 0.033, 0.035, 0, 0.036, 0.021, 0.015
Node_FirmA83_FirmA86_0, 0.01, 0, 0.01, 0.015, 0.01, 0, 0.01, 0.007, 0.007
Node_FirmA84_FirmA111_0, 0.026, 0, 0.025, 0.024, 0.026, 0, 0.026, 0.019, 0.01
Node_FirmA84_FirmA16_0, 0.004, 0, 0.013, 0.006, 0.004, 0, 0.004, 0.001, 0.008
Node_FirmA84_FirmA20_0, 0.034, 0, 0.006, 0.016, 0.034, 0, 0.034, 0.023, 0.014
Node_FirmA84_FirmA26_0, 0.009, 0, 0.03, 0.015, 0.009, 0, 0.009, 0.008, 0.005
Node_FirmA84_FirmA46_0, 0.002, 0, 0.009, 0.013, 0.002, 0, 0.002, 0, 0.011
Node_FirmA84_FirmA63_0, 0, 0, 0.01, 0.012, 0, 0, 0, 0, 0.006
Node_FirmA84_FirmA9_0, 0.004, 0, 0.01, 0.015, 0.004, 0, 0.004, 0, 0.012
Node_FirmA85_DTU0X1_0, 0.072, 0, 0.664, 0.14, 0.072, 0, 0.072, 0.071, 0.005
Node_FirmA85_FirmA60_0, 0.017, 0, 0.065, 0.046, 0.017, 0, 0.017, 0.016, 0.01
Node_FirmA85_FirmC13_0, 0.731, 0.001, 0.085, 0.177, 0.718, 0, 0.731, 0.728, 0.006
Node_FirmA86_FirmA61_0, 0.008, 0, 0.013, 0.019, 0.008, 0, 0.008, 0.004, 0.011
Node_FirmA87_FirmA106_0, 0.007, 0, 0.015, 0.018, 0.007, 0, 0.007, 0.001, 0.017
Node_FirmA87_FirmA62_0, 0.005, 0, 0.007, 0.006, 0.005, 0, 0.005, 0.001, 0.008
Node_FirmA87_FirmA96_0, 0.004, 0, 0.005, 0.006, 0.004, 0, 0.004, 0.001, 0.007
Node_FirmA88_FirmA101_0, 0.001, 0, 0.015, 0.017, 0.001, 0, 0.001, 0, 0.01
Node_FirmA89_FirmA105_0, 0.008, 0, 0.013, 0.01, 0.008, 0, 0.008, 0.001, 0.013
Node_FirmA89_FirmA110_0, 0.008, 0, 0.021, 0.017, 0.008, 0, 0.008, 0, 0.021
Node_FirmA89_FirmA21_0, 0.007, 0, 0.009, 0.009, 0.007, 0, 0.007, 0, 0.014
Node_FirmA89_FirmA31_0, 0.005, 0, 0.008, 0.012, 0.005, 0, 0.005, 0.001, 0.007
Node_FirmA89_FirmA53_0, 0.006, 0, 0.011, 0.009, 0.005, 0, 0.006, 0, 0.009
Node_FirmA89_FirmA68_0, 0.008, 0, 0.012, 0.02, 0.008, 0, 0.008, 0.003, 0.015
Node_FirmA89_FirmA80_0, 0.008, 0, 0.007, 0.009, 0.008, 0, 0.008, 0.002, 0.008
Node_FirmA90_FirmA112_0, 0.004, 0, 0.016, 0.015, 0.004, 0, 0.004, 0.001, 0.01
Node_FirmA92_FirmA54_0, 0.22, 0.004, 0.015, 0.079, 0.218, 0, 0.22, 0.064, 0.163
Node_FirmA94_FirmA75_0, 0.007, 0, 0.015, 0.016, 0.007, 0, 0.007, 0.001, 0.018
Node_FirmA96_FirmA27_0, 0.011, 0, 0.011, 0.014, 0.011, 0, 0.011, 0.003, 0.018
Node_FirmA96_FirmA91_0, 0.004, 0, 0.021, 0.025, 0.004, 0, 0.004, 0.003, 0.014
Node_FirmA99_FirmA18_0, 0.003, 0, 0.016, 0.009, 0.003, 0, 0.003, 0.001, 0.007
Node_FirmB16_FirmB13_0, 0.001, 0, 0.015, 0.009, 0.001, 0, 0.001, 0, 0.007
Node_FirmB17_FirmB15_0, 0.007, 0, 0.021, 0.026, 0.007, 0, 0.007, 0, 0.025
Node_FirmB2_FirmB11_0, 0.995, 0.001, 0.022, 0.019, 0.99, 0, 0.995, 0.989, 0.019
Node_FirmB2_FirmB12_0, 0.997, 0.004, 0.021, 0.456, 0.99, 0, 0.997, 0.252, 0.755
Node_FirmB3_FirmB14_0, 0.003, 0, 0.019, 0.014, 0.003, 0, 0.003, 0, 0.012
Node_FirmB4_FirmB17_0, 0.003, 0, 0.02, 0.018, 0.003, 0, 0.003, 0.002, 0.014
Node_FirmB4_FirmB1_0, 0.009, 0, 0.009, 0.011, 0.009, 0, 0.009, 0.005, 0.008
Node_FirmB4_FirmB3_0, 0.01, 0, 0.017, 0.014, 0.01, 0, 0.01, 0.004, 0.01
Node_FirmB6_FirmB7_0, 0.013, 0, 0.084, 0.031, 0.013, 0, 0.013, 0.01, 0.013
Node_FirmB8_FirmB16_0, 0.009, 0, 0.011, 0.005, 0.009, 0, 0.009, 0.007, 0.003
Node_FirmB8_FirmB4_0, 0.017, 0, 0.047, 0.025, 0.017, 0, 0.017, 0.011, 0.013
Node_FirmB8_FirmB5_0, 0.003, 0, 0.018, 0.017, 0.003, 0, 0.003, 0.001, 0.012
Node_FirmB8_FirmB9_0, 0.051, 0, 0.064, 0.054, 0.051, 0, 0.051, 0.028, 0.031
Node_FirmB9_FirmB10_0, 0.025, 0, 0.253, 0.075, 0.025, 0, 0.025, 0.017, 0.019
Node_FirmB9_FirmB2_0, 0.259, 0, 0.008, 0.104, 0.256, 0, 0.259, 0.082, 0.183
Node_FirmB9_FirmB6_0, 0.084, 0, 0.026, 0.051, 0.084, 0, 0.084, 0.033, 0.059
Node_FirmC10_FirmC14_0, 0.009, 0, 0.016, 0.014, 0.009, 0, 0.009, 0.002, 0.015
Node_FirmC10_FirmC18_0, 0.01, 0, 0.013, 0.011, 0.01, 0, 0.01, 0.002, 0.016
Node_FirmC10_FirmC19_0, 0.007, 0, 0.013, 0.014, 0.007, 0, 0.007, 0.003, 0.009
Node_FirmC11_FirmC3_0, 0.006, 0, 0.014, 0.014, 0.006, 0, 0.006, 0.003, 0.012
Node_FirmC13_FirmB8_0, 0.084, 0, 0.649, 0.108, 0.081, 0, 0.084, 0.074, 0.013
Node_FirmC13_FirmC10_0, 0.011, 0, 0.016, 0.013, 0.011, 0, 0.011, 0.005, 0.011
Node_FirmC13_FirmC17_0, 0.005, 0, 0.014, 0.014, 0.005, 0, 0.005, 0.003, 0.008
Node_FirmC13_FirmC5_0, 0.018, 0, 0.074, 0.029, 0.018, 0, 0.018, 0.016, 0.008
Node_FirmC13_FirmC8_0, 0.016, 0.001, 0.018, 0.027, 0.016, 0, 0.016, 0.006, 0.015
Node_FirmC13_Firms33_0, 0.72, 0, 0.027, 0.123, 0.704, 0, 0.72, 0.705, 0.016
Node_FirmC15_FirmC12_0, 0.002, 0, 0.015, 0.013, 0.002, 0, 0.002, 0.001, 0.014
Node_FirmC1_FirmC4_0, 0.003, 0, 0.012, 0.018, 0.003, 0, 0.003, 0.001, 0.009
Node_FirmC6_FirmC16_0, 0.002, 0, 0.019, 0.02, 0.002, 0, 0.002, 0.001, 0.015
Node_FirmC6_FirmC1_0, 0.006, 0, 0.02, 0.021, 0.006, 0, 0.006, 0, 0.021
Node_FirmC8_FirmC11_0, 0.008, 0, 0.016, 0.014, 0.008, 0, 0.008, 0.001, 0.019
Node_FirmC8_FirmC15_0, 0.003, 0, 0.016, 0.023, 0.003, 0, 0.003, 0, 0.012
Node_FirmC8_FirmC6_0, 0.005, 0, 0.013, 0.012, 0.005, 0, 0.005, 0, 0.012
Node_FirmC8_FirmC7_0, 0.007, 0, 0.012, 0.011, 0.007, 0, 0.007, 0.003, 0.011
Node_FirmC8_FirmC9_0, 0.006, 0, 0.023, 0.017, 0.006, 0, 0.006, 0.002, 0.013
Node_FirmD2_FirmD3_0, 0.005, 0, 0.052, 0.031, 0.005, 0, 0.005, 0.004, 0.006
Node_FirmD4_FirmD2_0, 0.051, 0, 0.703, 0.106, 0.051, 0, 0.051, 0.051, 0.003
Node_FirmE4_FirmE6_0, 1.006, 0, 0.019, 0.046, 1, 0, 1.006, 0.862, 0.157
Node_FirmE5_FirmA85_0, 0.809, 0, 0.018, 0.153, 0.787, 0, 0.809, 0.543, 0.266
Node_FirmE5_FirmE3_0, 0.006, 0, 0.871, 0.02, 0.006, 0, 0.006, 0.001, 0.009
Node_FirmE5_FirmE4_0, 0.868, 0, 0.016, 0.019, 0.861, 0, 0.868, 0.837, 0.033
Node_FirmE5_FirmE7_0, 0.851, 0.002, 0.027, 0.062, 0.836, 0, 0.851, 0.788, 0.067
Node_FirmE7_FirmE1_0, 0.809, 0.001, 0.063, 0.199, 0.79, 0, 0.809, 0.794, 0.02
Node_FirmE7_FirmE2_0, 0.852, 0, 0.02, 0.225, 0.8, 0, 0.852, 0.795, 0.063
Node_FirmE7_FirmE8_0, 1.245, 0.001, 0.015, 0.235, 1, 0, 1.245, 0.848, 0.407
Node_FirmF1_FirmF2_0, 0.017, 0, 0.47, 0.069, 0.017, 0, 0.017, 0.016, 0.006
Node_FirmF1_FirmG6_0, 0.481, 0, 0.059, 0.115, 0.467, 0, 0.481, 0.452, 0.032
Node_FirmF2_FirmF3_0, 0.01, 0, 0.035, 0.037, 0.01, 0, 0.01, 0.001, 0.028
Node_FirmG5_FirmG1_0, 0.015, 0, 0.198, 0.051, 0.015, 0, 0.015, 0.013, 0.005
Node_FirmG5_FirmG2_0, 0.208, 0.001, 0.115, 0.087, 0.206, 0, 0.208, 0.066, 0.146
Node_FirmG6_FirmE5_0, 0.561, 0.003, 0.017, 0.096, 0.54, 0, 0.561, 0.468, 0.094
Node_FirmG6_FirmG3_0, 0.022, 0, 0.248, 0.06, 0.022, 0, 0.022, 0.017, 0.011
Node_FirmG6_FirmG4_0, 0.259, 0, 0.077, 0.12, 0.251, 0, 0.259, 0.1, 0.16
Node_FirmG6_FirmG5_0, 0.176, 0, 0.49, 0.119, 0.162, 0, 0.176, 0.073, 0.105
Node_Firms11_Firms17_0, 2.036, 0.002, 0.16, 0.131, 1, 0, 2.036, 1.931, 0.112
Node_Firms13_Firms1_0, 1.133, 0, 0.828, 0.292, 0.984, 0, 1.133, 1.124, 0.02
Node_Firms1_Firms10_0, 0.473, 0, 0.97, 0.167, 0.409, 0, 0.473, 0.172, 0.31
Node_Firms20_Firms12_0, 0.029, 0, 0.023, 0.019, 0.029, 0, 0.029, 0.009, 0.036
Node_Firms20_Firms29_0, 0.158, 0, 0.022, 0.029, 0.157, 0, 0.158, 0.025, 0.151
Node_Firms22_Firms27_0, 2.201, 0, 0.019, 0.038, 1, 0, 2.201, 2.075, 0.134
Node_Firms23_Firms18_0, 0.005, 0, 0.017, 0.016, 0.005, 0, 0.005, 0.001, 0.015
Node_Firms24_Firms26_0, 1.008, 0.003, 0.06, 0.881, 1, 0, 1.008, 0.953, 0.061
Node_Firms30_Firms31_0, 0.004, 0, 0.016, 0.017, 0.004, 0, 0.004, 0, 0.015
Node_Firms32_Firms25_0, 0.003, 0, 0.027, 0.028, 0.003, 0, 0.003, 0.001, 0.018
Node_Firms33_FirmA83_0, 0.721, 0, 0.019, 0.136, 0.712, 0, 0.721, 0.703, 0.02
Node_Firms33_FirmD1_0, 0.831, 0.006, 0.005, 0.169, 0.8, 0, 0.831, 0.745, 0.079
Node_Firms33_FirmD4_0, 0.751, 0.001, 0.01, 0.161, 0.737, 0, 0.751, 0.712, 0.039
Node_Firms33_Firms11_0, 2.082, 0.074, 0.083, 0.746, 1, 0, 2.082, 1.932, 0.005
Node_Firms33_Firms13_0, 1.941, 0.003, 0.01, 0.329, 0.998, 0, 1.941, 1.197, 0.741
Node_Firms33_Firms15_0, 0.375, 0, 1.821, 0.01, 0.374, 0, 0.375, 0.265, 0.115
Node_Firms33_Firms16_0, 0.003, 0, 0.382, 0.014, 0.003, 0, 0.003, 0.001, 0.01
Node_Firms33_Firms20_0, 0.016, 0, 0.008, 0.011, 0.016, 0, 0.016, 0.005, 0.019
Node_Firms33_Firms21_0, 0.005, 0, 0.012, 0.014, 0.005, 0, 0.005, 0, 0.014
Node_Firms33_Firms22_0, 2.086, 0.05, 0.006, 0.376, 1, 0, 2.086, 1.922, 0.08
Node_Firms33_Firms23_0, 0.007, 0, 0.022, 0.019, 0.007, 0, 0.007, 0.003, 0.017
Node_Firms33_Firms28_0, 0.004, 0, 0.01, 0.012, 0.004, 0, 0.004, 0.001, 0.009
Node_Firms33_Firms2_0, 0.009, 0, 0.011, 0.013, 0.009, 0, 0.009, 0.001, 0.016
Node_Firms33_Firms30_0, 0.005, 0, 0.023, 0.024, 0.005, 0, 0.005, 0.002, 0.012
Node_Firms33_Firms32_0, 0.012, 0, 0.014, 0.016, 0.012, 0, 0.012, 0.004, 0.017
Node_Firms33_Firms3_0, 1.962, 0.003, 0.015, 0.314, 1, 0, 1.962, 1.929, 0.033
Node_Firms33_Firms5_0, 2.081, 0, 0.017, 0.014, 1, 0, 2.081, 2.044, 0.044
Node_Firms33_Firms6_0, 1.207, 0.001, 0.061, 0.236, 0.961, 0, 1.207, 1.018, 0.193
Node_Firms33_Firms7_0, 2.054, 0.001, 0.043, 0.022, 1, 0, 2.054, 2.045, 0.014
Node_Firms33_Firms8_0, 1.074, 0.036, 0.011, 0.294, 0.957, 0, 1.074, 0.814, 0.218
Node_Firms33_Firms9_0, 0.005, 0, 0.014, 0.013, 0.005, 0, 0.005, 0.001, 0.014
Node_Firms8_Firms24_0, 1.004, 0.001, 0.784, 0.096, 0.961, 0, 1.004, 0.308, 0.699
Node_Firms8_Firms4_0, 1.088, 0.002, 0.094, 0.12, 0.971, 0, 1.088, 0.991, 0.106
Node_Gemm2_Gemm4_0, 0.001, 0, 0.015, 0.01, 0.001, 0, 0.001, 0.001, 0.008
Node_Gemm3_Gemm6_0, 0.183, 0, 0.015, 0.029, 0.182, 0, 0.183, 0.025, 0.169
Node_Gemm5_Gemm8_0, 0.043, 0, 0.004, 0.025, 0.043, 0, 0.043, 0.016, 0.028
Node_Gemm5_Gemm9_0, 0.014, 0, 0.044, 0.025, 0.014, 0, 0.014, 0.006, 0.015
Node_Gemm9_Gemm2_0, 0.008, 0.001, 0.015, 0.013, 0.008, 0, 0.008, 0.003, 0.008
Node_Gemm9_Gemm3_0, 0.029, 0, 0.025, 0.03, 0.029, 0, 0.029, 0.004, 0.046
Node_Gemm9_Gemm7_0, 0.008, 0, 0.013, 0.017, 0.008, 0, 0.008, 0.002, 0.013
Node_Gold1_FCPU1_0, 0.168, 0.001, 0.129, 0.085, 0.162, 0, 0.168, 0.041, 0.126
Node_Gold1_Fire1_0, 0.17, 0.001, 0.135, 0.16, 0.166, 0, 0.17, 0.158, 0.017
Node_Gold1_Gold2_0, 0.014, 0, 0.18, 0.076, 0.014, 0, 0.014, 0.011, 0.026
Node_Hydr2_Abys1_0, 1.125, 0.002, 0.806, 0.593, 0.809, 0, 1.125, 0.991, 0.134
Node_Hydr2_Hydr1_0, 1.052, 0.002, 0.743, 0.446, 1, 0, 1.052, 0.398, 0.668
Node_Hydr2_Plan43_0, 1.903, 0.079, 0.154, 1.462, 0.971, 0, 1.903, 1.415, 0.357
Node_Hydr2_Sume1_0, 1.795, 0.011, 0.184, 1.11, 0.979, 0, 1.795, 1.715, 0.065
Node_KSB1X2_KSB1X4_0, 0.01, 0, 0.012, 0.011, 0.01, 0, 0.01, 0.002, 0.015
Node_KSB1X3_KSB1X1_0, 0.003, 0, 0.013, 0.012, 0.003, 0, 0.003, 0.003, 0.006
Node_Late1_Late3_0, 0.205, 0, 0.013, 0.04, 0.205, 0, 0.205, 0.045, 0.169
Node_Late2_Late1_0, 0.049, 0, 0.007, 0.01, 0.049, 0, 0.049, 0.018, 0.033
Node_Lind1_Lind2_0, 0.908, 0.006, 0.426, 1.16, 0.734, 0, 0.908, 0.723, 0.193
Node_Lind1_Lind4_0, 1.135, 0.009, 0.374, 0.81, 0.854, 0, 1.135, 1.066, 0.059
Node_Marg1_Marg2_0, 0.299, 0.002, 0.158, 0.321, 0.297, 0, 0.299, 0.276, 0.022
Node_Marg1_Marg6_0, 0.036, 0, 0.267, 0.153, 0.036, 0, 0.036, 0.035, 0.004
Node_Marg2_Marg7_0, 0.421, 0, 0.031, 0.294, 0.42, 0, 0.421, 0.278, 0.153
Node_Mari3_Mari2_0, 0.013, 0, 0.099, 0.052, 0.013, 0, 0.013, 0.01, 0.013
Node_Mari3_Mari6_0, 0.099, 0, 0.02, 0.026, 0.099, 0, 0.099, 0.058, 0.043
Node_Mari6_Mari1_0, 0.031, 0, 0.198, 0.11, 0.031, 0, 0.031, 0.027, 0.015
Node_Mari6_Mari5_0, 0.214, 0, 0.012, 0.064, 0.214, 0, 0.214, 0.092, 0.127
Node_Meth2_Meth1_0, 0.047, 0, 0.779, 0.087, 0.046, 0, 0.047, 0.042, 0.015
Node_Meth4_Meth3_0, 1.292, 0, 0.021, 0.021, 1, 0, 1.292, 1.083, 0.218
Node_Meth5_Meth2_0, 0.811, 0.028, 0.011, 0.065, 0.764, 0, 0.811, 0.729, 0.032
Node_Meth5_Meth4_0, 1.095, 0.144, 0.03, 0.141, 0.885, 0, 1.095, 0.69, 0.17
Node_Meth5_NitsA1_0, 0.969, 0.001, 0.068, 0.089, 0.864, 0, 0.969, 0.929, 0.041
Node_Meth5_SZUA1_0, 0.762, 0.006, 0.265, 0.09, 0.748, 0, 0.762, 0.739, 0.018
Node_Meth5_Sche1_0, 1.003, 0, 0.1, 0.108, 0.825, 0, 1.003, 0.873, 0.134
Node_MyxA1_MyxA2_0, 1.007, 0.001, 0.028, 0.024, 1, 0, 1.007, 1, 0.014
Node_MyxA1_MyxA4_0, 1.02, 0.001, 0.095, 0.104, 1, 0, 1.02, 0.33, 0.7
Node_MyxA2_MyxA3_0, 1.009, 0, 0.022, 0.019, 1, 0, 1.009, 1.002, 0.024
Node_Myxo10_Bdell6_0, 0.641, 0.001, 0.094, 0.153, 0.547, 0, 0.641, 0.482, 0.159
Node_Myxo10_MyxA1_0, 0.414, 0.001, 0.406, 0.181, 0.385, 0, 0.414, 0.237, 0.178
Node_Myxo10_Myxo11_0, 0.177, 0, 0.267, 0.07, 0.172, 0, 0.177, 0.151, 0.03
Node_Myxo10_Myxo14_0, 0.042, 0, 0.152, 0.039, 0.041, 0, 0.042, 0.027, 0.017
Node_Myxo10_Myxo15_0, 0.045, 0, 0.083, 0.039, 0.045, 0, 0.045, 0.009, 0.048
Node_Myxo10_Myxo17_0, 0.08, 0, 0.025, 0.033, 0.077, 0, 0.08, 0.025, 0.063
Node_Myxo11_Bdell13_0, 0.176, 0, 0.054, 0.035, 0.172, 0, 0.176, 0.127, 0.053
Node_Myxo11_Myxo13_0, 0.004, 0, 0.021, 0.017, 0.004, 0, 0.004, 0.002, 0.015
Node_Myxo11_Myxo8_0, 0.01, 0, 0.181, 0.028, 0.01, 0, 0.01, 0.005, 0.015
Node_Myxo14_Myxo2_0, 0.098, 0, 0.009, 0.02, 0.095, 0, 0.098, 0.017, 0.085
Node_Myxo14_Myxo3_0, 0.009, 0.001, 0.042, 0.015, 0.009, 0, 0.009, 0.004, 0.008
Node_Myxo14_Myxo5_0, 0.359, 0, 0.013, 0.037, 0.328, 0, 0.359, 0.093, 0.274
Node_Myxo14_Myxo6_0, 1.007, 0.003, 0.188, 0.088, 0.999, 0, 1.007, 0.186, 0.833
Node_Myxo14_Myxo9_0, 0.022, 0, 0.007, 0.012, 0.022, 0, 0.022, 0.007, 0.02
Node_Myxo15_Myxo18_0, 0.184, 0.001, 0.021, 0.027, 0.183, 0, 0.184, 0.039, 0.159
Node_Myxo17_Myxo19_0, 0.268, 0.001, 0.019, 0.075, 0.267, 0, 0.268, 0.071, 0.206
Node_Myxo2_Myxo1_0, 0.008, 0, 0.103, 0.021, 0.008, 0, 0.008, 0.003, 0.013
Node_Myxo8_Myxo7_0, 0.005, 0, 0.021, 0.021, 0.005, 0, 0.005, 0.002, 0.016
Node_Nitr10_Nitr3_0, 1.006, 0.001, 0.014, 0.016, 1, 0, 1.006, 0.998, 0.015
Node_Nitr10_Nitr4_0, 1.004, 0.001, 0.012, 0.031, 0.998, 0, 1.004, 0.16, 0.853
Node_Nitr10_Nitr6_0, 1.004, 0.001, 0.016, 0.013, 1, 0, 1.004, 1, 0.013
Node_Nitr14_CG294X1_0, 0.049, 0, 0.949, 0.088, 0.049, 0, 0.049, 0.048, 0.003
Node_Nitr14_Meth5_0, 0.995, 0.001, 0.221, 0.124, 0.894, 0, 0.995, 0.979, 0.021
Node_Nitr14_Nitr12_0, 0.011, 0, 0.015, 0.015, 0.011, 0, 0.011, 0.003, 0.016
Node_Nitr14_Nitr13_0, 0.007, 0, 0.01, 0.01, 0.007, 0, 0.007, 0.002, 0.011
Node_Nitr14_Nitr15_0, 0.019, 0, 0.034, 0.014, 0.019, 0, 0.019, 0.017, 0.004
Node_Nitr14_Nitr16_0, 0.01, 0, 0.014, 0.018, 0.01, 0, 0.01, 0.002, 0.017
Node_Nitr14_Nitr2_0, 0.006, 0, 0.012, 0.015, 0.006, 0, 0.006, 0.002, 0.011
Node_Nitr14_Nitr9_0, 0.007, 0, 0.015, 0.008, 0.007, 0, 0.007, 0.004, 0.003
Node_Nitr15_Nitr10_0, 0.162, 0, 0.007, 0.013, 0.16, 0, 0.162, 0.031, 0.137
Node_Nitr15_Nitr1_0, 0.014, 0, 0.017, 0.016, 0.014, 0, 0.014, 0.004, 0.012
Node_Nitr15_Nitr8_0, 0.032, 0, 0.012, 0.013, 0.032, 0, 0.032, 0.007, 0.03
Node_Nitr16_Nitr11_0, 0.007, 0, 0.016, 0.015, 0.007, 0, 0.007, 0.002, 0.014
Node_Nitr16_Nitr17_0, 0.009, 0, 0.014, 0.02, 0.009, 0, 0.009, 0.002, 0.013
Node_Nitr17_Nitr5_0, 0.007, 0, 0.019, 0.025, 0.007, 0, 0.007, 0.002, 0.017
Node_Nitr9_Nitr7_0, 0.005, 0, 0.011, 0.011, 0.005, 0, 0.005, 0.002, 0.009
Node_Nits1_Nits3_0, 1.007, 0, 0.01, 0.049, 1, 0, 1.007, 0.804, 0.208
Node_Nits4_Nits2_0, 0.201, 0, 0.769, 0.046, 0.196, 0, 0.201, 0.058, 0.15
Node_NitsA1_NitsA2_0, 0.012, 0, 0.815, 0.069, 0.012, 0, 0.012, 0.008, 0.027
Node_NitsA1_NitsA3_0, 0.8, 0.002, 0.189, 0.047, 0.772, 0, 0.8, 0.779, 0.018
Node_NitsA3_Nits1_0, 0.809, 0, 0.064, 0.028, 0.804, 0, 0.809, 0.762, 0.053
Node_NitsA3_Nits4_0, 0.82, 0, 0.031, 0.046, 0.778, 0, 0.82, 0.775, 0.051
Node_Omni4_Omni2_0, 1.017, 0.001, 0.087, 0.18, 0.999, 0, 1.017, 0.245, 0.798
Node_Omni4_Omni3_0, 0.352, 0.002, 0.525, 0.512, 0.32, 0, 0.352, 0.32, 0.037
Node_Omni4_Omni7_0, 0.305, 0.001, 0.178, 0.204, 0.292, 0, 0.305, 0.181, 0.13
Node_Omni4_Omni8_0, 0.838, 0.024, 0.723, 1.605, 0.714, 0, 0.838, 0.79, 0.017
Node_Omni8_Omni6_0, 1.036, 0.012, 0.233, 2.141, 1, 0, 1.036, 0.613, 0.419
Node_P4572X1_Ferm1_0, 0.027, 0, 0.026, 0.023, 0.026, 0, 0.027, 0.024, 0.006
Node_P4572X1_Gemm5_0, 0.019, 0, 0.013, 0.013, 0.019, 0, 0.019, 0.016, 0.005
Node_Pate13_Pate34_0, 0.007, 0, 0.01, 0.012, 0.007, 0, 0.007, 0.003, 0.01
Node_Pate13_Pate6_0, 0.007, 0, 0.016, 0.012, 0.007, 0, 0.007, 0.003, 0.008
Node_Pate14_Pate35_0, 0.005, 0, 0.013, 0.014, 0.005, 0, 0.005, 0.002, 0.009
Node_Pate14_Pate5_0, 0.009, 0, 0.019, 0.024, 0.009, 0, 0.009, 0.004, 0.015
Node_Pate15_Pate29_0, 0.009, 0, 0.023, 0.028, 0.009, 0, 0.009, 0.002, 0.024
Node_Pate17_Pate18_0, 0.007, 0, 0.017, 0.01, 0.007, 0, 0.007, 0.003, 0.01
Node_Pate17_Pate19_0, 0.014, 0, 0.007, 0.014, 0.014, 0, 0.014, 0.006, 0.011
Node_Pate17_Pate8_0, 0.003, 0, 0.014, 0.014, 0.003, 0, 0.003, 0.001, 0.01
Node_Pate18_Pate38_0, 0.006, 0, 0.015, 0.015, 0.006, 0, 0.006, 0.002, 0.016
Node_Pate18_Pate9_0, 0.005, 0, 0.01, 0.008, 0.005, 0, 0.005, 0, 0.008
Node_Pate19_Pate37_0, 0.005, 0, 0.016, 0.017, 0.005, 0, 0.005, 0.001, 0.01
Node_Pate19_Pate4_0, 0.011, 0, 0.013, 0.018, 0.011, 0, 0.011, 0.007, 0.01
Node_Pate1_Pate50_0, 0.006, 0, 0.014, 0.013, 0.006, 0, 0.006, 0, 0.014
Node_Pate21_Pate15_0, 0.008, 0, 0.016, 0.019, 0.008, 0, 0.008, 0.002, 0.013
Node_Pate21_Pate26_0, 0.011, 0, 0.013, 0.01, 0.011, 0, 0.011, 0.006, 0.008
Node_Pate24_Pate13_0, 0.015, 0, 0.01, 0.008, 0.015, 0, 0.015, 0.006, 0.012
Node_Pate24_Pate14_0, 0.013, 0, 0.008, 0.015, 0.013, 0, 0.013, 0.007, 0.009
Node_Pate24_Pate39_0, 0.006, 0, 0.013, 0.014, 0.006, 0, 0.006, 0.003, 0.008
Node_Pate24_Pate54_0, 0.011, 0, 0.015, 0.013, 0.011, 0, 0.011, 0.004, 0.011
Node_Pate25_Pate17_0, 0.01, 0, 0.008, 0.009, 0.009, 0, 0.01, 0.006, 0.007
Node_Pate25_Pate28_0, 0.005, 0, 0.016, 0.015, 0.005, 0, 0.005, 0.002, 0.011
Node_Pate25_Pate32_0, 0.011, 0, 0.02, 0.018, 0.011, 0, 0.011, 0.007, 0.008
Node_Pate26_Pate12_0, 0.007, 0, 0.019, 0.025, 0.007, 0, 0.007, 0.003, 0.015
Node_Pate40_Pate24_0, 0.012, 0, 0.01, 0.015, 0.012, 0, 0.012, 0.007, 0.009
Node_Pate40_Pate55_0, 0.001, 0, 0.015, 0.009, 0.001, 0, 0.001, 0.001, 0.004
Node_Pate40_Pate7_0, 0.013, 0, 0.011, 0.01, 0.013, 0, 0.013, 0.009, 0.007
Node_Pate43_Pate22_0, 0.008, 0, 0.014, 0.015, 0.008, 0, 0.008, 0.006, 0.004
Node_Pate43_Pate3_0, 0.003, 0, 0.009, 0.011, 0.003, 0, 0.003, 0.002, 0.004
Node_Pate43_Pate44_0, 0.006, 0, 0.007, 0.01, 0.006, 0, 0.006, 0.002, 0.01
Node_Pate43_Pate45_0, 0.018, 0, 0.024, 0.019, 0.018, 0, 0.018, 0.016, 0.006
Node_Pate43_Pate57_0, 0.007, 0, 0.015, 0.021, 0.007, 0, 0.007, 0.001, 0.016
Node_Pate44_Pate10_0, 0.006, 0, 0.012, 0.011, 0.006, 0, 0.006, 0.002, 0.013
Node_Pate44_Pate52_0, 0.005, 0, 0.015, 0.015, 0.005, 0, 0.005, 0.001, 0.014
Node_Pate45_Pate11_0, 0.009, 0, 0.018, 0.016, 0.009, 0, 0.009, 0.005, 0.011
Node_Pate45_Pate21_0, 0.016, 0, 0.009, 0.008, 0.016, 0, 0.016, 0.01, 0.007
Node_Pate46_Pate25_0, 0.023, 0, 0.054, 0.039, 0.023, 0, 0.023, 0.021, 0.003
Node_Pate48_Chlo30_0, 0.851, 0.013, 0.066, 0.29, 0.659, 0, 0.851, 0.691, 0.143
Node_Pate48_Pate1_0, 0.006, 0, 0.009, 0.009, 0.006, 0, 0.006, 0.002, 0.009
Node_Pate48_Pate23_0, 0.166, 0.001, 0.689, 0.222, 0.157, 0, 0.166, 0.163, 0.003
Node_Pate48_Pate30_0, 0.009, 0, 0.018, 0.012, 0.009, 0, 0.009, 0.003, 0.01
Node_Pate48_Pate40_0, 0.017, 0, 0.025, 0.019, 0.017, 0, 0.017, 0.012, 0.006
Node_Pate48_Pate43_0, 0.036, 0, 0.049, 0.039, 0.035, 0, 0.036, 0.028, 0.011
Node_Pate48_Pate46_0, 0.074, 0, 0.098, 0.095, 0.074, 0, 0.074, 0.071, 0.006
Node_Pate48_Pate49_0, 0.007, 0, 0.005, 0.005, 0.007, 0, 0.007, 0.004, 0.006
Node_Pate48_Pate51_0, 0.005, 0, 0.015, 0.016, 0.005, 0, 0.005, 0.001, 0.013
Node_Pate48_Pate56_0, 0.006, 0, 0.009, 0.006, 0.006, 0, 0.006, 0.002, 0.006
Node_Pate49_Pate41_0, 0.006, 0, 0.018, 0.015, 0.006, 0, 0.006, 0.002, 0.017
Node_Pate51_Pate27_0, 0.247, 0, 0.015, 0.077, 0.246, 0, 0.247, 0.021, 0.236
Node_Pate51_Pate33_0, 0.006, 0, 0.014, 0.021, 0.006, 0, 0.006, 0.001, 0.015
Node_Pate51_Pate53_0, 0.026, 0, 0.014, 0.021, 0.026, 0, 0.026, 0.001, 0.034
Node_Pate54_Pate31_0, 0.003, 0, 0.02, 0.022, 0.003, 0, 0.003, 0.002, 0.012
Node_Pate9_Pate36_0, 0.005, 0, 0.01, 0.009, 0.005, 0, 0.005, 0, 0.01
Node_Plan17_Plan23_0, 0.006, 0, 0.024, 0.025, 0.006, 0, 0.006, 0, 0.019
Node_Plan22_Plan2_0, 0.734, 0.001, 0.78, 0.052, 0.729, 0, 0.734, 0.636, 0.108
Node_Plan22_Plan4_0, 1.405, 0.001, 0.13, 0.081, 0.91, 0, 1.405, 1.34, 0.074
Node_Plan26_Plan21_0, 1.139, 0.001, 0.425, 0.308, 0.977, 0, 1.139, 0.966, 0.175
Node_Plan26_Plan5_0, 0.774, 0.001, 0.416, 0.375, 0.752, 0, 0.774, 0.726, 0.05
Node_Plan30_Plan14_0, 1.115, 0, 0.034, 0.228, 0.822, 0, 1.115, 0.773, 0.348
Node_Plan31_Plan17_0, 0.011, 0, 0.029, 0.024, 0.011, 0, 0.011, 0.008, 0.014
Node_Plan31_Plan18_0, 0.207, 0, 1.204, 0.401, 0.195, 0, 0.207, 0.206, 0.004
Node_Plan31_Plan27_0, 0.026, 0, 0.036, 0.024, 0.026, 0, 0.026, 0.02, 0.008
Node_Plan31_Plan39_0, 0.054, 0, 0.159, 0.136, 0.054, 0, 0.054, 0.051, 0.006
Node_Plan32_Plan12_0, 0.021, 0, 0.102, 0.072, 0.021, 0, 0.021, 0.017, 0.016
Node_Plan32_Plan22_0, 1.46, 0.002, 0.284, 0.202, 0.909, 0, 1.46, 1.106, 0.354
Node_Plan32_Plan26_0, 1.388, 0.041, 0.497, 0.44, 0.905, 0, 1.388, 1.014, 0.32
Node_Plan32_Plan30_0, 0.801, 0.001, 0.793, 0.201, 0.698, 0, 0.801, 0.684, 0.133
Node_Plan32_Plan3_0, 0.107, 0, 0.711, 0.131, 0.104, 0, 0.107, 0.096, 0.017
Node_Plan33_Plan44_0, 0.104, 0, 0.739, 0.334, 0.102, 0, 0.104, 0.101, 0.012
Node_Plan42_Plan40_0, 1.008, 0.001, 0.231, 0.079, 1, 0, 1.008, 0.992, 0.02
Node_Plan43_Plan16_0, 1.095, 0.017, 0.108, 0.933, 0.99, 0, 1.095, 0.716, 0.355
Node_Plan43_Plan31_0, 1.407, 0.012, 0.046, 0.547, 0.885, 0, 1.407, 1.34, 0.053
Node_Plan43_Plan32_0, 1.524, 0.017, 0.029, 0.561, 0.913, 0, 1.524, 1.365, 0.129
Node_Plan43_Plan33_0, 0.831, 0.015, 0.758, 0.723, 0.735, 0, 0.831, 0.762, 0.05
Node_Plan43_Plan42_0, 1.218, 0, 0.037, 0.039, 0.995, 0, 1.218, 1.065, 0.16
Node_Plan43_Plan7_0, 1.388, 0.008, 0.262, 0.613, 0.891, 0, 1.388, 1.363, 0.012
Node_Plan43_Verr11_0, 1.63, 0.026, 0.335, 0.41, 0.943, 0, 1.63, 1.551, 0.036
Node_Pori1_Pori2_0, 1.042, 0.007, 0.344, 0.708, 1, 0, 1.042, 0.343, 0.701
Node_ProtA11_ProtA32_0, 1.015, 0.003, 0.038, 0.131, 0.999, 0, 1.015, 0.996, 0.027
Node_ProtA12_ProtA44_0, 0.005, 0, 0.027, 0.016, 0.005, 0, 0.005, 0.003, 0.01
Node_ProtA12_ProtA54_0, 0.007, 0, 0.015, 0.019, 0.007, 0, 0.007, 0, 0.017
Node_ProtA13_ProtA24_0, 0.304, 0, 0.036, 0.081, 0.302, 0, 0.304, 0.039, 0.274
Node_ProtA13_ProtA61_0, 0.024, 0, 0.292, 0.069, 0.024, 0, 0.024, 0.02, 0.012
Node_ProtA13_ProtA77_0, 0.245, 0, 0.177, 0.1, 0.24, 0, 0.245, 0.229, 0.024
Node_ProtA13_ProtA7_0, 0.066, 0, 0.221, 0.074, 0.066, 0, 0.066, 0.032, 0.042
Node_ProtA15_ProtA42_0, 0.599, 0.001, 0.024, 0.148, 0.597, 0, 0.599, 0.545, 0.061
Node_ProtA15_ProtA70_0, 0.561, 0, 0.255, 0.147, 0.554, 0, 0.561, 0.547, 0.02
Node_ProtA16_ProtA33_0, 0.02, 0, 0.082, 0.026, 0.02, 0, 0.02, 0.017, 0.006
Node_ProtA16_ProtA66_0, 0.023, 0, 0.025, 0.031, 0.023, 0, 0.023, 0.008, 0.028
Node_ProtA16_ProtA69_0, 0.708, 0, 0.248, 0.069, 0.677, 0, 0.708, 0.654, 0.06
Node_ProtA16_ProtA8_0, 0.096, 0.001, 0.684, 0.053, 0.095, 0, 0.096, 0.034, 0.071
Node_ProtA18_ProtA10_0, 0.635, 0.003, 0.117, 0.161, 0.602, 0, 0.635, 0.55, 0.094
Node_ProtA18_ProtA19_0, 1.878, 0.425, 0.04, 0.481, 0.999, 0, 1.878, 1.082, 0.112
Node_ProtA18_ProtA29_0, 0.655, 0.001, 0.826, 0.433, 0.583, 0, 0.655, 0.64, 0.017
Node_ProtA18_ProtA53_0, 1.463, 0.006, 0.441, 0.464, 0.889, 0, 1.463, 1.44, 0.02
Node_ProtA19_ProtA14_0, 1.72, 0, 0.742, 0.129, 0.999, 0, 1.72, 1.699, 0.028
Node_ProtA19_ProtA20_0, 2.09, 0.017, 0.061, 0.401, 1, 0, 2.09, 1.813, 0.256
Node_ProtA19_ProtA3_0, 1.747, 0.001, 0.028, 0.087, 0.999, 0, 1.747, 1.697, 0.054
Node_ProtA19_ProtA46_0, 1.02, 0.009, 0.028, 0.06, 0.997, 0, 1.02, 0.708, 0.313
Node_ProtA19_ProtA49_0, 1.023, 0, 0.022, 0.019, 0.996, 0, 1.023, 1.006, 0.025
Node_ProtA19_ProtA56_0, 2.266, 0.016, 0.019, 0.215, 1, 0, 2.266, 2.062, 0.179
Node_ProtA19_ProtA68_0, 0.813, 0.003, 1.055, 0.106, 0.705, 0, 0.813, 0.711, 0.118
Node_ProtA19_ProtA74_0, 0.726, 0, 0.153, 0.065, 0.712, 0, 0.726, 0.671, 0.066
Node_ProtA19_ProtA75_0, 2.434, 0.025, 0.102, 0.118, 1, 0, 2.434, 2.146, 0.245
Node_ProtA20_ProtA11_0, 1.023, 0.004, 1.081, 0.191, 0.992, 0, 1.023, 1.012, 0.01
Node_ProtA20_ProtA5_0, 0.066, 0, 0.963, 0.174, 0.066, 0, 0.066, 0.066, 0.006
Node_ProtA26_ProtA37_0, 0.005, 0, 0.027, 0.026, 0.005, 0, 0.005, 0.003, 0.009
Node_ProtA26_ProtA45_0, 0.023, 0, 0.169, 0.075, 0.023, 0, 0.023, 0.021, 0.006
Node_ProtA27_ProtA21_0, 0.021, 0, 0.119, 0.065, 0.021, 0, 0.021, 0.018, 0.011
Node_ProtA30_ProtA35_0, 0.007, 0, 0.047, 0.026, 0.007, 0, 0.007, 0.006, 0.007
Node_ProtA34_Acid38_0, 1.228, 0.012, 0.297, 0.72, 0.967, 0, 1.228, 1.178, 0.03
Node_ProtA34_Chry1_0, 1.483, 0.042, 0.401, 0.756, 0.973, 0, 1.483, 1.387, 0.02
Node_ProtA34_DesuB4_0, 1.354, 0.001, 0.04, 0.279, 0.999, 0, 1.354, 1.206, 0.149
Node_ProtA34_DesuC2_0, 1.361, 0.008, 0.036, 0.254, 0.997, 0, 1.361, 1.311, 0.035
Node_ProtA34_J088X1_0, 0.659, 0.006, 0.837, 0.241, 0.543, 0, 0.659, 0.519, 0.129
Node_ProtA34_Nitr14_0, 1.194, 0.016, 0.114, 0.703, 0.978, 0, 1.194, 1.101, 0.064
Node_ProtA34_ProtA13_0, 0.398, 0, 0.548, 0.078, 0.381, 0, 0.398, 0.356, 0.05
Node_ProtA34_ProtA16_0, 0.896, 0, 0.287, 0.098, 0.746, 0, 0.896, 0.857, 0.048
Node_ProtA34_ProtA18_0, 1.381, 0.35, 0.015, 0.655, 0.948, 0, 1.381, 0.321, 0.578
Node_ProtA34_ProtA26_0, 0.186, 0.001, 0.009, 0.106, 0.182, 0, 0.186, 0.069, 0.118
Node_ProtA34_ProtA38_0, 1.135, 0.01, 0.304, 0.233, 0.912, 0, 1.135, 1.074, 0.048
Node_ProtA34_ProtA39_0, 0.468, 0.018, 0.02, 0.241, 0.444, 0, 0.468, 0.17, 0.284
Node_ProtA34_ProtA40_0, 0.427, 0.001, 0.032, 0.068, 0.396, 0, 0.427, 0.373, 0.06
Node_ProtA34_ProtA43_0, 0.201, 0, 0.364, 0.075, 0.198, 0, 0.201, 0.072, 0.138
Node_ProtA34_ProtA9_0, 0.076, 0, 0.026, 0.051, 0.075, 0, 0.076, 0.036, 0.042
Node_ProtA34_ProtG30_0, 0.305, 0, 0.449, 0.143, 0.284, 0, 0.305, 0.21, 0.095
Node_ProtA34_ProtM1_0, 0.086, 0.001, 0.227, 0.095, 0.085, 0, 0.086, 0.077, 0.007
Node_ProtA34_SAR3X2_0, 1.194, 0.014, 0.044, 0.656, 0.978, 0, 1.194, 1.145, 0.03
Node_ProtA34_SM23X1_0, 1.822, 0.092, 0.06, 0.805, 0.984, 0.021, 1.822, 1.628, 0.023
Node_ProtA34_Spir10_0, 1.746, 0.352, 0.016, 0.734, 0.963, 0.182, 1.746, 1.08, 0.018
Node_ProtA34_UBA2X1_0, 1.244, 0.011, 0.032, 0.611, 0.998, 0, 1.244, 1.158, 0.071
Node_ProtA34_Wall1_0, 1.21, 0.429, 0.001, 0.822, 0.782, 0.782, 1.21, 0.41, 0
Node_ProtA34_mitoFungi_0, 0.06, 0, 0.053, 0.055, 0.059, 0, 0.06, 0.04, 0.027
Node_ProtA38_ProtA15_0, 0.796, 0.005, 0.444, 0.593, 0.688, 0, 0.796, 0.697, 0.1
Node_ProtA38_ProtA41_0, 0.847, 0, 0.226, 0.068, 0.718, 0, 0.847, 0.62, 0.239
Node_ProtA38_ProtA64_0, 0.834, 0, 0.054, 0.053, 0.685, 0, 0.834, 0.749, 0.092
Node_ProtA39_ProtA12_0, 0.022, 0, 0.034, 0.028, 0.022, 0, 0.022, 0.018, 0.009
Node_ProtA39_ProtA27_0, 0.129, 0, 0.352, 0.191, 0.129, 0, 0.129, 0.122, 0.013
Node_ProtA39_ProtA30_0, 0.047, 0, 0.093, 0.08, 0.047, 0, 0.047, 0.04, 0.011
Node_ProtA39_ProtA36_0, 0.004, 0, 0.026, 0.023, 0.004, 0, 0.004, 0.003, 0.008
Node_ProtA3_ProtA72_0, 1.035, 0, 0.482, 0.086, 1, 0, 1.035, 1.032, 0.018
Node_ProtA3_ProtA76_0, 1.499, 0.002, 0.3, 0.13, 1, 0, 1.499, 1.454, 0.05
Node_ProtA40_ProtA67_0, 0.459, 0, 0.071, 0.077, 0.454, 0, 0.459, 0.362, 0.103
Node_ProtA46_ProtA55_0, 1.022, 0.007, 0.031, 0.033, 0.998, 0, 1.022, 0.993, 0.026
Node_ProtA47_ProtA63_0, 0.883, 0, 0.234, 0.148, 0.694, 0, 0.883, 0.661, 0.233
Node_ProtA53_ProtA58_0, 1.043, 0.002, 0.479, 0.468, 0.771, 0, 1.043, 0.987, 0.057
Node_ProtA56_ProtA52_0, 1.762, 0.001, 0.55, 0.101, 0.971, 0, 1.762, 1.722, 0.045
Node_ProtA68_ProtA2_0, 0.437, 0.001, 0.675, 0.173, 0.387, 0, 0.437, 0.15, 0.298
Node_ProtA69_ProtA50_0, 0.905, 0.001, 0.047, 0.039, 0.872, 0, 0.905, 0.668, 0.243
Node_ProtA70_ProtA57_0, 0.038, 0, 0.537, 0.13, 0.037, 0, 0.038, 0.031, 0.014
Node_ProtA76_ProtA47_0, 0.884, 0.021, 1.008, 0.294, 0.657, 0, 0.884, 0.566, 0.301
Node_ProtA76_ProtA48_0, 1.57, 0.002, 0.049, 0.128, 0.996, 0, 1.57, 1.453, 0.118
Node_ProtA76_ProtA62_0, 1.094, 0.005, 0.426, 0.365, 0.988, 0, 1.094, 0.469, 0.631
Node_ProtA76_ProtA71_0, 1.077, 0, 0.224, 0.065, 0.886, 0, 1.077, 0.883, 0.207
Node_ProtA77_ProtA31_0, 0.251, 0, 0.036, 0.063, 0.25, 0, 0.251, 0.221, 0.042
Node_ProtA77_ProtA51_0, 0.412, 0.001, 0.022, 0.135, 0.411, 0, 0.412, 0.245, 0.182
Node_ProtA9_ProtA60_0, 0.009, 0, 0.072, 0.042, 0.009, 0, 0.009, 0.008, 0.005
Node_ProtG12_ProtG5_0, 1.008, 0.001, 0.034, 0.049, 1, 0, 1.008, 0.901, 0.116
Node_ProtG16_ProtG17_0, 0.074, 0, 0.345, 0.174, 0.073, 0, 0.074, 0.067, 0.018
Node_ProtG18_ProtG10_0, 1.07, 0, 0.011, 0.028, 0.905, 0, 1.07, 0.912, 0.163
Node_ProtG18_ProtG12_0, 0.925, 0, 0.191, 0.048, 0.902, 0, 0.925, 0.892, 0.046
Node_ProtG18_ProtG14_0, 0.918, 0, 0.06, 0.034, 0.884, 0, 0.918, 0.881, 0.043
Node_ProtG18_ProtG21_0, 0.011, 0, 0.925, 0.026, 0.011, 0, 0.011, 0.005, 0.011
Node_ProtG24_ProtG18_0, 0.935, 0, 0.673, 0.034, 0.911, 0, 0.935, 0.462, 0.481
Node_ProtG25_ProtG9_0, 0.979, 0.002, 0.191, 0.238, 0.755, 0, 0.979, 0.684, 0.302
Node_ProtG29_ProtG76_0, 0.006, 0, 0.02, 0.021, 0.006, 0, 0.006, 0.002, 0.012
Node_ProtG30_ProtG19_0, 0.004, 0, 0.015, 0.013, 0.004, 0, 0.004, 0.002, 0.009
Node_ProtG30_ProtG31_0, 0.872, 0.004, 0.322, 0.247, 0.708, 0, 0.872, 0.734, 0.139
Node_ProtG30_ProtG34_0, 0.113, 0, 0.771, 0.2, 0.109, 0, 0.113, 0.105, 0.012
Node_ProtG30_ProtG35_0, 0.048, 0, 0.079, 0.046, 0.047, 0, 0.048, 0.039, 0.014
Node_ProtG30_ProtG39_0, 0.01, 0, 0.198, 0.014, 0.01, 0, 0.01, 0.002, 0.015
Node_ProtG30_ProtG42_0, 0.977, 0.002, 0.118, 0.215, 0.868, 0, 0.977, 0.863, 0.117
Node_ProtG30_ProtG49_0, 0.029, 0, 0.049, 0.03, 0.028, 0, 0.029, 0.01, 0.029
Node_ProtG30_ProtG50_0, 1.051, 0.01, 0.073, 0.257, 0.927, 0, 1.051, 0.903, 0.137
Node_ProtG30_ProtG64_0, 0.193, 0, 0.012, 0.012, 0.193, 0, 0.193, 0.04, 0.157
Node_ProtG30_ProtG71_0, 0.721, 0.003, 0.084, 0.144, 0.702, 0, 0.721, 0.696, 0.023
Node_ProtG30_ProtG80_0, 0.81, 0.029, 0.011, 0.171, 0.757, 0, 0.81, 0.689, 0.071
Node_ProtG30_ProtG84_0, 0.049, 0, 0.029, 0.028, 0.047, 0, 0.049, 0.027, 0.03
Node_ProtG30_ProtG85_0, 0.976, 0.004, 0.015, 0.167, 0.892, 0, 0.976, 0.796, 0.177
Node_ProtG30_ProtG87_0, 0.048, 0, 0.02, 0.016, 0.048, 0, 0.048, 0.015, 0.039
Node_ProtG30_ProtZ3_0, 0.779, 0.003, 0.059, 0.369, 0.739, 0, 0.779, 0.432, 0.347
Node_ProtG30_ProtZ5_0, 0.488, 0.013, 0.064, 0.157, 0.45, 0, 0.488, 0.243, 0.234
Node_ProtG31_ProtG16_0, 0.401, 0, 0.495, 0.289, 0.364, 0, 0.401, 0.241, 0.162
Node_ProtG31_ProtG32_0, 1.163, 0.009, 0.055, 0.317, 0.802, 0, 1.163, 0.821, 0.337
Node_ProtG31_ProtG36_0, 1.246, 0.018, 0.502, 0.353, 0.947, 0, 1.246, 0.483, 0.746
Node_ProtG31_ProtG44_0, 0.915, 0.005, 0.106, 0.265, 0.892, 0, 0.915, 0.299, 0.615
Node_ProtG31_ProtG45_0, 0.984, 0.006, 0.584, 0.304, 0.714, 0, 0.984, 0.587, 0.399
Node_ProtG31_ProtG47_0, 0.734, 0, 0.362, 0.142, 0.646, 0, 0.734, 0.659, 0.081
Node_ProtG31_ProtG61_0, 1.015, 0, 0.269, 0.095, 0.923, 0, 1.015, 0.987, 0.038
Node_ProtG32_ProtG26_0, 1.952, 0, 0.023, 0.012, 1, 0, 1.952, 1.941, 0.015
Node_ProtG32_ProtG33_0, 1.204, 0, 0.248, 0.36, 0.874, 0, 1.204, 0.924, 0.289
Node_ProtG32_ProtG37_0, 1.286, 0.006, 0.233, 0.662, 0.902, 0, 1.286, 0.977, 0.309
Node_ProtG32_ProtG43_0, 1.96, 0.003, 0.108, 0.508, 1, 0, 1.96, 1.189, 0.779
Node_ProtG33_ProtG48_0, 0.538, 0.001, 0.825, 0.096, 0.512, 0, 0.538, 0.312, 0.229
Node_ProtG33_ProtG67_0, 1.133, 0.004, 0.173, 0.144, 0.865, 0, 1.133, 1.033, 0.098
Node_ProtG33_ProtG7_0, 0.535, 0, 0.142, 0.125, 0.532, 0, 0.535, 0.407, 0.139
Node_ProtG35_ProtG81_0, 0.007, 0, 0.049, 0.025, 0.007, 0, 0.007, 0.003, 0.008
Node_ProtG36_ProtG20_0, 1.18, 0.003, 0.096, 0.197, 0.979, 0, 1.18, 0.996, 0.19
Node_ProtG36_ProtG24_0, 1.127, 0.001, 0.194, 0.055, 0.945, 0, 1.127, 1.024, 0.105
Node_ProtG36_ProtG38_0, 1.215, 0.008, 0.112, 0.382, 0.964, 0, 1.215, 1.132, 0.073
Node_ProtG36_ProtG65_0, 1.083, 0.004, 0.136, 0.193, 0.945, 0, 1.083, 0.998, 0.088
Node_ProtG37_ProtG41_0, 0.1, 0, 0.029, 0.037, 0.099, 0, 0.1, 0.049, 0.064
Node_ProtG37_ProtG51_0, 0.005, 0, 0.111, 0.039, 0.005, 0, 0.005, 0.003, 0.016
Node_ProtG37_ProtG53_0, 0.156, 0, 1.143, 0.271, 0.15, 0, 0.156, 0.149, 0.013
Node_ProtG37_ProtG8_0, 0.065, 0, 0.105, 0.066, 0.065, 0, 0.065, 0.055, 0.014
Node_ProtG38_ProtG28_0, 1.113, 0.001, 0.133, 0.14, 0.954, 0, 1.113, 1.086, 0.03
Node_ProtG38_ProtG46_0, 0.333, 0, 0.927, 0.127, 0.323, 0, 0.333, 0.195, 0.147
Node_ProtG39_ProtG15_0, 0.004, 0, 0.018, 0.018, 0.004, 0, 0.004, 0.001, 0.012
Node_ProtG41_ProtG40_0, 0.251, 0, 0.025, 0.057, 0.249, 0, 0.251, 0.091, 0.176
Node_ProtG42_ProtG74_0, 0.213, 0.001, 0.824, 0.313, 0.196, 0, 0.213, 0.156, 0.059
Node_ProtG43_ProtG55_0, 1.959, 0.002, 0.028, 0.283, 1, 0, 1.959, 1.941, 0.025
Node_ProtG44_ProtG22_0, 0.909, 0.002, 0.046, 0.163, 0.9, 0, 0.909, 0.876, 0.038
Node_ProtG45_ProtG66_0, 0.958, 0.009, 0.308, 0.479, 0.822, 0, 0.958, 0.676, 0.273
Node_ProtG45_ProtG75_0, 0.827, 0.006, 0.249, 0.704, 0.69, 0, 0.827, 0.712, 0.112
Node_ProtG47_ProtG62_0, 0.652, 0.001, 0.134, 0.119, 0.632, 0, 0.652, 0.606, 0.051
Node_ProtG48_ProtG1_0, 0.597, 0.001, 0.049, 0.11, 0.551, 0, 0.597, 0.501, 0.107
Node_ProtG48_ProtG25_0, 0.866, 0.001, 0.013, 0.166, 0.733, 0, 0.866, 0.587, 0.281
Node_ProtG48_ProtG6_0, 0.838, 0.003, 0.335, 0.354, 0.663, 0, 0.838, 0.539, 0.304
Node_ProtG49_ProtG29_0, 0.014, 0, 0.03, 0.013, 0.014, 0, 0.014, 0.005, 0.015
Node_ProtG53_ProtG27_0, 0.019, 0, 0.151, 0.061, 0.019, 0, 0.019, 0.016, 0.014
Node_ProtG53_ProtG70_0, 0.009, 0, 0.027, 0.025, 0.009, 0, 0.009, 0.006, 0.017
Node_ProtG58_ProtG59_0, 1.055, 0.004, 0.524, 0.174, 0.998, 0, 1.055, 0.591, 0.47
Node_ProtG59_ProtG73_0, 1.005, 0, 0.073, 0.025, 1, 0, 1.005, 0.993, 0.023
Node_ProtG61_ProtG60_0, 0.005, 0, 0.022, 0.021, 0.005, 0, 0.005, 0.001, 0.017
Node_ProtG61_ProtG72_0, 0.934, 0, 0.109, 0.058, 0.917, 0, 0.934, 0.912, 0.028
Node_ProtG61_ProtG78_0, 0.01, 0, 0.935, 0.03, 0.01, 0, 0.01, 0.005, 0.011
Node_ProtG62_ProtG77_0, 0.061, 0, 0.601, 0.244, 0.061, 0, 0.061, 0.059, 0.01
Node_ProtG65_ProtG69_0, 0.273, 0, 0.978, 0.203, 0.263, 0, 0.273, 0.11, 0.168
Node_ProtG66_ProtG68_0, 0.983, 0, 0.178, 0.447, 0.936, 0, 0.983, 0.79, 0.203
Node_ProtG67_ProtG63_0, 1.152, 0, 0.304, 0.136, 0.999, 0, 1.152, 0.846, 0.323
Node_ProtG80_ProtG57_0, 0.522, 0.001, 0.369, 0.268, 0.515, 0, 0.522, 0.45, 0.08
Node_ProtG81_ProtG79_0, 0.002, 0, 0.01, 0.006, 0.002, 0, 0.002, 0.001, 0.005
Node_ProtG83_ProtG52_0, 1.124, 0.001, 0.029, 0.054, 0.96, 0, 1.124, 0.988, 0.147
Node_ProtG83_ProtG89_0, 1.005, 0.002, 0.06, 0.087, 0.947, 0, 1.005, 0.237, 0.77
Node_ProtG84_ProtG11_0, 0.252, 0, 0.228, 0.097, 0.25, 0, 0.252, 0.075, 0.187
Node_ProtG84_ProtG83_0, 0.293, 0, 0.019, 0.042, 0.277, 0, 0.293, 0.087, 0.217
Node_ProtG84_ProtG90_0, 0.095, 0.001, 0.023, 0.033, 0.094, 0, 0.095, 0.028, 0.068
Node_ProtG85_ProtG56_0, 0.676, 0, 0.507, 0.124, 0.625, 0, 0.676, 0.535, 0.153
Node_ProtG85_ProtG58_0, 1.105, 0.015, 0.226, 0.261, 0.847, 0, 1.105, 0.757, 0.34
Node_ProtG85_ProtG86_0, 0.3, 0, 0.492, 0.114, 0.278, 0, 0.3, 0.197, 0.116
Node_ProtG85_ProtG88_0, 1.03, 0.001, 0.117, 0.134, 0.806, 0, 1.03, 0.996, 0.041
Node_ProtG85_ProtG91_0, 0.303, 0, 0.214, 0.115, 0.292, 0, 0.303, 0.098, 0.217
Node_ProtG86_ProtG82_0, 0.329, 0, 0.138, 0.121, 0.325, 0, 0.329, 0.172, 0.167
Node_ProtG87_ProtG3_0, 0.004, 0, 0.013, 0.014, 0.004, 0, 0.004, 0, 0.011
Node_ProtG87_ProtG4_0, 0.006, 0, 0.052, 0.017, 0.006, 0, 0.006, 0.002, 0.01
Node_ProtG89_ProtG13_0, 0.965, 0, 0.069, 0.027, 0.96, 0, 0.965, 0.946, 0.029
Node_ProtG90_ProtG54_0, 0.004, 0, 0.104, 0.03, 0.004, 0, 0.004, 0.002, 0.013
Node_ProtM1_ProtM2_0, 0.011, 0, 0.026, 0.028, 0.011, 0, 0.011, 0.007, 0.017
Node_ProtM1_ProtM3_0, 0.02, 0, 0.08, 0.043, 0.02, 0, 0.02, 0.014, 0.014
Node_ProtZ1_ProtZ4_0, 1.65, 0.002, 0.019, 0.017, 1, 0, 1.65, 1.466, 0.192
Node_ProtZ3_ProtZ1_0, 1.475, 0.34, 0.029, 0.055, 0.999, 0, 1.475, 0.644, 0.256
Node_ProtZ3_ProtZ2_0, 0.908, 0.093, 0.065, 0.115, 0.798, 0, 0.908, 0.65, 0.101
Node_SAR3X2_BMS3X1_0, 0.194, 0, 1.006, 0.385, 0.185, 0, 0.194, 0.189, 0.006
Node_SAR3X2_SAR3X1_0, 0.096, 0, 0.159, 0.136, 0.095, 0, 0.096, 0.043, 0.061
Node_SM23X1_AABM5X1_0, 0.008, 0, 0.031, 0.019, 0.008, 0, 0.008, 0.007, 0.006
Node_SM23X1_Aero1_0, 1.568, 0.217, 0.529, 1.218, 0.911, 0, 1.568, 1.093, 0.058
Node_SM23X1_Bact27_0, 0.033, 0.001, 0.019, 0.024, 0.032, 0, 0.033, 0.019, 0.017
Node_SM23X1_Caldit2_0, 0.01, 0, 0.01, 0.01, 0.01, 0, 0.01, 0.004, 0.012
Node_SM23X1_Fibr4_0, 0.034, 0, 0.019, 0.021, 0.033, 0, 0.034, 0.023, 0.012
Node_SM23X1_Hydr2_0, 1.621, 0.173, 0.239, 1.404, 0.901, 0, 1.621, 1.175, 0.119
Node_SM23X1_KSB1X2_0, 0.007, 0, 0.013, 0.018, 0.007, 0, 0.007, 0.003, 0.01
Node_SM23X1_KSB1X3_0, 0.01, 0, 0.013, 0.015, 0.01, 0, 0.01, 0.002, 0.016
Node_SM23X1_P4572X1_0, 0.047, 0, 0.057, 0.05, 0.047, 0, 0.047, 0.042, 0.006
Node_SM23X1_Pori1_0, 0.678, 0.004, 0.952, 0.973, 0.551, 0, 0.678, 0.669, 0.005
Node_SM23X1_RBG1_0, 0.225, 0, 0.455, 0.349, 0.214, 0, 0.225, 0.225, 0.002
Node_SM23X1_TA06X1_0, 0.098, 0.001, 0.134, 0.115, 0.095, 0, 0.098, 0.092, 0.006
Node_SM23X1_Zixi5_0, 0.041, 0.001, 0.023, 0.028, 0.04, 0, 0.041, 0.025, 0.016
Node_Spir10_Lind1_0, 1.441, 0.03, 0.357, 1.016, 0.888, 0, 1.441, 1.368, 0.022
Node_Spir10_Spir11_0, 0.413, 0.002, 0.433, 0.379, 0.386, 0, 0.413, 0.406, 0.006
Node_Spir10_Spir12_0, 0.338, 0.001, 0.088, 0.214, 0.331, 0, 0.338, 0.33, 0.012
Node_Spir10_Spir13_0, 0.136, 0, 0.288, 0.186, 0.131, 0, 0.136, 0.088, 0.055
Node_Spir10_Spir15_0, 0.838, 0.022, 0.684, 0.81, 0.628, 0, 0.838, 0.743, 0.059
Node_Spir10_Spir3_0, 0.025, 0, 0.127, 0.081, 0.025, 0, 0.025, 0.02, 0.016
Node_Spir10_Spir8_0, 0.369, 0.001, 0.028, 0.199, 0.364, 0, 0.369, 0.314, 0.058
Node_Spir13_Spir2_0, 0.247, 0, 0.088, 0.109, 0.242, 0, 0.247, 0.059, 0.199
Node_Spir15_Spir4_0, 0.733, 0, 0.164, 0.484, 0.573, 0, 0.733, 0.68, 0.059
Node_Spir15_Spir9_0, 0.451, 0.004, 0.459, 0.333, 0.389, 0, 0.451, 0.281, 0.173
Node_Sume1_OLB1X1_0, 1.02, 0.003, 0.828, 1.201, 0.975, 0, 1.02, 0.969, 0.05
Node_Sume1_UBP4X1_0, 0.987, 0, 0.042, 0.037, 0.972, 0, 0.987, 0.985, 0.009
Node_Syne1_Calda2_0, 0.102, 0, 0.262, 0.197, 0.099, 0, 0.102, 0.102, 0.002
Node_Syne1_Cyan40_0, 0.956, 0.011, 0.058, 0.33, 0.694, 0.008, 0.956, 0.933, 0.002
Node_Syne1_Dein5_0, 0.362, 0.002, 0.602, 0.403, 0.328, 0, 0.362, 0.354, 0.006
Node_Syne1_Syne2_0, 0.008, 0, 0.012, 0.014, 0.008, 0, 0.008, 0.001, 0.015
Node_Syne1_Syne4_0, 0.011, 0.001, 0.031, 0.035, 0.011, 0, 0.011, 0.006, 0.01
Node_Syne1_Syne6_0, 0.008, 0, 0.012, 0.009, 0.008, 0, 0.008, 0.004, 0.009
Node_Syne1_Syne7_0, 0.005, 0, 0.008, 0.006, 0.005, 0, 0.005, 0.001, 0.005
Node_Syne1_Syne9_0, 0.031, 0, 0.073, 0.06, 0.031, 0, 0.031, 0.03, 0.002
Node_Syne2_Syne8_0, 0.01, 0, 0.012, 0.013, 0.01, 0, 0.01, 0.002, 0.014
Node_Syne4_Syne5_0, 0.003, 0, 0.013, 0.01, 0.003, 0, 0.003, 0.002, 0.005
Node_Syne7_Syne10_0, 0.01, 0, 0.013, 0.018, 0.01, 0, 0.01, 0.002, 0.018
Node_Syne8_Syne3_0, 0.01, 0, 0.022, 0.022, 0.01, 0, 0.01, 0.002, 0.022
Node_TA06X1_Cloa1_0, 0.022, 0, 0.079, 0.046, 0.022, 0, 0.022, 0.022, 0.003
Node_TA06X1_Edwa1_0, 0.01, 0, 0.016, 0.019, 0.01, 0, 0.01, 0.009, 0.004
Node_TA06X1_WOR1_0, 0.009, 0, 0.007, 0.006, 0.009, 0, 0.009, 0.005, 0.006
Node_Therd1_Dict1_0, 0.055, 0, 0.436, 0.195, 0.053, 0, 0.055, 0.054, 0.001
Node_Therg2_Therg4_0, 0.006, 0, 0.039, 0.032, 0.006, 0, 0.006, 0.001, 0.024
Node_Therg3_Therg5_0, 0.001, 0, 0.015, 0.013, 0.001, 0, 0.001, 0.001, 0.009
Node_Therg8_Therg2_0, 0.021, 0, 0.112, 0.034, 0.021, 0, 0.021, 0.018, 0.008
Node_Therg8_Therg3_0, 0.007, 0, 0.027, 0.03, 0.007, 0, 0.007, 0.006, 0.013
Node_Therg8_Therg6_0, 0.006, 0, 0.013, 0.011, 0.006, 0, 0.006, 0.003, 0.012
Node_Thers1_Desua45_0, 0.013, 0, 0.066, 0.036, 0.013, 0, 0.013, 0.013, 0.005
Node_UBA1X2_UBA1X3_0, 1.005, 0, 0.012, 0.009, 0.998, 0, 1.005, 1.002, 0.008
Node_UBA1X2_UBA1X5_0, 0.006, 0, 1.01, 0.016, 0.006, 0, 0.006, 0.002, 0.011
Node_UBA1X5_UBA1X4_0, 0.006, 0, 0.01, 0.009, 0.006, 0, 0.006, 0.001, 0.01
Node_UBA1X6_UBA1X1_0, 1.002, 0, 0.029, 0.031, 1, 0, 1.002, 0.999, 0.022
Node_UBA1X6_UBA1X2_0, 1.009, 0.007, 0.038, 0.374, 0.998, 0, 1.009, 0.652, 0.356
Node_UBA2X1_DesuD2_0, 1.164, 0.001, 0.08, 0.133, 0.96, 0, 1.164, 1.03, 0.134
Node_UBA2X1_Desua22_0, 1.109, 0.001, 0.184, 0.168, 0.966, 0, 1.109, 1.061, 0.048
Node_UBA2X1_Desua28_0, 0.908, 0, 0.283, 0.125, 0.902, 0, 0.908, 0.882, 0.027
Node_UBA2X1_SZUA2_0, 0.057, 0, 0.866, 0.135, 0.057, 0, 0.057, 0.048, 0.015
Node_UBA6X1_Desa1_0, 0.079, 0.001, 0.215, 0.126, 0.076, 0, 0.079, 0.073, 0.006
Node_UBA6X1_Elus1_0, 0.041, 0, 0.046, 0.038, 0.04, 0, 0.041, 0.037, 0.008
Node_UBA6X1_Gold1_0, 0.287, 0.002, 0.264, 0.277, 0.262, 0, 0.287, 0.281, 0.005
Node_UBA9X1_UBA9X3_0, 0.048, 0, 0.116, 0.064, 0.047, 0, 0.048, 0.042, 0.01
Node_UBA9X3_UBA9X2_0, 0.018, 0, 0.039, 0.031, 0.018, 0, 0.018, 0.015, 0.009
Node_Verr11_Aure2_0, 1.564, 0.023, 0.018, 0.46, 0.916, 0, 1.564, 1.382, 0.139
Node_Verr11_Aure3_0, 1.42, 0.006, 0.143, 0.472, 0.889, 0, 1.42, 1.373, 0.037
Node_Verr11_Omni4_0, 1.52, 0.025, 0.178, 0.4, 0.92, 0, 1.52, 1.431, 0.043
Node_Verr11_Verr12_0, 0.513, 0, 0.911, 0.026, 0.444, 0, 0.513, 0.257, 0.263
Node_Verr11_Verr14_0, 1.161, 0, 0.031, 0.023, 0.999, 0, 1.161, 1.112, 0.057
Node_Verr11_Verr7_0, 1.186, 0.034, 0.194, 1.112, 0.994, 0, 1.186, 0.995, 0.138
Node_Verr11_Verr8_0, 1.208, 0.041, 0.518, 0.509, 0.931, 0, 1.208, 1.024, 0.121
Node_Verr11_Verr9_0, 1.135, 0.087, 0.164, 0.381, 0.999, 0, 1.135, 0.944, 0.026
Node_Verr3_Verr10_0, 0.541, 0.003, 0.21, 0.425, 0.537, 0, 0.541, 0.473, 0.073
Node_Verr5_Verr6_0, 0.347, 0.001, 0.607, 0.421, 0.322, 0, 0.347, 0.215, 0.147
Node_Verr7_Verr13_0, 1.094, 0.021, 0.225, 0.512, 0.993, 0, 1.094, 1.026, 0.038
Node_Verr7_Verr2_0, 1.159, 0.001, 0.108, 0.399, 0.958, 0, 1.159, 0.993, 0.172
Node_Verr7_Verr4_0, 1.26, 0.005, 0.072, 0.552, 0.99, 0, 1.26, 1.112, 0.141
Node_Verr8_Verr3_0, 0.675, 0.003, 0.281, 0.579, 0.578, 0, 0.675, 0.529, 0.147
Node_Verr8_Verr5_0, 0.806, 0.004, 0.47, 0.78, 0.671, 0, 0.806, 0.738, 0.064
Node_WOR1_WOR2_0, 0.018, 0, 0.003, 0.016, 0.018, 0, 0.018, 0.008, 0.012
Node_WOR1_WOR3_0, 0.006, 0, 0.046, 0.018, 0.006, 0, 0.006, 0.005, 0.005
Node_WOR1_WOR6_0, 0.047, 0, 0.009, 0.015, 0.047, 0, 0.047, 0.015, 0.038
Node_WOR2_WOR4_0, 0.004, 0, 0.018, 0.003, 0.004, 0, 0.004, 0, 0.004
Node_WOR6_WOR7_0, 0.198, 0, 0.011, 0.041, 0.198, 0, 0.198, 0.044, 0.162
Node_Wall1_Fuso2_0, 0.134, 0, 0.861, 0.376, 0.132, 0.001, 0.134, 0.134, 0.001
Node_Wall1_Muir1_0, 0.012, 0, 0.036, 0.028, 0.012, 0, 0.012, 0.012, 0.001
Node_Wall1_Rifl1_0, 0.047, 0, 0.089, 0.088, 0.047, 0, 0.047, 0.047, 0.002
Node_Wall1_Syne1_0, 0.993, 0.004, 0.225, 0.342, 0.715, 0.003, 0.993, 0.985, 0.001
Node_Zixi2_Zixi1_0, 0.004, 0, 0.013, 0.01, 0.004, 0, 0.004, 0.001, 0.009
Node_Zixi4_Zixi2_0, 0.008, 0, 0.006, 0.008, 0.008, 0, 0.008, 0, 0.011
Node_Zixi4_Zixi3_0, 0.009, 0, 0.01, 0.012, 0.009, 0, 0.009, 0.003, 0.011
Node_Zixi5_Late2_0, 0.023, 0, 0.029, 0.019, 0.023, 0, 0.023, 0.013, 0.011
Node_Zixi5_TA06A1_0, 0.002, 0, 0.004, 0.004, 0.002, 0, 0.002, 0.001, 0.003
Node_Zixi5_UBP14X1_0, 0.003, 0, 0.026, 0.014, 0.003, 0, 0.003, 0, 0.006
Node_Zixi5_Zixi4_0, 0.003, 0, 0.004, 0.004, 0.003, 0, 0.003, 0.001, 0.005
Node_chloroArabidopsis_chloroBryophyte_0, 0.007, 0, 0.018, 0.024, 0.007, 0, 0.007, 0, 0.021
Node_chloroArabidopsis_chloroChlorophyta_0, 0.004, 0, 0.025, 0.025, 0.004, 0, 0.004, 0.001, 0.02
Node_chloroArabidopsis_chloroLycophyte_0, 0.003, 0, 0.024, 0.028, 0.003, 0, 0.003, 0.001, 0.02
Node_chloroArabidopsis_chloroRedAlgae_0, 0.009, 0, 0.055, 0.021, 0.009, 0, 0.009, 0.004, 0.012
Node_mitoAnnelida_mitoChelicerate_0, 0.01, 0, 0.026, 0.023, 0.01, 0, 0.01, 0.001, 0.024
Node_mitoAnnelida_mitoMollusc_0, 0.007, 0, 0.026, 0.033, 0.007, 0, 0.007, 0.002, 0.024
Node_mitoAnnelida_mitoPriapulid_0, 0.009, 0, 0.014, 0.016, 0.009, 0, 0.009, 0.002, 0.013
Node_mitoArabidopsis_mitoLycophyte_0, 0.005, 0, 0.01, 0.009, 0.005, 0, 0.005, 0.001, 0.01
Node_mitoBryophyte_mitoArabidopsis_0, 0.005, 0, 0.013, 0.014, 0.005, 0, 0.005, 0, 0.013
Node_mitoBryophyte_mitoChlorophyta_0, 0.005, 0, 0.015, 0.019, 0.005, 0, 0.005, 0.001, 0.015
Node_mitoBryophyte_mitoExcavata_0, 0.008, 0, 0.024, 0.018, 0.008, 0, 0.008, 0.007, 0.005
Node_mitoBryophyte_mitoParamecium_0, 0.006, 0, 0.013, 0.021, 0.006, 0, 0.006, 0.003, 0.011
Node_mitoBryophyte_mitoRedAlgae_0, 0.005, 0, 0.014, 0.016, 0.005, 0, 0.005, 0.003, 0.013
Node_mitoChelicerate_mitoInsect_0, 0, 0, 0.015, 0.01, 0, 0, 0, 0, 0.005
Node_mitoFungi_mitoAnnelida_0, 0.012, 0, 0.031, 0.025, 0.012, 0, 0.012, 0.005, 0.016
Node_mitoFungi_mitoBryophyte_0, 0.027, 0, 0.046, 0.031, 0.026, 0, 0.027, 0.018, 0.013
OLB1X1, 1, 0, 0.064, 0.09, 1, 0, 1, 0.973, 0.044
Omni2, 1, 0, 0.03, 0.02, 1, 0, 1, 0.999, 0.013
Omni3, 0, 0.001, 0.365, 0.251, 0, 0, 0, 0, 0.012
Omni4, 1, 0, 0.024, 0.02, 1, 0, 1, 0.999, 0.007
Omni6, 1, 0, 0.055, 0.05, 1, 0, 1, 0.998, 0.019
Omni7, 0, 0, 0.315, 0.146, 0, 0, 0, 0, 0.01
Omni8, 1, 0, 0.05, 0.034, 1, 0, 1, 1, 0.014
P4572X1, 0, 0, 0.033, 0.022, 0, 0, 0, 0, 0.014
Pate1, 0, 0, 0.033, 0.038, 0, 0, 0, 0, 0.027
Pate10, 0, 0, 0.022, 0.022, 0, 0, 0, 0, 0.016
Pate11, 0, 0, 0.044, 0.054, 0, 0, 0, 0, 0.035
Pate12, 0, 0, 0.03, 0.031, 0, 0, 0, 0, 0.023
Pate13, 0, 0, 0.021, 0.021, 0, 0, 0, 0, 0.014
Pate14, 0, 0, 0.021, 0.028, 0, 0, 0, 0, 0.016
Pate15, 0, 0, 0.021, 0.02, 0, 0, 0, 0, 0.012
Pate17, 0, 0, 0.022, 0.023, 0, 0, 0, 0, 0.019
Pate18, 0, 0, 0.024, 0.025, 0, 0, 0, 0, 0.018
Pate19, 0, 0, 0.021, 0.02, 0, 0, 0, 0, 0.016
Pate21, 0, 0, 0.039, 0.042, 0, 0, 0, 0, 0.031
Pate22, 0, 0, 0.034, 0.039, 0, 0, 0, 0, 0.026
Pate23, 0, 0, 0.2, 0.11, 0, 0, 0, 0, 0.034
Pate24, 0, 0, 0.022, 0.028, 0, 0, 0, 0, 0.016
Pate25, 0, 0, 0.023, 0.023, 0, 0, 0, 0, 0.018
Pate26, 0, 0, 0.02, 0.021, 0, 0, 0, 0, 0.013
Pate27, 0, 0, 0.264, 0.057, 0, 0, 0, 0, 0.017
Pate28, 0, 0, 0.021, 0.02, 0, 0, 0, 0, 0.016
Pate29, 0, 0, 0.027, 0.028, 0, 0, 0, 0, 0.018
Pate3, 0, 0, 0.028, 0.026, 0, 0, 0, 0, 0.025
Pate30, 0, 0, 0.053, 0.063, 0, 0, 0, 0, 0.044
Pate31, 0, 0, 0.02, 0.02, 0, 0, 0, 0, 0.017
Pate32, 0, 0, 0.038, 0.045, 0, 0, 0, 0, 0.027
Pate33, 0, 0, 0.018, 0.018, 0, 0, 0, 0, 0.012
Pate34, 0, 0, 0.021, 0.022, 0, 0, 0, 0, 0.014
Pate35, 0, 0, 0.025, 0.024, 0, 0, 0, 0, 0.02
Pate36, 0, 0, 0.024, 0.025, 0, 0, 0, 0, 0.019
Pate37, 0, 0, 0.023, 0.023, 0, 0, 0, 0, 0.018
Pate38, 0, 0, 0.019, 0.021, 0, 0, 0, 0, 0.013
Pate39, 0, 0, 0.018, 0.016, 0, 0, 0, 0, 0.012
Pate4, 0, 0, 0.04, 0.034, 0, 0, 0, 0, 0.029
Pate40, 0, 0, 0.013, 0.014, 0, 0, 0, 0, 0.012
Pate41, 0, 0, 0.022, 0.027, 0, 0, 0, 0, 0.016
Pate43, 0, 0, 0.028, 0.028, 0, 0, 0, 0, 0.021
Pate44, 0, 0, 0.023, 0.024, 0, 0, 0, 0, 0.017
Pate45, 0, 0, 0.04, 0.044, 0, 0, 0, 0, 0.031
Pate46, 0, 0, 0.051, 0.044, 0, 0, 0, 0, 0.028
Pate48, 0, 0, 0.032, 0.037, 0, 0, 0, 0, 0.027
Pate49, 0, 0, 0.018, 0.017, 0, 0, 0, 0, 0.012
Pate5, 0, 0, 0.031, 0.035, 0, 0, 0, 0, 0.022
Pate50, 0, 0, 0.034, 0.038, 0, 0, 0, 0, 0.028
Pate51, 1, 0, 0.018, 0.213, 1, 0, 1, 0.243, 0.771
Pate52, 0, 0, 0.029, 0.035, 0, 0, 0, 0, 0.024
Pate53, 0, 0, 0.04, 0.018, 0, 0, 0, 0, 0.014
Pate54, 0, 0, 0.016, 0.018, 0, 0, 0, 0, 0.013
Pate55, 0, 0, 0.01, 0.009, 0, 0, 0, 0, 0.009
Pate56, 0, 0, 0.029, 0.028, 0, 0, 0, 0, 0.023
Pate57, 0, 0, 0.024, 0.025, 0, 0, 0, 0, 0.017
Pate6, 0, 0, 0.025, 0.024, 0, 0, 0, 0, 0.018
Pate7, 0, 0, 0.037, 0.034, 0, 0, 0, 0, 0.024
Pate8, 0, 0, 0.02, 0.021, 0, 0, 0, 0, 0.017
Pate9, 0, 0, 0.018, 0.016, 0, 0, 0, 0, 0.013
Plan12, 0, 0, 0.041, 0.033, 0, 0, 0, 0, 0.02
Plan14, 2, 0.002, 0.194, 0.486, 1, 0, 2, 0.931, 1.077
Plan16, 1, 0, 0.128, 0.069, 1, 0, 1, 0.983, 0.033
Plan17, 0, 0, 0.013, 0.015, 0, 0, 0, 0, 0.007
Plan18, 0, 0, 0.225, 0.127, 0, 0, 0, 0, 0.018
Plan2, 1, 0.001, 0.02, 0.097, 1, 0, 1, 0.728, 0.285
Plan21, 1, 0, 0.216, 0.395, 1, 0, 1, 0.946, 0.077
Plan22, 0, 0, 0.748, 0.076, 0, 0, 0, 0, 0.014
Plan23, 0, 0, 0.014, 0.012, 0, 0, 0, 0, 0.008
Plan26, 1, 0.002, 0.047, 0.39, 1, 0, 1, 0.743, 0.271
Plan27, 0, 0, 0.044, 0.041, 0, 0, 0, 0, 0.018
Plan3, 0, 0, 0.126, 0.066, 0, 0, 0, 0, 0.019
Plan30, 1, 0.001, 0.956, 0.289, 1, 0, 1, 0.175, 0.84
Plan31, 0, 0, 0.021, 0.017, 0, 0, 0, 0, 0.01
Plan32, 0, 0, 0.031, 0.022, 0, 0, 0, 0, 0.01
Plan33, 0, 0, 0.116, 0.089, 0, 0, 0, 0, 0.012
Plan39, 0, 0, 0.064, 0.048, 0, 0, 0, 0, 0.01
Plan4, 1, 0, 0.665, 0.044, 1, 0, 1, 0.748, 0.26
Plan40, 1, 0, 0.026, 0.027, 1, 0, 1, 1, 0.018
Plan42, 1, 0, 0.021, 0.02, 1, 0, 1, 1, 0.013
Plan43, 1, 0, 1.004, 0.022, 1, 0, 1, 0.227, 0.786
Plan44, 0, 0, 0.111, 0.063, 0, 0, 0, 0, 0.007
Plan5, 0, 0, 0.795, 0.144, 0, 0, 0, 0, 0.021
Plan7, 0, 0, 1.412, 0.473, 0, 0, 0, 0, 0.024
Pori1, 1, 0, 0.058, 0.043, 1, 0, 1, 1, 0.016
Pori2, 1, 0, 0.049, 0.025, 1, 0, 1, 1, 0.007
ProtA10, 1, 0.004, 0.075, 0.373, 1, 0, 1, 0.576, 0.436
ProtA11, 1, 0.001, 0.029, 0.374, 1, 0, 1, 0.997, 0.013
ProtA12, 0, 0, 0.021, 0.022, 0, 0, 0, 0, 0.014
ProtA13, 0, 0, 0.04, 0.035, 0, 0, 0, 0, 0.016
ProtA14, 1, 0, 0.737, 0.059, 1, 0, 1, 0.999, 0.017
ProtA15, 0, 0, 0.61, 0.131, 0, 0, 0, 0, 0.011
ProtA16, 1, 0.001, 0.017, 0.02, 1, 0, 1, 0.016, 0.993
ProtA18, 1, 0.001, 0.35, 0.389, 1, 0, 1, 0.301, 0.714
ProtA19, 1, 0, 0.961, 0.068, 1, 0, 1, 0.069, 0.938
ProtA2, 1, 0.002, 0.254, 0.359, 1, 0, 1, 0.195, 0.815
ProtA20, 0, 0, 0.073, 0.055, 0, 0, 0, 0, 0.007
ProtA21, 0, 0, 0.035, 0.032, 0, 0, 0, 0, 0.014
ProtA24, 1, 0.001, 0.029, 0.295, 1, 0, 1, 0.29, 0.724
ProtA26, 0, 0, 0.017, 0.017, 0, 0, 0, 0, 0.012
ProtA27, 0, 0, 0.038, 0.031, 0, 0, 0, 0, 0.017
ProtA29, 0, 0, 0.663, 0.179, 0, 0, 0, 0, 0.008
ProtA3, 1, 0, 0.047, 0.03, 1, 0, 1, 0.999, 0.012
ProtA30, 0, 0, 0.016, 0.012, 0, 0, 0, 0, 0.009
ProtA31, 0, 0, 0.266, 0.077, 0, 0, 0, 0, 0.015
ProtA32, 1, 0.003, 0.03, 1.061, 1, 0, 1, 0.993, 0.012
ProtA33, 0, 0, 0.031, 0.023, 0, 0, 0, 0, 0.011
ProtA34, 0, 0, 0.217, 0.03, 0, 0, 0, 0, 0.016
ProtA35, 0, 0, 0.015, 0.013, 0, 0, 0, 0, 0.008
ProtA36, 0, 0, 0.014, 0.016, 0, 0, 0, 0, 0.01
ProtA37, 0, 0, 0.011, 0.009, 0, 0, 0, 0, 0.006
ProtA38, 1, 0, 0.659, 0.13, 1, 0, 1, 0.198, 0.812
ProtA39, 0, 0, 0.014, 0.013, 0, 0, 0, 0, 0.01
ProtA40, 0, 0, 0.469, 0.088, 0, 0, 0, 0, 0.01
ProtA41, 1, 0.001, 0.207, 0.157, 1, 0, 1, 0.649, 0.359
ProtA42, 1, 0.001, 0.017, 0.353, 1, 0, 1, 0.594, 0.417
ProtA43, 1, 0, 0.028, 0.031, 1, 0, 1, 0.183, 0.827
ProtA44, 0, 0, 0.009, 0.009, 0, 0, 0, 0, 0.004
ProtA45, 0, 0, 0.035, 0.03, 0, 0, 0, 0, 0.012
ProtA46, 1, 0.001, 0.073, 0.951, 1, 0, 1, 0.954, 0.05
ProtA47, 1, 0, 0.54, 0.099, 1, 0, 1, 0.354, 0.657
ProtA48, 1, 0, 0.596, 0.122, 1, 0, 1, 0.99, 0.026
ProtA49, 1, 0, 0.045, 0.028, 1, 0, 1, 0.985, 0.022
ProtA5, 0, 0, 0.071, 0.054, 0, 0, 0, 0, 0.005
ProtA50, 1, 0, 0.069, 0.016, 1, 0, 1, 0.843, 0.164
ProtA51, 1, 0.002, 0.016, 0.339, 1, 0, 1, 0.408, 0.602
ProtA52, 1, 0, 0.857, 0.135, 1, 0, 1, 0.916, 0.095
ProtA53, 1, 0, 0.506, 0.415, 1, 0, 1, 0.547, 0.463
ProtA54, 0, 0, 0.015, 0.013, 0, 0, 0, 0, 0.008
ProtA55, 1, 0.002, 0.038, 0.945, 1, 0, 1, 0.991, 0.014
ProtA56, 1, 0.001, 0.94, 0.065, 1, 0, 1, 0.834, 0.177
ProtA57, 0, 0, 0.051, 0.037, 0, 0, 0, 0, 0.013
ProtA58, 1, 0.001, 0.601, 0.521, 1, 0, 1, 0.453, 0.557
ProtA60, 0, 0, 0.019, 0.013, 0, 0, 0, 0, 0.01
ProtA61, 0, 0, 0.036, 0.026, 0, 0, 0, 0, 0.012
ProtA62, 1, 0.003, 0.152, 0.797, 1, 0, 1, 0.949, 0.055
ProtA63, 1, 0, 0.38, 0.116, 1, 0, 1, 0.512, 0.497
ProtA64, 1, 0, 0.608, 0.063, 1, 0, 1, 0.235, 0.774
ProtA66, 0, 0, 0.034, 0.017, 0, 0, 0, 0, 0.011
ProtA67, 1, 0, 0.015, 0.207, 1, 0, 1, 0.453, 0.556
ProtA68, 1, 0, 0.226, 0.305, 1, 0, 1, 0.219, 0.789
ProtA69, 1, 0.002, 0.183, 0.769, 1, 0, 1, 0.729, 0.276
ProtA7, 0, 0, 0.077, 0.032, 0, 0, 0, 0, 0.011
ProtA70, 0, 0, 0.049, 0.031, 0, 0, 0, 0, 0.011
ProtA71, 1, 0, 0.235, 0.091, 1, 0, 1, 0.851, 0.158
ProtA72, 1, 0, 0.044, 0.034, 1, 0, 1, 0.997, 0.009
ProtA74, 0, 0, 0.735, 0.05, 0, 0, 0, 0, 0.009
ProtA75, 2, 0.407, 0.937, 0.059, 1, 0, 2, 1.103, 0.096
ProtA76, 1, 0, 0.869, 0.202, 1, 0, 1, 0.216, 0.792
ProtA77, 0, 0, 0.416, 0.093, 0, 0, 0, 0, 0.004
ProtA8, 1, 0, 0.04, 0.313, 1, 0, 1, 0.07, 0.944
ProtA9, 0, 0, 0.021, 0.019, 0, 0, 0, 0, 0.012
ProtG1, 0, 0, 0.609, 0.078, 0, 0, 0, 0, 0.012
ProtG10, 1, 0.001, 0.895, 0.163, 1, 0, 1, 0.184, 0.824
ProtG11, 0, 0, 0.266, 0.068, 0, 0, 0, 0, 0.014
ProtG12, 1, 0, 0.027, 0.025, 1, 0, 1, 0.999, 0.019
ProtG13, 0, 0, 0.976, 0.017, 0, 0, 0, 0, 0.011
ProtG14, 0, 0, 0.938, 0.03, 0, 0, 0, 0, 0.02
ProtG15, 0, 0, 0.02, 0.021, 0, 0, 0, 0, 0.016
ProtG16, 0, 0, 0.083, 0.061, 0, 0, 0, 0, 0.009
ProtG17, 0, 0.001, 0.088, 0.073, 0, 0, 0, 0, 0.013
ProtG18, 0, 0, 0.025, 0.022, 0, 0, 0, 0, 0.014
ProtG19, 0, 0, 0.015, 0.017, 0, 0, 0, 0, 0.011
ProtG20, 1, 0.001, 0.682, 0.385, 1, 0, 1, 0.508, 0.501
ProtG21, 0, 0, 0.029, 0.029, 0, 0, 0, 0, 0.018
ProtG22, 1, 0, 0.021, 0.147, 1, 0, 1, 0.898, 0.112
ProtG24, 1, 0, 0.04, 0.062, 1, 0, 1, 0.907, 0.105
ProtG25, 1, 0, 0.386, 0.235, 1, 0, 1, 0.605, 0.407
ProtG26, 1, 0, 0.985, 0.028, 1, 0, 1, 0.985, 0.033
ProtG27, 0, 0, 0.028, 0.019, 0, 0, 0, 0, 0.009
ProtG28, 1, 0.001, 0.186, 0.145, 1, 0, 1, 0.94, 0.072
ProtG29, 0, 0, 0.018, 0.02, 0, 0, 0, 0, 0.012
ProtG3, 0, 0, 0.014, 0.015, 0, 0, 0, 0, 0.01
ProtG30, 0, 0, 0.015, 0.012, 0, 0, 0, 0, 0.011
ProtG31, 1, 0.005, 0.048, 0.793, 1, 0, 1, 0.884, 0.128
ProtG32, 1, 0, 1.004, 0.039, 1, 0, 1, 0.962, 0.052
ProtG33, 1, 0.002, 0.025, 0.201, 1, 0, 1, 0.525, 0.488
ProtG34, 1, 0.001, 0.128, 0.224, 1, 0, 1, 0.015, 1.014
ProtG35, 0, 0, 0.02, 0.019, 0, 0, 0, 0, 0.013
ProtG36, 1, 0, 0.486, 0.222, 1, 0, 1, 0.701, 0.306
ProtG37, 0, 0, 0.015, 0.013, 0, 0, 0, 0, 0.01
ProtG38, 0, 0, 0.341, 0.041, 0, 0, 0, 0, 0.008
ProtG39, 0, 0, 0.019, 0.025, 0, 0, 0, 0, 0.015
ProtG4, 0, 0, 0.019, 0.018, 0, 0, 0, 0, 0.013
ProtG40, 1, 0, 0.013, 0.149, 1, 0, 1, 0.247, 0.762
ProtG41, 0, 0, 0.264, 0.051, 0, 0, 0, 0, 0.013
ProtG42, 0, 0, 0.227, 0.119, 0, 0, 0, 0, 0.014
ProtG43, 1, 0, 0.979, 0.335, 1, 0, 1, 0.987, 0.02
ProtG44, 0, 0, 0.917, 0.21, 0, 0, 0, 0, 0.008
ProtG45, 1, 0.004, 0.242, 0.878, 1, 0, 1, 0.596, 0.411
ProtG46, 1, 0, 0.042, 0.047, 1, 0, 1, 0.295, 0.709
ProtG47, 1, 0.001, 0.043, 0.152, 1, 0, 1, 0.624, 0.39
ProtG48, 1, 0, 0.542, 0.516, 1, 0, 1, 0.309, 0.704
ProtG49, 0, 0, 0.023, 0.016, 0, 0, 0, 0, 0.009
ProtG5, 1, 0, 0.025, 0.022, 1, 0, 1, 1, 0.017
ProtG50, 1, 0.001, 0.168, 0.51, 1, 0, 1, 0.902, 0.116
ProtG51, 0, 0, 0.016, 0.017, 0, 0, 0, 0, 0.011
ProtG52, 1, 0, 0.96, 0.038, 1, 0, 1, 0.171, 0.836
ProtG53, 0, 0, 0.021, 0.019, 0, 0, 0, 0, 0.012
ProtG54, 0, 0, 0.014, 0.013, 0, 0, 0, 0, 0.01
ProtG55, 1, 0, 1.004, 0.347, 1, 0, 1, 0.965, 0.045
ProtG56, 1, 0, 0.163, 0.205, 1, 0, 1, 0.521, 0.487
ProtG57, 0, 0, 0.533, 0.048, 0, 0, 0, 0, 0.011
ProtG58, 1, 0.003, 0.09, 0.528, 1, 0, 1, 0.974, 0.032
ProtG59, 1, 0, 0.014, 0.012, 1, 0, 1, 1, 0.009
ProtG6, 1, 0, 0.352, 0.275, 1, 0, 1, 0.505, 0.514
ProtG60, 0, 0, 0.015, 0.013, 0, 0, 0, 0, 0.01
ProtG61, 0, 0, 0.014, 0.016, 0, 0, 0, 0, 0.009
ProtG62, 0, 0, 0.071, 0.052, 0, 0, 0, 0, 0.01
ProtG63, 1, 0, 0.16, 0.059, 1, 0, 1, 0.998, 0.008
ProtG64, 1, 0, 0.012, 0.026, 1, 0, 1, 0.189, 0.819
ProtG65, 0, 0, 0.286, 0.11, 0, 0, 0, 0, 0.013
ProtG66, 1, 0.001, 0.117, 0.158, 1, 0, 1, 0.875, 0.133
ProtG67, 2, 0.001, 0.033, 0.313, 1, 0, 2, 1.131, 0.88
ProtG68, 1, 0, 0.207, 0.13, 1, 0, 1, 0.791, 0.224
ProtG69, 2, 0.002, 0.048, 0.459, 1, 0, 2, 0.24, 1.773
ProtG7, 0, 0, 0.545, 0.077, 0, 0, 0, 0, 0.01
ProtG70, 0, 0, 0.017, 0.014, 0, 0, 0, 0, 0.008
ProtG71, 0, 0, 0.743, 0.205, 0, 0, 0, 0, 0.022
ProtG72, 1, 0, 0.028, 0.042, 1, 0, 1, 0.915, 0.094
ProtG73, 1, 0, 0.02, 0.022, 1, 0, 1, 1, 0.015
ProtG74, 1, 0.001, 0.091, 0.421, 1, 0, 1, 0.129, 0.877
ProtG75, 1, 0.002, 0.643, 0.677, 1, 0, 1, 0.198, 0.814
ProtG76, 0, 0, 0.019, 0.017, 0, 0, 0, 0, 0.013
ProtG77, 0, 0, 0.068, 0.041, 0, 0, 0, 0, 0.007
ProtG78, 0, 0, 0.015, 0.013, 0, 0, 0, 0, 0.005
ProtG79, 0, 0, 0.012, 0.013, 0, 0, 0, 0, 0.01
ProtG8, 0, 0, 0.073, 0.023, 0, 0, 0, 0, 0.008
ProtG80, 1, 0, 0.03, 0.032, 1, 0, 1, 0.502, 0.508
ProtG81, 0, 0, 0.011, 0.012, 0, 0, 0, 0, 0.009
ProtG82, 1, 0.001, 0.023, 0.298, 1, 0, 1, 0.315, 0.693
ProtG83, 1, 0, 0.187, 0.038, 1, 0, 1, 0.948, 0.063
ProtG84, 1, 0.001, 0.028, 0.271, 1, 0, 1, 0.237, 0.775
ProtG85, 0, 0, 0.309, 0.08, 0, 0, 0, 0, 0.006
ProtG86, 0, 0, 0.341, 0.076, 0, 0, 0, 0, 0.012
ProtG87, 0, 0, 0.014, 0.018, 0, 0, 0, 0, 0.01
ProtG88, 1, 0, 0.547, 0.108, 1, 0, 1, 0.489, 0.517
ProtG89, 1, 0, 0.013, 0.033, 1, 0, 1, 0.959, 0.048
ProtG9, 1, 0, 0.621, 0.49, 1, 0, 1, 0.371, 0.642
ProtG90, 0, 0, 0.013, 0.013, 0, 0, 0, 0, 0.009
ProtG91, 1, 0.001, 0.035, 0.341, 1, 0, 1, 0.282, 0.731
ProtM1, 0, 0, 0.021, 0.016, 0, 0, 0, 0, 0.01
ProtM2, 0, 0, 0.022, 0.024, 0, 0, 0, 0, 0.011
ProtM3, 0, 0, 0.026, 0.019, 0, 0, 0, 0, 0.006
ProtZ1, 2, 0, 0.078, 0.016, 1, 0, 2, 1.584, 0.428
ProtZ2, 1, 0.007, 0.668, 0.467, 1, 0, 1, 0.25, 0.753
ProtZ3, 1, 0.001, 0.488, 0.295, 1, 0, 1, 0.997, 0.012
ProtZ4, 1, 0.003, 0.852, 0.769, 1, 0, 1, 0.809, 0.199
ProtZ5, 1, 0.001, 0.281, 0.517, 1, 0, 1, 0.224, 0.792
RBG1, 0, 0, 0.252, 0.162, 0, 0, 0, 0, 0.027
Rifl1, 0, 0, 0.06, 0.042, 0, 0, 0, 0, 0.013
SAR3X1, 1, 0.003, 0.039, 0.368, 1, 0, 1, 0.071, 0.94
SAR3X2, 0, 0, 0.117, 0.07, 0, 0, 0, 0, 0.021
SLNR1, 0, 0, 0.028, 0.03, 0, 0, 0, 0, 0.019
SM23X1, 0, 0, 0.026, 0.022, 0, 0, 0, 0, 0.016
SZUA1, 0, 0, 0.79, 0.104, 0, 0, 0, 0, 0.028
SZUA2, 0, 0, 0.076, 0.058, 0, 0, 0, 0, 0.019
Sche1, 1, 0, 0.765, 0.148, 1, 0, 1, 0.261, 0.762
Spir10, 0, 0, 0.033, 0.024, 0, 0, 0, 0, 0.008
Spir11, 0, 0, 0.435, 0.256, 0, 0, 0, 0, 0.022
Spir12, 0, 0, 0.352, 0.188, 0, 0, 0, 0, 0.014
Spir13, 1, 0.001, 0.028, 0.139, 1, 0, 1, 0.232, 0.78
Spir15, 1, 0, 0.24, 0.321, 1, 0, 1, 0.231, 0.789
Spir2, 0, 0, 0.261, 0.049, 0, 0, 0, 0, 0.014
Spir3, 0, 0, 0.035, 0.037, 0, 0, 0, 0, 0.01
Spir4, 1, 0.001, 0.255, 0.671, 1, 0, 1, 0.499, 0.521
Spir8, 1, 0.002, 0.046, 0.479, 1, 0, 1, 0.353, 0.675
Spir9, 1, 0.003, 0.309, 0.674, 1, 0, 1, 0.154, 0.855
Sume1, 1, 0, 0.033, 0.033, 1, 0, 1, 0.971, 0.046
Syne1, 0, 0, 0.017, 0.015, 0, 0, 0, 0, 0.009
Syne10, 0, 0, 0.018, 0.018, 0, 0, 0, 0, 0.008
Syne2, 0, 0, 0.026, 0.029, 0, 0, 0, 0, 0.016
Syne3, 0, 0, 0.023, 0.023, 0, 0, 0, 0, 0.013
Syne4, 0, 0, 0.012, 0.012, 0, 0, 0, 0, 0.009
Syne5, 0, 0, 0.02, 0.02, 0, 0, 0, 0, 0.017
Syne6, 0, 0, 0.022, 0.02, 0, 0, 0, 0, 0.014
Syne7, 0, 0, 0.025, 0.025, 0, 0, 0, 0, 0.015
Syne8, 0, 0, 0.021, 0.015, 0, 0, 0, 0, 0.011
Syne9, 0, 0, 0.047, 0.043, 0, 0, 0, 0, 0.016
TA06A1, 0, 0, 0.023, 0.027, 0, 0, 0, 0, 0.021
TA06X1, 0, 0, 0.022, 0.02, 0, 0, 0, 0, 0.013
Therd1, 0, 0, 0.075, 0.062, 0, 0, 0, 0, 0.02
Therg2, 0, 0, 0.019, 0.018, 0, 0, 0, 0, 0.013
Therg3, 0, 0, 0.011, 0.014, 0, 0, 0, 0, 0.01
Therg4, 0, 0, 0.022, 0.02, 0, 0, 0, 0, 0.016
Therg5, 0, 0, 0.006, 0.006, 0, 0, 0, 0, 0.005
Therg6, 0, 0, 0.024, 0.024, 0, 0, 0, 0, 0.018
Therg8, 0, 0, 0.015, 0.014, 0, 0, 0, 0, 0.009
Thers1, 0, 0, 0.036, 0.037, 0, 0, 0, 0, 0.023
UBA1X1, 1, 0, 0.017, 0.02, 1, 0, 1, 1, 0.015
UBA1X2, 0, 0, 0.019, 0.016, 0, 0, 0, 0, 0.013
UBA1X3, 1, 0, 0.024, 0.025, 1, 0, 1, 0.998, 0.019
UBA1X4, 0, 0, 0.022, 0.019, 0, 0, 0, 0, 0.016
UBA1X5, 0, 0, 0.015, 0.015, 0, 0, 0, 0, 0.009
UBA1X6, 1, 0, 0.011, 0.009, 1, 0, 1, 1, 0.009
UBA2X1, 0, 0, 0.074, 0.044, 0, 0, 0, 0, 0.017
UBA6X1, 0, 0, 0.066, 0.044, 0, 0, 0, 0, 0.025
UBA9X1, 0, 0, 0.068, 0.065, 0, 0, 0, 0, 0.02
UBA9X2, 0, 0, 0.044, 0.046, 0, 0, 0, 0, 0.026
UBA9X3, 0, 0, 0.038, 0.037, 0, 0, 0, 0, 0.02
UBP13X1, 0, 0, 0.211, 0.106, 0, 0, 0, 0, 0.015
UBP14X1, 0, 0, 0.02, 0.028, 0, 0, 0, 0, 0.017
UBP4X1, 0, 0, 1.008, 0.03, 0, 0, 0, 0, 0.021
UBP6X1, 0, 0, 0.299, 0.135, 0, 0, 0, 0, 0.032
Verr10, 1, 0.005, 0.033, 0.606, 1, 0, 1, 0.517, 0.487
Verr11, 1, 0, 0.347, 0.078, 1, 0, 1, 0.177, 0.834
Verr12, 1, 0, 0.2, 0.038, 1, 0, 1, 0.329, 0.687
Verr13, 1, 0, 0.115, 0.329, 1, 0, 1, 0.988, 0.021
Verr14, 1, 0, 0.227, 0.066, 1, 0, 1, 0.943, 0.066
Verr2, 1, 0, 0.965, 0.262, 1, 0, 1, 0.207, 0.806
Verr3, 0, 0.001, 0.558, 0.287, 0, 0, 0, 0, 0.016
Verr4, 1, 0.001, 1.063, 0.725, 1, 0, 1, 0.216, 0.802
Verr5, 0, 0, 0.36, 0.131, 0, 0, 0, 0, 0.013
Verr6, 1, 0.001, 0.105, 0.163, 1, 0, 1, 0.25, 0.757
Verr7, 1, 0, 0.229, 0.202, 1, 0, 1, 0.946, 0.07
Verr8, 1, 0, 0.524, 0.296, 1, 0, 1, 0.16, 0.849
Verr9, 1, 0, 0.191, 0.094, 1, 0, 1, 0.952, 0.056
WOR1, 0, 0, 0.032, 0.043, 0, 0, 0, 0, 0.026
WOR2, 0, 0, 0.021, 0.025, 0, 0, 0, 0, 0.017
WOR3, 0, 0, 0.025, 0.028, 0, 0, 0, 0, 0.019
WOR4, 0, 0, 0.028, 0.029, 0, 0, 0, 0, 0.024
WOR6, 0, 0, 0.212, 0.047, 0, 0, 0, 0, 0.014
WOR7, 1, 0, 0.027, 0.119, 1, 0, 1, 0.195, 0.829
Wall1, 0, 0, 0.027, 0.03, 0, 0, 0, 0, 0.015
Zixi1, 0, 0, 0.017, 0.015, 0, 0, 0, 0, 0.013
Zixi2, 0, 0, 0.014, 0.017, 0, 0, 0, 0, 0.01
Zixi3, 0, 0, 0.027, 0.026, 0, 0, 0, 0, 0.018
Zixi4, 0, 0, 0.021, 0.02, 0, 0, 0, 0, 0.012
Zixi5, 0, 0, 0.017, 0.021, 0, 0, 0, 0, 0.014
chloroArabidopsis, 0, 0, 0.013, 0.013, 0, 0, 0, 0, 0.01
chloroBryophyte, 0, 0, 0.019, 0.015, 0, 0, 0, 0, 0.012
chloroChlorophyta, 0, 0, 0.019, 0.021, 0, 0, 0, 0, 0.015
chloroLycophyte, 0, 0, 0.014, 0.013, 0, 0, 0, 0, 0.011
chloroRedAlgae, 0, 0, 0.014, 0.01, 0, 0, 0, 0, 0.005
mitoAnnelida, 0, 0, 0.011, 0.007, 0, 0, 0, 0, 0.004
mitoArabidopsis, 0, 0, 0.015, 0.012, 0, 0, 0, 0, 0.01
mitoBryophyte, 0, 0, 0.017, 0.015, 0, 0, 0, 0, 0.012
mitoChelicerate, 0, 0, 0.012, 0.012, 0, 0, 0, 0, 0.012
mitoChlorophyta, 0, 0, 0.02, 0.021, 0, 0, 0, 0, 0.015
mitoExcavata, 0, 0, 0.019, 0.015, 0, 0, 0, 0, 0.011
mitoFungi, 0, 0, 0.021, 0.017, 0, 0, 0, 0, 0.009
mitoInsect, 0, 0, 0.008, 0.01, 0, 0, 0, 0, 0.008
mitoLycophyte, 0, 0, 0.017, 0.016, 0, 0, 0, 0, 0.012
mitoMollusc, 0, 0, 0.017, 0.014, 0, 0, 0, 0, 0.01
mitoParamecium, 0, 0, 0.013, 0.011, 0, 0, 0, 0, 0.007
mitoPriapulid, 0, 0, 0.026, 0.023, 0, 0, 0, 0, 0.017
mitoRedAlgae, 0, 0, 0.019, 0.016, 0, 0, 0, 0, 0.014
