species_label, speciations, duplications, losses, transfers, presence, origination, copies, singletons, transfers_to
AABM5X1, 0, 0, 0.025, 0.021, 0, 0, 0, 0, 0.018
AABM5X2, 0, 0, 0.019, 0.019, 0, 0, 0, 0, 0.012
AABM5X3, 0, 0, 0.018, 0.022, 0, 0, 0, 0, 0.015
Abys1, 1, 0, 1.194, 0.998, 1, 0, 1, 0.358, 0.667
Acid1, 1, 0, 0.024, 0.027, 1, 0, 1, 0.99, 0.024
Acid10, 1, 0.002, 0.932, 0.678, 1, 0, 1, 0.212, 0.802
Acid11, 0, 0, 0.022, 0.02, 0, 0, 0, 0, 0.012
Acid12, 0, 0, 0.047, 0.037, 0, 0, 0, 0, 0.015
Acid13, 0, 0, 0.045, 0.038, 0, 0, 0, 0, 0.013
Acid14, 1, 0, 0.299, 0.106, 1, 0, 1, 0.999, 0.01
Acid16, 1, 0.002, 0.02, 0.337, 1, 0, 1, 0.014, 0.995
Acid17, 0, 0, 1.013, 0.025, 0, 0, 0, 0, 0.013
Acid18, 0, 0, 0.023, 0.021, 0, 0, 0, 0, 0.011
Acid2, 0, 0, 0.032, 0.026, 0, 0, 0, 0, 0.02
Acid20, 1, 0, 1.016, 0.025, 1, 0, 1, 1, 0.014
Acid21, 0, 0, 0.013, 0.01, 0, 0, 0, 0, 0.008
Acid22, 2, 0.001, 0.061, 0.449, 1, 0, 2, 1.123, 0.882
Acid23, 1, 0.002, 0.021, 0.403, 1, 0, 1, 0.182, 0.83
Acid24, 0, 0, 0.128, 0.072, 0, 0, 0, 0, 0.011
Acid25, 0, 0, 0.023, 0.023, 0, 0, 0, 0, 0.013
Acid26, 0, 0, 0.006, 0.009, 0, 0, 0, 0, 0.006
Acid27, 0, 0, 0.024, 0.023, 0, 0, 0, 0, 0.011
Acid28, 0, 0, 1.031, 0.024, 0, 0, 0, 0, 0.011
Acid29, 0, 0, 0.023, 0.022, 0, 0, 0, 0, 0.01
Acid3, 1, 0.002, 1.022, 0.534, 1, 0, 1, 0.281, 0.731
Acid30, 0, 0, 0.015, 0.015, 0, 0, 0, 0, 0.014
Acid31, 0, 0, 0.024, 0.023, 0, 0, 0, 0, 0.014
Acid32, 0, 0, 0.009, 0.011, 0, 0, 0, 0, 0.009
Acid33, 1, 0, 0.034, 0.543, 1, 0, 1, 0.307, 0.711
Acid34, 0, 0, 0.059, 0.048, 0, 0, 0, 0, 0.012
Acid35, 1, 0, 0.015, 0.015, 1, 0, 1, 0.998, 0.012
Acid36, 2, 0, 0.019, 0.021, 1, 0, 2, 2, 0.011
Acid37, 0, 0, 0.011, 0.011, 0, 0, 0, 0, 0.01
Acid38, 2, 0, 0.02, 0.015, 1, 0, 2, 2, 0.012
Acid39, 1, 0, 0.013, 0.016, 1, 0, 1, 0.998, 0.01
Acid4, 1, 0.003, 0.911, 0.591, 1, 0, 1, 0.38, 0.636
Acid40, 2, 0, 0.027, 0.026, 1, 0, 2, 1.992, 0.025
Acid5, 0, 0, 0.115, 0.045, 0, 0, 0, 0, 0.015
Acid6, 1, 0, 0.03, 0.027, 1, 0, 1, 0.998, 0.01
Acid7, 1, 0.002, 0.179, 1.015, 1, 0, 1, 0.998, 0.011
Acid8, 0, 0, 0.067, 0.054, 0, 0, 0, 0, 0.029
Acid9, 0, 0, 0.036, 0.024, 0, 0, 0, 0, 0.016
Acti10, 1, 0.003, 0.962, 0.293, 1, 0, 1, 0.267, 0.743
Acti11, 1, 0, 0.066, 0.017, 1, 0, 1, 0.978, 0.036
Acti12, 2, 0.002, 0.011, 0.59, 1, 0, 2, 1.318, 0.686
Acti13, 1, 0.002, 0.076, 0.477, 1, 0, 1, 0.259, 0.758
Acti14, 1, 0.004, 0.04, 0.318, 1, 0, 1, 0.329, 0.678
Acti15, 1, 0, 0.03, 0.028, 1, 0, 1, 0.963, 0.042
Acti16, 1, 0.004, 0.015, 0.626, 1, 0, 1, 0.47, 0.537
Acti18, 0, 0, 0.493, 0.196, 0, 0, 0, 0, 0.019
Acti19, 0, 0.001, 0.297, 0.147, 0, 0, 0, 0, 0.008
Acti2, 0, 0, 0.023, 0.023, 0, 0, 0, 0, 0.014
Acti20, 0, 0, 0.055, 0.041, 0, 0, 0, 0, 0.021
Acti21, 1, 0, 0.333, 0.09, 1, 0, 1, 0.999, 0.01
Acti22, 1, 0, 0.05, 0.107, 1, 0, 1, 0.991, 0.02
Acti23, 1, 0.001, 0.062, 0.259, 1, 0, 1, 0.241, 0.773
Acti24, 0, 0, 0.014, 0.012, 0, 0, 0, 0, 0.01
Acti25, 1, 0, 0.011, 0.021, 1, 0, 1, 0.985, 0.019
Acti26, 0, 0, 0.454, 0.074, 0, 0, 0, 0, 0.013
Acti27, 0, 0, 0.021, 0.022, 0, 0, 0, 0, 0.014
Acti28, 1, 0, 0.972, 0.084, 1, 0, 1, 0.195, 0.812
Acti29, 0, 0, 0.015, 0.014, 0, 0, 0, 0, 0.009
Acti3, 1, 0, 0.283, 0.091, 1, 0, 1, 0.943, 0.067
Acti30, 0, 0, 0.021, 0.022, 0, 0, 0, 0, 0.013
Acti31, 0, 0, 0.959, 0.021, 0, 0, 0, 0, 0.012
Acti32, 1, 0.001, 0.988, 0.212, 1, 0, 1, 0.192, 0.815
Acti33, 0, 0, 0.369, 0.021, 0, 0, 0, 0, 0.007
Acti34, 1, 0.001, 0.137, 0.385, 1, 0, 1, 0.284, 0.721
Acti35, 1, 0, 0.022, 0.025, 1, 0, 1, 0.35, 0.66
Acti36, 1, 0, 0.061, 0.046, 1, 0, 1, 0.994, 0.019
Acti37, 1, 0, 0.035, 0.027, 1, 0, 1, 0.999, 0.014
Acti38, 0, 0, 1.037, 0.032, 0, 0, 0, 0, 0.012
Acti39, 0, 0, 0.172, 0.083, 0, 0, 0, 0, 0.042
Acti4, 0, 0, 0.321, 0.236, 0, 0, 0, 0, 0.022
Acti40, 0, 0, 0.188, 0.034, 0, 0, 0, 0, 0.013
Acti41, 1, 0, 0.969, 0.512, 1, 0, 1, 0.092, 0.918
Acti42, 1, 0, 0.029, 0.333, 1, 0, 1, 0.116, 0.903
Acti43, 1, 0.001, 0.059, 1.031, 1, 0, 1, 0.992, 0.016
Acti44, 0, 0, 1.013, 0.015, 0, 0, 0, 0, 0.01
Acti45, 1, 0, 0.032, 0.017, 1, 0, 1, 0.999, 0.012
Acti46, 1, 0, 0.109, 0.05, 1, 0, 1, 0.954, 0.058
Acti47, 1, 0.005, 0.071, 0.876, 1, 0, 1, 0.959, 0.046
Acti48, 1, 0, 0.234, 0.04, 1, 0, 1, 0.999, 0.012
Acti49, 1, 0.001, 0.203, 0.087, 1, 0, 1, 0.975, 0.03
Acti5, 0, 0, 0.014, 0.015, 0, 0, 0, 0, 0.011
Acti50, 1, 0, 0.174, 0.017, 1, 0, 1, 0.998, 0.014
Acti51, 0, 0, 0.019, 0.017, 0, 0, 0, 0, 0.012
Acti52, 1, 0, 0.014, 0.018, 1, 0, 1, 0.998, 0.011
Acti6, 0, 0, 0.366, 0.202, 0, 0, 0, 0, 0.008
Acti7, 0, 0, 1, 0.022, 0, 0, 0, 0, 0.012
Acti8, 0, 0, 0.015, 0.014, 0, 0, 0, 0, 0.011
Acti9, 0, 0, 0.018, 0.018, 0, 0, 0, 0, 0.012
Aero1, 0, 0, 0.09, 0.092, 0, 0, 0, 0, 0.033
Aqui1, 0, 0, 0.229, 0.053, 0, 0, 0, 0, 0.014
Aqui2, 1, 0, 0.02, 0.271, 1, 0, 1, 0.212, 0.805
Aqui3, 0, 0, 0.027, 0.024, 0, 0, 0, 0, 0.016
Aqui4, 0, 0, 0.011, 0.015, 0, 0, 0, 0, 0.008
Aqui5, 0, 0, 0.06, 0.023, 0, 0, 0, 0, 0.014
Aqui6, 0, 0, 0.016, 0.016, 0, 0, 0, 0, 0.013
Arma11, 2, 0.047, 0.102, 0.341, 1, 0, 2, 0.737, 1.188
Arma12, 2, 0.001, 0.097, 0.469, 1, 0, 2, 0.482, 1.531
Arma13, 0, 0, 0.014, 0.014, 0, 0, 0, 0, 0.01
Arma14, 0, 0, 0.078, 0.077, 0, 0, 0, 0, 0.01
Arma15, 0, 0, 0.017, 0.019, 0, 0, 0, 0, 0.013
Arma16, 1, 0, 0.065, 0.033, 1, 0, 1, 0.999, 0.011
Arma3, 2, 0.002, 0.314, 0.763, 1, 0, 2, 0.395, 1.626
Arma4, 0, 0, 0.082, 0.092, 0, 0, 0, 0, 0.014
Arma6, 1, 0, 0.02, 0.014, 1, 0, 1, 0.999, 0.014
Arma7, 0, 0, 0.578, 0.161, 0, 0, 0, 0, 0.013
Arma9, 1, 0, 0.027, 0.019, 1, 0, 1, 0.999, 0.014
Aure1, 0, 0, 0.951, 0.194, 0, 0, 0, 0, 0.023
Aure2, 1, 0.002, 0.194, 0.254, 1, 0, 1, 0.762, 0.264
Aure3, 0, 0, 1.68, 0.678, 0, 0, 0, 0, 0.024
B130X1, 0, 0, 0.437, 0.166, 0, 0, 0, 0, 0.028
BMS3X1, 0, 0, 0.178, 0.153, 0, 0, 0, 0, 0.019
Bact1, 0, 0, 0.028, 0.038, 0, 0, 0, 0, 0.017
Bact10, 0, 0, 0.109, 0.039, 0, 0, 0, 0, 0.011
Bact11, 0, 0, 0.018, 0.011, 0, 0, 0, 0, 0.007
Bact12, 0, 0, 0.017, 0.018, 0, 0, 0, 0, 0.013
Bact13, 0, 0, 0.016, 0.019, 0, 0, 0, 0, 0.011
Bact14, 0, 0, 0.02, 0.021, 0, 0, 0, 0, 0.016
Bact16, 0, 0, 0.014, 0.011, 0, 0, 0, 0, 0.009
Bact17, 0, 0, 0.026, 0.025, 0, 0, 0, 0, 0.015
Bact18, 0, 0, 0.011, 0.01, 0, 0, 0, 0, 0.008
Bact19, 1, 0, 0.007, 0.018, 1, 0, 1, 0.961, 0.043
Bact2, 0, 0, 0.01, 0.008, 0, 0, 0, 0, 0.006
Bact20, 0, 0, 0.021, 0.025, 0, 0, 0, 0, 0.012
Bact21, 0, 0, 0.103, 0.084, 0, 0, 0, 0, 0.005
Bact22, 0, 0, 0.016, 0.016, 0, 0, 0, 0, 0.012
Bact23, 1, 0, 0.012, 0.019, 1, 0, 1, 0.146, 0.863
Bact24, 0, 0, 0.012, 0.016, 0, 0, 0, 0, 0.01
Bact25, 0, 0, 0.014, 0.013, 0, 0, 0, 0, 0.007
Bact27, 0, 0, 0.02, 0.018, 0, 0, 0, 0, 0.012
Bact28, 0, 0, 0.157, 0.013, 0, 0, 0, 0, 0.008
Bact29, 1, 0.001, 0.013, 0.451, 1, 0, 1, 0.3, 0.71
Bact3, 0, 0, 0.018, 0.02, 0, 0, 0, 0, 0.014
Bact30, 0, 0, 0.016, 0.016, 0, 0, 0, 0, 0.012
Bact31, 0, 0, 0.011, 0.011, 0, 0, 0, 0, 0.007
Bact32, 0, 0, 0.012, 0.012, 0, 0, 0, 0, 0.008
Bact33, 0, 0, 0.383, 0.126, 0, 0, 0, 0, 0.015
Bact34, 0, 0, 0.047, 0.024, 0, 0, 0, 0, 0.013
Bact35, 0, 0, 0.013, 0.012, 0, 0, 0, 0, 0.008
Bact36, 0, 0, 0.02, 0.021, 0, 0, 0, 0, 0.014
Bact37, 0, 0, 0.013, 0.012, 0, 0, 0, 0, 0.012
Bact38, 0, 0, 0.013, 0.01, 0, 0, 0, 0, 0.009
Bact39, 2, 0.001, 0.015, 0.422, 1, 0, 2, 0.364, 1.646
Bact4, 0, 0, 0.016, 0.01, 0, 0, 0, 0, 0.01
Bact40, 0, 0, 0.011, 0.012, 0, 0, 0, 0, 0.007
Bact41, 0, 0, 0.009, 0.006, 0, 0, 0, 0, 0.005
Bact42, 0, 0, 0.009, 0.013, 0, 0, 0, 0, 0.008
Bact43, 0, 0, 0.016, 0.016, 0, 0, 0, 0, 0.01
Bact44, 1, 0, 0.014, 0.027, 1, 0, 1, 0.956, 0.054
Bact5, 0, 0, 0.024, 0.029, 0, 0, 0, 0, 0.019
Bact6, 0, 0, 0.026, 0.017, 0, 0, 0, 0, 0.008
Bact7, 0, 0, 0.014, 0.019, 0, 0, 0, 0, 0.006
Bact8, 0, 0, 0.016, 0.019, 0, 0, 0, 0, 0.008
Bact9, 0, 0, 0.306, 0.149, 0, 0, 0, 0, 0.004
Bdell10, 0, 0, 0.047, 0.043, 0, 0, 0, 0, 0.013
Bdell11, 0, 0, 0.012, 0.009, 0, 0, 0, 0, 0.005
Bdell12, 1, 0, 0.012, 0.011, 1, 0, 1, 0.999, 0.009
Bdell13, 0, 0, 0.265, 0.074, 0, 0, 0, 0, 0.014
Bdell14, 0, 0, 0.023, 0.025, 0, 0, 0, 0, 0.014
Bdell15, 0, 0, 0.008, 0.008, 0, 0, 0, 0, 0.005
Bdell16, 0, 0, 0.033, 0.023, 0, 0, 0, 0, 0.007
Bdell17, 0, 0, 0.035, 0.034, 0, 0, 0, 0, 0.009
Bdell2, 0, 0, 0.052, 0.039, 0, 0, 0, 0, 0.018
Bdell3, 1, 0, 0.014, 0.015, 1, 0, 1, 0.999, 0.011
Bdell4, 0, 0, 0.017, 0.019, 0, 0, 0, 0, 0.008
Bdell5, 0, 0, 0.018, 0.017, 0, 0, 0, 0, 0.013
Bdell6, 0, 0, 0.087, 0.068, 0, 0, 0, 0, 0.014
Bdell7, 0, 0, 0.016, 0.014, 0, 0, 0, 0, 0.011
Bdell9, 0, 0, 0.009, 0.009, 0, 0, 0, 0, 0.006
BdellC1, 0, 0, 0.019, 0.019, 0, 0, 0, 0, 0.01
BdellC2, 0, 0, 0.021, 0.017, 0, 0, 0, 0, 0.012
Bipo1, 0, 0, 0.216, 0.079, 0, 0, 0, 0, 0.017
Bipo2, 1, 0.001, 0.016, 0.304, 1, 0, 1, 0.194, 0.816
CG267X1, 0, 0, 0.047, 0.041, 0, 0, 0, 0, 0.009
CG294X1, 0, 0, 0.049, 0.035, 0, 0, 0, 0, 0.011
CSP1X1, 0, 0, 0.067, 0.049, 0, 0, 0, 0, 0.028
Calda1, 0, 0, 0.04, 0.047, 0, 0, 0, 0, 0.033
Calda2, 0, 0, 0.031, 0.032, 0, 0, 0, 0, 0.024
Caldit1, 0, 0, 0.021, 0.021, 0, 0, 0, 0, 0.017
Caldit2, 0, 0, 0.012, 0.012, 0, 0, 0, 0, 0.008
Caldit3, 0, 0, 0.015, 0.015, 0, 0, 0, 0, 0.013
Camp1, 0, 0, 0.026, 0.023, 0, 0, 0, 0, 0.009
Camp10, 0, 0, 0.186, 0.057, 0, 0, 0, 0, 0.008
Camp11, 1, 0, 0.049, 0.28, 1, 0, 1, 0.283, 0.728
Camp12, 0, 0, 0.209, 0.078, 0, 0, 0, 0, 0.01
Camp13, 0, 0, 0.022, 0.02, 0, 0, 0, 0, 0.012
Camp14, 1, 0, 0.021, 0.047, 1, 0, 1, 0.183, 0.827
Camp15, 0, 0, 0.21, 0.043, 0, 0, 0, 0, 0.016
Camp16, 1, 0.001, 0.085, 1.606, 1, 0, 1, 0.944, 0.064
Camp2, 0, 0, 0.019, 0.016, 0, 0, 0, 0, 0.009
Camp3, 0, 0, 0.032, 0.027, 0, 0, 0, 0, 0.015
Camp4, 1, 0.003, 0.185, 0.826, 1, 0, 1, 0.845, 0.162
Camp5, 1, 0, 0.027, 0.072, 1, 0, 1, 0.166, 0.849
Camp6, 0, 0, 0.013, 0.014, 0, 0, 0, 0, 0.008
Camp7, 0, 0, 0.202, 0.035, 0, 0, 0, 0, 0.008
Camp9, 0, 0, 0.015, 0.014, 0, 0, 0, 0, 0.01
Chlo10, 0, 0, 1.023, 0.021, 0, 0, 0, 0, 0.009
Chlo11, 0, 0.001, 0.034, 0.035, 0, 0, 0, 0, 0.019
Chlo12, 1, 0, 0.016, 0.035, 1, 0, 1, 0.95, 0.059
Chlo13, 0, 0, 0.101, 0.037, 0, 0, 0, 0, 0.009
Chlo14, 0, 0, 0.044, 0.025, 0, 0, 0, 0, 0.012
Chlo15, 0, 0, 0.022, 0.017, 0, 0, 0, 0, 0.008
Chlo16, 0, 0, 0.027, 0.026, 0, 0, 0, 0, 0.018
Chlo17, 1, 0, 0.018, 0.017, 1, 0, 1, 1, 0.013
Chlo18, 0, 0, 0.045, 0.041, 0, 0, 0, 0, 0.009
Chlo19, 0, 0, 0.018, 0.02, 0, 0, 0, 0, 0.013
Chlo20, 0, 0.001, 0.169, 0.067, 0, 0, 0, 0, 0.008
Chlo21, 0, 0, 0.012, 0.019, 0, 0, 0, 0, 0.01
Chlo22, 1, 0, 0.027, 0.032, 1, 0, 1, 1, 0.019
Chlo23, 0, 0, 0.151, 0.111, 0, 0, 0, 0, 0.015
Chlo24, 0, 0, 0.964, 0.018, 0, 0, 0, 0, 0.007
Chlo25, 0, 0, 0.022, 0.017, 0, 0, 0, 0, 0.008
Chlo26, 0, 0, 0.027, 0.026, 0, 0, 0, 0, 0.013
Chlo27, 1, 0.001, 0.096, 0.377, 1, 0, 1, 0.481, 0.533
Chlo28, 0, 0, 0.065, 0.052, 0, 0, 0, 0, 0.014
Chlo29, 0, 0, 0.931, 0.038, 0, 0, 0, 0, 0.012
Chlo30, 1, 0.001, 0.238, 0.53, 1, 0, 1, 0.258, 0.755
Chlo31, 0, 0, 0.03, 0.028, 0, 0, 0, 0, 0.016
Chlo32, 1, 0, 0.029, 1.095, 1, 0, 1, 0.997, 0.014
Chlo33, 0, 0, 0.124, 0.101, 0, 0, 0, 0, 0.013
Chlo34, 0, 0, 0.028, 0.017, 0, 0, 0, 0, 0.011
Chlo35, 0, 0, 0.012, 0.012, 0, 0, 0, 0, 0.01
Chlo36, 1, 0.001, 0.022, 0.463, 1, 0, 1, 0.281, 0.729
Chlo37, 1, 0.001, 0.275, 0.563, 1, 0, 1, 0.217, 0.792
Chlo38, 0, 0, 0.013, 0.014, 0, 0, 0, 0, 0.008
Chlo39, 0, 0, 0.017, 0.016, 0, 0, 0, 0, 0.01
Chlo4, 2, 0, 0.019, 0.052, 1, 0, 2, 1.793, 0.221
Chlo40, 0, 0, 0.307, 0.089, 0, 0, 0, 0, 0.015
Chlo41, 0, 0, 0.011, 0.011, 0, 0, 0, 0, 0.004
Chlo42, 0, 0, 0.029, 0.025, 0, 0, 0, 0, 0.012
Chlo43, 0, 0, 0.085, 0.052, 0, 0, 0, 0, 0.016
Chlo44, 1, 0, 0.012, 0.011, 1, 0, 1, 0.999, 0.007
Chlo45, 0, 0, 0.311, 0.101, 0, 0, 0, 0, 0.01
Chlo46, 1, 0, 0.076, 0.358, 1, 0, 1, 0.236, 0.775
Chlo47, 1, 0, 0.031, 0.022, 1, 0, 1, 0.997, 0.011
Chlo48, 1, 0, 0.029, 0.031, 1, 0, 1, 0.999, 0.015
Chlo5, 0, 0, 0.02, 0.021, 0, 0, 0, 0, 0.011
Chlo6, 0, 0, 0.058, 0.059, 0, 0, 0, 0, 0.022
Chlo7, 0, 0, 0.031, 0.026, 0, 0, 0, 0, 0.017
Chlo8, 1, 0.002, 0.018, 0.259, 1, 0, 1, 0.462, 0.549
Chlo9, 0, 0, 0.048, 0.027, 0, 0, 0, 0, 0.014
Chry1, 1, 0, 0.085, 0.095, 1, 0, 1, 0.003, 1.019
Cloa1, 0, 0, 0.065, 0.051, 0, 0, 0, 0, 0.025
Cyan1, 0, 0, 0.029, 0.031, 0, 0, 0, 0, 0.015
Cyan10, 1, 0, 0.339, 0.086, 1, 0, 1, 0.998, 0.013
Cyan11, 1, 0.001, 0.971, 0.414, 1, 0, 1, 0.297, 0.715
Cyan12, 1, 0, 0.017, 0.018, 1, 0, 1, 0.994, 0.015
Cyan13, 0, 0, 1.009, 0.022, 0, 0, 0, 0, 0.011
Cyan14, 2, 0.001, 0.871, 0.557, 1, 0, 2, 0.7, 1.307
Cyan15, 1, 0, 0.716, 0.126, 1, 0, 1, 0.86, 0.153
Cyan16, 1, 0, 1.132, 0.144, 1, 0, 1, 0.475, 0.535
Cyan18, 1, 0, 0.016, 0.019, 1, 0, 1, 0.993, 0.018
Cyan19, 1, 0, 1.009, 0.207, 1, 0, 1, 0.953, 0.057
Cyan2, 0, 0, 0.021, 0.017, 0, 0, 0, 0, 0.007
Cyan20, 1, 0, 0.039, 0.038, 1, 0, 1, 0.997, 0.027
Cyan21, 1, 0, 1.015, 0.014, 1, 0, 1, 0.05, 0.961
Cyan22, 1, 0, 0.31, 0.019, 1, 0, 1, 0.999, 0.007
Cyan23, 1, 0.002, 0.377, 0.801, 1, 0, 1, 0.934, 0.078
Cyan24, 1, 0, 1.165, 0.364, 1, 0, 1, 0.035, 0.98
Cyan25, 1, 0, 1.243, 0.102, 1, 0, 1, 0.922, 0.083
Cyan26, 1, 0, 0.346, 0.097, 1, 0, 1, 0.921, 0.091
Cyan27, 2, 0, 0.915, 0.038, 1, 0, 2, 1.957, 0.056
Cyan28, 1, 0, 0.017, 0.018, 1, 0, 1, 0.06, 0.954
Cyan29, 2, 0.001, 0.23, 0.336, 1, 0, 2, 1.37, 0.632
Cyan3, 1, 0.002, 1.012, 0.705, 1, 0, 1, 0.115, 0.893
Cyan30, 1, 0, 0.019, 0.016, 1, 0, 1, 1, 0.008
Cyan31, 1, 0, 0.018, 0.064, 1, 0, 1, 1, 0.01
Cyan32, 1, 0, 0.26, 0.44, 1, 0, 1, 0.998, 0.01
Cyan33, 1, 0, 0.064, 0.012, 1, 0, 1, 0.999, 0.01
Cyan34, 1, 0, 0.022, 0.02, 1, 0, 1, 1, 0.014
Cyan35, 1, 0, 0.239, 0.022, 1, 0, 1, 1, 0.007
Cyan36, 1, 0, 0.178, 0.087, 1, 0, 1, 0.999, 0.01
Cyan37, 1, 0, 1.02, 0.085, 1, 0, 1, 0.001, 1.012
Cyan38, 1, 0, 0.02, 0.011, 1, 0, 1, 0.998, 0.013
Cyan4, 0, 0, 0.012, 0.013, 0, 0, 0, 0, 0.007
Cyan40, 2, 0, 0.889, 0.066, 1, 0, 2, 1.984, 0.03
Cyan41, 1, 0, 0.075, 0.028, 1, 0, 1, 0.999, 0.013
Cyan42, 1, 0, 0.13, 0.384, 1, 0, 1, 0.999, 0.013
Cyan43, 1, 0, 1.108, 0.295, 1, 0, 1, 0.992, 0.02
Cyan44, 2, 0, 0.081, 0.047, 1, 0, 2, 1.997, 0.016
Cyan45, 2, 0.001, 0.016, 0.224, 1, 0, 2, 1.32, 0.689
Cyan46, 1, 0, 1.013, 0.509, 1, 0, 1, 0.249, 0.763
Cyan47, 2, 0, 0.081, 0.059, 1, 0, 2, 1.997, 0.016
Cyan7, 0, 0, 0.219, 0.044, 0, 0, 0, 0, 0.011
Cyan8, 0, 0, 0.017, 0.014, 0, 0, 0, 0, 0.007
Cyan9, 0, 0, 0.014, 0.011, 0, 0, 0, 0, 0.009
DTU0X1, 0, 0, 0.011, 0.01, 0, 0, 0, 0, 0.01
Defe1, 0, 0, 0.057, 0.036, 0, 0, 0, 0, 0.01
Defe2, 0, 0, 0.196, 0.055, 0, 0, 0, 0, 0.009
Defe3, 1, 0.002, 0.021, 0.61, 1, 0, 1, 0.179, 0.832
Dein1, 0, 0, 0.96, 0.022, 0, 0, 0, 0, 0.009
Dein2, 1, 0, 0.221, 0.381, 1, 0, 1, 0.26, 0.751
Dein3, 0, 0, 0.966, 0.029, 0, 0, 0, 0, 0.015
Dein4, 1, 0, 0.067, 0.065, 1, 0, 1, 0.999, 0.011
Dein5, 1, 0.001, 0.022, 0.058, 1, 0, 1, 0.942, 0.07
Dein6, 1, 0, 0.064, 0.054, 1, 0, 1, 0.999, 0.008
Dein7, 1, 0, 0.016, 0.041, 1, 0, 1, 0.944, 0.065
Desa1, 0, 0, 0.09, 0.079, 0, 0, 0, 0, 0.023
DesuB1, 0, 0, 0.253, 0.046, 0, 0, 0, 0, 0.015
DesuB2, 1, 0, 0.056, 0.065, 1, 0, 1, 0.191, 0.818
DesuB3, 1, 0, 0.017, 0.015, 1, 0, 1, 0.999, 0.007
DesuB4, 1, 0, 0.025, 0.021, 1, 0, 1, 0.999, 0.015
DesuC1, 0, 0, 0.056, 0.046, 0, 0, 0, 0, 0.008
DesuC2, 0, 0, 0.063, 0.051, 0, 0, 0, 0, 0.015
DesuD1, 1, 0, 0.302, 0.035, 1, 0, 1, 1, 0.012
DesuD2, 2, 0, 0.04, 0.044, 1, 0, 2, 1.261, 0.75
Desua1, 0, 0, 0.025, 0.031, 0, 0, 0, 0, 0.021
Desua10, 0, 0, 0.01, 0.008, 0, 0, 0, 0, 0.007
Desua11, 0, 0, 0.013, 0.01, 0, 0, 0, 0, 0.009
Desua12, 0, 0, 0.013, 0.015, 0, 0, 0, 0, 0.011
Desua13, 0, 0, 0.016, 0.015, 0, 0, 0, 0, 0.011
Desua14, 0, 0, 0.015, 0.016, 0, 0, 0, 0, 0.008
Desua15, 0, 0, 0.012, 0.01, 0, 0, 0, 0, 0.007
Desua16, 0, 0, 0.02, 0.02, 0, 0, 0, 0, 0.015
Desua17, 0, 0, 0.009, 0.012, 0, 0, 0, 0, 0.006
Desua18, 0, 0, 0.018, 0.019, 0, 0, 0, 0, 0.009
Desua19, 0, 0, 0.023, 0.021, 0, 0, 0, 0, 0.012
Desua2, 0, 0, 0.018, 0.02, 0, 0, 0, 0, 0.014
Desua20, 0, 0, 0.023, 0.023, 0, 0, 0, 0, 0.012
Desua21, 0, 0, 0.014, 0.016, 0, 0, 0, 0, 0.01
Desua22, 0, 0, 0.014, 0.014, 0, 0, 0, 0, 0.006
Desua23, 0, 0, 0.019, 0.018, 0, 0, 0, 0, 0.011
Desua24, 0, 0, 0.021, 0.017, 0, 0, 0, 0, 0.008
Desua25, 0, 0, 0.016, 0.014, 0, 0, 0, 0, 0.009
Desua26, 0, 0, 0.014, 0.017, 0, 0, 0, 0, 0.009
Desua27, 0, 0, 0.016, 0.017, 0, 0, 0, 0, 0.012
Desua28, 1, 0, 0.024, 0.026, 1, 0, 1, 0.999, 0.013
Desua29, 0, 0, 0.009, 0.008, 0, 0, 0, 0, 0.004
Desua3, 0, 0, 0.013, 0.016, 0, 0, 0, 0, 0.011
Desua30, 0, 0, 0.018, 0.022, 0, 0, 0, 0, 0.013
Desua31, 0, 0, 0.014, 0.016, 0, 0, 0, 0, 0.01
Desua32, 0, 0, 0.015, 0.015, 0, 0, 0, 0, 0.01
Desua33, 0, 0, 0.015, 0.015, 0, 0, 0, 0, 0.011
Desua34, 0, 0, 0.009, 0.008, 0, 0, 0, 0, 0.005
Desua35, 1, 0, 0.023, 0.018, 1, 0, 1, 0.999, 0.012
Desua36, 1, 0.002, 0.009, 0.44, 1, 0, 1, 0.31, 0.694
Desua37, 0, 0, 0.034, 0.032, 0, 0, 0, 0, 0.014
Desua38, 0, 0, 0.323, 0.193, 0, 0, 0, 0, 0.01
Desua39, 0, 0, 0.11, 0.05, 0, 0, 0, 0, 0.01
Desua4, 0, 0, 0.023, 0.026, 0, 0, 0, 0, 0.016
Desua40, 0, 0, 0.018, 0.022, 0, 0, 0, 0, 0.014
Desua41, 0, 0, 0.026, 0.029, 0, 0, 0, 0, 0.012
Desua42, 0, 0, 0.013, 0.011, 0, 0, 0, 0, 0.009
Desua43, 0, 0, 0.012, 0.012, 0, 0, 0, 0, 0.009
Desua44, 0, 0, 0.038, 0.031, 0, 0, 0, 0, 0.008
Desua45, 0, 0, 0.037, 0.04, 0, 0, 0, 0, 0.028
Desua46, 0, 0, 0.019, 0.021, 0, 0, 0, 0, 0.012
Desua47, 0, 0, 0.016, 0.014, 0, 0, 0, 0, 0.011
Desua48, 0, 0, 0.015, 0.019, 0, 0, 0, 0, 0.011
Desua49, 0, 0, 0.018, 0.022, 0, 0, 0, 0, 0.014
Desua5, 0, 0, 0.237, 0.175, 0, 0, 0, 0, 0.043
Desua50, 0, 0, 0.018, 0.02, 0, 0, 0, 0, 0.013
Desua51, 0, 0, 0.03, 0.023, 0, 0, 0, 0, 0.01
Desua52, 0, 0, 0.012, 0.011, 0, 0, 0, 0, 0.009
Desua53, 0, 0, 0.029, 0.025, 0, 0, 0, 0, 0.009
Desua54, 0, 0, 0.021, 0.024, 0, 0, 0, 0, 0.017
Desua6, 0, 0, 0.021, 0.023, 0, 0, 0, 0, 0.012
Desua7, 0, 0, 0.02, 0.018, 0, 0, 0, 0, 0.011
Desua8, 0, 0, 0.021, 0.017, 0, 0, 0, 0, 0.017
Desua9, 0, 0, 0.026, 0.029, 0, 0, 0, 0, 0.023
Dict1, 0, 0, 0.038, 0.044, 0, 0, 0, 0, 0.027
Dorm1, 0, 0, 1.002, 0.029, 0, 0, 0, 0, 0.019
Dorm2, 1, 0, 0.02, 0.025, 1, 0, 1, 0.973, 0.037
Dorm3, 1, 0, 0.213, 0.075, 1, 0, 1, 0.428, 0.581
Dorm4, 1, 0, 0.02, 0.024, 1, 0, 1, 0.973, 0.038
Dorm5, 0, 0, 0.981, 0.019, 0, 0, 0, 0, 0.01
Edwa1, 0, 0, 0.029, 0.028, 0, 0, 0, 0, 0.02
Eise1, 0, 0, 0.011, 0.013, 0, 0, 0, 0, 0.006
Eise2, 0, 0, 0.014, 0.015, 0, 0, 0, 0, 0.009
Eise3, 0, 0, 0.02, 0.019, 0, 0, 0, 0, 0.01
Eise4, 0, 0, 0.021, 0.021, 0, 0, 0, 0, 0.011
Elus1, 0, 0, 0.035, 0.036, 0, 0, 0, 0, 0.023
Elus10, 0, 0, 0.014, 0.016, 0, 0, 0, 0, 0.01
Elus2, 0, 0, 0.012, 0.01, 0, 0, 0, 0, 0.01
Elus3, 0, 0, 0.014, 0.019, 0, 0, 0, 0, 0.01
Elus4, 0, 0, 0.021, 0.023, 0, 0, 0, 0, 0.017
Elus5, 0, 0, 0.009, 0.011, 0, 0, 0, 0, 0.007
Elus6, 0, 0, 0.016, 0.015, 0, 0, 0, 0, 0.012
Elus7, 0, 0, 0.012, 0.013, 0, 0, 0, 0, 0.009
Elus8, 0, 0, 0.012, 0.012, 0, 0, 0, 0, 0.008
Elus9, 0, 0, 0.016, 0.023, 0, 0, 0, 0, 0.012
Erem2, 0, 0, 0.022, 0.019, 0, 0, 0, 0, 0.012
Erem3, 0, 0, 0.013, 0.012, 0, 0, 0, 0, 0.009
Erem4, 0, 0, 0.022, 0.019, 0, 0, 0, 0, 0.015
Erem5, 0, 0, 0.017, 0.018, 0, 0, 0, 0, 0.01
Erem6, 0, 0, 0.016, 0.016, 0, 0, 0, 0, 0.009
FCPU1, 1, 0, 0.022, 0.016, 1, 0, 1, 0.999, 0.009
FCPU2, 1, 0, 0.019, 0.019, 1, 0, 1, 0.999, 0.006
Ferm1, 0, 0, 0.018, 0.018, 0, 0, 0, 0, 0.017
Fibr1, 2, 0, 0.01, 0.364, 1, 0, 2, 0.244, 1.762
Fibr2, 0, 0, 0.012, 0.007, 0, 0, 0, 0, 0.006
Fibr3, 0, 0, 0.045, 0.03, 0, 0, 0, 0, 0.017
Fibr4, 0, 0, 0.015, 0.017, 0, 0, 0, 0, 0.009
Fibr5, 0, 0, 0.266, 0.055, 0, 0, 0, 0, 0.018
Fibr6, 0, 0, 0.022, 0.017, 0, 0, 0, 0, 0.01
Fire1, 0, 0, 0.112, 0.071, 0, 0, 0, 0, 0.016
FirmA1, 0, 0, 0.025, 0.023, 0, 0, 0, 0, 0.01
FirmA10, 0, 0, 0.016, 0.013, 0, 0, 0, 0, 0.01
FirmA100, 0, 0, 0.018, 0.017, 0, 0, 0, 0, 0.009
FirmA101, 0, 0, 0.009, 0.009, 0, 0, 0, 0, 0.006
FirmA102, 0, 0, 0.422, 0.153, 0, 0, 0, 0, 0.011
FirmA103, 1, 0.001, 0.016, 0.258, 1, 0, 1, 0.312, 0.695
FirmA104, 0, 0, 0.01, 0.009, 0, 0, 0, 0, 0.009
FirmA105, 0, 0, 0.019, 0.018, 0, 0, 0, 0, 0.012
FirmA106, 0, 0, 0.032, 0.03, 0, 0, 0, 0, 0.012
FirmA107, 0, 0, 0.016, 0.019, 0, 0, 0, 0, 0.016
FirmA108, 0, 0, 0.017, 0.017, 0, 0, 0, 0, 0.014
FirmA109, 0, 0, 0.016, 0.014, 0, 0, 0, 0, 0.01
FirmA11, 0, 0, 0.036, 0.032, 0, 0, 0, 0, 0.024
FirmA110, 0, 0, 0.013, 0.01, 0, 0, 0, 0, 0.008
FirmA111, 0, 0, 0.052, 0.034, 0, 0, 0, 0, 0.011
FirmA112, 0, 0, 0.045, 0.028, 0, 0, 0, 0, 0.012
FirmA113, 0, 0, 0.016, 0.018, 0, 0, 0, 0, 0.014
FirmA114, 0, 0, 0.016, 0.014, 0, 0, 0, 0, 0.008
FirmA12, 0, 0, 0.68, 0.11, 0, 0, 0, 0, 0.008
FirmA14, 0, 0, 0.012, 0.012, 0, 0, 0, 0, 0.01
FirmA16, 1, 0, 0.024, 0.224, 1, 0, 1, 0.247, 0.769
FirmA18, 0, 0, 0.329, 0.088, 0, 0, 0, 0, 0.009
FirmA19, 0, 0, 0.016, 0.016, 0, 0, 0, 0, 0.013
FirmA2, 0, 0, 0.348, 0.112, 0, 0, 0, 0, 0.02
FirmA20, 0, 0, 0.016, 0.016, 0, 0, 0, 0, 0.007
FirmA21, 0, 0, 0.008, 0.005, 0, 0, 0, 0, 0.004
FirmA24, 0, 0, 0.027, 0.03, 0, 0, 0, 0, 0.024
FirmA25, 0, 0, 0.022, 0.028, 0, 0, 0, 0, 0.016
FirmA26, 1, 0.006, 0.261, 2.773, 1, 0, 1, 0.834, 0.166
FirmA27, 0, 0, 0.016, 0.017, 0, 0, 0, 0, 0.008
FirmA28, 0, 0, 0.023, 0.03, 0, 0, 0, 0, 0.019
FirmA29, 0, 0, 0.021, 0.021, 0, 0, 0, 0, 0.017
FirmA30, 0, 0, 0.011, 0.009, 0, 0, 0, 0, 0.006
FirmA31, 0, 0, 0.021, 0.022, 0, 0, 0, 0, 0.01
FirmA32, 0, 0, 0.01, 0.01, 0, 0, 0, 0, 0.007
FirmA33, 0, 0, 0.014, 0.013, 0, 0, 0, 0, 0.012
FirmA34, 0, 0, 0.109, 0.041, 0, 0, 0, 0, 0.008
FirmA35, 0, 0, 0.012, 0.013, 0, 0, 0, 0, 0.011
FirmA36, 0, 0, 0.01, 0.012, 0, 0, 0, 0, 0.009
FirmA37, 0, 0, 0.022, 0.017, 0, 0, 0, 0, 0.013
FirmA38, 0, 0, 0.016, 0.015, 0, 0, 0, 0, 0.013
FirmA39, 0, 0, 0.016, 0.017, 0, 0, 0, 0, 0.009
FirmA40, 0, 0, 0.019, 0.02, 0, 0, 0, 0, 0.014
FirmA41, 1, 0.001, 0.267, 0.173, 1, 0, 1, 0.838, 0.177
FirmA42, 0, 0, 0.015, 0.014, 0, 0, 0, 0, 0.012
FirmA43, 0, 0, 0.013, 0.01, 0, 0, 0, 0, 0.006
FirmA44, 0, 0, 0.012, 0.017, 0, 0, 0, 0, 0.006
FirmA45, 0, 0, 0.016, 0.014, 0, 0, 0, 0, 0.011
FirmA46, 0, 0, 0.017, 0.012, 0, 0, 0, 0, 0.008
FirmA47, 0, 0, 0.012, 0.013, 0, 0, 0, 0, 0.008
FirmA48, 0, 0, 0.009, 0.011, 0, 0, 0, 0, 0.008
FirmA49, 0, 0, 0.019, 0.02, 0, 0, 0, 0, 0.016
FirmA5, 0, 0, 0.018, 0.022, 0, 0, 0, 0, 0.013
FirmA50, 0, 0, 0.019, 0.019, 0, 0, 0, 0, 0.011
FirmA51, 0, 0, 0.018, 0.022, 0, 0, 0, 0, 0.014
FirmA52, 0, 0, 0.01, 0.01, 0, 0, 0, 0, 0.01
FirmA53, 0, 0, 0.012, 0.012, 0, 0, 0, 0, 0.011
FirmA54, 0, 0, 0.014, 0.011, 0, 0, 0, 0, 0.008
FirmA55, 0, 0, 0.024, 0.022, 0, 0, 0, 0, 0.018
FirmA56, 0, 0, 0.011, 0.009, 0, 0, 0, 0, 0.005
FirmA57, 0, 0, 0.025, 0.018, 0, 0, 0, 0, 0.013
FirmA58, 0, 0, 0.019, 0.023, 0, 0, 0, 0, 0.017
FirmA59, 0, 0, 0.015, 0.016, 0, 0, 0, 0, 0.014
FirmA6, 0, 0, 0.013, 0.014, 0, 0, 0, 0, 0.01
FirmA60, 0, 0, 0.012, 0.01, 0, 0, 0, 0, 0.006
FirmA61, 0, 0, 0.025, 0.025, 0, 0, 0, 0, 0.018
FirmA62, 0, 0, 0.01, 0.012, 0, 0, 0, 0, 0.007
FirmA63, 0, 0, 0.013, 0.01, 0, 0, 0, 0, 0.007
FirmA64, 0, 0, 0.016, 0.018, 0, 0, 0, 0, 0.014
FirmA65, 0, 0, 0.01, 0.006, 0, 0, 0, 0, 0.005
FirmA66, 0, 0, 0.018, 0.02, 0, 0, 0, 0, 0.011
FirmA67, 0, 0, 0.101, 0.044, 0, 0, 0, 0, 0.008
FirmA68, 0, 0, 0.02, 0.023, 0, 0, 0, 0, 0.014
FirmA69, 0, 0, 0.015, 0.015, 0, 0, 0, 0, 0.011
FirmA7, 0, 0, 0.607, 0.094, 0, 0, 0, 0, 0.009
FirmA70, 0, 0, 0.017, 0.016, 0, 0, 0, 0, 0.009
FirmA71, 0, 0, 0.024, 0.025, 0, 0, 0, 0, 0.016
FirmA72, 0, 0, 0.025, 0.02, 0, 0, 0, 0, 0.017
FirmA73, 0, 0, 0.019, 0.02, 0, 0, 0, 0, 0.011
FirmA74, 0, 0, 0.015, 0.014, 0, 0, 0, 0, 0.009
FirmA75, 0, 0, 0.008, 0.008, 0, 0, 0, 0, 0.006
FirmA76, 1, 0.002, 0.044, 0.343, 1, 0, 1, 0.382, 0.631
FirmA77, 0, 0, 0.02, 0.015, 0, 0, 0, 0, 0.012
FirmA78, 0, 0, 0.007, 0.009, 0, 0, 0, 0, 0.006
FirmA79, 1, 0, 0.01, 0.107, 1, 0, 1, 0.088, 0.917
FirmA8, 0, 0, 0.027, 0.029, 0, 0, 0, 0, 0.024
FirmA80, 1, 0.001, 0.018, 0.197, 1, 0, 1, 0.096, 0.916
FirmA81, 0, 0, 0.01, 0.012, 0, 0, 0, 0, 0.007
FirmA83, 0, 0, 0.019, 0.02, 0, 0, 0, 0, 0.016
FirmA84, 0, 0, 0.014, 0.01, 0, 0, 0, 0, 0.008
FirmA85, 0, 0, 0.011, 0.012, 0, 0, 0, 0, 0.011
FirmA86, 0, 0, 0.019, 0.013, 0, 0, 0, 0, 0.011
FirmA87, 1, 0.001, 0.018, 0.126, 1, 0, 1, 0.084, 0.927
FirmA88, 0, 0, 0.013, 0.011, 0, 0, 0, 0, 0.01
FirmA89, 0, 0, 0.019, 0.017, 0, 0, 0, 0, 0.014
FirmA9, 0, 0, 0.024, 0.028, 0, 0, 0, 0, 0.018
FirmA90, 0, 0, 0.043, 0.03, 0, 0, 0, 0, 0.01
FirmA91, 0, 0, 0.015, 0.012, 0, 0, 0, 0, 0.009
FirmA92, 0, 0, 0.02, 0.025, 0, 0, 0, 0, 0.014
FirmA93, 1, 0, 0.015, 0.18, 1, 0, 1, 0.668, 0.343
FirmA94, 0, 0, 0.008, 0.008, 0, 0, 0, 0, 0.006
FirmA95, 0, 0, 0.014, 0.019, 0, 0, 0, 0, 0.008
FirmA96, 0, 0, 0.018, 0.016, 0, 0, 0, 0, 0.012
FirmA97, 0, 0, 0.012, 0.01, 0, 0, 0, 0, 0.008
FirmA98, 0, 0, 0.016, 0.014, 0, 0, 0, 0, 0.008
FirmA99, 0, 0, 0.078, 0.039, 0, 0, 0, 0, 0.019
FirmB1, 0, 0, 0.01, 0.014, 0, 0, 0, 0, 0.006
FirmB10, 0, 0, 0.006, 0.006, 0, 0, 0, 0, 0.004
FirmB11, 0, 0, 0.013, 0.009, 0, 0, 0, 0, 0.007
FirmB12, 0, 0, 0.016, 0.014, 0, 0, 0, 0, 0.01
FirmB13, 0, 0, 0.015, 0.018, 0, 0, 0, 0, 0.009
FirmB14, 0, 0, 0.007, 0.006, 0, 0, 0, 0, 0.003
FirmB15, 0, 0, 0.007, 0.008, 0, 0, 0, 0, 0.004
FirmB16, 0, 0, 0.012, 0.008, 0, 0, 0, 0, 0.006
FirmB17, 0, 0, 0.014, 0.014, 0, 0, 0, 0, 0.011
FirmB2, 0, 0, 0.015, 0.018, 0, 0, 0, 0, 0.009
FirmB3, 0, 0, 0.013, 0.013, 0, 0, 0, 0, 0.009
FirmB4, 0, 0, 0.014, 0.017, 0, 0, 0, 0, 0.012
FirmB5, 0, 0, 0.03, 0.032, 0, 0, 0, 0, 0.025
FirmB6, 0, 0, 0.011, 0.01, 0, 0, 0, 0, 0.008
FirmB7, 0, 0, 0.007, 0.007, 0, 0, 0, 0, 0.004
FirmB8, 0, 0, 0.019, 0.016, 0, 0, 0, 0, 0.014
FirmB9, 0, 0, 0.013, 0.012, 0, 0, 0, 0, 0.011
FirmC1, 0, 0, 0.079, 0.053, 0, 0, 0, 0, 0.011
FirmC10, 0, 0, 0.1, 0.051, 0, 0, 0, 0, 0.006
FirmC11, 1, 0.001, 0.03, 0.156, 1, 0, 1, 0.805, 0.199
FirmC12, 0, 0, 0.023, 0.016, 0, 0, 0, 0, 0.008
FirmC13, 1, 0.001, 0.073, 0.446, 1, 0, 1, 0.232, 0.773
FirmC14, 0, 0, 0.104, 0.064, 0, 0, 0, 0, 0.01
FirmC15, 0, 0, 0.03, 0.028, 0, 0, 0, 0, 0.015
FirmC16, 1, 0.001, 0.016, 0.075, 1, 0, 1, 0.999, 0.01
FirmC17, 1, 0, 0.254, 0.085, 1, 0, 1, 0.058, 0.955
FirmC18, 1, 0, 0.01, 0.304, 1, 0, 1, 0.983, 0.018
FirmC19, 1, 0, 0.023, 0.028, 1, 0, 1, 0.989, 0.018
FirmC3, 0, 0, 0.841, 0.049, 0, 0, 0, 0, 0.011
FirmC4, 0, 0, 0.078, 0.05, 0, 0, 0, 0, 0.01
FirmC5, 0, 0, 0.139, 0.032, 0, 0, 0, 0, 0.012
FirmC6, 1, 0, 0.017, 0.034, 1, 0, 1, 1, 0.012
FirmC7, 1, 0, 0.795, 0.128, 1, 0, 1, 0.728, 0.288
FirmC8, 1, 0, 0.036, 0.139, 1, 0, 1, 0.823, 0.184
FirmC9, 1, 0, 0.201, 0.297, 1, 0, 1, 0.604, 0.405
FirmD1, 0, 0, 0.124, 0.087, 0, 0, 0, 0, 0.035
FirmD2, 1, 0.001, 0.02, 0.441, 1, 0, 1, 0.111, 0.906
FirmD3, 0, 0, 0.126, 0.057, 0, 0, 0, 0, 0.013
FirmD4, 0, 0, 0.046, 0.032, 0, 0, 0, 0, 0.016
FirmE1, 0, 0, 0.024, 0.014, 0, 0, 0, 0, 0.012
FirmE2, 0, 0, 0.06, 0.021, 0, 0, 0, 0, 0.016
FirmE3, 0, 0, 0.013, 0.012, 0, 0, 0, 0, 0.01
FirmE4, 0, 0, 0.018, 0.014, 0, 0, 0, 0, 0.009
FirmE5, 0, 0, 0.011, 0.014, 0, 0, 0, 0, 0.008
FirmE6, 0, 0, 0.021, 0.02, 0, 0, 0, 0, 0.012
FirmE7, 0, 0, 0.254, 0.068, 0, 0, 0, 0, 0.006
FirmE8, 1, 0, 0.017, 0.408, 1, 0, 1, 0.242, 0.769
FirmF1, 0, 0, 0.065, 0.032, 0, 0, 0, 0, 0.008
FirmF2, 1, 0, 0.017, 0.154, 1, 0, 1, 0.219, 0.791
FirmF3, 0, 0, 0.234, 0.04, 0, 0, 0, 0, 0.008
FirmG1, 0, 0, 0.013, 0.011, 0, 0, 0, 0, 0.009
FirmG2, 0, 0, 0.029, 0.03, 0, 0, 0, 0, 0.014
FirmG3, 0, 0, 0.022, 0.016, 0, 0, 0, 0, 0.011
FirmG4, 1, 0.001, 0.029, 0.407, 1, 0, 1, 0.112, 0.907
FirmG5, 0, 0, 0.021, 0.021, 0, 0, 0, 0, 0.017
FirmG6, 0, 0, 0.02, 0.022, 0, 0, 0, 0, 0.009
Firms1, 1, 0, 0.295, 0.113, 1, 0, 1, 0.822, 0.191
Firms10, 1, 0, 0.834, 0.422, 1, 0, 1, 0.281, 0.73
Firms11, 1, 0, 0.016, 0.014, 1, 0, 1, 1, 0.011
Firms12, 0, 0, 0.337, 0.021, 0, 0, 0, 0, 0.013
Firms13, 1, 0, 0.823, 0.015, 1, 0, 1, 0.137, 0.874
Firms15, 1, 0.001, 0.016, 0.878, 1, 0, 1, 0.999, 0.012
Firms16, 0, 0, 0.418, 0.049, 0, 0, 0, 0, 0.011
Firms17, 1, 0, 0.014, 0.012, 1, 0, 1, 1, 0.009
Firms18, 0, 0, 0.015, 0.014, 0, 0, 0, 0, 0.011
Firms2, 0, 0, 0.044, 0.045, 0, 0, 0, 0, 0.021
Firms20, 1, 0, 0.013, 0.018, 1, 0, 1, 0.395, 0.615
Firms21, 0, 0, 0.331, 0.036, 0, 0, 0, 0, 0.015
Firms22, 2, 0, 0.146, 0.393, 1, 0, 2, 1.008, 1.007
Firms23, 0, 0, 0.013, 0.015, 0, 0, 0, 0, 0.009
Firms24, 1, 0, 0.018, 0.015, 1, 0, 1, 1, 0.009
Firms25, 0, 0, 0.014, 0.017, 0, 0, 0, 0, 0.009
Firms26, 1, 0, 0.021, 0.015, 1, 0, 1, 1, 0.012
Firms27, 1, 0, 1.02, 0.017, 1, 0, 1, 0.13, 0.881
Firms28, 1, 0.001, 0.017, 0.512, 1, 0, 1, 0.111, 0.901
Firms29, 0, 0, 0.409, 0.015, 0, 0, 0, 0, 0.011
Firms3, 0, 0, 0.875, 0.04, 0, 0, 0, 0, 0.015
Firms30, 0, 0, 0.023, 0.031, 0, 0, 0, 0, 0.018
Firms31, 0, 0, 0.017, 0.019, 0, 0, 0, 0, 0.012
Firms32, 0, 0, 0.014, 0.014, 0, 0, 0, 0, 0.009
Firms33, 0, 0, 0.019, 0.015, 0, 0, 0, 0, 0.01
Firms4, 0, 0, 0.256, 0.069, 0, 0, 0, 0, 0.008
Firms5, 1, 0, 0.018, 0.018, 1, 0, 1, 0.998, 0.013
Firms6, 0, 0, 0.323, 0.1, 0, 0, 0, 0, 0.03
Firms7, 0, 0, 1.013, 0.018, 0, 0, 0, 0, 0.009
Firms8, 1, 0, 0.031, 0.028, 1, 0, 1, 0.999, 0.019
Firms9, 0, 0, 0.034, 0.026, 0, 0, 0, 0, 0.014
Fuso2, 0, 0, 0.057, 0.055, 0, 0, 0, 0, 0.027
Gemm2, 0, 0, 0.011, 0.011, 0, 0, 0, 0, 0.004
Gemm3, 1, 0, 0.007, 0.241, 1, 0, 1, 0.246, 0.758
Gemm4, 0, 0, 0.014, 0.015, 0, 0, 0, 0, 0.007
Gemm5, 0, 0, 0.034, 0.024, 0, 0, 0, 0, 0.014
Gemm6, 0, 0, 0.259, 0.128, 0, 0, 0, 0, 0.01
Gemm7, 0, 0, 0.029, 0.023, 0, 0, 0, 0, 0.009
Gemm8, 1, 0.001, 0.025, 0.207, 1, 0, 1, 0.113, 0.908
Gemm9, 0, 0.001, 0.086, 0.036, 0, 0, 0, 0, 0.013
GemmA1, 0, 0, 0.037, 0.047, 0, 0, 0, 0, 0.031
Gold1, 1, 0.001, 0.023, 0.169, 1, 0, 1, 0.177, 0.831
Gold2, 0, 0, 0.201, 0.096, 0, 0, 0, 0, 0.01
Hydr1, 1, 0, 0.083, 0.048, 1, 0, 1, 1, 0.007
Hydr2, 1, 0, 0.081, 0.048, 1, 0, 1, 1, 0.005
J088X1, 1, 0.001, 0.349, 0.328, 1, 0, 1, 0.949, 0.073
KSB1X1, 0, 0, 0.019, 0.017, 0, 0, 0, 0, 0.011
KSB1X2, 0, 0, 0.017, 0.018, 0, 0, 0, 0, 0.012
KSB1X3, 0, 0, 0.019, 0.021, 0, 0, 0, 0, 0.011
KSB1X4, 0, 0, 0.022, 0.026, 0, 0, 0, 0, 0.017
Krum1, 0, 0, 0.016, 0.024, 0, 0, 0, 0, 0.015
Late1, 1, 0, 0.018, 0.024, 1, 0, 1, 0.999, 0.013
Late2, 0, 0, 0.206, 0.139, 0, 0, 0, 0, 0.023
Late3, 1, 0, 0.019, 0.023, 1, 0, 1, 0.999, 0.014
Lind1, 1, 0, 0.287, 0.196, 1, 0, 1, 0.154, 0.859
Lind2, 1, 0.003, 0.242, 0.902, 1, 0, 1, 0.202, 0.811
Lind4, 1, 0.001, 0.071, 0.599, 1, 0, 1, 0.499, 0.52
Marg1, 0, 0, 0.009, 0.01, 0, 0, 0, 0, 0.006
Marg2, 1, 0.001, 0.016, 0.301, 1, 0, 1, 0.261, 0.748
Marg6, 0, 0, 0.019, 0.017, 0, 0, 0, 0, 0.016
Marg7, 0, 0, 0.28, 0.079, 0, 0, 0, 0, 0.013
Mari1, 0, 0, 0.014, 0.012, 0, 0, 0, 0, 0.008
Mari2, 0, 0, 0.014, 0.011, 0, 0, 0, 0, 0.011
Mari3, 0, 0, 0.011, 0.014, 0, 0, 0, 0, 0.008
Mari5, 0, 0, 0.023, 0.025, 0, 0, 0, 0, 0.018
Mari6, 0, 0, 0.02, 0.019, 0, 0, 0, 0, 0.014
Meth1, 1, 0, 0.084, 0.056, 1, 0, 1, 1, 0.008
Meth2, 1, 0, 0.086, 0.071, 1, 0, 1, 1, 0.01
Meth3, 1, 0, 0.022, 0.017, 1, 0, 1, 1, 0.012
Meth4, 1, 0, 0.024, 0.025, 1, 0, 1, 1, 0.014
Meth5, 1, 0, 0.017, 0.014, 1, 0, 1, 1, 0.005
Muir1, 0, 0, 0.036, 0.043, 0, 0, 0, 0, 0.032
MyxA1, 1, 0, 1.014, 0.06, 1, 0, 1, 0.058, 0.955
MyxA2, 1, 0, 0.024, 0.022, 1, 0, 1, 1, 0.014
MyxA3, 1, 0, 0.024, 0.02, 1, 0, 1, 0.999, 0.014
MyxA4, 1, 0, 0.064, 0.057, 1, 0, 1, 0.986, 0.026
Myxo1, 1, 0, 0.031, 0.044, 1, 0, 1, 0.395, 0.619
Myxo10, 0, 0, 0.029, 0.021, 0, 0, 0, 0, 0.011
Myxo11, 0, 0, 0.017, 0.019, 0, 0, 0, 0, 0.009
Myxo13, 0, 0, 0.022, 0.016, 0, 0, 0, 0, 0.014
Myxo14, 1, 0, 0.996, 0.028, 1, 0, 1, 0.197, 0.807
Myxo15, 0, 0, 0.015, 0.017, 0, 0, 0, 0, 0.008
Myxo17, 2, 0.002, 0.008, 0.013, 1, 0, 2, 1.676, 0.326
Myxo18, 0, 0, 0.021, 0.024, 0, 0, 0, 0, 0.014
Myxo19, 1, 0, 0.696, 0.118, 1, 0, 1, 0.998, 0.016
Myxo2, 0, 0, 0.428, 0.036, 0, 0, 0, 0, 0.016
Myxo3, 0, 0, 0.095, 0.039, 0, 0, 0, 0, 0.014
Myxo5, 1, 0, 0.049, 0.032, 1, 0, 1, 0.985, 0.022
Myxo6, 1, 0, 0.219, 0.05, 1, 0, 1, 0.985, 0.03
Myxo7, 0, 0, 0.026, 0.025, 0, 0, 0, 0, 0.018
Myxo8, 0, 0, 0.017, 0.016, 0, 0, 0, 0, 0.009
Myxo9, 0, 0, 0.178, 0.049, 0, 0, 0, 0, 0.008
NPL1, 0, 0, 0.087, 0.087, 0, 0, 0, 0, 0.03
Nitr1, 1, 0.001, 0.309, 0.717, 1, 0, 1, 0.499, 0.515
Nitr10, 1, 0, 0.022, 0.021, 1, 0, 1, 1, 0.017
Nitr11, 0, 0, 0.015, 0.011, 0, 0, 0, 0, 0.007
Nitr12, 0, 0, 0.016, 0.016, 0, 0, 0, 0, 0.01
Nitr13, 0, 0, 0.016, 0.012, 0, 0, 0, 0, 0.008
Nitr14, 0, 0, 0.018, 0.017, 0, 0, 0, 0, 0.012
Nitr15, 1, 0.003, 0.098, 0.532, 1, 0, 1, 0.97, 0.042
Nitr16, 0, 0, 0.015, 0.012, 0, 0, 0, 0, 0.007
Nitr17, 0, 0, 0.009, 0.008, 0, 0, 0, 0, 0.005
Nitr2, 0, 0, 0.036, 0.03, 0, 0, 0, 0, 0.015
Nitr3, 1, 0, 0.022, 0.019, 1, 0, 1, 1, 0.01
Nitr4, 1, 0, 0.021, 0.018, 1, 0, 1, 1, 0.011
Nitr5, 0, 0, 0.018, 0.018, 0, 0, 0, 0, 0.014
Nitr6, 1, 0, 0.015, 0.013, 1, 0, 1, 1, 0.01
Nitr7, 0, 0, 0.019, 0.015, 0, 0, 0, 0, 0.007
Nitr8, 1, 0, 0.771, 0.225, 1, 0, 1, 0.227, 0.784
Nitr9, 0, 0, 0.025, 0.035, 0, 0, 0, 0, 0.013
Nits1, 1, 0, 0.013, 0.012, 1, 0, 1, 1, 0.008
Nits2, 0, 0, 0.022, 0.013, 0, 0, 0, 0, 0.006
Nits3, 1, 0, 0.011, 0.01, 1, 0, 1, 1, 0.006
Nits4, 0, 0, 0.028, 0.032, 0, 0, 0, 0, 0.012
NitsA1, 1, 0, 0.04, 0.035, 1, 0, 1, 0.997, 0.022
NitsA2, 1, 0, 0.032, 0.027, 1, 0, 1, 0.997, 0.014
NitsA3, 0, 0, 0.42, 0.018, 0, 0, 0, 0, 0.013
Node_AABM5X1_AABM5X2_0, 0.007, 0, 0.014, 0.014, 0.007, 0, 0.007, 0, 0.018
Node_AABM5X1_AABM5X3_0, 0.003, 0, 0.012, 0.017, 0.003, 0, 0.003, 0.001, 0.008
Node_Acid11_Acid16_0, 0.023, 0.001, 0.032, 0.042, 0.023, 0, 0.023, 0.012, 0.013
Node_Acid11_Acid31_0, 0.01, 0, 0.025, 0.022, 0.01, 0, 0.01, 0.007, 0.012
Node_Acid12_Acid13_0, 0.032, 0, 0.173, 0.076, 0.032, 0, 0.032, 0.03, 0.016
Node_Acid1_Acid17_0, 1, 0, 0.118, 0.053, 0.99, 0, 1, 0.996, 0.012
Node_Acid1_Acid3_0, 1.106, 0.003, 0.391, 0.472, 0.995, 0, 1.106, 0.624, 0.488
Node_Acid23_Acid12_0, 0.189, 0.001, 0.016, 0.094, 0.186, 0, 0.189, 0.088, 0.104
Node_Acid29_Acid27_0, 0.013, 0, 0.047, 0.042, 0.013, 0, 0.013, 0.01, 0.013
Node_Acid2_Acid11_0, 0.041, 0, 0.344, 0.074, 0.04, 0, 0.041, 0.032, 0.015
Node_Acid2_Acid18_0, 0.012, 0, 0.038, 0.03, 0.012, 0, 0.012, 0.007, 0.009
Node_Acid32_Acid25_0, 0.01, 0, 0.028, 0.017, 0.01, 0, 0.01, 0.009, 0.004
Node_Acid32_Acid26_0, 0, 0, 0.022, 0.022, 0, 0, 0, 0, 0.012
Node_Acid34_Acid22_0, 1.178, 0, 0.144, 0.176, 0.904, 0, 1.178, 0.917, 0.264
Node_Acid34_Acid24_0, 0.117, 0.001, 1.132, 0.136, 0.116, 0, 0.117, 0.055, 0.07
Node_Acid34_Acid29_0, 0.047, 0, 0.291, 0.137, 0.047, 0, 0.047, 0.043, 0.015
Node_Acid34_Acid33_0, 0.323, 0, 0.048, 0.147, 0.322, 0, 0.323, 0.08, 0.254
Node_Acid37_Acid21_0, 0.005, 0, 0.033, 0.021, 0.005, 0, 0.005, 0.005, 0.004
Node_Acid37_Acid30_0, 0.001, 0, 0.012, 0.013, 0.001, 0, 0.001, 0.001, 0.008
Node_Acid37_Acid32_0, 0.034, 0, 0.1, 0.048, 0.034, 0, 0.034, 0.032, 0.009
Node_Acid38_Acid10_0, 1.128, 0.002, 0.134, 0.323, 0.873, 0, 1.128, 0.93, 0.202
Node_Acid38_Acid1_0, 1.006, 0.005, 0.021, 0.265, 0.738, 0, 1.006, 0.534, 0.471
Node_Acid38_Acid2_0, 0.37, 0.002, 0.03, 0.077, 0.345, 0, 0.37, 0.313, 0.054
Node_Acid38_Acid34_0, 1.058, 0.004, 0.511, 0.618, 0.86, 0, 1.058, 0.499, 0.559
Node_Acid38_Acid36_0, 2.008, 0.001, 0.021, 0.024, 1, 0, 2.008, 1.989, 0.028
Node_Acid38_Acid40_0, 2, 0.001, 0.021, 0.026, 1, 0, 2, 1.154, 0.854
Node_Acid38_Acid4_0, 1.272, 0, 0.11, 0.317, 0.917, 0, 1.272, 1.02, 0.254
Node_Acid38_Acid5_0, 0.551, 0.001, 0.024, 0.124, 0.481, 0, 0.551, 0.348, 0.204
Node_Acid38_Acid7_0, 1.166, 0.002, 0.405, 0.377, 1, 0, 1.166, 0.872, 0.297
Node_Acid38_Acid8_0, 0.344, 0, 0.085, 0.144, 0.332, 0, 0.344, 0.325, 0.02
Node_Acid38_B130X1_0, 0.409, 0.002, 0.636, 0.232, 0.396, 0, 0.409, 0.401, 0.005
Node_Acid39_Acid35_0, 1.003, 0.002, 0.025, 0.387, 0.998, 0, 1.003, 0.01, 1.006
Node_Acid3_Acid14_0, 1.289, 0, 0.016, 0.14, 0.999, 0, 1.289, 1.103, 0.193
Node_Acid3_Acid6_0, 1.112, 0, 0.057, 0.06, 0.999, 0, 1.112, 1.054, 0.063
Node_Acid40_Acid20_0, 2.002, 0.002, 0.022, 0.02, 1, 0, 2.002, 1.988, 0.022
Node_Acid5_Acid23_0, 0.1, 0, 0.064, 0.064, 0.098, 0, 0.1, 0.063, 0.039
Node_Acid5_Acid37_0, 0.125, 0, 0.449, 0.108, 0.121, 0, 0.125, 0.105, 0.023
Node_Acid6_Acid28_0, 1.02, 0, 0.106, 0.03, 0.998, 0, 1.02, 1.014, 0.014
Node_Acid8_Acid9_0, 0.038, 0, 0.308, 0.06, 0.038, 0, 0.038, 0.037, 0.002
Node_Acid9_Acid39_0, 0.02, 0, 0.03, 0.028, 0.02, 0, 0.02, 0.01, 0.012
Node_Acti10_Acti11_0, 0.965, 0.025, 0.012, 0.395, 0.935, 0, 0.965, 0.423, 0.511
Node_Acti10_Acti25_0, 0.992, 0, 0.056, 0.043, 0.986, 0, 0.992, 0.915, 0.083
Node_Acti10_Acti26_0, 0.441, 0, 0.121, 0.085, 0.439, 0, 0.441, 0.284, 0.159
Node_Acti10_Acti31_0, 0.947, 0, 0.065, 0.042, 0.936, 0, 0.947, 0.937, 0.02
Node_Acti10_Acti3_0, 1.216, 0, 0.018, 0.071, 0.955, 0, 1.216, 0.984, 0.246
Node_Acti10_Acti7_0, 0.988, 0, 0.019, 0.03, 0.941, 0, 0.988, 0.94, 0.06
Node_Acti11_Acti22_0, 1.03, 0, 0.014, 0.062, 1, 0, 1.03, 0.958, 0.079
Node_Acti12_Acti21_0, 1.323, 0.002, 1.018, 0.181, 1, 0, 1.323, 0.217, 1.117
Node_Acti12_Acti48_0, 1.222, 0, 0.014, 0.052, 1, 0, 1.222, 1.051, 0.18
Node_Acti14_Acti33_0, 0.44, 0, 0.308, 0.178, 0.394, 0, 0.44, 0.341, 0.106
Node_Acti14_Acti34_0, 0.415, 0, 0.32, 0.146, 0.376, 0, 0.415, 0.135, 0.295
Node_Acti14_Acti6_0, 0.358, 0.002, 0.29, 0.171, 0.35, 0, 0.358, 0.133, 0.231
Node_Acti18_Acti16_0, 0.474, 0, 0.023, 0.292, 0.472, 0, 0.474, 0.286, 0.198
Node_Acti18_Acti4_0, 0.299, 0.001, 0.316, 0.248, 0.297, 0, 0.299, 0.273, 0.032
Node_Acti19_Acti13_0, 0.316, 0, 0.045, 0.139, 0.302, 0, 0.316, 0.116, 0.203
Node_Acti19_Acti23_0, 0.288, 0, 0.224, 0.168, 0.272, 0, 0.288, 0.099, 0.196
Node_Acti19_Acti42_0, 0.126, 0.002, 0.018, 0.098, 0.122, 0, 0.126, 0.089, 0.037
Node_Acti19_Acti49_0, 0.158, 0.001, 0.035, 0.079, 0.152, 0, 0.158, 0.039, 0.127
Node_Acti19_Acti8_0, 0.065, 0, 0.095, 0.093, 0.065, 0, 0.065, 0.036, 0.034
Node_Acti33_Acti35_0, 0.362, 0, 0.184, 0.062, 0.359, 0, 0.362, 0.263, 0.106
Node_Acti43_Acti36_0, 1.042, 0.001, 0.456, 0.178, 0.995, 0, 1.042, 0.103, 0.943
Node_Acti46_Acti41_0, 1.051, 0.001, 0.073, 0.082, 0.959, 0, 1.051, 1.002, 0.06
Node_Acti47_Acti45_0, 1.02, 0.002, 0.046, 0.021, 1, 0, 1.02, 1.015, 0.011
Node_Acti49_Acti15_0, 0.988, 0, 0.022, 0.021, 0.965, 0, 0.988, 0.16, 0.835
Node_Acti49_Acti32_0, 1.172, 0, 0.016, 0.044, 0.981, 0, 1.172, 1.02, 0.163
Node_Acti49_Acti38_0, 1.025, 0, 0.021, 0.026, 0.968, 0, 1.025, 0.975, 0.058
Node_Acti49_Acti40_0, 0.175, 0, 0.113, 0.037, 0.17, 0, 0.175, 0.049, 0.13
Node_Acti50_Acti10_0, 0.403, 0.001, 0.01, 0.041, 0.37, 0, 0.403, 0.122, 0.282
Node_Acti50_Acti14_0, 0.642, 0.002, 0.035, 0.196, 0.541, 0, 0.642, 0.552, 0.093
Node_Acti50_Acti18_0, 0.582, 0.001, 0.054, 0.054, 0.5, 0, 0.582, 0.35, 0.232
Node_Acti50_Acti19_0, 0.105, 0, 0.006, 0.031, 0.103, 0, 0.105, 0.051, 0.055
Node_Acti50_Acti20_0, 0.034, 0, 0.044, 0.028, 0.034, 0, 0.034, 0.033, 0.001
Node_Acti50_Acti28_0, 1.16, 0, 0.018, 0.013, 0.999, 0, 1.16, 1.043, 0.125
Node_Acti50_Acti39_0, 0.13, 0, 0.036, 0.04, 0.125, 0, 0.13, 0.073, 0.061
Node_Acti50_Acti43_0, 0.554, 0.002, 0.275, 0.221, 0.532, 0, 0.554, 0.372, 0.185
Node_Acti50_Acti46_0, 1.063, 0.004, 0.021, 0.305, 0.993, 0, 1.063, 0.539, 0.526
Node_Acti50_Acti47_0, 1.053, 0.002, 0.04, 0.024, 1, 0, 1.053, 1.036, 0.02
Node_Acti50_Acti51_0, 0.056, 0.001, 0.011, 0.026, 0.055, 0, 0.056, 0.027, 0.032
Node_Acti50_Acti52_0, 1.071, 0.031, 0.05, 0.094, 1, 0, 1.071, 0.991, 0.027
Node_Acti50_FirmF1_0, 0.077, 0, 0.031, 0.039, 0.077, 0, 0.077, 0.076, 0.001
Node_Acti51_Acti27_0, 0.007, 0, 0.026, 0.025, 0.007, 0, 0.007, 0.003, 0.016
Node_Acti51_Acti9_0, 0.017, 0, 0.043, 0.037, 0.017, 0, 0.017, 0.014, 0.004
Node_Acti52_Acti12_0, 1.056, 0, 0.01, 0.024, 1, 0, 1.056, 1.017, 0.045
Node_Acti52_Acti37_0, 1.021, 0.003, 0.075, 0.975, 1, 0, 1.021, 1.001, 0.022
Node_Acti52_Acti44_0, 1.003, 0, 0.061, 0.02, 0.998, 0, 1.003, 1, 0.008
Node_Acti8_Acti24_0, 0.004, 0, 0.011, 0.01, 0.004, 0, 0.004, 0, 0.012
Node_Acti8_Acti2_0, 0.009, 0, 0.061, 0.022, 0.009, 0, 0.009, 0.008, 0.005
Node_Acti8_Acti5_0, 0.003, 0, 0.015, 0.018, 0.003, 0, 0.003, 0.001, 0.009
Node_Acti9_Acti29_0, 0.006, 0, 0.007, 0.009, 0.006, 0, 0.006, 0.003, 0.005
Node_Acti9_Acti30_0, 0.008, 0, 0.018, 0.024, 0.008, 0, 0.008, 0.004, 0.009
Node_Aero1_NPL1_0, 0.057, 0.001, 0.156, 0.138, 0.055, 0, 0.057, 0.053, 0.006
Node_Aero1_UBA6X1_0, 0.533, 0.001, 0.649, 0.642, 0.51, 0, 0.533, 0.528, 0.003
Node_Aero1_UBA9X1_0, 0.206, 0.001, 0.335, 0.305, 0.199, 0, 0.206, 0.201, 0.007
Node_Aqui2_Aqui1_0, 0.215, 0, 0.014, 0.042, 0.213, 0, 0.215, 0.037, 0.183
Node_Aqui2_Aqui3_0, 0.011, 0, 0.045, 0.052, 0.011, 0, 0.011, 0.007, 0.008
Node_Aqui2_Aqui5_0, 0.046, 0, 0.01, 0.019, 0.044, 0, 0.046, 0.01, 0.044
Node_Aqui2_Aqui6_0, 0.012, 0, 0.017, 0.014, 0.012, 0, 0.012, 0.002, 0.018
Node_Aqui2_Camp1_0, 0.148, 0, 0.146, 0.191, 0.147, 0, 0.148, 0.148, 0.001
Node_Aqui2_Thers1_0, 0.048, 0, 0.103, 0.096, 0.048, 0, 0.048, 0.047, 0.003
Node_Aqui6_Aqui4_0, 0.003, 0, 0.024, 0.015, 0.003, 0, 0.003, 0.001, 0.015
Node_Arma12_Arma11_0, 0.867, 0.003, 0.016, 0.087, 0.675, 0, 0.867, 0.495, 0.371
Node_Arma12_Arma7_0, 0.565, 0, 0.576, 0.233, 0.476, 0, 0.565, 0.297, 0.274
Node_Arma15_Arma13_0, 0.004, 0, 1.017, 0.02, 0.004, 0, 0.004, 0.001, 0.015
Node_Arma4_Acti50_0, 0.107, 0, 0.038, 0.047, 0.107, 0, 0.107, 0.105, 0.002
Node_Arma4_Arma12_0, 0.509, 0.004, 0.084, 0.103, 0.446, 0, 0.509, 0.424, 0.082
Node_Arma4_Arma14_0, 0.068, 0, 0.445, 0.187, 0.068, 0, 0.068, 0.067, 0.004
Node_Arma4_Arma6_0, 0.507, 0.021, 0.014, 0.189, 0.447, 0, 0.507, 0.106, 0.384
Node_Arma4_CSP1X1_0, 0.039, 0, 0.06, 0.047, 0.038, 0, 0.039, 0.03, 0.011
Node_Arma4_Erem6_0, 0.049, 0, 0.02, 0.033, 0.048, 0, 0.049, 0.022, 0.03
Node_Arma4_Pate48_0, 0.088, 0, 0.022, 0.028, 0.088, 0, 0.088, 0.085, 0.003
Node_Arma4_UBP13X1_0, 0.116, 0.001, 0.008, 0.047, 0.109, 0, 0.116, 0.043, 0.074
Node_Arma6_Arma15_0, 1.006, 0, 0.019, 0.013, 0.999, 0, 1.006, 1.002, 0.012
Node_Arma6_Arma16_0, 1.054, 0.001, 0.368, 0.187, 0.999, 0, 1.054, 0.322, 0.735
Node_Arma6_Arma3_0, 0.686, 0.003, 0.049, 0.479, 0.568, 0, 0.686, 0.46, 0.225
Node_Arma6_Arma9_0, 1.013, 0, 0.051, 0.039, 1, 0, 1.013, 1.012, 0.01
Node_Aure2_Aure1_0, 0.928, 0.003, 0.99, 0.474, 0.807, 0, 0.928, 0.88, 0.048
Node_Bact1_Bact11_0, 0.011, 0, 0.021, 0.028, 0.011, 0, 0.011, 0.005, 0.021
Node_Bact1_Bact17_0, 0.011, 0, 0.015, 0.013, 0.011, 0, 0.011, 0.003, 0.015
Node_Bact20_Bact1_0, 0.011, 0, 0.013, 0.014, 0.011, 0, 0.011, 0.001, 0.017
Node_Bact20_Bact30_0, 0.009, 0, 0.019, 0.016, 0.008, 0, 0.009, 0.002, 0.017
Node_Bact21_Bact29_0, 0.098, 0, 0.013, 0.028, 0.098, 0, 0.098, 0.023, 0.08
Node_Bact21_Bact36_0, 0.031, 0, 0.961, 0.015, 0.031, 0, 0.031, 0.005, 0.032
Node_Bact21_Bact44_0, 0.96, 0, 0.012, 0.013, 0.956, 0, 0.96, 0.95, 0.014
Node_Bact22_Bact31_0, 0.004, 0, 0.009, 0.011, 0.004, 0, 0.004, 0.003, 0.009
Node_Bact22_Bact5_0, 0.004, 0, 0.051, 0.017, 0.004, 0, 0.004, 0.001, 0.014
Node_Bact23_Bact28_0, 0.149, 0, 0.02, 0.017, 0.147, 0, 0.149, 0.025, 0.135
Node_Bact23_Bact34_0, 0.034, 0, 0.007, 0.011, 0.034, 0, 0.034, 0.006, 0.035
Node_Bact23_Bact4_0, 0.006, 0, 0.008, 0.01, 0.006, 0, 0.006, 0.001, 0.011
Node_Bact24_Bact23_0, 0.003, 0, 0.005, 0.005, 0.003, 0, 0.003, 0.001, 0.003
Node_Bact24_Bact25_0, 0.002, 0, 0.003, 0.002, 0.002, 0, 0.002, 0.001, 0.002
Node_Bact24_Bact3_0, 0.005, 0, 0.008, 0.009, 0.005, 0, 0.005, 0.002, 0.01
Node_Bact24_Bact7_0, 0.003, 0, 0.007, 0.008, 0.003, 0, 0.003, 0.001, 0.003
Node_Bact25_Bact20_0, 0.007, 0, 0.011, 0.014, 0.007, 0, 0.007, 0.002, 0.014
Node_Bact25_Bact2_0, 0.004, 0, 0.004, 0.007, 0.004, 0, 0.004, 0.001, 0.006
Node_Bact27_Bact19_0, 0.964, 0, 0.012, 0.009, 0.961, 0, 0.964, 0.95, 0.018
Node_Bact27_Bact21_0, 0.958, 0.001, 0.007, 0.021, 0.953, 0, 0.958, 0.167, 0.792
Node_Bact27_Bact22_0, 0.041, 0, 0.005, 0.004, 0.041, 0, 0.041, 0.006, 0.039
Node_Bact27_Bact24_0, 0.007, 0, 0.009, 0.011, 0.007, 0, 0.007, 0.001, 0.011
Node_Bact27_Bact35_0, 0.005, 0, 0.973, 0.018, 0.005, 0, 0.005, 0.002, 0.014
Node_Bact27_Bact37_0, 0.172, 0.001, 0.005, 0.006, 0.172, 0, 0.172, 0.038, 0.135
Node_Bact27_Bact40_0, 0.008, 0, 0.011, 0.011, 0.008, 0, 0.008, 0.002, 0.014
Node_Bact27_Mari3_0, 0.005, 0, 0.012, 0.011, 0.005, 0, 0.005, 0.003, 0.004
Node_Bact29_Bact9_0, 0.302, 0.001, 0.014, 0.136, 0.301, 0, 0.302, 0.097, 0.217
Node_Bact30_Bact32_0, 0.004, 0, 0.019, 0.019, 0.004, 0, 0.004, 0.001, 0.014
Node_Bact31_Bact38_0, 0.004, 0, 0.019, 0.025, 0.004, 0, 0.004, 0.001, 0.019
Node_Bact33_Bact10_0, 0.098, 0, 0.017, 0.054, 0.095, 0, 0.098, 0.018, 0.097
Node_Bact33_Bact39_0, 0.368, 0.002, 0.02, 0.147, 0.335, 0, 0.368, 0.089, 0.288
Node_Bact33_Bact6_0, 0.018, 0, 0.006, 0.014, 0.018, 0, 0.018, 0.002, 0.022
Node_Bact36_Bact43_0, 0.006, 0.001, 0.044, 0.038, 0.006, 0, 0.006, 0.004, 0.018
Node_Bact37_Bact33_0, 0.002, 0, 0.178, 0.014, 0.002, 0, 0.002, 0.001, 0.008
Node_Bact37_Bact42_0, 0.001, 0, 0.016, 0.015, 0.001, 0, 0.001, 0, 0.015
Node_Bact3_Bact12_0, 0.004, 0, 0.009, 0.007, 0.004, 0, 0.004, 0.001, 0.008
Node_Bact3_Bact13_0, 0.005, 0, 0.01, 0.011, 0.005, 0, 0.005, 0.001, 0.012
Node_Bact3_Bact14_0, 0.004, 0, 0.024, 0.03, 0.004, 0, 0.004, 0, 0.023
Node_Bact3_Bact18_0, 0.003, 0, 0.009, 0.007, 0.003, 0, 0.003, 0, 0.008
Node_Bact40_Bact41_0, 0.004, 0, 0.014, 0.012, 0.004, 0, 0.004, 0.002, 0.01
Node_Bact5_Bact16_0, 0.005, 0, 0.014, 0.013, 0.005, 0, 0.005, 0, 0.015
Node_Bact7_Bact8_0, 0.008, 0, 0.016, 0.024, 0.008, 0, 0.008, 0.001, 0.021
Node_Bdell12_Bdell3_0, 1.003, 0.001, 0.019, 0.445, 0.999, 0, 1.003, 0.242, 0.77
Node_Bdell13_Bdell12_0, 0.251, 0, 0.047, 0.077, 0.25, 0, 0.251, 0.006, 0.251
Node_Bdell14_Bdell11_0, 0.007, 0, 0.032, 0.018, 0.007, 0, 0.007, 0.004, 0.01
Node_Bdell14_Bdell4_0, 0.009, 0, 0.023, 0.027, 0.009, 0, 0.009, 0.002, 0.025
Node_Bdell15_Bdell14_0, 0.029, 0, 0.07, 0.063, 0.029, 0, 0.029, 0.025, 0.009
Node_Bdell15_Bdell7_0, 0.01, 0, 0.031, 0.029, 0.01, 0, 0.01, 0.005, 0.012
Node_Bdell15_Bdell9_0, 0.003, 0, 0.015, 0.011, 0.003, 0, 0.003, 0.001, 0.008
Node_Bdell17_Bdell15_0, 0.09, 0, 0.16, 0.156, 0.089, 0, 0.09, 0.085, 0.012
Node_Bdell17_Bdell16_0, 0.026, 0, 0.083, 0.066, 0.025, 0, 0.026, 0.018, 0.019
Node_Bdell2_Bdell10_0, 0.034, 0, 0.05, 0.046, 0.033, 0, 0.034, 0.026, 0.011
Node_Bdell6_Bdell17_0, 0.238, 0, 0.53, 0.34, 0.236, 0, 0.238, 0.234, 0.006
Node_Bdell6_Bdell2_0, 0.073, 0, 0.176, 0.145, 0.073, 0, 0.073, 0.067, 0.011
Node_Bdell6_UBA1X6_0, 0.762, 0.001, 0.119, 0.2, 0.75, 0, 0.762, 0.755, 0.012
Node_Bdell7_Bdell5_0, 0.005, 0, 0.021, 0.027, 0.005, 0, 0.005, 0.002, 0.016
Node_BdellC1_BdellC2_0, 0.009, 0, 0.082, 0.046, 0.009, 0, 0.009, 0.006, 0.012
Node_Bipo1_Bipo2_0, 0.199, 0, 0.018, 0.088, 0.197, 0, 0.199, 0.047, 0.157
Node_Bipo1_Therg8_0, 0.06, 0, 0.038, 0.035, 0.059, 0, 0.06, 0.029, 0.034
Node_CG294X1_CG267X1_0, 0.038, 0, 0.687, 0.11, 0.037, 0, 0.038, 0.038, 0.003
Node_Calda2_Calda1_0, 0.007, 0, 0.022, 0.02, 0.007, 0, 0.007, 0.005, 0.004
Node_Caldit2_Caldit1_0, 0.004, 0, 0.012, 0.013, 0.004, 0, 0.004, 0, 0.014
Node_Caldit2_Caldit3_0, 0.002, 0, 0.01, 0.011, 0.002, 0, 0.002, 0, 0.008
Node_Camp14_Camp15_0, 0.194, 0, 0.025, 0.035, 0.192, 0, 0.194, 0.177, 0.025
Node_Camp1_Camp2_0, 0.114, 0.001, 0.02, 0.074, 0.112, 0, 0.114, 0.044, 0.079
Node_Camp1_Camp3_0, 0.017, 0, 0.104, 0.054, 0.017, 0, 0.017, 0.015, 0.007
Node_Camp1_Camp9_0, 0.054, 0, 0.023, 0.037, 0.054, 0, 0.054, 0.045, 0.01
Node_Camp1_UBP6X1_0, 0.067, 0, 0.083, 0.085, 0.067, 0, 0.067, 0.066, 0.002
Node_Camp2_Camp11_0, 0.321, 0, 0.01, 0.128, 0.31, 0, 0.321, 0.107, 0.217
Node_Camp2_Camp13_0, 0.01, 0, 0.352, 0.04, 0.01, 0, 0.01, 0.008, 0.008
Node_Camp2_Camp4_0, 0.354, 0.003, 0.074, 0.087, 0.337, 0, 0.354, 0.233, 0.125
Node_Camp2_Camp5_0, 0.318, 0.007, 0.146, 0.148, 0.289, 0, 0.318, 0.178, 0.136
Node_Camp2_Camp7_0, 0.3, 0.001, 0.089, 0.234, 0.277, 0, 0.3, 0.241, 0.07
Node_Camp4_Camp16_0, 1.02, 0.003, 0.029, 0.072, 0.974, 0, 1.02, 0.332, 0.692
Node_Camp5_Camp10_0, 0.178, 0.002, 0.048, 0.066, 0.176, 0, 0.178, 0.162, 0.025
Node_Camp5_Camp12_0, 0.199, 0.001, 0.135, 0.15, 0.191, 0, 0.199, 0.192, 0.015
Node_Camp7_Camp14_0, 0.194, 0, 0.117, 0.089, 0.191, 0, 0.194, 0.191, 0.011
Node_Camp9_Camp6_0, 0.005, 0, 0.068, 0.051, 0.005, 0, 0.005, 0.003, 0.019
Node_Chlo12_Chlo24_0, 0.957, 0, 0.857, 0.018, 0.951, 0, 0.957, 0.938, 0.023
Node_Chlo26_Chlo11_0, 0.014, 0, 0.03, 0.033, 0.014, 0, 0.014, 0.009, 0.01
Node_Chlo26_Chlo9_0, 0.034, 0, 0.096, 0.061, 0.034, 0, 0.034, 0.031, 0.008
Node_Chlo30_Chlo20_0, 0.16, 0, 0.072, 0.131, 0.152, 0, 0.16, 0.067, 0.096
Node_Chlo30_Chlo23_0, 0.136, 0.001, 0.356, 0.174, 0.131, 0, 0.136, 0.096, 0.041
Node_Chlo30_Chlo36_0, 0.45, 0, 0.025, 0.164, 0.437, 0, 0.45, 0.405, 0.049
Node_Chlo30_Chlo37_0, 0.482, 0, 0.026, 0.218, 0.427, 0, 0.482, 0.139, 0.348
Node_Chlo30_Chlo38_0, 0.539, 0, 0.057, 0.128, 0.479, 0, 0.539, 0.392, 0.147
Node_Chlo30_Chlo41_0, 0.923, 0.003, 0.016, 0.266, 0.717, 0, 0.923, 0.524, 0.397
Node_Chlo30_Chlo43_0, 0.571, 0.003, 0.449, 0.196, 0.494, 0, 0.571, 0.477, 0.094
Node_Chlo30_Chlo6_0, 0.426, 0, 0.168, 0.146, 0.413, 0, 0.426, 0.41, 0.023
Node_Chlo30_Dorm2_0, 0.449, 0, 0.009, 0.06, 0.413, 0, 0.449, 0.074, 0.375
Node_Chlo31_Chlo25_0, 0.014, 0, 0.047, 0.035, 0.013, 0, 0.014, 0.008, 0.015
Node_Chlo35_Chlo21_0, 0.002, 0, 1.805, 0.019, 0.002, 0, 0.002, 0.001, 0.009
Node_Chlo36_Chlo13_0, 0.092, 0, 0.012, 0.032, 0.091, 0, 0.092, 0.027, 0.072
Node_Chlo36_Chlo14_0, 0.032, 0, 0.035, 0.047, 0.031, 0, 0.032, 0.022, 0.016
Node_Chlo36_Chlo28_0, 0.051, 0, 0.075, 0.095, 0.051, 0, 0.051, 0.043, 0.015
Node_Chlo36_Chlo33_0, 0.111, 0, 0.364, 0.227, 0.111, 0, 0.111, 0.108, 0.008
Node_Chlo36_Chlo40_0, 0.292, 0, 0.011, 0.117, 0.288, 0, 0.292, 0.085, 0.211
Node_Chlo36_Chlo5_0, 0.032, 0, 0.023, 0.029, 0.032, 0, 0.032, 0.017, 0.023
Node_Chlo36_Chlo8_0, 0.467, 0, 0.03, 0.153, 0.465, 0, 0.467, 0.427, 0.047
Node_Chlo38_Chlo19_0, 0.005, 0, 0.059, 0.031, 0.005, 0, 0.005, 0.001, 0.018
Node_Chlo38_Chlo31_0, 0.046, 0, 0.498, 0.098, 0.046, 0, 0.046, 0.044, 0.005
Node_Chlo41_Chlo29_0, 0.919, 0, 0.56, 0.102, 0.894, 0, 0.919, 0.887, 0.036
Node_Chlo41_Chlo32_0, 1.015, 0.004, 0.018, 0.069, 0.998, 0, 1.015, 0.902, 0.11
Node_Chlo41_Chlo39_0, 0.007, 0, 0.025, 0.017, 0.007, 0, 0.007, 0.002, 0.015
Node_Chlo41_Chlo44_0, 0.995, 0, 0.035, 0.048, 0.987, 0, 0.995, 0.988, 0.015
Node_Chlo41_Chlo4_0, 1.443, 0.001, 0.026, 0.241, 0.939, 0, 1.443, 0.897, 0.545
Node_Chlo41_Chlo7_0, 0.017, 0, 0.987, 0.039, 0.017, 0, 0.017, 0.015, 0.009
Node_Chlo42_Chlo34_0, 0.017, 0, 0.065, 0.047, 0.016, 0, 0.017, 0.014, 0.013
Node_Chlo43_Chlo42_0, 0.069, 0, 0.426, 0.202, 0.066, 0, 0.069, 0.066, 0.01
Node_Chlo43_Chlo45_0, 0.55, 0.003, 0.338, 0.236, 0.477, 0, 0.55, 0.234, 0.314
Node_Chlo43_Chlo47_0, 0.485, 0.002, 0.129, 0.55, 0.453, 0, 0.485, 0.429, 0.062
Node_Chlo44_Chlo17_0, 1.005, 0.001, 0.015, 0.015, 1, 0, 1.005, 0.999, 0.011
Node_Chlo44_Chlo22_0, 1.008, 0, 0.015, 0.044, 1, 0, 1.008, 0.99, 0.028
Node_Chlo45_Chlo27_0, 0.562, 0.001, 0.166, 0.471, 0.522, 0, 0.562, 0.398, 0.177
Node_Chlo45_Chlo46_0, 0.301, 0, 0.452, 0.232, 0.288, 0, 0.301, 0.119, 0.191
Node_Chlo47_Chlo48_0, 1.02, 0, 0.044, 0.749, 0.998, 0, 1.02, 0.448, 0.579
Node_Chlo48_Chlo10_0, 1.014, 0, 0.023, 0.016, 0.999, 0, 1.014, 1.002, 0.017
Node_Chlo4_Chlo12_0, 1.791, 0, 0.037, 0.183, 0.993, 0, 1.791, 1.413, 0.385
Node_Chlo4_Chlo35_0, 1.798, 0, 0.011, 0.02, 0.993, 0, 1.798, 1.784, 0.018
Node_Chlo5_Chlo16_0, 0.009, 0, 0.035, 0.017, 0.009, 0, 0.009, 0.002, 0.012
Node_Chlo6_Chlo18_0, 0.036, 0, 0.101, 0.065, 0.036, 0, 0.036, 0.032, 0.015
Node_Chlo6_Chlo26_0, 0.122, 0.001, 0.313, 0.173, 0.121, 0, 0.122, 0.116, 0.008
Node_Chlo7_Chlo15_0, 0.014, 0, 0.018, 0.015, 0.014, 0, 0.014, 0.008, 0.015
Node_Chry1_Aqui2_0, 0.293, 0.002, 0.772, 0.384, 0.287, 0, 0.293, 0.286, 0.005
Node_Chry1_Defe3_0, 0.066, 0, 0.233, 0.206, 0.066, 0, 0.066, 0.061, 0.006
Node_Cyan10_Cyan35_0, 1.232, 0.001, 0.024, 0.032, 1, 0, 1.232, 1.209, 0.034
Node_Cyan10_Cyan45_0, 1.326, 0.008, 0.026, 1.062, 1, 0, 1.326, 1.215, 0.112
Node_Cyan10_Cyan46_0, 1.221, 0.002, 0.055, 0.015, 1, 0, 1.221, 1.202, 0.018
Node_Cyan11_Cyan26_0, 1.255, 0, 1.315, 0.187, 0.969, 0, 1.255, 1.053, 0.212
Node_Cyan12_Cyan13_0, 1.002, 0.001, 0.011, 0.114, 0.994, 0, 1.002, 0.205, 0.804
Node_Cyan13_Cyan18_0, 0.998, 0, 0.019, 0.019, 0.993, 0, 0.998, 0.993, 0.015
Node_Cyan14_Cyan15_0, 1.563, 0, 0.387, 0.147, 0.951, 0, 1.563, 1.269, 0.309
Node_Cyan14_Cyan16_0, 1.641, 0.004, 0.028, 0.063, 1, 0, 1.641, 1.282, 0.368
Node_Cyan14_Cyan23_0, 1.297, 0.127, 0.03, 0.06, 1, 0, 1.297, 0.99, 0.061
Node_Cyan16_Cyan29_0, 1.597, 0, 0.256, 0.348, 0.998, 0, 1.597, 1.388, 0.212
Node_Cyan19_Cyan22_0, 1.303, 0, 0.041, 0.018, 1, 0, 1.303, 1.204, 0.104
Node_Cyan19_Cyan47_0, 1.952, 0.001, 0.015, 0.191, 1, 0, 1.952, 1.295, 0.663
Node_Cyan28_chloroArabidopsis_0, 0.063, 0, 1.005, 0.01, 0.061, 0, 0.063, 0.008, 0.061
Node_Cyan2_Cyan1_0, 0.014, 0, 0.079, 0.029, 0.014, 0, 0.014, 0.011, 0.01
Node_Cyan31_Cyan34_0, 1.008, 0, 0.027, 0.023, 1, 0, 1.008, 1.004, 0.013
Node_Cyan33_Cyan21_0, 1.054, 0, 0.031, 0.022, 1, 0, 1.054, 1.007, 0.058
Node_Cyan38_Cyan28_0, 1.007, 0, 0.009, 0.006, 0.999, 0, 1.007, 1.003, 0.006
Node_Cyan40_Arma4_0, 0.143, 0.001, 0.055, 0.07, 0.141, 0, 0.143, 0.141, 0
Node_Cyan40_Cyan10_0, 1.256, 0.001, 0.023, 0.074, 1, 0, 1.256, 1.166, 0.093
Node_Cyan40_Cyan11_0, 2.358, 0.007, 0.023, 0.256, 0.999, 0, 2.358, 2.141, 0.214
Node_Cyan40_Cyan14_0, 1.139, 0.003, 0.201, 0.02, 1, 0, 1.139, 1.041, 0.097
Node_Cyan40_Cyan19_0, 1.24, 0, 0.01, 0.023, 1, 0, 1.24, 1.163, 0.082
Node_Cyan40_Cyan20_0, 1.012, 0.002, 0.011, 0.158, 0.998, 0, 1.012, 0.077, 0.935
Node_Cyan40_Cyan24_0, 1.185, 0.002, 0.025, 0.029, 1, 0, 1.185, 1.114, 0.069
Node_Cyan40_Cyan25_0, 2.16, 0, 0.086, 0.114, 0.998, 0, 2.16, 1.176, 0.99
Node_Cyan40_Cyan27_0, 2.859, 0.001, 0.084, 0.601, 1, 0, 2.859, 2.28, 0.584
Node_Cyan40_Cyan2_0, 0.083, 0.001, 0.01, 0.024, 0.079, 0, 0.083, 0.074, 0.008
Node_Cyan40_Cyan36_0, 1.168, 0.156, 0.009, 0.683, 1, 0, 1.168, 0.849, 0.011
Node_Cyan40_Cyan37_0, 1.008, 0.002, 0.038, 0.083, 0.998, 0, 1.008, 1.003, 0.005
Node_Cyan40_Cyan38_0, 1.01, 0.001, 0.012, 0.079, 1, 0, 1.01, 1.001, 0.013
Node_Cyan40_Cyan42_0, 1.039, 0.003, 0.009, 0.026, 1, 0, 1.039, 1.003, 0.033
Node_Cyan40_Cyan7_0, 0.086, 0, 0.006, 0.033, 0.083, 0, 0.086, 0.077, 0.009
Node_Cyan40_Marg1_0, 0.084, 0, 0.015, 0.025, 0.084, 0, 0.084, 0.084, 0
Node_Cyan40_Therd1_0, 0.099, 0, 0.046, 0.052, 0.097, 0, 0.099, 0.098, 0.002
Node_Cyan42_Cyan3_0, 1.117, 0.001, 0.015, 0.347, 0.999, 0, 1.117, 1.029, 0.092
Node_Cyan46_Cyan30_0, 1.011, 0, 0.22, 0.012, 1, 0, 1.011, 1.005, 0.01
Node_Cyan46_Cyan31_0, 1.022, 0.011, 0.025, 0.979, 1, 0, 1.022, 0.991, 0.025
Node_Cyan46_Cyan32_0, 1.25, 0.002, 0.022, 0.428, 0.998, 0, 1.25, 1.051, 0.208
Node_Cyan46_Cyan33_0, 1.027, 0.003, 0.025, 0.028, 1, 0, 1.027, 1.003, 0.027
Node_Cyan46_Cyan41_0, 1.062, 0, 0.024, 0.023, 1, 0, 1.062, 1.014, 0.059
Node_Cyan47_Cyan43_0, 2.088, 0.001, 0.064, 0.242, 1, 0, 2.088, 1.895, 0.199
Node_Cyan47_Cyan44_0, 2.065, 0.004, 0.922, 0.418, 1, 0, 2.065, 1.188, 0.895
Node_Cyan4_Cyan8_0, 0.01, 0, 0.072, 0.028, 0.01, 0, 0.01, 0.006, 0.01
Node_Cyan4_Cyan9_0, 0.005, 0, 0.011, 0.011, 0.005, 0, 0.005, 0.002, 0.006
Node_Cyan7_Cyan12_0, 0.208, 0, 0.013, 0.024, 0.208, 0, 0.208, 0.064, 0.149
Node_Cyan7_Cyan4_0, 0.072, 0, 0.059, 0.028, 0.072, 0, 0.072, 0.027, 0.045
Node_DTU0X1_SLNR1_0, 0.001, 0, 0.006, 0.018, 0.001, 0, 0.001, 0, 0.004
Node_Defe3_Defe1_0, 0.047, 0, 0.066, 0.07, 0.047, 0, 0.047, 0.013, 0.047
Node_Defe3_Defe2_0, 0.187, 0, 0.015, 0.094, 0.187, 0, 0.187, 0.039, 0.155
Node_Dein4_Dein2_0, 0.47, 0, 0.134, 0.181, 0.414, 0, 0.47, 0.149, 0.328
Node_Dein4_Dein6_0, 1.056, 0, 0.241, 0.335, 0.999, 0, 1.056, 0.241, 0.827
Node_Dein5_Bipo1_0, 0.064, 0, 0.033, 0.039, 0.063, 0, 0.064, 0.052, 0.013
Node_Dein5_Dein1_0, 0.951, 0, 0.036, 0.029, 0.942, 0, 0.951, 0.937, 0.022
Node_Dein5_Dein4_0, 0.276, 0.001, 0.033, 0.134, 0.253, 0, 0.276, 0.037, 0.244
Node_Dein5_Dein7_0, 0.965, 0.002, 0.137, 0.449, 0.943, 0, 0.965, 0.152, 0.824
Node_Dein7_Dein3_0, 0.951, 0, 0.036, 0.036, 0.945, 0, 0.951, 0.94, 0.022
Node_DesuB1_DesuB2_0, 0.238, 0, 0.199, 0.096, 0.23, 0, 0.238, 0.085, 0.154
Node_DesuB4_BdellC1_0, 0.079, 0, 0.136, 0.129, 0.077, 0, 0.079, 0.063, 0.021
Node_DesuB4_DesuB1_0, 0.283, 0, 0.048, 0.154, 0.273, 0, 0.283, 0.037, 0.252
Node_DesuB4_DesuB3_0, 1.01, 0.002, 0.063, 0.155, 0.999, 0, 1.01, 0.228, 0.788
Node_DesuB4_Desua5_0, 0.194, 0, 0.697, 0.325, 0.193, 0, 0.194, 0.187, 0.009
Node_DesuB4_Myxo10_0, 0.882, 0.002, 0.326, 0.415, 0.839, 0, 0.882, 0.862, 0.021
Node_DesuC2_DesuC1_0, 0.048, 0, 0.225, 0.156, 0.047, 0, 0.048, 0.044, 0.019
Node_DesuC2_Desua47_0, 0.254, 0, 0.938, 0.369, 0.252, 0, 0.254, 0.252, 0.002
Node_DesuD2_DesuD1_0, 1.29, 0.001, 0.272, 0.427, 1, 0, 1.29, 1.023, 0.303
Node_Desua11_Desua27_0, 0.004, 0, 0.013, 0.018, 0.004, 0, 0.004, 0, 0.013
Node_Desua16_Desua15_0, 0.005, 0, 0.029, 0.025, 0.005, 0, 0.005, 0, 0.021
Node_Desua16_Desua20_0, 0.011, 0, 0.039, 0.03, 0.011, 0, 0.011, 0.009, 0.007
Node_Desua16_Desua24_0, 0.013, 0, 0.014, 0.016, 0.013, 0, 0.013, 0.004, 0.019
Node_Desua16_Desua6_0, 0.043, 0, 0.167, 0.097, 0.042, 0, 0.043, 0.041, 0.005
Node_Desua16_Desua9_0, 0.008, 0, 0.017, 0.018, 0.008, 0, 0.008, 0.002, 0.014
Node_Desua1_Desua34_0, 0.004, 0, 0.015, 0.019, 0.004, 0, 0.004, 0.001, 0.017
Node_Desua1_Desua3_0, 0.002, 0, 0.01, 0.005, 0.002, 0, 0.002, 0, 0.004
Node_Desua1_Desua43_0, 0.008, 0, 0.017, 0.013, 0.008, 0, 0.008, 0.004, 0.009
Node_Desua22_Desua10_0, 0.003, 0, 0.008, 0.006, 0.003, 0, 0.003, 0, 0.006
Node_Desua22_Desua13_0, 0.005, 0, 0.013, 0.013, 0.005, 0, 0.005, 0.001, 0.006
Node_Desua22_Desua14_0, 0.007, 0, 0.013, 0.016, 0.007, 0, 0.007, 0.002, 0.017
Node_Desua22_Desua16_0, 0.205, 0, 0.989, 0.27, 0.196, 0, 0.205, 0.205, 0.002
Node_Desua22_Desua23_0, 0.008, 0, 0.017, 0.018, 0.008, 0, 0.008, 0, 0.018
Node_Desua22_Desua26_0, 0.012, 0, 0.043, 0.026, 0.012, 0, 0.012, 0.008, 0.008
Node_Desua22_Desua4_0, 0.047, 0, 0.16, 0.078, 0.046, 0, 0.047, 0.045, 0.002
Node_Desua26_Desua30_0, 0.005, 0, 0.013, 0.01, 0.005, 0, 0.005, 0.004, 0.006
Node_Desua28_Desua35_0, 1.011, 0.001, 0.161, 0.231, 0.999, 0, 1.011, 0.365, 0.67
Node_Desua2_Desua8_0, 0.004, 0, 0.019, 0.02, 0.004, 0, 0.004, 0, 0.016
Node_Desua36_Desua38_0, 0.313, 0.001, 0.015, 0.115, 0.312, 0, 0.313, 0.09, 0.227
Node_Desua36_Desua39_0, 0.1, 0, 0.019, 0.064, 0.099, 0, 0.1, 0.022, 0.089
Node_Desua40_Desua31_0, 0.004, 0, 0.013, 0.01, 0.004, 0, 0.004, 0, 0.011
Node_Desua42_Desua11_0, 0.004, 0.001, 0.011, 0.015, 0.004, 0, 0.004, 0, 0.012
Node_Desua42_Desua12_0, 0.002, 0, 0.01, 0.012, 0.002, 0, 0.002, 0.001, 0.006
Node_Desua43_Desua50_0, 0.005, 0, 0.009, 0.009, 0.005, 0, 0.005, 0.001, 0.01
Node_Desua43_Desua52_0, 0.003, 0, 0.014, 0.014, 0.003, 0, 0.003, 0.001, 0.012
Node_Desua43_Desua54_0, 0.004, 0, 0.013, 0.013, 0.004, 0, 0.004, 0.001, 0.009
Node_Desua44_Desua36_0, 0.03, 0.001, 0.014, 0.02, 0.03, 0, 0.03, 0.008, 0.03
Node_Desua46_Desua25_0, 0.007, 0, 0.014, 0.019, 0.007, 0, 0.007, 0, 0.016
Node_Desua47_Desua29_0, 0.005, 0, 0.016, 0.011, 0.005, 0, 0.005, 0.002, 0.007
Node_Desua47_Desua37_0, 0.02, 0, 0.078, 0.059, 0.02, 0, 0.02, 0.016, 0.014
Node_Desua47_Desua41_0, 0.014, 0, 0.026, 0.023, 0.014, 0, 0.014, 0.006, 0.02
Node_Desua47_Desua53_0, 0.084, 0, 0.184, 0.148, 0.084, 0, 0.084, 0.079, 0.014
Node_Desua48_Desua33_0, 0.004, 0, 0.012, 0.01, 0.004, 0, 0.004, 0, 0.011
Node_Desua48_Desua40_0, 0.006, 0, 0.009, 0.011, 0.006, 0, 0.006, 0.002, 0.008
Node_Desua48_Desua42_0, 0.006, 0, 0.009, 0.009, 0.006, 0, 0.006, 0.001, 0.009
Node_Desua48_Desua46_0, 0.005, 0, 0.013, 0.013, 0.005, 0, 0.005, 0.001, 0.012
Node_Desua49_Desua21_0, 0.004, 0, 0.02, 0.015, 0.004, 0, 0.004, 0.002, 0.011
Node_Desua49_Desua32_0, 0.005, 0, 0.012, 0.014, 0.005, 0, 0.005, 0.001, 0.01
Node_Desua49_Desua44_0, 0.013, 0, 0.008, 0.011, 0.013, 0, 0.013, 0.002, 0.016
Node_Desua4_Desua1_0, 0.016, 0, 0.036, 0.022, 0.016, 0, 0.016, 0.012, 0.005
Node_Desua4_Desua48_0, 0.007, 0, 0.018, 0.016, 0.007, 0, 0.007, 0.004, 0.009
Node_Desua4_Desua49_0, 0.007, 0, 0.01, 0.013, 0.007, 0, 0.007, 0.001, 0.01
Node_Desua53_Desua51_0, 0.02, 0, 0.078, 0.042, 0.02, 0, 0.02, 0.017, 0.014
Node_Desua6_Desua19_0, 0.011, 0, 0.015, 0.022, 0.011, 0, 0.011, 0.002, 0.019
Node_Desua6_Desua2_0, 0.007, 0, 0.044, 0.026, 0.007, 0, 0.007, 0.005, 0.008
Node_Desua6_Desua7_0, 0.009, 0, 0.015, 0.012, 0.009, 0, 0.009, 0.004, 0.013
Node_Desua9_Desua17_0, 0.003, 0, 0.022, 0.022, 0.003, 0, 0.003, 0.001, 0.016
Node_Desua9_Desua18_0, 0.009, 0, 0.018, 0.025, 0.009, 0, 0.009, 0.001, 0.019
Node_Dorm2_Dorm1_0, 0.983, 0.001, 0.023, 0.025, 0.973, 0, 0.983, 0.964, 0.034
Node_Dorm2_Dorm3_0, 0.632, 0, 0.068, 0.127, 0.54, 0, 0.632, 0.388, 0.251
Node_Dorm2_Dorm4_0, 0.982, 0.003, 0.446, 0.322, 0.973, 0, 0.982, 0.195, 0.793
Node_Dorm2_Dorm5_0, 0.971, 0, 0.029, 0.023, 0.963, 0, 0.971, 0.964, 0.018
Node_Eise2_Eise1_0, 0.005, 0, 0.018, 0.015, 0.005, 0, 0.005, 0.001, 0.015
Node_Eise4_Eise2_0, 0.008, 0, 0.018, 0.019, 0.008, 0, 0.008, 0.003, 0.011
Node_Eise4_Eise3_0, 0.01, 0.001, 0.015, 0.025, 0.009, 0, 0.01, 0.001, 0.016
Node_Elus1_Elus2_0, 0.012, 0, 0.02, 0.024, 0.012, 0, 0.012, 0.009, 0.007
Node_Elus2_Elus3_0, 0.005, 0, 0.011, 0.007, 0.005, 0, 0.005, 0.005, 0.004
Node_Elus2_Elus5_0, 0.002, 0, 0.009, 0.007, 0.002, 0, 0.002, 0.001, 0.006
Node_Elus3_Elus4_0, 0.004, 0, 0.005, 0.007, 0.004, 0, 0.004, 0, 0.006
Node_Elus3_Elus6_0, 0.004, 0, 0.016, 0.015, 0.004, 0, 0.004, 0.001, 0.011
Node_Elus3_Elus7_0, 0.003, 0, 0.008, 0.007, 0.003, 0, 0.003, 0.001, 0.006
Node_Elus3_Elus9_0, 0.009, 0, 0.005, 0.007, 0.009, 0, 0.009, 0.003, 0.01
Node_Elus6_Elus8_0, 0.004, 0, 0.016, 0.018, 0.004, 0, 0.004, 0.001, 0.016
Node_Elus9_Elus10_0, 0.004, 0, 0.019, 0.021, 0.004, 0, 0.004, 0.001, 0.014
Node_Erem4_Erem5_0, 0.007, 0, 0.013, 0.015, 0.007, 0, 0.007, 0.002, 0.013
Node_Erem6_Erem2_0, 0.01, 0, 0.047, 0.026, 0.01, 0, 0.01, 0.007, 0.008
Node_Erem6_Erem3_0, 0.004, 0, 0.014, 0.01, 0.004, 0, 0.004, 0.002, 0.008
Node_Erem6_Erem4_0, 0.007, 0, 0.016, 0.021, 0.006, 0, 0.007, 0.002, 0.019
Node_FCPU1_FCPU2_0, 1.013, 0.001, 0.062, 0.294, 0.999, 0, 1.013, 0.122, 0.91
Node_Ferm1_Eise4_0, 0.015, 0.001, 0.032, 0.031, 0.015, 0, 0.015, 0.011, 0.005
Node_Ferm1_GemmA1_0, 0.006, 0, 0.013, 0.017, 0.006, 0, 0.006, 0.005, 0.004
Node_Ferm1_Krum1_0, 0.001, 0, 0.01, 0.009, 0.001, 0, 0.001, 0, 0.005
Node_Fibr4_Fibr2_0, 0.006, 0, 0.014, 0.013, 0.006, 0, 0.006, 0.004, 0.008
Node_Fibr4_Fibr3_0, 0.028, 0.001, 0.019, 0.017, 0.027, 0, 0.028, 0.022, 0.006
Node_Fibr4_Fibr5_0, 0.059, 0, 0.007, 0.026, 0.059, 0, 0.059, 0.023, 0.038
Node_Fibr4_Fibr6_0, 0.012, 0, 0.057, 0.015, 0.012, 0, 0.012, 0.008, 0.01
Node_Fibr5_Fibr1_0, 0.248, 0.001, 0.014, 0.062, 0.233, 0, 0.248, 0.056, 0.202
Node_FirmA102_FirmA76_0, 0.411, 0, 0.309, 0.661, 0.401, 0, 0.411, 0.219, 0.199
Node_FirmA104_FirmA78_0, 0.001, 0, 0.007, 0.008, 0.001, 0, 0.001, 0.001, 0.004
Node_FirmA106_FirmA114_0, 0.02, 0.001, 0.09, 0.039, 0.019, 0, 0.02, 0.01, 0.019
Node_FirmA109_FirmA77_0, 0.008, 0, 0.016, 0.019, 0.008, 0, 0.008, 0.003, 0.012
Node_FirmA109_FirmA95_0, 0.006, 0, 0.018, 0.025, 0.006, 0, 0.006, 0, 0.016
Node_FirmA114_FirmA98_0, 0.008, 0, 0.029, 0.031, 0.008, 0, 0.008, 0.003, 0.017
Node_FirmA11_FirmA67_0, 0.012, 0, 0.014, 0.009, 0.012, 0, 0.012, 0.01, 0.008
Node_FirmA12_FirmA93_0, 0.672, 0, 0.021, 0.116, 0.669, 0, 0.672, 0.59, 0.095
Node_FirmA14_FirmA113_0, 0.002, 0, 0.006, 0.007, 0.002, 0, 0.002, 0, 0.005
Node_FirmA18_FirmA103_0, 0.32, 0.001, 0.011, 0.252, 0.316, 0, 0.32, 0.058, 0.271
Node_FirmA20_FirmA100_0, 0.009, 0, 0.017, 0.017, 0.009, 0, 0.009, 0.003, 0.017
Node_FirmA20_FirmA24_0, 0.031, 0, 0.091, 0.046, 0.031, 0, 0.031, 0.026, 0.01
Node_FirmA20_FirmA25_0, 0.003, 0, 0.011, 0.013, 0.003, 0, 0.003, 0.001, 0.007
Node_FirmA20_FirmA38_0, 0.007, 0, 0.031, 0.019, 0.007, 0, 0.007, 0.004, 0.007
Node_FirmA20_FirmA52_0, 0.009, 0, 0.009, 0.008, 0.009, 0, 0.009, 0.001, 0.015
Node_FirmA21_FirmA108_0, 0.003, 0, 0.021, 0.02, 0.003, 0, 0.003, 0.002, 0.013
Node_FirmA21_FirmA47_0, 0.004, 0, 0.005, 0.006, 0.004, 0, 0.004, 0.001, 0.006
Node_FirmA21_FirmA88_0, 0.011, 0, 0.026, 0.019, 0.011, 0, 0.011, 0.004, 0.015
Node_FirmA24_FirmA1_0, 0.015, 0, 0.03, 0.022, 0.015, 0, 0.015, 0.01, 0.014
Node_FirmA24_FirmA8_0, 0.003, 0, 0.021, 0.019, 0.003, 0, 0.003, 0.002, 0.009
Node_FirmA25_FirmA56_0, 0.006, 0, 0.013, 0.016, 0.006, 0, 0.006, 0, 0.016
Node_FirmA26_FirmA102_0, 0.521, 0.008, 0.01, 0.328, 0.466, 0, 0.521, 0.32, 0.195
Node_FirmA26_FirmA2_0, 0.328, 0.008, 0.027, 0.232, 0.308, 0, 0.328, 0.245, 0.073
Node_FirmA26_FirmA41_0, 1.089, 0.006, 0.02, 0.227, 0.952, 0, 1.089, 0.93, 0.16
Node_FirmA26_FirmA7_0, 0.943, 0.006, 0.047, 0.227, 0.862, 0, 0.943, 0.481, 0.463
Node_FirmA27_FirmA71_0, 0.008, 0, 0.017, 0.016, 0.008, 0, 0.008, 0.001, 0.015
Node_FirmA27_FirmA89_0, 0.01, 0, 0.009, 0.01, 0.01, 0, 0.01, 0.005, 0.01
Node_FirmA28_FirmA94_0, 0.004, 0, 0.01, 0.007, 0.004, 0, 0.004, 0.001, 0.007
Node_FirmA29_FirmA51_0, 0.004, 0, 0.013, 0.013, 0.004, 0, 0.004, 0, 0.011
Node_FirmA38_FirmA32_0, 0.003, 0, 0.011, 0.011, 0.003, 0, 0.003, 0.001, 0.007
Node_FirmA43_FirmA39_0, 0.007, 0, 0.01, 0.014, 0.007, 0, 0.007, 0.001, 0.015
Node_FirmA45_FirmA40_0, 0.005, 0, 0.016, 0.02, 0.005, 0, 0.005, 0.001, 0.015
Node_FirmA50_FirmA70_0, 0.008, 0, 0.036, 0.023, 0.008, 0, 0.008, 0.001, 0.018
Node_FirmA52_FirmA107_0, 0, 0, 0.012, 0.016, 0, 0, 0, 0, 0.009
Node_FirmA52_FirmA42_0, 0.003, 0, 0.019, 0.02, 0.003, 0, 0.003, 0, 0.013
Node_FirmA53_FirmA35_0, 0.001, 0, 0.013, 0.006, 0.001, 0, 0.001, 0, 0.003
Node_FirmA55_FirmA29_0, 0.006, 0, 0.014, 0.013, 0.006, 0, 0.006, 0.002, 0.012
Node_FirmA58_FirmA43_0, 0.002, 0, 0.008, 0.009, 0.002, 0, 0.002, 0.001, 0.007
Node_FirmA59_FirmA36_0, 0.001, 0, 0.013, 0.013, 0.001, 0, 0.001, 0.001, 0.008
Node_FirmA59_FirmA44_0, 0.006, 0, 0.007, 0.011, 0.006, 0, 0.006, 0, 0.012
Node_FirmA59_FirmA48_0, 0.001, 0, 0.006, 0.006, 0.001, 0, 0.001, 0, 0.006
Node_FirmA60_FirmA74_0, 0.006, 0, 0.005, 0.005, 0.006, 0, 0.006, 0, 0.011
Node_FirmA61_FirmA66_0, 0.007, 0, 0.014, 0.016, 0.007, 0, 0.007, 0.001, 0.013
Node_FirmA62_FirmA104_0, 0.004, 0, 0.033, 0.018, 0.004, 0, 0.004, 0.004, 0.009
Node_FirmA62_FirmA58_0, 0.003, 0, 0.01, 0.01, 0.003, 0, 0.003, 0.001, 0.009
Node_FirmA62_FirmA6_0, 0.003, 0, 0.009, 0.009, 0.003, 0, 0.003, 0, 0.009
Node_FirmA63_FirmA109_0, 0.012, 0, 0.019, 0.023, 0.011, 0, 0.012, 0.004, 0.017
Node_FirmA63_FirmA10_0, 0.006, 0, 0.015, 0.011, 0.006, 0, 0.006, 0.001, 0.009
Node_FirmA63_FirmA30_0, 0.005, 0, 0.009, 0.01, 0.005, 0, 0.005, 0.002, 0.008
Node_FirmA63_FirmA45_0, 0.006, 0, 0.008, 0.01, 0.006, 0, 0.006, 0.001, 0.009
Node_FirmA63_FirmA57_0, 0.012, 0, 0.049, 0.039, 0.012, 0, 0.012, 0.01, 0.009
Node_FirmA63_FirmA99_0, 0.014, 0, 0.009, 0.011, 0.014, 0, 0.014, 0.006, 0.011
Node_FirmA64_FirmA33_0, 0.002, 0, 0.007, 0.004, 0.002, 0, 0.002, 0.002, 0.003
Node_FirmA65_FirmA5_0, 0.005, 0, 0.01, 0.013, 0.005, 0, 0.005, 0.002, 0.011
Node_FirmA65_FirmA64_0, 0.006, 0, 0.018, 0.021, 0.006, 0, 0.006, 0.002, 0.016
Node_FirmA65_FirmA69_0, 0.008, 0, 0.006, 0.009, 0.008, 0, 0.008, 0.002, 0.01
Node_FirmA65_FirmA97_0, 0.004, 0, 0.009, 0.011, 0.004, 0, 0.004, 0.002, 0.007
Node_FirmA67_FirmA37_0, 0.009, 0, 0.014, 0.016, 0.009, 0, 0.009, 0.008, 0.008
Node_FirmA67_FirmA50_0, 0.026, 0, 0.007, 0.017, 0.026, 0, 0.026, 0.008, 0.024
Node_FirmA67_FirmA79_0, 0.093, 0, 0.014, 0.037, 0.092, 0, 0.093, 0.02, 0.081
Node_FirmA67_FirmA87_0, 0.015, 0, 0.002, 0.007, 0.015, 0, 0.015, 0.011, 0.005
Node_FirmA69_FirmA28_0, 0.007, 0, 0.009, 0.008, 0.007, 0, 0.007, 0.003, 0.008
Node_FirmA69_FirmA72_0, 0.004, 0, 0.008, 0.006, 0.004, 0, 0.004, 0.001, 0.005
Node_FirmA72_FirmA73_0, 0.008, 0, 0.006, 0.007, 0.008, 0, 0.008, 0.002, 0.01
Node_FirmA7_FirmA12_0, 0.598, 0, 0.038, 0.115, 0.594, 0, 0.598, 0.581, 0.025
Node_FirmA7_FirmA90_0, 0.611, 0, 0.351, 0.145, 0.603, 0, 0.611, 0.6, 0.019
Node_FirmA80_FirmA34_0, 0.101, 0, 0.009, 0.04, 0.101, 0, 0.101, 0.026, 0.08
Node_FirmA81_FirmA14_0, 0.003, 0, 0.013, 0.016, 0.003, 0, 0.003, 0, 0.007
Node_FirmA81_FirmA19_0, 0.003, 0, 0.012, 0.013, 0.003, 0, 0.003, 0.001, 0.012
Node_FirmA81_FirmA84_0, 0.024, 0, 0.009, 0.015, 0.024, 0, 0.024, 0.01, 0.016
Node_FirmA81_FirmA92_0, 0.009, 0, 0.02, 0.015, 0.009, 0, 0.009, 0.006, 0.005
Node_FirmA83_FirmA11_0, 0.018, 0, 0.042, 0.027, 0.018, 0, 0.018, 0.014, 0.005
Node_FirmA83_FirmA49_0, 0.003, 0, 0.006, 0.008, 0.003, 0, 0.003, 0.001, 0.004
Node_FirmA83_FirmA55_0, 0.008, 0, 0.011, 0.013, 0.008, 0, 0.008, 0, 0.015
Node_FirmA83_FirmA59_0, 0.001, 0, 0.021, 0.011, 0.001, 0, 0.001, 0, 0.005
Node_FirmA83_FirmA65_0, 0.004, 0, 0.002, 0.004, 0.004, 0, 0.004, 0.001, 0.005
Node_FirmA83_FirmA81_0, 0.017, 0, 0.014, 0.014, 0.017, 0, 0.017, 0.007, 0.013
Node_FirmA83_FirmA86_0, 0.005, 0, 0.015, 0.019, 0.005, 0, 0.005, 0.003, 0.012
Node_FirmA84_FirmA111_0, 0.041, 0, 0.012, 0.022, 0.041, 0, 0.041, 0.016, 0.029
Node_FirmA84_FirmA16_0, 0.255, 0, 0.037, 0.111, 0.253, 0, 0.255, 0.239, 0.018
Node_FirmA84_FirmA20_0, 0.112, 0.003, 0.006, 0.063, 0.108, 0, 0.112, 0.037, 0.074
Node_FirmA84_FirmA26_0, 0.274, 0.009, 0.013, 0.152, 0.261, 0, 0.274, 0.104, 0.166
Node_FirmA84_FirmA46_0, 0.009, 0, 0.048, 0.024, 0.009, 0, 0.009, 0.008, 0.005
Node_FirmA84_FirmA63_0, 0.052, 0, 0.215, 0.087, 0.05, 0, 0.052, 0.045, 0.012
Node_FirmA84_FirmA9_0, 0.006, 0, 0.013, 0.014, 0.005, 0, 0.006, 0.002, 0.01
Node_FirmA85_DTU0X1_0, 0.003, 0, 0.023, 0.011, 0.003, 0, 0.003, 0.002, 0.003
Node_FirmA85_FirmA60_0, 0, 0, 0.012, 0.017, 0, 0, 0, 0, 0.009
Node_FirmA85_FirmC13_0, 0.023, 0, 0.002, 0.007, 0.022, 0, 0.023, 0.018, 0.005
Node_FirmA86_FirmA61_0, 0.008, 0, 0.01, 0.009, 0.008, 0, 0.008, 0, 0.013
Node_FirmA87_FirmA106_0, 0.09, 0, 0.012, 0.029, 0.09, 0, 0.09, 0.027, 0.074
Node_FirmA87_FirmA62_0, 0.028, 0, 0.008, 0.015, 0.028, 0, 0.028, 0.016, 0.015
Node_FirmA87_FirmA96_0, 0.021, 0, 0.007, 0.014, 0.02, 0, 0.021, 0.011, 0.013
Node_FirmA88_FirmA101_0, 0.003, 0, 0.016, 0.012, 0.003, 0, 0.003, 0.002, 0.008
Node_FirmA89_FirmA105_0, 0.007, 0, 0.016, 0.017, 0.007, 0, 0.007, 0.002, 0.017
Node_FirmA89_FirmA110_0, 0.005, 0, 0.016, 0.021, 0.005, 0, 0.005, 0.001, 0.014
Node_FirmA89_FirmA21_0, 0.022, 0, 0.01, 0.016, 0.022, 0, 0.022, 0.006, 0.022
Node_FirmA89_FirmA31_0, 0.011, 0, 0.02, 0.03, 0.011, 0, 0.011, 0.002, 0.02
Node_FirmA89_FirmA53_0, 0.011, 0, 0.04, 0.032, 0.011, 0, 0.011, 0.005, 0.021
Node_FirmA89_FirmA68_0, 0.006, 0, 0.019, 0.015, 0.006, 0, 0.006, 0.002, 0.014
Node_FirmA89_FirmA80_0, 0.03, 0, 0.008, 0.022, 0.03, 0, 0.03, 0.016, 0.016
Node_FirmA90_FirmA112_0, 0.033, 0, 0.589, 0.097, 0.033, 0, 0.033, 0.031, 0.011
Node_FirmA92_FirmA54_0, 0.006, 0, 0.01, 0.01, 0.006, 0, 0.006, 0.004, 0.007
Node_FirmA94_FirmA75_0, 0.002, 0, 0.01, 0.009, 0.002, 0, 0.002, 0.001, 0.008
Node_FirmA96_FirmA27_0, 0.009, 0, 0.018, 0.007, 0.009, 0, 0.009, 0.004, 0.006
Node_FirmA96_FirmA91_0, 0.006, 0, 0.014, 0.012, 0.006, 0, 0.006, 0.002, 0.011
Node_FirmA99_FirmA18_0, 0.059, 0, 0.013, 0.04, 0.058, 0, 0.059, 0.008, 0.058
Node_FirmB16_FirmB13_0, 0.006, 0, 0.014, 0.014, 0.006, 0, 0.006, 0.003, 0.01
Node_FirmB17_FirmB15_0, 0.003, 0, 0.013, 0.015, 0.003, 0, 0.003, 0, 0.014
Node_FirmB2_FirmB11_0, 0.006, 0, 0.019, 0.018, 0.006, 0, 0.006, 0.001, 0.019
Node_FirmB2_FirmB12_0, 0.006, 0, 0.006, 0.006, 0.006, 0, 0.006, 0, 0.01
Node_FirmB3_FirmB14_0, 0.004, 0, 0.012, 0.012, 0.004, 0, 0.004, 0, 0.012
Node_FirmB4_FirmB17_0, 0.002, 0, 0.009, 0.01, 0.002, 0, 0.002, 0, 0.007
Node_FirmB4_FirmB1_0, 0.004, 0, 0.009, 0.01, 0.004, 0, 0.004, 0, 0.009
Node_FirmB4_FirmB3_0, 0.004, 0, 0.013, 0.014, 0.004, 0, 0.004, 0.003, 0.005
Node_FirmB6_FirmB7_0, 0.003, 0, 0.023, 0.018, 0.003, 0, 0.003, 0.001, 0.015
Node_FirmB8_FirmB16_0, 0.01, 0, 0.01, 0.013, 0.01, 0, 0.01, 0.006, 0.008
Node_FirmB8_FirmB4_0, 0.012, 0, 0.018, 0.015, 0.012, 0, 0.012, 0.006, 0.01
Node_FirmB8_FirmB5_0, 0.005, 0, 0.016, 0.018, 0.005, 0, 0.005, 0, 0.011
Node_FirmB8_FirmB9_0, 0.02, 0, 0.038, 0.016, 0.02, 0, 0.02, 0.015, 0.012
Node_FirmB9_FirmB10_0, 0.002, 0, 0.012, 0.013, 0.002, 0, 0.002, 0, 0.012
Node_FirmB9_FirmB2_0, 0.002, 0, 0.014, 0.012, 0.002, 0, 0.002, 0.001, 0.005
Node_FirmB9_FirmB6_0, 0.011, 0, 0.015, 0.009, 0.011, 0, 0.011, 0.007, 0.006
Node_FirmC10_FirmC14_0, 0.094, 0, 0.912, 0.293, 0.093, 0, 0.094, 0.089, 0.014
Node_FirmC10_FirmC18_0, 0.992, 0.004, 0.035, 0.344, 0.983, 0, 0.992, 0.975, 0.018
Node_FirmC10_FirmC19_0, 1.005, 0.008, 0.132, 0.662, 0.99, 0, 1.005, 0.123, 0.886
Node_FirmC11_FirmC3_0, 0.83, 0, 0.705, 0.106, 0.808, 0, 0.83, 0.785, 0.054
Node_FirmC13_FirmB8_0, 0.046, 0, 0.015, 0.019, 0.045, 0, 0.046, 0.034, 0.012
Node_FirmC13_FirmC10_0, 0.243, 0.002, 0.203, 0.159, 0.225, 0, 0.243, 0.169, 0.074
Node_FirmC13_FirmC17_0, 0.299, 0, 0.101, 0.104, 0.282, 0, 0.299, 0.15, 0.157
Node_FirmC13_FirmC5_0, 0.127, 0.003, 0.013, 0.088, 0.12, 0, 0.127, 0.035, 0.091
Node_FirmC13_FirmC8_0, 0.37, 0.011, 0.005, 0.13, 0.327, 0, 0.37, 0.12, 0.237
Node_FirmC13_Firms33_0, 0.049, 0, 0.003, 0.018, 0.047, 0, 0.049, 0.02, 0.029
Node_FirmC15_FirmC12_0, 0.015, 0, 0.851, 0.043, 0.015, 0, 0.015, 0.012, 0.014
Node_FirmC1_FirmC4_0, 0.068, 0, 0.608, 0.149, 0.067, 0, 0.068, 0.067, 0.012
Node_FirmC6_FirmC16_0, 1.005, 0, 0.039, 0.161, 1, 0, 1.005, 0.636, 0.38
Node_FirmC6_FirmC1_0, 0.664, 0, 0.555, 0.161, 0.648, 0, 0.664, 0.578, 0.094
Node_FirmC8_FirmC11_0, 1.481, 0.001, 0.261, 0.454, 0.924, 0, 1.481, 0.879, 0.616
Node_FirmC8_FirmC15_0, 0.852, 0.001, 0.723, 0.104, 0.827, 0, 0.852, 0.795, 0.067
Node_FirmC8_FirmC6_0, 1.125, 0.001, 0.046, 0.131, 0.923, 0, 1.125, 0.764, 0.374
Node_FirmC8_FirmC7_0, 1.507, 0.002, 0.057, 0.101, 0.929, 0, 1.507, 1.436, 0.081
Node_FirmC8_FirmC9_0, 0.796, 0.016, 0.049, 0.156, 0.681, 0, 0.796, 0.323, 0.459
Node_FirmD2_FirmD3_0, 0.113, 0, 0.008, 0.056, 0.112, 0, 0.113, 0.024, 0.091
Node_FirmD4_FirmD2_0, 0.03, 0, 0.051, 0.034, 0.03, 0, 0.03, 0.022, 0.012
Node_FirmE4_FirmE6_0, 0.009, 0, 0.01, 0.007, 0.009, 0, 0.009, 0.004, 0.009
Node_FirmE5_FirmA85_0, 0.02, 0.001, 0.036, 0.013, 0.019, 0, 0.02, 0.017, 0.003
Node_FirmE5_FirmE3_0, 0.003, 0, 0.018, 0.024, 0.003, 0, 0.003, 0.001, 0.011
Node_FirmE5_FirmE4_0, 0.01, 0, 0.009, 0.011, 0.009, 0, 0.01, 0.004, 0.009
Node_FirmE5_FirmE7_0, 0.01, 0, 0.02, 0.007, 0.01, 0, 0.01, 0.002, 0.01
Node_FirmE7_FirmE1_0, 0.012, 0, 0.014, 0.02, 0.012, 0, 0.012, 0.001, 0.016
Node_FirmE7_FirmE2_0, 0.044, 0.001, 0.007, 0.015, 0.043, 0, 0.044, 0.011, 0.038
Node_FirmE7_FirmE8_0, 0.248, 0, 0.011, 0.068, 0.247, 0, 0.248, 0.042, 0.215
Node_FirmF1_FirmF2_0, 0.057, 0.001, 0.036, 0.012, 0.055, 0, 0.057, 0.019, 0.038
Node_FirmF1_FirmG6_0, 0.054, 0, 0.03, 0.039, 0.054, 0, 0.054, 0.05, 0.007
Node_FirmF2_FirmF3_0, 0.226, 0.001, 0.018, 0.068, 0.224, 0, 0.226, 0.051, 0.186
Node_FirmG5_FirmG1_0, 0.004, 0, 0.019, 0.013, 0.004, 0, 0.004, 0.003, 0.008
Node_FirmG5_FirmG2_0, 0.015, 0, 0.067, 0.033, 0.015, 0, 0.015, 0.012, 0.011
Node_FirmG6_FirmE5_0, 0.052, 0, 0.007, 0.023, 0.051, 0, 0.052, 0.047, 0.005
Node_FirmG6_FirmG3_0, 0.011, 0, 0.114, 0.04, 0.011, 0, 0.011, 0.009, 0.004
Node_FirmG6_FirmG4_0, 0.121, 0.002, 0.014, 0.104, 0.119, 0, 0.121, 0.061, 0.062
Node_FirmG6_FirmG5_0, 0.071, 0, 0.021, 0.048, 0.071, 0, 0.071, 0.036, 0.04
Node_Firms11_Firms17_0, 1.005, 0.003, 0.023, 1.019, 1, 0, 1.005, 0.995, 0.017
Node_Firms13_Firms1_0, 0.949, 0, 0.035, 0.024, 0.828, 0, 0.949, 0.79, 0.165
Node_Firms1_Firms10_0, 1.104, 0, 0.151, 0.061, 0.877, 0, 1.104, 0.806, 0.306
Node_Firms20_Firms12_0, 0.324, 0, 0.014, 0.009, 0.323, 0, 0.324, 0.299, 0.031
Node_Firms20_Firms29_0, 0.398, 0, 0.016, 0.014, 0.397, 0, 0.398, 0.318, 0.09
Node_Firms22_Firms27_0, 1.139, 0, 0.015, 0.011, 0.998, 0, 1.139, 1.001, 0.144
Node_Firms23_Firms18_0, 0.004, 0, 0.018, 0.018, 0.004, 0, 0.004, 0.001, 0.013
Node_Firms24_Firms26_0, 1.009, 0.014, 0.027, 1.015, 1, 0, 1.009, 0.985, 0.01
Node_Firms30_Firms31_0, 0.005, 0, 0.014, 0.01, 0.005, 0, 0.005, 0.001, 0.011
Node_Firms32_Firms25_0, 0.005, 0, 0.022, 0.026, 0.005, 0, 0.005, 0.003, 0.013
Node_Firms33_FirmA83_0, 0.055, 0, 0.015, 0.027, 0.054, 0, 0.055, 0.036, 0.021
Node_Firms33_FirmD1_0, 0.089, 0, 0.021, 0.05, 0.088, 0, 0.089, 0.049, 0.041
Node_Firms33_FirmD4_0, 0.069, 0, 0.017, 0.031, 0.067, 0, 0.069, 0.041, 0.031
Node_Firms33_Firms11_0, 1.008, 0.003, 0.01, 0.022, 1, 0, 1.008, 0.999, 0.005
Node_Firms33_Firms13_0, 0.819, 0.003, 0.007, 0.371, 0.809, 0, 0.819, 0.285, 0.53
Node_Firms33_Firms15_0, 1.003, 0.005, 0.012, 0.482, 1, 0, 1.003, 0.996, 0.005
Node_Firms33_Firms16_0, 0.407, 0, 0.603, 0.257, 0.406, 0, 0.407, 0.404, 0.007
Node_Firms33_Firms20_0, 0.307, 0, 0.025, 0.016, 0.305, 0, 0.307, 0.298, 0.016
Node_Firms33_Firms21_0, 0.316, 0, 0.096, 0.059, 0.315, 0, 0.316, 0.315, 0.005
Node_Firms33_Firms22_0, 1.01, 0.002, 0.008, 0.112, 0.998, 0, 1.01, 0.856, 0.156
Node_Firms33_Firms23_0, 0.009, 0, 0.025, 0.02, 0.008, 0, 0.009, 0.003, 0.02
Node_Firms33_Firms28_0, 0.115, 0, 0.013, 0.029, 0.115, 0, 0.115, 0.015, 0.108
Node_Firms33_Firms2_0, 0.023, 0, 0.103, 0.039, 0.023, 0, 0.023, 0.019, 0.011
Node_Firms33_Firms30_0, 0.008, 0, 0.311, 0.014, 0.008, 0, 0.008, 0.003, 0.012
Node_Firms33_Firms32_0, 0.014, 0, 0.032, 0.028, 0.013, 0, 0.014, 0.005, 0.023
Node_Firms33_Firms3_0, 0.86, 0, 0.006, 0.051, 0.853, 0, 0.86, 0.814, 0.047
Node_Firms33_Firms5_0, 1.005, 0.001, 0.011, 0.021, 1, 0, 1.005, 0.999, 0.011
Node_Firms33_Firms6_0, 0.293, 0.001, 0.044, 0.221, 0.289, 0, 0.293, 0.133, 0.162
Node_Firms33_Firms7_0, 1.004, 0, 0.017, 0.013, 0.998, 0, 1.004, 0.997, 0.013
Node_Firms33_Firms8_0, 0.174, 0.002, 0.009, 0.089, 0.163, 0, 0.174, 0.083, 0.092
Node_Firms33_Firms9_0, 0.02, 0, 0.01, 0.015, 0.02, 0, 0.02, 0.004, 0.022
Node_Firms8_Firms24_0, 1.012, 0.002, 0.021, 0.29, 0.999, 0, 1.012, 0.23, 0.783
Node_Firms8_Firms4_0, 0.248, 0, 0.118, 0.136, 0.245, 0, 0.248, 0.065, 0.192
Node_Gemm2_Gemm4_0, 0.007, 0, 0.021, 0.025, 0.007, 0, 0.007, 0.005, 0.016
Node_Gemm3_Gemm6_0, 0.249, 0, 0.013, 0.058, 0.248, 0, 0.249, 0.066, 0.19
Node_Gemm5_Gemm8_0, 0.116, 0, 0.011, 0.046, 0.114, 0, 0.116, 0.034, 0.087
Node_Gemm5_Gemm9_0, 0.02, 0, 0.103, 0.041, 0.02, 0, 0.02, 0.017, 0.007
Node_Gemm9_Gemm2_0, 0.012, 0, 0.018, 0.017, 0.012, 0, 0.012, 0.005, 0.01
Node_Gemm9_Gemm3_0, 0.072, 0, 0.016, 0.032, 0.072, 0, 0.072, 0.016, 0.068
Node_Gemm9_Gemm7_0, 0.02, 0, 0.018, 0.021, 0.02, 0, 0.02, 0.004, 0.026
Node_Gold1_FCPU1_0, 0.164, 0, 0.039, 0.078, 0.159, 0, 0.164, 0.059, 0.107
Node_Gold1_Fire1_0, 0.096, 0, 0.161, 0.135, 0.095, 0, 0.096, 0.071, 0.028
Node_Gold1_Gold2_0, 0.191, 0, 0.138, 0.127, 0.19, 0, 0.191, 0.043, 0.165
Node_Hydr2_Abys1_0, 1.527, 0.004, 0.745, 1.328, 0.966, 0, 1.527, 1.39, 0.135
Node_Hydr2_Hydr1_0, 1.076, 0.002, 0.558, 0.547, 1, 0, 1.076, 0.983, 0.105
Node_Hydr2_Plan43_0, 2.227, 0.57, 0.029, 1.5, 0.996, 0, 2.227, 1.025, 0.19
Node_Hydr2_Sume1_0, 2.133, 0.02, 0.156, 1.798, 0.996, 0, 2.133, 2.061, 0.042
Node_KSB1X2_KSB1X4_0, 0.005, 0, 0.009, 0.01, 0.005, 0, 0.005, 0.002, 0.009
Node_KSB1X3_KSB1X1_0, 0.008, 0, 0.01, 0.011, 0.008, 0, 0.008, 0, 0.015
Node_Late1_Late3_0, 1.005, 0.007, 0.015, 0.368, 0.999, 0, 1.005, 0.178, 0.83
Node_Late2_Late1_0, 0.183, 0, 0.007, 0.084, 0.182, 0, 0.183, 0.026, 0.157
Node_Lind1_Lind2_0, 0.428, 0.007, 0.415, 0.419, 0.371, 0, 0.428, 0.147, 0.286
Node_Lind1_Lind4_0, 0.55, 0.003, 0.092, 0.407, 0.527, 0, 0.55, 0.51, 0.037
Node_Marg1_Marg2_0, 0.054, 0, 0.065, 0.034, 0.054, 0, 0.054, 0.021, 0.035
Node_Marg1_Marg6_0, 0.003, 0, 0.058, 0.014, 0.003, 0, 0.003, 0.002, 0.007
Node_Marg2_Marg7_0, 0.267, 0, 0.017, 0.091, 0.266, 0, 0.267, 0.045, 0.23
Node_Mari3_Mari2_0, 0.003, 0, 0.009, 0.011, 0.003, 0, 0.003, 0.001, 0.009
Node_Mari3_Mari6_0, 0.003, 0, 0.007, 0.006, 0.003, 0, 0.003, 0, 0.005
Node_Mari6_Mari1_0, 0.006, 0, 0.014, 0.014, 0.006, 0, 0.006, 0.001, 0.015
Node_Mari6_Mari5_0, 0.005, 0, 0.009, 0.013, 0.005, 0, 0.005, 0.001, 0.011
Node_Meth2_Meth1_0, 1.076, 0, 0.809, 0.4, 1, 0, 1.076, 0.125, 0.963
Node_Meth4_Meth3_0, 1.01, 0, 0.021, 0.026, 1, 0, 1.01, 1.003, 0.019
Node_Meth5_Meth2_0, 0.922, 0, 0.012, 0.099, 0.865, 0, 0.922, 0.827, 0.1
Node_Meth5_Meth4_0, 1.012, 0, 0.079, 0.123, 1, 0, 1.012, 0.858, 0.169
Node_Meth5_NitsA1_0, 1.018, 0.002, 0.099, 0.147, 0.942, 0, 1.018, 0.983, 0.033
Node_Meth5_SZUA1_0, 0.834, 0.001, 0.024, 0.093, 0.818, 0, 0.834, 0.816, 0.017
Node_Meth5_Sche1_0, 0.84, 0.002, 0.19, 0.117, 0.823, 0, 0.84, 0.829, 0.01
Node_MyxA1_MyxA2_0, 1.059, 0.001, 0.047, 0.053, 0.988, 0, 1.059, 0.994, 0.067
Node_MyxA1_MyxA4_0, 1.038, 0.004, 0.214, 0.466, 0.986, 0, 1.038, 0.259, 0.782
Node_MyxA2_MyxA3_0, 1.01, 0, 0.077, 0.031, 1, 0, 1.01, 0.991, 0.028
Node_Myxo10_Bdell6_0, 0.868, 0.003, 0.072, 0.279, 0.804, 0, 0.868, 0.811, 0.055
Node_Myxo10_MyxA1_0, 0.466, 0.001, 0.569, 0.387, 0.411, 0, 0.466, 0.298, 0.166
Node_Myxo10_Myxo11_0, 0.164, 0, 0.339, 0.201, 0.151, 0, 0.164, 0.131, 0.037
Node_Myxo10_Myxo14_0, 0.169, 0.001, 0.09, 0.099, 0.158, 0, 0.169, 0.079, 0.094
Node_Myxo10_Myxo15_0, 0.018, 0, 0.351, 0.048, 0.018, 0, 0.018, 0.013, 0.012
Node_Myxo10_Myxo17_0, 0.357, 0.029, 0.062, 0.132, 0.324, 0, 0.357, 0.106, 0.221
Node_Myxo11_Bdell13_0, 0.047, 0, 0.12, 0.061, 0.045, 0, 0.047, 0.045, 0.003
Node_Myxo11_Myxo13_0, 0.008, 0, 0.034, 0.028, 0.008, 0, 0.008, 0.003, 0.024
Node_Myxo11_Myxo8_0, 0.018, 0, 0.038, 0.039, 0.018, 0, 0.018, 0.017, 0.009
Node_Myxo14_Myxo2_0, 0.461, 0.003, 0.008, 0.215, 0.447, 0, 0.461, 0.164, 0.296
Node_Myxo14_Myxo3_0, 0.081, 0, 0.127, 0.066, 0.081, 0, 0.081, 0.044, 0.039
Node_Myxo14_Myxo5_0, 1.027, 0.005, 0.041, 0.956, 0.987, 0, 1.027, 0.423, 0.602
Node_Myxo14_Myxo6_0, 1.189, 0, 0.016, 0.046, 0.988, 0, 1.189, 1.015, 0.178
Node_Myxo14_Myxo9_0, 0.17, 0, 0.012, 0.086, 0.168, 0, 0.17, 0.071, 0.101
Node_Myxo15_Myxo18_0, 0.007, 0, 0.022, 0.021, 0.007, 0, 0.007, 0.003, 0.011
Node_Myxo17_Myxo19_0, 1.68, 0.611, 0.024, 0.099, 0.998, 0, 1.68, 0.196, 0.736
Node_Myxo2_Myxo1_0, 0.412, 0, 0.186, 0.071, 0.409, 0, 0.412, 0.289, 0.137
Node_Myxo8_Myxo7_0, 0.008, 0, 0.025, 0.028, 0.008, 0, 0.008, 0.005, 0.015
Node_Nitr10_Nitr3_0, 1.012, 0, 0.017, 0.014, 1, 0, 1.012, 1.002, 0.019
Node_Nitr10_Nitr4_0, 1.01, 0.001, 0.141, 0.032, 1, 0, 1.01, 0.921, 0.097
Node_Nitr10_Nitr6_0, 1.005, 0.001, 0.023, 0.021, 1, 0, 1.005, 0.998, 0.015
Node_Nitr14_CG294X1_0, 0.722, 0.002, 0.378, 0.131, 0.688, 0, 0.722, 0.706, 0.016
Node_Nitr14_Meth5_0, 1.082, 0.004, 0.103, 0.143, 0.988, 0, 1.082, 1.067, 0.011
Node_Nitr14_Nitr12_0, 0.006, 0, 0.015, 0.014, 0.006, 0, 0.006, 0.002, 0.01
Node_Nitr14_Nitr13_0, 0.008, 0, 0.018, 0.019, 0.008, 0, 0.008, 0.005, 0.005
Node_Nitr14_Nitr15_0, 0.709, 0.001, 0.034, 0.125, 0.677, 0, 0.709, 0.689, 0.02
Node_Nitr14_Nitr16_0, 0.011, 0, 0.01, 0.016, 0.011, 0, 0.011, 0.005, 0.013
Node_Nitr14_Nitr2_0, 0.021, 0, 0.057, 0.038, 0.021, 0, 0.021, 0.015, 0.011
Node_Nitr14_Nitr9_0, 0.067, 0, 0.652, 0.115, 0.066, 0, 0.067, 0.063, 0.01
Node_Nitr15_Nitr10_0, 1.053, 0.005, 0.224, 0.19, 0.999, 0, 1.053, 0.767, 0.285
Node_Nitr15_Nitr1_0, 0.793, 0.016, 0.031, 0.108, 0.722, 0, 0.793, 0.668, 0.099
Node_Nitr15_Nitr8_0, 0.987, 0.001, 0.028, 0.175, 0.797, 0, 0.987, 0.773, 0.221
Node_Nitr16_Nitr11_0, 0.008, 0, 0.013, 0.014, 0.008, 0, 0.008, 0.001, 0.016
Node_Nitr16_Nitr17_0, 0.005, 0, 0.015, 0.017, 0.005, 0, 0.005, 0.002, 0.009
Node_Nitr17_Nitr5_0, 0.004, 0, 0.016, 0.019, 0.004, 0, 0.004, 0, 0.015
Node_Nitr9_Nitr7_0, 0.012, 0, 0.061, 0.036, 0.012, 0, 0.012, 0.011, 0.006
Node_Nits1_Nits3_0, 1.005, 0, 0.018, 0.03, 1, 0, 1.005, 0.4, 0.616
Node_Nits4_Nits2_0, 0.016, 0, 0.332, 0.086, 0.016, 0, 0.016, 0.008, 0.014
Node_NitsA1_NitsA2_0, 1.018, 0.001, 0.371, 0.264, 0.998, 0, 1.018, 0.301, 0.732
Node_NitsA1_NitsA3_0, 0.656, 0.001, 0.486, 0.266, 0.578, 0, 0.656, 0.535, 0.123
Node_NitsA3_Nits1_0, 0.407, 0, 0.052, 0.08, 0.404, 0, 0.407, 0.288, 0.125
Node_NitsA3_Nits4_0, 0.334, 0, 0.346, 0.202, 0.329, 0, 0.334, 0.314, 0.024
Node_Omni4_Omni2_0, 1.204, 0, 0.037, 0.478, 1, 0, 1.204, 0.123, 1.09
Node_Omni4_Omni3_0, 0.207, 0.002, 0.944, 0.535, 0.192, 0, 0.207, 0.186, 0.022
Node_Omni4_Omni7_0, 0.151, 0.002, 0.119, 0.151, 0.141, 0, 0.151, 0.09, 0.061
Node_Omni4_Omni8_0, 1.127, 0.004, 0.958, 0.74, 0.928, 0, 1.127, 1.101, 0.024
Node_Omni8_Omni6_0, 1.164, 0.001, 0.192, 0.675, 0.936, 0, 1.164, 0.946, 0.228
Node_P4572X1_Ferm1_0, 0.041, 0, 0.056, 0.046, 0.041, 0, 0.041, 0.031, 0.011
Node_P4572X1_Gemm5_0, 0.04, 0, 0.021, 0.023, 0.04, 0, 0.04, 0.022, 0.02
Node_Pate13_Pate34_0, 0.007, 0, 0.02, 0.021, 0.007, 0, 0.007, 0.002, 0.02
Node_Pate13_Pate6_0, 0.007, 0, 0.007, 0.008, 0.007, 0, 0.007, 0.003, 0.009
Node_Pate14_Pate35_0, 0.01, 0, 0.009, 0.009, 0.01, 0, 0.01, 0.002, 0.012
Node_Pate14_Pate5_0, 0.007, 0, 0.008, 0.012, 0.007, 0, 0.007, 0.005, 0.01
Node_Pate15_Pate29_0, 0.006, 0, 0.018, 0.021, 0.006, 0, 0.006, 0.001, 0.02
Node_Pate17_Pate18_0, 0.008, 0, 0.008, 0.011, 0.008, 0, 0.008, 0.003, 0.008
Node_Pate17_Pate19_0, 0.008, 0, 0.005, 0.007, 0.008, 0, 0.008, 0.003, 0.006
Node_Pate17_Pate8_0, 0.005, 0, 0.012, 0.009, 0.005, 0, 0.005, 0.001, 0.009
Node_Pate18_Pate38_0, 0.004, 0, 0.013, 0.014, 0.004, 0, 0.004, 0.001, 0.012
Node_Pate18_Pate9_0, 0.005, 0, 0.008, 0.005, 0.005, 0, 0.005, 0.002, 0.005
Node_Pate19_Pate37_0, 0.004, 0, 0.008, 0.009, 0.004, 0, 0.004, 0.001, 0.009
Node_Pate19_Pate4_0, 0.003, 0, 0.012, 0.012, 0.003, 0, 0.003, 0.001, 0.007
Node_Pate1_Pate50_0, 0.001, 0, 0.014, 0.016, 0.001, 0, 0.001, 0.001, 0.006
Node_Pate21_Pate15_0, 0.004, 0, 0.006, 0.011, 0.004, 0, 0.004, 0.001, 0.007
Node_Pate21_Pate26_0, 0.003, 0, 0.006, 0.011, 0.003, 0, 0.003, 0.001, 0.006
Node_Pate24_Pate13_0, 0.005, 0, 0.008, 0.006, 0.005, 0, 0.005, 0, 0.008
Node_Pate24_Pate14_0, 0.005, 0, 0.006, 0.013, 0.005, 0, 0.005, 0.001, 0.007
Node_Pate24_Pate39_0, 0.002, 0, 0.013, 0.016, 0.002, 0, 0.002, 0.001, 0.007
Node_Pate24_Pate54_0, 0.008, 0, 0.01, 0.01, 0.008, 0, 0.008, 0, 0.013
Node_Pate25_Pate17_0, 0.007, 0, 0.005, 0.005, 0.007, 0, 0.007, 0.002, 0.008
Node_Pate25_Pate28_0, 0.003, 0, 0.01, 0.006, 0.003, 0, 0.003, 0.001, 0.006
Node_Pate25_Pate32_0, 0.004, 0, 0.009, 0.011, 0.004, 0, 0.004, 0.002, 0.005
Node_Pate26_Pate12_0, 0, 0, 0.01, 0.012, 0, 0, 0, 0, 0.007
Node_Pate40_Pate24_0, 0.004, 0, 0.006, 0.006, 0.004, 0, 0.004, 0.001, 0.006
Node_Pate40_Pate55_0, 0.008, 0, 0.008, 0.009, 0.008, 0, 0.008, 0, 0.012
Node_Pate40_Pate7_0, 0.004, 0.001, 0.008, 0.006, 0.004, 0, 0.004, 0.001, 0.003
Node_Pate43_Pate22_0, 0.002, 0, 0.006, 0.005, 0.002, 0, 0.002, 0.002, 0.002
Node_Pate43_Pate3_0, 0.001, 0, 0.003, 0.005, 0.001, 0, 0.001, 0, 0.002
Node_Pate43_Pate44_0, 0.002, 0, 0.007, 0.009, 0.002, 0, 0.002, 0.001, 0.008
Node_Pate43_Pate45_0, 0.006, 0, 0.011, 0.018, 0.006, 0, 0.006, 0.005, 0.005
Node_Pate43_Pate57_0, 0.002, 0, 0.009, 0.008, 0.002, 0, 0.002, 0, 0.009
Node_Pate44_Pate10_0, 0.006, 0, 0.011, 0.012, 0.006, 0, 0.006, 0.001, 0.012
Node_Pate44_Pate52_0, 0.005, 0, 0.007, 0.01, 0.005, 0, 0.005, 0, 0.01
Node_Pate45_Pate11_0, 0.004, 0, 0.004, 0.004, 0.004, 0, 0.004, 0, 0.005
Node_Pate45_Pate21_0, 0.003, 0, 0.009, 0.007, 0.003, 0, 0.003, 0.001, 0.006
Node_Pate46_Pate25_0, 0.008, 0, 0.014, 0.006, 0.008, 0, 0.008, 0.006, 0.003
Node_Pate48_Chlo30_0, 0.083, 0, 0.015, 0.031, 0.082, 0, 0.083, 0.073, 0.01
Node_Pate48_Pate1_0, 0.009, 0, 0.003, 0.003, 0.009, 0, 0.009, 0.002, 0.009
Node_Pate48_Pate23_0, 0.028, 0, 0.059, 0.029, 0.028, 0, 0.028, 0.025, 0.004
Node_Pate48_Pate30_0, 0.004, 0, 0.006, 0.006, 0.004, 0, 0.004, 0.003, 0.002
Node_Pate48_Pate40_0, 0.008, 0, 0.012, 0.009, 0.008, 0, 0.008, 0.002, 0.008
Node_Pate48_Pate43_0, 0.012, 0, 0.01, 0.019, 0.012, 0, 0.012, 0.011, 0.003
Node_Pate48_Pate46_0, 0.019, 0, 0.013, 0.014, 0.019, 0, 0.019, 0.017, 0.004
Node_Pate48_Pate49_0, 0.008, 0, 0.009, 0.008, 0.008, 0, 0.008, 0.004, 0.008
Node_Pate48_Pate51_0, 0.008, 0, 0.01, 0.009, 0.008, 0, 0.008, 0.005, 0.01
Node_Pate48_Pate56_0, 0.003, 0, 0.004, 0.007, 0.003, 0, 0.003, 0.001, 0.003
Node_Pate49_Pate41_0, 0.005, 0, 0.01, 0.011, 0.005, 0, 0.005, 0.003, 0.007
Node_Pate51_Pate27_0, 0.006, 0, 0.008, 0.01, 0.006, 0, 0.006, 0.003, 0.007
Node_Pate51_Pate33_0, 0.008, 0, 0.006, 0.005, 0.008, 0, 0.008, 0.004, 0.006
Node_Pate51_Pate53_0, 0.007, 0, 0.016, 0.017, 0.007, 0, 0.007, 0, 0.015
Node_Pate54_Pate31_0, 0.005, 0, 0.009, 0.009, 0.005, 0, 0.005, 0.002, 0.006
Node_Pate9_Pate36_0, 0.004, 0, 0.01, 0.011, 0.004, 0, 0.004, 0.001, 0.009
Node_Plan17_Plan23_0, 0.007, 0, 0.018, 0.018, 0.007, 0, 0.007, 0.001, 0.016
Node_Plan22_Plan2_0, 1.024, 0.004, 0.026, 0.15, 0.846, 0, 1.024, 0.663, 0.364
Node_Plan22_Plan4_0, 0.682, 0.003, 0.09, 0.128, 0.635, 0, 0.682, 0.603, 0.08
Node_Plan26_Plan21_0, 0.805, 0.001, 0.217, 0.339, 0.706, 0, 0.805, 0.704, 0.101
Node_Plan26_Plan5_0, 0.353, 0.001, 0.656, 0.335, 0.327, 0, 0.353, 0.153, 0.203
Node_Plan30_Plan14_0, 0.033, 0, 0.114, 0.104, 0.032, 0, 0.033, 0.028, 0.012
Node_Plan31_Plan17_0, 0.009, 0, 0.03, 0.036, 0.009, 0, 0.009, 0.008, 0.007
Node_Plan31_Plan18_0, 0.332, 0, 0.858, 0.615, 0.3, 0, 0.332, 0.33, 0.004
Node_Plan31_Plan27_0, 0.032, 0, 0.088, 0.088, 0.032, 0, 0.032, 0.031, 0.005
Node_Plan31_Plan39_0, 0.115, 0, 0.22, 0.26, 0.111, 0, 0.115, 0.112, 0.003
Node_Plan32_Plan12_0, 0.017, 0, 0.048, 0.045, 0.017, 0, 0.017, 0.014, 0.014
Node_Plan32_Plan22_0, 0.689, 0.001, 0.258, 0.231, 0.632, 0, 0.689, 0.665, 0.026
Node_Plan32_Plan26_0, 0.92, 0.007, 0.616, 0.488, 0.726, 0, 0.92, 0.629, 0.283
Node_Plan32_Plan30_0, 0.135, 0, 0.569, 0.204, 0.131, 0, 0.135, 0.128, 0.015
Node_Plan32_Plan3_0, 0.051, 0, 0.102, 0.091, 0.051, 0, 0.051, 0.042, 0.018
Node_Plan33_Plan44_0, 0.112, 0.001, 0.931, 0.499, 0.108, 0, 0.112, 0.109, 0.006
Node_Plan42_Plan40_0, 1.191, 0.002, 0.47, 0.409, 1, 0, 1.191, 0.942, 0.257
Node_Plan43_Plan16_0, 1.464, 0.222, 0.084, 0.432, 0.876, 0, 1.464, 0.795, 0.29
Node_Plan43_Plan31_0, 1.186, 0.008, 0.14, 0.397, 0.819, 0, 1.186, 1.118, 0.057
Node_Plan43_Plan32_0, 1.246, 0.005, 0.08, 0.367, 0.826, 0, 1.246, 1.107, 0.135
Node_Plan43_Plan33_0, 1.036, 0.015, 0.301, 0.513, 0.758, 0, 1.036, 0.937, 0.076
Node_Plan43_Plan42_0, 1.402, 0.001, 0.345, 0.22, 1, 0, 1.402, 1.126, 0.282
Node_Plan43_Plan7_0, 1.261, 0, 0.901, 0.605, 0.831, 0, 1.261, 1.245, 0.018
Node_Plan43_Verr11_0, 2.144, 0.013, 0.129, 0.441, 0.986, 0, 2.144, 2.085, 0.033
Node_Pori1_Pori2_0, 1.071, 0.005, 0.472, 0.591, 0.999, 0, 1.071, 0.072, 1.002
Node_ProtA11_ProtA32_0, 0.755, 0.001, 0.018, 0.051, 0.644, 0, 0.755, 0.555, 0.207
Node_ProtA12_ProtA44_0, 0.002, 0, 0.01, 0.011, 0.002, 0, 0.002, 0.001, 0.008
Node_ProtA12_ProtA54_0, 0.002, 0, 0.005, 0.006, 0.002, 0, 0.002, 0, 0.005
Node_ProtA13_ProtA24_0, 0.662, 0, 0.023, 0.044, 0.601, 0, 0.662, 0.53, 0.133
Node_ProtA13_ProtA61_0, 0.271, 0, 0.521, 0.052, 0.27, 0, 0.271, 0.15, 0.13
Node_ProtA13_ProtA77_0, 1.405, 0, 0.176, 0.159, 0.973, 0, 1.405, 1.06, 0.351
Node_ProtA13_ProtA7_0, 0.552, 0, 0.898, 0.068, 0.499, 0, 0.552, 0.512, 0.045
Node_ProtA15_ProtA42_0, 0.602, 0, 0.054, 0.104, 0.513, 0, 0.602, 0.327, 0.279
Node_ProtA15_ProtA70_0, 0.377, 0, 0.618, 0.104, 0.34, 0, 0.377, 0.315, 0.067
Node_ProtA16_ProtA33_0, 0.117, 0.001, 0.899, 0.309, 0.117, 0, 0.117, 0.112, 0.008
Node_ProtA16_ProtA66_0, 0.058, 0, 0.113, 0.071, 0.058, 0, 0.058, 0.017, 0.054
Node_ProtA16_ProtA69_0, 1.113, 0.003, 0.069, 0.125, 0.997, 0, 1.113, 1.087, 0.025
Node_ProtA16_ProtA8_0, 1.007, 0.004, 0.124, 0.33, 0.987, 0, 1.007, 0.994, 0.014
Node_ProtA18_ProtA10_0, 0.369, 0.003, 0.018, 0.073, 0.334, 0, 0.369, 0.051, 0.321
Node_ProtA18_ProtA19_0, 0.48, 0.001, 0.08, 0.088, 0.463, 0, 0.48, 0.429, 0.05
Node_ProtA18_ProtA29_0, 0.063, 0, 0.092, 0.073, 0.063, 0, 0.063, 0.013, 0.062
Node_ProtA18_ProtA53_0, 0.093, 0, 0.395, 0.107, 0.093, 0, 0.093, 0.09, 0.008
Node_ProtA19_ProtA14_0, 0.923, 0.025, 0.015, 0.046, 0.858, 0, 0.923, 0.816, 0.067
Node_ProtA19_ProtA20_0, 0.692, 0.012, 0.022, 0.11, 0.643, 0, 0.692, 0.458, 0.222
Node_ProtA19_ProtA3_0, 1.079, 0.007, 0.019, 0.044, 0.999, 0, 1.079, 0.906, 0.168
Node_ProtA19_ProtA46_0, 1.009, 0.001, 0.048, 0.053, 1, 0, 1.009, 0.99, 0.028
Node_ProtA19_ProtA49_0, 1.005, 0.001, 0.016, 0.017, 1, 0, 1.005, 1.001, 0.011
Node_ProtA19_ProtA56_0, 0.691, 0.008, 0.238, 0.35, 0.667, 0, 0.691, 0.456, 0.229
Node_ProtA19_ProtA68_0, 1.011, 0.001, 0.114, 0.033, 0.965, 0, 1.011, 0.969, 0.045
Node_ProtA19_ProtA74_0, 1.028, 0.014, 0.075, 0.638, 0.994, 0, 1.028, 0.929, 0.078
Node_ProtA19_ProtA75_0, 0.846, 0.002, 0.034, 0.043, 0.826, 0, 0.846, 0.662, 0.187
Node_ProtA20_ProtA11_0, 0.565, 0.001, 0.179, 0.108, 0.533, 0, 0.565, 0.517, 0.051
Node_ProtA20_ProtA5_0, 0.016, 0, 0.562, 0.058, 0.016, 0, 0.016, 0.013, 0.013
Node_ProtA26_ProtA37_0, 0.002, 0, 0.018, 0.019, 0.002, 0, 0.002, 0.001, 0.012
Node_ProtA26_ProtA45_0, 0.008, 0, 0.066, 0.024, 0.008, 0, 0.008, 0.005, 0.009
Node_ProtA27_ProtA21_0, 0.01, 0, 0.032, 0.022, 0.01, 0, 0.01, 0.008, 0.012
Node_ProtA30_ProtA35_0, 0.002, 0, 0.012, 0.011, 0.002, 0, 0.002, 0, 0.007
Node_ProtA34_Acid38_0, 1.038, 0.009, 0.035, 0.265, 0.982, 0, 1.038, 1.014, 0.006
Node_ProtA34_Chry1_0, 1.058, 0.013, 0.074, 0.296, 0.987, 0, 1.058, 1.031, 0.003
Node_ProtA34_DesuB4_0, 1.185, 0.011, 0.067, 0.746, 0.984, 0, 1.185, 1.143, 0.028
Node_ProtA34_DesuC2_0, 1.19, 0.003, 0.04, 0.404, 0.973, 0, 1.19, 1.146, 0.042
Node_ProtA34_J088X1_0, 1.275, 0.001, 0.015, 0.381, 0.974, 0, 1.275, 1.175, 0.099
Node_ProtA34_Nitr14_0, 1.17, 0.133, 0.036, 0.578, 0.995, 0, 1.17, 0.882, 0.035
Node_ProtA34_ProtA13_0, 1.23, 0.01, 0.048, 0.158, 0.995, 0, 1.23, 1.104, 0.114
Node_ProtA34_ProtA16_0, 1.154, 0.115, 0.127, 0.476, 1, 0, 1.154, 0.615, 0.319
Node_ProtA34_ProtA18_0, 0.509, 0.013, 0.011, 0.169, 0.486, 0, 0.509, 0.177, 0.316
Node_ProtA34_ProtA26_0, 0.065, 0, 0.024, 0.029, 0.065, 0, 0.065, 0.034, 0.036
Node_ProtA34_ProtA38_0, 0.847, 0.003, 0.028, 0.22, 0.787, 0, 0.847, 0.489, 0.363
Node_ProtA34_ProtA39_0, 0.191, 0, 0.012, 0.07, 0.188, 0, 0.191, 0.058, 0.138
Node_ProtA34_ProtA40_0, 1.09, 0.01, 0.197, 1.029, 0.997, 0, 1.09, 1.04, 0.047
Node_ProtA34_ProtA43_0, 0.999, 0, 0.108, 0.031, 0.99, 0, 0.999, 0.992, 0.017
Node_ProtA34_ProtA9_0, 0.053, 0, 0.055, 0.039, 0.052, 0, 0.053, 0.04, 0.015
Node_ProtA34_ProtG30_0, 0.826, 0.001, 0.666, 0.488, 0.657, 0, 0.826, 0.61, 0.216
Node_ProtA34_ProtM1_0, 0.228, 0, 0.602, 0.272, 0.214, 0, 0.228, 0.226, 0.004
Node_ProtA34_SAR3X2_0, 1.16, 0.006, 0.034, 0.2, 0.993, 0, 1.16, 1.13, 0.018
Node_ProtA34_SM23X1_0, 1.116, 0.097, 0.013, 0.507, 0.997, 0.205, 1.116, 0.924, 0.003
Node_ProtA34_Spir10_0, 0.824, 0.027, 0.005, 0.448, 0.792, 0.359, 0.824, 0.771, 0.002
Node_ProtA34_UBA2X1_0, 1.213, 0.015, 0.018, 0.266, 0.997, 0, 1.213, 1.129, 0.056
Node_ProtA34_Wall1_0, 0.441, 0.009, 0, 0.173, 0.432, 0.432, 0.441, 0.423, 0
Node_ProtA34_mitoFungi_0, 0.093, 0, 0.14, 0.116, 0.091, 0, 0.093, 0.088, 0.005
Node_ProtA38_ProtA15_0, 0.928, 0.001, 0.146, 0.142, 0.757, 0, 0.928, 0.71, 0.226
Node_ProtA38_ProtA41_0, 0.396, 0, 0.679, 0.141, 0.382, 0, 0.396, 0.306, 0.097
Node_ProtA38_ProtA64_0, 0.978, 0, 0.027, 0.118, 0.793, 0, 0.978, 0.904, 0.077
Node_ProtA39_ProtA12_0, 0.004, 0, 0.012, 0.014, 0.004, 0, 0.004, 0.002, 0.009
Node_ProtA39_ProtA27_0, 0.03, 0, 0.165, 0.035, 0.03, 0, 0.03, 0.027, 0.004
Node_ProtA39_ProtA30_0, 0.007, 0, 0.03, 0.021, 0.007, 0, 0.007, 0.004, 0.007
Node_ProtA39_ProtA36_0, 0.003, 0, 0.009, 0.007, 0.003, 0, 0.003, 0.001, 0.008
Node_ProtA3_ProtA72_0, 1.063, 0.003, 0.094, 0.336, 1, 0, 1.063, 1.027, 0.039
Node_ProtA3_ProtA76_0, 1.115, 0.02, 0.042, 0.049, 1, 0, 1.115, 1.025, 0.058
Node_ProtA40_ProtA67_0, 1.188, 0, 0.032, 0.036, 0.99, 0, 1.188, 1.066, 0.13
Node_ProtA46_ProtA55_0, 1.006, 0, 0.02, 0.012, 1, 0, 1.006, 0.997, 0.017
Node_ProtA47_ProtA63_0, 1.67, 0, 0.42, 0.453, 1, 0, 1.67, 0.927, 0.754
Node_ProtA53_ProtA58_0, 0.071, 0, 0.047, 0.059, 0.071, 0, 0.071, 0.059, 0.025
Node_ProtA56_ProtA52_0, 0.594, 0.001, 0.154, 0.101, 0.578, 0, 0.594, 0.548, 0.056
Node_ProtA68_ProtA2_0, 1.052, 0, 0.097, 0.043, 0.933, 0, 1.052, 0.923, 0.138
Node_ProtA69_ProtA50_0, 1.211, 0, 0.05, 0.484, 0.976, 0, 1.211, 1.067, 0.148
Node_ProtA70_ProtA57_0, 0.01, 0, 0.376, 0.049, 0.01, 0, 0.01, 0.007, 0.009
Node_ProtA76_ProtA47_0, 1.336, 0.003, 0.577, 0.319, 0.855, 0, 1.336, 0.628, 0.716
Node_ProtA76_ProtA48_0, 1.194, 0.006, 0.059, 0.197, 0.989, 0, 1.194, 1.06, 0.132
Node_ProtA76_ProtA62_0, 1.168, 0, 0.377, 0.217, 0.831, 0, 1.168, 0.971, 0.209
Node_ProtA76_ProtA71_0, 1.016, 0, 0.718, 0.111, 1, 0, 1.016, 0.462, 0.566
Node_ProtA77_ProtA31_0, 1.414, 0.004, 0.077, 0.097, 0.975, 0, 1.414, 1.336, 0.082
Node_ProtA77_ProtA51_0, 1.66, 0, 0.104, 0.45, 0.958, 0, 1.66, 1.319, 0.35
Node_ProtA9_ProtA60_0, 0.006, 0, 0.053, 0.025, 0.006, 0, 0.006, 0.003, 0.006
Node_ProtG12_ProtG5_0, 0.007, 0, 0.024, 0.023, 0.007, 0, 0.007, 0.001, 0.022
Node_ProtG16_ProtG17_0, 0.012, 0, 0.064, 0.02, 0.012, 0, 0.012, 0.008, 0.014
Node_ProtG18_ProtG10_0, 0.008, 0, 0.018, 0.026, 0.008, 0, 0.008, 0.002, 0.015
Node_ProtG18_ProtG12_0, 0.009, 0, 0.01, 0.012, 0.009, 0, 0.009, 0.004, 0.011
Node_ProtG18_ProtG14_0, 0.011, 0, 0.018, 0.012, 0.011, 0, 0.011, 0.004, 0.013
Node_ProtG18_ProtG21_0, 0.006, 0, 0.018, 0.018, 0.006, 0, 0.006, 0.001, 0.015
Node_ProtG24_ProtG18_0, 0.016, 0, 1.042, 0.023, 0.016, 0, 0.016, 0.014, 0.005
Node_ProtG25_ProtG9_0, 1.085, 0, 0.085, 0.026, 0.969, 0, 1.085, 0.971, 0.121
Node_ProtG29_ProtG76_0, 0.004, 0, 0.017, 0.016, 0.004, 0, 0.004, 0, 0.015
Node_ProtG30_ProtG19_0, 0.004, 0, 0.017, 0.018, 0.004, 0, 0.004, 0, 0.013
Node_ProtG30_ProtG31_0, 1.224, 0.002, 0.009, 0.253, 0.985, 0, 1.224, 1.067, 0.16
Node_ProtG30_ProtG34_0, 0.953, 0, 0.283, 0.334, 0.941, 0, 0.953, 0.947, 0.012
Node_ProtG30_ProtG35_0, 0.212, 0, 0.756, 0.297, 0.21, 0, 0.212, 0.204, 0.015
Node_ProtG30_ProtG39_0, 0.008, 0, 0.006, 0.008, 0.008, 0, 0.008, 0, 0.013
Node_ProtG30_ProtG42_0, 1.062, 0, 0.101, 0.26, 0.947, 0, 1.062, 1.048, 0.018
Node_ProtG30_ProtG49_0, 0.018, 0, 0.098, 0.034, 0.018, 0, 0.018, 0.013, 0.016
Node_ProtG30_ProtG50_0, 1.071, 0, 0.02, 0.229, 0.954, 0, 1.071, 1.045, 0.029
Node_ProtG30_ProtG64_0, 0.001, 0, 0.014, 0.014, 0.001, 0, 0.001, 0, 0.012
Node_ProtG30_ProtG71_0, 0.456, 0, 0.701, 0.397, 0.412, 0, 0.456, 0.38, 0.078
Node_ProtG30_ProtG80_0, 0.615, 0.003, 0.09, 0.358, 0.535, 0, 0.615, 0.367, 0.246
Node_ProtG30_ProtG84_0, 0.1, 0, 0.126, 0.054, 0.098, 0, 0.1, 0.089, 0.014
Node_ProtG30_ProtG85_0, 1.145, 0.006, 0.026, 0.762, 0.955, 0, 1.145, 0.59, 0.55
Node_ProtG30_ProtG87_0, 0.003, 0, 0.021, 0.02, 0.003, 0, 0.003, 0, 0.006
Node_ProtG30_ProtZ3_0, 1.079, 0.003, 0.054, 0.493, 0.979, 0, 1.079, 1.032, 0.044
Node_ProtG30_ProtZ5_0, 1.086, 0.002, 0.234, 0.461, 0.983, 0, 1.086, 0.594, 0.492
Node_ProtG31_ProtG16_0, 0.062, 0, 0.061, 0.041, 0.06, 0, 0.062, 0.023, 0.044
Node_ProtG31_ProtG32_0, 1.745, 0.003, 0.007, 0.04, 0.998, 0, 1.745, 1.218, 0.525
Node_ProtG31_ProtG36_0, 1.651, 0.003, 0.13, 0.136, 0.996, 0, 1.651, 1.634, 0.015
Node_ProtG31_ProtG44_0, 0.197, 0, 0.018, 0.021, 0.196, 0, 0.197, 0.048, 0.153
Node_ProtG31_ProtG45_0, 1.763, 0.006, 0.023, 0.063, 1, 0, 1.763, 1.717, 0.035
Node_ProtG31_ProtG47_0, 0.079, 0, 0.936, 0.11, 0.077, 0, 0.079, 0.068, 0.017
Node_ProtG31_ProtG61_0, 0.998, 0, 0.662, 0.186, 0.948, 0, 0.998, 0.995, 0.009
Node_ProtG32_ProtG26_0, 1.224, 0, 0.027, 0.026, 0.997, 0, 1.224, 1.061, 0.176
Node_ProtG32_ProtG33_0, 0.804, 0.001, 0.967, 0.155, 0.745, 0, 0.804, 0.78, 0.025
Node_ProtG32_ProtG37_0, 0.928, 0.002, 0.035, 0.157, 0.867, 0, 0.928, 0.778, 0.157
Node_ProtG32_ProtG43_0, 1.075, 0.002, 0.035, 0.311, 0.999, 0, 1.075, 0.901, 0.18
Node_ProtG33_ProtG48_0, 0.115, 0, 0.056, 0.074, 0.113, 0, 0.115, 0.037, 0.082
Node_ProtG33_ProtG67_0, 0.089, 0, 0.74, 0.14, 0.088, 0, 0.089, 0.067, 0.025
Node_ProtG33_ProtG7_0, 0.014, 0, 0.113, 0.042, 0.014, 0, 0.014, 0.012, 0.012
Node_ProtG35_ProtG81_0, 0.027, 0, 0.195, 0.072, 0.027, 0, 0.027, 0.023, 0.01
Node_ProtG36_ProtG20_0, 1.157, 0, 0.014, 0.011, 0.999, 0, 1.157, 1.029, 0.131
Node_ProtG36_ProtG24_0, 1.053, 0, 0.602, 0.076, 0.997, 0, 1.053, 1.04, 0.017
Node_ProtG36_ProtG38_0, 1.638, 0.004, 0.061, 0.751, 0.999, 0, 1.638, 1.593, 0.044
Node_ProtG36_ProtG65_0, 1.04, 0, 0.038, 0.023, 1, 0, 1.04, 1.018, 0.025
Node_ProtG37_ProtG41_0, 0.139, 0, 0.02, 0.045, 0.139, 0, 0.139, 0.117, 0.031
Node_ProtG37_ProtG51_0, 0.007, 0, 0.153, 0.056, 0.007, 0, 0.007, 0.001, 0.021
Node_ProtG37_ProtG53_0, 0.191, 0, 0.753, 0.168, 0.188, 0, 0.191, 0.177, 0.016
Node_ProtG37_ProtG8_0, 0.128, 0, 0.074, 0.074, 0.127, 0, 0.128, 0.122, 0.011
Node_ProtG38_ProtG28_0, 1.627, 0.002, 0.032, 0.212, 1, 0, 1.627, 1.61, 0.019
Node_ProtG38_ProtG46_0, 0.793, 0, 0.879, 0.48, 0.699, 0, 0.793, 0.753, 0.045
Node_ProtG39_ProtG15_0, 0.01, 0, 0.016, 0.018, 0.01, 0, 0.01, 0.002, 0.018
Node_ProtG41_ProtG40_0, 0.276, 0, 0.016, 0.059, 0.275, 0, 0.276, 0.132, 0.153
Node_ProtG42_ProtG74_0, 0.125, 0, 0.972, 0.28, 0.123, 0, 0.125, 0.093, 0.035
Node_ProtG43_ProtG55_0, 1.011, 0.001, 0.082, 0.021, 1, 0, 1.011, 1.001, 0.017
Node_ProtG44_ProtG22_0, 0.01, 0, 0.198, 0.019, 0.01, 0, 0.01, 0.006, 0.011
Node_ProtG45_ProtG66_0, 1.766, 0.011, 0.038, 0.081, 0.998, 0, 1.766, 1.716, 0.03
Node_ProtG45_ProtG75_0, 0.996, 0.07, 0.986, 0.109, 0.792, 0, 0.996, 0.717, 0.146
Node_ProtG47_ProtG62_0, 0.009, 0, 0.078, 0.032, 0.009, 0, 0.009, 0.005, 0.008
Node_ProtG48_ProtG1_0, 0.325, 0.001, 0.023, 0.072, 0.316, 0, 0.325, 0.101, 0.232
Node_ProtG48_ProtG25_0, 1.049, 0.002, 0.008, 0.292, 0.971, 0, 1.049, 0.321, 0.73
Node_ProtG48_ProtG6_0, 1.219, 0, 0.02, 0.061, 0.983, 0, 1.219, 1.036, 0.19
Node_ProtG49_ProtG29_0, 0.006, 0, 0.019, 0.007, 0.006, 0, 0.006, 0.004, 0.007
Node_ProtG53_ProtG27_0, 0.026, 0, 0.183, 0.066, 0.026, 0, 0.026, 0.021, 0.018
Node_ProtG53_ProtG70_0, 0.008, 0, 0.038, 0.034, 0.008, 0, 0.008, 0.005, 0.02
Node_ProtG58_ProtG59_0, 1.128, 0.002, 0.372, 0.367, 0.986, 0, 1.128, 1.104, 0.03
Node_ProtG59_ProtG73_0, 0.303, 0, 0.94, 0.346, 0.291, 0, 0.303, 0.194, 0.115
Node_ProtG61_ProtG60_0, 0.007, 0, 0.046, 0.033, 0.007, 0, 0.007, 0.004, 0.013
Node_ProtG61_ProtG72_0, 0.955, 0, 0.062, 0.113, 0.946, 0, 0.955, 0.943, 0.019
Node_ProtG61_ProtG78_0, 0.04, 0, 0.929, 0.101, 0.04, 0, 0.04, 0.034, 0.014
Node_ProtG62_ProtG77_0, 0.003, 0, 0.016, 0.013, 0.003, 0, 0.003, 0, 0.01
Node_ProtG65_ProtG69_0, 1.004, 0, 0.045, 0.012, 1, 0, 1.004, 1.001, 0.009
Node_ProtG66_ProtG68_0, 1.02, 0.001, 0.77, 0.11, 1, 0, 1.02, 1.007, 0.023
Node_ProtG67_ProtG63_0, 0.013, 0, 0.086, 0.035, 0.013, 0, 0.013, 0.011, 0.01
Node_ProtG80_ProtG57_0, 0.044, 0, 0.582, 0.158, 0.044, 0, 0.044, 0.04, 0.011
Node_ProtG81_ProtG79_0, 0.004, 0, 0.033, 0.025, 0.004, 0, 0.004, 0.003, 0.01
Node_ProtG83_ProtG52_0, 0.216, 0, 0.016, 0.027, 0.216, 0, 0.216, 0.088, 0.137
Node_ProtG83_ProtG89_0, 0.095, 0, 0.054, 0.019, 0.095, 0, 0.095, 0.062, 0.038
Node_ProtG84_ProtG11_0, 0.213, 0, 0.068, 0.053, 0.213, 0, 0.213, 0.046, 0.17
Node_ProtG84_ProtG83_0, 0.111, 0, 0.013, 0.021, 0.106, 0, 0.111, 0.069, 0.048
Node_ProtG84_ProtG90_0, 0.076, 0, 0.041, 0.024, 0.076, 0, 0.076, 0.064, 0.017
Node_ProtG85_ProtG56_0, 1.487, 0, 0.073, 0.132, 0.974, 0, 1.487, 1.348, 0.147
Node_ProtG85_ProtG58_0, 1.468, 0.36, 0.106, 0.723, 0.998, 0, 1.468, 0.707, 0.069
Node_ProtG85_ProtG86_0, 0.962, 0, 0.544, 0.102, 0.918, 0, 0.962, 0.954, 0.019
Node_ProtG85_ProtG88_0, 1.413, 0.001, 0.107, 0.086, 0.998, 0, 1.413, 1.364, 0.051
Node_ProtG85_ProtG91_0, 0.936, 0, 0.051, 0.027, 0.928, 0, 0.936, 0.919, 0.025
Node_ProtG86_ProtG82_0, 0.008, 0, 0.967, 0.039, 0.008, 0, 0.008, 0.004, 0.013
Node_ProtG87_ProtG3_0, 0.008, 0, 0.008, 0.007, 0.008, 0, 0.008, 0.002, 0.01
Node_ProtG87_ProtG4_0, 0.006, 0, 0.006, 0.008, 0.006, 0, 0.006, 0.001, 0.009
Node_ProtG89_ProtG13_0, 0.007, 0, 0.102, 0.02, 0.007, 0, 0.007, 0, 0.014
Node_ProtG90_ProtG54_0, 0.004, 0, 0.082, 0.014, 0.004, 0, 0.004, 0.002, 0.01
Node_ProtM1_ProtM2_0, 0.016, 0, 0.05, 0.05, 0.015, 0, 0.016, 0.011, 0.018
Node_ProtM1_ProtM3_0, 0.048, 0, 0.2, 0.123, 0.047, 0, 0.048, 0.043, 0.02
Node_ProtZ1_ProtZ4_0, 1.022, 0.002, 0.022, 0.024, 1, 0, 1.022, 1.007, 0.025
Node_ProtZ3_ProtZ1_0, 1.017, 0, 0.024, 0.163, 1, 0, 1.017, 0.981, 0.042
Node_ProtZ3_ProtZ2_0, 0.999, 0.006, 0.122, 0.535, 0.974, 0, 0.999, 0.978, 0.036
Node_SAR3X2_BMS3X1_0, 0.159, 0.001, 1.012, 0.339, 0.154, 0, 0.159, 0.147, 0.01
Node_SAR3X2_SAR3X1_0, 0.28, 0, 0.093, 0.247, 0.257, 0, 0.28, 0.07, 0.214
Node_SM23X1_AABM5X1_0, 0.007, 0.001, 0.015, 0.016, 0.007, 0, 0.007, 0.002, 0.008
Node_SM23X1_Aero1_0, 1.178, 0.082, 0.029, 0.708, 0.993, 0.001, 1.178, 1.013, 0.008
Node_SM23X1_Bact27_0, 0.013, 0, 0.03, 0.031, 0.013, 0, 0.013, 0.011, 0.003
Node_SM23X1_Caldit2_0, 0.004, 0, 0.011, 0.013, 0.004, 0, 0.004, 0.003, 0.008
Node_SM23X1_Fibr4_0, 0.04, 0, 0.027, 0.031, 0.039, 0, 0.04, 0.033, 0.008
Node_SM23X1_Hydr2_0, 1.496, 0.29, 0.014, 0.792, 0.994, 0, 1.496, 0.899, 0.042
Node_SM23X1_KSB1X2_0, 0.005, 0, 0.008, 0.01, 0.005, 0, 0.005, 0, 0.009
Node_SM23X1_KSB1X3_0, 0.003, 0, 0.007, 0.012, 0.003, 0, 0.003, 0.001, 0.005
Node_SM23X1_P4572X1_0, 0.086, 0, 0.076, 0.092, 0.085, 0, 0.086, 0.079, 0.012
Node_SM23X1_Pori1_0, 0.536, 0.002, 0.964, 0.724, 0.495, 0, 0.536, 0.535, 0.002
Node_SM23X1_RBG1_0, 0.269, 0.001, 0.271, 0.334, 0.26, 0, 0.269, 0.264, 0.003
Node_SM23X1_TA06X1_0, 0.15, 0, 0.123, 0.175, 0.147, 0, 0.15, 0.147, 0.004
Node_SM23X1_Zixi5_0, 0.059, 0, 0.042, 0.047, 0.057, 0, 0.059, 0.047, 0.015
Node_Spir10_Lind1_0, 0.602, 0.014, 0.241, 0.329, 0.578, 0, 0.602, 0.571, 0.005
Node_Spir10_Spir11_0, 0.176, 0.001, 0.135, 0.232, 0.175, 0, 0.176, 0.173, 0.004
Node_Spir10_Spir12_0, 0.136, 0.001, 0.045, 0.147, 0.136, 0, 0.136, 0.131, 0.004
Node_Spir10_Spir13_0, 0.025, 0, 0.111, 0.062, 0.025, 0, 0.025, 0.023, 0.004
Node_Spir10_Spir15_0, 0.306, 0, 0.311, 0.356, 0.301, 0, 0.306, 0.291, 0.015
Node_Spir10_Spir3_0, 0.008, 0, 0.028, 0.022, 0.008, 0, 0.008, 0.005, 0.011
Node_Spir10_Spir8_0, 0.132, 0.002, 0.016, 0.142, 0.13, 0, 0.132, 0.121, 0.01
Node_Spir13_Spir2_0, 0.01, 0, 0.034, 0.029, 0.01, 0, 0.01, 0.005, 0.019
Node_Spir15_Spir4_0, 0.313, 0, 0.221, 0.304, 0.304, 0, 0.313, 0.087, 0.228
Node_Spir15_Spir9_0, 1.007, 0.005, 0.066, 0.655, 0.995, 0, 1.007, 0.254, 0.755
Node_Sume1_OLB1X1_0, 1.169, 0.011, 1.029, 1.613, 0.999, 0, 1.169, 1.102, 0.054
Node_Sume1_UBP4X1_0, 1.026, 0, 0.146, 0.103, 0.998, 0, 1.026, 1.026, 0.003
Node_Syne1_Calda2_0, 0.025, 0, 0.061, 0.043, 0.025, 0, 0.025, 0.025, 0.002
Node_Syne1_Cyan40_0, 0.197, 0.002, 0.055, 0.104, 0.194, 0.003, 0.197, 0.193, 0
Node_Syne1_Dein5_0, 0.084, 0, 0.113, 0.08, 0.083, 0, 0.084, 0.084, 0
Node_Syne1_Syne2_0, 0.004, 0, 0.009, 0.011, 0.004, 0, 0.004, 0.001, 0.009
Node_Syne1_Syne4_0, 0.005, 0.001, 0.014, 0.014, 0.005, 0, 0.005, 0.002, 0.011
Node_Syne1_Syne6_0, 0.004, 0, 0.01, 0.01, 0.004, 0, 0.004, 0.002, 0.009
Node_Syne1_Syne7_0, 0.004, 0, 0.01, 0.012, 0.004, 0, 0.004, 0.001, 0.01
Node_Syne1_Syne9_0, 0.007, 0, 0.022, 0.017, 0.007, 0, 0.007, 0.007, 0.004
Node_Syne2_Syne8_0, 0.006, 0, 0.014, 0.019, 0.006, 0, 0.006, 0.002, 0.016
Node_Syne4_Syne5_0, 0.003, 0, 0.01, 0.013, 0.003, 0, 0.003, 0.001, 0.008
Node_Syne7_Syne10_0, 0.002, 0, 0.01, 0.013, 0.002, 0, 0.002, 0.001, 0.008
Node_Syne8_Syne3_0, 0.008, 0, 0.015, 0.015, 0.008, 0, 0.008, 0.002, 0.017
Node_TA06X1_Cloa1_0, 0.04, 0.001, 0.116, 0.074, 0.04, 0, 0.04, 0.037, 0.005
Node_TA06X1_Edwa1_0, 0.009, 0, 0.035, 0.041, 0.009, 0, 0.009, 0.009, 0.004
Node_TA06X1_WOR1_0, 0.007, 0, 0.007, 0.009, 0.007, 0, 0.007, 0.003, 0.005
Node_Therd1_Dict1_0, 0.011, 0, 0.092, 0.042, 0.011, 0, 0.011, 0.01, 0.004
Node_Therg2_Therg4_0, 0.002, 0, 0.021, 0.016, 0.002, 0, 0.002, 0.001, 0.013
Node_Therg3_Therg5_0, 0.001, 0, 0.012, 0.014, 0.001, 0, 0.001, 0, 0.006
Node_Therg8_Therg2_0, 0.01, 0, 0.058, 0.023, 0.01, 0, 0.01, 0.006, 0.008
Node_Therg8_Therg3_0, 0.007, 0, 0.012, 0.013, 0.007, 0, 0.007, 0.003, 0.009
Node_Therg8_Therg6_0, 0, 0, 0.014, 0.011, 0, 0, 0, 0, 0.007
Node_Thers1_Desua45_0, 0.009, 0, 0.042, 0.03, 0.009, 0, 0.009, 0.009, 0.003
Node_UBA1X2_UBA1X3_0, 0.12, 0, 0.615, 0.306, 0.12, 0, 0.12, 0.117, 0.006
Node_UBA1X2_UBA1X5_0, 0.042, 0, 0.09, 0.074, 0.042, 0, 0.042, 0.036, 0.012
Node_UBA1X5_UBA1X4_0, 0.01, 0, 0.044, 0.035, 0.01, 0, 0.01, 0.008, 0.012
Node_UBA1X6_UBA1X1_0, 0.782, 0.002, 0.026, 0.14, 0.776, 0, 0.782, 0.709, 0.077
Node_UBA1X6_UBA1X2_0, 0.729, 0, 0.04, 0.159, 0.723, 0, 0.729, 0.723, 0.007
Node_UBA2X1_DesuD2_0, 1.258, 0.002, 0.017, 0.291, 0.983, 0, 1.258, 1.175, 0.081
Node_UBA2X1_Desua22_0, 1.192, 0.001, 0.051, 0.288, 0.982, 0, 1.192, 1.162, 0.029
Node_UBA2X1_Desua28_0, 0.501, 0, 0.902, 0.253, 0.45, 0, 0.501, 0.357, 0.145
Node_UBA2X1_SZUA2_0, 0.222, 0.001, 0.421, 0.206, 0.203, 0, 0.222, 0.082, 0.141
Node_UBA6X1_Desa1_0, 0.067, 0, 0.164, 0.125, 0.067, 0, 0.067, 0.066, 0.002
Node_UBA6X1_Elus1_0, 0.025, 0, 0.047, 0.046, 0.025, 0, 0.025, 0.023, 0.005
Node_UBA6X1_Gold1_0, 0.229, 0, 0.309, 0.29, 0.223, 0, 0.229, 0.226, 0.005
Node_UBA9X1_UBA9X3_0, 0.059, 0, 0.155, 0.143, 0.057, 0, 0.059, 0.056, 0.008
Node_UBA9X3_UBA9X2_0, 0.014, 0, 0.052, 0.047, 0.014, 0, 0.014, 0.012, 0.007
Node_Verr11_Aure2_0, 1.867, 0.006, 0.099, 0.382, 0.956, 0, 1.867, 1.552, 0.304
Node_Verr11_Aure3_0, 1.656, 0.005, 0.498, 0.526, 0.931, 0, 1.656, 1.558, 0.092
Node_Verr11_Omni4_0, 2.057, 0.007, 0.13, 0.493, 0.986, 0, 2.057, 2.012, 0.036
Node_Verr11_Verr12_0, 0.215, 0, 1.018, 0.078, 0.214, 0, 0.215, 0.038, 0.187
Node_Verr11_Verr14_0, 1.046, 0, 0.503, 0.057, 0.992, 0, 1.046, 1.01, 0.042
Node_Verr11_Verr7_0, 1.703, 0.049, 0.867, 0.64, 0.976, 0, 1.703, 1.238, 0.387
Node_Verr11_Verr8_0, 2.134, 0.008, 0.106, 0.455, 0.978, 0, 2.134, 1.76, 0.365
Node_Verr11_Verr9_0, 1.507, 0.004, 0.37, 0.864, 0.999, 0, 1.507, 1.337, 0.17
Node_Verr3_Verr10_0, 0.893, 0.101, 0.789, 0.067, 0.745, 0, 0.893, 0.622, 0.087
Node_Verr5_Verr6_0, 1.04, 0, 1.442, 0.286, 0.999, 0, 1.04, 0.389, 0.66
Node_Verr7_Verr13_0, 1.004, 0.001, 0.403, 0.079, 0.823, 0, 1.004, 0.931, 0.075
Node_Verr7_Verr2_0, 0.368, 0, 0.779, 0.058, 0.368, 0, 0.368, 0.233, 0.143
Node_Verr7_Verr4_0, 1.331, 0.002, 0.686, 0.376, 0.99, 0, 1.331, 1.019, 0.312
Node_Verr8_Verr3_0, 1.494, 0.018, 0.426, 0.147, 0.937, 0, 1.494, 1.385, 0.08
Node_Verr8_Verr5_0, 1.822, 0.005, 0.511, 0.352, 0.955, 0, 1.822, 1.623, 0.194
Node_WOR1_WOR2_0, 0.005, 0, 0.008, 0.008, 0.005, 0, 0.005, 0.001, 0.006
Node_WOR1_WOR3_0, 0.003, 0, 0.009, 0.009, 0.003, 0, 0.003, 0.001, 0.006
Node_WOR1_WOR6_0, 0.006, 0, 0.004, 0.004, 0.006, 0, 0.006, 0.003, 0.005
Node_WOR2_WOR4_0, 0.003, 0, 0.01, 0.01, 0.003, 0, 0.003, 0.001, 0.008
Node_WOR6_WOR7_0, 0.003, 0, 0.007, 0.006, 0.003, 0, 0.003, 0, 0.004
Node_Wall1_Fuso2_0, 0.03, 0.002, 0.219, 0.102, 0.03, 0, 0.03, 0.029, 0
Node_Wall1_Muir1_0, 0.004, 0, 0.008, 0.009, 0.004, 0, 0.004, 0.001, 0.004
Node_Wall1_Rifl1_0, 0.008, 0, 0.025, 0.025, 0.008, 0, 0.008, 0.006, 0.003
Node_Wall1_Syne1_0, 0.247, 0, 0.194, 0.206, 0.245, 0, 0.247, 0.247, 0
Node_Zixi2_Zixi1_0, 0.003, 0, 0.007, 0.005, 0.003, 0, 0.003, 0.001, 0.006
Node_Zixi4_Zixi2_0, 0.004, 0, 0.014, 0.011, 0.004, 0, 0.004, 0.002, 0.009
Node_Zixi4_Zixi3_0, 0.007, 0, 0.011, 0.014, 0.007, 0, 0.007, 0, 0.014
Node_Zixi5_Late2_0, 0.033, 0, 0.043, 0.036, 0.033, 0, 0.033, 0.016, 0.017
Node_Zixi5_TA06A1_0, 0.003, 0, 0.005, 0.003, 0.003, 0, 0.003, 0.001, 0.004
Node_Zixi5_UBP14X1_0, 0.004, 0, 0.032, 0.021, 0.004, 0, 0.004, 0.004, 0.003
Node_Zixi5_Zixi4_0, 0.009, 0, 0.006, 0.012, 0.009, 0, 0.009, 0.002, 0.012
Node_chloroArabidopsis_chloroBryophyte_0, 0.003, 0, 0.014, 0.019, 0.003, 0, 0.003, 0.001, 0.012
Node_chloroArabidopsis_chloroChlorophyta_0, 0.005, 0, 0.009, 0.014, 0.005, 0, 0.005, 0, 0.01
Node_chloroArabidopsis_chloroLycophyte_0, 0.004, 0, 0.013, 0.016, 0.004, 0, 0.004, 0.001, 0.014
Node_chloroArabidopsis_chloroRedAlgae_0, 0.004, 0, 0.063, 0.004, 0.004, 0, 0.004, 0.002, 0.004
Node_mitoAnnelida_mitoChelicerate_0, 0.012, 0, 0.016, 0.018, 0.012, 0, 0.012, 0.004, 0.016
Node_mitoAnnelida_mitoMollusc_0, 0.006, 0, 0.02, 0.019, 0.006, 0, 0.006, 0.001, 0.019
Node_mitoAnnelida_mitoPriapulid_0, 0.007, 0, 0.022, 0.022, 0.007, 0, 0.007, 0.002, 0.017
Node_mitoArabidopsis_mitoLycophyte_0, 0.006, 0, 0.016, 0.015, 0.006, 0, 0.006, 0.002, 0.012
Node_mitoBryophyte_mitoArabidopsis_0, 0.01, 0, 0.016, 0.022, 0.01, 0, 0.01, 0, 0.023
Node_mitoBryophyte_mitoChlorophyta_0, 0.003, 0, 0.009, 0.012, 0.003, 0, 0.003, 0, 0.01
Node_mitoBryophyte_mitoExcavata_0, 0.007, 0, 0.025, 0.015, 0.007, 0, 0.007, 0.004, 0.006
Node_mitoBryophyte_mitoParamecium_0, 0.005, 0, 0.009, 0.008, 0.005, 0, 0.005, 0.001, 0.007
Node_mitoBryophyte_mitoRedAlgae_0, 0.002, 0, 0.009, 0.009, 0.002, 0, 0.002, 0.001, 0.006
Node_mitoChelicerate_mitoInsect_0, 0.003, 0, 0.022, 0.018, 0.003, 0, 0.003, 0.002, 0.013
Node_mitoFungi_mitoAnnelida_0, 0.012, 0, 0.023, 0.015, 0.012, 0, 0.012, 0.008, 0.009
Node_mitoFungi_mitoBryophyte_0, 0.026, 0, 0.075, 0.045, 0.026, 0, 0.026, 0.02, 0.008
OLB1X1, 1, 0, 0.186, 0.124, 1, 0, 1, 0.999, 0.017
Omni2, 2, 0, 0.029, 0.021, 1, 0, 2, 1.185, 0.825
Omni3, 0, 0, 0.236, 0.15, 0, 0, 0, 0, 0.029
Omni4, 1, 0, 0.21, 0.02, 1, 0, 1, 1, 0.006
Omni6, 1, 0, 0.262, 0.111, 1, 0, 1, 0.918, 0.098
Omni7, 0, 0, 0.164, 0.052, 0, 0, 0, 0, 0.013
Omni8, 1, 0, 0.964, 0.251, 1, 0, 1, 0.217, 0.8
P4572X1, 0, 0, 0.056, 0.037, 0, 0, 0, 0, 0.016
Pate1, 0, 0, 0.014, 0.021, 0, 0, 0, 0, 0.013
Pate10, 0, 0, 0.022, 0.024, 0, 0, 0, 0, 0.016
Pate11, 0, 0, 0.019, 0.026, 0, 0, 0, 0, 0.015
Pate12, 0, 0, 0.02, 0.025, 0, 0, 0, 0, 0.02
Pate13, 0, 0, 0.023, 0.019, 0, 0, 0, 0, 0.016
Pate14, 0, 0, 0.021, 0.021, 0, 0, 0, 0, 0.011
Pate15, 0, 0, 0.024, 0.023, 0, 0, 0, 0, 0.018
Pate17, 0, 0, 0.017, 0.017, 0, 0, 0, 0, 0.012
Pate18, 0, 0, 0.013, 0.017, 0, 0, 0, 0, 0.009
Pate19, 0, 0, 0.024, 0.027, 0, 0, 0, 0, 0.02
Pate21, 0, 0, 0.022, 0.022, 0, 0, 0, 0, 0.018
Pate22, 0, 0, 0.034, 0.043, 0, 0, 0, 0, 0.032
Pate23, 0, 0, 0.059, 0.049, 0, 0, 0, 0, 0.031
Pate24, 0, 0, 0.022, 0.023, 0, 0, 0, 0, 0.02
Pate25, 0, 0, 0.016, 0.017, 0, 0, 0, 0, 0.013
Pate26, 0, 0, 0.015, 0.016, 0, 0, 0, 0, 0.015
Pate27, 0, 0, 0.018, 0.022, 0, 0, 0, 0, 0.012
Pate28, 0, 0, 0.014, 0.014, 0, 0, 0, 0, 0.011
Pate29, 0, 0, 0.029, 0.039, 0, 0, 0, 0, 0.023
Pate3, 0, 0, 0.022, 0.029, 0, 0, 0, 0, 0.021
Pate30, 0, 0, 0.04, 0.044, 0, 0, 0, 0, 0.036
Pate31, 0, 0, 0.017, 0.019, 0, 0, 0, 0, 0.012
Pate32, 0, 0, 0.036, 0.044, 0, 0, 0, 0, 0.032
Pate33, 0, 0, 0.023, 0.023, 0, 0, 0, 0, 0.015
Pate34, 0, 0, 0.029, 0.033, 0, 0, 0, 0, 0.022
Pate35, 0, 0, 0.028, 0.032, 0, 0, 0, 0, 0.018
Pate36, 0, 0, 0.019, 0.022, 0, 0, 0, 0, 0.015
Pate37, 0, 0, 0.02, 0.026, 0, 0, 0, 0, 0.016
Pate38, 0, 0, 0.018, 0.017, 0, 0, 0, 0, 0.014
Pate39, 0, 0, 0.019, 0.023, 0, 0, 0, 0, 0.017
Pate4, 0, 0, 0.016, 0.017, 0, 0, 0, 0, 0.013
Pate40, 0, 0, 0.022, 0.021, 0, 0, 0, 0, 0.014
Pate41, 0, 0, 0.02, 0.022, 0, 0, 0, 0, 0.015
Pate43, 0, 0, 0.014, 0.021, 0, 0, 0, 0, 0.012
Pate44, 0, 0, 0.022, 0.023, 0, 0, 0, 0, 0.016
Pate45, 0, 0, 0.017, 0.016, 0, 0, 0, 0, 0.013
Pate46, 0, 0, 0.038, 0.04, 0, 0, 0, 0, 0.03
Pate48, 0, 0, 0.025, 0.024, 0, 0, 0, 0, 0.017
Pate49, 0, 0, 0.029, 0.033, 0, 0, 0, 0, 0.024
Pate5, 0, 0, 0.022, 0.02, 0, 0, 0, 0, 0.015
Pate50, 0, 0, 0.015, 0.014, 0, 0, 0, 0, 0.014
Pate51, 0, 0, 0.022, 0.018, 0, 0, 0, 0, 0.016
Pate52, 0, 0, 0.015, 0.014, 0, 0, 0, 0, 0.01
Pate53, 0, 0, 0.026, 0.026, 0, 0, 0, 0, 0.019
Pate54, 0, 0, 0.018, 0.016, 0, 0, 0, 0, 0.013
Pate55, 0, 0, 0.022, 0.023, 0, 0, 0, 0, 0.014
Pate56, 0, 0, 0.034, 0.043, 0, 0, 0, 0, 0.031
Pate57, 0, 0, 0.015, 0.015, 0, 0, 0, 0, 0.013
Pate6, 0, 0, 0.024, 0.028, 0, 0, 0, 0, 0.017
Pate7, 0, 0, 0.033, 0.042, 0, 0, 0, 0, 0.029
Pate8, 0, 0, 0.023, 0.026, 0, 0, 0, 0, 0.018
Pate9, 0, 0, 0.023, 0.025, 0, 0, 0, 0, 0.019
Plan12, 0, 0, 0.029, 0.026, 0, 0, 0, 0, 0.012
Plan14, 0, 0, 0.043, 0.039, 0, 0, 0, 0, 0.01
Plan16, 2, 0.005, 0.443, 0.591, 1, 0, 2, 1.034, 0.974
Plan17, 0, 0, 0.02, 0.019, 0, 0, 0, 0, 0.013
Plan18, 0, 0, 0.357, 0.241, 0, 0, 0, 0, 0.025
Plan2, 1, 0.003, 0.464, 0.552, 1, 0, 1, 0.57, 0.437
Plan21, 1, 0.001, 0.181, 0.367, 1, 0, 1, 0.64, 0.375
Plan22, 1, 0.002, 0.473, 0.522, 1, 0, 1, 0.569, 0.447
Plan23, 0, 0, 0.02, 0.02, 0, 0, 0, 0, 0.013
Plan26, 1, 0.001, 0.095, 0.313, 1, 0, 1, 0.271, 0.741
Plan27, 1, 0, 0.041, 0.031, 1, 0, 1, 0, 1.009
Plan3, 0, 0, 0.057, 0.046, 0, 0, 0, 0, 0.006
Plan30, 0, 0, 0.039, 0.031, 0, 0, 0, 0, 0.006
Plan31, 0, 0, 0.021, 0.025, 0, 0, 0, 0, 0.012
Plan32, 0, 0, 0.025, 0.03, 0, 0, 0, 0, 0.008
Plan33, 0, 0, 0.127, 0.108, 0, 0, 0, 0, 0.015
Plan39, 0, 0, 0.136, 0.097, 0, 0, 0, 0, 0.021
Plan4, 0, 0, 0.692, 0.106, 0, 0, 0, 0, 0.01
Plan40, 1, 0, 0.199, 0.041, 1, 0, 1, 1, 0.008
Plan42, 2, 0.001, 0.032, 0.113, 1, 0, 2, 1.171, 0.84
Plan43, 1, 0, 0.671, 0.063, 1, 0, 1, 0.742, 0.269
Plan44, 0, 0, 0.12, 0.073, 0, 0, 0, 0, 0.008
Plan5, 0, 0, 0.363, 0.109, 0, 0, 0, 0, 0.01
Plan7, 0, 0, 1.299, 0.73, 0, 0, 0, 0, 0.038
Pori1, 1, 0, 0.09, 0.063, 1, 0, 1, 0.999, 0.019
Pori2, 1, 0.002, 0.085, 1.065, 1, 0, 1, 0.997, 0.012
ProtA10, 1, 0, 0.245, 0.083, 1, 0, 1, 0.136, 0.876
ProtA11, 1, 0, 0.392, 0.082, 1, 0, 1, 0.375, 0.637
ProtA12, 0, 0, 0.017, 0.019, 0, 0, 0, 0, 0.015
ProtA13, 1, 0, 0.029, 0.029, 1, 0, 1, 0.253, 0.758
ProtA14, 1, 0, 0.87, 0.112, 1, 0, 1, 0.063, 0.947
ProtA15, 1, 0, 0.287, 0.301, 1, 0, 1, 0.329, 0.685
ProtA16, 1, 0, 0.026, 0.175, 1, 0, 1, 0.04, 0.968
ProtA18, 1, 0.001, 0.165, 0.272, 1, 0, 1, 0.22, 0.795
ProtA19, 1, 0, 0.015, 0.019, 1, 0, 1, 0.999, 0.01
ProtA2, 1, 0, 0.945, 0.032, 1, 0, 1, 0.124, 0.893
ProtA20, 0, 0, 0.025, 0.018, 0, 0, 0, 0, 0.009
ProtA21, 0, 0, 0.022, 0.017, 0, 0, 0, 0, 0.012
ProtA24, 1, 0, 0.156, 0.223, 1, 0, 1, 0.518, 0.494
ProtA26, 0, 0, 0.015, 0.015, 0, 0, 0, 0, 0.013
ProtA27, 0, 0, 0.019, 0.017, 0, 0, 0, 0, 0.009
ProtA29, 1, 0, 0.071, 0.027, 1, 0, 1, 0.001, 1.008
ProtA3, 1, 0.002, 0.125, 0.91, 1, 0, 1, 0.944, 0.06
ProtA30, 0, 0, 0.018, 0.021, 0, 0, 0, 0, 0.016
ProtA31, 1, 0.006, 0.493, 1.678, 1, 0, 1, 0.938, 0.073
ProtA32, 1, 0, 0.375, 0.111, 1, 0, 1, 0.39, 0.62
ProtA33, 0, 0, 0.126, 0.064, 0, 0, 0, 0, 0.009
ProtA34, 0, 0, 1.01, 0.019, 0, 0, 0, 0, 0.011
ProtA35, 0, 0, 0.018, 0.023, 0, 0, 0, 0, 0.016
ProtA36, 0, 0, 0.012, 0.012, 0, 0, 0, 0, 0.009
ProtA37, 0, 0, 0.015, 0.019, 0, 0, 0, 0, 0.013
ProtA38, 0, 0, 0.409, 0.047, 0, 0, 0, 0, 0.013
ProtA39, 0, 0, 0.02, 0.019, 0, 0, 0, 0, 0.017
ProtA40, 1, 0, 1.001, 0.022, 1, 0, 1, 0.195, 0.813
ProtA41, 1, 0.001, 0.049, 0.255, 1, 0, 1, 0.356, 0.652
ProtA42, 1, 0, 0.353, 0.25, 1, 0, 1, 0.261, 0.751
ProtA43, 1, 0, 0.021, 0.03, 1, 0, 1, 0.99, 0.022
ProtA44, 0, 0, 0.01, 0.016, 0, 0, 0, 0, 0.008
ProtA45, 0, 0, 0.022, 0.026, 0, 0, 0, 0, 0.014
ProtA46, 1, 0, 0.014, 0.011, 1, 0, 1, 1, 0.008
ProtA47, 2, 0, 0.022, 0.173, 1, 0, 2, 1.657, 0.352
ProtA48, 1, 0, 0.226, 0.491, 1, 0, 1, 0.982, 0.032
ProtA49, 1, 0.004, 0.016, 1, 1, 0, 1, 0.996, 0.007
ProtA5, 0, 0, 0.028, 0.028, 0, 0, 0, 0, 0.012
ProtA50, 1, 0, 0.97, 0.401, 1, 0, 1, 0.254, 0.759
ProtA51, 1, 0, 0.777, 0.52, 1, 0, 1, 0.892, 0.117
ProtA52, 1, 0, 0.064, 0.067, 1, 0, 1, 0.541, 0.47
ProtA53, 0, 0, 0.081, 0.03, 0, 0, 0, 0, 0.01
ProtA54, 0, 0, 0.01, 0.01, 0, 0, 0, 0, 0.008
ProtA55, 1, 0, 0.012, 0.012, 1, 0, 1, 1, 0.006
ProtA56, 1, 0, 0.552, 0.087, 1, 0, 1, 0.048, 0.958
ProtA57, 0, 0, 0.025, 0.024, 0, 0, 0, 0, 0.015
ProtA58, 1, 0, 0.014, 0.064, 1, 0, 1, 0.067, 0.943
ProtA60, 0, 0, 0.013, 0.015, 0, 0, 0, 0, 0.007
ProtA61, 0, 0, 0.28, 0.025, 0, 0, 0, 0, 0.009
ProtA62, 1, 0, 0.527, 0.236, 1, 0, 1, 0.653, 0.359
ProtA63, 1, 0, 0.681, 0.04, 1, 0, 1, 1, 0.011
ProtA64, 1, 0, 0.292, 0.166, 1, 0, 1, 0.7, 0.314
ProtA66, 0, 0, 0.063, 0.016, 0, 0, 0, 0, 0.005
ProtA67, 1, 0, 0.211, 0.041, 1, 0, 1, 0.987, 0.023
ProtA68, 1, 0, 0.139, 0.027, 1, 0, 1, 0.922, 0.087
ProtA69, 1, 0.002, 0.269, 0.42, 1, 0, 1, 0.951, 0.056
ProtA7, 0, 0, 0.566, 0.046, 0, 0, 0, 0, 0.014
ProtA70, 0, 0, 0.018, 0.012, 0, 0, 0, 0, 0.008
ProtA71, 1, 0, 0.023, 0.018, 1, 0, 1, 0.999, 0.007
ProtA72, 1, 0, 0.107, 0.062, 1, 0, 1, 0.965, 0.044
ProtA74, 1, 0.008, 0.066, 1.86, 1, 0, 1, 0.97, 0.03
ProtA75, 1, 0.003, 0.281, 1.02, 1, 0, 1, 0.57, 0.432
ProtA76, 1, 0, 0.024, 0.018, 1, 0, 1, 1, 0.008
ProtA77, 2, 0.001, 0.908, 0.956, 1, 0, 2, 0.759, 1.247
ProtA8, 1, 0, 0.038, 0.309, 1, 0, 1, 0.986, 0.031
ProtA9, 0, 0, 0.015, 0.016, 0, 0, 0, 0, 0.009
ProtG1, 0, 0, 0.342, 0.088, 0, 0, 0, 0, 0.017
ProtG10, 0, 0, 0.023, 0.02, 0, 0, 0, 0, 0.015
ProtG11, 0, 0, 0.23, 0.067, 0, 0, 0, 0, 0.017
ProtG12, 0, 0, 0.02, 0.024, 0, 0, 0, 0, 0.013
ProtG13, 0, 0, 0.016, 0.018, 0, 0, 0, 0, 0.009
ProtG14, 0, 0, 0.03, 0.028, 0, 0, 0, 0, 0.019
ProtG15, 0, 0, 0.022, 0.022, 0, 0, 0, 0, 0.012
ProtG16, 0, 0, 0.024, 0.022, 0, 0, 0, 0, 0.012
ProtG17, 0, 0, 0.024, 0.023, 0, 0, 0, 0, 0.012
ProtG18, 0, 0, 0.01, 0.006, 0, 0, 0, 0, 0.004
ProtG19, 0, 0, 0.015, 0.018, 0, 0, 0, 0, 0.011
ProtG20, 1, 0, 1.011, 0.07, 1, 0, 1, 0.154, 0.854
ProtG21, 0, 0, 0.018, 0.02, 0, 0, 0, 0, 0.012
ProtG22, 0, 0, 0.027, 0.023, 0, 0, 0, 0, 0.017
ProtG24, 0, 0, 0.028, 0.023, 0, 0, 0, 0, 0.012
ProtG25, 1, 0, 0.125, 0.022, 1, 0, 1, 0.968, 0.04
ProtG26, 1, 0, 0.24, 0.019, 1, 0, 1, 0.997, 0.016
ProtG27, 0, 0, 0.037, 0.028, 0, 0, 0, 0, 0.011
ProtG28, 1, 0.002, 0.645, 0.241, 1, 0, 1, 0.995, 0.016
ProtG29, 0, 0, 0.016, 0.019, 0, 0, 0, 0, 0.012
ProtG3, 0, 0, 0.016, 0.015, 0, 0, 0, 0, 0.008
ProtG30, 0, 0, 0.013, 0.011, 0, 0, 0, 0, 0.009
ProtG31, 1, 0, 0.018, 0.097, 1, 0, 1, 0.19, 0.821
ProtG32, 1, 0, 1.011, 0.015, 1, 0, 1, 0.223, 0.787
ProtG33, 0, 0, 0.022, 0.019, 0, 0, 0, 0, 0.008
ProtG34, 1, 0.001, 0.032, 0.402, 1, 0, 1, 0.935, 0.078
ProtG35, 0, 0, 0.038, 0.032, 0, 0, 0, 0, 0.011
ProtG36, 1, 0, 0.169, 0.02, 1, 0, 1, 0.999, 0.012
ProtG37, 0, 0, 0.023, 0.026, 0, 0, 0, 0, 0.016
ProtG38, 0, 0, 0.809, 0.207, 0, 0, 0, 0, 0.016
ProtG39, 0, 0, 0.021, 0.021, 0, 0, 0, 0, 0.011
ProtG4, 0, 0, 0.024, 0.023, 0, 0, 0, 0, 0.018
ProtG40, 1, 0.001, 0.019, 0.132, 1, 0, 1, 0.271, 0.742
ProtG41, 0, 0, 0.286, 0.052, 0, 0, 0, 0, 0.01
ProtG42, 0, 0, 0.135, 0.066, 0, 0, 0, 0, 0.01
ProtG43, 1, 0, 0.013, 0.006, 1, 0, 1, 1, 0.002
ProtG44, 0, 0, 0.016, 0.014, 0, 0, 0, 0, 0.006
ProtG45, 2, 0.819, 0.174, 0.08, 1, 0, 2, 0.255, 0.359
ProtG46, 1, 0, 0.14, 0.255, 1, 0, 1, 0.662, 0.347
ProtG47, 0, 0, 0.018, 0.014, 0, 0, 0, 0, 0.009
ProtG48, 1, 0, 0.259, 0.075, 1, 0, 1, 0.975, 0.04
ProtG49, 0, 0, 0.022, 0.026, 0, 0, 0, 0, 0.016
ProtG5, 0, 0, 0.017, 0.011, 0, 0, 0, 0, 0.01
ProtG50, 0, 0.001, 1.085, 0.251, 0, 0, 0, 0, 0.013
ProtG51, 0, 0, 0.015, 0.012, 0, 0, 0, 0, 0.008
ProtG52, 1, 0, 0.016, 0.047, 1, 0, 1, 0.209, 0.8
ProtG53, 0, 0, 0.019, 0.016, 0, 0, 0, 0, 0.011
ProtG54, 0, 0, 0.02, 0.019, 0, 0, 0, 0, 0.016
ProtG55, 1, 0, 0.022, 0.022, 1, 0, 1, 1, 0.011
ProtG56, 1, 0.002, 0.938, 0.232, 1, 0, 1, 0.562, 0.449
ProtG57, 0, 0, 0.048, 0.022, 0, 0, 0, 0, 0.004
ProtG58, 1, 0, 0.159, 0.376, 1, 0, 1, 0.984, 0.031
ProtG59, 1, 0, 0.088, 0.05, 1, 0, 1, 0.226, 0.785
ProtG6, 1, 0, 0.995, 0.327, 1, 0, 1, 0.239, 0.776
ProtG60, 0, 0, 0.017, 0.021, 0, 0, 0, 0, 0.01
ProtG61, 0, 0, 0.012, 0.009, 0, 0, 0, 0, 0.005
ProtG62, 0, 0, 0.011, 0.014, 0, 0, 0, 0, 0.008
ProtG63, 0, 0, 0.021, 0.018, 0, 0, 0, 0, 0.008
ProtG64, 0, 0, 0.017, 0.021, 0, 0, 0, 0, 0.016
ProtG65, 0, 0, 1.018, 0.023, 0, 0, 0, 0, 0.014
ProtG66, 1, 0, 0.035, 0.028, 1, 0, 1, 1, 0.015
ProtG67, 0, 0, 0.029, 0.028, 0, 0, 0, 0, 0.016
ProtG68, 1, 0, 0.031, 0.023, 1, 0, 1, 1, 0.011
ProtG69, 1, 0, 0.014, 0.012, 1, 0, 1, 0.999, 0.01
ProtG7, 0, 0, 0.022, 0.02, 0, 0, 0, 0, 0.008
ProtG70, 0, 0, 0.014, 0.016, 0, 0, 0, 0, 0.006
ProtG71, 0, 0, 0.478, 0.166, 0, 0, 0, 0, 0.022
ProtG72, 1, 0, 0.021, 0.114, 1, 0, 1, 0.945, 0.066
ProtG73, 0, 0, 0.311, 0.058, 0, 0, 0, 0, 0.008
ProtG74, 1, 0.002, 0.066, 0.324, 1, 0, 1, 0.067, 0.939
ProtG75, 1, 0, 0.867, 0.098, 1, 0, 1, 0.146, 0.871
ProtG76, 0, 0, 0.016, 0.016, 0, 0, 0, 0, 0.012
ProtG77, 0, 0, 0.013, 0.011, 0, 0, 0, 0, 0.01
ProtG78, 0, 0, 0.044, 0.027, 0, 0, 0, 0, 0.004
ProtG79, 0, 0, 0.01, 0.008, 0, 0, 0, 0, 0.006
ProtG8, 0, 0, 0.138, 0.033, 0, 0, 0, 0, 0.01
ProtG80, 0, 0, 0.063, 0.052, 0, 0, 0, 0, 0.019
ProtG81, 0, 0, 0.012, 0.012, 0, 0, 0, 0, 0.008
ProtG82, 0, 0, 0.015, 0.014, 0, 0, 0, 0, 0.007
ProtG83, 0, 0, 0.23, 0.025, 0, 0, 0, 0, 0.014
ProtG84, 1, 0.001, 0.012, 0.196, 1, 0, 1, 0.21, 0.798
ProtG85, 0, 0, 0.946, 0.023, 0, 0, 0, 0, 0.01
ProtG86, 0, 0, 0.021, 0.023, 0, 0, 0, 0, 0.013
ProtG87, 0, 0, 0.015, 0.014, 0, 0, 0, 0, 0.007
ProtG88, 1, 0, 0.449, 0.147, 1, 0, 1, 0.978, 0.036
ProtG89, 0, 0, 0.018, 0.02, 0, 0, 0, 0, 0.011
ProtG9, 1, 0.001, 0.984, 0.214, 1, 0, 1, 0.111, 0.898
ProtG90, 0, 0, 0.017, 0.017, 0, 0, 0, 0, 0.013
ProtG91, 1, 0, 0.018, 0.025, 1, 0, 1, 0.928, 0.082
ProtM1, 0, 0, 0.035, 0.033, 0, 0, 0, 0, 0.019
ProtM2, 0, 0, 0.025, 0.016, 0, 0, 0, 0, 0.009
ProtM3, 0, 0, 0.054, 0.031, 0, 0, 0, 0, 0.006
ProtZ1, 1, 0.004, 0.069, 0.965, 1, 0, 1, 0.963, 0.043
ProtZ2, 1, 0, 0.957, 0.45, 1, 0, 1, 0.05, 0.958
ProtZ3, 1, 0, 0.025, 0.014, 1, 0, 1, 1, 0.008
ProtZ4, 1, 0, 0.03, 0.015, 1, 0, 1, 1, 0.008
ProtZ5, 1, 0, 0.141, 0.106, 1, 0, 1, 0.978, 0.055
RBG1, 0, 0, 0.294, 0.196, 0, 0, 0, 0, 0.025
Rifl1, 0, 0, 0.033, 0.045, 0, 0, 0, 0, 0.025
SAR3X1, 1, 0.002, 0.2, 0.539, 1, 0, 1, 0.099, 0.918
SAR3X2, 1, 0.001, 0.125, 0.49, 1, 0, 1, 0.163, 0.844
SLNR1, 0, 0, 0.015, 0.017, 0, 0, 0, 0, 0.014
SM23X1, 0, 0, 0.016, 0.019, 0, 0, 0, 0, 0.013
SZUA1, 0, 0, 0.846, 0.185, 0, 0, 0, 0, 0.012
SZUA2, 0, 0, 0.239, 0.091, 0, 0, 0, 0, 0.017
Sche1, 0, 0, 0.864, 0.242, 0, 0, 0, 0, 0.024
Spir10, 0, 0, 0.024, 0.019, 0, 0, 0, 0, 0.016
Spir11, 0, 0, 0.202, 0.133, 0, 0, 0, 0, 0.026
Spir12, 0, 0, 0.157, 0.114, 0, 0, 0, 0, 0.021
Spir13, 0, 0, 0.023, 0.022, 0, 0, 0, 0, 0.013
Spir15, 1, 0, 0.022, 0.077, 1, 0, 1, 0.995, 0.015
Spir2, 0, 0, 0.022, 0.019, 0, 0, 0, 0, 0.012
Spir3, 0, 0, 0.015, 0.013, 0, 0, 0, 0, 0.007
Spir4, 0, 0, 0.343, 0.213, 0, 0, 0, 0, 0.03
Spir8, 1, 0.003, 0.028, 0.562, 1, 0, 1, 0.121, 0.893
Spir9, 1, 0.005, 0.022, 0.965, 1, 0, 1, 0.99, 0.01
Sume1, 1, 0, 0.046, 0.048, 1, 0, 1, 0.997, 0.02
Syne1, 0, 0, 0.013, 0.014, 0, 0, 0, 0, 0.009
Syne10, 0, 0, 0.021, 0.026, 0, 0, 0, 0, 0.019
Syne2, 0, 0, 0.017, 0.017, 0, 0, 0, 0, 0.011
Syne3, 0, 0, 0.017, 0.016, 0, 0, 0, 0, 0.009
Syne4, 0, 0, 0.011, 0.011, 0, 0, 0, 0, 0.008
Syne5, 0, 0, 0.016, 0.014, 0, 0, 0, 0, 0.013
Syne6, 0, 0, 0.011, 0.01, 0, 0, 0, 0, 0.007
Syne7, 0, 0, 0.01, 0.01, 0, 0, 0, 0, 0.008
Syne8, 0, 0, 0.021, 0.02, 0, 0, 0, 0, 0.013
Syne9, 0, 0, 0.034, 0.04, 0, 0, 0, 0, 0.027
TA06A1, 0, 0, 0.034, 0.043, 0, 0, 0, 0, 0.031
TA06X1, 0, 0, 0.034, 0.039, 0, 0, 0, 0, 0.027
Therd1, 0, 0, 0.033, 0.033, 0, 0, 0, 0, 0.022
Therg2, 0, 0, 0.013, 0.016, 0, 0, 0, 0, 0.011
Therg3, 0, 0, 0.008, 0.009, 0, 0, 0, 0, 0.007
Therg4, 0, 0, 0.008, 0.008, 0, 0, 0, 0, 0.006
Therg5, 0, 0, 0.013, 0.012, 0, 0, 0, 0, 0.012
Therg6, 0, 0, 0.016, 0.018, 0, 0, 0, 0, 0.016
Therg8, 0, 0, 0.01, 0.016, 0, 0, 0, 0, 0.01
Thers1, 0, 0, 0.031, 0.027, 0, 0, 0, 0, 0.022
UBA1X1, 0, 0.001, 0.794, 0.302, 0, 0, 0, 0, 0.011
UBA1X2, 0, 0, 0.054, 0.036, 0, 0, 0, 0, 0.012
UBA1X3, 0, 0, 0.137, 0.111, 0, 0, 0, 0, 0.017
UBA1X4, 0, 0, 0.023, 0.018, 0, 0, 0, 0, 0.013
UBA1X5, 0, 0, 0.025, 0.027, 0, 0, 0, 0, 0.015
UBA1X6, 1, 0.001, 0.018, 0.162, 1, 0, 1, 0.774, 0.235
UBA2X1, 1, 0, 0.063, 0.294, 1, 0, 1, 0.173, 0.841
UBA6X1, 0, 0, 0.053, 0.05, 0, 0, 0, 0, 0.028
UBA9X1, 0, 0, 0.086, 0.082, 0, 0, 0, 0, 0.027
UBA9X2, 0, 0, 0.022, 0.019, 0, 0, 0, 0, 0.008
UBA9X3, 0, 0, 0.026, 0.027, 0, 0, 0, 0, 0.012
UBP13X1, 0, 0, 0.136, 0.061, 0, 0, 0, 0, 0.02
UBP14X1, 0, 0, 0.032, 0.035, 0, 0, 0, 0, 0.028
UBP4X1, 0, 0, 1.042, 0.039, 0, 0, 0, 0, 0.016
UBP6X1, 0, 0, 0.096, 0.081, 0, 0, 0, 0, 0.029
Verr10, 2, 0.766, 0.03, 0.036, 1, 0, 2, 0.363, 0.371
Verr11, 1, 0.001, 0.019, 0.28, 1, 0, 1, 0.209, 0.803
Verr12, 0, 0, 0.223, 0.052, 0, 0, 0, 0, 0.008
Verr13, 1, 0, 0.263, 0.125, 1, 0, 1, 0.756, 0.259
Verr14, 1, 0, 0.063, 0.027, 1, 0, 1, 0.992, 0.017
Verr2, 1, 0, 0.015, 0.096, 1, 0, 1, 0.361, 0.647
Verr3, 0, 0, 0.907, 0.043, 0, 0, 0, 0, 0.014
Verr4, 1, 0, 0.43, 0.7, 1, 0, 1, 0.912, 0.099
Verr5, 1, 0, 0.054, 0.042, 1, 0, 1, 0.999, 0.014
Verr6, 1, 0, 0.047, 0.037, 1, 0, 1, 0.999, 0.007
Verr7, 0, 0, 0.376, 0.162, 0, 0, 0, 0, 0.008
Verr8, 1, 0, 0.759, 0.147, 1, 0, 1, 0.745, 0.265
Verr9, 2, 0.002, 0.056, 1.062, 1, 0, 2, 1.463, 0.547
WOR1, 0, 0, 0.018, 0.019, 0, 0, 0, 0, 0.015
WOR2, 0, 0, 0.018, 0.02, 0, 0, 0, 0, 0.015
WOR3, 0, 0, 0.012, 0.014, 0, 0, 0, 0, 0.009
WOR4, 0, 0, 0.016, 0.019, 0, 0, 0, 0, 0.013
WOR6, 0, 0, 0.012, 0.012, 0, 0, 0, 0, 0.009
WOR7, 0, 0, 0.013, 0.016, 0, 0, 0, 0, 0.01
Wall1, 0, 0, 0.028, 0.039, 0, 0, 0, 0, 0.024
Zixi1, 0, 0, 0.017, 0.021, 0, 0, 0, 0, 0.014
Zixi2, 0, 0, 0.014, 0.013, 0, 0, 0, 0, 0.011
Zixi3, 0, 0, 0.018, 0.019, 0, 0, 0, 0, 0.011
Zixi4, 0, 0, 0.018, 0.015, 0, 0, 0, 0, 0.011
Zixi5, 0, 0, 0.021, 0.021, 0, 0, 0, 0, 0.012
chloroArabidopsis, 0, 0, 0.015, 0.014, 0, 0, 0, 0, 0.011
chloroBryophyte, 0, 0, 0.013, 0.015, 0, 0, 0, 0, 0.01
chloroChlorophyta, 0, 0, 0.015, 0.016, 0, 0, 0, 0, 0.01
chloroLycophyte, 0, 0, 0.015, 0.017, 0, 0, 0, 0, 0.011
chloroRedAlgae, 0, 0, 0.01, 0.009, 0, 0, 0, 0, 0.006
mitoAnnelida, 0, 0, 0.021, 0.022, 0, 0, 0, 0, 0.015
mitoArabidopsis, 0, 0, 0.021, 0.022, 0, 0, 0, 0, 0.015
mitoBryophyte, 0, 0, 0.024, 0.022, 0, 0, 0, 0, 0.014
mitoChelicerate, 0, 0, 0.015, 0.016, 0, 0, 0, 0, 0.012
mitoChlorophyta, 0, 0, 0.011, 0.011, 0, 0, 0, 0, 0.008
mitoExcavata, 0, 0, 0.019, 0.018, 0, 0, 0, 0, 0.012
mitoFungi, 0, 0, 0.029, 0.03, 0, 0, 0, 0, 0.017
mitoInsect, 0, 0, 0.014, 0.014, 0, 0, 0, 0, 0.011
mitoLycophyte, 0, 0, 0.014, 0.019, 0, 0, 0, 0, 0.008
mitoMollusc, 0, 0, 0.013, 0.014, 0, 0, 0, 0, 0.007
mitoParamecium, 0, 0, 0.013, 0.01, 0, 0, 0, 0, 0.008
mitoPriapulid, 0, 0, 0.012, 0.01, 0, 0, 0, 0, 0.005
mitoRedAlgae, 0, 0, 0.013, 0.017, 0, 0, 0, 0, 0.011
