species_label, speciations, duplications, losses, transfers, presence, origination, copies, singletons, transfers_to
AABM5X1, 0, 0, 0.025, 0.025, 0, 0, 0, 0, 0.018
AABM5X2, 0, 0, 0.01, 0.006, 0, 0, 0, 0, 0.003
AABM5X3, 0, 0, 0.013, 0.014, 0, 0, 0, 0, 0.011
Abys1, 0, 0, 0.035, 0.04, 0, 0, 0, 0, 0.024
Acid1, 0, 0, 0.022, 0.021, 0, 0, 0, 0, 0.013
Acid10, 0, 0, 0.116, 0.023, 0, 0, 0, 0, 0.012
Acid11, 1, 0.004, 0.013, 0.354, 1, 0, 1, 0.175, 0.834
Acid12, 1, 0, 0.025, 0.025, 1, 0, 1, 0.155, 0.862
Acid13, 0, 0, 0.182, 0.033, 0, 0, 0, 0, 0.019
Acid14, 1, 0.004, 0.244, 0.264, 1, 0, 1, 0.581, 0.43
Acid16, 0, 0, 0.116, 0.042, 0, 0, 0, 0, 0.01
Acid17, 0, 0, 0.027, 0.028, 0, 0, 0, 0, 0.018
Acid18, 0, 0, 0.035, 0.036, 0, 0, 0, 0, 0.022
Acid2, 0, 0, 0.036, 0.039, 0, 0, 0, 0, 0.023
Acid20, 1, 0, 0.032, 0.031, 1, 0, 1, 1, 0.019
Acid21, 0, 0, 0.016, 0.018, 0, 0, 0, 0, 0.013
Acid22, 0, 0, 0.024, 0.024, 0, 0, 0, 0, 0.018
Acid23, 0, 0, 0.037, 0.019, 0, 0, 0, 0, 0.014
Acid24, 0, 0, 0.023, 0.027, 0, 0, 0, 0, 0.021
Acid25, 0, 0, 0.039, 0.022, 0, 0, 0, 0, 0.015
Acid26, 1, 0, 0.018, 0.066, 1, 0, 1, 0.151, 0.864
Acid27, 0, 0, 0.019, 0.024, 0, 0, 0, 0, 0.014
Acid28, 1, 0.004, 0.634, 0.531, 1, 0, 1, 0.263, 0.748
Acid29, 0, 0, 0.021, 0.022, 0, 0, 0, 0, 0.016
Acid3, 1, 0.002, 0.61, 0.278, 1, 0, 1, 0.215, 0.798
Acid30, 0, 0, 0.015, 0.017, 0, 0, 0, 0, 0.015
Acid31, 0, 0, 0.196, 0.07, 0, 0, 0, 0, 0.021
Acid32, 0, 0, 0.167, 0.034, 0, 0, 0, 0, 0.013
Acid33, 0, 0, 0.014, 0.013, 0, 0, 0, 0, 0.007
Acid34, 0, 0, 0.018, 0.017, 0, 0, 0, 0, 0.01
Acid35, 0, 0, 0.226, 0.052, 0, 0, 0, 0, 0.012
Acid36, 1, 0, 0.017, 0.016, 1, 0, 1, 1, 0.009
Acid37, 0, 0, 0.015, 0.019, 0, 0, 0, 0, 0.015
Acid38, 1, 0, 0.015, 0.013, 1, 0, 1, 1, 0.007
Acid39, 1, 0, 0.048, 0.124, 1, 0, 1, 0.175, 0.834
Acid4, 1, 0.001, 0.147, 0.056, 1, 0, 1, 0.009, 1.009
Acid40, 1, 0, 0.021, 0.026, 1, 0, 1, 1, 0.008
Acid5, 0, 0, 0.019, 0.021, 0, 0, 0, 0, 0.01
Acid6, 1, 0.002, 0.288, 0.284, 1, 0, 1, 0.609, 0.404
Acid7, 0, 0, 0.271, 0.049, 0, 0, 0, 0, 0.015
Acid8, 0, 0, 0.238, 0.102, 0, 0, 0, 0, 0.015
Acid9, 1, 0.001, 0.021, 0.222, 1, 0, 1, 0.268, 0.744
Acti10, 1, 0.005, 0.275, 0.574, 1, 0, 1, 0.923, 0.086
Acti11, 1, 0.002, 0.069, 0.684, 1, 0, 1, 0.168, 0.853
Acti12, 1, 0, 0.049, 0.056, 1, 0, 1, 1, 0.015
Acti13, 0, 0, 0.04, 0.025, 0, 0, 0, 0, 0.02
Acti14, 0, 0, 1.026, 0.018, 0, 0, 0, 0, 0.013
Acti15, 1, 0, 0.063, 0.045, 1, 0, 1, 0.826, 0.186
Acti16, 0, 0, 0.023, 0.02, 0, 0, 0, 0, 0.012
Acti18, 0, 0, 0.024, 0.023, 0, 0, 0, 0, 0.013
Acti19, 0, 0, 0.15, 0.022, 0, 0, 0, 0, 0.012
Acti2, 0, 0, 0.022, 0.025, 0, 0, 0, 0, 0.015
Acti20, 0, 0, 0.017, 0.022, 0, 0, 0, 0, 0.015
Acti21, 1, 0, 0.051, 0.033, 1, 0, 1, 0.999, 0.017
Acti22, 0, 0, 0.231, 0.104, 0, 0, 0, 0, 0.017
Acti23, 1, 0, 0.02, 0.023, 1, 0, 1, 0.132, 0.882
Acti24, 0, 0, 0.022, 0.023, 0, 0, 0, 0, 0.016
Acti25, 1, 0.005, 0.043, 0.658, 1, 0, 1, 0.92, 0.092
Acti26, 0, 0, 0.361, 0.049, 0, 0, 0, 0, 0.014
Acti27, 0, 0, 0.022, 0.023, 0, 0, 0, 0, 0.018
Acti28, 3, 1.259, 1.248, 0.81, 1, 0, 3, 0.455, 0.739
Acti29, 0, 0, 0.012, 0.016, 0, 0, 0, 0, 0.012
Acti3, 1, 0.005, 0.956, 0.803, 1, 0, 1, 0.245, 0.767
Acti30, 0, 0, 0.014, 0.02, 0, 0, 0, 0, 0.012
Acti31, 0, 0.001, 0.956, 0.309, 0, 0, 0, 0, 0.013
Acti32, 1, 0, 0.021, 0.022, 1, 0, 1, 1, 0.012
Acti33, 1, 0.002, 1.012, 0.35, 1, 0, 1, 0.234, 0.782
Acti34, 1, 0, 0.022, 0.016, 1, 0, 1, 1, 0.008
Acti35, 1, 0.002, 0.254, 0.091, 1, 0, 1, 0.989, 0.024
Acti36, 1, 0, 0.253, 0.104, 1, 0, 1, 0.017, 0.991
Acti37, 1, 0, 0.77, 0.104, 1, 0, 1, 0.962, 0.049
Acti38, 1, 0, 0.025, 0.32, 1, 0, 1, 1, 0.011
Acti39, 0, 0, 0.092, 0.053, 0, 0, 0, 0, 0.022
Acti4, 0, 0, 0.046, 0.049, 0, 0, 0, 0, 0.016
Acti40, 0, 0.001, 0.13, 0.035, 0, 0, 0, 0, 0.012
Acti41, 1, 0.001, 1.007, 0.135, 1, 0, 1, 0.682, 0.325
Acti42, 0, 0, 0.033, 0.022, 0, 0, 0, 0, 0.016
Acti43, 2, 0.004, 0.085, 0.677, 1, 0, 2, 0.195, 1.819
Acti44, 0, 0, 0.705, 0.039, 0, 0, 0, 0, 0.013
Acti45, 1, 0.004, 1.049, 0.813, 1, 0, 1, 0.141, 0.87
Acti46, 1, 0, 0.706, 0.09, 1, 0, 1, 0.985, 0.025
Acti47, 1, 0.003, 0.192, 0.376, 1, 0, 1, 0.99, 0.014
Acti48, 1, 0.002, 0.179, 0.133, 1, 0, 1, 0.847, 0.164
Acti49, 1, 0, 0.022, 0.02, 1, 0, 1, 1, 0.013
Acti5, 0, 0, 0.022, 0.019, 0, 0, 0, 0, 0.014
Acti50, 2, 0.007, 1.055, 0.72, 1, 0, 2, 1.21, 0.798
Acti51, 0, 0, 0.018, 0.02, 0, 0, 0, 0, 0.014
Acti52, 1, 0, 0.023, 0.065, 1, 0, 1, 0.674, 0.331
Acti6, 1, 0, 0.027, 0.031, 1, 0, 1, 1, 0.014
Acti7, 1, 0.003, 0.125, 0.334, 1, 0, 1, 0.968, 0.039
Acti8, 0, 0, 0.018, 0.017, 0, 0, 0, 0, 0.012
Acti9, 0, 0, 0.015, 0.02, 0, 0, 0, 0, 0.015
Aero1, 0, 0, 0.028, 0.024, 0, 0, 0, 0, 0.017
Aqui1, 0, 0, 0.017, 0.016, 0, 0, 0, 0, 0.013
Aqui2, 0, 0, 0.016, 0.017, 0, 0, 0, 0, 0.012
Aqui3, 0, 0, 0.026, 0.027, 0, 0, 0, 0, 0.016
Aqui4, 0, 0, 0.017, 0.018, 0, 0, 0, 0, 0.012
Aqui5, 0, 0, 0.021, 0.021, 0, 0, 0, 0, 0.016
Aqui6, 0, 0, 0.017, 0.023, 0, 0, 0, 0, 0.012
Arma11, 0, 0, 0.02, 0.013, 0, 0, 0, 0, 0.011
Arma12, 1, 0, 0.022, 0.038, 1, 0, 1, 0.029, 0.988
Arma13, 0, 0, 0.045, 0.032, 0, 0, 0, 0, 0.01
Arma14, 0, 0, 0.022, 0.027, 0, 0, 0, 0, 0.02
Arma15, 0, 0, 0.046, 0.03, 0, 0, 0, 0, 0.011
Arma16, 0, 0, 0.039, 0.031, 0, 0, 0, 0, 0.017
Arma3, 0, 0.001, 0.035, 0.039, 0, 0, 0, 0, 0.029
Arma4, 0, 0, 0.016, 0.016, 0, 0, 0, 0, 0.014
Arma6, 2, 0.926, 0.02, 0.603, 1, 0, 2, 0.084, 0.779
Arma7, 0, 0, 0.046, 0.02, 0, 0, 0, 0, 0.012
Arma9, 0, 0, 0.108, 0.053, 0, 0, 0, 0, 0.02
Aure1, 0, 0, 0.389, 0.087, 0, 0, 0, 0, 0.017
Aure2, 1, 0.003, 0.038, 0.315, 1, 0, 1, 0.36, 0.663
Aure3, 1, 0.001, 0.302, 0.165, 1, 0, 1, 0.025, 1
B130X1, 0, 0, 0.351, 0.163, 0, 0, 0, 0, 0.025
BMS3X1, 0, 0, 0.154, 0.096, 0, 0, 0, 0, 0.019
Bact1, 0, 0, 0.024, 0.027, 0, 0, 0, 0, 0.015
Bact10, 0, 0, 0.099, 0.03, 0, 0, 0, 0, 0.015
Bact11, 0, 0, 0.022, 0.02, 0, 0, 0, 0, 0.013
Bact12, 0, 0, 0.01, 0.01, 0, 0, 0, 0, 0.008
Bact13, 0, 0, 0.015, 0.015, 0, 0, 0, 0, 0.013
Bact14, 0, 0, 0.02, 0.015, 0, 0, 0, 0, 0.011
Bact16, 0, 0, 0.024, 0.024, 0, 0, 0, 0, 0.015
Bact17, 0, 0, 0.011, 0.009, 0, 0, 0, 0, 0.008
Bact18, 0, 0, 0.021, 0.022, 0, 0, 0, 0, 0.016
Bact19, 1, 0.002, 0.085, 0.091, 1, 0, 1, 0.927, 0.087
Bact2, 0, 0, 0.024, 0.024, 0, 0, 0, 0, 0.018
Bact20, 0, 0, 0.023, 0.025, 0, 0, 0, 0, 0.014
Bact21, 1, 0, 0.085, 0.042, 1, 0, 1, 0.996, 0.015
Bact22, 0, 0, 0.016, 0.014, 0, 0, 0, 0, 0.008
Bact23, 1, 0.003, 0.019, 0.485, 1, 0, 1, 0.246, 0.764
Bact24, 0, 0, 0.017, 0.021, 0, 0, 0, 0, 0.015
Bact25, 0, 0, 0.008, 0.008, 0, 0, 0, 0, 0.007
Bact27, 1, 0.004, 0.445, 0.154, 1, 0, 1, 0.699, 0.318
Bact28, 0, 0, 0.265, 0.09, 0, 0, 0, 0, 0.013
Bact29, 1, 0, 0.299, 0.091, 1, 0, 1, 0.996, 0.021
Bact3, 0, 0, 0.022, 0.027, 0, 0, 0, 0, 0.013
Bact30, 0, 0, 0.018, 0.018, 0, 0, 0, 0, 0.011
Bact31, 0, 0, 0.015, 0.018, 0, 0, 0, 0, 0.014
Bact32, 0, 0, 0.019, 0.02, 0, 0, 0, 0, 0.012
Bact33, 1, 0.001, 0.017, 0.111, 1, 0, 1, 0.19, 0.82
Bact34, 0, 0, 0.075, 0.037, 0, 0, 0, 0, 0.012
Bact35, 0, 0, 0.223, 0.065, 0, 0, 0, 0, 0.02
Bact36, 0, 0, 0.069, 0.039, 0, 0, 0, 0, 0.018
Bact37, 1, 0.002, 0.014, 0.278, 1, 0, 1, 0.842, 0.166
Bact38, 0, 0, 0.015, 0.016, 0, 0, 0, 0, 0.014
Bact39, 0, 0, 0.213, 0.039, 0, 0, 0, 0, 0.017
Bact4, 0, 0, 0.026, 0.019, 0, 0, 0, 0, 0.015
Bact40, 1, 0.012, 0.537, 0.859, 1, 0, 1, 0.883, 0.117
Bact41, 1, 0, 0.627, 0.215, 1, 0, 1, 0.797, 0.219
Bact42, 0, 0, 0.862, 0.216, 0, 0, 0, 0, 0.016
Bact43, 1, 0, 0.03, 0.095, 1, 0, 1, 0.042, 0.979
Bact44, 1, 0.001, 0.93, 0.313, 1, 0, 1, 0.257, 0.756
Bact5, 0, 0, 0.022, 0.019, 0, 0, 0, 0, 0.013
Bact6, 0, 0, 0.102, 0.048, 0, 0, 0, 0, 0.012
Bact7, 0, 0, 0.017, 0.024, 0, 0, 0, 0, 0.015
Bact8, 0, 0, 0.021, 0.023, 0, 0, 0, 0, 0.019
Bact9, 1, 0.005, 1.013, 0.555, 1, 0, 1, 0.277, 0.73
Bdell10, 0, 0, 0.06, 0.048, 0, 0, 0, 0, 0.014
Bdell11, 0, 0, 0.022, 0.026, 0, 0, 0, 0, 0.015
Bdell12, 2, 0.572, 0.061, 0.645, 1, 0, 2, 0.787, 0.109
Bdell13, 0, 0, 0.825, 0.383, 0, 0, 0, 0, 0.008
Bdell14, 0, 0, 0.029, 0.034, 0, 0, 0, 0, 0.018
Bdell15, 1, 0.005, 0.027, 0.467, 1, 0, 1, 0.235, 0.773
Bdell16, 0, 0, 0.024, 0.025, 0, 0, 0, 0, 0.014
Bdell17, 0, 0, 0.024, 0.022, 0, 0, 0, 0, 0.014
Bdell2, 0, 0, 0.065, 0.052, 0, 0, 0, 0, 0.019
Bdell3, 1, 0.017, 0.435, 1.431, 1, 0, 1, 0.965, 0.038
Bdell4, 0, 0, 0.027, 0.031, 0, 0, 0, 0, 0.016
Bdell5, 0, 0, 0.023, 0.022, 0, 0, 0, 0, 0.011
Bdell6, 1, 0.013, 0.056, 0.443, 1, 0, 1, 0.188, 0.823
Bdell7, 0, 0, 0.031, 0.03, 0, 0, 0, 0, 0.019
Bdell9, 0, 0, 0.262, 0.083, 0, 0, 0, 0, 0.013
BdellC1, 0, 0, 0.13, 0.056, 0, 0, 0, 0, 0.013
BdellC2, 1, 0, 0.03, 0.117, 1, 0, 1, 0.103, 0.913
Bipo1, 0, 0, 0.019, 0.021, 0, 0, 0, 0, 0.017
Bipo2, 0, 0, 0.012, 0.013, 0, 0, 0, 0, 0.01
CG267X1, 0, 0, 0.024, 0.021, 0, 0, 0, 0, 0.011
CG294X1, 0, 0, 0.028, 0.03, 0, 0, 0, 0, 0.015
CSP1X1, 0, 0, 0.032, 0.036, 0, 0, 0, 0, 0.029
Calda1, 0, 0, 0.016, 0.019, 0, 0, 0, 0, 0.015
Calda2, 0, 0, 0.01, 0.013, 0, 0, 0, 0, 0.009
Caldit1, 0, 0, 0.014, 0.015, 0, 0, 0, 0, 0.011
Caldit2, 0, 0, 0.018, 0.02, 0, 0, 0, 0, 0.015
Caldit3, 0, 0, 0.024, 0.028, 0, 0, 0, 0, 0.022
Camp1, 1, 0, 0.026, 0.1, 1, 0, 1, 0.826, 0.192
Camp10, 0, 0, 1.102, 0.401, 0, 0, 0, 0, 0.014
Camp11, 1, 0.006, 0.842, 0.746, 1, 0, 1, 0.223, 0.784
Camp12, 0, 0.002, 0.942, 0.352, 0, 0, 0, 0, 0.016
Camp13, 1, 0.001, 0.971, 0.128, 1, 0, 1, 0.181, 0.836
Camp14, 1, 0.004, 0.034, 0.467, 1, 0, 1, 0.589, 0.422
Camp15, 0, 0, 0.62, 0.176, 0, 0, 0, 0, 0.012
Camp16, 1, 0, 0.982, 0.15, 1, 0, 1, 0.535, 0.477
Camp2, 1, 0.001, 0.178, 0.067, 1, 0, 1, 0.969, 0.043
Camp3, 0, 0, 0.855, 0.036, 0, 0, 0, 0, 0.021
Camp4, 1, 0, 0.552, 0.102, 1, 0, 1, 0.963, 0.047
Camp5, 2, 0.742, 0.023, 0.917, 1, 0, 2, 0.422, 0.193
Camp6, 0, 0, 0.099, 0.03, 0, 0, 0, 0, 0.005
Camp7, 0, 0, 0.568, 0.158, 0, 0, 0, 0, 0.011
Camp9, 1, 0.005, 0.038, 0.363, 1, 0, 1, 0.072, 0.939
Chlo10, 0, 0, 0.024, 0.03, 0, 0, 0, 0, 0.016
Chlo11, 0, 0, 0.016, 0.018, 0, 0, 0, 0, 0.014
Chlo12, 0, 0, 0.008, 0.009, 0, 0, 0, 0, 0.007
Chlo13, 0, 0, 0.014, 0.014, 0, 0, 0, 0, 0.011
Chlo14, 0, 0, 0.023, 0.025, 0, 0, 0, 0, 0.015
Chlo15, 0, 0, 0.03, 0.037, 0, 0, 0, 0, 0.021
Chlo16, 0, 0, 0.027, 0.029, 0, 0, 0, 0, 0.017
Chlo17, 0, 0, 0.019, 0.019, 0, 0, 0, 0, 0.018
Chlo18, 0, 0, 0.017, 0.021, 0, 0, 0, 0, 0.016
Chlo19, 0, 0, 0.017, 0.025, 0, 0, 0, 0, 0.013
Chlo20, 0, 0, 0.026, 0.028, 0, 0, 0, 0, 0.018
Chlo21, 0, 0, 0.012, 0.017, 0, 0, 0, 0, 0.01
Chlo22, 0, 0, 0.018, 0.02, 0, 0, 0, 0, 0.012
Chlo23, 0, 0, 0.036, 0.031, 0, 0, 0, 0, 0.015
Chlo24, 0, 0, 0.015, 0.017, 0, 0, 0, 0, 0.014
Chlo25, 0, 0, 0.011, 0.013, 0, 0, 0, 0, 0.008
Chlo26, 0, 0, 0.017, 0.022, 0, 0, 0, 0, 0.015
Chlo27, 0, 0, 0.014, 0.015, 0, 0, 0, 0, 0.009
Chlo28, 0, 0, 0.036, 0.029, 0, 0, 0, 0, 0.016
Chlo29, 0, 0, 0.021, 0.019, 0, 0, 0, 0, 0.013
Chlo30, 0, 0, 0.02, 0.026, 0, 0, 0, 0, 0.015
Chlo31, 0, 0, 0.014, 0.017, 0, 0, 0, 0, 0.011
Chlo32, 1, 0.004, 0.029, 0.619, 1, 0, 1, 0.025, 0.992
Chlo33, 0, 0, 0.067, 0.043, 0, 0, 0, 0, 0.009
Chlo34, 0, 0, 0.018, 0.017, 0, 0, 0, 0, 0.013
Chlo35, 0, 0, 0.015, 0.013, 0, 0, 0, 0, 0.013
Chlo36, 0, 0, 0.01, 0.011, 0, 0, 0, 0, 0.009
Chlo37, 0, 0.001, 0.022, 0.022, 0, 0, 0, 0, 0.016
Chlo38, 0, 0, 0.014, 0.017, 0, 0, 0, 0, 0.01
Chlo39, 0, 0, 0.013, 0.013, 0, 0, 0, 0, 0.009
Chlo4, 0, 0, 0.017, 0.015, 0, 0, 0, 0, 0.013
Chlo40, 0, 0, 0.018, 0.022, 0, 0, 0, 0, 0.017
Chlo41, 0, 0, 0.017, 0.018, 0, 0, 0, 0, 0.013
Chlo42, 0, 0, 0.017, 0.02, 0, 0, 0, 0, 0.012
Chlo43, 0, 0.001, 0.018, 0.023, 0, 0, 0, 0, 0.012
Chlo44, 0, 0, 0.006, 0.007, 0, 0, 0, 0, 0.005
Chlo45, 0, 0, 0.022, 0.027, 0, 0, 0, 0, 0.012
Chlo46, 0, 0, 0.02, 0.017, 0, 0, 0, 0, 0.01
Chlo47, 0, 0, 0.024, 0.02, 0, 0, 0, 0, 0.013
Chlo48, 0, 0, 0.017, 0.015, 0, 0, 0, 0, 0.009
Chlo5, 0, 0, 0.022, 0.022, 0, 0, 0, 0, 0.012
Chlo6, 0, 0, 0.017, 0.019, 0, 0, 0, 0, 0.016
Chlo7, 0, 0, 0.027, 0.025, 0, 0, 0, 0, 0.018
Chlo8, 1, 0.007, 0.023, 0.419, 1, 0, 1, 0.23, 0.782
Chlo9, 0, 0, 0.026, 0.027, 0, 0, 0, 0, 0.017
Chry1, 1, 0.003, 0.072, 0.219, 1, 0, 1, 0, 1.014
Cloa1, 0, 0, 0.016, 0.021, 0, 0, 0, 0, 0.015
Cyan1, 0, 0, 0.02, 0.019, 0, 0, 0, 0, 0.014
Cyan10, 0, 0, 0.026, 0.028, 0, 0, 0, 0, 0.017
Cyan11, 0, 0, 0.016, 0.018, 0, 0, 0, 0, 0.012
Cyan12, 0, 0, 0.045, 0.038, 0, 0, 0, 0, 0.018
Cyan13, 0, 0, 0.02, 0.015, 0, 0, 0, 0, 0.009
Cyan14, 0, 0, 0.02, 0.018, 0, 0, 0, 0, 0.013
Cyan15, 0, 0, 0.022, 0.023, 0, 0, 0, 0, 0.015
Cyan16, 0, 0.001, 0.023, 0.024, 0, 0, 0, 0, 0.011
Cyan18, 0, 0, 0.017, 0.024, 0, 0, 0, 0, 0.006
Cyan19, 0, 0, 0.021, 0.027, 0, 0, 0, 0, 0.015
Cyan2, 0, 0, 0.027, 0.026, 0, 0, 0, 0, 0.021
Cyan20, 0, 0, 0.015, 0.02, 0, 0, 0, 0, 0.014
Cyan21, 0, 0, 0.014, 0.015, 0, 0, 0, 0, 0.012
Cyan22, 0, 0, 0.018, 0.018, 0, 0, 0, 0, 0.014
Cyan23, 0, 0, 0.021, 0.02, 0, 0, 0, 0, 0.015
Cyan24, 0, 0, 0.015, 0.015, 0, 0, 0, 0, 0.01
Cyan25, 0, 0, 0.017, 0.017, 0, 0, 0, 0, 0.009
Cyan26, 0, 0, 0.022, 0.024, 0, 0, 0, 0, 0.018
Cyan27, 0, 0, 0.019, 0.022, 0, 0, 0, 0, 0.012
Cyan28, 0, 0, 0.014, 0.016, 0, 0, 0, 0, 0.01
Cyan29, 0, 0.001, 0.025, 0.023, 0, 0, 0, 0, 0.013
Cyan3, 0, 0, 0.014, 0.015, 0, 0, 0, 0, 0.012
Cyan30, 0, 0, 0.02, 0.021, 0, 0, 0, 0, 0.013
Cyan31, 0, 0, 0.021, 0.025, 0, 0, 0, 0, 0.016
Cyan32, 0, 0, 0.014, 0.016, 0, 0, 0, 0, 0.01
Cyan33, 0, 0, 0.016, 0.019, 0, 0, 0, 0, 0.014
Cyan34, 0, 0, 0.014, 0.01, 0, 0, 0, 0, 0.009
Cyan35, 0, 0, 0.015, 0.016, 0, 0, 0, 0, 0.011
Cyan36, 0, 0, 0.018, 0.02, 0, 0, 0, 0, 0.011
Cyan37, 0, 0, 0.018, 0.019, 0, 0, 0, 0, 0.016
Cyan38, 0, 0, 0.012, 0.012, 0, 0, 0, 0, 0.01
Cyan4, 0, 0, 0.023, 0.017, 0, 0, 0, 0, 0.015
Cyan40, 0, 0, 0.016, 0.016, 0, 0, 0, 0, 0.009
Cyan41, 0, 0, 0.017, 0.017, 0, 0, 0, 0, 0.011
Cyan42, 0, 0, 0.011, 0.012, 0, 0, 0, 0, 0.009
Cyan43, 0, 0, 0.019, 0.018, 0, 0, 0, 0, 0.012
Cyan44, 0, 0, 0.014, 0.016, 0, 0, 0, 0, 0.011
Cyan45, 0, 0, 0.019, 0.014, 0, 0, 0, 0, 0.01
Cyan46, 0, 0, 0.02, 0.019, 0, 0, 0, 0, 0.016
Cyan47, 0, 0, 0.017, 0.02, 0, 0, 0, 0, 0.014
Cyan7, 2, 0.978, 0.02, 0.22, 1, 0, 2, 0.036, 0.811
Cyan8, 0, 0, 0.027, 0.021, 0, 0, 0, 0, 0.016
Cyan9, 0, 0, 0.023, 0.028, 0, 0, 0, 0, 0.015
DTU0X1, 0, 0, 0.014, 0.016, 0, 0, 0, 0, 0.012
Defe1, 0, 0, 0.035, 0.024, 0, 0, 0, 0, 0.008
Defe2, 0, 0, 0.208, 0.051, 0, 0, 0, 0, 0.008
Defe3, 1, 0.004, 0.021, 0.363, 1, 0, 1, 0.194, 0.817
Dein1, 0, 0, 0.029, 0.03, 0, 0, 0, 0, 0.021
Dein2, 0, 0, 0.017, 0.016, 0, 0, 0, 0, 0.012
Dein3, 0, 0, 0.015, 0.011, 0, 0, 0, 0, 0.008
Dein4, 0, 0, 0.016, 0.016, 0, 0, 0, 0, 0.008
Dein5, 0, 0, 0.018, 0.016, 0, 0, 0, 0, 0.01
Dein6, 0, 0, 0.02, 0.021, 0, 0, 0, 0, 0.012
Dein7, 0, 0, 0.026, 0.028, 0, 0, 0, 0, 0.019
Desa1, 0, 0, 0.034, 0.044, 0, 0, 0, 0, 0.026
DesuB1, 0, 0, 0.022, 0.025, 0, 0, 0, 0, 0.015
DesuB2, 0, 0, 0.025, 0.029, 0, 0, 0, 0, 0.018
DesuB3, 0, 0, 0.021, 0.019, 0, 0, 0, 0, 0.01
DesuB4, 0, 0, 0.026, 0.03, 0, 0, 0, 0, 0.015
DesuC1, 0, 0.001, 0.824, 0.212, 0, 0, 0, 0, 0.016
DesuC2, 2, 0.003, 0.045, 0.529, 1, 0, 2, 0.774, 1.235
DesuD1, 0, 0, 0.042, 0.04, 0, 0, 0, 0, 0.018
DesuD2, 0, 0, 0.037, 0.03, 0, 0, 0, 0, 0.013
Desua1, 0, 0, 0.022, 0.019, 0, 0, 0, 0, 0.011
Desua10, 0, 0, 0.038, 0.03, 0, 0, 0, 0, 0.017
Desua11, 0, 0, 0.02, 0.019, 0, 0, 0, 0, 0.012
Desua12, 0, 0, 0.021, 0.022, 0, 0, 0, 0, 0.019
Desua13, 0, 0, 0.039, 0.046, 0, 0, 0, 0, 0.022
Desua14, 0, 0, 0.076, 0.041, 0, 0, 0, 0, 0.016
Desua15, 2, 0, 0.047, 0.095, 1, 0, 2, 1.297, 0.726
Desua16, 1, 0, 0.335, 0.067, 1, 0, 1, 0.999, 0.014
Desua17, 0, 0, 0.036, 0.027, 0, 0, 0, 0, 0.009
Desua18, 0, 0, 0.081, 0.052, 0, 0, 0, 0, 0.009
Desua19, 1, 0, 0.043, 0.046, 1, 0, 1, 0.997, 0.017
Desua2, 0, 0, 0.436, 0.162, 0, 0, 0, 0, 0.018
Desua20, 1, 0.007, 0.097, 0.791, 1, 0, 1, 0.948, 0.066
Desua21, 0, 0, 0.028, 0.028, 0, 0, 0, 0, 0.017
Desua22, 0, 0, 0.269, 0.133, 0, 0, 0, 0, 0.014
Desua23, 1, 0.005, 0.037, 0.365, 1, 0, 1, 0.237, 0.777
Desua24, 0, 0, 0.363, 0.121, 0, 0, 0, 0, 0.016
Desua25, 0, 0, 0.024, 0.028, 0, 0, 0, 0, 0.018
Desua26, 0, 0, 0.018, 0.015, 0, 0, 0, 0, 0.01
Desua27, 0, 0, 0.023, 0.023, 0, 0, 0, 0, 0.015
Desua28, 1, 0, 0.025, 0.03, 1, 0, 1, 1, 0.019
Desua29, 0, 0, 0.024, 0.019, 0, 0, 0, 0, 0.01
Desua3, 0, 0, 0.014, 0.014, 0, 0, 0, 0, 0.009
Desua30, 0, 0, 0.021, 0.025, 0, 0, 0, 0, 0.013
Desua31, 0, 0, 0.022, 0.027, 0, 0, 0, 0, 0.019
Desua32, 0, 0, 0.025, 0.023, 0, 0, 0, 0, 0.02
Desua33, 0, 0, 0.022, 0.019, 0, 0, 0, 0, 0.013
Desua34, 0, 0, 0.025, 0.026, 0, 0, 0, 0, 0.014
Desua35, 1, 0, 0.019, 0.017, 1, 0, 1, 0.999, 0.013
Desua36, 0, 0, 0.022, 0.026, 0, 0, 0, 0, 0.015
Desua37, 1, 0, 0.11, 0.033, 1, 0, 1, 0.974, 0.039
Desua38, 0, 0, 0.013, 0.011, 0, 0, 0, 0, 0.006
Desua39, 0, 0, 0.032, 0.031, 0, 0, 0, 0, 0.025
Desua4, 0, 0, 0.038, 0.039, 0, 0, 0, 0, 0.021
Desua40, 0, 0, 0.012, 0.015, 0, 0, 0, 0, 0.009
Desua41, 1, 0, 0.019, 0.031, 1, 0, 1, 0.89, 0.124
Desua42, 0, 0, 0.023, 0.019, 0, 0, 0, 0, 0.013
Desua43, 0, 0, 0.014, 0.015, 0, 0, 0, 0, 0.012
Desua44, 0, 0, 0.018, 0.021, 0, 0, 0, 0, 0.013
Desua45, 0, 0, 0.032, 0.03, 0, 0, 0, 0, 0.017
Desua46, 0, 0, 0.015, 0.02, 0, 0, 0, 0, 0.009
Desua47, 0, 0, 0.023, 0.018, 0, 0, 0, 0, 0.009
Desua48, 0, 0, 0.02, 0.019, 0, 0, 0, 0, 0.011
Desua49, 0, 0, 0.021, 0.022, 0, 0, 0, 0, 0.01
Desua5, 0, 0, 0.222, 0.157, 0, 0, 0, 0, 0.011
Desua50, 0, 0, 0.016, 0.019, 0, 0, 0, 0, 0.01
Desua51, 1, 0, 0.027, 0.029, 1, 0, 1, 1, 0.015
Desua52, 0, 0, 0.01, 0.012, 0, 0, 0, 0, 0.008
Desua53, 1, 0.001, 0.029, 0.022, 1, 0, 1, 1, 0.016
Desua54, 0, 0, 0.017, 0.013, 0, 0, 0, 0, 0.01
Desua6, 0, 0, 1.017, 0.026, 0, 0, 0, 0, 0.014
Desua7, 1, 0, 0.021, 0.024, 1, 0, 1, 0.993, 0.018
Desua8, 1, 0.003, 0.191, 0.62, 1, 0, 1, 0.253, 0.77
Desua9, 0, 0, 0.047, 0.045, 0, 0, 0, 0, 0.02
Dict1, 0, 0, 0.009, 0.009, 0, 0, 0, 0, 0.007
Dorm1, 0, 0, 0.031, 0.033, 0, 0, 0, 0, 0.015
Dorm2, 0, 0, 0.024, 0.016, 0, 0, 0, 0, 0.008
Dorm3, 0, 0, 0.02, 0.022, 0, 0, 0, 0, 0.017
Dorm4, 0, 0, 0.012, 0.01, 0, 0, 0, 0, 0.008
Dorm5, 0, 0, 0.024, 0.021, 0, 0, 0, 0, 0.01
Edwa1, 0, 0, 0.014, 0.015, 0, 0, 0, 0, 0.014
Eise1, 0, 0, 0.021, 0.022, 0, 0, 0, 0, 0.016
Eise2, 0, 0, 0.016, 0.021, 0, 0, 0, 0, 0.011
Eise3, 0, 0, 0.016, 0.017, 0, 0, 0, 0, 0.011
Eise4, 0, 0, 0.016, 0.016, 0, 0, 0, 0, 0.011
Elus1, 0, 0, 0.024, 0.035, 0, 0, 0, 0, 0.023
Elus10, 0, 0, 0.019, 0.019, 0, 0, 0, 0, 0.014
Elus2, 0, 0, 0.012, 0.015, 0, 0, 0, 0, 0.01
Elus3, 0, 0, 0.021, 0.022, 0, 0, 0, 0, 0.017
Elus4, 0, 0, 0.027, 0.035, 0, 0, 0, 0, 0.024
Elus5, 0, 0, 0.011, 0.012, 0, 0, 0, 0, 0.009
Elus6, 0, 0, 0.021, 0.019, 0, 0, 0, 0, 0.013
Elus7, 0, 0, 0.02, 0.022, 0, 0, 0, 0, 0.017
Elus8, 0, 0, 0.018, 0.016, 0, 0, 0, 0, 0.01
Elus9, 0, 0, 0.015, 0.017, 0, 0, 0, 0, 0.01
Erem2, 0, 0, 0.016, 0.017, 0, 0, 0, 0, 0.013
Erem3, 0, 0, 0.011, 0.015, 0, 0, 0, 0, 0.009
Erem4, 0, 0, 0.167, 0.021, 0, 0, 0, 0, 0.015
Erem5, 1, 0.001, 0.021, 0.03, 1, 0, 1, 0.147, 0.868
Erem6, 0, 0, 0.046, 0.023, 0, 0, 0, 0, 0.016
FCPU1, 0, 0, 0.022, 0.026, 0, 0, 0, 0, 0.018
FCPU2, 0, 0, 0.017, 0.018, 0, 0, 0, 0, 0.013
Ferm1, 0, 0, 0.019, 0.023, 0, 0, 0, 0, 0.019
Fibr1, 1, 0.001, 0.054, 0.112, 1, 0, 1, 0.143, 0.874
Fibr2, 0, 0, 0.037, 0.034, 0, 0, 0, 0, 0.014
Fibr3, 0, 0, 0.033, 0.031, 0, 0, 0, 0, 0.013
Fibr4, 0, 0, 0.034, 0.025, 0, 0, 0, 0, 0.011
Fibr5, 1, 0.003, 0.173, 0.371, 1, 0, 1, 0.028, 0.991
Fibr6, 1, 0.004, 0.021, 0.288, 1, 0, 1, 0.152, 0.857
Fire1, 1, 0.005, 0.034, 0.463, 1, 0, 1, 0.028, 0.989
FirmA1, 0, 0, 0.044, 0.033, 0, 0, 0, 0, 0.012
FirmA10, 0, 0, 0.027, 0.026, 0, 0, 0, 0, 0.019
FirmA100, 0, 0, 0.024, 0.024, 0, 0, 0, 0, 0.017
FirmA101, 0, 0, 0.012, 0.016, 0, 0, 0, 0, 0.01
FirmA102, 0, 0, 0.457, 0.184, 0, 0, 0, 0, 0.013
FirmA103, 0, 0, 0.016, 0.014, 0, 0, 0, 0, 0.012
FirmA104, 0, 0, 0.011, 0.012, 0, 0, 0, 0, 0.008
FirmA105, 0, 0, 0.026, 0.022, 0, 0, 0, 0, 0.012
FirmA106, 0, 0, 0.043, 0.028, 0, 0, 0, 0, 0.009
FirmA107, 0, 0, 0.023, 0.032, 0, 0, 0, 0, 0.013
FirmA108, 0, 0, 0.017, 0.015, 0, 0, 0, 0, 0.009
FirmA109, 0, 0, 0.014, 0.016, 0, 0, 0, 0, 0.007
FirmA11, 0, 0, 0.016, 0.015, 0, 0, 0, 0, 0.011
FirmA110, 0, 0, 0.017, 0.021, 0, 0, 0, 0, 0.011
FirmA111, 1, 0.001, 0.05, 0.058, 1, 0, 1, 0.949, 0.069
FirmA112, 0, 0, 0.097, 0.067, 0, 0, 0, 0, 0.015
FirmA113, 0, 0, 0.031, 0.026, 0, 0, 0, 0, 0.009
FirmA114, 0, 0, 0.02, 0.022, 0, 0, 0, 0, 0.011
FirmA12, 0, 0, 0.366, 0.131, 0, 0, 0, 0, 0.011
FirmA14, 0, 0, 0.033, 0.034, 0, 0, 0, 0, 0.011
FirmA16, 1, 0.006, 0.03, 0.367, 1, 0, 1, 0.768, 0.241
FirmA18, 0, 0, 0.019, 0.023, 0, 0, 0, 0, 0.015
FirmA19, 0, 0, 0.026, 0.027, 0, 0, 0, 0, 0.013
FirmA2, 0, 0, 0.269, 0.102, 0, 0, 0, 0, 0.019
FirmA20, 0, 0, 0.023, 0.023, 0, 0, 0, 0, 0.016
FirmA21, 0, 0, 0.018, 0.019, 0, 0, 0, 0, 0.014
FirmA24, 0, 0, 0.026, 0.026, 0, 0, 0, 0, 0.015
FirmA25, 0, 0.001, 0.026, 0.025, 0, 0, 0, 0, 0.011
FirmA26, 0, 0.001, 0.81, 0.509, 0, 0, 0, 0, 0.012
FirmA27, 0, 0, 0.019, 0.021, 0, 0, 0, 0, 0.01
FirmA28, 0, 0, 0.02, 0.022, 0, 0, 0, 0, 0.017
FirmA29, 0, 0, 0.032, 0.029, 0, 0, 0, 0, 0.024
FirmA30, 0, 0, 0.019, 0.016, 0, 0, 0, 0, 0.011
FirmA31, 0, 0, 0.025, 0.031, 0, 0, 0, 0, 0.019
FirmA32, 1, 0.024, 0.155, 2.108, 1, 0, 1, 0.546, 0.44
FirmA33, 0, 0, 0.029, 0.034, 0, 0, 0, 0, 0.025
FirmA34, 0, 0, 0.167, 0.055, 0, 0, 0, 0, 0.011
FirmA35, 0, 0, 0.021, 0.018, 0, 0, 0, 0, 0.012
FirmA36, 0, 0, 0.018, 0.019, 0, 0, 0, 0, 0.014
FirmA37, 0, 0, 0.016, 0.013, 0, 0, 0, 0, 0.013
FirmA38, 1, 0.005, 0.15, 1.026, 1, 0, 1, 0.559, 0.454
FirmA39, 0, 0, 0.025, 0.018, 0, 0, 0, 0, 0.009
FirmA40, 0, 0, 0.013, 0.017, 0, 0, 0, 0, 0.009
FirmA41, 1, 0.006, 0.022, 0.246, 1, 0, 1, 0.784, 0.219
FirmA42, 0, 0, 0.025, 0.019, 0, 0, 0, 0, 0.009
FirmA43, 0, 0, 0.03, 0.029, 0, 0, 0, 0, 0.014
FirmA44, 0, 0, 0.015, 0.017, 0, 0, 0, 0, 0.01
FirmA45, 0, 0, 0.015, 0.016, 0, 0, 0, 0, 0.011
FirmA46, 0, 0, 0.05, 0.035, 0, 0, 0, 0, 0.016
FirmA47, 0, 0, 0.028, 0.034, 0, 0, 0, 0, 0.024
FirmA48, 0, 0.001, 0.023, 0.022, 0, 0, 0, 0, 0.014
FirmA49, 0, 0, 0.026, 0.033, 0, 0, 0, 0, 0.022
FirmA5, 0, 0, 0.02, 0.026, 0, 0, 0, 0, 0.017
FirmA50, 0, 0, 0.022, 0.022, 0, 0, 0, 0, 0.016
FirmA51, 0, 0, 0.024, 0.029, 0, 0, 0, 0, 0.016
FirmA52, 0, 0, 0.026, 0.024, 0, 0, 0, 0, 0.016
FirmA53, 0, 0, 0.015, 0.013, 0, 0, 0, 0, 0.006
FirmA54, 0, 0, 0.364, 0.085, 0, 0, 0, 0, 0.012
FirmA55, 0, 0, 0.023, 0.022, 0, 0, 0, 0, 0.017
FirmA56, 0, 0.001, 0.03, 0.028, 0, 0, 0, 0, 0.015
FirmA57, 1, 0.005, 0.061, 0.373, 1, 0, 1, 0.016, 0.997
FirmA58, 1, 0.004, 0.028, 0.376, 1, 0, 1, 0.143, 0.876
FirmA59, 0, 0, 0.021, 0.022, 0, 0, 0, 0, 0.013
FirmA6, 0, 0, 0.024, 0.028, 0, 0, 0, 0, 0.02
FirmA60, 0, 0, 0.02, 0.022, 0, 0, 0, 0, 0.014
FirmA61, 0, 0, 0.024, 0.028, 0, 0, 0, 0, 0.017
FirmA62, 0, 0, 0.017, 0.02, 0, 0, 0, 0, 0.013
FirmA63, 0, 0, 0.025, 0.025, 0, 0, 0, 0, 0.019
FirmA64, 0, 0, 0.02, 0.021, 0, 0, 0, 0, 0.016
FirmA65, 0, 0, 0.015, 0.018, 0, 0, 0, 0, 0.012
FirmA66, 0, 0, 0.023, 0.023, 0, 0, 0, 0, 0.016
FirmA67, 0, 0, 0.01, 0.011, 0, 0, 0, 0, 0.009
FirmA68, 0, 0, 0.023, 0.014, 0, 0, 0, 0, 0.012
FirmA69, 0, 0, 0.023, 0.029, 0, 0, 0, 0, 0.018
FirmA7, 1, 0.003, 0.115, 0.236, 1, 0, 1, 0.777, 0.238
FirmA70, 0, 0, 0.03, 0.033, 0, 0, 0, 0, 0.024
FirmA71, 0, 0, 0.023, 0.021, 0, 0, 0, 0, 0.014
FirmA72, 0, 0, 0.02, 0.021, 0, 0, 0, 0, 0.014
FirmA73, 0, 0, 0.023, 0.025, 0, 0, 0, 0, 0.017
FirmA74, 0, 0, 0.021, 0.023, 0, 0, 0, 0, 0.015
FirmA75, 0, 0, 0.009, 0.005, 0, 0, 0, 0, 0.005
FirmA76, 1, 0.006, 0.043, 0.852, 1, 0, 1, 0.421, 0.593
FirmA77, 0, 0, 0.024, 0.025, 0, 0, 0, 0, 0.015
FirmA78, 0, 0, 0.019, 0.021, 0, 0, 0, 0, 0.016
FirmA79, 0, 0, 0.017, 0.023, 0, 0, 0, 0, 0.016
FirmA8, 0, 0, 0.035, 0.041, 0, 0, 0, 0, 0.024
FirmA80, 1, 0.003, 0.027, 0.302, 1, 0, 1, 0.15, 0.868
FirmA81, 0, 0, 0.023, 0.02, 0, 0, 0, 0, 0.01
FirmA83, 0, 0, 0.014, 0.012, 0, 0, 0, 0, 0.01
FirmA84, 0, 0, 0.022, 0.023, 0, 0, 0, 0, 0.013
FirmA85, 0, 0, 0.017, 0.018, 0, 0, 0, 0, 0.012
FirmA86, 0, 0.001, 0.022, 0.022, 0, 0, 0, 0, 0.013
FirmA87, 1, 0.008, 0.024, 0.47, 1, 0, 1, 0.244, 0.764
FirmA88, 0, 0, 0.018, 0.022, 0, 0, 0, 0, 0.016
FirmA89, 0, 0, 0.015, 0.012, 0, 0, 0, 0, 0.009
FirmA9, 0, 0, 0.024, 0.022, 0, 0, 0, 0, 0.015
FirmA90, 0, 0, 0.09, 0.07, 0, 0, 0, 0, 0.008
FirmA91, 1, 0.007, 0.026, 0.121, 1, 0, 1, 0.148, 0.868
FirmA92, 1, 0, 0.019, 0.043, 1, 0, 1, 0.344, 0.667
FirmA93, 1, 0.005, 0.123, 0.383, 1, 0, 1, 0.253, 0.763
FirmA94, 0, 0, 0.015, 0.017, 0, 0, 0, 0, 0.011
FirmA95, 0, 0, 0.018, 0.018, 0, 0, 0, 0, 0.011
FirmA96, 0, 0, 0.17, 0.031, 0, 0, 0, 0, 0.019
FirmA97, 0, 0, 0.009, 0.01, 0, 0, 0, 0, 0.008
FirmA98, 0, 0, 0.021, 0.023, 0, 0, 0, 0, 0.012
FirmA99, 0, 0, 0.022, 0.022, 0, 0, 0, 0, 0.014
FirmB1, 0, 0, 0.019, 0.017, 0, 0, 0, 0, 0.012
FirmB10, 1, 0.002, 0.227, 0.342, 1, 0, 1, 0.218, 0.794
FirmB11, 0, 0, 1.008, 0.017, 0, 0, 0, 0, 0.012
FirmB12, 1, 0, 0.024, 0.027, 1, 0, 1, 0.993, 0.022
FirmB13, 0, 0, 0.025, 0.023, 0, 0, 0, 0, 0.013
FirmB14, 0, 0, 0.213, 0.046, 0, 0, 0, 0, 0.013
FirmB15, 0, 0, 0.022, 0.023, 0, 0, 0, 0, 0.018
FirmB16, 0, 0, 0.027, 0.026, 0, 0, 0, 0, 0.015
FirmB17, 0, 0, 0.019, 0.02, 0, 0, 0, 0, 0.015
FirmB2, 1, 0, 0.011, 0.015, 1, 0, 1, 0.992, 0.015
FirmB3, 1, 0.001, 0.029, 0.155, 1, 0, 1, 0.192, 0.828
FirmB4, 0, 0, 0.02, 0.023, 0, 0, 0, 0, 0.014
FirmB5, 0, 0, 0.024, 0.031, 0, 0, 0, 0, 0.022
FirmB6, 0, 0, 0.012, 0.012, 0, 0, 0, 0, 0.01
FirmB7, 0, 0, 0.016, 0.017, 0, 0, 0, 0, 0.014
FirmB8, 0, 0, 0.018, 0.021, 0, 0, 0, 0, 0.016
FirmB9, 1, 0, 0.243, 0.465, 1, 0, 1, 0.202, 0.812
FirmC1, 0, 0, 0.947, 0.329, 0, 0, 0, 0, 0.017
FirmC10, 0, 0, 0.07, 0.068, 0, 0, 0, 0, 0.022
FirmC11, 1, 0, 0.017, 0.03, 1, 0, 1, 0.591, 0.42
FirmC12, 0, 0, 0.015, 0.015, 0, 0, 0, 0, 0.009
FirmC13, 0, 0, 0.017, 0.017, 0, 0, 0, 0, 0.012
FirmC14, 0, 0, 0.061, 0.058, 0, 0, 0, 0, 0.013
FirmC15, 0, 0, 0.018, 0.018, 0, 0, 0, 0, 0.012
FirmC16, 0, 0, 0.974, 0.025, 0, 0, 0, 0, 0.012
FirmC17, 0, 0, 0.013, 0.015, 0, 0, 0, 0, 0.008
FirmC18, 1, 0.006, 0.02, 0.299, 1, 0, 1, 0.233, 0.774
FirmC19, 0, 0, 0.05, 0.029, 0, 0, 0, 0, 0.014
FirmC3, 0, 0, 0.616, 0.034, 0, 0, 0, 0, 0.019
FirmC4, 1, 0.004, 0.024, 0.238, 1, 0, 1, 0.917, 0.09
FirmC5, 1, 0.007, 0.037, 0.712, 1, 0, 1, 0.614, 0.402
FirmC6, 1, 0, 0.027, 0.027, 1, 0, 1, 0.947, 0.065
FirmC7, 1, 0, 0.035, 0.038, 1, 0, 1, 0.993, 0.015
FirmC8, 1, 0, 0.027, 0.023, 1, 0, 1, 0.944, 0.071
FirmC9, 0, 0, 0.718, 0.058, 0, 0, 0, 0, 0.015
FirmD1, 0, 0, 0.018, 0.018, 0, 0, 0, 0, 0.017
FirmD2, 0, 0, 0.027, 0.021, 0, 0, 0, 0, 0.017
FirmD3, 1, 0.002, 0.018, 0.354, 1, 0, 1, 0.01, 1.006
FirmD4, 0, 0, 0.013, 0.018, 0, 0, 0, 0, 0.012
FirmE1, 0, 0, 0.022, 0.025, 0, 0, 0, 0, 0.018
FirmE2, 0, 0, 0.014, 0.013, 0, 0, 0, 0, 0.011
FirmE3, 0, 0, 0.019, 0.021, 0, 0, 0, 0, 0.015
FirmE4, 0, 0, 0.012, 0.013, 0, 0, 0, 0, 0.005
FirmE5, 0, 0, 0.015, 0.016, 0, 0, 0, 0, 0.011
FirmE6, 0, 0, 0.018, 0.026, 0, 0, 0, 0, 0.011
FirmE7, 0, 0, 0.018, 0.023, 0, 0, 0, 0, 0.013
FirmE8, 0, 0, 0.012, 0.01, 0, 0, 0, 0, 0.007
FirmF1, 0, 0, 0.054, 0.032, 0, 0, 0, 0, 0.013
FirmF2, 3, 1.997, 0.021, 0.026, 1, 0, 3, 0.001, 0.016
FirmF3, 2, 1, 0.019, 0.021, 1, 0, 2, 0, 0.011
FirmG1, 0, 0, 0.039, 0.039, 0, 0, 0, 0, 0.014
FirmG2, 2, 0.009, 0.029, 0.802, 1, 0, 2, 0.169, 1.848
FirmG3, 0, 0, 0.023, 0.025, 0, 0, 0, 0, 0.019
FirmG4, 0, 0, 0.017, 0.019, 0, 0, 0, 0, 0.012
FirmG5, 0, 0, 0.036, 0.033, 0, 0, 0, 0, 0.011
FirmG6, 0, 0, 0.023, 0.028, 0, 0, 0, 0, 0.019
Firms1, 0, 0, 0.025, 0.03, 0, 0, 0, 0, 0.019
Firms10, 0, 0, 0.023, 0.025, 0, 0, 0, 0, 0.017
Firms11, 0, 0, 0.013, 0.016, 0, 0, 0, 0, 0.012
Firms12, 0, 0, 0.017, 0.018, 0, 0, 0, 0, 0.012
Firms13, 0, 0, 0.017, 0.017, 0, 0, 0, 0, 0.016
Firms15, 0, 0, 0.014, 0.017, 0, 0, 0, 0, 0.012
Firms16, 0, 0, 0.014, 0.015, 0, 0, 0, 0, 0.013
Firms17, 0, 0, 0.018, 0.02, 0, 0, 0, 0, 0.017
Firms18, 0, 0, 0.011, 0.012, 0, 0, 0, 0, 0.006
Firms2, 0, 0, 0.025, 0.027, 0, 0, 0, 0, 0.02
Firms20, 0, 0, 0.025, 0.03, 0, 0, 0, 0, 0.021
Firms21, 0, 0, 0.019, 0.023, 0, 0, 0, 0, 0.015
Firms22, 0, 0, 0.014, 0.015, 0, 0, 0, 0, 0.012
Firms23, 0, 0, 0.022, 0.027, 0, 0, 0, 0, 0.017
Firms24, 0, 0, 0.019, 0.02, 0, 0, 0, 0, 0.014
Firms25, 0, 0, 0.025, 0.031, 0, 0, 0, 0, 0.019
Firms26, 0, 0, 0.02, 0.02, 0, 0, 0, 0, 0.015
Firms27, 0, 0, 0.011, 0.012, 0, 0, 0, 0, 0.009
Firms28, 0, 0, 0.015, 0.016, 0, 0, 0, 0, 0.011
Firms29, 0, 0, 0.021, 0.03, 0, 0, 0, 0, 0.017
Firms3, 0, 0, 0.018, 0.021, 0, 0, 0, 0, 0.015
Firms30, 0, 0, 0.014, 0.018, 0, 0, 0, 0, 0.011
Firms31, 0, 0, 0.013, 0.011, 0, 0, 0, 0, 0.01
Firms32, 0, 0, 0.021, 0.022, 0, 0, 0, 0, 0.015
Firms33, 0, 0, 0.02, 0.026, 0, 0, 0, 0, 0.018
Firms4, 0, 0, 0.017, 0.019, 0, 0, 0, 0, 0.012
Firms5, 0, 0, 0.011, 0.011, 0, 0, 0, 0, 0.01
Firms6, 0, 0, 0.017, 0.023, 0, 0, 0, 0, 0.015
Firms7, 0, 0, 0.019, 0.02, 0, 0, 0, 0, 0.017
Firms8, 0, 0, 0.019, 0.017, 0, 0, 0, 0, 0.014
Firms9, 0, 0, 0.025, 0.025, 0, 0, 0, 0, 0.022
Fuso2, 0, 0, 0.03, 0.036, 0, 0, 0, 0, 0.018
Gemm2, 0, 0, 0.262, 0.072, 0, 0, 0, 0, 0.011
Gemm3, 0, 0, 0.02, 0.02, 0, 0, 0, 0, 0.013
Gemm4, 1, 0.003, 0.026, 0.302, 1, 0, 1, 0.242, 0.772
Gemm5, 0, 0, 0.032, 0.031, 0, 0, 0, 0, 0.019
Gemm6, 0, 0, 0.021, 0.023, 0, 0, 0, 0, 0.014
Gemm7, 0, 0, 0.023, 0.024, 0, 0, 0, 0, 0.01
Gemm8, 0, 0, 0.017, 0.021, 0, 0, 0, 0, 0.016
Gemm9, 0, 0, 0.024, 0.022, 0, 0, 0, 0, 0.012
GemmA1, 0, 0, 0.02, 0.023, 0, 0, 0, 0, 0.02
Gold1, 0, 0, 0.013, 0.015, 0, 0, 0, 0, 0.01
Gold2, 0, 0, 0.018, 0.021, 0, 0, 0, 0, 0.015
Hydr1, 0, 0, 0.028, 0.029, 0, 0, 0, 0, 0.017
Hydr2, 0, 0.001, 0.031, 0.034, 0, 0, 0, 0, 0.019
J088X1, 0, 0, 0.191, 0.113, 0, 0, 0, 0, 0.012
KSB1X1, 0, 0, 0.014, 0.018, 0, 0, 0, 0, 0.008
KSB1X2, 0, 0, 0.03, 0.035, 0, 0, 0, 0, 0.023
KSB1X3, 0, 0, 0.026, 0.025, 0, 0, 0, 0, 0.02
KSB1X4, 0, 0, 0.018, 0.015, 0, 0, 0, 0, 0.011
Krum1, 0, 0, 0.017, 0.02, 0, 0, 0, 0, 0.017
Late1, 0, 0, 0.026, 0.031, 0, 0, 0, 0, 0.02
Late2, 0, 0, 0.015, 0.018, 0, 0, 0, 0, 0.015
Late3, 0, 0, 0.018, 0.022, 0, 0, 0, 0, 0.012
Lind1, 1, 0.007, 0.448, 0.582, 1, 0, 1, 0.485, 0.526
Lind2, 1, 0.002, 0.509, 0.385, 1, 0, 1, 0.418, 0.592
Lind4, 0, 0.001, 0.733, 0.417, 0, 0, 0, 0, 0.019
Marg1, 0, 0, 0.012, 0.017, 0, 0, 0, 0, 0.011
Marg2, 0, 0, 0.013, 0.012, 0, 0, 0, 0, 0.01
Marg6, 0, 0, 0.015, 0.02, 0, 0, 0, 0, 0.014
Marg7, 0, 0, 0.016, 0.016, 0, 0, 0, 0, 0.013
Mari1, 0, 0.001, 0.038, 0.039, 0, 0, 0, 0, 0.024
Mari2, 0, 0, 0.013, 0.014, 0, 0, 0, 0, 0.009
Mari3, 0, 0, 0.024, 0.024, 0, 0, 0, 0, 0.02
Mari5, 1, 0.005, 0.019, 0.445, 1, 0, 1, 0.091, 0.918
Mari6, 0, 0, 0.027, 0.028, 0, 0, 0, 0, 0.014
Meth1, 0, 0, 0.024, 0.029, 0, 0, 0, 0, 0.021
Meth2, 0, 0, 0.025, 0.025, 0, 0, 0, 0, 0.022
Meth3, 0, 0, 0.018, 0.021, 0, 0, 0, 0, 0.011
Meth4, 0, 0, 0.014, 0.012, 0, 0, 0, 0, 0.007
Meth5, 0, 0, 0.031, 0.028, 0, 0, 0, 0, 0.018
Muir1, 1, 0.005, 0.029, 0.562, 1, 0, 1, 0.008, 1.014
MyxA1, 0, 0, 0.039, 0.028, 0, 0, 0, 0, 0.016
MyxA2, 0, 0, 0.031, 0.031, 0, 0, 0, 0, 0.016
MyxA3, 0, 0, 0.033, 0.037, 0, 0, 0, 0, 0.018
MyxA4, 0, 0, 0.092, 0.07, 0, 0, 0, 0, 0.023
Myxo1, 1, 0.003, 0.027, 0.101, 1, 0, 1, 0.319, 0.694
Myxo10, 0, 0, 0.182, 0.068, 0, 0, 0, 0, 0.016
Myxo11, 1, 0, 0.033, 0.033, 1, 0, 1, 1, 0.013
Myxo13, 1, 0, 0.033, 0.034, 1, 0, 1, 1, 0.013
Myxo14, 1, 0.003, 0.278, 0.173, 1, 0, 1, 0.179, 0.835
Myxo15, 0, 0, 0.501, 0.1, 0, 0, 0, 0, 0.011
Myxo17, 1, 0, 0.029, 0.022, 1, 0, 1, 0.998, 0.013
Myxo18, 2, 0.005, 0.033, 0.551, 1, 0, 2, 0.478, 1.538
Myxo19, 1, 0, 0.026, 0.026, 1, 0, 1, 0.998, 0.01
Myxo2, 0, 0, 0.348, 0.12, 0, 0, 0, 0, 0.018
Myxo3, 1, 0.006, 0.252, 0.726, 1, 0, 1, 0.371, 0.644
Myxo5, 1, 0.006, 0.175, 0.559, 1, 0, 1, 0.03, 0.984
Myxo6, 1, 0.002, 0.221, 0.162, 1, 0, 1, 0.242, 0.779
Myxo7, 0, 0.002, 0.424, 0.196, 0, 0, 0, 0, 0.011
Myxo8, 2, 0.005, 0.174, 0.493, 1, 0, 2, 0.263, 1.758
Myxo9, 1, 0.001, 0.305, 0.336, 1, 0, 1, 0.161, 0.857
NPL1, 0, 0, 0.028, 0.025, 0, 0, 0, 0, 0.017
Nitr1, 1, 0.001, 0.037, 0.121, 1, 0, 1, 0.026, 0.992
Nitr10, 1, 0, 0.014, 0.015, 1, 0, 1, 1, 0.01
Nitr11, 0, 0, 0.011, 0.012, 0, 0, 0, 0, 0.009
Nitr12, 0, 0, 0.017, 0.022, 0, 0, 0, 0, 0.011
Nitr13, 0, 0, 0.019, 0.021, 0, 0, 0, 0, 0.015
Nitr14, 0, 0, 0.025, 0.024, 0, 0, 0, 0, 0.019
Nitr15, 0, 0, 0.209, 0.048, 0, 0, 0, 0, 0.016
Nitr16, 0, 0, 0.016, 0.017, 0, 0, 0, 0, 0.014
Nitr17, 0, 0.001, 0.019, 0.025, 0, 0, 0, 0, 0.015
Nitr2, 0, 0, 0.017, 0.017, 0, 0, 0, 0, 0.013
Nitr3, 1, 0, 0.028, 0.025, 1, 0, 1, 1, 0.018
Nitr4, 1, 0, 0.032, 0.028, 1, 0, 1, 0.999, 0.017
Nitr5, 0, 0, 0.011, 0.011, 0, 0, 0, 0, 0.008
Nitr6, 1, 0, 0.015, 0.018, 1, 0, 1, 1, 0.011
Nitr7, 0, 0, 0.02, 0.021, 0, 0, 0, 0, 0.018
Nitr8, 0, 0, 0.061, 0.028, 0, 0, 0, 0, 0.014
Nitr9, 0, 0, 0.017, 0.018, 0, 0, 0, 0, 0.015
Nits1, 1, 0, 0.027, 0.031, 1, 0, 1, 0.995, 0.022
Nits2, 0, 0, 0.025, 0.027, 0, 0, 0, 0, 0.02
Nits3, 1, 0, 0.023, 0.029, 1, 0, 1, 0.996, 0.018
Nits4, 0, 0, 0.021, 0.023, 0, 0, 0, 0, 0.016
NitsA1, 0, 0, 0.029, 0.027, 0, 0, 0, 0, 0.018
NitsA2, 0, 0, 0.023, 0.017, 0, 0, 0, 0, 0.012
NitsA3, 0, 0, 0.224, 0.029, 0, 0, 0, 0, 0.018
Node_AABM5X1_AABM5X2_0, 0.007, 0, 0.02, 0.026, 0.007, 0, 0.007, 0.001, 0.025
Node_AABM5X1_AABM5X3_0, 0.002, 0, 0.012, 0.012, 0.002, 0, 0.002, 0.001, 0.005
Node_Acid11_Acid16_0, 0.106, 0, 0.027, 0.047, 0.106, 0, 0.106, 0.097, 0.011
Node_Acid11_Acid31_0, 0.175, 0, 0.01, 0.052, 0.175, 0, 0.175, 0.102, 0.079
Node_Acid12_Acid13_0, 0.163, 0, 0.02, 0.032, 0.16, 0, 0.163, 0.022, 0.16
Node_Acid1_Acid17_0, 0.009, 0, 0.214, 0.035, 0.009, 0, 0.009, 0.007, 0.008
Node_Acid1_Acid3_0, 0.215, 0.001, 0.01, 0.028, 0.21, 0, 0.215, 0.155, 0.064
Node_Acid23_Acid12_0, 0.023, 0, 0.013, 0.013, 0.023, 0, 0.023, 0.001, 0.027
Node_Acid29_Acid27_0, 0.005, 0, 0.021, 0.02, 0.005, 0, 0.005, 0.002, 0.018
Node_Acid2_Acid11_0, 0.122, 0.003, 0.113, 0.085, 0.12, 0, 0.122, 0.113, 0.01
Node_Acid2_Acid18_0, 0.013, 0, 0.111, 0.033, 0.013, 0, 0.013, 0.012, 0.002
Node_Acid32_Acid25_0, 0.024, 0, 0.023, 0.022, 0.024, 0, 0.024, 0.009, 0.024
Node_Acid32_Acid26_0, 0.154, 0, 0.022, 0.036, 0.153, 0, 0.154, 0.02, 0.152
Node_Acid34_Acid22_0, 0.006, 0, 0.113, 0.018, 0.006, 0, 0.006, 0.004, 0.007
Node_Acid34_Acid24_0, 0.002, 0, 0.01, 0.012, 0.002, 0, 0.002, 0.001, 0.006
Node_Acid34_Acid29_0, 0.008, 0, 0.012, 0.011, 0.008, 0, 0.008, 0.001, 0.013
Node_Acid34_Acid33_0, 0.007, 0, 0.011, 0.016, 0.007, 0, 0.007, 0, 0.016
Node_Acid37_Acid21_0, 0.003, 0, 0.027, 0.017, 0.003, 0, 0.003, 0, 0.007
Node_Acid37_Acid30_0, 0, 0, 0.011, 0.012, 0, 0, 0, 0, 0.008
Node_Acid37_Acid32_0, 0.023, 0, 0.034, 0.037, 0.023, 0, 0.023, 0.015, 0.02
Node_Acid38_Acid10_0, 0.104, 0, 0.02, 0.014, 0.102, 0, 0.104, 0.093, 0.012
Node_Acid38_Acid1_0, 0.16, 0.003, 0.013, 0.028, 0.159, 0, 0.16, 0.148, 0.011
Node_Acid38_Acid2_0, 0.222, 0.004, 0.059, 0.07, 0.215, 0, 0.222, 0.212, 0.006
Node_Acid38_Acid34_0, 0.112, 0.001, 0.058, 0.016, 0.11, 0, 0.112, 0.104, 0.009
Node_Acid38_Acid36_0, 1.008, 0.001, 0.053, 0.057, 1, 0, 1.008, 0.983, 0.043
Node_Acid38_Acid40_0, 1.017, 0.019, 0.014, 0.107, 0.989, 0, 1.017, 0.25, 0.756
Node_Acid38_Acid4_0, 0.137, 0, 0.01, 0.015, 0.135, 0, 0.137, 0.099, 0.043
Node_Acid38_Acid5_0, 0.159, 0, 0.069, 0.061, 0.157, 0, 0.159, 0.156, 0.006
Node_Acid38_Acid7_0, 0.256, 0.003, 0.02, 0.026, 0.252, 0, 0.256, 0.123, 0.136
Node_Acid38_Acid8_0, 0.271, 0.006, 0.067, 0.122, 0.262, 0, 0.271, 0.257, 0.006
Node_Acid38_B130X1_0, 0.326, 0.007, 0.479, 0.232, 0.32, 0, 0.326, 0.312, 0.003
Node_Acid39_Acid35_0, 0.214, 0, 0.254, 0.129, 0.207, 0, 0.214, 0.035, 0.192
Node_Acid3_Acid14_0, 0.81, 0.001, 0.072, 0.08, 0.679, 0, 0.81, 0.634, 0.185
Node_Acid3_Acid6_0, 0.696, 0.001, 0.013, 0.12, 0.628, 0, 0.696, 0.211, 0.493
Node_Acid40_Acid20_0, 1.013, 0.008, 0.049, 0.641, 1, 0, 1.013, 0.981, 0.037
Node_Acid5_Acid23_0, 0.009, 0, 0.035, 0.031, 0.009, 0, 0.009, 0.006, 0.007
Node_Acid5_Acid37_0, 0.037, 0.001, 0.126, 0.062, 0.036, 0, 0.037, 0.033, 0.003
Node_Acid6_Acid28_0, 0.882, 0.003, 0.068, 0.137, 0.707, 0, 0.882, 0.637, 0.251
Node_Acid8_Acid9_0, 0.223, 0.002, 0.058, 0.095, 0.22, 0, 0.223, 0.215, 0.008
Node_Acid9_Acid39_0, 0.276, 0, 0.019, 0.066, 0.275, 0, 0.276, 0.205, 0.072
Node_Acti10_Acti11_0, 0.547, 0.004, 0.009, 0.094, 0.514, 0, 0.547, 0.342, 0.205
Node_Acti10_Acti25_0, 0.946, 0.016, 0.06, 0.273, 0.93, 0, 0.946, 0.488, 0.443
Node_Acti10_Acti26_0, 0.347, 0.002, 0.048, 0.056, 0.338, 0, 0.347, 0.302, 0.048
Node_Acti10_Acti31_0, 0.942, 0.017, 0.049, 0.204, 0.918, 0, 0.942, 0.892, 0.028
Node_Acti10_Acti3_0, 1.184, 0.001, 0.124, 0.519, 0.945, 0, 1.184, 0.964, 0.224
Node_Acti10_Acti7_0, 1.083, 0.025, 0.026, 0.239, 0.979, 0, 1.083, 0.915, 0.142
Node_Acti11_Acti22_0, 0.214, 0.002, 0.464, 0.219, 0.199, 0, 0.214, 0.091, 0.129
Node_Acti12_Acti21_0, 1.034, 0.001, 0.847, 0.14, 1, 0, 1.034, 0.179, 0.867
Node_Acti12_Acti48_0, 1.013, 0.002, 0.058, 0.112, 0.883, 0, 1.013, 0.858, 0.161
Node_Acti14_Acti33_0, 1.125, 0.011, 0.321, 0.457, 0.992, 0, 1.125, 0.243, 0.88
Node_Acti14_Acti34_0, 1.014, 0.002, 0.146, 0.089, 1, 0, 1.014, 0.994, 0.033
Node_Acti14_Acti6_0, 1.013, 0, 0.028, 0.031, 1, 0, 1.013, 1.002, 0.027
Node_Acti18_Acti16_0, 0.011, 0, 0.039, 0.034, 0.011, 0, 0.011, 0.006, 0.02
Node_Acti18_Acti4_0, 0.03, 0, 0.353, 0.072, 0.029, 0, 0.03, 0.029, 0.006
Node_Acti19_Acti13_0, 0.02, 0, 0.015, 0.008, 0.02, 0, 0.02, 0.015, 0.008
Node_Acti19_Acti23_0, 0.138, 0, 0.019, 0.04, 0.137, 0, 0.138, 0.017, 0.137
Node_Acti19_Acti42_0, 0.017, 0, 0.011, 0.002, 0.017, 0, 0.017, 0.015, 0.002
Node_Acti19_Acti49_0, 0.027, 0, 0.008, 0.014, 0.027, 0, 0.027, 0.015, 0.016
Node_Acti19_Acti8_0, 0.019, 0, 0.005, 0.007, 0.019, 0, 0.019, 0.015, 0.007
Node_Acti33_Acti35_0, 1.228, 0.001, 0.048, 0.13, 0.994, 0, 1.228, 1.092, 0.15
Node_Acti43_Acti36_0, 0.262, 0.002, 0.647, 0.274, 0.243, 0, 0.262, 0.161, 0.105
Node_Acti46_Acti41_0, 1.681, 0.001, 0.158, 0.102, 0.993, 0, 1.681, 1.657, 0.03
Node_Acti47_Acti45_0, 1.175, 0.002, 0.882, 0.464, 0.993, 0, 1.175, 1.055, 0.125
Node_Acti49_Acti15_0, 0.877, 0.009, 0.017, 0.122, 0.868, 0, 0.877, 0.109, 0.768
Node_Acti49_Acti32_0, 1.009, 0.001, 0.023, 0.024, 1, 0, 1.009, 1.001, 0.017
Node_Acti49_Acti38_0, 1.014, 0.019, 0.029, 1.175, 1, 0, 1.014, 0.85, 0.147
Node_Acti49_Acti40_0, 0.117, 0, 0.013, 0.026, 0.116, 0, 0.117, 0.024, 0.103
Node_Acti50_Acti10_0, 0.345, 0.015, 0.003, 0.085, 0.319, 0, 0.345, 0.062, 0.263
Node_Acti50_Acti14_0, 0.555, 0.016, 0.013, 0.182, 0.47, 0, 0.555, 0.364, 0.175
Node_Acti50_Acti18_0, 0.377, 0.003, 0.027, 0.105, 0.346, 0, 0.377, 0.319, 0.056
Node_Acti50_Acti19_0, 0.026, 0, 0.001, 0.003, 0.026, 0, 0.026, 0.012, 0.014
Node_Acti50_Acti20_0, 0.002, 0, 0.01, 0.011, 0.002, 0, 0.002, 0, 0.002
Node_Acti50_Acti28_0, 2.25, 0.107, 0.068, 0.3, 0.996, 0, 2.25, 1.789, 0.281
Node_Acti50_Acti39_0, 0.07, 0.002, 0.002, 0.036, 0.068, 0, 0.07, 0.024, 0.044
Node_Acti50_Acti43_0, 0.802, 0.06, 0.139, 0.413, 0.62, 0, 0.802, 0.388, 0.326
Node_Acti50_Acti46_0, 1.808, 0.052, 0.059, 0.671, 0.995, 0, 1.808, 0.739, 1.013
Node_Acti50_Acti47_0, 1.93, 0.022, 0.15, 0.19, 1, 0, 1.93, 1.781, 0.116
Node_Acti50_Acti51_0, 0.013, 0, 0, 0.004, 0.013, 0, 0.013, 0.002, 0.011
Node_Acti50_Acti52_0, 1.942, 0.06, 0.078, 1.138, 0.999, 0, 1.942, 1.698, 0.152
Node_Acti50_FirmF1_0, 0.01, 0, 0.004, 0.003, 0.01, 0, 0.01, 0.009, 0.001
Node_Acti51_Acti27_0, 0.004, 0, 0.005, 0.007, 0.004, 0, 0.004, 0, 0.007
Node_Acti51_Acti9_0, 0.002, 0, 0.014, 0.007, 0.002, 0, 0.002, 0, 0.003
Node_Acti52_Acti12_0, 0.908, 0.002, 0.984, 0.093, 0.853, 0, 0.908, 0.747, 0.169
Node_Acti52_Acti37_0, 1.721, 0.001, 0.273, 0.111, 0.989, 0, 1.721, 1.681, 0.051
Node_Acti52_Acti44_0, 0.692, 0.001, 0.295, 0.094, 0.686, 0, 0.692, 0.627, 0.078
Node_Acti8_Acti24_0, 0.006, 0, 0.019, 0.019, 0.006, 0, 0.006, 0, 0.017
Node_Acti8_Acti2_0, 0.007, 0, 0.022, 0.014, 0.007, 0, 0.007, 0.004, 0.01
Node_Acti8_Acti5_0, 0.008, 0, 0.014, 0.012, 0.008, 0, 0.008, 0, 0.015
Node_Acti9_Acti29_0, 0, 0, 0.007, 0.009, 0, 0, 0, 0, 0.005
Node_Acti9_Acti30_0, 0.002, 0.001, 0.006, 0.009, 0.002, 0, 0.002, 0.001, 0.005
Node_Aero1_NPL1_0, 0.011, 0.001, 0.027, 0.022, 0.01, 0, 0.011, 0.009, 0.003
Node_Aero1_UBA6X1_0, 0.111, 0.001, 0.25, 0.137, 0.11, 0, 0.111, 0.109, 0.001
Node_Aero1_UBA9X1_0, 0.034, 0, 0.08, 0.051, 0.034, 0, 0.034, 0.032, 0.003
Node_Aqui2_Aqui1_0, 0.004, 0, 0.018, 0.025, 0.004, 0, 0.004, 0, 0.017
Node_Aqui2_Aqui3_0, 0.01, 0.001, 0.034, 0.035, 0.01, 0, 0.01, 0.007, 0.005
Node_Aqui2_Aqui5_0, 0.005, 0, 0.02, 0.025, 0.005, 0, 0.005, 0, 0.024
Node_Aqui2_Aqui6_0, 0.001, 0, 0.017, 0.013, 0.001, 0, 0.001, 0.001, 0.008
Node_Aqui2_Camp1_0, 0.157, 0.002, 0.118, 0.18, 0.154, 0, 0.157, 0.148, 0.005
Node_Aqui2_Thers1_0, 0.038, 0, 0.12, 0.067, 0.038, 0, 0.038, 0.037, 0.001
Node_Aqui6_Aqui4_0, 0.005, 0, 0.008, 0.011, 0.005, 0, 0.005, 0.001, 0.012
Node_Arma12_Arma11_0, 0.009, 0, 0.007, 0.017, 0.009, 0, 0.009, 0.002, 0.013
Node_Arma12_Arma7_0, 0.034, 0, 0.009, 0.017, 0.034, 0, 0.034, 0.008, 0.034
Node_Arma15_Arma13_0, 0.035, 0.003, 0.312, 0.118, 0.035, 0, 0.035, 0.027, 0.029
Node_Arma4_Acti50_0, 0.013, 0, 0.007, 0.009, 0.013, 0, 0.013, 0.012, 0.002
Node_Arma4_Arma12_0, 0.003, 0, 0.006, 0.006, 0.003, 0, 0.003, 0.001, 0.005
Node_Arma4_Arma14_0, 0.002, 0, 0.015, 0.014, 0.002, 0, 0.002, 0, 0.014
Node_Arma4_Arma6_0, 0.004, 0, 0.006, 0.01, 0.004, 0, 0.004, 0, 0.008
Node_Arma4_CSP1X1_0, 0.003, 0, 0.006, 0.007, 0.003, 0, 0.003, 0.002, 0.002
Node_Arma4_Erem6_0, 0.001, 0, 0.003, 0.004, 0.001, 0, 0.001, 0, 0.001
Node_Arma4_Pate48_0, 0.007, 0, 0.007, 0.009, 0.007, 0, 0.007, 0.006, 0.001
Node_Arma4_UBP13X1_0, 0.002, 0, 0.002, 0.005, 0.002, 0, 0.002, 0.001, 0.003
Node_Arma6_Arma15_0, 0.315, 0.03, 0.007, 0.07, 0.281, 0, 0.315, 0.074, 0.204
Node_Arma6_Arma16_0, 0.022, 0.002, 0.006, 0.009, 0.021, 0, 0.022, 0.004, 0.021
Node_Arma6_Arma3_0, 0.005, 0, 0.012, 0.023, 0.005, 0, 0.005, 0, 0.013
Node_Arma6_Arma9_0, 0.088, 0.001, 0.011, 0.034, 0.087, 0, 0.088, 0.019, 0.076
Node_Aure2_Aure1_0, 0.372, 0, 0.12, 0.098, 0.367, 0, 0.372, 0.323, 0.051
Node_Bact1_Bact11_0, 0.009, 0, 0.018, 0.02, 0.009, 0, 0.009, 0.001, 0.024
Node_Bact1_Bact17_0, 0.003, 0, 0.015, 0.015, 0.003, 0, 0.003, 0.001, 0.011
Node_Bact20_Bact1_0, 0.007, 0, 0.009, 0.017, 0.007, 0, 0.007, 0, 0.015
Node_Bact20_Bact30_0, 0.009, 0, 0.016, 0.019, 0.009, 0, 0.009, 0.003, 0.018
Node_Bact21_Bact29_0, 1.07, 0.002, 0.039, 0.078, 0.999, 0, 1.07, 0.944, 0.131
Node_Bact21_Bact36_0, 0.976, 0, 0.242, 0.086, 0.93, 0, 0.976, 0.94, 0.045
Node_Bact21_Bact44_0, 1.173, 0, 0.035, 0.068, 0.934, 0, 1.173, 1.024, 0.154
Node_Bact22_Bact31_0, 0.008, 0, 0.028, 0.025, 0.008, 0, 0.008, 0.002, 0.014
Node_Bact22_Bact5_0, 0.022, 0, 0.106, 0.068, 0.022, 0, 0.022, 0.016, 0.018
Node_Bact23_Bact28_0, 0.252, 0.002, 0.026, 0.14, 0.251, 0, 0.252, 0.056, 0.213
Node_Bact23_Bact34_0, 0.063, 0.002, 0.028, 0.052, 0.062, 0, 0.063, 0.01, 0.078
Node_Bact23_Bact4_0, 0.011, 0, 0.009, 0.01, 0.011, 0, 0.011, 0.004, 0.013
Node_Bact24_Bact23_0, 0.007, 0, 0.008, 0.007, 0.007, 0, 0.007, 0.002, 0.008
Node_Bact24_Bact25_0, 0.002, 0, 0.01, 0.011, 0.002, 0, 0.002, 0.001, 0.005
Node_Bact24_Bact3_0, 0.007, 0, 0.007, 0.01, 0.007, 0, 0.007, 0.006, 0.006
Node_Bact24_Bact7_0, 0.008, 0, 0.039, 0.019, 0.008, 0, 0.008, 0.005, 0.004
Node_Bact25_Bact20_0, 0.001, 0, 0.015, 0.016, 0.001, 0, 0.001, 0.001, 0.01
Node_Bact25_Bact2_0, 0.006, 0, 0.008, 0.009, 0.006, 0, 0.006, 0, 0.012
Node_Bact27_Bact19_0, 0.996, 0.001, 0.101, 0.054, 0.931, 0, 0.996, 0.959, 0.042
Node_Bact27_Bact21_0, 1.054, 0.008, 0.028, 0.153, 0.933, 0, 1.054, 0.846, 0.203
Node_Bact27_Bact22_0, 0.11, 0.005, 0.001, 0.049, 0.104, 0, 0.11, 0.038, 0.063
Node_Bact27_Bact24_0, 0.043, 0, 0.006, 0.021, 0.043, 0, 0.043, 0.018, 0.025
Node_Bact27_Bact35_0, 0.203, 0.006, 0.953, 0.057, 0.198, 0, 0.203, 0.059, 0.154
Node_Bact27_Bact37_0, 0.871, 0.042, 0.016, 0.312, 0.806, 0, 0.871, 0.099, 0.735
Node_Bact27_Bact40_0, 1.123, 0.353, 0.014, 0.172, 0.753, 0, 1.123, 0.129, 0.581
Node_Bact27_Mari3_0, 0.024, 0, 0.006, 0.016, 0.023, 0, 0.024, 0.011, 0.016
Node_Bact29_Bact9_0, 1.278, 0.001, 0.023, 0.157, 0.998, 0, 1.278, 1.055, 0.23
Node_Bact30_Bact32_0, 0.007, 0.001, 0.019, 0.017, 0.007, 0, 0.007, 0.001, 0.016
Node_Bact31_Bact38_0, 0.001, 0, 0.018, 0.019, 0.001, 0, 0.001, 0, 0.011
Node_Bact33_Bact10_0, 0.084, 0, 0.058, 0.078, 0.083, 0, 0.084, 0.041, 0.052
Node_Bact33_Bact39_0, 0.196, 0, 0.02, 0.035, 0.195, 0, 0.196, 0.075, 0.132
Node_Bact33_Bact6_0, 0.09, 0.002, 0.732, 0.147, 0.088, 0, 0.09, 0.077, 0.014
Node_Bact36_Bact43_0, 0.051, 0, 0.986, 0.046, 0.051, 0, 0.051, 0.006, 0.061
Node_Bact37_Bact33_0, 0.806, 0.005, 0.082, 0.203, 0.794, 0, 0.806, 0.791, 0.012
Node_Bact37_Bact42_0, 0.846, 0.001, 0.032, 0.217, 0.843, 0, 0.846, 0.789, 0.071
Node_Bact3_Bact12_0, 0.002, 0, 0.011, 0.011, 0.002, 0, 0.002, 0.001, 0.006
Node_Bact3_Bact13_0, 0.002, 0, 0.01, 0.01, 0.002, 0, 0.002, 0.002, 0.007
Node_Bact3_Bact14_0, 0.009, 0, 0.017, 0.022, 0.009, 0, 0.009, 0.001, 0.024
Node_Bact3_Bact18_0, 0.005, 0, 0.01, 0.015, 0.005, 0, 0.005, 0, 0.013
Node_Bact40_Bact41_0, 1.408, 0.002, 0.025, 0.234, 0.995, 0, 1.408, 1.108, 0.308
Node_Bact5_Bact16_0, 0.009, 0, 0.034, 0.037, 0.009, 0, 0.009, 0.004, 0.021
Node_Bact7_Bact8_0, 0.002, 0, 0.026, 0.022, 0.002, 0, 0.002, 0, 0.02
Node_Bdell12_Bdell3_0, 1.38, 0.318, 0.045, 0.48, 0.988, 0, 1.38, 0.581, 0.29
Node_Bdell13_Bdell12_0, 0.817, 0.044, 0.153, 0.323, 0.754, 0, 0.817, 0.661, 0.084
Node_Bdell14_Bdell11_0, 0.007, 0, 0.044, 0.018, 0.007, 0, 0.007, 0.005, 0.009
Node_Bdell14_Bdell4_0, 0.011, 0, 0.016, 0.013, 0.011, 0, 0.011, 0.001, 0.02
Node_Bdell15_Bdell14_0, 0.042, 0, 0.033, 0.042, 0.042, 0, 0.042, 0.035, 0.009
Node_Bdell15_Bdell7_0, 0.088, 0.002, 0.029, 0.037, 0.088, 0, 0.088, 0.028, 0.073
Node_Bdell15_Bdell9_0, 0.249, 0.001, 0.028, 0.085, 0.247, 0, 0.249, 0.077, 0.188
Node_Bdell17_Bdell15_0, 0.066, 0, 0.122, 0.085, 0.066, 0, 0.066, 0.062, 0.005
Node_Bdell17_Bdell16_0, 0.01, 0, 0.074, 0.05, 0.01, 0, 0.01, 0.005, 0.018
Node_Bdell2_Bdell10_0, 0.046, 0.001, 0.18, 0.099, 0.046, 0, 0.046, 0.045, 0.005
Node_Bdell6_Bdell17_0, 0.183, 0.003, 0.182, 0.245, 0.178, 0, 0.183, 0.155, 0.026
Node_Bdell6_Bdell2_0, 0.22, 0.003, 0.103, 0.16, 0.217, 0, 0.22, 0.085, 0.137
Node_Bdell6_UBA1X6_0, 0.336, 0.005, 0.348, 0.299, 0.326, 0, 0.336, 0.317, 0.016
Node_Bdell7_Bdell5_0, 0.012, 0, 0.098, 0.054, 0.012, 0, 0.012, 0.004, 0.022
Node_BdellC1_BdellC2_0, 0.117, 0.001, 0.051, 0.093, 0.115, 0, 0.117, 0.062, 0.061
Node_Bipo1_Bipo2_0, 0.002, 0, 0.006, 0.005, 0.002, 0, 0.002, 0, 0.007
Node_Bipo1_Therg8_0, 0.001, 0, 0.002, 0.002, 0.001, 0, 0.001, 0.001, 0.001
Node_CG294X1_CG267X1_0, 0.013, 0, 0.069, 0.045, 0.013, 0, 0.013, 0.009, 0.01
Node_Calda2_Calda1_0, 0.001, 0, 0.004, 0.003, 0.001, 0, 0.001, 0.001, 0.002
Node_Caldit2_Caldit1_0, 0.003, 0, 0.013, 0.012, 0.003, 0, 0.003, 0, 0.014
Node_Caldit2_Caldit3_0, 0.002, 0, 0.01, 0.009, 0.002, 0, 0.002, 0, 0.007
Node_Camp14_Camp15_0, 0.608, 0, 0.052, 0.184, 0.597, 0, 0.608, 0.513, 0.103
Node_Camp1_Camp2_0, 0.865, 0.009, 0.019, 0.351, 0.804, 0, 0.865, 0.172, 0.696
Node_Camp1_Camp3_0, 0.834, 0.001, 0.09, 0.056, 0.828, 0, 0.834, 0.787, 0.058
Node_Camp1_Camp9_0, 0.179, 0.005, 0.013, 0.102, 0.174, 0, 0.179, 0.116, 0.057
Node_Camp1_UBP6X1_0, 0.13, 0.003, 0.043, 0.11, 0.129, 0, 0.13, 0.116, 0.013
Node_Camp2_Camp11_0, 1.052, 0.022, 0.023, 0.292, 0.85, 0, 1.052, 0.834, 0.188
Node_Camp2_Camp13_0, 1.134, 0.001, 0.433, 0.057, 0.986, 0, 1.134, 1, 0.143
Node_Camp2_Camp4_0, 1.423, 0.02, 0.042, 0.127, 0.999, 0, 1.423, 1.3, 0.097
Node_Camp2_Camp5_0, 1.193, 0.189, 0.22, 0.315, 0.934, 0, 1.193, 0.72, 0.172
Node_Camp2_Camp7_0, 1.348, 0.032, 0.034, 0.072, 0.975, 0, 1.348, 1.147, 0.157
Node_Camp4_Camp16_0, 1.505, 0.002, 0.045, 0.062, 0.999, 0, 1.505, 1.391, 0.125
Node_Camp5_Camp10_0, 1.088, 0.156, 0.02, 0.217, 0.897, 0, 1.088, 0.759, 0.028
Node_Camp5_Camp12_0, 0.924, 0.03, 0.32, 0.227, 0.885, 0, 0.924, 0.855, 0.021
Node_Camp7_Camp14_0, 0.557, 0.003, 0.839, 0.247, 0.532, 0, 0.557, 0.525, 0.045
Node_Camp9_Camp6_0, 0.094, 0.001, 0.175, 0.137, 0.091, 0, 0.094, 0.018, 0.089
Node_Chlo12_Chlo24_0, 0.001, 0, 0.012, 0.014, 0.001, 0, 0.001, 0, 0.006
Node_Chlo26_Chlo11_0, 0.002, 0, 0.014, 0.014, 0.002, 0, 0.002, 0.001, 0.007
Node_Chlo26_Chlo9_0, 0.009, 0, 0.015, 0.019, 0.009, 0, 0.009, 0.002, 0.017
Node_Chlo30_Chlo20_0, 0.008, 0, 0.022, 0.017, 0.008, 0, 0.008, 0.005, 0.009
Node_Chlo30_Chlo23_0, 0.021, 0, 0.082, 0.045, 0.021, 0, 0.021, 0.019, 0.005
Node_Chlo30_Chlo36_0, 0.098, 0, 0.004, 0.031, 0.098, 0, 0.098, 0.031, 0.069
Node_Chlo30_Chlo37_0, 0.005, 0, 0.016, 0.016, 0.005, 0, 0.005, 0.002, 0.013
Node_Chlo30_Chlo38_0, 0.002, 0, 0.002, 0.004, 0.002, 0, 0.002, 0.002, 0.002
Node_Chlo30_Chlo41_0, 0.005, 0, 0.001, 0.004, 0.005, 0, 0.005, 0.001, 0.004
Node_Chlo30_Chlo43_0, 0.007, 0, 0.005, 0.01, 0.007, 0, 0.007, 0.003, 0.007
Node_Chlo30_Chlo6_0, 0.033, 0, 0.008, 0.021, 0.033, 0, 0.033, 0.005, 0.034
Node_Chlo30_Dorm2_0, 0.002, 0, 0.003, 0.011, 0.002, 0, 0.002, 0, 0.004
Node_Chlo31_Chlo25_0, 0.003, 0, 0.032, 0.038, 0.003, 0, 0.003, 0, 0.026
Node_Chlo35_Chlo21_0, 0.002, 0, 0.015, 0.02, 0.002, 0, 0.002, 0, 0.013
Node_Chlo36_Chlo13_0, 0.003, 0, 0.01, 0.011, 0.003, 0, 0.003, 0, 0.011
Node_Chlo36_Chlo14_0, 0.008, 0, 0.019, 0.016, 0.008, 0, 0.008, 0.004, 0.007
Node_Chlo36_Chlo28_0, 0.02, 0, 0.047, 0.038, 0.02, 0, 0.02, 0.017, 0.009
Node_Chlo36_Chlo33_0, 0.058, 0.001, 0.182, 0.12, 0.058, 0, 0.058, 0.056, 0.005
Node_Chlo36_Chlo40_0, 0.001, 0, 0.017, 0.022, 0.001, 0, 0.001, 0.001, 0.015
Node_Chlo36_Chlo5_0, 0.002, 0, 0.014, 0.013, 0.002, 0, 0.002, 0.001, 0.008
Node_Chlo36_Chlo8_0, 0.234, 0.003, 0.011, 0.113, 0.233, 0, 0.234, 0.092, 0.144
Node_Chlo38_Chlo19_0, 0.004, 0, 0.025, 0.027, 0.004, 0, 0.004, 0.001, 0.02
Node_Chlo38_Chlo31_0, 0.009, 0, 0.004, 0.004, 0.009, 0, 0.009, 0.001, 0.011
Node_Chlo41_Chlo29_0, 0.008, 0, 0.007, 0.012, 0.008, 0, 0.008, 0.004, 0.008
Node_Chlo41_Chlo32_0, 0.033, 0, 0.003, 0.015, 0.033, 0, 0.033, 0.008, 0.028
Node_Chlo41_Chlo39_0, 0.004, 0, 0.018, 0.021, 0.004, 0, 0.004, 0, 0.016
Node_Chlo41_Chlo44_0, 0.007, 0.001, 0.036, 0.016, 0.007, 0, 0.007, 0.003, 0.009
Node_Chlo41_Chlo4_0, 0.007, 0, 0.006, 0.011, 0.007, 0, 0.007, 0.002, 0.008
Node_Chlo41_Chlo7_0, 0.006, 0, 0.012, 0.012, 0.006, 0, 0.006, 0.002, 0.011
Node_Chlo42_Chlo34_0, 0.005, 0, 0.014, 0.015, 0.005, 0, 0.005, 0.001, 0.014
Node_Chlo43_Chlo42_0, 0.005, 0, 0.014, 0.016, 0.005, 0, 0.005, 0.001, 0.012
Node_Chlo43_Chlo45_0, 0.005, 0, 0.011, 0.014, 0.005, 0, 0.005, 0.001, 0.009
Node_Chlo43_Chlo47_0, 0.007, 0, 0.01, 0.012, 0.007, 0, 0.007, 0.001, 0.012
Node_Chlo44_Chlo17_0, 0.001, 0, 0.014, 0.014, 0.001, 0, 0.001, 0, 0.009
Node_Chlo44_Chlo22_0, 0.006, 0, 0.014, 0.016, 0.006, 0, 0.006, 0.003, 0.013
Node_Chlo45_Chlo27_0, 0.005, 0, 0.012, 0.017, 0.005, 0, 0.005, 0, 0.012
Node_Chlo45_Chlo46_0, 0.01, 0, 0.018, 0.019, 0.01, 0, 0.01, 0.002, 0.023
Node_Chlo47_Chlo48_0, 0.011, 0, 0.022, 0.023, 0.011, 0, 0.011, 0.001, 0.026
Node_Chlo48_Chlo10_0, 0.008, 0, 0.023, 0.029, 0.008, 0, 0.008, 0.003, 0.02
Node_Chlo4_Chlo12_0, 0.007, 0, 0.009, 0.004, 0.007, 0, 0.007, 0, 0.009
Node_Chlo4_Chlo35_0, 0.004, 0, 0.009, 0.012, 0.004, 0, 0.004, 0.001, 0.006
Node_Chlo5_Chlo16_0, 0.01, 0, 0.018, 0.02, 0.01, 0, 0.01, 0.001, 0.026
Node_Chlo6_Chlo18_0, 0.001, 0, 0.017, 0.02, 0.001, 0, 0.001, 0, 0.011
Node_Chlo6_Chlo26_0, 0.007, 0, 0.032, 0.014, 0.007, 0, 0.007, 0.004, 0.006
Node_Chlo7_Chlo15_0, 0.009, 0, 0.022, 0.026, 0.009, 0, 0.009, 0.001, 0.025
Node_Chry1_Aqui2_0, 0.268, 0.001, 0.515, 0.31, 0.265, 0, 0.268, 0.266, 0
Node_Chry1_Defe3_0, 0.055, 0.001, 0.215, 0.145, 0.053, 0, 0.055, 0.052, 0.001
Node_Cyan10_Cyan35_0, 0.004, 0, 0.015, 0.012, 0.004, 0, 0.004, 0.002, 0.009
Node_Cyan10_Cyan45_0, 0.009, 0, 0.017, 0.02, 0.009, 0, 0.009, 0.002, 0.022
Node_Cyan10_Cyan46_0, 0.01, 0, 0.013, 0.012, 0.01, 0, 0.01, 0.001, 0.015
Node_Cyan11_Cyan26_0, 0.004, 0, 0.016, 0.014, 0.004, 0, 0.004, 0, 0.012
Node_Cyan12_Cyan13_0, 0.027, 0, 0.236, 0.08, 0.027, 0, 0.027, 0.016, 0.032
Node_Cyan13_Cyan18_0, 0.011, 0, 0.04, 0.039, 0.011, 0, 0.011, 0.002, 0.024
Node_Cyan14_Cyan15_0, 0.007, 0, 0.021, 0.02, 0.007, 0, 0.007, 0.002, 0.011
Node_Cyan14_Cyan16_0, 0.017, 0, 0.013, 0.021, 0.017, 0, 0.017, 0, 0.024
Node_Cyan14_Cyan23_0, 0.006, 0, 0.016, 0.018, 0.006, 0, 0.006, 0.002, 0.016
Node_Cyan16_Cyan29_0, 0.011, 0.001, 0.023, 0.022, 0.011, 0, 0.011, 0.005, 0.016
Node_Cyan19_Cyan22_0, 0.004, 0, 0.01, 0.009, 0.004, 0, 0.004, 0, 0.008
Node_Cyan19_Cyan47_0, 0.006, 0, 0.007, 0.008, 0.006, 0, 0.006, 0.001, 0.009
Node_Cyan28_chloroArabidopsis_0, 0.004, 0, 0.007, 0.01, 0.004, 0, 0.004, 0, 0.009
Node_Cyan2_Cyan1_0, 0.006, 0, 0.01, 0.024, 0.006, 0, 0.006, 0, 0.015
Node_Cyan31_Cyan34_0, 0.005, 0, 0.012, 0.011, 0.005, 0, 0.005, 0.002, 0.009
Node_Cyan33_Cyan21_0, 0.002, 0, 0.024, 0.027, 0.002, 0, 0.002, 0.001, 0.018
Node_Cyan38_Cyan28_0, 0.002, 0, 0.005, 0.006, 0.002, 0, 0.002, 0, 0.005
Node_Cyan40_Arma4_0, 0.018, 0, 0.016, 0.012, 0.018, 0.001, 0.018, 0.017, 0.001
Node_Cyan40_Cyan10_0, 0.008, 0, 0.011, 0.01, 0.008, 0, 0.008, 0.001, 0.014
Node_Cyan40_Cyan11_0, 0.008, 0, 0.013, 0.012, 0.008, 0, 0.008, 0.002, 0.013
Node_Cyan40_Cyan14_0, 0.006, 0, 0.008, 0.009, 0.006, 0, 0.006, 0.001, 0.008
Node_Cyan40_Cyan19_0, 0.006, 0, 0.01, 0.009, 0.006, 0, 0.006, 0.001, 0.009
Node_Cyan40_Cyan20_0, 0.001, 0, 0.005, 0.003, 0.001, 0, 0.001, 0.001, 0.002
Node_Cyan40_Cyan24_0, 0.005, 0, 0.012, 0.013, 0.005, 0, 0.005, 0.002, 0.011
Node_Cyan40_Cyan25_0, 0.008, 0, 0.01, 0.009, 0.008, 0, 0.008, 0.002, 0.01
Node_Cyan40_Cyan27_0, 0.007, 0, 0.018, 0.017, 0.007, 0, 0.007, 0.002, 0.017
Node_Cyan40_Cyan2_0, 0.001, 0, 0.004, 0.003, 0.001, 0, 0.001, 0, 0.002
Node_Cyan40_Cyan36_0, 0.007, 0, 0.007, 0.01, 0.007, 0, 0.007, 0.001, 0.012
Node_Cyan40_Cyan37_0, 0.002, 0, 0.008, 0.008, 0.002, 0, 0.002, 0, 0.006
Node_Cyan40_Cyan38_0, 0.002, 0, 0.005, 0.004, 0.002, 0, 0.002, 0.001, 0.005
Node_Cyan40_Cyan42_0, 0.004, 0, 0.003, 0.003, 0.004, 0, 0.004, 0, 0.006
Node_Cyan40_Cyan7_0, 0.004, 0, 0, 0, 0.004, 0, 0.004, 0.001, 0.003
Node_Cyan40_Marg1_0, 0.003, 0, 0.004, 0, 0.003, 0, 0.003, 0.003, 0
Node_Cyan40_Therd1_0, 0.007, 0, 0.011, 0.003, 0.007, 0, 0.007, 0.007, 0
Node_Cyan42_Cyan3_0, 0.002, 0, 0.012, 0.014, 0.002, 0, 0.002, 0, 0.01
Node_Cyan46_Cyan30_0, 0.007, 0, 0.016, 0.016, 0.007, 0, 0.007, 0.002, 0.013
Node_Cyan46_Cyan31_0, 0.008, 0.001, 0.013, 0.015, 0.008, 0, 0.008, 0.004, 0.013
Node_Cyan46_Cyan32_0, 0.004, 0, 0.014, 0.015, 0.004, 0, 0.004, 0.001, 0.012
Node_Cyan46_Cyan33_0, 0.008, 0, 0.02, 0.021, 0.008, 0, 0.008, 0, 0.02
Node_Cyan46_Cyan41_0, 0.006, 0, 0.021, 0.022, 0.005, 0, 0.006, 0, 0.019
Node_Cyan47_Cyan43_0, 0.007, 0, 0.012, 0.013, 0.007, 0, 0.007, 0.001, 0.013
Node_Cyan47_Cyan44_0, 0.003, 0.001, 0.029, 0.039, 0.003, 0, 0.003, 0, 0.024
Node_Cyan4_Cyan8_0, 0.011, 0, 0.048, 0.02, 0.011, 0, 0.011, 0.01, 0.006
Node_Cyan4_Cyan9_0, 0.008, 0, 0.013, 0.015, 0.008, 0, 0.008, 0.005, 0.01
Node_Cyan7_Cyan12_0, 0.231, 0.018, 0.008, 0.05, 0.214, 0, 0.231, 0.045, 0.168
Node_Cyan7_Cyan4_0, 0.053, 0.003, 0.005, 0.024, 0.052, 0, 0.053, 0.003, 0.051
Node_DTU0X1_SLNR1_0, 0.002, 0, 0.01, 0.012, 0.002, 0, 0.002, 0, 0.007
Node_Defe3_Defe1_0, 0.027, 0, 0.057, 0.072, 0.027, 0, 0.027, 0.011, 0.029
Node_Defe3_Defe2_0, 0.2, 0, 0.021, 0.064, 0.198, 0, 0.2, 0.017, 0.194
Node_Dein4_Dein2_0, 0.005, 0, 0.008, 0.008, 0.005, 0, 0.005, 0.001, 0.01
Node_Dein4_Dein6_0, 0.008, 0, 0.024, 0.033, 0.008, 0, 0.008, 0.001, 0.027
Node_Dein5_Bipo1_0, 0.002, 0, 0.007, 0.004, 0.002, 0, 0.002, 0.002, 0.001
Node_Dein5_Dein1_0, 0.008, 0.001, 0.015, 0.014, 0.008, 0, 0.008, 0, 0.018
Node_Dein5_Dein4_0, 0.003, 0, 0.01, 0.012, 0.003, 0, 0.003, 0, 0.011
Node_Dein5_Dein7_0, 0.004, 0, 0.013, 0.013, 0.004, 0, 0.004, 0, 0.014
Node_Dein7_Dein3_0, 0.007, 0, 0.011, 0.012, 0.007, 0, 0.007, 0.001, 0.014
Node_DesuB1_DesuB2_0, 0.007, 0, 0.03, 0.024, 0.007, 0, 0.007, 0.002, 0.015
Node_DesuB4_BdellC1_0, 0.106, 0.003, 0.119, 0.19, 0.104, 0, 0.106, 0.093, 0.011
Node_DesuB4_DesuB1_0, 0.022, 0, 0.094, 0.074, 0.022, 0, 0.022, 0.019, 0.01
Node_DesuB4_DesuB3_0, 0.011, 0, 0.027, 0.03, 0.011, 0, 0.011, 0.006, 0.016
Node_DesuB4_Desua5_0, 0.211, 0.002, 0.469, 0.366, 0.208, 0, 0.211, 0.208, 0.003
Node_DesuB4_Myxo10_0, 0.675, 0.005, 0.207, 0.202, 0.657, 0, 0.675, 0.661, 0.006
Node_DesuC2_DesuC1_0, 0.807, 0.005, 0.29, 0.308, 0.671, 0, 0.807, 0.488, 0.327
Node_DesuC2_Desua47_0, 0.765, 0.008, 0.066, 0.272, 0.732, 0, 0.765, 0.718, 0.038
Node_DesuD2_DesuD1_0, 0.024, 0, 0.853, 0.101, 0.023, 0, 0.024, 0.017, 0.024
Node_Desua11_Desua27_0, 0.008, 0, 0.02, 0.02, 0.008, 0, 0.008, 0.001, 0.018
Node_Desua16_Desua15_0, 1.321, 0.008, 0.062, 0.253, 1, 0, 1.321, 0.299, 1.028
Node_Desua16_Desua20_0, 1.024, 0.014, 0.046, 0.503, 0.965, 0, 1.024, 0.98, 0.028
Node_Desua16_Desua24_0, 0.347, 0.001, 0.196, 0.171, 0.318, 0, 0.347, 0.22, 0.144
Node_Desua16_Desua6_0, 1.028, 0.041, 0.02, 0.434, 0.952, 0, 1.028, 0.905, 0.045
Node_Desua16_Desua9_0, 0.398, 0.001, 0.65, 0.391, 0.38, 0, 0.398, 0.375, 0.023
Node_Desua1_Desua34_0, 0.011, 0.001, 0.013, 0.019, 0.011, 0, 0.011, 0.002, 0.018
Node_Desua1_Desua3_0, 0.005, 0, 0.022, 0.025, 0.005, 0, 0.005, 0.005, 0.007
Node_Desua1_Desua43_0, 0.02, 0, 0.071, 0.055, 0.02, 0, 0.02, 0.019, 0.004
Node_Desua22_Desua10_0, 0.021, 0, 0.01, 0.015, 0.02, 0, 0.021, 0.009, 0.014
Node_Desua22_Desua13_0, 0.017, 0, 0.041, 0.048, 0.017, 0, 0.017, 0.015, 0.005
Node_Desua22_Desua14_0, 0.06, 0.001, 0.014, 0.036, 0.06, 0, 0.06, 0.018, 0.052
Node_Desua22_Desua16_0, 0.962, 0.035, 0.037, 0.306, 0.918, 0, 0.962, 0.877, 0.025
Node_Desua22_Desua23_0, 0.255, 0.004, 0.021, 0.098, 0.248, 0, 0.255, 0.053, 0.212
Node_Desua22_Desua26_0, 0.053, 0, 0.169, 0.157, 0.053, 0.001, 0.053, 0.052, 0.003
Node_Desua22_Desua4_0, 0.218, 0.002, 0.749, 0.391, 0.216, 0, 0.218, 0.214, 0.003
Node_Desua26_Desua30_0, 0.008, 0, 0.051, 0.037, 0.008, 0, 0.008, 0.008, 0.006
Node_Desua28_Desua35_0, 1.006, 0.001, 0.025, 0.074, 1, 0, 1.006, 0.854, 0.168
Node_Desua2_Desua8_0, 0.418, 0.005, 0.762, 0.457, 0.376, 0, 0.418, 0.193, 0.237
Node_Desua36_Desua38_0, 0.007, 0, 0.019, 0.02, 0.007, 0, 0.007, 0.001, 0.019
Node_Desua36_Desua39_0, 0.007, 0, 0.016, 0.016, 0.007, 0, 0.007, 0.001, 0.018
Node_Desua40_Desua31_0, 0.003, 0, 0.024, 0.028, 0.003, 0, 0.003, 0.001, 0.019
Node_Desua42_Desua11_0, 0.01, 0, 0.012, 0.013, 0.01, 0, 0.01, 0, 0.02
Node_Desua42_Desua12_0, 0.002, 0, 0.016, 0.021, 0.002, 0, 0.002, 0, 0.009
Node_Desua43_Desua50_0, 0.006, 0, 0.023, 0.033, 0.006, 0, 0.006, 0.002, 0.022
Node_Desua43_Desua52_0, 0.002, 0, 0.023, 0.029, 0.002, 0, 0.002, 0, 0.019
Node_Desua43_Desua54_0, 0.007, 0, 0.028, 0.029, 0.007, 0, 0.007, 0.003, 0.015
Node_Desua44_Desua36_0, 0.005, 0, 0.019, 0.013, 0.005, 0, 0.005, 0, 0.014
Node_Desua46_Desua25_0, 0.006, 0, 0.023, 0.022, 0.006, 0, 0.006, 0.002, 0.018
Node_Desua47_Desua29_0, 0.014, 0, 0.902, 0.043, 0.014, 0, 0.014, 0.009, 0.021
Node_Desua47_Desua37_0, 1.071, 0.004, 0.022, 0.083, 0.997, 0, 1.071, 0.803, 0.274
Node_Desua47_Desua41_0, 0.895, 0.001, 0.207, 0.282, 0.891, 0, 0.895, 0.875, 0.03
Node_Desua47_Desua53_0, 0.815, 0.074, 0.483, 0.699, 0.747, 0, 0.815, 0.271, 0.459
Node_Desua48_Desua33_0, 0.009, 0, 0.019, 0.02, 0.009, 0, 0.009, 0.003, 0.017
Node_Desua48_Desua40_0, 0.008, 0, 0.025, 0.015, 0.008, 0, 0.008, 0.008, 0.004
Node_Desua48_Desua42_0, 0.009, 0, 0.004, 0.011, 0.009, 0, 0.009, 0.005, 0.005
Node_Desua48_Desua46_0, 0.011, 0.002, 0.014, 0.017, 0.011, 0, 0.011, 0.003, 0.014
Node_Desua49_Desua21_0, 0.011, 0, 0.019, 0.019, 0.01, 0, 0.011, 0.005, 0.02
Node_Desua49_Desua32_0, 0.005, 0, 0.02, 0.012, 0.005, 0, 0.005, 0.002, 0.008
Node_Desua49_Desua44_0, 0.01, 0.001, 0.006, 0.01, 0.009, 0, 0.01, 0.004, 0.01
Node_Desua4_Desua1_0, 0.087, 0.006, 0.145, 0.162, 0.083, 0, 0.087, 0.073, 0.008
Node_Desua4_Desua48_0, 0.029, 0, 0.063, 0.055, 0.029, 0, 0.029, 0.028, 0.005
Node_Desua4_Desua49_0, 0.017, 0, 0.019, 0.017, 0.017, 0, 0.017, 0.014, 0.007
Node_Desua53_Desua51_0, 1.012, 0.004, 0.128, 0.173, 1, 0, 1.012, 0.703, 0.321
Node_Desua6_Desua19_0, 1.026, 0.014, 0.093, 1.088, 0.999, 0, 1.026, 0.855, 0.167
Node_Desua6_Desua2_0, 0.938, 0.015, 0.155, 0.995, 0.879, 0, 0.938, 0.867, 0.05
Node_Desua6_Desua7_0, 1.003, 0, 0.041, 0.033, 0.995, 0, 1.003, 1, 0.018
Node_Desua9_Desua17_0, 0.027, 0, 0.074, 0.058, 0.027, 0, 0.027, 0.015, 0.029
Node_Desua9_Desua18_0, 0.072, 0, 0.343, 0.153, 0.072, 0, 0.072, 0.066, 0.017
Node_Dorm2_Dorm1_0, 0.016, 0, 0.02, 0.024, 0.016, 0, 0.016, 0.006, 0.022
Node_Dorm2_Dorm3_0, 0.003, 0, 0.004, 0.002, 0.003, 0, 0.003, 0, 0.005
Node_Dorm2_Dorm4_0, 0.004, 0, 0.02, 0.019, 0.004, 0, 0.004, 0, 0.021
Node_Dorm2_Dorm5_0, 0.014, 0, 0.01, 0.015, 0.014, 0, 0.014, 0.002, 0.02
Node_Eise2_Eise1_0, 0.005, 0, 0.007, 0.007, 0.005, 0, 0.005, 0, 0.011
Node_Eise4_Eise2_0, 0.001, 0, 0.007, 0.007, 0.001, 0, 0.001, 0, 0.005
Node_Eise4_Eise3_0, 0.005, 0, 0.012, 0.016, 0.005, 0, 0.005, 0.001, 0.016
Node_Elus1_Elus2_0, 0.001, 0, 0.003, 0.008, 0.001, 0, 0.001, 0.001, 0.002
Node_Elus2_Elus3_0, 0.002, 0, 0.004, 0.006, 0.002, 0, 0.002, 0, 0.005
Node_Elus2_Elus5_0, 0.002, 0, 0.004, 0.003, 0.002, 0, 0.002, 0, 0.004
Node_Elus3_Elus4_0, 0.003, 0, 0.007, 0.018, 0.003, 0, 0.003, 0, 0.007
Node_Elus3_Elus6_0, 0.004, 0, 0.013, 0.015, 0.004, 0, 0.004, 0.001, 0.013
Node_Elus3_Elus7_0, 0.003, 0, 0.002, 0.007, 0.003, 0, 0.003, 0, 0.003
Node_Elus3_Elus9_0, 0.004, 0, 0.009, 0.013, 0.004, 0, 0.004, 0.001, 0.01
Node_Elus6_Elus8_0, 0.008, 0.001, 0.015, 0.019, 0.008, 0, 0.008, 0.002, 0.018
Node_Elus9_Elus10_0, 0.005, 0, 0.011, 0.013, 0.005, 0, 0.005, 0.001, 0.012
Node_Erem4_Erem5_0, 0.152, 0, 0.029, 0.041, 0.152, 0, 0.152, 0.022, 0.151
Node_Erem6_Erem2_0, 0.003, 0, 0.003, 0.006, 0.003, 0, 0.003, 0.001, 0.005
Node_Erem6_Erem3_0, 0.002, 0, 0.012, 0.016, 0.002, 0, 0.002, 0, 0.011
Node_Erem6_Erem4_0, 0.03, 0.001, 0.015, 0.019, 0.03, 0, 0.03, 0.001, 0.042
Node_FCPU1_FCPU2_0, 0.004, 0, 0.019, 0.024, 0.004, 0, 0.004, 0, 0.018
Node_Ferm1_Eise4_0, 0.003, 0, 0.002, 0.005, 0.003, 0, 0.003, 0.001, 0.003
Node_Ferm1_GemmA1_0, 0, 0, 0.004, 0.003, 0, 0, 0, 0, 0.001
Node_Ferm1_Krum1_0, 0, 0, 0.006, 0.007, 0, 0, 0, 0, 0.006
Node_Fibr4_Fibr2_0, 0.023, 0, 0.15, 0.072, 0.023, 0, 0.023, 0.02, 0.013
Node_Fibr4_Fibr3_0, 0.02, 0, 0.007, 0.022, 0.02, 0, 0.02, 0.01, 0.012
Node_Fibr4_Fibr5_0, 0.078, 0.001, 0.005, 0.021, 0.077, 0, 0.078, 0.018, 0.062
Node_Fibr4_Fibr6_0, 0.16, 0.001, 0.047, 0.077, 0.159, 0, 0.16, 0.04, 0.128
Node_Fibr5_Fibr1_0, 0.179, 0.002, 0.042, 0.08, 0.173, 0, 0.179, 0.044, 0.141
Node_FirmA102_FirmA76_0, 0.444, 0.005, 0.231, 0.411, 0.435, 0, 0.444, 0.281, 0.164
Node_FirmA104_FirmA78_0, 0.003, 0, 0.034, 0.022, 0.003, 0, 0.003, 0.001, 0.01
Node_FirmA106_FirmA114_0, 0.034, 0, 0.236, 0.088, 0.034, 0, 0.034, 0.028, 0.018
Node_FirmA109_FirmA77_0, 0.009, 0.001, 0.02, 0.017, 0.009, 0, 0.009, 0.004, 0.016
Node_FirmA109_FirmA95_0, 0.007, 0, 0.023, 0.031, 0.007, 0, 0.007, 0.002, 0.021
Node_FirmA114_FirmA98_0, 0.009, 0, 0.039, 0.04, 0.009, 0, 0.009, 0.007, 0.014
Node_FirmA11_FirmA67_0, 0.005, 0, 0.033, 0.011, 0.005, 0, 0.005, 0.003, 0.004
Node_FirmA12_FirmA93_0, 0.355, 0.001, 0.695, 0.38, 0.334, 0, 0.355, 0.188, 0.175
Node_FirmA14_FirmA113_0, 0.022, 0.001, 0.059, 0.066, 0.022, 0, 0.022, 0.016, 0.023
Node_FirmA18_FirmA103_0, 0.004, 0, 0.016, 0.021, 0.004, 0, 0.004, 0.002, 0.012
Node_FirmA20_FirmA100_0, 0.007, 0, 0.036, 0.029, 0.007, 0, 0.007, 0.003, 0.016
Node_FirmA20_FirmA24_0, 0.196, 0.009, 0.624, 0.272, 0.179, 0, 0.196, 0.137, 0.051
Node_FirmA20_FirmA25_0, 0.074, 0, 0.188, 0.1, 0.071, 0, 0.074, 0.072, 0.011
Node_FirmA20_FirmA38_0, 0.251, 0.013, 0.096, 0.144, 0.226, 0, 0.251, 0.102, 0.138
Node_FirmA20_FirmA52_0, 0.027, 0.001, 0.057, 0.055, 0.027, 0, 0.027, 0.024, 0.009
Node_FirmA21_FirmA108_0, 0.008, 0, 0.024, 0.025, 0.008, 0, 0.008, 0.003, 0.019
Node_FirmA21_FirmA47_0, 0.004, 0, 0.017, 0.021, 0.004, 0, 0.004, 0, 0.013
Node_FirmA21_FirmA88_0, 0.013, 0, 0.033, 0.031, 0.013, 0, 0.013, 0.004, 0.019
Node_FirmA24_FirmA1_0, 0.032, 0, 0.17, 0.09, 0.032, 0, 0.032, 0.03, 0.006
Node_FirmA24_FirmA8_0, 0.011, 0, 0.035, 0.03, 0.011, 0, 0.011, 0.009, 0.014
Node_FirmA25_FirmA56_0, 0.014, 0.001, 0.076, 0.056, 0.014, 0, 0.014, 0.011, 0.015
Node_FirmA26_FirmA102_0, 0.506, 0.009, 0.083, 0.21, 0.448, 0, 0.506, 0.17, 0.33
Node_FirmA26_FirmA2_0, 0.25, 0.004, 0.614, 0.288, 0.229, 0, 0.25, 0.169, 0.083
Node_FirmA26_FirmA41_0, 0.797, 0.006, 0.106, 0.185, 0.791, 0, 0.797, 0.748, 0.052
Node_FirmA26_FirmA7_0, 0.845, 0.009, 0.065, 0.365, 0.782, 0, 0.845, 0.45, 0.395
Node_FirmA27_FirmA71_0, 0.009, 0, 0.015, 0.011, 0.009, 0, 0.009, 0.003, 0.012
Node_FirmA27_FirmA89_0, 0.012, 0, 0.035, 0.016, 0.012, 0, 0.012, 0.009, 0.007
Node_FirmA28_FirmA94_0, 0.003, 0, 0.012, 0.01, 0.003, 0, 0.003, 0.002, 0.008
Node_FirmA29_FirmA51_0, 0.008, 0, 0.021, 0.028, 0.008, 0, 0.008, 0.002, 0.023
Node_FirmA38_FirmA32_0, 0.691, 0.025, 0.03, 0.293, 0.636, 0, 0.691, 0.218, 0.445
Node_FirmA43_FirmA39_0, 0.016, 0, 0.146, 0.04, 0.015, 0, 0.016, 0.01, 0.014
Node_FirmA45_FirmA40_0, 0.004, 0, 0.017, 0.025, 0.004, 0, 0.004, 0, 0.015
Node_FirmA50_FirmA70_0, 0.006, 0, 0.01, 0.011, 0.006, 0, 0.006, 0.001, 0.014
Node_FirmA52_FirmA107_0, 0.01, 0, 0.025, 0.028, 0.01, 0, 0.01, 0.004, 0.019
Node_FirmA52_FirmA42_0, 0.016, 0, 0.032, 0.031, 0.016, 0, 0.016, 0.006, 0.021
Node_FirmA53_FirmA35_0, 0.009, 0.001, 0.015, 0.015, 0.009, 0, 0.009, 0.003, 0.014
Node_FirmA55_FirmA29_0, 0.006, 0, 0.011, 0.012, 0.006, 0, 0.006, 0.001, 0.011
Node_FirmA58_FirmA43_0, 0.148, 0.002, 0.015, 0.056, 0.147, 0, 0.148, 0.024, 0.132
Node_FirmA59_FirmA36_0, 0.004, 0, 0.015, 0.013, 0.004, 0, 0.004, 0.002, 0.014
Node_FirmA59_FirmA44_0, 0.005, 0, 0.021, 0.025, 0.005, 0, 0.005, 0.002, 0.006
Node_FirmA59_FirmA48_0, 0.008, 0, 0.016, 0.026, 0.008, 0, 0.008, 0.001, 0.02
Node_FirmA60_FirmA74_0, 0.006, 0, 0.013, 0.015, 0.006, 0, 0.006, 0.001, 0.014
Node_FirmA61_FirmA66_0, 0.007, 0, 0.013, 0.016, 0.007, 0, 0.007, 0.002, 0.012
Node_FirmA62_FirmA104_0, 0.027, 0, 0.042, 0.028, 0.027, 0, 0.027, 0.024, 0.006
Node_FirmA62_FirmA58_0, 0.029, 0.001, 0.021, 0.037, 0.029, 0, 0.029, 0.017, 0.022
Node_FirmA62_FirmA6_0, 0.004, 0, 0.034, 0.021, 0.004, 0, 0.004, 0.001, 0.009
Node_FirmA63_FirmA109_0, 0.012, 0, 0.019, 0.017, 0.012, 0, 0.012, 0.008, 0.009
Node_FirmA63_FirmA10_0, 0.008, 0, 0.019, 0.021, 0.008, 0, 0.008, 0.002, 0.015
Node_FirmA63_FirmA30_0, 0.008, 0, 0.012, 0.019, 0.008, 0, 0.008, 0.005, 0.012
Node_FirmA63_FirmA45_0, 0.006, 0, 0.014, 0.016, 0.006, 0, 0.006, 0.002, 0.012
Node_FirmA63_FirmA57_0, 0.059, 0, 0.116, 0.067, 0.059, 0, 0.059, 0.048, 0.013
Node_FirmA63_FirmA99_0, 0.022, 0.001, 0.045, 0.035, 0.022, 0, 0.022, 0.019, 0.007
Node_FirmA64_FirmA33_0, 0.004, 0, 0.02, 0.021, 0.004, 0, 0.004, 0.001, 0.019
Node_FirmA65_FirmA5_0, 0.003, 0, 0.011, 0.012, 0.003, 0, 0.003, 0, 0.013
Node_FirmA65_FirmA64_0, 0.005, 0, 0.008, 0.011, 0.005, 0, 0.005, 0.002, 0.006
Node_FirmA65_FirmA69_0, 0.007, 0, 0.015, 0.014, 0.006, 0, 0.007, 0.003, 0.01
Node_FirmA65_FirmA97_0, 0.001, 0, 0.012, 0.012, 0.001, 0, 0.001, 0, 0.008
Node_FirmA67_FirmA37_0, 0.003, 0, 0.012, 0.009, 0.003, 0, 0.003, 0.001, 0.004
Node_FirmA67_FirmA50_0, 0.002, 0, 0.008, 0.013, 0.002, 0, 0.002, 0.001, 0.007
Node_FirmA67_FirmA79_0, 0.001, 0, 0.008, 0.007, 0.001, 0, 0.001, 0, 0.007
Node_FirmA67_FirmA87_0, 0.011, 0, 0.004, 0.01, 0.011, 0, 0.011, 0.003, 0.01
Node_FirmA69_FirmA28_0, 0.007, 0, 0.011, 0.012, 0.007, 0, 0.007, 0.002, 0.011
Node_FirmA69_FirmA72_0, 0.005, 0, 0.009, 0.011, 0.005, 0, 0.005, 0.003, 0.007
Node_FirmA72_FirmA73_0, 0.006, 0, 0.012, 0.011, 0.006, 0, 0.006, 0.001, 0.013
Node_FirmA7_FirmA12_0, 0.874, 0.002, 0.019, 0.203, 0.799, 0, 0.874, 0.771, 0.108
Node_FirmA7_FirmA90_0, 0.783, 0.001, 0.103, 0.171, 0.739, 0, 0.783, 0.751, 0.04
Node_FirmA80_FirmA34_0, 0.156, 0, 0.017, 0.043, 0.153, 0, 0.156, 0.036, 0.129
Node_FirmA81_FirmA14_0, 0.057, 0.002, 0.222, 0.189, 0.057, 0, 0.057, 0.054, 0.006
Node_FirmA81_FirmA19_0, 0.013, 0, 0.053, 0.04, 0.013, 0, 0.013, 0.01, 0.009
Node_FirmA81_FirmA84_0, 0.398, 0.012, 0.003, 0.037, 0.384, 0.001, 0.398, 0.099, 0.285
Node_FirmA81_FirmA92_0, 0.271, 0.004, 0.139, 0.082, 0.269, 0, 0.271, 0.26, 0.008
Node_FirmA83_FirmA11_0, 0.034, 0, 0.001, 0.002, 0.033, 0, 0.034, 0.013, 0.022
Node_FirmA83_FirmA49_0, 0.004, 0, 0.01, 0.009, 0.004, 0, 0.004, 0.001, 0.007
Node_FirmA83_FirmA55_0, 0.006, 0, 0.01, 0.012, 0.006, 0, 0.006, 0.004, 0.004
Node_FirmA83_FirmA59_0, 0.02, 0, 0.087, 0.027, 0.019, 0, 0.02, 0.017, 0.004
Node_FirmA83_FirmA65_0, 0.012, 0, 0.01, 0.012, 0.011, 0, 0.012, 0.01, 0.002
Node_FirmA83_FirmA81_0, 0.103, 0.001, 0.004, 0.008, 0.102, 0, 0.103, 0.032, 0.072
Node_FirmA83_FirmA86_0, 0.007, 0, 0.01, 0.018, 0.007, 0, 0.007, 0.002, 0.011
Node_FirmA84_FirmA111_0, 0.98, 0.007, 0.006, 0.07, 0.954, 0, 0.98, 0.393, 0.581
Node_FirmA84_FirmA16_0, 0.783, 0.004, 0.038, 0.286, 0.774, 0, 0.783, 0.743, 0.04
Node_FirmA84_FirmA20_0, 0.76, 0.008, 0.253, 0.396, 0.728, 0, 0.76, 0.724, 0.025
Node_FirmA84_FirmA26_0, 0.777, 0.007, 0.038, 0.366, 0.753, 0, 0.777, 0.724, 0.048
Node_FirmA84_FirmA46_0, 0.034, 0, 0.136, 0.085, 0.034, 0, 0.034, 0.032, 0.008
Node_FirmA84_FirmA63_0, 0.162, 0, 0.634, 0.297, 0.162, 0, 0.162, 0.155, 0.013
Node_FirmA84_FirmA9_0, 0.009, 0, 0.031, 0.027, 0.009, 0, 0.009, 0.007, 0.006
Node_FirmA85_DTU0X1_0, 0.005, 0, 0.003, 0.003, 0.005, 0, 0.005, 0.002, 0.005
Node_FirmA85_FirmA60_0, 0.005, 0, 0.014, 0.023, 0.005, 0, 0.005, 0, 0.014
Node_FirmA85_FirmC13_0, 0.003, 0, 0.01, 0.008, 0.003, 0, 0.003, 0, 0.006
Node_FirmA86_FirmA61_0, 0.008, 0, 0.016, 0.016, 0.008, 0, 0.008, 0.002, 0.017
Node_FirmA87_FirmA106_0, 0.252, 0.007, 0.022, 0.105, 0.25, 0, 0.252, 0.049, 0.204
Node_FirmA87_FirmA62_0, 0.063, 0.001, 0.008, 0.018, 0.061, 0, 0.063, 0.028, 0.037
Node_FirmA87_FirmA96_0, 0.033, 0, 0.006, 0.014, 0.032, 0, 0.033, 0.009, 0.028
Node_FirmA88_FirmA101_0, 0.002, 0, 0.019, 0.015, 0.002, 0, 0.002, 0, 0.008
Node_FirmA89_FirmA105_0, 0.014, 0, 0.02, 0.026, 0.014, 0, 0.014, 0.003, 0.023
Node_FirmA89_FirmA110_0, 0.006, 0, 0.02, 0.02, 0.006, 0, 0.006, 0.003, 0.012
Node_FirmA89_FirmA21_0, 0.027, 0, 0.004, 0.006, 0.027, 0, 0.027, 0.011, 0.019
Node_FirmA89_FirmA31_0, 0.006, 0, 0.01, 0.009, 0.006, 0, 0.006, 0.004, 0.007
Node_FirmA89_FirmA53_0, 0.009, 0, 0.046, 0.019, 0.009, 0, 0.009, 0.005, 0.011
Node_FirmA89_FirmA68_0, 0.011, 0, 0.013, 0.017, 0.011, 0, 0.011, 0, 0.018
Node_FirmA89_FirmA80_0, 0.044, 0, 0.023, 0.023, 0.044, 0, 0.044, 0.014, 0.04
Node_FirmA90_FirmA112_0, 0.082, 0, 0.717, 0.263, 0.081, 0, 0.082, 0.077, 0.016
Node_FirmA92_FirmA54_0, 0.352, 0.003, 0.044, 0.089, 0.352, 0, 0.352, 0.238, 0.122
Node_FirmA94_FirmA75_0, 0.004, 0, 0.006, 0.007, 0.004, 0, 0.004, 0.001, 0.007
Node_FirmA96_FirmA27_0, 0.04, 0, 0.018, 0.022, 0.039, 0, 0.04, 0.019, 0.025
Node_FirmA96_FirmA91_0, 0.151, 0.001, 0.013, 0.059, 0.15, 0, 0.151, 0.032, 0.123
Node_FirmA99_FirmA18_0, 0.008, 0, 0.027, 0.018, 0.008, 0, 0.008, 0.001, 0.013
Node_FirmB16_FirmB13_0, 0.012, 0, 0.017, 0.021, 0.012, 0, 0.012, 0.002, 0.021
Node_FirmB17_FirmB15_0, 0.004, 0, 0.018, 0.026, 0.004, 0, 0.004, 0.001, 0.016
Node_FirmB2_FirmB11_0, 0.996, 0, 0.031, 0.028, 0.992, 0, 0.996, 0.991, 0.025
Node_FirmB2_FirmB12_0, 1.002, 0.009, 0.072, 0.251, 0.993, 0, 1.002, 0.179, 0.83
Node_FirmB3_FirmB14_0, 0.2, 0, 0.023, 0.048, 0.199, 0, 0.2, 0.023, 0.191
Node_FirmB4_FirmB17_0, 0.006, 0, 0.016, 0.019, 0.006, 0, 0.006, 0.001, 0.015
Node_FirmB4_FirmB1_0, 0.007, 0, 0.04, 0.024, 0.007, 0, 0.007, 0.002, 0.015
Node_FirmB4_FirmB3_0, 0.032, 0, 0.01, 0.011, 0.032, 0, 0.032, 0.013, 0.023
Node_FirmB6_FirmB7_0, 0.002, 0, 0.037, 0.021, 0.002, 0, 0.002, 0.002, 0.005
Node_FirmB8_FirmB16_0, 0.008, 0, 0.021, 0.012, 0.008, 0, 0.008, 0.004, 0.01
Node_FirmB8_FirmB4_0, 0.019, 0, 0.014, 0.012, 0.019, 0, 0.019, 0.014, 0.008
Node_FirmB8_FirmB5_0, 0.002, 0, 0.016, 0.015, 0.002, 0, 0.002, 0.002, 0.01
Node_FirmB8_FirmB9_0, 0.025, 0, 0.023, 0.022, 0.025, 0, 0.025, 0.014, 0.017
Node_FirmB9_FirmB10_0, 0.431, 0.001, 0.195, 0.165, 0.372, 0, 0.431, 0.057, 0.39
Node_FirmB9_FirmB2_0, 0.235, 0.001, 0.007, 0.054, 0.221, 0, 0.235, 0.032, 0.207
Node_FirmB9_FirmB6_0, 0.034, 0, 0.014, 0.012, 0.034, 0, 0.034, 0.013, 0.023
Node_FirmC10_FirmC14_0, 0.048, 0, 0.214, 0.162, 0.047, 0, 0.048, 0.039, 0.022
Node_FirmC10_FirmC18_0, 0.24, 0.001, 0.02, 0.071, 0.239, 0, 0.24, 0.029, 0.223
Node_FirmC10_FirmC19_0, 0.036, 0, 0.027, 0.033, 0.036, 0, 0.036, 0.006, 0.042
Node_FirmC11_FirmC3_0, 0.597, 0, 0.508, 0.043, 0.596, 0, 0.597, 0.524, 0.088
Node_FirmC13_FirmB8_0, 0.031, 0, 0.002, 0.015, 0.031, 0, 0.031, 0.01, 0.022
Node_FirmC13_FirmC10_0, 0.021, 0, 0.625, 0.033, 0.021, 0, 0.021, 0.015, 0.012
Node_FirmC13_FirmC17_0, 0.005, 0, 0.028, 0.026, 0.005, 0, 0.005, 0.003, 0.012
Node_FirmC13_FirmC5_0, 0.628, 0.003, 0.007, 0.084, 0.624, 0, 0.628, 0.027, 0.601
Node_FirmC13_FirmC8_0, 0.634, 0.003, 0.018, 0.03, 0.63, 0, 0.634, 0.613, 0.021
Node_FirmC13_Firms33_0, 0.011, 0, 0.001, 0, 0.011, 0, 0.011, 0.002, 0.009
Node_FirmC15_FirmC12_0, 0.006, 0, 0.966, 0.022, 0.006, 0, 0.006, 0.004, 0.016
Node_FirmC1_FirmC4_0, 0.93, 0.001, 0.149, 0.211, 0.923, 0, 0.93, 0.901, 0.039
Node_FirmC6_FirmC16_0, 0.962, 0, 0.1, 0.034, 0.953, 0, 0.962, 0.951, 0.023
Node_FirmC6_FirmC1_0, 1.039, 0.002, 0.028, 0.032, 0.991, 0, 1.039, 1.014, 0.031
Node_FirmC8_FirmC11_0, 1.017, 0.008, 0.05, 0.091, 0.997, 0, 1.017, 0.988, 0.025
Node_FirmC8_FirmC15_0, 0.956, 0, 0.093, 0.02, 0.945, 0, 0.956, 0.937, 0.029
Node_FirmC8_FirmC6_0, 1.034, 0.03, 0.014, 0.105, 0.992, 0, 1.034, 0.683, 0.315
Node_FirmC8_FirmC7_0, 1.02, 0, 0.025, 0.032, 1, 0, 1.02, 1.005, 0.028
Node_FirmC8_FirmC9_0, 0.703, 0.004, 0.018, 0.051, 0.695, 0, 0.703, 0.622, 0.083
Node_FirmD2_FirmD3_0, 0.01, 0, 0.004, 0.013, 0.01, 0, 0.01, 0.001, 0.013
Node_FirmD4_FirmD2_0, 0.001, 0, 0.002, 0.003, 0.001, 0, 0.001, 0, 0.003
Node_FirmE4_FirmE6_0, 0.007, 0, 0.014, 0.019, 0.007, 0, 0.007, 0, 0.018
Node_FirmE5_FirmA85_0, 0.007, 0.001, 0.012, 0.011, 0.007, 0, 0.007, 0.006, 0.002
Node_FirmE5_FirmE3_0, 0.004, 0, 0.006, 0.009, 0.004, 0, 0.004, 0.001, 0.007
Node_FirmE5_FirmE4_0, 0.003, 0, 0.006, 0.006, 0.003, 0, 0.003, 0, 0.005
Node_FirmE5_FirmE7_0, 0.004, 0, 0.01, 0.012, 0.004, 0, 0.004, 0.002, 0.007
Node_FirmE7_FirmE1_0, 0.004, 0, 0.008, 0.007, 0.004, 0, 0.004, 0.001, 0.008
Node_FirmE7_FirmE2_0, 0.003, 0, 0.011, 0.015, 0.003, 0, 0.003, 0.001, 0.01
Node_FirmE7_FirmE8_0, 0.005, 0, 0.021, 0.028, 0.005, 0, 0.005, 0.002, 0.023
Node_FirmF1_FirmF2_0, 0.041, 0.001, 0.002, 0.033, 0.04, 0, 0.041, 0.016, 0.025
Node_FirmF1_FirmG6_0, 0.017, 0.001, 0.002, 0.017, 0.016, 0.001, 0.017, 0.009, 0.007
Node_FirmF2_FirmF3_0, 1.008, 0.009, 0.021, 0.493, 0.998, 0, 1.008, 0.038, 0.979
Node_FirmG5_FirmG1_0, 0.025, 0, 0.154, 0.074, 0.025, 0, 0.025, 0.023, 0.007
Node_FirmG5_FirmG2_0, 0.172, 0.003, 0.006, 0.099, 0.159, 0, 0.172, 0.052, 0.119
Node_FirmG6_FirmE5_0, 0.016, 0, 0.002, 0.004, 0.016, 0, 0.016, 0.015, 0.001
Node_FirmG6_FirmG3_0, 0.004, 0, 0.009, 0.01, 0.004, 0, 0.004, 0.004, 0.008
Node_FirmG6_FirmG4_0, 0.005, 0, 0.053, 0.023, 0.005, 0, 0.005, 0.004, 0.002
Node_FirmG6_FirmG5_0, 0.056, 0.002, 0.008, 0.025, 0.052, 0, 0.056, 0.015, 0.046
Node_Firms11_Firms17_0, 0.001, 0, 0.008, 0.007, 0.001, 0, 0.001, 0, 0.006
Node_Firms13_Firms1_0, 0.001, 0, 0.005, 0.005, 0.001, 0, 0.001, 0, 0.005
Node_Firms1_Firms10_0, 0.006, 0, 0.008, 0.01, 0.006, 0, 0.006, 0.001, 0.013
Node_Firms20_Firms12_0, 0.005, 0, 0.014, 0.015, 0.005, 0, 0.005, 0, 0.017
Node_Firms20_Firms29_0, 0.004, 0, 0.01, 0.008, 0.004, 0, 0.004, 0, 0.009
Node_Firms22_Firms27_0, 0.002, 0, 0.009, 0.006, 0.002, 0, 0.002, 0, 0.006
Node_Firms23_Firms18_0, 0.005, 0, 0.018, 0.023, 0.005, 0, 0.005, 0, 0.021
Node_Firms24_Firms26_0, 0.005, 0.001, 0.017, 0.02, 0.004, 0, 0.005, 0, 0.016
Node_Firms30_Firms31_0, 0.003, 0, 0.015, 0.022, 0.003, 0, 0.003, 0.001, 0.015
Node_Firms32_Firms25_0, 0.006, 0, 0.019, 0.018, 0.006, 0, 0.006, 0, 0.018
Node_Firms33_FirmA83_0, 0.013, 0, 0.005, 0.007, 0.013, 0, 0.013, 0.008, 0.007
Node_Firms33_FirmD1_0, 0.001, 0, 0.001, 0.001, 0.001, 0, 0.001, 0, 0.002
Node_Firms33_FirmD4_0, 0, 0, 0.014, 0.006, 0, 0, 0, 0, 0.001
Node_Firms33_Firms11_0, 0.003, 0, 0.006, 0.008, 0.003, 0, 0.003, 0.002, 0.004
Node_Firms33_Firms13_0, 0.001, 0, 0.006, 0.008, 0.001, 0, 0.001, 0, 0.005
Node_Firms33_Firms15_0, 0.002, 0, 0.001, 0.002, 0.002, 0, 0.002, 0.001, 0.002
Node_Firms33_Firms16_0, 0.001, 0, 0.004, 0.003, 0.001, 0, 0.001, 0, 0.003
Node_Firms33_Firms20_0, 0.002, 0, 0.016, 0.019, 0.002, 0, 0.002, 0, 0.014
Node_Firms33_Firms21_0, 0.004, 0, 0.006, 0.007, 0.004, 0, 0.004, 0, 0.009
Node_Firms33_Firms22_0, 0.005, 0, 0.003, 0.003, 0.005, 0, 0.005, 0.001, 0.005
Node_Firms33_Firms23_0, 0.002, 0, 0.024, 0.022, 0.002, 0, 0.002, 0, 0.019
Node_Firms33_Firms28_0, 0.004, 0, 0.011, 0.016, 0.004, 0, 0.004, 0, 0.012
Node_Firms33_Firms2_0, 0.005, 0, 0.007, 0.008, 0.005, 0, 0.005, 0.003, 0.008
Node_Firms33_Firms30_0, 0.003, 0, 0.006, 0.006, 0.003, 0, 0.003, 0, 0.007
Node_Firms33_Firms32_0, 0.007, 0.001, 0.02, 0.027, 0.006, 0, 0.007, 0.001, 0.021
Node_Firms33_Firms3_0, 0.003, 0, 0.002, 0.002, 0.003, 0, 0.003, 0.001, 0.004
Node_Firms33_Firms5_0, 0.001, 0, 0.007, 0.009, 0.001, 0, 0.001, 0, 0.006
Node_Firms33_Firms6_0, 0.002, 0, 0.003, 0.004, 0.002, 0, 0.002, 0.001, 0.002
Node_Firms33_Firms7_0, 0.002, 0, 0.002, 0.004, 0.002, 0, 0.002, 0.002, 0.001
Node_Firms33_Firms8_0, 0.003, 0, 0.002, 0.002, 0.003, 0, 0.003, 0.001, 0.004
Node_Firms33_Firms9_0, 0.003, 0, 0.013, 0.011, 0.003, 0, 0.003, 0, 0.013
Node_Firms8_Firms24_0, 0.005, 0, 0.005, 0.009, 0.005, 0, 0.005, 0.002, 0.005
Node_Firms8_Firms4_0, 0.005, 0, 0.007, 0.006, 0.005, 0, 0.005, 0, 0.009
Node_Gemm2_Gemm4_0, 0.251, 0.002, 0.025, 0.085, 0.249, 0, 0.251, 0.052, 0.216
Node_Gemm3_Gemm6_0, 0.007, 0, 0.024, 0.027, 0.007, 0, 0.007, 0.003, 0.019
Node_Gemm5_Gemm8_0, 0.001, 0, 0.003, 0.006, 0.001, 0, 0.001, 0, 0.004
Node_Gemm5_Gemm9_0, 0.013, 0, 0.003, 0.009, 0.013, 0, 0.013, 0.001, 0.015
Node_Gemm9_Gemm2_0, 0.058, 0.002, 0.01, 0.028, 0.057, 0, 0.058, 0.008, 0.053
Node_Gemm9_Gemm3_0, 0.012, 0, 0.022, 0.022, 0.012, 0, 0.012, 0.003, 0.021
Node_Gemm9_Gemm7_0, 0.013, 0, 0.06, 0.035, 0.013, 0, 0.013, 0.008, 0.015
Node_Gold1_FCPU1_0, 0.005, 0, 0.038, 0.02, 0.005, 0, 0.005, 0.004, 0.003
Node_Gold1_Fire1_0, 0.04, 0.001, 0.017, 0.03, 0.039, 0, 0.04, 0.027, 0.011
Node_Gold1_Gold2_0, 0.003, 0, 0.016, 0.017, 0.003, 0, 0.003, 0, 0.014
Node_Hydr2_Abys1_0, 0.011, 0, 0.032, 0.026, 0.011, 0, 0.011, 0.011, 0.003
Node_Hydr2_Hydr1_0, 0.011, 0, 0.021, 0.027, 0.011, 0, 0.011, 0.007, 0.021
Node_Hydr2_Plan43_0, 0.221, 0.01, 0.05, 0.191, 0.209, 0.004, 0.221, 0.197, 0.006
Node_Hydr2_Sume1_0, 0.04, 0, 0.183, 0.087, 0.04, 0, 0.04, 0.04, 0.002
Node_KSB1X2_KSB1X4_0, 0.007, 0, 0.014, 0.015, 0.007, 0, 0.007, 0.002, 0.014
Node_KSB1X3_KSB1X1_0, 0.006, 0, 0.01, 0.012, 0.006, 0, 0.006, 0, 0.015
Node_Late1_Late3_0, 0.006, 0, 0.002, 0.004, 0.006, 0, 0.006, 0, 0.008
Node_Late2_Late1_0, 0, 0, 0.003, 0.005, 0, 0, 0, 0, 0.003
Node_Lind1_Lind2_0, 0.915, 0.007, 0.027, 0.596, 0.789, 0, 0.915, 0.696, 0.222
Node_Lind1_Lind4_0, 0.713, 0.011, 0.066, 0.406, 0.702, 0.001, 0.713, 0.696, 0
Node_Marg1_Marg2_0, 0.002, 0, 0.001, 0, 0.002, 0, 0.002, 0.002, 0
Node_Marg1_Marg6_0, 0.001, 0, 0.007, 0.011, 0.001, 0, 0.001, 0, 0.006
Node_Marg2_Marg7_0, 0.003, 0.001, 0.009, 0.009, 0.003, 0, 0.003, 0.001, 0.009
Node_Mari3_Mari2_0, 0.004, 0, 0.021, 0.006, 0.004, 0, 0.004, 0.002, 0.004
Node_Mari3_Mari6_0, 0.021, 0, 0.021, 0.015, 0.021, 0, 0.021, 0.007, 0.018
Node_Mari6_Mari1_0, 0.013, 0, 0.106, 0.049, 0.013, 0, 0.013, 0.007, 0.023
Node_Mari6_Mari5_0, 0.096, 0.001, 0.005, 0.057, 0.094, 0, 0.096, 0.02, 0.079
Node_Meth2_Meth1_0, 0.003, 0, 0.027, 0.026, 0.003, 0, 0.003, 0, 0.025
Node_Meth4_Meth3_0, 0.007, 0, 0.027, 0.025, 0.007, 0, 0.007, 0.001, 0.021
Node_Meth5_Meth2_0, 0.005, 0, 0.015, 0.018, 0.005, 0, 0.005, 0.003, 0.009
Node_Meth5_Meth4_0, 0.013, 0, 0.019, 0.033, 0.013, 0, 0.013, 0.001, 0.027
Node_Meth5_NitsA1_0, 0.098, 0, 0.13, 0.088, 0.097, 0, 0.098, 0.094, 0.007
Node_Meth5_SZUA1_0, 0.011, 0, 0.012, 0.008, 0.011, 0, 0.011, 0.008, 0.005
Node_Meth5_Sche1_0, 0.018, 0, 0.086, 0.045, 0.018, 0, 0.018, 0.014, 0.006
Node_MyxA1_MyxA2_0, 0.023, 0, 0.059, 0.063, 0.023, 0, 0.023, 0.018, 0.013
Node_MyxA1_MyxA4_0, 0.069, 0, 0.599, 0.18, 0.068, 0, 0.069, 0.068, 0.003
Node_MyxA2_MyxA3_0, 0.015, 0, 0.032, 0.035, 0.015, 0, 0.015, 0.008, 0.024
Node_Myxo10_Bdell6_0, 0.663, 0.018, 0.041, 0.149, 0.635, 0, 0.663, 0.62, 0.011
Node_Myxo10_MyxA1_0, 0.665, 0.017, 0.048, 0.132, 0.628, 0, 0.665, 0.604, 0.033
Node_Myxo10_Myxo11_0, 0.782, 0.02, 0.018, 0.142, 0.693, 0, 0.782, 0.633, 0.115
Node_Myxo10_Myxo14_0, 0.466, 0.004, 0.423, 0.253, 0.413, 0, 0.466, 0.363, 0.103
Node_Myxo10_Myxo15_0, 0.166, 0.001, 0.088, 0.1, 0.159, 0, 0.166, 0.096, 0.076
Node_Myxo10_Myxo17_0, 0.177, 0.002, 0.357, 0.229, 0.163, 0, 0.177, 0.119, 0.066
Node_Myxo11_Bdell13_0, 0.842, 0.024, 0.091, 0.131, 0.767, 0, 0.842, 0.679, 0.127
Node_Myxo11_Myxo13_0, 1.02, 0.019, 0.06, 0.843, 1, 0, 1.02, 0.684, 0.322
Node_Myxo11_Myxo8_0, 0.739, 0.011, 0.166, 0.645, 0.706, 0, 0.739, 0.681, 0.052
Node_Myxo14_Myxo2_0, 0.298, 0.002, 0.189, 0.143, 0.283, 0, 0.298, 0.258, 0.038
Node_Myxo14_Myxo3_0, 0.602, 0.012, 0.075, 0.277, 0.507, 0, 0.602, 0.394, 0.199
Node_Myxo14_Myxo5_0, 0.185, 0, 0.186, 0.154, 0.174, 0, 0.185, 0.119, 0.073
Node_Myxo14_Myxo6_0, 0.44, 0.001, 0.077, 0.103, 0.393, 0, 0.44, 0.119, 0.331
Node_Myxo14_Myxo9_0, 0.447, 0.001, 0.212, 0.244, 0.391, 0, 0.447, 0.392, 0.056
Node_Myxo15_Myxo18_0, 0.49, 0.003, 0.029, 0.133, 0.432, 0, 0.49, 0.151, 0.35
Node_Myxo17_Myxo19_0, 1.016, 0.006, 0.149, 0.215, 0.999, 0, 1.016, 0.048, 0.982
Node_Myxo2_Myxo1_0, 0.33, 0, 0.099, 0.101, 0.327, 0, 0.33, 0.208, 0.131
Node_Myxo8_Myxo7_0, 0.411, 0.001, 0.588, 0.451, 0.349, 0, 0.411, 0.166, 0.259
Node_Nitr10_Nitr3_0, 1.01, 0.003, 0.03, 0.03, 1, 0, 1.01, 0.998, 0.022
Node_Nitr10_Nitr4_0, 1.015, 0.011, 0.023, 0.074, 0.999, 0, 1.015, 0.188, 0.834
Node_Nitr10_Nitr6_0, 1.004, 0, 0.026, 0.022, 1, 0, 1.004, 1.001, 0.02
Node_Nitr14_CG294X1_0, 0.072, 0.002, 0.153, 0.085, 0.072, 0, 0.072, 0.069, 0.002
Node_Nitr14_Meth5_0, 0.221, 0, 0.567, 0.266, 0.219, 0, 0.221, 0.219, 0.004
Node_Nitr14_Nitr12_0, 0.006, 0, 0.014, 0.017, 0.006, 0, 0.006, 0, 0.016
Node_Nitr14_Nitr13_0, 0.004, 0, 0.011, 0.014, 0.004, 0, 0.004, 0.001, 0.011
Node_Nitr14_Nitr15_0, 0.034, 0.001, 0.049, 0.05, 0.034, 0, 0.034, 0.026, 0.01
Node_Nitr14_Nitr16_0, 0.004, 0, 0.009, 0.006, 0.004, 0, 0.004, 0, 0.009
Node_Nitr14_Nitr2_0, 0.004, 0, 0.012, 0.016, 0.004, 0, 0.004, 0.002, 0.008
Node_Nitr14_Nitr9_0, 0.008, 0, 0.028, 0.017, 0.008, 0, 0.008, 0.007, 0.002
Node_Nitr15_Nitr10_0, 0.193, 0, 0.008, 0.018, 0.191, 0, 0.193, 0.044, 0.154
Node_Nitr15_Nitr1_0, 0.044, 0, 0.017, 0.015, 0.044, 0, 0.044, 0.02, 0.027
Node_Nitr15_Nitr8_0, 0.047, 0.001, 0.031, 0.019, 0.046, 0, 0.047, 0.015, 0.033
Node_Nitr16_Nitr11_0, 0.002, 0, 0.015, 0.013, 0.002, 0, 0.002, 0, 0.011
Node_Nitr16_Nitr17_0, 0.006, 0, 0.012, 0.011, 0.006, 0, 0.006, 0, 0.014
Node_Nitr17_Nitr5_0, 0.003, 0.001, 0.03, 0.037, 0.003, 0, 0.003, 0, 0.026
Node_Nitr9_Nitr7_0, 0.002, 0, 0.014, 0.014, 0.002, 0, 0.002, 0.001, 0.008
Node_Nits1_Nits3_0, 1.005, 0.002, 0.025, 0.04, 0.996, 0, 1.005, 0.201, 0.822
Node_Nits4_Nits2_0, 0.005, 0, 0.066, 0.011, 0.005, 0, 0.005, 0.001, 0.008
Node_NitsA1_NitsA2_0, 0.011, 0, 0.072, 0.034, 0.011, 0, 0.011, 0.003, 0.024
Node_NitsA1_NitsA3_0, 0.059, 0, 0.047, 0.049, 0.058, 0, 0.059, 0.054, 0.008
Node_NitsA3_Nits1_0, 0.206, 0.001, 0.01, 0.017, 0.204, 0, 0.206, 0.058, 0.152
Node_NitsA3_Nits4_0, 0.063, 0.001, 0.019, 0.023, 0.063, 0, 0.063, 0.045, 0.022
Node_Omni4_Omni2_0, 1.011, 0.006, 0.025, 0.353, 0.999, 0, 1.011, 0.358, 0.665
Node_Omni4_Omni3_0, 0.273, 0, 0.041, 0.113, 0.272, 0, 0.273, 0.258, 0.016
Node_Omni4_Omni7_0, 0.365, 0.001, 0.011, 0.116, 0.363, 0, 0.365, 0.263, 0.102
Node_Omni4_Omni8_0, 0.298, 0.007, 0.089, 0.194, 0.283, 0, 0.298, 0.194, 0.095
Node_Omni8_Omni6_0, 0.374, 0.005, 0.045, 0.243, 0.365, 0, 0.374, 0.255, 0.116
Node_P4572X1_Ferm1_0, 0.002, 0, 0.005, 0.003, 0.002, 0, 0.002, 0.001, 0.002
Node_P4572X1_Gemm5_0, 0, 0, 0.002, 0, 0, 0, 0, 0, 0
Node_Pate13_Pate34_0, 0.008, 0, 0.009, 0.012, 0.008, 0, 0.008, 0.004, 0.009
Node_Pate13_Pate6_0, 0.008, 0, 0.01, 0.017, 0.008, 0, 0.008, 0.003, 0.011
Node_Pate14_Pate35_0, 0.008, 0, 0.008, 0.01, 0.008, 0, 0.008, 0.004, 0.008
Node_Pate14_Pate5_0, 0.008, 0, 0.006, 0.007, 0.008, 0, 0.008, 0.005, 0.006
Node_Pate15_Pate29_0, 0.005, 0, 0.018, 0.025, 0.005, 0, 0.005, 0.001, 0.02
Node_Pate17_Pate18_0, 0.004, 0, 0.007, 0.006, 0.004, 0, 0.004, 0.001, 0.007
Node_Pate17_Pate19_0, 0.004, 0, 0.003, 0.003, 0.004, 0, 0.004, 0.001, 0.004
Node_Pate17_Pate8_0, 0.005, 0, 0.006, 0.005, 0.005, 0, 0.005, 0, 0.007
Node_Pate18_Pate38_0, 0.008, 0, 0.011, 0.014, 0.007, 0, 0.008, 0.001, 0.014
Node_Pate18_Pate9_0, 0.005, 0, 0.01, 0.013, 0.005, 0, 0.005, 0.002, 0.011
Node_Pate19_Pate37_0, 0.006, 0, 0.006, 0.011, 0.006, 0, 0.006, 0.001, 0.009
Node_Pate19_Pate4_0, 0.003, 0, 0.005, 0.007, 0.003, 0, 0.003, 0.002, 0.004
Node_Pate1_Pate50_0, 0.001, 0, 0.006, 0.009, 0.001, 0, 0.001, 0.001, 0.004
Node_Pate21_Pate15_0, 0.003, 0, 0.004, 0.008, 0.003, 0, 0.003, 0, 0.004
Node_Pate21_Pate26_0, 0.003, 0, 0.007, 0.01, 0.003, 0, 0.003, 0, 0.007
Node_Pate24_Pate13_0, 0.007, 0, 0.01, 0.009, 0.007, 0, 0.007, 0.001, 0.009
Node_Pate24_Pate14_0, 0.008, 0, 0.003, 0.005, 0.008, 0, 0.008, 0.002, 0.008
Node_Pate24_Pate39_0, 0.003, 0, 0.009, 0.009, 0.003, 0, 0.003, 0, 0.006
Node_Pate24_Pate54_0, 0.006, 0, 0.014, 0.017, 0.005, 0, 0.006, 0, 0.013
Node_Pate25_Pate17_0, 0.003, 0, 0.002, 0.003, 0.003, 0, 0.003, 0, 0.005
Node_Pate25_Pate28_0, 0.004, 0, 0.005, 0.007, 0.004, 0, 0.004, 0.001, 0.006
Node_Pate25_Pate32_0, 0, 0, 0.003, 0.003, 0, 0, 0, 0, 0.003
Node_Pate26_Pate12_0, 0.004, 0, 0.006, 0.007, 0.004, 0, 0.004, 0.001, 0.007
Node_Pate40_Pate24_0, 0.003, 0, 0.006, 0.006, 0.003, 0, 0.003, 0.001, 0.006
Node_Pate40_Pate55_0, 0, 0, 0.006, 0.006, 0, 0, 0, 0, 0.003
Node_Pate40_Pate7_0, 0.003, 0, 0.003, 0.006, 0.003, 0, 0.003, 0.002, 0.004
Node_Pate43_Pate22_0, 0.004, 0, 0.002, 0.001, 0.004, 0, 0.004, 0.002, 0.003
Node_Pate43_Pate3_0, 0.004, 0, 0.005, 0.003, 0.004, 0, 0.004, 0.001, 0.005
Node_Pate43_Pate44_0, 0.003, 0, 0.007, 0.005, 0.003, 0, 0.003, 0.001, 0.006
Node_Pate43_Pate45_0, 0.003, 0, 0.002, 0.004, 0.003, 0, 0.003, 0.002, 0.002
Node_Pate43_Pate57_0, 0.001, 0, 0.008, 0.009, 0.001, 0, 0.001, 0, 0.006
Node_Pate44_Pate10_0, 0.006, 0, 0.006, 0.01, 0.006, 0, 0.006, 0.001, 0.01
Node_Pate44_Pate52_0, 0.002, 0, 0.005, 0.004, 0.002, 0, 0.002, 0, 0.004
Node_Pate45_Pate11_0, 0.003, 0, 0.007, 0.009, 0.003, 0, 0.003, 0.001, 0.007
Node_Pate45_Pate21_0, 0.003, 0, 0.003, 0.004, 0.003, 0, 0.003, 0.001, 0.003
Node_Pate46_Pate25_0, 0, 0, 0.001, 0.001, 0, 0, 0, 0, 0
Node_Pate48_Chlo30_0, 0.001, 0, 0.006, 0.003, 0.001, 0, 0.001, 0.001, 0
Node_Pate48_Pate1_0, 0.003, 0, 0.001, 0.003, 0.003, 0, 0.003, 0, 0.004
Node_Pate48_Pate23_0, 0, 0, 0.002, 0.005, 0, 0, 0, 0, 0.001
Node_Pate48_Pate30_0, 0.004, 0, 0.002, 0.004, 0.004, 0, 0.004, 0.002, 0.004
Node_Pate48_Pate40_0, 0.002, 0, 0.002, 0.002, 0.002, 0, 0.002, 0.002, 0.001
Node_Pate48_Pate43_0, 0.003, 0, 0.002, 0.004, 0.003, 0, 0.003, 0, 0.004
Node_Pate48_Pate46_0, 0.001, 0, 0.001, 0.003, 0.001, 0, 0.001, 0, 0.002
Node_Pate48_Pate49_0, 0.001, 0, 0.004, 0.004, 0.001, 0, 0.001, 0, 0.002
Node_Pate48_Pate51_0, 0.004, 0, 0.002, 0.002, 0.004, 0, 0.004, 0, 0.005
Node_Pate48_Pate56_0, 0, 0, 0.004, 0.005, 0, 0, 0, 0, 0
Node_Pate49_Pate41_0, 0.003, 0.001, 0.007, 0.008, 0.003, 0, 0.003, 0, 0.008
Node_Pate51_Pate27_0, 0.016, 0, 0.019, 0.021, 0.016, 0, 0.016, 0.001, 0.031
Node_Pate51_Pate33_0, 0.002, 0, 0.006, 0.008, 0.002, 0, 0.002, 0.001, 0.004
Node_Pate51_Pate53_0, 0.004, 0, 0.011, 0.016, 0.004, 0, 0.004, 0, 0.013
Node_Pate54_Pate31_0, 0.004, 0, 0.014, 0.013, 0.004, 0, 0.004, 0, 0.012
Node_Pate9_Pate36_0, 0.003, 0, 0.011, 0.018, 0.003, 0, 0.003, 0.003, 0.009
Node_Plan17_Plan23_0, 0.004, 0, 0.016, 0.021, 0.004, 0, 0.004, 0.001, 0.016
Node_Plan22_Plan2_0, 0.25, 0.001, 0.202, 0.099, 0.246, 0, 0.25, 0.057, 0.208
Node_Plan22_Plan4_0, 0.243, 0.002, 0.023, 0.07, 0.233, 0, 0.243, 0.036, 0.21
Node_Plan26_Plan21_0, 0.006, 0, 0.032, 0.017, 0.006, 0, 0.006, 0.006, 0.001
Node_Plan26_Plan5_0, 0.003, 0, 0.006, 0.001, 0.003, 0, 0.003, 0.001, 0.003
Node_Plan30_Plan14_0, 0.198, 0, 0.015, 0.05, 0.197, 0, 0.198, 0.048, 0.159
Node_Plan31_Plan17_0, 0.004, 0, 0.064, 0.013, 0.004, 0, 0.004, 0.002, 0.006
Node_Plan31_Plan18_0, 0.013, 0, 0.039, 0.025, 0.013, 0, 0.013, 0.011, 0.004
Node_Plan31_Plan27_0, 0.062, 0, 0.005, 0.018, 0.06, 0, 0.062, 0.003, 0.061
Node_Plan31_Plan39_0, 0.006, 0, 0.013, 0.014, 0.006, 0, 0.006, 0.004, 0.006
Node_Plan32_Plan12_0, 0.008, 0, 0.037, 0.045, 0.008, 0, 0.008, 0.005, 0.021
Node_Plan32_Plan22_0, 0.054, 0, 0.023, 0.035, 0.053, 0, 0.054, 0.019, 0.04
Node_Plan32_Plan26_0, 0.037, 0, 0.056, 0.041, 0.037, 0, 0.037, 0.03, 0.009
Node_Plan32_Plan30_0, 0.054, 0, 0.039, 0.023, 0.053, 0, 0.054, 0.02, 0.039
Node_Plan32_Plan3_0, 0.024, 0, 0.062, 0.048, 0.024, 0, 0.024, 0.011, 0.032
Node_Plan33_Plan44_0, 0.037, 0, 0.155, 0.088, 0.037, 0, 0.037, 0.018, 0.023
Node_Plan42_Plan40_0, 0.835, 0.011, 0.184, 0.441, 0.816, 0, 0.835, 0.774, 0.055
Node_Plan43_Plan16_0, 0.854, 0.033, 0.02, 0.588, 0.807, 0, 0.854, 0.155, 0.672
Node_Plan43_Plan31_0, 0.048, 0.002, 0.027, 0.049, 0.046, 0, 0.048, 0.035, 0.013
Node_Plan43_Plan32_0, 0.084, 0, 0.019, 0.062, 0.083, 0, 0.084, 0.033, 0.055
Node_Plan43_Plan33_0, 0.169, 0.008, 0.017, 0.111, 0.162, 0, 0.169, 0.073, 0.094
Node_Plan43_Plan42_0, 0.953, 0.016, 0.053, 0.367, 0.821, 0, 0.953, 0.799, 0.136
Node_Plan43_Plan7_0, 0.06, 0, 0.18, 0.094, 0.057, 0, 0.06, 0.057, 0.004
Node_Plan43_Verr11_0, 0.236, 0.01, 0.014, 0.178, 0.214, 0.007, 0.236, 0.205, 0.012
Node_Pori1_Pori2_0, 0.008, 0, 0.067, 0.055, 0.008, 0, 0.008, 0.006, 0.016
Node_ProtA11_ProtA32_0, 1.015, 0.004, 0.04, 0.091, 0.997, 0, 1.015, 0.742, 0.281
Node_ProtA12_ProtA44_0, 0.004, 0, 0.015, 0.013, 0.004, 0, 0.004, 0.002, 0.011
Node_ProtA12_ProtA54_0, 0.009, 0, 0.014, 0.02, 0.009, 0, 0.009, 0.003, 0.019
Node_ProtA13_ProtA24_0, 1.013, 0.018, 0.101, 0.594, 0.987, 0, 1.013, 0.57, 0.435
Node_ProtA13_ProtA61_0, 1.007, 0, 0.031, 0.026, 0.98, 0, 1.007, 0.991, 0.025
Node_ProtA13_ProtA77_0, 1.104, 0.011, 0.339, 0.454, 0.861, 0, 1.104, 0.993, 0.103
Node_ProtA13_ProtA7_0, 0.661, 0.005, 0.502, 0.564, 0.618, 0, 0.661, 0.611, 0.054
Node_ProtA15_ProtA42_0, 0.504, 0.001, 0.479, 0.063, 0.499, 0, 0.504, 0.407, 0.104
Node_ProtA15_ProtA70_0, 0.878, 0.002, 0.17, 0.107, 0.785, 0, 0.878, 0.851, 0.031
Node_ProtA16_ProtA33_0, 0.039, 0, 0.326, 0.087, 0.039, 0, 0.039, 0.025, 0.022
Node_ProtA16_ProtA66_0, 0.09, 0.001, 0.039, 0.073, 0.089, 0, 0.09, 0.013, 0.089
Node_ProtA16_ProtA69_0, 0.679, 0.003, 0.634, 0.323, 0.542, 0, 0.679, 0.568, 0.111
Node_ProtA16_ProtA8_0, 0.343, 0.002, 0.463, 0.196, 0.326, 0, 0.343, 0.22, 0.125
Node_ProtA18_ProtA10_0, 0.621, 0, 0.051, 0.037, 0.617, 0, 0.621, 0.602, 0.024
Node_ProtA18_ProtA19_0, 1.146, 0.007, 0.089, 0.09, 0.907, 0, 1.146, 1.062, 0.074
Node_ProtA18_ProtA29_0, 0.648, 0, 0.375, 0.061, 0.614, 0, 0.648, 0.635, 0.021
Node_ProtA18_ProtA53_0, 1.002, 0.001, 0.173, 0.097, 0.891, 0, 1.002, 0.981, 0.028
Node_ProtA19_ProtA14_0, 1.153, 0.032, 0.056, 0.16, 0.988, 0, 1.153, 1.012, 0.086
Node_ProtA19_ProtA20_0, 0.976, 0.014, 0.258, 0.09, 0.772, 0, 0.976, 0.88, 0.074
Node_ProtA19_ProtA3_0, 1.244, 0.151, 0.109, 0.244, 0.936, 0, 1.244, 0.902, 0.049
Node_ProtA19_ProtA46_0, 0.495, 0.005, 0.081, 0.211, 0.487, 0, 0.495, 0.437, 0.069
Node_ProtA19_ProtA49_0, 0.594, 0.002, 0.044, 0.2, 0.593, 0, 0.594, 0.472, 0.141
Node_ProtA19_ProtA56_0, 0.608, 0.058, 0.7, 0.223, 0.528, 0, 0.608, 0.263, 0.274
Node_ProtA19_ProtA68_0, 0.742, 0.03, 0.647, 1.51, 0.694, 0, 0.742, 0.6, 0.115
Node_ProtA19_ProtA74_0, 0.502, 0, 0.272, 0.328, 0.49, 0, 0.502, 0.484, 0.032
Node_ProtA19_ProtA75_0, 1.091, 0.035, 0.022, 0.202, 0.965, 0, 1.091, 0.58, 0.47
Node_ProtA20_ProtA11_0, 0.77, 0.002, 0.254, 0.126, 0.742, 0, 0.77, 0.725, 0.046
Node_ProtA20_ProtA5_0, 0.008, 0.002, 0.773, 0.054, 0.007, 0, 0.008, 0.004, 0.009
Node_ProtA26_ProtA37_0, 0.006, 0, 0.034, 0.032, 0.006, 0, 0.006, 0.004, 0.011
Node_ProtA26_ProtA45_0, 0.029, 0, 0.121, 0.043, 0.029, 0, 0.029, 0.025, 0.01
Node_ProtA27_ProtA21_0, 0.017, 0, 0.066, 0.04, 0.017, 0, 0.017, 0.016, 0.004
Node_ProtA30_ProtA35_0, 0.005, 0, 0.034, 0.025, 0.005, 0, 0.005, 0, 0.016
Node_ProtA34_Acid38_0, 0.795, 0.015, 0.039, 0.32, 0.78, 0.028, 0.795, 0.765, 0.009
Node_ProtA34_Chry1_0, 0.782, 0.015, 0.053, 0.351, 0.764, 0.011, 0.782, 0.751, 0.003
Node_ProtA34_DesuB4_0, 0.871, 0.033, 0.097, 0.27, 0.825, 0, 0.871, 0.812, 0.003
Node_ProtA34_DesuC2_0, 0.785, 0.008, 0.105, 0.309, 0.75, 0, 0.785, 0.761, 0.011
Node_ProtA34_J088X1_0, 0.179, 0.002, 0.61, 0.212, 0.174, 0, 0.179, 0.178, 0.002
Node_ProtA34_Nitr14_0, 0.784, 0.013, 0.064, 0.335, 0.761, 0.029, 0.784, 0.751, 0.011
Node_ProtA34_ProtA13_0, 1.329, 0.078, 0.116, 0.343, 0.943, 0, 1.329, 1.024, 0.168
Node_ProtA34_ProtA16_0, 1.199, 0.018, 0.17, 0.235, 0.899, 0, 1.199, 1.047, 0.125
Node_ProtA34_ProtA18_0, 1.154, 0.076, 0.017, 0.742, 0.908, 0.005, 1.154, 0.403, 0.667
Node_ProtA34_ProtA26_0, 0.14, 0.002, 0.01, 0.072, 0.134, 0, 0.14, 0.062, 0.08
Node_ProtA34_ProtA38_0, 1.226, 0.038, 0.054, 0.291, 0.937, 0, 1.226, 1.069, 0.088
Node_ProtA34_ProtA39_0, 0.423, 0.007, 0.007, 0.261, 0.4, 0.001, 0.423, 0.14, 0.282
Node_ProtA34_ProtA40_0, 1.459, 0.032, 0.113, 0.267, 0.989, 0, 1.459, 1.201, 0.211
Node_ProtA34_ProtA43_0, 1.034, 0.006, 0.836, 0.315, 1, 0, 1.034, 0.628, 0.405
Node_ProtA34_ProtA9_0, 0.068, 0.002, 0.011, 0.048, 0.064, 0, 0.068, 0.035, 0.033
Node_ProtA34_ProtG30_0, 0.118, 0.002, 0.069, 0.106, 0.115, 0, 0.118, 0.109, 0.006
Node_ProtA34_ProtM1_0, 0.061, 0.001, 0.061, 0.067, 0.061, 0, 0.061, 0.057, 0.003
Node_ProtA34_SAR3X2_0, 0.807, 0.012, 0.035, 0.398, 0.787, 0.024, 0.807, 0.768, 0.022
Node_ProtA34_SM23X1_0, 0.806, 0.015, 0.028, 0.364, 0.786, 0.049, 0.806, 0.78, 0
Node_ProtA34_Spir10_0, 0.77, 0.019, 0.004, 0.285, 0.752, 0.512, 0.77, 0.737, 0
Node_ProtA34_UBA2X1_0, 0.932, 0.032, 0.018, 0.519, 0.886, 0.052, 0.932, 0.82, 0.059
Node_ProtA34_Wall1_0, 0.243, 0.005, 0.002, 0.089, 0.24, 0.24, 0.243, 0.236, 0
Node_ProtA34_mitoFungi_0, 0.044, 0, 0.023, 0.036, 0.044, 0, 0.044, 0.04, 0.006
Node_ProtA38_ProtA15_0, 1.015, 0.008, 0.278, 0.176, 0.836, 0, 1.015, 0.948, 0.059
Node_ProtA38_ProtA41_0, 0.465, 0, 0.269, 0.155, 0.45, 0, 0.465, 0.371, 0.103
Node_ProtA38_ProtA64_0, 0.631, 0.006, 0.565, 0.209, 0.527, 0, 0.631, 0.461, 0.175
Node_ProtA39_ProtA12_0, 0.008, 0, 0.021, 0.019, 0.008, 0, 0.008, 0.005, 0.006
Node_ProtA39_ProtA27_0, 0.079, 0, 0.347, 0.12, 0.078, 0, 0.079, 0.077, 0.003
Node_ProtA39_ProtA30_0, 0.023, 0, 0.071, 0.045, 0.023, 0, 0.023, 0.019, 0.015
Node_ProtA39_ProtA36_0, 0.002, 0, 0.015, 0.012, 0.002, 0, 0.002, 0, 0.009
Node_ProtA3_ProtA72_0, 0.234, 0, 1.229, 0.259, 0.22, 0, 0.234, 0.069, 0.178
Node_ProtA3_ProtA76_0, 1.285, 0.082, 0.123, 0.154, 0.926, 0, 1.285, 1.063, 0.082
Node_ProtA40_ProtA67_0, 1.408, 0.095, 0.363, 0.45, 0.893, 0, 1.408, 1.031, 0.217
Node_ProtA46_ProtA55_0, 0.043, 0, 0.473, 0.128, 0.043, 0, 0.043, 0.036, 0.021
Node_ProtA47_ProtA63_0, 2.645, 0.078, 0.331, 0.699, 1, 0, 2.645, 2.296, 0.222
Node_ProtA53_ProtA58_0, 1.063, 0.001, 0.058, 0.062, 0.897, 0, 1.063, 0.949, 0.118
Node_ProtA56_ProtA52_0, 0.538, 0.007, 0.228, 0.362, 0.49, 0, 0.538, 0.389, 0.151
Node_ProtA68_ProtA2_0, 0.716, 0.007, 0.159, 0.444, 0.679, 0, 0.716, 0.595, 0.126
Node_ProtA69_ProtA50_0, 0.72, 0.003, 0.143, 0.249, 0.579, 0, 0.72, 0.543, 0.181
Node_ProtA70_ProtA57_0, 0.526, 0.002, 0.42, 0.103, 0.526, 0, 0.526, 0.464, 0.066
Node_ProtA76_ProtA47_0, 2.676, 0.249, 0.054, 0.407, 1, 0, 2.676, 1.628, 0.581
Node_ProtA76_ProtA48_0, 1.9, 0.325, 0.056, 0.271, 0.988, 0, 1.9, 1.012, 0.346
Node_ProtA76_ProtA62_0, 2.307, 0.002, 0.457, 0.561, 1, 0, 2.307, 2.23, 0.086
Node_ProtA76_ProtA71_0, 1.675, 0.007, 0.962, 0.523, 1, 0, 1.675, 1.353, 0.323
Node_ProtA77_ProtA31_0, 1.117, 0.006, 0.155, 0.359, 0.828, 0, 1.117, 0.956, 0.162
Node_ProtA77_ProtA51_0, 0.814, 0.003, 0.383, 0.391, 0.776, 0, 0.814, 0.751, 0.077
Node_ProtA9_ProtA60_0, 0.012, 0, 0.058, 0.022, 0.011, 0, 0.012, 0.011, 0.002
Node_ProtG12_ProtG5_0, 0.017, 0.001, 0.086, 0.057, 0.017, 0, 0.017, 0.014, 0.015
Node_ProtG16_ProtG17_0, 0.01, 0, 0.017, 0.016, 0.009, 0, 0.01, 0.004, 0.015
Node_ProtG18_ProtG10_0, 0.276, 0.027, 0.009, 0.07, 0.248, 0, 0.276, 0.042, 0.208
Node_ProtG18_ProtG12_0, 0.087, 0.002, 0.237, 0.088, 0.086, 0, 0.087, 0.05, 0.046
Node_ProtG18_ProtG14_0, 0.05, 0, 0.011, 0.025, 0.049, 0, 0.05, 0.01, 0.046
Node_ProtG18_ProtG21_0, 0.153, 0.004, 0.048, 0.154, 0.152, 0, 0.153, 0.052, 0.11
Node_ProtG24_ProtG18_0, 0.015, 0, 0.02, 0.013, 0.015, 0, 0.015, 0.006, 0.012
Node_ProtG25_ProtG9_0, 0.182, 0, 0.013, 0.015, 0.182, 0, 0.182, 0.032, 0.155
Node_ProtG29_ProtG76_0, 0.008, 0, 0.028, 0.029, 0.008, 0, 0.008, 0.005, 0.019
Node_ProtG30_ProtG19_0, 0.017, 0, 0.106, 0.064, 0.016, 0, 0.017, 0.013, 0.024
Node_ProtG30_ProtG31_0, 0.348, 0.006, 0.013, 0.143, 0.341, 0, 0.348, 0.105, 0.239
Node_ProtG30_ProtG34_0, 0.302, 0.002, 0.06, 0.086, 0.296, 0, 0.302, 0.291, 0.012
Node_ProtG30_ProtG35_0, 0.307, 0.003, 0.024, 0.081, 0.305, 0, 0.307, 0.28, 0.026
Node_ProtG30_ProtG39_0, 0.099, 0.002, 0.1, 0.085, 0.098, 0, 0.099, 0.042, 0.07
Node_ProtG30_ProtG42_0, 0.094, 0, 0.298, 0.112, 0.093, 0, 0.094, 0.067, 0.029
Node_ProtG30_ProtG49_0, 0.084, 0.005, 0.307, 0.176, 0.083, 0, 0.084, 0.079, 0.008
Node_ProtG30_ProtG50_0, 0.116, 0, 0.047, 0.077, 0.115, 0, 0.116, 0.049, 0.069
Node_ProtG30_ProtG64_0, 0.127, 0, 0.028, 0.065, 0.124, 0, 0.127, 0.047, 0.093
Node_ProtG30_ProtG71_0, 0.083, 0.001, 0.023, 0.032, 0.081, 0, 0.083, 0.054, 0.028
Node_ProtG30_ProtG80_0, 0.171, 0.004, 0.007, 0.081, 0.166, 0, 0.171, 0.076, 0.091
Node_ProtG30_ProtG84_0, 0.378, 0.008, 0.014, 0.075, 0.366, 0, 0.378, 0.294, 0.077
Node_ProtG30_ProtG85_0, 0.363, 0.005, 0.009, 0.162, 0.352, 0, 0.363, 0.159, 0.196
Node_ProtG30_ProtG87_0, 0.062, 0.003, 0.059, 0.078, 0.061, 0, 0.062, 0.031, 0.034
Node_ProtG30_ProtZ3_0, 0.077, 0.001, 0.012, 0.033, 0.076, 0, 0.077, 0.06, 0.015
Node_ProtG30_ProtZ5_0, 0.073, 0, 0.046, 0.055, 0.073, 0, 0.073, 0.072, 0.001
Node_ProtG31_ProtG16_0, 0.012, 0, 0.011, 0.016, 0.012, 0, 0.012, 0.005, 0.013
Node_ProtG31_ProtG32_0, 0.431, 0.007, 0.015, 0.08, 0.415, 0, 0.431, 0.335, 0.091
Node_ProtG31_ProtG36_0, 0.07, 0, 0.386, 0.039, 0.066, 0, 0.07, 0.067, 0.005
Node_ProtG31_ProtG44_0, 0.029, 0, 0.009, 0.017, 0.029, 0, 0.029, 0.008, 0.026
Node_ProtG31_ProtG45_0, 0.451, 0.003, 0.028, 0.057, 0.443, 0, 0.451, 0.404, 0.045
Node_ProtG31_ProtG47_0, 0.01, 0, 0.048, 0.031, 0.01, 0, 0.01, 0.003, 0.014
Node_ProtG31_ProtG61_0, 0.044, 0, 0.035, 0.043, 0.043, 0, 0.044, 0.038, 0.009
Node_ProtG32_ProtG26_0, 0.297, 0, 0.021, 0.111, 0.296, 0, 0.297, 0.078, 0.227
Node_ProtG32_ProtG33_0, 0.414, 0, 0.048, 0.094, 0.399, 0, 0.414, 0.385, 0.031
Node_ProtG32_ProtG37_0, 0.076, 0, 0.367, 0.079, 0.074, 0, 0.076, 0.053, 0.029
Node_ProtG32_ProtG43_0, 0.091, 0, 0.045, 0.056, 0.09, 0, 0.091, 0.039, 0.06
Node_ProtG33_ProtG48_0, 0.122, 0.001, 0.384, 0.089, 0.115, 0, 0.122, 0.073, 0.056
Node_ProtG33_ProtG67_0, 0.449, 0.002, 0.022, 0.066, 0.42, 0, 0.449, 0.395, 0.055
Node_ProtG33_ProtG7_0, 0.265, 0.002, 0.063, 0.088, 0.261, 0, 0.265, 0.078, 0.204
Node_ProtG35_ProtG81_0, 0.031, 0, 0.279, 0.16, 0.031, 0, 0.031, 0.031, 0.003
Node_ProtG36_ProtG20_0, 0.012, 0, 0.035, 0.029, 0.012, 0, 0.012, 0.007, 0.016
Node_ProtG36_ProtG24_0, 0.023, 0.002, 0.028, 0.035, 0.022, 0, 0.023, 0.014, 0.012
Node_ProtG36_ProtG38_0, 0.037, 0, 0.049, 0.045, 0.036, 0, 0.037, 0.028, 0.016
Node_ProtG36_ProtG65_0, 0.031, 0.001, 0.013, 0.028, 0.031, 0, 0.031, 0.015, 0.02
Node_ProtG37_ProtG41_0, 0.05, 0, 0.022, 0.034, 0.05, 0, 0.05, 0.009, 0.053
Node_ProtG37_ProtG51_0, 0.009, 0, 0.054, 0.037, 0.009, 0, 0.009, 0.005, 0.013
Node_ProtG37_ProtG53_0, 0.017, 0, 0.072, 0.035, 0.017, 0, 0.017, 0.011, 0.013
Node_ProtG37_ProtG8_0, 0.019, 0, 0.023, 0.018, 0.019, 0, 0.019, 0.005, 0.025
Node_ProtG38_ProtG28_0, 0.054, 0, 0.025, 0.038, 0.054, 0, 0.054, 0.017, 0.042
Node_ProtG38_ProtG46_0, 0.229, 0, 0.017, 0.102, 0.229, 0, 0.229, 0.045, 0.192
Node_ProtG39_ProtG15_0, 0.272, 0.002, 0.03, 0.176, 0.27, 0, 0.272, 0.081, 0.201
Node_ProtG41_ProtG40_0, 0.213, 0.003, 0.02, 0.06, 0.21, 0, 0.213, 0.043, 0.18
Node_ProtG42_ProtG74_0, 0.013, 0.001, 0.09, 0.051, 0.013, 0, 0.013, 0.01, 0.008
Node_ProtG43_ProtG55_0, 0.012, 0, 0.104, 0.042, 0.012, 0, 0.012, 0.006, 0.025
Node_ProtG44_ProtG22_0, 0.153, 0, 0.015, 0.056, 0.152, 0, 0.153, 0.025, 0.139
Node_ProtG45_ProtG66_0, 0.501, 0.001, 0.016, 0.065, 0.494, 0, 0.501, 0.444, 0.065
Node_ProtG45_ProtG75_0, 0.053, 0, 0.461, 0.101, 0.052, 0, 0.053, 0.043, 0.013
Node_ProtG47_ProtG62_0, 0.004, 0, 0.023, 0.021, 0.004, 0, 0.004, 0, 0.017
Node_ProtG48_ProtG1_0, 0.034, 0, 0.101, 0.061, 0.034, 0, 0.034, 0.029, 0.013
Node_ProtG48_ProtG25_0, 0.04, 0, 0.02, 0.016, 0.04, 0, 0.04, 0.02, 0.026
Node_ProtG48_ProtG6_0, 0.009, 0, 0.048, 0.02, 0.009, 0, 0.009, 0.001, 0.017
Node_ProtG49_ProtG29_0, 0.017, 0.001, 0.078, 0.051, 0.016, 0, 0.017, 0.014, 0.01
Node_ProtG53_ProtG27_0, 0.007, 0, 0.023, 0.021, 0.007, 0, 0.007, 0.003, 0.013
Node_ProtG53_ProtG70_0, 0.008, 0, 0.02, 0.025, 0.008, 0, 0.008, 0.002, 0.021
Node_ProtG58_ProtG59_0, 1.015, 0.008, 0.256, 0.322, 1, 0, 1.015, 0.992, 0.019
Node_ProtG59_ProtG73_0, 1.007, 0, 0.023, 0.024, 1, 0, 1.007, 1.002, 0.015
Node_ProtG61_ProtG60_0, 1.005, 0.006, 0.03, 0.389, 1, 0, 1.005, 0.16, 0.862
Node_ProtG61_ProtG72_0, 0.052, 0, 0.018, 0.023, 0.052, 0, 0.052, 0.031, 0.026
Node_ProtG61_ProtG78_0, 0.167, 0, 0.013, 0.058, 0.166, 0, 0.167, 0.045, 0.128
Node_ProtG62_ProtG77_0, 0.008, 0, 0.016, 0.018, 0.008, 0, 0.008, 0.001, 0.02
Node_ProtG65_ProtG69_0, 0.216, 0.001, 0.012, 0.064, 0.216, 0, 0.216, 0.027, 0.196
Node_ProtG66_ProtG68_0, 1.011, 0.021, 0.027, 0.495, 0.992, 0, 1.011, 0.482, 0.516
Node_ProtG67_ProtG63_0, 0.6, 0, 0.043, 0.083, 0.541, 0, 0.6, 0.412, 0.194
Node_ProtG80_ProtG57_0, 0.204, 0.001, 0.126, 0.126, 0.195, 0, 0.204, 0.06, 0.158
Node_ProtG81_ProtG79_0, 0.002, 0, 0.038, 0.042, 0.002, 0, 0.002, 0.002, 0.009
Node_ProtG83_ProtG52_0, 1.457, 0.002, 0.023, 0.043, 1, 0, 1.457, 1.359, 0.108
Node_ProtG83_ProtG89_0, 1.37, 0.038, 0.022, 0.261, 1, 0, 1.37, 1.242, 0.06
Node_ProtG84_ProtG11_0, 1.004, 0.006, 0.311, 0.369, 0.983, 0, 1.004, 0.991, 0.015
Node_ProtG84_ProtG83_0, 1.294, 0.253, 0.02, 0.627, 0.989, 0, 1.294, 0.502, 0.5
Node_ProtG84_ProtG90_0, 0.561, 0.039, 0.016, 0.145, 0.518, 0, 0.561, 0.354, 0.16
Node_ProtG85_ProtG56_0, 1.421, 0.009, 0.082, 0.157, 0.997, 0, 1.421, 1.333, 0.085
Node_ProtG85_ProtG58_0, 1.244, 0.242, 0.033, 0.572, 0.995, 0, 1.244, 0.283, 0.672
Node_ProtG85_ProtG86_0, 1.003, 0.008, 0.718, 0.472, 0.978, 0, 1.003, 0.714, 0.292
Node_ProtG85_ProtG88_0, 1.409, 0.125, 0.028, 0.171, 0.996, 0, 1.409, 1.105, 0.068
Node_ProtG85_ProtG91_0, 0.989, 0.005, 0.039, 0.381, 0.98, 0, 0.989, 0.974, 0.02
Node_ProtG86_ProtG82_0, 0.989, 0, 0.036, 0.028, 0.981, 0, 0.989, 0.975, 0.022
Node_ProtG87_ProtG3_0, 0.007, 0, 0.027, 0.025, 0.007, 0, 0.007, 0.002, 0.017
Node_ProtG87_ProtG4_0, 0.017, 0.001, 0.059, 0.034, 0.017, 0, 0.017, 0.008, 0.013
Node_ProtG89_ProtG13_0, 1.014, 0.004, 0.383, 0.118, 1, 0, 1.014, 0.997, 0.023
Node_ProtG90_ProtG54_0, 0.027, 0, 0.547, 0.168, 0.027, 0, 0.027, 0.023, 0.013
Node_ProtM1_ProtM2_0, 0.02, 0, 0.159, 0.068, 0.02, 0, 0.02, 0.016, 0.017
Node_ProtM1_ProtM3_0, 0.162, 0, 0.062, 0.104, 0.158, 0, 0.162, 0.01, 0.163
Node_ProtZ1_ProtZ4_0, 1.011, 0.004, 0.016, 0.019, 1, 0, 1.011, 0.996, 0.014
Node_ProtZ3_ProtZ1_0, 1.009, 0.008, 0.027, 0.504, 0.999, 0, 1.009, 0.119, 0.894
Node_ProtZ3_ProtZ2_0, 0.134, 0.002, 0.061, 0.089, 0.133, 0, 0.134, 0.025, 0.116
Node_SAR3X2_BMS3X1_0, 0.135, 0, 0.682, 0.265, 0.13, 0, 0.135, 0.125, 0.01
Node_SAR3X2_SAR3X1_0, 0.153, 0.001, 0.094, 0.163, 0.15, 0, 0.153, 0.047, 0.111
Node_SM23X1_AABM5X1_0, 0.009, 0, 0.013, 0.009, 0.009, 0, 0.009, 0.005, 0.008
Node_SM23X1_Aero1_0, 0.359, 0.005, 0.453, 0.356, 0.353, 0.001, 0.359, 0.353, 0
Node_SM23X1_Bact27_0, 0.014, 0, 0.007, 0.008, 0.014, 0, 0.014, 0.01, 0.006
Node_SM23X1_Caldit2_0, 0.005, 0, 0.009, 0.015, 0.005, 0, 0.005, 0.002, 0.005
Node_SM23X1_Fibr4_0, 0.015, 0, 0.005, 0.015, 0.015, 0, 0.015, 0.006, 0.014
Node_SM23X1_Hydr2_0, 0.251, 0.007, 0.12, 0.212, 0.244, 0.004, 0.251, 0.24, 0.001
Node_SM23X1_KSB1X2_0, 0.007, 0, 0.005, 0.008, 0.007, 0, 0.007, 0.004, 0.007
Node_SM23X1_KSB1X3_0, 0.001, 0, 0.01, 0.009, 0.001, 0, 0.001, 0, 0.004
Node_SM23X1_P4572X1_0, 0.005, 0, 0.004, 0.007, 0.005, 0, 0.005, 0.004, 0.001
Node_SM23X1_Pori1_0, 0.059, 0.001, 0.195, 0.097, 0.058, 0.001, 0.059, 0.057, 0.001
Node_SM23X1_RBG1_0, 0.02, 0, 0.039, 0.034, 0.019, 0, 0.02, 0.02, 0
Node_SM23X1_TA06X1_0, 0.008, 0, 0.013, 0.014, 0.008, 0, 0.008, 0.008, 0.001
Node_SM23X1_Zixi5_0, 0.006, 0, 0.003, 0.004, 0.006, 0, 0.006, 0.004, 0.004
Node_Spir10_Lind1_0, 0.767, 0.016, 0.038, 0.376, 0.746, 0.014, 0.767, 0.733, 0.005
Node_Spir10_Spir11_0, 0.482, 0.008, 0.292, 0.395, 0.469, 0, 0.482, 0.473, 0.003
Node_Spir10_Spir12_0, 0.44, 0.006, 0.059, 0.266, 0.431, 0, 0.44, 0.423, 0.011
Node_Spir10_Spir13_0, 0.453, 0.007, 0.31, 0.323, 0.432, 0, 0.453, 0.224, 0.23
Node_Spir10_Spir15_0, 0.763, 0.027, 0.047, 0.309, 0.726, 0.002, 0.763, 0.705, 0.014
Node_Spir10_Spir3_0, 0.072, 0, 0.394, 0.187, 0.07, 0, 0.072, 0.068, 0.013
Node_Spir10_Spir8_0, 0.526, 0.006, 0.026, 0.233, 0.494, 0, 0.526, 0.416, 0.106
Node_Spir13_Spir2_0, 1.021, 0.016, 0.063, 0.71, 1, 0, 1.021, 0.404, 0.615
Node_Spir15_Spir4_0, 0.863, 0.013, 0.03, 0.394, 0.76, 0, 0.863, 0.732, 0.117
Node_Spir15_Spir9_0, 1.022, 0.02, 0.336, 0.598, 0.966, 0, 1.022, 0.537, 0.475
Node_Sume1_OLB1X1_0, 0.006, 0, 0.034, 0.02, 0.006, 0, 0.006, 0.006, 0
Node_Sume1_UBP4X1_0, 0.002, 0, 0.01, 0.012, 0.002, 0, 0.002, 0, 0.006
Node_Syne1_Calda2_0, 0.003, 0, 0.006, 0.005, 0.003, 0, 0.003, 0.003, 0.001
Node_Syne1_Cyan40_0, 0.032, 0, 0.033, 0.031, 0.032, 0, 0.032, 0.032, 0
Node_Syne1_Dein5_0, 0.008, 0, 0.024, 0.013, 0.008, 0, 0.008, 0.008, 0
Node_Syne1_Syne2_0, 0.009, 0, 0.011, 0.011, 0.009, 0, 0.009, 0.002, 0.015
Node_Syne1_Syne4_0, 0.006, 0, 0.002, 0.005, 0.006, 0, 0.006, 0.001, 0.007
Node_Syne1_Syne6_0, 0.003, 0, 0.011, 0.009, 0.003, 0, 0.003, 0.001, 0.008
Node_Syne1_Syne7_0, 0.005, 0, 0.005, 0.006, 0.005, 0, 0.005, 0.001, 0.007
Node_Syne1_Syne9_0, 0.001, 0, 0.002, 0.001, 0.001, 0, 0.001, 0.001, 0
Node_Syne2_Syne8_0, 0.006, 0, 0.012, 0.015, 0.006, 0, 0.006, 0.002, 0.009
Node_Syne4_Syne5_0, 0.003, 0, 0.012, 0.012, 0.003, 0, 0.003, 0, 0.009
Node_Syne7_Syne10_0, 0.004, 0, 0.009, 0.01, 0.004, 0, 0.004, 0.001, 0.008
Node_Syne8_Syne3_0, 0.006, 0, 0.015, 0.019, 0.006, 0, 0.006, 0.001, 0.015
Node_TA06X1_Cloa1_0, 0.001, 0, 0.007, 0.003, 0.001, 0, 0.001, 0.001, 0
Node_TA06X1_Edwa1_0, 0, 0, 0.001, 0, 0, 0, 0, 0, 0
Node_TA06X1_WOR1_0, 0.001, 0, 0, 0, 0.001, 0, 0.001, 0, 0.001
Node_Therd1_Dict1_0, 0.002, 0, 0.005, 0.004, 0.002, 0, 0.002, 0.002, 0
Node_Therg2_Therg4_0, 0.006, 0, 0.016, 0.028, 0.006, 0, 0.006, 0.001, 0.02
Node_Therg3_Therg5_0, 0.003, 0, 0.011, 0.017, 0.003, 0, 0.003, 0, 0.012
Node_Therg8_Therg2_0, 0.002, 0, 0.002, 0.003, 0.002, 0, 0.002, 0.001, 0.003
Node_Therg8_Therg3_0, 0.002, 0, 0.01, 0.016, 0.002, 0, 0.002, 0, 0.01
Node_Therg8_Therg6_0, 0.002, 0, 0.007, 0.006, 0.002, 0, 0.002, 0, 0.007
Node_Thers1_Desua45_0, 0.015, 0, 0.027, 0.021, 0.015, 0, 0.015, 0.012, 0.004
Node_UBA1X2_UBA1X3_0, 0.044, 0, 0.184, 0.133, 0.044, 0, 0.044, 0.043, 0.007
Node_UBA1X2_UBA1X5_0, 0.006, 0, 0.046, 0.025, 0.006, 0, 0.006, 0.003, 0.008
Node_UBA1X5_UBA1X4_0, 0.004, 0, 0.019, 0.022, 0.004, 0, 0.004, 0.001, 0.017
Node_UBA1X6_UBA1X1_0, 0.295, 0.005, 0.062, 0.195, 0.292, 0, 0.295, 0.176, 0.131
Node_UBA1X6_UBA1X2_0, 0.221, 0.005, 0.136, 0.201, 0.217, 0, 0.221, 0.206, 0.016
Node_UBA2X1_DesuD2_0, 0.853, 0.001, 0.093, 0.073, 0.839, 0, 0.853, 0.847, 0.006
Node_UBA2X1_Desua22_0, 0.939, 0.01, 0.052, 0.25, 0.904, 0.001, 0.939, 0.873, 0.048
Node_UBA2X1_Desua28_0, 0.862, 0.004, 0.024, 0.053, 0.856, 0, 0.862, 0.83, 0.029
Node_UBA2X1_SZUA2_0, 0.011, 0, 0.855, 0.04, 0.011, 0, 0.011, 0.01, 0.004
Node_UBA6X1_Desa1_0, 0.008, 0, 0.04, 0.027, 0.008, 0, 0.008, 0.007, 0.003
Node_UBA6X1_Elus1_0, 0.002, 0, 0.01, 0.011, 0.002, 0, 0.002, 0.001, 0.004
Node_UBA6X1_Gold1_0, 0.045, 0, 0.067, 0.04, 0.045, 0, 0.045, 0.045, 0.001
Node_UBA9X1_UBA9X3_0, 0.007, 0, 0.033, 0.021, 0.007, 0, 0.007, 0.006, 0.006
Node_UBA9X3_UBA9X2_0, 0.004, 0, 0.008, 0.01, 0.004, 0, 0.004, 0.003, 0.005
Node_Verr11_Aure2_0, 0.441, 0.029, 0.034, 0.314, 0.388, 0.001, 0.441, 0.261, 0.144
Node_Verr11_Aure3_0, 0.301, 0.01, 0.034, 0.131, 0.264, 0.001, 0.301, 0.248, 0.039
Node_Verr11_Omni4_0, 0.285, 0.011, 0.016, 0.198, 0.256, 0.007, 0.285, 0.224, 0.047
Node_Verr11_Verr12_0, 1.169, 0, 0.126, 0.055, 0.985, 0, 1.169, 1.013, 0.167
Node_Verr11_Verr14_0, 1.128, 0, 0.039, 0.045, 0.978, 0, 1.128, 1.06, 0.075
Node_Verr11_Verr7_0, 0.976, 0.037, 0.176, 0.726, 0.8, 0, 0.976, 0.505, 0.421
Node_Verr11_Verr8_0, 0.694, 0.024, 0.127, 0.386, 0.558, 0, 0.694, 0.309, 0.356
Node_Verr11_Verr9_0, 1.092, 0.017, 0.174, 0.174, 0.986, 0, 1.092, 0.801, 0.273
Node_Verr3_Verr10_0, 0.403, 0.006, 0.357, 0.319, 0.391, 0, 0.403, 0.273, 0.134
Node_Verr5_Verr6_0, 0.408, 0.016, 0.331, 0.623, 0.382, 0, 0.408, 0.261, 0.137
Node_Verr7_Verr13_0, 0.91, 0.003, 0.265, 0.272, 0.773, 0, 0.91, 0.729, 0.182
Node_Verr7_Verr2_0, 1.016, 0.01, 0.198, 0.231, 0.999, 0, 1.016, 0.721, 0.294
Node_Verr7_Verr4_0, 0.99, 0.029, 0.194, 1.064, 0.772, 0, 0.99, 0.779, 0.179
Node_Verr8_Verr3_0, 0.62, 0.003, 0.082, 0.455, 0.536, 0, 0.62, 0.508, 0.113
Node_Verr8_Verr5_0, 0.586, 0.024, 0.216, 0.522, 0.495, 0, 0.586, 0.463, 0.084
Node_WOR1_WOR2_0, 0.002, 0, 0.002, 0.002, 0.002, 0, 0.002, 0, 0.003
Node_WOR1_WOR3_0, 0.001, 0, 0.02, 0.008, 0.001, 0, 0.001, 0, 0.006
Node_WOR1_WOR6_0, 0.015, 0, 0.002, 0.006, 0.015, 0, 0.015, 0.002, 0.015
Node_WOR2_WOR4_0, 0.002, 0, 0.006, 0.009, 0.002, 0, 0.002, 0.001, 0.006
Node_WOR6_WOR7_0, 0.125, 0, 0.003, 0.036, 0.125, 0, 0.125, 0.014, 0.113
Node_Wall1_Fuso2_0, 0.012, 0, 0.054, 0.033, 0.012, 0, 0.012, 0.012, 0.001
Node_Wall1_Muir1_0, 0.01, 0, 0.003, 0.005, 0.01, 0, 0.01, 0.003, 0.007
Node_Wall1_Rifl1_0, 0.006, 0, 0.008, 0.004, 0.006, 0, 0.006, 0.004, 0.002
Node_Wall1_Syne1_0, 0.065, 0.001, 0.18, 0.065, 0.064, 0.001, 0.065, 0.063, 0
Node_Zixi2_Zixi1_0, 0.001, 0, 0.006, 0.006, 0.001, 0, 0.001, 0, 0.006
Node_Zixi4_Zixi2_0, 0.001, 0, 0.012, 0.015, 0.001, 0, 0.001, 0, 0.01
Node_Zixi4_Zixi3_0, 0.006, 0, 0.012, 0.014, 0.006, 0, 0.006, 0, 0.017
Node_Zixi5_Late2_0, 0, 0, 0.008, 0.003, 0, 0, 0, 0, 0.002
Node_Zixi5_TA06A1_0, 0.003, 0, 0.002, 0.003, 0.003, 0, 0.003, 0, 0.005
Node_Zixi5_UBP14X1_0, 0, 0, 0.001, 0.001, 0, 0, 0, 0, 0.001
Node_Zixi5_Zixi4_0, 0.003, 0, 0.007, 0.011, 0.003, 0, 0.003, 0.002, 0.007
Node_chloroArabidopsis_chloroBryophyte_0, 0.004, 0, 0.022, 0.025, 0.004, 0, 0.004, 0, 0.022
Node_chloroArabidopsis_chloroChlorophyta_0, 0.004, 0, 0.01, 0.009, 0.004, 0, 0.004, 0, 0.011
Node_chloroArabidopsis_chloroLycophyte_0, 0.007, 0, 0.026, 0.037, 0.007, 0, 0.007, 0, 0.029
Node_chloroArabidopsis_chloroRedAlgae_0, 0.003, 0, 0.013, 0.015, 0.003, 0, 0.003, 0.001, 0.012
Node_mitoAnnelida_mitoChelicerate_0, 0.009, 0, 0.017, 0.021, 0.008, 0, 0.009, 0.002, 0.018
Node_mitoAnnelida_mitoMollusc_0, 0.004, 0, 0.025, 0.028, 0.004, 0, 0.004, 0.002, 0.018
Node_mitoAnnelida_mitoPriapulid_0, 0.011, 0, 0.014, 0.014, 0.011, 0, 0.011, 0.003, 0.016
Node_mitoArabidopsis_mitoLycophyte_0, 0.003, 0, 0.01, 0.011, 0.003, 0, 0.003, 0, 0.01
Node_mitoBryophyte_mitoArabidopsis_0, 0.003, 0, 0.015, 0.015, 0.003, 0, 0.003, 0.001, 0.011
Node_mitoBryophyte_mitoChlorophyta_0, 0.007, 0, 0.011, 0.009, 0.007, 0, 0.007, 0.002, 0.01
Node_mitoBryophyte_mitoExcavata_0, 0.005, 0, 0.014, 0.008, 0.005, 0, 0.005, 0.003, 0.007
Node_mitoBryophyte_mitoParamecium_0, 0.004, 0, 0.008, 0.011, 0.004, 0, 0.004, 0.002, 0.007
Node_mitoBryophyte_mitoRedAlgae_0, 0.008, 0, 0.011, 0.014, 0.008, 0, 0.008, 0.002, 0.015
Node_mitoChelicerate_mitoInsect_0, 0.013, 0, 0.014, 0.018, 0.011, 0, 0.013, 0.004, 0.018
Node_mitoFungi_mitoAnnelida_0, 0.008, 0, 0.013, 0.016, 0.008, 0, 0.008, 0.004, 0.009
Node_mitoFungi_mitoBryophyte_0, 0.012, 0, 0.042, 0.026, 0.012, 0, 0.012, 0.007, 0.01
OLB1X1, 0, 0, 0.021, 0.022, 0, 0, 0, 0, 0.015
Omni2, 1, 0, 0.031, 0.026, 1, 0, 1, 0.999, 0.02
Omni3, 0, 0.001, 0.288, 0.135, 0, 0, 0, 0, 0.014
Omni4, 1, 0, 0.027, 0.03, 1, 0, 1, 0.999, 0.016
Omni6, 1, 0.005, 0.027, 0.371, 1, 0, 1, 0.357, 0.648
Omni7, 0, 0, 0.384, 0.195, 0, 0, 0, 0, 0.019
Omni8, 0, 0.002, 0.394, 0.252, 0, 0, 0, 0, 0.018
P4572X1, 0, 0, 0.023, 0.03, 0, 0, 0, 0, 0.023
Pate1, 0, 0, 0.013, 0.014, 0, 0, 0, 0, 0.012
Pate10, 0, 0, 0.028, 0.027, 0, 0, 0, 0, 0.022
Pate11, 0, 0, 0.024, 0.03, 0, 0, 0, 0, 0.021
Pate12, 0, 0, 0.026, 0.035, 0, 0, 0, 0, 0.022
Pate13, 0, 0, 0.028, 0.032, 0, 0, 0, 0, 0.02
Pate14, 0, 0, 0.033, 0.046, 0, 0, 0, 0, 0.025
Pate15, 0, 0, 0.027, 0.03, 0, 0, 0, 0, 0.022
Pate17, 0, 0, 0.027, 0.036, 0, 0, 0, 0, 0.022
Pate18, 0, 0, 0.019, 0.023, 0, 0, 0, 0, 0.011
Pate19, 0, 0, 0.028, 0.034, 0, 0, 0, 0, 0.022
Pate21, 0, 0, 0.016, 0.021, 0, 0, 0, 0, 0.013
Pate22, 0, 0, 0.017, 0.02, 0, 0, 0, 0, 0.013
Pate23, 0, 0, 0.024, 0.027, 0, 0, 0, 0, 0.024
Pate24, 0, 0, 0.025, 0.026, 0, 0, 0, 0, 0.022
Pate25, 0, 0, 0.022, 0.028, 0, 0, 0, 0, 0.018
Pate26, 0, 0, 0.029, 0.031, 0, 0, 0, 0, 0.025
Pate27, 0, 0, 0.031, 0.029, 0, 0, 0, 0, 0.015
Pate28, 0, 0.002, 0.035, 0.039, 0, 0, 0, 0, 0.029
Pate29, 0, 0, 0.019, 0.023, 0, 0, 0, 0, 0.014
Pate3, 0, 0, 0.029, 0.03, 0, 0, 0, 0, 0.025
Pate30, 0, 0, 0.025, 0.031, 0, 0, 0, 0, 0.021
Pate31, 0, 0, 0.026, 0.032, 0, 0, 0, 0, 0.022
Pate32, 0, 0, 0.025, 0.033, 0, 0, 0, 0, 0.025
Pate33, 0, 0, 0.028, 0.036, 0, 0, 0, 0, 0.026
Pate34, 0, 0.001, 0.03, 0.029, 0, 0, 0, 0, 0.021
Pate35, 0, 0, 0.034, 0.033, 0, 0, 0, 0, 0.026
Pate36, 0, 0, 0.02, 0.024, 0, 0, 0, 0, 0.017
Pate37, 0, 0, 0.042, 0.047, 0, 0, 0, 0, 0.036
Pate38, 0, 0, 0.032, 0.035, 0, 0, 0, 0, 0.024
Pate39, 0, 0, 0.025, 0.03, 0, 0, 0, 0, 0.022
Pate4, 0, 0, 0.019, 0.022, 0, 0, 0, 0, 0.016
Pate40, 0, 0, 0.02, 0.026, 0, 0, 0, 0, 0.02
Pate41, 0, 0, 0.025, 0.028, 0, 0, 0, 0, 0.022
Pate43, 0, 0, 0.018, 0.024, 0, 0, 0, 0, 0.017
Pate44, 0, 0, 0.028, 0.032, 0, 0, 0, 0, 0.022
Pate45, 0, 0, 0.015, 0.018, 0, 0, 0, 0, 0.012
Pate46, 0, 0, 0.014, 0.015, 0, 0, 0, 0, 0.014
Pate48, 0, 0, 0.027, 0.032, 0, 0, 0, 0, 0.023
Pate49, 0, 0, 0.018, 0.021, 0, 0, 0, 0, 0.015
Pate5, 0, 0, 0.031, 0.038, 0, 0, 0, 0, 0.023
Pate50, 0, 0, 0.02, 0.023, 0, 0, 0, 0, 0.019
Pate51, 0, 0, 0.028, 0.024, 0, 0, 0, 0, 0.012
Pate52, 0, 0, 0.028, 0.036, 0, 0, 0, 0, 0.026
Pate53, 0, 0, 0.016, 0.018, 0, 0, 0, 0, 0.012
Pate54, 0, 0, 0.011, 0.009, 0, 0, 0, 0, 0.007
Pate55, 0, 0, 0.019, 0.021, 0, 0, 0, 0, 0.019
Pate56, 0, 0, 0.016, 0.018, 0, 0, 0, 0, 0.016
Pate57, 0, 0, 0.017, 0.024, 0, 0, 0, 0, 0.016
Pate6, 0, 0, 0.022, 0.026, 0, 0, 0, 0, 0.014
Pate7, 0, 0, 0.026, 0.039, 0, 0, 0, 0, 0.023
Pate8, 0, 0, 0.031, 0.034, 0, 0, 0, 0, 0.026
Pate9, 0, 0, 0.019, 0.018, 0, 0, 0, 0, 0.016
Plan12, 0, 0, 0.02, 0.024, 0, 0, 0, 0, 0.012
Plan14, 1, 0.004, 0.027, 0.169, 1, 0, 1, 0.19, 0.825
Plan16, 1, 0.008, 0.074, 0.758, 1, 0, 1, 0.796, 0.212
Plan17, 0, 0, 0.018, 0.018, 0, 0, 0, 0, 0.014
Plan18, 0, 0, 0.042, 0.047, 0, 0, 0, 0, 0.029
Plan2, 0, 0, 0.265, 0.138, 0, 0, 0, 0, 0.015
Plan21, 0, 0, 0.02, 0.021, 0, 0, 0, 0, 0.014
Plan22, 1, 0.008, 0.042, 0.217, 1, 0, 1, 0.229, 0.784
Plan23, 0, 0, 0.019, 0.023, 0, 0, 0, 0, 0.015
Plan26, 0, 0, 0.017, 0.022, 0, 0, 0, 0, 0.014
Plan27, 2, 0.002, 0.013, 0.256, 1, 0, 2, 0.062, 1.949
Plan3, 0, 0, 0.046, 0.04, 0, 0, 0, 0, 0.022
Plan30, 0, 0, 0.205, 0.043, 0, 0, 0, 0, 0.007
Plan31, 0, 0, 0.021, 0.022, 0, 0, 0, 0, 0.017
Plan32, 0, 0, 0.025, 0.023, 0, 0, 0, 0, 0.017
Plan33, 0, 0, 0.056, 0.051, 0, 0, 0, 0, 0.019
Plan39, 0, 0, 0.019, 0.018, 0, 0, 0, 0, 0.013
Plan4, 1, 0.003, 0.066, 0.325, 1, 0, 1, 0.19, 0.82
Plan40, 0, 0.001, 0.846, 0.44, 0, 0, 0, 0, 0.01
Plan42, 1, 0.008, 0.043, 0.504, 1, 0, 1, 0.809, 0.2
Plan43, 1, 0.017, 0.547, 1.431, 1, 0, 1, 0.421, 0.577
Plan44, 1, 0.005, 0.04, 0.454, 1, 0, 1, 0.018, 0.998
Plan5, 0, 0, 0.022, 0.025, 0, 0, 0, 0, 0.019
Plan7, 0, 0, 0.08, 0.062, 0, 0, 0, 0, 0.02
Pori1, 0, 0, 0.032, 0.037, 0, 0, 0, 0, 0.024
Pori2, 0, 0, 0.018, 0.018, 0, 0, 0, 0, 0.01
ProtA10, 0, 0, 0.641, 0.033, 0, 0, 0, 0, 0.02
ProtA11, 1, 0.016, 0.043, 1.121, 1, 0, 1, 0.981, 0.012
ProtA12, 0, 0, 0.026, 0.027, 0, 0, 0, 0, 0.017
ProtA13, 1, 0, 1.006, 0.048, 1, 0, 1, 0.012, 0.999
ProtA14, 1, 0.016, 0.211, 0.761, 1, 0, 1, 0.959, 0.042
ProtA15, 0, 0, 0.517, 0.041, 0, 0, 0, 0, 0.013
ProtA16, 0, 0, 0.109, 0.059, 0, 0, 0, 0, 0.019
ProtA18, 1, 0.001, 0.024, 0.075, 1, 0, 1, 0.611, 0.402
ProtA19, 0, 0, 0.604, 0.121, 0, 0, 0, 0, 0.01
ProtA2, 1, 0, 0.681, 0.274, 1, 0, 1, 0.046, 0.965
ProtA20, 0, 0, 0.025, 0.033, 0, 0, 0, 0, 0.017
ProtA21, 0, 0, 0.029, 0.025, 0, 0, 0, 0, 0.012
ProtA24, 1, 0.006, 0.042, 1.006, 1, 0, 1, 0.979, 0.023
ProtA26, 0, 0, 0.02, 0.022, 0, 0, 0, 0, 0.014
ProtA27, 0, 0, 0.033, 0.03, 0, 0, 0, 0, 0.016
ProtA29, 1, 0, 0.618, 0.094, 1, 0, 1, 0.047, 0.97
ProtA3, 0, 0, 0.252, 0.089, 0, 0, 0, 0, 0.018
ProtA30, 0, 0, 0.022, 0.023, 0, 0, 0, 0, 0.017
ProtA31, 1, 0.003, 0.739, 0.604, 1, 0, 1, 0.395, 0.619
ProtA32, 1, 0, 0.03, 0.029, 1, 0, 1, 0.996, 0.015
ProtA33, 0, 0, 0.055, 0.027, 0, 0, 0, 0, 0.016
ProtA34, 1, 0, 0.048, 0.029, 1, 0, 1, 1, 0.014
ProtA35, 0, 0, 0.018, 0.019, 0, 0, 0, 0, 0.013
ProtA36, 0, 0, 0.02, 0.024, 0, 0, 0, 0, 0.018
ProtA37, 0, 0, 0.025, 0.031, 0, 0, 0, 0, 0.019
ProtA38, 0, 0, 0.479, 0.047, 0, 0, 0, 0, 0.014
ProtA39, 0, 0, 0.011, 0.015, 0, 0, 0, 0, 0.009
ProtA40, 1, 0, 1.171, 0.343, 1, 0, 1, 0.252, 0.763
ProtA41, 1, 0, 0.049, 0.103, 1, 0, 1, 0.43, 0.584
ProtA42, 1, 0.001, 0.024, 0.068, 1, 0, 1, 0.492, 0.519
ProtA43, 1, 0, 0.049, 0.046, 1, 0, 1, 1, 0.015
ProtA44, 0, 0, 0.018, 0.016, 0, 0, 0, 0, 0.014
ProtA45, 1, 0.004, 0.05, 0.197, 1, 0, 1, 0.003, 1.017
ProtA46, 0, 0, 0.057, 0.046, 0, 0, 0, 0, 0.014
ProtA47, 4, 0.913, 0.038, 0.187, 1, 0, 4, 2.122, 0.48
ProtA48, 1, 0.011, 1.008, 1.112, 1, 0, 1, 0.904, 0.097
ProtA49, 1, 0.002, 0.013, 0.406, 1, 0, 1, 0.59, 0.417
ProtA5, 0, 0, 0.027, 0.033, 0, 0, 0, 0, 0.019
ProtA50, 1, 0, 0.435, 0.236, 1, 0, 1, 0.297, 0.715
ProtA51, 1, 0.002, 0.071, 0.341, 1, 0, 1, 0.755, 0.255
ProtA52, 1, 0.006, 0.133, 0.264, 1, 0, 1, 0.428, 0.589
ProtA53, 1, 0, 0.448, 0.13, 1, 0, 1, 0.625, 0.385
ProtA54, 0, 0, 0.022, 0.025, 0, 0, 0, 0, 0.013
ProtA55, 0, 0, 0.048, 0.039, 0, 0, 0, 0, 0.005
ProtA56, 1, 0.004, 0.457, 0.42, 1, 0, 1, 0.091, 0.915
ProtA57, 0, 0, 0.539, 0.046, 0, 0, 0, 0, 0.013
ProtA58, 1, 0, 0.659, 0.064, 1, 0, 1, 0.42, 0.596
ProtA60, 0, 0, 0.026, 0.022, 0, 0, 0, 0, 0.014
ProtA61, 1, 0, 0.038, 0.022, 1, 0, 1, 0.98, 0.031
ProtA62, 1, 0.005, 1.359, 0.569, 1, 0, 1, 0.962, 0.047
ProtA63, 1, 0, 1.657, 0.076, 1, 0, 1, 1, 0.012
ProtA64, 1, 0.003, 0.379, 0.62, 1, 0, 1, 0.266, 0.745
ProtA66, 1, 0.003, 0.024, 0.277, 1, 0, 1, 0.08, 0.931
ProtA67, 2, 0.179, 0.278, 0.6, 1, 0, 2, 1.037, 0.691
ProtA68, 1, 0.009, 0.09, 0.536, 1, 0, 1, 0.64, 0.365
ProtA69, 1, 0.004, 0.329, 0.297, 1, 0, 1, 0.41, 0.605
ProtA7, 0, 0, 0.678, 0.254, 0, 0, 0, 0, 0.017
ProtA70, 1, 0.001, 0.019, 0.066, 1, 0, 1, 0.521, 0.492
ProtA71, 2, 0.005, 0.102, 0.387, 1, 0, 2, 1.586, 0.422
ProtA72, 1, 0, 0.084, 0.195, 1, 0, 1, 0.167, 0.85
ProtA74, 0, 0, 0.51, 0.144, 0, 0, 0, 0, 0.008
ProtA75, 1, 0.023, 0.189, 1.388, 1, 0, 1, 0.919, 0.075
ProtA76, 1, 0.001, 0.692, 0.324, 1, 0, 1, 0.999, 0.016
ProtA77, 0, 0, 0.832, 0.247, 0, 0, 0, 0, 0.018
ProtA8, 1, 0.002, 0.072, 0.235, 1, 0, 1, 0.292, 0.727
ProtA9, 0, 0, 0.031, 0.036, 0, 0, 0, 0, 0.019
ProtG1, 0, 0, 0.043, 0.021, 0, 0, 0, 0, 0.009
ProtG10, 2, 0.909, 0.032, 0.454, 1, 0, 2, 0.074, 0.847
ProtG11, 0, 0.001, 1.027, 0.481, 0, 0, 0, 0, 0.022
ProtG12, 0, 0, 0.03, 0.021, 0, 0, 0, 0, 0.013
ProtG13, 1, 0, 0.024, 0.02, 1, 0, 1, 1, 0.01
ProtG14, 0, 0.001, 0.065, 0.031, 0, 0, 0, 0, 0.014
ProtG15, 0, 0.001, 0.291, 0.119, 0, 0, 0, 0, 0.018
ProtG16, 0, 0, 0.028, 0.028, 0, 0, 0, 0, 0.018
ProtG17, 0, 0, 0.031, 0.03, 0, 0, 0, 0, 0.021
ProtG18, 0, 0, 0.16, 0.066, 0, 0, 0, 0, 0.007
ProtG19, 0, 0, 0.034, 0.032, 0, 0, 0, 0, 0.017
ProtG20, 0, 0, 0.027, 0.028, 0, 0, 0, 0, 0.015
ProtG21, 1, 0.005, 0.027, 0.507, 1, 0, 1, 0.143, 0.869
ProtG22, 1, 0.004, 0.02, 0.22, 1, 0, 1, 0.148, 0.863
ProtG24, 0, 0, 0.022, 0.014, 0, 0, 0, 0, 0.007
ProtG25, 0, 0, 0.192, 0.017, 0, 0, 0, 0, 0.01
ProtG26, 1, 0.008, 0.032, 0.456, 1, 0, 1, 0.289, 0.727
ProtG27, 0, 0, 0.018, 0.019, 0, 0, 0, 0, 0.011
ProtG28, 0, 0, 0.065, 0.035, 0, 0, 0, 0, 0.011
ProtG29, 0, 0, 0.031, 0.034, 0, 0, 0, 0, 0.023
ProtG3, 0, 0, 0.023, 0.024, 0, 0, 0, 0, 0.016
ProtG30, 0, 0, 0.025, 0.024, 0, 0, 0, 0, 0.008
ProtG31, 0, 0, 0.041, 0.02, 0, 0, 0, 0, 0.012
ProtG32, 0, 0, 0.312, 0.094, 0, 0, 0, 0, 0.015
ProtG33, 1, 0.003, 0.029, 0.294, 1, 0, 1, 0.253, 0.761
ProtG34, 0, 0.001, 0.325, 0.176, 0, 0, 0, 0, 0.022
ProtG35, 0, 0.001, 0.046, 0.045, 0, 0, 0, 0, 0.014
ProtG36, 0, 0, 0.02, 0.023, 0, 0, 0, 0, 0.008
ProtG37, 0, 0, 0.02, 0.019, 0, 0, 0, 0, 0.011
ProtG38, 0, 0, 0.247, 0.026, 0, 0, 0, 0, 0.018
ProtG39, 1, 0.005, 0.022, 0.587, 1, 0, 1, 0.265, 0.745
ProtG4, 0, 0, 0.034, 0.041, 0, 0, 0, 0, 0.017
ProtG40, 1, 0.003, 0.02, 0.166, 1, 0, 1, 0.207, 0.804
ProtG41, 0, 0.001, 0.224, 0.104, 0, 0, 0, 0, 0.01
ProtG42, 0, 0, 0.03, 0.029, 0, 0, 0, 0, 0.017
ProtG43, 0, 0, 0.032, 0.029, 0, 0, 0, 0, 0.02
ProtG44, 0, 0, 0.162, 0.03, 0, 0, 0, 0, 0.009
ProtG45, 0, 0, 0.074, 0.066, 0, 0, 0, 0, 0.021
ProtG46, 1, 0.001, 0.013, 0.032, 1, 0, 1, 0.227, 0.783
ProtG47, 0, 0, 0.018, 0.019, 0, 0, 0, 0, 0.014
ProtG48, 0, 0, 0.019, 0.019, 0, 0, 0, 0, 0.01
ProtG49, 0, 0, 0.041, 0.041, 0, 0, 0, 0, 0.024
ProtG5, 0, 0, 0.031, 0.031, 0, 0, 0, 0, 0.014
ProtG50, 1, 0.006, 0.14, 0.472, 1, 0, 1, 0.003, 1.018
ProtG51, 0, 0, 0.022, 0.022, 0, 0, 0, 0, 0.013
ProtG52, 2, 0.001, 0.014, 0.068, 1, 0, 2, 1.451, 0.556
ProtG53, 0, 0, 0.027, 0.029, 0, 0, 0, 0, 0.019
ProtG54, 0, 0, 0.039, 0.029, 0, 0, 0, 0, 0.012
ProtG55, 0, 0, 0.027, 0.028, 0, 0, 0, 0, 0.015
ProtG56, 1, 0.005, 0.487, 0.361, 1, 0, 1, 0.948, 0.061
ProtG57, 0, 0, 0.217, 0.08, 0, 0, 0, 0, 0.013
ProtG58, 1, 0, 0.029, 0.021, 1, 0, 1, 0.999, 0.014
ProtG59, 1, 0, 0.019, 0.02, 1, 0, 1, 1, 0.012
ProtG6, 0, 0, 0.024, 0.021, 0, 0, 0, 0, 0.015
ProtG60, 1, 0, 0.014, 0.013, 1, 0, 1, 0.998, 0.009
ProtG61, 1, 0, 0.02, 0.018, 1, 0, 1, 0.999, 0.015
ProtG62, 0, 0, 0.025, 0.028, 0, 0, 0, 0, 0.017
ProtG63, 1, 0, 0.484, 0.107, 1, 0, 1, 0.129, 0.884
ProtG64, 1, 0.005, 0.061, 0.33, 1, 0, 1, 0.088, 0.929
ProtG65, 1, 0.003, 0.017, 0.283, 1, 0, 1, 0.213, 0.798
ProtG66, 2, 1.011, 0.051, 1.04, 1, 0, 2, 0.001, 0.029
ProtG67, 1, 0.003, 0.145, 0.145, 1, 0, 1, 0.466, 0.542
ProtG68, 1, 0.007, 0.039, 0.456, 1, 0, 1, 0.981, 0.021
ProtG69, 0, 0, 0.232, 0.108, 0, 0, 0, 0, 0.016
ProtG7, 0, 0, 0.281, 0.108, 0, 0, 0, 0, 0.016
ProtG70, 0, 0, 0.027, 0.028, 0, 0, 0, 0, 0.019
ProtG71, 0, 0, 0.099, 0.062, 0, 0, 0, 0, 0.016
ProtG72, 0, 0, 0.069, 0.033, 0, 0, 0, 0, 0.017
ProtG73, 1, 0, 0.016, 0.013, 1, 0, 1, 1, 0.009
ProtG74, 0, 0, 0.024, 0.026, 0, 0, 0, 0, 0.011
ProtG75, 2, 0.008, 0.054, 0.702, 1, 0, 2, 0.021, 1.993
ProtG76, 0, 0.001, 0.023, 0.025, 0, 0, 0, 0, 0.014
ProtG77, 0, 0, 0.018, 0.015, 0, 0, 0, 0, 0.01
ProtG78, 0, 0, 0.176, 0.054, 0, 0, 0, 0, 0.009
ProtG79, 0, 0, 0.023, 0.024, 0, 0, 0, 0, 0.021
ProtG8, 0, 0, 0.027, 0.015, 0, 0, 0, 0, 0.008
ProtG80, 2, 0.006, 0.032, 0.608, 1, 0, 2, 0.19, 1.822
ProtG81, 0, 0, 0.017, 0.022, 0, 0, 0, 0, 0.015
ProtG82, 1, 0, 0.014, 0.018, 1, 0, 1, 0.981, 0.025
ProtG83, 1, 0, 0.468, 0.044, 1, 0, 1, 1, 0.011
ProtG84, 1, 0.006, 0.048, 0.279, 1, 0, 1, 0.976, 0.038
ProtG85, 0, 0, 0.997, 0.302, 0, 0, 0, 0, 0.008
ProtG86, 0, 0, 1.003, 0.027, 0, 0, 0, 0, 0.014
ProtG87, 0, 0, 0.017, 0.017, 0, 0, 0, 0, 0.01
ProtG88, 1, 0.021, 0.699, 3.068, 1, 0, 1, 0.725, 0.269
ProtG89, 1, 0, 0.024, 0.02, 1, 0, 1, 1, 0.01
ProtG9, 1, 0, 0.018, 0.024, 1, 0, 1, 0.176, 0.836
ProtG90, 0, 0, 0.036, 0.027, 0, 0, 0, 0, 0.009
ProtG91, 1, 0.003, 0.026, 0.385, 1, 0, 1, 0.976, 0.034
ProtM1, 0, 0, 0.034, 0.025, 0, 0, 0, 0, 0.014
ProtM2, 0, 0, 0.03, 0.028, 0, 0, 0, 0, 0.01
ProtM3, 1, 0.01, 0.037, 0.56, 1, 0, 1, 0.15, 0.865
ProtZ1, 1, 0, 0.023, 0.02, 1, 0, 1, 0.999, 0.012
ProtZ2, 1, 0, 0.147, 0.07, 1, 0, 1, 0.004, 1.013
ProtZ3, 1, 0, 0.02, 0.024, 1, 0, 1, 0.999, 0.011
ProtZ4, 1, 0.005, 0.029, 1.015, 1, 0, 1, 0.994, 0.013
ProtZ5, 0, 0, 0.09, 0.072, 0, 0, 0, 0, 0.017
RBG1, 0, 0, 0.039, 0.035, 0, 0, 0, 0, 0.019
Rifl1, 0, 0, 0.022, 0.025, 0, 0, 0, 0, 0.016
SAR3X1, 1, 0.004, 0.032, 0.323, 1, 0, 1, 0.14, 0.875
SAR3X2, 0, 0, 0.169, 0.06, 0, 0, 0, 0, 0.016
SLNR1, 0, 0, 0.022, 0.024, 0, 0, 0, 0, 0.02
SM23X1, 0, 0, 0.017, 0.019, 0, 0, 0, 0, 0.016
SZUA1, 0, 0, 0.027, 0.025, 0, 0, 0, 0, 0.016
SZUA2, 0, 0, 0.031, 0.03, 0, 0, 0, 0, 0.02
Sche1, 0, 0, 0.028, 0.023, 0, 0, 0, 0, 0.01
Spir10, 0, 0, 0.085, 0.056, 0, 0, 0, 0, 0.013
Spir11, 0, 0.001, 0.505, 0.208, 0, 0, 0, 0, 0.022
Spir12, 0, 0.001, 0.457, 0.194, 0, 0, 0, 0, 0.016
Spir13, 1, 0, 0.035, 0.028, 1, 0, 1, 1, 0.014
Spir15, 1, 0, 0.07, 0.072, 1, 0, 1, 0.963, 0.048
Spir2, 1, 0, 0.035, 0.032, 1, 0, 1, 1, 0.014
Spir3, 0, 0, 0.087, 0.067, 0, 0, 0, 0, 0.015
Spir4, 2, 0.014, 0.533, 1.3, 1, 0, 2, 0.356, 1.656
Spir8, 1, 0.004, 0.207, 0.588, 1, 0, 1, 0.347, 0.677
Spir9, 1, 0.007, 0.075, 0.992, 1, 0, 1, 0.956, 0.046
Sume1, 0, 0, 0.011, 0.011, 0, 0, 0, 0, 0.009
Syne1, 0, 0, 0.019, 0.015, 0, 0, 0, 0, 0.01
Syne10, 0, 0, 0.021, 0.023, 0, 0, 0, 0, 0.017
Syne2, 0, 0, 0.014, 0.012, 0, 0, 0, 0, 0.008
Syne3, 0, 0, 0.02, 0.021, 0, 0, 0, 0, 0.014
Syne4, 0, 0, 0.014, 0.021, 0, 0, 0, 0, 0.011
Syne5, 0, 0, 0.019, 0.023, 0, 0, 0, 0, 0.016
Syne6, 0, 0, 0.017, 0.02, 0, 0, 0, 0, 0.014
Syne7, 0, 0, 0.02, 0.022, 0, 0, 0, 0, 0.016
Syne8, 0, 0, 0.025, 0.028, 0, 0, 0, 0, 0.019
Syne9, 0, 0, 0.013, 0.016, 0, 0, 0, 0, 0.012
TA06A1, 0, 0, 0.017, 0.018, 0, 0, 0, 0, 0.014
TA06X1, 0, 0, 0.02, 0.03, 0, 0, 0, 0, 0.019
Therd1, 0, 0, 0.022, 0.031, 0, 0, 0, 0, 0.02
Therg2, 0, 0, 0.017, 0.018, 0, 0, 0, 0, 0.011
Therg3, 0, 0, 0.015, 0.016, 0, 0, 0, 0, 0.012
Therg4, 0, 0, 0.018, 0.02, 0, 0, 0, 0, 0.012
Therg5, 0, 0, 0.019, 0.019, 0, 0, 0, 0, 0.016
Therg6, 0, 0, 0.014, 0.016, 0, 0, 0, 0, 0.012
Therg8, 0, 0, 0.011, 0.011, 0, 0, 0, 0, 0.009
Thers1, 1, 0, 0.021, 0.335, 1, 0, 1, 0.002, 1.006
UBA1X1, 1, 0.008, 0.032, 0.456, 1, 0, 1, 0.279, 0.729
UBA1X2, 0, 0, 0.023, 0.023, 0, 0, 0, 0, 0.017
UBA1X3, 0, 0, 0.058, 0.055, 0, 0, 0, 0, 0.014
UBA1X4, 0, 0, 0.017, 0.02, 0, 0, 0, 0, 0.013
UBA1X5, 0, 0, 0.017, 0.017, 0, 0, 0, 0, 0.013
UBA1X6, 0, 0, 0.308, 0.134, 0, 0, 0, 0, 0.013
UBA2X1, 0, 0, 0.027, 0.024, 0, 0, 0, 0, 0.016
UBA6X1, 0, 0, 0.017, 0.023, 0, 0, 0, 0, 0.015
UBA9X1, 0, 0, 0.023, 0.021, 0, 0, 0, 0, 0.016
UBA9X2, 0, 0, 0.028, 0.029, 0, 0, 0, 0, 0.024
UBA9X3, 0, 0, 0.026, 0.027, 0, 0, 0, 0, 0.022
UBP13X1, 0, 0, 0.012, 0.016, 0, 0, 0, 0, 0.01
UBP14X1, 0, 0, 0.015, 0.02, 0, 0, 0, 0, 0.015
UBP4X1, 0, 0, 0.017, 0.019, 0, 0, 0, 0, 0.015
UBP6X1, 0, 0, 0.157, 0.126, 0, 0, 0, 0, 0.027
Verr10, 1, 0.001, 0.058, 0.302, 1, 0, 1, 0.359, 0.654
Verr11, 1, 0.002, 1.005, 0.187, 1, 0, 1, 0.182, 0.834
Verr12, 1, 0.001, 0.201, 0.061, 1, 0, 1, 0.982, 0.031
Verr13, 1, 0, 0.762, 0.214, 1, 0, 1, 0.161, 0.852
Verr14, 1, 0, 1.038, 0.066, 1, 0, 1, 0.105, 0.91
Verr2, 1, 0.008, 0.042, 0.898, 1, 0, 1, 0.988, 0.018
Verr3, 0, 0, 0.413, 0.137, 0, 0, 0, 0, 0.01
Verr4, 1, 0.004, 0.756, 0.51, 1, 0, 1, 0.253, 0.762
Verr5, 0, 0.001, 0.424, 0.305, 0, 0, 0, 0, 0.015
Verr6, 1, 0.012, 0.068, 0.362, 1, 0, 1, 0.354, 0.648
Verr7, 1, 0.003, 0.03, 0.705, 1, 0, 1, 0.992, 0.011
Verr8, 1, 0.007, 0.294, 0.708, 1, 0, 1, 0.349, 0.667
Verr9, 1, 0, 0.125, 0.049, 1, 0, 1, 0.982, 0.033
WOR1, 0, 0, 0.016, 0.018, 0, 0, 0, 0, 0.015
WOR2, 0, 0, 0.024, 0.028, 0, 0, 0, 0, 0.022
WOR3, 0, 0, 0.016, 0.018, 0, 0, 0, 0, 0.015
WOR4, 0, 0, 0.015, 0.016, 0, 0, 0, 0, 0.013
WOR6, 1, 0.001, 0.02, 0.254, 1, 0, 1, 0.122, 0.894
WOR7, 0, 0, 0.132, 0.037, 0, 0, 0, 0, 0.007
Wall1, 0, 0, 0.026, 0.026, 0, 0, 0, 0, 0.016
Zixi1, 0, 0, 0.015, 0.018, 0, 0, 0, 0, 0.014
Zixi2, 0, 0, 0.013, 0.014, 0, 0, 0, 0, 0.012
Zixi3, 0, 0, 0.022, 0.022, 0, 0, 0, 0, 0.016
Zixi4, 0, 0, 0.021, 0.025, 0, 0, 0, 0, 0.015
Zixi5, 0, 0, 0.015, 0.022, 0, 0, 0, 0, 0.012
chloroArabidopsis, 0, 0, 0.019, 0.018, 0, 0, 0, 0, 0.012
chloroBryophyte, 0, 0, 0.019, 0.019, 0, 0, 0, 0, 0.015
chloroChlorophyta, 0, 0, 0.012, 0.017, 0, 0, 0, 0, 0.008
chloroLycophyte, 0, 0, 0.024, 0.022, 0, 0, 0, 0, 0.017
chloroRedAlgae, 0, 0, 0.012, 0.016, 0, 0, 0, 0, 0.009
mitoAnnelida, 0, 0, 0.023, 0.033, 0, 0, 0, 0, 0.019
mitoArabidopsis, 0, 0, 0.017, 0.019, 0, 0, 0, 0, 0.014
mitoBryophyte, 0, 0, 0.017, 0.014, 0, 0, 0, 0, 0.014
mitoChelicerate, 0, 0, 0.022, 0.018, 0, 0, 0, 0, 0.009
mitoChlorophyta, 0, 0, 0.022, 0.021, 0, 0, 0, 0, 0.015
mitoExcavata, 0, 0, 0.02, 0.02, 0, 0, 0, 0, 0.015
mitoFungi, 0, 0, 0.02, 0.022, 0, 0, 0, 0, 0.012
mitoInsect, 0, 0, 0.03, 0.032, 0, 0, 0, 0, 0.017
mitoLycophyte, 0, 0, 0.015, 0.018, 0, 0, 0, 0, 0.012
mitoMollusc, 0, 0, 0.016, 0.018, 0, 0, 0, 0, 0.012
mitoParamecium, 0, 0, 0.011, 0.013, 0, 0, 0, 0, 0.007
mitoPriapulid, 0, 0, 0.018, 0.016, 0, 0, 0, 0, 0.007
mitoRedAlgae, 0, 0, 0.024, 0.022, 0, 0, 0, 0, 0.016
