species_label, speciations, duplications, losses, transfers, presence, origination, copies, singletons, transfers_to
AABM5X1, 0, 0, 0.004, 0.004, 0, 0, 0, 0, 0.002
AABM5X2, 0, 0, 0.005, 0.005, 0, 0, 0, 0, 0.003
AABM5X3, 0, 0, 0.004, 0.004, 0, 0, 0, 0, 0.004
Abys1, 0, 0, 0.005, 0.006, 0, 0, 0, 0, 0.004
Acid1, 0, 0, 0.025, 0.009, 0, 0, 0, 0, 0.004
Acid10, 0, 0, 0.184, 0.015, 0, 0, 0, 0, 0.01
Acid11, 0, 0, 0.005, 0.005, 0, 0, 0, 0, 0.004
Acid12, 0, 0, 0.003, 0.005, 0, 0, 0, 0, 0.003
Acid13, 0, 0, 0.005, 0.006, 0, 0, 0, 0, 0.005
Acid14, 1, 0, 0.223, 0.061, 1, 0, 1, 0.969, 0.04
Acid16, 0, 0, 0.011, 0.012, 0, 0, 0, 0, 0.01
Acid17, 0, 0, 0.029, 0.026, 0, 0, 0, 0, 0.008
Acid18, 0, 0, 0.006, 0.009, 0, 0, 0, 0, 0.004
Acid2, 0, 0, 0.01, 0.011, 0, 0, 0, 0, 0.008
Acid20, 1, 0, 0.005, 0.003, 1, 0, 1, 1, 0.002
Acid21, 0, 0, 0.005, 0.006, 0, 0, 0, 0, 0.004
Acid22, 0, 0, 0.008, 0.007, 0, 0, 0, 0, 0.005
Acid23, 0, 0, 0.003, 0.004, 0, 0, 0, 0, 0.002
Acid24, 0, 0, 0.004, 0.006, 0, 0, 0, 0, 0.003
Acid25, 0, 0, 0.042, 0.005, 0, 0, 0, 0, 0.003
Acid26, 1, 0, 0.009, 0.02, 1, 0, 1, 0.187, 0.817
Acid27, 0, 0, 0.005, 0.005, 0, 0, 0, 0, 0.004
Acid28, 0, 0, 0.975, 0.012, 0, 0, 0, 0, 0.004
Acid29, 0, 0, 0.008, 0.012, 0, 0, 0, 0, 0.007
Acid3, 1, 0, 0.973, 0.237, 1, 0, 1, 0.213, 0.79
Acid30, 0, 0, 0.003, 0.003, 0, 0, 0, 0, 0.003
Acid31, 0, 0, 0.005, 0.006, 0, 0, 0, 0, 0.004
Acid32, 0, 0, 0.196, 0.009, 0, 0, 0, 0, 0.004
Acid33, 0, 0, 0.004, 0.004, 0, 0, 0, 0, 0.002
Acid34, 0, 0, 0.006, 0.008, 0, 0, 0, 0, 0.005
Acid35, 0, 0, 0.347, 0.094, 0, 0, 0, 0, 0.007
Acid36, 1, 0, 0.005, 0.005, 1, 0, 1, 1, 0.002
Acid37, 0, 0, 0.001, 0.001, 0, 0, 0, 0, 0.001
Acid38, 1, 0, 0.006, 0.004, 1, 0, 1, 1, 0.003
Acid39, 1, 0.002, 0.006, 0.365, 1, 0, 1, 0.338, 0.664
Acid4, 1, 0, 0.215, 0.046, 1, 0, 1, 0.01, 0.995
Acid40, 1, 0, 0.006, 0.003, 1, 0, 1, 1, 0.003
Acid5, 0, 0, 0.009, 0.012, 0, 0, 0, 0, 0.009
Acid6, 1, 0.001, 0.01, 0.022, 1, 0, 1, 0.965, 0.038
Acid7, 0, 0, 0.381, 0.038, 0, 0, 0, 0, 0.003
Acid8, 0, 0, 0.018, 0.014, 0, 0, 0, 0, 0.007
Acid9, 0, 0, 0.011, 0.007, 0, 0, 0, 0, 0.005
Acti10, 1, 0, 0.039, 0.077, 1, 0, 1, 0.21, 0.795
Acti11, 0, 0, 0.019, 0.012, 0, 0, 0, 0, 0.003
Acti12, 1, 0, 0.01, 0.008, 1, 0, 1, 0.999, 0.007
Acti13, 0, 0, 0.219, 0.026, 0, 0, 0, 0, 0.003
Acti14, 0, 0, 0.048, 0.034, 0, 0, 0, 0, 0.006
Acti15, 1, 0.001, 0.322, 0.283, 1, 0, 1, 0.982, 0.023
Acti16, 0, 0, 0.013, 0.012, 0, 0, 0, 0, 0.002
Acti18, 0, 0, 0.017, 0.011, 0, 0, 0, 0, 0.006
Acti19, 0, 0, 0.295, 0.017, 0, 0, 0, 0, 0.005
Acti2, 0, 0, 0.031, 0.025, 0, 0, 0, 0, 0.011
Acti20, 0, 0, 0.007, 0.004, 0, 0, 0, 0, 0.004
Acti21, 1, 0, 0.008, 0.008, 1, 0, 1, 0.999, 0.005
Acti22, 0, 0, 0.02, 0.017, 0, 0, 0, 0, 0.004
Acti23, 1, 0.001, 0.004, 0.047, 1, 0, 1, 0.29, 0.713
Acti24, 0, 0, 0.006, 0.004, 0, 0, 0, 0, 0.003
Acti25, 1, 0.001, 0.027, 0.253, 1, 0, 1, 0.198, 0.804
Acti26, 0, 0, 0.128, 0.063, 0, 0, 0, 0, 0.009
Acti27, 0, 0, 0.007, 0.003, 0, 0, 0, 0, 0.002
Acti28, 3, 0.935, 0.818, 0.256, 1, 0, 3, 1.01, 0.805
Acti29, 0, 0, 0.005, 0.007, 0, 0, 0, 0, 0.002
Acti3, 0, 0, 0.248, 0.031, 0, 0, 0, 0, 0.004
Acti30, 0, 0, 0.008, 0.009, 0, 0, 0, 0, 0.007
Acti31, 0, 0, 0.166, 0.059, 0, 0, 0, 0, 0.001
Acti32, 1, 0.001, 0.923, 0.155, 1, 0, 1, 0.803, 0.2
Acti33, 1, 0.001, 0.012, 0.1, 1, 0, 1, 0.88, 0.121
Acti34, 0, 0.001, 0.188, 0.124, 0, 0, 0, 0, 0.005
Acti35, 0, 0, 0.895, 0.268, 0, 0, 0, 0, 0.005
Acti36, 1, 0, 0.166, 0.083, 1, 0, 1, 0.671, 0.33
Acti37, 1, 0.003, 1.222, 0.387, 1, 0, 1, 0.942, 0.058
Acti38, 1, 0.001, 0.728, 0.147, 1, 0, 1, 0.964, 0.037
Acti39, 0, 0, 0.157, 0.057, 0, 0, 0, 0, 0.007
Acti4, 0, 0, 0.103, 0.074, 0, 0, 0, 0, 0.006
Acti40, 0, 0, 0.52, 0.074, 0, 0, 0, 0, 0.003
Acti41, 1, 0.001, 0.986, 0.332, 1, 0, 1, 0.98, 0.024
Acti42, 0, 0, 0.133, 0.048, 0, 0, 0, 0, 0.007
Acti43, 1, 0, 0.72, 0.164, 1, 0, 1, 0.121, 0.884
Acti44, 0, 0, 1.014, 0.01, 0, 0, 0, 0, 0.005
Acti45, 0, 0, 0.862, 0.042, 0, 0, 0, 0, 0.006
Acti46, 1, 0, 0.989, 0.308, 1, 0, 1, 0.976, 0.028
Acti47, 1, 0, 0.063, 0.063, 1, 0, 1, 0.794, 0.207
Acti48, 1, 0, 0.587, 0.062, 1, 0, 1, 0.992, 0.01
Acti49, 1, 0, 0.774, 0.135, 1, 0, 1, 0.952, 0.052
Acti5, 0, 0, 0.01, 0.008, 0, 0, 0, 0, 0.005
Acti50, 1, 0.001, 1.274, 0.223, 1, 0, 1, 0.81, 0.195
Acti51, 0, 0, 0.008, 0.009, 0, 0, 0, 0, 0.003
Acti52, 1, 0, 0.019, 0.017, 1, 0, 1, 0.994, 0.01
Acti6, 0, 0, 0.042, 0.03, 0, 0, 0, 0, 0
Acti7, 1, 0.004, 0.065, 0.407, 1, 0, 1, 0.299, 0.704
Acti8, 0, 0, 0.013, 0.013, 0, 0, 0, 0, 0.01
Acti9, 0, 0, 0.008, 0.008, 0, 0, 0, 0, 0.005
Aero1, 0, 0, 0.008, 0.006, 0, 0, 0, 0, 0.004
Aqui1, 0, 0, 0.005, 0.003, 0, 0, 0, 0, 0.002
Aqui2, 0, 0, 0.004, 0.005, 0, 0, 0, 0, 0.001
Aqui3, 0, 0, 0.022, 0.024, 0, 0, 0, 0, 0.004
Aqui4, 0, 0, 0.006, 0.006, 0, 0, 0, 0, 0.004
Aqui5, 0, 0, 0.007, 0.006, 0, 0, 0, 0, 0.004
Aqui6, 0, 0, 0.006, 0.006, 0, 0, 0, 0, 0.004
Arma11, 0, 0, 0.004, 0.002, 0, 0, 0, 0, 0.002
Arma12, 1, 0, 0.006, 0.007, 1, 0, 1, 0.007, 0.997
Arma13, 0, 0, 0.013, 0.008, 0, 0, 0, 0, 0.001
Arma14, 0, 0, 0.006, 0.005, 0, 0, 0, 0, 0.004
Arma15, 0, 0, 0.017, 0.013, 0, 0, 0, 0, 0.005
Arma16, 0, 0, 0.01, 0.006, 0, 0, 0, 0, 0.005
Arma3, 0, 0, 0.01, 0.014, 0, 0, 0, 0, 0.009
Arma4, 0, 0, 0.01, 0.01, 0, 0, 0, 0, 0.008
Arma6, 1, 0.001, 0.008, 0.058, 1, 0, 1, 0.185, 0.819
Arma7, 0, 0, 0.01, 0.001, 0, 0, 0, 0, 0.001
Arma9, 0, 0, 0.04, 0.011, 0, 0, 0, 0, 0.005
Aure1, 0, 0, 0.005, 0.006, 0, 0, 0, 0, 0.004
Aure2, 0, 0, 0.004, 0.004, 0, 0, 0, 0, 0.003
Aure3, 1, 0.001, 0.016, 0.137, 1, 0, 1, 0.01, 0.994
B130X1, 0, 0, 0.171, 0.086, 0, 0, 0, 0, 0.007
BMS3X1, 0, 0, 0.138, 0.088, 0, 0, 0, 0, 0.007
Bact1, 0, 0, 0.008, 0.012, 0, 0, 0, 0, 0.006
Bact10, 0, 0, 0.013, 0.01, 0, 0, 0, 0, 0.005
Bact11, 0, 0, 0.006, 0.009, 0, 0, 0, 0, 0.004
Bact12, 0, 0, 0.004, 0.004, 0, 0, 0, 0, 0.004
Bact13, 0, 0, 0.01, 0.01, 0, 0, 0, 0, 0.007
Bact14, 0, 0, 0.004, 0.004, 0, 0, 0, 0, 0.003
Bact16, 0, 0, 0.007, 0.004, 0, 0, 0, 0, 0.002
Bact17, 0, 0, 0.003, 0.004, 0, 0, 0, 0, 0.003
Bact18, 0, 0, 0.003, 0.002, 0, 0, 0, 0, 0.002
Bact19, 1, 0, 0.131, 0.227, 1, 0, 1, 0.926, 0.077
Bact2, 0, 0, 0.004, 0.004, 0, 0, 0, 0, 0.004
Bact20, 0, 0, 0.011, 0.011, 0, 0, 0, 0, 0.008
Bact21, 1, 0, 0.047, 0.022, 1, 0, 1, 0.999, 0.006
Bact22, 0, 0, 0.01, 0.009, 0, 0, 0, 0, 0.006
Bact23, 1, 0.004, 0.01, 0.314, 1, 0, 1, 0.233, 0.768
Bact24, 0, 0, 0.002, 0.002, 0, 0, 0, 0, 0.002
Bact25, 0, 0, 0.006, 0.007, 0, 0, 0, 0, 0.005
Bact27, 1, 0.002, 0.491, 0.157, 1, 0, 1, 0.587, 0.413
Bact28, 0, 0, 0.242, 0.063, 0, 0, 0, 0, 0.004
Bact29, 1, 0, 0.01, 0.009, 1, 0, 1, 0.996, 0.008
Bact3, 0, 0, 0.003, 0.003, 0, 0, 0, 0, 0.002
Bact30, 0, 0, 0.007, 0.008, 0, 0, 0, 0, 0.005
Bact31, 0, 0, 0.013, 0.013, 0, 0, 0, 0, 0.004
Bact32, 0, 0, 0.009, 0.008, 0, 0, 0, 0, 0.007
Bact33, 0, 0, 0.004, 0.003, 0, 0, 0, 0, 0.001
Bact34, 0, 0, 0.07, 0.02, 0, 0, 0, 0, 0.002
Bact35, 0, 0, 0.606, 0.191, 0, 0, 0, 0, 0.004
Bact36, 0, 0, 0.471, 0.063, 0, 0, 0, 0, 0.003
Bact37, 0, 0, 0.008, 0.007, 0, 0, 0, 0, 0.003
Bact38, 0, 0, 0.015, 0.011, 0, 0, 0, 0, 0.006
Bact39, 0, 0, 0.007, 0.005, 0, 0, 0, 0, 0.004
Bact4, 0, 0, 0.017, 0.008, 0, 0, 0, 0, 0.004
Bact40, 1, 0.001, 0.497, 0.094, 1, 0, 1, 0.87, 0.129
Bact41, 1, 0.003, 0.47, 0.408, 1, 0, 1, 0.9, 0.1
Bact42, 0, 0, 0.012, 0.01, 0, 0, 0, 0, 0.007
Bact43, 1, 0.001, 0.019, 0.09, 1, 0, 1, 0.45, 0.55
Bact44, 1, 0.008, 0.937, 0.596, 1, 0, 1, 0.546, 0.455
Bact5, 0, 0, 0.009, 0.01, 0, 0, 0, 0, 0.004
Bact6, 0, 0, 0.013, 0.01, 0, 0, 0, 0, 0.004
Bact7, 0, 0, 0.006, 0.005, 0, 0, 0, 0, 0.004
Bact8, 0, 0, 0.004, 0.004, 0, 0, 0, 0, 0.002
Bact9, 0, 0, 1.005, 0.009, 0, 0, 0, 0, 0.003
Bdell10, 0, 0, 0.006, 0.005, 0, 0, 0, 0, 0.004
Bdell11, 0, 0, 0.008, 0.006, 0, 0, 0, 0, 0.005
Bdell12, 1, 0, 0.012, 0.018, 1, 0, 1, 1, 0.006
Bdell13, 0, 0, 0.301, 0.124, 0, 0, 0, 0, 0.005
Bdell14, 0, 0, 0.007, 0.006, 0, 0, 0, 0, 0.004
Bdell15, 0, 0, 0.01, 0.01, 0, 0, 0, 0, 0.006
Bdell16, 0, 0, 0.005, 0.006, 0, 0, 0, 0, 0.004
Bdell17, 0, 0, 0.008, 0.007, 0, 0, 0, 0, 0.007
Bdell2, 0, 0, 0.011, 0.01, 0, 0, 0, 0, 0.009
Bdell3, 1, 0, 0.007, 0.003, 1, 0, 1, 1, 0.001
Bdell4, 0, 0, 0.009, 0.009, 0, 0, 0, 0, 0.006
Bdell5, 0, 0, 0.005, 0.005, 0, 0, 0, 0, 0.003
Bdell6, 0, 0, 0.014, 0.011, 0, 0, 0, 0, 0.009
Bdell7, 0, 0, 0.003, 0.001, 0, 0, 0, 0, 0.001
Bdell9, 0, 0, 0.01, 0.008, 0, 0, 0, 0, 0.006
BdellC1, 0, 0, 0.005, 0.007, 0, 0, 0, 0, 0.004
BdellC2, 0, 0, 0.006, 0.006, 0, 0, 0, 0, 0.005
Bipo1, 0, 0, 0.006, 0.007, 0, 0, 0, 0, 0.006
Bipo2, 0, 0, 0.007, 0.009, 0, 0, 0, 0, 0.007
CG267X1, 0, 0, 0.017, 0.019, 0, 0, 0, 0, 0.013
CG294X1, 0, 0, 0.008, 0.006, 0, 0, 0, 0, 0.004
CSP1X1, 0, 0, 0.008, 0.007, 0, 0, 0, 0, 0.006
Calda1, 0, 0, 0.007, 0.008, 0, 0, 0, 0, 0.007
Calda2, 0, 0, 0.006, 0.006, 0, 0, 0, 0, 0.006
Caldit1, 0, 0, 0.003, 0.003, 0, 0, 0, 0, 0.002
Caldit2, 0, 0, 0.008, 0.01, 0, 0, 0, 0, 0.007
Caldit3, 0, 0, 0.002, 0.002, 0, 0, 0, 0, 0.001
Camp1, 1, 0, 0.013, 0.085, 1, 0, 1, 0.961, 0.042
Camp10, 0, 0.001, 1.296, 0.16, 0, 0, 0, 0, 0.003
Camp11, 1, 0.003, 1.069, 0.658, 1, 0, 1, 0.247, 0.754
Camp12, 0, 0, 1.143, 0.118, 0, 0, 0, 0, 0.002
Camp13, 1, 0.001, 0.051, 0.06, 1, 0, 1, 0.915, 0.089
Camp14, 1, 0, 0.027, 0.043, 1, 0, 1, 0.896, 0.11
Camp15, 0, 0.001, 0.923, 0.071, 0, 0, 0, 0, 0.005
Camp16, 1, 0.002, 0.931, 0.257, 1, 0, 1, 0.85, 0.153
Camp2, 0, 0, 0.965, 0.061, 0, 0, 0, 0, 0.004
Camp3, 0, 0.001, 0.977, 0.095, 0, 0, 0, 0, 0.005
Camp4, 1, 0.002, 0.865, 0.214, 1, 0, 1, 0.921, 0.087
Camp5, 2, 0.157, 0.016, 0.472, 1, 0, 2, 1.182, 0.567
Camp6, 0, 0, 0.05, 0.03, 0, 0, 0, 0, 0.003
Camp7, 0, 0, 0.987, 0.092, 0, 0, 0, 0, 0.006
Camp9, 0, 0, 0.052, 0.037, 0, 0, 0, 0, 0.005
Chlo10, 0, 0, 0.006, 0.006, 0, 0, 0, 0, 0.003
Chlo11, 0, 0, 0.008, 0.006, 0, 0, 0, 0, 0.005
Chlo12, 0, 0, 0.006, 0.006, 0, 0, 0, 0, 0.006
Chlo13, 0, 0, 0.01, 0.01, 0, 0, 0, 0, 0.005
Chlo14, 0, 0, 0.002, 0.003, 0, 0, 0, 0, 0.001
Chlo15, 0, 0, 0.007, 0.006, 0, 0, 0, 0, 0.006
Chlo16, 0, 0, 0.008, 0.011, 0, 0, 0, 0, 0.006
Chlo17, 0, 0, 0.005, 0.004, 0, 0, 0, 0, 0.003
Chlo18, 0, 0, 0.005, 0.005, 0, 0, 0, 0, 0.004
Chlo19, 0, 0, 0.003, 0.003, 0, 0, 0, 0, 0.001
Chlo20, 0, 0, 0.006, 0.007, 0, 0, 0, 0, 0.006
Chlo21, 0, 0, 0.004, 0.003, 0, 0, 0, 0, 0.002
Chlo22, 0, 0, 0.015, 0.012, 0, 0, 0, 0, 0.009
Chlo23, 0, 0, 0.005, 0.007, 0, 0, 0, 0, 0.004
Chlo24, 0, 0, 0.004, 0.005, 0, 0, 0, 0, 0.004
Chlo25, 0, 0, 0.003, 0.003, 0, 0, 0, 0, 0.003
Chlo26, 0, 0, 0.007, 0.006, 0, 0, 0, 0, 0.004
Chlo27, 0, 0, 0.005, 0.004, 0, 0, 0, 0, 0.004
Chlo28, 0, 0, 0.003, 0.004, 0, 0, 0, 0, 0.002
Chlo29, 0, 0, 0.035, 0.012, 0, 0, 0, 0, 0.004
Chlo30, 0, 0, 0.008, 0.01, 0, 0, 0, 0, 0.007
Chlo31, 0, 0, 0.006, 0.008, 0, 0, 0, 0, 0.006
Chlo32, 1, 0.002, 0.011, 0.213, 1, 0, 1, 0.14, 0.864
Chlo33, 0, 0, 0.007, 0.007, 0, 0, 0, 0, 0.007
Chlo34, 0, 0, 0.006, 0.004, 0, 0, 0, 0, 0.004
Chlo35, 0, 0, 0.004, 0.003, 0, 0, 0, 0, 0.002
Chlo36, 0, 0, 0.008, 0.006, 0, 0, 0, 0, 0.005
Chlo37, 0, 0, 0.004, 0.003, 0, 0, 0, 0, 0.003
Chlo38, 0, 0, 0.007, 0.006, 0, 0, 0, 0, 0.005
Chlo39, 0, 0, 0.007, 0.009, 0, 0, 0, 0, 0.006
Chlo4, 0, 0.001, 0.008, 0.01, 0, 0, 0, 0, 0.006
Chlo40, 0, 0, 0.009, 0.01, 0, 0, 0, 0, 0.006
Chlo41, 0, 0, 0.003, 0.003, 0, 0, 0, 0, 0.002
Chlo42, 0, 0, 0.006, 0.008, 0, 0, 0, 0, 0.004
Chlo43, 0, 0, 0.007, 0.005, 0, 0, 0, 0, 0.004
Chlo44, 0, 0, 0.003, 0.002, 0, 0, 0, 0, 0.001
Chlo45, 0, 0, 0.004, 0.003, 0, 0, 0, 0, 0.002
Chlo46, 0, 0, 0.004, 0.003, 0, 0, 0, 0, 0.002
Chlo47, 0, 0, 0.005, 0.004, 0, 0, 0, 0, 0.004
Chlo48, 0, 0, 0.004, 0.003, 0, 0, 0, 0, 0.001
Chlo5, 0, 0, 0.003, 0.002, 0, 0, 0, 0, 0.001
Chlo6, 0, 0, 0.004, 0.003, 0, 0, 0, 0, 0.003
Chlo7, 0, 0, 0.005, 0.006, 0, 0, 0, 0, 0.004
Chlo8, 0, 0, 0.001, 0.001, 0, 0, 0, 0, 0.001
Chlo9, 0, 0, 0.01, 0.008, 0, 0, 0, 0, 0.005
Chry1, 1, 0, 0.067, 0.145, 1, 0, 1, 0.069, 0.935
Cloa1, 0, 0, 0.008, 0.008, 0, 0, 0, 0, 0.007
Cyan1, 0, 0, 0.005, 0.006, 0, 0, 0, 0, 0.003
Cyan10, 0, 0, 0.007, 0.008, 0, 0, 0, 0, 0.007
Cyan11, 0, 0, 0.007, 0.008, 0, 0, 0, 0, 0.006
Cyan12, 0, 0, 0.007, 0.007, 0, 0, 0, 0, 0.006
Cyan13, 0, 0, 0.007, 0.007, 0, 0, 0, 0, 0.002
Cyan14, 0, 0, 0.007, 0.006, 0, 0, 0, 0, 0.005
Cyan15, 0, 0, 0.005, 0.004, 0, 0, 0, 0, 0.003
Cyan16, 0, 0, 0.007, 0.005, 0, 0, 0, 0, 0.004
Cyan18, 0, 0, 0.007, 0.007, 0, 0, 0, 0, 0.002
Cyan19, 0, 0, 0.007, 0.007, 0, 0, 0, 0, 0.002
Cyan2, 0, 0, 0.007, 0.006, 0, 0, 0, 0, 0.005
Cyan20, 0, 0, 0.005, 0.005, 0, 0, 0, 0, 0.004
Cyan21, 0, 0, 0.009, 0.007, 0, 0, 0, 0, 0.004
Cyan22, 0, 0, 0.004, 0.004, 0, 0, 0, 0, 0.003
Cyan23, 0, 0, 0.007, 0.007, 0, 0, 0, 0, 0.005
Cyan24, 0, 0, 0.002, 0.002, 0, 0, 0, 0, 0.001
Cyan25, 0, 0, 0.007, 0.004, 0, 0, 0, 0, 0.003
Cyan26, 0, 0, 0.005, 0.007, 0, 0, 0, 0, 0.004
Cyan27, 0, 0, 0.005, 0.005, 0, 0, 0, 0, 0.003
Cyan28, 0, 0, 0.005, 0.005, 0, 0, 0, 0, 0.004
Cyan29, 0, 0, 0.007, 0.008, 0, 0, 0, 0, 0.004
Cyan3, 0, 0, 0.004, 0.006, 0, 0, 0, 0, 0.004
Cyan30, 0, 0, 0.008, 0.01, 0, 0, 0, 0, 0.006
Cyan31, 0, 0, 0.005, 0.005, 0, 0, 0, 0, 0.004
Cyan32, 0, 0, 0.004, 0.004, 0, 0, 0, 0, 0.003
Cyan33, 0, 0, 0.007, 0.006, 0, 0, 0, 0, 0.002
Cyan34, 0, 0, 0.006, 0.007, 0, 0, 0, 0, 0.005
Cyan35, 0, 0, 0.008, 0.008, 0, 0, 0, 0, 0.004
Cyan36, 0, 0, 0.008, 0.007, 0, 0, 0, 0, 0.005
Cyan37, 0, 0, 0.006, 0.007, 0, 0, 0, 0, 0.004
Cyan38, 0, 0, 0.004, 0.005, 0, 0, 0, 0, 0.003
Cyan4, 0, 0, 0.006, 0.009, 0, 0, 0, 0, 0.005
Cyan40, 0, 0, 0.006, 0.005, 0, 0, 0, 0, 0.004
Cyan41, 0, 0, 0.006, 0.005, 0, 0, 0, 0, 0.004
Cyan42, 0, 0, 0.006, 0.007, 0, 0, 0, 0, 0.006
Cyan43, 0, 0, 0.006, 0.004, 0, 0, 0, 0, 0.004
Cyan44, 0, 0, 0.004, 0.003, 0, 0, 0, 0, 0.003
Cyan45, 0, 0, 0.004, 0.004, 0, 0, 0, 0, 0.004
Cyan46, 0, 0, 0.007, 0.006, 0, 0, 0, 0, 0.006
Cyan47, 0, 0, 0.003, 0.003, 0, 0, 0, 0, 0.002
Cyan7, 0, 0, 0.002, 0.002, 0, 0, 0, 0, 0.002
Cyan8, 0, 0, 0.006, 0.007, 0, 0, 0, 0, 0.006
Cyan9, 0, 0, 0.004, 0.003, 0, 0, 0, 0, 0.003
DTU0X1, 0, 0, 0.006, 0.006, 0, 0, 0, 0, 0.006
Defe1, 0, 0, 0.027, 0.021, 0, 0, 0, 0, 0.002
Defe2, 0, 0, 0.005, 0.005, 0, 0, 0, 0, 0.002
Defe3, 0, 0, 0.006, 0.005, 0, 0, 0, 0, 0.003
Dein1, 0, 0, 0.005, 0.005, 0, 0, 0, 0, 0.004
Dein2, 0, 0, 0.003, 0.002, 0, 0, 0, 0, 0.001
Dein3, 0, 0, 0.01, 0.013, 0, 0, 0, 0, 0.007
Dein4, 0, 0, 0.005, 0.007, 0, 0, 0, 0, 0.005
Dein5, 0, 0, 0.007, 0.008, 0, 0, 0, 0, 0.006
Dein6, 0, 0, 0.001, 0.001, 0, 0, 0, 0, 0.001
Dein7, 0, 0, 0.007, 0.005, 0, 0, 0, 0, 0.004
Desa1, 0, 0, 0.016, 0.009, 0, 0, 0, 0, 0.004
DesuB1, 0, 0, 0.012, 0.014, 0, 0, 0, 0, 0.008
DesuB2, 0, 0, 0.006, 0.008, 0, 0, 0, 0, 0.002
DesuB3, 0, 0, 0.001, 0.001, 0, 0, 0, 0, 0
DesuB4, 0, 0, 0.007, 0.006, 0, 0, 0, 0, 0.006
DesuC1, 0, 0, 0.26, 0.062, 0, 0, 0, 0, 0.01
DesuC2, 1, 0, 0.062, 0.056, 1, 0, 1, 0.193, 0.812
DesuD1, 0, 0, 0.092, 0.049, 0, 0, 0, 0, 0.005
DesuD2, 0, 0, 0.091, 0.052, 0, 0, 0, 0, 0.004
Desua1, 0, 0, 0.01, 0.007, 0, 0, 0, 0, 0.005
Desua10, 0, 0, 0.009, 0.007, 0, 0, 0, 0, 0.004
Desua11, 0, 0, 0.006, 0.007, 0, 0, 0, 0, 0.003
Desua12, 0, 0, 0.005, 0.004, 0, 0, 0, 0, 0.004
Desua13, 0, 0, 0.011, 0.009, 0, 0, 0, 0, 0.005
Desua14, 0, 0, 0.004, 0.005, 0, 0, 0, 0, 0.004
Desua15, 1, 0.002, 0.014, 0.308, 1, 0, 1, 0.376, 0.629
Desua16, 0, 0, 0.387, 0.077, 0, 0, 0, 0, 0.004
Desua17, 0, 0, 0.013, 0.011, 0, 0, 0, 0, 0.006
Desua18, 0, 0, 0.054, 0.032, 0, 0, 0, 0, 0.005
Desua19, 1, 0, 0.023, 0.016, 1, 0, 1, 1, 0.007
Desua2, 0, 0, 0.217, 0.169, 0, 0, 0, 0, 0.003
Desua20, 1, 0.006, 0.115, 0.614, 1, 0, 1, 0.974, 0.029
Desua21, 0, 0, 0.005, 0.003, 0, 0, 0, 0, 0.003
Desua22, 0, 0, 0.005, 0.005, 0, 0, 0, 0, 0.005
Desua23, 0, 0, 0.003, 0.003, 0, 0, 0, 0, 0.003
Desua24, 0, 0, 0.22, 0.044, 0, 0, 0, 0, 0.005
Desua25, 0, 0, 0.007, 0.009, 0, 0, 0, 0, 0.004
Desua26, 0, 0, 0.011, 0.011, 0, 0, 0, 0, 0.004
Desua27, 0, 0, 0.01, 0.014, 0, 0, 0, 0, 0.007
Desua28, 1, 0, 0.009, 0.007, 1, 0, 1, 0.999, 0.003
Desua29, 0, 0, 0.006, 0.005, 0, 0, 0, 0, 0.003
Desua3, 0, 0, 0.012, 0.009, 0, 0, 0, 0, 0.006
Desua30, 0, 0, 0.009, 0.008, 0, 0, 0, 0, 0.002
Desua31, 0, 0, 0.004, 0.003, 0, 0, 0, 0, 0.001
Desua32, 0, 0, 0.006, 0.005, 0, 0, 0, 0, 0.004
Desua33, 0, 0, 0.006, 0.004, 0, 0, 0, 0, 0.004
Desua34, 0, 0, 0.011, 0.015, 0, 0, 0, 0, 0.006
Desua35, 1, 0, 0.009, 0.006, 1, 0, 1, 1, 0.003
Desua36, 0, 0, 0.005, 0.003, 0, 0, 0, 0, 0.002
Desua37, 0, 0, 0.087, 0.055, 0, 0, 0, 0, 0.002
Desua38, 0, 0, 0.007, 0.009, 0, 0, 0, 0, 0.004
Desua39, 0, 0, 0.008, 0.007, 0, 0, 0, 0, 0.006
Desua4, 0, 0, 0.016, 0.01, 0, 0, 0, 0, 0.005
Desua40, 0, 0, 0.007, 0.007, 0, 0, 0, 0, 0.004
Desua41, 0, 0, 0.019, 0.021, 0, 0, 0, 0, 0.002
Desua42, 0, 0, 0.006, 0.007, 0, 0, 0, 0, 0.001
Desua43, 0, 0, 0.006, 0.005, 0, 0, 0, 0, 0.003
Desua44, 0, 0, 0.006, 0.006, 0, 0, 0, 0, 0.005
Desua45, 0, 0, 0.021, 0.013, 0, 0, 0, 0, 0.007
Desua46, 0, 0, 0.005, 0.009, 0, 0, 0, 0, 0.002
Desua47, 0, 0, 0.009, 0.009, 0, 0, 0, 0, 0.006
Desua48, 0, 0, 0.006, 0.006, 0, 0, 0, 0, 0.004
Desua49, 0, 0, 0.006, 0.007, 0, 0, 0, 0, 0.004
Desua5, 0, 0, 0.073, 0.055, 0, 0, 0, 0, 0.006
Desua50, 0, 0, 0.004, 0.004, 0, 0, 0, 0, 0.004
Desua51, 1, 0, 0.013, 0.012, 1, 0, 1, 1, 0.006
Desua52, 0, 0, 0.007, 0.009, 0, 0, 0, 0, 0.004
Desua53, 1, 0, 0.008, 0.009, 1, 0, 1, 1, 0.001
Desua54, 0, 0, 0.006, 0.004, 0, 0, 0, 0, 0.003
Desua6, 0, 0, 1.006, 0.004, 0, 0, 0, 0, 0.002
Desua7, 1, 0, 0.009, 0.009, 1, 0, 1, 1, 0.005
Desua8, 0, 0.001, 0.217, 0.149, 0, 0, 0, 0, 0.002
Desua9, 0, 0, 0.009, 0.006, 0, 0, 0, 0, 0.002
Dict1, 0, 0, 0.004, 0.004, 0, 0, 0, 0, 0.004
Dorm1, 0, 0, 0.004, 0.004, 0, 0, 0, 0, 0.003
Dorm2, 0, 0, 0.003, 0.003, 0, 0, 0, 0, 0.002
Dorm3, 0, 0, 0.011, 0.012, 0, 0, 0, 0, 0.009
Dorm4, 0, 0, 0.004, 0.002, 0, 0, 0, 0, 0.002
Dorm5, 0, 0, 0.006, 0.004, 0, 0, 0, 0, 0.003
Edwa1, 0, 0, 0.007, 0.006, 0, 0, 0, 0, 0.006
Eise1, 0, 0, 0.006, 0.008, 0, 0, 0, 0, 0.005
Eise2, 0, 0, 0.004, 0.004, 0, 0, 0, 0, 0.003
Eise3, 0, 0, 0.007, 0.007, 0, 0, 0, 0, 0.003
Eise4, 0, 0, 0.011, 0.014, 0, 0, 0, 0, 0.007
Elus1, 0, 0, 0.012, 0.012, 0, 0, 0, 0, 0.007
Elus10, 0, 0, 0.009, 0.009, 0, 0, 0, 0, 0.007
Elus2, 0, 0, 0.003, 0.003, 0, 0, 0, 0, 0.003
Elus3, 0, 0, 0.008, 0.008, 0, 0, 0, 0, 0.006
Elus4, 0, 0, 0.009, 0.006, 0, 0, 0, 0, 0.005
Elus5, 0, 0, 0.003, 0.004, 0, 0, 0, 0, 0.003
Elus6, 0, 0, 0.008, 0.006, 0, 0, 0, 0, 0.004
Elus7, 0, 0, 0.013, 0.01, 0, 0, 0, 0, 0.008
Elus8, 0, 0, 0.009, 0.008, 0, 0, 0, 0, 0.005
Elus9, 0, 0, 0.004, 0.004, 0, 0, 0, 0, 0.002
Erem2, 0, 0, 0.005, 0.007, 0, 0, 0, 0, 0.004
Erem3, 0, 0, 0.005, 0.005, 0, 0, 0, 0, 0.004
Erem4, 0, 0, 0.005, 0.003, 0, 0, 0, 0, 0.001
Erem5, 0, 0, 0.01, 0.01, 0, 0, 0, 0, 0.006
Erem6, 0, 0, 0.012, 0.011, 0, 0, 0, 0, 0.008
FCPU1, 1, 0, 0.006, 0.012, 1, 0, 1, 0.265, 0.74
FCPU2, 0, 0, 0.267, 0.005, 0, 0, 0, 0, 0.001
Ferm1, 0, 0, 0.005, 0.006, 0, 0, 0, 0, 0.005
Fibr1, 0, 0, 0.155, 0.058, 0, 0, 0, 0, 0.011
Fibr2, 0, 0, 0.006, 0.006, 0, 0, 0, 0, 0.002
Fibr3, 0, 0, 0.021, 0.01, 0, 0, 0, 0, 0.005
Fibr4, 0, 0, 0.009, 0.009, 0, 0, 0, 0, 0.005
Fibr5, 1, 0.008, 0.012, 0.386, 1, 0, 1, 0.14, 0.86
Fibr6, 0, 0, 0.009, 0.002, 0, 0, 0, 0, 0.001
Fire1, 0, 0, 0.092, 0.02, 0, 0, 0, 0, 0.005
FirmA1, 0, 0, 0.012, 0.011, 0, 0, 0, 0, 0.008
FirmA10, 0, 0, 0.005, 0.004, 0, 0, 0, 0, 0.003
FirmA100, 0, 0, 0.009, 0.009, 0, 0, 0, 0, 0.006
FirmA101, 0, 0, 0.003, 0.003, 0, 0, 0, 0, 0.001
FirmA102, 0, 0, 0.267, 0.072, 0, 0, 0, 0, 0.003
FirmA103, 0, 0, 0.009, 0.01, 0, 0, 0, 0, 0.005
FirmA104, 0, 0, 0.006, 0.007, 0, 0, 0, 0, 0.006
FirmA105, 0, 0, 0.006, 0.006, 0, 0, 0, 0, 0.003
FirmA106, 0, 0, 0.003, 0.004, 0, 0, 0, 0, 0.003
FirmA107, 0, 0, 0.002, 0.001, 0, 0, 0, 0, 0.001
FirmA108, 0, 0, 0.004, 0.002, 0, 0, 0, 0, 0.002
FirmA109, 0, 0, 0.006, 0.009, 0, 0, 0, 0, 0.005
FirmA11, 0, 0, 0.002, 0.003, 0, 0, 0, 0, 0.001
FirmA110, 0, 0, 0.004, 0.004, 0, 0, 0, 0, 0.003
FirmA111, 0, 0, 0.004, 0.002, 0, 0, 0, 0, 0.001
FirmA112, 0, 0, 0.004, 0.005, 0, 0, 0, 0, 0.003
FirmA113, 0, 0, 0.001, 0, 0, 0, 0, 0, 0
FirmA114, 0, 0, 0.004, 0.004, 0, 0, 0, 0, 0.003
FirmA12, 0, 0, 0.006, 0.005, 0, 0, 0, 0, 0.003
FirmA14, 0, 0, 0.005, 0.006, 0, 0, 0, 0, 0.004
FirmA16, 0, 0, 0.027, 0.012, 0, 0, 0, 0, 0.008
FirmA18, 0, 0, 0.007, 0.003, 0, 0, 0, 0, 0.003
FirmA19, 0, 0, 0.002, 0.001, 0, 0, 0, 0, 0.001
FirmA2, 0, 0, 0.03, 0.014, 0, 0, 0, 0, 0.007
FirmA20, 0, 0, 0.005, 0.004, 0, 0, 0, 0, 0.002
FirmA21, 0, 0, 0.006, 0.007, 0, 0, 0, 0, 0.004
FirmA24, 0, 0, 0.006, 0.007, 0, 0, 0, 0, 0.004
FirmA25, 0, 0, 0.004, 0.004, 0, 0, 0, 0, 0.002
FirmA26, 0, 0, 0.006, 0.005, 0, 0, 0, 0, 0.003
FirmA27, 0, 0, 0.006, 0.007, 0, 0, 0, 0, 0.003
FirmA28, 0, 0, 0.002, 0.002, 0, 0, 0, 0, 0.002
FirmA29, 0, 0, 0.005, 0.005, 0, 0, 0, 0, 0.005
FirmA30, 0, 0, 0.004, 0.002, 0, 0, 0, 0, 0
FirmA31, 0, 0, 0.009, 0.007, 0, 0, 0, 0, 0.005
FirmA32, 0, 0, 0.003, 0.003, 0, 0, 0, 0, 0.003
FirmA33, 0, 0, 0.006, 0.006, 0, 0, 0, 0, 0.005
FirmA34, 0, 0, 0.219, 0.083, 0, 0, 0, 0, 0.003
FirmA35, 0, 0, 0.007, 0.006, 0, 0, 0, 0, 0.003
FirmA36, 0, 0, 0.009, 0.008, 0, 0, 0, 0, 0.005
FirmA37, 0, 0, 0.002, 0.002, 0, 0, 0, 0, 0.002
FirmA38, 0, 0, 0.005, 0.006, 0, 0, 0, 0, 0.005
FirmA39, 0, 0, 0.004, 0.003, 0, 0, 0, 0, 0.003
FirmA40, 0, 0, 0.003, 0.002, 0, 0, 0, 0, 0.002
FirmA41, 0, 0, 0.008, 0.007, 0, 0, 0, 0, 0.005
FirmA42, 0, 0, 0.005, 0.006, 0, 0, 0, 0, 0.004
FirmA43, 0, 0, 0.005, 0.005, 0, 0, 0, 0, 0.004
FirmA44, 0, 0, 0.008, 0.008, 0, 0, 0, 0, 0.006
FirmA45, 0, 0, 0.007, 0.01, 0, 0, 0, 0, 0.006
FirmA46, 0, 0, 0.005, 0.004, 0, 0, 0, 0, 0.004
FirmA47, 0, 0, 0.006, 0.004, 0, 0, 0, 0, 0.004
FirmA48, 0, 0, 0.004, 0.007, 0, 0, 0, 0, 0.003
FirmA49, 0, 0, 0.007, 0.008, 0, 0, 0, 0, 0.006
FirmA5, 0, 0, 0.007, 0.008, 0, 0, 0, 0, 0.005
FirmA50, 0, 0, 0.008, 0.009, 0, 0, 0, 0, 0.005
FirmA51, 0, 0, 0.006, 0.006, 0, 0, 0, 0, 0.006
FirmA52, 0, 0, 0.005, 0.006, 0, 0, 0, 0, 0.004
FirmA53, 0, 0, 0.006, 0.004, 0, 0, 0, 0, 0.002
FirmA54, 0, 0, 0.099, 0.048, 0, 0, 0, 0, 0.005
FirmA55, 0, 0, 0.002, 0.002, 0, 0, 0, 0, 0.002
FirmA56, 0, 0, 0.005, 0.005, 0, 0, 0, 0, 0.003
FirmA57, 1, 0.003, 0.012, 0.455, 1, 0, 1, 0.084, 0.922
FirmA58, 0, 0, 0.006, 0.006, 0, 0, 0, 0, 0.005
FirmA59, 0, 0, 0.005, 0.005, 0, 0, 0, 0, 0.004
FirmA6, 0, 0, 0.009, 0.013, 0, 0, 0, 0, 0.008
FirmA60, 0, 0, 0.004, 0.004, 0, 0, 0, 0, 0.004
FirmA61, 0, 0, 0.009, 0.008, 0, 0, 0, 0, 0.006
FirmA62, 0, 0, 0.005, 0.004, 0, 0, 0, 0, 0.004
FirmA63, 0, 0, 0.008, 0.005, 0, 0, 0, 0, 0.003
FirmA64, 0, 0, 0.004, 0.005, 0, 0, 0, 0, 0.003
FirmA65, 0, 0, 0.006, 0.008, 0, 0, 0, 0, 0.004
FirmA66, 0, 0, 0.006, 0.005, 0, 0, 0, 0, 0.003
FirmA67, 0, 0, 0.005, 0.007, 0, 0, 0, 0, 0.005
FirmA68, 0, 0, 0.005, 0.003, 0, 0, 0, 0, 0.003
FirmA69, 0, 0, 0.006, 0.008, 0, 0, 0, 0, 0.005
FirmA7, 0, 0, 0.01, 0.007, 0, 0, 0, 0, 0.006
FirmA70, 0, 0, 0.006, 0.005, 0, 0, 0, 0, 0.003
FirmA71, 0, 0, 0.006, 0.005, 0, 0, 0, 0, 0.003
FirmA72, 0, 0, 0.006, 0.006, 0, 0, 0, 0, 0.005
FirmA73, 0, 0, 0.005, 0.004, 0, 0, 0, 0, 0.004
FirmA74, 0, 0, 0.002, 0.003, 0, 0, 0, 0, 0.002
FirmA75, 0, 0, 0.004, 0.003, 0, 0, 0, 0, 0.001
FirmA76, 1, 0.004, 0.014, 0.581, 1, 0, 1, 0.263, 0.746
FirmA77, 0, 0, 0.006, 0.006, 0, 0, 0, 0, 0.004
FirmA78, 0, 0, 0.004, 0.005, 0, 0, 0, 0, 0.004
FirmA79, 0, 0, 0.005, 0.006, 0, 0, 0, 0, 0.005
FirmA8, 0, 0, 0.008, 0.008, 0, 0, 0, 0, 0.006
FirmA80, 1, 0.006, 0.01, 0.374, 1, 0, 1, 0.214, 0.788
FirmA81, 0, 0, 0.006, 0.007, 0, 0, 0, 0, 0.005
FirmA83, 0, 0, 0.006, 0.006, 0, 0, 0, 0, 0.005
FirmA84, 0, 0, 0.002, 0.003, 0, 0, 0, 0, 0.002
FirmA85, 0, 0, 0.01, 0.012, 0, 0, 0, 0, 0.008
FirmA86, 0, 0, 0.01, 0.007, 0, 0, 0, 0, 0.004
FirmA87, 0, 0, 0.006, 0.005, 0, 0, 0, 0, 0.004
FirmA88, 0, 0, 0.008, 0.007, 0, 0, 0, 0, 0.006
FirmA89, 0, 0, 0.006, 0.005, 0, 0, 0, 0, 0.005
FirmA9, 0, 0, 0.003, 0.004, 0, 0, 0, 0, 0.003
FirmA90, 0, 0, 0.004, 0.004, 0, 0, 0, 0, 0.003
FirmA91, 0, 0, 0.006, 0.007, 0, 0, 0, 0, 0.004
FirmA92, 1, 0.002, 0.008, 0.426, 1, 0, 1, 0.092, 0.912
FirmA93, 0, 0, 0.005, 0.003, 0, 0, 0, 0, 0.002
FirmA94, 0, 0, 0.005, 0.005, 0, 0, 0, 0, 0.002
FirmA95, 0, 0, 0.005, 0.006, 0, 0, 0, 0, 0.004
FirmA96, 0, 0, 0.005, 0.003, 0, 0, 0, 0, 0.003
FirmA97, 0, 0, 0.004, 0.004, 0, 0, 0, 0, 0.004
FirmA98, 0, 0, 0.003, 0.002, 0, 0, 0, 0, 0.002
FirmA99, 0, 0, 0.009, 0.008, 0, 0, 0, 0, 0.005
FirmB1, 0, 0, 0.007, 0.005, 0, 0, 0, 0, 0.003
FirmB10, 1, 0.003, 0.011, 0.192, 1, 0, 1, 0.259, 0.747
FirmB11, 0, 0, 0.01, 0.007, 0, 0, 0, 0, 0.005
FirmB12, 0, 0, 0.021, 0.014, 0, 0, 0, 0, 0.006
FirmB13, 0, 0, 0.004, 0.004, 0, 0, 0, 0, 0.004
FirmB14, 0, 0, 0.002, 0.003, 0, 0, 0, 0, 0.001
FirmB15, 0, 0, 0.007, 0.006, 0, 0, 0, 0, 0.005
FirmB16, 0, 0, 0.005, 0.006, 0, 0, 0, 0, 0.005
FirmB17, 0, 0, 0.008, 0.01, 0, 0, 0, 0, 0.006
FirmB2, 0, 0, 0.007, 0.006, 0, 0, 0, 0, 0.002
FirmB3, 0, 0, 0.006, 0.008, 0, 0, 0, 0, 0.005
FirmB4, 0, 0, 0.008, 0.009, 0, 0, 0, 0, 0.003
FirmB5, 0, 0, 0.006, 0.009, 0, 0, 0, 0, 0.005
FirmB6, 0, 0, 0.008, 0.008, 0, 0, 0, 0, 0.007
FirmB7, 0, 0, 0.007, 0.008, 0, 0, 0, 0, 0.006
FirmB8, 0, 0, 0.012, 0.016, 0, 0, 0, 0, 0.011
FirmB9, 0, 0, 0.265, 0.116, 0, 0, 0, 0, 0.004
FirmC1, 0, 0, 0.003, 0.004, 0, 0, 0, 0, 0.003
FirmC10, 0, 0, 0.043, 0.041, 0, 0, 0, 0, 0.001
FirmC11, 0, 0, 0.021, 0.015, 0, 0, 0, 0, 0.006
FirmC12, 0, 0, 0.009, 0.007, 0, 0, 0, 0, 0.005
FirmC13, 0, 0, 0.002, 0.001, 0, 0, 0, 0, 0.001
FirmC14, 0, 0, 0.048, 0.036, 0, 0, 0, 0, 0.006
FirmC15, 0, 0, 0.012, 0.017, 0, 0, 0, 0, 0.008
FirmC16, 0, 0, 0.004, 0.005, 0, 0, 0, 0, 0.003
FirmC17, 0, 0, 0.005, 0.005, 0, 0, 0, 0, 0.004
FirmC18, 1, 0.005, 0.008, 0.284, 1, 0, 1, 0.256, 0.745
FirmC19, 0, 0, 0.066, 0.02, 0, 0, 0, 0, 0.006
FirmC3, 0, 0, 0.017, 0.012, 0, 0, 0, 0, 0.002
FirmC5, 0, 0, 0.007, 0.006, 0, 0, 0, 0, 0.005
FirmC6, 0, 0, 0.006, 0.008, 0, 0, 0, 0, 0.005
FirmC7, 1, 0.004, 0.008, 0.489, 1, 0, 1, 0.329, 0.67
FirmC8, 0, 0, 0.029, 0.018, 0, 0, 0, 0, 0.003
FirmC9, 0, 0, 0.02, 0.011, 0, 0, 0, 0, 0.005
FirmD1, 0, 0, 0.007, 0.007, 0, 0, 0, 0, 0.006
FirmD2, 0, 0, 0.004, 0.006, 0, 0, 0, 0, 0.004
FirmD3, 0, 0, 0.002, 0.002, 0, 0, 0, 0, 0.002
FirmD4, 0, 0, 0.003, 0.003, 0, 0, 0, 0, 0.002
FirmE1, 0, 0, 0.007, 0.007, 0, 0, 0, 0, 0.006
FirmE2, 0, 0, 0.011, 0.012, 0, 0, 0, 0, 0.008
FirmE3, 0, 0, 0.005, 0.005, 0, 0, 0, 0, 0.005
FirmE4, 0, 0, 0.003, 0.003, 0, 0, 0, 0, 0.002
FirmE5, 0, 0, 0.005, 0.006, 0, 0, 0, 0, 0.005
FirmE6, 0, 0, 0.006, 0.006, 0, 0, 0, 0, 0.005
FirmE7, 0, 0, 0.006, 0.003, 0, 0, 0, 0, 0.003
FirmE8, 0, 0, 0.005, 0.007, 0, 0, 0, 0, 0.002
FirmF1, 0, 0, 0.004, 0.004, 0, 0, 0, 0, 0.004
FirmF2, 0, 0, 0.008, 0.01, 0, 0, 0, 0, 0.007
FirmF3, 0, 0, 0.009, 0.013, 0, 0, 0, 0, 0.008
FirmG1, 0, 0, 0.004, 0.005, 0, 0, 0, 0, 0.004
FirmG2, 0, 0, 0.003, 0.003, 0, 0, 0, 0, 0.003
FirmG3, 0, 0, 0.005, 0.004, 0, 0, 0, 0, 0.004
FirmG4, 0, 0, 0.004, 0.005, 0, 0, 0, 0, 0.004
FirmG5, 0, 0, 0.005, 0.006, 0, 0, 0, 0, 0.005
FirmG6, 0, 0, 0.003, 0.004, 0, 0, 0, 0, 0.002
Firms1, 0, 0, 0.007, 0.005, 0, 0, 0, 0, 0.005
Firms10, 0, 0, 0.002, 0.002, 0, 0, 0, 0, 0
Firms11, 0, 0, 0.003, 0.003, 0, 0, 0, 0, 0.003
Firms12, 0, 0, 0.01, 0.012, 0, 0, 0, 0, 0.004
Firms13, 0, 0, 0.013, 0.014, 0, 0, 0, 0, 0.007
Firms15, 0, 0, 0.004, 0.004, 0, 0, 0, 0, 0.002
Firms16, 0, 0, 0.006, 0.005, 0, 0, 0, 0, 0.004
Firms17, 0, 0, 0.003, 0.004, 0, 0, 0, 0, 0.003
Firms18, 0, 0, 0.006, 0.006, 0, 0, 0, 0, 0.004
Firms2, 0, 0, 0.009, 0.007, 0, 0, 0, 0, 0.006
Firms20, 0, 0, 0.007, 0.007, 0, 0, 0, 0, 0.003
Firms21, 0, 0, 0.002, 0.002, 0, 0, 0, 0, 0.002
Firms22, 0, 0, 0.003, 0.003, 0, 0, 0, 0, 0.002
Firms23, 0, 0, 0.005, 0.005, 0, 0, 0, 0, 0.003
Firms24, 0, 0, 0.005, 0.002, 0, 0, 0, 0, 0.001
Firms25, 0, 0, 0.011, 0.011, 0, 0, 0, 0, 0.007
Firms26, 0, 0, 0.007, 0.006, 0, 0, 0, 0, 0.003
Firms27, 0, 0, 0.005, 0.004, 0, 0, 0, 0, 0.004
Firms28, 0, 0, 0.009, 0.01, 0, 0, 0, 0, 0.006
Firms29, 0, 0, 0.012, 0.012, 0, 0, 0, 0, 0.008
Firms3, 0, 0, 0.007, 0.007, 0, 0, 0, 0, 0.006
Firms30, 0, 0, 0.005, 0.006, 0, 0, 0, 0, 0.005
Firms31, 0, 0, 0.003, 0.003, 0, 0, 0, 0, 0.003
Firms32, 0, 0, 0.007, 0.004, 0, 0, 0, 0, 0.003
Firms33, 0, 0, 0.005, 0.004, 0, 0, 0, 0, 0.004
Firms4, 0, 0, 0.002, 0.001, 0, 0, 0, 0, 0.001
Firms5, 0, 0, 0.008, 0.012, 0, 0, 0, 0, 0.006
Firms6, 0, 0, 0.005, 0.005, 0, 0, 0, 0, 0.005
Firms7, 0, 0, 0.007, 0.007, 0, 0, 0, 0, 0.006
Firms8, 0, 0, 0.008, 0.008, 0, 0, 0, 0, 0.005
Firms9, 0, 0, 0.004, 0.005, 0, 0, 0, 0, 0.004
Fuso2, 0, 0, 0.021, 0.017, 0, 0, 0, 0, 0.006
Gemm2, 0, 0, 0.004, 0.005, 0, 0, 0, 0, 0.003
Gemm3, 0, 0, 0.007, 0.006, 0, 0, 0, 0, 0.005
Gemm4, 0, 0, 0.006, 0.005, 0, 0, 0, 0, 0.005
Gemm5, 0, 0, 0.003, 0.002, 0, 0, 0, 0, 0.002
Gemm6, 0, 0, 0.005, 0.007, 0, 0, 0, 0, 0.003
Gemm7, 0, 0, 0.01, 0.009, 0, 0, 0, 0, 0.006
Gemm8, 0, 0, 0.005, 0.005, 0, 0, 0, 0, 0.003
Gemm9, 0, 0, 0.005, 0.004, 0, 0, 0, 0, 0.002
GemmA1, 0, 0, 0.004, 0.006, 0, 0, 0, 0, 0.004
Gold1, 0, 0, 0.008, 0.008, 0, 0, 0, 0, 0.002
Gold2, 0, 0, 0.014, 0.011, 0, 0, 0, 0, 0.008
Hydr1, 0, 0, 0.005, 0.005, 0, 0, 0, 0, 0.003
Hydr2, 0, 0, 0.006, 0.005, 0, 0, 0, 0, 0.004
J088X1, 0, 0, 0.457, 0.181, 0, 0, 0, 0, 0.006
KSB1X1, 0, 0, 0.007, 0.007, 0, 0, 0, 0, 0.007
KSB1X2, 0, 0, 0.003, 0.003, 0, 0, 0, 0, 0.003
KSB1X3, 0, 0, 0.003, 0.007, 0, 0, 0, 0, 0.003
KSB1X4, 0, 0, 0.002, 0.002, 0, 0, 0, 0, 0.002
Krum1, 0, 0, 0.003, 0.005, 0, 0, 0, 0, 0.003
Late1, 0, 0, 0.005, 0.005, 0, 0, 0, 0, 0.003
Late2, 0, 0, 0.007, 0.007, 0, 0, 0, 0, 0.007
Late3, 0, 0, 0.007, 0.007, 0, 0, 0, 0, 0.005
Lind1, 1, 0.001, 0.011, 0.122, 1, 0, 1, 0.624, 0.383
Lind2, 0, 0, 0.632, 0.062, 0, 0, 0, 0, 0.005
Lind4, 0, 0, 0.555, 0.051, 0, 0, 0, 0, 0.003
Marg1, 0, 0, 0.007, 0.008, 0, 0, 0, 0, 0.006
Marg2, 0, 0, 0.004, 0.003, 0, 0, 0, 0, 0.003
Marg6, 0, 0, 0.01, 0.013, 0, 0, 0, 0, 0.009
Marg7, 0, 0, 0.004, 0.005, 0, 0, 0, 0, 0.003
Mari1, 0, 0, 0.003, 0.003, 0, 0, 0, 0, 0.003
Mari2, 0, 0, 0.002, 0.002, 0, 0, 0, 0, 0.002
Mari3, 0, 0, 0.002, 0.002, 0, 0, 0, 0, 0.002
Mari5, 0, 0, 0.002, 0.004, 0, 0, 0, 0, 0.001
Mari6, 0, 0, 0.003, 0.003, 0, 0, 0, 0, 0.003
Meth1, 0, 0, 0.01, 0.011, 0, 0, 0, 0, 0.007
Meth2, 0, 0, 0.007, 0.007, 0, 0, 0, 0, 0.004
Meth3, 0, 0, 0.005, 0.003, 0, 0, 0, 0, 0.003
Meth4, 0, 0, 0.005, 0.005, 0, 0, 0, 0, 0.003
Meth5, 0, 0, 0.009, 0.012, 0, 0, 0, 0, 0.008
Muir1, 0, 0, 0.012, 0.013, 0, 0, 0, 0, 0.011
MyxA1, 0, 0, 0.013, 0.007, 0, 0, 0, 0, 0.004
MyxA2, 0, 0, 0.01, 0.012, 0, 0, 0, 0, 0.005
MyxA3, 0, 0, 0.008, 0.006, 0, 0, 0, 0, 0.003
MyxA4, 0, 0, 0.034, 0.022, 0, 0, 0, 0, 0.004
Myxo1, 0, 0, 0.011, 0.01, 0, 0, 0, 0, 0.008
Myxo10, 0, 0, 0.071, 0.028, 0, 0, 0, 0, 0.006
Myxo11, 1, 0, 0.007, 0.012, 1, 0, 1, 0.998, 0.007
Myxo13, 1, 0, 0.005, 0.003, 1, 0, 1, 0.997, 0.005
Myxo14, 0, 0, 0.017, 0.01, 0, 0, 0, 0, 0.003
Myxo15, 0, 0, 0.253, 0.066, 0, 0, 0, 0, 0.004
Myxo17, 1, 0, 0.016, 0.008, 1, 0, 1, 0.998, 0.006
Myxo18, 1, 0.001, 0.009, 0.351, 1, 0, 1, 0.245, 0.759
Myxo19, 1, 0, 0.012, 0.009, 1, 0, 1, 0.998, 0.002
Myxo2, 0, 0, 0.01, 0.009, 0, 0, 0, 0, 0.007
Myxo3, 0, 0, 0.018, 0.008, 0, 0, 0, 0, 0.002
Myxo5, 1, 0.001, 0.005, 0.179, 1, 0, 1, 0.103, 0.901
Myxo6, 0, 0, 0.016, 0.014, 0, 0, 0, 0, 0.002
Myxo7, 0, 0, 0.035, 0.022, 0, 0, 0, 0, 0.007
Myxo8, 0, 0, 0.033, 0.028, 0, 0, 0, 0, 0.005
Myxo9, 0, 0, 0.017, 0.012, 0, 0, 0, 0, 0.005
NPL1, 0, 0, 0.01, 0.011, 0, 0, 0, 0, 0.006
Nitr1, 1, 0.002, 0.015, 0.178, 1, 0, 1, 0.043, 0.962
Nitr10, 0, 0, 0.004, 0.005, 0, 0, 0, 0, 0.003
Nitr11, 0, 0, 0.006, 0.006, 0, 0, 0, 0, 0.005
Nitr12, 0, 0, 0.007, 0.007, 0, 0, 0, 0, 0.003
Nitr13, 0, 0, 0.009, 0.008, 0, 0, 0, 0, 0.007
Nitr14, 0, 0, 0.008, 0.007, 0, 0, 0, 0, 0.004
Nitr15, 0, 0, 0.007, 0.006, 0, 0, 0, 0, 0.004
Nitr16, 0, 0, 0.003, 0.004, 0, 0, 0, 0, 0.002
Nitr17, 0, 0, 0.003, 0.004, 0, 0, 0, 0, 0.003
Nitr2, 0, 0, 0.01, 0.012, 0, 0, 0, 0, 0.009
Nitr3, 0, 0, 0.008, 0.009, 0, 0, 0, 0, 0.006
Nitr4, 0, 0, 0.003, 0.003, 0, 0, 0, 0, 0.003
Nitr5, 0, 0, 0.002, 0.002, 0, 0, 0, 0, 0.002
Nitr6, 0, 0, 0.003, 0.003, 0, 0, 0, 0, 0.002
Nitr7, 0, 0, 0.006, 0.006, 0, 0, 0, 0, 0.003
Nitr8, 0, 0, 0.011, 0.01, 0, 0, 0, 0, 0.006
Nitr9, 0, 0, 0.01, 0.011, 0, 0, 0, 0, 0.007
Nits1, 0, 0, 0.005, 0.007, 0, 0, 0, 0, 0.005
Nits2, 0, 0, 0.009, 0.009, 0, 0, 0, 0, 0.007
Nits3, 0, 0, 0.002, 0.003, 0, 0, 0, 0, 0.002
Nits4, 0, 0, 0.005, 0.005, 0, 0, 0, 0, 0.003
NitsA1, 0, 0, 0.009, 0.008, 0, 0, 0, 0, 0.002
NitsA2, 0, 0, 0.013, 0.011, 0, 0, 0, 0, 0.006
NitsA3, 0, 0, 0.004, 0.003, 0, 0, 0, 0, 0.002
Node_AABM5X1_AABM5X2_0, 0.002, 0, 0.004, 0.004, 0.002, 0, 0.002, 0, 0.006
Node_AABM5X1_AABM5X3_0, 0, 0, 0.005, 0.003, 0, 0, 0, 0, 0.003
Node_Acid11_Acid16_0, 0.001, 0, 0.009, 0.002, 0.001, 0, 0.001, 0.001, 0
Node_Acid11_Acid31_0, 0.001, 0, 0.003, 0.004, 0.001, 0, 0.001, 0.001, 0.003
Node_Acid12_Acid13_0, 0, 0, 0.007, 0.006, 0, 0, 0, 0, 0.006
Node_Acid1_Acid17_0, 0.021, 0, 0.366, 0.045, 0.021, 0, 0.021, 0.019, 0.005
Node_Acid1_Acid3_0, 0.382, 0.002, 0.007, 0.063, 0.372, 0, 0.382, 0.253, 0.132
Node_Acid23_Acid12_0, 0.001, 0, 0, 0, 0.001, 0, 0.001, 0, 0.001
Node_Acid29_Acid27_0, 0.001, 0, 0.008, 0.008, 0.001, 0, 0.001, 0, 0.008
Node_Acid2_Acid11_0, 0.01, 0, 0.067, 0.023, 0.01, 0, 0.01, 0.009, 0.001
Node_Acid2_Acid18_0, 0.002, 0, 0.008, 0.006, 0.002, 0, 0.002, 0.002, 0
Node_Acid32_Acid25_0, 0.039, 0, 0.005, 0.008, 0.039, 0, 0.039, 0.004, 0.036
Node_Acid32_Acid26_0, 0.192, 0, 0.006, 0.01, 0.192, 0, 0.192, 0.037, 0.159
Node_Acid34_Acid22_0, 0.003, 0, 0.171, 0.007, 0.003, 0, 0.003, 0.002, 0.001
Node_Acid34_Acid24_0, 0.001, 0, 0.005, 0.004, 0.001, 0, 0.001, 0, 0.003
Node_Acid34_Acid29_0, 0.001, 0, 0.007, 0.006, 0.001, 0, 0.001, 0, 0.006
Node_Acid34_Acid33_0, 0.002, 0, 0.003, 0.003, 0.002, 0, 0.002, 0, 0.004
Node_Acid37_Acid21_0, 0.001, 0, 0.007, 0.004, 0.001, 0, 0.001, 0.001, 0
Node_Acid37_Acid30_0, 0, 0, 0.004, 0.003, 0, 0, 0, 0, 0.003
Node_Acid37_Acid32_0, 0.008, 0, 0.003, 0.003, 0.008, 0, 0.008, 0.004, 0.004
Node_Acid38_Acid10_0, 0.174, 0, 0.009, 0.006, 0.172, 0, 0.174, 0.166, 0.01
Node_Acid38_Acid1_0, 0.255, 0.004, 0.006, 0.018, 0.251, 0, 0.255, 0.092, 0.16
Node_Acid38_Acid2_0, 0.076, 0, 0.028, 0.022, 0.075, 0, 0.076, 0.072, 0.005
Node_Acid38_Acid34_0, 0.173, 0, 0.085, 0.016, 0.172, 0, 0.173, 0.171, 0.003
Node_Acid38_Acid36_0, 1.003, 0, 0.011, 0.014, 1, 0, 1.003, 1, 0.011
Node_Acid38_Acid40_0, 1.003, 0.002, 0.008, 0.195, 0.999, 0, 1.003, 0.377, 0.631
Node_Acid38_Acid4_0, 0.22, 0, 0.008, 0.009, 0.217, 0, 0.22, 0.17, 0.054
Node_Acid38_Acid5_0, 0.097, 0, 0.011, 0.007, 0.097, 0, 0.097, 0.065, 0.032
Node_Acid38_Acid7_0, 0.378, 0, 0.014, 0.033, 0.377, 0, 0.378, 0.209, 0.172
Node_Acid38_Acid8_0, 0.099, 0.001, 0.071, 0.078, 0.098, 0, 0.099, 0.094, 0.005
Node_Acid38_B130X1_0, 0.164, 0.001, 0.468, 0.158, 0.164, 0, 0.164, 0.164, 0
Node_Acid39_Acid35_0, 0.34, 0.001, 0.008, 0.173, 0.338, 0, 0.34, 0.003, 0.341
Node_Acid3_Acid14_0, 1.183, 0.001, 0.012, 0.063, 0.975, 0, 1.183, 1.021, 0.164
Node_Acid3_Acid6_0, 1.03, 0.007, 0.009, 0.237, 0.965, 0, 1.03, 0.375, 0.65
Node_Acid40_Acid20_0, 1.003, 0.002, 0.009, 0.009, 1, 0, 1.003, 0.997, 0.007
Node_Acid5_Acid23_0, 0, 0, 0.007, 0.002, 0, 0, 0, 0, 0
Node_Acid5_Acid37_0, 0.007, 0, 0.09, 0.012, 0.007, 0, 0.007, 0.007, 0
Node_Acid6_Acid28_0, 0.971, 0, 0.068, 0.014, 0.967, 0, 0.971, 0.963, 0.009
Node_Acid8_Acid9_0, 0.011, 0, 0.09, 0.022, 0.011, 0, 0.011, 0.011, 0.002
Node_Acid9_Acid39_0, 0.006, 0, 0.012, 0.01, 0.006, 0, 0.006, 0.002, 0.007
Node_Acti10_Acti11_0, 0.125, 0.001, 0.027, 0.047, 0.122, 0, 0.125, 0.091, 0.032
Node_Acti10_Acti25_0, 0.222, 0.002, 0.014, 0.067, 0.219, 0, 0.222, 0.113, 0.109
Node_Acti10_Acti26_0, 0.119, 0.001, 0.17, 0.088, 0.117, 0, 0.119, 0.111, 0.007
Node_Acti10_Acti31_0, 0.165, 0, 0.087, 0.103, 0.16, 0, 0.165, 0.14, 0.03
Node_Acti10_Acti3_0, 0.244, 0, 0.281, 0.098, 0.236, 0, 0.244, 0.082, 0.168
Node_Acti10_Acti7_0, 0.357, 0.001, 0.008, 0.146, 0.335, 0, 0.357, 0.159, 0.199
Node_Acti11_Acti22_0, 0.016, 0.001, 0.111, 0.047, 0.016, 0, 0.016, 0.015, 0.001
Node_Acti12_Acti21_0, 1.003, 0.003, 1.004, 0.22, 0.999, 0, 1.003, 0.58, 0.427
Node_Acti12_Acti48_0, 1.577, 0, 0.022, 0.082, 0.996, 0, 1.577, 1.453, 0.124
Node_Acti14_Acti33_0, 0.929, 0.005, 0.378, 0.296, 0.869, 0, 0.929, 0.918, 0.005
Node_Acti14_Acti34_0, 0.182, 0.002, 0.752, 0.346, 0.182, 0, 0.182, 0.181, 0.003
Node_Acti14_Acti6_0, 0.042, 0, 0.143, 0.141, 0.042, 0, 0.042, 0.04, 0.003
Node_Acti18_Acti16_0, 0.011, 0, 0.096, 0.083, 0.011, 0, 0.011, 0.01, 0.01
Node_Acti18_Acti4_0, 0.097, 0.003, 0.502, 0.261, 0.095, 0, 0.097, 0.094, 0.003
Node_Acti19_Acti13_0, 0.216, 0.001, 0.123, 0.041, 0.213, 0, 0.216, 0.215, 0
Node_Acti19_Acti23_0, 0.29, 0, 0.014, 0.041, 0.29, 0, 0.29, 0.208, 0.088
Node_Acti19_Acti42_0, 0.126, 0, 0.014, 0.04, 0.126, 0, 0.126, 0.117, 0.01
Node_Acti19_Acti49_0, 0.338, 0.053, 0.01, 0.093, 0.282, 0, 0.338, 0.132, 0.125
Node_Acti19_Acti8_0, 0.17, 0.006, 0.004, 0.042, 0.164, 0, 0.17, 0.12, 0.042
Node_Acti33_Acti35_0, 0.89, 0.002, 0.072, 0.152, 0.883, 0, 0.89, 0.862, 0.031
Node_Acti43_Acti36_0, 0.836, 0.003, 1.084, 0.328, 0.738, 0, 0.836, 0.786, 0.048
Node_Acti46_Acti41_0, 1.961, 0.004, 0.528, 0.296, 0.999, 0, 1.961, 1.951, 0.01
Node_Acti47_Acti45_0, 0.856, 0, 1.787, 0.199, 0.812, 0, 0.856, 0.826, 0.035
Node_Acti49_Acti15_0, 1.298, 0.186, 0.009, 0.279, 0.994, 0, 1.298, 0.461, 0.604
Node_Acti49_Acti32_0, 1.722, 0.002, 0.013, 0.122, 0.999, 0, 1.722, 1.682, 0.043
Node_Acti49_Acti38_0, 1.69, 0.291, 0.024, 0.323, 0.999, 0, 1.69, 0.99, 0.125
Node_Acti49_Acti40_0, 0.517, 0.021, 0.01, 0.082, 0.436, 0, 0.517, 0.322, 0.168
Node_Acti50_Acti10_0, 0.281, 0.009, 0.001, 0.096, 0.269, 0, 0.281, 0.147, 0.123
Node_Acti50_Acti14_0, 1.297, 0.259, 0.017, 0.575, 0.917, 0, 1.297, 0.504, 0.462
Node_Acti50_Acti18_0, 0.593, 0.088, 0.011, 0.176, 0.496, 0.001, 0.593, 0.249, 0.234
Node_Acti50_Acti19_0, 0.13, 0.003, 0.003, 0.032, 0.128, 0, 0.13, 0.035, 0.093
Node_Acti50_Acti20_0, 0.003, 0, 0.002, 0.001, 0.003, 0, 0.003, 0.003, 0.001
Node_Acti50_Acti28_0, 2.078, 0.048, 0.759, 0.208, 0.998, 0, 2.078, 1.819, 0.181
Node_Acti50_Acti39_0, 0.15, 0.001, 0.007, 0.041, 0.147, 0, 0.15, 0.125, 0.026
Node_Acti50_Acti43_0, 1.869, 0.406, 0.043, 0.707, 0.97, 0, 1.869, 0.901, 0.209
Node_Acti50_Acti46_0, 2.475, 0.088, 0.02, 0.354, 1, 0, 2.475, 1.807, 0.538
Node_Acti50_Acti47_0, 2.608, 0.003, 0.077, 0.217, 1, 0, 2.608, 2.561, 0.043
Node_Acti50_Acti51_0, 0.037, 0, 0.001, 0.006, 0.037, 0, 0.037, 0.003, 0.035
Node_Acti50_Acti52_0, 2.639, 0.123, 0.048, 0.165, 1, 0, 2.639, 2.321, 0.089
Node_Acti50_FirmF1_0, 0.004, 0, 0.003, 0, 0.004, 0, 0.004, 0.004, 0
Node_Acti51_Acti27_0, 0.005, 0, 0.008, 0.012, 0.005, 0, 0.005, 0.004, 0.002
Node_Acti51_Acti9_0, 0.011, 0.002, 0.03, 0.009, 0.01, 0, 0.011, 0.007, 0.002
Node_Acti52_Acti12_0, 1.475, 0.003, 0.789, 0.082, 0.997, 0, 1.475, 1.371, 0.1
Node_Acti52_Acti37_0, 2.161, 0.005, 0.507, 0.109, 0.998, 0, 2.161, 2.13, 0.024
Node_Acti52_Acti44_0, 1.009, 0, 0.475, 0.052, 0.994, 0, 1.009, 1.004, 0.009
Node_Acti8_Acti24_0, 0.003, 0, 0.006, 0.006, 0.003, 0, 0.003, 0.001, 0.004
Node_Acti8_Acti2_0, 0.02, 0, 0.152, 0.035, 0.02, 0, 0.02, 0.019, 0.002
Node_Acti8_Acti5_0, 0.005, 0, 0.017, 0.011, 0.005, 0, 0.005, 0.005, 0.002
Node_Acti9_Acti29_0, 0.003, 0, 0.001, 0.003, 0.003, 0, 0.003, 0, 0.003
Node_Acti9_Acti30_0, 0.001, 0, 0.012, 0.01, 0.001, 0, 0.001, 0, 0.002
Node_Aero1_NPL1_0, 0.004, 0, 0.038, 0.023, 0.004, 0, 0.004, 0.003, 0.002
Node_Aero1_UBA6X1_0, 0.149, 0, 0.104, 0.087, 0.148, 0, 0.149, 0.148, 0.001
Node_Aero1_UBA9X1_0, 0.04, 0.001, 0.111, 0.058, 0.039, 0, 0.04, 0.037, 0.001
Node_Aqui2_Aqui1_0, 0.003, 0, 0.011, 0.01, 0.003, 0, 0.003, 0, 0.011
Node_Aqui2_Aqui3_0, 0.018, 0, 0.047, 0.027, 0.018, 0, 0.018, 0.018, 0
Node_Aqui2_Aqui5_0, 0.003, 0, 0.006, 0.007, 0.003, 0, 0.003, 0.001, 0.004
Node_Aqui2_Aqui6_0, 0.005, 0, 0.015, 0.008, 0.005, 0, 0.005, 0.005, 0.002
Node_Aqui2_Camp1_0, 0.459, 0.005, 0.029, 0.107, 0.448, 0, 0.459, 0.446, 0.005
Node_Aqui2_Thers1_0, 0.065, 0, 0.395, 0.109, 0.065, 0, 0.065, 0.064, 0.001
Node_Aqui6_Aqui4_0, 0.002, 0, 0.012, 0.011, 0.002, 0, 0.002, 0.001, 0.009
Node_Arma12_Arma11_0, 0.002, 0, 0.003, 0.002, 0.002, 0, 0.002, 0, 0.004
Node_Arma12_Arma7_0, 0.009, 0, 0.003, 0.004, 0.009, 0, 0.009, 0.002, 0.01
Node_Arma15_Arma13_0, 0.012, 0, 0.183, 0.022, 0.012, 0, 0.012, 0.01, 0.007
Node_Arma4_Acti50_0, 0.007, 0, 0.008, 0.012, 0.007, 0, 0.007, 0.007, 0
Node_Arma4_Arma12_0, 0.001, 0, 0.002, 0.002, 0.001, 0, 0.001, 0, 0.002
Node_Arma4_Arma14_0, 0.002, 0, 0.006, 0.008, 0.002, 0, 0.002, 0.001, 0.007
Node_Arma4_Arma6_0, 0.001, 0, 0.006, 0.004, 0.001, 0, 0.001, 0, 0.002
Node_Arma4_CSP1X1_0, 0.002, 0, 0.003, 0.001, 0.002, 0, 0.002, 0.001, 0.002
Node_Arma4_Erem6_0, 0.004, 0, 0.002, 0.003, 0.004, 0, 0.004, 0.001, 0.004
Node_Arma4_Pate48_0, 0.003, 0, 0.004, 0.001, 0.003, 0, 0.003, 0.003, 0
Node_Arma4_UBP13X1_0, 0.005, 0, 0.004, 0.006, 0.005, 0, 0.005, 0.002, 0.005
Node_Arma6_Arma15_0, 0.188, 0, 0.005, 0.018, 0.188, 0, 0.188, 0.034, 0.158
Node_Arma6_Arma16_0, 0.005, 0, 0.001, 0, 0.005, 0, 0.005, 0, 0.005
Node_Arma6_Arma3_0, 0.001, 0, 0.002, 0.002, 0.001, 0, 0.001, 0, 0.002
Node_Arma6_Arma9_0, 0.035, 0, 0.001, 0.004, 0.035, 0, 0.035, 0.005, 0.031
Node_Aure2_Aure1_0, 0.001, 0, 0.027, 0.011, 0.001, 0, 0.001, 0.001, 0.001
Node_Bact1_Bact11_0, 0.002, 0, 0.007, 0.012, 0.002, 0, 0.002, 0, 0.009
Node_Bact1_Bact17_0, 0, 0, 0.011, 0.008, 0, 0, 0, 0, 0.006
Node_Bact20_Bact1_0, 0.005, 0, 0.003, 0.006, 0.005, 0, 0.005, 0.001, 0.007
Node_Bact20_Bact30_0, 0.003, 0, 0.006, 0.008, 0.003, 0, 0.003, 0.002, 0.004
Node_Bact21_Bact29_0, 1.041, 0.002, 0.368, 0.154, 1, 0, 1.041, 0.953, 0.087
Node_Bact21_Bact36_0, 1.32, 0.003, 0.189, 0.171, 0.963, 0, 1.32, 1.286, 0.032
Node_Bact21_Bact44_0, 1.474, 0.005, 0.021, 0.171, 0.968, 0, 1.474, 1.111, 0.361
Node_Bact22_Bact31_0, 0.004, 0, 0.013, 0.012, 0.004, 0, 0.004, 0.002, 0.007
Node_Bact22_Bact5_0, 0.01, 0, 0.076, 0.04, 0.01, 0, 0.01, 0.007, 0.006
Node_Bact23_Bact28_0, 0.238, 0.002, 0.008, 0.058, 0.237, 0, 0.238, 0.064, 0.176
Node_Bact23_Bact34_0, 0.068, 0, 0.008, 0.022, 0.068, 0, 0.068, 0.011, 0.063
Node_Bact23_Bact4_0, 0.013, 0, 0.002, 0.006, 0.013, 0, 0.013, 0.001, 0.014
Node_Bact24_Bact23_0, 0.001, 0, 0.002, 0, 0.001, 0, 0.001, 0, 0.001
Node_Bact24_Bact25_0, 0, 0, 0.004, 0.005, 0, 0, 0, 0, 0.003
Node_Bact24_Bact3_0, 0.002, 0, 0.008, 0.003, 0.002, 0, 0.002, 0.002, 0.001
Node_Bact24_Bact7_0, 0.009, 0, 0.023, 0.011, 0.009, 0, 0.009, 0.008, 0.002
Node_Bact25_Bact20_0, 0.001, 0, 0.002, 0.002, 0.001, 0, 0.001, 0, 0.003
Node_Bact25_Bact2_0, 0, 0, 0.002, 0.003, 0, 0, 0, 0, 0.002
Node_Bact27_Bact19_0, 1.054, 0.008, 0.108, 0.237, 0.942, 0, 1.054, 1.021, 0.025
Node_Bact27_Bact21_0, 1.129, 0.033, 0.012, 0.594, 0.936, 0, 1.129, 0.318, 0.781
Node_Bact27_Bact22_0, 0.08, 0.002, 0.005, 0.047, 0.077, 0, 0.08, 0.027, 0.053
Node_Bact27_Bact24_0, 0.03, 0.001, 0.002, 0.018, 0.03, 0, 0.03, 0.011, 0.019
Node_Bact27_Bact35_0, 0.602, 0.015, 0.532, 0.419, 0.566, 0, 0.602, 0.515, 0.065
Node_Bact27_Bact37_0, 0.327, 0.01, 0.001, 0.173, 0.309, 0, 0.327, 0.075, 0.238
Node_Bact27_Bact40_0, 1.076, 0.308, 0.069, 0.381, 0.742, 0, 1.076, 0.327, 0.235
Node_Bact27_Mari3_0, 0.012, 0, 0.001, 0.006, 0.012, 0, 0.012, 0.006, 0.006
Node_Bact29_Bact9_0, 1.002, 0, 0.046, 0.036, 0.996, 0, 1.002, 0.999, 0.007
Node_Bact30_Bact32_0, 0.002, 0, 0.008, 0.01, 0.002, 0, 0.002, 0.001, 0.007
Node_Bact31_Bact38_0, 0.009, 0, 0.012, 0.017, 0.009, 0, 0.009, 0.001, 0.017
Node_Bact33_Bact10_0, 0.008, 0, 0.006, 0.007, 0.008, 0, 0.008, 0.003, 0.005
Node_Bact33_Bact39_0, 0.003, 0, 0.009, 0.006, 0.003, 0, 0.003, 0.001, 0.004
Node_Bact33_Bact6_0, 0.009, 0, 0.052, 0.042, 0.009, 0, 0.009, 0.008, 0.003
Node_Bact36_Bact43_0, 0.468, 0.001, 0.937, 0.158, 0.462, 0, 0.468, 0.384, 0.084
Node_Bact37_Bact33_0, 0.058, 0, 0.273, 0.097, 0.058, 0, 0.058, 0.056, 0.004
Node_Bact37_Bact42_0, 0.005, 0, 0.062, 0.034, 0.005, 0, 0.005, 0.003, 0.009
Node_Bact3_Bact12_0, 0, 0, 0.005, 0.005, 0, 0, 0, 0, 0.003
Node_Bact3_Bact13_0, 0.003, 0, 0.005, 0.006, 0.003, 0, 0.003, 0.001, 0.007
Node_Bact3_Bact14_0, 0.001, 0, 0.005, 0.004, 0.001, 0, 0.001, 0, 0.003
Node_Bact3_Bact18_0, 0.001, 0, 0.002, 0.003, 0.001, 0, 0.001, 0, 0.003
Node_Bact40_Bact41_0, 1.367, 0.005, 0.02, 0.126, 0.999, 0, 1.367, 1.056, 0.306
Node_Bact5_Bact16_0, 0.005, 0, 0.01, 0.005, 0.005, 0, 0.005, 0.002, 0.005
Node_Bact7_Bact8_0, 0.002, 0, 0.019, 0.018, 0.002, 0, 0.002, 0.002, 0.012
Node_Bdell12_Bdell3_0, 1.006, 0.003, 0.016, 0.313, 1, 0, 1.006, 0.285, 0.723
Node_Bdell13_Bdell12_0, 0.296, 0.004, 0.079, 0.174, 0.292, 0, 0.296, 0.113, 0.182
Node_Bdell14_Bdell11_0, 0.003, 0, 0.007, 0.011, 0.003, 0, 0.003, 0.001, 0.006
Node_Bdell14_Bdell4_0, 0.003, 0, 0.008, 0.013, 0.003, 0, 0.003, 0, 0.008
Node_Bdell15_Bdell14_0, 0.004, 0, 0.007, 0.006, 0.004, 0, 0.004, 0.003, 0.001
Node_Bdell15_Bdell7_0, 0.003, 0, 0.009, 0.008, 0.003, 0, 0.003, 0, 0.008
Node_Bdell15_Bdell9_0, 0.004, 0, 0.002, 0.003, 0.004, 0, 0.004, 0.001, 0.003
Node_Bdell17_Bdell15_0, 0.01, 0, 0.021, 0.018, 0.01, 0, 0.01, 0.01, 0.002
Node_Bdell17_Bdell16_0, 0.001, 0, 0.015, 0.009, 0.001, 0, 0.001, 0.001, 0.006
Node_Bdell2_Bdell10_0, 0.002, 0, 0.007, 0.008, 0.002, 0, 0.002, 0.002, 0.004
Node_Bdell6_Bdell17_0, 0.029, 0, 0.2, 0.052, 0.029, 0, 0.029, 0.028, 0.002
Node_Bdell6_Bdell2_0, 0.005, 0, 0.024, 0.017, 0.005, 0, 0.005, 0.005, 0
Node_Bdell6_UBA1X6_0, 0.227, 0.003, 0.076, 0.055, 0.224, 0, 0.227, 0.218, 0.004
Node_Bdell7_Bdell5_0, 0.002, 0, 0.007, 0.006, 0.002, 0, 0.002, 0.001, 0.006
Node_BdellC1_BdellC2_0, 0.001, 0.001, 0.022, 0.011, 0.001, 0, 0.001, 0.001, 0.001
Node_Bipo1_Bipo2_0, 0, 0, 0.003, 0.003, 0, 0, 0, 0, 0.003
Node_Bipo1_Therg8_0, 0, 0, 0.002, 0.004, 0, 0, 0, 0, 0
Node_CG294X1_CG267X1_0, 0.004, 0, 0.046, 0.026, 0.004, 0, 0.004, 0.004, 0
Node_Calda2_Calda1_0, 0, 0, 0.001, 0.004, 0, 0, 0, 0, 0
Node_Caldit2_Caldit1_0, 0.001, 0, 0.002, 0.001, 0.001, 0, 0.001, 0, 0.002
Node_Caldit2_Caldit3_0, 0.001, 0, 0.005, 0.005, 0.001, 0, 0.001, 0, 0.003
Node_Camp14_Camp15_0, 0.917, 0, 0.094, 0.073, 0.904, 0, 0.917, 0.89, 0.03
Node_Camp1_Camp2_0, 1.073, 0.031, 0.008, 0.193, 0.967, 0, 1.073, 0.523, 0.502
Node_Camp1_Camp3_0, 0.971, 0.001, 0.11, 0.098, 0.963, 0, 0.971, 0.964, 0.007
Node_Camp1_Camp9_0, 0.548, 0.007, 0.006, 0.098, 0.528, 0, 0.548, 0.444, 0.095
Node_Camp1_UBP6X1_0, 0.452, 0.002, 0.022, 0.136, 0.444, 0, 0.452, 0.438, 0.013
Node_Camp2_Camp11_0, 1.312, 0.07, 0.014, 0.535, 0.986, 0, 1.312, 1.001, 0.183
Node_Camp2_Camp13_0, 0.961, 0.002, 0.802, 0.173, 0.923, 0, 0.961, 0.942, 0.021
Node_Camp2_Camp4_0, 1.74, 0.004, 0.031, 0.241, 0.999, 0, 1.74, 1.622, 0.117
Node_Camp2_Camp5_0, 1.699, 0.524, 0.205, 0.48, 0.995, 0, 1.699, 0.668, 0.068
Node_Camp2_Camp7_0, 1.65, 0.025, 0.156, 0.098, 1, 0, 1.65, 1.521, 0.082
Node_Camp4_Camp16_0, 1.776, 0.004, 0.021, 0.176, 0.998, 0, 1.776, 1.723, 0.053
Node_Camp5_Camp10_0, 1.292, 0.069, 0.016, 0.195, 0.928, 0, 1.292, 1.059, 0.098
Node_Camp5_Camp12_0, 1.141, 0.064, 0.653, 0.232, 0.916, 0, 1.141, 0.99, 0.031
Node_Camp7_Camp14_0, 0.981, 0.001, 0.676, 0.206, 0.892, 0, 0.981, 0.976, 0.006
Node_Camp9_Camp6_0, 0.047, 0.001, 0.506, 0.148, 0.047, 0, 0.047, 0.045, 0.004
Node_Chlo12_Chlo24_0, 0, 0, 0.006, 0.005, 0, 0, 0, 0, 0.003
Node_Chlo26_Chlo11_0, 0.003, 0, 0.006, 0.005, 0.003, 0, 0.003, 0.001, 0.004
Node_Chlo26_Chlo9_0, 0.005, 0, 0.003, 0.002, 0.005, 0, 0.005, 0, 0.006
Node_Chlo30_Chlo20_0, 0, 0, 0.005, 0.005, 0, 0, 0, 0, 0.004
Node_Chlo30_Chlo23_0, 0.001, 0, 0.005, 0.004, 0.001, 0, 0.001, 0.001, 0.004
Node_Chlo30_Chlo36_0, 0.002, 0, 0.001, 0.001, 0.002, 0, 0.002, 0.002, 0.001
Node_Chlo30_Chlo37_0, 0.001, 0, 0.004, 0.006, 0.001, 0, 0.001, 0, 0.005
Node_Chlo30_Chlo38_0, 0.004, 0, 0.002, 0.001, 0.004, 0, 0.004, 0.001, 0.003
Node_Chlo30_Chlo41_0, 0.006, 0, 0.001, 0.003, 0.006, 0, 0.006, 0.004, 0.003
Node_Chlo30_Chlo43_0, 0.003, 0, 0.003, 0.002, 0.003, 0, 0.003, 0.003, 0
Node_Chlo30_Chlo6_0, 0.002, 0, 0.002, 0.004, 0.002, 0, 0.002, 0.002, 0.001
Node_Chlo30_Dorm2_0, 0.003, 0, 0.002, 0.001, 0.003, 0, 0.003, 0.002, 0.002
Node_Chlo31_Chlo25_0, 0, 0, 0.003, 0.004, 0, 0, 0, 0, 0.003
Node_Chlo35_Chlo21_0, 0.002, 0, 0.004, 0.004, 0.002, 0, 0.002, 0, 0.005
Node_Chlo36_Chlo13_0, 0.005, 0, 0.004, 0.007, 0.005, 0, 0.005, 0.001, 0.008
Node_Chlo36_Chlo14_0, 0.001, 0, 0.005, 0.007, 0.001, 0, 0.001, 0, 0.005
Node_Chlo36_Chlo28_0, 0.001, 0, 0.005, 0.007, 0.001, 0, 0.001, 0, 0.006
Node_Chlo36_Chlo33_0, 0, 0, 0.001, 0.001, 0, 0, 0, 0, 0.001
Node_Chlo36_Chlo40_0, 0.003, 0, 0.009, 0.009, 0.003, 0, 0.003, 0, 0.007
Node_Chlo36_Chlo5_0, 0.001, 0, 0.001, 0, 0.001, 0, 0.001, 0, 0.001
Node_Chlo36_Chlo8_0, 0, 0, 0.003, 0.004, 0, 0, 0, 0, 0.001
Node_Chlo38_Chlo19_0, 0.002, 0, 0.004, 0.005, 0.002, 0, 0.002, 0, 0.006
Node_Chlo38_Chlo31_0, 0, 0, 0.008, 0.008, 0, 0, 0, 0, 0.004
Node_Chlo41_Chlo29_0, 0.031, 0, 0.001, 0.01, 0.031, 0, 0.031, 0.012, 0.019
Node_Chlo41_Chlo32_0, 0.145, 0.002, 0.002, 0.024, 0.143, 0, 0.145, 0.03, 0.114
Node_Chlo41_Chlo39_0, 0.001, 0, 0.006, 0.005, 0.001, 0, 0.001, 0, 0.003
Node_Chlo41_Chlo44_0, 0.02, 0, 0.127, 0.021, 0.02, 0, 0.02, 0.019, 0.002
Node_Chlo41_Chlo4_0, 0.013, 0, 0.003, 0.005, 0.013, 0, 0.013, 0.003, 0.01
Node_Chlo41_Chlo7_0, 0.004, 0, 0.019, 0.009, 0.004, 0, 0.004, 0.002, 0.003
Node_Chlo42_Chlo34_0, 0.002, 0, 0.004, 0.003, 0.002, 0, 0.002, 0, 0.003
Node_Chlo43_Chlo42_0, 0.003, 0, 0.009, 0.01, 0.003, 0, 0.003, 0, 0.011
Node_Chlo43_Chlo45_0, 0.001, 0, 0.005, 0.002, 0.001, 0, 0.001, 0, 0.003
Node_Chlo43_Chlo47_0, 0.001, 0, 0.001, 0.002, 0.001, 0, 0.001, 0, 0.001
Node_Chlo44_Chlo17_0, 0.002, 0, 0.009, 0.009, 0.002, 0, 0.002, 0.001, 0.005
Node_Chlo44_Chlo22_0, 0.006, 0, 0.017, 0.01, 0.006, 0, 0.006, 0.005, 0.003
Node_Chlo45_Chlo27_0, 0.001, 0, 0.001, 0.001, 0.001, 0, 0.001, 0, 0.001
Node_Chlo45_Chlo46_0, 0.002, 0, 0.005, 0.007, 0.002, 0, 0.002, 0, 0.006
Node_Chlo47_Chlo48_0, 0.001, 0, 0.008, 0.009, 0.001, 0, 0.001, 0, 0.008
Node_Chlo48_Chlo10_0, 0.003, 0, 0.005, 0.006, 0.003, 0, 0.003, 0, 0.007
Node_Chlo4_Chlo12_0, 0.003, 0, 0.01, 0.003, 0.003, 0, 0.003, 0.003, 0
Node_Chlo4_Chlo35_0, 0.001, 0, 0.005, 0.007, 0.001, 0, 0.001, 0.001, 0.003
Node_Chlo5_Chlo16_0, 0.002, 0, 0.003, 0.006, 0.002, 0, 0.002, 0.001, 0.004
Node_Chlo6_Chlo18_0, 0.001, 0, 0.004, 0.004, 0.001, 0, 0.001, 0.001, 0.003
Node_Chlo6_Chlo26_0, 0.002, 0, 0.003, 0.002, 0.002, 0, 0.002, 0, 0.003
Node_Chlo7_Chlo15_0, 0.001, 0, 0.008, 0.008, 0.001, 0, 0.001, 0.001, 0.005
Node_Chry1_Aqui2_0, 0.478, 0.006, 0.138, 0.227, 0.469, 0, 0.478, 0.471, 0.003
Node_Chry1_Defe3_0, 0.132, 0.001, 0.349, 0.221, 0.131, 0, 0.132, 0.129, 0.002
Node_Cyan10_Cyan35_0, 0.004, 0, 0.006, 0.004, 0.004, 0, 0.004, 0, 0.005
Node_Cyan10_Cyan45_0, 0, 0, 0.004, 0.001, 0, 0, 0, 0, 0
Node_Cyan10_Cyan46_0, 0.005, 0, 0.009, 0.009, 0.005, 0, 0.005, 0.001, 0.008
Node_Cyan11_Cyan26_0, 0.001, 0, 0.007, 0.007, 0.001, 0, 0.001, 0, 0.005
Node_Cyan12_Cyan13_0, 0.001, 0, 0.004, 0.005, 0.001, 0, 0.001, 0, 0.005
Node_Cyan13_Cyan18_0, 0.005, 0, 0.004, 0.005, 0.005, 0, 0.005, 0.001, 0.008
Node_Cyan14_Cyan15_0, 0.002, 0, 0.005, 0.005, 0.002, 0, 0.002, 0.001, 0.005
Node_Cyan14_Cyan16_0, 0.002, 0, 0.006, 0.005, 0.002, 0, 0.002, 0, 0.006
Node_Cyan14_Cyan23_0, 0.002, 0, 0.004, 0.002, 0.002, 0, 0.002, 0.001, 0.003
Node_Cyan16_Cyan29_0, 0.003, 0, 0.006, 0.009, 0.003, 0, 0.003, 0, 0.007
Node_Cyan19_Cyan22_0, 0.001, 0, 0.004, 0.002, 0.001, 0, 0.001, 0, 0.002
Node_Cyan19_Cyan47_0, 0.005, 0, 0.003, 0.004, 0.005, 0, 0.005, 0.001, 0.007
Node_Cyan28_chloroArabidopsis_0, 0.001, 0, 0.001, 0, 0.001, 0, 0.001, 0, 0.001
Node_Cyan2_Cyan1_0, 0.002, 0, 0.005, 0.007, 0.002, 0, 0.002, 0.001, 0.006
Node_Cyan31_Cyan34_0, 0.001, 0, 0.009, 0.012, 0.001, 0, 0.001, 0, 0.007
Node_Cyan33_Cyan21_0, 0.005, 0, 0.006, 0.006, 0.005, 0, 0.005, 0.001, 0.009
Node_Cyan38_Cyan28_0, 0.001, 0, 0.005, 0.004, 0.001, 0, 0.001, 0, 0.005
Node_Cyan40_Arma4_0, 0.015, 0, 0.021, 0.022, 0.015, 0.001, 0.015, 0.015, 0
Node_Cyan40_Cyan10_0, 0.006, 0, 0.002, 0.003, 0.006, 0, 0.006, 0.001, 0.007
Node_Cyan40_Cyan11_0, 0.003, 0.001, 0.007, 0.01, 0.003, 0, 0.003, 0.001, 0.005
Node_Cyan40_Cyan14_0, 0.003, 0, 0.003, 0.004, 0.003, 0, 0.003, 0.002, 0.003
Node_Cyan40_Cyan19_0, 0.003, 0, 0.005, 0.005, 0.003, 0, 0.003, 0.002, 0.005
Node_Cyan40_Cyan20_0, 0.001, 0, 0.001, 0.001, 0.001, 0, 0.001, 0, 0.001
Node_Cyan40_Cyan24_0, 0.001, 0, 0.002, 0.001, 0.001, 0, 0.001, 0.001, 0
Node_Cyan40_Cyan25_0, 0.004, 0, 0.005, 0.003, 0.004, 0, 0.004, 0.002, 0.003
Node_Cyan40_Cyan27_0, 0.002, 0, 0.004, 0.006, 0.002, 0, 0.002, 0.002, 0.003
Node_Cyan40_Cyan2_0, 0.001, 0, 0, 0, 0.001, 0.001, 0.001, 0.001, 0
Node_Cyan40_Cyan36_0, 0.003, 0, 0.004, 0.007, 0.003, 0, 0.003, 0, 0.006
Node_Cyan40_Cyan37_0, 0.002, 0, 0, 0.002, 0.002, 0, 0.002, 0.002, 0
Node_Cyan40_Cyan38_0, 0.001, 0, 0.004, 0.005, 0.001, 0, 0.001, 0.001, 0.003
Node_Cyan40_Cyan42_0, 0.002, 0, 0.001, 0.001, 0.002, 0, 0.002, 0.001, 0.002
Node_Cyan40_Cyan7_0, 0.001, 0, 0.001, 0.004, 0.001, 0.001, 0.001, 0.001, 0
Node_Cyan40_Marg1_0, 0, 0, 0.001, 0, 0, 0, 0, 0, 0
Node_Cyan40_Therd1_0, 0.001, 0, 0.014, 0.006, 0.001, 0, 0.001, 0.001, 0
Node_Cyan42_Cyan3_0, 0, 0, 0.003, 0.001, 0, 0, 0, 0, 0.001
Node_Cyan46_Cyan30_0, 0.002, 0, 0.008, 0.006, 0.002, 0, 0.002, 0.002, 0.005
Node_Cyan46_Cyan31_0, 0.003, 0, 0.004, 0.007, 0.003, 0, 0.003, 0.001, 0.005
Node_Cyan46_Cyan32_0, 0.001, 0, 0.007, 0.007, 0.001, 0, 0.001, 0.001, 0.006
Node_Cyan46_Cyan33_0, 0.002, 0, 0.006, 0.004, 0.002, 0, 0.002, 0, 0.005
Node_Cyan46_Cyan41_0, 0.002, 0, 0.003, 0.003, 0.002, 0, 0.002, 0, 0.003
Node_Cyan47_Cyan43_0, 0.002, 0, 0.01, 0.006, 0.002, 0, 0.002, 0.001, 0.007
Node_Cyan47_Cyan44_0, 0.001, 0, 0.006, 0.006, 0.001, 0, 0.001, 0.001, 0.005
Node_Cyan4_Cyan8_0, 0, 0, 0.003, 0.003, 0, 0, 0, 0, 0.002
Node_Cyan4_Cyan9_0, 0.001, 0, 0.001, 0.002, 0.001, 0, 0.001, 0, 0.002
Node_Cyan7_Cyan12_0, 0, 0, 0.002, 0.001, 0, 0, 0, 0, 0.001
Node_Cyan7_Cyan4_0, 0.001, 0, 0.001, 0, 0.001, 0, 0.001, 0, 0.001
Node_DTU0X1_SLNR1_0, 0, 0, 0.002, 0.002, 0, 0, 0, 0, 0.002
Node_Defe3_Defe1_0, 0.025, 0, 0.111, 0.069, 0.025, 0, 0.025, 0.025, 0.004
Node_Defe3_Defe2_0, 0.003, 0, 0.029, 0.02, 0.003, 0, 0.003, 0.002, 0.007
Node_Dein4_Dein2_0, 0.002, 0, 0.005, 0.007, 0.002, 0, 0.002, 0.001, 0.004
Node_Dein4_Dein6_0, 0, 0, 0.004, 0.003, 0, 0, 0, 0, 0.002
Node_Dein5_Bipo1_0, 0.002, 0, 0.009, 0.006, 0.002, 0, 0.002, 0.002, 0
Node_Dein5_Dein1_0, 0.001, 0, 0.003, 0.002, 0.001, 0, 0.001, 0, 0.002
Node_Dein5_Dein4_0, 0.003, 0, 0.003, 0.002, 0.003, 0, 0.003, 0.001, 0.004
Node_Dein5_Dein7_0, 0.002, 0, 0.004, 0.002, 0.002, 0, 0.002, 0, 0.003
Node_Dein7_Dein3_0, 0.003, 0, 0.006, 0.005, 0.003, 0, 0.003, 0, 0.007
Node_DesuB1_DesuB2_0, 0.004, 0, 0.009, 0.006, 0.004, 0, 0.004, 0.003, 0.005
Node_DesuB4_BdellC1_0, 0.021, 0.001, 0.048, 0.032, 0.021, 0, 0.021, 0.02, 0.001
Node_DesuB4_DesuB1_0, 0.008, 0, 0.016, 0.017, 0.008, 0, 0.008, 0.007, 0.003
Node_DesuB4_DesuB3_0, 0.001, 0, 0.013, 0.012, 0.001, 0, 0.001, 0.001, 0.006
Node_DesuB4_Desua5_0, 0.067, 0, 0.329, 0.125, 0.067, 0, 0.067, 0.066, 0.001
Node_DesuB4_Myxo10_0, 0.395, 0.004, 0.33, 0.237, 0.392, 0, 0.395, 0.389, 0.004
Node_DesuC2_DesuC1_0, 0.25, 0.001, 0.418, 0.22, 0.24, 0, 0.25, 0.1, 0.151
Node_DesuC2_Desua47_0, 0.516, 0.006, 0.122, 0.352, 0.502, 0, 0.516, 0.488, 0.018
Node_DesuD2_DesuD1_0, 0.087, 0, 0.879, 0.185, 0.086, 0, 0.087, 0.081, 0.01
Node_Desua11_Desua27_0, 0.003, 0, 0.005, 0.003, 0.003, 0, 0.003, 0.002, 0.003
Node_Desua16_Desua15_0, 0.383, 0.001, 0.028, 0.073, 0.38, 0, 0.383, 0.191, 0.195
Node_Desua16_Desua20_0, 1.08, 0.003, 0.023, 0.527, 0.995, 0, 1.08, 1.068, 0.007
Node_Desua16_Desua24_0, 0.215, 0, 0.143, 0.099, 0.211, 0, 0.215, 0.171, 0.052
Node_Desua16_Desua6_0, 1.093, 0.088, 0.027, 0.427, 0.996, 0, 1.093, 0.911, 0.016
Node_Desua16_Desua9_0, 0.306, 0.001, 0.793, 0.296, 0.299, 0, 0.306, 0.291, 0.018
Node_Desua1_Desua34_0, 0.005, 0, 0.007, 0.005, 0.005, 0, 0.005, 0.001, 0.006
Node_Desua1_Desua3_0, 0.006, 0, 0.016, 0.016, 0.006, 0, 0.006, 0.004, 0.004
Node_Desua1_Desua43_0, 0.018, 0, 0.057, 0.021, 0.018, 0, 0.018, 0.018, 0.002
Node_Desua22_Desua10_0, 0.005, 0, 0.004, 0.001, 0.005, 0, 0.005, 0.003, 0.003
Node_Desua22_Desua13_0, 0.006, 0, 0.045, 0.024, 0.006, 0, 0.006, 0.006, 0.002
Node_Desua22_Desua14_0, 0, 0, 0.013, 0.013, 0, 0, 0, 0, 0.008
Node_Desua22_Desua16_0, 1.016, 0.024, 0.03, 0.588, 0.983, 0, 1.016, 0.971, 0.006
Node_Desua22_Desua23_0, 0, 0, 0.006, 0.007, 0, 0, 0, 0, 0.006
Node_Desua22_Desua26_0, 0.049, 0, 0.22, 0.118, 0.048, 0, 0.049, 0.047, 0.003
Node_Desua22_Desua4_0, 0.266, 0.001, 0.751, 0.37, 0.264, 0, 0.266, 0.266, 0
Node_Desua26_Desua30_0, 0.007, 0, 0.044, 0.027, 0.007, 0, 0.007, 0.006, 0.002
Node_Desua28_Desua35_0, 1.006, 0.005, 0.01, 0.188, 1, 0, 1.006, 0.937, 0.064
Node_Desua2_Desua8_0, 0.214, 0.001, 0.774, 0.42, 0.214, 0, 0.214, 0.213, 0.006
Node_Desua36_Desua38_0, 0.003, 0, 0.008, 0.009, 0.003, 0, 0.003, 0, 0.009
Node_Desua36_Desua39_0, 0.002, 0, 0.007, 0.008, 0.002, 0, 0.002, 0, 0.008
Node_Desua40_Desua31_0, 0.003, 0, 0.005, 0.003, 0.003, 0, 0.003, 0.002, 0.003
Node_Desua42_Desua11_0, 0.005, 0, 0.007, 0.01, 0.005, 0, 0.005, 0.001, 0.011
Node_Desua42_Desua12_0, 0.001, 0, 0.005, 0, 0.001, 0, 0.001, 0, 0.001
Node_Desua43_Desua50_0, 0, 0, 0.004, 0.003, 0, 0, 0, 0, 0.001
Node_Desua43_Desua52_0, 0.003, 0, 0.001, 0.001, 0.003, 0, 0.003, 0, 0.004
Node_Desua43_Desua54_0, 0.003, 0, 0.019, 0.008, 0.003, 0, 0.003, 0.003, 0.004
Node_Desua44_Desua36_0, 0.001, 0, 0.006, 0.005, 0.001, 0, 0.001, 0.001, 0.004
Node_Desua46_Desua25_0, 0.003, 0, 0.006, 0.006, 0.003, 0, 0.003, 0, 0.006
Node_Desua47_Desua29_0, 0.003, 0, 0.021, 0.016, 0.003, 0, 0.003, 0.002, 0.007
Node_Desua47_Desua37_0, 0.085, 0.002, 0.455, 0.236, 0.084, 0, 0.085, 0.082, 0.005
Node_Desua47_Desua41_0, 0.017, 0, 0.076, 0.055, 0.017, 0, 0.017, 0.014, 0.008
Node_Desua47_Desua53_0, 0.533, 0.007, 0.085, 0.371, 0.526, 0, 0.533, 0.43, 0.095
Node_Desua48_Desua33_0, 0.002, 0, 0.007, 0.008, 0.002, 0, 0.002, 0, 0.006
Node_Desua48_Desua40_0, 0.005, 0, 0.021, 0.013, 0.005, 0, 0.005, 0.005, 0.001
Node_Desua48_Desua42_0, 0.005, 0, 0.007, 0.006, 0.005, 0, 0.005, 0.001, 0.007
Node_Desua48_Desua46_0, 0.003, 0, 0.006, 0.01, 0.003, 0, 0.003, 0.001, 0.004
Node_Desua49_Desua21_0, 0.002, 0, 0.007, 0.007, 0.002, 0, 0.002, 0.001, 0.006
Node_Desua49_Desua32_0, 0.002, 0, 0.01, 0.006, 0.002, 0, 0.002, 0.002, 0.001
Node_Desua49_Desua44_0, 0.003, 0, 0.007, 0.01, 0.003, 0, 0.003, 0.001, 0.008
Node_Desua4_Desua1_0, 0.073, 0, 0.196, 0.101, 0.073, 0, 0.073, 0.07, 0.003
Node_Desua4_Desua48_0, 0.025, 0, 0.049, 0.027, 0.025, 0, 0.025, 0.024, 0.001
Node_Desua4_Desua49_0, 0.011, 0, 0.019, 0.009, 0.011, 0, 0.011, 0.008, 0.005
Node_Desua53_Desua51_0, 1.007, 0.008, 0.023, 0.265, 1, 0, 1.007, 0.514, 0.489
Node_Desua6_Desua19_0, 1.016, 0.007, 0.026, 0.237, 1, 0, 1.016, 0.955, 0.054
Node_Desua6_Desua2_0, 0.981, 0.006, 0.122, 0.269, 0.964, 0, 0.981, 0.969, 0.004
Node_Desua6_Desua7_0, 1.004, 0, 0.021, 0.016, 1, 0, 1.004, 1.002, 0.009
Node_Desua9_Desua17_0, 0.007, 0, 0.046, 0.026, 0.007, 0, 0.007, 0.006, 0.004
Node_Desua9_Desua18_0, 0.049, 0, 0.262, 0.072, 0.049, 0, 0.049, 0.047, 0.005
Node_Dorm2_Dorm1_0, 0.001, 0, 0.005, 0.004, 0.001, 0, 0.001, 0, 0.003
Node_Dorm2_Dorm3_0, 0.002, 0, 0.002, 0.001, 0.002, 0, 0.002, 0.001, 0.001
Node_Dorm2_Dorm4_0, 0.002, 0, 0.007, 0.006, 0.002, 0, 0.002, 0, 0.007
Node_Dorm2_Dorm5_0, 0.003, 0, 0.008, 0.008, 0.003, 0, 0.003, 0, 0.009
Node_Eise2_Eise1_0, 0.001, 0, 0.004, 0.004, 0.001, 0, 0.001, 0, 0.003
Node_Eise4_Eise2_0, 0.002, 0, 0.002, 0.001, 0.002, 0, 0.002, 0, 0.003
Node_Eise4_Eise3_0, 0.004, 0, 0.004, 0.005, 0.004, 0, 0.004, 0, 0.006
Node_Elus1_Elus2_0, 0.005, 0, 0.004, 0.005, 0.005, 0, 0.005, 0.002, 0.003
Node_Elus2_Elus3_0, 0.003, 0, 0.004, 0.003, 0.003, 0, 0.003, 0.001, 0.002
Node_Elus2_Elus5_0, 0, 0, 0.007, 0.006, 0, 0, 0, 0, 0.004
Node_Elus3_Elus4_0, 0.004, 0, 0.004, 0.004, 0.004, 0, 0.004, 0.002, 0.003
Node_Elus3_Elus6_0, 0.002, 0, 0.004, 0.005, 0.002, 0, 0.002, 0, 0.004
Node_Elus3_Elus7_0, 0.005, 0, 0.002, 0.002, 0.005, 0, 0.005, 0.003, 0.004
Node_Elus3_Elus9_0, 0.002, 0, 0.003, 0.003, 0.002, 0, 0.002, 0.001, 0.001
Node_Elus6_Elus8_0, 0.004, 0, 0.005, 0.007, 0.004, 0, 0.004, 0.001, 0.007
Node_Elus9_Elus10_0, 0.002, 0, 0.007, 0.006, 0.002, 0, 0.002, 0, 0.007
Node_Erem4_Erem5_0, 0.004, 0, 0.006, 0.006, 0.004, 0, 0.004, 0.001, 0.006
Node_Erem6_Erem2_0, 0.001, 0, 0.003, 0.003, 0.001, 0, 0.001, 0.001, 0
Node_Erem6_Erem3_0, 0.001, 0, 0.001, 0, 0.001, 0, 0.001, 0, 0.001
Node_Erem6_Erem4_0, 0.004, 0, 0.008, 0.011, 0.004, 0, 0.004, 0.001, 0.011
Node_FCPU1_FCPU2_0, 0.266, 0, 0.008, 0.024, 0.266, 0, 0.266, 0.114, 0.158
Node_Ferm1_Eise4_0, 0.001, 0, 0.003, 0.004, 0.001, 0, 0.001, 0.001, 0.002
Node_Ferm1_GemmA1_0, 0, 0, 0.003, 0.004, 0, 0, 0, 0, 0.002
Node_Fibr4_Fibr2_0, 0.004, 0, 0.007, 0.008, 0.004, 0, 0.004, 0.004, 0.003
Node_Fibr4_Fibr3_0, 0.016, 0, 0.003, 0.006, 0.016, 0, 0.016, 0.006, 0.01
Node_Fibr4_Fibr5_0, 0.039, 0, 0.001, 0.012, 0.039, 0, 0.039, 0.015, 0.024
Node_Fibr4_Fibr6_0, 0.008, 0, 0.035, 0.012, 0.008, 0, 0.008, 0.007, 0.004
Node_Fibr5_Fibr1_0, 0.144, 0.002, 0.006, 0.059, 0.144, 0, 0.144, 0.038, 0.109
Node_FirmA102_FirmA76_0, 0.264, 0, 0.01, 0.108, 0.264, 0, 0.264, 0.071, 0.2
Node_FirmA104_FirmA78_0, 0, 0, 0.003, 0.002, 0, 0, 0, 0, 0.001
Node_FirmA106_FirmA114_0, 0, 0, 0.007, 0.007, 0, 0, 0, 0, 0.005
Node_FirmA109_FirmA77_0, 0.002, 0, 0.005, 0.004, 0.002, 0, 0.002, 0.002, 0.002
Node_FirmA109_FirmA95_0, 0.001, 0, 0.007, 0.008, 0.001, 0, 0.001, 0, 0.006
Node_FirmA114_FirmA98_0, 0.001, 0, 0.004, 0.004, 0.001, 0, 0.001, 0, 0.005
Node_FirmA11_FirmA67_0, 0.001, 0, 0.004, 0.003, 0.001, 0, 0.001, 0, 0.001
Node_FirmA12_FirmA93_0, 0.003, 0, 0.006, 0.005, 0.003, 0, 0.003, 0.001, 0.005
Node_FirmA14_FirmA113_0, 0.001, 0, 0.007, 0.006, 0.001, 0, 0.001, 0.001, 0.004
Node_FirmA18_FirmA103_0, 0.004, 0, 0.006, 0.006, 0.004, 0, 0.004, 0.002, 0.006
Node_FirmA20_FirmA100_0, 0.003, 0, 0.007, 0.008, 0.003, 0, 0.003, 0.001, 0.008
Node_FirmA20_FirmA24_0, 0.003, 0, 0.007, 0.001, 0.003, 0, 0.003, 0.002, 0.001
Node_FirmA20_FirmA25_0, 0.002, 0, 0.002, 0.003, 0.002, 0, 0.002, 0, 0.004
Node_FirmA20_FirmA38_0, 0, 0, 0.005, 0.004, 0, 0, 0, 0, 0.002
Node_FirmA20_FirmA52_0, 0.002, 0, 0.008, 0.008, 0.002, 0, 0.002, 0, 0.008
Node_FirmA21_FirmA108_0, 0.002, 0, 0.006, 0.004, 0.002, 0, 0.002, 0.002, 0.003
Node_FirmA21_FirmA47_0, 0.002, 0, 0.006, 0.008, 0.002, 0, 0.002, 0, 0.006
Node_FirmA21_FirmA88_0, 0.005, 0, 0.03, 0.024, 0.005, 0, 0.005, 0.005, 0.005
Node_FirmA24_FirmA1_0, 0.004, 0, 0.005, 0.005, 0.004, 0, 0.004, 0.002, 0.006
Node_FirmA24_FirmA8_0, 0.002, 0, 0.008, 0.008, 0.002, 0, 0.002, 0.001, 0.006
Node_FirmA25_FirmA56_0, 0.002, 0, 0.005, 0.005, 0.002, 0, 0.002, 0, 0.005
Node_FirmA26_FirmA102_0, 0.074, 0, 0.006, 0.027, 0.074, 0, 0.074, 0.02, 0.057
Node_FirmA26_FirmA2_0, 0.023, 0, 0.006, 0.013, 0.023, 0, 0.023, 0.012, 0.013
Node_FirmA26_FirmA41_0, 0.003, 0, 0.017, 0.013, 0.003, 0, 0.003, 0.002, 0.006
Node_FirmA26_FirmA7_0, 0.014, 0, 0.069, 0.022, 0.014, 0, 0.014, 0.011, 0.009
Node_FirmA27_FirmA71_0, 0.003, 0, 0.008, 0.007, 0.003, 0, 0.003, 0.001, 0.005
Node_FirmA27_FirmA89_0, 0.006, 0, 0.001, 0.002, 0.006, 0, 0.006, 0.001, 0.006
Node_FirmA28_FirmA94_0, 0, 0, 0.003, 0.003, 0, 0, 0, 0, 0.001
Node_FirmA38_FirmA32_0, 0, 0, 0.001, 0.001, 0, 0, 0, 0, 0.001
Node_FirmA43_FirmA39_0, 0.001, 0, 0.004, 0.006, 0.001, 0, 0.001, 0, 0.004
Node_FirmA45_FirmA40_0, 0.001, 0, 0.013, 0.013, 0.001, 0, 0.001, 0, 0.009
Node_FirmA50_FirmA70_0, 0.003, 0, 0.006, 0.008, 0.003, 0, 0.003, 0.001, 0.008
Node_FirmA52_FirmA107_0, 0.001, 0, 0.006, 0.009, 0.001, 0, 0.001, 0.001, 0.006
Node_FirmA52_FirmA42_0, 0.001, 0, 0.003, 0.004, 0.001, 0, 0.001, 0, 0.002
Node_FirmA53_FirmA35_0, 0.004, 0, 0.017, 0.011, 0.004, 0, 0.004, 0.003, 0.007
Node_FirmA55_FirmA29_0, 0, 0, 0.004, 0.005, 0, 0, 0, 0, 0.002
Node_FirmA58_FirmA43_0, 0.001, 0, 0.005, 0.005, 0.001, 0, 0.001, 0, 0.005
Node_FirmA59_FirmA36_0, 0.004, 0, 0.002, 0.001, 0.004, 0, 0.004, 0.001, 0.004
Node_FirmA59_FirmA44_0, 0.002, 0, 0.005, 0.005, 0.002, 0, 0.002, 0.001, 0.003
Node_FirmA59_FirmA48_0, 0.001, 0, 0.008, 0.009, 0.001, 0, 0.001, 0, 0.005
Node_FirmA60_FirmA74_0, 0, 0, 0.007, 0.007, 0, 0, 0, 0, 0.005
Node_FirmA61_FirmA66_0, 0.003, 0, 0.008, 0.009, 0.003, 0, 0.003, 0.001, 0.005
Node_FirmA62_FirmA104_0, 0.002, 0, 0.001, 0, 0.002, 0, 0.002, 0.001, 0.001
Node_FirmA62_FirmA58_0, 0.001, 0, 0.003, 0.002, 0.001, 0, 0.001, 0, 0.002
Node_FirmA62_FirmA6_0, 0.001, 0, 0.002, 0.002, 0.001, 0, 0.001, 0, 0.002
Node_FirmA63_FirmA109_0, 0.005, 0, 0.012, 0.011, 0.005, 0, 0.005, 0.004, 0.005
Node_FirmA63_FirmA10_0, 0.002, 0, 0.01, 0.01, 0.002, 0, 0.002, 0, 0.007
Node_FirmA63_FirmA30_0, 0.004, 0, 0.003, 0.002, 0.004, 0, 0.004, 0.001, 0.005
Node_FirmA63_FirmA45_0, 0.005, 0, 0.009, 0.007, 0.005, 0, 0.005, 0.001, 0.01
Node_FirmA63_FirmA57_0, 0.087, 0.001, 0.004, 0.047, 0.087, 0, 0.087, 0.038, 0.05
Node_FirmA63_FirmA99_0, 0.012, 0, 0.08, 0.03, 0.012, 0, 0.012, 0.01, 0.005
Node_FirmA64_FirmA33_0, 0.001, 0, 0.005, 0.006, 0.001, 0, 0.001, 0, 0.005
Node_FirmA65_FirmA5_0, 0.002, 0, 0.002, 0.002, 0.002, 0, 0.002, 0, 0.004
Node_FirmA65_FirmA64_0, 0.001, 0, 0.005, 0.004, 0.001, 0, 0.001, 0, 0.004
Node_FirmA65_FirmA69_0, 0.002, 0, 0.003, 0.003, 0.002, 0, 0.002, 0.002, 0.002
Node_FirmA65_FirmA97_0, 0, 0, 0.002, 0.002, 0, 0, 0, 0, 0.001
Node_FirmA67_FirmA37_0, 0, 0, 0.004, 0.004, 0, 0, 0, 0, 0.003
Node_FirmA67_FirmA50_0, 0.001, 0, 0.002, 0.003, 0.001, 0, 0.001, 0, 0.003
Node_FirmA67_FirmA79_0, 0, 0, 0.003, 0.002, 0, 0, 0, 0, 0.002
Node_FirmA67_FirmA87_0, 0.001, 0, 0.001, 0.002, 0.001, 0, 0.001, 0, 0.001
Node_FirmA69_FirmA28_0, 0.002, 0, 0.003, 0.005, 0.002, 0, 0.002, 0, 0.003
Node_FirmA69_FirmA72_0, 0.001, 0, 0.003, 0.002, 0.001, 0, 0.001, 0, 0.002
Node_FirmA72_FirmA73_0, 0.001, 0, 0.003, 0.002, 0.001, 0, 0.001, 0, 0.003
Node_FirmA7_FirmA12_0, 0.004, 0, 0.011, 0.011, 0.004, 0, 0.004, 0.001, 0.011
Node_FirmA7_FirmA90_0, 0.004, 0, 0.012, 0.004, 0.004, 0, 0.004, 0.002, 0.002
Node_FirmA80_FirmA34_0, 0.216, 0.002, 0.007, 0.077, 0.215, 0, 0.216, 0.071, 0.147
Node_FirmA81_FirmA14_0, 0.004, 0, 0.04, 0.012, 0.004, 0, 0.004, 0.004, 0.001
Node_FirmA81_FirmA19_0, 0.001, 0, 0.01, 0.009, 0.001, 0, 0.001, 0, 0.007
Node_FirmA81_FirmA84_0, 0.018, 0.001, 0.005, 0.008, 0.017, 0, 0.018, 0.008, 0.012
Node_FirmA81_FirmA92_0, 0.043, 0, 0.003, 0.021, 0.042, 0, 0.043, 0.015, 0.028
Node_FirmA83_FirmA11_0, 0.004, 0, 0.002, 0.005, 0.004, 0, 0.004, 0, 0.006
Node_FirmA83_FirmA49_0, 0.001, 0, 0.005, 0.006, 0.001, 0, 0.001, 0.001, 0.004
Node_FirmA83_FirmA55_0, 0.002, 0, 0.003, 0.002, 0.002, 0, 0.002, 0.001, 0.002
Node_FirmA83_FirmA59_0, 0.004, 0, 0.008, 0.002, 0.004, 0, 0.004, 0.002, 0.002
Node_FirmA83_FirmA65_0, 0.003, 0, 0.006, 0.007, 0.003, 0, 0.003, 0, 0.005
Node_FirmA83_FirmA81_0, 0.01, 0, 0.001, 0.002, 0.01, 0, 0.01, 0.003, 0.007
Node_FirmA83_FirmA86_0, 0.002, 0, 0.005, 0.006, 0.002, 0, 0.002, 0, 0.005
Node_FirmA84_FirmA111_0, 0.003, 0, 0.016, 0.004, 0.003, 0, 0.003, 0.002, 0.001
Node_FirmA84_FirmA16_0, 0.019, 0, 0.007, 0.007, 0.019, 0, 0.019, 0.009, 0.01
Node_FirmA84_FirmA20_0, 0.009, 0, 0.004, 0.008, 0.009, 0, 0.009, 0.003, 0.01
Node_FirmA84_FirmA26_0, 0.016, 0, 0.003, 0.008, 0.016, 0, 0.016, 0.008, 0.01
Node_FirmA84_FirmA46_0, 0.001, 0, 0.04, 0.012, 0.001, 0, 0.001, 0.001, 0.001
Node_FirmA84_FirmA63_0, 0.04, 0, 0.001, 0.018, 0.04, 0, 0.04, 0.019, 0.022
Node_FirmA84_FirmA9_0, 0, 0, 0.004, 0.005, 0, 0, 0, 0, 0.003
Node_FirmA85_DTU0X1_0, 0, 0, 0.002, 0.002, 0, 0, 0, 0, 0.002
Node_FirmA85_FirmA60_0, 0.002, 0, 0.001, 0.003, 0.002, 0, 0.002, 0, 0.003
Node_FirmA85_FirmC13_0, 0, 0, 0.001, 0.003, 0, 0, 0, 0, 0
Node_FirmA86_FirmA61_0, 0.006, 0, 0.005, 0.007, 0.006, 0, 0.006, 0.001, 0.009
Node_FirmA87_FirmA106_0, 0.002, 0, 0.003, 0.003, 0.002, 0, 0.002, 0.001, 0.003
Node_FirmA87_FirmA62_0, 0.002, 0, 0.002, 0.002, 0.002, 0, 0.002, 0, 0.003
Node_FirmA87_FirmA96_0, 0.001, 0, 0.003, 0.003, 0.001, 0, 0.001, 0, 0.003
Node_FirmA88_FirmA101_0, 0.002, 0, 0.007, 0.008, 0.002, 0, 0.002, 0, 0.004
Node_FirmA89_FirmA105_0, 0.003, 0, 0.006, 0.006, 0.003, 0, 0.003, 0, 0.007
Node_FirmA89_FirmA110_0, 0.001, 0, 0.005, 0.003, 0.001, 0, 0.001, 0, 0.003
Node_FirmA89_FirmA21_0, 0.03, 0, 0.002, 0.005, 0.03, 0, 0.03, 0.005, 0.026
Node_FirmA89_FirmA31_0, 0.004, 0, 0.018, 0.015, 0.004, 0, 0.004, 0.002, 0.008
Node_FirmA89_FirmA53_0, 0.014, 0, 0.061, 0.023, 0.014, 0, 0.014, 0.014, 0.001
Node_FirmA89_FirmA68_0, 0.002, 0, 0.009, 0.011, 0.002, 0, 0.002, 0.001, 0.007
Node_FirmA89_FirmA80_0, 0.074, 0, 0.001, 0.035, 0.074, 0, 0.074, 0.03, 0.045
Node_FirmA90_FirmA112_0, 0.001, 0, 0.004, 0.002, 0.001, 0, 0.001, 0.001, 0.001
Node_FirmA92_FirmA54_0, 0.094, 0.001, 0.003, 0.05, 0.094, 0, 0.094, 0.04, 0.053
Node_FirmA94_FirmA75_0, 0.003, 0, 0.004, 0.005, 0.003, 0, 0.003, 0, 0.007
Node_FirmA96_FirmA27_0, 0.001, 0, 0.001, 0.002, 0.001, 0, 0.001, 0, 0.001
Node_FirmA96_FirmA91_0, 0.002, 0, 0.004, 0.005, 0.002, 0, 0.002, 0.001, 0.005
Node_FirmA99_FirmA18_0, 0.004, 0, 0.01, 0.002, 0.004, 0, 0.004, 0.002, 0.002
Node_FirmB16_FirmB13_0, 0, 0, 0.008, 0.009, 0, 0, 0, 0, 0.007
Node_FirmB17_FirmB15_0, 0.002, 0, 0.01, 0.011, 0.002, 0, 0.002, 0, 0.007
Node_FirmB2_FirmB11_0, 0.005, 0, 0.012, 0.009, 0.005, 0, 0.005, 0.004, 0.002
Node_FirmB2_FirmB12_0, 0.015, 0, 0.07, 0.031, 0.015, 0, 0.015, 0.012, 0.004
Node_FirmB3_FirmB14_0, 0.001, 0, 0.011, 0.01, 0.001, 0, 0.001, 0.001, 0.007
Node_FirmB4_FirmB17_0, 0.005, 0, 0.006, 0.009, 0.005, 0, 0.005, 0.003, 0.007
Node_FirmB4_FirmB1_0, 0.004, 0, 0.007, 0.008, 0.004, 0, 0.004, 0.001, 0.006
Node_FirmB4_FirmB3_0, 0.005, 0, 0.004, 0.005, 0.005, 0, 0.005, 0.002, 0.004
Node_FirmB6_FirmB7_0, 0.001, 0, 0.024, 0.014, 0.001, 0, 0.001, 0.001, 0.001
Node_FirmB8_FirmB16_0, 0.001, 0, 0.006, 0.006, 0.001, 0, 0.001, 0, 0.002
Node_FirmB8_FirmB4_0, 0.005, 0, 0.005, 0.003, 0.005, 0, 0.005, 0.004, 0.003
Node_FirmB8_FirmB5_0, 0.001, 0, 0.005, 0.006, 0.001, 0, 0.001, 0, 0.005
Node_FirmB8_FirmB9_0, 0.007, 0, 0.002, 0.003, 0.007, 0, 0.007, 0.003, 0.005
Node_FirmB9_FirmB10_0, 0.261, 0.002, 0.008, 0.058, 0.261, 0, 0.261, 0.078, 0.186
Node_FirmB9_FirmB2_0, 0.081, 0.001, 0.004, 0.019, 0.08, 0, 0.081, 0.023, 0.06
Node_FirmB9_FirmB6_0, 0.024, 0, 0.001, 0.003, 0.024, 0, 0.024, 0.006, 0.018
Node_FirmC10_FirmC14_0, 0.042, 0.001, 0.225, 0.136, 0.042, 0, 0.042, 0.038, 0.008
Node_FirmC10_FirmC18_0, 0.258, 0.004, 0.003, 0.077, 0.256, 0, 0.258, 0.059, 0.197
Node_FirmC10_FirmC19_0, 0.06, 0, 0.001, 0.016, 0.06, 0, 0.06, 0.017, 0.044
Node_FirmC11_FirmC3_0, 0.015, 0, 0.122, 0.052, 0.015, 0, 0.015, 0.012, 0.009
Node_FirmC13_FirmB8_0, 0.004, 0, 0, 0, 0.004, 0, 0.004, 0, 0.004
Node_FirmC13_FirmC10_0, 0.017, 0, 0.011, 0.012, 0.017, 0, 0.017, 0.005, 0.018
Node_FirmC13_FirmC17_0, 0.001, 0, 0.018, 0.009, 0.001, 0, 0.001, 0.001, 0.002
Node_FirmC13_FirmC5_0, 0.002, 0, 0.003, 0.001, 0.002, 0, 0.002, 0.001, 0.001
Node_FirmC13_FirmC8_0, 0.01, 0.001, 0.001, 0.005, 0.009, 0, 0.01, 0.002, 0.008
Node_FirmC13_Firms33_0, 0, 0, 0.001, 0.001, 0, 0, 0, 0, 0.001
Node_FirmC15_FirmC12_0, 0.004, 0, 0.031, 0.017, 0.004, 0, 0.004, 0.001, 0.009
Node_FirmC1_FirmC4_0, 0, 0, 0.012, 0.013, 0, 0, 0, 0, 0.003
Node_FirmC6_FirmC16_0, 0.001, 0, 0.013, 0.012, 0.001, 0, 0.001, 0, 0.005
Node_FirmC6_FirmC1_0, 0.009, 0, 0.045, 0.016, 0.009, 0, 0.009, 0.007, 0.005
Node_FirmC8_FirmC11_0, 0.128, 0.001, 0.006, 0.072, 0.127, 0, 0.128, 0.046, 0.084
Node_FirmC8_FirmC15_0, 0.026, 0, 0.311, 0.08, 0.026, 0, 0.026, 0.025, 0.003
Node_FirmC8_FirmC6_0, 0.049, 0, 0.004, 0.016, 0.048, 0, 0.049, 0.013, 0.038
Node_FirmC8_FirmC7_0, 0.334, 0.002, 0.008, 0.136, 0.332, 0, 0.334, 0.124, 0.212
Node_FirmC8_FirmC9_0, 0.015, 0, 0.008, 0.006, 0.014, 0, 0.015, 0.004, 0.013
Node_FirmD2_FirmD3_0, 0, 0, 0.001, 0, 0, 0, 0, 0, 0
Node_FirmD4_FirmD2_0, 0.001, 0, 0.003, 0.004, 0.001, 0, 0.001, 0, 0.003
Node_FirmE4_FirmE6_0, 0.001, 0, 0.007, 0.007, 0.001, 0, 0.001, 0.001, 0.007
Node_FirmE5_FirmA85_0, 0.001, 0, 0.001, 0.001, 0.001, 0, 0.001, 0.001, 0
Node_FirmE5_FirmE3_0, 0, 0, 0.003, 0.002, 0, 0, 0, 0, 0.002
Node_FirmE5_FirmE4_0, 0.001, 0, 0.002, 0.002, 0.001, 0, 0.001, 0.001, 0.002
Node_FirmE5_FirmE7_0, 0.001, 0, 0.001, 0.001, 0.001, 0, 0.001, 0, 0.001
Node_FirmE7_FirmE1_0, 0.001, 0, 0, 0, 0.001, 0, 0.001, 0.001, 0
Node_FirmE7_FirmE2_0, 0.003, 0, 0.002, 0.002, 0.003, 0, 0.003, 0.001, 0.004
Node_FirmE7_FirmE8_0, 0.003, 0, 0.008, 0.01, 0.003, 0, 0.003, 0, 0.008
Node_FirmF1_FirmF2_0, 0, 0, 0.002, 0.002, 0, 0, 0, 0, 0.002
Node_FirmF1_FirmG6_0, 0, 0, 0.004, 0.001, 0, 0, 0, 0, 0
Node_FirmF2_FirmF3_0, 0.001, 0, 0.005, 0.006, 0.001, 0, 0.001, 0, 0.006
Node_FirmG5_FirmG1_0, 0, 0, 0.001, 0.001, 0, 0, 0, 0, 0.001
Node_FirmG5_FirmG2_0, 0, 0, 0.005, 0.005, 0, 0, 0, 0, 0.002
Node_FirmG6_FirmE5_0, 0.002, 0, 0, 0.001, 0.002, 0, 0.002, 0, 0.002
Node_FirmG6_FirmG3_0, 0.001, 0, 0, 0, 0.001, 0, 0.001, 0, 0.001
Node_FirmG6_FirmG4_0, 0, 0, 0.004, 0.003, 0, 0, 0, 0, 0.001
Node_FirmG6_FirmG5_0, 0.003, 0, 0.001, 0.002, 0.003, 0, 0.003, 0.001, 0.002
Node_Firms11_Firms17_0, 0, 0, 0.003, 0.003, 0, 0, 0, 0, 0.003
Node_Firms13_Firms1_0, 0.006, 0, 0.003, 0.003, 0.006, 0, 0.006, 0.001, 0.006
Node_Firms1_Firms10_0, 0.002, 0, 0.006, 0.003, 0.002, 0, 0.002, 0.001, 0.002
Node_Firms20_Firms12_0, 0.006, 0, 0.005, 0.006, 0.006, 0, 0.006, 0.001, 0.008
Node_Firms20_Firms29_0, 0.004, 0, 0.006, 0.004, 0.004, 0, 0.004, 0.002, 0.004
Node_Firms22_Firms27_0, 0.001, 0, 0.002, 0.002, 0.001, 0, 0.001, 0, 0.002
Node_Firms23_Firms18_0, 0.002, 0, 0.005, 0.007, 0.002, 0, 0.002, 0, 0.006
Node_Firms24_Firms26_0, 0.004, 0, 0.004, 0.003, 0.004, 0, 0.004, 0.001, 0.005
Node_Firms30_Firms31_0, 0, 0, 0.007, 0.006, 0, 0, 0, 0, 0.004
Node_Firms32_Firms25_0, 0.004, 0, 0.007, 0.008, 0.004, 0, 0.004, 0, 0.008
Node_Firms33_FirmD1_0, 0.001, 0, 0, 0, 0.001, 0, 0.001, 0.001, 0
Node_Firms33_FirmD4_0, 0.001, 0, 0.001, 0.001, 0.001, 0, 0.001, 0, 0.002
Node_Firms33_Firms11_0, 0, 0, 0.003, 0.002, 0, 0, 0, 0, 0.002
Node_Firms33_Firms13_0, 0.003, 0, 0.001, 0.003, 0.003, 0, 0.003, 0, 0.004
Node_Firms33_Firms15_0, 0.002, 0, 0.004, 0.004, 0.002, 0, 0.002, 0, 0.004
Node_Firms33_Firms16_0, 0.002, 0, 0.003, 0.002, 0.002, 0, 0.002, 0.001, 0.003
Node_Firms33_Firms20_0, 0.003, 0, 0.001, 0.003, 0.003, 0, 0.003, 0, 0.004
Node_Firms33_Firms21_0, 0, 0, 0.006, 0.006, 0, 0, 0, 0, 0.004
Node_Firms33_Firms22_0, 0.001, 0, 0.002, 0.002, 0.001, 0, 0.001, 0, 0.002
Node_Firms33_Firms23_0, 0.001, 0, 0.004, 0.002, 0.001, 0, 0.001, 0.001, 0.002
Node_Firms33_Firms28_0, 0.003, 0, 0.002, 0.004, 0.003, 0, 0.003, 0, 0.005
Node_Firms33_Firms2_0, 0.003, 0, 0.007, 0.007, 0.003, 0, 0.003, 0, 0.007
Node_Firms33_Firms30_0, 0.003, 0, 0.005, 0.005, 0.003, 0, 0.003, 0, 0.005
Node_Firms33_Firms32_0, 0.003, 0, 0.006, 0.007, 0.003, 0, 0.003, 0.001, 0.006
Node_Firms33_Firms3_0, 0.001, 0, 0.002, 0.003, 0.001, 0, 0.001, 0.001, 0
Node_Firms33_Firms5_0, 0.002, 0, 0.002, 0.002, 0.002, 0, 0.002, 0.001, 0.003
Node_Firms33_Firms6_0, 0, 0, 0.001, 0.001, 0, 0, 0, 0, 0
Node_Firms33_Firms7_0, 0.001, 0, 0.001, 0.005, 0.001, 0, 0.001, 0, 0.002
Node_Firms33_Firms8_0, 0.001, 0, 0, 0, 0.001, 0, 0.001, 0.001, 0
Node_Firms33_Firms9_0, 0, 0, 0.005, 0.007, 0, 0, 0, 0, 0.002
Node_Firms8_Firms24_0, 0.003, 0, 0.005, 0.007, 0.003, 0, 0.003, 0.001, 0.007
Node_Firms8_Firms4_0, 0.001, 0, 0.004, 0.004, 0.001, 0, 0.001, 0, 0.004
Node_Gemm2_Gemm4_0, 0.001, 0, 0.006, 0.004, 0.001, 0, 0.001, 0, 0.003
Node_Gemm3_Gemm6_0, 0.002, 0, 0.011, 0.01, 0.002, 0, 0.002, 0, 0.01
Node_Gemm5_Gemm8_0, 0.002, 0, 0.001, 0.002, 0.002, 0, 0.002, 0, 0.003
Node_Gemm5_Gemm9_0, 0.001, 0, 0.004, 0.004, 0.001, 0, 0.001, 0.001, 0.003
Node_Gemm9_Gemm2_0, 0.004, 0, 0.001, 0.002, 0.004, 0, 0.004, 0.001, 0.004
Node_Gemm9_Gemm3_0, 0.003, 0, 0.006, 0.007, 0.003, 0, 0.003, 0.001, 0.005
Node_Gemm9_Gemm7_0, 0.004, 0, 0.005, 0.006, 0.004, 0, 0.004, 0.002, 0.005
Node_Gold1_FCPU1_0, 0.116, 0, 0.004, 0.007, 0.116, 0, 0.116, 0.084, 0.033
Node_Gold1_Fire1_0, 0.087, 0, 0.016, 0.02, 0.086, 0, 0.087, 0.084, 0.003
Node_Gold1_Gold2_0, 0.006, 0, 0.12, 0.02, 0.006, 0, 0.006, 0.003, 0.01
Node_Hydr2_Abys1_0, 0.001, 0, 0.011, 0.006, 0.001, 0, 0.001, 0.001, 0.002
Node_Hydr2_Hydr1_0, 0.002, 0, 0.004, 0.004, 0.002, 0, 0.002, 0, 0.005
Node_Hydr2_Plan43_0, 0.037, 0, 0.044, 0.033, 0.037, 0.001, 0.037, 0.037, 0
Node_Hydr2_Sume1_0, 0.01, 0, 0.028, 0.021, 0.01, 0, 0.01, 0.01, 0.001
Node_KSB1X2_KSB1X4_0, 0, 0, 0.006, 0.007, 0, 0, 0, 0, 0.004
Node_KSB1X3_KSB1X1_0, 0, 0, 0.001, 0.001, 0, 0, 0, 0, 0.001
Node_Late1_Late3_0, 0.002, 0, 0.001, 0.002, 0.002, 0, 0.002, 0, 0.003
Node_Late2_Late1_0, 0, 0, 0.001, 0.001, 0, 0, 0, 0, 0.001
Node_Lind1_Lind2_0, 0.627, 0, 0.012, 0.066, 0.625, 0, 0.627, 0.545, 0.087
Node_Lind1_Lind4_0, 0.552, 0, 0.026, 0.052, 0.548, 0, 0.552, 0.549, 0.003
Node_Marg1_Marg2_0, 0.001, 0, 0, 0, 0.001, 0, 0.001, 0, 0.001
Node_Marg1_Marg6_0, 0.001, 0, 0.002, 0.003, 0.001, 0, 0.001, 0.001, 0.002
Node_Marg2_Marg7_0, 0.001, 0, 0.002, 0.001, 0.001, 0, 0.001, 0, 0.002
Node_Mari3_Mari6_0, 0, 0, 0.017, 0.006, 0, 0, 0, 0, 0.005
Node_Mari6_Mari1_0, 0, 0, 0.007, 0.006, 0, 0, 0, 0, 0.006
Node_Mari6_Mari5_0, 0.001, 0, 0, 0, 0.001, 0, 0.001, 0, 0.001
Node_Meth2_Meth1_0, 0.003, 0, 0.006, 0.007, 0.003, 0, 0.003, 0.001, 0.006
Node_Meth4_Meth3_0, 0.002, 0, 0.011, 0.012, 0.002, 0, 0.002, 0, 0.012
Node_Meth5_Meth2_0, 0.003, 0, 0.006, 0.001, 0.003, 0, 0.003, 0.002, 0.002
Node_Meth5_Meth4_0, 0.001, 0, 0.004, 0.002, 0.001, 0, 0.001, 0, 0.002
Node_Meth5_NitsA1_0, 0.059, 0, 0.117, 0.07, 0.058, 0, 0.059, 0.058, 0.001
Node_Meth5_SZUA1_0, 0.007, 0, 0.009, 0.005, 0.007, 0, 0.007, 0.006, 0.003
Node_Meth5_Sche1_0, 0.013, 0, 0.047, 0.021, 0.013, 0, 0.013, 0.013, 0.001
Node_MyxA1_MyxA2_0, 0.009, 0, 0.027, 0.024, 0.009, 0, 0.009, 0.008, 0.006
Node_MyxA1_MyxA4_0, 0.03, 0, 0.116, 0.064, 0.03, 0, 0.03, 0.027, 0.006
Node_MyxA2_MyxA3_0, 0.005, 0, 0.012, 0.014, 0.005, 0, 0.005, 0.001, 0.008
Node_Myxo10_Bdell6_0, 0.296, 0.002, 0.105, 0.111, 0.291, 0, 0.296, 0.29, 0.004
Node_Myxo10_MyxA1_0, 0.14, 0.006, 0.167, 0.079, 0.133, 0, 0.14, 0.125, 0.005
Node_Myxo10_Myxo11_0, 0.142, 0.005, 0.021, 0.052, 0.132, 0, 0.142, 0.114, 0.018
Node_Myxo10_Myxo14_0, 0.047, 0, 0.102, 0.047, 0.046, 0, 0.047, 0.041, 0.007
Node_Myxo10_Myxo15_0, 0.065, 0, 0.09, 0.036, 0.064, 0, 0.065, 0.032, 0.038
Node_Myxo10_Myxo17_0, 0.117, 0, 0.033, 0.047, 0.116, 0, 0.117, 0.018, 0.103
Node_Myxo11_Bdell13_0, 0.189, 0.004, 0.012, 0.062, 0.173, 0, 0.189, 0.129, 0.055
Node_Myxo11_Myxo13_0, 1, 0.002, 0.019, 0.269, 0.998, 0, 1, 0.214, 0.787
Node_Myxo11_Myxo8_0, 0.23, 0.003, 0.081, 0.11, 0.228, 0, 0.23, 0.11, 0.119
Node_Myxo14_Myxo2_0, 0.026, 0, 0.006, 0.009, 0.026, 0, 0.026, 0.009, 0.02
Node_Myxo14_Myxo3_0, 0.016, 0, 0.033, 0.028, 0.016, 0, 0.016, 0.015, 0.002
Node_Myxo14_Myxo5_0, 0.103, 0.001, 0.002, 0.012, 0.103, 0, 0.103, 0.025, 0.078
Node_Myxo14_Myxo6_0, 0.014, 0, 0.093, 0.032, 0.014, 0, 0.014, 0.013, 0.004
Node_Myxo14_Myxo9_0, 0.012, 0, 0.009, 0.015, 0.012, 0, 0.012, 0.009, 0.005
Node_Myxo15_Myxo18_0, 0.249, 0, 0.015, 0.083, 0.248, 0, 0.249, 0.056, 0.199
Node_Myxo17_Myxo19_0, 1.01, 0.011, 0.039, 0.521, 0.998, 0, 1.01, 0.091, 0.921
Node_Myxo2_Myxo1_0, 0.003, 0, 0.026, 0.014, 0.003, 0, 0.003, 0.003, 0.003
Node_Myxo8_Myxo7_0, 0.028, 0, 0.208, 0.097, 0.028, 0, 0.028, 0.026, 0.006
Node_Nitr10_Nitr3_0, 0.002, 0, 0.004, 0.005, 0.002, 0, 0.002, 0, 0.006
Node_Nitr10_Nitr4_0, 0, 0, 0.007, 0.009, 0, 0, 0, 0, 0.004
Node_Nitr10_Nitr6_0, 0.001, 0, 0.007, 0.007, 0.001, 0, 0.001, 0.001, 0.006
Node_Nitr14_CG294X1_0, 0.05, 0, 0.126, 0.086, 0.05, 0, 0.05, 0.05, 0.001
Node_Nitr14_Meth5_0, 0.175, 0.001, 0.519, 0.224, 0.173, 0, 0.175, 0.171, 0.003
Node_Nitr14_Nitr12_0, 0.004, 0, 0.006, 0.009, 0.004, 0, 0.004, 0.001, 0.009
Node_Nitr14_Nitr13_0, 0.002, 0, 0.004, 0.005, 0.002, 0, 0.002, 0, 0.005
Node_Nitr14_Nitr15_0, 0.033, 0, 0.031, 0.028, 0.033, 0, 0.033, 0.02, 0.014
Node_Nitr14_Nitr16_0, 0.001, 0, 0.002, 0.003, 0.001, 0, 0.001, 0, 0.001
Node_Nitr14_Nitr2_0, 0.001, 0, 0.012, 0.007, 0.001, 0, 0.001, 0.001, 0.002
Node_Nitr14_Nitr9_0, 0.011, 0, 0.025, 0.015, 0.011, 0, 0.011, 0.01, 0.003
Node_Nitr15_Nitr10_0, 0.003, 0, 0.004, 0.003, 0.003, 0, 0.003, 0.001, 0.002
Node_Nitr15_Nitr1_0, 0.051, 0.001, 0.018, 0.022, 0.05, 0, 0.051, 0.017, 0.035
Node_Nitr15_Nitr8_0, 0.005, 0, 0.048, 0.018, 0.005, 0, 0.005, 0.003, 0.002
Node_Nitr16_Nitr11_0, 0.001, 0, 0.009, 0.01, 0.001, 0, 0.001, 0, 0.009
Node_Nitr16_Nitr17_0, 0.001, 0, 0.004, 0.006, 0.001, 0, 0.001, 0, 0.004
Node_Nitr17_Nitr5_0, 0, 0, 0.006, 0.005, 0, 0, 0, 0, 0.005
Node_Nitr9_Nitr7_0, 0.003, 0, 0.009, 0.009, 0.003, 0, 0.003, 0.003, 0.001
Node_Nits1_Nits3_0, 0, 0, 0.005, 0.007, 0, 0, 0, 0, 0.003
Node_Nits4_Nits2_0, 0.002, 0, 0.01, 0.009, 0.002, 0, 0.002, 0, 0.006
Node_NitsA1_NitsA2_0, 0.007, 0.001, 0.021, 0.018, 0.007, 0, 0.007, 0.004, 0.007
Node_NitsA1_NitsA3_0, 0.02, 0, 0.039, 0.032, 0.02, 0, 0.02, 0.02, 0
Node_NitsA3_Nits1_0, 0.002, 0, 0.005, 0.002, 0.002, 0, 0.002, 0.001, 0.001
Node_NitsA3_Nits4_0, 0.006, 0, 0.015, 0.007, 0.006, 0, 0.006, 0.006, 0.001
Node_Omni4_Omni2_0, 0.002, 0, 0.006, 0.007, 0.002, 0, 0.002, 0, 0.007
Node_Omni4_Omni3_0, 0.001, 0, 0.003, 0.002, 0.001, 0, 0.001, 0.001, 0.001
Node_Omni4_Omni7_0, 0.001, 0, 0.002, 0.004, 0.001, 0, 0.001, 0, 0.002
Node_Omni4_Omni8_0, 0.003, 0, 0.015, 0.009, 0.003, 0, 0.003, 0.001, 0.004
Node_Omni8_Omni6_0, 0.002, 0, 0.007, 0.007, 0.002, 0, 0.002, 0.001, 0.006
Node_P4572X1_Ferm1_0, 0.002, 0, 0.001, 0.001, 0.002, 0, 0.002, 0.001, 0.001
Node_P4572X1_Gemm5_0, 0, 0, 0.005, 0.003, 0, 0, 0, 0, 0.003
Node_Pate13_Pate34_0, 0.003, 0, 0.005, 0.004, 0.003, 0, 0.003, 0, 0.006
Node_Pate13_Pate6_0, 0.002, 0, 0, 0, 0.002, 0, 0.002, 0, 0.002
Node_Pate14_Pate35_0, 0.002, 0, 0.002, 0.001, 0.002, 0, 0.002, 0, 0.003
Node_Pate14_Pate5_0, 0.001, 0, 0.001, 0.002, 0.001, 0, 0.001, 0, 0.002
Node_Pate15_Pate29_0, 0.001, 0, 0.007, 0.009, 0.001, 0, 0.001, 0, 0.007
Node_Pate17_Pate18_0, 0.003, 0, 0.004, 0.004, 0.003, 0, 0.003, 0.001, 0.005
Node_Pate17_Pate19_0, 0.002, 0, 0.002, 0.002, 0.002, 0, 0.002, 0.002, 0.002
Node_Pate17_Pate8_0, 0.002, 0, 0.003, 0.003, 0.002, 0, 0.002, 0.001, 0.002
Node_Pate18_Pate38_0, 0.003, 0, 0.006, 0.007, 0.003, 0, 0.003, 0.001, 0.007
Node_Pate18_Pate9_0, 0.002, 0, 0.002, 0.006, 0.002, 0, 0.002, 0.001, 0.001
Node_Pate19_Pate37_0, 0, 0, 0.003, 0.004, 0, 0, 0, 0, 0.002
Node_Pate19_Pate4_0, 0.001, 0, 0.004, 0.003, 0.001, 0, 0.001, 0, 0.003
Node_Pate1_Pate50_0, 0.003, 0, 0.005, 0.004, 0.003, 0, 0.003, 0, 0.005
Node_Pate21_Pate15_0, 0.001, 0, 0.003, 0.002, 0.001, 0, 0.001, 0, 0.003
Node_Pate21_Pate26_0, 0.001, 0, 0.004, 0.003, 0.001, 0, 0.001, 0.001, 0.001
Node_Pate24_Pate39_0, 0.001, 0, 0.002, 0.002, 0.001, 0, 0.001, 0, 0.002
Node_Pate24_Pate54_0, 0.001, 0, 0.002, 0.002, 0.001, 0, 0.001, 0, 0.003
Node_Pate25_Pate17_0, 0.002, 0, 0.001, 0.001, 0.002, 0, 0.002, 0.001, 0.001
Node_Pate25_Pate28_0, 0.001, 0, 0.003, 0.003, 0.001, 0, 0.001, 0, 0.002
Node_Pate25_Pate32_0, 0.002, 0, 0.001, 0.002, 0.002, 0, 0.002, 0.001, 0.002
Node_Pate26_Pate12_0, 0, 0, 0.003, 0.005, 0, 0, 0, 0, 0.002
Node_Pate40_Pate24_0, 0, 0, 0.002, 0.002, 0, 0, 0, 0, 0.002
Node_Pate40_Pate55_0, 0, 0, 0.001, 0.001, 0, 0, 0, 0, 0.001
Node_Pate40_Pate7_0, 0, 0, 0.001, 0, 0, 0, 0, 0, 0
Node_Pate43_Pate22_0, 0.001, 0, 0.001, 0.001, 0.001, 0, 0.001, 0, 0.001
Node_Pate43_Pate3_0, 0.002, 0, 0, 0.001, 0.002, 0, 0.002, 0.001, 0.001
Node_Pate43_Pate44_0, 0.001, 0, 0.003, 0.007, 0.001, 0, 0.001, 0.001, 0.002
Node_Pate43_Pate45_0, 0.001, 0, 0.003, 0.002, 0.001, 0, 0.001, 0.001, 0
Node_Pate43_Pate57_0, 0.002, 0, 0.004, 0.006, 0.002, 0, 0.002, 0.001, 0.005
Node_Pate44_Pate10_0, 0.002, 0, 0.001, 0.001, 0.002, 0, 0.002, 0, 0.003
Node_Pate44_Pate52_0, 0, 0, 0.001, 0, 0, 0, 0, 0, 0
Node_Pate45_Pate11_0, 0.001, 0, 0.003, 0.003, 0.001, 0, 0.001, 0.001, 0
Node_Pate45_Pate21_0, 0.004, 0, 0.001, 0.001, 0.004, 0, 0.004, 0.001, 0.004
Node_Pate46_Pate25_0, 0.001, 0, 0.003, 0.004, 0.001, 0, 0.001, 0.001, 0.002
Node_Pate48_Chlo30_0, 0.003, 0, 0.001, 0.003, 0.003, 0, 0.003, 0.002, 0.001
Node_Pate48_Pate1_0, 0.003, 0, 0.002, 0.003, 0.003, 0, 0.003, 0, 0.005
Node_Pate48_Pate23_0, 0.001, 0, 0.003, 0.004, 0.001, 0, 0.001, 0.001, 0.001
Node_Pate48_Pate30_0, 0, 0, 0.002, 0.002, 0, 0, 0, 0, 0.001
Node_Pate48_Pate40_0, 0.001, 0, 0.003, 0.003, 0.001, 0, 0.001, 0.001, 0
Node_Pate48_Pate43_0, 0.004, 0.001, 0.001, 0.008, 0.004, 0, 0.004, 0.001, 0.002
Node_Pate48_Pate46_0, 0.002, 0, 0.001, 0.001, 0.002, 0.001, 0.002, 0.001, 0.001
Node_Pate48_Pate49_0, 0.001, 0, 0.002, 0.002, 0.001, 0, 0.001, 0.001, 0
Node_Pate48_Pate51_0, 0.001, 0, 0.001, 0.001, 0.001, 0, 0.001, 0, 0.001
Node_Pate49_Pate41_0, 0, 0, 0.003, 0.003, 0, 0, 0, 0, 0.002
Node_Pate51_Pate27_0, 0, 0, 0.003, 0.003, 0, 0, 0, 0, 0.002
Node_Pate51_Pate33_0, 0, 0, 0.002, 0.002, 0, 0, 0, 0, 0.001
Node_Pate51_Pate53_0, 0.001, 0, 0.004, 0.004, 0.001, 0, 0.001, 0, 0.005
Node_Pate54_Pate31_0, 0, 0, 0.003, 0.003, 0, 0, 0, 0, 0.002
Node_Pate9_Pate36_0, 0, 0, 0.004, 0.003, 0, 0, 0, 0, 0.002
Node_Plan17_Plan23_0, 0.001, 0, 0.004, 0.006, 0.001, 0, 0.001, 0, 0.005
Node_Plan22_Plan2_0, 0.023, 0, 0.241, 0.038, 0.023, 0, 0.023, 0.017, 0.01
Node_Plan22_Plan4_0, 0.254, 0, 0.003, 0.043, 0.254, 0, 0.254, 0.068, 0.188
Node_Plan26_Plan21_0, 0.001, 0, 0.015, 0.005, 0.001, 0, 0.001, 0, 0.003
Node_Plan26_Plan5_0, 0.001, 0, 0.002, 0.002, 0.001, 0, 0.001, 0.001, 0.002
Node_Plan30_Plan14_0, 0, 0, 0.006, 0.005, 0, 0, 0, 0, 0.003
Node_Plan31_Plan17_0, 0, 0, 0.005, 0.002, 0, 0, 0, 0, 0
Node_Plan31_Plan18_0, 0, 0, 0.004, 0.003, 0, 0, 0, 0, 0
Node_Plan31_Plan27_0, 0.005, 0, 0.001, 0.004, 0.005, 0, 0.005, 0, 0.005
Node_Plan31_Plan39_0, 0.001, 0, 0.002, 0.003, 0.001, 0, 0.001, 0, 0.003
Node_Plan32_Plan12_0, 0.001, 0, 0.008, 0.006, 0.001, 0, 0.001, 0.001, 0.005
Node_Plan32_Plan22_0, 0.069, 0.001, 0.002, 0.013, 0.069, 0.001, 0.069, 0.013, 0.056
Node_Plan32_Plan26_0, 0.013, 0, 0.002, 0.002, 0.013, 0, 0.013, 0.003, 0.011
Node_Plan32_Plan30_0, 0.003, 0, 0.069, 0.012, 0.003, 0, 0.003, 0.003, 0.003
Node_Plan32_Plan3_0, 0.004, 0, 0.003, 0.002, 0.004, 0, 0.004, 0.002, 0.004
Node_Plan33_Plan44_0, 0.003, 0, 0, 0.001, 0.003, 0, 0.003, 0.002, 0.001
Node_Plan42_Plan40_0, 0.005, 0, 0.004, 0.003, 0.005, 0, 0.005, 0, 0.008
Node_Plan43_Plan16_0, 0, 0, 0.002, 0, 0, 0, 0, 0, 0
Node_Plan43_Plan31_0, 0.004, 0, 0.003, 0.002, 0.004, 0, 0.004, 0.003, 0.003
Node_Plan43_Plan32_0, 0.004, 0, 0.004, 0.002, 0.004, 0, 0.004, 0.002, 0.004
Node_Plan43_Plan33_0, 0.002, 0, 0.005, 0.004, 0.002, 0, 0.002, 0, 0.003
Node_Plan43_Plan42_0, 0.001, 0, 0.001, 0.001, 0.001, 0, 0.001, 0, 0.002
Node_Plan43_Plan7_0, 0.004, 0, 0.012, 0.008, 0.004, 0, 0.004, 0.004, 0
Node_Plan43_Verr11_0, 0.016, 0, 0.022, 0.018, 0.016, 0, 0.016, 0.015, 0.001
Node_Pori1_Pori2_0, 0.003, 0, 0.017, 0.011, 0.003, 0, 0.003, 0.002, 0.001
Node_ProtA11_ProtA32_0, 0.001, 0, 0.003, 0.002, 0.001, 0, 0.001, 0, 0.003
Node_ProtA12_ProtA44_0, 0.002, 0, 0.008, 0.009, 0.002, 0, 0.002, 0.001, 0.005
Node_ProtA12_ProtA54_0, 0.002, 0, 0.003, 0.004, 0.002, 0, 0.002, 0, 0.003
Node_ProtA13_ProtA24_0, 0.004, 0, 0.002, 0.005, 0.004, 0, 0.004, 0.003, 0.003
Node_ProtA13_ProtA61_0, 0.002, 0, 0.007, 0.005, 0.002, 0, 0.002, 0, 0.005
Node_ProtA13_ProtA77_0, 0.006, 0, 0.003, 0.005, 0.006, 0, 0.006, 0.001, 0.007
Node_ProtA13_ProtA7_0, 0.003, 0, 0.005, 0.005, 0.003, 0, 0.003, 0.002, 0.002
Node_ProtA15_ProtA42_0, 0, 0, 0.007, 0.003, 0, 0, 0, 0, 0.002
Node_ProtA15_ProtA70_0, 0.005, 0, 0.001, 0.002, 0.005, 0, 0.005, 0, 0.006
Node_ProtA16_ProtA33_0, 0.001, 0, 0.007, 0.007, 0.001, 0, 0.001, 0, 0.005
Node_ProtA16_ProtA66_0, 0.002, 0, 0.002, 0.002, 0.002, 0, 0.002, 0, 0.003
Node_ProtA16_ProtA69_0, 0.006, 0, 0.004, 0.003, 0.005, 0, 0.006, 0.001, 0.007
Node_ProtA16_ProtA8_0, 0.003, 0, 0.008, 0.006, 0.003, 0, 0.003, 0.001, 0.005
Node_ProtA18_ProtA10_0, 0, 0, 0.007, 0.008, 0, 0, 0, 0, 0.006
Node_ProtA18_ProtA19_0, 0.007, 0.001, 0.005, 0.007, 0.007, 0, 0.007, 0.005, 0.003
Node_ProtA18_ProtA29_0, 0.001, 0, 0.003, 0.003, 0.001, 0, 0.001, 0, 0.003
Node_ProtA18_ProtA53_0, 0.001, 0, 0.01, 0.008, 0.001, 0, 0.001, 0, 0.004
Node_ProtA19_ProtA14_0, 0.003, 0, 0.004, 0.004, 0.003, 0, 0.003, 0, 0.005
Node_ProtA19_ProtA20_0, 0.006, 0, 0.007, 0.008, 0.006, 0, 0.006, 0.002, 0.006
Node_ProtA19_ProtA3_0, 0.02, 0, 0.002, 0.005, 0.02, 0, 0.02, 0.003, 0.019
Node_ProtA19_ProtA46_0, 0.004, 0, 0.009, 0.008, 0.004, 0, 0.004, 0.001, 0.006
Node_ProtA19_ProtA49_0, 0.002, 0, 0.01, 0.01, 0.002, 0, 0.002, 0, 0.008
Node_ProtA19_ProtA56_0, 0.006, 0, 0.003, 0.004, 0.006, 0, 0.006, 0.003, 0.003
Node_ProtA19_ProtA68_0, 0.007, 0, 0.023, 0.01, 0.007, 0, 0.007, 0.003, 0.01
Node_ProtA19_ProtA74_0, 0.007, 0, 0.007, 0.005, 0.007, 0, 0.007, 0.004, 0.007
Node_ProtA19_ProtA75_0, 0.002, 0, 0.006, 0.003, 0.002, 0, 0.002, 0.001, 0.002
Node_ProtA20_ProtA11_0, 0.001, 0, 0.007, 0.003, 0.001, 0, 0.001, 0.001, 0.002
Node_ProtA20_ProtA5_0, 0.001, 0, 0.003, 0.003, 0.001, 0, 0.001, 0, 0.003
Node_ProtA26_ProtA37_0, 0.001, 0, 0.007, 0.006, 0.001, 0, 0.001, 0, 0.004
Node_ProtA26_ProtA45_0, 0.004, 0, 0.016, 0.012, 0.004, 0, 0.004, 0.004, 0.003
Node_ProtA27_ProtA21_0, 0.002, 0, 0.005, 0.006, 0.002, 0, 0.002, 0.001, 0.004
Node_ProtA30_ProtA35_0, 0.003, 0, 0.002, 0.002, 0.003, 0, 0.003, 0.001, 0.002
Node_ProtA34_Acid38_0, 0.631, 0.003, 0.022, 0.121, 0.615, 0.043, 0.631, 0.625, 0
Node_ProtA34_Chry1_0, 0.607, 0.02, 0.024, 0.258, 0.584, 0.019, 0.607, 0.574, 0
Node_ProtA34_DesuB4_0, 0.717, 0.01, 0.305, 0.339, 0.695, 0.001, 0.717, 0.695, 0.002
Node_ProtA34_DesuC2_0, 0.614, 0.017, 0.128, 0.282, 0.588, 0, 0.614, 0.577, 0.008
Node_ProtA34_J088X1_0, 0.451, 0.009, 0.178, 0.251, 0.437, 0, 0.451, 0.431, 0.006
Node_ProtA34_Nitr14_0, 0.69, 0.007, 0.026, 0.143, 0.679, 0.076, 0.69, 0.677, 0.002
Node_ProtA34_ProtA13_0, 0.002, 0, 0.004, 0.003, 0.002, 0, 0.002, 0.002, 0.003
Node_ProtA34_ProtA16_0, 0.003, 0, 0.005, 0.003, 0.003, 0, 0.003, 0.001, 0.005
Node_ProtA34_ProtA18_0, 0.008, 0, 0.008, 0.005, 0.008, 0, 0.008, 0.003, 0.008
Node_ProtA34_ProtA26_0, 0.017, 0, 0.011, 0.017, 0.017, 0, 0.017, 0.013, 0.006
Node_ProtA34_ProtA38_0, 0.003, 0, 0.007, 0.003, 0.003, 0, 0.003, 0.001, 0.002
Node_ProtA34_ProtA39_0, 0.008, 0, 0.011, 0.014, 0.008, 0, 0.008, 0.008, 0.002
Node_ProtA34_ProtA40_0, 0.002, 0, 0.004, 0.002, 0.002, 0, 0.002, 0, 0.004
Node_ProtA34_ProtA43_0, 0, 0, 0.003, 0.003, 0, 0, 0, 0, 0.001
Node_ProtA34_ProtA9_0, 0.022, 0, 0.047, 0.041, 0.022, 0, 0.022, 0.022, 0
Node_ProtA34_ProtG30_0, 0.436, 0.01, 0.044, 0.216, 0.425, 0, 0.436, 0.401, 0.019
Node_ProtA34_ProtM1_0, 0.151, 0.002, 0.287, 0.183, 0.147, 0, 0.151, 0.148, 0
Node_ProtA34_SAR3X2_0, 0.806, 0.015, 0.009, 0.192, 0.785, 0.101, 0.806, 0.77, 0.009
Node_ProtA34_SM23X1_0, 0.592, 0.012, 0.015, 0.162, 0.57, 0.009, 0.592, 0.568, 0
Node_ProtA34_Spir10_0, 0.586, 0.025, 0.004, 0.203, 0.564, 0.36, 0.586, 0.538, 0.002
Node_ProtA34_UBA2X1_0, 1.009, 0.023, 0.012, 0.285, 0.976, 0.176, 1.009, 0.954, 0.016
Node_ProtA34_Wall1_0, 0.203, 0.003, 0.003, 0.071, 0.202, 0.203, 0.203, 0.199, 0
Node_ProtA34_mitoFungi_0, 0.069, 0.002, 0.086, 0.112, 0.068, 0, 0.069, 0.065, 0.002
Node_ProtA38_ProtA15_0, 0, 0, 0.007, 0.013, 0, 0, 0, 0, 0.004
Node_ProtA38_ProtA41_0, 0, 0, 0.006, 0.009, 0, 0, 0, 0, 0.005
Node_ProtA38_ProtA64_0, 0.001, 0, 0.003, 0.003, 0.001, 0, 0.001, 0, 0.004
Node_ProtA39_ProtA12_0, 0.005, 0, 0.003, 0.005, 0.005, 0, 0.005, 0.002, 0.005
Node_ProtA39_ProtA27_0, 0.003, 0, 0.01, 0.013, 0.003, 0, 0.003, 0.002, 0.005
Node_ProtA39_ProtA30_0, 0.003, 0, 0.003, 0.003, 0.003, 0, 0.003, 0.001, 0.003
Node_ProtA39_ProtA36_0, 0.001, 0, 0.006, 0.003, 0.001, 0, 0.001, 0.001, 0.002
Node_ProtA3_ProtA72_0, 0.001, 0, 0.056, 0.011, 0.001, 0, 0.001, 0.001, 0.003
Node_ProtA3_ProtA76_0, 0.054, 0, 0.007, 0.013, 0.054, 0, 0.054, 0.017, 0.041
Node_ProtA40_ProtA67_0, 0.001, 0, 0.003, 0.003, 0.001, 0, 0.001, 0, 0.002
Node_ProtA46_ProtA55_0, 0.003, 0, 0.007, 0.01, 0.003, 0, 0.003, 0.002, 0.006
Node_ProtA47_ProtA63_0, 0.906, 0, 0.092, 0.039, 0.896, 0, 0.906, 0.884, 0.024
Node_ProtA53_ProtA58_0, 0, 0, 0.005, 0.005, 0, 0, 0, 0, 0.004
Node_ProtA56_ProtA52_0, 0.003, 0, 0.005, 0.004, 0.003, 0, 0.003, 0.001, 0.002
Node_ProtA68_ProtA2_0, 0.058, 0, 0.008, 0.008, 0.058, 0, 0.058, 0.002, 0.059
Node_ProtA69_ProtA50_0, 0.001, 0, 0.009, 0.011, 0.001, 0, 0.001, 0.001, 0.004
Node_ProtA70_ProtA57_0, 0, 0, 0.011, 0.012, 0, 0, 0, 0, 0.006
Node_ProtA76_ProtA47_0, 0.974, 0.067, 0.007, 0.146, 0.897, 0, 0.974, 0.178, 0.722
Node_ProtA76_ProtA48_0, 0.192, 0.002, 0.007, 0.026, 0.19, 0, 0.192, 0.051, 0.143
Node_ProtA76_ProtA62_0, 1.077, 0.003, 0.011, 0.048, 0.969, 0, 1.077, 0.967, 0.111
Node_ProtA76_ProtA71_0, 0.344, 0.001, 0.873, 0.048, 0.34, 0, 0.344, 0.207, 0.139
Node_ProtA77_ProtA31_0, 0.001, 0, 0.008, 0.004, 0.001, 0, 0.001, 0, 0.003
Node_ProtA77_ProtA51_0, 0, 0, 0.004, 0.005, 0, 0, 0, 0, 0.003
Node_ProtA9_ProtA60_0, 0.004, 0, 0.02, 0.011, 0.004, 0, 0.004, 0.003, 0.002
Node_ProtG12_ProtG5_0, 0.002, 0, 0.002, 0.001, 0.002, 0, 0.002, 0.001, 0.001
Node_ProtG16_ProtG17_0, 0, 0, 0.01, 0.006, 0, 0, 0, 0, 0.005
Node_ProtG18_ProtG10_0, 0.004, 0, 0.005, 0.004, 0.004, 0, 0.004, 0.002, 0.003
Node_ProtG18_ProtG12_0, 0.003, 0, 0.008, 0.007, 0.003, 0, 0.003, 0, 0.007
Node_ProtG18_ProtG14_0, 0.006, 0, 0.006, 0.006, 0.006, 0, 0.006, 0.004, 0.006
Node_ProtG18_ProtG21_0, 0.004, 0, 0.008, 0.007, 0.004, 0, 0.004, 0.001, 0.009
Node_ProtG24_ProtG18_0, 0.006, 0, 0.005, 0.004, 0.006, 0, 0.006, 0.001, 0.007
Node_ProtG25_ProtG9_0, 0.004, 0, 0.014, 0.011, 0.004, 0, 0.004, 0.003, 0.005
Node_ProtG29_ProtG76_0, 0.001, 0, 0.006, 0.009, 0.001, 0, 0.001, 0, 0.005
Node_ProtG30_ProtG19_0, 0.005, 0, 0.005, 0.007, 0.005, 0, 0.005, 0, 0.009
Node_ProtG30_ProtG31_0, 0.077, 0, 0.009, 0.011, 0.076, 0, 0.077, 0.067, 0.01
Node_ProtG30_ProtG34_0, 0.01, 0, 0.068, 0.005, 0.01, 0, 0.01, 0.01, 0.001
Node_ProtG30_ProtG35_0, 0.013, 0, 0.004, 0.005, 0.013, 0, 0.013, 0.006, 0.007
Node_ProtG30_ProtG39_0, 0.001, 0, 0.003, 0.003, 0.001, 0, 0.001, 0, 0.003
Node_ProtG30_ProtG42_0, 0.096, 0, 0.609, 0.053, 0.096, 0, 0.096, 0.095, 0.002
Node_ProtG30_ProtG49_0, 0.004, 0, 0.019, 0.006, 0.004, 0, 0.004, 0.004, 0.001
Node_ProtG30_ProtG50_0, 0.076, 0, 0.026, 0.022, 0.076, 0, 0.076, 0.07, 0.006
Node_ProtG30_ProtG64_0, 0.001, 0, 0.01, 0.01, 0.001, 0, 0.001, 0.001, 0.003
Node_ProtG30_ProtG71_0, 0.55, 0, 0.108, 0.057, 0.547, 0, 0.55, 0.536, 0.014
Node_ProtG30_ProtG80_0, 0.588, 0, 0.011, 0.03, 0.587, 0, 0.588, 0.54, 0.049
Node_ProtG30_ProtG84_0, 0.022, 0, 0.004, 0.01, 0.022, 0, 0.022, 0.01, 0.013
Node_ProtG30_ProtG85_0, 0.703, 0.004, 0.005, 0.032, 0.697, 0, 0.703, 0.582, 0.116
Node_ProtG30_ProtG87_0, 0.008, 0, 0.003, 0.005, 0.008, 0, 0.008, 0.003, 0.007
Node_ProtG30_ProtZ3_0, 0.644, 0.017, 0.011, 0.305, 0.625, 0, 0.644, 0.455, 0.163
Node_ProtG30_ProtZ5_0, 0.475, 0.004, 0.027, 0.247, 0.467, 0, 0.475, 0.409, 0.062
Node_ProtG31_ProtG16_0, 0.005, 0, 0.008, 0.006, 0.005, 0, 0.005, 0.003, 0.007
Node_ProtG31_ProtG32_0, 0.096, 0, 0.003, 0.024, 0.095, 0, 0.096, 0.074, 0.022
Node_ProtG31_ProtG36_0, 0.008, 0, 0.023, 0.01, 0.008, 0, 0.008, 0.004, 0.005
Node_ProtG31_ProtG44_0, 0.025, 0, 0.005, 0.004, 0.025, 0, 0.025, 0.001, 0.025
Node_ProtG31_ProtG45_0, 0.026, 0, 0.082, 0.018, 0.026, 0, 0.026, 0.015, 0.012
Node_ProtG31_ProtG47_0, 0.006, 0, 0.005, 0.01, 0.006, 0, 0.006, 0.002, 0.006
Node_ProtG31_ProtG61_0, 0.005, 0, 0.007, 0.005, 0.005, 0, 0.005, 0.003, 0.004
Node_ProtG32_ProtG26_0, 0.296, 0.001, 0.007, 0.072, 0.295, 0, 0.296, 0.155, 0.145
Node_ProtG32_ProtG33_0, 0.166, 0.001, 0.014, 0.035, 0.162, 0, 0.166, 0.083, 0.083
Node_ProtG32_ProtG37_0, 0.128, 0, 0.053, 0.042, 0.128, 0, 0.128, 0.117, 0.015
Node_ProtG32_ProtG43_0, 0.157, 0, 0.01, 0.035, 0.157, 0, 0.157, 0.123, 0.039
Node_ProtG33_ProtG48_0, 0.197, 0, 0.074, 0.041, 0.194, 0, 0.197, 0.142, 0.056
Node_ProtG33_ProtG67_0, 0.215, 0, 0.015, 0.043, 0.206, 0, 0.215, 0.153, 0.064
Node_ProtG33_ProtG7_0, 0.359, 0.001, 0.015, 0.054, 0.359, 0, 0.359, 0.187, 0.176
Node_ProtG35_ProtG81_0, 0.002, 0, 0.013, 0.002, 0.002, 0, 0.002, 0, 0.002
Node_ProtG36_ProtG20_0, 0.003, 0, 0.008, 0.01, 0.003, 0, 0.003, 0, 0.007
Node_ProtG36_ProtG24_0, 0.004, 0, 0.004, 0.004, 0.004, 0, 0.004, 0.002, 0.004
Node_ProtG36_ProtG38_0, 0.004, 0, 0.005, 0.003, 0.004, 0, 0.004, 0.004, 0.001
Node_ProtG36_ProtG65_0, 0.004, 0, 0.008, 0.008, 0.004, 0, 0.004, 0.001, 0.008
Node_ProtG37_ProtG41_0, 0.002, 0, 0.008, 0.008, 0.002, 0, 0.002, 0, 0.005
Node_ProtG37_ProtG51_0, 0, 0, 0.007, 0.008, 0, 0, 0, 0, 0.005
Node_ProtG37_ProtG53_0, 0.011, 0, 0.119, 0.032, 0.011, 0, 0.011, 0.01, 0.002
Node_ProtG37_ProtG8_0, 0.005, 0, 0.014, 0.012, 0.005, 0, 0.005, 0.001, 0.008
Node_ProtG38_ProtG28_0, 0.002, 0, 0.007, 0.006, 0.002, 0, 0.002, 0, 0.005
Node_ProtG38_ProtG46_0, 0.003, 0, 0.004, 0.006, 0.003, 0, 0.003, 0.001, 0.005
Node_ProtG39_ProtG15_0, 0, 0, 0.003, 0.003, 0, 0, 0, 0, 0.002
Node_ProtG41_ProtG40_0, 0.002, 0, 0.006, 0.008, 0.002, 0, 0.002, 0.001, 0.006
Node_ProtG42_ProtG74_0, 0.015, 0, 0.084, 0.024, 0.015, 0, 0.015, 0.013, 0.003
Node_ProtG43_ProtG55_0, 0.003, 0, 0.161, 0.034, 0.003, 0, 0.003, 0, 0.007
Node_ProtG44_ProtG22_0, 0.162, 0, 0.004, 0.004, 0.162, 0, 0.162, 0.022, 0.141
Node_ProtG45_ProtG66_0, 0.032, 0, 0.006, 0.014, 0.032, 0, 0.032, 0.021, 0.012
Node_ProtG45_ProtG75_0, 0.027, 0, 0.023, 0.017, 0.027, 0, 0.027, 0.009, 0.018
Node_ProtG47_ProtG62_0, 0.003, 0, 0.007, 0.007, 0.003, 0, 0.003, 0.002, 0.004
Node_ProtG48_ProtG1_0, 0.025, 0, 0.178, 0.043, 0.025, 0, 0.025, 0.022, 0.006
Node_ProtG48_ProtG25_0, 0.013, 0, 0.016, 0.014, 0.013, 0, 0.013, 0.011, 0.004
Node_ProtG48_ProtG6_0, 0.003, 0, 0.014, 0.009, 0.003, 0, 0.003, 0, 0.004
Node_ProtG49_ProtG29_0, 0.002, 0, 0.005, 0.002, 0.002, 0, 0.002, 0.001, 0.003
Node_ProtG53_ProtG27_0, 0.005, 0, 0.012, 0.011, 0.005, 0, 0.005, 0.002, 0.006
Node_ProtG53_ProtG70_0, 0.002, 0, 0.006, 0.004, 0.002, 0, 0.002, 0, 0.003
Node_ProtG58_ProtG59_0, 1.005, 0.005, 0.051, 0.014, 1, 0, 1.005, 0.994, 0.005
Node_ProtG59_ProtG73_0, 1.003, 0.001, 0.007, 0.003, 1, 0, 1.003, 0.999, 0.004
Node_ProtG61_ProtG60_0, 1.007, 0.005, 0.009, 0.035, 0.998, 0, 1.007, 0.083, 0.927
Node_ProtG61_ProtG72_0, 0.015, 0, 0.004, 0.006, 0.015, 0, 0.015, 0.003, 0.014
Node_ProtG61_ProtG78_0, 0.084, 0.001, 0.007, 0.018, 0.083, 0, 0.084, 0.012, 0.075
Node_ProtG62_ProtG77_0, 0.001, 0, 0.004, 0.003, 0.001, 0, 0.001, 0, 0.002
Node_ProtG65_ProtG69_0, 0.002, 0, 0.005, 0.006, 0.002, 0, 0.002, 0, 0.003
Node_ProtG66_ProtG68_0, 1, 0.008, 0.017, 0.121, 0.993, 0, 1, 0.018, 0.977
Node_ProtG67_ProtG63_0, 0.339, 0, 0.131, 0.115, 0.313, 0, 0.339, 0.086, 0.255
Node_ProtG80_ProtG57_0, 0.017, 0, 0.577, 0.032, 0.017, 0, 0.017, 0.014, 0.006
Node_ProtG81_ProtG79_0, 0.001, 0, 0.002, 0, 0.001, 0, 0.001, 0, 0.001
Node_ProtG83_ProtG52_0, 1.938, 0.194, 0.032, 1.096, 1, 0, 1.938, 1.463, 0.106
Node_ProtG83_ProtG89_0, 1.67, 0.435, 0.014, 0.399, 1, 0, 1.67, 0.488, 0.718
Node_ProtG84_ProtG11_0, 0.277, 0.001, 0.305, 0.087, 0.275, 0, 0.277, 0.227, 0.05
Node_ProtG84_ProtG83_0, 0.531, 0.205, 0.009, 0.128, 0.323, 0, 0.531, 0.033, 0.28
Node_ProtG84_ProtG90_0, 0.055, 0.001, 0.001, 0.008, 0.054, 0, 0.055, 0.02, 0.033
Node_ProtG85_ProtG56_0, 1.038, 0.004, 0.094, 0.086, 1, 0, 1.038, 0.961, 0.072
Node_ProtG85_ProtG58_0, 1.046, 0.039, 0.006, 0.092, 1, 0, 1.046, 0.679, 0.31
Node_ProtG85_ProtG86_0, 1.016, 0.004, 0.028, 0.02, 1, 0, 1.016, 1.007, 0.002
Node_ProtG85_ProtG88_0, 1.056, 0.013, 0.015, 0.085, 0.999, 0, 1.056, 1.022, 0.012
Node_ProtG85_ProtG91_0, 1.004, 0.003, 0.019, 0.333, 0.999, 0, 1.004, 0.998, 0.004
Node_ProtG86_ProtG82_0, 1.006, 0.003, 0.021, 0.375, 1, 0, 1.006, 1.001, 0.008
Node_ProtG87_ProtG3_0, 0.001, 0, 0.008, 0.006, 0.001, 0, 0.001, 0, 0.003
Node_ProtG87_ProtG4_0, 0.006, 0, 0.008, 0.007, 0.006, 0, 0.006, 0.002, 0.006
Node_ProtG89_ProtG13_0, 1.044, 0.002, 0.634, 0.227, 1, 0, 1.044, 1.036, 0.006
Node_ProtG90_ProtG54_0, 0.008, 0, 0.052, 0.015, 0.008, 0, 0.008, 0.006, 0.005
Node_ProtM1_ProtM2_0, 0.002, 0, 0.022, 0.015, 0.002, 0, 0.002, 0.002, 0.003
Node_ProtM1_ProtM3_0, 0.021, 0, 0.132, 0.093, 0.021, 0, 0.021, 0.02, 0.002
Node_ProtZ1_ProtZ4_0, 1.554, 0, 0.01, 0.009, 0.999, 0, 1.554, 1.504, 0.055
Node_ProtZ3_ProtZ1_0, 1.509, 0.504, 0.015, 0.175, 1, 0, 1.509, 0.482, 0.026
Node_ProtZ3_ProtZ2_0, 0.994, 0.017, 0.045, 0.953, 0.983, 0, 0.994, 0.598, 0.378
Node_SAR3X2_BMS3X1_0, 0.131, 0.001, 0.676, 0.247, 0.131, 0, 0.131, 0.131, 0
Node_SAR3X2_SAR3X1_0, 0.029, 0, 0.103, 0.101, 0.029, 0, 0.029, 0.029, 0.001
Node_SM23X1_AABM5X1_0, 0.002, 0, 0.006, 0.001, 0.002, 0, 0.002, 0.001, 0.001
Node_SM23X1_Aero1_0, 0.252, 0.001, 0.341, 0.198, 0.246, 0, 0.252, 0.25, 0
Node_SM23X1_Bact27_0, 0.007, 0, 0.009, 0.01, 0.007, 0, 0.007, 0.002, 0.007
Node_SM23X1_Caldit2_0, 0.003, 0, 0.001, 0.001, 0.003, 0, 0.003, 0.002, 0.002
Node_SM23X1_Fibr4_0, 0.009, 0, 0.001, 0.002, 0.009, 0, 0.009, 0.005, 0.004
Node_SM23X1_Hydr2_0, 0.08, 0.001, 0.174, 0.071, 0.08, 0.001, 0.08, 0.079, 0
Node_SM23X1_KSB1X2_0, 0.002, 0, 0.004, 0.004, 0.002, 0, 0.002, 0, 0.003
Node_SM23X1_KSB1X3_0, 0, 0, 0.003, 0.003, 0, 0, 0, 0, 0.001
Node_SM23X1_P4572X1_0, 0.002, 0, 0.001, 0, 0.002, 0, 0.002, 0.001, 0.001
Node_SM23X1_Pori1_0, 0.019, 0.001, 0.062, 0.031, 0.019, 0, 0.019, 0.018, 0
Node_SM23X1_RBG1_0, 0.005, 0, 0.014, 0.01, 0.005, 0, 0.005, 0.005, 0
Node_SM23X1_TA06X1_0, 0.002, 0, 0.003, 0.001, 0.002, 0, 0.002, 0.002, 0
Node_SM23X1_Zixi5_0, 0.006, 0, 0.002, 0.003, 0.006, 0, 0.006, 0.001, 0.006
Node_Spir10_Lind1_0, 0.575, 0.011, 0.025, 0.13, 0.561, 0.002, 0.575, 0.553, 0.001
Node_Spir10_Spir11_0, 0.08, 0, 0.508, 0.195, 0.079, 0, 0.08, 0.08, 0.001
Node_Spir10_Spir12_0, 0.027, 0, 0.053, 0.048, 0.027, 0, 0.027, 0.027, 0
Node_Spir10_Spir13_0, 0.003, 0, 0.005, 0.005, 0.003, 0, 0.003, 0.002, 0.001
Node_Spir10_Spir15_0, 0.587, 0.031, 0.026, 0.115, 0.557, 0.001, 0.587, 0.527, 0.006
Node_Spir10_Spir3_0, 0.001, 0, 0.004, 0.007, 0.001, 0, 0.001, 0.001, 0.002
Node_Spir10_Spir8_0, 0.007, 0, 0.02, 0.014, 0.007, 0, 0.007, 0.007, 0
Node_Spir13_Spir2_0, 0, 0, 0.004, 0.001, 0, 0, 0, 0, 0.001
Node_Spir15_Spir4_0, 0.663, 0.029, 0.01, 0.15, 0.61, 0, 0.663, 0.554, 0.057
Node_Spir15_Spir9_0, 0.959, 0.034, 0.007, 0.259, 0.868, 0, 0.959, 0.641, 0.269
Node_Sume1_OLB1X1_0, 0.001, 0, 0.009, 0.006, 0.001, 0, 0.001, 0.001, 0
Node_Sume1_UBP4X1_0, 0, 0, 0.001, 0.001, 0, 0, 0, 0, 0
Node_Syne1_Calda2_0, 0.001, 0, 0.011, 0.007, 0.001, 0, 0.001, 0.001, 0.001
Node_Syne1_Cyan40_0, 0.035, 0, 0.04, 0.046, 0.035, 0, 0.035, 0.035, 0
Node_Syne1_Dein5_0, 0.011, 0.001, 0.025, 0.017, 0.01, 0, 0.011, 0.009, 0
Node_Syne1_Syne2_0, 0.003, 0, 0.004, 0.007, 0.003, 0, 0.003, 0.001, 0.005
Node_Syne1_Syne4_0, 0.003, 0, 0.001, 0.001, 0.003, 0, 0.003, 0, 0.004
Node_Syne1_Syne6_0, 0, 0, 0.003, 0.001, 0, 0, 0, 0, 0
Node_Syne1_Syne7_0, 0.002, 0, 0.005, 0.005, 0.002, 0, 0.002, 0, 0.007
Node_Syne1_Syne9_0, 0, 0, 0.003, 0.003, 0, 0, 0, 0, 0.002
Node_Syne2_Syne8_0, 0.004, 0, 0.004, 0.006, 0.004, 0, 0.004, 0.001, 0.005
Node_Syne4_Syne5_0, 0.003, 0, 0.004, 0.005, 0.003, 0, 0.003, 0, 0.004
Node_Syne7_Syne10_0, 0, 0, 0.002, 0, 0, 0, 0, 0, 0
Node_Syne8_Syne3_0, 0.003, 0, 0.01, 0.012, 0.003, 0, 0.003, 0.002, 0.009
Node_TA06X1_Cloa1_0, 0.001, 0, 0.001, 0.001, 0.001, 0, 0.001, 0.001, 0
Node_TA06X1_Edwa1_0, 0.001, 0, 0.002, 0.001, 0.001, 0, 0.001, 0, 0.002
Node_TA06X1_WOR1_0, 0.001, 0, 0.002, 0.002, 0.001, 0, 0.001, 0, 0.002
Node_Therd1_Dict1_0, 0, 0, 0.002, 0.002, 0, 0, 0, 0, 0.001
Node_Therg2_Therg4_0, 0.002, 0, 0.007, 0.01, 0.002, 0, 0.002, 0, 0.008
Node_Therg3_Therg5_0, 0.001, 0, 0.006, 0.005, 0.001, 0, 0.001, 0, 0.005
Node_Therg8_Therg2_0, 0.001, 0, 0.001, 0.001, 0.001, 0, 0.001, 0, 0.002
Node_Therg8_Therg3_0, 0.002, 0, 0.005, 0.004, 0.002, 0, 0.002, 0, 0.006
Node_Therg8_Therg6_0, 0.002, 0, 0.007, 0.01, 0.002, 0, 0.002, 0, 0.007
Node_Thers1_Desua45_0, 0.014, 0, 0.052, 0.031, 0.014, 0, 0.014, 0.013, 0.001
Node_UBA1X2_UBA1X3_0, 0.023, 0, 0.206, 0.054, 0.023, 0, 0.023, 0.022, 0.001
Node_UBA1X2_UBA1X5_0, 0.005, 0.001, 0.023, 0.032, 0.005, 0, 0.005, 0.003, 0.004
Node_UBA1X5_UBA1X4_0, 0.002, 0, 0.008, 0.013, 0.002, 0, 0.002, 0.001, 0.005
Node_UBA1X6_UBA1X1_0, 0.323, 0, 0.018, 0.032, 0.321, 0, 0.323, 0.214, 0.113
Node_UBA1X6_UBA1X2_0, 0.228, 0, 0.025, 0.027, 0.227, 0, 0.228, 0.204, 0.026
Node_UBA2X1_DesuD2_0, 0.956, 0.002, 0.064, 0.153, 0.943, 0, 0.956, 0.95, 0.002
Node_UBA2X1_Desua22_0, 1.016, 0.024, 0.031, 0.361, 0.983, 0, 1.016, 0.96, 0.014
Node_UBA2X1_Desua28_0, 0.947, 0.002, 0.017, 0.173, 0.943, 0, 0.947, 0.937, 0.006
Node_UBA2X1_SZUA2_0, 0.053, 0, 0.894, 0.161, 0.053, 0, 0.053, 0.053, 0
Node_UBA6X1_Desa1_0, 0.012, 0, 0.088, 0.022, 0.012, 0, 0.012, 0.012, 0
Node_UBA6X1_Elus1_0, 0.006, 0, 0.006, 0.007, 0.006, 0, 0.006, 0.006, 0
Node_UBA6X1_Gold1_0, 0.1, 0, 0.05, 0.039, 0.099, 0, 0.1, 0.1, 0.001
Node_UBA9X1_UBA9X3_0, 0.01, 0, 0.031, 0.027, 0.01, 0, 0.01, 0.009, 0.001
Node_UBA9X3_UBA9X2_0, 0.001, 0, 0.011, 0.011, 0.001, 0, 0.001, 0.001, 0.002
Node_Verr11_Aure2_0, 0.027, 0, 0.007, 0.009, 0.027, 0, 0.027, 0.014, 0.013
Node_Verr11_Aure3_0, 0.021, 0, 0.001, 0.007, 0.021, 0, 0.021, 0.013, 0.008
Node_Verr11_Omni4_0, 0.014, 0, 0.004, 0.006, 0.014, 0, 0.014, 0.012, 0.002
Node_Verr11_Verr12_0, 0.999, 0, 0.015, 0.013, 0.999, 0, 0.999, 0.999, 0.005
Node_Verr11_Verr14_0, 1.009, 0.007, 0.004, 0.009, 1, 0, 1.009, 0.993, 0.004
Node_Verr11_Verr7_0, 0.276, 0.006, 0.008, 0.176, 0.271, 0, 0.276, 0.09, 0.18
Node_Verr11_Verr8_0, 0.098, 0.003, 0.003, 0.044, 0.095, 0, 0.098, 0.024, 0.071
Node_Verr11_Verr9_0, 1.002, 0.012, 0.016, 0.538, 1, 0, 1.002, 0.269, 0.73
Node_Verr3_Verr10_0, 0.217, 0.001, 0.008, 0.036, 0.217, 0, 0.217, 0.055, 0.163
Node_Verr5_Verr6_0, 0.004, 0, 0.047, 0.022, 0.004, 0, 0.004, 0.003, 0.005
Node_Verr7_Verr13_0, 0.014, 0, 0.048, 0.036, 0.014, 0, 0.014, 0.013, 0.004
Node_Verr7_Verr2_0, 1.012, 0.009, 0.015, 0.022, 0.999, 0, 1.012, 0.002, 1.004
Node_Verr7_Verr4_0, 0.058, 0, 0.221, 0.123, 0.058, 0, 0.058, 0.057, 0.003
Node_Verr8_Verr3_0, 0.061, 0.001, 0.013, 0.035, 0.06, 0, 0.061, 0.034, 0.027
Node_Verr8_Verr5_0, 0.046, 0, 0.054, 0.028, 0.045, 0, 0.046, 0.044, 0.002
Node_WOR1_WOR2_0, 0.007, 0, 0.001, 0.001, 0.007, 0, 0.007, 0.001, 0.007
Node_WOR1_WOR3_0, 0.002, 0, 0.035, 0.004, 0.002, 0, 0.002, 0.001, 0.003
Node_WOR1_WOR6_0, 0.034, 0, 0, 0.003, 0.034, 0, 0.034, 0.007, 0.027
Node_WOR2_WOR4_0, 0.001, 0, 0.006, 0.001, 0.001, 0, 0.001, 0.001, 0
Node_WOR6_WOR7_0, 0.158, 0, 0.005, 0.008, 0.158, 0, 0.158, 0.032, 0.129
Node_Wall1_Fuso2_0, 0.015, 0, 0.061, 0.036, 0.015, 0.001, 0.015, 0.015, 0
Node_Wall1_Muir1_0, 0.001, 0, 0.003, 0.001, 0.001, 0, 0.001, 0.001, 0
Node_Wall1_Rifl1_0, 0.004, 0, 0.011, 0.013, 0.004, 0, 0.004, 0.004, 0
Node_Wall1_Syne1_0, 0.075, 0, 0.128, 0.067, 0.075, 0, 0.075, 0.075, 0
Node_Zixi2_Zixi1_0, 0.001, 0, 0.001, 0.001, 0.001, 0, 0.001, 0.001, 0.001
Node_Zixi4_Zixi2_0, 0.001, 0, 0.002, 0.002, 0.001, 0, 0.001, 0, 0.003
Node_Zixi4_Zixi3_0, 0.001, 0, 0.004, 0.004, 0.001, 0, 0.001, 0, 0.004
Node_Zixi5_Late2_0, 0, 0, 0.007, 0.005, 0, 0, 0, 0, 0.001
Node_Zixi5_TA06A1_0, 0.001, 0, 0, 0, 0.001, 0, 0.001, 0, 0.001
Node_Zixi5_Zixi4_0, 0, 0, 0.002, 0.001, 0, 0, 0, 0, 0.001
Node_chloroArabidopsis_chloroBryophyte_0, 0.002, 0.001, 0.003, 0.005, 0.002, 0, 0.002, 0, 0.004
Node_chloroArabidopsis_chloroChlorophyta_0, 0, 0, 0.006, 0.005, 0, 0, 0, 0, 0.003
Node_chloroArabidopsis_chloroLycophyte_0, 0.004, 0, 0.005, 0.007, 0.004, 0, 0.004, 0.001, 0.007
Node_chloroArabidopsis_chloroRedAlgae_0, 0.003, 0, 0, 0, 0.003, 0, 0.003, 0.001, 0.002
Node_mitoAnnelida_mitoChelicerate_0, 0.006, 0, 0.008, 0.007, 0.006, 0, 0.006, 0, 0.012
Node_mitoAnnelida_mitoMollusc_0, 0, 0, 0.006, 0.007, 0, 0, 0, 0, 0.003
Node_mitoAnnelida_mitoPriapulid_0, 0.003, 0, 0.011, 0.014, 0.003, 0, 0.003, 0, 0.008
Node_mitoArabidopsis_mitoLycophyte_0, 0.001, 0, 0.004, 0.003, 0.001, 0, 0.001, 0.001, 0
Node_mitoBryophyte_mitoArabidopsis_0, 0.005, 0, 0.001, 0.002, 0.005, 0, 0.005, 0.001, 0.005
Node_mitoBryophyte_mitoChlorophyta_0, 0.001, 0, 0.005, 0.005, 0.001, 0, 0.001, 0, 0.005
Node_mitoBryophyte_mitoExcavata_0, 0.003, 0, 0.021, 0.014, 0.003, 0, 0.003, 0.002, 0.004
Node_mitoBryophyte_mitoParamecium_0, 0.002, 0, 0.003, 0.006, 0.002, 0, 0.002, 0.001, 0.002
Node_mitoBryophyte_mitoRedAlgae_0, 0.001, 0, 0.003, 0.004, 0.001, 0, 0.001, 0.001, 0.002
Node_mitoChelicerate_mitoInsect_0, 0.001, 0, 0.009, 0.011, 0.001, 0, 0.001, 0, 0.004
Node_mitoFungi_mitoAnnelida_0, 0.002, 0, 0.019, 0.017, 0.002, 0, 0.002, 0.002, 0.001
Node_mitoFungi_mitoBryophyte_0, 0.02, 0, 0.051, 0.04, 0.019, 0, 0.02, 0.018, 0.002
OLB1X1, 0, 0, 0.007, 0.006, 0, 0, 0, 0, 0.006
Omni2, 0, 0, 0.007, 0.009, 0, 0, 0, 0, 0.005
Omni3, 0, 0, 0.004, 0.005, 0, 0, 0, 0, 0.003
Omni4, 0, 0, 0.006, 0.005, 0, 0, 0, 0, 0.004
Omni6, 0, 0, 0.012, 0.012, 0, 0, 0, 0, 0.01
Omni7, 0, 0, 0.008, 0.011, 0, 0, 0, 0, 0.007
Omni8, 0, 0, 0.005, 0.004, 0, 0, 0, 0, 0.003
P4572X1, 0, 0, 0.006, 0.007, 0, 0, 0, 0, 0.006
Pate1, 0, 0, 0.015, 0.016, 0, 0, 0, 0, 0.012
Pate10, 0, 0, 0.012, 0.014, 0, 0, 0, 0, 0.01
Pate11, 0, 0, 0.008, 0.008, 0, 0, 0, 0, 0.007
Pate12, 0, 0, 0.005, 0.006, 0, 0, 0, 0, 0.005
Pate13, 0, 0, 0.009, 0.009, 0, 0, 0, 0, 0.006
Pate14, 0, 0, 0.009, 0.01, 0, 0, 0, 0, 0.007
Pate15, 0, 0, 0.005, 0.005, 0, 0, 0, 0, 0.004
Pate17, 0, 0, 0.009, 0.011, 0, 0, 0, 0, 0.007
Pate18, 0, 0, 0.008, 0.009, 0, 0, 0, 0, 0.005
Pate19, 0, 0, 0.005, 0.008, 0, 0, 0, 0, 0.005
Pate21, 0, 0, 0.006, 0.005, 0, 0, 0, 0, 0.005
Pate22, 0, 0, 0.01, 0.009, 0, 0, 0, 0, 0.009
Pate23, 0, 0, 0.005, 0.004, 0, 0, 0, 0, 0.004
Pate24, 0, 0, 0.01, 0.012, 0, 0, 0, 0, 0.009
Pate25, 0, 0, 0.008, 0.012, 0, 0, 0, 0, 0.007
Pate26, 0, 0, 0.009, 0.009, 0, 0, 0, 0, 0.009
Pate27, 0, 0, 0.002, 0.002, 0, 0, 0, 0, 0.002
Pate28, 0, 0, 0.009, 0.01, 0, 0, 0, 0, 0.008
Pate29, 0, 0, 0.007, 0.009, 0, 0, 0, 0, 0.006
Pate3, 0, 0, 0.01, 0.011, 0, 0, 0, 0, 0.008
Pate30, 0, 0, 0.006, 0.008, 0, 0, 0, 0, 0.006
Pate31, 0, 0, 0.004, 0.004, 0, 0, 0, 0, 0.004
Pate32, 0, 0, 0.006, 0.005, 0, 0, 0, 0, 0.004
Pate33, 0, 0, 0.004, 0.004, 0, 0, 0, 0, 0.004
Pate34, 0, 0, 0.008, 0.011, 0, 0, 0, 0, 0.005
Pate35, 0, 0, 0.009, 0.008, 0, 0, 0, 0, 0.007
Pate36, 0, 0, 0.007, 0.008, 0, 0, 0, 0, 0.007
Pate37, 0, 0, 0.005, 0.006, 0, 0, 0, 0, 0.005
Pate38, 0, 0, 0.005, 0.005, 0, 0, 0, 0, 0.002
Pate39, 0, 0, 0.006, 0.006, 0, 0, 0, 0, 0.005
Pate4, 0, 0, 0.008, 0.007, 0, 0, 0, 0, 0.007
Pate40, 0, 0, 0.011, 0.011, 0, 0, 0, 0, 0.011
Pate41, 0, 0, 0.004, 0.004, 0, 0, 0, 0, 0.004
Pate43, 0, 0, 0.008, 0.007, 0, 0, 0, 0, 0.006
Pate44, 0, 0, 0.005, 0.004, 0, 0, 0, 0, 0.003
Pate45, 0, 0, 0.01, 0.011, 0, 0, 0, 0, 0.009
Pate46, 0, 0, 0.004, 0.004, 0, 0, 0, 0, 0.003
Pate48, 0, 0, 0.009, 0.008, 0, 0, 0, 0, 0.008
Pate49, 0, 0, 0.006, 0.008, 0, 0, 0, 0, 0.006
Pate5, 0, 0, 0.008, 0.011, 0, 0, 0, 0, 0.007
Pate50, 0, 0, 0.01, 0.007, 0, 0, 0, 0, 0.007
Pate51, 0, 0, 0.004, 0.006, 0, 0, 0, 0, 0.004
Pate52, 0, 0, 0.006, 0.006, 0, 0, 0, 0, 0.006
Pate53, 0, 0, 0.004, 0.004, 0, 0, 0, 0, 0.003
Pate54, 0, 0, 0.005, 0.008, 0, 0, 0, 0, 0.005
Pate55, 0, 0, 0.004, 0.006, 0, 0, 0, 0, 0.004
Pate56, 0, 0, 0.003, 0.003, 0, 0, 0, 0, 0.003
Pate57, 0, 0, 0.01, 0.01, 0, 0, 0, 0, 0.008
Pate6, 0, 0, 0.008, 0.008, 0, 0, 0, 0, 0.006
Pate7, 0, 0, 0.006, 0.008, 0, 0, 0, 0, 0.006
Pate8, 0, 0, 0.01, 0.011, 0, 0, 0, 0, 0.008
Pate9, 0, 0, 0.006, 0.008, 0, 0, 0, 0, 0.006
Plan12, 0, 0, 0.009, 0.014, 0, 0, 0, 0, 0.008
Plan14, 0, 0, 0.003, 0.003, 0, 0, 0, 0, 0.003
Plan16, 0, 0, 0.006, 0.008, 0, 0, 0, 0, 0.006
Plan17, 0, 0, 0.004, 0.004, 0, 0, 0, 0, 0.003
Plan18, 0, 0, 0.007, 0.011, 0, 0, 0, 0, 0.007
Plan2, 0, 0, 0.029, 0.015, 0, 0, 0, 0, 0.006
Plan21, 0, 0, 0.004, 0.003, 0, 0, 0, 0, 0.003
Plan22, 0, 0, 0.028, 0.019, 0, 0, 0, 0, 0.005
Plan23, 0, 0, 0.002, 0.001, 0, 0, 0, 0, 0.001
Plan26, 0, 0, 0.002, 0.002, 0, 0, 0, 0, 0.001
Plan27, 1, 0.001, 0.006, 0.064, 1, 0, 1, 0.005, 1
Plan3, 0, 0, 0.009, 0.009, 0, 0, 0, 0, 0.005
Plan30, 0, 0, 0.005, 0.005, 0, 0, 0, 0, 0.005
Plan31, 0, 0, 0.002, 0.002, 0, 0, 0, 0, 0.002
Plan32, 0, 0, 0.005, 0.004, 0, 0, 0, 0, 0.004
Plan33, 0, 0, 0.01, 0.011, 0, 0, 0, 0, 0.007
Plan39, 0, 0, 0.006, 0.006, 0, 0, 0, 0, 0.005
Plan4, 1, 0.002, 0.006, 0.219, 1, 0, 1, 0.254, 0.75
Plan40, 0, 0, 0.007, 0.004, 0, 0, 0, 0, 0.002
Plan42, 0, 0, 0.008, 0.009, 0, 0, 0, 0, 0.003
Plan43, 0, 0, 0.003, 0.003, 0, 0, 0, 0, 0.002
Plan44, 0, 0, 0.007, 0.011, 0, 0, 0, 0, 0.004
Plan5, 0, 0, 0.004, 0.003, 0, 0, 0, 0, 0.003
Plan7, 0, 0, 0.011, 0.009, 0, 0, 0, 0, 0.007
Pori1, 0, 0, 0.006, 0.004, 0, 0, 0, 0, 0.003
Pori2, 0, 0, 0.008, 0.009, 0, 0, 0, 0, 0.005
ProtA10, 0, 0, 0.004, 0.004, 0, 0, 0, 0, 0.004
ProtA11, 0, 0, 0.003, 0.002, 0, 0, 0, 0, 0.002
ProtA12, 0, 0, 0.006, 0.005, 0, 0, 0, 0, 0.004
ProtA13, 0, 0, 0.009, 0.008, 0, 0, 0, 0, 0.007
ProtA14, 0, 0, 0.005, 0.002, 0, 0, 0, 0, 0.002
ProtA15, 0, 0, 0.002, 0.002, 0, 0, 0, 0, 0.002
ProtA16, 0, 0, 0.007, 0.007, 0, 0, 0, 0, 0.005
ProtA18, 0, 0, 0.005, 0.006, 0, 0, 0, 0, 0.005
ProtA19, 0, 0, 0.009, 0.01, 0, 0, 0, 0, 0.007
ProtA2, 1, 0, 0.011, 0.013, 1, 0, 1, 0.055, 0.953
ProtA20, 0, 0, 0.001, 0, 0, 0, 0, 0, 0
ProtA21, 0, 0, 0.008, 0.009, 0, 0, 0, 0, 0.006
ProtA24, 0, 0, 0.008, 0.007, 0, 0, 0, 0, 0.004
ProtA26, 0, 0, 0.007, 0.008, 0, 0, 0, 0, 0.006
ProtA27, 0, 0, 0.005, 0.007, 0, 0, 0, 0, 0.003
ProtA29, 0, 0, 0.01, 0.013, 0, 0, 0, 0, 0.009
ProtA3, 0, 0, 0.004, 0.003, 0, 0, 0, 0, 0.003
ProtA30, 0, 0, 0.003, 0.002, 0, 0, 0, 0, 0
ProtA31, 0, 0, 0.004, 0.003, 0, 0, 0, 0, 0.003
ProtA32, 0, 0, 0.006, 0.006, 0, 0, 0, 0, 0.005
ProtA33, 0, 0, 0.006, 0.01, 0, 0, 0, 0, 0.005
ProtA34, 0, 0, 0.006, 0.008, 0, 0, 0, 0, 0.006
ProtA35, 0, 0, 0.007, 0.007, 0, 0, 0, 0, 0.004
ProtA36, 0, 0, 0.002, 0.001, 0, 0, 0, 0, 0.001
ProtA37, 0, 0, 0.005, 0.004, 0, 0, 0, 0, 0.004
ProtA38, 0, 0, 0.004, 0.006, 0, 0, 0, 0, 0.004
ProtA39, 0, 0, 0.003, 0.003, 0, 0, 0, 0, 0.002
ProtA40, 0, 0, 0.005, 0.005, 0, 0, 0, 0, 0.004
ProtA41, 0, 0, 0.004, 0.006, 0, 0, 0, 0, 0.004
ProtA42, 0, 0, 0.004, 0.005, 0, 0, 0, 0, 0.004
ProtA43, 0, 0, 0.004, 0.004, 0, 0, 0, 0, 0.004
ProtA44, 0, 0, 0.005, 0.004, 0, 0, 0, 0, 0.003
ProtA45, 0, 0, 0.005, 0.003, 0, 0, 0, 0, 0.001
ProtA46, 0, 0, 0.012, 0.013, 0, 0, 0, 0, 0.009
ProtA47, 1, 0, 0.013, 0.028, 1, 0, 1, 0.895, 0.107
ProtA48, 0, 0, 0.198, 0.033, 0, 0, 0, 0, 0.006
ProtA49, 0, 0, 0.004, 0.004, 0, 0, 0, 0, 0.002
ProtA5, 0, 0, 0.006, 0.009, 0, 0, 0, 0, 0.005
ProtA50, 0, 0, 0.001, 0.001, 0, 0, 0, 0, 0
ProtA51, 0, 0, 0.001, 0.001, 0, 0, 0, 0, 0.001
ProtA52, 0, 0, 0.008, 0.008, 0, 0, 0, 0, 0.005
ProtA53, 0, 0, 0.004, 0.005, 0, 0, 0, 0, 0.004
ProtA54, 0, 0, 0.005, 0.006, 0, 0, 0, 0, 0.003
ProtA55, 0, 0, 0.006, 0.004, 0, 0, 0, 0, 0.003
ProtA56, 0, 0, 0.005, 0.006, 0, 0, 0, 0, 0.002
ProtA57, 0, 0, 0.004, 0.004, 0, 0, 0, 0, 0.004
ProtA58, 0, 0, 0.005, 0.005, 0, 0, 0, 0, 0.005
ProtA60, 0, 0, 0.01, 0.009, 0, 0, 0, 0, 0.006
ProtA61, 0, 0, 0.005, 0.004, 0, 0, 0, 0, 0.003
ProtA62, 1, 0.001, 0.134, 0.139, 1, 0, 1, 0.951, 0.056
ProtA63, 0, 0, 0.909, 0.024, 0, 0, 0, 0, 0.003
ProtA64, 0, 0, 0.004, 0.003, 0, 0, 0, 0, 0.003
ProtA66, 0, 0, 0.003, 0.001, 0, 0, 0, 0, 0.001
ProtA67, 0, 0, 0.004, 0.004, 0, 0, 0, 0, 0.003
ProtA68, 0, 0, 0.063, 0.011, 0, 0, 0, 0, 0.005
ProtA69, 0, 0, 0.004, 0.004, 0, 0, 0, 0, 0.003
ProtA7, 0, 0, 0.009, 0.008, 0, 0, 0, 0, 0.006
ProtA70, 0, 0, 0.004, 0.005, 0, 0, 0, 0, 0.004
ProtA71, 1, 0.001, 0.016, 0.113, 1, 0, 1, 0.335, 0.671
ProtA72, 0, 0, 0.005, 0.005, 0, 0, 0, 0, 0.004
ProtA74, 0, 0, 0.007, 0.004, 0, 0, 0, 0, 0
ProtA75, 0, 0, 0.005, 0.004, 0, 0, 0, 0, 0.003
ProtA76, 0, 0.001, 0.349, 0.191, 0, 0, 0, 0, 0.004
ProtA77, 0, 0, 0.002, 0.002, 0, 0, 0, 0, 0.002
ProtA8, 0, 0, 0.009, 0.007, 0, 0, 0, 0, 0.006
ProtA9, 0, 0, 0.007, 0.007, 0, 0, 0, 0, 0.003
ProtG1, 0, 0, 0.027, 0.01, 0, 0, 0, 0, 0.002
ProtG10, 0, 0, 0.007, 0.005, 0, 0, 0, 0, 0.003
ProtG11, 0, 0, 0.285, 0.058, 0, 0, 0, 0, 0.008
ProtG12, 0, 0, 0.003, 0.004, 0, 0, 0, 0, 0.001
ProtG13, 1, 0, 0.047, 0.029, 1, 0, 1, 1, 0.003
ProtG14, 0, 0, 0.012, 0.009, 0, 0, 0, 0, 0.006
ProtG15, 0, 0, 0.008, 0.01, 0, 0, 0, 0, 0.008
ProtG16, 0, 0, 0.004, 0.005, 0, 0, 0, 0, 0.004
ProtG17, 0, 0, 0.004, 0.004, 0, 0, 0, 0, 0.004
ProtG18, 0, 0, 0.007, 0.007, 0, 0, 0, 0, 0.003
ProtG19, 0, 0, 0.011, 0.01, 0, 0, 0, 0, 0.006
ProtG20, 0, 0, 0.009, 0.009, 0, 0, 0, 0, 0.006
ProtG21, 0, 0, 0.006, 0.005, 0, 0, 0, 0, 0.002
ProtG22, 1, 0, 0.006, 0.012, 1, 0, 1, 0.162, 0.844
ProtG24, 0, 0, 0.011, 0.009, 0, 0, 0, 0, 0.005
ProtG25, 0, 0, 0.008, 0.007, 0, 0, 0, 0, 0.004
ProtG26, 1, 0.001, 0.009, 0.028, 1, 0, 1, 0.293, 0.712
ProtG27, 0, 0, 0.006, 0.004, 0, 0, 0, 0, 0.001
ProtG28, 0, 0, 0.006, 0.005, 0, 0, 0, 0, 0.004
ProtG29, 0, 0, 0.005, 0.005, 0, 0, 0, 0, 0.004
ProtG3, 0, 0, 0.005, 0.007, 0, 0, 0, 0, 0.004
ProtG30, 0, 0, 0.013, 0.013, 0, 0, 0, 0, 0.008
ProtG31, 0, 0, 0.027, 0.003, 0, 0, 0, 0, 0.002
ProtG32, 0, 0, 0.299, 0.015, 0, 0, 0, 0, 0.003
ProtG33, 1, 0.001, 0.007, 0.212, 1, 0, 1, 0.358, 0.647
ProtG34, 0, 0, 0.017, 0.01, 0, 0, 0, 0, 0.007
ProtG35, 0, 0, 0.005, 0.006, 0, 0, 0, 0, 0.003
ProtG36, 0, 0, 0.005, 0.005, 0, 0, 0, 0, 0.002
ProtG37, 0, 0, 0.003, 0.003, 0, 0, 0, 0, 0.003
ProtG38, 0, 0, 0.01, 0.008, 0, 0, 0, 0, 0.007
ProtG39, 0, 0, 0.004, 0.005, 0, 0, 0, 0, 0.004
ProtG4, 0, 0, 0.01, 0.009, 0, 0, 0, 0, 0.004
ProtG40, 0, 0, 0.004, 0.004, 0, 0, 0, 0, 0.002
ProtG41, 0, 0, 0.003, 0.002, 0, 0, 0, 0, 0.001
ProtG42, 0, 0, 0.019, 0.016, 0, 0, 0, 0, 0.004
ProtG43, 0, 0, 0.008, 0.007, 0, 0, 0, 0, 0.005
ProtG44, 0, 0, 0.164, 0.006, 0, 0, 0, 0, 0.002
ProtG45, 0, 0, 0.028, 0.011, 0, 0, 0, 0, 0.001
ProtG46, 0, 0, 0.009, 0.01, 0, 0, 0, 0, 0.006
ProtG47, 0, 0, 0.006, 0.004, 0, 0, 0, 0, 0.003
ProtG48, 0, 0, 0.005, 0.005, 0, 0, 0, 0, 0.002
ProtG49, 0, 0, 0.002, 0, 0, 0, 0, 0, 0
ProtG5, 0, 0, 0.007, 0.005, 0, 0, 0, 0, 0.005
ProtG50, 0, 0, 0.082, 0.022, 0, 0, 0, 0, 0.006
ProtG51, 0, 0, 0.004, 0.004, 0, 0, 0, 0, 0.004
ProtG52, 2, 0.008, 0.142, 1.038, 1, 0, 2, 1.799, 0.196
ProtG53, 0, 0, 0.005, 0.005, 0, 0, 0, 0, 0.003
ProtG54, 0, 0, 0.014, 0.01, 0, 0, 0, 0, 0.006
ProtG55, 0, 0, 0.008, 0.01, 0, 0, 0, 0, 0.005
ProtG56, 1, 0, 0.041, 0.022, 1, 0, 1, 1, 0.003
ProtG57, 0, 0, 0.02, 0.013, 0, 0, 0, 0, 0.003
ProtG58, 1, 0, 0.01, 0.007, 1, 0, 1, 1, 0.005
ProtG59, 1, 0, 0.011, 0.011, 1, 0, 1, 1, 0.008
ProtG6, 0, 0, 0.006, 0.005, 0, 0, 0, 0, 0.003
ProtG60, 1, 0, 0.009, 0.006, 1, 0, 1, 0.998, 0.002
ProtG61, 1, 0, 0.017, 0.013, 1, 0, 1, 0.998, 0.01
ProtG62, 0, 0, 0.005, 0.004, 0, 0, 0, 0, 0.004
ProtG63, 1, 0, 0.099, 0.025, 1, 0, 1, 0.246, 0.76
ProtG64, 0, 0, 0.003, 0.002, 0, 0, 0, 0, 0.002
ProtG65, 0, 0, 0.004, 0.004, 0, 0, 0, 0, 0.002
ProtG66, 2, 1, 0.011, 0.015, 1, 0, 2, 0, 0.011
ProtG67, 1, 0, 0.258, 0.047, 1, 0, 1, 0.084, 0.919
ProtG68, 1, 0.008, 0.02, 0.951, 1, 0, 1, 0.983, 0.012
ProtG69, 0, 0, 0.006, 0.008, 0, 0, 0, 0, 0.004
ProtG7, 0, 0, 0.365, 0.068, 0, 0, 0, 0, 0.006
ProtG70, 0, 0, 0.007, 0.006, 0, 0, 0, 0, 0.005
ProtG71, 0, 0, 0.552, 0.014, 0, 0, 0, 0, 0.002
ProtG72, 0, 0, 0.018, 0.007, 0, 0, 0, 0, 0.003
ProtG73, 1, 0, 0.005, 0.003, 1, 0, 1, 1, 0.002
ProtG74, 0, 0, 0.018, 0.017, 0, 0, 0, 0, 0.003
ProtG75, 1, 0.003, 0.01, 0.496, 1, 0, 1, 0.025, 0.98
ProtG76, 0, 0, 0.007, 0.008, 0, 0, 0, 0, 0.006
ProtG77, 0, 0, 0.009, 0.01, 0, 0, 0, 0, 0.008
ProtG78, 0, 0, 0.089, 0.015, 0, 0, 0, 0, 0.005
ProtG79, 0, 0, 0.005, 0.004, 0, 0, 0, 0, 0.004
ProtG8, 0, 0, 0.011, 0.009, 0, 0, 0, 0, 0.006
ProtG80, 1, 0, 0.007, 0.007, 1, 0, 1, 0.012, 0.99
ProtG81, 0, 0, 0.008, 0.008, 0, 0, 0, 0, 0.007
ProtG82, 1, 0.001, 0.007, 0.31, 1, 0, 1, 0.999, 0
ProtG83, 1, 0.002, 1.008, 0.523, 1, 0, 1, 0.939, 0.068
ProtG84, 1, 0, 0.015, 0.059, 1, 0, 1, 0.267, 0.738
ProtG85, 0, 0, 1.005, 0.313, 0, 0, 0, 0, 0.001
ProtG86, 0, 0, 1.01, 0.345, 0, 0, 0, 0, 0.004
ProtG87, 0, 0, 0.006, 0.006, 0, 0, 0, 0, 0.005
ProtG88, 1, 0.03, 0.092, 1.877, 1, 0, 1, 0.965, 0.006
ProtG89, 1, 0, 0.047, 0.023, 1, 0, 1, 1, 0.003
ProtG9, 0, 0, 0.008, 0.009, 0, 0, 0, 0, 0.004
ProtG90, 0, 0, 0.01, 0.012, 0, 0, 0, 0, 0.002
ProtG91, 1, 0.004, 0.011, 0.355, 1, 0, 1, 0.995, 0.003
ProtM1, 0, 0, 0.007, 0.006, 0, 0, 0, 0, 0.005
ProtM2, 0, 0, 0.004, 0.003, 0, 0, 0, 0, 0.002
ProtM3, 0, 0, 0.025, 0.016, 0, 0, 0, 0, 0.004
ProtZ1, 1, 0.004, 0.693, 0.164, 1, 0, 1, 0.868, 0.135
ProtZ2, 1, 0, 0.027, 0.018, 1, 0, 1, 0.97, 0.033
ProtZ3, 1, 0.001, 0.668, 0.161, 1, 0, 1, 0.844, 0.158
ProtZ4, 1, 0.001, 0.691, 0.035, 1, 0, 1, 0.863, 0.136
ProtZ5, 0, 0, 0.481, 0.19, 0, 0, 0, 0, 0.006
RBG1, 0, 0, 0.008, 0.007, 0, 0, 0, 0, 0.003
Rifl1, 0, 0, 0.007, 0.008, 0, 0, 0, 0, 0.003
SAR3X1, 0, 0, 0.037, 0.035, 0, 0, 0, 0, 0.008
SAR3X2, 0, 0.001, 0.037, 0.036, 0, 0, 0, 0, 0.007
SLNR1, 0, 0, 0.004, 0.004, 0, 0, 0, 0, 0.004
SM23X1, 0, 0, 0.001, 0.001, 0, 0, 0, 0, 0.001
SZUA1, 0, 0, 0.014, 0.015, 0, 0, 0, 0, 0.007
SZUA2, 0, 0, 0.059, 0.033, 0, 0, 0, 0, 0.006
Sche1, 0, 0, 0.021, 0.016, 0, 0, 0, 0, 0.008
Spir10, 0, 0, 0.002, 0.001, 0, 0, 0, 0, 0.001
Spir11, 0, 0, 0.086, 0.06, 0, 0, 0, 0, 0.006
Spir12, 0, 0, 0.03, 0.03, 0, 0, 0, 0, 0.003
Spir13, 0, 0, 0.002, 0.002, 0, 0, 0, 0, 0.002
Spir15, 1, 0.004, 0.131, 0.534, 1, 0, 1, 0.832, 0.168
Spir2, 0, 0, 0.007, 0.011, 0, 0, 0, 0, 0.007
Spir3, 0, 0, 0.002, 0.003, 0, 0, 0, 0, 0.001
Spir4, 0, 0, 0.671, 0.195, 0, 0, 0, 0, 0.008
Spir8, 0, 0, 0.011, 0.009, 0, 0, 0, 0, 0.004
Spir9, 1, 0.02, 0.18, 1.772, 1, 0, 1, 0.784, 0.201
Sume1, 0, 0, 0.006, 0.007, 0, 0, 0, 0, 0.006
Syne1, 0, 0, 0.007, 0.005, 0, 0, 0, 0, 0.004
Syne10, 0, 0, 0.003, 0.003, 0, 0, 0, 0, 0.003
Syne2, 0, 0, 0.008, 0.004, 0, 0, 0, 0, 0.004
Syne3, 0, 0, 0.004, 0.003, 0, 0, 0, 0, 0.001
Syne4, 0, 0, 0.008, 0.009, 0, 0, 0, 0, 0.005
Syne5, 0, 0, 0.009, 0.008, 0, 0, 0, 0, 0.006
Syne6, 0, 0, 0.005, 0.005, 0, 0, 0, 0, 0.005
Syne7, 0, 0, 0.003, 0.004, 0, 0, 0, 0, 0.003
Syne8, 0, 0, 0.005, 0.003, 0, 0, 0, 0, 0.002
Syne9, 0, 0, 0.002, 0.003, 0, 0, 0, 0, 0.002
TA06A1, 0, 0, 0.005, 0.01, 0, 0, 0, 0, 0.004
TA06X1, 0, 0, 0.007, 0.006, 0, 0, 0, 0, 0.006
Therd1, 0, 0, 0.002, 0.002, 0, 0, 0, 0, 0.002
Therg2, 0, 0, 0.005, 0.006, 0, 0, 0, 0, 0.003
Therg3, 0, 0, 0.004, 0.007, 0, 0, 0, 0, 0.003
Therg4, 0, 0, 0.002, 0, 0, 0, 0, 0, 0
Therg5, 0, 0, 0.003, 0.003, 0, 0, 0, 0, 0.002
Therg6, 0, 0, 0.007, 0.005, 0, 0, 0, 0, 0.005
Therg8, 0, 0, 0.005, 0.007, 0, 0, 0, 0, 0.003
Thers1, 1, 0, 0.015, 0.105, 1, 0, 1, 0.003, 1.001
UBA1X1, 1, 0, 0.009, 0.027, 1, 0, 1, 0.321, 0.686
UBA1X2, 0, 0, 0.009, 0.005, 0, 0, 0, 0, 0.004
UBA1X3, 0, 0, 0.025, 0.017, 0, 0, 0, 0, 0.002
UBA1X4, 0, 0, 0.007, 0.008, 0, 0, 0, 0, 0.005
UBA1X5, 0, 0, 0.005, 0.004, 0, 0, 0, 0, 0.003
UBA1X6, 0, 0, 0.327, 0.009, 0, 0, 0, 0, 0.004
UBA2X1, 0, 0, 0.056, 0.031, 0, 0, 0, 0, 0.003
UBA6X1, 0, 0, 0.007, 0.004, 0, 0, 0, 0, 0.001
UBA9X1, 0, 0, 0.013, 0.01, 0, 0, 0, 0, 0.003
UBA9X2, 0, 0, 0.007, 0.007, 0, 0, 0, 0, 0.006
UBA9X3, 0, 0, 0.003, 0.004, 0, 0, 0, 0, 0.002
UBP13X1, 0, 0, 0.012, 0.01, 0, 0, 0, 0, 0.007
UBP14X1, 0, 0, 0.007, 0.008, 0, 0, 0, 0, 0.007
UBP4X1, 0, 0, 0.004, 0.006, 0, 0, 0, 0, 0.004
UBP6X1, 0, 0, 0.455, 0.11, 0, 0, 0, 0, 0.003
Verr10, 1, 0.001, 0.004, 0.126, 1, 0, 1, 0.215, 0.786
Verr11, 0, 0, 1.001, 0.004, 0, 0, 0, 0, 0.002
Verr12, 1, 0, 0.005, 0.005, 1, 0, 1, 0.999, 0.006
Verr13, 0, 0, 0.017, 0.008, 0, 0, 0, 0, 0.003
Verr14, 1, 0.012, 0.022, 0.992, 1, 0, 1, 0.988, 0.001
Verr2, 1, 0.007, 0.024, 0.999, 1, 0, 1, 0.992, 0.005
Verr3, 0, 0, 0.221, 0.04, 0, 0, 0, 0, 0.004
Verr4, 0, 0, 0.061, 0.037, 0, 0, 0, 0, 0.003
Verr5, 0, 0, 0.007, 0.008, 0, 0, 0, 0, 0.003
Verr6, 0, 0, 0.007, 0.006, 0, 0, 0, 0, 0.003
Verr7, 1, 0, 0.017, 0.011, 1, 0, 1, 0.998, 0.005
Verr8, 0, 0, 0.065, 0.021, 0, 0, 0, 0, 0.004
Verr9, 1, 0, 0.006, 0.006, 1, 0, 1, 1, 0.004
WOR1, 0, 0, 0.012, 0.012, 0, 0, 0, 0, 0.01
WOR2, 0, 0, 0.004, 0.004, 0, 0, 0, 0, 0.003
WOR3, 0, 0, 0.012, 0.012, 0, 0, 0, 0, 0.01
WOR4, 0, 0, 0.008, 0.009, 0, 0, 0, 0, 0.007
WOR6, 1, 0, 0.006, 0.026, 1, 0, 1, 0.157, 0.848
WOR7, 0, 0, 0.164, 0.008, 0, 0, 0, 0, 0.006
Wall1, 0, 0, 0.008, 0.013, 0, 0, 0, 0, 0.007
Zixi1, 0, 0, 0.002, 0.001, 0, 0, 0, 0, 0.001
Zixi2, 0, 0, 0.005, 0.005, 0, 0, 0, 0, 0.004
Zixi3, 0, 0, 0.004, 0.004, 0, 0, 0, 0, 0.003
Zixi4, 0, 0, 0.01, 0.009, 0, 0, 0, 0, 0.009
Zixi5, 0, 0, 0.004, 0.005, 0, 0, 0, 0, 0.004
chloroArabidopsis, 0, 0, 0.009, 0.007, 0, 0, 0, 0, 0.005
chloroBryophyte, 0, 0, 0.006, 0.005, 0, 0, 0, 0, 0.004
chloroChlorophyta, 0, 0, 0.007, 0.009, 0, 0, 0, 0, 0.007
chloroLycophyte, 0, 0, 0.01, 0.011, 0, 0, 0, 0, 0.006
chloroRedAlgae, 0, 0, 0.006, 0.008, 0, 0, 0, 0, 0.003
mitoAnnelida, 0, 0, 0.003, 0.004, 0, 0, 0, 0, 0.003
mitoArabidopsis, 0, 0, 0.003, 0.005, 0, 0, 0, 0, 0.002
mitoBryophyte, 0, 0, 0.011, 0.009, 0, 0, 0, 0, 0.006
mitoChelicerate, 0, 0, 0.006, 0.006, 0, 0, 0, 0, 0.005
mitoChlorophyta, 0, 0, 0.006, 0.005, 0, 0, 0, 0, 0.005
mitoExcavata, 0, 0, 0.01, 0.011, 0, 0, 0, 0, 0.007
mitoFungi, 0, 0, 0.009, 0.008, 0, 0, 0, 0, 0.007
mitoInsect, 0, 0, 0.005, 0.005, 0, 0, 0, 0, 0.004
mitoLycophyte, 0, 0, 0.003, 0.003, 0, 0, 0, 0, 0.002
mitoMollusc, 0, 0, 0.003, 0.004, 0, 0, 0, 0, 0.003
mitoParamecium, 0, 0, 0.005, 0.003, 0, 0, 0, 0, 0.003
mitoPriapulid, 0, 0, 0.005, 0.002, 0, 0, 0, 0, 0.002
mitoRedAlgae, 0, 0, 0.004, 0.004, 0, 0, 0, 0, 0.003
