species_label, speciations, duplications, losses, transfers, presence, origination, copies, singletons, transfers_to
AABM5X1, 0, 0, 0.005, 0.005, 0, 0, 0, 0, 0.004
AABM5X2, 0, 0, 0.004, 0.003, 0, 0, 0, 0, 0.003
AABM5X3, 0, 0, 0.009, 0.009, 0, 0, 0, 0, 0.003
Abys1, 1, 0.004, 0.013, 0.319, 1, 0, 1, 0.21, 0.797
Acid1, 1, 0, 0.031, 0.025, 1, 0, 1, 0.156, 0.847
Acid10, 1, 0.002, 0.789, 0.404, 1, 0, 1, 0.684, 0.316
Acid11, 0, 0, 0.018, 0.013, 0, 0, 0, 0, 0.006
Acid12, 0, 0, 0.033, 0.02, 0, 0, 0, 0, 0.006
Acid13, 0, 0, 0.031, 0.018, 0, 0, 0, 0, 0.004
Acid14, 0, 0, 0.143, 0.007, 0, 0, 0, 0, 0.002
Acid16, 1, 0.001, 0.022, 0.076, 1, 0, 1, 0.235, 0.775
Acid17, 0, 0, 0.19, 0.023, 0, 0, 0, 0, 0.006
Acid18, 0, 0, 0.04, 0.036, 0, 0, 0, 0, 0.017
Acid2, 0, 0, 0.032, 0.023, 0, 0, 0, 0, 0.009
Acid20, 1, 0, 0.007, 0.008, 1, 0, 1, 1, 0.005
Acid21, 1, 0, 0.203, 0.075, 1, 0, 1, 0.993, 0.022
Acid22, 1, 0.002, 0.683, 0.558, 1, 0, 1, 0.809, 0.191
Acid23, 1, 0.004, 0.025, 0.404, 1, 0, 1, 0.244, 0.758
Acid24, 1, 0.007, 0.152, 0.975, 1, 0, 1, 0.929, 0.067
Acid25, 0, 0, 0.101, 0.074, 0, 0, 0, 0, 0.004
Acid26, 0, 0, 0.013, 0.009, 0, 0, 0, 0, 0.002
Acid27, 0, 0, 0.027, 0.019, 0, 0, 0, 0, 0.008
Acid28, 0, 0, 0.26, 0.06, 0, 0, 0, 0, 0.003
Acid29, 0, 0, 0.027, 0.022, 0, 0, 0, 0, 0.008
Acid3, 1, 0, 0.014, 0.016, 1, 0, 1, 0.133, 0.873
Acid30, 1, 0.002, 1.008, 0.373, 1, 0, 1, 0.341, 0.664
Acid31, 0, 0, 0.015, 0.009, 0, 0, 0, 0, 0.003
Acid32, 0, 0, 0.015, 0.009, 0, 0, 0, 0, 0.004
Acid33, 1, 0, 0.042, 0.017, 1, 0, 1, 0.997, 0.007
Acid34, 1, 0, 0.011, 0.058, 1, 0, 1, 0.989, 0.017
Acid35, 1, 0.002, 0.007, 0.302, 1, 0, 1, 0.215, 0.789
Acid36, 1, 0, 0.917, 0.018, 1, 0, 1, 0.89, 0.116
Acid37, 1, 0.001, 0.352, 0.079, 1, 0, 1, 0.994, 0.009
Acid38, 1, 0, 0.891, 0.009, 1, 0, 1, 0.917, 0.09
Acid39, 0, 0, 0.222, 0.042, 0, 0, 0, 0, 0.006
Acid4, 1, 0.001, 0.738, 0.26, 1, 0, 1, 0.305, 0.697
Acid40, 1, 0, 0.006, 0.004, 1, 0, 1, 1, 0.004
Acid5, 0, 0, 0.245, 0.098, 0, 0, 0, 0, 0.003
Acid6, 1, 0.001, 0.015, 0.063, 1, 0, 1, 0.249, 0.757
Acid7, 1, 0, 0.026, 0.014, 1, 0, 1, 0.999, 0.003
Acid8, 0, 0, 0.05, 0.038, 0, 0, 0, 0, 0.015
Acid9, 0, 0, 0.051, 0.016, 0, 0, 0, 0, 0.011
Acti10, 1, 0, 0.01, 0.004, 1, 0, 1, 1, 0.002
Acti11, 1, 0, 0.829, 0.07, 1, 0, 1, 0.965, 0.037
Acti12, 1, 0, 0.004, 0.003, 1, 0, 1, 1, 0.001
Acti13, 1, 0, 0.042, 0.011, 1, 0, 1, 0.991, 0.013
Acti14, 1, 0, 0.006, 0.003, 1, 0, 1, 1, 0.002
Acti15, 1, 0, 0.017, 0.008, 1, 0, 1, 1, 0.002
Acti16, 1, 0, 0.012, 0.008, 1, 0, 1, 0.999, 0.005
Acti18, 1, 0, 0.008, 0.003, 1, 0, 1, 1, 0.001
Acti19, 1, 0, 0.006, 0.004, 1, 0, 1, 1, 0.002
Acti2, 1, 0, 0.046, 0.021, 1, 0, 1, 0.479, 0.529
Acti20, 0, 0, 0.289, 0.129, 0, 0, 0, 0, 0.031
Acti21, 1, 0, 0.005, 0.003, 1, 0, 1, 1, 0.002
Acti22, 1, 0, 0.923, 0.011, 1, 0, 1, 0.871, 0.131
Acti23, 1, 0, 0.01, 0.009, 1, 0, 1, 1, 0.006
Acti24, 0, 0, 0.002, 0.002, 0, 0, 0, 0, 0.002
Acti25, 1, 0, 0.017, 0.008, 1, 0, 1, 1, 0.005
Acti26, 1, 0.004, 1.145, 0.272, 1, 0, 1, 0.246, 0.765
Acti27, 0, 0, 0.007, 0.004, 0, 0, 0, 0, 0.002
Acti28, 1, 0, 0.029, 0.015, 1, 0, 1, 0.899, 0.104
Acti29, 1, 0, 0.003, 0.007, 1, 0, 1, 0.994, 0.008
Acti3, 1, 0, 0.012, 0.005, 1, 0, 1, 1, 0.004
Acti30, 1, 0, 0.018, 0.171, 1, 0, 1, 0.992, 0.014
Acti31, 0, 0, 1.009, 0.009, 0, 0, 0, 0, 0.003
Acti32, 1, 0, 0.228, 0.001, 1, 0, 1, 0.983, 0.017
Acti33, 1, 0, 0.009, 0.006, 1, 0, 1, 1, 0.005
Acti34, 1, 0, 0.063, 0.008, 1, 0, 1, 0.997, 0.006
Acti35, 1, 0, 0.011, 0.01, 1, 0, 1, 1, 0.007
Acti36, 1, 0, 0.001, 0.001, 1, 0, 1, 0.995, 0.006
Acti37, 1, 0, 0.007, 0.049, 1, 0, 1, 0.77, 0.234
Acti38, 1, 0, 0.237, 0.044, 1, 0, 1, 0.97, 0.033
Acti39, 1, 0.004, 0.431, 0.426, 1, 0, 1, 0.008, 0.997
Acti4, 1, 0, 0.765, 0.014, 1, 0, 1, 0.738, 0.268
Acti40, 1, 0, 0.012, 0.004, 1, 0, 1, 1, 0
Acti41, 1, 0, 0.966, 0.011, 1, 0, 1, 0.761, 0.241
Acti42, 1, 0.001, 0.267, 0.235, 1, 0, 1, 0.365, 0.643
Acti43, 0, 0, 0.997, 0.002, 0, 0, 0, 0, 0.002
Acti44, 0, 0, 0.009, 0.006, 0, 0, 0, 0, 0
Acti45, 1, 0, 0.003, 0.001, 1, 0, 1, 1, 0
Acti46, 1, 0, 0.763, 0.02, 1, 0, 1, 0.967, 0.038
Acti47, 1, 0, 0.005, 0.004, 1, 0, 1, 1, 0.002
Acti48, 0, 0, 0.263, 0.04, 0, 0, 0, 0, 0.003
Acti49, 1, 0, 0.248, 0.045, 1, 0, 1, 0.968, 0.037
Acti5, 0, 0, 0.013, 0.009, 0, 0, 0, 0, 0.005
Acti50, 1, 0.004, 0.049, 0.87, 1, 0, 1, 0.879, 0.12
Acti51, 0, 0, 0.009, 0.008, 0, 0, 0, 0, 0.004
Acti52, 0, 0, 0.016, 0.015, 0, 0, 0, 0, 0.007
Acti6, 1, 0, 0.006, 0.004, 1, 0, 1, 1, 0.002
Acti7, 1, 0, 0.006, 0.002, 1, 0, 1, 1, 0.001
Acti8, 0, 0, 0.006, 0.008, 0, 0, 0, 0, 0.006
Acti9, 0, 0, 0.999, 0.005, 0, 0, 0, 0, 0.004
Aero1, 0, 0, 0.014, 0.015, 0, 0, 0, 0, 0.014
Aqui1, 1, 0, 0.005, 0.002, 1, 0, 1, 1, 0.001
Aqui2, 1, 0, 0.006, 0.004, 1, 0, 1, 0.999, 0.002
Aqui3, 0, 0, 0.198, 0.047, 0, 0, 0, 0, 0.012
Aqui4, 1, 0, 0.009, 0.006, 1, 0, 1, 1, 0.004
Aqui5, 1, 0, 0.009, 0.003, 1, 0, 1, 1, 0.002
Aqui6, 1, 0, 0.009, 0.01, 1, 0, 1, 1, 0.004
Arma11, 1, 0.001, 0.035, 0.104, 1, 0, 1, 0.725, 0.276
Arma12, 1, 0, 0.028, 0.025, 1, 0, 1, 0.181, 0.823
Arma13, 1, 0, 0.01, 0.013, 1, 0, 1, 1, 0.009
Arma14, 0, 0, 0.035, 0.028, 0, 0, 0, 0, 0.006
Arma15, 1, 0, 0.006, 0.005, 1, 0, 1, 1, 0.005
Arma16, 1, 0.003, 0.814, 0.201, 1, 0, 1, 0.28, 0.72
Arma3, 1, 0.013, 0.166, 0.613, 1, 0, 1, 0.753, 0.242
Arma4, 0, 0, 0.031, 0.015, 0, 0, 0, 0, 0.002
Arma6, 0, 0, 0.969, 0.011, 0, 0, 0, 0, 0.002
Arma7, 0, 0, 0.209, 0.021, 0, 0, 0, 0, 0.004
Arma9, 1, 0.026, 0.075, 1.352, 1, 0, 1, 0.947, 0.031
Aure1, 0, 0, 0.018, 0.018, 0, 0, 0, 0, 0.016
Aure2, 0, 0, 0.016, 0.02, 0, 0, 0, 0, 0.014
Aure3, 0, 0, 0.018, 0.02, 0, 0, 0, 0, 0.017
B130X1, 0, 0, 0.305, 0.088, 0, 0, 0, 0, 0.03
BMS3X1, 0, 0, 0.399, 0.273, 0, 0, 0, 0, 0.019
Bact1, 0, 0, 0.007, 0.008, 0, 0, 0, 0, 0.005
Bact10, 0, 0, 0.223, 0.023, 0, 0, 0, 0, 0.002
Bact11, 0, 0, 0.007, 0.006, 0, 0, 0, 0, 0.005
Bact12, 1, 0, 0.008, 0.026, 1, 0, 1, 0.956, 0.05
Bact13, 0, 0, 0.006, 0.004, 0, 0, 0, 0, 0.002
Bact14, 0, 0, 0.007, 0.006, 0, 0, 0, 0, 0.006
Bact16, 1, 0, 0.012, 0.008, 1, 0, 1, 1, 0.004
Bact17, 0, 0, 0.009, 0.009, 0, 0, 0, 0, 0.004
Bact18, 0, 0, 0.006, 0.004, 0, 0, 0, 0, 0.003
Bact19, 1, 0.008, 0.274, 0.408, 1, 0, 1, 0.907, 0.088
Bact2, 0, 0, 0.005, 0.003, 0, 0, 0, 0, 0.001
Bact20, 0, 0, 0.009, 0.006, 0, 0, 0, 0, 0.005
Bact21, 0, 0, 0.022, 0.014, 0, 0, 0, 0, 0.002
Bact22, 1, 0, 0.017, 0.016, 1, 0, 1, 0.997, 0.008
Bact23, 0, 0, 0.004, 0.005, 0, 0, 0, 0, 0.003
Bact24, 0, 0, 0.007, 0.006, 0, 0, 0, 0, 0.004
Bact25, 0, 0, 0.006, 0.006, 0, 0, 0, 0, 0.004
Bact27, 1, 0.001, 0.011, 0.067, 1, 0, 1, 0.987, 0.014
Bact28, 0, 0, 0.004, 0.003, 0, 0, 0, 0, 0.003
Bact29, 0, 0, 0.01, 0.008, 0, 0, 0, 0, 0.004
Bact3, 0, 0, 0.004, 0.004, 0, 0, 0, 0, 0.003
Bact30, 0, 0, 0.007, 0.006, 0, 0, 0, 0, 0.003
Bact31, 0, 0, 0.007, 0.005, 0, 0, 0, 0, 0.004
Bact32, 0, 0, 0.009, 0.006, 0, 0, 0, 0, 0.005
Bact33, 1, 0, 0.009, 0.005, 1, 0, 1, 1, 0.005
Bact34, 0, 0, 0.007, 0.009, 0, 0, 0, 0, 0.005
Bact35, 0, 0, 0.69, 0.009, 0, 0, 0, 0, 0.004
Bact36, 0, 0, 0.02, 0.011, 0, 0, 0, 0, 0.001
Bact37, 1, 0, 0.019, 0.03, 1, 0, 1, 1, 0.005
Bact38, 0, 0, 0.005, 0.006, 0, 0, 0, 0, 0.002
Bact39, 1, 0, 0.007, 0.005, 1, 0, 1, 1, 0.003
Bact4, 0, 0, 0.006, 0.004, 0, 0, 0, 0, 0.002
Bact40, 1, 0, 0.007, 0.009, 1, 0, 1, 0.98, 0.025
Bact41, 0, 0, 0.984, 0.003, 0, 0, 0, 0, 0.002
Bact42, 1, 0, 0.018, 0.009, 1, 0, 1, 1, 0.004
Bact43, 0, 0, 0.022, 0.014, 0, 0, 0, 0, 0.003
Bact44, 1, 0.006, 0.032, 0.331, 1, 0, 1, 0.61, 0.393
Bact5, 1, 0, 0.009, 0.004, 1, 0, 1, 1, 0.001
Bact6, 0, 0, 0.089, 0.01, 0, 0, 0, 0, 0.003
Bact7, 1, 0, 0.008, 0.006, 1, 0, 1, 1, 0.004
Bact8, 1, 0, 0.004, 0.001, 1, 0, 1, 1, 0
Bact9, 0, 0, 0.008, 0.005, 0, 0, 0, 0, 0.002
Bdell10, 0, 0, 0.006, 0.005, 0, 0, 0, 0, 0.002
Bdell11, 0, 0, 0.012, 0.005, 0, 0, 0, 0, 0.005
Bdell12, 0, 0, 0.008, 0.006, 0, 0, 0, 0, 0.001
Bdell13, 0, 0, 0.016, 0.006, 0, 0, 0, 0, 0.002
Bdell14, 0, 0, 0.015, 0.013, 0, 0, 0, 0, 0.005
Bdell15, 0, 0, 0.003, 0.003, 0, 0, 0, 0, 0
Bdell16, 0, 0, 0.009, 0.004, 0, 0, 0, 0, 0.002
Bdell17, 0, 0, 0.009, 0.007, 0, 0, 0, 0, 0.002
Bdell2, 0, 0, 0.009, 0.008, 0, 0, 0, 0, 0.005
Bdell3, 0, 0, 0.011, 0.009, 0, 0, 0, 0, 0.004
Bdell4, 0, 0, 0.017, 0.014, 0, 0, 0, 0, 0.007
Bdell5, 0, 0, 0.005, 0.003, 0, 0, 0, 0, 0.003
Bdell6, 0, 0, 0.025, 0.019, 0, 0, 0, 0, 0.008
Bdell7, 0, 0, 0.008, 0.01, 0, 0, 0, 0, 0.006
Bdell9, 0, 0, 0.007, 0.006, 0, 0, 0, 0, 0.004
BdellC1, 0, 0, 0.015, 0.01, 0, 0, 0, 0, 0.006
BdellC2, 0, 0, 0.015, 0.014, 0, 0, 0, 0, 0.006
Bipo1, 0, 0, 0.008, 0.007, 0, 0, 0, 0, 0.004
Bipo2, 0, 0, 0.006, 0.005, 0, 0, 0, 0, 0.002
CG267X1, 1, 0.001, 0.256, 0.191, 1, 0, 1, 0.628, 0.382
CG294X1, 1, 0, 0.664, 0.177, 1, 0, 1, 0.215, 0.791
CSP1X1, 1, 0.008, 0.084, 0.692, 1, 0, 1, 0.953, 0.05
Calda1, 1, 0, 0.019, 0.029, 1, 0, 1, 0.004, 1.007
Calda2, 0, 0, 0.025, 0.024, 0, 0, 0, 0, 0.013
Caldit1, 0, 0, 0.007, 0.006, 0, 0, 0, 0, 0.003
Caldit2, 0, 0, 0.012, 0.01, 0, 0, 0, 0, 0.008
Caldit3, 0, 0, 0.009, 0.004, 0, 0, 0, 0, 0.002
Camp1, 0, 0, 0.008, 0.007, 0, 0, 0, 0, 0.004
Camp10, 0, 0, 0.006, 0.002, 0, 0, 0, 0, 0.002
Camp11, 0, 0, 0.009, 0.007, 0, 0, 0, 0, 0.006
Camp12, 0, 0, 0.005, 0.004, 0, 0, 0, 0, 0.003
Camp13, 0, 0, 0.008, 0.008, 0, 0, 0, 0, 0.002
Camp14, 0, 0, 0.008, 0.006, 0, 0, 0, 0, 0.004
Camp15, 0, 0, 0.01, 0.01, 0, 0, 0, 0, 0.006
Camp16, 0, 0, 0.005, 0.004, 0, 0, 0, 0, 0.002
Camp2, 0, 0, 0.009, 0.006, 0, 0, 0, 0, 0.003
Camp3, 0, 0, 0.004, 0.003, 0, 0, 0, 0, 0
Camp4, 0, 0, 0.01, 0.008, 0, 0, 0, 0, 0.007
Camp5, 0, 0, 0.005, 0.005, 0, 0, 0, 0, 0.001
Camp6, 0, 0, 0.004, 0.005, 0, 0, 0, 0, 0.004
Camp7, 0, 0, 0.005, 0.006, 0, 0, 0, 0, 0.004
Camp9, 0, 0, 0.004, 0.004, 0, 0, 0, 0, 0.004
Chlo10, 1, 0, 0.01, 0.008, 1, 0, 1, 0.996, 0.007
Chlo11, 0, 0, 0.006, 0.006, 0, 0, 0, 0, 0.004
Chlo12, 1, 0, 0.019, 0.018, 1, 0, 1, 0.884, 0.119
Chlo13, 0, 0, 0.989, 0.009, 0, 0, 0, 0, 0.003
Chlo14, 1, 0, 0.016, 0.012, 1, 0, 1, 0.984, 0.019
Chlo15, 2, 0.782, 0.024, 0.023, 1, 0, 2, 0.424, 0.032
Chlo16, 0, 0, 0.005, 0.005, 0, 0, 0, 0, 0.003
Chlo17, 1, 0.003, 1.99, 0.185, 1, 0, 1, 0.237, 0.768
Chlo18, 1, 0, 0.004, 0.005, 1, 0, 1, 0.989, 0.015
Chlo19, 0, 0, 0.892, 0.035, 0, 0, 0, 0, 0.004
Chlo20, 0, 0, 1.004, 0.007, 0, 0, 0, 0, 0.003
Chlo21, 0, 0, 0.909, 0.112, 0, 0, 0, 0, 0.006
Chlo22, 1, 0, 1.117, 0.064, 1, 0, 1, 1, 0.006
Chlo23, 0, 0, 1.003, 0.007, 0, 0, 0, 0, 0.004
Chlo24, 0, 0, 0.902, 0.016, 0, 0, 0, 0, 0.002
Chlo25, 0, 0.001, 0.404, 0.014, 0, 0, 0, 0, 0.002
Chlo26, 0, 0, 0.005, 0.005, 0, 0, 0, 0, 0.003
Chlo27, 0, 0, 0.224, 0.026, 0, 0, 0, 0, 0.003
Chlo28, 0, 0, 0.248, 0.04, 0, 0, 0, 0, 0.004
Chlo29, 2, 0.048, 0.654, 0.696, 1, 0, 2, 1.903, 0.015
Chlo30, 1, 0, 0.008, 0.007, 1, 0, 1, 1, 0.005
Chlo31, 1, 0, 0.022, 0.019, 1, 0, 1, 0.39, 0.621
Chlo32, 2, 0, 0.178, 0.078, 1, 0, 2, 1.995, 0.01
Chlo33, 1, 0, 0.053, 0.069, 1, 0, 1, 0.136, 0.867
Chlo34, 0, 0, 0.048, 0.031, 0, 0, 0, 0, 0.004
Chlo35, 1, 0, 0.026, 0.132, 1, 0, 1, 0.881, 0.123
Chlo36, 1, 0, 0.008, 0.007, 1, 0, 1, 1, 0.004
Chlo37, 1, 0, 0.006, 0.002, 1, 0, 1, 0.999, 0.003
Chlo38, 1, 0, 0.004, 0.029, 1, 0, 1, 0.886, 0.116
Chlo39, 0, 0, 1.389, 0.125, 0, 0, 0, 0, 0.001
Chlo4, 2, 0.001, 0.86, 0.193, 1, 0, 2, 0.584, 1.419
Chlo40, 1, 0, 0.006, 0.003, 1, 0, 1, 1, 0.002
Chlo41, 2, 0.007, 0.016, 0.817, 1, 0, 2, 1.381, 0.621
Chlo42, 0, 0, 0.052, 0.027, 0, 0, 0, 0, 0.008
Chlo43, 1, 0.001, 0.01, 0.116, 1, 0, 1, 0.668, 0.335
Chlo44, 2, 0, 0.247, 0.065, 1, 0, 2, 1.976, 0.028
Chlo45, 1, 0, 0.012, 0.013, 1, 0, 1, 0.999, 0.004
Chlo46, 1, 0, 0.014, 0.01, 1, 0, 1, 0.999, 0.006
Chlo47, 1, 0, 0.04, 0.025, 1, 0, 1, 0.997, 0.009
Chlo48, 0, 0, 1.008, 0.011, 0, 0, 0, 0, 0.005
Chlo5, 0, 0, 0.004, 0.002, 0, 0, 0, 0, 0.002
Chlo6, 0, 0, 0.995, 0.006, 0, 0, 0, 0, 0.006
Chlo7, 0, 0, 1.218, 0.029, 0, 0, 0, 0, 0.008
Chlo8, 1, 0.001, 0.051, 0.01, 1, 0, 1, 0.998, 0.004
Chlo9, 0, 0, 0.004, 0.003, 0, 0, 0, 0, 0.002
Chry1, 0, 0, 0.019, 0.021, 0, 0, 0, 0, 0.013
Cloa1, 0, 0, 0.027, 0.024, 0, 0, 0, 0, 0.02
Cyan1, 0, 0.001, 0.097, 0.055, 0, 0, 0, 0, 0
Cyan10, 0, 0, 0.005, 0.006, 0, 0, 0, 0, 0.005
Cyan11, 0, 0, 0.004, 0.003, 0, 0, 0, 0, 0.002
Cyan12, 0, 0, 0.012, 0.007, 0, 0, 0, 0, 0.004
Cyan13, 0, 0, 0.008, 0.004, 0, 0, 0, 0, 0.004
Cyan14, 0, 0, 0.005, 0.005, 0, 0, 0, 0, 0.005
Cyan15, 0, 0, 0.006, 0.006, 0, 0, 0, 0, 0.006
Cyan16, 0, 0, 0.006, 0.005, 0, 0, 0, 0, 0
Cyan18, 0, 0, 0.006, 0.007, 0, 0, 0, 0, 0.002
Cyan19, 0, 0, 0.009, 0.008, 0, 0, 0, 0, 0.006
Cyan2, 0, 0, 0.096, 0.067, 0, 0, 0, 0, 0
Cyan20, 1, 0, 0.019, 0.019, 1, 0, 1, 0.996, 0.017
Cyan21, 0, 0, 0.002, 0.001, 0, 0, 0, 0, 0.001
Cyan22, 0, 0, 0.003, 0.002, 0, 0, 0, 0, 0.002
Cyan23, 0, 0, 0.004, 0.004, 0, 0, 0, 0, 0.004
Cyan24, 0, 0, 0.006, 0.006, 0, 0, 0, 0, 0.005
Cyan25, 0, 0, 0.003, 0.005, 0, 0, 0, 0, 0.003
Cyan26, 0, 0, 0.004, 0.003, 0, 0, 0, 0, 0.002
Cyan27, 0, 0, 0.005, 0.005, 0, 0, 0, 0, 0.004
Cyan28, 0, 0, 0.003, 0.002, 0, 0, 0, 0, 0.002
Cyan29, 0, 0, 0.006, 0.006, 0, 0, 0, 0, 0
Cyan3, 1, 0, 0.003, 0.003, 1, 0, 1, 1, 0.003
Cyan30, 0, 0, 0.001, 0, 0, 0, 0, 0, 0
Cyan31, 0, 0, 0.002, 0.001, 0, 0, 0, 0, 0
Cyan32, 0, 0, 0.004, 0.004, 0, 0, 0, 0, 0.002
Cyan33, 0, 0, 0.004, 0.005, 0, 0, 0, 0, 0.003
Cyan34, 0, 0, 0.004, 0.003, 0, 0, 0, 0, 0.002
Cyan35, 0, 0, 0.008, 0.008, 0, 0, 0, 0, 0.006
Cyan36, 0, 0, 0.011, 0.01, 0, 0, 0, 0, 0.008
Cyan37, 0, 0, 0.011, 0.012, 0, 0, 0, 0, 0.01
Cyan38, 0, 0, 0.006, 0.005, 0, 0, 0, 0, 0.005
Cyan4, 0, 0, 0.014, 0.011, 0, 0, 0, 0, 0.005
Cyan40, 0, 0, 0.004, 0.003, 0, 0, 0, 0, 0.003
Cyan41, 0, 0, 0.004, 0.002, 0, 0, 0, 0, 0.002
Cyan42, 1, 0, 0.002, 0.005, 1, 0, 1, 1, 0.002
Cyan43, 0, 0, 0.007, 0.006, 0, 0, 0, 0, 0.004
Cyan44, 0, 0, 0.008, 0.006, 0, 0, 0, 0, 0.006
Cyan45, 0, 0, 0.002, 0.002, 0, 0, 0, 0, 0.002
Cyan46, 0, 0, 0.005, 0.003, 0, 0, 0, 0, 0.003
Cyan47, 0, 0, 0.007, 0.007, 0, 0, 0, 0, 0.005
Cyan7, 0, 0, 0.027, 0.02, 0, 0, 0, 0, 0.003
Cyan8, 0, 0, 0.022, 0.01, 0, 0, 0, 0, 0.006
Cyan9, 0, 0, 0.012, 0.008, 0, 0, 0, 0, 0.003
DTU0X1, 0, 0, 0.013, 0.014, 0, 0, 0, 0, 0.012
Defe1, 0, 0, 0.004, 0.003, 0, 0, 0, 0, 0.002
Defe2, 0, 0, 0.008, 0.007, 0, 0, 0, 0, 0.005
Defe3, 0, 0, 0.006, 0.007, 0, 0, 0, 0, 0.003
Dein1, 0, 0, 0.007, 0.009, 0, 0, 0, 0, 0.007
Dein2, 0, 0, 0.004, 0.002, 0, 0, 0, 0, 0.002
Dein3, 0, 0, 0.007, 0.008, 0, 0, 0, 0, 0.005
Dein4, 0, 0, 0.009, 0.01, 0, 0, 0, 0, 0.008
Dein5, 0, 0, 0.005, 0.006, 0, 0, 0, 0, 0.005
Dein6, 0, 0, 0.003, 0.003, 0, 0, 0, 0, 0.002
Dein7, 0, 0, 0.004, 0.002, 0, 0, 0, 0, 0.002
Desa1, 0, 0, 0.03, 0.029, 0, 0, 0, 0, 0.024
DesuB1, 1, 0, 0.017, 0.008, 1, 0, 1, 0.999, 0.006
DesuB2, 1, 0, 0.016, 0.009, 1, 0, 1, 1, 0.005
DesuB3, 0, 0, 0.01, 0.01, 0, 0, 0, 0, 0.003
DesuB4, 0, 0, 0.011, 0.009, 0, 0, 0, 0, 0.004
DesuC1, 1, 0, 0.416, 0.14, 1, 0, 1, 0.994, 0.011
DesuC2, 1, 0.002, 1.049, 0.331, 1, 0, 1, 0.36, 0.642
DesuD1, 1, 0, 0.23, 0.188, 1, 0, 1, 0.999, 0.005
DesuD2, 1, 0, 0.228, 0.198, 1, 0, 1, 1, 0.003
Desua1, 0, 0, 0.016, 0.015, 0, 0, 0, 0, 0.008
Desua10, 0, 0, 0.01, 0.011, 0, 0, 0, 0, 0.001
Desua11, 0, 0, 0.002, 0.002, 0, 0, 0, 0, 0.001
Desua12, 0, 0, 0.008, 0.007, 0, 0, 0, 0, 0.001
Desua13, 0, 0, 0.039, 0.026, 0, 0, 0, 0, 0.005
Desua14, 0, 0, 0.008, 0.006, 0, 0, 0, 0, 0.006
Desua15, 1, 0, 0.015, 0.01, 1, 0, 1, 1, 0.004
Desua16, 1, 0, 0.015, 0.008, 1, 0, 1, 1, 0.004
Desua17, 1, 0, 0.015, 0.007, 1, 0, 1, 1, 0.003
Desua18, 0, 0, 1.042, 0.025, 0, 0, 0, 0, 0.004
Desua19, 1, 0.001, 1.061, 0.168, 1, 0, 1, 0.904, 0.098
Desua2, 1, 0, 0.129, 0.072, 1, 0, 1, 1, 0.002
Desua20, 2, 0.004, 0.746, 0.395, 1, 0, 2, 1.981, 0.025
Desua21, 0, 0, 0.004, 0.005, 0, 0, 0, 0, 0.002
Desua22, 0, 0, 0.004, 0.005, 0, 0, 0, 0, 0.003
Desua23, 0, 0, 0.004, 0.004, 0, 0, 0, 0, 0.003
Desua24, 1, 0, 0.052, 0.026, 1, 0, 1, 1, 0.006
Desua25, 0, 0, 0.002, 0.002, 0, 0, 0, 0, 0.001
Desua26, 0, 0, 0.283, 0.019, 0, 0, 0, 0, 0.006
Desua27, 0, 0, 0.002, 0.001, 0, 0, 0, 0, 0.001
Desua28, 1, 0, 0.039, 0.022, 1, 0, 1, 1, 0.003
Desua29, 1, 0, 0.009, 0.007, 1, 0, 1, 1, 0.005
Desua3, 0, 0, 0.032, 0.018, 0, 0, 0, 0, 0.004
Desua30, 1, 0, 0.026, 0.024, 1, 0, 1, 0.252, 0.749
Desua31, 0, 0, 0.011, 0.008, 0, 0, 0, 0, 0.005
Desua32, 0, 0, 0.016, 0.009, 0, 0, 0, 0, 0.006
Desua33, 0, 0, 0.006, 0.003, 0, 0, 0, 0, 0.003
Desua34, 0, 0, 0.008, 0.007, 0, 0, 0, 0, 0
Desua35, 1, 0, 0.043, 0.037, 1, 0, 1, 1, 0.007
Desua36, 0, 0, 0.003, 0.001, 0, 0, 0, 0, 0.001
Desua37, 0, 0, 0.26, 0.032, 0, 0, 0, 0, 0.003
Desua38, 0, 0, 0.006, 0.006, 0, 0, 0, 0, 0.004
Desua39, 0, 0, 0.007, 0.012, 0, 0, 0, 0, 0.007
Desua4, 0, 0, 0.034, 0.027, 0, 0, 0, 0, 0.008
Desua40, 0, 0, 0.009, 0.01, 0, 0, 0, 0, 0.003
Desua41, 0, 0, 0.356, 0.021, 0, 0, 0, 0, 0.002
Desua42, 0, 0, 0.013, 0.011, 0, 0, 0, 0, 0.006
Desua43, 0, 0, 0.008, 0.009, 0, 0, 0, 0, 0.006
Desua44, 0, 0, 0.005, 0.004, 0, 0, 0, 0, 0.004
Desua45, 0, 0, 0.021, 0.016, 0, 0, 0, 0, 0.012
Desua46, 0, 0, 0.005, 0.004, 0, 0, 0, 0, 0.004
Desua47, 1, 0, 0.009, 0.008, 1, 0, 1, 1, 0.005
Desua48, 0, 0, 0.005, 0.006, 0, 0, 0, 0, 0.002
Desua49, 0, 0, 0.005, 0.004, 0, 0, 0, 0, 0.003
Desua5, 1, 0, 0.521, 0.161, 1, 0, 1, 0.966, 0.054
Desua50, 0, 0, 0.001, 0.002, 0, 0, 0, 0, 0.001
Desua51, 1, 0, 0.176, 0.017, 1, 0, 1, 0.986, 0.016
Desua52, 0, 0, 0.005, 0.003, 0, 0, 0, 0, 0.003
Desua53, 1, 0.007, 0.248, 0.772, 1, 0, 1, 0.915, 0.081
Desua54, 0, 0, 0.021, 0.024, 0, 0, 0, 0, 0.004
Desua6, 2, 0.873, 0.87, 0.119, 1, 0, 2, 0.252, 0.068
Desua7, 1, 0, 1.011, 0.031, 1, 0, 1, 0.921, 0.082
Desua8, 1, 0, 0.134, 0.075, 1, 0, 1, 0.999, 0.007
Desua9, 1, 0, 0.014, 0.01, 1, 0, 1, 1, 0.002
Dict1, 0, 0.001, 0.091, 0.067, 0, 0, 0, 0, 0.016
Dorm1, 1, 0, 0.848, 0.007, 1, 0, 1, 0.911, 0.091
Dorm2, 1, 0.001, 0.852, 0.067, 1, 0, 1, 0.907, 0.094
Dorm3, 1, 0, 0.021, 0.01, 1, 0, 1, 1, 0.002
Dorm4, 1, 0, 0.015, 0.006, 1, 0, 1, 0.999, 0.003
Dorm5, 1, 0, 0.799, 0.116, 1, 0, 1, 0.935, 0.072
Edwa1, 0, 0, 0.022, 0.016, 0, 0, 0, 0, 0.011
Eise1, 0, 0, 0.018, 0.015, 0, 0, 0, 0, 0.007
Eise2, 0, 0, 0.015, 0.011, 0, 0, 0, 0, 0.004
Eise3, 1, 0, 0.018, 0.01, 1, 0, 1, 0.999, 0.006
Eise4, 1, 0, 0.017, 0.014, 1, 0, 1, 1, 0.005
Elus1, 0, 0, 0.018, 0.012, 0, 0, 0, 0, 0.01
Elus10, 0, 0, 0.009, 0.011, 0, 0, 0, 0, 0.004
Elus2, 1, 0, 0.009, 0.015, 1, 0, 1, 0.191, 0.816
Elus3, 1, 0.003, 0.014, 0.203, 1, 0, 1, 0.281, 0.723
Elus4, 1, 0, 0.023, 0.044, 1, 0, 1, 0.209, 0.797
Elus5, 0, 0, 0.197, 0.006, 0, 0, 0, 0, 0.004
Elus6, 0, 0, 0.017, 0.011, 0, 0, 0, 0, 0.001
Elus7, 0, 0.001, 0.052, 0.02, 0, 0, 0, 0, 0.01
Elus8, 0, 0, 0.022, 0.016, 0, 0, 0, 0, 0.006
Elus9, 0, 0, 0.008, 0.004, 0, 0, 0, 0, 0.003
Erem2, 0, 0, 0.048, 0.027, 0, 0, 0, 0, 0.01
Erem3, 0, 0, 0.017, 0.007, 0, 0, 0, 0, 0.001
Erem4, 0, 0, 0.006, 0.007, 0, 0, 0, 0, 0.005
Erem5, 0, 0, 0.007, 0.01, 0, 0, 0, 0, 0.006
Erem6, 0, 0, 0.006, 0.003, 0, 0, 0, 0, 0
FCPU1, 1, 0, 0.01, 0.008, 1, 0, 1, 1, 0.005
FCPU2, 1, 0, 0.007, 0.003, 1, 0, 1, 1, 0.002
Ferm1, 0, 0, 0.031, 0.014, 0, 0, 0, 0, 0.005
Fibr1, 0, 0, 0.01, 0.009, 0, 0, 0, 0, 0.009
Fibr2, 0, 0, 0.002, 0.002, 0, 0, 0, 0, 0.001
Fibr3, 0, 0, 0.016, 0.015, 0, 0, 0, 0, 0.013
Fibr4, 0, 0, 0.003, 0.002, 0, 0, 0, 0, 0.002
Fibr5, 0, 0, 0.001, 0.001, 0, 0, 0, 0, 0
Fibr6, 0, 0, 0.002, 0.002, 0, 0, 0, 0, 0.002
Fire1, 0, 0, 0.047, 0.02, 0, 0, 0, 0, 0.011
FirmA1, 1, 0.003, 0.013, 0.234, 1, 0, 1, 0.294, 0.715
FirmA10, 0, 0, 0.005, 0.007, 0, 0, 0, 0, 0.005
FirmA100, 0, 0, 0.003, 0.003, 0, 0, 0, 0, 0.001
FirmA101, 0, 0, 0.001, 0.001, 0, 0, 0, 0, 0.001
FirmA102, 0, 0, 0.003, 0.003, 0, 0, 0, 0, 0.001
FirmA103, 0, 0, 0.009, 0.01, 0, 0, 0, 0, 0.008
FirmA104, 0, 0, 0.006, 0.003, 0, 0, 0, 0, 0.003
FirmA105, 0, 0, 0.007, 0.005, 0, 0, 0, 0, 0.003
FirmA106, 0, 0, 0.005, 0.007, 0, 0, 0, 0, 0.005
FirmA107, 0, 0, 0.005, 0.005, 0, 0, 0, 0, 0.004
FirmA108, 0, 0, 0.006, 0.004, 0, 0, 0, 0, 0.004
FirmA109, 0, 0, 0.006, 0.007, 0, 0, 0, 0, 0.004
FirmA11, 0, 0, 0.037, 0.02, 0, 0, 0, 0, 0.01
FirmA110, 0, 0, 0.003, 0.002, 0, 0, 0, 0, 0.002
FirmA111, 0, 0, 0.013, 0.008, 0, 0, 0, 0, 0.007
FirmA112, 0, 0, 0.009, 0.01, 0, 0, 0, 0, 0.005
FirmA113, 0, 0, 0.002, 0, 0, 0, 0, 0, 0
FirmA114, 0, 0, 0.005, 0.006, 0, 0, 0, 0, 0.004
FirmA12, 0, 0, 0.005, 0.005, 0, 0, 0, 0, 0.004
FirmA14, 0, 0, 0.005, 0.006, 0, 0, 0, 0, 0.003
FirmA16, 0, 0, 0.006, 0.005, 0, 0, 0, 0, 0.004
FirmA18, 0, 0, 0.004, 0.003, 0, 0, 0, 0, 0.003
FirmA19, 0, 0, 0.002, 0.002, 0, 0, 0, 0, 0.002
FirmA2, 0, 0, 0.009, 0.007, 0, 0, 0, 0, 0.005
FirmA20, 0, 0, 0.002, 0, 0, 0, 0, 0, 0
FirmA21, 0, 0, 0.006, 0.005, 0, 0, 0, 0, 0.004
FirmA24, 0, 0, 0.029, 0.018, 0, 0, 0, 0, 0.003
FirmA25, 0, 0, 0.004, 0.003, 0, 0, 0, 0, 0.003
FirmA26, 0, 0, 0.008, 0.007, 0, 0, 0, 0, 0.006
FirmA27, 0, 0, 0.002, 0.002, 0, 0, 0, 0, 0.001
FirmA28, 0, 0, 0.011, 0.009, 0, 0, 0, 0, 0.005
FirmA29, 0, 0, 0.015, 0.014, 0, 0, 0, 0, 0.01
FirmA30, 0, 0, 0.008, 0.01, 0, 0, 0, 0, 0.005
FirmA31, 0, 0, 0.006, 0.006, 0, 0, 0, 0, 0.002
FirmA32, 0, 0, 0.004, 0.004, 0, 0, 0, 0, 0.003
FirmA33, 0, 0, 0.009, 0.009, 0, 0, 0, 0, 0.006
FirmA34, 0, 0, 0.009, 0.008, 0, 0, 0, 0, 0.007
FirmA35, 0, 0, 0.004, 0.004, 0, 0, 0, 0, 0.004
FirmA36, 0, 0, 0.014, 0.01, 0, 0, 0, 0, 0.007
FirmA37, 0, 0, 0.054, 0.013, 0, 0, 0, 0, 0.007
FirmA38, 0, 0, 0.002, 0.001, 0, 0, 0, 0, 0.001
FirmA39, 0, 0, 0.008, 0.008, 0, 0, 0, 0, 0.005
FirmA40, 0, 0, 0.007, 0.006, 0, 0, 0, 0, 0.004
FirmA41, 0, 0, 0.006, 0.005, 0, 0, 0, 0, 0.004
FirmA42, 0, 0, 0.007, 0.007, 0, 0, 0, 0, 0.006
FirmA43, 0, 0, 0.007, 0.005, 0, 0, 0, 0, 0.004
FirmA44, 0, 0, 0.015, 0.012, 0, 0, 0, 0, 0.009
FirmA45, 0, 0, 0.004, 0.007, 0, 0, 0, 0, 0.001
FirmA46, 0, 0, 0.006, 0.006, 0, 0, 0, 0, 0.006
FirmA47, 0, 0, 0.004, 0.003, 0, 0, 0, 0, 0.002
FirmA48, 0, 0, 0.007, 0.008, 0, 0, 0, 0, 0.003
FirmA49, 0, 0, 0.008, 0.007, 0, 0, 0, 0, 0.006
FirmA5, 1, 0.005, 0.01, 0.163, 1, 0, 1, 0.24, 0.763
FirmA50, 0, 0, 0.022, 0.016, 0, 0, 0, 0, 0.004
FirmA51, 0, 0, 0.01, 0.008, 0, 0, 0, 0, 0.005
FirmA52, 0, 0, 0.009, 0.009, 0, 0, 0, 0, 0.008
FirmA53, 0, 0, 0.003, 0.004, 0, 0, 0, 0, 0.003
FirmA54, 0, 0, 0.001, 0.001, 0, 0, 0, 0, 0.001
FirmA55, 0, 0, 0.005, 0.003, 0, 0, 0, 0, 0.003
FirmA56, 0, 0, 0.003, 0.003, 0, 0, 0, 0, 0.002
FirmA57, 0, 0, 0.006, 0.011, 0, 0, 0, 0, 0.005
FirmA58, 0, 0, 0.01, 0.01, 0, 0, 0, 0, 0.006
FirmA59, 0, 0, 0.006, 0.004, 0, 0, 0, 0, 0.002
FirmA6, 0, 0, 0.007, 0.005, 0, 0, 0, 0, 0.004
FirmA60, 0, 0, 0.014, 0.014, 0, 0, 0, 0, 0.011
FirmA61, 0, 0, 0.005, 0.005, 0, 0, 0, 0, 0.003
FirmA62, 0, 0, 0.006, 0.005, 0, 0, 0, 0, 0.003
FirmA63, 0, 0, 0.006, 0.005, 0, 0, 0, 0, 0.003
FirmA64, 0, 0, 0.006, 0.006, 0, 0, 0, 0, 0.003
FirmA65, 0, 0, 0.247, 0.105, 0, 0, 0, 0, 0.005
FirmA66, 0, 0, 0.01, 0.009, 0, 0, 0, 0, 0.008
FirmA67, 1, 0.002, 0.004, 0.266, 1, 0, 1, 0.246, 0.756
FirmA68, 0, 0, 0.009, 0.008, 0, 0, 0, 0, 0.006
FirmA69, 0, 0, 0.009, 0.004, 0, 0, 0, 0, 0.003
FirmA7, 0, 0, 0.009, 0.008, 0, 0, 0, 0, 0.006
FirmA70, 0, 0, 0.021, 0.017, 0, 0, 0, 0, 0.003
FirmA71, 0, 0, 0.006, 0.009, 0, 0, 0, 0, 0.005
FirmA72, 0, 0, 0.003, 0.002, 0, 0, 0, 0, 0.002
FirmA73, 0, 0, 0.004, 0.005, 0, 0, 0, 0, 0.003
FirmA74, 0, 0, 0.009, 0.012, 0, 0, 0, 0, 0.006
FirmA75, 0, 0, 0.005, 0.005, 0, 0, 0, 0, 0.001
FirmA76, 0, 0, 0.004, 0.002, 0, 0, 0, 0, 0.002
FirmA77, 0, 0, 0.006, 0.006, 0, 0, 0, 0, 0.005
FirmA78, 0, 0, 0.005, 0.007, 0, 0, 0, 0, 0.002
FirmA79, 0, 0, 0.248, 0.102, 0, 0, 0, 0, 0.002
FirmA8, 0, 0, 0.033, 0.018, 0, 0, 0, 0, 0.007
FirmA80, 0, 0, 0.005, 0.005, 0, 0, 0, 0, 0.003
FirmA81, 0, 0, 0.005, 0.006, 0, 0, 0, 0, 0.005
FirmA83, 0, 0, 0.006, 0.005, 0, 0, 0, 0, 0.004
FirmA84, 0, 0, 0.006, 0.006, 0, 0, 0, 0, 0.004
FirmA85, 0, 0, 0.006, 0.009, 0, 0, 0, 0, 0.004
FirmA86, 0, 0, 0.008, 0.009, 0, 0, 0, 0, 0.007
FirmA87, 0, 0, 0.003, 0.004, 0, 0, 0, 0, 0.001
FirmA88, 0, 0, 0.003, 0.003, 0, 0, 0, 0, 0.003
FirmA89, 0, 0, 0.004, 0.006, 0, 0, 0, 0, 0.003
FirmA9, 0, 0, 0.004, 0.002, 0, 0, 0, 0, 0.002
FirmA90, 0, 0, 0.008, 0.009, 0, 0, 0, 0, 0.004
FirmA91, 0, 0, 0.005, 0.005, 0, 0, 0, 0, 0.004
FirmA92, 0, 0, 0.004, 0.005, 0, 0, 0, 0, 0.004
FirmA93, 0, 0, 0.005, 0.005, 0, 0, 0, 0, 0.004
FirmA94, 0, 0, 0.01, 0.008, 0, 0, 0, 0, 0.006
FirmA95, 0, 0, 0.004, 0.002, 0, 0, 0, 0, 0.002
FirmA96, 0, 0, 0.005, 0.004, 0, 0, 0, 0, 0.004
FirmA97, 0, 0, 0.069, 0.027, 0, 0, 0, 0, 0.005
FirmA98, 0, 0, 0.004, 0.004, 0, 0, 0, 0, 0.003
FirmA99, 0, 0, 0.005, 0.006, 0, 0, 0, 0, 0.003
FirmB1, 0, 0, 0.006, 0.006, 0, 0, 0, 0, 0.005
FirmB10, 0, 0, 0.005, 0.002, 0, 0, 0, 0, 0.002
FirmB11, 0, 0, 0.007, 0.007, 0, 0, 0, 0, 0.006
FirmB12, 0, 0, 0.003, 0.003, 0, 0, 0, 0, 0.003
FirmB13, 0, 0, 0.004, 0.004, 0, 0, 0, 0, 0.004
FirmB14, 0, 0, 0.006, 0.004, 0, 0, 0, 0, 0.003
FirmB15, 0, 0, 0.007, 0.004, 0, 0, 0, 0, 0.003
FirmB16, 0, 0, 0.002, 0.002, 0, 0, 0, 0, 0.002
FirmB17, 0, 0, 0.007, 0.006, 0, 0, 0, 0, 0.003
FirmB2, 0, 0, 0.008, 0.008, 0, 0, 0, 0, 0.007
FirmB3, 0, 0, 0.01, 0.01, 0, 0, 0, 0, 0.007
FirmB4, 0, 0, 0.006, 0.004, 0, 0, 0, 0, 0.002
FirmB5, 0, 0, 0.004, 0.005, 0, 0, 0, 0, 0.003
FirmB6, 0, 0, 0.003, 0.002, 0, 0, 0, 0, 0.002
FirmB7, 0, 0, 0.006, 0.007, 0, 0, 0, 0, 0.005
FirmB8, 0, 0, 0.004, 0.005, 0, 0, 0, 0, 0.003
FirmB9, 0, 0, 0.004, 0.005, 0, 0, 0, 0, 0.001
FirmC1, 0, 0, 0.009, 0.012, 0, 0, 0, 0, 0.006
FirmC10, 0, 0, 0.007, 0.008, 0, 0, 0, 0, 0.006
FirmC11, 0, 0, 0.006, 0.008, 0, 0, 0, 0, 0.005
FirmC12, 0, 0, 0.002, 0.002, 0, 0, 0, 0, 0.002
FirmC13, 0, 0, 0.006, 0.005, 0, 0, 0, 0, 0.003
FirmC14, 0, 0, 0.005, 0.006, 0, 0, 0, 0, 0.004
FirmC15, 0, 0, 0.008, 0.009, 0, 0, 0, 0, 0.008
FirmC16, 0, 0, 0.009, 0.009, 0, 0, 0, 0, 0.003
FirmC17, 0, 0, 0.007, 0.007, 0, 0, 0, 0, 0.004
FirmC18, 0, 0, 0.005, 0.004, 0, 0, 0, 0, 0.003
FirmC19, 0, 0, 0.004, 0.004, 0, 0, 0, 0, 0.004
FirmC3, 0, 0, 0.002, 0.001, 0, 0, 0, 0, 0.001
FirmC4, 0, 0, 0.007, 0.009, 0, 0, 0, 0, 0.004
FirmC5, 1, 0, 0.009, 0.01, 1, 0, 1, 0.238, 0.771
FirmC6, 0, 0, 0.006, 0.006, 0, 0, 0, 0, 0
FirmC7, 0, 0, 0.005, 0.005, 0, 0, 0, 0, 0.003
FirmC8, 0, 0, 0.002, 0.001, 0, 0, 0, 0, 0
FirmC9, 0, 0, 0.008, 0.004, 0, 0, 0, 0, 0.002
FirmD1, 0, 0, 0.025, 0.021, 0, 0, 0, 0, 0.011
FirmD2, 0, 0, 0.261, 0.08, 0, 0, 0, 0, 0.005
FirmD3, 1, 0.002, 0.009, 0.275, 1, 0, 1, 0.254, 0.751
FirmD4, 0, 0, 0.102, 0.031, 0, 0, 0, 0, 0.006
FirmE1, 0, 0, 0.006, 0.005, 0, 0, 0, 0, 0.004
FirmE2, 0, 0, 0.008, 0.009, 0, 0, 0, 0, 0.006
FirmE3, 0, 0, 0.01, 0.01, 0, 0, 0, 0, 0.007
FirmE4, 0, 0, 0.006, 0.006, 0, 0, 0, 0, 0.004
FirmE5, 0, 0, 0.004, 0.002, 0, 0, 0, 0, 0.001
FirmE6, 0, 0, 0.009, 0.007, 0, 0, 0, 0, 0.007
FirmE7, 0, 0, 0.004, 0.005, 0, 0, 0, 0, 0.003
FirmE8, 0, 0, 0.003, 0.002, 0, 0, 0, 0, 0.002
FirmF1, 0, 0, 0.028, 0.021, 0, 0, 0, 0, 0.012
FirmF2, 0, 0, 0.007, 0.003, 0, 0, 0, 0, 0.002
FirmF3, 0, 0, 0.009, 0.009, 0, 0, 0, 0, 0.004
FirmG1, 0, 0, 0.009, 0.01, 0, 0, 0, 0, 0.006
FirmG2, 0, 0, 0.004, 0.002, 0, 0, 0, 0, 0.002
FirmG3, 0, 0, 0.009, 0.008, 0, 0, 0, 0, 0.007
FirmG4, 0, 0, 0.006, 0.005, 0, 0, 0, 0, 0.005
FirmG5, 0, 0, 0.004, 0.002, 0, 0, 0, 0, 0.001
FirmG6, 0, 0, 0.005, 0.005, 0, 0, 0, 0, 0.003
Firms1, 0, 0, 0.005, 0.004, 0, 0, 0, 0, 0.003
Firms10, 0, 0, 0.006, 0.005, 0, 0, 0, 0, 0.004
Firms11, 0, 0, 0.006, 0.006, 0, 0, 0, 0, 0.003
Firms12, 0, 0, 0.005, 0.005, 0, 0, 0, 0, 0.003
Firms13, 0, 0, 0.007, 0.005, 0, 0, 0, 0, 0.004
Firms15, 0, 0, 0.005, 0.004, 0, 0, 0, 0, 0.004
Firms16, 0, 0, 0.004, 0.006, 0, 0, 0, 0, 0.003
Firms17, 0, 0, 0.007, 0.004, 0, 0, 0, 0, 0.004
Firms18, 0, 0, 0.005, 0.004, 0, 0, 0, 0, 0.003
Firms2, 0, 0, 0.008, 0.006, 0, 0, 0, 0, 0.005
Firms20, 0, 0, 0.007, 0.009, 0, 0, 0, 0, 0.005
Firms21, 0, 0, 0.006, 0.004, 0, 0, 0, 0, 0.004
Firms22, 0, 0, 0.004, 0.003, 0, 0, 0, 0, 0.003
Firms23, 0, 0, 0.008, 0.007, 0, 0, 0, 0, 0.006
Firms24, 0, 0, 0.005, 0.005, 0, 0, 0, 0, 0.004
Firms25, 0, 0, 0.004, 0.005, 0, 0, 0, 0, 0.001
Firms26, 0, 0, 0.003, 0.002, 0, 0, 0, 0, 0.002
Firms27, 0, 0, 0.005, 0.006, 0, 0, 0, 0, 0.004
Firms28, 0, 0, 0.005, 0.004, 0, 0, 0, 0, 0.003
Firms29, 0, 0, 0.01, 0.011, 0, 0, 0, 0, 0.008
Firms3, 0, 0, 0.011, 0.013, 0, 0, 0, 0, 0.011
Firms30, 0, 0, 0.006, 0.006, 0, 0, 0, 0, 0.006
Firms31, 0, 0, 0.005, 0.007, 0, 0, 0, 0, 0.005
Firms32, 0, 0, 0.008, 0.006, 0, 0, 0, 0, 0.005
Firms33, 0, 0, 0.004, 0.002, 0, 0, 0, 0, 0.001
Firms4, 0, 0, 0.002, 0.002, 0, 0, 0, 0, 0.002
Firms5, 0, 0, 0.007, 0.01, 0, 0, 0, 0, 0.004
Firms6, 0, 0, 0.014, 0.016, 0, 0, 0, 0, 0.013
Firms7, 0, 0, 0.007, 0.008, 0, 0, 0, 0, 0.006
Firms8, 0, 0, 0.006, 0.007, 0, 0, 0, 0, 0.003
Firms9, 0, 0, 0.005, 0.004, 0, 0, 0, 0, 0.002
Fuso2, 0, 0, 0.034, 0.03, 0, 0, 0, 0, 0.018
Gemm2, 1, 0, 0.012, 0.011, 1, 0, 1, 0.998, 0.005
Gemm3, 1, 0, 0.011, 0.011, 1, 0, 1, 1, 0.007
Gemm4, 1, 0, 0.013, 0.01, 1, 0, 1, 0.998, 0.006
Gemm5, 0, 0, 0.096, 0.021, 0, 0, 0, 0, 0.005
Gemm6, 1, 0, 0.005, 0.002, 1, 0, 1, 1, 0.001
Gemm7, 1, 0, 0.012, 0.01, 1, 0, 1, 0.995, 0.008
Gemm8, 1, 0.001, 0.046, 0.308, 1, 0, 1, 0.114, 0.896
Gemm9, 0, 0, 1.005, 0.008, 0, 0, 0, 0, 0.006
GemmA1, 1, 0.001, 0.024, 0.124, 1, 0, 1, 0.171, 0.842
Gold1, 0, 0, 0.01, 0.007, 0, 0, 0, 0, 0.004
Gold2, 0, 0, 0.011, 0.008, 0, 0, 0, 0, 0.005
Hydr1, 0, 0, 0.032, 0.022, 0, 0, 0, 0, 0.003
Hydr2, 0, 0, 0.032, 0.028, 0, 0, 0, 0, 0.003
J088X1, 1, 0.008, 1.376, 1.582, 1, 0, 1, 0.985, 0.04
KSB1X1, 0, 0, 0.304, 0.098, 0, 0, 0, 0, 0.007
KSB1X2, 0, 0, 0.025, 0.019, 0, 0, 0, 0, 0.005
KSB1X3, 1, 0.004, 0.057, 0.325, 1, 0, 1, 0.246, 0.756
KSB1X4, 0, 0, 0.023, 0.018, 0, 0, 0, 0, 0.003
Krum1, 0, 0, 0.033, 0.028, 0, 0, 0, 0, 0.007
Late1, 1, 0, 0.008, 0.008, 1, 0, 1, 0.994, 0.009
Late2, 0, 0, 0.212, 0.018, 0, 0, 0, 0, 0.01
Late3, 1, 0, 0.009, 0.004, 1, 0, 1, 0.992, 0.01
Lind1, 1, 0.003, 0.006, 0.218, 1, 0, 1, 0.192, 0.81
Lind2, 0, 0, 0.196, 0.041, 0, 0, 0, 0, 0.003
Lind4, 0, 0, 0.051, 0.035, 0, 0, 0, 0, 0.025
Marg1, 0, 0, 0.032, 0.02, 0, 0, 0, 0, 0.006
Marg2, 0, 0, 0.025, 0.021, 0, 0, 0, 0, 0.006
Marg6, 0, 0, 0.044, 0.043, 0, 0, 0, 0, 0.018
Marg7, 0, 0, 0.023, 0.009, 0, 0, 0, 0, 0.004
Mari1, 0, 0, 0.011, 0.012, 0, 0, 0, 0, 0.007
Mari2, 1, 0.002, 0.01, 0.174, 1, 0, 1, 0.271, 0.731
Mari3, 0, 0, 0.284, 0.052, 0, 0, 0, 0, 0.007
Mari5, 0, 0, 0.015, 0.012, 0, 0, 0, 0, 0.003
Mari6, 0, 0, 0.007, 0.003, 0, 0, 0, 0, 0.003
Meth1, 1, 0.005, 0.017, 0.466, 1, 0, 1, 0.409, 0.597
Meth2, 0, 0, 0.419, 0.121, 0, 0, 0, 0, 0.004
Meth3, 1, 0, 0.008, 0.007, 1, 0, 1, 1, 0.005
Meth4, 1, 0, 0.006, 0.004, 1, 0, 1, 1, 0.003
Meth5, 1, 0, 0.023, 0.015, 1, 0, 1, 0.999, 0.003
Muir1, 0, 0, 0.011, 0.011, 0, 0, 0, 0, 0.01
MyxA1, 0, 0, 0.025, 0.016, 0, 0, 0, 0, 0.005
MyxA2, 0, 0, 0.01, 0.011, 0, 0, 0, 0, 0.004
MyxA3, 0, 0.001, 0.013, 0.016, 0, 0, 0, 0, 0.006
MyxA4, 0, 0, 0.067, 0.031, 0, 0, 0, 0, 0
Myxo1, 0, 0, 0.26, 0.056, 0, 0, 0, 0, 0.005
Myxo10, 0, 0, 0.071, 0.018, 0, 0, 0, 0, 0
Myxo11, 0, 0, 1.004, 0.005, 0, 0, 0, 0, 0.002
Myxo13, 1, 0, 0.005, 0.008, 1, 0, 1, 0.998, 0.003
Myxo14, 1, 0, 0.024, 0.01, 1, 0, 1, 1, 0.001
Myxo15, 1, 0.003, 0.008, 0.325, 1, 0, 1, 0.229, 0.773
Myxo17, 1, 0, 0.008, 0.002, 1, 0, 1, 0.95, 0.051
Myxo18, 0, 0, 0.237, 0.068, 0, 0, 0, 0, 0.005
Myxo19, 0, 0, 0.959, 0.011, 0, 0, 0, 0, 0.002
Myxo2, 1, 0.002, 0.019, 0.32, 1, 0, 1, 0.243, 0.762
Myxo3, 1, 0, 0.374, 0.063, 1, 0, 1, 0.993, 0.016
Myxo5, 2, 0.001, 0.01, 0.297, 1, 0, 2, 1.259, 0.743
Myxo6, 1, 0, 0.025, 0.014, 1, 0, 1, 1, 0.002
Myxo7, 1, 0, 0.009, 0.009, 1, 0, 1, 1, 0.003
Myxo8, 1, 0, 0.012, 0.009, 1, 0, 1, 1, 0.006
Myxo9, 1, 0.01, 0.863, 0.75, 1, 0, 1, 0.378, 0.626
NPL1, 0, 0, 0.018, 0.019, 0, 0, 0, 0, 0.018
Nitr1, 1, 0, 0.094, 0.044, 1, 0, 1, 0.501, 0.503
Nitr10, 0, 0, 0.004, 0.004, 0, 0, 0, 0, 0.003
Nitr11, 1, 0, 0.006, 0.032, 1, 0, 1, 1, 0.005
Nitr12, 2, 0, 0.007, 0.009, 1, 0, 2, 1.811, 0.195
Nitr13, 0, 0, 1.714, 0.006, 0, 0, 0, 0, 0.004
Nitr14, 1, 0, 0.814, 0.003, 1, 0, 1, 1, 0.002
Nitr15, 1, 0.003, 0.009, 0.494, 1, 0, 1, 0.188, 0.812
Nitr16, 0, 0, 1.003, 0.02, 0, 0, 0, 0, 0.002
Nitr17, 1, 0, 0.009, 0.012, 1, 0, 1, 1, 0.007
Nitr2, 1, 0, 0.797, 0.024, 1, 0, 1, 0.93, 0.073
Nitr3, 0, 0, 0.013, 0.009, 0, 0, 0, 0, 0.006
Nitr4, 0, 0, 0.029, 0.015, 0, 0, 0, 0, 0.005
Nitr5, 1, 0, 0.009, 0.006, 1, 0, 1, 0.999, 0.007
Nitr6, 0, 0, 0.008, 0.008, 0, 0, 0, 0, 0.007
Nitr7, 0, 0, 1.011, 0.041, 0, 0, 0, 0, 0.006
Nitr8, 0, 0, 0.101, 0.049, 0, 0, 0, 0, 0.007
Nitr9, 1, 0, 0.016, 0.036, 1, 0, 1, 0.994, 0.011
Nits1, 1, 0, 0.007, 0.003, 1, 0, 1, 1, 0
Nits2, 1, 0.001, 0.014, 0.038, 1, 0, 1, 0.809, 0.196
Nits3, 1, 0, 0.01, 0.006, 1, 0, 1, 1, 0.003
Nits4, 0, 0, 0.82, 0.045, 0, 0, 0, 0, 0.003
NitsA1, 1, 0, 0.024, 0.018, 1, 0, 1, 0.999, 0.003
NitsA2, 1, 0, 0.025, 0.01, 1, 0, 1, 0.999, 0.004
NitsA3, 1, 0.003, 0.684, 0.238, 1, 0, 1, 0.898, 0.104
Node_AABM5X1_AABM5X2_0, 0.001, 0, 0.009, 0.005, 0.001, 0, 0.001, 0, 0.004
Node_AABM5X1_AABM5X3_0, 0.006, 0, 0.03, 0.012, 0.006, 0, 0.006, 0.005, 0.005
Node_Acid11_Acid16_0, 0.246, 0, 0.051, 0.07, 0.244, 0, 0.246, 0.173, 0.074
Node_Acid11_Acid31_0, 0.012, 0, 0.238, 0.028, 0.012, 0, 0.012, 0.01, 0.004
Node_Acid12_Acid13_0, 0.027, 0, 0.244, 0.067, 0.027, 0, 0.027, 0.025, 0.008
Node_Acid1_Acid17_0, 0.184, 0, 0.136, 0.063, 0.177, 0, 0.184, 0.04, 0.146
Node_Acid1_Acid3_0, 0.174, 0.005, 0.893, 0.246, 0.166, 0, 0.174, 0.144, 0.029
Node_Acid23_Acid12_0, 0.263, 0.002, 0.076, 0.146, 0.259, 0, 0.263, 0.17, 0.095
Node_Acid29_Acid27_0, 0.019, 0, 0.979, 0.025, 0.019, 0, 0.019, 0.017, 0.004
Node_Acid2_Acid11_0, 0.223, 0.001, 0.307, 0.136, 0.21, 0, 0.223, 0.205, 0.019
Node_Acid2_Acid18_0, 0.023, 0, 0.203, 0.052, 0.022, 0, 0.023, 0.023, 0.003
Node_Acid32_Acid25_0, 0.097, 0.002, 0.701, 0.224, 0.095, 0, 0.097, 0.094, 0.003
Node_Acid32_Acid26_0, 0.011, 0, 0.088, 0.08, 0.011, 0, 0.011, 0.011, 0.002
Node_Acid34_Acid22_0, 1.49, 0.031, 0.35, 1.3, 0.941, 0, 1.49, 1.344, 0.106
Node_Acid34_Acid24_0, 1.078, 0.021, 0.764, 0.693, 0.966, 0, 1.078, 0.717, 0.331
Node_Acid34_Acid29_0, 0.994, 0.003, 0.05, 0.048, 0.989, 0, 0.994, 0.988, 0.006
Node_Acid34_Acid33_0, 1.035, 0, 0.088, 0.079, 1, 0, 1.035, 0.996, 0.045
Node_Acid37_Acid21_0, 1.181, 0.014, 0.024, 0.191, 0.994, 0, 1.181, 0.767, 0.398
Node_Acid37_Acid30_0, 1.342, 0.002, 0.012, 0.127, 0.997, 0, 1.342, 1.17, 0.171
Node_Acid37_Acid32_0, 0.793, 0.003, 0.052, 0.201, 0.695, 0, 0.793, 0.674, 0.119
Node_Acid38_Acid10_0, 1.471, 0.009, 0.362, 0.632, 0.857, 0, 1.471, 1.339, 0.121
Node_Acid38_Acid1_0, 1.033, 0.057, 0.096, 0.236, 0.723, 0, 1.033, 0.807, 0.153
Node_Acid38_Acid2_0, 0.51, 0.038, 0.014, 0.128, 0.415, 0, 0.51, 0.288, 0.179
Node_Acid38_Acid34_0, 1.703, 0.419, 0.035, 0.418, 0.933, 0, 1.703, 0.865, 0.286
Node_Acid38_Acid36_0, 1.801, 0, 0.023, 0.01, 0.999, 0, 1.801, 1.77, 0.039
Node_Acid38_Acid40_0, 1.785, 0.773, 0.022, 0.109, 1, 0, 1.785, 0.238, 0.011
Node_Acid38_Acid4_0, 1.04, 0.012, 0.65, 0.293, 0.765, 0, 1.04, 0.822, 0.207
Node_Acid38_Acid5_0, 0.919, 0.178, 0.143, 0.339, 0.64, 0, 0.919, 0.31, 0.374
Node_Acid38_Acid7_0, 1.023, 0.007, 0.341, 0.389, 0.999, 0, 1.023, 0.701, 0.317
Node_Acid38_Acid8_0, 0.307, 0.006, 0.032, 0.06, 0.266, 0, 0.307, 0.24, 0.058
Node_Acid38_B130X1_0, 0.275, 0.001, 0.538, 0.097, 0.242, 0, 0.275, 0.249, 0.024
Node_Acid39_Acid35_0, 0.216, 0, 0.017, 0.057, 0.216, 0, 0.216, 0.034, 0.193
Node_Acid3_Acid14_0, 0.141, 0, 0.117, 0.04, 0.14, 0, 0.141, 0.033, 0.111
Node_Acid3_Acid6_0, 0.147, 0.001, 0.086, 0.07, 0.139, 0, 0.147, 0.091, 0.058
Node_Acid40_Acid20_0, 1.002, 0.004, 0.799, 0.139, 1, 0, 1.002, 0.988, 0.012
Node_Acid5_Acid23_0, 0.242, 0.003, 0.511, 0.191, 0.229, 0, 0.242, 0.213, 0.027
Node_Acid5_Acid37_0, 0.723, 0.007, 0.268, 0.34, 0.612, 0, 0.723, 0.648, 0.065
Node_Acid6_Acid28_0, 0.257, 0, 0.046, 0.036, 0.256, 0, 0.257, 0.102, 0.156
Node_Acid8_Acid9_0, 0.035, 0, 0.282, 0.063, 0.035, 0, 0.035, 0.028, 0.01
Node_Acid9_Acid39_0, 0.04, 0.001, 0.022, 0.03, 0.04, 0, 0.04, 0.015, 0.026
Node_Acti10_Acti11_0, 1.816, 0.622, 0.194, 0.14, 1, 0, 1.816, 0.569, 0.012
Node_Acti10_Acti25_0, 1.012, 0.005, 0.87, 0.077, 1, 0, 1.012, 0.943, 0.061
Node_Acti10_Acti26_0, 1.376, 0.135, 0.019, 0.118, 0.996, 0, 1.376, 0.931, 0.184
Node_Acti10_Acti31_0, 1.006, 0, 0.011, 0.007, 0.999, 0, 1.006, 1.003, 0.005
Node_Acti10_Acti3_0, 1.008, 0.005, 0.008, 0.009, 1, 0, 1.008, 0.996, 0.006
Node_Acti10_Acti7_0, 1.005, 0.002, 0.012, 0.007, 1, 0, 1.005, 0.997, 0.009
Node_Acti11_Acti22_0, 1.792, 0.001, 0.054, 0.038, 1, 0, 1.792, 1.765, 0.029
Node_Acti12_Acti21_0, 1.003, 0, 0.005, 0.054, 1, 0, 1.003, 0.258, 0.748
Node_Acti12_Acti48_0, 0.26, 0.001, 0.025, 0.071, 0.258, 0, 0.26, 0.129, 0.135
Node_Acti14_Acti33_0, 1.056, 0.05, 0.019, 0.016, 1, 0, 1.056, 0.952, 0.013
Node_Acti14_Acti34_0, 1.057, 0.002, 0.013, 0.011, 1, 0, 1.057, 1.046, 0.012
Node_Acti14_Acti6_0, 1.004, 0.002, 0.062, 0.006, 1, 0, 1.004, 0.997, 0.007
Node_Acti18_Acti16_0, 1.007, 0.003, 0.75, 0.019, 1, 0, 1.007, 0.75, 0.257
Node_Acti18_Acti4_0, 1.497, 0, 0.016, 0.009, 1, 0, 1.497, 1.422, 0.077
Node_Acti19_Acti13_0, 1.029, 0.014, 0.029, 0.696, 1, 0, 1.029, 1.007, 0.006
Node_Acti19_Acti23_0, 1.004, 0.004, 0.034, 0.244, 1, 0, 1.004, 0.995, 0.005
Node_Acti19_Acti42_0, 0.623, 0.005, 0.051, 0.159, 0.534, 0, 0.623, 0.499, 0.119
Node_Acti19_Acti49_0, 1.038, 0.029, 0.065, 0.56, 0.997, 0, 1.038, 0.681, 0.319
Node_Acti19_Acti8_0, 0.755, 0.008, 0.313, 0.171, 0.704, 0, 0.755, 0.306, 0.437
Node_Acti33_Acti35_0, 1.004, 0.003, 0.06, 0.011, 1, 0, 1.004, 0.997, 0.005
Node_Acti43_Acti36_0, 0.995, 0, 0.621, 0.004, 0.995, 0, 0.995, 0.995, 0.001
Node_Acti46_Acti41_0, 1.725, 0, 0.009, 0.013, 1, 0, 1.725, 1.675, 0.053
Node_Acti47_Acti45_0, 1.003, 0, 0.505, 0.003, 1, 0, 1.003, 0.956, 0.049
Node_Acti49_Acti15_0, 1.015, 0.007, 0.012, 0.009, 1, 0, 1.015, 0.998, 0.008
Node_Acti49_Acti32_0, 1.211, 0.003, 0.009, 0.007, 1, 0, 1.211, 1.197, 0.013
Node_Acti49_Acti38_0, 1.204, 0.199, 0.017, 0.025, 1, 0, 1.204, 0.803, 0.007
Node_Acti49_Acti40_0, 1.012, 0.003, 0.035, 0.017, 1, 0, 1.012, 1.002, 0.006
Node_Acti50_Acti10_0, 1.076, 0.009, 0.052, 0.307, 0.995, 0, 1.076, 0.379, 0.689
Node_Acti50_Acti14_0, 1.012, 0.008, 0.439, 0.044, 1, 0, 1.012, 0.995, 0.007
Node_Acti50_Acti18_0, 1.436, 0.424, 0.074, 0.466, 1, 0, 1.436, 0.587, 0.01
Node_Acti50_Acti19_0, 0.55, 0.006, 0.015, 0.187, 0.475, 0, 0.55, 0.282, 0.259
Node_Acti50_Acti20_0, 0.258, 0.003, 0.146, 0.156, 0.252, 0, 0.258, 0.236, 0.017
Node_Acti50_Acti28_0, 0.925, 0.007, 0.701, 0.248, 0.918, 0, 0.925, 0.758, 0.16
Node_Acti50_Acti39_0, 0.43, 0, 0.214, 0.171, 0.403, 0, 0.43, 0.336, 0.094
Node_Acti50_Acti43_0, 1.615, 0.621, 0.025, 0.559, 1, 0, 1.615, 0.382, 0.007
Node_Acti50_Acti46_0, 1.681, 0.063, 0.011, 0.018, 1, 0, 1.681, 1.544, 0.014
Node_Acti50_Acti47_0, 1.459, 0.003, 0.005, 0.007, 1, 0, 1.459, 1.406, 0.05
Node_Acti50_Acti51_0, 0.3, 0.002, 0.032, 0.105, 0.285, 0, 0.3, 0.226, 0.072
Node_Acti50_Acti52_0, 1.411, 0.415, 0.69, 0.072, 0.995, 0, 1.411, 0.582, 0.005
Node_Acti50_FirmF1_0, 0.384, 0.005, 0.622, 0.313, 0.377, 0, 0.384, 0.377, 0.002
Node_Acti51_Acti27_0, 0.005, 0, 0.106, 0.033, 0.005, 0, 0.005, 0.004, 0.002
Node_Acti51_Acti9_0, 0.109, 0, 0.251, 0.102, 0.103, 0, 0.109, 0.051, 0.06
Node_Acti52_Acti12_0, 0.149, 0.001, 0.631, 0.1, 0.149, 0, 0.149, 0.145, 0.006
Node_Acti52_Acti37_0, 0.773, 0.001, 0.65, 0.06, 0.771, 0, 0.773, 0.766, 0.011
Node_Acti52_Acti44_0, 0.009, 0, 0.144, 0.037, 0.009, 0, 0.009, 0.008, 0.004
Node_Acti8_Acti24_0, 0, 0, 0.01, 0.01, 0, 0, 0, 0, 0.002
Node_Acti8_Acti2_0, 0.517, 0, 0.355, 0.075, 0.5, 0, 0.517, 0.4, 0.117
Node_Acti8_Acti5_0, 0.008, 0, 0.511, 0.026, 0.008, 0, 0.008, 0.008, 0.002
Node_Acti9_Acti29_0, 0.995, 0, 0.016, 0.011, 0.994, 0, 0.995, 0.993, 0.007
Node_Acti9_Acti30_0, 1.004, 0.008, 0.05, 0.289, 0.993, 0, 1.004, 0.068, 0.937
Node_Aero1_NPL1_0, 0, 0, 0.01, 0.002, 0, 0, 0, 0, 0.001
Node_Aero1_UBA6X1_0, 0.011, 0, 0.015, 0.009, 0.011, 0, 0.011, 0.009, 0.002
Node_Aero1_UBA9X1_0, 0.009, 0, 0.01, 0.004, 0.009, 0, 0.009, 0.002, 0.008
Node_Aqui2_Aqui1_0, 1.004, 0.001, 0.009, 0.008, 1, 0, 1.004, 1, 0.005
Node_Aqui2_Aqui3_0, 0.186, 0.001, 0.003, 0.025, 0.185, 0, 0.186, 0.027, 0.159
Node_Aqui2_Aqui5_0, 1.007, 0.003, 0.007, 0.004, 1, 0, 1.007, 0.997, 0.004
Node_Aqui2_Aqui6_0, 1.007, 0.004, 0.004, 0.115, 1, 0, 1.007, 0.18, 0.821
Node_Aqui2_Camp1_0, 0.008, 0, 0.008, 0.002, 0.008, 0, 0.008, 0.004, 0.004
Node_Aqui2_Thers1_0, 0.029, 0, 0.002, 0.007, 0.029, 0, 0.029, 0.007, 0.023
Node_Aqui6_Aqui4_0, 1.005, 0.001, 0.008, 0.007, 1, 0, 1.005, 1.001, 0.005
Node_Arma12_Arma11_0, 0.758, 0.002, 0.019, 0.068, 0.737, 0, 0.758, 0.662, 0.097
Node_Arma12_Arma7_0, 0.205, 0, 0.708, 0.068, 0.202, 0, 0.205, 0.051, 0.155
Node_Arma15_Arma13_0, 1.001, 0.001, 0.01, 0.012, 1, 0, 1.001, 0.96, 0.043
Node_Arma4_Acti50_0, 0.999, 0.034, 0.023, 0.43, 0.942, 0.109, 0.999, 0.935, 0.003
Node_Arma4_Arma12_0, 0.678, 0.005, 0.188, 0.076, 0.666, 0, 0.678, 0.636, 0.038
Node_Arma4_Arma14_0, 0.029, 0, 0.654, 0.061, 0.029, 0, 0.029, 0.027, 0.005
Node_Arma4_Arma6_0, 0.823, 0.002, 0.009, 0.076, 0.701, 0, 0.823, 0.705, 0.116
Node_Arma4_CSP1X1_0, 1.026, 0.021, 0.057, 1.041, 0.97, 0.001, 1.026, 0.979, 0.014
Node_Arma4_Erem6_0, 0.739, 0.001, 0.291, 0.138, 0.704, 0, 0.739, 0.735, 0.003
Node_Arma4_Pate48_0, 1.047, 0.037, 0.025, 0.594, 0.977, 0.03, 1.047, 0.973, 0.006
Node_Arma4_UBP13X1_0, 0.714, 0.002, 0.055, 0.093, 0.669, 0, 0.714, 0.688, 0.028
Node_Arma6_Arma15_0, 0.967, 0, 0.067, 0.026, 0.961, 0, 0.967, 0.954, 0.016
Node_Arma6_Arma16_0, 1.091, 0.005, 0.061, 0.094, 0.853, 0, 1.091, 0.855, 0.236
Node_Arma6_Arma3_0, 0.911, 0.011, 0.607, 0.096, 0.794, 0, 0.911, 0.218, 0.684
Node_Arma6_Arma9_0, 1.018, 0.017, 0.275, 0.111, 0.975, 0, 1.018, 0.806, 0.185
Node_Aure2_Aure1_0, 0.002, 0, 0, 0, 0.002, 0, 0.002, 0, 0.002
Node_Bact1_Bact11_0, 0.002, 0, 0.007, 0.006, 0.002, 0, 0.002, 0, 0.004
Node_Bact1_Bact17_0, 0.005, 0, 0.005, 0.004, 0.005, 0, 0.005, 0.002, 0.006
Node_Bact20_Bact1_0, 0.004, 0, 0.004, 0.002, 0.004, 0, 0.004, 0, 0.006
Node_Bact20_Bact30_0, 0.004, 0, 0.006, 0.006, 0.004, 0, 0.004, 0.002, 0.006
Node_Bact21_Bact29_0, 0.02, 0, 0.079, 0.037, 0.02, 0, 0.02, 0.017, 0.007
Node_Bact21_Bact36_0, 0.092, 0, 0.547, 0.116, 0.091, 0, 0.092, 0.089, 0.006
Node_Bact21_Bact44_0, 0.633, 0.001, 0.419, 0.206, 0.626, 0, 0.633, 0.591, 0.046
Node_Bact22_Bact31_0, 1.009, 0, 0.037, 0.029, 0.997, 0, 1.009, 1.006, 0.005
Node_Bact22_Bact5_0, 1.041, 0.001, 0.187, 0.095, 0.997, 0, 1.041, 0.062, 0.984
Node_Bact23_Bact28_0, 0.001, 0, 0.006, 0.004, 0.001, 0, 0.001, 0, 0.005
Node_Bact23_Bact34_0, 0.002, 0, 0.007, 0.005, 0.002, 0, 0.002, 0.002, 0.005
Node_Bact23_Bact4_0, 0.004, 0, 0.009, 0.01, 0.004, 0, 0.004, 0, 0.009
Node_Bact24_Bact23_0, 0.004, 0, 0.952, 0.004, 0.004, 0, 0.004, 0.003, 0.001
Node_Bact24_Bact25_0, 0.003, 0, 0.005, 0.006, 0.003, 0, 0.003, 0.001, 0.004
Node_Bact24_Bact3_0, 0.955, 0, 0.026, 0.015, 0.948, 0, 0.955, 0.949, 0.008
Node_Bact24_Bact7_0, 0.973, 0.016, 0.062, 0.365, 0.949, 0, 0.973, 0.412, 0.545
Node_Bact25_Bact20_0, 0.002, 0, 0.005, 0.003, 0.002, 0, 0.002, 0.001, 0.003
Node_Bact25_Bact2_0, 0.004, 0, 0.007, 0.007, 0.004, 0, 0.004, 0, 0.008
Node_Bact27_Bact19_0, 1.178, 0.006, 0.127, 0.081, 0.95, 0, 1.178, 0.876, 0.294
Node_Bact27_Bact21_0, 1.005, 0.186, 0.04, 0.232, 0.729, 0, 1.005, 0.382, 0.38
Node_Bact27_Bact22_0, 0.243, 0.005, 0.337, 0.125, 0.226, 0, 0.243, 0.138, 0.101
Node_Bact27_Bact24_0, 0.474, 0.002, 0.037, 0.136, 0.446, 0, 0.474, 0.205, 0.273
Node_Bact27_Bact35_0, 0.686, 0.001, 0.539, 0.01, 0.68, 0, 0.686, 0.642, 0.046
Node_Bact27_Bact37_0, 0.479, 0.069, 0.053, 0.15, 0.393, 0.001, 0.479, 0.163, 0.219
Node_Bact27_Bact40_0, 0.996, 0.003, 0.006, 0.015, 0.988, 0, 0.996, 0.68, 0.313
Node_Bact27_Mari3_0, 0.236, 0.003, 0.012, 0.04, 0.225, 0, 0.236, 0.124, 0.112
Node_Bact29_Bact9_0, 0.006, 0, 0.02, 0.008, 0.006, 0, 0.006, 0.004, 0.006
Node_Bact30_Bact32_0, 0.004, 0, 0.009, 0.01, 0.004, 0, 0.004, 0.002, 0.009
Node_Bact31_Bact38_0, 0.003, 0, 1.007, 0.003, 0.003, 0, 0.003, 0.002, 0.001
Node_Bact33_Bact10_0, 0.221, 0, 0.017, 0.022, 0.22, 0, 0.221, 0.072, 0.152
Node_Bact33_Bact39_0, 1.004, 0.003, 0.013, 0.061, 1, 0, 1.004, 0.214, 0.793
Node_Bact33_Bact6_0, 0.086, 0.001, 0.195, 0.064, 0.084, 0, 0.086, 0.044, 0.045
Node_Bact36_Bact43_0, 0.019, 0, 0.081, 0.033, 0.019, 0, 0.019, 0.015, 0.008
Node_Bact37_Bact33_0, 0.235, 0.001, 0.257, 0.089, 0.226, 0, 0.235, 0.224, 0.012
Node_Bact37_Bact42_0, 1.014, 0.006, 0.078, 0.254, 1, 0, 1.014, 0.162, 0.851
Node_Bact3_Bact12_0, 0.958, 0, 0.008, 0.011, 0.956, 0, 0.958, 0.948, 0.011
Node_Bact3_Bact13_0, 0.004, 0, 0.006, 0.007, 0.004, 0, 0.004, 0.001, 0.007
Node_Bact3_Bact14_0, 0.001, 0, 0.009, 0.008, 0.001, 0, 0.001, 0, 0.006
Node_Bact3_Bact18_0, 0.003, 0, 0.958, 0.005, 0.003, 0, 0.003, 0.002, 0.003
Node_Bact40_Bact41_0, 0.982, 0, 0.025, 0.009, 0.98, 0, 0.982, 0.977, 0.011
Node_Bact5_Bact16_0, 1.008, 0.002, 0.053, 0.025, 1, 0, 1.008, 1, 0.018
Node_Bact7_Bact8_0, 1.004, 0.001, 0.032, 0.026, 1, 0, 1.004, 0.947, 0.062
Node_Bdell12_Bdell3_0, 0.007, 0, 0.014, 0.014, 0.007, 0, 0.007, 0.003, 0.007
Node_Bdell13_Bdell12_0, 0.014, 0, 0.368, 0.035, 0.014, 0, 0.014, 0.012, 0.005
Node_Bdell14_Bdell11_0, 0.007, 0, 0.008, 0.005, 0.007, 0, 0.007, 0.003, 0.007
Node_Bdell14_Bdell4_0, 0.01, 0, 0.007, 0.009, 0.01, 0, 0.01, 0.006, 0.01
Node_Bdell15_Bdell14_0, 0.008, 0, 0.023, 0.011, 0.008, 0, 0.008, 0.006, 0.004
Node_Bdell15_Bdell7_0, 0.006, 0.001, 0.015, 0.018, 0.006, 0, 0.006, 0.002, 0.012
Node_Bdell15_Bdell9_0, 0.003, 0, 0.008, 0.008, 0.003, 0, 0.003, 0.002, 0.005
Node_Bdell17_Bdell15_0, 0.027, 0.001, 0.046, 0.041, 0.025, 0, 0.027, 0.025, 0.001
Node_Bdell17_Bdell16_0, 0.007, 0.001, 0.029, 0.027, 0.007, 0, 0.007, 0.006, 0.008
Node_Bdell2_Bdell10_0, 0.004, 0, 0.015, 0.019, 0.004, 0, 0.004, 0.004, 0.002
Node_Bdell6_Bdell17_0, 0.071, 0.001, 1.163, 0.093, 0.069, 0, 0.071, 0.064, 0.005
Node_Bdell6_Bdell2_0, 0.017, 0, 0.057, 0.035, 0.017, 0, 0.017, 0.017, 0.003
Node_Bdell6_UBA1X6_0, 1.228, 0, 0.229, 0.185, 0.975, 0, 1.228, 1.225, 0.004
Node_Bdell7_Bdell5_0, 0.002, 0, 0.006, 0.002, 0.002, 0, 0.002, 0.001, 0.002
Node_BdellC1_BdellC2_0, 0.009, 0, 0.42, 0.079, 0.009, 0, 0.009, 0.007, 0.007
Node_Bipo1_Bipo2_0, 0.004, 0, 0.012, 0.016, 0.004, 0, 0.004, 0.002, 0.007
Node_Bipo1_Therg8_0, 0.009, 0, 0.018, 0.009, 0.009, 0, 0.009, 0.008, 0.001
Node_CG294X1_CG267X1_0, 0.873, 0.003, 1.492, 0.249, 0.723, 0, 0.873, 0.65, 0.224
Node_Calda2_Calda1_0, 0.012, 0, 0.025, 0.013, 0.012, 0, 0.012, 0.008, 0.004
Node_Caldit2_Caldit1_0, 0.004, 0, 0.007, 0.006, 0.004, 0, 0.004, 0.003, 0.004
Node_Caldit2_Caldit3_0, 0.007, 0, 0.041, 0.015, 0.007, 0, 0.007, 0.007, 0.003
Node_Camp14_Camp15_0, 0.004, 0, 0.009, 0.011, 0.004, 0, 0.004, 0, 0.012
Node_Camp1_Camp2_0, 0.005, 0, 0.009, 0.013, 0.005, 0, 0.005, 0, 0.014
Node_Camp1_Camp3_0, 0.004, 0, 0.004, 0.003, 0.004, 0, 0.004, 0.002, 0.003
Node_Camp1_Camp9_0, 0, 0, 0.004, 0.005, 0, 0, 0, 0, 0.002
Node_Camp1_UBP6X1_0, 0.002, 0, 0.007, 0.004, 0.002, 0, 0.002, 0.002, 0.001
Node_Camp2_Camp11_0, 0.003, 0, 0.004, 0.003, 0.003, 0, 0.003, 0.002, 0.002
Node_Camp2_Camp13_0, 0.006, 0, 0.006, 0.009, 0.006, 0, 0.006, 0.002, 0.009
Node_Camp2_Camp4_0, 0.003, 0, 0.005, 0.006, 0.003, 0, 0.003, 0, 0.007
Node_Camp2_Camp5_0, 0.004, 0, 0.004, 0.004, 0.004, 0, 0.004, 0.001, 0.005
Node_Camp2_Camp7_0, 0.001, 0, 0.005, 0.006, 0.001, 0, 0.001, 0, 0.002
Node_Camp4_Camp16_0, 0.003, 0, 0.007, 0.006, 0.003, 0, 0.003, 0.001, 0.007
Node_Camp5_Camp10_0, 0.004, 0, 0.005, 0.007, 0.004, 0, 0.004, 0, 0.007
Node_Camp5_Camp12_0, 0.002, 0, 0.008, 0.005, 0.002, 0, 0.002, 0, 0.006
Node_Camp7_Camp14_0, 0.001, 0, 0.004, 0.004, 0.001, 0, 0.001, 0, 0.004
Node_Camp9_Camp6_0, 0, 0, 0.011, 0.013, 0, 0, 0, 0, 0.011
Node_Chlo12_Chlo24_0, 0.9, 0.001, 0.453, 0.065, 0.885, 0, 0.9, 0.884, 0.017
Node_Chlo26_Chlo11_0, 0.002, 0, 0.004, 0.004, 0.002, 0, 0.002, 0, 0.004
Node_Chlo26_Chlo9_0, 0.002, 0, 0.997, 0.005, 0.002, 0, 0.002, 0, 0.004
Node_Chlo30_Chlo20_0, 1.001, 0.002, 0.005, 0.003, 0.997, 0, 1.001, 0.993, 0.005
Node_Chlo30_Chlo23_0, 0.999, 0, 0.028, 0.011, 0.995, 0, 0.999, 0.998, 0.002
Node_Chlo30_Chlo36_0, 1.025, 0.002, 0.01, 0.015, 1, 0, 1.025, 1.008, 0.018
Node_Chlo30_Chlo37_0, 1.003, 0, 0.006, 0.005, 1, 0, 1.003, 0.999, 0.008
Node_Chlo30_Chlo38_0, 1.297, 0.034, 0.015, 0.493, 1, 0, 1.297, 1.061, 0.174
Node_Chlo30_Chlo41_0, 1.433, 0.017, 0.028, 0.371, 1, 0, 1.433, 1.261, 0.147
Node_Chlo30_Chlo43_0, 1.049, 0.006, 0.398, 0.243, 0.997, 0, 1.049, 1.031, 0.008
Node_Chlo30_Chlo6_0, 1.015, 0.002, 0.046, 0.062, 1, 0, 1.015, 1.003, 0.01
Node_Chlo30_Dorm2_0, 1.104, 0.009, 0.02, 0.081, 1, 0.001, 1.104, 0.987, 0.103
Node_Chlo31_Chlo25_0, 0.401, 0, 0.875, 0.087, 0.397, 0, 0.401, 0.261, 0.143
Node_Chlo35_Chlo21_0, 0.903, 0.002, 0.576, 0.192, 0.884, 0, 0.903, 0.867, 0.037
Node_Chlo36_Chlo13_0, 0.986, 0, 0.005, 0.003, 0.984, 0, 0.986, 0.981, 0.008
Node_Chlo36_Chlo14_0, 0.997, 0.004, 0.008, 0.122, 0.985, 0, 0.997, 0.24, 0.757
Node_Chlo36_Chlo28_0, 0.244, 0.001, 0.128, 0.046, 0.241, 0, 0.244, 0.061, 0.185
Node_Chlo36_Chlo33_0, 0.186, 0.001, 1.003, 0.028, 0.178, 0, 0.186, 0.044, 0.142
Node_Chlo36_Chlo40_0, 1.004, 0.003, 0.007, 0.015, 1, 0, 1.004, 0.981, 0.022
Node_Chlo36_Chlo5_0, 0.983, 0, 0.017, 0.015, 0.98, 0, 0.983, 0.981, 0.003
Node_Chlo36_Chlo8_0, 1.046, 0, 0.011, 0.01, 1, 0, 1.046, 1.016, 0.032
Node_Chlo38_Chlo19_0, 0.888, 0, 0.276, 0.033, 0.886, 0, 0.888, 0.863, 0.031
Node_Chlo38_Chlo31_0, 1.133, 0.001, 0.205, 0.084, 0.907, 0, 1.133, 1.093, 0.04
Node_Chlo41_Chlo29_0, 2.591, 1.54, 0.452, 0.949, 1, 0, 2.591, 0.067, 0.087
Node_Chlo41_Chlo32_0, 2.168, 0.025, 0.547, 0.809, 1, 0, 2.168, 2.032, 0.099
Node_Chlo41_Chlo39_0, 1.388, 0.004, 0.028, 0.238, 0.993, 0, 1.388, 1.101, 0.287
Node_Chlo41_Chlo44_0, 2.328, 0.003, 0.097, 0.11, 1, 0, 2.328, 2.074, 0.254
Node_Chlo41_Chlo4_0, 1.416, 0.037, 0.617, 0.262, 0.961, 0, 1.416, 0.806, 0.563
Node_Chlo41_Chlo7_0, 1.125, 0.006, 2.04, 0.095, 0.988, 0, 1.125, 0.296, 0.831
Node_Chlo42_Chlo34_0, 0.044, 0, 0.637, 0.107, 0.044, 0, 0.044, 0.042, 0.007
Node_Chlo43_Chlo42_0, 0.674, 0.001, 0.145, 0.081, 0.671, 0, 0.674, 0.608, 0.068
Node_Chlo43_Chlo45_0, 0.659, 0.001, 0.427, 0.089, 0.622, 0, 0.659, 0.623, 0.036
Node_Chlo43_Chlo47_0, 0.75, 0, 0.054, 0.096, 0.662, 0, 0.75, 0.608, 0.145
Node_Chlo44_Chlo17_0, 2.219, 0.001, 0.03, 0.046, 1, 0, 2.219, 2.083, 0.137
Node_Chlo44_Chlo22_0, 2.111, 0.008, 0.294, 0.119, 1, 0, 2.111, 2.03, 0.069
Node_Chlo45_Chlo27_0, 0.221, 0, 0.572, 0.087, 0.212, 0, 0.221, 0.091, 0.134
Node_Chlo45_Chlo46_0, 1.008, 0.001, 0.045, 0.027, 0.999, 0, 1.008, 0.182, 0.831
Node_Chlo47_Chlo48_0, 1.031, 0.003, 0.591, 0.077, 0.998, 0, 1.031, 0.162, 0.869
Node_Chlo48_Chlo10_0, 1.003, 0, 0.034, 0.017, 0.996, 0, 1.003, 0.999, 0.006
Node_Chlo4_Chlo12_0, 1.335, 0.003, 0.137, 0.107, 0.937, 0, 1.335, 1.278, 0.053
Node_Chlo4_Chlo35_0, 1.44, 0.004, 0.088, 0.243, 0.93, 0, 1.44, 1.247, 0.189
Node_Chlo5_Chlo16_0, 0.002, 0, 0.987, 0.008, 0.002, 0, 0.002, 0.001, 0.006
Node_Chlo6_Chlo18_0, 0.989, 0, 0.009, 0.008, 0.989, 0, 0.989, 0.989, 0.003
Node_Chlo6_Chlo26_0, 0.995, 0, 0.029, 0.013, 0.989, 0, 0.995, 0.99, 0.009
Node_Chlo7_Chlo15_0, 1.21, 0.206, 0.13, 0.041, 0.986, 0, 1.21, 0.793, 0.009
Node_Chry1_Aqui2_0, 0.012, 0, 0.155, 0.025, 0.012, 0, 0.012, 0.012, 0.001
Node_Chry1_Defe3_0, 0.006, 0, 0.008, 0.011, 0.006, 0, 0.006, 0.004, 0.002
Node_Cyan10_Cyan35_0, 0.002, 0, 0.002, 0.003, 0.002, 0, 0.002, 0.001, 0.002
Node_Cyan10_Cyan45_0, 0, 0, 0.004, 0.003, 0, 0, 0, 0, 0.002
Node_Cyan10_Cyan46_0, 0.002, 0, 0.008, 0.007, 0.002, 0, 0.002, 0, 0.008
Node_Cyan11_Cyan26_0, 0.002, 0, 0.003, 0.002, 0.002, 0, 0.002, 0, 0.004
Node_Cyan12_Cyan13_0, 0.008, 0, 0.02, 0.007, 0.008, 0, 0.008, 0.005, 0.004
Node_Cyan13_Cyan18_0, 0.004, 0, 0.012, 0.011, 0.004, 0, 0.004, 0.001, 0.008
Node_Cyan14_Cyan15_0, 0, 0, 0.008, 0.007, 0, 0, 0, 0, 0.005
Node_Cyan14_Cyan16_0, 0.003, 0, 0.003, 0.003, 0.003, 0, 0.003, 0, 0.006
Node_Cyan14_Cyan23_0, 0, 0, 0.009, 0.008, 0, 0, 0, 0, 0.006
Node_Cyan16_Cyan29_0, 0.006, 0, 0.006, 0.006, 0.006, 0, 0.006, 0.001, 0.009
Node_Cyan19_Cyan22_0, 0.001, 0, 0.009, 0.006, 0.001, 0, 0.001, 0, 0.006
Node_Cyan19_Cyan47_0, 0.003, 0, 0.002, 0.003, 0.003, 0, 0.003, 0, 0.004
Node_Cyan28_chloroArabidopsis_0, 0.001, 0, 0.003, 0.003, 0.001, 0, 0.001, 0, 0.003
Node_Cyan2_Cyan1_0, 0.096, 0.001, 0.692, 0.29, 0.095, 0, 0.096, 0.094, 0.012
Node_Cyan31_Cyan34_0, 0.002, 0, 0.006, 0.006, 0.002, 0, 0.002, 0, 0.007
Node_Cyan33_Cyan21_0, 0.001, 0, 0.005, 0.004, 0.001, 0, 0.001, 0, 0.003
Node_Cyan38_Cyan28_0, 0.001, 0, 0.006, 0.004, 0.001, 0, 0.001, 0, 0.003
Node_Cyan40_Arma4_0, 0.876, 0.042, 0.007, 0.276, 0.832, 0.438, 0.876, 0.799, 0
Node_Cyan40_Cyan10_0, 0.002, 0, 0.002, 0.001, 0.002, 0, 0.002, 0, 0.003
Node_Cyan40_Cyan11_0, 0.001, 0, 0.002, 0.002, 0.001, 0, 0.001, 0, 0.003
Node_Cyan40_Cyan14_0, 0.003, 0, 0.005, 0.006, 0.003, 0, 0.003, 0.003, 0.004
Node_Cyan40_Cyan19_0, 0.004, 0, 0.005, 0.004, 0.004, 0, 0.004, 0.001, 0.006
Node_Cyan40_Cyan20_0, 1.002, 0.01, 0.011, 0.453, 0.996, 0, 1.002, 0.774, 0.217
Node_Cyan40_Cyan24_0, 0.001, 0, 0.005, 0.006, 0.001, 0, 0.001, 0, 0.003
Node_Cyan40_Cyan25_0, 0, 0, 0.004, 0.003, 0, 0, 0, 0, 0.002
Node_Cyan40_Cyan27_0, 0.001, 0, 0.001, 0.001, 0.001, 0, 0.001, 0.001, 0.001
Node_Cyan40_Cyan2_0, 0.775, 0.01, 0.019, 0.281, 0.765, 0, 0.775, 0.75, 0.008
Node_Cyan40_Cyan36_0, 0.003, 0, 0.007, 0.007, 0.003, 0, 0.003, 0.001, 0.006
Node_Cyan40_Cyan37_0, 0.001, 0, 1.001, 0.004, 0.001, 0, 0.001, 0, 0.003
Node_Cyan40_Cyan38_0, 0.004, 0, 0.001, 0, 0.004, 0, 0.004, 0, 0.004
Node_Cyan40_Cyan42_0, 0.999, 0, 0.006, 0.002, 0.997, 0, 0.999, 0.997, 0.003
Node_Cyan40_Cyan7_0, 0.786, 0.005, 0.013, 0.279, 0.781, 0, 0.786, 0.76, 0.019
Node_Cyan40_Marg1_0, 0.776, 0.011, 0.022, 0.279, 0.763, 0, 0.776, 0.753, 0.003
Node_Cyan40_Therd1_0, 0.784, 0.008, 0.103, 0.321, 0.767, 0.001, 0.784, 0.768, 0.002
Node_Cyan42_Cyan3_0, 1, 0, 0.006, 0.007, 1, 0, 1, 0.997, 0.007
Node_Cyan46_Cyan30_0, 0.001, 0, 0.005, 0.006, 0.001, 0, 0.001, 0, 0.004
Node_Cyan46_Cyan31_0, 0.001, 0, 0.008, 0.009, 0.001, 0, 0.001, 0, 0.008
Node_Cyan46_Cyan32_0, 0.002, 0, 0.005, 0.006, 0.002, 0, 0.002, 0.001, 0.005
Node_Cyan46_Cyan33_0, 0.003, 0, 0.007, 0.007, 0.003, 0, 0.003, 0, 0.009
Node_Cyan46_Cyan41_0, 0.002, 0, 0.007, 0.006, 0.002, 0, 0.002, 0, 0.006
Node_Cyan47_Cyan43_0, 0.003, 0, 0.002, 0.002, 0.003, 0, 0.003, 0.001, 0.002
Node_Cyan47_Cyan44_0, 0.002, 0, 0.007, 0.006, 0.002, 0, 0.002, 0.001, 0.006
Node_Cyan4_Cyan8_0, 0.016, 0, 0.109, 0.06, 0.016, 0, 0.016, 0.016, 0.003
Node_Cyan4_Cyan9_0, 0.009, 0, 0.011, 0.009, 0.009, 0, 0.009, 0.007, 0.004
Node_Cyan7_Cyan12_0, 0.024, 0, 0.099, 0.044, 0.024, 0, 0.024, 0.023, 0.001
Node_Cyan7_Cyan4_0, 0.122, 0, 0.668, 0.231, 0.122, 0, 0.122, 0.12, 0.004
Node_DTU0X1_SLNR1_0, 0.001, 0, 0.004, 0.006, 0.001, 0, 0.001, 0.001, 0.003
Node_Defe3_Defe1_0, 0.002, 0, 0.008, 0.004, 0.002, 0, 0.002, 0.001, 0.004
Node_Defe3_Defe2_0, 0.003, 0, 0.005, 0.005, 0.003, 0, 0.003, 0, 0.006
Node_Dein4_Dein2_0, 0.002, 0, 0.009, 0.007, 0.002, 0, 0.002, 0.001, 0.002
Node_Dein4_Dein6_0, 0.001, 0, 0.007, 0.007, 0.001, 0, 0.001, 0, 0.006
Node_Dein5_Bipo1_0, 0.026, 0, 0.069, 0.042, 0.026, 0, 0.026, 0.025, 0.002
Node_Dein5_Dein1_0, 0, 0, 0.007, 0.006, 0, 0, 0, 0, 0.003
Node_Dein5_Dein4_0, 0.009, 0, 0.028, 0.017, 0.009, 0, 0.009, 0.005, 0.011
Node_Dein5_Dein7_0, 0.004, 0, 0.01, 0.009, 0.004, 0, 0.004, 0, 0.005
Node_Dein7_Dein3_0, 0.002, 0, 0.006, 0.004, 0.002, 0, 0.002, 0, 0.004
Node_DesuB1_DesuB2_0, 1.011, 0.006, 0.022, 0.07, 1, 0, 1.011, 0.481, 0.526
Node_DesuB4_BdellC1_0, 0.422, 0.001, 1.064, 0.123, 0.399, 0, 0.422, 0.403, 0.018
Node_DesuB4_DesuB1_0, 0.501, 0.001, 0.036, 0.069, 0.49, 0, 0.501, 0.386, 0.114
Node_DesuB4_DesuB3_0, 0.007, 0, 0.497, 0.057, 0.007, 0, 0.007, 0.007, 0.003
Node_DesuB4_Desua5_0, 1.467, 0.002, 1.3, 0.348, 0.984, 0, 1.467, 1.455, 0.01
Node_DesuB4_Myxo10_0, 2.755, 0.009, 1.208, 0.594, 1, 0, 2.755, 2.726, 0.017
Node_DesuC2_DesuC1_0, 1.405, 0.001, 0.33, 0.357, 0.995, 0, 1.405, 1.252, 0.159
Node_DesuC2_Desua47_0, 1.575, 0.058, 1.447, 1.492, 0.999, 0, 1.575, 1.483, 0.01
Node_DesuD2_DesuD1_0, 1.225, 0.002, 0.895, 0.537, 1, 0, 1.225, 1.108, 0.126
Node_Desua11_Desua27_0, 0.001, 0.001, 0.018, 0.018, 0.001, 0, 0.001, 0, 0.011
Node_Desua16_Desua15_0, 1.011, 0.003, 0.04, 0.02, 1, 0, 1.011, 1.004, 0.002
Node_Desua16_Desua20_0, 2.717, 0.005, 0.114, 0.385, 1, 0, 2.717, 2.671, 0.041
Node_Desua16_Desua24_0, 1.046, 0.007, 0.197, 0.078, 1, 0, 1.046, 1.032, 0.003
Node_Desua16_Desua6_0, 2.785, 0.045, 0.309, 0.726, 1, 0, 2.785, 2.21, 0.507
Node_Desua16_Desua9_0, 1.233, 0.003, 1.814, 0.38, 1, 0, 1.233, 0.907, 0.327
Node_Desua1_Desua34_0, 0.008, 0, 0.027, 0.025, 0.008, 0, 0.008, 0.007, 0.007
Node_Desua1_Desua3_0, 0.028, 0.002, 0.052, 0.03, 0.027, 0, 0.028, 0.024, 0.005
Node_Desua1_Desua43_0, 0.073, 0, 0.176, 0.102, 0.071, 0, 0.073, 0.071, 0.002
Node_Desua22_Desua10_0, 0.009, 0, 0.031, 0.023, 0.009, 0, 0.009, 0.008, 0.006
Node_Desua22_Desua13_0, 0.034, 0.001, 0.237, 0.074, 0.031, 0, 0.034, 0.032, 0
Node_Desua22_Desua14_0, 0.002, 0, 0.01, 0.005, 0.002, 0, 0.002, 0.002, 0.003
Node_Desua22_Desua16_0, 2.542, 0.019, 1.343, 0.704, 0.999, 0, 2.542, 2.161, 0.355
Node_Desua22_Desua23_0, 0.001, 0, 0.005, 0.005, 0.001, 0, 0.001, 0.001, 0.004
Node_Desua22_Desua26_0, 0.27, 0.001, 0.441, 0.234, 0.25, 0, 0.27, 0.244, 0.026
Node_Desua22_Desua4_0, 0.684, 0.005, 1.867, 0.717, 0.522, 0, 0.684, 0.674, 0.004
Node_Desua26_Desua30_0, 0.277, 0, 0.119, 0.081, 0.272, 0, 0.277, 0.153, 0.126
Node_Desua28_Desua35_0, 1.036, 0.014, 0.152, 0.618, 1, 0, 1.036, 0.776, 0.259
Node_Desua2_Desua8_0, 1.127, 0.01, 1.037, 0.923, 1, 0, 1.127, 1.102, 0.014
Node_Desua36_Desua38_0, 0.002, 0, 0.009, 0.01, 0.002, 0, 0.002, 0, 0.011
Node_Desua36_Desua39_0, 0, 0, 0.007, 0.008, 0, 0, 0, 0, 0.006
Node_Desua40_Desua31_0, 0.006, 0, 0.036, 0.023, 0.006, 0, 0.006, 0.004, 0.008
Node_Desua42_Desua11_0, 0.007, 0, 0.006, 0.004, 0.007, 0, 0.007, 0.002, 0.006
Node_Desua42_Desua12_0, 0.007, 0, 0.013, 0.011, 0.007, 0, 0.007, 0.004, 0.005
Node_Desua43_Desua50_0, 0, 0, 0.02, 0.015, 0, 0, 0, 0, 0.003
Node_Desua43_Desua52_0, 0.002, 0, 0.004, 0.007, 0.002, 0, 0.002, 0, 0.006
Node_Desua43_Desua54_0, 0.017, 0, 0.065, 0.055, 0.017, 0, 0.017, 0.015, 0.009
Node_Desua44_Desua36_0, 0.001, 0, 0.009, 0.006, 0.001, 0, 0.001, 0, 0.003
Node_Desua46_Desua25_0, 0.001, 0, 0.006, 0.008, 0.001, 0, 0.001, 0, 0.004
Node_Desua47_Desua29_0, 1.004, 0, 0.007, 0.02, 1, 0, 1.004, 0.348, 0.657
Node_Desua47_Desua37_0, 0.257, 0.001, 0.972, 0.075, 0.25, 0, 0.257, 0.254, 0.002
Node_Desua47_Desua41_0, 0.354, 0, 0.022, 0.041, 0.352, 0, 0.354, 0.239, 0.119
Node_Desua47_Desua53_0, 1.226, 0.132, 0.488, 0.281, 0.998, 0, 1.226, 0.96, 0.007
Node_Desua48_Desua33_0, 0.003, 0, 0.004, 0.003, 0.003, 0, 0.003, 0.001, 0.004
Node_Desua48_Desua40_0, 0.034, 0, 0.054, 0.046, 0.034, 0, 0.034, 0.034, 0.002
Node_Desua48_Desua42_0, 0.015, 0, 0.023, 0.027, 0.015, 0, 0.015, 0.014, 0.004
Node_Desua48_Desua46_0, 0.003, 0, 0.015, 0.013, 0.003, 0, 0.003, 0.003, 0.003
Node_Desua49_Desua21_0, 0.002, 0, 0.011, 0.011, 0.002, 0, 0.002, 0.001, 0.006
Node_Desua49_Desua32_0, 0.01, 0, 0.019, 0.019, 0.01, 0, 0.01, 0.009, 0.003
Node_Desua49_Desua44_0, 0.007, 0, 0.009, 0.011, 0.007, 0, 0.007, 0.005, 0.006
Node_Desua4_Desua1_0, 0.247, 0.001, 0.439, 0.262, 0.235, 0, 0.247, 0.247, 0.001
Node_Desua4_Desua48_0, 0.086, 0.002, 0.163, 0.108, 0.085, 0, 0.086, 0.083, 0
Node_Desua4_Desua49_0, 0.026, 0.001, 0.063, 0.045, 0.026, 0, 0.026, 0.023, 0.002
Node_Desua53_Desua51_0, 1.16, 0.004, 0.085, 0.042, 1, 0, 1.16, 1.14, 0.015
Node_Desua6_Desua19_0, 1.962, 0.725, 0.925, 0.629, 1, 0, 1.962, 0.508, 0.022
Node_Desua6_Desua2_0, 2.14, 0.052, 0.706, 0.786, 1, 0, 2.14, 2.042, 0.009
Node_Desua6_Desua7_0, 1.929, 0.116, 0.173, 0.113, 1, 0, 1.929, 1.677, 0.024
Node_Desua9_Desua17_0, 1.012, 0.002, 0.033, 0.021, 1, 0, 1.012, 1.005, 0.005
Node_Desua9_Desua18_0, 1.038, 0, 0.201, 0.099, 0.999, 0, 1.038, 1.037, 0.006
Node_Dorm2_Dorm1_0, 1.757, 0.001, 0.013, 0.009, 1, 0, 1.757, 1.719, 0.042
Node_Dorm2_Dorm3_0, 1.019, 0.008, 0.099, 0.131, 1, 0, 1.019, 1.002, 0.006
Node_Dorm2_Dorm4_0, 1.012, 0.015, 0.025, 0.546, 1, 0, 1.012, 0.987, 0.003
Node_Dorm2_Dorm5_0, 1.727, 0.723, 0.016, 0.116, 1, 0, 1.727, 0.28, 0.008
Node_Eise2_Eise1_0, 0.011, 0, 0.298, 0.131, 0.011, 0, 0.011, 0.01, 0.003
Node_Eise4_Eise2_0, 0.306, 0.011, 0.058, 0.36, 0.3, 0, 0.306, 0.151, 0.148
Node_Eise4_Eise3_0, 1.012, 0.008, 0.012, 0.434, 1, 0, 1.012, 0.301, 0.71
Node_Elus1_Elus2_0, 0.008, 0, 0.003, 0.003, 0.008, 0, 0.008, 0.004, 0.007
Node_Elus2_Elus3_0, 0.057, 0, 0.003, 0.003, 0.057, 0, 0.057, 0.007, 0.052
Node_Elus2_Elus5_0, 0.193, 0, 0.015, 0.005, 0.193, 0, 0.193, 0.046, 0.151
Node_Elus3_Elus4_0, 0.226, 0.001, 0.004, 0.014, 0.222, 0, 0.226, 0.039, 0.188
Node_Elus3_Elus6_0, 0.288, 0.001, 0.006, 0.064, 0.284, 0, 0.288, 0.073, 0.216
Node_Elus3_Elus7_0, 0.041, 0, 0.047, 0.003, 0.041, 0, 0.041, 0.012, 0.031
Node_Elus3_Elus9_0, 0.077, 0, 0.211, 0.023, 0.077, 0, 0.077, 0.018, 0.062
Node_Elus6_Elus8_0, 0.016, 0, 0.275, 0.056, 0.016, 0, 0.016, 0.014, 0.003
Node_Elus9_Elus10_0, 0.005, 0, 0.075, 0.021, 0.005, 0, 0.005, 0.004, 0.003
Node_Erem4_Erem5_0, 0.001, 0, 0.011, 0.012, 0.001, 0, 0.001, 0.001, 0.006
Node_Erem6_Erem2_0, 0.038, 0, 0.704, 0.086, 0.038, 0, 0.038, 0.037, 0.003
Node_Erem6_Erem3_0, 0.016, 0, 0.037, 0.026, 0.016, 0, 0.016, 0.01, 0.015
Node_Erem6_Erem4_0, 0.006, 0, 0.014, 0.01, 0.006, 0, 0.006, 0.004, 0.004
Node_FCPU1_FCPU2_0, 1.005, 0.006, 0.024, 0.122, 1, 0, 1.005, 0.196, 0.824
Node_Ferm1_Eise4_0, 0.205, 0.011, 0.01, 0.077, 0.18, 0, 0.205, 0.136, 0.051
Node_Ferm1_GemmA1_0, 0.181, 0.001, 0.053, 0.095, 0.174, 0, 0.181, 0.154, 0.028
Node_Ferm1_Krum1_0, 0.026, 0, 0.156, 0.064, 0.025, 0, 0.026, 0.026, 0.001
Node_Fibr4_Fibr2_0, 0.001, 0, 0.001, 0.002, 0.001, 0, 0.001, 0, 0.002
Node_Fibr4_Fibr3_0, 0.003, 0, 0.094, 0.02, 0.003, 0, 0.003, 0.002, 0.003
Node_Fibr4_Fibr5_0, 0.003, 0, 0.005, 0.006, 0.003, 0, 0.003, 0, 0.005
Node_Fibr4_Fibr6_0, 0, 0, 0.006, 0.007, 0, 0, 0, 0, 0.003
Node_Fibr5_Fibr1_0, 0.001, 0, 0.003, 0.001, 0.001, 0, 0.001, 0.001, 0.001
Node_FirmA102_FirmA76_0, 0.002, 0, 0.004, 0.003, 0.002, 0, 0.002, 0.002, 0.003
Node_FirmA104_FirmA78_0, 0.003, 0, 0.003, 0.001, 0.003, 0, 0.003, 0.001, 0.002
Node_FirmA106_FirmA114_0, 0, 0, 0.005, 0.003, 0, 0, 0, 0, 0.003
Node_FirmA109_FirmA77_0, 0.001, 0, 0.004, 0.003, 0.001, 0, 0.001, 0, 0.003
Node_FirmA109_FirmA95_0, 0.002, 0, 0.004, 0.004, 0.002, 0, 0.002, 0, 0.005
Node_FirmA114_FirmA98_0, 0.001, 0, 0.005, 0.005, 0.001, 0, 0.001, 0, 0.006
Node_FirmA11_FirmA67_0, 0.027, 0, 0.003, 0.003, 0.027, 0, 0.027, 0.024, 0.004
Node_FirmA12_FirmA93_0, 0.001, 0, 0.006, 0.005, 0.001, 0, 0.001, 0, 0.004
Node_FirmA14_FirmA113_0, 0.002, 0, 0.007, 0.008, 0.002, 0, 0.002, 0, 0.008
Node_FirmA18_FirmA103_0, 0.001, 0, 0.005, 0.003, 0.001, 0, 0.001, 0, 0.004
Node_FirmA20_FirmA100_0, 0.002, 0, 0.008, 0.008, 0.002, 0, 0.002, 0, 0.008
Node_FirmA20_FirmA24_0, 0.084, 0, 0.003, 0.014, 0.084, 0, 0.084, 0.03, 0.055
Node_FirmA20_FirmA25_0, 0.002, 0, 0.012, 0.01, 0.002, 0, 0.002, 0.001, 0.004
Node_FirmA20_FirmA38_0, 0.01, 0, 0.079, 0.012, 0.01, 0, 0.01, 0.008, 0.005
Node_FirmA20_FirmA52_0, 0.002, 0, 0.004, 0.006, 0.002, 0, 0.002, 0, 0.004
Node_FirmA21_FirmA108_0, 0.002, 0, 0.003, 0.003, 0.002, 0, 0.002, 0, 0.004
Node_FirmA21_FirmA47_0, 0.002, 0, 0.004, 0.005, 0.002, 0, 0.002, 0.001, 0.004
Node_FirmA21_FirmA88_0, 0.001, 0, 0.003, 0.003, 0.001, 0, 0.001, 0, 0.002
Node_FirmA24_FirmA1_0, 0.295, 0, 0.007, 0.052, 0.295, 0, 0.295, 0.08, 0.218
Node_FirmA24_FirmA8_0, 0.026, 0, 0.274, 0.056, 0.026, 0, 0.026, 0.023, 0.005
Node_FirmA25_FirmA56_0, 0.001, 0, 0.004, 0.003, 0.001, 0, 0.001, 0, 0.003
Node_FirmA26_FirmA102_0, 0.003, 0, 0.006, 0.006, 0.003, 0, 0.003, 0.001, 0.005
Node_FirmA26_FirmA2_0, 0.004, 0.001, 0.006, 0.006, 0.004, 0, 0.004, 0.002, 0.004
Node_FirmA26_FirmA41_0, 0.002, 0, 0.005, 0.003, 0.002, 0, 0.002, 0, 0.002
Node_FirmA26_FirmA7_0, 0.005, 0, 0.006, 0.005, 0.005, 0, 0.005, 0.001, 0.008
Node_FirmA27_FirmA71_0, 0.001, 0, 0.004, 0.002, 0.001, 0, 0.001, 0, 0.003
Node_FirmA27_FirmA89_0, 0.002, 0, 0.001, 0.001, 0.002, 0, 0.002, 0, 0.003
Node_FirmA28_FirmA94_0, 0.006, 0, 0.012, 0.021, 0.006, 0, 0.006, 0.002, 0.012
Node_FirmA29_FirmA51_0, 0.005, 0, 0.003, 0.003, 0.005, 0, 0.005, 0.002, 0.006
Node_FirmA38_FirmA32_0, 0.001, 0, 0.015, 0.01, 0.001, 0, 0.001, 0, 0.006
Node_FirmA43_FirmA39_0, 0.003, 0, 0.008, 0.006, 0.003, 0, 0.003, 0.001, 0.007
Node_FirmA45_FirmA40_0, 0.003, 0, 0.005, 0.005, 0.003, 0, 0.003, 0.001, 0.005
Node_FirmA50_FirmA70_0, 0.018, 0, 0.09, 0.041, 0.018, 0, 0.018, 0.015, 0.004
Node_FirmA52_FirmA107_0, 0.001, 0, 0.003, 0.003, 0.001, 0, 0.001, 0, 0.003
Node_FirmA52_FirmA42_0, 0.001, 0, 0.004, 0.003, 0.001, 0, 0.001, 0.001, 0.003
Node_FirmA53_FirmA35_0, 0, 0, 0.009, 0.007, 0, 0, 0, 0, 0.005
Node_FirmA55_FirmA29_0, 0.002, 0, 0.003, 0.002, 0.002, 0, 0.002, 0, 0.004
Node_FirmA58_FirmA43_0, 0.004, 0, 0.006, 0.004, 0.004, 0, 0.004, 0.002, 0.004
Node_FirmA59_FirmA36_0, 0.007, 0, 0.007, 0.006, 0.007, 0, 0.007, 0.004, 0.008
Node_FirmA59_FirmA44_0, 0.006, 0, 0.006, 0.007, 0.006, 0, 0.006, 0.001, 0.008
Node_FirmA59_FirmA48_0, 0.004, 0, 0.007, 0.012, 0.004, 0, 0.004, 0.003, 0.004
Node_FirmA60_FirmA74_0, 0.003, 0, 0.005, 0.006, 0.003, 0, 0.003, 0, 0.006
Node_FirmA61_FirmA66_0, 0.002, 0, 0.005, 0.005, 0.002, 0, 0.002, 0, 0.006
Node_FirmA62_FirmA104_0, 0.004, 0, 0.006, 0.004, 0.004, 0, 0.004, 0.002, 0.002
Node_FirmA62_FirmA58_0, 0.006, 0, 0.004, 0.003, 0.006, 0, 0.006, 0.001, 0.006
Node_FirmA62_FirmA6_0, 0.003, 0, 0.01, 0.008, 0.003, 0, 0.003, 0, 0.007
Node_FirmA63_FirmA109_0, 0.002, 0, 0.006, 0.005, 0.002, 0, 0.002, 0, 0.006
Node_FirmA63_FirmA10_0, 0, 0, 0.005, 0.004, 0, 0, 0, 0, 0.003
Node_FirmA63_FirmA30_0, 0.003, 0, 0.002, 0.002, 0.003, 0, 0.003, 0, 0.005
Node_FirmA63_FirmA45_0, 0.003, 0, 0.004, 0.002, 0.003, 0, 0.003, 0, 0.004
Node_FirmA63_FirmA57_0, 0.001, 0, 0.002, 0.002, 0.001, 0, 0.001, 0, 0.003
Node_FirmA63_FirmA99_0, 0.002, 0, 0.004, 0.005, 0.002, 0, 0.002, 0, 0.005
Node_FirmA64_FirmA33_0, 0.003, 0, 0.021, 0.012, 0.003, 0, 0.003, 0.002, 0.002
Node_FirmA65_FirmA5_0, 0.242, 0.001, 0.002, 0.045, 0.241, 0, 0.242, 0.063, 0.179
Node_FirmA65_FirmA64_0, 0.022, 0, 0.003, 0.008, 0.021, 0, 0.022, 0.009, 0.015
Node_FirmA65_FirmA69_0, 0.01, 0.001, 0.004, 0.006, 0.009, 0, 0.01, 0.003, 0.008
Node_FirmA65_FirmA97_0, 0.064, 0.001, 0.007, 0.011, 0.063, 0, 0.064, 0.017, 0.048
Node_FirmA67_FirmA37_0, 0.047, 0, 0.004, 0.013, 0.047, 0, 0.047, 0.035, 0.013
Node_FirmA67_FirmA50_0, 0.104, 0, 0.002, 0.027, 0.104, 0, 0.104, 0.047, 0.059
Node_FirmA67_FirmA79_0, 0.246, 0, 0.006, 0.064, 0.246, 0, 0.246, 0.102, 0.148
Node_FirmA67_FirmA87_0, 0.038, 0, 0.002, 0.013, 0.038, 0, 0.038, 0.026, 0.013
Node_FirmA69_FirmA28_0, 0.006, 0, 0.008, 0.005, 0.006, 0, 0.006, 0.003, 0.004
Node_FirmA69_FirmA72_0, 0.006, 0, 0.006, 0.004, 0.006, 0, 0.006, 0.003, 0.006
Node_FirmA72_FirmA73_0, 0.001, 0, 0.008, 0.007, 0.001, 0, 0.001, 0, 0.003
Node_FirmA7_FirmA12_0, 0.003, 0, 0.01, 0.007, 0.003, 0, 0.003, 0.001, 0.006
Node_FirmA7_FirmA90_0, 0.007, 0, 0.005, 0.005, 0.007, 0, 0.007, 0.002, 0.007
Node_FirmA80_FirmA34_0, 0.002, 0, 0.006, 0.006, 0.002, 0, 0.002, 0.001, 0.006
Node_FirmA81_FirmA14_0, 0.001, 0, 0.002, 0.004, 0.001, 0, 0.001, 0, 0.003
Node_FirmA81_FirmA19_0, 0, 0, 0.004, 0.005, 0, 0, 0, 0, 0.003
Node_FirmA81_FirmA84_0, 0.006, 0, 0.003, 0.006, 0.006, 0, 0.006, 0.002, 0.005
Node_FirmA81_FirmA92_0, 0, 0, 0.01, 0.006, 0, 0, 0, 0, 0.004
Node_FirmA83_FirmA11_0, 0.026, 0, 0.019, 0.018, 0.026, 0, 0.026, 0.022, 0.007
Node_FirmA83_FirmA49_0, 0.002, 0, 0.007, 0.008, 0.002, 0, 0.002, 0.001, 0.004
Node_FirmA83_FirmA55_0, 0.001, 0, 0.009, 0.005, 0.001, 0, 0.001, 0.001, 0.005
Node_FirmA83_FirmA59_0, 0.004, 0, 0.004, 0.005, 0.004, 0, 0.004, 0.001, 0.004
Node_FirmA83_FirmA65_0, 0.005, 0, 0.003, 0.004, 0.005, 0, 0.005, 0.002, 0.004
Node_FirmA83_FirmA81_0, 0.004, 0, 0.024, 0.007, 0.004, 0, 0.004, 0.003, 0.002
Node_FirmA83_FirmA86_0, 0.005, 0, 0.002, 0.005, 0.005, 0, 0.005, 0.001, 0.006
Node_FirmA84_FirmA111_0, 0.006, 0, 0.006, 0.005, 0.006, 0, 0.006, 0.003, 0.006
Node_FirmA84_FirmA16_0, 0.002, 0, 0.009, 0.009, 0.002, 0, 0.002, 0, 0.006
Node_FirmA84_FirmA20_0, 0.032, 0, 0.002, 0.005, 0.032, 0, 0.032, 0.005, 0.028
Node_FirmA84_FirmA26_0, 0.005, 0, 0.03, 0.006, 0.005, 0, 0.005, 0.003, 0.003
Node_FirmA84_FirmA46_0, 0, 0, 0.002, 0.004, 0, 0, 0, 0, 0.002
Node_FirmA84_FirmA63_0, 0, 0, 0.003, 0.002, 0, 0, 0, 0, 0.001
Node_FirmA84_FirmA9_0, 0.002, 0, 0, 0, 0.002, 0, 0.002, 0, 0.002
Node_FirmA85_DTU0X1_0, 0.002, 0, 0.017, 0.006, 0.002, 0, 0.002, 0.001, 0.002
Node_FirmA85_FirmA60_0, 0.002, 0, 0.004, 0.007, 0.002, 0, 0.002, 0, 0.004
Node_FirmA85_FirmC13_0, 0.017, 0.001, 0.006, 0.006, 0.016, 0, 0.017, 0.008, 0.007
Node_FirmA86_FirmA61_0, 0.001, 0, 0.007, 0.005, 0.001, 0, 0.001, 0.001, 0.003
Node_FirmA87_FirmA106_0, 0.002, 0, 0.01, 0.007, 0.002, 0, 0.002, 0.002, 0.004
Node_FirmA87_FirmA62_0, 0.008, 0, 0.005, 0.006, 0.008, 0, 0.008, 0.007, 0.001
Node_FirmA87_FirmA96_0, 0.012, 0, 0.033, 0.014, 0.012, 0, 0.012, 0.009, 0.007
Node_FirmA88_FirmA101_0, 0, 0, 0.004, 0.006, 0, 0, 0, 0, 0.003
Node_FirmA89_FirmA105_0, 0.004, 0, 0.005, 0.007, 0.004, 0, 0.004, 0.001, 0.006
Node_FirmA89_FirmA110_0, 0.001, 0, 0.005, 0.005, 0.001, 0, 0.001, 0, 0.002
Node_FirmA89_FirmA21_0, 0.002, 0, 0.003, 0.003, 0.002, 0, 0.002, 0, 0.003
Node_FirmA89_FirmA31_0, 0.004, 0, 0.004, 0.005, 0.004, 0, 0.004, 0.002, 0.004
Node_FirmA89_FirmA53_0, 0.004, 0, 0.006, 0.006, 0.004, 0, 0.004, 0, 0.008
Node_FirmA89_FirmA68_0, 0.003, 0, 0.008, 0.006, 0.003, 0, 0.003, 0, 0.007
Node_FirmA89_FirmA80_0, 0.002, 0, 0.003, 0.003, 0.002, 0, 0.002, 0, 0.003
Node_FirmA90_FirmA112_0, 0.004, 0, 0.007, 0.005, 0.004, 0, 0.004, 0.002, 0.004
Node_FirmA94_FirmA75_0, 0.004, 0, 0.005, 0.005, 0.004, 0, 0.004, 0.003, 0.003
Node_FirmA96_FirmA27_0, 0, 0, 0.014, 0.007, 0, 0, 0, 0, 0.002
Node_FirmA96_FirmA91_0, 0.001, 0, 0.003, 0.006, 0.001, 0, 0.001, 0, 0.004
Node_FirmA99_FirmA18_0, 0.002, 0, 0.006, 0.006, 0.002, 0, 0.002, 0.001, 0.006
Node_FirmB16_FirmB13_0, 0, 0, 0.003, 0.003, 0, 0, 0, 0, 0.003
Node_FirmB17_FirmB15_0, 0.004, 0, 0.008, 0.008, 0.004, 0, 0.004, 0.002, 0.008
Node_FirmB2_FirmB11_0, 0.001, 0, 0.005, 0.005, 0.001, 0, 0.001, 0, 0.006
Node_FirmB2_FirmB12_0, 0, 0, 0.005, 0.005, 0, 0, 0, 0, 0.004
Node_FirmB3_FirmB14_0, 0.003, 0, 0.009, 0.006, 0.003, 0, 0.003, 0, 0.008
Node_FirmB4_FirmB17_0, 0.004, 0, 0.007, 0.007, 0.004, 0, 0.004, 0, 0.01
Node_FirmB4_FirmB1_0, 0.001, 0, 0.009, 0.009, 0.001, 0, 0.001, 0.001, 0.006
Node_FirmB4_FirmB3_0, 0.004, 0, 0.002, 0.004, 0.004, 0, 0.004, 0, 0.006
Node_FirmB6_FirmB7_0, 0.001, 0, 0.003, 0.002, 0.001, 0, 0.001, 0.001, 0.001
Node_FirmB8_FirmB16_0, 0, 0, 0.001, 0.001, 0, 0, 0, 0, 0.001
Node_FirmB8_FirmB4_0, 0, 0, 0.005, 0.002, 0, 0, 0, 0, 0.001
Node_FirmB8_FirmB5_0, 0.001, 0, 0.002, 0.002, 0.001, 0, 0.001, 0, 0.003
Node_FirmB8_FirmB9_0, 0.004, 0, 0.073, 0.027, 0.004, 0, 0.004, 0.001, 0.004
Node_FirmB9_FirmB10_0, 0.003, 0, 0.004, 0.004, 0.003, 0, 0.003, 0, 0.006
Node_FirmB9_FirmB2_0, 0.001, 0, 0.005, 0.005, 0.001, 0, 0.001, 0, 0.003
Node_FirmB9_FirmB6_0, 0.003, 0, 0.005, 0.004, 0.003, 0, 0.003, 0.001, 0.004
Node_FirmC10_FirmC14_0, 0.001, 0, 0.008, 0.009, 0.001, 0, 0.001, 0, 0.007
Node_FirmC10_FirmC18_0, 0.002, 0, 0.004, 0.005, 0.002, 0, 0.002, 0, 0.006
Node_FirmC10_FirmC19_0, 0, 0, 0.007, 0.002, 0, 0, 0, 0, 0.001
Node_FirmC11_FirmC3_0, 0.001, 0, 0.006, 0.007, 0.001, 0, 0.001, 0, 0.006
Node_FirmC13_FirmB8_0, 0.073, 0.001, 0.006, 0.011, 0.072, 0, 0.073, 0.028, 0.045
Node_FirmC13_FirmC10_0, 0.006, 0, 0.005, 0.002, 0.006, 0, 0.006, 0, 0.007
Node_FirmC13_FirmC17_0, 0.003, 0, 0.009, 0.01, 0.003, 0, 0.003, 0.002, 0.006
Node_FirmC13_FirmC5_0, 0.238, 0.002, 0.006, 0.019, 0.238, 0, 0.238, 0.071, 0.169
Node_FirmC13_FirmC8_0, 0.004, 0, 0.242, 0.005, 0.004, 0, 0.004, 0, 0.008
Node_FirmC13_Firms33_0, 0.033, 0, 0.006, 0.005, 0.033, 0, 0.033, 0.011, 0.022
Node_FirmC15_FirmC12_0, 0, 0, 0.005, 0.004, 0, 0, 0, 0, 0.003
Node_FirmC1_FirmC4_0, 0.003, 0, 0.007, 0.006, 0.003, 0, 0.003, 0.002, 0.004
Node_FirmC6_FirmC16_0, 0.006, 0, 0.006, 0.004, 0.006, 0, 0.006, 0.001, 0.006
Node_FirmC6_FirmC1_0, 0.006, 0, 0.014, 0.014, 0.006, 0, 0.006, 0.004, 0.012
Node_FirmC8_FirmC11_0, 0.001, 0, 0.013, 0.013, 0.001, 0, 0.001, 0.001, 0.006
Node_FirmC8_FirmC15_0, 0.002, 0, 0.006, 0.009, 0.002, 0, 0.002, 0, 0.006
Node_FirmC8_FirmC6_0, 0.008, 0, 0.007, 0.008, 0.008, 0, 0.008, 0.004, 0.009
Node_FirmC8_FirmC7_0, 0.002, 0, 0.005, 0.006, 0.002, 0, 0.002, 0, 0.006
Node_FirmC8_FirmC9_0, 0.006, 0, 0.004, 0.004, 0.006, 0, 0.006, 0.002, 0.006
Node_FirmD2_FirmD3_0, 0.256, 0.003, 0.01, 0.059, 0.255, 0, 0.256, 0.092, 0.167
Node_FirmD4_FirmD2_0, 0.096, 0, 0.002, 0.014, 0.096, 0, 0.096, 0.048, 0.049
Node_FirmE4_FirmE6_0, 0.002, 0, 0.006, 0.005, 0.002, 0, 0.002, 0, 0.006
Node_FirmE5_FirmA85_0, 0.015, 0, 0.015, 0.012, 0.015, 0, 0.015, 0.011, 0.005
Node_FirmE5_FirmE3_0, 0.003, 0, 0.002, 0.003, 0.003, 0, 0.003, 0.002, 0.003
Node_FirmE5_FirmE4_0, 0.002, 0, 0.003, 0.001, 0.002, 0, 0.002, 0.002, 0
Node_FirmE5_FirmE7_0, 0.005, 0, 0.013, 0.006, 0.005, 0, 0.005, 0.003, 0.003
Node_FirmE7_FirmE1_0, 0.002, 0, 0.005, 0.004, 0.002, 0, 0.002, 0.001, 0.002
Node_FirmE7_FirmE2_0, 0.002, 0, 0.007, 0.008, 0.002, 0, 0.002, 0, 0.007
Node_FirmE7_FirmE8_0, 0.001, 0, 0.003, 0.005, 0.001, 0, 0.001, 0, 0.002
Node_FirmF1_FirmF2_0, 0.016, 0.001, 0.078, 0.053, 0.016, 0, 0.016, 0.016, 0.005
Node_FirmF1_FirmG6_0, 0.088, 0.001, 0.297, 0.164, 0.088, 0, 0.088, 0.088, 0
Node_FirmF2_FirmF3_0, 0.005, 0, 0.018, 0.011, 0.005, 0, 0.005, 0.003, 0.007
Node_FirmG5_FirmG1_0, 0.003, 0, 0.002, 0.002, 0.003, 0, 0.003, 0.001, 0.003
Node_FirmG5_FirmG2_0, 0.002, 0, 0.002, 0.002, 0.002, 0, 0.002, 0.001, 0.002
Node_FirmG6_FirmE5_0, 0.025, 0, 0.064, 0.045, 0.025, 0, 0.025, 0.024, 0.001
Node_FirmG6_FirmG3_0, 0.002, 0, 0, 0, 0.002, 0, 0.002, 0.001, 0.001
Node_FirmG6_FirmG4_0, 0.001, 0, 0.004, 0.003, 0.001, 0, 0.001, 0.001, 0.003
Node_FirmG6_FirmG5_0, 0.002, 0, 0.024, 0.016, 0.002, 0, 0.002, 0.001, 0.001
Node_Firms11_Firms17_0, 0.003, 0, 0.004, 0.005, 0.003, 0, 0.003, 0, 0.006
Node_Firms13_Firms1_0, 0.003, 0, 0.001, 0, 0.003, 0, 0.003, 0, 0.003
Node_Firms1_Firms10_0, 0.002, 0, 0.004, 0.004, 0.002, 0, 0.002, 0.001, 0.003
Node_Firms20_Firms12_0, 0.002, 0, 0.005, 0.005, 0.002, 0, 0.002, 0, 0.003
Node_Firms20_Firms29_0, 0.002, 0, 0.005, 0.005, 0.002, 0, 0.002, 0, 0.005
Node_Firms22_Firms27_0, 0.001, 0, 0.002, 0.001, 0.001, 0, 0.001, 0, 0.002
Node_Firms23_Firms18_0, 0.002, 0, 0.006, 0.005, 0.002, 0, 0.002, 0, 0.005
Node_Firms24_Firms26_0, 0.001, 0, 0.006, 0.005, 0.001, 0, 0.001, 0.001, 0.004
Node_Firms30_Firms31_0, 0, 0, 0.004, 0.002, 0, 0, 0, 0, 0.002
Node_Firms32_Firms25_0, 0.003, 0, 0.004, 0.002, 0.003, 0, 0.003, 0.001, 0.004
Node_Firms33_FirmA83_0, 0.038, 0, 0.015, 0.011, 0.038, 0, 0.038, 0.018, 0.02
Node_Firms33_FirmD1_0, 0.014, 0.001, 0.038, 0.013, 0.013, 0, 0.014, 0.01, 0.002
Node_Firms33_FirmD4_0, 0.049, 0, 0.005, 0.012, 0.049, 0, 0.049, 0.035, 0.016
Node_Firms33_Firms11_0, 0.001, 0, 0.003, 0.003, 0.001, 0, 0.001, 0, 0.003
Node_Firms33_Firms13_0, 0.001, 0, 0.004, 0.005, 0.001, 0, 0.001, 0.001, 0.004
Node_Firms33_Firms15_0, 0.001, 0, 0.004, 0.002, 0.001, 0, 0.001, 0, 0.002
Node_Firms33_Firms16_0, 0.001, 0, 0.007, 0.008, 0.001, 0, 0.001, 0, 0.007
Node_Firms33_Firms20_0, 0.004, 0, 0.002, 0.003, 0.004, 0, 0.004, 0.001, 0.004
Node_Firms33_Firms21_0, 0.002, 0, 0.004, 0.005, 0.002, 0, 0.002, 0, 0.005
Node_Firms33_Firms22_0, 0.001, 0, 0.004, 0.005, 0.001, 0, 0.001, 0, 0.005
Node_Firms33_Firms23_0, 0.003, 0, 0.005, 0.01, 0.003, 0, 0.003, 0.001, 0.005
Node_Firms33_Firms28_0, 0.002, 0, 0.004, 0.005, 0.002, 0, 0.002, 0.001, 0.003
Node_Firms33_Firms2_0, 0.003, 0, 0.002, 0.001, 0.003, 0, 0.003, 0.001, 0.003
Node_Firms33_Firms30_0, 0.002, 0, 0.006, 0.007, 0.002, 0, 0.002, 0, 0.004
Node_Firms33_Firms32_0, 0.003, 0, 0.007, 0.008, 0.003, 0, 0.003, 0.001, 0.007
Node_Firms33_Firms3_0, 0, 0, 0.002, 0.002, 0, 0, 0, 0, 0.001
Node_Firms33_Firms5_0, 0.003, 0, 0.004, 0.004, 0.003, 0, 0.003, 0, 0.006
Node_Firms33_Firms6_0, 0.001, 0, 0.006, 0.007, 0.001, 0, 0.001, 0.001, 0
Node_Firms33_Firms7_0, 0.001, 0, 0.003, 0.003, 0.001, 0, 0.001, 0, 0.003
Node_Firms33_Firms8_0, 0.007, 0, 0.011, 0.014, 0.007, 0, 0.007, 0.006, 0.004
Node_Firms33_Firms9_0, 0.003, 0, 0.005, 0.006, 0.003, 0, 0.003, 0.001, 0.006
Node_Firms8_Firms24_0, 0.003, 0, 0.005, 0.01, 0.003, 0, 0.003, 0, 0.008
Node_Firms8_Firms4_0, 0, 0, 0.011, 0.013, 0, 0, 0, 0, 0.004
Node_Gemm2_Gemm4_0, 1.007, 0, 0.28, 0.074, 0.998, 0, 1.007, 0.012, 0.999
Node_Gemm3_Gemm6_0, 1.004, 0.001, 0.002, 0.003, 1, 0, 1.004, 0.998, 0.006
Node_Gemm5_Gemm8_0, 0.149, 0, 0.018, 0.082, 0.148, 0, 0.149, 0.043, 0.108
Node_Gemm5_Gemm9_0, 0.091, 0.001, 0.109, 0.054, 0.09, 0, 0.091, 0.047, 0.05
Node_Gemm9_Gemm2_0, 0.288, 0.002, 0.021, 0.077, 0.285, 0, 0.288, 0.076, 0.216
Node_Gemm9_Gemm3_0, 0.999, 0, 0.011, 0.009, 0.998, 0, 0.999, 0.995, 0.006
Node_Gemm9_Gemm7_0, 1.004, 0.006, 0.017, 0.318, 0.996, 0, 1.004, 0.275, 0.727
Node_Gold1_FCPU1_0, 0.199, 0, 0.002, 0.017, 0.199, 0, 0.199, 0.036, 0.165
Node_Gold1_Fire1_0, 0.036, 0, 0.004, 0.008, 0.036, 0, 0.036, 0.003, 0.034
Node_Gold1_Gold2_0, 0.006, 0, 0.202, 0.031, 0.006, 0, 0.006, 0.006, 0.009
Node_Hydr2_Abys1_0, 0.212, 0.002, 0.004, 0.085, 0.211, 0, 0.212, 0.045, 0.166
Node_Hydr2_Hydr1_0, 0.029, 0, 0.203, 0.091, 0.029, 0, 0.029, 0.029, 0.02
Node_Hydr2_Plan43_0, 0.012, 0, 0.01, 0.007, 0.012, 0, 0.012, 0.007, 0.005
Node_Hydr2_Sume1_0, 0.048, 0, 0.008, 0.018, 0.048, 0, 0.048, 0.006, 0.044
Node_KSB1X2_KSB1X4_0, 0.02, 0, 0.116, 0.035, 0.02, 0, 0.02, 0.018, 0.006
Node_KSB1X3_KSB1X1_0, 0.297, 0.001, 0.227, 0.168, 0.28, 0, 0.297, 0.139, 0.161
Node_Late1_Late3_0, 0.999, 0.002, 0.009, 0.005, 0.994, 0, 0.999, 0.196, 0.804
Node_Late2_Late1_0, 0.202, 0, 0.017, 0.009, 0.201, 0, 0.202, 0.033, 0.17
Node_Lind1_Lind2_0, 0.193, 0, 0.018, 0.073, 0.193, 0, 0.193, 0.023, 0.185
Node_Lind1_Lind4_0, 0.026, 0.002, 0.008, 0.02, 0.024, 0, 0.026, 0.022, 0.001
Node_Marg1_Marg2_0, 0.16, 0.001, 0.62, 0.288, 0.159, 0, 0.16, 0.158, 0.003
Node_Marg1_Marg6_0, 0.026, 0, 0.135, 0.089, 0.026, 0, 0.026, 0.026, 0.001
Node_Marg2_Marg7_0, 0.019, 0, 0.144, 0.102, 0.019, 0, 0.019, 0.018, 0.003
Node_Mari3_Mari2_0, 0.277, 0, 0.021, 0.066, 0.277, 0, 0.277, 0.079, 0.2
Node_Mari3_Mari6_0, 0.098, 0, 0.191, 0.061, 0.095, 0, 0.098, 0.048, 0.053
Node_Mari6_Mari1_0, 0.004, 0, 0.017, 0.013, 0.004, 0, 0.004, 0.003, 0.009
Node_Mari6_Mari5_0, 0.012, 0, 0.089, 0.02, 0.012, 0, 0.012, 0.011, 0.003
Node_Meth2_Meth1_0, 0.415, 0.003, 0.2, 0.283, 0.413, 0, 0.415, 0.119, 0.298
Node_Meth4_Meth3_0, 1.003, 0, 0.027, 0.02, 1, 0, 1.003, 1.001, 0.01
Node_Meth5_Meth2_0, 0.314, 0.004, 1.019, 0.093, 0.294, 0, 0.314, 0.074, 0.239
Node_Meth5_Meth4_0, 1.02, 0, 0.113, 0.038, 0.999, 0, 1.02, 0.205, 0.819
Node_Meth5_NitsA1_0, 1.787, 0.004, 0.874, 0.407, 1, 0, 1.787, 1.757, 0.025
Node_Meth5_SZUA1_0, 1.09, 0, 0.068, 0.075, 0.997, 0, 1.09, 1.051, 0.039
Node_Meth5_Sche1_0, 1.119, 0.004, 0.681, 0.203, 0.996, 0, 1.119, 1.109, 0.009
Node_MyxA1_MyxA2_0, 0.02, 0, 0.05, 0.036, 0.02, 0, 0.02, 0.02, 0.003
Node_MyxA1_MyxA4_0, 0.067, 0, 1.199, 0.157, 0.066, 0, 0.067, 0.066, 0.005
Node_MyxA2_MyxA3_0, 0.006, 0, 0.02, 0.01, 0.006, 0, 0.006, 0.003, 0.006
Node_Myxo10_Bdell6_0, 1.453, 0.01, 1.371, 0.391, 0.985, 0, 1.453, 1.378, 0.059
Node_Myxo10_MyxA1_0, 1.261, 0.005, 0.298, 0.242, 0.976, 0, 1.261, 1.159, 0.101
Node_Myxo10_Myxo11_0, 1.336, 0.015, 0.097, 0.326, 0.985, 0, 1.336, 1.156, 0.157
Node_Myxo10_Myxo14_0, 1.352, 0.026, 0.048, 0.085, 0.998, 0, 1.352, 1.265, 0.038
Node_Myxo10_Myxo15_0, 0.071, 0, 0.955, 0.023, 0.071, 0, 0.071, 0.03, 0.044
Node_Myxo10_Myxo17_0, 0.982, 0, 0.392, 0.027, 0.947, 0, 0.982, 0.963, 0.022
Node_Myxo11_Bdell13_0, 0.377, 0.002, 1.001, 0.093, 0.362, 0, 0.377, 0.337, 0.04
Node_Myxo11_Myxo13_0, 1.002, 0, 0.018, 0.012, 0.999, 0, 1.002, 1.001, 0.005
Node_Myxo11_Myxo8_0, 1.015, 0.006, 0.038, 0.214, 0.998, 0, 1.015, 0.341, 0.67
Node_Myxo14_Myxo2_0, 1.016, 0.001, 0.372, 0.076, 0.863, 0, 1.016, 0.858, 0.16
Node_Myxo14_Myxo3_0, 1.358, 0.002, 0.028, 0.027, 1, 0, 1.358, 1.323, 0.032
Node_Myxo14_Myxo5_0, 1.266, 0.001, 0.09, 0.103, 1, 0, 1.266, 0.928, 0.339
Node_Myxo14_Myxo6_0, 1.023, 0.003, 0.252, 0.075, 1, 0, 1.023, 1.016, 0.006
Node_Myxo14_Myxo9_0, 1.227, 0, 0.243, 0.057, 0.869, 0, 1.227, 1.117, 0.112
Node_Myxo15_Myxo18_0, 0.232, 0.001, 0.014, 0.068, 0.232, 0, 0.232, 0.063, 0.174
Node_Myxo17_Myxo19_0, 0.957, 0.001, 0.04, 0.012, 0.95, 0, 0.957, 0.944, 0.014
Node_Myxo2_Myxo1_0, 0.255, 0.001, 0.932, 0.066, 0.25, 0, 0.255, 0.084, 0.17
Node_Myxo8_Myxo7_0, 1.006, 0, 0.018, 0.006, 1, 0, 1.006, 1.001, 0.009
Node_Nitr10_Nitr3_0, 0.007, 0, 0.024, 0.018, 0.007, 0, 0.007, 0.004, 0.007
Node_Nitr10_Nitr4_0, 0.024, 0, 0.179, 0.058, 0.024, 0, 0.024, 0.023, 0.009
Node_Nitr10_Nitr6_0, 0.001, 0, 0.009, 0.008, 0.001, 0, 0.001, 0.001, 0.003
Node_Nitr14_CG294X1_0, 2.138, 0.013, 0.575, 0.38, 0.997, 0, 2.138, 2.05, 0.068
Node_Nitr14_Meth5_0, 2.632, 0.027, 0.74, 0.568, 1, 0, 2.632, 2.561, 0.025
Node_Nitr14_Nitr12_0, 1.812, 0, 0.011, 0.007, 1, 0, 1.812, 1.774, 0.04
Node_Nitr14_Nitr13_0, 1.71, 0.001, 0.027, 0.011, 0.991, 0, 1.71, 1.696, 0.012
Node_Nitr14_Nitr15_0, 1.649, 0.001, 0.563, 0.328, 0.997, 0, 1.649, 1.578, 0.073
Node_Nitr14_Nitr16_0, 1.783, 0.004, 0.004, 0.002, 1, 0, 1.783, 1.703, 0.073
Node_Nitr14_Nitr2_0, 1.724, 0.003, 0.266, 0.044, 0.99, 0, 1.724, 1.019, 0.703
Node_Nitr14_Nitr9_0, 1.284, 0.001, 0.53, 0.128, 0.994, 0, 1.284, 1.12, 0.164
Node_Nitr15_Nitr10_0, 0.194, 0.003, 0.01, 0.13, 0.193, 0, 0.194, 0.087, 0.107
Node_Nitr15_Nitr1_0, 0.591, 0.001, 1.171, 0.152, 0.541, 0, 0.591, 0.479, 0.112
Node_Nitr15_Nitr8_0, 0.094, 0.001, 0.539, 0.068, 0.093, 0, 0.094, 0.052, 0.041
Node_Nitr16_Nitr11_0, 1.001, 0.001, 0.005, 0.023, 1, 0, 1.001, 0.999, 0.002
Node_Nitr16_Nitr17_0, 1.003, 0.001, 0.792, 0.013, 1, 0, 1.003, 0.998, 0.011
Node_Nitr17_Nitr5_0, 1.002, 0.001, 0.008, 0.007, 1, 0, 1.002, 0.999, 0.006
Node_Nitr9_Nitr7_0, 1.005, 0.001, 0.283, 0.055, 0.994, 0, 1.005, 1.004, 0.003
Node_Nits1_Nits3_0, 1.007, 0.001, 0.682, 0.008, 1, 0, 1.007, 0.898, 0.111
Node_Nits4_Nits2_0, 0.817, 0, 0.83, 0.064, 0.812, 0, 0.817, 0.774, 0.046
Node_NitsA1_NitsA2_0, 1.021, 0.004, 1.156, 0.162, 0.999, 0, 1.021, 0.606, 0.417
Node_NitsA1_NitsA3_0, 1.756, 0.093, 0.199, 0.24, 0.999, 0, 1.756, 1.505, 0.075
Node_NitsA3_Nits1_0, 1.577, 0.002, 0.051, 0.031, 1, 0, 1.577, 1.55, 0.025
Node_NitsA3_Nits4_0, 1.601, 0.454, 0.616, 0.135, 0.999, 0, 1.601, 0.687, 0.007
Node_Omni4_Omni2_0, 0.004, 0, 0.012, 0.016, 0.004, 0, 0.004, 0, 0.016
Node_Omni4_Omni3_0, 0.003, 0, 0.052, 0.008, 0.003, 0, 0.003, 0.002, 0.003
Node_Omni4_Omni7_0, 0, 0, 0.003, 0.001, 0, 0, 0, 0, 0
Node_Omni4_Omni8_0, 0.052, 0, 0.002, 0.006, 0.052, 0, 0.052, 0.013, 0.04
Node_Omni8_Omni6_0, 0.187, 0, 0.008, 0.014, 0.187, 0, 0.187, 0.048, 0.143
Node_P4572X1_Ferm1_0, 0.153, 0.014, 0.008, 0.054, 0.135, 0, 0.153, 0.101, 0.031
Node_P4572X1_Gemm5_0, 0.059, 0.001, 0.108, 0.057, 0.056, 0, 0.059, 0.045, 0.013
Node_Pate13_Pate34_0, 0, 0, 0.002, 0.001, 0, 0, 0, 0, 0.001
Node_Pate13_Pate6_0, 0.001, 0, 0.005, 0.002, 0.001, 0, 0.001, 0, 0.003
Node_Pate14_Pate35_0, 0.266, 0, 0.006, 0.004, 0.265, 0, 0.266, 0.062, 0.206
Node_Pate14_Pate5_0, 0.066, 0, 0.005, 0.005, 0.065, 0, 0.066, 0.018, 0.051
Node_Pate15_Pate29_0, 0.001, 0, 0.012, 0.012, 0.001, 0, 0.001, 0, 0.011
Node_Pate17_Pate18_0, 0.004, 0, 0.002, 0.004, 0.004, 0, 0.004, 0.001, 0.005
Node_Pate17_Pate19_0, 0.001, 0, 0.007, 0.006, 0.001, 0, 0.001, 0, 0.002
Node_Pate17_Pate8_0, 0.001, 0, 0.006, 0.003, 0.001, 0, 0.001, 0, 0.003
Node_Pate18_Pate38_0, 0.005, 0, 0.007, 0.008, 0.005, 0, 0.005, 0.002, 0.007
Node_Pate18_Pate9_0, 0.005, 0.001, 0.005, 0.005, 0.005, 0, 0.005, 0.001, 0.005
Node_Pate19_Pate37_0, 0.002, 0, 0.005, 0.009, 0.002, 0, 0.002, 0, 0.006
Node_Pate19_Pate4_0, 0.001, 0, 0.002, 0.002, 0.001, 0, 0.001, 0, 0.002
Node_Pate1_Pate50_0, 0.002, 0, 0.01, 0.006, 0.002, 0, 0.002, 0.001, 0.003
Node_Pate21_Pate15_0, 0.002, 0, 0.002, 0.002, 0.002, 0, 0.002, 0.001, 0.003
Node_Pate21_Pate26_0, 0.001, 0, 0.006, 0.003, 0.001, 0, 0.001, 0.001, 0.001
Node_Pate24_Pate13_0, 0.003, 0, 0.021, 0.005, 0.003, 0, 0.003, 0.001, 0.004
Node_Pate24_Pate14_0, 0.02, 0, 0.008, 0.008, 0.02, 0, 0.02, 0.003, 0.021
Node_Pate24_Pate39_0, 0.004, 0, 0.005, 0.004, 0.004, 0, 0.004, 0, 0.005
Node_Pate24_Pate54_0, 0.004, 0, 0.003, 0.003, 0.004, 0, 0.004, 0.002, 0.004
Node_Pate25_Pate17_0, 0.006, 0, 0.008, 0.004, 0.006, 0, 0.006, 0.003, 0.006
Node_Pate25_Pate28_0, 0.004, 0, 0.009, 0.005, 0.004, 0, 0.004, 0.002, 0.007
Node_Pate25_Pate32_0, 0.008, 0, 0.008, 0.012, 0.008, 0, 0.008, 0.007, 0.001
Node_Pate26_Pate12_0, 0.003, 0, 0.005, 0.004, 0.003, 0, 0.003, 0, 0.007
Node_Pate40_Pate24_0, 0.007, 0.001, 0.01, 0.009, 0.006, 0, 0.007, 0.004, 0.005
Node_Pate40_Pate55_0, 0.004, 0, 0.009, 0.009, 0.004, 0, 0.004, 0.001, 0.006
Node_Pate40_Pate7_0, 0.011, 0, 0.014, 0.011, 0.011, 0, 0.011, 0.01, 0.001
Node_Pate43_Pate22_0, 0.003, 0, 0.014, 0.009, 0.003, 0, 0.003, 0.002, 0.003
Node_Pate43_Pate3_0, 0.001, 0, 0.004, 0.005, 0.001, 0, 0.001, 0.001, 0.002
Node_Pate43_Pate44_0, 0.002, 0, 0.002, 0.004, 0.002, 0, 0.002, 0.001, 0.003
Node_Pate43_Pate45_0, 0.014, 0.001, 0.015, 0.012, 0.014, 0, 0.014, 0.011, 0.002
Node_Pate43_Pate57_0, 0.005, 0, 0.004, 0.004, 0.005, 0, 0.005, 0.001, 0.007
Node_Pate44_Pate10_0, 0.001, 0, 0.005, 0.005, 0.001, 0, 0.001, 0, 0.004
Node_Pate44_Pate52_0, 0.002, 0, 0.002, 0.001, 0.002, 0, 0.002, 0.001, 0.002
Node_Pate45_Pate11_0, 0.001, 0, 0.008, 0.008, 0.001, 0, 0.001, 0.001, 0.003
Node_Pate45_Pate21_0, 0.006, 0, 0.01, 0.013, 0.006, 0, 0.006, 0.004, 0.002
Node_Pate46_Pate25_0, 0.015, 0, 0.028, 0.016, 0.015, 0, 0.015, 0.013, 0.002
Node_Pate48_Chlo30_0, 1.011, 0.006, 0.047, 0.061, 0.976, 0, 1.011, 0.997, 0.005
Node_Pate48_Pate1_0, 0.009, 0, 0.027, 0.013, 0.009, 0, 0.009, 0.007, 0.004
Node_Pate48_Pate23_0, 0.056, 0.001, 0.958, 0.063, 0.055, 0, 0.056, 0.052, 0.002
Node_Pate48_Pate30_0, 0.02, 0, 0.011, 0.019, 0.02, 0, 0.02, 0.015, 0.007
Node_Pate48_Pate40_0, 0.024, 0, 0.011, 0.025, 0.024, 0, 0.024, 0.016, 0.009
Node_Pate48_Pate43_0, 0.026, 0, 0.019, 0.031, 0.026, 0, 0.026, 0.023, 0.004
Node_Pate48_Pate46_0, 0.041, 0, 0.019, 0.024, 0.04, 0, 0.041, 0.037, 0.004
Node_Pate48_Pate49_0, 0.002, 0, 0.007, 0.003, 0.002, 0, 0.002, 0.002, 0
Node_Pate48_Pate51_0, 0, 0, 0.002, 0, 0, 0, 0, 0, 0
Node_Pate48_Pate56_0, 0.032, 0, 0.004, 0.031, 0.032, 0, 0.032, 0.017, 0.016
Node_Pate49_Pate41_0, 0.001, 0, 0.003, 0.004, 0.001, 0, 0.001, 0.001, 0.002
Node_Pate51_Pate27_0, 0.005, 0, 0.006, 0.005, 0.005, 0, 0.005, 0.002, 0.008
Node_Pate51_Pate33_0, 0.001, 0, 0, 0.001, 0.001, 0, 0.001, 0, 0.001
Node_Pate51_Pate53_0, 0.003, 0, 0.005, 0.008, 0.003, 0, 0.003, 0, 0.007
Node_Pate54_Pate31_0, 0, 0, 0.008, 0.006, 0, 0, 0, 0, 0.004
Node_Pate9_Pate36_0, 0.003, 0, 0.008, 0.006, 0.003, 0, 0.003, 0.001, 0.006
Node_Plan17_Plan23_0, 0.002, 0, 0.007, 0.012, 0.002, 0, 0.002, 0, 0.007
Node_Plan22_Plan2_0, 0.317, 0.005, 0.007, 0.095, 0.316, 0, 0.317, 0.085, 0.23
Node_Plan22_Plan4_0, 0.089, 0.002, 0.217, 0.028, 0.088, 0, 0.089, 0.019, 0.073
Node_Plan26_Plan21_0, 0, 0, 0.051, 0.007, 0, 0, 0, 0, 0.004
Node_Plan26_Plan5_0, 0.004, 0, 0.002, 0.003, 0.004, 0, 0.004, 0, 0.006
Node_Plan30_Plan14_0, 1.183, 0, 0.014, 0.023, 0.998, 0, 1.183, 1.066, 0.124
Node_Plan31_Plan17_0, 0.002, 0, 0.005, 0.006, 0.002, 0, 0.002, 0, 0.006
Node_Plan31_Plan18_0, 0.001, 0, 0.008, 0.003, 0.001, 0, 0.001, 0, 0.002
Node_Plan31_Plan27_0, 0.001, 0, 0.004, 0.004, 0.001, 0, 0.001, 0, 0.003
Node_Plan31_Plan39_0, 0.002, 0, 0.004, 0.006, 0.002, 0, 0.002, 0, 0.005
Node_Plan32_Plan12_0, 1.008, 0, 0.019, 0.013, 0.999, 0, 1.008, 1.005, 0.007
Node_Plan32_Plan22_0, 0.231, 0, 0.005, 0.016, 0.221, 0, 0.231, 0.044, 0.189
Node_Plan32_Plan26_0, 0.047, 0, 0.01, 0.009, 0.047, 0, 0.047, 0.009, 0.04
Node_Plan32_Plan30_0, 1.073, 0.003, 0.018, 0.024, 0.997, 0, 1.073, 0.214, 0.857
Node_Plan32_Plan3_0, 1.02, 0.004, 0.064, 0.051, 1, 0, 1.02, 1.007, 0.007
Node_Plan33_Plan44_0, 0.001, 0, 0.026, 0.014, 0.001, 0, 0.001, 0, 0.005
Node_Plan42_Plan40_0, 0.029, 0, 0.271, 0.058, 0.029, 0, 0.029, 0.028, 0.004
Node_Plan43_Plan16_0, 0.073, 0, 0.002, 0.016, 0.073, 0, 0.073, 0.022, 0.053
Node_Plan43_Plan31_0, 0.007, 0, 0.003, 0.005, 0.007, 0, 0.007, 0.002, 0.006
Node_Plan43_Plan32_0, 0.017, 0, 0.002, 0, 0.017, 0, 0.017, 0.005, 0.012
Node_Plan43_Plan33_0, 0.022, 0, 0.011, 0.008, 0.022, 0, 0.022, 0.009, 0.016
Node_Plan43_Plan42_0, 0.296, 0.001, 0.003, 0.079, 0.293, 0, 0.296, 0.071, 0.225
Node_Plan43_Plan7_0, 0.004, 0, 0.005, 0.004, 0.004, 0, 0.004, 0.004, 0.001
Node_Plan43_Verr11_0, 0.008, 0, 0.007, 0.005, 0.008, 0, 0.008, 0.006, 0.003
Node_Pori1_Pori2_0, 1.009, 0.017, 0.035, 0.39, 0.998, 0, 1.009, 0.014, 1.003
Node_ProtA11_ProtA32_0, 0.002, 0, 0.005, 0.005, 0.002, 0, 0.002, 0, 0.005
Node_ProtA12_ProtA44_0, 0.002, 0, 0.005, 0.001, 0.002, 0, 0.002, 0, 0.003
Node_ProtA12_ProtA54_0, 0.001, 0, 0.004, 0.003, 0.001, 0, 0.001, 0, 0.003
Node_ProtA13_ProtA24_0, 0.004, 0, 0.004, 0.004, 0.004, 0, 0.004, 0.003, 0.005
Node_ProtA13_ProtA61_0, 0.001, 0, 0.011, 0.017, 0.001, 0, 0.001, 0, 0.008
Node_ProtA13_ProtA77_0, 0.006, 0, 0.006, 0.006, 0.006, 0, 0.006, 0.002, 0.006
Node_ProtA13_ProtA7_0, 0.003, 0, 0.008, 0.01, 0.003, 0, 0.003, 0.001, 0.005
Node_ProtA15_ProtA42_0, 0, 0, 0.005, 0.004, 0, 0, 0, 0, 0.003
Node_ProtA15_ProtA70_0, 0.002, 0, 0.004, 0.005, 0.002, 0, 0.002, 0.001, 0.003
Node_ProtA16_ProtA33_0, 0.002, 0, 0.003, 0.002, 0.002, 0, 0.002, 0, 0.003
Node_ProtA16_ProtA66_0, 0, 0, 0.002, 0, 0, 0, 0, 0, 0
Node_ProtA16_ProtA69_0, 0.002, 0, 0.012, 0.007, 0.002, 0, 0.002, 0, 0.006
Node_ProtA16_ProtA8_0, 0.002, 0, 0.005, 0.006, 0.002, 0, 0.002, 0.001, 0.005
Node_ProtA18_ProtA10_0, 0.002, 0, 0.004, 0.005, 0.002, 0, 0.002, 0, 0.004
Node_ProtA18_ProtA19_0, 0.002, 0, 0.002, 0.001, 0.002, 0, 0.002, 0.001, 0.002
Node_ProtA18_ProtA29_0, 0.002, 0, 0.002, 0, 0.002, 0, 0.002, 0, 0.002
Node_ProtA18_ProtA53_0, 0.002, 0, 0.005, 0.005, 0.002, 0, 0.002, 0, 0.005
Node_ProtA19_ProtA14_0, 0.005, 0, 0.001, 0.003, 0.005, 0, 0.005, 0, 0.005
Node_ProtA19_ProtA20_0, 0.003, 0, 0.002, 0.001, 0.003, 0, 0.003, 0.001, 0.003
Node_ProtA19_ProtA3_0, 0.003, 0, 0.008, 0.006, 0.003, 0, 0.003, 0, 0.006
Node_ProtA19_ProtA46_0, 0.006, 0, 0.006, 0.005, 0.006, 0, 0.006, 0.001, 0.01
Node_ProtA19_ProtA49_0, 0.007, 0, 0.007, 0.005, 0.007, 0, 0.007, 0.002, 0.008
Node_ProtA19_ProtA56_0, 0.002, 0, 0.006, 0.004, 0.002, 0, 0.002, 0, 0.005
Node_ProtA19_ProtA68_0, 0.004, 0, 0.005, 0.007, 0.004, 0, 0.004, 0.001, 0.006
Node_ProtA19_ProtA74_0, 0.002, 0, 0.002, 0.002, 0.002, 0, 0.002, 0.002, 0
Node_ProtA19_ProtA75_0, 0.001, 0, 0.004, 0.003, 0.001, 0, 0.001, 0.001, 0.003
Node_ProtA20_ProtA11_0, 0.002, 0, 0.005, 0.009, 0.002, 0, 0.002, 0.001, 0.004
Node_ProtA20_ProtA5_0, 0.003, 0, 0.006, 0.004, 0.003, 0, 0.003, 0, 0.007
Node_ProtA26_ProtA37_0, 0, 0, 0.004, 0.003, 0, 0, 0, 0, 0.001
Node_ProtA26_ProtA45_0, 0.003, 0, 0.012, 0.007, 0.003, 0, 0.003, 0.002, 0.002
Node_ProtA27_ProtA21_0, 0.002, 0, 0.002, 0.003, 0.002, 0, 0.002, 0.001, 0.002
Node_ProtA30_ProtA35_0, 0.002, 0, 0.001, 0.001, 0.002, 0, 0.002, 0, 0.002
Node_ProtA34_Acid38_0, 0.788, 0.287, 0.005, 0.11, 0.459, 0.008, 0.788, 0.113, 0.332
Node_ProtA34_Chry1_0, 0.166, 0.019, 0.012, 0.03, 0.142, 0.006, 0.166, 0.051, 0.094
Node_ProtA34_DesuB4_0, 3.937, 0.116, 0.348, 2.005, 1, 0, 3.937, 3.711, 0.021
Node_ProtA34_DesuC2_0, 2.954, 0.046, 1.039, 0.74, 1, 0, 2.954, 2.862, 0.01
Node_ProtA34_J088X1_0, 2.328, 0.035, 0.69, 0.834, 1, 0, 2.328, 2.236, 0.029
Node_ProtA34_Nitr14_0, 3.32, 1.996, 0.038, 1.374, 0.999, 0, 3.32, 0.396, 0.574
Node_ProtA34_ProtA13_0, 0.006, 0, 0.007, 0.006, 0.006, 0, 0.006, 0.003, 0.005
Node_ProtA34_ProtA16_0, 0.008, 0, 0.004, 0.003, 0.008, 0, 0.008, 0.003, 0.007
Node_ProtA34_ProtA18_0, 0.002, 0, 0.008, 0.007, 0.002, 0, 0.002, 0.001, 0.005
Node_ProtA34_ProtA26_0, 0.013, 0, 0.043, 0.023, 0.013, 0, 0.013, 0.013, 0.002
Node_ProtA34_ProtA38_0, 0.005, 0, 0.003, 0.002, 0.005, 0, 0.005, 0.001, 0.006
Node_ProtA34_ProtA39_0, 0.005, 0, 0.011, 0.004, 0.005, 0, 0.005, 0.003, 0.003
Node_ProtA34_ProtA40_0, 0.003, 0, 0.009, 0.008, 0.003, 0, 0.003, 0, 0.006
Node_ProtA34_ProtA43_0, 0.003, 0, 0.001, 0.001, 0.003, 0, 0.003, 0.002, 0.001
Node_ProtA34_ProtA9_0, 0.054, 0, 0.179, 0.082, 0.054, 0, 0.054, 0.052, 0.006
Node_ProtA34_ProtG30_0, 2.151, 0.032, 0.24, 0.634, 1, 0, 2.151, 2.067, 0.031
Node_ProtA34_ProtM1_0, 1.165, 0.011, 1, 0.593, 0.976, 0, 1.165, 1.143, 0.003
Node_ProtA34_SAR3X2_0, 3.462, 0.223, 0.097, 0.655, 0.999, 0.001, 3.462, 3.022, 0.015
Node_ProtA34_SM23X1_0, 0.059, 0.004, 0.016, 0.015, 0.056, 0.005, 0.059, 0.052, 0
Node_ProtA34_Spir10_0, 0.066, 0, 0.033, 0.019, 0.065, 0.002, 0.066, 0.066, 0
Node_ProtA34_UBA2X1_0, 4.148, 0.651, 0.029, 0.838, 1, 0, 4.148, 2.941, 0.064
Node_ProtA34_Wall1_0, 0.097, 0.004, 0.001, 0.037, 0.094, 0.094, 0.097, 0.09, 0
Node_ProtA34_mitoFungi_0, 0.227, 0, 0.942, 0.34, 0.215, 0, 0.227, 0.225, 0.004
Node_ProtA38_ProtA15_0, 0.003, 0, 0.01, 0.009, 0.003, 0, 0.003, 0, 0.008
Node_ProtA38_ProtA41_0, 0.001, 0, 0.006, 0.007, 0.001, 0, 0.001, 0, 0.005
Node_ProtA38_ProtA64_0, 0.002, 0, 0.006, 0.005, 0.002, 0, 0.002, 0.001, 0.005
Node_ProtA39_ProtA12_0, 0.004, 0, 0.004, 0.003, 0.004, 0, 0.004, 0, 0.007
Node_ProtA39_ProtA27_0, 0.002, 0, 0.005, 0.002, 0.002, 0, 0.002, 0, 0.002
Node_ProtA39_ProtA30_0, 0.001, 0.001, 0.006, 0.006, 0.001, 0, 0.001, 0, 0.004
Node_ProtA39_ProtA36_0, 0.002, 0, 0.004, 0.004, 0.002, 0, 0.002, 0.001, 0.002
Node_ProtA3_ProtA72_0, 0.002, 0, 0.005, 0.004, 0.002, 0, 0.002, 0.001, 0.004
Node_ProtA3_ProtA76_0, 0.003, 0.001, 0.008, 0.005, 0.003, 0, 0.003, 0, 0.007
Node_ProtA40_ProtA67_0, 0.001, 0, 0.006, 0.003, 0.001, 0, 0.001, 0, 0.004
Node_ProtA46_ProtA55_0, 0.001, 0, 0.006, 0.004, 0.001, 0, 0.001, 0, 0.001
Node_ProtA47_ProtA63_0, 0.002, 0, 0.009, 0.008, 0.002, 0, 0.002, 0, 0.009
Node_ProtA53_ProtA58_0, 0.003, 0, 0.005, 0.008, 0.003, 0, 0.003, 0.001, 0.006
Node_ProtA56_ProtA52_0, 0.002, 0, 0.004, 0.004, 0.002, 0, 0.002, 0, 0.004
Node_ProtA68_ProtA2_0, 0.002, 0, 0.004, 0.004, 0.002, 0, 0.002, 0, 0.002
Node_ProtA69_ProtA50_0, 0, 0, 0.004, 0.003, 0, 0, 0, 0, 0.002
Node_ProtA70_ProtA57_0, 0.002, 0, 0.003, 0.002, 0.002, 0, 0.002, 0.001, 0.003
Node_ProtA76_ProtA47_0, 0.002, 0, 0.004, 0.005, 0.002, 0, 0.002, 0, 0.005
Node_ProtA76_ProtA48_0, 0.001, 0, 0.006, 0.004, 0.001, 0, 0.001, 0, 0.004
Node_ProtA76_ProtA62_0, 0.001, 0, 0.007, 0.009, 0.001, 0, 0.001, 0, 0.006
Node_ProtA76_ProtA71_0, 0.001, 0.001, 0.005, 0.006, 0.001, 0, 0.001, 0, 0.004
Node_ProtA77_ProtA31_0, 0.003, 0, 0.008, 0.005, 0.003, 0, 0.003, 0.001, 0.005
Node_ProtA77_ProtA51_0, 0.003, 0, 0.006, 0.005, 0.003, 0, 0.003, 0, 0.006
Node_ProtA9_ProtA60_0, 0.005, 0, 0.051, 0.022, 0.005, 0, 0.005, 0.005, 0.002
Node_ProtG12_ProtG5_0, 0.002, 0, 0.007, 0.005, 0.002, 0, 0.002, 0.001, 0.005
Node_ProtG16_ProtG17_0, 1.166, 0.006, 0.186, 0.385, 0.966, 0, 1.166, 0.969, 0.196
Node_ProtG18_ProtG10_0, 0.002, 0, 0.006, 0.006, 0.002, 0, 0.002, 0.001, 0.002
Node_ProtG18_ProtG12_0, 0.004, 0, 0.006, 0.007, 0.004, 0, 0.004, 0, 0.008
Node_ProtG18_ProtG14_0, 0.006, 0, 0.014, 0.01, 0.006, 0, 0.006, 0.005, 0.005
Node_ProtG18_ProtG21_0, 0.004, 0, 0.006, 0.008, 0.004, 0, 0.004, 0.002, 0.006
Node_ProtG24_ProtG18_0, 0.015, 0, 0.587, 0.031, 0.015, 0, 0.015, 0.014, 0.005
Node_ProtG25_ProtG9_0, 1.001, 0.002, 0.285, 0.277, 0.833, 0, 1.001, 0.773, 0.226
Node_ProtG29_ProtG76_0, 0.003, 0, 0.006, 0.002, 0.003, 0, 0.003, 0.001, 0.003
Node_ProtG30_ProtG19_0, 0.003, 0, 0.01, 0.015, 0.003, 0, 0.003, 0.001, 0.008
Node_ProtG30_ProtG31_0, 1.477, 0.305, 0.01, 0.209, 0.999, 0, 1.477, 0.892, 0.072
Node_ProtG30_ProtG34_0, 1.249, 0.007, 0.244, 0.301, 0.982, 0, 1.249, 1.233, 0.009
Node_ProtG30_ProtG35_0, 1.124, 0.009, 0.151, 0.282, 0.961, 0, 1.124, 1.097, 0.017
Node_ProtG30_ProtG39_0, 0.005, 0, 0.008, 0.005, 0.005, 0, 0.005, 0.005, 0.004
Node_ProtG30_ProtG42_0, 1.086, 0.075, 0.04, 0.221, 0.995, 0, 1.086, 0.935, 0.01
Node_ProtG30_ProtG49_0, 0.069, 0, 0.317, 0.095, 0.069, 0, 0.069, 0.067, 0.004
Node_ProtG30_ProtG50_0, 1.11, 0.027, 0.018, 0.119, 0.994, 0, 1.11, 1.047, 0.015
Node_ProtG30_ProtG64_0, 0.009, 0, 0.018, 0.01, 0.009, 0, 0.009, 0.006, 0.003
Node_ProtG30_ProtG71_0, 1.011, 0, 1.021, 0.017, 1, 0, 1.011, 0.965, 0.048
Node_ProtG30_ProtG80_0, 1.014, 0.014, 0.012, 0.012, 1, 0, 1.014, 0.987, 0.001
Node_ProtG30_ProtG84_0, 0.382, 0.001, 0.752, 0.184, 0.328, 0, 0.382, 0.374, 0.009
Node_ProtG30_ProtG85_0, 1.041, 0.058, 0.035, 1.197, 1, 0, 1.041, 0.943, 0.004
Node_ProtG30_ProtG87_0, 0.024, 0, 0.05, 0.023, 0.024, 0, 0.024, 0.019, 0.005
Node_ProtG30_ProtZ3_0, 1.984, 0.018, 0.04, 0.034, 1, 0, 1.984, 1.945, 0.004
Node_ProtG30_ProtZ5_0, 2.002, 0.013, 0.166, 0.333, 1, 0, 2.002, 1.982, 0.004
Node_ProtG31_ProtG16_0, 1.15, 0.01, 0.019, 0.194, 0.962, 0, 1.15, 1.04, 0.097
Node_ProtG31_ProtG32_0, 2.02, 0.33, 0.035, 0.233, 1, 0, 2.02, 1.218, 0.248
Node_ProtG31_ProtG36_0, 1.343, 0.047, 0.573, 0.367, 0.991, 0, 1.343, 1.202, 0.051
Node_ProtG31_ProtG44_0, 0.662, 0.002, 0.648, 0.195, 0.596, 0, 0.662, 0.505, 0.158
Node_ProtG31_ProtG45_0, 1.818, 0.011, 0.288, 0.167, 0.996, 0, 1.818, 1.723, 0.075
Node_ProtG31_ProtG47_0, 1.062, 0.004, 0.198, 0.161, 0.946, 0, 1.062, 1.04, 0.019
Node_ProtG31_ProtG61_0, 1.237, 0.139, 0.287, 0.15, 0.998, 0, 1.237, 0.919, 0.042
Node_ProtG32_ProtG26_0, 1.378, 0.006, 0.749, 0.382, 0.999, 0, 1.378, 1.23, 0.143
Node_ProtG32_ProtG33_0, 3.099, 1.332, 0.276, 0.995, 1, 0, 3.099, 1.09, 0.023
Node_ProtG32_ProtG37_0, 2.623, 0.198, 0.707, 0.435, 1, 0, 2.623, 2.202, 0.033
Node_ProtG32_ProtG43_0, 1.978, 0.291, 1.027, 0.595, 0.996, 0, 1.978, 1.348, 0.091
Node_ProtG33_ProtG48_0, 1.937, 0.003, 0.766, 0.292, 0.997, 0, 1.937, 1.919, 0.015
Node_ProtG33_ProtG67_0, 2.685, 0.021, 0.463, 0.759, 0.999, 0, 2.685, 2.628, 0.028
Node_ProtG33_ProtG7_0, 1.021, 0.003, 1.019, 0.1, 1, 0, 1.021, 0.92, 0.1
Node_ProtG35_ProtG81_0, 1.128, 0.011, 0.054, 0.367, 0.98, 0, 1.128, 1.065, 0.047
Node_ProtG36_ProtG20_0, 0.758, 0, 0.059, 0.016, 0.621, 0, 0.758, 0.542, 0.217
Node_ProtG36_ProtG24_0, 0.597, 0, 0.179, 0.078, 0.503, 0, 0.597, 0.582, 0.016
Node_ProtG36_ProtG38_0, 0.76, 0.003, 0.672, 0.175, 0.587, 0, 0.76, 0.672, 0.086
Node_ProtG36_ProtG65_0, 0.6, 0, 0.043, 0.026, 0.499, 0, 0.6, 0.558, 0.046
Node_ProtG37_ProtG41_0, 1.415, 0.237, 0.034, 0.052, 1, 0, 1.415, 0.92, 0.025
Node_ProtG37_ProtG51_0, 1.277, 0.005, 0.158, 0.139, 1, 0, 1.277, 1.256, 0.015
Node_ProtG37_ProtG53_0, 1.933, 0.14, 0.858, 0.365, 1, 0, 1.933, 1.652, 0.028
Node_ProtG37_ProtG8_0, 1.187, 0.01, 0.772, 0.098, 1, 0, 1.187, 1.154, 0.016
Node_ProtG38_ProtG28_0, 0.684, 0, 0.396, 0.086, 0.547, 0, 0.684, 0.369, 0.32
Node_ProtG38_ProtG46_0, 1.172, 0.006, 0.226, 0.081, 0.933, 0, 1.172, 0.458, 0.708
Node_ProtG39_ProtG15_0, 0.001, 0, 0.006, 0.004, 0.001, 0, 0.001, 0, 0.002
Node_ProtG41_ProtG40_0, 1.255, 0.002, 0.309, 0.056, 0.956, 0, 1.255, 1.106, 0.147
Node_ProtG42_ProtG74_0, 0.166, 0, 0.942, 0.144, 0.153, 0, 0.166, 0.146, 0.022
Node_ProtG43_ProtG55_0, 1.473, 0, 0.597, 0.139, 0.942, 0, 1.473, 1.383, 0.092
Node_ProtG44_ProtG22_0, 0.417, 0, 0.532, 0.063, 0.385, 0, 0.417, 0.133, 0.287
Node_ProtG45_ProtG66_0, 1.764, 0.012, 0.463, 0.175, 0.992, 0, 1.764, 1.356, 0.397
Node_ProtG45_ProtG75_0, 1.763, 0.002, 0.027, 0.32, 0.993, 0, 1.763, 1.737, 0.024
Node_ProtG47_ProtG62_0, 0.089, 0, 0.981, 0.231, 0.087, 0, 0.089, 0.084, 0.008
Node_ProtG48_ProtG1_0, 0.959, 0, 1.019, 0.108, 0.866, 0, 0.959, 0.92, 0.041
Node_ProtG48_ProtG25_0, 1.058, 0, 0.038, 0.045, 0.889, 0, 1.058, 0.924, 0.137
Node_ProtG48_ProtG6_0, 1.132, 0, 0.129, 0.083, 0.909, 0, 1.132, 0.932, 0.203
Node_ProtG49_ProtG29_0, 0.006, 0, 0.067, 0.036, 0.006, 0, 0.006, 0.005, 0.004
Node_ProtG53_ProtG27_0, 1.841, 0.002, 0.196, 0.145, 0.991, 0, 1.841, 1.742, 0.102
Node_ProtG53_ProtG70_0, 1.24, 0.001, 0.741, 0.143, 0.96, 0, 1.24, 1.102, 0.139
Node_ProtG58_ProtG59_0, 1.013, 0.005, 0.883, 0.078, 1, 0, 1.013, 0.916, 0.091
Node_ProtG59_ProtG73_0, 1.004, 0.001, 0.017, 0.015, 1, 0, 1.004, 1, 0.007
Node_ProtG61_ProtG60_0, 1.006, 0.001, 0.026, 0.095, 1, 0, 1.006, 0.913, 0.095
Node_ProtG61_ProtG72_0, 1.13, 0.007, 0.13, 0.101, 1, 0, 1.13, 1.106, 0.016
Node_ProtG61_ProtG78_0, 0.936, 0, 0.216, 0.123, 0.921, 0, 0.936, 0.916, 0.022
Node_ProtG62_ProtG77_0, 1.02, 0.002, 0.071, 0.066, 1, 0, 1.02, 0.019, 1
Node_ProtG65_ProtG69_0, 0.202, 0, 0.545, 0.032, 0.202, 0, 0.202, 0.058, 0.147
Node_ProtG66_ProtG68_0, 1.007, 0.001, 0.835, 0.053, 1, 0, 1.007, 0.928, 0.077
Node_ProtG67_ProtG63_0, 1.751, 0.017, 0.974, 1.228, 0.98, 0, 1.751, 1.708, 0.023
Node_ProtG80_ProtG57_0, 1.005, 0.002, 0.019, 0.018, 1, 0, 1.005, 1.001, 0.008
Node_ProtG81_ProtG79_0, 1.198, 0.002, 0.027, 0.106, 0.977, 0, 1.198, 1.103, 0.095
Node_ProtG83_ProtG52_0, 1.133, 0, 0.007, 0.039, 0.905, 0, 1.133, 0.921, 0.215
Node_ProtG83_ProtG89_0, 0.925, 0, 0.015, 0.013, 0.849, 0, 0.925, 0.896, 0.03
Node_ProtG84_ProtG11_0, 0.868, 0, 0.072, 0.018, 0.868, 0, 0.868, 0.842, 0.03
Node_ProtG84_ProtG83_0, 0.91, 0.006, 0.016, 0.067, 0.845, 0, 0.91, 0.384, 0.519
Node_ProtG84_ProtG90_0, 0.401, 0.002, 0.095, 0.072, 0.349, 0, 0.401, 0.292, 0.112
Node_ProtG85_ProtG56_0, 1.012, 0.005, 0.87, 0.008, 1, 0, 1.012, 0.939, 0.066
Node_ProtG85_ProtG58_0, 1.8, 0.787, 0.033, 0.194, 1, 0, 1.8, 0.233, 0.005
Node_ProtG85_ProtG86_0, 1.004, 0.002, 0.016, 0.006, 1, 0, 1.004, 0.997, 0.006
Node_ProtG85_ProtG88_0, 1.811, 0.001, 0.022, 0.02, 1, 0, 1.811, 1.783, 0.032
Node_ProtG85_ProtG91_0, 1.006, 0.003, 0.009, 0.009, 1, 0, 1.006, 0.997, 0.008
Node_ProtG86_ProtG82_0, 1.002, 0.005, 0.012, 0.322, 1, 0, 1.002, 0.994, 0.005
Node_ProtG87_ProtG3_0, 0.004, 0, 0.013, 0.014, 0.004, 0, 0.004, 0.003, 0.006
Node_ProtG87_ProtG4_0, 0.011, 0, 0.019, 0.011, 0.011, 0, 0.011, 0.007, 0.006
Node_ProtG89_ProtG13_0, 0.012, 0, 0.919, 0.013, 0.012, 0, 0.012, 0.009, 0.006
Node_ProtG90_ProtG54_0, 0.022, 0, 0.383, 0.06, 0.022, 0, 0.022, 0.021, 0.004
Node_ProtM1_ProtM2_0, 1.106, 0.002, 0.012, 0.011, 1, 0, 1.106, 1.09, 0.015
Node_ProtM1_ProtM3_0, 1.101, 0.089, 0.188, 0.363, 0.995, 0, 1.101, 0.899, 0.035
Node_ProtZ1_ProtZ4_0, 1.003, 0.002, 0.126, 0.023, 1, 0, 1.003, 0.988, 0.013
Node_ProtZ3_ProtZ1_0, 1.114, 0, 0.017, 0.009, 1, 0, 1.114, 1.109, 0.011
Node_ProtZ3_ProtZ2_0, 1.12, 0.092, 0.982, 0.038, 1, 0, 1.12, 0.926, 0.026
Node_SAR3X2_BMS3X1_0, 0.38, 0.007, 3.092, 0.835, 0.333, 0, 0.38, 0.375, 0.003
Node_SAR3X2_SAR3X1_0, 0.105, 0.002, 0.282, 0.265, 0.102, 0, 0.105, 0.101, 0.005
Node_SM23X1_AABM5X1_0, 0.031, 0, 0.114, 0.034, 0.03, 0, 0.031, 0.021, 0.012
Node_SM23X1_Aero1_0, 0.024, 0, 0.036, 0.02, 0.024, 0, 0.024, 0.024, 0.001
Node_SM23X1_Bact27_0, 0.133, 0, 0.002, 0.025, 0.13, 0, 0.133, 0.092, 0.041
Node_SM23X1_Caldit2_0, 0.045, 0.002, 0.015, 0.031, 0.045, 0, 0.045, 0.019, 0.027
Node_SM23X1_Fibr4_0, 0.094, 0.001, 0.017, 0.021, 0.092, 0, 0.094, 0.084, 0.01
Node_SM23X1_Hydr2_0, 0.017, 0, 0.009, 0.01, 0.017, 0, 0.017, 0.015, 0.002
Node_SM23X1_KSB1X2_0, 0.13, 0.002, 0.011, 0.067, 0.13, 0, 0.13, 0.04, 0.094
Node_SM23X1_KSB1X3_0, 0.362, 0.001, 0.004, 0.117, 0.337, 0, 0.362, 0.129, 0.235
Node_SM23X1_P4572X1_0, 0.116, 0.006, 0.005, 0.013, 0.109, 0, 0.116, 0.028, 0.082
Node_SM23X1_Pori1_0, 0.024, 0, 0.003, 0.02, 0.024, 0, 0.024, 0.014, 0.01
Node_SM23X1_RBG1_0, 0.02, 0, 0.01, 0.01, 0.02, 0, 0.02, 0.015, 0.006
Node_SM23X1_TA06X1_0, 0.033, 0, 0.007, 0.006, 0.033, 0, 0.033, 0.013, 0.02
Node_SM23X1_Zixi5_0, 0.1, 0, 0.024, 0.027, 0.095, 0, 0.1, 0.093, 0.008
Node_Spir10_Lind1_0, 0.031, 0, 0.035, 0.029, 0.031, 0, 0.031, 0.031, 0
Node_Spir10_Spir11_0, 0.036, 0, 0.009, 0.005, 0.036, 0, 0.036, 0.006, 0.03
Node_Spir10_Spir12_0, 0.167, 0.001, 0.002, 0.023, 0.167, 0, 0.167, 0.035, 0.132
Node_Spir10_Spir13_0, 0.306, 0, 0.008, 0.082, 0.305, 0, 0.306, 0.068, 0.24
Node_Spir10_Spir15_0, 0.015, 0, 0.026, 0.016, 0.014, 0, 0.015, 0.005, 0.01
Node_Spir10_Spir3_0, 0.032, 0, 0.281, 0.085, 0.031, 0, 0.032, 0.031, 0.007
Node_Spir10_Spir8_0, 0.074, 0, 0.164, 0.038, 0.073, 0, 0.074, 0.004, 0.071
Node_Spir13_Spir2_0, 1.001, 0.004, 0.004, 0.406, 0.999, 0, 1.001, 0.305, 0.695
Node_Spir15_Spir4_0, 0.123, 0, 0.01, 0.032, 0.123, 0, 0.123, 0.005, 0.118
Node_Spir15_Spir9_0, 0.016, 0, 0.109, 0.035, 0.016, 0, 0.016, 0.016, 0.002
Node_Sume1_OLB1X1_0, 0.008, 0, 0.04, 0.023, 0.008, 0, 0.008, 0.008, 0
Node_Sume1_UBP4X1_0, 0.002, 0, 0.01, 0.011, 0.002, 0, 0.002, 0.001, 0.004
Node_Syne1_Calda2_0, 0.033, 0, 0.062, 0.035, 0.033, 0, 0.033, 0.031, 0.002
Node_Syne1_Cyan40_0, 0.403, 0.007, 0.002, 0.113, 0.394, 0.226, 0.403, 0.39, 0
Node_Syne1_Dein5_0, 0.093, 0, 0.31, 0.115, 0.093, 0, 0.093, 0.093, 0
Node_Syne1_Syne2_0, 0.003, 0.001, 0.007, 0.006, 0.003, 0, 0.003, 0.001, 0.006
Node_Syne1_Syne4_0, 0.005, 0, 0.012, 0.01, 0.005, 0, 0.005, 0.002, 0.005
Node_Syne1_Syne6_0, 0.001, 0, 0.009, 0.006, 0.001, 0, 0.001, 0, 0.005
Node_Syne1_Syne7_0, 0.003, 0, 0.002, 0.004, 0.003, 0, 0.003, 0.001, 0.004
Node_Syne1_Syne9_0, 0.012, 0, 0.026, 0.02, 0.012, 0, 0.012, 0.01, 0.005
Node_Syne2_Syne8_0, 0.001, 0, 0.003, 0.002, 0.001, 0, 0.001, 0.001, 0.001
Node_Syne4_Syne5_0, 0.004, 0, 0.007, 0.005, 0.004, 0, 0.004, 0.002, 0.006
Node_Syne7_Syne10_0, 0.002, 0, 0.004, 0.003, 0.002, 0, 0.002, 0.001, 0.003
Node_Syne8_Syne3_0, 0.001, 0, 0.003, 0.004, 0.001, 0, 0.001, 0, 0.003
Node_TA06X1_Cloa1_0, 0.007, 0, 0.028, 0.009, 0.007, 0, 0.007, 0.006, 0.002
Node_TA06X1_Edwa1_0, 0.011, 0, 0.003, 0.003, 0.011, 0, 0.011, 0.004, 0.007
Node_TA06X1_WOR1_0, 0.022, 0, 0.003, 0.017, 0.022, 0, 0.022, 0.009, 0.014
Node_Therd1_Dict1_0, 0.074, 0.002, 0.712, 0.268, 0.074, 0, 0.074, 0.073, 0
Node_Therg2_Therg4_0, 0.001, 0, 0.008, 0.01, 0.001, 0, 0.001, 0.001, 0.006
Node_Therg3_Therg5_0, 0.002, 0, 0.006, 0.006, 0.002, 0, 0.002, 0.001, 0.006
Node_Therg8_Therg2_0, 0.003, 0, 0.018, 0.014, 0.003, 0, 0.003, 0, 0.012
Node_Therg8_Therg3_0, 0.002, 0.001, 0.005, 0.007, 0.002, 0, 0.002, 0.001, 0.003
Node_Therg8_Therg6_0, 0.003, 0, 0.002, 0.001, 0.003, 0, 0.003, 0.001, 0.003
Node_Thers1_Desua45_0, 0.009, 0.001, 0.027, 0.008, 0.009, 0, 0.009, 0.002, 0.006
Node_UBA1X2_UBA1X3_0, 0.187, 0.001, 1.005, 0.076, 0.184, 0, 0.187, 0.176, 0.013
Node_UBA1X2_UBA1X5_0, 0.223, 0.002, 0.013, 0.059, 0.221, 0, 0.223, 0.178, 0.047
Node_UBA1X5_UBA1X4_0, 0.393, 0.003, 0.007, 0.055, 0.391, 0, 0.393, 0.219, 0.174
Node_UBA1X6_UBA1X1_0, 1.027, 0.002, 0.199, 0.099, 1, 0, 1.027, 0.988, 0.046
Node_UBA1X6_UBA1X2_0, 1.178, 0, 0.065, 0.081, 0.976, 0, 1.178, 1.165, 0.015
Node_UBA2X1_DesuD2_0, 1.992, 0.011, 1.55, 0.868, 0.993, 0, 1.992, 1.959, 0.02
Node_UBA2X1_Desua22_0, 3.511, 0.034, 0.789, 0.696, 1, 0, 3.511, 3.335, 0.118
Node_UBA2X1_Desua28_0, 0.915, 0.014, 1.123, 0.783, 0.797, 0, 0.915, 0.865, 0.032
Node_UBA2X1_SZUA2_0, 0.122, 0, 0.797, 0.311, 0.12, 0, 0.122, 0.12, 0.004
Node_UBA6X1_Desa1_0, 0.006, 0, 0.004, 0.001, 0.006, 0, 0.006, 0.002, 0.004
Node_UBA6X1_Elus1_0, 0.004, 0, 0.004, 0.002, 0.004, 0, 0.004, 0.002, 0.002
Node_UBA6X1_Gold1_0, 0.006, 0, 0.008, 0.007, 0.006, 0, 0.006, 0.003, 0.003
Node_UBA9X1_UBA9X3_0, 0.053, 0, 0.002, 0.001, 0.053, 0, 0.053, 0.008, 0.046
Node_UBA9X3_UBA9X2_0, 0.209, 0, 0, 0, 0.208, 0, 0.209, 0.053, 0.156
Node_Verr11_Aure2_0, 0, 0, 0.001, 0, 0, 0, 0, 0, 0
Node_Verr11_Aure3_0, 0.001, 0, 0.014, 0.007, 0.001, 0, 0.001, 0.001, 0.001
Node_Verr11_Omni4_0, 0.014, 0, 0.002, 0, 0.014, 0, 0.014, 0.006, 0.008
Node_Verr11_Verr12_0, 0.252, 0, 0.006, 0.055, 0.252, 0, 0.252, 0.049, 0.206
Node_Verr11_Verr14_0, 0.052, 0, 0.002, 0.009, 0.052, 0, 0.052, 0.008, 0.046
Node_Verr11_Verr7_0, 0.004, 0, 0.002, 0.001, 0.004, 0, 0.004, 0.002, 0.003
Node_Verr11_Verr8_0, 0.003, 0, 0.003, 0.005, 0.003, 0, 0.003, 0, 0.006
Node_Verr11_Verr9_0, 0.008, 0, 0.003, 0.003, 0.008, 0, 0.008, 0.003, 0.007
Node_Verr3_Verr10_0, 0.001, 0, 0.006, 0.008, 0.001, 0, 0.001, 0, 0.005
Node_Verr5_Verr6_0, 0, 0, 0.008, 0.007, 0, 0, 0, 0, 0.006
Node_Verr7_Verr13_0, 0.004, 0, 0.001, 0.001, 0.004, 0, 0.004, 0, 0.005
Node_Verr7_Verr2_0, 0, 0, 0.008, 0.005, 0, 0, 0, 0, 0.004
Node_Verr7_Verr4_0, 0, 0, 0.007, 0.004, 0, 0, 0, 0, 0.003
Node_Verr8_Verr3_0, 0.002, 0, 0.004, 0.004, 0.002, 0, 0.002, 0, 0.004
Node_Verr8_Verr5_0, 0.002, 0, 0.003, 0.002, 0.002, 0, 0.002, 0.001, 0.002
Node_WOR1_WOR2_0, 0.056, 0.001, 0.004, 0.025, 0.056, 0, 0.056, 0.021, 0.037
Node_WOR1_WOR3_0, 0.002, 0, 0.012, 0.007, 0.002, 0, 0.002, 0.002, 0.002
Node_WOR1_WOR6_0, 0.012, 0, 0.047, 0.027, 0.012, 0, 0.012, 0.011, 0.003
Node_WOR2_WOR4_0, 0.126, 0.001, 0.001, 0.062, 0.126, 0, 0.126, 0.056, 0.07
Node_WOR6_WOR7_0, 0.004, 0, 0.011, 0.008, 0.004, 0, 0.004, 0.003, 0.003
Node_Wall1_Fuso2_0, 0.016, 0, 0.156, 0.048, 0.016, 0, 0.016, 0.016, 0
Node_Wall1_Muir1_0, 0.001, 0, 0.005, 0.003, 0.001, 0, 0.001, 0.001, 0.001
Node_Wall1_Rifl1_0, 0.005, 0, 0.013, 0.012, 0.005, 0, 0.005, 0.005, 0.002
Node_Wall1_Syne1_0, 0.172, 0.002, 0.004, 0.039, 0.168, 0.077, 0.172, 0.168, 0
Node_Zixi2_Zixi1_0, 0.001, 0, 0.006, 0.007, 0.001, 0, 0.001, 0, 0.005
Node_Zixi4_Zixi2_0, 0.002, 0, 0.001, 0.003, 0.002, 0, 0.002, 0, 0.003
Node_Zixi4_Zixi3_0, 0, 0, 0.003, 0.003, 0, 0, 0, 0, 0.001
Node_Zixi5_Late2_0, 0.049, 0, 0.081, 0.019, 0.049, 0, 0.049, 0.02, 0.03
Node_Zixi5_TA06A1_0, 0.003, 0, 0.005, 0.005, 0.003, 0, 0.003, 0.003, 0.002
Node_Zixi5_UBP14X1_0, 0.006, 0, 0.045, 0.012, 0.006, 0, 0.006, 0.005, 0.002
Node_Zixi5_Zixi4_0, 0, 0, 0.005, 0.004, 0, 0, 0, 0, 0.002
Node_chloroArabidopsis_chloroBryophyte_0, 0.004, 0, 0.006, 0.011, 0.004, 0, 0.004, 0.001, 0.008
Node_chloroArabidopsis_chloroChlorophyta_0, 0.002, 0, 0.006, 0.004, 0.002, 0, 0.002, 0.001, 0.004
Node_chloroArabidopsis_chloroLycophyte_0, 0.001, 0, 0.007, 0.008, 0.001, 0, 0.001, 0.001, 0.004
Node_chloroArabidopsis_chloroRedAlgae_0, 0.004, 0, 0.002, 0.002, 0.004, 0, 0.004, 0.001, 0.005
Node_mitoAnnelida_mitoChelicerate_0, 0.004, 0, 0.006, 0.004, 0.004, 0, 0.004, 0.002, 0.003
Node_mitoAnnelida_mitoMollusc_0, 0.002, 0, 0.006, 0.008, 0.002, 0, 0.002, 0, 0.007
Node_mitoAnnelida_mitoPriapulid_0, 0.001, 0, 0.005, 0.005, 0.001, 0, 0.001, 0, 0.002
Node_mitoArabidopsis_mitoLycophyte_0, 0, 0, 0.003, 0.004, 0, 0, 0, 0, 0.003
Node_mitoBryophyte_mitoArabidopsis_0, 0, 0, 0.005, 0.004, 0, 0, 0, 0, 0.004
Node_mitoBryophyte_mitoChlorophyta_0, 0.001, 0, 0.005, 0.005, 0.001, 0, 0.001, 0, 0.005
Node_mitoBryophyte_mitoExcavata_0, 0.009, 0, 0.034, 0.017, 0.009, 0, 0.009, 0.007, 0.004
Node_mitoBryophyte_mitoParamecium_0, 0.004, 0, 0.008, 0.006, 0.004, 0, 0.004, 0.004, 0.003
Node_mitoBryophyte_mitoRedAlgae_0, 0.001, 0, 0.007, 0.005, 0.001, 0, 0.001, 0, 0.004
Node_mitoChelicerate_mitoInsect_0, 0.002, 0, 0.008, 0.005, 0.002, 0, 0.002, 0, 0.006
Node_mitoFungi_mitoAnnelida_0, 0.007, 0, 0.034, 0.012, 0.007, 0, 0.007, 0.006, 0.002
Node_mitoFungi_mitoBryophyte_0, 0.039, 0, 0.191, 0.076, 0.039, 0, 0.039, 0.039, 0.003
OLB1X1, 0, 0, 0.017, 0.015, 0, 0, 0, 0, 0.009
Omni2, 0, 0, 0.01, 0.011, 0, 0, 0, 0, 0.006
Omni3, 0, 0, 0.015, 0.014, 0, 0, 0, 0, 0.012
Omni4, 0, 0, 0.005, 0.005, 0, 0, 0, 0, 0.001
Omni6, 0, 0, 0.19, 0.01, 0, 0, 0, 0, 0.003
Omni7, 0, 0, 0.006, 0.006, 0, 0, 0, 0, 0.006
Omni8, 1, 0, 0.006, 0.023, 1, 0, 1, 0.187, 0.819
P4572X1, 0, 0, 0.069, 0.026, 0, 0, 0, 0, 0.01
Pate1, 0, 0, 0.013, 0.013, 0, 0, 0, 0, 0.011
Pate10, 0, 0, 0.008, 0.008, 0, 0, 0, 0, 0.007
Pate11, 0, 0, 0.017, 0.016, 0, 0, 0, 0, 0.016
Pate12, 0, 0, 0.01, 0.009, 0, 0, 0, 0, 0.007
Pate13, 0, 0, 0.006, 0.006, 0, 0, 0, 0, 0.006
Pate14, 0, 0, 0.267, 0.003, 0, 0, 0, 0, 0.001
Pate15, 0, 0, 0.006, 0.006, 0, 0, 0, 0, 0.005
Pate17, 0, 0, 0.007, 0.008, 0, 0, 0, 0, 0.006
Pate18, 0, 0, 0.011, 0.008, 0, 0, 0, 0, 0.006
Pate19, 0, 0, 0.011, 0.012, 0, 0, 0, 0, 0.009
Pate21, 0, 0, 0.014, 0.013, 0, 0, 0, 0, 0.012
Pate22, 0, 0, 0.018, 0.02, 0, 0, 0, 0, 0.015
Pate23, 0, 0, 0.089, 0.073, 0, 0, 0, 0, 0.033
Pate24, 0, 0, 0.008, 0.008, 0, 0, 0, 0, 0.004
Pate25, 0, 0, 0.018, 0.022, 0, 0, 0, 0, 0.014
Pate26, 0, 0, 0.004, 0.004, 0, 0, 0, 0, 0.001
Pate27, 0, 0, 0.007, 0.005, 0, 0, 0, 0, 0.002
Pate28, 0, 0, 0.009, 0.01, 0, 0, 0, 0, 0.005
Pate29, 0, 0, 0.006, 0.006, 0, 0, 0, 0, 0.005
Pate3, 0, 0, 0.014, 0.017, 0, 0, 0, 0, 0.013
Pate30, 0, 0, 0.037, 0.02, 0, 0, 0, 0, 0.017
Pate31, 0, 0, 0.004, 0.004, 0, 0, 0, 0, 0.004
Pate32, 0, 0, 0.027, 0.03, 0, 0, 0, 0, 0.019
Pate33, 0, 0, 0.003, 0.003, 0, 0, 0, 0, 0.002
Pate34, 0, 0, 0.008, 0.008, 0, 0, 0, 0, 0.008
Pate35, 1, 0, 0.006, 0.007, 1, 0, 1, 0.264, 0.74
Pate36, 0, 0, 0.009, 0.009, 0, 0, 0, 0, 0.006
Pate37, 0, 0, 0.009, 0.011, 0, 0, 0, 0, 0.007
Pate38, 0, 0, 0.011, 0.012, 0, 0, 0, 0, 0.006
Pate39, 0, 0, 0.007, 0.007, 0, 0, 0, 0, 0.003
Pate4, 0, 0, 0.016, 0.016, 0, 0, 0, 0, 0.015
Pate40, 0, 0, 0.009, 0.008, 0, 0, 0, 0, 0.005
Pate41, 0, 0, 0.008, 0.009, 0, 0, 0, 0, 0.007
Pate43, 0, 0, 0.012, 0.01, 0, 0, 0, 0, 0.007
Pate44, 0, 0, 0.008, 0.009, 0, 0, 0, 0, 0.007
Pate45, 0, 0, 0.014, 0.018, 0, 0, 0, 0, 0.013
Pate46, 0, 0, 0.03, 0.022, 0, 0, 0, 0, 0.015
Pate48, 0, 0, 0.005, 0.005, 0, 0, 0, 0, 0.005
Pate49, 0, 0, 0.004, 0.004, 0, 0, 0, 0, 0.003
Pate5, 0, 0, 0.067, 0.004, 0, 0, 0, 0, 0.001
Pate50, 0, 0, 0.011, 0.01, 0, 0, 0, 0, 0.009
Pate51, 0, 0, 0.008, 0.007, 0, 0, 0, 0, 0.003
Pate52, 0, 0, 0.004, 0.003, 0, 0, 0, 0, 0.002
Pate53, 0, 0, 0.007, 0.006, 0, 0, 0, 0, 0.004
Pate54, 0, 0, 0.004, 0.005, 0, 0, 0, 0, 0.004
Pate55, 0, 0, 0.008, 0.005, 0, 0, 0, 0, 0.004
Pate56, 1, 0.006, 0.012, 0.305, 1, 0, 1, 0.032, 0.974
Pate57, 0, 0, 0.012, 0.01, 0, 0, 0, 0, 0.007
Pate6, 0, 0, 0.008, 0.01, 0, 0, 0, 0, 0.007
Pate7, 0, 0, 0.03, 0.028, 0, 0, 0, 0, 0.019
Pate8, 0, 0, 0.01, 0.012, 0, 0, 0, 0, 0.009
Pate9, 0, 0, 0.008, 0.008, 0, 0, 0, 0, 0.005
Plan12, 0, 0, 1.011, 0.006, 0, 0, 0, 0, 0.003
Plan14, 1, 0.001, 1.001, 0.03, 1, 0, 1, 0.183, 0.817
Plan16, 0, 0, 0.078, 0.025, 0, 0, 0, 0, 0.005
Plan17, 0, 0, 0.007, 0.009, 0, 0, 0, 0, 0.005
Plan18, 0, 0, 0.014, 0.013, 0, 0, 0, 0, 0.013
Plan2, 1, 0.008, 0.015, 0.478, 1, 0, 1, 0.314, 0.69
Plan21, 0, 0, 0.013, 0.013, 0, 0, 0, 0, 0.013
Plan22, 0, 0, 0.323, 0.085, 0, 0, 0, 0, 0.006
Plan23, 0, 0, 0.004, 0.002, 0, 0, 0, 0, 0.002
Plan26, 0, 0, 0.008, 0.007, 0, 0, 0, 0, 0.004
Plan27, 0, 0, 0.014, 0.016, 0, 0, 0, 0, 0.013
Plan3, 1, 0, 0.027, 0.022, 1, 0, 1, 0.999, 0.007
Plan30, 1, 0, 0.186, 0.012, 1, 0, 1, 0.998, 0.003
Plan31, 0, 0, 0.004, 0.003, 0, 0, 0, 0, 0.002
Plan32, 1, 0, 0.012, 0.012, 1, 0, 1, 0.999, 0.004
Plan33, 0, 0, 0.001, 0, 0, 0, 0, 0, 0
Plan39, 0, 0, 0.01, 0.009, 0, 0, 0, 0, 0.008
Plan4, 0, 0, 0.093, 0.019, 0, 0, 0, 0, 0.004
Plan40, 0, 0, 0.031, 0.023, 0, 0, 0, 0, 0.002
Plan42, 0, 0, 0.031, 0.01, 0, 0, 0, 0, 0.002
Plan43, 1, 0.005, 0.016, 0.269, 1, 0, 1, 0.29, 0.715
Plan44, 0, 0, 0.004, 0.005, 0, 0, 0, 0, 0.003
Plan5, 0, 0, 0.009, 0.009, 0, 0, 0, 0, 0.005
Plan7, 0, 0, 0.013, 0.013, 0, 0, 0, 0, 0.009
Pori1, 1, 0, 0.016, 0.012, 1, 0, 1, 0.998, 0.007
Pori2, 1, 0, 0.013, 0.008, 1, 0, 1, 0.998, 0.004
ProtA10, 0, 0, 0.006, 0.006, 0, 0, 0, 0, 0.004
ProtA11, 0, 0, 0.007, 0.005, 0, 0, 0, 0, 0.005
ProtA12, 0, 0, 0.007, 0.007, 0, 0, 0, 0, 0.006
ProtA13, 0, 0, 0.007, 0.007, 0, 0, 0, 0, 0.006
ProtA14, 0, 0, 0.011, 0.01, 0, 0, 0, 0, 0.006
ProtA15, 0, 0, 0.004, 0.005, 0, 0, 0, 0, 0.004
ProtA16, 0, 0, 0.001, 0.002, 0, 0, 0, 0, 0.001
ProtA18, 0, 0, 0.006, 0.005, 0, 0, 0, 0, 0.004
ProtA19, 0, 0, 0.012, 0.011, 0, 0, 0, 0, 0.005
ProtA2, 0, 0, 0.012, 0.012, 0, 0, 0, 0, 0.01
ProtA20, 0, 0, 0.005, 0.004, 0, 0, 0, 0, 0.002
ProtA21, 0, 0, 0.005, 0.007, 0, 0, 0, 0, 0.003
ProtA24, 0, 0, 0.011, 0.009, 0, 0, 0, 0, 0.007
ProtA26, 0, 0, 0.005, 0.005, 0, 0, 0, 0, 0.005
ProtA27, 0, 0, 0.003, 0.002, 0, 0, 0, 0, 0.001
ProtA29, 0, 0, 0.002, 0.001, 0, 0, 0, 0, 0
ProtA3, 0, 0, 0.011, 0.012, 0, 0, 0, 0, 0.009
ProtA30, 0, 0, 0.003, 0.001, 0, 0, 0, 0, 0.001
ProtA31, 0, 0, 0.003, 0.002, 0, 0, 0, 0, 0
ProtA32, 0, 0, 0.005, 0.005, 0, 0, 0, 0, 0.003
ProtA33, 0, 0, 0.004, 0.005, 0, 0, 0, 0, 0.002
ProtA34, 0, 0, 0.005, 0.005, 0, 0, 0, 0, 0.002
ProtA35, 0, 0, 0.005, 0.005, 0, 0, 0, 0, 0.003
ProtA36, 0, 0, 0.006, 0.006, 0, 0, 0, 0, 0.004
ProtA37, 0, 0, 0.006, 0.006, 0, 0, 0, 0, 0.006
ProtA38, 0, 0, 0.009, 0.009, 0, 0, 0, 0, 0.008
ProtA39, 0, 0, 0.008, 0.009, 0, 0, 0, 0, 0.006
ProtA40, 0, 0, 0.002, 0.002, 0, 0, 0, 0, 0.001
ProtA41, 0, 0, 0.003, 0.002, 0, 0, 0, 0, 0.002
ProtA42, 0, 0, 0.003, 0.003, 0, 0, 0, 0, 0.003
ProtA43, 0, 0, 0.005, 0.004, 0, 0, 0, 0, 0.002
ProtA44, 0, 0, 0.008, 0.009, 0, 0, 0, 0, 0.006
ProtA45, 0, 0, 0.011, 0.01, 0, 0, 0, 0, 0.008
ProtA46, 0, 0, 0.006, 0.008, 0, 0, 0, 0, 0.005
ProtA47, 0, 0, 0.004, 0.003, 0, 0, 0, 0, 0.002
ProtA48, 0, 0, 0.005, 0.005, 0, 0, 0, 0, 0.004
ProtA49, 0, 0, 0.014, 0.013, 0, 0, 0, 0, 0.007
ProtA5, 0, 0, 0.007, 0.006, 0, 0, 0, 0, 0.004
ProtA50, 0, 0, 0.005, 0.006, 0, 0, 0, 0, 0.005
ProtA51, 0, 0, 0.009, 0.012, 0, 0, 0, 0, 0.006
ProtA52, 0, 0, 0.005, 0.006, 0, 0, 0, 0, 0.003
ProtA53, 0, 0, 0.004, 0.002, 0, 0, 0, 0, 0.001
ProtA54, 0, 0, 0.005, 0.004, 0, 0, 0, 0, 0.004
ProtA55, 0, 0, 0.005, 0.004, 0, 0, 0, 0, 0.004
ProtA56, 0, 0, 0.005, 0.006, 0, 0, 0, 0, 0.003
ProtA57, 0, 0, 0.005, 0.005, 0, 0, 0, 0, 0.003
ProtA58, 0, 0, 0.008, 0.007, 0, 0, 0, 0, 0.005
ProtA60, 0, 0, 0.006, 0.004, 0, 0, 0, 0, 0.001
ProtA61, 0, 0, 0.002, 0.001, 0, 0, 0, 0, 0.001
ProtA62, 0, 0, 0.003, 0.004, 0, 0, 0, 0, 0.002
ProtA63, 0, 0, 0.006, 0.006, 0, 0, 0, 0, 0.004
ProtA64, 0, 0, 0.006, 0.007, 0, 0, 0, 0, 0.004
ProtA66, 0, 0, 0.005, 0.005, 0, 0, 0, 0, 0.005
ProtA67, 0, 0, 0.005, 0.004, 0, 0, 0, 0, 0.004
ProtA68, 0, 0, 0.004, 0.005, 0, 0, 0, 0, 0.002
ProtA69, 0, 0, 0.002, 0.002, 0, 0, 0, 0, 0.002
ProtA7, 0, 0, 0.013, 0.011, 0, 0, 0, 0, 0.01
ProtA70, 0, 0, 0.004, 0.004, 0, 0, 0, 0, 0.002
ProtA71, 0, 0, 0.005, 0.006, 0, 0, 0, 0, 0.004
ProtA72, 0, 0, 0.005, 0.004, 0, 0, 0, 0, 0.003
ProtA74, 0, 0, 0.005, 0.006, 0, 0, 0, 0, 0.003
ProtA75, 0, 0, 0.003, 0.002, 0, 0, 0, 0, 0.002
ProtA76, 0, 0, 0.006, 0.005, 0, 0, 0, 0, 0.005
ProtA77, 0, 0, 0.006, 0.004, 0, 0, 0, 0, 0.003
ProtA8, 0, 0, 0.005, 0.006, 0, 0, 0, 0, 0.003
ProtA9, 0, 0, 0.012, 0.009, 0, 0, 0, 0, 0.007
ProtG1, 0, 0, 0.962, 0.027, 0, 0, 0, 0, 0.003
ProtG10, 0, 0, 0.007, 0.009, 0, 0, 0, 0, 0.005
ProtG11, 0, 0, 0.872, 0.015, 0, 0, 0, 0, 0.004
ProtG12, 0, 0, 0.006, 0.005, 0, 0, 0, 0, 0.004
ProtG13, 0, 0, 0.015, 0.013, 0, 0, 0, 0, 0.003
ProtG14, 0, 0, 0.008, 0.006, 0, 0, 0, 0, 0.002
ProtG15, 0, 0, 0.005, 0.006, 0, 0, 0, 0, 0.004
ProtG16, 1, 0.007, 0.221, 0.38, 1, 0, 1, 0.951, 0.048
ProtG17, 1, 0, 0.95, 0.326, 1, 0, 1, 0.22, 0.784
ProtG18, 0, 0, 0.01, 0.011, 0, 0, 0, 0, 0.006
ProtG19, 0, 0, 0.007, 0.007, 0, 0, 0, 0, 0.004
ProtG20, 1, 0, 0.398, 0.071, 1, 0, 1, 0.362, 0.64
ProtG21, 0, 0, 0.011, 0.01, 0, 0, 0, 0, 0.007
ProtG22, 1, 0.002, 0.197, 0.165, 1, 0, 1, 0.223, 0.778
ProtG24, 0, 0, 0.02, 0.011, 0, 0, 0, 0, 0.005
ProtG25, 1, 0, 0.798, 0.247, 1, 0, 1, 0.205, 0.797
ProtG26, 1, 0.005, 0.454, 0.513, 1, 0, 1, 0.928, 0.071
ProtG27, 1, 0.001, 1.104, 0.141, 1, 0, 1, 0.745, 0.262
ProtG28, 1, 0, 0.476, 0.058, 1, 0, 1, 0.213, 0.792
ProtG29, 0, 0, 0.005, 0.004, 0, 0, 0, 0, 0.002
ProtG3, 0, 0, 0.008, 0.008, 0, 0, 0, 0, 0.004
ProtG30, 0, 0.001, 0.006, 0.005, 0, 0, 0, 0, 0.002
ProtG31, 1, 0.001, 0.145, 0.156, 1, 0, 1, 0.518, 0.482
ProtG32, 1, 0, 0.443, 0.037, 1, 0, 1, 0.938, 0.065
ProtG33, 1, 0, 0.028, 0.019, 1, 0, 1, 0.999, 0.007
ProtG34, 1, 0.002, 1.093, 0.383, 1, 0, 1, 0.163, 0.842
ProtG35, 1, 0.005, 0.182, 0.489, 1, 0, 1, 0.948, 0.049
ProtG36, 1, 0, 0.368, 0.038, 1, 0, 1, 0.392, 0.61
ProtG37, 1, 0, 0.306, 0.112, 1, 0, 1, 0.975, 0.029
ProtG38, 1, 0.001, 0.499, 0.137, 1, 0, 1, 0.676, 0.326
ProtG39, 0, 0, 0.004, 0.004, 0, 0, 0, 0, 0.003
ProtG4, 0, 0, 0.014, 0.007, 0, 0, 0, 0, 0.003
ProtG40, 1, 0, 0.377, 0.047, 1, 0, 1, 0.881, 0.122
ProtG41, 1, 0, 0.885, 0.073, 1, 0, 1, 0.372, 0.63
ProtG42, 1, 0.002, 0.049, 0.13, 1, 0, 1, 0.126, 0.881
ProtG43, 1, 0, 0.593, 0.042, 1, 0, 1, 0.88, 0.12
ProtG44, 1, 0.002, 0.17, 0.066, 1, 0, 1, 0.249, 0.751
ProtG45, 1, 0, 0.939, 0.338, 1, 0, 1, 0.829, 0.176
ProtG46, 2, 0.012, 0.057, 0.937, 1, 0, 2, 1.124, 0.873
ProtG47, 0, 0, 0.091, 0.049, 0, 0, 0, 0, 0.002
ProtG48, 1, 0, 0.261, 0.022, 1, 0, 1, 0.876, 0.129
ProtG49, 0, 0, 0.01, 0.009, 0, 0, 0, 0, 0.004
ProtG5, 0, 0, 0.006, 0.006, 0, 0, 0, 0, 0.004
ProtG50, 0, 0, 1.119, 0.133, 0, 0, 0, 0, 0.009
ProtG51, 1, 0.009, 0.361, 0.933, 1, 0, 1, 0.919, 0.075
ProtG52, 1, 0.001, 0.876, 0.181, 1, 0, 1, 0.259, 0.742
ProtG53, 1, 0.005, 0.909, 0.255, 1, 0, 1, 0.336, 0.664
ProtG54, 0, 0, 0.023, 0.013, 0, 0, 0, 0, 0.001
ProtG55, 1, 0, 0.915, 0.051, 1, 0, 1, 0.561, 0.442
ProtG56, 1, 0, 0.016, 0.008, 1, 0, 1, 1, 0.004
ProtG57, 1, 0, 0.008, 0.007, 1, 0, 1, 1, 0.003
ProtG58, 1, 0, 0.018, 0.008, 1, 0, 1, 1, 0.005
ProtG59, 1, 0, 0.007, 0.005, 1, 0, 1, 1, 0.003
ProtG6, 1, 0, 0.888, 0.036, 1, 0, 1, 0.249, 0.756
ProtG60, 1, 0, 0.01, 0.005, 1, 0, 1, 1, 0.004
ProtG61, 1, 0, 0.009, 0.008, 1, 0, 1, 1, 0.003
ProtG62, 1, 0, 0.025, 0.011, 1, 0, 1, 1, 0.005
ProtG63, 1, 0.004, 0.894, 0.614, 1, 0, 1, 0.858, 0.139
ProtG64, 0, 0, 0.01, 0.007, 0, 0, 0, 0, 0.001
ProtG65, 0, 0, 0.206, 0.016, 0, 0, 0, 0, 0.004
ProtG66, 1, 0, 0.01, 0.009, 1, 0, 1, 1, 0.003
ProtG67, 1, 0.001, 0.875, 0.667, 1, 0, 1, 0.879, 0.123
ProtG68, 1, 0, 0.008, 0.003, 1, 0, 1, 1, 0.001
ProtG69, 1, 0.001, 0.01, 0.061, 1, 0, 1, 0.196, 0.807
ProtG7, 1, 0, 0.032, 0.024, 1, 0, 1, 0.998, 0.011
ProtG70, 1, 0, 0.35, 0.083, 1, 0, 1, 0.891, 0.11
ProtG71, 1, 0, 0.021, 0.013, 1, 0, 1, 1, 0.01
ProtG72, 1, 0.001, 0.154, 0.201, 1, 0, 1, 0.978, 0.023
ProtG73, 1, 0, 0.008, 0.005, 1, 0, 1, 1, 0.004
ProtG74, 1, 0, 0.157, 0.122, 1, 0, 1, 0.012, 0.991
ProtG75, 1, 0.003, 0.844, 0.371, 1, 0, 1, 0.925, 0.078
ProtG76, 0, 0, 0.007, 0.005, 0, 0, 0, 0, 0.004
ProtG77, 1, 0, 0.026, 0.022, 1, 0, 1, 1, 0.006
ProtG78, 0, 0, 0.939, 0.095, 0, 0, 0, 0, 0.003
ProtG79, 1, 0, 0.228, 0.104, 1, 0, 1, 0.975, 0.03
ProtG8, 1, 0, 0.192, 0.031, 1, 0, 1, 0.996, 0.005
ProtG80, 1, 0, 0.011, 0.007, 1, 0, 1, 1, 0.006
ProtG81, 1, 0.004, 0.988, 0.265, 1, 0, 1, 0.218, 0.786
ProtG82, 1, 0.003, 0.01, 0.36, 1, 0, 1, 0.997, 0.005
ProtG83, 1, 0.001, 0.27, 0.096, 1, 0, 1, 0.872, 0.136
ProtG84, 1, 0, 0.006, 0.062, 1, 0, 1, 0.867, 0.138
ProtG85, 1, 0, 0.011, 0.008, 1, 0, 1, 1, 0.005
ProtG86, 0, 0, 1.007, 0.336, 0, 0, 0, 0, 0.005
ProtG87, 0, 0, 0.01, 0.007, 0, 0, 0, 0, 0.006
ProtG88, 1, 0.001, 0.866, 0.091, 1, 0, 1, 0.947, 0.054
ProtG89, 0, 0, 0.016, 0.009, 0, 0, 0, 0, 0.004
ProtG9, 1, 0.001, 0.217, 0.326, 1, 0, 1, 0.787, 0.215
ProtG90, 0, 0, 0.027, 0.022, 0, 0, 0, 0, 0.005
ProtG91, 1, 0, 0.008, 0.006, 1, 0, 1, 1, 0.002
ProtM1, 1, 0, 0.124, 0.006, 1, 0, 1, 0.984, 0.018
ProtM2, 1, 0, 0.117, 0.03, 1, 0, 1, 0.994, 0.011
ProtM3, 1, 0.001, 0.128, 0.03, 1, 0, 1, 0.98, 0.026
ProtZ1, 1, 0, 0.006, 0.002, 1, 0, 1, 0.999, 0.003
ProtZ2, 1, 0, 0.139, 0.02, 1, 0, 1, 0.985, 0.019
ProtZ3, 1, 0, 0.145, 0.004, 1, 0, 1, 0.973, 0.031
ProtZ4, 1, 0, 0.01, 0.01, 1, 0, 1, 1, 0.007
ProtZ5, 1, 0, 1.018, 0.037, 1, 0, 1, 0.997, 0.016
RBG1, 0, 0, 0.046, 0.032, 0, 0, 0, 0, 0.026
Rifl1, 0, 0, 0.035, 0.032, 0, 0, 0, 0, 0.03
SAR3X1, 0, 0, 0.115, 0.097, 0, 0, 0, 0, 0.01
SAR3X2, 0, 0, 0.11, 0.103, 0, 0, 0, 0, 0.005
SLNR1, 0, 0, 0.012, 0.012, 0, 0, 0, 0, 0.011
SM23X1, 1, 0.003, 0.101, 0.453, 1, 0, 1, 0.266, 0.736
SZUA1, 1, 0, 0.102, 0.04, 1, 0, 1, 0.997, 0.012
SZUA2, 0, 0, 0.131, 0.082, 0, 0, 0, 0, 0.009
Sche1, 0, 0, 1.129, 0.077, 0, 0, 0, 0, 0.01
Spir10, 0, 0, 0.037, 0.024, 0, 0, 0, 0, 0.005
Spir11, 0, 0, 0.052, 0.024, 0, 0, 0, 0, 0.016
Spir12, 1, 0.002, 0.015, 0.225, 1, 0, 1, 0.164, 0.846
Spir13, 1, 0, 0.008, 0.009, 1, 0, 1, 0.999, 0.007
Spir15, 0, 0, 0.019, 0.012, 0, 0, 0, 0, 0.003
Spir2, 1, 0, 0.005, 0.006, 1, 0, 1, 0.999, 0.004
Spir3, 0, 0, 0.034, 0.016, 0, 0, 0, 0, 0.002
Spir4, 1, 0.002, 0.011, 0.282, 1, 0, 1, 0.121, 0.886
Spir8, 0, 0, 0.086, 0.025, 0, 0, 0, 0, 0.012
Spir9, 0, 0, 0.021, 0.014, 0, 0, 0, 0, 0.005
Sume1, 0, 0, 0.009, 0.013, 0, 0, 0, 0, 0.007
Syne1, 0, 0, 0.006, 0.006, 0, 0, 0, 0, 0.003
Syne10, 0, 0, 0.005, 0.003, 0, 0, 0, 0, 0.003
Syne2, 0, 0, 0.006, 0.006, 0, 0, 0, 0, 0.005
Syne3, 0, 0, 0.007, 0.01, 0, 0, 0, 0, 0.006
Syne4, 0, 0, 0.008, 0.008, 0, 0, 0, 0, 0.004
Syne5, 0, 0, 0.008, 0.009, 0, 0, 0, 0, 0.004
Syne6, 0, 0, 0.006, 0.005, 0, 0, 0, 0, 0.005
Syne7, 0, 0, 0.006, 0.006, 0, 0, 0, 0, 0.004
Syne8, 0, 0, 0.005, 0.004, 0, 0, 0, 0, 0.004
Syne9, 0, 0, 0.026, 0.024, 0, 0, 0, 0, 0.014
TA06A1, 0, 0, 0.015, 0.017, 0, 0, 0, 0, 0.012
TA06X1, 0, 0, 0.037, 0.027, 0, 0, 0, 0, 0.015
Therd1, 0, 0, 0.097, 0.081, 0, 0, 0, 0, 0.023
Therg2, 0, 0, 0.005, 0.004, 0, 0, 0, 0, 0.004
Therg3, 0, 0, 0.006, 0.007, 0, 0, 0, 0, 0.004
Therg4, 0, 0, 0.007, 0.007, 0, 0, 0, 0, 0.006
Therg5, 0, 0, 0.004, 0.002, 0, 0, 0, 0, 0.002
Therg6, 0, 0, 0.007, 0.008, 0, 0, 0, 0, 0.004
Therg8, 0, 0, 0.006, 0.006, 0, 0, 0, 0, 0.003
Thers1, 1, 0, 0.016, 0.029, 1, 0, 1, 0.007, 1.007
UBA1X1, 1, 0, 0.031, 0.023, 1, 0, 1, 1, 0.004
UBA1X2, 0, 0, 0.23, 0.059, 0, 0, 0, 0, 0.007
UBA1X3, 0, 0, 0.193, 0.086, 0, 0, 0, 0, 0.006
UBA1X4, 1, 0.002, 0.01, 0.123, 1, 0, 1, 0.389, 0.615
UBA1X5, 0, 0, 0.398, 0.09, 0, 0, 0, 0, 0.005
UBA1X6, 1, 0, 0.031, 0.02, 1, 0, 1, 0.999, 0.004
UBA2X1, 0, 0.001, 0.128, 0.098, 0, 0, 0, 0, 0.005
UBA6X1, 0, 0, 0.013, 0.01, 0, 0, 0, 0, 0.009
UBA9X1, 0, 0, 0.073, 0.02, 0, 0, 0, 0, 0.02
UBA9X2, 1, 0, 0.007, 0.007, 1, 0, 1, 0.208, 0.798
UBA9X3, 0, 0, 0.219, 0.012, 0, 0, 0, 0, 0.01
UBP13X1, 0, 0, 0.725, 0.069, 0, 0, 0, 0, 0.011
UBP14X1, 0, 0, 0.015, 0.014, 0, 0, 0, 0, 0.009
UBP4X1, 0, 0, 0.009, 0.007, 0, 0, 0, 0, 0.007
UBP6X1, 0, 0, 0.019, 0.017, 0, 0, 0, 0, 0.017
Verr10, 0, 0, 0.001, 0, 0, 0, 0, 0, 0
Verr11, 1, 0.001, 0.005, 0.263, 1, 0, 1, 0.25, 0.752
Verr12, 0, 0, 0.257, 0.049, 0, 0, 0, 0, 0.005
Verr13, 0, 0, 0.009, 0.01, 0, 0, 0, 0, 0.005
Verr14, 0, 0, 0.053, 0.011, 0, 0, 0, 0, 0.001
Verr2, 0, 0, 0.003, 0.005, 0, 0, 0, 0, 0.003
Verr3, 0, 0, 0.003, 0.004, 0, 0, 0, 0, 0.002
Verr4, 0, 0, 0.008, 0.009, 0, 0, 0, 0, 0.008
Verr5, 0, 0, 0.006, 0.006, 0, 0, 0, 0, 0.006
Verr6, 0, 0, 0.004, 0.006, 0, 0, 0, 0, 0.004
Verr7, 0, 0, 0.007, 0.008, 0, 0, 0, 0, 0.007
Verr8, 0, 0, 0.003, 0.002, 0, 0, 0, 0, 0.001
Verr9, 0, 0, 0.012, 0.006, 0, 0, 0, 0, 0.004
WOR1, 0, 0, 0.01, 0.01, 0, 0, 0, 0, 0.008
WOR2, 1, 0.006, 0.013, 0.413, 1, 0, 1, 0.124, 0.881
WOR3, 0, 0, 0.011, 0.009, 0, 0, 0, 0, 0.009
WOR4, 0, 0, 0.129, 0.076, 0, 0, 0, 0, 0.003
WOR6, 0, 0, 0.007, 0.009, 0, 0, 0, 0, 0.003
WOR7, 0, 0, 0.007, 0.006, 0, 0, 0, 0, 0.003
Wall1, 0, 0, 0.015, 0.016, 0, 0, 0, 0, 0.014
Zixi1, 0, 0, 0.005, 0.004, 0, 0, 0, 0, 0.004
Zixi2, 0, 0, 0.005, 0.007, 0, 0, 0, 0, 0.004
Zixi3, 0, 0, 0.007, 0.009, 0, 0, 0, 0, 0.007
Zixi4, 0, 0, 0.004, 0.004, 0, 0, 0, 0, 0.004
Zixi5, 0, 0, 0.008, 0.008, 0, 0, 0, 0, 0.008
chloroArabidopsis, 0, 0, 0.004, 0.005, 0, 0, 0, 0, 0.003
chloroBryophyte, 0, 0, 0.007, 0.005, 0, 0, 0, 0, 0.003
chloroChlorophyta, 0, 0, 0.008, 0.007, 0, 0, 0, 0, 0.006
chloroLycophyte, 0, 0, 0.008, 0.007, 0, 0, 0, 0, 0.007
chloroRedAlgae, 0, 0, 0.009, 0.008, 0, 0, 0, 0, 0.005
mitoAnnelida, 0, 0, 0.004, 0.007, 0, 0, 0, 0, 0.002
mitoArabidopsis, 0, 0, 0.003, 0.003, 0, 0, 0, 0, 0.003
mitoBryophyte, 0, 0, 0.006, 0.007, 0, 0, 0, 0, 0.006
mitoChelicerate, 0, 0, 0.004, 0.004, 0, 0, 0, 0, 0.002
mitoChlorophyta, 0, 0, 0.002, 0.004, 0, 0, 0, 0, 0.001
mitoExcavata, 0, 0, 0.011, 0.005, 0, 0, 0, 0, 0.002
mitoFungi, 0, 0, 0.011, 0.006, 0, 0, 0, 0, 0.004
mitoInsect, 0, 0, 0.006, 0.004, 0, 0, 0, 0, 0.004
mitoLycophyte, 0, 0, 0.005, 0.006, 0, 0, 0, 0, 0.005
mitoMollusc, 0, 0, 0.007, 0.008, 0, 0, 0, 0, 0.005
mitoParamecium, 0, 0, 0.007, 0.006, 0, 0, 0, 0, 0.003
mitoPriapulid, 0, 0, 0.002, 0.001, 0, 0, 0, 0, 0.001
mitoRedAlgae, 0, 0, 0.005, 0.004, 0, 0, 0, 0, 0.004
