species_label, speciations, duplications, losses, transfers, presence, origination, copies, singletons, transfers_to
AABM5X1, 1, 0.001, 0.08, 0.162, 1, 0, 1, 0.212, 0.829
AABM5X2, 0, 0, 0.28, 0.093, 0, 0, 0, 0, 0.03
AABM5X3, 1, 0.005, 0.087, 0.548, 1, 0, 1, 0.154, 0.879
Abys1, 1, 0.004, 0.65, 0.213, 1, 0, 1, 0.982, 0.052
Acid1, 1, 0.002, 0.31, 0.429, 1, 0, 1, 0.109, 0.925
Acid10, 0, 0, 0.113, 0.053, 0, 0, 0, 0, 0.038
Acid11, 1, 0.002, 0.048, 0.221, 1, 0, 1, 0.872, 0.158
Acid12, 2, 0.008, 1.051, 0.372, 1, 0, 2, 0.848, 1.179
Acid13, 1, 0, 0.9, 0.318, 1, 0, 1, 0.995, 0.036
Acid14, 0, 0, 0.052, 0.048, 0, 0, 0, 0, 0.036
Acid16, 0, 0, 0.936, 0.213, 0, 0, 0, 0, 0.028
Acid17, 1, 0.004, 0.156, 0.235, 1, 0, 1, 0.259, 0.769
Acid18, 0, 0.001, 0.138, 0.095, 0, 0, 0, 0, 0.04
Acid2, 0, 0, 0.14, 0.108, 0, 0, 0, 0, 0.043
Acid20, 0, 0.001, 0.313, 0.155, 0, 0, 0, 0, 0.021
Acid21, 2, 0.008, 0.127, 0.716, 1, 0, 2, 0.754, 1.272
Acid22, 0, 0, 0.385, 0.076, 0, 0, 0, 0, 0.047
Acid23, 1, 0.001, 0.647, 0.236, 1, 0, 1, 0.995, 0.036
Acid24, 0, 0, 0.37, 0.048, 0, 0, 0, 0, 0.028
Acid25, 2, 0.001, 1, 0.398, 1, 0, 2, 1.168, 0.86
Acid26, 3, 0.007, 0.089, 0.809, 1, 0, 3, 1.393, 1.632
Acid27, 0, 0, 0.996, 0.094, 0, 0, 0, 0, 0.026
Acid28, 0, 0, 0.037, 0.038, 0, 0, 0, 0, 0.025
Acid29, 1, 0, 0.056, 0.114, 1, 0, 1, 0.947, 0.086
Acid3, 0, 0, 0.053, 0.063, 0, 0, 0, 0, 0.037
Acid30, 0, 0, 0.131, 0.081, 0, 0, 0, 0, 0.019
Acid31, 0, 0.001, 0.921, 0.205, 0, 0, 0, 0, 0.032
Acid32, 0, 0, 1.48, 0.32, 0, 0, 0, 0, 0.03
Acid33, 0, 0, 0.464, 0.038, 0, 0, 0, 0, 0.019
Acid34, 1, 0.002, 0.056, 0.15, 1, 0, 1, 0.959, 0.072
Acid35, 1, 0, 0.112, 0.107, 1, 0, 1, 1, 0.04
Acid36, 1, 0, 1.027, 0.075, 1, 0, 1, 0.987, 0.054
Acid37, 0, 0, 0.144, 0.093, 0, 0, 0, 0, 0.032
Acid38, 2, 0.002, 0.064, 0.172, 1, 0, 2, 1.94, 0.089
Acid39, 1, 0, 0.109, 0.073, 1, 0, 1, 0.999, 0.037
Acid4, 0, 0, 0.244, 0.051, 0, 0, 0, 0, 0.031
Acid40, 1, 0.007, 0.057, 0.284, 1, 0, 1, 0.273, 0.759
Acid5, 0, 0.001, 1.564, 0.247, 0, 0, 0, 0, 0.046
Acid6, 0, 0, 0.039, 0.048, 0, 0, 0, 0, 0.027
Acid7, 3, 2, 0.105, 0.068, 1, 0, 3, 0.001, 0.078
Acid8, 1, 0.003, 1.055, 0.461, 1, 0, 1, 0.564, 0.478
Acid9, 2, 0.011, 0.881, 0.924, 1, 0, 2, 0.154, 1.881
Acti10, 1, 0.004, 0.064, 0.246, 1, 0, 1, 0.281, 0.749
Acti11, 0, 0, 0.044, 0.046, 0, 0, 0, 0, 0.032
Acti12, 1, 0.003, 0.044, 0.37, 1, 0, 1, 0.986, 0.032
Acti13, 1, 0.002, 0.068, 0.17, 1, 0, 1, 0.671, 0.364
Acti14, 0, 0, 0.07, 0.064, 0, 0, 0, 0, 0.041
Acti15, 1, 0, 0.045, 0.041, 1, 0, 1, 1, 0.025
Acti16, 1, 0, 0.041, 0.046, 1, 0, 1, 0.997, 0.03
Acti18, 1, 0.001, 0.048, 0.05, 1, 0, 1, 0.997, 0.036
Acti19, 0, 0, 0.055, 0.051, 0, 0, 0, 0, 0.032
Acti2, 1, 0.004, 0.685, 0.384, 1, 0, 1, 0.967, 0.082
Acti20, 1, 0.015, 0.986, 1.612, 1, 0, 1, 0.049, 1
Acti21, 0, 0, 1.037, 0.365, 0, 0, 0, 0, 0.028
Acti22, 0, 0.001, 0.045, 0.049, 0, 0, 0, 0, 0.032
Acti23, 0, 0, 0.048, 0.041, 0, 0, 0, 0, 0.025
Acti24, 1, 0, 0.308, 0.077, 1, 0, 1, 0.999, 0.034
Acti25, 0, 0, 0.171, 0.095, 0, 0, 0, 0, 0.038
Acti26, 0, 0, 0.112, 0.066, 0, 0, 0, 0, 0.032
Acti27, 1, 0, 0.289, 0.188, 1, 0, 1, 0.998, 0.029
Acti28, 0, 0, 0.037, 0.03, 0, 0, 0, 0, 0.025
Acti29, 0, 0, 0.325, 0.091, 0, 0, 0, 0, 0.032
Acti3, 0, 0, 0.352, 0.144, 0, 0, 0, 0, 0.041
Acti30, 1, 0.003, 0.29, 0.483, 1, 0, 1, 0.244, 0.802
Acti31, 2, 0.011, 0.123, 0.681, 1, 0, 2, 0.352, 1.671
Acti32, 1, 0, 0.8, 0.046, 1, 0, 1, 0.882, 0.146
Acti33, 1, 0.003, 0.037, 0.339, 1, 0, 1, 0.284, 0.741
Acti34, 0, 0, 0.07, 0.058, 0, 0, 0, 0, 0.03
Acti35, 0, 0.002, 0.323, 0.134, 0, 0, 0, 0, 0.028
Acti36, 0, 0, 0.048, 0.037, 0, 0, 0, 0, 0.025
Acti37, 0, 0, 0.263, 0.066, 0, 0, 0, 0, 0.021
Acti38, 1, 0.003, 0.821, 0.155, 1, 0, 1, 0.852, 0.178
Acti39, 1, 0.002, 0.212, 0.27, 1, 0, 1, 0.058, 0.99
Acti4, 0, 0, 0.213, 0.094, 0, 0, 0, 0, 0.041
Acti40, 1, 0, 0.063, 0.054, 1, 0, 1, 1, 0.037
Acti41, 0, 0, 0.041, 0.036, 0, 0, 0, 0, 0.029
Acti42, 1, 0.014, 0.427, 0.541, 1, 0, 1, 0.154, 0.885
Acti43, 1, 0, 0.031, 0.034, 1, 0, 1, 0.011, 1.008
Acti44, 1, 0.002, 0.113, 0.42, 1, 0, 1, 0.989, 0.049
Acti45, 0, 0, 0.05, 0.053, 0, 0, 0, 0, 0.034
Acti46, 0, 0, 0.044, 0.044, 0, 0, 0, 0, 0.032
Acti47, 0, 0, 0.042, 0.045, 0, 0, 0, 0, 0.026
Acti48, 1, 0, 0.057, 0.053, 1, 0, 1, 0.995, 0.034
Acti49, 1, 0, 0.781, 0.189, 1, 0, 1, 0.905, 0.127
Acti5, 2, 0.968, 0.838, 0.239, 1, 0, 2, 0.061, 0.894
Acti50, 0, 0, 0.038, 0.039, 0, 0, 0, 0, 0.026
Acti51, 2, 0.006, 0.059, 0.381, 1, 0, 2, 1.233, 0.793
Acti52, 1, 0, 1.028, 0.38, 1, 0, 1, 0.066, 0.966
Acti6, 0, 0, 0.065, 0.064, 0, 0, 0, 0, 0.036
Acti7, 1, 0.002, 0.157, 0.262, 1, 0, 1, 0.252, 0.773
Acti8, 3, 0.959, 0.081, 0.11, 1, 0, 3, 1.067, 0.848
Acti9, 1, 0.001, 0.099, 0.2, 1, 0, 1, 0.233, 0.805
Aero1, 1, 0, 0.696, 0.346, 1, 0, 1, 0.938, 0.112
Aqui1, 0, 0, 0.047, 0.035, 0, 0, 0, 0, 0.025
Aqui2, 0, 0, 0.045, 0.057, 0, 0, 0, 0, 0.023
Aqui3, 1, 0, 0.07, 0.14, 1, 0, 1, 0.077, 0.954
Aqui4, 0, 0.001, 0.05, 0.047, 0, 0, 0, 0, 0.03
Aqui5, 0, 0, 0.04, 0.042, 0, 0, 0, 0, 0.021
Aqui6, 0, 0, 0.038, 0.03, 0, 0, 0, 0, 0.019
Arma11, 1, 0.008, 0.198, 0.45, 1, 0, 1, 0.191, 0.853
Arma12, 0, 0, 0.536, 0.179, 0, 0, 0, 0, 0.025
Arma13, 0, 0, 0.097, 0.097, 0, 0, 0, 0, 0.043
Arma14, 2, 0.005, 0.576, 0.702, 1, 0, 2, 0.531, 1.499
Arma15, 0, 0, 0.088, 0.079, 0, 0, 0, 0, 0.034
Arma16, 1, 0, 0.092, 0.086, 1, 0, 1, 1, 0.039
Arma3, 2, 0.003, 0.127, 0.199, 1, 0, 2, 1.263, 0.781
Arma4, 3, 0.974, 0.609, 0.806, 1, 0, 3, 0.342, 1.563
Arma6, 1, 0.01, 0.065, 0.543, 1, 0, 1, 0.249, 0.781
Arma7, 3, 0.011, 0.088, 0.478, 1, 0, 3, 0.466, 2.566
Arma9, 1, 0, 0.096, 0.073, 1, 0, 1, 0.999, 0.038
Aure1, 1, 0.001, 0.401, 0.301, 1, 0, 1, 0.558, 0.477
Aure2, 2, 0.008, 0.726, 0.613, 1, 0, 2, 0.236, 1.795
Aure3, 1, 0.008, 1.175, 0.64, 1, 0, 1, 0.539, 0.49
B130X1, 0, 0.004, 2.367, 0.858, 0, 0, 0, 0, 0.05
BMS3X1, 1, 0.007, 0.923, 0.828, 1, 0, 1, 0.16, 0.869
Bact1, 0, 0, 0.05, 0.056, 0, 0, 0, 0, 0.03
Bact10, 0, 0, 0.054, 0.055, 0, 0, 0, 0, 0.034
Bact11, 0, 0, 0.043, 0.034, 0, 0, 0, 0, 0.023
Bact12, 0, 0, 0.048, 0.044, 0, 0, 0, 0, 0.037
Bact13, 0, 0, 0.042, 0.046, 0, 0, 0, 0, 0.023
Bact14, 1, 0, 0.054, 0.058, 1, 0, 1, 0.146, 0.885
Bact16, 0, 0, 0.049, 0.056, 0, 0, 0, 0, 0.038
Bact17, 0, 0, 0.082, 0.079, 0, 0, 0, 0, 0.04
Bact18, 0, 0, 0.06, 0.061, 0, 0, 0, 0, 0.047
Bact19, 0, 0, 0.067, 0.05, 0, 0, 0, 0, 0.035
Bact2, 0, 0, 0.055, 0.049, 0, 0, 0, 0, 0.033
Bact20, 1, 0.002, 0.328, 0.205, 1, 0, 1, 0.23, 0.796
Bact21, 2, 0.002, 0.135, 0.114, 1, 0, 2, 1.214, 0.809
Bact22, 1, 0, 0.068, 0.063, 1, 0, 1, 0.978, 0.05
Bact23, 2, 0.005, 0.056, 0.192, 1, 0, 2, 1.155, 0.872
Bact24, 0, 0, 0.072, 0.073, 0, 0, 0, 0, 0.049
Bact25, 0, 0, 0.065, 0.043, 0, 0, 0, 0, 0.028
Bact27, 0, 0, 0.369, 0.17, 0, 0, 0, 0, 0.025
Bact28, 1, 0, 0.208, 0.073, 1, 0, 1, 0.997, 0.029
Bact29, 3, 0.973, 1.055, 0.834, 1, 0, 3, 0.223, 1.598
Bact3, 0, 0, 0.201, 0.055, 0, 0, 0, 0, 0.032
Bact30, 1, 0, 0.053, 0.066, 1, 0, 1, 0.999, 0.022
Bact31, 1, 0.001, 0.219, 0.085, 1, 0, 1, 0.983, 0.045
Bact32, 1, 0, 0.057, 0.057, 1, 0, 1, 0.998, 0.026
Bact33, 0, 0, 0.041, 0.044, 0, 0, 0, 0, 0.029
Bact34, 0, 0, 0.276, 0.143, 0, 0, 0, 0, 0.027
Bact35, 0, 0.001, 0.124, 0.085, 0, 0, 0, 0, 0.035
Bact36, 0, 0, 1.042, 0.047, 0, 0, 0, 0, 0.027
Bact37, 0, 0, 0.038, 0.036, 0, 0, 0, 0, 0.025
Bact38, 1, 0.003, 1.03, 0.335, 1, 0, 1, 0.165, 0.854
Bact39, 0, 0, 0.041, 0.043, 0, 0, 0, 0, 0.029
Bact4, 1, 0.002, 0.055, 0.274, 1, 0, 1, 0.225, 0.806
Bact40, 1, 0, 0.053, 0.055, 1, 0, 1, 1, 0.03
Bact41, 1, 0, 0.055, 0.046, 1, 0, 1, 0.998, 0.032
Bact42, 0, 0, 0.039, 0.04, 0, 0, 0, 0, 0.026
Bact43, 1, 0.001, 0.048, 0.043, 1, 0, 1, 0.994, 0.032
Bact44, 0, 0, 0.303, 0.089, 0, 0, 0, 0, 0.026
Bact5, 0, 0, 0.041, 0.039, 0, 0, 0, 0, 0.03
Bact6, 0, 0, 0.045, 0.044, 0, 0, 0, 0, 0.03
Bact7, 0, 0, 0.046, 0.046, 0, 0, 0, 0, 0.033
Bact8, 0, 0, 0.044, 0.054, 0, 0, 0, 0, 0.031
Bact9, 1, 0.008, 0.524, 0.818, 1, 0, 1, 0.989, 0.032
Bdell10, 0, 0, 0.042, 0.049, 0, 0, 0, 0, 0.032
Bdell11, 0, 0, 1.024, 0.039, 0, 0, 0, 0, 0.025
Bdell12, 1, 0, 0.063, 0.071, 1, 0, 1, 0.999, 0.035
Bdell13, 0, 0, 0.392, 0.097, 0, 0, 0, 0, 0.034
Bdell14, 1, 0.001, 0.052, 0.051, 1, 0, 1, 1, 0.031
Bdell15, 1, 0.002, 0.048, 0.161, 1, 0, 1, 0.228, 0.797
Bdell16, 1, 0, 0.058, 0.056, 1, 0, 1, 0.999, 0.043
Bdell17, 1, 0, 0.04, 0.035, 1, 0, 1, 1, 0.025
Bdell2, 0, 0, 0.047, 0.05, 0, 0, 0, 0, 0.037
Bdell3, 1, 0, 0.07, 0.065, 1, 0, 1, 0.999, 0.042
Bdell4, 1, 0, 0.072, 0.067, 1, 0, 1, 0.998, 0.052
Bdell5, 0, 0, 0.305, 0.135, 0, 0, 0, 0, 0.033
Bdell6, 0, 0, 0.06, 0.046, 0, 0, 0, 0, 0.029
Bdell7, 1, 0.012, 0.068, 0.583, 1, 0, 1, 0.245, 0.784
Bdell9, 0, 0, 0.268, 0.083, 0, 0, 0, 0, 0.019
BdellC1, 0, 0, 0.075, 0.068, 0, 0, 0, 0, 0.034
BdellC2, 0, 0.001, 0.083, 0.08, 0, 0, 0, 0, 0.041
Bipo1, 0, 0, 0.422, 0.134, 0, 0, 0, 0, 0.04
Bipo2, 2, 0.007, 0.126, 0.259, 1, 0, 2, 0.306, 1.737
CG267X1, 1, 0.001, 0.08, 0.153, 1, 0, 1, 0.953, 0.087
CG294X1, 0, 0, 1.034, 0.149, 0, 0, 0, 0, 0.042
CSP1X1, 0, 0, 0.389, 0.187, 0, 0, 0, 0, 0.052
Calda1, 2, 0.011, 0.132, 0.615, 1, 0, 2, 0.189, 1.855
Calda2, 0, 0, 0.298, 0.109, 0, 0, 0, 0, 0.032
Caldit1, 0, 0, 0.059, 0.056, 0, 0, 0, 0, 0.035
Caldit2, 0, 0, 0.066, 0.063, 0, 0, 0, 0, 0.042
Caldit3, 1, 0.012, 0.056, 0.827, 1, 0, 1, 0.025, 1.004
Camp1, 1, 0, 0.241, 0.147, 1, 0, 1, 0.145, 0.891
Camp10, 1, 0.001, 0.972, 0.523, 1, 0, 1, 0.211, 0.819
Camp11, 1, 0, 0.339, 0.093, 1, 0, 1, 0.969, 0.056
Camp12, 1, 0, 0.989, 0.219, 1, 0, 1, 0.185, 0.835
Camp13, 1, 0.011, 0.086, 1.017, 1, 0, 1, 0.976, 0.046
Camp14, 1, 0, 0.135, 0.104, 1, 0, 1, 0.988, 0.053
Camp15, 1, 0, 0.13, 0.096, 1, 0, 1, 0.987, 0.048
Camp16, 2, 0.994, 0.217, 0.814, 1, 0, 2, 0.034, 0.106
Camp2, 1, 0, 0.068, 0.06, 1, 0, 1, 0.993, 0.039
Camp3, 1, 0, 0.221, 0.143, 1, 0, 1, 0.156, 0.871
Camp4, 1, 0, 0.211, 0.045, 1, 0, 1, 0.927, 0.094
Camp5, 2, 0.003, 0.256, 0.238, 1, 0, 2, 0.922, 1.101
Camp6, 1, 0, 0.205, 0.066, 1, 0, 1, 0.006, 1.025
Camp7, 1, 0.007, 0.339, 0.349, 1, 0, 1, 0.905, 0.127
Camp9, 1, 0, 0.058, 0.1, 1, 0, 1, 0.155, 0.878
Chlo10, 1, 0, 1.063, 0.053, 1, 0, 1, 1, 0.028
Chlo11, 1, 0.003, 0.334, 0.297, 1, 0, 1, 0.973, 0.067
Chlo12, 0, 0, 0.514, 0.136, 0, 0, 0, 0, 0.024
Chlo13, 1, 0.003, 0.199, 0.545, 1, 0, 1, 0.781, 0.253
Chlo14, 0, 0, 0.409, 0.12, 0, 0, 0, 0, 0.031
Chlo15, 1, 0.015, 0.081, 1.123, 1, 0, 1, 0.93, 0.092
Chlo16, 0, 0, 0.791, 0.424, 0, 0, 0, 0, 0.025
Chlo17, 0, 0, 0.977, 0.071, 0, 0, 0, 0, 0.032
Chlo18, 0, 0, 0.738, 0.119, 0, 0, 0, 0, 0.019
Chlo19, 0, 0, 0.059, 0.058, 0, 0, 0, 0, 0.034
Chlo20, 1, 0, 0.099, 0.1, 1, 0, 1, 0.999, 0.038
Chlo21, 1, 0, 1.89, 0.326, 1, 0, 1, 0.991, 0.056
Chlo22, 1, 0.027, 0.154, 0.926, 1, 0, 1, 0.895, 0.12
Chlo23, 1, 0.007, 0.796, 0.389, 1, 0, 1, 0.794, 0.238
Chlo24, 2, 0.001, 0.133, 0.342, 1, 0, 2, 0.394, 1.642
Chlo25, 0, 0, 0.065, 0.073, 0, 0, 0, 0, 0.035
Chlo26, 2, 0.007, 0.105, 0.409, 1, 0, 2, 1.189, 0.834
Chlo27, 1, 0, 0.048, 0.041, 1, 0, 1, 1, 0.019
Chlo28, 1, 0.002, 0.316, 0.298, 1, 0, 1, 0.249, 0.791
Chlo29, 1, 0.016, 0.144, 1.059, 1, 0, 1, 0.984, 0.039
Chlo30, 1, 0, 0.041, 0.037, 1, 0, 1, 0.999, 0.029
Chlo31, 0, 0, 0.061, 0.057, 0, 0, 0, 0, 0.031
Chlo32, 1, 0, 0.182, 0.087, 1, 0, 1, 0.998, 0.043
Chlo33, 0, 0.001, 0.376, 0.127, 0, 0, 0, 0, 0.033
Chlo34, 1, 0, 0.05, 0.045, 1, 0, 1, 0.999, 0.031
Chlo35, 3, 0.02, 0.171, 1.597, 1, 0, 3, 2.703, 0.317
Chlo36, 2, 0.013, 0.161, 0.79, 1, 0, 2, 0.49, 1.529
Chlo37, 0, 0, 1.04, 0.041, 0, 0, 0, 0, 0.028
Chlo38, 0, 0, 0.053, 0.049, 0, 0, 0, 0, 0.028
Chlo39, 1, 0, 0.041, 0.034, 1, 0, 1, 1, 0.022
Chlo4, 3, 1.036, 1.118, 1.757, 1, 0, 3, 0.935, 0.249
Chlo40, 0, 0.004, 0.659, 0.307, 0, 0, 0, 0, 0.036
Chlo41, 1, 0, 0.053, 0.057, 1, 0, 1, 1, 0.034
Chlo42, 1, 0, 0.039, 0.033, 1, 0, 1, 0.999, 0.02
Chlo43, 0, 0, 0.34, 0.167, 0, 0, 0, 0, 0.024
Chlo44, 1, 0, 0.063, 0.083, 1, 0, 1, 0.914, 0.118
Chlo45, 1, 0, 0.045, 0.043, 1, 0, 1, 1, 0.026
Chlo46, 1, 0, 0.038, 0.029, 1, 0, 1, 1, 0.019
Chlo47, 3, 0.002, 0.058, 0.107, 1, 0, 3, 2.258, 0.761
Chlo48, 2, 0, 0.061, 0.06, 1, 0, 2, 2, 0.026
Chlo5, 1, 0.011, 0.077, 0.501, 1, 0, 1, 0.724, 0.3
Chlo6, 2, 0.004, 0.067, 0.164, 1, 0, 2, 0.684, 1.344
Chlo7, 0, 0.001, 1.018, 0.452, 0, 0, 0, 0, 0.043
Chlo8, 1, 0.002, 0.309, 0.326, 1, 0, 1, 0.269, 0.756
Chlo9, 0, 0.002, 0.482, 0.188, 0, 0, 0, 0, 0.04
Chry1, 1, 0.001, 0.284, 0.216, 1, 0, 1, 0.002, 1.052
Cloa1, 0, 0, 0.087, 0.071, 0, 0, 0, 0, 0.035
Cyan1, 0, 0, 1.057, 0.054, 0, 0, 0, 0, 0.032
Cyan10, 1, 0, 0.935, 0.223, 1, 0, 1, 0.999, 0.041
Cyan11, 2, 0.005, 0.068, 0.343, 1, 0, 2, 1.437, 0.589
Cyan12, 1, 0.002, 0.808, 0.202, 1, 0, 1, 0.893, 0.133
Cyan13, 1, 0, 0.802, 0.048, 1, 0, 1, 0.928, 0.101
Cyan14, 3, 0.002, 0.23, 0.197, 1, 0, 3, 2.253, 0.764
Cyan15, 2, 0.009, 0.814, 0.594, 1, 0, 2, 1.673, 0.341
Cyan16, 1, 0, 0.128, 0.084, 1, 0, 1, 0.996, 0.038
Cyan18, 1, 0.002, 0.863, 0.148, 1, 0, 1, 0.862, 0.16
Cyan19, 1, 0, 0.229, 0.067, 1, 0, 1, 0.998, 0.028
Cyan2, 1, 0, 0.06, 0.06, 1, 0, 1, 0.994, 0.035
Cyan20, 1, 0, 0.413, 0.177, 1, 0, 1, 0.993, 0.048
Cyan21, 1, 0.001, 0.051, 0.14, 1, 0, 1, 0.995, 0.031
Cyan22, 3, 0.019, 0.261, 0.84, 1, 0, 3, 2.795, 0.212
Cyan23, 1, 0, 1.642, 0.223, 1, 0, 1, 0.979, 0.058
Cyan24, 1, 0.003, 2.337, 0.453, 1, 0, 1, 0.18, 0.849
Cyan25, 2, 0.001, 0.503, 0.102, 1, 0, 2, 1.952, 0.075
Cyan26, 1, 0, 0.504, 0.242, 1, 0, 1, 1, 0.03
Cyan27, 2, 0.002, 0.182, 0.215, 1, 0, 2, 1.166, 0.857
Cyan28, 1, 0.001, 0.052, 0.262, 1, 0, 1, 0.935, 0.108
Cyan29, 1, 0.001, 0.121, 0.114, 1, 0, 1, 0.998, 0.03
Cyan3, 1, 0, 0.052, 0.049, 1, 0, 1, 1, 0.022
Cyan30, 1, 0.002, 1.039, 0.381, 1, 0, 1, 0.857, 0.17
Cyan31, 1, 0.001, 1.069, 0.259, 1, 0, 1, 0.294, 0.738
Cyan32, 3, 0.929, 0.217, 0.078, 1, 0, 3, 0.294, 1.538
Cyan33, 1, 0.007, 0.063, 0.419, 1, 0, 1, 0.989, 0.037
Cyan34, 2, 0.006, 0.211, 0.512, 1, 0, 2, 1.145, 0.875
Cyan35, 1, 0, 0.956, 0.278, 1, 0, 1, 0.86, 0.18
Cyan36, 1, 0.002, 2.52, 0.455, 1, 0, 1, 0.582, 0.464
Cyan37, 1, 0.001, 1.443, 0.14, 1, 0, 1, 0.986, 0.039
Cyan38, 1, 0, 0.964, 0.223, 1, 0, 1, 0.992, 0.048
Cyan4, 1, 0.001, 0.338, 0.161, 1, 0, 1, 0.172, 0.861
Cyan40, 1, 0.005, 0.919, 0.368, 1, 0, 1, 0.441, 0.591
Cyan41, 1, 0, 0.38, 0.056, 1, 0, 1, 1, 0.024
Cyan42, 1, 0, 0.053, 0.046, 1, 0, 1, 1, 0.023
Cyan43, 2, 0.006, 1.299, 0.394, 1, 0, 2, 0.425, 1.611
Cyan44, 3, 0, 0.065, 0.066, 1, 0, 3, 2.997, 0.028
Cyan45, 3, 0.003, 0.058, 0.296, 1, 0, 3, 1.861, 1.161
Cyan46, 1, 0, 0.611, 0.059, 1, 0, 1, 0.168, 0.861
Cyan47, 3, 0, 0.072, 0.051, 1, 0, 3, 2.997, 0.035
Cyan7, 1, 0, 0.074, 0.069, 1, 0, 1, 1, 0.034
Cyan8, 1, 0.003, 0.119, 0.323, 1, 0, 1, 0.952, 0.075
Cyan9, 1, 0.005, 0.324, 0.466, 1, 0, 1, 0.195, 0.843
DTU0X1, 0, 0, 0.469, 0.167, 0, 0, 0, 0, 0.041
Defe1, 1, 0, 0.092, 0.076, 1, 0, 1, 0.998, 0.04
Defe2, 1, 0.001, 0.057, 0.055, 1, 0, 1, 0.999, 0.033
Defe3, 1, 0, 0.051, 0.123, 1, 0, 1, 1, 0.028
Dein1, 1, 0, 1.041, 0.036, 1, 0, 1, 0.957, 0.072
Dein2, 1, 0, 0.136, 0.051, 1, 0, 1, 0.991, 0.036
Dein3, 1, 0, 0.046, 0.042, 1, 0, 1, 1, 0.03
Dein4, 1, 0, 0.039, 0.029, 1, 0, 1, 1, 0.021
Dein5, 1, 0, 1.003, 0.047, 1, 0, 1, 0.999, 0.034
Dein6, 1, 0, 0.052, 0.054, 1, 0, 1, 1, 0.034
Dein7, 1, 0, 0.04, 0.034, 1, 0, 1, 1, 0.024
Desa1, 1, 0.003, 1.723, 0.396, 1, 0, 1, 0.939, 0.114
DesuB1, 1, 0.001, 0.704, 0.051, 1, 0, 1, 0.834, 0.193
DesuB2, 1, 0.004, 0.583, 0.349, 1, 0, 1, 0.954, 0.069
DesuB3, 3, 0.002, 0.069, 0.082, 1, 0, 3, 2.938, 0.094
DesuB4, 2, 0, 1.01, 0.096, 1, 0, 2, 1.998, 0.037
DesuC1, 1, 0, 0.091, 0.069, 1, 0, 1, 1, 0.031
DesuC2, 1, 0, 0.086, 0.07, 1, 0, 1, 1, 0.026
DesuD1, 1, 0, 0.207, 0.166, 1, 0, 1, 0.999, 0.042
DesuD2, 1, 0, 0.194, 0.152, 1, 0, 1, 0.998, 0.029
Desua1, 2, 0.004, 0.064, 0.52, 1, 0, 2, 0.295, 1.753
Desua10, 1, 0, 0.835, 0.175, 1, 0, 1, 0.998, 0.031
Desua11, 2, 0.004, 1.046, 0.547, 1, 0, 2, 0.583, 1.441
Desua12, 1, 0.004, 0.297, 0.296, 1, 0, 1, 0.957, 0.071
Desua13, 1, 0.004, 1.76, 0.472, 1, 0, 1, 0.167, 0.864
Desua14, 2, 0.006, 1.059, 0.685, 1, 0, 2, 1.032, 0.992
Desua15, 0, 0, 0.048, 0.049, 0, 0, 0, 0, 0.025
Desua16, 0, 0, 0.055, 0.054, 0, 0, 0, 0, 0.032
Desua17, 0, 0, 0.048, 0.04, 0, 0, 0, 0, 0.018
Desua18, 0, 0, 0.077, 0.054, 0, 0, 0, 0, 0.032
Desua19, 1, 0.002, 1.338, 0.36, 1, 0, 1, 0.648, 0.392
Desua2, 1, 0, 0.702, 0.162, 1, 0, 1, 0.999, 0.032
Desua20, 0, 0, 0.314, 0.202, 0, 0, 0, 0, 0.045
Desua21, 1, 0, 0.069, 0.057, 1, 0, 1, 0.998, 0.035
Desua22, 0, 0, 1.111, 0.457, 0, 0, 0, 0, 0.033
Desua23, 1, 0.002, 0.13, 0.213, 1, 0, 1, 0.984, 0.05
Desua24, 0, 0, 0.076, 0.065, 0, 0, 0, 0, 0.031
Desua25, 1, 0, 0.327, 0.166, 1, 0, 1, 0.965, 0.059
Desua26, 3, 0.002, 0.914, 0.551, 1, 0, 3, 1.171, 1.856
Desua27, 1, 0, 0.642, 0.184, 1, 0, 1, 0.999, 0.041
Desua28, 1, 0, 0.114, 0.1, 1, 0, 1, 1, 0.033
Desua29, 2, 0, 1.053, 0.052, 1, 0, 2, 1.836, 0.201
Desua3, 0, 0, 0.145, 0.096, 0, 0, 0, 0, 0.037
Desua30, 2, 0.007, 1.24, 0.968, 1, 0, 2, 0.855, 1.177
Desua31, 1, 0.002, 0.051, 0.318, 1, 0, 1, 0.888, 0.138
Desua32, 1, 0, 0.216, 0.08, 1, 0, 1, 0.999, 0.038
Desua33, 3, 1, 0.109, 0.066, 1, 0, 3, 0.998, 0.028
Desua34, 0, 0, 0.332, 0.087, 0, 0, 0, 0, 0.025
Desua35, 1, 0, 0.112, 0.085, 1, 0, 1, 0.999, 0.031
Desua36, 1, 0, 0.048, 0.046, 1, 0, 1, 1, 0.024
Desua37, 2, 0.018, 0.08, 1.051, 1, 0, 2, 1.979, 0.025
Desua38, 1, 0, 0.058, 0.045, 1, 0, 1, 0.999, 0.034
Desua39, 1, 0, 0.126, 0.091, 1, 0, 1, 0.999, 0.027
Desua4, 0, 0, 1.19, 0.135, 0, 0, 0, 0, 0.056
Desua40, 0, 0, 0.948, 0.269, 0, 0, 0, 0, 0.037
Desua41, 1, 0.001, 1.841, 0.229, 1, 0, 1, 0.999, 0.031
Desua42, 1, 0.004, 0.295, 0.485, 1, 0, 1, 0.996, 0.032
Desua43, 1, 0, 0.307, 0.073, 1, 0, 1, 0.996, 0.021
Desua44, 1, 0.007, 0.624, 0.514, 1, 0, 1, 0.258, 0.764
Desua45, 0, 0, 0.269, 0.15, 0, 0, 0, 0, 0.032
Desua46, 1, 0.003, 1.013, 0.358, 1, 0, 1, 0.282, 0.742
Desua47, 2, 0, 0.883, 0.044, 1, 0, 2, 1.991, 0.031
Desua48, 2, 0, 0.105, 0.074, 1, 0, 2, 1.997, 0.024
Desua49, 1, 0, 0.059, 0.052, 1, 0, 1, 0.999, 0.025
Desua5, 3, 0.014, 0.309, 0.742, 1, 0, 3, 0.954, 2.08
Desua50, 1, 0.001, 0.878, 0.3, 1, 0, 1, 0.838, 0.19
Desua51, 2, 0.004, 0.276, 0.286, 1, 0, 2, 1.139, 0.88
Desua52, 2, 0.001, 0.068, 0.353, 1, 0, 2, 1.249, 0.781
Desua53, 1, 0.003, 1.193, 0.414, 1, 0, 1, 0.221, 0.798
Desua54, 1, 0.001, 0.714, 0.156, 1, 0, 1, 0.811, 0.213
Desua6, 2, 0, 0.892, 0.081, 1, 0, 2, 1.933, 0.094
Desua7, 3, 0.011, 0.675, 0.411, 1, 0, 3, 2.152, 0.866
Desua8, 4, 0.024, 0.173, 1.421, 1, 0, 4, 1.535, 2.479
Desua9, 0, 0, 0.063, 0.065, 0, 0, 0, 0, 0.033
Dict1, 1, 0.011, 0.12, 0.502, 1, 0, 1, 0.714, 0.31
Dorm1, 0, 0, 0.059, 0.056, 0, 0, 0, 0, 0.038
Dorm2, 0, 0, 0.05, 0.048, 0, 0, 0, 0, 0.029
Dorm3, 0, 0, 0.083, 0.07, 0, 0, 0, 0, 0.034
Dorm4, 0, 0, 0.056, 0.038, 0, 0, 0, 0, 0.018
Dorm5, 0, 0, 0.059, 0.054, 0, 0, 0, 0, 0.029
Edwa1, 0, 0, 0.054, 0.051, 0, 0, 0, 0, 0.037
Eise1, 1, 0.009, 1.052, 0.853, 1, 0, 1, 0.54, 0.492
Eise2, 1, 0, 0.61, 0.288, 1, 0, 1, 0.981, 0.059
Eise3, 1, 0.002, 1.05, 0.353, 1, 0, 1, 0.434, 0.601
Eise4, 1, 0, 0.498, 0.18, 1, 0, 1, 0.983, 0.051
Elus1, 1, 0.002, 0.955, 0.246, 1, 0, 1, 0.783, 0.247
Elus10, 1, 0.003, 0.25, 0.208, 1, 0, 1, 0.204, 0.823
Elus2, 0, 0, 0.937, 0.179, 0, 0, 0, 0, 0.048
Elus3, 1, 0.004, 0.141, 0.274, 1, 0, 1, 0.26, 0.777
Elus4, 0, 0, 0.1, 0.051, 0, 0, 0, 0, 0.032
Elus5, 1, 0.002, 0.047, 0.194, 1, 0, 1, 0.866, 0.156
Elus6, 1, 0, 0.305, 0.138, 1, 0, 1, 0.165, 0.866
Elus7, 1, 0.004, 0.112, 0.433, 1, 0, 1, 0.006, 1.023
Elus8, 1, 0.001, 0.234, 0.258, 1, 0, 1, 0.245, 0.794
Elus9, 1, 0.001, 0.255, 0.157, 1, 0, 1, 0.198, 0.83
Erem2, 1, 0.001, 0.445, 0.247, 1, 0, 1, 0.012, 1.034
Erem3, 2, 0.003, 0.1, 0.198, 1, 0, 2, 1.129, 0.9
Erem4, 0, 0, 0.982, 0.042, 0, 0, 0, 0, 0.026
Erem5, 1, 0, 0.047, 0.049, 1, 0, 1, 0.935, 0.091
Erem6, 1, 0, 0.103, 0.079, 1, 0, 1, 0.998, 0.023
FCPU1, 1, 0, 0.105, 0.086, 1, 0, 1, 1, 0.025
FCPU2, 1, 0, 0.113, 0.074, 1, 0, 1, 1, 0.033
Ferm1, 0, 0.001, 0.234, 0.114, 0, 0, 0, 0, 0.043
Fibr1, 0, 0, 0.804, 0.323, 0, 0, 0, 0, 0.036
Fibr2, 1, 0.001, 0.879, 0.116, 1, 0, 1, 0.12, 0.91
Fibr3, 2, 0.007, 0.331, 0.672, 1, 0, 2, 0.648, 1.392
Fibr4, 2, 0.895, 0.199, 0.186, 1, 0, 2, 0.199, 0.336
Fibr5, 5, 2.001, 0.07, 0.615, 1, 0, 5, 0.722, 2.301
Fibr6, 3, 0.013, 0.699, 1.018, 1, 0, 3, 0.52, 2.508
Fire1, 1, 0.003, 1.009, 0.484, 1, 0, 1, 0.656, 0.385
FirmA1, 1, 0.005, 0.217, 0.498, 1, 0, 1, 0.729, 0.309
FirmA10, 1, 0.006, 0.297, 0.437, 1, 0, 1, 0.989, 0.042
FirmA100, 0, 0, 0.221, 0.063, 0, 0, 0, 0, 0.029
FirmA101, 1, 0, 0.692, 0.248, 1, 0, 1, 0.909, 0.128
FirmA102, 2, 0.006, 0.107, 0.414, 1, 0, 2, 1.779, 0.243
FirmA103, 1, 0.001, 0.295, 0.244, 1, 0, 1, 0.239, 0.787
FirmA104, 1, 0.007, 0.195, 0.63, 1, 0, 1, 0.094, 0.934
FirmA105, 1, 0, 0.09, 0.075, 1, 0, 1, 0.923, 0.1
FirmA106, 1, 0.005, 0.4, 0.5, 1, 0, 1, 0.994, 0.028
FirmA107, 2, 0.001, 0.054, 0.165, 1, 0, 2, 0.329, 1.703
FirmA108, 1, 0, 0.422, 0.127, 1, 0, 1, 0.791, 0.237
FirmA109, 1, 0.001, 0.92, 0.327, 1, 0, 1, 0.169, 0.857
FirmA11, 1, 0.006, 1.608, 0.603, 1, 0, 1, 0.124, 0.906
FirmA110, 1, 0.002, 0.057, 0.325, 1, 0, 1, 0.879, 0.147
FirmA111, 1, 0, 1.934, 0.671, 1, 0, 1, 0.636, 0.393
FirmA112, 2, 0.01, 0.521, 0.836, 1, 0, 2, 1.84, 0.178
FirmA113, 0, 0, 0.271, 0.124, 0, 0, 0, 0, 0.025
FirmA114, 1, 0, 0.148, 0.09, 1, 0, 1, 1, 0.022
FirmA12, 1, 0.006, 1.18, 0.807, 1, 0, 1, 0.217, 0.811
FirmA14, 1, 0.009, 0.082, 0.56, 1, 0, 1, 0.212, 0.827
FirmA16, 2, 0.01, 1.216, 1.356, 1, 0, 2, 1.053, 0.979
FirmA18, 0, 0.001, 0.533, 0.221, 0, 0, 0, 0, 0.025
FirmA19, 2, 0.001, 0.323, 0.174, 1, 0, 2, 0.241, 1.784
FirmA2, 1, 0.008, 2.154, 0.578, 1, 0, 1, 0.757, 0.276
FirmA20, 1, 0.002, 0.055, 0.127, 1, 0, 1, 0.172, 0.861
FirmA21, 1, 0.008, 0.381, 0.705, 1, 0, 1, 0.546, 0.482
FirmA24, 1, 0, 0.221, 0.224, 1, 0, 1, 0.212, 0.826
FirmA25, 1, 0, 0.266, 0.121, 1, 0, 1, 0.132, 0.894
FirmA26, 5, 0.015, 0.35, 1.808, 1, 0, 5, 1.973, 3.051
FirmA27, 1, 0.013, 0.113, 1.066, 1, 0, 1, 0.982, 0.034
FirmA28, 1, 0, 0.181, 0.091, 1, 0, 1, 0.991, 0.057
FirmA29, 0, 0, 0.137, 0.101, 0, 0, 0, 0, 0.022
FirmA30, 1, 0.005, 0.33, 0.231, 1, 0, 1, 0.988, 0.04
FirmA31, 1, 0.002, 0.154, 0.112, 1, 0, 1, 0.815, 0.223
FirmA32, 1, 0, 0.92, 0.333, 1, 0, 1, 0.255, 0.782
FirmA33, 1, 0.007, 0.091, 0.486, 1, 0, 1, 0.138, 0.902
FirmA34, 2, 0.005, 0.111, 0.389, 1, 0, 2, 1.184, 0.849
FirmA35, 1, 0, 0.055, 0.049, 1, 0, 1, 0.999, 0.029
FirmA36, 1, 0.002, 1.117, 0.342, 1, 0, 1, 0.138, 0.9
FirmA37, 1, 0.007, 0.385, 0.932, 1, 0, 1, 0.278, 0.758
FirmA38, 2, 0.011, 0.335, 1.019, 1, 0, 2, 0.842, 1.186
FirmA39, 2, 0.006, 0.248, 0.517, 1, 0, 2, 1.198, 0.833
FirmA40, 1, 0.002, 0.735, 0.376, 1, 0, 1, 0.262, 0.777
FirmA41, 1, 0.001, 2.1, 0.783, 1, 0, 1, 0.207, 0.815
FirmA42, 0, 0, 0.132, 0.066, 0, 0, 0, 0, 0.036
FirmA43, 2, 0.006, 0.267, 0.477, 1, 0, 2, 1.184, 0.852
FirmA44, 1, 0, 1.128, 0.379, 1, 0, 1, 0.923, 0.107
FirmA45, 2, 0.018, 0.371, 0.969, 1, 0, 2, 0.63, 1.397
FirmA46, 2, 0.03, 0.411, 1.646, 1, 0, 2, 0.193, 1.829
FirmA47, 1, 0.008, 0.161, 0.623, 1, 0, 1, 0.757, 0.262
FirmA48, 1, 0, 0.761, 0.408, 1, 0, 1, 0.622, 0.407
FirmA49, 0, 0, 1.031, 0.148, 0, 0, 0, 0, 0.036
FirmA5, 1, 0.001, 0.867, 0.184, 1, 0, 1, 0.157, 0.875
FirmA50, 1, 0, 0.07, 0.054, 1, 0, 1, 1, 0.027
FirmA51, 0, 0, 0.155, 0.116, 0, 0, 0, 0, 0.04
FirmA52, 0, 0.002, 0.374, 0.076, 0, 0, 0, 0, 0.022
FirmA53, 1, 0, 0.063, 0.056, 1, 0, 1, 1, 0.037
FirmA54, 2, 0, 0.057, 0.077, 1, 0, 2, 1.19, 0.828
FirmA55, 1, 0, 0.306, 0.401, 1, 0, 1, 0.813, 0.237
FirmA56, 1, 0.002, 0.214, 0.314, 1, 0, 1, 0.185, 0.84
FirmA57, 1, 0.039, 0.366, 2.158, 1, 0, 1, 0.934, 0.065
FirmA58, 1, 0.007, 1.044, 0.835, 1, 0, 1, 0.11, 0.924
FirmA59, 2, 0.006, 0.686, 0.662, 1, 0, 2, 0.701, 1.326
FirmA6, 1, 0.003, 0.159, 0.586, 1, 0, 1, 0.844, 0.184
FirmA60, 1, 0, 0.149, 0.114, 1, 0, 1, 1, 0.04
FirmA61, 2, 0.004, 1.049, 0.439, 1, 0, 2, 1.914, 0.115
FirmA62, 1, 0.001, 0.911, 0.53, 1, 0, 1, 0.099, 0.938
FirmA63, 1, 0.003, 0.488, 0.427, 1, 0, 1, 0.333, 0.699
FirmA64, 0, 0, 0.206, 0.094, 0, 0, 0, 0, 0.024
FirmA65, 3, 0.003, 0.217, 0.735, 1, 0, 3, 0.809, 2.223
FirmA66, 1, 0.001, 1.963, 0.355, 1, 0, 1, 0.994, 0.032
FirmA67, 2, 0.011, 0.399, 0.92, 1, 0, 2, 0.253, 1.776
FirmA68, 1, 0.002, 0.289, 0.176, 1, 0, 1, 0.859, 0.164
FirmA69, 2, 0.006, 1.049, 0.405, 1, 0, 2, 1.411, 0.62
FirmA7, 1, 0, 0.246, 0.15, 1, 0, 1, 0.942, 0.084
FirmA70, 1, 0, 0.074, 0.075, 1, 0, 1, 1, 0.031
FirmA71, 1, 0, 0.1, 0.084, 1, 0, 1, 0.994, 0.034
FirmA72, 2, 0.015, 1.193, 1.097, 1, 0, 2, 1.185, 0.837
FirmA73, 2, 0.007, 1.243, 1.069, 1, 0, 2, 1.132, 0.895
FirmA74, 1, 0, 0.137, 0.096, 1, 0, 1, 0.997, 0.028
FirmA75, 1, 0, 0.171, 0.142, 1, 0, 1, 0.912, 0.125
FirmA76, 1, 0.003, 0.893, 0.47, 1, 0, 1, 0.996, 0.032
FirmA77, 2, 0.006, 0.962, 0.719, 1, 0, 2, 0.516, 1.511
FirmA78, 1, 0.002, 0.198, 0.335, 1, 0, 1, 0.094, 0.942
FirmA79, 2, 0.008, 0.317, 0.617, 1, 0, 2, 0.326, 1.697
FirmA8, 0, 0.001, 0.444, 0.183, 0, 0, 0, 0, 0.048
FirmA80, 1, 0.005, 1.242, 0.393, 1, 0, 1, 0.059, 0.98
FirmA81, 1, 0.005, 0.31, 0.3, 1, 0, 1, 0.264, 0.767
FirmA83, 1, 0, 0.087, 0.215, 1, 0, 1, 0.942, 0.092
FirmA84, 1, 0, 0.344, 0.244, 1, 0, 1, 0.239, 0.792
FirmA85, 3, 0.014, 1.015, 1.148, 1, 0, 3, 1.158, 1.867
FirmA86, 2, 0, 0.98, 0.072, 1, 0, 2, 1.986, 0.042
FirmA87, 2, 0.018, 0.198, 1.392, 1, 0, 2, 1.083, 0.933
FirmA88, 1, 0, 0.712, 0.044, 1, 0, 1, 0.884, 0.148
FirmA89, 0, 0.001, 0.939, 0.352, 0, 0, 0, 0, 0.03
FirmA9, 1, 0.007, 0.344, 0.308, 1, 0, 1, 0.245, 0.785
FirmA90, 2, 0.007, 1.215, 0.905, 1, 0, 2, 1.144, 0.875
FirmA91, 2, 0.009, 1.045, 1.403, 1, 0, 2, 0.356, 1.675
FirmA92, 1, 0, 0.261, 0.066, 1, 0, 1, 1, 0.032
FirmA93, 2, 0.008, 0.283, 0.633, 1, 0, 2, 1.103, 0.912
FirmA94, 1, 0.001, 0.951, 0.094, 1, 0, 1, 0.119, 0.904
FirmA95, 1, 0.009, 0.247, 0.467, 1, 0, 1, 0.842, 0.176
FirmA96, 1, 0.008, 0.426, 0.622, 1, 0, 1, 0.964, 0.057
FirmA97, 1, 0.001, 0.422, 0.586, 1, 0, 1, 0.179, 0.851
FirmA98, 1, 0, 0.155, 0.096, 1, 0, 1, 1, 0.029
FirmA99, 5, 2.424, 0.246, 4.517, 1, 0, 5, 1.447, 0.703
FirmB1, 2, 0.001, 0.399, 0.214, 1, 0, 2, 1.955, 0.072
FirmB10, 2, 0.006, 0.221, 0.337, 1, 0, 2, 1.979, 0.044
FirmB11, 3, 0.008, 0.501, 0.71, 1, 0, 3, 0.663, 2.368
FirmB12, 4, 0.075, 0.309, 1.391, 1, 0, 4, 2.196, 1.712
FirmB13, 1, 0, 0.094, 0.066, 1, 0, 1, 0.997, 0.029
FirmB14, 3, 0.011, 0.348, 0.661, 1, 0, 3, 1.763, 1.254
FirmB15, 2, 0, 0.047, 0.056, 1, 0, 2, 1.966, 0.057
FirmB16, 1, 0.005, 0.095, 0.295, 1, 0, 1, 0.992, 0.025
FirmB17, 1, 0, 1.015, 0.042, 1, 0, 1, 1, 0.025
FirmB2, 1, 0.004, 0.863, 0.615, 1, 0, 1, 0.297, 0.734
FirmB3, 2, 0.018, 0.92, 1.71, 1, 0, 2, 1.207, 0.819
FirmB4, 3, 0.002, 1.048, 0.283, 1, 0, 3, 2.027, 1.01
FirmB5, 2, 0.007, 0.394, 0.566, 1, 0, 2, 0.639, 1.401
FirmB6, 2, 0, 0.353, 0.117, 1, 0, 2, 1.812, 0.222
FirmB7, 1, 0.001, 1.877, 0.137, 1, 0, 1, 0.278, 0.745
FirmB8, 1, 0.003, 0.746, 0.434, 1, 0, 1, 0.273, 0.757
FirmB9, 2, 0, 0.209, 0.069, 1, 0, 2, 1.988, 0.038
FirmC1, 2, 0.002, 1.855, 0.468, 1, 0, 2, 1.204, 0.824
FirmC10, 1, 0, 1.106, 0.451, 1, 0, 1, 0.176, 0.85
FirmC11, 2, 0, 0.373, 0.19, 1, 0, 2, 1.986, 0.04
FirmC12, 1, 0, 0.058, 0.051, 1, 0, 1, 0.999, 0.028
FirmC13, 3, 0.987, 0.073, 0.577, 1, 0, 3, 0.838, 1.029
FirmC14, 1, 0.004, 0.292, 0.464, 1, 0, 1, 0.991, 0.032
FirmC15, 1, 0, 0.053, 0.055, 1, 0, 1, 1, 0.023
FirmC16, 2, 0.002, 1.084, 0.301, 1, 0, 2, 1.282, 0.743
FirmC17, 1, 0, 1.085, 0.25, 1, 0, 1, 0.008, 1.028
FirmC18, 2, 0.003, 0.104, 0.36, 1, 0, 2, 1.464, 0.563
FirmC19, 2, 0.003, 0.599, 0.444, 1, 0, 2, 0.369, 1.659
FirmC3, 1, 0.001, 2.032, 0.192, 1, 0, 1, 0.329, 0.698
FirmC4, 2, 0.003, 1.262, 0.412, 1, 0, 2, 1.796, 0.23
FirmC5, 5, 0.375, 0.547, 0.91, 1, 0, 5, 0.798, 3.822
FirmC6, 1, 0, 1.379, 0.253, 1, 0, 1, 0.983, 0.04
FirmC7, 2, 0, 1.119, 0.094, 1, 0, 2, 1.983, 0.042
FirmC8, 2, 0, 0.318, 0.106, 1, 0, 2, 1.983, 0.045
FirmC9, 1, 0, 1.243, 0.113, 1, 0, 1, 0.995, 0.03
FirmD1, 2, 0.009, 1.458, 1, 1, 0, 2, 0.988, 1.068
FirmD2, 3, 0.007, 1.155, 0.724, 1, 0, 3, 1.868, 1.165
FirmD3, 2, 0.008, 2.024, 0.633, 1, 0, 2, 1.005, 1.033
FirmD4, 1, 0.013, 2.716, 0.713, 1, 0, 1, 0.449, 0.563
FirmE1, 1, 0.001, 0.304, 0.265, 1, 0, 1, 0.994, 0.047
FirmE2, 2, 0.001, 0.278, 0.149, 1, 0, 2, 1.24, 0.786
FirmE3, 1, 0, 0.779, 0.29, 1, 0, 1, 0.491, 0.547
FirmE4, 1, 0.004, 0.392, 0.405, 1, 0, 1, 0.198, 0.833
FirmE5, 3, 0.019, 0.575, 0.821, 1, 0, 3, 0.7, 2.324
FirmE6, 1, 0.004, 0.302, 0.343, 1, 0, 1, 0.293, 0.743
FirmE7, 1, 0, 0.049, 0.047, 1, 0, 1, 0.998, 0.032
FirmE8, 1, 0, 0.05, 0.044, 1, 0, 1, 0.998, 0.033
FirmF1, 1, 0.009, 0.275, 0.458, 1, 0, 1, 0.346, 0.698
FirmF2, 4, 0.848, 0.107, 0.425, 1, 0, 4, 1.527, 0.871
FirmF3, 1, 0, 1.425, 0.231, 1, 0, 1, 0.997, 0.037
FirmG1, 1, 0.005, 0.415, 0.426, 1, 0, 1, 0.763, 0.272
FirmG2, 3, 1.004, 0.935, 0.581, 1, 0, 3, 0.254, 1.507
FirmG3, 1, 0.004, 0.783, 0.854, 1, 0, 1, 0.295, 0.739
FirmG4, 1, 0.002, 0.849, 0.54, 1, 0, 1, 0.176, 0.859
FirmG5, 1, 0.009, 0.884, 0.638, 1, 0, 1, 0.291, 0.737
FirmG6, 1, 0.01, 0.369, 0.804, 1, 0, 1, 0.704, 0.319
Firms1, 0, 0, 0.512, 0.186, 0, 0, 0, 0, 0.045
Firms10, 1, 0.002, 0.086, 0.136, 1, 0, 1, 0.421, 0.617
Firms11, 2, 0, 0.401, 0.054, 1, 0, 2, 1.797, 0.237
Firms12, 2, 0.005, 0.378, 0.205, 1, 0, 2, 1.025, 1.001
Firms13, 1, 0.006, 0.475, 0.417, 1, 0, 1, 0.252, 0.789
Firms15, 2, 0.003, 0.067, 0.187, 1, 0, 2, 1.731, 0.304
Firms16, 1, 0, 1.083, 0.112, 1, 0, 1, 0.994, 0.045
Firms17, 2, 0.014, 0.388, 1.42, 1, 0, 2, 1.803, 0.21
Firms18, 1, 0.006, 0.042, 0.293, 1, 0, 1, 0.234, 0.792
Firms2, 1, 0.006, 0.297, 0.377, 1, 0, 1, 0.148, 0.886
Firms20, 1, 0, 0.047, 0.044, 1, 0, 1, 1, 0.031
Firms21, 1, 0, 1.069, 0.065, 1, 0, 1, 0.997, 0.04
Firms22, 3, 0.001, 0.866, 0.169, 1, 0, 3, 1.374, 1.66
Firms23, 0, 0, 0.274, 0.083, 0, 0, 0, 0, 0.03
Firms24, 2, 0.005, 0.073, 0.507, 1, 0, 2, 1.249, 0.779
Firms25, 1, 0, 0.22, 0.067, 1, 0, 1, 0.972, 0.057
Firms26, 1, 0, 0.312, 0.107, 1, 0, 1, 1, 0.023
Firms27, 2, 0, 0.629, 0.059, 1, 0, 2, 1.614, 0.424
Firms28, 1, 0.01, 0.127, 0.865, 1, 0, 1, 0.079, 0.946
Firms29, 1, 0, 0.041, 0.037, 1, 0, 1, 1, 0.025
Firms3, 1, 0, 0.819, 0.114, 1, 0, 1, 0.998, 0.047
Firms30, 1, 0.002, 0.107, 0.392, 1, 0, 1, 0.211, 0.821
Firms31, 1, 0.001, 0.26, 0.097, 1, 0, 1, 0.056, 0.975
Firms32, 1, 0.001, 1.019, 0.115, 1, 0, 1, 0.177, 0.855
Firms33, 1, 0, 0.114, 0.071, 1, 0, 1, 0.971, 0.067
Firms4, 1, 0.001, 1.211, 0.47, 1, 0, 1, 0.387, 0.648
Firms5, 2, 0.005, 0.597, 0.74, 1, 0, 2, 1.512, 0.521
Firms6, 1, 0, 0.971, 0.167, 1, 0, 1, 0.984, 0.055
Firms7, 1, 0.004, 1.864, 0.439, 1, 0, 1, 0.137, 0.899
Firms8, 1, 0.003, 1.07, 0.758, 1, 0, 1, 0.293, 0.73
Firms9, 2, 0.001, 0.088, 0.08, 1, 0, 2, 1.091, 0.952
Fuso2, 0, 0.001, 0.449, 0.328, 0, 0, 0, 0, 0.029
Gemm2, 1, 0, 0.04, 0.036, 1, 0, 1, 0.999, 0.023
Gemm3, 0, 0, 0.049, 0.049, 0, 0, 0, 0, 0.031
Gemm4, 1, 0, 0.04, 0.044, 1, 0, 1, 0.999, 0.023
Gemm5, 0, 0, 0.062, 0.058, 0, 0, 0, 0, 0.039
Gemm6, 0, 0, 0.045, 0.046, 0, 0, 0, 0, 0.027
Gemm7, 0, 0, 0.079, 0.059, 0, 0, 0, 0, 0.025
Gemm8, 1, 0.003, 0.055, 0.299, 1, 0, 1, 0.143, 0.891
Gemm9, 0, 0, 0.05, 0.047, 0, 0, 0, 0, 0.024
GemmA1, 0, 0, 0.205, 0.127, 0, 0, 0, 0, 0.044
Gold1, 3, 0.008, 0.071, 0.592, 1, 0, 3, 1.69, 1.34
Gold2, 1, 0, 0.745, 0.188, 1, 0, 1, 0.999, 0.022
Hydr1, 1, 0, 0.076, 0.052, 1, 0, 1, 1, 0.027
Hydr2, 1, 0, 0.077, 0.063, 1, 0, 1, 0.999, 0.028
J088X1, 1, 0.01, 1.241, 0.86, 1, 0, 1, 0.004, 1.049
KSB1X1, 1, 0.007, 0.061, 0.316, 1, 0, 1, 0.164, 0.871
KSB1X2, 0, 0.001, 0.045, 0.046, 0, 0, 0, 0, 0.031
KSB1X3, 0, 0, 0.21, 0.08, 0, 0, 0, 0, 0.027
KSB1X4, 0, 0, 0.033, 0.029, 0, 0, 0, 0, 0.02
Krum1, 1, 0, 0.053, 0.462, 1, 0, 1, 0.172, 0.863
Late1, 2, 0, 1.006, 0.082, 1, 0, 2, 1.994, 0.045
Late2, 0, 0, 0.616, 0.194, 0, 0, 0, 0, 0.035
Late3, 3, 0.001, 0.056, 0.048, 1, 0, 3, 2.938, 0.094
Lind1, 1, 0, 0.328, 0.144, 1, 0, 1, 1, 0.035
Lind2, 2, 0.002, 0.185, 0.181, 1, 0, 2, 1.147, 0.89
Lind4, 1, 0.01, 1.05, 1.084, 1, 0, 1, 0.854, 0.179
Marg1, 1, 0.003, 0.173, 0.187, 1, 0, 1, 0.162, 0.878
Marg2, 1, 0, 0.324, 0.158, 1, 0, 1, 0.187, 0.847
Marg6, 1, 0.004, 0.239, 0.228, 1, 0, 1, 0.099, 0.943
Marg7, 1, 0.003, 0.288, 0.186, 1, 0, 1, 0.223, 0.808
Mari1, 1, 0.002, 0.234, 0.137, 1, 0, 1, 0.199, 0.839
Mari2, 0, 0, 0.041, 0.043, 0, 0, 0, 0, 0.033
Mari3, 0, 0, 0.047, 0.047, 0, 0, 0, 0, 0.039
Mari5, 0, 0, 0.135, 0.068, 0, 0, 0, 0, 0.028
Mari6, 1, 0.005, 0.245, 0.47, 1, 0, 1, 0.183, 0.847
Meth1, 1, 0, 0.352, 0.114, 1, 0, 1, 0.999, 0.04
Meth2, 2, 0.002, 0.1, 0.278, 1, 0, 2, 1.25, 0.786
Meth3, 1, 0, 0.064, 0.058, 1, 0, 1, 0.999, 0.03
Meth4, 1, 0, 0.062, 0.059, 1, 0, 1, 1, 0.028
Meth5, 1, 0, 0.089, 0.06, 1, 0, 1, 1, 0.025
Muir1, 1, 0.005, 0.178, 0.337, 1, 0, 1, 0.176, 0.85
MyxA1, 1, 0, 0.107, 0.057, 1, 0, 1, 1, 0.026
MyxA2, 1, 0, 0.263, 0.058, 1, 0, 1, 1, 0.037
MyxA3, 2, 0, 0.075, 0.08, 1, 0, 2, 1.198, 0.849
MyxA4, 1, 0, 0.158, 0.105, 1, 0, 1, 0.999, 0.044
Myxo1, 2, 0.012, 0.375, 0.747, 1, 0, 2, 0.65, 1.387
Myxo10, 2, 0.006, 1.803, 0.848, 1, 0, 2, 0.564, 1.462
Myxo11, 0, 0, 0.044, 0.043, 0, 0, 0, 0, 0.028
Myxo13, 0, 0, 0.052, 0.053, 0, 0, 0, 0, 0.036
Myxo14, 2, 0.006, 0.093, 0.483, 1, 0, 2, 1.268, 0.762
Myxo15, 1, 0.002, 1.277, 0.408, 1, 0, 1, 0.999, 0.03
Myxo17, 3, 0.002, 1.084, 0.22, 1, 0, 3, 2.7, 0.329
Myxo18, 3, 0.016, 0.12, 0.691, 1, 0, 3, 2.17, 0.859
Myxo19, 3, 0.147, 1.72, 0.808, 1, 0, 3, 1.917, 0.82
Myxo2, 1, 0.005, 0.734, 0.542, 1, 0, 1, 0.285, 0.753
Myxo3, 2, 0.01, 0.588, 0.649, 1, 0, 2, 0.831, 1.192
Myxo5, 3, 0.002, 0.169, 0.151, 1, 0, 3, 1.504, 1.527
Myxo6, 1, 0, 0.352, 0.137, 1, 0, 1, 1, 0.027
Myxo7, 0, 0, 0.057, 0.061, 0, 0, 0, 0, 0.04
Myxo8, 0, 0, 0.046, 0.041, 0, 0, 0, 0, 0.029
Myxo9, 0, 0, 0.944, 0.208, 0, 0, 0, 0, 0.03
NPL1, 1, 0.01, 0.961, 0.807, 1, 0, 1, 0.667, 0.367
Nitr1, 0, 0.001, 0.452, 0.244, 0, 0, 0, 0, 0.043
Nitr10, 1, 0, 0.06, 0.058, 1, 0, 1, 0.999, 0.037
Nitr11, 1, 0.012, 1.19, 0.387, 1, 0, 1, 0.306, 0.726
Nitr12, 1, 0, 0.05, 0.061, 1, 0, 1, 0.203, 0.825
Nitr13, 1, 0, 0.084, 0.051, 1, 0, 1, 1, 0.028
Nitr14, 0, 0, 0.25, 0.049, 0, 0, 0, 0, 0.025
Nitr15, 1, 0, 0.081, 0.067, 1, 0, 1, 0.999, 0.044
Nitr16, 2, 0.794, 0.368, 0.204, 1, 0, 2, 0.365, 0.122
Nitr17, 0, 0, 0.049, 0.045, 0, 0, 0, 0, 0.028
Nitr2, 1, 0, 0.087, 0.053, 1, 0, 1, 1, 0.033
Nitr3, 0, 0, 1.053, 0.038, 0, 0, 0, 0, 0.022
Nitr4, 1, 0, 0.048, 0.051, 1, 0, 1, 0.998, 0.035
Nitr5, 0, 0, 0.038, 0.037, 0, 0, 0, 0, 0.017
Nitr6, 1, 0, 0.061, 0.055, 1, 0, 1, 1, 0.038
Nitr7, 1, 0.003, 1.067, 0.114, 1, 0, 1, 0.176, 0.863
Nitr8, 1, 0.008, 0.407, 0.686, 1, 0, 1, 0.115, 0.918
Nitr9, 1, 0, 0.249, 0.085, 1, 0, 1, 1, 0.048
Nits1, 1, 0, 0.058, 0.048, 1, 0, 1, 1, 0.03
Nits2, 2, 0.017, 0.101, 0.943, 1, 0, 2, 1.318, 0.703
Nits3, 1, 0, 0.059, 0.055, 1, 0, 1, 0.999, 0.031
Nits4, 1, 0, 0.428, 0.216, 1, 0, 1, 0.996, 0.047
NitsA1, 1, 0, 0.611, 0.202, 1, 0, 1, 1, 0.036
NitsA2, 3, 0.271, 0.139, 0.776, 1, 0, 3, 1.435, 1.293
NitsA3, 0, 0, 1.105, 0.108, 0, 0, 0, 0, 0.035
Node_AABM5X1_AABM5X2_0, 0.25, 0, 0.165, 0.11, 0.241, 0, 0.25, 0.06, 0.212
Node_AABM5X1_AABM5X3_0, 0.203, 0.001, 0.058, 0.152, 0.195, 0, 0.203, 0.058, 0.159
Node_Acid11_Acid16_0, 0.908, 0.004, 0.134, 0.193, 0.871, 0, 0.908, 0.891, 0.017
Node_Acid11_Acid31_0, 0.888, 0, 0.05, 0.169, 0.88, 0, 0.888, 0.87, 0.03
Node_Acid12_Acid13_0, 1.864, 0.006, 0.058, 0.199, 0.998, 0, 1.864, 1.577, 0.306
Node_Acid1_Acid17_0, 0.383, 0, 0.072, 0.119, 0.339, 0, 0.383, 0.108, 0.29
Node_Acid1_Acid3_0, 0.165, 0, 0.522, 0.143, 0.155, 0, 0.165, 0.096, 0.081
Node_Acid23_Acid12_0, 1.61, 0.008, 0.046, 0.196, 0.999, 0, 1.61, 1.482, 0.131
Node_Acid29_Acid27_0, 0.97, 0.012, 0.084, 0.803, 0.95, 0, 0.97, 0.924, 0.06
Node_Acid2_Acid11_0, 1.021, 0.005, 0.697, 0.345, 0.885, 0, 1.021, 1.008, 0.012
Node_Acid2_Acid18_0, 0.097, 0.001, 0.941, 0.198, 0.095, 0, 0.097, 0.093, 0.016
Node_Acid32_Acid25_0, 2.139, 0.004, 0.075, 0.26, 0.981, 0, 2.139, 1.947, 0.199
Node_Acid32_Acid26_0, 1.45, 0.007, 1.191, 0.339, 0.94, 0, 1.45, 0.979, 0.495
Node_Acid34_Acid22_0, 0.338, 0, 0.09, 0.055, 0.333, 0, 0.338, 0.327, 0.03
Node_Acid34_Acid24_0, 0.342, 0, 0.03, 0.021, 0.336, 0, 0.342, 0.323, 0.034
Node_Acid34_Acid29_0, 0.982, 0.004, 0.033, 0.046, 0.964, 0, 0.982, 0.427, 0.566
Node_Acid34_Acid33_0, 0.445, 0.002, 0.041, 0.045, 0.433, 0, 0.445, 0.329, 0.142
Node_Acid37_Acid21_0, 0.847, 0.003, 1.265, 0.418, 0.717, 0, 0.847, 0.756, 0.098
Node_Acid37_Acid30_0, 0.112, 0, 0.768, 0.286, 0.111, 0, 0.112, 0.103, 0.033
Node_Acid37_Acid32_0, 2.011, 0.022, 0.153, 0.839, 0.981, 0, 2.011, 1.806, 0.192
Node_Acid38_Acid10_0, 0.075, 0, 0.369, 0.06, 0.075, 0, 0.075, 0.045, 0.046
Node_Acid38_Acid1_0, 0.606, 0.001, 1.142, 0.354, 0.527, 0, 0.606, 0.577, 0.04
Node_Acid38_Acid2_0, 1.701, 0.061, 0.861, 1.046, 0.965, 0, 1.701, 1.45, 0.163
Node_Acid38_Acid34_0, 0.398, 0.001, 0.227, 0.109, 0.378, 0, 0.398, 0.387, 0.018
Node_Acid38_Acid36_0, 1.973, 0.007, 0.117, 0.111, 1, 0, 1.973, 1.139, 0.85
Node_Acid38_Acid40_0, 1.233, 0.001, 0.067, 0.093, 0.964, 0, 1.233, 0.992, 0.272
Node_Acid38_Acid4_0, 0.213, 0.001, 0.034, 0.039, 0.204, 0, 0.213, 0.06, 0.171
Node_Acid38_Acid5_0, 1.707, 0.019, 0.194, 0.746, 0.972, 0, 1.707, 1.505, 0.181
Node_Acid38_Acid7_0, 1.027, 0.005, 0.036, 0.069, 0.957, 0, 1.027, 0.201, 0.845
Node_Acid38_Acid8_0, 2.338, 0.04, 0.194, 1.217, 0.982, 0, 2.338, 2.115, 0.179
Node_Acid38_B130X1_0, 2.313, 0.033, 1.525, 1.58, 0.971, 0, 2.313, 2.222, 0.046
Node_Acid39_Acid35_0, 1.072, 0.006, 0.253, 0.258, 1, 0, 1.072, 0.772, 0.33
Node_Acid3_Acid14_0, 0.016, 0, 0.059, 0.047, 0.016, 0, 0.016, 0.006, 0.04
Node_Acid3_Acid6_0, 0.035, 0, 0.167, 0.079, 0.033, 0, 0.035, 0.023, 0.037
Node_Acid40_Acid20_0, 0.291, 0.003, 1.189, 0.132, 0.283, 0, 0.291, 0.079, 0.244
Node_Acid5_Acid23_0, 1.517, 0.003, 0.486, 0.199, 0.982, 0, 1.517, 1.479, 0.05
Node_Acid5_Acid37_0, 1.95, 0.029, 0.109, 1.056, 0.986, 0, 1.95, 1.592, 0.323
Node_Acid6_Acid28_0, 0.012, 0, 0.063, 0.054, 0.012, 0, 0.012, 0.006, 0.04
Node_Acid8_Acid9_0, 1.574, 0.008, 0.875, 0.706, 0.906, 0, 1.574, 1.469, 0.103
Node_Acid9_Acid39_0, 0.989, 0.006, 0.746, 0.421, 0.795, 0, 0.989, 0.838, 0.155
Node_Acti10_Acti11_0, 0.081, 0, 0.027, 0.034, 0.08, 0, 0.081, 0.061, 0.028
Node_Acti10_Acti25_0, 0.133, 0, 0.023, 0.06, 0.13, 0, 0.133, 0.071, 0.075
Node_Acti10_Acti26_0, 0.08, 0, 0.089, 0.031, 0.08, 0, 0.08, 0.073, 0.012
Node_Acti10_Acti31_0, 0.441, 0.005, 0.022, 0.178, 0.376, 0, 0.441, 0.127, 0.325
Node_Acti10_Acti3_0, 0.311, 0.002, 0.336, 0.169, 0.3, 0, 0.311, 0.08, 0.263
Node_Acti10_Acti7_0, 0.382, 0.004, 0.35, 0.237, 0.344, 0, 0.382, 0.121, 0.287
Node_Acti11_Acti22_0, 0.012, 0, 0.089, 0.034, 0.012, 0, 0.012, 0.005, 0.02
Node_Acti12_Acti21_0, 1.009, 0.005, 0.056, 0.371, 0.989, 0, 1.009, 0.985, 0.037
Node_Acti12_Acti48_0, 1.023, 0.005, 0.07, 0.071, 0.997, 0, 1.023, 0.992, 0.057
Node_Acti14_Acti33_0, 0.143, 0, 0.046, 0.065, 0.143, 0, 0.143, 0.087, 0.075
Node_Acti14_Acti34_0, 0.04, 0.001, 0.146, 0.085, 0.04, 0, 0.04, 0.025, 0.042
Node_Acti14_Acti6_0, 0.029, 0, 0.058, 0.072, 0.029, 0, 0.029, 0.011, 0.047
Node_Acti18_Acti16_0, 1.011, 0.003, 0.045, 0.235, 0.997, 0, 1.011, 0.16, 0.881
Node_Acti18_Acti4_0, 0.172, 0, 0.11, 0.085, 0.17, 0, 0.172, 0.06, 0.127
Node_Acti19_Acti13_0, 0.702, 0.001, 1.012, 0.084, 0.681, 0, 0.702, 0.594, 0.12
Node_Acti19_Acti23_0, 0.023, 0, 0.72, 0.076, 0.023, 0, 0.023, 0.012, 0.041
Node_Acti19_Acti42_0, 0.528, 0.006, 0.218, 0.24, 0.421, 0, 0.528, 0.286, 0.243
Node_Acti19_Acti49_0, 1.593, 0.001, 0.095, 0.085, 0.996, 0, 1.593, 1.538, 0.062
Node_Acti19_Acti8_0, 1.625, 0.014, 0.155, 0.154, 0.989, 0, 1.625, 0.379, 1.238
Node_Acti33_Acti35_0, 0.293, 0.001, 0.047, 0.11, 0.29, 0, 0.293, 0.127, 0.196
Node_Acti43_Acti36_0, 0.023, 0, 0.061, 0.053, 0.023, 0, 0.023, 0.006, 0.042
Node_Acti46_Acti41_0, 0.012, 0.001, 0.07, 0.043, 0.012, 0, 0.012, 0.003, 0.03
Node_Acti47_Acti45_0, 0.016, 0, 0.055, 0.052, 0.015, 0, 0.016, 0.009, 0.033
Node_Acti49_Acti15_0, 1.02, 0.001, 0.046, 0.047, 1, 0, 1.02, 1.005, 0.039
Node_Acti49_Acti32_0, 1.654, 0.001, 0.05, 0.044, 1, 0, 1.654, 1.622, 0.063
Node_Acti49_Acti38_0, 1.64, 0.625, 0.056, 0.183, 1, 0, 1.64, 0.378, 0.051
Node_Acti49_Acti40_0, 1.026, 0.004, 0.623, 0.07, 1, 0, 1.026, 0.989, 0.052
Node_Acti50_Acti10_0, 0.157, 0.001, 0.098, 0.09, 0.148, 0, 0.157, 0.132, 0.034
Node_Acti50_Acti14_0, 0.114, 0, 0.082, 0.059, 0.112, 0, 0.114, 0.087, 0.041
Node_Acti50_Acti18_0, 0.155, 0, 0.057, 0.044, 0.151, 0, 0.155, 0.105, 0.055
Node_Acti50_Acti19_0, 0.497, 0.004, 0.544, 0.45, 0.401, 0, 0.497, 0.41, 0.084
Node_Acti50_Acti20_0, 0.971, 0.023, 0.458, 0.558, 0.725, 0, 0.971, 0.871, 0.068
Node_Acti50_Acti28_0, 0.012, 0, 0.056, 0.047, 0.012, 0, 0.012, 0.009, 0.03
Node_Acti50_Acti39_0, 0.22, 0.002, 0.32, 0.182, 0.2, 0, 0.22, 0.177, 0.041
Node_Acti50_Acti43_0, 0.042, 0, 0.122, 0.063, 0.042, 0, 0.042, 0.017, 0.05
Node_Acti50_Acti46_0, 0.051, 0, 0.042, 0.04, 0.049, 0, 0.051, 0.019, 0.051
Node_Acti50_Acti47_0, 0.038, 0, 0.1, 0.063, 0.038, 0, 0.038, 0.013, 0.057
Node_Acti50_Acti51_0, 0.953, 0.025, 0.117, 0.483, 0.712, 0, 0.953, 0.843, 0.074
Node_Acti50_Acti52_0, 0.081, 0, 0.044, 0.062, 0.079, 0, 0.081, 0.031, 0.074
Node_Acti50_FirmF1_0, 1.338, 0.064, 0.324, 0.418, 0.818, 0, 1.338, 1.148, 0.075
Node_Acti51_Acti27_0, 1.26, 0.014, 0.177, 0.517, 0.999, 0, 1.26, 0.726, 0.534
Node_Acti51_Acti9_0, 0.889, 0.013, 0.202, 0.433, 0.7, 0, 0.889, 0.756, 0.125
Node_Acti52_Acti12_0, 1.031, 0.02, 0.04, 0.181, 0.993, 0, 1.031, 0.226, 0.809
Node_Acti52_Acti37_0, 0.242, 0.001, 0.05, 0.079, 0.238, 0, 0.242, 0.057, 0.21
Node_Acti52_Acti44_0, 1.062, 0.009, 0.069, 0.341, 0.994, 0, 1.062, 0.994, 0.091
Node_Acti8_Acti24_0, 1.274, 0.033, 0.335, 0.262, 0.999, 0, 1.274, 0.672, 0.6
Node_Acti8_Acti2_0, 1.599, 0.005, 0.108, 0.307, 0.988, 0, 1.599, 1.528, 0.077
Node_Acti8_Acti5_0, 0.976, 0.029, 0.867, 0.353, 0.731, 0, 0.976, 0.745, 0.215
Node_Acti9_Acti29_0, 0.293, 0.002, 0.365, 0.193, 0.278, 0, 0.293, 0.131, 0.171
Node_Acti9_Acti30_0, 0.485, 0.006, 0.649, 0.49, 0.404, 0, 0.485, 0.253, 0.239
Node_Aero1_NPL1_0, 1.584, 0.014, 0.384, 0.613, 0.984, 0, 1.584, 1.517, 0.051
Node_Aero1_UBA6X1_0, 3.205, 0.179, 1.434, 1.21, 0.991, 0, 3.205, 2.671, 0.223
Node_Aero1_UBA9X1_0, 1.903, 0.278, 1.798, 1.034, 0.983, 0, 1.903, 1.248, 0.218
Node_Aqui2_Aqui1_0, 0.022, 0, 0.032, 0.037, 0.022, 0, 0.022, 0.006, 0.035
Node_Aqui2_Aqui3_0, 0.116, 0.003, 0.168, 0.131, 0.11, 0, 0.116, 0.099, 0.023
Node_Aqui2_Aqui5_0, 0.019, 0, 0.067, 0.053, 0.018, 0, 0.019, 0.008, 0.038
Node_Aqui2_Aqui6_0, 0.048, 0, 0.111, 0.098, 0.048, 0, 0.048, 0.029, 0.043
Node_Aqui2_Camp1_0, 0.468, 0.01, 0.522, 0.503, 0.387, 0, 0.468, 0.442, 0.017
Node_Aqui2_Thers1_0, 0.258, 0.002, 0.268, 0.257, 0.229, 0, 0.258, 0.21, 0.056
Node_Aqui6_Aqui4_0, 0.019, 0, 0.065, 0.057, 0.019, 0, 0.019, 0.008, 0.036
Node_Arma12_Arma11_0, 0.337, 0.004, 0.285, 0.215, 0.307, 0, 0.337, 0.14, 0.203
Node_Arma12_Arma7_0, 0.511, 0.002, 0.231, 0.224, 0.432, 0, 0.511, 0.133, 0.403
Node_Arma15_Arma13_0, 0.054, 0, 0.275, 0.157, 0.053, 0, 0.054, 0.038, 0.055
Node_Arma4_Acti50_0, 1.523, 0.062, 0.457, 0.435, 0.872, 0, 1.523, 1.375, 0.044
Node_Arma4_Arma12_0, 0.415, 0.001, 0.179, 0.165, 0.358, 0, 0.415, 0.231, 0.192
Node_Arma4_Arma14_0, 1.072, 0.038, 0.139, 0.317, 0.694, 0, 1.072, 0.295, 0.758
Node_Arma4_Arma6_0, 0.401, 0.004, 0.246, 0.134, 0.344, 0, 0.401, 0.24, 0.163
Node_Arma4_CSP1X1_0, 0.337, 0.007, 0.441, 0.264, 0.299, 0, 0.337, 0.285, 0.047
Node_Arma4_Erem6_0, 0.415, 0.013, 0.071, 0.165, 0.351, 0, 0.415, 0.264, 0.136
Node_Arma4_Pate48_0, 0.724, 0.012, 0.832, 0.388, 0.54, 0, 0.724, 0.686, 0.021
Node_Arma4_UBP13X1_0, 0.48, 0.003, 0.125, 0.14, 0.408, 0, 0.48, 0.293, 0.187
Node_Arma6_Arma15_0, 0.274, 0.009, 1.05, 0.192, 0.27, 0, 0.274, 0.041, 0.257
Node_Arma6_Arma16_0, 1.053, 0.003, 0.326, 0.077, 1, 0, 1.053, 1.028, 0.033
Node_Arma6_Arma3_0, 1.343, 0.013, 0.178, 0.182, 0.996, 0, 1.343, 0.236, 1.107
Node_Arma6_Arma9_0, 1.058, 0, 0.052, 0.072, 0.999, 0, 1.058, 1.02, 0.057
Node_Aure2_Aure1_0, 0.923, 0.009, 0.813, 0.484, 0.721, 0, 0.923, 0.713, 0.212
Node_Bact1_Bact11_0, 0.02, 0, 0.065, 0.069, 0.02, 0, 0.02, 0.009, 0.043
Node_Bact1_Bact17_0, 0.042, 0, 0.15, 0.075, 0.041, 0, 0.042, 0.027, 0.036
Node_Bact20_Bact1_0, 0.156, 0.001, 0.028, 0.04, 0.149, 0, 0.156, 0.028, 0.146
Node_Bact20_Bact30_0, 0.53, 0.003, 0.051, 0.106, 0.46, 0, 0.53, 0.135, 0.422
Node_Bact21_Bact29_0, 1.324, 0.004, 0.036, 0.06, 1, 0, 1.324, 1.052, 0.281
Node_Bact21_Bact36_0, 1.075, 0.008, 0.047, 0.255, 0.995, 0, 1.075, 0.255, 0.837
Node_Bact21_Bact44_0, 0.277, 0, 0.032, 0.083, 0.27, 0, 0.277, 0.082, 0.213
Node_Bact22_Bact31_0, 1.018, 0.005, 0.046, 0.061, 0.979, 0, 1.018, 0.184, 0.855
Node_Bact22_Bact5_0, 0.204, 0, 0.044, 0.056, 0.199, 0, 0.204, 0.004, 0.224
Node_Bact23_Bact28_0, 1.179, 0.012, 0.053, 0.287, 0.999, 0, 1.179, 0.219, 0.971
Node_Bact23_Bact34_0, 0.249, 0, 0.226, 0.104, 0.234, 0, 0.249, 0.038, 0.228
Node_Bact23_Bact4_0, 0.247, 0.002, 0.022, 0.07, 0.243, 0, 0.247, 0.061, 0.196
Node_Bact24_Bact23_0, 0.071, 0, 0.022, 0.036, 0.071, 0, 0.071, 0.022, 0.06
Node_Bact24_Bact25_0, 0.023, 0, 0.073, 0.031, 0.023, 0, 0.023, 0.012, 0.025
Node_Bact24_Bact3_0, 0.033, 0, 0.022, 0.023, 0.033, 0, 0.033, 0.011, 0.033
Node_Bact24_Bact7_0, 0.022, 0, 0.033, 0.02, 0.022, 0, 0.022, 0.006, 0.025
Node_Bact25_Bact20_0, 0.037, 0, 0.041, 0.048, 0.037, 0, 0.037, 0.01, 0.056
Node_Bact25_Bact2_0, 0.022, 0, 0.027, 0.026, 0.022, 0, 0.022, 0.01, 0.026
Node_Bact27_Bact19_0, 0.032, 0, 0.099, 0.04, 0.032, 0, 0.032, 0.012, 0.035
Node_Bact27_Bact21_0, 0.096, 0, 0.017, 0.032, 0.094, 0, 0.096, 0.032, 0.075
Node_Bact27_Bact22_0, 0.024, 0, 0.026, 0.025, 0.024, 0, 0.024, 0.012, 0.02
Node_Bact27_Bact24_0, 0.03, 0, 0.058, 0.036, 0.03, 0, 0.03, 0.024, 0.018
Node_Bact27_Bact35_0, 0.088, 0.002, 0.049, 0.084, 0.084, 0, 0.088, 0.015, 0.103
Node_Bact27_Bact37_0, 0.038, 0, 0.03, 0.029, 0.038, 0, 0.038, 0.009, 0.044
Node_Bact27_Bact40_0, 0.344, 0.006, 0.043, 0.237, 0.335, 0, 0.344, 0.07, 0.293
Node_Bact27_Mari3_0, 0.07, 0.001, 0.132, 0.077, 0.067, 0, 0.07, 0.058, 0.016
Node_Bact29_Bact9_0, 1.484, 0.051, 0.276, 1.005, 0.999, 0, 1.484, 1.064, 0.385
Node_Bact30_Bact32_0, 1.031, 0.008, 0.259, 0.258, 0.999, 0, 1.031, 0.297, 0.752
Node_Bact31_Bact38_0, 1.173, 0, 0.061, 0.087, 0.986, 0, 1.173, 0.994, 0.216
Node_Bact33_Bact10_0, 0.02, 0, 0.044, 0.056, 0.02, 0, 0.02, 0.005, 0.049
Node_Bact33_Bact39_0, 0.012, 0, 0.041, 0.048, 0.012, 0, 0.012, 0.003, 0.033
Node_Bact33_Bact6_0, 0.015, 0, 0.041, 0.04, 0.015, 0, 0.015, 0.001, 0.039
Node_Bact36_Bact43_0, 1.015, 0, 0.115, 0.064, 0.994, 0, 1.015, 0.998, 0.055
Node_Bact37_Bact33_0, 0.017, 0, 0.041, 0.023, 0.017, 0, 0.017, 0.005, 0.02
Node_Bact37_Bact42_0, 0.013, 0.001, 0.045, 0.057, 0.013, 0, 0.013, 0, 0.04
Node_Bact3_Bact12_0, 0.011, 0, 0.038, 0.019, 0.011, 0, 0.011, 0.005, 0.016
Node_Bact3_Bact13_0, 0.019, 0, 0.027, 0.028, 0.019, 0, 0.019, 0.001, 0.033
Node_Bact3_Bact14_0, 0.169, 0, 0.046, 0.056, 0.165, 0, 0.169, 0.006, 0.196
Node_Bact3_Bact18_0, 0.013, 0.001, 0.025, 0.031, 0.012, 0, 0.013, 0.003, 0.026
Node_Bact40_Bact41_0, 1.023, 0.014, 0.06, 0.53, 1, 0, 1.023, 0.315, 0.725
Node_Bact5_Bact16_0, 0.011, 0, 0.233, 0.058, 0.011, 0, 0.011, 0.003, 0.04
Node_Bact7_Bact8_0, 0.013, 0, 0.06, 0.062, 0.013, 0, 0.013, 0.002, 0.051
Node_Bdell12_Bdell3_0, 1.028, 0.011, 0.086, 0.313, 1, 0, 1.028, 0.319, 0.745
Node_Bdell13_Bdell12_0, 0.358, 0, 0.114, 0.163, 0.338, 0, 0.358, 0.214, 0.157
Node_Bdell14_Bdell11_0, 0.999, 0, 0.051, 0.046, 0.981, 0, 0.999, 0.98, 0.04
Node_Bdell14_Bdell4_0, 1.02, 0.002, 0.036, 0.047, 1, 0, 1.02, 0.987, 0.055
Node_Bdell15_Bdell14_0, 1.01, 0.002, 0.049, 0.046, 0.977, 0, 1.01, 0.982, 0.041
Node_Bdell15_Bdell7_0, 0.128, 0.002, 1.021, 0.072, 0.124, 0, 0.128, 0.018, 0.137
Node_Bdell15_Bdell9_0, 0.249, 0, 0.098, 0.096, 0.246, 0, 0.249, 0.064, 0.219
Node_Bdell17_Bdell15_0, 1.016, 0.003, 0.077, 0.059, 0.983, 0, 1.016, 0.454, 0.566
Node_Bdell17_Bdell16_0, 1.015, 0.004, 0.077, 0.082, 1, 0, 1.015, 0.982, 0.072
Node_Bdell2_Bdell10_0, 0.01, 0, 0.035, 0.034, 0.01, 0, 0.01, 0.005, 0.014
Node_Bdell6_Bdell17_0, 0.524, 0.002, 0.228, 0.142, 0.473, 0, 0.524, 0.409, 0.12
Node_Bdell6_Bdell2_0, 0.031, 0.001, 0.508, 0.055, 0.031, 0, 0.031, 0.025, 0.014
Node_Bdell6_UBA1X6_0, 0.63, 0.002, 0.787, 0.284, 0.504, 0, 0.63, 0.503, 0.136
Node_Bdell7_Bdell5_0, 0.272, 0.003, 0.083, 0.139, 0.267, 0, 0.272, 0.067, 0.224
Node_BdellC1_BdellC2_0, 0.041, 0.001, 0.338, 0.118, 0.041, 0, 0.041, 0.029, 0.039
Node_Bipo1_Bipo2_0, 0.382, 0, 0.84, 0.27, 0.342, 0, 0.382, 0.104, 0.297
Node_Bipo1_Therg8_0, 0.925, 0.052, 0.666, 0.407, 0.792, 0, 0.925, 0.754, 0.08
Node_CG294X1_CG267X1_0, 0.992, 0.001, 0.31, 0.239, 0.956, 0, 0.992, 0.98, 0.017
Node_Calda2_Calda1_0, 0.266, 0, 0.793, 0.3, 0.252, 0, 0.266, 0.153, 0.122
Node_Caldit2_Caldit1_0, 0.024, 0, 0.063, 0.065, 0.024, 0, 0.024, 0.006, 0.047
Node_Caldit2_Caldit3_0, 0.04, 0, 0.05, 0.042, 0.04, 0, 0.04, 0.007, 0.055
Node_Camp14_Camp15_0, 1.082, 0.004, 0.892, 0.353, 0.988, 0, 1.082, 0.362, 0.765
Node_Camp1_Camp2_0, 0.655, 0.15, 0.05, 0.324, 0.489, 0, 0.655, 0.055, 0.459
Node_Camp1_Camp3_0, 0.35, 0.003, 0.351, 0.195, 0.229, 0, 0.35, 0.323, 0.043
Node_Camp1_Camp9_0, 0.096, 0.003, 0.09, 0.102, 0.09, 0, 0.096, 0.065, 0.033
Node_Camp1_UBP6X1_0, 0.15, 0, 0.332, 0.222, 0.141, 0, 0.15, 0.139, 0.014
Node_Camp2_Camp11_0, 1.283, 0.125, 0.057, 0.617, 0.978, 0, 1.283, 0.59, 0.56
Node_Camp2_Camp13_0, 1.029, 0.008, 1.075, 0.094, 0.997, 0, 1.029, 0.329, 0.719
Node_Camp2_Camp4_0, 1.377, 0.017, 0.155, 0.106, 0.981, 0, 1.377, 1.189, 0.181
Node_Camp2_Camp5_0, 1.291, 0.027, 0.145, 0.109, 0.98, 0, 1.291, 1.141, 0.126
Node_Camp2_Camp7_0, 1.334, 0.116, 0.203, 0.131, 0.988, 0, 1.334, 1.03, 0.13
Node_Camp4_Camp16_0, 1.117, 0.042, 0.373, 0.119, 0.985, 0, 1.117, 0.999, 0.071
Node_Camp5_Camp10_0, 1.152, 0.004, 0.221, 0.244, 0.925, 0, 1.152, 0.951, 0.215
Node_Camp5_Camp12_0, 1.154, 0.006, 0.337, 0.24, 0.91, 0, 1.154, 0.973, 0.194
Node_Camp7_Camp14_0, 1.205, 0.007, 0.3, 0.344, 0.99, 0, 1.205, 1.066, 0.164
Node_Camp9_Camp6_0, 0.18, 0, 0.104, 0.075, 0.175, 0, 0.18, 0.017, 0.188
Node_Chlo12_Chlo24_0, 0.49, 0.001, 1.657, 0.368, 0.412, 0, 0.49, 0.19, 0.323
Node_Chlo26_Chlo11_0, 1.264, 0.014, 0.149, 0.226, 0.986, 0, 1.264, 0.308, 0.959
Node_Chlo26_Chlo9_0, 0.44, 0.004, 0.392, 0.295, 0.378, 0, 0.44, 0.219, 0.23
Node_Chlo30_Chlo20_0, 1.061, 0.004, 0.653, 0.17, 0.999, 0, 1.061, 0.918, 0.159
Node_Chlo30_Chlo23_0, 1.551, 0.152, 0.124, 0.329, 0.991, 0, 1.551, 1.181, 0.101
Node_Chlo30_Chlo36_0, 1.422, 0.146, 0.091, 0.388, 0.975, 0, 1.422, 1.059, 0.09
Node_Chlo30_Chlo37_0, 1.012, 0, 0.072, 0.059, 0.999, 0, 1.012, 1.004, 0.023
Node_Chlo30_Chlo38_0, 0.613, 0.007, 0.044, 0.134, 0.491, 0, 0.613, 0.419, 0.19
Node_Chlo30_Chlo41_0, 1.215, 0.01, 0.03, 0.286, 0.78, 0, 1.215, 0.588, 0.622
Node_Chlo30_Chlo43_0, 1.318, 0.036, 0.457, 0.45, 0.966, 0, 1.318, 0.753, 0.524
Node_Chlo30_Chlo6_0, 1.277, 0.21, 0.321, 0.956, 0.96, 0, 1.277, 0.825, 0.07
Node_Chlo30_Dorm2_0, 0.46, 0.002, 0.118, 0.178, 0.391, 0, 0.46, 0.374, 0.09
Node_Chlo31_Chlo25_0, 0.03, 0.001, 0.092, 0.085, 0.03, 0, 0.03, 0.01, 0.05
Node_Chlo35_Chlo21_0, 2.834, 0.02, 0.107, 0.254, 1, 0, 2.834, 2.725, 0.088
Node_Chlo36_Chlo13_0, 0.943, 0.009, 0.078, 0.363, 0.808, 0, 0.943, 0.732, 0.223
Node_Chlo36_Chlo14_0, 0.378, 0.002, 0.263, 0.114, 0.361, 0, 0.378, 0.274, 0.116
Node_Chlo36_Chlo28_0, 0.523, 0.002, 0.055, 0.116, 0.444, 0, 0.523, 0.3, 0.234
Node_Chlo36_Chlo33_0, 0.342, 0.002, 0.285, 0.194, 0.308, 0, 0.342, 0.285, 0.074
Node_Chlo36_Chlo40_0, 0.619, 0.003, 0.725, 0.505, 0.502, 0, 0.619, 0.243, 0.398
Node_Chlo36_Chlo5_0, 0.789, 0.006, 0.051, 0.15, 0.732, 0, 0.789, 0.344, 0.456
Node_Chlo36_Chlo8_0, 0.551, 0.003, 1.09, 0.25, 0.47, 0, 0.551, 0.344, 0.216
Node_Chlo38_Chlo19_0, 0.025, 0, 0.1, 0.084, 0.024, 0, 0.025, 0.008, 0.054
Node_Chlo38_Chlo31_0, 0.071, 0.001, 0.567, 0.187, 0.069, 0, 0.071, 0.062, 0.024
Node_Chlo41_Chlo29_0, 1.089, 0.013, 0.506, 0.176, 1, 0, 1.089, 0.992, 0.081
Node_Chlo41_Chlo32_0, 1.139, 0, 0.058, 0.076, 0.998, 0, 1.139, 1.04, 0.108
Node_Chlo41_Chlo39_0, 1.019, 0.005, 0.082, 0.072, 1, 0, 1.019, 0.947, 0.102
Node_Chlo41_Chlo44_0, 0.488, 0.005, 1.031, 0.158, 0.43, 0, 0.488, 0.125, 0.375
Node_Chlo41_Chlo4_0, 1.501, 0.018, 0.432, 0.527, 0.972, 0, 1.501, 0.797, 0.7
Node_Chlo41_Chlo7_0, 0.994, 0.016, 0.229, 0.328, 0.945, 0, 0.994, 0.278, 0.719
Node_Chlo42_Chlo34_0, 1.019, 0.019, 0.066, 0.328, 0.999, 0, 1.019, 0.285, 0.75
Node_Chlo43_Chlo42_0, 0.316, 0.006, 0.48, 0.145, 0.303, 0, 0.316, 0.101, 0.235
Node_Chlo43_Chlo45_0, 1.265, 0.005, 0.15, 0.134, 0.972, 0, 1.265, 1.173, 0.092
Node_Chlo43_Chlo47_0, 0.555, 0.05, 1.009, 0.129, 0.43, 0, 0.555, 0.252, 0.249
Node_Chlo44_Chlo17_0, 0.945, 0, 0.122, 0.103, 0.92, 0, 0.945, 0.916, 0.06
Node_Chlo44_Chlo22_0, 1.007, 0.017, 0.237, 0.392, 0.929, 0, 1.007, 0.265, 0.739
Node_Chlo45_Chlo27_0, 1.029, 0.003, 0.308, 0.144, 1, 0, 1.029, 0.976, 0.069
Node_Chlo45_Chlo46_0, 1.019, 0, 0.048, 0.045, 1, 0, 1.019, 1.007, 0.038
Node_Chlo47_Chlo48_0, 2.295, 0.948, 0.128, 0.172, 1, 0, 2.295, 0.224, 0.92
Node_Chlo48_Chlo10_0, 2.035, 0.002, 0.305, 0.078, 1, 0, 2.035, 2.014, 0.043
Node_Chlo4_Chlo12_0, 1.823, 0.019, 0.134, 0.419, 0.977, 0, 1.823, 1.371, 0.437
Node_Chlo4_Chlo35_0, 2.833, 0.082, 0.156, 0.769, 1, 0, 2.833, 1.663, 1.084
Node_Chlo5_Chlo16_0, 0.766, 0.007, 0.139, 0.531, 0.745, 0, 0.766, 0.675, 0.109
Node_Chlo6_Chlo18_0, 0.719, 0.009, 0.198, 0.33, 0.608, 0, 0.719, 0.434, 0.31
Node_Chlo6_Chlo26_0, 0.598, 0.017, 0.796, 0.52, 0.533, 0, 0.598, 0.484, 0.1
Node_Chlo7_Chlo15_0, 0.974, 0.015, 0.105, 0.837, 0.945, 0, 0.974, 0.915, 0.07
Node_Chry1_Aqui2_0, 0.963, 0.024, 2.865, 1.446, 0.649, 0, 0.963, 0.919, 0.013
Node_Chry1_Defe3_0, 0.231, 0, 0.743, 0.543, 0.213, 0, 0.231, 0.224, 0.011
Node_Cyan10_Cyan35_0, 1.776, 0.003, 0.723, 0.293, 0.97, 0, 1.776, 1.589, 0.199
Node_Cyan10_Cyan45_0, 1.894, 0.003, 0.87, 0.282, 1, 0, 1.894, 0.918, 0.985
Node_Cyan10_Cyan46_0, 2.297, 0.331, 0.827, 0.572, 1, 0, 2.297, 1.568, 0.084
Node_Cyan11_Cyan26_0, 1.474, 0.011, 0.179, 0.541, 1, 0, 1.474, 1.364, 0.113
Node_Cyan12_Cyan13_0, 1.673, 0.649, 0.075, 0.154, 1, 0, 1.673, 0.353, 0.059
Node_Cyan13_Cyan18_0, 1.701, 0.001, 0.057, 0.059, 0.999, 0, 1.701, 1.649, 0.084
Node_Cyan14_Cyan15_0, 2.464, 0.026, 1.062, 0.686, 1, 0, 2.464, 1.748, 0.714
Node_Cyan14_Cyan16_0, 2.786, 0.013, 0.074, 0.413, 1, 0, 2.786, 2.549, 0.263
Node_Cyan14_Cyan23_0, 2.584, 0.015, 0.521, 0.508, 0.999, 0, 2.584, 2.401, 0.173
Node_Cyan16_Cyan29_0, 1.09, 0.002, 1.776, 0.296, 0.999, 0, 1.09, 1.051, 0.078
Node_Cyan19_Cyan22_0, 3.03, 0.009, 0.877, 0.11, 1, 0, 3.03, 2.926, 0.098
Node_Cyan19_Cyan47_0, 1.201, 0.001, 1.943, 0.194, 0.998, 0, 1.201, 1.1, 0.113
Node_Cyan28_chloroArabidopsis_0, 0.943, 0.001, 0.997, 0.199, 0.935, 0, 0.943, 0.926, 0.023
Node_Cyan2_Cyan1_0, 1.025, 0.001, 0.127, 0.078, 0.995, 0, 1.025, 1.012, 0.029
Node_Cyan31_Cyan34_0, 1.33, 0.007, 0.317, 0.241, 0.994, 0, 1.33, 1.085, 0.268
Node_Cyan33_Cyan21_0, 1.019, 0.006, 0.342, 0.081, 0.996, 0, 1.019, 0.994, 0.056
Node_Cyan38_Cyan28_0, 1.916, 0.004, 0.579, 0.2, 1, 0, 1.916, 1.903, 0.021
Node_Cyan40_Arma4_0, 1.874, 0.123, 1.02, 0.642, 0.952, 0, 1.874, 1.559, 0.102
Node_Cyan40_Cyan10_0, 2.709, 0.134, 0.068, 0.162, 1, 0, 2.709, 2.321, 0.158
Node_Cyan40_Cyan11_0, 1.529, 0.019, 1.049, 0.3, 0.999, 0, 1.529, 1.394, 0.132
Node_Cyan40_Cyan14_0, 2.917, 0.12, 1.108, 0.2, 1, 0, 2.917, 2.615, 0.105
Node_Cyan40_Cyan19_0, 3.8, 0.325, 0.036, 0.242, 1, 0, 3.8, 2.732, 0.457
Node_Cyan40_Cyan20_0, 1.365, 0.319, 0.364, 0.213, 1, 0, 1.365, 0.732, 0.013
Node_Cyan40_Cyan24_0, 2.485, 0.08, 0.561, 0.239, 0.999, 0, 2.485, 2.293, 0.049
Node_Cyan40_Cyan25_0, 2.427, 0.012, 0.38, 0.176, 1, 0, 2.427, 2.351, 0.086
Node_Cyan40_Cyan27_0, 1.323, 0.005, 0.437, 0.514, 0.996, 0, 1.323, 1.124, 0.226
Node_Cyan40_Cyan2_0, 1.122, 0.027, 0.205, 0.589, 0.998, 0, 1.122, 0.769, 0.322
Node_Cyan40_Cyan36_0, 3.054, 0.584, 0.099, 0.807, 1, 0, 3.054, 1.924, 0.099
Node_Cyan40_Cyan37_0, 2.403, 1.362, 0.361, 0.494, 0.999, 0, 2.403, 0.13, 0.026
Node_Cyan40_Cyan38_0, 2.47, 0.025, 0.031, 0.059, 1, 0, 2.47, 2.363, 0.073
Node_Cyan40_Cyan42_0, 1.376, 0.044, 0.058, 0.131, 1, 0, 1.376, 1.283, 0.025
Node_Cyan40_Cyan7_0, 1.397, 0.34, 0.072, 0.223, 1, 0, 1.397, 0.719, 0.007
Node_Cyan40_Marg1_0, 0.978, 0.012, 0.658, 0.536, 0.771, 0, 0.978, 0.725, 0.237
Node_Cyan40_Therd1_0, 1.387, 0.017, 0.622, 0.643, 0.9, 0, 1.387, 1.253, 0.118
Node_Cyan42_Cyan3_0, 1.03, 0.005, 0.405, 0.215, 1, 0, 1.03, 0.992, 0.054
Node_Cyan46_Cyan30_0, 1.867, 0.016, 0.521, 0.172, 0.998, 0, 1.867, 1.777, 0.075
Node_Cyan46_Cyan31_0, 1.372, 0.034, 0.781, 0.162, 0.999, 0, 1.372, 1.089, 0.252
Node_Cyan46_Cyan32_0, 0.75, 0.043, 1.052, 0.069, 0.554, 0, 0.75, 0.31, 0.403
Node_Cyan46_Cyan33_0, 1.299, 0.006, 0.137, 0.061, 1, 0, 1.299, 1.254, 0.058
Node_Cyan46_Cyan41_0, 1.356, 0.003, 0.051, 0.052, 1, 0, 1.356, 1.271, 0.105
Node_Cyan47_Cyan43_0, 1.682, 0.003, 0.049, 0.168, 1, 0, 1.682, 1.175, 0.527
Node_Cyan47_Cyan44_0, 3.037, 0.022, 0.475, 0.786, 1, 0, 3.037, 1.257, 1.808
Node_Cyan4_Cyan8_0, 1.041, 0.014, 0.443, 0.887, 0.96, 0, 1.041, 0.959, 0.082
Node_Cyan4_Cyan9_0, 0.476, 0.003, 0.9, 0.382, 0.41, 0, 0.476, 0.168, 0.332
Node_Cyan7_Cyan12_0, 1.04, 0.004, 0.392, 0.128, 1, 0, 1.04, 1.005, 0.04
Node_Cyan7_Cyan4_0, 1.388, 0.008, 0.046, 0.185, 0.999, 0, 1.388, 1.353, 0.029
Node_DTU0X1_SLNR1_0, 0.428, 0.006, 1.957, 0.375, 0.394, 0, 0.428, 0.32, 0.111
Node_Defe3_Defe1_0, 1.052, 0.008, 0.217, 0.209, 0.999, 0, 1.052, 0.039, 1.03
Node_Defe3_Defe2_0, 1.023, 0.016, 0.085, 0.994, 1, 0, 1.023, 0.991, 0.04
Node_Dein4_Dein2_0, 1.1, 0.009, 0.12, 0.065, 1, 0, 1.1, 1.066, 0.038
Node_Dein4_Dein6_0, 1.018, 0.022, 0.159, 0.98, 1, 0, 1.018, 0.976, 0.055
Node_Dein5_Bipo1_0, 1.459, 0.02, 0.318, 0.364, 1, 0, 1.459, 1.373, 0.048
Node_Dein5_Dein1_0, 1.969, 0.001, 0.071, 0.068, 1, 0, 1.969, 1.958, 0.043
Node_Dein5_Dein4_0, 1.173, 0.093, 0.457, 0.227, 0.999, 0, 1.173, 0.959, 0.078
Node_Dein5_Dein7_0, 1.996, 0.004, 0.146, 0.071, 1, 0, 1.996, 1.055, 0.965
Node_Dein7_Dein3_0, 1.016, 0.002, 1.011, 0.046, 1, 0, 1.016, 1.005, 0.029
Node_DesuB1_DesuB2_0, 1.51, 0.005, 0.072, 0.092, 0.999, 0, 1.51, 1.235, 0.295
Node_DesuB4_BdellC1_0, 0.339, 0.011, 0.972, 0.204, 0.307, 0, 0.339, 0.244, 0.085
Node_DesuB4_DesuB1_0, 1.282, 0.44, 0.076, 0.226, 0.797, 0, 1.282, 0.168, 0.579
Node_DesuB4_DesuB3_0, 2.973, 0.95, 0.6, 0.468, 1, 0, 2.973, 0.702, 1.341
Node_DesuB4_Desua5_0, 1.215, 0.002, 0.715, 0.286, 0.9, 0, 1.215, 1.151, 0.068
Node_DesuB4_Myxo10_0, 1.86, 0.01, 1.244, 0.515, 0.961, 0, 1.86, 1.726, 0.124
Node_DesuC2_DesuC1_0, 1.06, 0.011, 0.757, 0.432, 1, 0, 1.06, 0.484, 0.601
Node_DesuC2_Desua47_0, 1.205, 0.011, 0.953, 0.613, 0.795, 0, 1.205, 1.087, 0.11
Node_DesuD2_DesuD1_0, 1.165, 0.016, 0.661, 0.694, 0.999, 0, 1.165, 0.485, 0.713
Node_Desua11_Desua27_0, 1.601, 0.002, 0.063, 0.224, 1, 0, 1.601, 1.231, 0.403
Node_Desua16_Desua15_0, 0.023, 0.002, 0.079, 0.071, 0.023, 0, 0.023, 0.011, 0.055
Node_Desua16_Desua20_0, 0.269, 0.002, 1.037, 0.565, 0.252, 0, 0.269, 0.259, 0.021
Node_Desua16_Desua24_0, 0.045, 0, 0.104, 0.088, 0.045, 0, 0.045, 0.03, 0.05
Node_Desua16_Desua6_0, 1.283, 0.1, 1.036, 0.543, 0.883, 0, 1.283, 1.006, 0.094
Node_Desua16_Desua9_0, 0.099, 0, 0.218, 0.211, 0.098, 0, 0.099, 0.078, 0.048
Node_Desua1_Desua34_0, 0.307, 0.002, 0.105, 0.165, 0.286, 0, 0.307, 0.044, 0.302
Node_Desua1_Desua3_0, 0.108, 0, 0.401, 0.178, 0.104, 0, 0.108, 0.09, 0.028
Node_Desua1_Desua43_0, 0.481, 0.018, 0.632, 0.321, 0.402, 0, 0.481, 0.305, 0.16
Node_Desua22_Desua10_0, 1.804, 0.01, 0.209, 0.219, 0.999, 0, 1.804, 1.701, 0.111
Node_Desua22_Desua13_0, 1.892, 0.007, 0.26, 0.24, 0.996, 0, 1.892, 1.786, 0.104
Node_Desua22_Desua14_0, 2.061, 0.017, 0.081, 0.343, 0.999, 0, 2.061, 1.744, 0.321
Node_Desua22_Desua16_0, 2.125, 0.04, 0.504, 0.98, 0.978, 0, 2.125, 1.711, 0.366
Node_Desua22_Desua23_0, 1.078, 0.007, 1.029, 0.39, 0.989, 0, 1.078, 1.057, 0.039
Node_Desua22_Desua26_0, 2.041, 0.024, 0.312, 0.542, 0.997, 0, 2.041, 1.781, 0.239
Node_Desua22_Desua4_0, 2.09, 0.022, 0.247, 0.543, 0.974, 0, 2.09, 1.878, 0.19
Node_Desua26_Desua30_0, 2.056, 0.01, 0.223, 0.763, 0.998, 0, 2.056, 1.835, 0.228
Node_Desua28_Desua35_0, 1.081, 0.023, 0.477, 1.164, 1, 0, 1.081, 0.225, 0.876
Node_Desua2_Desua8_0, 1.67, 0.012, 0.446, 0.592, 1, 0, 1.67, 1.056, 0.628
Node_Desua36_Desua38_0, 1.024, 0.005, 0.122, 0.09, 1, 0, 1.024, 1.002, 0.042
Node_Desua36_Desua39_0, 1.099, 0.01, 0.473, 0.461, 0.999, 0, 1.099, 0.411, 0.709
Node_Desua40_Desua31_0, 0.911, 0.006, 0.334, 0.294, 0.895, 0, 0.911, 0.892, 0.036
Node_Desua42_Desua11_0, 1.259, 0.005, 0.111, 0.131, 1, 0, 1.259, 1.146, 0.143
Node_Desua42_Desua12_0, 1.222, 0.042, 0.138, 0.092, 1, 0, 1.222, 1.112, 0.039
Node_Desua43_Desua50_0, 1.687, 0.014, 0.072, 0.373, 0.999, 0, 1.687, 1.442, 0.245
Node_Desua43_Desua52_0, 1.286, 0.015, 0.7, 0.769, 1, 0, 1.286, 1.01, 0.284
Node_Desua43_Desua54_0, 1.5, 0.536, 0.194, 0.387, 0.869, 0, 1.5, 0.202, 0.677
Node_Desua44_Desua36_0, 0.853, 0.004, 0.812, 0.667, 0.626, 0, 0.853, 0.504, 0.369
Node_Desua46_Desua25_0, 1.268, 0.014, 0.418, 0.723, 0.977, 0, 1.268, 1.041, 0.253
Node_Desua47_Desua29_0, 2.852, 0.003, 0.063, 0.067, 1, 0, 2.852, 2.784, 0.103
Node_Desua47_Desua37_0, 2.037, 0.021, 0.135, 0.49, 1, 0, 2.037, 1.284, 0.762
Node_Desua47_Desua41_0, 2.809, 0.795, 0.072, 0.081, 1, 0, 2.809, 1.208, 0.049
Node_Desua47_Desua53_0, 1.389, 0.018, 0.555, 0.768, 0.998, 0, 1.389, 0.669, 0.721
Node_Desua48_Desua33_0, 2.081, 0.011, 1.042, 0.7, 1, 0, 2.081, 0.405, 1.693
Node_Desua48_Desua40_0, 1.203, 0.091, 0.167, 0.147, 0.998, 0, 1.203, 0.989, 0.046
Node_Desua48_Desua42_0, 1.279, 0.055, 0.051, 0.066, 1, 0, 1.279, 1.105, 0.072
Node_Desua48_Desua46_0, 1.419, 0.015, 0.236, 0.541, 0.979, 0, 1.419, 1.058, 0.361
Node_Desua49_Desua21_0, 1.034, 0.006, 0.299, 0.306, 1, 0, 1.034, 1.012, 0.035
Node_Desua49_Desua32_0, 1.178, 0.047, 0.045, 0.059, 1, 0, 1.178, 1.054, 0.042
Node_Desua49_Desua44_0, 1.292, 0.013, 0.049, 0.287, 1, 0, 1.292, 1.144, 0.15
Node_Desua4_Desua1_0, 0.935, 0.008, 1.473, 0.5, 0.665, 0, 0.935, 0.628, 0.31
Node_Desua4_Desua48_0, 1.233, 0.09, 0.386, 0.407, 0.996, 0, 1.233, 0.547, 0.594
Node_Desua4_Desua49_0, 1.134, 0.009, 0.137, 0.079, 0.998, 0, 1.134, 1.101, 0.029
Node_Desua53_Desua51_0, 1.392, 0.008, 0.348, 0.346, 0.999, 0, 1.392, 1.08, 0.343
Node_Desua6_Desua19_0, 1.944, 0.55, 0.469, 2.107, 0.965, 0, 1.944, 0.63, 0.387
Node_Desua6_Desua2_0, 1.476, 0.105, 0.155, 0.56, 0.935, 0, 1.476, 1.073, 0.243
Node_Desua6_Desua7_0, 2.798, 0.02, 0.116, 0.621, 1, 0, 2.798, 1.865, 0.95
Node_Desua9_Desua17_0, 0.03, 0, 0.063, 0.065, 0.03, 0, 0.03, 0.014, 0.048
Node_Desua9_Desua18_0, 0.045, 0, 0.112, 0.087, 0.044, 0, 0.045, 0.023, 0.058
Node_Dorm2_Dorm1_0, 0.021, 0, 0.064, 0.069, 0.021, 0, 0.021, 0.003, 0.055
Node_Dorm2_Dorm3_0, 0.049, 0, 0.429, 0.116, 0.049, 0, 0.049, 0.041, 0.018
Node_Dorm2_Dorm4_0, 0.038, 0.001, 0.063, 0.061, 0.038, 0, 0.038, 0.01, 0.051
Node_Dorm2_Dorm5_0, 0.03, 0, 0.059, 0.056, 0.029, 0, 0.03, 0.009, 0.051
Node_Eise2_Eise1_0, 1.551, 0.012, 0.096, 0.52, 0.991, 0, 1.551, 1.361, 0.21
Node_Eise4_Eise2_0, 1.425, 0.386, 0.075, 0.518, 0.983, 0, 1.425, 0.214, 0.696
Node_Eise4_Eise3_0, 1.447, 0.012, 0.141, 0.618, 0.986, 0, 1.447, 1.318, 0.151
Node_Elus1_Elus2_0, 1.706, 0.006, 1.13, 0.417, 0.968, 0, 1.706, 1.657, 0.047
Node_Elus2_Elus3_0, 0.931, 0.002, 0.809, 0.243, 0.859, 0, 0.931, 0.903, 0.032
Node_Elus2_Elus5_0, 0.889, 0.003, 0.085, 0.14, 0.872, 0, 0.889, 0.852, 0.04
Node_Elus3_Elus4_0, 0.068, 0, 0.066, 0.064, 0.065, 0, 0.068, 0.031, 0.049
Node_Elus3_Elus6_0, 0.36, 0.002, 0.129, 0.11, 0.335, 0, 0.36, 0.093, 0.29
Node_Elus3_Elus7_0, 0.085, 0, 0.875, 0.144, 0.084, 0, 0.085, 0.065, 0.029
Node_Elus3_Elus9_0, 0.197, 0.001, 0.035, 0.052, 0.177, 0, 0.197, 0.046, 0.163
Node_Elus6_Elus8_0, 0.439, 0.001, 0.284, 0.117, 0.394, 0, 0.439, 0.103, 0.362
Node_Elus9_Elus10_0, 0.424, 0.002, 0.128, 0.105, 0.372, 0, 0.424, 0.096, 0.353
Node_Erem4_Erem5_0, 0.956, 0, 0.183, 0.077, 0.935, 0, 0.956, 0.935, 0.059
Node_Erem6_Erem2_0, 0.41, 0.003, 0.173, 0.231, 0.378, 0, 0.41, 0.25, 0.165
Node_Erem6_Erem3_0, 1.197, 0.043, 0.065, 0.346, 0.983, 0, 1.197, 0.361, 0.809
Node_Erem6_Erem4_0, 1.08, 0.004, 0.191, 0.139, 1, 0, 1.08, 1.037, 0.07
Node_FCPU1_FCPU2_0, 1.08, 0.003, 0.641, 0.281, 1, 0, 1.08, 0.413, 0.696
Node_Ferm1_Eise4_0, 0.418, 0.028, 0.125, 0.184, 0.369, 0, 0.418, 0.213, 0.171
Node_Ferm1_GemmA1_0, 0.161, 0, 0.305, 0.158, 0.154, 0, 0.161, 0.121, 0.048
Node_Ferm1_Krum1_0, 0.19, 0.003, 0.087, 0.14, 0.188, 0, 0.19, 0.087, 0.113
Node_Fibr4_Fibr2_0, 0.968, 0.1, 0.576, 0.83, 0.767, 0, 0.968, 0.557, 0.266
Node_Fibr4_Fibr3_0, 0.932, 0.012, 0.097, 0.401, 0.669, 0, 0.932, 0.469, 0.456
Node_Fibr4_Fibr5_0, 0.861, 0.018, 0.581, 0.551, 0.693, 0, 0.861, 0.36, 0.492
Node_Fibr4_Fibr6_0, 1.178, 0.019, 0.146, 0.88, 0.797, 0, 1.178, 0.731, 0.444
Node_Fibr5_Fibr1_0, 0.768, 0.005, 0.272, 0.343, 0.693, 0, 0.768, 0.612, 0.174
Node_FirmA102_FirmA76_0, 1.858, 0.066, 0.947, 1.397, 1, 0, 1.858, 1.681, 0.077
Node_FirmA104_FirmA78_0, 0.254, 0, 0.537, 0.249, 0.235, 0, 0.254, 0.115, 0.153
Node_FirmA106_FirmA114_0, 1.367, 0.012, 0.151, 0.51, 0.999, 0, 1.367, 1.112, 0.259
Node_FirmA109_FirmA77_0, 1.445, 0.01, 0.346, 0.564, 0.924, 0, 1.445, 0.98, 0.482
Node_FirmA109_FirmA95_0, 1.062, 0.006, 0.6, 0.485, 0.883, 0, 1.062, 0.88, 0.211
Node_FirmA114_FirmA98_0, 1.126, 0.016, 0.983, 0.822, 1, 0, 1.126, 0.42, 0.726
Node_FirmA11_FirmA67_0, 1.696, 0.016, 1.692, 0.763, 0.975, 0, 1.696, 1.654, 0.025
Node_FirmA12_FirmA93_0, 1.363, 0.016, 0.163, 0.664, 0.964, 0, 1.363, 1.017, 0.348
Node_FirmA14_FirmA113_0, 0.246, 0.005, 0.403, 0.25, 0.236, 0, 0.246, 0.027, 0.239
Node_FirmA18_FirmA103_0, 0.507, 0.004, 1.8, 0.876, 0.433, 0, 0.507, 0.352, 0.184
Node_FirmA20_FirmA100_0, 0.192, 0.001, 0.092, 0.083, 0.19, 0, 0.192, 0.053, 0.164
Node_FirmA20_FirmA24_0, 1.685, 0.025, 1.028, 0.787, 0.945, 0, 1.685, 1.614, 0.045
Node_FirmA20_FirmA25_0, 0.264, 0.001, 0.968, 0.357, 0.241, 0, 0.264, 0.229, 0.051
Node_FirmA20_FirmA38_0, 1.18, 0.014, 0.58, 0.798, 0.863, 0, 1.18, 1.114, 0.061
Node_FirmA20_FirmA52_0, 0.119, 0, 0.205, 0.111, 0.114, 0, 0.119, 0.071, 0.06
Node_FirmA21_FirmA108_0, 1.185, 0.005, 0.608, 0.135, 0.843, 0, 1.185, 1.099, 0.095
Node_FirmA21_FirmA47_0, 0.891, 0.011, 0.812, 0.236, 0.806, 0, 0.891, 0.39, 0.507
Node_FirmA21_FirmA88_0, 1.693, 0.243, 0.101, 0.097, 1, 0, 1.693, 1.159, 0.066
Node_FirmA24_FirmA1_0, 0.903, 0.005, 0.86, 0.529, 0.777, 0, 0.903, 0.833, 0.073
Node_FirmA24_FirmA8_0, 0.395, 0.002, 0.712, 0.342, 0.354, 0, 0.395, 0.21, 0.202
Node_FirmA25_FirmA56_0, 0.372, 0.001, 0.201, 0.143, 0.326, 0, 0.372, 0.083, 0.308
Node_FirmA26_FirmA102_0, 2.662, 0.405, 0.782, 0.709, 1, 0, 2.662, 1.733, 0.169
Node_FirmA26_FirmA2_0, 2.87, 0.284, 0.37, 0.484, 1, 0, 2.87, 2.199, 0.122
Node_FirmA26_FirmA41_0, 2.284, 0.011, 1.28, 1.076, 0.997, 0, 2.284, 1.639, 0.663
Node_FirmA26_FirmA7_0, 2.89, 0.14, 0.194, 1.45, 1, 0, 2.89, 2.388, 0.282
Node_FirmA27_FirmA71_0, 1.066, 0.019, 1.106, 0.743, 0.995, 0, 1.066, 0.112, 0.971
Node_FirmA27_FirmA89_0, 1.182, 0.042, 0.124, 0.2, 0.976, 0, 1.182, 1.052, 0.055
Node_FirmA28_FirmA94_0, 1.124, 0.006, 0.454, 0.109, 1, 0, 1.124, 1.086, 0.046
Node_FirmA29_FirmA51_0, 0.115, 0, 1.003, 0.318, 0.11, 0, 0.115, 0.098, 0.049
Node_FirmA38_FirmA32_0, 1.138, 0.008, 0.257, 0.704, 0.865, 0, 1.138, 0.932, 0.207
Node_FirmA43_FirmA39_0, 1.409, 0.015, 0.175, 0.609, 1, 0, 1.409, 0.959, 0.456
Node_FirmA45_FirmA40_0, 0.956, 0.004, 0.485, 0.461, 0.682, 0, 0.956, 0.33, 0.651
Node_FirmA50_FirmA70_0, 1.043, 0.002, 0.305, 0.176, 1, 0, 1.043, 0.364, 0.699
Node_FirmA52_FirmA107_0, 0.35, 0.002, 0.054, 0.08, 0.319, 0, 0.35, 0.063, 0.306
Node_FirmA52_FirmA42_0, 0.096, 0.001, 0.118, 0.079, 0.093, 0, 0.096, 0.023, 0.094
Node_FirmA53_FirmA35_0, 1.026, 0.003, 0.205, 0.06, 1, 0, 1.026, 1.008, 0.037
Node_FirmA55_FirmA29_0, 1.069, 0.005, 0.897, 0.577, 0.852, 0, 1.069, 1.004, 0.077
Node_FirmA58_FirmA43_0, 1.113, 0.021, 0.186, 0.654, 0.907, 0, 1.113, 0.882, 0.229
Node_FirmA59_FirmA36_0, 1.215, 0.008, 1.048, 0.353, 0.856, 0, 1.215, 0.994, 0.234
Node_FirmA59_FirmA44_0, 2.021, 0.011, 1.191, 0.436, 0.985, 0, 2.021, 1.973, 0.039
Node_FirmA59_FirmA48_0, 1.354, 0.01, 0.206, 0.414, 0.89, 0, 1.354, 1.034, 0.335
Node_FirmA60_FirmA74_0, 1.109, 0.008, 1.154, 0.268, 1, 0, 1.109, 1.01, 0.121
Node_FirmA61_FirmA66_0, 2.93, 0.008, 0.083, 0.418, 1, 0, 2.93, 2.884, 0.067
Node_FirmA62_FirmA104_0, 0.638, 0.006, 0.966, 0.368, 0.525, 0, 0.638, 0.381, 0.259
Node_FirmA62_FirmA58_0, 1.049, 0.028, 0.146, 0.524, 0.889, 0, 1.049, 0.503, 0.529
Node_FirmA62_FirmA6_0, 0.972, 0.006, 0.179, 0.472, 0.867, 0, 0.972, 0.887, 0.096
Node_FirmA63_FirmA109_0, 1.299, 0.097, 0.42, 1.318, 0.941, 0, 1.299, 0.955, 0.201
Node_FirmA63_FirmA10_0, 1.249, 0.063, 0.303, 1.471, 0.998, 0, 1.249, 0.984, 0.19
Node_FirmA63_FirmA30_0, 1.285, 0.012, 0.102, 0.249, 0.997, 0, 1.285, 1.169, 0.126
Node_FirmA63_FirmA45_0, 0.786, 0.004, 0.907, 0.771, 0.585, 0, 0.786, 0.41, 0.404
Node_FirmA63_FirmA57_0, 1.262, 0.029, 0.234, 0.305, 0.993, 0, 1.262, 1.163, 0.052
Node_FirmA63_FirmA99_0, 1.421, 0.091, 0.121, 0.326, 0.99, 0, 1.421, 1.09, 0.189
Node_FirmA64_FirmA33_0, 0.182, 0.002, 0.371, 0.155, 0.175, 0, 0.182, 0.072, 0.117
Node_FirmA65_FirmA5_0, 0.991, 0.007, 0.21, 0.318, 0.69, 0, 0.991, 0.381, 0.624
Node_FirmA65_FirmA64_0, 0.434, 0.002, 1.082, 0.203, 0.375, 0, 0.434, 0.361, 0.086
Node_FirmA65_FirmA69_0, 1.428, 0.018, 0.826, 0.274, 0.954, 0, 1.428, 1.265, 0.145
Node_FirmA65_FirmA97_0, 0.57, 0.005, 0.104, 0.187, 0.467, 0, 0.57, 0.348, 0.235
Node_FirmA67_FirmA37_0, 0.62, 0.011, 1.043, 0.383, 0.462, 0, 0.62, 0.55, 0.058
Node_FirmA67_FirmA50_0, 0.647, 0.005, 0.116, 0.22, 0.49, 0, 0.647, 0.516, 0.138
Node_FirmA67_FirmA79_0, 0.612, 0.005, 0.379, 0.294, 0.489, 0, 0.612, 0.284, 0.339
Node_FirmA67_FirmA87_0, 1.594, 0.02, 0.195, 0.463, 0.972, 0, 1.594, 1.496, 0.073
Node_FirmA69_FirmA28_0, 1.526, 0.075, 0.13, 0.107, 1, 0, 1.526, 1.246, 0.153
Node_FirmA69_FirmA72_0, 2.423, 0.753, 0.066, 0.408, 1, 0, 2.423, 0.737, 0.21
Node_FirmA72_FirmA73_0, 2.341, 0.011, 0.471, 0.674, 1, 0, 2.341, 1.972, 0.378
Node_FirmA7_FirmA12_0, 1.162, 0.011, 1.9, 0.358, 0.965, 0, 1.162, 0.832, 0.334
Node_FirmA7_FirmA90_0, 2.717, 0.02, 0.37, 0.301, 0.998, 0, 2.717, 2.528, 0.177
Node_FirmA80_FirmA34_0, 1.257, 0.001, 0.096, 0.113, 0.999, 0, 1.257, 1.067, 0.203
Node_FirmA81_FirmA14_0, 0.405, 0.002, 0.883, 0.378, 0.36, 0, 0.405, 0.338, 0.08
Node_FirmA81_FirmA19_0, 0.538, 0.001, 0.142, 0.161, 0.463, 0, 0.538, 0.277, 0.274
Node_FirmA81_FirmA84_0, 2.615, 0.047, 1.256, 1.127, 0.999, 0, 2.615, 2.461, 0.093
Node_FirmA81_FirmA92_0, 1.206, 0.006, 1.478, 0.395, 0.957, 0, 1.206, 1.138, 0.063
Node_FirmA83_FirmA11_0, 3.347, 0.353, 1.518, 1.041, 1, 0, 3.347, 2.622, 0.1
Node_FirmA83_FirmA49_0, 0.995, 0.004, 0.539, 0.256, 0.947, 0, 0.995, 0.972, 0.038
Node_FirmA83_FirmA55_0, 1.884, 0.031, 0.389, 1.035, 0.981, 0, 1.884, 1.713, 0.151
Node_FirmA83_FirmA59_0, 3.162, 0.027, 0.629, 0.473, 0.998, 0, 3.162, 3.092, 0.033
Node_FirmA83_FirmA65_0, 2.091, 0.019, 1.284, 0.418, 0.984, 0, 2.091, 1.875, 0.194
Node_FirmA83_FirmA81_0, 3.731, 0.484, 0.266, 0.83, 1, 0, 3.731, 2.749, 0.166
Node_FirmA83_FirmA86_0, 1.492, 0.043, 0.813, 1.233, 0.972, 0, 1.492, 1.084, 0.378
Node_FirmA84_FirmA111_0, 2.541, 0.03, 0.282, 0.413, 0.998, 0, 2.541, 2.324, 0.178
Node_FirmA84_FirmA16_0, 2.227, 0.037, 0.818, 0.94, 0.997, 0, 2.227, 2.001, 0.174
Node_FirmA84_FirmA20_0, 2.643, 0.064, 0.637, 0.349, 0.995, 0, 2.643, 1.874, 0.675
Node_FirmA84_FirmA26_0, 2.834, 0.111, 0.105, 0.344, 1, 0, 2.834, 2.457, 0.185
Node_FirmA84_FirmA46_0, 0.552, 0.019, 0.961, 0.654, 0.452, 0, 0.552, 0.466, 0.079
Node_FirmA84_FirmA63_0, 1.415, 0.081, 0.966, 0.656, 0.993, 0, 1.415, 1.222, 0.073
Node_FirmA84_FirmA9_0, 0.552, 0.008, 0.203, 0.28, 0.468, 0, 0.552, 0.358, 0.195
Node_FirmA85_DTU0X1_0, 2.268, 0.008, 1.213, 0.444, 0.998, 0, 2.268, 2.226, 0.034
Node_FirmA85_FirmA60_0, 2.134, 0.003, 0.342, 0.396, 0.995, 0, 2.134, 1.933, 0.205
Node_FirmA85_FirmC13_0, 3.439, 0.114, 0.122, 0.293, 1, 0, 3.439, 2.815, 0.45
Node_FirmA86_FirmA61_0, 2.938, 0.021, 0.182, 0.709, 1, 0, 2.938, 1.34, 1.607
Node_FirmA87_FirmA106_0, 1.247, 0.024, 0.19, 0.33, 1, 0, 1.247, 1.153, 0.074
Node_FirmA87_FirmA62_0, 1.339, 0.013, 0.117, 0.314, 0.996, 0, 1.339, 1.204, 0.132
Node_FirmA87_FirmA96_0, 1.311, 0.018, 0.454, 0.401, 0.996, 0, 1.311, 1.137, 0.153
Node_FirmA88_FirmA101_0, 1.564, 0, 0.204, 0.054, 1, 0, 1.564, 1.512, 0.075
Node_FirmA89_FirmA105_0, 0.99, 0.005, 0.857, 0.086, 0.934, 0, 0.99, 0.294, 0.719
Node_FirmA89_FirmA110_0, 0.908, 0.007, 0.156, 0.339, 0.885, 0, 0.908, 0.863, 0.067
Node_FirmA89_FirmA21_0, 1.485, 0.319, 0.09, 0.193, 0.999, 0, 1.485, 0.808, 0.074
Node_FirmA89_FirmA31_0, 0.929, 0.045, 1.038, 0.135, 0.83, 0, 0.929, 0.159, 0.731
Node_FirmA89_FirmA53_0, 1.191, 0.005, 0.091, 0.077, 0.999, 0, 1.191, 1.072, 0.128
Node_FirmA89_FirmA68_0, 1.123, 0.021, 0.049, 0.063, 0.893, 0, 1.123, 0.898, 0.222
Node_FirmA89_FirmA80_0, 1.149, 0.004, 0.425, 0.086, 1, 0, 1.149, 1.072, 0.085
Node_FirmA90_FirmA112_0, 2.333, 0.016, 0.816, 0.303, 1, 0, 2.333, 1.915, 0.416
Node_FirmA92_FirmA54_0, 1.229, 0.013, 0.229, 0.43, 1, 0, 1.229, 0.99, 0.239
Node_FirmA94_FirmA75_0, 1.046, 0, 0.226, 0.099, 0.92, 0, 1.046, 0.913, 0.148
Node_FirmA96_FirmA27_0, 1.209, 0.049, 0.213, 0.266, 0.978, 0, 1.209, 1.06, 0.062
Node_FirmA96_FirmA91_0, 1.361, 0.017, 0.183, 0.633, 0.984, 0, 1.361, 1.041, 0.318
Node_FirmA99_FirmA18_0, 2.119, 0.516, 0.224, 1.319, 0.987, 0, 2.119, 1.122, 0.406
Node_FirmB16_FirmB13_0, 1.065, 0.011, 0.598, 0.386, 0.998, 0, 1.065, 0.441, 0.64
Node_FirmB17_FirmB15_0, 1.99, 0.009, 1.123, 0.424, 1, 0, 1.99, 1.946, 0.068
Node_FirmB2_FirmB11_0, 1.125, 0.005, 2.179, 0.775, 0.717, 0, 1.125, 0.374, 0.777
Node_FirmB2_FirmB12_0, 2.522, 0.288, 0.495, 1.133, 1, 0, 2.522, 1.321, 0.671
Node_FirmB3_FirmB14_0, 2.083, 0.021, 1.559, 0.618, 0.995, 0, 2.083, 0.798, 1.298
Node_FirmB4_FirmB17_0, 3.036, 0.003, 0.136, 0.127, 1, 0, 3.036, 2.207, 0.843
Node_FirmB4_FirmB1_0, 2.326, 0.006, 0.781, 0.363, 1, 0, 2.326, 1.555, 0.778
Node_FirmB4_FirmB3_0, 2.323, 0.012, 0.565, 0.398, 0.991, 0, 2.323, 1.813, 0.514
Node_FirmB6_FirmB7_0, 2.131, 0, 0.471, 0.168, 0.992, 0, 2.131, 1.98, 0.166
Node_FirmB8_FirmB16_0, 1.012, 0.012, 1.632, 0.471, 0.705, 0, 1.012, 0.741, 0.27
Node_FirmB8_FirmB4_0, 2.362, 0.008, 0.995, 0.372, 0.985, 0, 2.362, 2.071, 0.29
Node_FirmB8_FirmB5_0, 0.986, 0.007, 0.467, 0.55, 0.7, 0, 0.986, 0.567, 0.434
Node_FirmB8_FirmB9_0, 3.059, 0.037, 0.533, 0.529, 0.999, 0, 3.059, 2.787, 0.228
Node_FirmB9_FirmB10_0, 2.171, 0.023, 0.688, 0.295, 1, 0, 2.171, 1.383, 0.778
Node_FirmB9_FirmB2_0, 2.058, 0.558, 1.208, 0.533, 0.999, 0, 2.058, 0.731, 0.272
Node_FirmB9_FirmB6_0, 2.436, 0.018, 0.972, 0.382, 1, 0, 2.436, 2.101, 0.331
Node_FirmC10_FirmC14_0, 1.256, 0.006, 0.493, 0.586, 0.997, 0, 1.256, 1.083, 0.205
Node_FirmC10_FirmC18_0, 1.538, 0.011, 0.429, 0.271, 0.998, 0, 1.538, 0.53, 1.019
Node_FirmC10_FirmC19_0, 0.937, 0.005, 0.647, 0.278, 0.671, 0, 0.937, 0.391, 0.564
Node_FirmC11_FirmC3_0, 2.333, 0.002, 1.066, 0.14, 1, 0, 2.333, 2.186, 0.177
Node_FirmC13_FirmB8_0, 3.327, 0.083, 1.24, 0.83, 0.999, 0, 3.327, 3.016, 0.199
Node_FirmC13_FirmC10_0, 1.015, 0.01, 0.593, 0.429, 0.826, 0, 1.015, 0.91, 0.114
Node_FirmC13_FirmC17_0, 1.057, 0.02, 0.169, 0.303, 0.851, 0, 1.057, 0.856, 0.191
Node_FirmC13_FirmC5_0, 1.35, 0.25, 2.673, 0.778, 0.752, 0, 1.35, 0.579, 0.446
Node_FirmC13_FirmC8_0, 1.484, 0.018, 0.317, 0.349, 0.875, 0, 1.484, 1.038, 0.433
Node_FirmC13_Firms33_0, 4.285, 0.435, 0.122, 0.686, 1, 0, 4.285, 3.131, 0.533
Node_FirmC15_FirmC12_0, 1.03, 0.007, 2.045, 0.411, 1, 0, 1.03, 0.261, 0.795
Node_FirmC1_FirmC4_0, 3.029, 0.007, 1.468, 0.42, 1, 0, 3.029, 2.798, 0.252
Node_FirmC6_FirmC16_0, 2.339, 0.003, 2.064, 0.442, 0.998, 0, 2.339, 2.206, 0.162
Node_FirmC6_FirmC1_0, 4.238, 0.043, 0.149, 0.282, 1, 0, 4.238, 3.83, 0.372
Node_FirmC8_FirmC11_0, 3.22, 0.011, 0.891, 0.17, 1, 0, 3.22, 3.099, 0.128
Node_FirmC8_FirmC15_0, 2.273, 0.002, 1.068, 0.148, 1, 0, 2.273, 2.043, 0.262
Node_FirmC8_FirmC6_0, 3.972, 0.056, 0.084, 0.169, 1, 0, 3.972, 2.141, 1.787
Node_FirmC8_FirmC7_0, 3.077, 0.003, 0.217, 0.125, 1, 0, 3.077, 3.024, 0.071
Node_FirmC8_FirmC9_0, 2.213, 0.033, 0.395, 0.619, 0.999, 0, 2.213, 1.121, 1.091
Node_FirmD2_FirmD3_0, 2.983, 0.01, 0.445, 0.723, 0.998, 0, 2.983, 2.719, 0.278
Node_FirmD4_FirmD2_0, 3.14, 0.022, 0.535, 0.793, 0.999, 0, 3.14, 3.068, 0.056
Node_FirmE4_FirmE6_0, 0.555, 0.002, 0.722, 0.284, 0.48, 0, 0.555, 0.198, 0.389
Node_FirmE5_FirmA85_0, 2.997, 0.101, 0.108, 0.321, 0.995, 0, 2.997, 1.843, 1.009
Node_FirmE5_FirmE3_0, 1.232, 0.009, 0.222, 0.289, 0.772, 0, 1.232, 0.678, 0.559
Node_FirmE5_FirmE4_0, 0.886, 0.005, 1.116, 0.214, 0.626, 0, 0.886, 0.634, 0.26
Node_FirmE5_FirmE7_0, 1.737, 0.013, 1.428, 0.389, 0.971, 0, 1.737, 1.585, 0.155
Node_FirmE7_FirmE1_0, 1.256, 0.006, 0.608, 0.167, 0.995, 0, 1.256, 1.135, 0.121
Node_FirmE7_FirmE2_0, 1.491, 0.003, 0.115, 0.148, 0.996, 0, 1.491, 1.169, 0.347
Node_FirmE7_FirmE8_0, 1.017, 0.006, 1.302, 0.307, 0.999, 0, 1.017, 0.217, 0.822
Node_FirmF1_FirmF2_0, 0.568, 0.017, 1.004, 0.538, 0.468, 0, 0.568, 0.285, 0.278
Node_FirmF1_FirmG6_0, 1.277, 0.066, 0.3, 0.351, 0.757, 0, 1.277, 0.994, 0.173
Node_FirmF2_FirmF3_0, 2.388, 1.053, 0.396, 0.383, 0.998, 0, 2.388, 0.093, 1.163
Node_FirmG5_FirmG1_0, 1.138, 0.009, 0.575, 0.455, 0.857, 0, 1.138, 0.883, 0.28
Node_FirmG5_FirmG2_0, 1.424, 0.064, 0.164, 0.333, 0.868, 0, 1.424, 0.892, 0.467
Node_FirmG6_FirmE5_0, 1.995, 0.128, 0.165, 0.31, 0.923, 0, 1.995, 1.069, 0.755
Node_FirmG6_FirmG3_0, 1.04, 0.012, 0.263, 0.708, 0.804, 0, 1.04, 0.74, 0.303
Node_FirmG6_FirmG4_0, 0.988, 0.026, 0.313, 0.606, 0.758, 0, 0.988, 0.756, 0.218
Node_FirmG6_FirmG5_0, 1.057, 0.023, 1.173, 0.444, 0.797, 0, 1.057, 0.829, 0.212
Node_Firms11_Firms17_0, 2.164, 0.012, 0.504, 0.071, 1, 0, 2.164, 2.044, 0.112
Node_Firms13_Firms1_0, 0.68, 0.006, 1.233, 0.388, 0.555, 0, 0.68, 0.516, 0.172
Node_Firms1_Firms10_0, 0.467, 0.001, 0.361, 0.166, 0.45, 0, 0.467, 0.348, 0.147
Node_Firms20_Firms12_0, 1.372, 0.002, 1.028, 0.062, 0.855, 0, 1.372, 1.075, 0.323
Node_Firms20_Firms29_0, 1.016, 0.003, 1.01, 0.063, 1, 0, 1.016, 0.397, 0.651
Node_Firms22_Firms27_0, 2.205, 0.005, 0.618, 0.264, 1, 0, 2.205, 1.939, 0.265
Node_Firms23_Firms18_0, 0.244, 0, 1.028, 0.091, 0.239, 0, 0.244, 0.051, 0.225
Node_Firms24_Firms26_0, 1.289, 0.012, 0.336, 0.372, 1, 0, 1.289, 1.021, 0.276
Node_Firms30_Firms31_0, 0.284, 0, 1.033, 0.093, 0.268, 0, 0.284, 0.057, 0.241
Node_Firms32_Firms25_0, 1.163, 0, 0.082, 0.075, 0.978, 0, 1.163, 0.993, 0.191
Node_Firms33_FirmA83_0, 4.412, 0.293, 0.392, 1.201, 1, 0, 4.412, 3.65, 0.226
Node_Firms33_FirmD1_0, 2.381, 0.061, 1.322, 0.782, 1, 0, 2.381, 2.229, 0.045
Node_Firms33_FirmD4_0, 3.597, 0.04, 0.96, 1.182, 1, 0, 3.597, 3.435, 0.105
Node_Firms33_Firms11_0, 2.544, 0.022, 0.081, 0.266, 1, 0, 2.544, 2.457, 0.05
Node_Firms33_Firms13_0, 1.735, 0.052, 0.31, 0.461, 0.999, 0, 1.735, 1.574, 0.077
Node_Firms33_Firms15_0, 1.76, 0.011, 0.375, 0.327, 1, 0, 1.76, 1.695, 0.053
Node_Firms33_Firms16_0, 2.038, 0.418, 0.206, 1.489, 1, 0, 2.038, 1.207, 0.066
Node_Firms33_Firms20_0, 2.075, 0, 0.045, 0.034, 0.995, 0, 2.075, 1.994, 0.091
Node_Firms33_Firms21_0, 2.029, 0.001, 0.042, 0.036, 1, 0, 2.029, 2.004, 0.032
Node_Firms33_Firms22_0, 2.553, 0.457, 0.021, 0.117, 1, 0, 2.553, 1.305, 0.345
Node_Firms33_Firms23_0, 1.047, 0.001, 0.089, 0.085, 0.975, 0, 1.047, 0.991, 0.081
Node_Firms33_Firms28_0, 0.171, 0.002, 1.117, 0.079, 0.157, 0, 0.171, 0.035, 0.151
Node_Firms33_Firms2_0, 0.405, 0.004, 0.097, 0.157, 0.366, 0, 0.405, 0.09, 0.327
Node_Firms33_Firms30_0, 1.076, 0, 1.081, 0.038, 0.978, 0, 1.076, 1.003, 0.082
Node_Firms33_Firms32_0, 1.054, 0.015, 0.174, 0.472, 0.974, 0, 1.054, 0.257, 0.808
Node_Firms33_Firms3_0, 1.772, 0.015, 0.138, 0.267, 1, 0, 1.772, 1.586, 0.16
Node_Firms33_Firms5_0, 2.071, 0.02, 0.148, 0.295, 1, 0, 2.071, 1.807, 0.238
Node_Firms33_Firms6_0, 1.916, 0.023, 0.179, 0.258, 1, 0, 1.916, 1.844, 0.035
Node_Firms33_Firms7_0, 1.961, 0.019, 0.752, 0.234, 1, 0, 1.961, 1.782, 0.15
Node_Firms33_Firms8_0, 2.037, 0.736, 1.157, 0.484, 1, 0, 2.037, 0.666, 0.077
Node_Firms33_Firms9_0, 1.135, 0, 0.066, 0.047, 0.983, 0, 1.135, 1.019, 0.125
Node_Firms8_Firms24_0, 1.337, 0.007, 0.445, 0.238, 0.988, 0, 1.337, 1.13, 0.213
Node_Firms8_Firms4_0, 1.562, 0.017, 0.674, 0.768, 0.985, 0, 1.562, 1.374, 0.182
Node_Gemm2_Gemm4_0, 1.017, 0.015, 0.069, 0.625, 0.999, 0, 1.017, 0.154, 0.892
Node_Gemm3_Gemm6_0, 0.018, 0, 0.053, 0.052, 0.018, 0, 0.018, 0.004, 0.045
Node_Gemm5_Gemm8_0, 0.161, 0.001, 0.046, 0.069, 0.16, 0, 0.161, 0.088, 0.08
Node_Gemm5_Gemm9_0, 0.023, 0, 0.161, 0.056, 0.023, 0, 0.023, 0.016, 0.023
Node_Gemm9_Gemm2_0, 0.179, 0.004, 0.043, 0.176, 0.174, 0, 0.179, 0.012, 0.195
Node_Gemm9_Gemm3_0, 0.026, 0, 0.068, 0.071, 0.026, 0, 0.026, 0.015, 0.04
Node_Gemm9_Gemm7_0, 0.054, 0, 0.165, 0.127, 0.053, 0, 0.054, 0.039, 0.04
Node_Gold1_FCPU1_0, 1.022, 0.004, 0.757, 0.415, 0.753, 0, 1.022, 0.87, 0.154
Node_Gold1_Fire1_0, 1.621, 0.006, 1.332, 0.777, 0.841, 0, 1.621, 1.506, 0.114
Node_Gold1_Gold2_0, 1.723, 0.011, 0.474, 0.617, 0.999, 0, 1.723, 0.573, 1.164
Node_Hydr2_Abys1_0, 1.594, 0.01, 0.245, 0.34, 0.994, 0, 1.594, 1.507, 0.085
Node_Hydr2_Hydr1_0, 1.049, 0.001, 1.037, 0.249, 1, 0, 1.049, 0.595, 0.491
Node_Hydr2_Plan43_0, 2.341, 0.073, 1.06, 1.474, 0.992, 0, 2.341, 1.936, 0.305
Node_Hydr2_Sume1_0, 1.744, 0.034, 0.709, 1.073, 0.992, 0, 1.744, 1.622, 0.078
Node_KSB1X2_KSB1X4_0, 0.013, 0, 0.05, 0.044, 0.013, 0, 0.013, 0.005, 0.033
Node_KSB1X3_KSB1X1_0, 0.183, 0.001, 0.024, 0.059, 0.179, 0, 0.183, 0.049, 0.144
Node_Late1_Late3_0, 2.961, 0.93, 0.105, 0.526, 1, 0, 2.961, 0.226, 1.555
Node_Late2_Late1_0, 0.581, 0.032, 0.474, 0.333, 0.463, 0, 0.581, 0.246, 0.298
Node_Lind1_Lind2_0, 1.293, 0.006, 0.883, 0.584, 1, 0, 1.293, 0.994, 0.309
Node_Lind1_Lind4_0, 1.861, 0.019, 0.48, 1.09, 0.988, 0, 1.861, 1.815, 0.03
Node_Marg1_Marg2_0, 0.309, 0.001, 0.72, 0.449, 0.282, 0, 0.309, 0.26, 0.05
Node_Marg1_Marg6_0, 0.292, 0, 0.246, 0.259, 0.269, 0, 0.292, 0.085, 0.229
Node_Marg2_Marg7_0, 0.477, 0.003, 0.242, 0.201, 0.399, 0, 0.477, 0.088, 0.407
Node_Mari3_Mari2_0, 0.008, 0.001, 0.056, 0.024, 0.008, 0, 0.008, 0.003, 0.015
Node_Mari3_Mari6_0, 0.048, 0, 0.052, 0.051, 0.046, 0, 0.048, 0.025, 0.03
Node_Mari6_Mari1_0, 0.393, 0.002, 0.042, 0.13, 0.354, 0, 0.393, 0.094, 0.326
Node_Mari6_Mari5_0, 0.107, 0, 0.021, 0.043, 0.102, 0, 0.107, 0.039, 0.08
Node_Meth2_Meth1_0, 1.312, 0.006, 0.139, 0.197, 1, 0, 1.312, 1.098, 0.242
Node_Meth4_Meth3_0, 1.034, 0.002, 0.081, 0.087, 1, 0, 1.034, 1.016, 0.049
Node_Meth5_Meth2_0, 1.203, 0.007, 0.333, 0.214, 0.997, 0, 1.203, 0.34, 0.865
Node_Meth5_Meth4_0, 1.064, 0.004, 0.21, 0.14, 1, 0, 1.064, 1.04, 0.067
Node_Meth5_NitsA1_0, 1.46, 0.018, 1.231, 0.437, 0.885, 0, 1.46, 1.145, 0.3
Node_Meth5_SZUA1_0, 0.664, 0.026, 1.071, 0.22, 0.517, 0, 0.664, 0.249, 0.387
Node_Meth5_Sche1_0, 1.322, 0.002, 0.457, 0.222, 0.878, 0, 1.322, 1.014, 0.317
Node_MyxA1_MyxA2_0, 1.081, 0.005, 0.099, 0.091, 1, 0, 1.081, 1.037, 0.061
Node_MyxA1_MyxA4_0, 1.114, 0.002, 0.781, 0.237, 0.999, 0, 1.114, 0.186, 0.936
Node_MyxA2_MyxA3_0, 1.226, 0.005, 0.058, 0.104, 1, 0, 1.226, 1.039, 0.198
Node_Myxo10_Bdell6_0, 1.279, 0.01, 0.679, 0.392, 0.809, 0, 1.279, 1.18, 0.088
Node_Myxo10_MyxA1_0, 0.957, 0.01, 0.49, 0.251, 0.711, 0, 0.957, 0.788, 0.158
Node_Myxo10_Myxo11_0, 1.069, 0.009, 0.149, 0.23, 0.733, 0, 1.069, 0.814, 0.252
Node_Myxo10_Myxo14_0, 1.635, 0.031, 0.189, 0.292, 0.892, 0, 1.635, 0.877, 0.724
Node_Myxo10_Myxo15_0, 2.335, 0.024, 0.678, 0.858, 0.975, 0, 2.335, 1.737, 0.6
Node_Myxo10_Myxo17_0, 2.389, 0.068, 0.186, 0.745, 0.978, 0, 2.389, 1.427, 0.872
Node_Myxo11_Bdell13_0, 0.315, 0.002, 0.793, 0.289, 0.285, 0, 0.315, 0.287, 0.037
Node_Myxo11_Myxo13_0, 0.016, 0, 0.078, 0.062, 0.016, 0, 0.016, 0.007, 0.043
Node_Myxo11_Myxo8_0, 0.051, 0.001, 0.286, 0.097, 0.051, 0, 0.051, 0.042, 0.021
Node_Myxo14_Myxo2_0, 1.151, 0.008, 0.138, 0.247, 0.734, 0, 1.151, 0.779, 0.367
Node_Myxo14_Myxo3_0, 1.386, 0.01, 0.535, 0.345, 0.881, 0, 1.386, 1.109, 0.276
Node_Myxo14_Myxo5_0, 1.64, 0.007, 0.589, 0.192, 1, 0, 1.64, 0.572, 1.071
Node_Myxo14_Myxo6_0, 1.325, 0.006, 0.571, 0.247, 1, 0, 1.325, 1.108, 0.25
Node_Myxo14_Myxo9_0, 0.914, 0, 0.574, 0.396, 0.666, 0, 0.914, 0.83, 0.102
Node_Myxo15_Myxo18_0, 2.245, 0.02, 0.724, 1.028, 1, 0, 2.245, 1.64, 0.614
Node_Myxo17_Myxo19_0, 3.753, 1.386, 0.796, 0.915, 1, 0, 3.753, 1.149, 0.774
Node_Myxo2_Myxo1_0, 0.976, 0.002, 0.576, 0.356, 0.693, 0, 0.976, 0.597, 0.399
Node_Myxo8_Myxo7_0, 0.017, 0, 0.069, 0.063, 0.017, 0, 0.017, 0.006, 0.035
Node_Nitr10_Nitr3_0, 1.031, 0, 0.042, 0.057, 0.999, 0, 1.031, 1.005, 0.06
Node_Nitr10_Nitr4_0, 1.013, 0, 0.063, 0.066, 1, 0, 1.013, 1.004, 0.039
Node_Nitr10_Nitr6_0, 1.023, 0.003, 0.066, 0.07, 1, 0, 1.023, 1.001, 0.055
Node_Nitr14_CG294X1_0, 1.284, 0.01, 1.147, 0.427, 0.98, 0, 1.284, 1.221, 0.048
Node_Nitr14_Meth5_0, 2.373, 0.022, 1.431, 0.757, 0.989, 0, 2.373, 2.286, 0.058
Node_Nitr14_Nitr12_0, 0.225, 0.001, 1.024, 0.074, 0.219, 0, 0.225, 0.071, 0.175
Node_Nitr14_Nitr13_0, 1.056, 0.002, 0.031, 0.045, 1, 0, 1.056, 1.038, 0.031
Node_Nitr14_Nitr15_0, 0.968, 0.011, 0.437, 0.422, 0.824, 0, 0.968, 0.858, 0.11
Node_Nitr14_Nitr16_0, 1.073, 0.002, 0.075, 0.074, 0.965, 0, 1.073, 1.003, 0.09
Node_Nitr14_Nitr2_0, 1.054, 0, 0.105, 0.055, 1, 0, 1.054, 1.035, 0.036
Node_Nitr14_Nitr9_0, 1.123, 0.007, 0.146, 0.254, 1, 0, 1.123, 0.834, 0.294
Node_Nitr15_Nitr10_0, 1.037, 0.003, 0.206, 0.222, 0.999, 0, 1.037, 0.302, 0.759
Node_Nitr15_Nitr1_0, 0.408, 0.008, 0.661, 0.502, 0.368, 0, 0.408, 0.317, 0.093
Node_Nitr15_Nitr8_0, 0.481, 0.001, 0.192, 0.241, 0.429, 0, 0.481, 0.23, 0.264
Node_Nitr16_Nitr11_0, 1.452, 0.126, 0.045, 0.151, 0.975, 0, 1.452, 0.951, 0.282
Node_Nitr16_Nitr17_0, 1.089, 0.03, 0.113, 0.073, 0.961, 0, 1.089, 0.952, 0.099
Node_Nitr17_Nitr5_0, 0.021, 0, 1.109, 0.071, 0.021, 0, 0.021, 0.012, 0.041
Node_Nitr9_Nitr7_0, 1.201, 0, 0.084, 0.058, 1, 0, 1.201, 1.055, 0.162
Node_Nits1_Nits3_0, 1.028, 0.003, 0.101, 0.104, 1, 0, 1.028, 1.001, 0.056
Node_Nits4_Nits2_0, 1.381, 0.022, 0.114, 0.577, 1, 0, 1.381, 1.294, 0.093
Node_NitsA1_NitsA2_0, 1.575, 0.035, 0.331, 0.359, 1, 0, 1.575, 1.201, 0.36
Node_NitsA1_NitsA3_0, 1.511, 0.02, 0.813, 0.582, 1, 0, 1.511, 0.644, 0.844
Node_NitsA3_Nits1_0, 1.07, 0.003, 0.335, 0.217, 0.988, 0, 1.07, 1.059, 0.022
Node_NitsA3_Nits4_0, 1.38, 0.037, 0.22, 0.454, 1, 0, 1.38, 1.282, 0.052
Node_Omni4_Omni2_0, 1.333, 0.003, 0.103, 0.186, 1, 0, 1.333, 0.263, 1.1
Node_Omni4_Omni3_0, 0.396, 0.002, 1.004, 0.341, 0.352, 0, 0.396, 0.226, 0.176
Node_Omni4_Omni7_0, 0.333, 0.001, 0.262, 0.189, 0.298, 0, 0.333, 0.142, 0.198
Node_Omni4_Omni8_0, 1.222, 0.012, 0.724, 0.501, 0.954, 0, 1.222, 1.133, 0.075
Node_Omni8_Omni6_0, 1.057, 0.006, 0.259, 0.283, 1, 0, 1.057, 0.979, 0.088
Node_P4572X1_Ferm1_0, 0.344, 0.004, 0.38, 0.173, 0.303, 0, 0.344, 0.255, 0.083
Node_P4572X1_Gemm5_0, 0.126, 0.001, 0.239, 0.148, 0.124, 0, 0.126, 0.107, 0.02
Node_Pate13_Pate34_0, 0.282, 0.001, 0.04, 0.083, 0.275, 0, 0.282, 0.092, 0.209
Node_Pate13_Pate6_0, 0.112, 0.001, 0.03, 0.04, 0.112, 0, 0.112, 0.037, 0.091
Node_Pate14_Pate35_0, 0.012, 0, 0.024, 0.028, 0.012, 0, 0.012, 0.004, 0.021
Node_Pate14_Pate5_0, 0.015, 0, 0.041, 0.035, 0.015, 0, 0.015, 0.004, 0.028
Node_Pate15_Pate29_0, 0.018, 0, 0.025, 0.041, 0.018, 0, 0.018, 0.002, 0.037
Node_Pate17_Pate18_0, 0.011, 0.001, 0.021, 0.02, 0.011, 0, 0.011, 0.002, 0.018
Node_Pate17_Pate19_0, 0.013, 0, 0.014, 0.019, 0.013, 0, 0.013, 0.005, 0.015
Node_Pate17_Pate8_0, 0.015, 0, 0.024, 0.022, 0.015, 0, 0.015, 0.001, 0.028
Node_Pate18_Pate38_0, 0.013, 0.001, 0.028, 0.029, 0.013, 0, 0.013, 0.002, 0.031
Node_Pate18_Pate9_0, 0.009, 0, 0.019, 0.02, 0.009, 0, 0.009, 0.002, 0.017
Node_Pate19_Pate37_0, 0.01, 0, 0.034, 0.037, 0.01, 0, 0.01, 0.004, 0.024
Node_Pate19_Pate4_0, 0.02, 0, 0.02, 0.021, 0.02, 0, 0.02, 0.006, 0.027
Node_Pate1_Pate50_0, 0.014, 0, 0.02, 0.016, 0.014, 0, 0.014, 0.004, 0.021
Node_Pate21_Pate15_0, 0.006, 0, 0.014, 0.016, 0.006, 0, 0.006, 0.001, 0.014
Node_Pate21_Pate26_0, 0.006, 0, 0.02, 0.018, 0.006, 0, 0.006, 0.002, 0.012
Node_Pate24_Pate13_0, 0.05, 0, 0.026, 0.036, 0.049, 0, 0.05, 0.016, 0.048
Node_Pate24_Pate14_0, 0.028, 0, 0.016, 0.021, 0.028, 0, 0.028, 0.012, 0.025
Node_Pate24_Pate39_0, 0.021, 0, 0.043, 0.038, 0.021, 0, 0.021, 0.007, 0.03
Node_Pate24_Pate54_0, 0.034, 0.002, 0.049, 0.038, 0.032, 0, 0.034, 0.014, 0.031
Node_Pate25_Pate17_0, 0.012, 0, 0.015, 0.017, 0.012, 0, 0.012, 0.004, 0.016
Node_Pate25_Pate28_0, 0.007, 0, 0.035, 0.039, 0.007, 0, 0.007, 0, 0.03
Node_Pate25_Pate32_0, 0.011, 0, 0.015, 0.007, 0.011, 0, 0.011, 0.007, 0.006
Node_Pate26_Pate12_0, 0.011, 0, 0.018, 0.02, 0.011, 0, 0.011, 0, 0.023
Node_Pate40_Pate24_0, 0.019, 0, 0.017, 0.021, 0.019, 0, 0.019, 0.006, 0.02
Node_Pate40_Pate55_0, 0.014, 0, 0.034, 0.031, 0.014, 0, 0.014, 0.001, 0.029
Node_Pate40_Pate7_0, 0.016, 0, 0.016, 0.017, 0.016, 0, 0.016, 0.004, 0.016
Node_Pate43_Pate22_0, 0.013, 0, 0.019, 0.014, 0.013, 0, 0.013, 0.005, 0.012
Node_Pate43_Pate3_0, 0.009, 0.001, 0.019, 0.026, 0.009, 0, 0.009, 0.003, 0.014
Node_Pate43_Pate44_0, 0.008, 0, 0.018, 0.017, 0.008, 0, 0.008, 0.003, 0.017
Node_Pate43_Pate45_0, 0.02, 0, 0.02, 0.029, 0.02, 0, 0.02, 0.012, 0.013
Node_Pate43_Pate57_0, 0.009, 0, 0.024, 0.03, 0.009, 0, 0.009, 0.002, 0.025
Node_Pate44_Pate10_0, 0.012, 0, 0.027, 0.028, 0.012, 0, 0.012, 0.001, 0.025
Node_Pate44_Pate52_0, 0.014, 0, 0.016, 0.013, 0.014, 0, 0.014, 0.003, 0.022
Node_Pate45_Pate11_0, 0.01, 0, 0.026, 0.024, 0.01, 0, 0.01, 0.003, 0.022
Node_Pate45_Pate21_0, 0.014, 0, 0.02, 0.022, 0.014, 0, 0.014, 0.006, 0.014
Node_Pate46_Pate25_0, 0.02, 0, 0.046, 0.034, 0.02, 0, 0.02, 0.014, 0.013
Node_Pate48_Chlo30_0, 0.486, 0.005, 0.263, 0.283, 0.396, 0, 0.486, 0.46, 0.02
Node_Pate48_Pate1_0, 0.013, 0, 0.011, 0.02, 0.012, 0, 0.013, 0.006, 0.016
Node_Pate48_Pate23_0, 0.105, 0, 0.385, 0.16, 0.1, 0, 0.105, 0.103, 0.004
Node_Pate48_Pate30_0, 0.015, 0, 0.014, 0.02, 0.015, 0, 0.015, 0.006, 0.013
Node_Pate48_Pate40_0, 0.016, 0, 0.024, 0.02, 0.016, 0, 0.016, 0.007, 0.013
Node_Pate48_Pate43_0, 0.027, 0, 0.037, 0.04, 0.027, 0, 0.027, 0.021, 0.011
Node_Pate48_Pate46_0, 0.053, 0.002, 0.06, 0.056, 0.052, 0, 0.053, 0.046, 0.006
Node_Pate48_Pate49_0, 0.016, 0, 0.012, 0.018, 0.016, 0, 0.016, 0.007, 0.015
Node_Pate48_Pate51_0, 0.013, 0, 0.025, 0.029, 0.013, 0, 0.013, 0.005, 0.022
Node_Pate48_Pate56_0, 0.008, 0.001, 0.019, 0.025, 0.007, 0, 0.008, 0.004, 0.011
Node_Pate49_Pate41_0, 0.009, 0, 0.023, 0.019, 0.009, 0, 0.009, 0.003, 0.016
Node_Pate51_Pate27_0, 0.026, 0, 0.039, 0.047, 0.026, 0, 0.026, 0.005, 0.047
Node_Pate51_Pate33_0, 0.015, 0, 0.028, 0.032, 0.014, 0, 0.015, 0.004, 0.03
Node_Pate51_Pate53_0, 0.018, 0, 0.04, 0.053, 0.018, 0, 0.018, 0.002, 0.043
Node_Pate54_Pate31_0, 0.023, 0, 0.039, 0.032, 0.023, 0, 0.023, 0.011, 0.028
Node_Pate9_Pate36_0, 0.022, 0, 0.03, 0.035, 0.022, 0, 0.022, 0.003, 0.043
Node_Plan17_Plan23_0, 0.011, 0, 0.049, 0.054, 0.011, 0, 0.011, 0.004, 0.034
Node_Plan22_Plan2_0, 0.457, 0.003, 1.006, 0.186, 0.382, 0, 0.457, 0.153, 0.337
Node_Plan22_Plan4_0, 1.123, 0.003, 0.094, 0.175, 0.847, 0, 1.123, 0.814, 0.32
Node_Plan26_Plan21_0, 1.764, 0.013, 0.098, 0.429, 0.997, 0, 1.764, 0.888, 0.874
Node_Plan26_Plan5_0, 1.912, 0.003, 0.04, 0.135, 0.996, 0, 1.912, 1.739, 0.185
Node_Plan30_Plan14_0, 0.479, 0.024, 0.09, 0.141, 0.405, 0, 0.479, 0.115, 0.355
Node_Plan31_Plan17_0, 0.026, 0, 0.079, 0.055, 0.026, 0, 0.026, 0.012, 0.033
Node_Plan31_Plan18_0, 0.331, 0.004, 0.508, 0.295, 0.284, 0, 0.331, 0.203, 0.133
Node_Plan31_Plan27_0, 0.072, 0, 0.358, 0.146, 0.07, 0, 0.072, 0.062, 0.022
Node_Plan31_Plan39_0, 0.408, 0.005, 0.163, 0.249, 0.369, 0, 0.408, 0.179, 0.235
Node_Plan32_Plan12_0, 0.034, 0, 0.067, 0.059, 0.033, 0, 0.034, 0.014, 0.045
Node_Plan32_Plan22_0, 0.894, 0.004, 0.194, 0.161, 0.764, 0, 0.894, 0.793, 0.109
Node_Plan32_Plan26_0, 0.975, 0.013, 0.121, 0.37, 0.788, 0, 0.975, 0.547, 0.415
Node_Plan32_Plan30_0, 0.19, 0.003, 0.811, 0.098, 0.178, 0, 0.19, 0.091, 0.104
Node_Plan32_Plan3_0, 0.056, 0.002, 0.185, 0.091, 0.055, 0, 0.056, 0.03, 0.049
Node_Plan33_Plan44_0, 0.262, 0.001, 0.314, 0.109, 0.257, 0, 0.262, 0.077, 0.204
Node_Plan42_Plan40_0, 1.712, 0.002, 0.278, 0.089, 1, 0, 1.712, 1.676, 0.062
Node_Plan43_Plan16_0, 1.063, 0.001, 0.15, 0.091, 1, 0, 1.063, 0.239, 0.841
Node_Plan43_Plan31_0, 0.702, 0.01, 0.124, 0.374, 0.557, 0, 0.702, 0.584, 0.109
Node_Plan43_Plan32_0, 0.668, 0.011, 0.181, 0.335, 0.543, 0, 0.668, 0.528, 0.136
Node_Plan43_Plan33_0, 0.371, 0, 0.505, 0.188, 0.33, 0, 0.371, 0.168, 0.208
Node_Plan43_Plan42_0, 1.926, 0.669, 0.04, 0.181, 1, 0, 1.926, 0.375, 0.234
Node_Plan43_Plan7_0, 0.707, 0.013, 1.426, 0.558, 0.564, 0, 0.707, 0.669, 0.026
Node_Plan43_Verr11_0, 2.094, 0.043, 0.345, 0.434, 0.992, 0, 2.094, 1.963, 0.055
Node_Pori1_Pori2_0, 1.107, 0.013, 0.803, 1.04, 1, 0, 1.107, 0.827, 0.291
Node_ProtA11_ProtA32_0, 1.433, 0.006, 0.27, 0.18, 0.99, 0, 1.433, 1.1, 0.347
Node_ProtA12_ProtA44_0, 0.016, 0, 0.04, 0.034, 0.016, 0, 0.016, 0.008, 0.026
Node_ProtA12_ProtA54_0, 0.015, 0, 0.037, 0.041, 0.015, 0, 0.015, 0.002, 0.036
Node_ProtA13_ProtA24_0, 1.061, 0.003, 0.068, 0.132, 0.935, 0, 1.061, 0.816, 0.259
Node_ProtA13_ProtA61_0, 1.094, 0.004, 0.15, 0.181, 0.91, 0, 1.094, 0.946, 0.179
Node_ProtA13_ProtA77_0, 1.298, 0.009, 0.654, 0.194, 0.863, 0, 1.298, 1.18, 0.122
Node_ProtA13_ProtA7_0, 0.867, 0.003, 0.487, 0.218, 0.774, 0, 0.867, 0.82, 0.053
Node_ProtA15_ProtA42_0, 1.065, 0.004, 0.59, 0.369, 0.991, 0, 1.065, 1.047, 0.035
Node_ProtA15_ProtA70_0, 1.616, 0.01, 0.268, 0.393, 0.99, 0, 1.616, 1.559, 0.06
Node_ProtA16_ProtA33_0, 0.061, 0, 0.466, 0.135, 0.061, 0, 0.061, 0.054, 0.022
Node_ProtA16_ProtA66_0, 0.02, 0, 0.072, 0.059, 0.02, 0, 0.02, 0.01, 0.031
Node_ProtA16_ProtA69_0, 1.727, 0.011, 0.359, 0.306, 0.889, 0, 1.727, 1.622, 0.104
Node_ProtA16_ProtA8_0, 0.505, 0.002, 1.33, 0.365, 0.43, 0, 0.505, 0.42, 0.106
Node_ProtA18_ProtA10_0, 0.974, 0, 0.078, 0.052, 0.951, 0, 0.974, 0.959, 0.032
Node_ProtA18_ProtA19_0, 2.105, 0.063, 0.199, 0.575, 1, 0, 2.105, 1.935, 0.065
Node_ProtA18_ProtA29_0, 1.02, 0, 0.916, 0.19, 0.952, 0, 1.02, 1.007, 0.027
Node_ProtA18_ProtA53_0, 1.909, 0.009, 0.305, 0.253, 0.998, 0, 1.909, 1.803, 0.1
Node_ProtA19_ProtA14_0, 0.187, 0, 0.199, 0.144, 0.173, 0, 0.187, 0.133, 0.068
Node_ProtA19_ProtA20_0, 1.307, 0.039, 0.906, 0.125, 0.99, 0, 1.307, 1.179, 0.069
Node_ProtA19_ProtA3_0, 0.335, 0.004, 0.077, 0.076, 0.305, 0, 0.335, 0.126, 0.221
Node_ProtA19_ProtA46_0, 0.068, 0, 0.339, 0.109, 0.066, 0, 0.068, 0.04, 0.052
Node_ProtA19_ProtA49_0, 0.028, 0, 0.092, 0.071, 0.027, 0, 0.028, 0.011, 0.052
Node_ProtA19_ProtA56_0, 1.126, 0.002, 0.297, 0.12, 0.958, 0, 1.126, 1.026, 0.114
Node_ProtA19_ProtA68_0, 0.174, 0, 0.303, 0.086, 0.164, 0, 0.174, 0.053, 0.142
Node_ProtA19_ProtA74_0, 0.355, 0.001, 0.098, 0.127, 0.341, 0, 0.355, 0.096, 0.278
Node_ProtA19_ProtA75_0, 0.318, 0.009, 1.005, 0.214, 0.292, 0, 0.318, 0.146, 0.188
Node_ProtA20_ProtA11_0, 1.35, 0.017, 0.106, 0.105, 0.987, 0, 1.35, 1.212, 0.132
Node_ProtA20_ProtA5_0, 0.522, 0.09, 1.106, 0.116, 0.404, 0, 0.522, 0.203, 0.188
Node_ProtA26_ProtA37_0, 0.145, 0, 0.108, 0.117, 0.14, 0, 0.145, 0.038, 0.123
Node_ProtA26_ProtA45_0, 0.13, 0.001, 0.874, 0.23, 0.129, 0, 0.13, 0.111, 0.036
Node_ProtA27_ProtA21_0, 0.035, 0.001, 0.156, 0.1, 0.034, 0, 0.035, 0.026, 0.033
Node_ProtA30_ProtA35_0, 0.022, 0, 0.075, 0.05, 0.022, 0, 0.022, 0.009, 0.035
Node_ProtA34_Acid38_0, 3.759, 0.266, 0.348, 1.078, 0.998, 0, 3.759, 3.238, 0.05
Node_ProtA34_Chry1_0, 3.791, 0.171, 0.772, 1.186, 0.998, 0, 3.791, 3.452, 0.031
Node_ProtA34_DesuB4_0, 2.97, 0.038, 0.271, 0.775, 0.998, 0, 2.97, 2.844, 0.073
Node_ProtA34_DesuC2_0, 2.037, 0.034, 1.004, 0.703, 0.977, 0, 2.037, 1.957, 0.037
Node_ProtA34_J088X1_0, 1.182, 0.025, 0.926, 0.682, 0.956, 0, 1.182, 1.106, 0.046
Node_ProtA34_Nitr14_0, 3.724, 0.173, 0.295, 0.728, 0.996, 0, 3.724, 3.321, 0.087
Node_ProtA34_ProtA13_0, 1.821, 0.004, 0.208, 0.166, 0.986, 0, 1.821, 1.772, 0.054
Node_ProtA34_ProtA16_0, 1.971, 0.029, 0.325, 0.327, 0.999, 0, 1.971, 1.824, 0.104
Node_ProtA34_ProtA18_0, 2.176, 0.872, 0.039, 0.365, 0.999, 0, 2.176, 0.468, 0.2
Node_ProtA34_ProtA26_0, 0.967, 0.028, 0.122, 0.173, 0.903, 0, 0.967, 0.891, 0.03
Node_ProtA34_ProtA38_0, 2.163, 0.429, 0.823, 0.482, 1, 0, 2.163, 1.069, 0.381
Node_ProtA34_ProtA39_0, 1.143, 0.132, 0.036, 0.191, 0.944, 0, 1.143, 0.826, 0.08
Node_ProtA34_ProtA40_0, 1.095, 0, 0.772, 0.175, 0.841, 0, 1.095, 1.068, 0.046
Node_ProtA34_ProtA43_0, 0.763, 0, 0.393, 0.098, 0.747, 0, 0.763, 0.723, 0.061
Node_ProtA34_ProtA9_0, 1.031, 0.006, 0.066, 0.16, 0.9, 0, 1.031, 0.908, 0.123
Node_ProtA34_ProtG30_0, 1.192, 0.024, 0.09, 0.549, 0.989, 0, 1.192, 1.083, 0.076
Node_ProtA34_ProtM1_0, 1.139, 0.013, 0.157, 0.226, 0.921, 0, 1.139, 1.034, 0.091
Node_ProtA34_SAR3X2_0, 3.261, 0.349, 0.938, 1.032, 0.997, 0, 3.261, 2.527, 0.126
Node_ProtA34_SM23X1_0, 4.361, 0.482, 0.274, 2.007, 1, 0, 4.361, 3.502, 0.032
Node_ProtA34_Spir10_0, 4.121, 0.939, 0.338, 1.975, 1, 0, 4.121, 2.502, 0.023
Node_ProtA34_UBA2X1_0, 3.13, 0.123, 0.375, 0.981, 1, 0, 3.13, 2.814, 0.121
Node_ProtA34_Wall1_0, 3.497, 2.6, 0.103, 5.147, 1, 1, 3.497, 0.017, 0
Node_ProtA34_mitoFungi_0, 0.968, 0.003, 0.203, 0.189, 0.895, 0, 0.968, 0.942, 0.029
Node_ProtA38_ProtA15_0, 1.814, 0.138, 0.519, 0.367, 0.999, 0, 1.814, 1.526, 0.032
Node_ProtA38_ProtA41_0, 1.682, 0.004, 0.099, 0.194, 0.999, 0, 1.682, 1.617, 0.086
Node_ProtA38_ProtA64_0, 1.691, 0.424, 0.582, 0.411, 0.999, 0, 1.691, 0.836, 0.035
Node_ProtA39_ProtA12_0, 0.03, 0, 0.058, 0.047, 0.029, 0, 0.03, 0.016, 0.026
Node_ProtA39_ProtA27_0, 0.157, 0, 1.008, 0.248, 0.156, 0, 0.157, 0.146, 0.022
Node_ProtA39_ProtA30_0, 0.062, 0, 0.126, 0.081, 0.062, 0, 0.062, 0.046, 0.031
Node_ProtA39_ProtA36_0, 0.008, 0, 0.053, 0.045, 0.008, 0, 0.008, 0.002, 0.031
Node_ProtA3_ProtA72_0, 1.208, 0.004, 0.064, 0.052, 1, 0, 1.208, 1.038, 0.182
Node_ProtA3_ProtA76_0, 1.086, 0.003, 0.108, 0.088, 0.998, 0, 1.086, 0.26, 0.856
Node_ProtA40_ProtA67_0, 0.413, 0.001, 0.789, 0.119, 0.407, 0, 0.413, 0.332, 0.106
Node_ProtA46_ProtA55_0, 0.027, 0, 0.083, 0.061, 0.027, 0, 0.027, 0.013, 0.042
Node_ProtA47_ProtA63_0, 1.026, 0, 0.131, 0.093, 1, 0, 1.026, 1.017, 0.037
Node_ProtA53_ProtA58_0, 1.876, 0.005, 0.065, 0.2, 0.998, 0, 1.876, 1.863, 0.027
Node_ProtA56_ProtA52_0, 1.105, 0.008, 0.176, 0.154, 1, 0, 1.105, 0.967, 0.147
Node_ProtA68_ProtA2_0, 0.417, 0.002, 0.137, 0.119, 0.382, 0, 0.417, 0.066, 0.378
Node_ProtA69_ProtA50_0, 1.767, 0.009, 0.249, 0.365, 0.911, 0, 1.767, 1.496, 0.28
Node_ProtA70_ProtA57_0, 0.798, 0.01, 1.015, 0.388, 0.632, 0, 0.798, 0.626, 0.187
Node_ProtA76_ProtA47_0, 1.12, 0.005, 0.734, 0.096, 1, 0, 1.12, 1.027, 0.118
Node_ProtA76_ProtA48_0, 1.731, 0.679, 0.098, 0.079, 1, 0, 1.731, 0.345, 0.064
Node_ProtA76_ProtA62_0, 1.343, 0.031, 0.096, 1.145, 1, 0, 1.343, 1.048, 0.288
Node_ProtA76_ProtA71_0, 1.048, 0.001, 0.338, 0.13, 1, 0, 1.048, 1.031, 0.042
Node_ProtA77_ProtA31_0, 0.76, 0.009, 0.77, 0.289, 0.634, 0, 0.76, 0.544, 0.223
Node_ProtA77_ProtA51_0, 1.063, 0.007, 0.531, 0.432, 0.998, 0, 1.063, 0.258, 0.827
Node_ProtA9_ProtA60_0, 0.482, 0.003, 0.844, 0.36, 0.414, 0, 0.482, 0.197, 0.292
Node_ProtG12_ProtG5_0, 1.218, 0.008, 0.276, 0.394, 0.969, 0, 1.218, 1.051, 0.185
Node_ProtG16_ProtG17_0, 0.038, 0.003, 0.107, 0.093, 0.037, 0, 0.038, 0.027, 0.036
Node_ProtG18_ProtG10_0, 1.341, 0.158, 0.044, 0.132, 1, 0, 1.341, 0.998, 0.049
Node_ProtG18_ProtG12_0, 1.301, 0.026, 0.185, 0.457, 0.965, 0, 1.301, 1.159, 0.119
Node_ProtG18_ProtG14_0, 1.178, 0.102, 0.063, 0.08, 0.999, 0, 1.178, 0.947, 0.046
Node_ProtG18_ProtG21_0, 0.514, 0.016, 0.928, 0.701, 0.487, 0, 0.514, 0.397, 0.125
Node_ProtG24_ProtG18_0, 1.093, 0.065, 0.112, 0.763, 0.986, 0, 1.093, 0.871, 0.112
Node_ProtG25_ProtG9_0, 0.773, 0.004, 0.109, 0.328, 0.761, 0, 0.773, 0.687, 0.11
Node_ProtG29_ProtG76_0, 0.014, 0, 0.028, 0.034, 0.014, 0, 0.014, 0.001, 0.03
Node_ProtG30_ProtG19_0, 0.018, 0, 0.112, 0.05, 0.018, 0, 0.018, 0.009, 0.029
Node_ProtG30_ProtG31_0, 0.307, 0.009, 0.208, 0.152, 0.289, 0, 0.307, 0.096, 0.22
Node_ProtG30_ProtG34_0, 0.079, 0.003, 0.261, 0.149, 0.078, 0, 0.079, 0.062, 0.03
Node_ProtG30_ProtG35_0, 0.037, 0, 0.062, 0.061, 0.037, 0, 0.037, 0.03, 0.02
Node_ProtG30_ProtG39_0, 0.101, 0, 0.034, 0.055, 0.1, 0, 0.101, 0.017, 0.102
Node_ProtG30_ProtG42_0, 0.082, 0.001, 0.019, 0.024, 0.082, 0, 0.082, 0.03, 0.054
Node_ProtG30_ProtG49_0, 0.029, 0, 0.045, 0.047, 0.028, 0, 0.029, 0.01, 0.037
Node_ProtG30_ProtG50_0, 0.286, 0.006, 0.01, 0.09, 0.267, 0, 0.286, 0.079, 0.208
Node_ProtG30_ProtG64_0, 0.033, 0, 0.035, 0.046, 0.033, 0, 0.033, 0.01, 0.042
Node_ProtG30_ProtG71_0, 0.049, 0, 1.011, 0.04, 0.049, 0, 0.049, 0.039, 0.02
Node_ProtG30_ProtG80_0, 0.025, 0, 0.042, 0.024, 0.025, 0, 0.025, 0.013, 0.018
Node_ProtG30_ProtG84_0, 0.037, 0, 0.034, 0.049, 0.036, 0, 0.037, 0.014, 0.034
Node_ProtG30_ProtG85_0, 0.046, 0, 0.015, 0.023, 0.045, 0, 0.046, 0.016, 0.036
Node_ProtG30_ProtG87_0, 0.026, 0, 0.042, 0.046, 0.025, 0, 0.026, 0.012, 0.039
Node_ProtG30_ProtZ3_0, 1.04, 0.001, 0.036, 0.044, 0.996, 0, 1.04, 1.031, 0.012
Node_ProtG30_ProtZ5_0, 1.063, 0.006, 0.15, 0.137, 0.997, 0, 1.063, 1.04, 0.015
Node_ProtG31_ProtG16_0, 0.106, 0.002, 0.275, 0.143, 0.098, 0, 0.106, 0.075, 0.048
Node_ProtG31_ProtG32_0, 0.586, 0.017, 0.046, 0.267, 0.536, 0, 0.586, 0.268, 0.308
Node_ProtG31_ProtG36_0, 0.812, 0.004, 0.05, 0.084, 0.744, 0, 0.812, 0.729, 0.087
Node_ProtG31_ProtG44_0, 0.036, 0, 0.101, 0.073, 0.036, 0, 0.036, 0.025, 0.031
Node_ProtG31_ProtG45_0, 0.771, 0.018, 0.046, 0.27, 0.705, 0, 0.771, 0.547, 0.213
Node_ProtG31_ProtG47_0, 0.331, 0.005, 0.102, 0.168, 0.293, 0, 0.331, 0.185, 0.161
Node_ProtG31_ProtG61_0, 0.267, 0.005, 0.693, 0.16, 0.245, 0, 0.267, 0.145, 0.143
Node_ProtG32_ProtG26_0, 0.415, 0.001, 0.076, 0.172, 0.376, 0, 0.415, 0.127, 0.323
Node_ProtG32_ProtG33_0, 0.494, 0.003, 0.223, 0.199, 0.441, 0, 0.494, 0.385, 0.128
Node_ProtG32_ProtG37_0, 0.4, 0, 0.178, 0.102, 0.367, 0, 0.4, 0.337, 0.084
Node_ProtG32_ProtG43_0, 0.167, 0.001, 0.35, 0.108, 0.161, 0, 0.167, 0.069, 0.116
Node_ProtG33_ProtG48_0, 0.404, 0, 0.159, 0.139, 0.379, 0, 0.404, 0.328, 0.097
Node_ProtG33_ProtG67_0, 0.466, 0.004, 0.162, 0.155, 0.401, 0, 0.466, 0.357, 0.13
Node_ProtG33_ProtG7_0, 0.047, 0, 0.407, 0.116, 0.047, 0, 0.047, 0.027, 0.05
Node_ProtG35_ProtG81_0, 0.011, 0, 0.048, 0.041, 0.01, 0, 0.011, 0.004, 0.022
Node_ProtG36_ProtG20_0, 0.245, 0.002, 0.926, 0.176, 0.24, 0, 0.245, 0.086, 0.178
Node_ProtG36_ProtG24_0, 1.028, 0.033, 0.029, 0.199, 0.907, 0, 1.028, 0.819, 0.164
Node_ProtG36_ProtG38_0, 0.86, 0.01, 0.055, 0.129, 0.798, 0, 0.86, 0.759, 0.093
Node_ProtG36_ProtG65_0, 0.991, 0.003, 0.145, 0.114, 0.845, 0, 0.991, 0.903, 0.105
Node_ProtG37_ProtG41_0, 0.049, 0.001, 0.47, 0.073, 0.048, 0, 0.049, 0.029, 0.046
Node_ProtG37_ProtG51_0, 0.018, 0, 0.069, 0.06, 0.018, 0, 0.018, 0.007, 0.038
Node_ProtG37_ProtG53_0, 0.37, 0.001, 0.105, 0.086, 0.353, 0, 0.37, 0.317, 0.074
Node_ProtG37_ProtG8_0, 0.472, 0, 0.06, 0.066, 0.464, 0, 0.472, 0.333, 0.162
Node_ProtG38_ProtG28_0, 0.048, 0, 0.825, 0.124, 0.047, 0, 0.048, 0.045, 0.013
Node_ProtG38_ProtG46_0, 0.013, 0, 0.053, 0.045, 0.013, 0, 0.013, 0.009, 0.018
Node_ProtG39_ProtG15_0, 0.31, 0, 0.047, 0.095, 0.307, 0, 0.31, 0.083, 0.256
Node_ProtG41_ProtG40_0, 0.023, 0, 0.063, 0.052, 0.023, 0, 0.023, 0.009, 0.037
Node_ProtG42_ProtG74_0, 0.006, 0, 0.09, 0.029, 0.006, 0, 0.006, 0.004, 0.014
Node_ProtG43_ProtG55_0, 0.03, 0.001, 0.179, 0.107, 0.03, 0, 0.03, 0.016, 0.041
Node_ProtG44_ProtG22_0, 0.012, 0, 0.056, 0.074, 0.012, 0, 0.012, 0.004, 0.032
Node_ProtG45_ProtG66_0, 0.448, 0.006, 0.34, 0.246, 0.438, 0, 0.448, 0.435, 0.011
Node_ProtG45_ProtG75_0, 0.45, 0.001, 0.029, 0.229, 0.446, 0, 0.45, 0.425, 0.03
Node_ProtG47_ProtG62_0, 0.695, 0.004, 0.078, 0.318, 0.56, 0, 0.695, 0.289, 0.438
Node_ProtG48_ProtG1_0, 0.604, 0.001, 0.072, 0.147, 0.535, 0, 0.604, 0.364, 0.271
Node_ProtG48_ProtG25_0, 0.768, 0.008, 0.473, 0.129, 0.718, 0, 0.768, 0.164, 0.629
Node_ProtG48_ProtG6_0, 0.778, 0.002, 0.113, 0.087, 0.757, 0, 0.778, 0.695, 0.121
Node_ProtG49_ProtG29_0, 0.012, 0, 0.04, 0.032, 0.012, 0, 0.012, 0.004, 0.023
Node_ProtG53_ProtG27_0, 0.027, 0, 0.373, 0.051, 0.027, 0, 0.027, 0.012, 0.03
Node_ProtG53_ProtG70_0, 0.009, 0, 0.042, 0.041, 0.009, 0, 0.009, 0.004, 0.024
Node_ProtG58_ProtG59_0, 0.895, 0.002, 0.151, 0.244, 0.694, 0, 0.895, 0.795, 0.12
Node_ProtG59_ProtG73_0, 0.448, 0.005, 0.603, 0.218, 0.434, 0, 0.448, 0.317, 0.151
Node_ProtG61_ProtG60_0, 0.029, 0.001, 0.273, 0.124, 0.029, 0, 0.029, 0.011, 0.051
Node_ProtG61_ProtG72_0, 0.305, 0, 0.184, 0.152, 0.285, 0, 0.305, 0.106, 0.222
Node_ProtG61_ProtG78_0, 0.25, 0.001, 0.263, 0.181, 0.242, 0, 0.25, 0.07, 0.207
Node_ProtG62_ProtG77_0, 0.094, 0.001, 0.636, 0.24, 0.09, 0, 0.094, 0.082, 0.034
Node_ProtG65_ProtG69_0, 1.025, 0.004, 0.111, 0.141, 0.851, 0, 1.025, 0.897, 0.141
Node_ProtG66_ProtG68_0, 0.13, 0.002, 0.438, 0.21, 0.127, 0, 0.13, 0.041, 0.118
Node_ProtG67_ProtG63_0, 0.464, 0.003, 0.342, 0.128, 0.408, 0, 0.464, 0.157, 0.337
Node_ProtG80_ProtG57_0, 0.008, 0, 0.038, 0.033, 0.008, 0, 0.008, 0.004, 0.021
Node_ProtG81_ProtG79_0, 0.01, 0.001, 0.026, 0.031, 0.009, 0, 0.01, 0.004, 0.024
Node_ProtG83_ProtG52_0, 1.02, 0.018, 0.051, 0.197, 0.998, 0, 1.02, 0.275, 0.755
Node_ProtG83_ProtG89_0, 0.298, 0.003, 0.056, 0.078, 0.292, 0, 0.298, 0.089, 0.225
Node_ProtG84_ProtG11_0, 0.146, 0.004, 0.127, 0.209, 0.144, 0, 0.146, 0.037, 0.143
Node_ProtG84_ProtG83_0, 0.126, 0, 0.027, 0.053, 0.12, 0, 0.126, 0.032, 0.108
Node_ProtG84_ProtG90_0, 0.045, 0, 0.035, 0.029, 0.043, 0, 0.045, 0.013, 0.043
Node_ProtG85_ProtG56_0, 1.989, 0.028, 0.546, 0.675, 0.999, 0, 1.989, 0.681, 1.301
Node_ProtG85_ProtG58_0, 0.924, 0.018, 0.061, 0.623, 0.69, 0, 0.924, 0.013, 0.921
Node_ProtG85_ProtG86_0, 1.948, 0.007, 0.085, 0.145, 1, 0, 1.948, 1.919, 0.037
Node_ProtG85_ProtG88_0, 1.206, 0.004, 0.048, 0.209, 0.781, 0, 1.206, 0.895, 0.326
Node_ProtG85_ProtG91_0, 1.082, 0.001, 0.917, 0.392, 0.975, 0, 1.082, 1.059, 0.05
Node_ProtG86_ProtG82_0, 0.997, 0.007, 1.012, 0.149, 0.973, 0, 0.997, 0.963, 0.054
Node_ProtG87_ProtG3_0, 0.017, 0, 0.039, 0.038, 0.017, 0, 0.017, 0.005, 0.034
Node_ProtG87_ProtG4_0, 0.022, 0, 0.045, 0.038, 0.022, 0, 0.022, 0.004, 0.041
Node_ProtG89_ProtG13_0, 0.139, 0.001, 0.29, 0.13, 0.137, 0, 0.139, 0.034, 0.13
Node_ProtG90_ProtG54_0, 0.011, 0, 0.065, 0.048, 0.011, 0, 0.011, 0.001, 0.031
Node_ProtM1_ProtM2_0, 1.422, 0.012, 0.134, 0.281, 0.999, 0, 1.422, 1.045, 0.398
Node_ProtM1_ProtM3_0, 1.146, 0.363, 0.857, 0.46, 0.702, 0, 1.146, 0.2, 0.501
Node_ProtZ1_ProtZ4_0, 1.013, 0.002, 0.047, 0.047, 1, 0, 1.013, 0.999, 0.036
Node_ProtZ3_ProtZ1_0, 1.022, 0.006, 0.052, 0.052, 1, 0, 1.022, 0.997, 0.047
Node_ProtZ3_ProtZ2_0, 1.021, 0.002, 0.069, 0.066, 1, 0, 1.021, 0.998, 0.048
Node_SAR3X2_BMS3X1_0, 1.047, 0.005, 2.239, 0.864, 0.779, 0, 1.047, 1.027, 0.02
Node_SAR3X2_SAR3X1_0, 0.745, 0.004, 0.373, 0.411, 0.707, 0, 0.745, 0.681, 0.067
Node_SM23X1_AABM5X1_0, 0.101, 0.001, 0.127, 0.097, 0.096, 0, 0.101, 0.067, 0.042
Node_SM23X1_Aero1_0, 4.237, 0.616, 0.961, 2.532, 0.999, 0, 4.237, 2.904, 0.221
Node_SM23X1_Bact27_0, 0.185, 0.003, 0.408, 0.214, 0.167, 0, 0.185, 0.157, 0.029
Node_SM23X1_Caldit2_0, 0.035, 0, 0.084, 0.059, 0.035, 0, 0.035, 0.025, 0.018
Node_SM23X1_Fibr4_0, 0.561, 0.011, 0.326, 0.327, 0.464, 0, 0.561, 0.402, 0.145
Node_SM23X1_Hydr2_0, 3.023, 0.046, 1.454, 1.725, 0.99, 0, 3.023, 2.764, 0.194
Node_SM23X1_KSB1X2_0, 0.03, 0, 0.033, 0.036, 0.029, 0, 0.03, 0.014, 0.028
Node_SM23X1_KSB1X3_0, 0.062, 0, 0.025, 0.034, 0.059, 0, 0.062, 0.017, 0.057
Node_SM23X1_P4572X1_0, 0.637, 0.01, 0.076, 0.156, 0.48, 0, 0.637, 0.471, 0.159
Node_SM23X1_Pori1_0, 1.606, 0.015, 1.448, 1.383, 0.894, 0, 1.606, 1.576, 0.016
Node_SM23X1_RBG1_0, 0.688, 0.005, 0.945, 0.542, 0.517, 0, 0.688, 0.663, 0.022
Node_SM23X1_TA06X1_0, 0.544, 0.003, 0.197, 0.214, 0.435, 0, 0.544, 0.492, 0.05
Node_SM23X1_Zixi5_0, 0.731, 0.009, 0.174, 0.175, 0.571, 0, 0.731, 0.463, 0.259
Node_Spir10_Lind1_0, 2.292, 0.036, 1.886, 1.288, 0.996, 0, 2.292, 2.215, 0.021
Node_Spir10_Spir11_0, 0.952, 0.011, 0.428, 0.526, 0.804, 0, 0.952, 0.93, 0.01
Node_Spir10_Spir12_0, 0.849, 0.004, 0.134, 0.313, 0.785, 0, 0.849, 0.825, 0.027
Node_Spir10_Spir13_0, 1.038, 0.009, 0.134, 0.311, 0.999, 0, 1.038, 0.834, 0.199
Node_Spir10_Spir15_0, 1.359, 0.014, 1.003, 1.055, 0.895, 0, 1.359, 1.286, 0.056
Node_Spir10_Spir3_0, 1.023, 0.007, 0.068, 0.359, 1, 0, 1.023, 0.999, 0.046
Node_Spir10_Spir8_0, 0.964, 0.006, 0.05, 0.321, 0.84, 0, 0.964, 0.807, 0.159
Node_Spir13_Spir2_0, 1.022, 0, 0.06, 0.059, 1, 0, 1.022, 1.006, 0.044
Node_Spir15_Spir4_0, 0.396, 0.007, 1.122, 0.709, 0.347, 0, 0.396, 0.246, 0.152
Node_Spir15_Spir9_0, 0.205, 0, 0.363, 0.228, 0.195, 0, 0.205, 0.05, 0.172
Node_Sume1_OLB1X1_0, 1.297, 0.012, 0.609, 0.558, 0.986, 0, 1.297, 1.139, 0.15
Node_Sume1_UBP4X1_0, 1.326, 0.009, 0.927, 0.617, 0.997, 0, 1.326, 0.377, 0.947
Node_Syne1_Calda2_0, 0.937, 0.026, 0.864, 0.538, 0.742, 0, 0.937, 0.832, 0.066
Node_Syne1_Cyan40_0, 2.669, 0.156, 0.297, 0.877, 0.999, 0, 2.669, 2.346, 0.046
Node_Syne1_Dein5_0, 1.709, 0.204, 1.197, 0.886, 0.99, 0, 1.709, 1.288, 0.033
Node_Syne1_Syne2_0, 1.727, 0.01, 0.298, 0.384, 0.977, 0, 1.727, 1.639, 0.096
Node_Syne1_Syne4_0, 1.88, 0.512, 0.342, 1.261, 0.988, 0, 1.88, 0.499, 0.45
Node_Syne1_Syne6_0, 2.39, 0.039, 0.176, 0.645, 1, 0, 2.39, 1.704, 0.647
Node_Syne1_Syne7_0, 1.919, 0.015, 0.571, 0.338, 0.999, 0, 1.919, 1.837, 0.085
Node_Syne1_Syne9_0, 1.26, 0.051, 0.21, 0.352, 0.93, 0, 1.26, 0.706, 0.482
Node_Syne2_Syne8_0, 0.926, 0.011, 0.915, 0.341, 0.86, 0, 0.926, 0.829, 0.103
Node_Syne4_Syne5_0, 1.367, 0.008, 0.951, 0.33, 1, 0, 1.367, 0.944, 0.43
Node_Syne7_Syne10_0, 1.071, 0, 0.882, 0.267, 0.988, 0, 1.071, 1.057, 0.034
Node_Syne8_Syne3_0, 0.286, 0, 0.84, 0.293, 0.271, 0, 0.286, 0.126, 0.2
Node_TA06X1_Cloa1_0, 0.052, 0, 0.502, 0.138, 0.051, 0, 0.052, 0.046, 0.01
Node_TA06X1_Edwa1_0, 0.017, 0, 0.04, 0.04, 0.017, 0, 0.017, 0.016, 0.005
Node_TA06X1_WOR1_0, 0.011, 0, 0.019, 0.023, 0.011, 0, 0.011, 0.007, 0.013
Node_Therd1_Dict1_0, 0.799, 0.011, 0.616, 0.62, 0.746, 0, 0.799, 0.776, 0.017
Node_Therg2_Therg4_0, 1.031, 0.02, 0.482, 0.842, 1, 0, 1.031, 0.927, 0.101
Node_Therg3_Therg5_0, 1.461, 0, 0.209, 0.048, 0.999, 0, 1.461, 1.329, 0.151
Node_Therg8_Therg2_0, 1.392, 0.335, 0.105, 0.442, 0.959, 0, 1.392, 0.58, 0.237
Node_Therg8_Therg3_0, 1.519, 0.144, 0.115, 0.094, 0.96, 0, 1.519, 1.162, 0.098
Node_Therg8_Therg6_0, 0.986, 0.001, 0.713, 0.093, 0.85, 0, 0.986, 0.834, 0.179
Node_Thers1_Desua45_0, 0.237, 0.001, 0.155, 0.133, 0.229, 0, 0.237, 0.113, 0.133
Node_UBA1X2_UBA1X3_0, 0.333, 0.003, 0.327, 0.227, 0.315, 0, 0.333, 0.091, 0.251
Node_UBA1X2_UBA1X5_0, 0.069, 0, 0.295, 0.18, 0.068, 0, 0.069, 0.06, 0.031
Node_UBA1X5_UBA1X4_0, 0.021, 0, 0.095, 0.096, 0.021, 0, 0.021, 0.007, 0.047
Node_UBA1X6_UBA1X1_0, 1.023, 0.011, 0.128, 0.45, 1, 0, 1.023, 0.319, 0.734
Node_UBA1X6_UBA1X2_0, 0.406, 0.008, 0.471, 0.217, 0.367, 0, 0.406, 0.181, 0.239
Node_UBA2X1_DesuD2_0, 1.097, 0.013, 1.211, 0.778, 0.726, 0, 1.097, 1.019, 0.072
Node_UBA2X1_Desua22_0, 2.223, 0.043, 1.207, 1.017, 0.966, 0, 2.223, 1.915, 0.257
Node_UBA2X1_Desua28_0, 0.659, 0.008, 0.596, 0.47, 0.514, 0, 0.659, 0.505, 0.15
Node_UBA2X1_SZUA2_0, 0.57, 0.003, 0.275, 0.339, 0.486, 0, 0.57, 0.393, 0.183
Node_UBA6X1_Desa1_0, 2.606, 0.023, 0.377, 0.78, 0.993, 0, 2.606, 2.446, 0.127
Node_UBA6X1_Elus1_0, 2.783, 0.019, 0.183, 0.398, 0.996, 0, 2.783, 2.423, 0.341
Node_UBA6X1_Gold1_0, 2.833, 0.443, 1.345, 0.975, 0.988, 0, 2.833, 1.718, 0.53
Node_UBA9X1_UBA9X3_0, 1.061, 0.008, 0.873, 0.586, 0.886, 0, 1.061, 1.042, 0.023
Node_UBA9X3_UBA9X2_0, 0.927, 0.006, 0.187, 0.266, 0.887, 0, 0.927, 0.891, 0.047
Node_Verr11_Aure2_0, 1.515, 0.016, 0.432, 0.383, 0.984, 0, 1.515, 1.238, 0.254
Node_Verr11_Aure3_0, 1.677, 0.016, 0.298, 0.426, 0.95, 0, 1.677, 1.559, 0.1
Node_Verr11_Omni4_0, 1.859, 0.078, 0.416, 0.449, 0.995, 0, 1.859, 1.611, 0.103
Node_Verr11_Verr12_0, 1.013, 0, 0.063, 0.053, 0.996, 0, 1.013, 1.001, 0.045
Node_Verr11_Verr14_0, 1.031, 0, 1.278, 0.117, 1, 0, 1.031, 1.021, 0.041
Node_Verr11_Verr7_0, 2.061, 0.016, 0.138, 0.449, 1, 0, 2.061, 1.391, 0.671
Node_Verr11_Verr8_0, 1.512, 0.034, 0.457, 0.493, 0.99, 0, 1.512, 1.055, 0.42
Node_Verr11_Verr9_0, 2.268, 0.003, 0.078, 0.122, 1, 0, 2.268, 2.007, 0.282
Node_Verr3_Verr10_0, 1.031, 0.004, 0.211, 0.173, 0.958, 0, 1.031, 0.96, 0.092
Node_Verr5_Verr6_0, 0.754, 0.107, 1.006, 0.52, 0.538, 0, 0.754, 0.169, 0.487
Node_Verr7_Verr13_0, 1.068, 0.003, 0.994, 0.027, 1, 0, 1.068, 1.05, 0.023
Node_Verr7_Verr2_0, 1.941, 0.881, 0.051, 0.089, 1, 0, 1.941, 0.169, 0.043
Node_Verr7_Verr4_0, 2.036, 0.026, 0.099, 0.049, 1, 0, 2.036, 1.95, 0.048
Node_Verr8_Verr3_0, 1.146, 0.008, 0.167, 0.231, 0.955, 0, 1.146, 1.015, 0.139
Node_Verr8_Verr5_0, 1.166, 0.009, 0.419, 0.353, 0.959, 0, 1.166, 1.099, 0.064
Node_WOR1_WOR2_0, 0.032, 0, 0.011, 0.027, 0.032, 0, 0.032, 0.008, 0.032
Node_WOR1_WOR3_0, 0.014, 0, 0.065, 0.048, 0.014, 0, 0.014, 0.009, 0.018
Node_WOR1_WOR6_0, 0.061, 0, 0.02, 0.048, 0.061, 0, 0.061, 0.022, 0.049
Node_WOR2_WOR4_0, 0.009, 0, 0.041, 0.031, 0.009, 0, 0.009, 0.002, 0.018
Node_WOR6_WOR7_0, 0.201, 0.002, 0.025, 0.099, 0.2, 0, 0.201, 0.052, 0.163
Node_Wall1_Fuso2_0, 0.419, 0.012, 2.406, 0.835, 0.361, 0, 0.419, 0.366, 0.049
Node_Wall1_Muir1_0, 0.323, 0.006, 0.289, 0.208, 0.295, 0, 0.323, 0.066, 0.268
Node_Wall1_Rifl1_0, 0.338, 0.012, 0.289, 0.329, 0.29, 0, 0.338, 0.135, 0.196
Node_Wall1_Syne1_0, 2.764, 0.065, 0.801, 1.029, 0.999, 0, 2.764, 2.653, 0.003
Node_Zixi2_Zixi1_0, 1.021, 0.011, 0.305, 0.349, 1, 0, 1.021, 0.88, 0.146
Node_Zixi4_Zixi2_0, 1.169, 0.013, 0.247, 0.395, 0.906, 0, 1.169, 0.928, 0.233
Node_Zixi4_Zixi3_0, 1.618, 0.007, 0.816, 0.468, 1, 0, 1.618, 0.379, 1.258
Node_Zixi5_Late2_0, 0.725, 0.01, 0.149, 0.371, 0.589, 0, 0.725, 0.581, 0.133
Node_Zixi5_TA06A1_0, 0.988, 0.033, 0.127, 0.68, 0.866, 0, 0.988, 0.586, 0.372
Node_Zixi5_UBP14X1_0, 0.71, 0.012, 0.208, 0.428, 0.614, 0, 0.71, 0.519, 0.181
Node_Zixi5_Zixi4_0, 1.17, 0.013, 0.068, 0.286, 0.894, 0, 1.17, 0.929, 0.237
Node_chloroArabidopsis_chloroBryophyte_0, 0.016, 0, 0.043, 0.045, 0.016, 0, 0.016, 0.002, 0.041
Node_chloroArabidopsis_chloroChlorophyta_0, 0.018, 0, 0.08, 0.062, 0.018, 0, 0.018, 0.01, 0.032
Node_chloroArabidopsis_chloroLycophyte_0, 0.01, 0, 0.052, 0.059, 0.01, 0, 0.01, 0.002, 0.046
Node_chloroArabidopsis_chloroRedAlgae_0, 0.066, 0, 0.894, 0.211, 0.066, 0, 0.066, 0.065, 0.017
Node_mitoAnnelida_mitoChelicerate_0, 0.031, 0, 0.065, 0.065, 0.031, 0, 0.031, 0.008, 0.051
Node_mitoAnnelida_mitoMollusc_0, 0.012, 0, 0.046, 0.043, 0.012, 0, 0.012, 0.006, 0.035
Node_mitoAnnelida_mitoPriapulid_0, 0.023, 0, 0.051, 0.049, 0.023, 0, 0.023, 0.003, 0.043
Node_mitoArabidopsis_mitoLycophyte_0, 0.018, 0, 0.056, 0.061, 0.018, 0, 0.018, 0.002, 0.055
Node_mitoBryophyte_mitoArabidopsis_0, 0.019, 0, 0.045, 0.052, 0.019, 0, 0.019, 0.005, 0.048
Node_mitoBryophyte_mitoChlorophyta_0, 0.016, 0.001, 0.034, 0.044, 0.016, 0, 0.016, 0.002, 0.039
Node_mitoBryophyte_mitoExcavata_0, 0.031, 0, 0.117, 0.066, 0.031, 0, 0.031, 0.023, 0.014
Node_mitoBryophyte_mitoParamecium_0, 0.018, 0, 0.033, 0.024, 0.018, 0, 0.018, 0.009, 0.02
Node_mitoBryophyte_mitoRedAlgae_0, 0.01, 0, 0.028, 0.024, 0.01, 0, 0.01, 0.004, 0.02
Node_mitoChelicerate_mitoInsect_0, 0.017, 0.001, 0.061, 0.056, 0.017, 0, 0.017, 0.005, 0.046
Node_mitoFungi_mitoAnnelida_0, 0.045, 0, 0.112, 0.078, 0.045, 0, 0.045, 0.039, 0.023
Node_mitoFungi_mitoBryophyte_0, 0.134, 0.002, 0.851, 0.211, 0.129, 0, 0.134, 0.128, 0.015
OLB1X1, 1, 0.008, 0.356, 0.372, 1, 0, 1, 0.977, 0.051
Omni2, 1, 0, 0.362, 0.125, 1, 0, 1, 1, 0.029
Omni3, 1, 0.01, 0.231, 0.399, 1, 0, 1, 0.219, 0.825
Omni4, 2, 0.003, 0.073, 0.372, 1, 0, 2, 1.29, 0.737
Omni6, 1, 0, 0.096, 0.097, 1, 0, 1, 1, 0.039
Omni7, 0, 0, 0.362, 0.115, 0, 0, 0, 0, 0.029
Omni8, 1, 0, 0.089, 0.075, 1, 0, 1, 1, 0.032
P4572X1, 0, 0, 0.168, 0.101, 0, 0, 0, 0, 0.042
Pate1, 0, 0, 0.059, 0.059, 0, 0, 0, 0, 0.045
Pate10, 0, 0, 0.058, 0.064, 0, 0, 0, 0, 0.046
Pate11, 0, 0, 0.058, 0.066, 0, 0, 0, 0, 0.048
Pate12, 0, 0, 0.054, 0.06, 0, 0, 0, 0, 0.043
Pate13, 0, 0, 0.335, 0.138, 0, 0, 0, 0, 0.053
Pate14, 0, 0, 0.048, 0.051, 0, 0, 0, 0, 0.036
Pate15, 0, 0, 0.066, 0.069, 0, 0, 0, 0, 0.048
Pate17, 0, 0, 0.064, 0.066, 0, 0, 0, 0, 0.049
Pate18, 0, 0, 0.044, 0.052, 0, 0, 0, 0, 0.031
Pate19, 0, 0, 0.052, 0.052, 0, 0, 0, 0, 0.042
Pate21, 0, 0, 0.053, 0.061, 0, 0, 0, 0, 0.047
Pate22, 0, 0, 0.073, 0.086, 0, 0, 0, 0, 0.06
Pate23, 0, 0, 0.161, 0.127, 0, 0, 0, 0, 0.056
Pate24, 0, 0.001, 0.079, 0.073, 0, 0, 0, 0, 0.057
Pate25, 0, 0, 0.058, 0.065, 0, 0, 0, 0, 0.051
Pate26, 0, 0, 0.058, 0.064, 0, 0, 0, 0, 0.047
Pate27, 0, 0, 0.053, 0.051, 0, 0, 0, 0, 0.027
Pate28, 0, 0, 0.056, 0.065, 0, 0, 0, 0, 0.049
Pate29, 0, 0, 0.051, 0.048, 0, 0, 0, 0, 0.033
Pate3, 0, 0, 0.063, 0.066, 0, 0, 0, 0, 0.054
Pate30, 0, 0, 0.061, 0.058, 0, 0, 0, 0, 0.046
Pate31, 0, 0, 0.081, 0.098, 0, 0, 0, 0, 0.058
Pate32, 0, 0, 0.067, 0.083, 0, 0, 0, 0, 0.056
Pate33, 0, 0, 0.062, 0.066, 0, 0, 0, 0, 0.047
Pate34, 1, 0.004, 0.059, 0.179, 1, 0, 1, 0.267, 0.773
Pate35, 0, 0, 0.063, 0.072, 0, 0, 0, 0, 0.051
Pate36, 0, 0, 0.063, 0.069, 0, 0, 0, 0, 0.041
Pate37, 0, 0, 0.054, 0.059, 0, 0, 0, 0, 0.044
Pate38, 0, 0, 0.043, 0.045, 0, 0, 0, 0, 0.03
Pate39, 0, 0, 0.064, 0.077, 0, 0, 0, 0, 0.043
Pate4, 0, 0, 0.083, 0.081, 0, 0, 0, 0, 0.063
Pate40, 0, 0, 0.062, 0.077, 0, 0, 0, 0, 0.048
Pate41, 0, 0, 0.051, 0.055, 0, 0, 0, 0, 0.042
Pate43, 0, 0, 0.035, 0.037, 0, 0, 0, 0, 0.026
Pate44, 0, 0, 0.055, 0.057, 0, 0, 0, 0, 0.043
Pate45, 0, 0.001, 0.062, 0.067, 0, 0, 0, 0, 0.051
Pate46, 0, 0, 0.07, 0.07, 0, 0, 0, 0, 0.05
Pate48, 0, 0.001, 0.056, 0.063, 0, 0, 0, 0, 0.042
Pate49, 0, 0, 0.063, 0.073, 0, 0, 0, 0, 0.054
Pate5, 0, 0, 0.074, 0.074, 0, 0, 0, 0, 0.059
Pate50, 0, 0, 0.035, 0.037, 0, 0, 0, 0, 0.021
Pate51, 0, 0, 0.059, 0.051, 0, 0, 0, 0, 0.033
Pate52, 0, 0, 0.052, 0.056, 0, 0, 0, 0, 0.038
Pate53, 0, 0, 0.057, 0.051, 0, 0, 0, 0, 0.039
Pate54, 0, 0, 0.06, 0.054, 0, 0, 0, 0, 0.037
Pate55, 0, 0, 0.044, 0.047, 0, 0, 0, 0, 0.03
Pate56, 0, 0, 0.055, 0.064, 0, 0, 0, 0, 0.047
Pate57, 0, 0, 0.042, 0.047, 0, 0, 0, 0, 0.033
Pate6, 0, 0, 0.155, 0.102, 0, 0, 0, 0, 0.043
Pate7, 0, 0.001, 0.069, 0.074, 0, 0, 0, 0, 0.052
Pate8, 0, 0, 0.066, 0.072, 0, 0, 0, 0, 0.051
Pate9, 0, 0, 0.067, 0.06, 0, 0, 0, 0, 0.045
Plan12, 0, 0, 0.066, 0.07, 0, 0, 0, 0, 0.032
Plan14, 1, 0.002, 0.347, 0.335, 1, 0, 1, 0.16, 0.866
Plan16, 1, 0, 0.098, 0.059, 1, 0, 1, 1, 0.035
Plan17, 0, 0, 0.039, 0.041, 0, 0, 0, 0, 0.028
Plan18, 1, 0.005, 0.302, 0.507, 1, 0, 1, 0.071, 0.966
Plan2, 1, 0.002, 0.286, 0.111, 1, 0, 1, 0.205, 0.827
Plan21, 2, 0.998, 0.808, 0.155, 1, 0, 2, 0.003, 0.046
Plan22, 1, 0, 0.313, 0.162, 1, 0, 1, 0.173, 0.856
Plan23, 0, 0, 0.037, 0.034, 0, 0, 0, 0, 0.026
Plan26, 2, 0, 0.207, 0.274, 1, 0, 2, 1.739, 0.295
Plan27, 1, 0.006, 0.109, 0.546, 1, 0, 1, 0.009, 1.031
Plan3, 0, 0, 0.095, 0.072, 0, 0, 0, 0, 0.039
Plan30, 2, 0.972, 0.205, 0.339, 1, 0, 2, 0.052, 0.754
Plan31, 0, 0, 0.058, 0.048, 0, 0, 0, 0, 0.032
Plan32, 0, 0, 0.069, 0.062, 0, 0, 0, 0, 0.035
Plan33, 1, 0.005, 0.068, 0.305, 1, 0, 1, 0.239, 0.801
Plan39, 2, 0.01, 0.064, 0.852, 1, 0, 2, 0.382, 1.646
Plan4, 2, 0.001, 0.148, 0.482, 1, 0, 2, 1.006, 1.024
Plan40, 1, 0, 0.835, 0.051, 1, 0, 1, 0.908, 0.123
Plan42, 1, 0.001, 0.836, 0.156, 1, 0, 1, 0.901, 0.123
Plan43, 2, 0.002, 0.839, 0.397, 1, 0, 2, 1.12, 0.911
Plan44, 0, 0, 0.283, 0.072, 0, 0, 0, 0, 0.021
Plan5, 1, 0.001, 1.798, 0.164, 1, 0, 1, 0.161, 0.885
Plan7, 0, 0, 0.759, 0.321, 0, 0, 0, 0, 0.052
Pori1, 1, 0, 0.152, 0.126, 1, 0, 1, 0.999, 0.045
Pori2, 1, 0, 0.135, 0.11, 1, 0, 1, 0.999, 0.028
ProtA10, 1, 0, 0.055, 0.058, 1, 0, 1, 0.951, 0.081
ProtA11, 2, 0.007, 0.293, 0.582, 1, 0, 2, 1.174, 0.853
ProtA12, 0, 0, 0.053, 0.054, 0, 0, 0, 0, 0.038
ProtA13, 2, 0.008, 0.061, 0.491, 1, 0, 2, 1.077, 0.959
ProtA14, 0, 0, 0.224, 0.098, 0, 0, 0, 0, 0.037
ProtA15, 0, 0, 1.105, 0.216, 0, 0, 0, 0, 0.04
ProtA16, 0, 0, 0.054, 0.048, 0, 0, 0, 0, 0.034
ProtA18, 0, 0, 0.999, 0.046, 0, 0, 0, 0, 0.025
ProtA19, 0, 0, 0.061, 0.055, 0, 0, 0, 0, 0.033
ProtA2, 1, 0, 0.322, 0.084, 1, 0, 1, 0.126, 0.905
ProtA20, 0, 0, 0.555, 0.136, 0, 0, 0, 0, 0.033
ProtA21, 0, 0, 0.061, 0.05, 0, 0, 0, 0, 0.026
ProtA24, 1, 0, 0.262, 0.099, 1, 0, 1, 0.825, 0.201
ProtA26, 0, 0, 0.176, 0.102, 0, 0, 0, 0, 0.031
ProtA27, 0, 0, 0.076, 0.078, 0, 0, 0, 0, 0.041
ProtA29, 0, 0, 1.068, 0.093, 0, 0, 0, 0, 0.048
ProtA3, 2, 0, 0.062, 0.067, 1, 0, 2, 1.177, 0.854
ProtA30, 0, 0, 0.052, 0.05, 0, 0, 0, 0, 0.03
ProtA31, 1, 0.001, 0.282, 0.409, 1, 0, 1, 0.506, 0.521
ProtA32, 1, 0.001, 1.155, 0.148, 1, 0, 1, 0.299, 0.721
ProtA33, 0, 0, 0.097, 0.075, 0, 0, 0, 0, 0.036
ProtA34, 1, 0, 0.058, 0.097, 1, 0, 1, 0.739, 0.295
ProtA35, 0, 0, 0.05, 0.046, 0, 0, 0, 0, 0.028
ProtA36, 0, 0, 0.044, 0.044, 0, 0, 0, 0, 0.036
ProtA37, 1, 0.007, 0.075, 0.515, 1, 0, 1, 0.111, 0.923
ProtA38, 1, 0, 0.749, 0.293, 1, 0, 1, 0.969, 0.067
ProtA39, 0, 0, 0.047, 0.052, 0, 0, 0, 0, 0.039
ProtA40, 0, 0, 0.436, 0.082, 0, 0, 0, 0, 0.023
ProtA41, 1, 0.001, 1.014, 0.17, 1, 0, 1, 0.695, 0.331
ProtA42, 1, 0.004, 0.1, 0.171, 1, 0, 1, 0.985, 0.031
ProtA43, 0, 0, 0.794, 0.089, 0, 0, 0, 0, 0.031
ProtA44, 0, 0, 0.049, 0.044, 0, 0, 0, 0, 0.033
ProtA45, 0, 0, 0.162, 0.106, 0, 0, 0, 0, 0.032
ProtA46, 0, 0, 0.058, 0.05, 0, 0, 0, 0, 0.031
ProtA47, 1, 0, 0.055, 0.051, 1, 0, 1, 1, 0.029
ProtA48, 2, 0.299, 0.093, 0.06, 1, 0, 2, 1.374, 0.063
ProtA49, 0, 0, 0.058, 0.06, 0, 0, 0, 0, 0.03
ProtA5, 2, 0.839, 0.07, 1.097, 1, 0, 2, 0.266, 0.709
ProtA50, 2, 0.001, 0.945, 0.675, 1, 0, 2, 0.855, 1.177
ProtA51, 1, 0.001, 0.094, 0.07, 1, 0, 1, 0.997, 0.03
ProtA52, 1, 0, 0.131, 0.082, 1, 0, 1, 1, 0.026
ProtA53, 1, 0, 0.934, 0.205, 1, 0, 1, 0.966, 0.058
ProtA54, 0, 0, 0.047, 0.051, 0, 0, 0, 0, 0.032
ProtA55, 0, 0, 0.059, 0.062, 0, 0, 0, 0, 0.032
ProtA56, 2, 0.003, 0.048, 0.296, 1, 0, 2, 1.078, 0.94
ProtA57, 1, 0.003, 0.503, 0.435, 1, 0, 1, 0.322, 0.702
ProtA58, 1, 0.003, 1.014, 0.228, 1, 0, 1, 0.897, 0.135
ProtA60, 1, 0.016, 0.282, 0.509, 1, 0, 1, 0.242, 0.784
ProtA61, 0, 0, 1.125, 0.122, 0, 0, 0, 0, 0.031
ProtA62, 2, 0.005, 0.074, 0.341, 1, 0, 2, 1.301, 0.726
ProtA63, 1, 0.001, 0.046, 0.041, 1, 0, 1, 1, 0.019
ProtA64, 1, 0.002, 0.737, 0.306, 1, 0, 1, 0.991, 0.044
ProtA66, 0, 0, 0.057, 0.063, 0, 0, 0, 0, 0.037
ProtA67, 1, 0.005, 0.066, 0.203, 1, 0, 1, 0.389, 0.648
ProtA68, 1, 0.001, 0.187, 0.267, 1, 0, 1, 0.269, 0.769
ProtA69, 2, 0.008, 0.921, 0.851, 1, 0, 2, 0.883, 1.146
ProtA7, 0, 0, 0.908, 0.151, 0, 0, 0, 0, 0.041
ProtA70, 1, 0.011, 0.398, 0.486, 1, 0, 1, 0.429, 0.589
ProtA71, 1, 0, 0.076, 0.067, 1, 0, 1, 0.999, 0.028
ProtA72, 1, 0, 0.23, 0.047, 1, 0, 1, 1, 0.022
ProtA74, 1, 0.003, 0.067, 0.351, 1, 0, 1, 0.317, 0.709
ProtA75, 1, 0.009, 0.118, 0.93, 1, 0, 1, 0.235, 0.791
ProtA76, 1, 0, 0.074, 0.061, 1, 0, 1, 1, 0.026
ProtA77, 1, 0, 0.092, 0.081, 1, 0, 1, 0.998, 0.029
ProtA8, 1, 0, 0.235, 0.168, 1, 0, 1, 0.308, 0.73
ProtA9, 1, 0.003, 0.371, 0.276, 1, 0, 1, 0.153, 0.886
ProtG1, 1, 0.002, 0.211, 0.247, 1, 0, 1, 0.44, 0.605
ProtG10, 1, 0.013, 0.394, 0.607, 1, 0, 1, 0.971, 0.04
ProtG11, 0, 0, 0.188, 0.117, 0, 0, 0, 0, 0.042
ProtG12, 1, 0.003, 0.327, 0.334, 1, 0, 1, 0.937, 0.106
ProtG13, 0, 0, 0.167, 0.069, 0, 0, 0, 0, 0.028
ProtG14, 1, 0, 0.215, 0.115, 1, 0, 1, 0.994, 0.037
ProtG15, 0, 0, 0.335, 0.088, 0, 0, 0, 0, 0.025
ProtG16, 0, 0, 0.076, 0.068, 0, 0, 0, 0, 0.038
ProtG17, 0, 0, 0.081, 0.087, 0, 0, 0, 0, 0.043
ProtG18, 1, 0.014, 0.102, 0.861, 1, 0, 1, 0.447, 0.574
ProtG19, 0, 0, 0.056, 0.064, 0, 0, 0, 0, 0.038
ProtG20, 1, 0.008, 0.065, 0.549, 1, 0, 1, 0.217, 0.812
ProtG21, 0, 0, 0.548, 0.363, 0, 0, 0, 0, 0.034
ProtG22, 0, 0, 0.042, 0.045, 0, 0, 0, 0, 0.03
ProtG24, 1, 0.012, 0.158, 1.039, 1, 0, 1, 0.965, 0.053
ProtG25, 0, 0, 0.811, 0.289, 0, 0, 0, 0, 0.038
ProtG26, 1, 0.007, 0.187, 0.405, 1, 0, 1, 0.264, 0.765
ProtG27, 0, 0, 0.051, 0.041, 0, 0, 0, 0, 0.024
ProtG28, 0, 0, 0.09, 0.085, 0, 0, 0, 0, 0.042
ProtG29, 0, 0, 0.042, 0.039, 0, 0, 0, 0, 0.028
ProtG3, 0, 0, 0.052, 0.06, 0, 0, 0, 0, 0.035
ProtG30, 0, 0, 0.048, 0.043, 0, 0, 0, 0, 0.03
ProtG31, 0, 0, 0.073, 0.058, 0, 0, 0, 0, 0.037
ProtG32, 1, 0.003, 0.315, 0.215, 1, 0, 1, 0.125, 0.897
ProtG33, 0, 0, 0.075, 0.058, 0, 0, 0, 0, 0.028
ProtG34, 1, 0.005, 0.102, 0.293, 1, 0, 1, 0.016, 1.018
ProtG35, 0, 0, 0.038, 0.039, 0, 0, 0, 0, 0.027
ProtG36, 0, 0, 0.277, 0.115, 0, 0, 0, 0, 0.032
ProtG37, 0, 0, 0.048, 0.048, 0, 0, 0, 0, 0.03
ProtG38, 0, 0, 0.05, 0.053, 0, 0, 0, 0, 0.037
ProtG39, 1, 0.003, 0.048, 0.288, 1, 0, 1, 0.294, 0.735
ProtG4, 0, 0, 0.078, 0.088, 0, 0, 0, 0, 0.056
ProtG40, 0, 0, 0.048, 0.053, 0, 0, 0, 0, 0.025
ProtG41, 0, 0, 0.049, 0.045, 0, 0, 0, 0, 0.026
ProtG42, 0, 0, 0.057, 0.063, 0, 0, 0, 0, 0.051
ProtG43, 0, 0, 0.061, 0.058, 0, 0, 0, 0, 0.031
ProtG44, 0, 0, 0.045, 0.047, 0, 0, 0, 0, 0.033
ProtG45, 1, 0.002, 0.04, 0.323, 1, 0, 1, 0.436, 0.588
ProtG46, 0, 0, 0.049, 0.044, 0, 0, 0, 0, 0.036
ProtG47, 2, 0.01, 0.052, 0.944, 1, 0, 2, 0.671, 1.347
ProtG48, 1, 0.002, 0.06, 0.068, 1, 0, 1, 0.751, 0.28
ProtG49, 0, 0, 0.041, 0.045, 0, 0, 0, 0, 0.029
ProtG5, 1, 0.009, 0.921, 0.529, 1, 0, 1, 0.332, 0.694
ProtG50, 1, 0.003, 0.13, 0.316, 1, 0, 1, 0.206, 0.841
ProtG51, 0, 0, 0.045, 0.046, 0, 0, 0, 0, 0.027
ProtG52, 1, 0.014, 0.075, 1.031, 1, 0, 1, 0.981, 0.041
ProtG53, 0, 0.002, 0.037, 0.034, 0, 0, 0, 0, 0.026
ProtG54, 0, 0, 0.043, 0.045, 0, 0, 0, 0, 0.032
ProtG55, 0, 0, 0.064, 0.059, 0, 0, 0, 0, 0.034
ProtG56, 2, 0.004, 0.081, 0.461, 1, 0, 2, 1.941, 0.088
ProtG57, 0, 0, 0.031, 0.03, 0, 0, 0, 0, 0.023
ProtG58, 1, 0.004, 0.385, 0.338, 1, 0, 1, 0.548, 0.486
ProtG59, 1, 0.004, 0.048, 0.659, 1, 0, 1, 0.424, 0.596
ProtG6, 0, 0, 0.812, 0.063, 0, 0, 0, 0, 0.034
ProtG60, 0, 0.001, 0.06, 0.054, 0, 0, 0, 0, 0.03
ProtG61, 0, 0, 0.07, 0.062, 0, 0, 0, 0, 0.041
ProtG62, 0, 0, 0.121, 0.116, 0, 0, 0, 0, 0.027
ProtG63, 1, 0.006, 0.216, 0.206, 1, 0, 1, 0.28, 0.746
ProtG64, 0, 0, 0.061, 0.045, 0, 0, 0, 0, 0.028
ProtG65, 2, 0.008, 0.05, 0.471, 1, 0, 2, 1.007, 1.017
ProtG66, 0, 0, 0.164, 0.092, 0, 0, 0, 0, 0.034
ProtG67, 1, 0.001, 0.342, 0.164, 1, 0, 1, 0.149, 0.877
ProtG68, 1, 0.003, 0.079, 0.451, 1, 0, 1, 0.083, 0.946
ProtG69, 0, 0, 1.058, 0.132, 0, 0, 0, 0, 0.033
ProtG7, 0, 0.001, 0.084, 0.076, 0, 0, 0, 0, 0.036
ProtG70, 0, 0, 0.041, 0.043, 0, 0, 0, 0, 0.032
ProtG71, 1, 0.004, 0.054, 0.376, 1, 0, 1, 0.036, 1.001
ProtG72, 1, 0.006, 0.137, 0.327, 1, 0, 1, 0.199, 0.826
ProtG73, 0, 0, 0.481, 0.169, 0, 0, 0, 0, 0.033
ProtG74, 0, 0, 0.038, 0.043, 0, 0, 0, 0, 0.032
ProtG75, 0, 0, 0.492, 0.199, 0, 0, 0, 0, 0.042
ProtG76, 0, 0, 0.041, 0.047, 0, 0, 0, 0, 0.027
ProtG77, 0, 0, 0.118, 0.105, 0, 0, 0, 0, 0.024
ProtG78, 1, 0.004, 0.075, 0.39, 1, 0, 1, 0.213, 0.821
ProtG79, 0, 0, 0.039, 0.037, 0, 0, 0, 0, 0.029
ProtG8, 1, 0.001, 0.04, 0.078, 1, 0, 1, 0.447, 0.567
ProtG80, 0, 0, 0.036, 0.044, 0, 0, 0, 0, 0.028
ProtG81, 0, 0, 0.031, 0.037, 0, 0, 0, 0, 0.021
ProtG82, 0, 0, 1.024, 0.309, 0, 0, 0, 0, 0.027
ProtG83, 1, 0.002, 0.046, 0.336, 1, 0, 1, 0.994, 0.024
ProtG84, 1, 0.009, 0.063, 0.653, 1, 0, 1, 0.122, 0.908
ProtG85, 0, 0, 1.105, 0.151, 0, 0, 0, 0, 0.023
ProtG86, 1, 0.001, 0.053, 0.12, 1, 0, 1, 0.971, 0.055
ProtG87, 0, 0, 0.045, 0.037, 0, 0, 0, 0, 0.028
ProtG88, 1, 0.001, 0.741, 0.373, 1, 0, 1, 0.5, 0.534
ProtG89, 1, 0, 0.061, 0.087, 1, 0, 1, 0.101, 0.922
ProtG9, 1, 0.004, 0.051, 0.355, 1, 0, 1, 0.753, 0.274
ProtG90, 0, 0.001, 0.037, 0.039, 0, 0, 0, 0, 0.025
ProtG91, 1, 0.001, 0.132, 0.136, 1, 0, 1, 0.971, 0.049
ProtM1, 1, 0, 0.543, 0.062, 1, 0, 1, 0.912, 0.121
ProtM2, 1, 0.006, 0.51, 0.516, 1, 0, 1, 0.936, 0.082
ProtM3, 1, 0, 0.635, 0.225, 1, 0, 1, 0.535, 0.489
ProtZ1, 1, 0, 0.048, 0.053, 1, 0, 1, 1, 0.035
ProtZ2, 1, 0, 0.046, 0.041, 1, 0, 1, 0.998, 0.025
ProtZ3, 1, 0, 0.054, 0.062, 1, 0, 1, 1, 0.032
ProtZ4, 1, 0, 0.047, 0.051, 1, 0, 1, 1, 0.034
ProtZ5, 1, 0, 0.106, 0.105, 1, 0, 1, 0.996, 0.043
RBG1, 0, 0, 0.733, 0.264, 0, 0, 0, 0, 0.045
Rifl1, 2, 0.988, 0.178, 0.365, 1, 0, 2, 0.024, 0.852
SAR3X1, 1, 0.004, 0.087, 0.433, 1, 0, 1, 0.69, 0.338
SAR3X2, 0, 0.001, 0.786, 0.322, 0, 0, 0, 0, 0.04
SLNR1, 2, 0.017, 0.123, 0.886, 1, 0, 2, 0.355, 1.678
SM23X1, 0, 0, 0.11, 0.073, 0, 0, 0, 0, 0.048
SZUA1, 2, 0.975, 0.373, 0.386, 1, 0, 2, 0.045, 0.734
SZUA2, 1, 0.004, 0.398, 0.378, 1, 0, 1, 0.205, 0.824
Sche1, 2, 0.003, 0.26, 0.378, 1, 0, 2, 1.104, 0.935
Spir10, 0, 0, 1.054, 0.396, 0, 0, 0, 0, 0.031
Spir11, 0, 0, 0.998, 0.415, 0, 0, 0, 0, 0.046
Spir12, 0, 0, 0.883, 0.317, 0, 0, 0, 0, 0.034
Spir13, 1, 0, 0.045, 0.039, 1, 0, 1, 1, 0.023
Spir15, 1, 0.004, 0.096, 0.304, 1, 0, 1, 0.133, 0.887
Spir2, 1, 0, 0.059, 0.053, 1, 0, 1, 1, 0.037
Spir3, 1, 0.006, 0.07, 0.404, 1, 0, 1, 0.993, 0.041
Spir4, 1, 0.007, 0.274, 0.51, 1, 0, 1, 0.176, 0.871
Spir8, 1, 0.006, 0.89, 0.484, 1, 0, 1, 0.12, 0.92
Spir9, 1, 0.026, 0.236, 0.789, 1, 0, 1, 0.027, 1.005
Sume1, 1, 0.023, 0.385, 1.2, 1, 0, 1, 0.974, 0.036
Syne1, 1, 0, 0.873, 0.262, 1, 0, 1, 0.879, 0.146
Syne10, 1, 0.001, 0.12, 0.092, 1, 0, 1, 0.985, 0.048
Syne2, 1, 0.008, 0.138, 0.495, 1, 0, 1, 0.83, 0.204
Syne3, 0, 0, 0.315, 0.073, 0, 0, 0, 0, 0.029
Syne4, 1, 0, 0.461, 0.19, 1, 0, 1, 0.946, 0.094
Syne5, 2, 0.007, 0.182, 0.481, 1, 0, 2, 1.213, 0.808
Syne6, 2, 0.013, 0.624, 0.924, 1, 0, 2, 1.789, 0.221
Syne7, 0, 0, 1.098, 0.089, 0, 0, 0, 0, 0.027
Syne8, 1, 0, 0.099, 0.076, 1, 0, 1, 0.213, 0.813
Syne9, 2, 0.021, 0.188, 1.221, 1, 0, 2, 1.103, 0.907
TA06A1, 2, 0.016, 0.177, 1.265, 1, 0, 2, 0.855, 1.173
TA06X1, 0, 0, 0.045, 0.046, 0, 0, 0, 0, 0.034
Therd1, 1, 0.001, 0.831, 0.323, 1, 0, 1, 0, 1.031
Therg2, 1, 0, 0.073, 0.065, 1, 0, 1, 1, 0.042
Therg3, 1, 0, 0.649, 0.042, 1, 0, 1, 0.84, 0.188
Therg4, 1, 0, 0.061, 0.055, 1, 0, 1, 1, 0.03
Therg5, 1, 0.004, 0.546, 0.224, 1, 0, 1, 0.94, 0.081
Therg6, 1, 0, 0.191, 0.09, 1, 0, 1, 0.823, 0.205
Therg8, 1, 0, 0.858, 0.206, 1, 0, 1, 0.154, 0.872
Thers1, 1, 0.006, 0.092, 0.253, 1, 0, 1, 0.196, 0.849
UBA1X1, 1, 0, 0.06, 0.057, 1, 0, 1, 1, 0.037
UBA1X2, 0, 0, 0.1, 0.075, 0, 0, 0, 0, 0.031
UBA1X3, 1, 0.009, 0.102, 0.509, 1, 0, 1, 0.276, 0.76
UBA1X4, 0, 0, 0.052, 0.052, 0, 0, 0, 0, 0.031
UBA1X5, 0, 0, 0.062, 0.057, 0, 0, 0, 0, 0.041
UBA1X6, 1, 0, 0.06, 0.055, 1, 0, 1, 0.999, 0.037
UBA2X1, 1, 0.003, 0.302, 0.328, 1, 0, 1, 0.311, 0.729
UBA6X1, 2, 0.015, 1.366, 0.827, 1, 0, 2, 1.458, 0.568
UBA9X1, 0, 0.001, 1.103, 0.449, 0, 0, 0, 0, 0.041
UBA9X2, 1, 0.002, 0.087, 0.201, 1, 0, 1, 0.882, 0.158
UBA9X3, 0, 0, 0.961, 0.36, 0, 0, 0, 0, 0.034
UBP13X1, 1, 0, 0.219, 0.163, 1, 0, 1, 0.305, 0.739
UBP14X1, 1, 0.001, 0.667, 0.293, 1, 0, 1, 0.081, 0.956
UBP4X1, 2, 0, 0.225, 0.26, 1, 0, 2, 1.137, 0.899
UBP6X1, 0, 0, 0.198, 0.131, 0, 0, 0, 0, 0.048
Verr10, 1, 0, 1.013, 0.294, 1, 0, 1, 0.05, 0.982
Verr11, 0, 0, 1.047, 0.048, 0, 0, 0, 0, 0.034
Verr12, 1, 0, 0.049, 0.052, 1, 0, 1, 0.995, 0.036
Verr13, 1, 0, 0.092, 0.031, 1, 0, 1, 0.998, 0.024
Verr14, 1, 0, 0.057, 0.048, 1, 0, 1, 0.999, 0.026
Verr2, 2, 0.012, 0.053, 0.939, 1, 0, 2, 1.912, 0.1
Verr3, 1, 0.001, 0.114, 0.177, 1, 0, 1, 0.95, 0.082
Verr4, 2, 0.001, 1.053, 0.087, 1, 0, 2, 1.019, 1.016
Verr5, 3, 1.871, 0.445, 1.249, 1, 0, 3, 0.131, 0.82
Verr6, 1, 0.008, 0.512, 0.6, 1, 0, 1, 0.281, 0.75
Verr7, 1, 0, 0.97, 0.122, 1, 0, 1, 0.998, 0.029
Verr8, 1, 0.002, 1.024, 0.472, 1, 0, 1, 0.149, 0.876
Verr9, 3, 0.003, 0.065, 0.37, 1, 0, 3, 2.241, 0.794
WOR1, 0, 0, 0.047, 0.05, 0, 0, 0, 0, 0.033
WOR2, 0, 0, 0.038, 0.044, 0, 0, 0, 0, 0.029
WOR3, 0, 0, 0.06, 0.065, 0, 0, 0, 0, 0.046
WOR4, 0, 0, 0.039, 0.039, 0, 0, 0, 0, 0.03
WOR6, 0, 0.001, 0.242, 0.106, 0, 0, 0, 0, 0.04
WOR7, 1, 0.004, 0.051, 0.44, 1, 0, 1, 0.194, 0.846
Wall1, 1, 0.006, 0.245, 0.431, 1, 0, 1, 0.12, 0.916
Zixi1, 1, 0, 0.052, 0.049, 1, 0, 1, 1, 0.031
Zixi2, 1, 0, 0.055, 0.052, 1, 0, 1, 1, 0.034
Zixi3, 2, 0.004, 0.415, 0.443, 1, 0, 2, 1.243, 0.793
Zixi4, 2, 0.005, 0.405, 0.397, 1, 0, 2, 1.24, 0.782
Zixi5, 1, 0.001, 0.963, 0.31, 1, 0, 1, 0.241, 0.792
chloroArabidopsis, 0, 0, 0.04, 0.044, 0, 0, 0, 0, 0.03
chloroBryophyte, 0, 0, 0.044, 0.048, 0, 0, 0, 0, 0.028
chloroChlorophyta, 0, 0, 0.055, 0.042, 0, 0, 0, 0, 0.037
chloroLycophyte, 0, 0.001, 0.044, 0.048, 0, 0, 0, 0, 0.033
chloroRedAlgae, 0, 0, 0.09, 0.053, 0, 0, 0, 0, 0.024
mitoAnnelida, 0, 0, 0.035, 0.036, 0, 0, 0, 0, 0.023
mitoArabidopsis, 0, 0, 0.042, 0.04, 0, 0, 0, 0, 0.024
mitoBryophyte, 0, 0, 0.047, 0.045, 0, 0, 0, 0, 0.028
mitoChelicerate, 0, 0, 0.041, 0.042, 0, 0, 0, 0, 0.024
mitoChlorophyta, 0, 0, 0.041, 0.034, 0, 0, 0, 0, 0.025
mitoExcavata, 0, 0, 0.067, 0.072, 0, 0, 0, 0, 0.036
mitoFungi, 0, 0, 0.072, 0.053, 0, 0, 0, 0, 0.027
mitoInsect, 0, 0, 0.048, 0.055, 0, 0, 0, 0, 0.031
mitoLycophyte, 0, 0, 0.046, 0.045, 0, 0, 0, 0, 0.028
mitoMollusc, 0, 0, 0.042, 0.048, 0, 0, 0, 0, 0.03
mitoParamecium, 0, 0, 0.053, 0.054, 0, 0, 0, 0, 0.035
mitoPriapulid, 0, 0, 0.055, 0.051, 0, 0, 0, 0, 0.032
mitoRedAlgae, 0, 0, 0.045, 0.047, 0, 0, 0, 0, 0.035
