species_label, speciations, duplications, losses, transfers, presence, origination, copies, singletons, transfers_to
AABM5X1, 0, 0, 0.009, 0.008, 0, 0, 0, 0, 0.004
AABM5X2, 0, 0, 0.008, 0.008, 0, 0, 0, 0, 0.003
AABM5X3, 0, 0, 0.01, 0.013, 0, 0, 0, 0, 0.006
Abys1, 1, 0.002, 0.01, 0.29, 1, 0, 1, 0.234, 0.77
Acid1, 1, 0, 0.029, 0.031, 1, 0, 1, 0.166, 0.837
Acid10, 1, 0.005, 0.894, 0.472, 1, 0, 1, 0.681, 0.323
Acid11, 0, 0, 0.008, 0.005, 0, 0, 0, 0, 0
Acid12, 0, 0, 0.03, 0.023, 0, 0, 0, 0, 0.003
Acid13, 0, 0, 0.031, 0.017, 0, 0, 0, 0, 0.004
Acid14, 0, 0, 0.198, 0.019, 0, 0, 0, 0, 0.006
Acid16, 1, 0, 0.022, 0.072, 1, 0, 1, 0.182, 0.824
Acid17, 0, 0, 0.197, 0.018, 0, 0, 0, 0, 0.005
Acid18, 0, 0, 0.014, 0.009, 0, 0, 0, 0, 0.003
Acid2, 0, 0, 0.013, 0.013, 0, 0, 0, 0, 0.002
Acid20, 1, 0, 0.013, 0.01, 1, 0, 1, 1, 0.005
Acid21, 1, 0.001, 0.183, 0.074, 1, 0, 1, 0.993, 0.009
Acid22, 1, 0.003, 0.875, 0.668, 1, 0, 1, 0.794, 0.207
Acid23, 1, 0.005, 0.023, 0.429, 1, 0, 1, 0.239, 0.765
Acid24, 1, 0.012, 0.173, 0.987, 1, 0, 1, 0.937, 0.058
Acid25, 0, 0.001, 0.056, 0.056, 0, 0, 0, 0, 0.003
Acid26, 0, 0, 0.008, 0.01, 0, 0, 0, 0, 0.004
Acid27, 0, 0, 0.018, 0.012, 0, 0, 0, 0, 0.005
Acid28, 0, 0.001, 0.281, 0.049, 0, 0, 0, 0, 0.001
Acid29, 0, 0, 0.014, 0.012, 0, 0, 0, 0, 0.001
Acid3, 1, 0, 0.016, 0.012, 1, 0, 1, 0.179, 0.824
Acid30, 1, 0.007, 1.01, 0.436, 1, 0, 1, 0.342, 0.661
Acid31, 0, 0, 0.011, 0.006, 0, 0, 0, 0, 0.003
Acid32, 0, 0, 0.008, 0.006, 0, 0, 0, 0, 0.004
Acid33, 1, 0, 0.076, 0.016, 1, 0, 1, 0.992, 0.011
Acid34, 1, 0, 0.01, 0.041, 1, 0, 1, 0.991, 0.012
Acid35, 1, 0.002, 0.007, 0.307, 1, 0, 1, 0.25, 0.753
Acid36, 1, 0, 0.926, 0.011, 1, 0, 1, 0.895, 0.11
Acid37, 1, 0, 0.348, 0.065, 1, 0, 1, 0.996, 0.006
Acid38, 1, 0, 0.9, 0.008, 1, 0, 1, 0.92, 0.084
Acid39, 0, 0, 0.254, 0.047, 0, 0, 0, 0, 0.002
Acid4, 1, 0, 0.769, 0.287, 1, 0, 1, 0.339, 0.664
Acid40, 1, 0, 0.011, 0.007, 1, 0, 1, 1, 0.003
Acid5, 0, 0, 0.19, 0.055, 0, 0, 0, 0, 0.006
Acid6, 1, 0, 0.003, 0.058, 1, 0, 1, 0.276, 0.724
Acid7, 1, 0, 0.036, 0.015, 1, 0, 1, 0.999, 0.005
Acid8, 0, 0, 0.031, 0.013, 0, 0, 0, 0, 0.007
Acid9, 0, 0, 0.049, 0.011, 0, 0, 0, 0, 0.002
Acti10, 1, 0, 0.006, 0.003, 1, 0, 1, 0.999, 0.003
Acti11, 1, 0, 0.855, 0.052, 1, 0, 1, 0.963, 0.041
Acti12, 1, 0, 0.011, 0.008, 1, 0, 1, 0.999, 0.007
Acti13, 1, 0, 0.046, 0.022, 1, 0, 1, 0.992, 0.013
Acti14, 1, 0, 0.014, 0.009, 1, 0, 1, 1, 0.004
Acti15, 1, 0, 0.012, 0.005, 1, 0, 1, 1, 0.004
Acti16, 1, 0, 0.007, 0.006, 1, 0, 1, 1, 0.001
Acti18, 1, 0, 0.01, 0.006, 1, 0, 1, 1, 0.004
Acti19, 1, 0, 0.007, 0.007, 1, 0, 1, 1, 0.003
Acti2, 1, 0, 0.041, 0.016, 1, 0, 1, 0.384, 0.617
Acti20, 0, 0.001, 0.236, 0.085, 0, 0, 0, 0, 0.011
Acti21, 1, 0, 0.007, 0.004, 1, 0, 1, 0.999, 0.003
Acti22, 1, 0, 0.929, 0.011, 1, 0, 1, 0.888, 0.115
Acti23, 1, 0, 0.009, 0.007, 1, 0, 1, 1, 0.005
Acti24, 0, 0, 0.006, 0.007, 0, 0, 0, 0, 0.003
Acti25, 1, 0, 0.017, 0.011, 1, 0, 1, 1, 0.004
Acti26, 1, 0.004, 1.124, 0.274, 1, 0, 1, 0.222, 0.783
Acti27, 0, 0, 0.006, 0.004, 0, 0, 0, 0, 0.002
Acti28, 1, 0, 0.027, 0.016, 1, 0, 1, 0.906, 0.095
Acti29, 1, 0, 0.007, 0.009, 1, 0, 1, 0.991, 0.013
Acti3, 1, 0, 0.006, 0.004, 1, 0, 1, 1, 0.003
Acti30, 1, 0.001, 0.021, 0.174, 1, 0, 1, 0.988, 0.014
Acti31, 0, 0, 1.005, 0.002, 0, 0, 0, 0, 0.001
Acti32, 1, 0, 0.274, 0.002, 1, 0, 1, 0.983, 0.019
Acti33, 1, 0, 0.003, 0.004, 1, 0, 1, 1, 0
Acti34, 1, 0, 0.054, 0.002, 1, 0, 1, 0.998, 0.004
Acti35, 1, 0, 0.003, 0, 1, 0, 1, 1, 0
Acti36, 1, 0, 0.002, 0.002, 1, 0, 1, 0.996, 0.005
Acti37, 1, 0, 0.008, 0.039, 1, 0, 1, 0.792, 0.211
Acti38, 1, 0, 0.292, 0.04, 1, 0, 1, 0.963, 0.041
Acti39, 1, 0.001, 0.429, 0.424, 1, 0, 1, 0.024, 0.984
Acti4, 1, 0, 0.862, 0.011, 1, 0, 1, 0.743, 0.263
Acti40, 1, 0, 0.013, 0.008, 1, 0, 1, 1, 0.003
Acti41, 1, 0, 0.961, 0.011, 1, 0, 1, 0.777, 0.226
Acti42, 1, 0.001, 0.298, 0.236, 1, 0, 1, 0.358, 0.649
Acti43, 0, 0, 1.001, 0.005, 0, 0, 0, 0, 0.004
Acti44, 0, 0, 0.018, 0.016, 0, 0, 0, 0, 0.003
Acti45, 1, 0, 0.006, 0.001, 1, 0, 1, 1, 0.001
Acti46, 1, 0.001, 0.774, 0.019, 1, 0, 1, 0.965, 0.038
Acti47, 1, 0, 0.007, 0.004, 1, 0, 1, 1, 0.002
Acti48, 0, 0, 0.289, 0.031, 0, 0, 0, 0, 0.003
Acti49, 1, 0, 0.285, 0.048, 1, 0, 1, 0.972, 0.03
Acti5, 0, 0, 0.011, 0.008, 0, 0, 0, 0, 0.005
Acti50, 1, 0.009, 0.067, 0.886, 1, 0, 1, 0.872, 0.126
Acti51, 0, 0, 0.009, 0.007, 0, 0, 0, 0, 0.005
Acti52, 0, 0, 0.018, 0.005, 0, 0, 0, 0, 0.003
Acti6, 1, 0, 0.015, 0.011, 1, 0, 1, 1, 0.005
Acti7, 1, 0, 0.015, 0.011, 1, 0, 1, 1, 0.008
Acti8, 0, 0, 0.007, 0.005, 0, 0, 0, 0, 0.004
Acti9, 0, 0, 0.996, 0.004, 0, 0, 0, 0, 0.002
Aero1, 0, 0, 0.006, 0.007, 0, 0, 0, 0, 0.005
Aqui1, 1, 0, 0.005, 0.004, 1, 0, 1, 1, 0.002
Aqui2, 1, 0, 0.008, 0.005, 1, 0, 1, 1, 0.005
Aqui3, 0, 0, 0.171, 0.032, 0, 0, 0, 0, 0.002
Aqui4, 1, 0, 0.008, 0.007, 1, 0, 1, 1, 0.005
Aqui5, 1, 0, 0.012, 0.01, 1, 0, 1, 1, 0.006
Aqui6, 1, 0, 0.007, 0.004, 1, 0, 1, 1, 0.004
Arma11, 1, 0, 0.044, 0.11, 1, 0, 1, 0.8, 0.207
Arma12, 1, 0, 0.038, 0.028, 1, 0, 1, 0.178, 0.825
Arma13, 1, 0, 0.009, 0.007, 1, 0, 1, 1, 0.003
Arma14, 0, 0, 0.032, 0.025, 0, 0, 0, 0, 0.008
Arma15, 1, 0, 0.011, 0.009, 1, 0, 1, 0.999, 0.005
Arma16, 1, 0.003, 0.812, 0.19, 1, 0, 1, 0.274, 0.728
Arma3, 1, 0.009, 0.142, 0.531, 1, 0, 1, 0.768, 0.232
Arma4, 0, 0, 0.027, 0.016, 0, 0, 0, 0, 0.003
Arma6, 0, 0, 0.978, 0.01, 0, 0, 0, 0, 0.002
Arma7, 0, 0, 0.217, 0.028, 0, 0, 0, 0, 0.004
Arma9, 1, 0.018, 0.069, 1.321, 1, 0, 1, 0.96, 0.028
Aure1, 0, 0, 0.01, 0.012, 0, 0, 0, 0, 0.009
Aure2, 0, 0, 0.006, 0.005, 0, 0, 0, 0, 0.005
Aure3, 0, 0, 0.014, 0.014, 0, 0, 0, 0, 0.008
B130X1, 0, 0, 0.144, 0.048, 0, 0, 0, 0, 0.023
BMS3X1, 0, 0, 0.481, 0.366, 0, 0, 0, 0, 0.028
Bact1, 0, 0, 0.008, 0.009, 0, 0, 0, 0, 0.007
Bact10, 0, 0, 0.215, 0.009, 0, 0, 0, 0, 0.006
Bact11, 0, 0, 0.003, 0.002, 0, 0, 0, 0, 0.002
Bact12, 1, 0, 0.004, 0.025, 1, 0, 1, 0.958, 0.045
Bact13, 0, 0, 0.006, 0.007, 0, 0, 0, 0, 0.003
Bact14, 0, 0, 0.005, 0.005, 0, 0, 0, 0, 0.002
Bact16, 1, 0, 0.014, 0.009, 1, 0, 1, 1, 0.004
Bact17, 0, 0, 0.006, 0.009, 0, 0, 0, 0, 0.002
Bact18, 0, 0, 0.006, 0.005, 0, 0, 0, 0, 0.003
Bact19, 1, 0.003, 0.326, 0.337, 1, 0, 1, 0.917, 0.085
Bact2, 0, 0, 0.011, 0.012, 0, 0, 0, 0, 0.008
Bact20, 0, 0, 0.011, 0.011, 0, 0, 0, 0, 0.008
Bact21, 0, 0, 0.024, 0.016, 0, 0, 0, 0, 0.005
Bact22, 1, 0, 0.015, 0.008, 1, 0, 1, 0.997, 0.007
Bact23, 0, 0, 0.007, 0.007, 0, 0, 0, 0, 0.005
Bact24, 0, 0, 0.006, 0.007, 0, 0, 0, 0, 0.005
Bact25, 0, 0, 0.005, 0.003, 0, 0, 0, 0, 0.002
Bact27, 1, 0.001, 0.016, 0.059, 1, 0, 1, 0.989, 0.015
Bact28, 0, 0, 0.009, 0.01, 0, 0, 0, 0, 0.007
Bact29, 0, 0, 0.012, 0.008, 0, 0, 0, 0, 0.006
Bact3, 0, 0, 0.003, 0, 0, 0, 0, 0, 0
Bact30, 0, 0, 0.002, 0.003, 0, 0, 0, 0, 0.001
Bact31, 0, 0, 0.006, 0.004, 0, 0, 0, 0, 0.002
Bact32, 0, 0, 0.006, 0.005, 0, 0, 0, 0, 0.005
Bact33, 1, 0, 0.01, 0.004, 1, 0, 1, 0.999, 0.003
Bact34, 0, 0, 0.005, 0.004, 0, 0, 0, 0, 0.003
Bact35, 0, 0, 0.698, 0.012, 0, 0, 0, 0, 0.002
Bact36, 0, 0, 0.019, 0.011, 0, 0, 0, 0, 0.003
Bact37, 1, 0, 0.018, 0.023, 1, 0, 1, 0.999, 0.005
Bact38, 0, 0, 0.007, 0.008, 0, 0, 0, 0, 0.003
Bact39, 1, 0, 0.012, 0.006, 1, 0, 1, 0.999, 0.005
Bact4, 0, 0, 0.005, 0.003, 0, 0, 0, 0, 0.003
Bact40, 1, 0, 0.006, 0.008, 1, 0, 1, 0.979, 0.025
Bact41, 0, 0, 0.985, 0.007, 0, 0, 0, 0, 0.004
Bact42, 1, 0, 0.017, 0.014, 1, 0, 1, 0.999, 0.004
Bact43, 0, 0, 0.016, 0.009, 0, 0, 0, 0, 0
Bact44, 1, 0.002, 0.033, 0.31, 1, 0, 1, 0.667, 0.335
Bact5, 1, 0, 0.013, 0.008, 1, 0, 1, 1, 0.003
Bact6, 0, 0, 0.076, 0.011, 0, 0, 0, 0, 0.002
Bact7, 1, 0, 0.01, 0.007, 1, 0, 1, 1, 0.001
Bact8, 1, 0, 0.016, 0.012, 1, 0, 1, 1, 0.007
Bact9, 0, 0, 0.015, 0.015, 0, 0, 0, 0, 0.009
Bdell10, 0, 0, 0.017, 0.015, 0, 0, 0, 0, 0.005
Bdell11, 0, 0, 0.004, 0.002, 0, 0, 0, 0, 0
Bdell12, 0, 0, 0.009, 0.005, 0, 0, 0, 0, 0.002
Bdell13, 0, 0, 0.024, 0.022, 0, 0, 0, 0, 0.005
Bdell14, 0, 0, 0.007, 0.01, 0, 0, 0, 0, 0.004
Bdell15, 0, 0, 0.007, 0.007, 0, 0, 0, 0, 0.006
Bdell16, 0, 0, 0.016, 0.015, 0, 0, 0, 0, 0.006
Bdell17, 0, 0, 0.015, 0.011, 0, 0, 0, 0, 0.005
Bdell2, 0, 0, 0.015, 0.014, 0, 0, 0, 0, 0.003
Bdell3, 0, 0, 0.009, 0.007, 0, 0, 0, 0, 0.002
Bdell4, 0, 0, 0.008, 0.008, 0, 0, 0, 0, 0.005
Bdell5, 0, 0, 0.005, 0.004, 0, 0, 0, 0, 0.004
Bdell6, 0, 0, 0.037, 0.024, 0, 0, 0, 0, 0.004
Bdell7, 0, 0, 0.007, 0.009, 0, 0, 0, 0, 0.006
Bdell9, 0, 0, 0.007, 0.007, 0, 0, 0, 0, 0.006
BdellC1, 0, 0, 0.013, 0.008, 0, 0, 0, 0, 0.003
BdellC2, 0, 0, 0.017, 0.015, 0, 0, 0, 0, 0.007
Bipo1, 0, 0, 0.01, 0.008, 0, 0, 0, 0, 0.005
Bipo2, 0, 0, 0.011, 0.008, 0, 0, 0, 0, 0.006
CG267X1, 1, 0.001, 0.393, 0.219, 1, 0, 1, 0.732, 0.272
CG294X1, 1, 0.001, 0.786, 0.23, 1, 0, 1, 0.337, 0.665
CSP1X1, 1, 0.01, 0.083, 0.748, 1, 0, 1, 0.976, 0.024
Calda1, 1, 0, 0.007, 0.017, 1, 0, 1, 0.004, 1.002
Calda2, 0, 0, 0.011, 0.01, 0, 0, 0, 0, 0.006
Caldit1, 0, 0, 0.004, 0.003, 0, 0, 0, 0, 0.003
Caldit2, 0, 0, 0.006, 0.007, 0, 0, 0, 0, 0.005
Caldit3, 0, 0, 0.009, 0.007, 0, 0, 0, 0, 0.005
Camp1, 0, 0, 0.007, 0.006, 0, 0, 0, 0, 0.004
Camp10, 0, 0, 0.004, 0.004, 0, 0, 0, 0, 0.002
Camp11, 0, 0, 0.008, 0.006, 0, 0, 0, 0, 0.005
Camp12, 0, 0, 0.006, 0.004, 0, 0, 0, 0, 0.004
Camp13, 0, 0, 0.005, 0.004, 0, 0, 0, 0, 0.004
Camp14, 0, 0, 0.004, 0.003, 0, 0, 0, 0, 0.002
Camp15, 0, 0, 0.003, 0.004, 0, 0, 0, 0, 0.001
Camp16, 0, 0, 0.006, 0.005, 0, 0, 0, 0, 0.004
Camp2, 0, 0, 0.005, 0.006, 0, 0, 0, 0, 0.004
Camp3, 0, 0, 0.005, 0.003, 0, 0, 0, 0, 0.002
Camp4, 0, 0, 0.006, 0.008, 0, 0, 0, 0, 0.004
Camp5, 0, 0, 0.002, 0.002, 0, 0, 0, 0, 0
Camp6, 0, 0, 0.002, 0.002, 0, 0, 0, 0, 0.002
Camp7, 0, 0, 0.012, 0.012, 0, 0, 0, 0, 0.006
Camp9, 0, 0, 0.006, 0.007, 0, 0, 0, 0, 0.006
Chlo10, 1, 0, 0.01, 0.005, 1, 0, 1, 0.999, 0.003
Chlo11, 0, 0, 0.001, 0.002, 0, 0, 0, 0, 0.001
Chlo12, 1, 0, 0.023, 0.024, 1, 0, 1, 0.861, 0.149
Chlo13, 0, 0, 0.993, 0.01, 0, 0, 0, 0, 0.003
Chlo14, 1, 0, 0.012, 0.009, 1, 0, 1, 0.983, 0.02
Chlo15, 2, 0.783, 0.026, 0.017, 1, 0, 2, 0.419, 0.031
Chlo16, 0, 0, 0.006, 0.005, 0, 0, 0, 0, 0.005
Chlo17, 1, 0.003, 1.985, 0.153, 1, 0, 1, 0.232, 0.771
Chlo18, 1, 0, 0.005, 0.005, 1, 0, 1, 0.995, 0.009
Chlo19, 0, 0, 0.905, 0.036, 0, 0, 0, 0, 0.005
Chlo20, 0, 0, 0.999, 0.008, 0, 0, 0, 0, 0.006
Chlo21, 0, 0, 0.864, 0.084, 0, 0, 0, 0, 0.005
Chlo22, 1, 0, 1.086, 0.04, 1, 0, 1, 1, 0.001
Chlo23, 0, 0, 1.002, 0.011, 0, 0, 0, 0, 0.008
Chlo24, 0, 0, 0.877, 0.018, 0, 0, 0, 0, 0.003
Chlo25, 0, 0, 0.625, 0.016, 0, 0, 0, 0, 0.003
Chlo26, 0, 0, 0.005, 0.007, 0, 0, 0, 0, 0.005
Chlo27, 0, 0, 0.228, 0.022, 0, 0, 0, 0, 0.005
Chlo28, 0, 0, 0.242, 0.037, 0, 0, 0, 0, 0.004
Chlo29, 2, 0.051, 0.613, 0.753, 1, 0, 2, 1.894, 0.016
Chlo30, 1, 0, 0.004, 0, 1, 0, 1, 0.998, 0.002
Chlo31, 1, 0, 0.014, 0.009, 1, 0, 1, 0.612, 0.392
Chlo32, 2, 0, 0.155, 0.059, 1, 0, 2, 1.996, 0.006
Chlo33, 1, 0.003, 0.053, 0.049, 1, 0, 1, 0.101, 0.9
Chlo34, 0, 0, 0.044, 0.026, 0, 0, 0, 0, 0.005
Chlo35, 1, 0, 0.025, 0.08, 1, 0, 1, 0.838, 0.166
Chlo36, 1, 0, 0.008, 0.007, 1, 0, 1, 1, 0.004
Chlo37, 1, 0, 0.01, 0.009, 1, 0, 1, 1, 0.008
Chlo38, 1, 0, 0.011, 0.024, 1, 0, 1, 0.894, 0.111
Chlo39, 0, 0, 1.402, 0.135, 0, 0, 0, 0, 0.002
Chlo4, 2, 0.002, 0.825, 0.206, 1, 0, 2, 0.571, 1.428
Chlo40, 1, 0, 0.014, 0.016, 1, 0, 1, 1, 0.01
Chlo41, 2, 0.011, 0.023, 0.859, 1, 0, 2, 1.39, 0.612
Chlo42, 0, 0, 0.042, 0.022, 0, 0, 0, 0, 0.003
Chlo43, 1, 0.004, 0.008, 0.108, 1, 0, 1, 0.679, 0.323
Chlo44, 2, 0, 0.241, 0.057, 1, 0, 2, 1.974, 0.03
Chlo45, 1, 0, 0.013, 0.006, 1, 0, 1, 0.998, 0.004
Chlo46, 1, 0, 0.015, 0.009, 1, 0, 1, 0.998, 0.006
Chlo47, 1, 0, 0.044, 0.016, 1, 0, 1, 0.999, 0.004
Chlo48, 0, 0, 1.01, 0.008, 0, 0, 0, 0, 0.003
Chlo5, 0, 0, 0.007, 0.008, 0, 0, 0, 0, 0.006
Chlo6, 0, 0, 0.999, 0.005, 0, 0, 0, 0, 0.003
Chlo7, 0, 0, 1.216, 0.029, 0, 0, 0, 0, 0.004
Chlo8, 1, 0, 0.03, 0.014, 1, 0, 1, 0.998, 0.004
Chlo9, 0, 0, 0.01, 0.007, 0, 0, 0, 0, 0.006
Chry1, 0, 0, 0.017, 0.015, 0, 0, 0, 0, 0.011
Cloa1, 0, 0, 0.035, 0.024, 0, 0, 0, 0, 0.018
Cyan1, 0, 0, 0.082, 0.043, 0, 0, 0, 0, 0.006
Cyan10, 0, 0, 0.006, 0.009, 0, 0, 0, 0, 0.006
Cyan11, 0, 0, 0.005, 0.005, 0, 0, 0, 0, 0.002
Cyan12, 0, 0, 0.015, 0.008, 0, 0, 0, 0, 0.004
Cyan13, 0, 0, 0.002, 0.003, 0, 0, 0, 0, 0.001
Cyan14, 0, 0, 0.007, 0.011, 0, 0, 0, 0, 0.003
Cyan15, 0, 0, 0.008, 0.005, 0, 0, 0, 0, 0.004
Cyan16, 0, 0, 0.005, 0.005, 0, 0, 0, 0, 0.002
Cyan18, 0, 0, 0.006, 0.006, 0, 0, 0, 0, 0.005
Cyan19, 0, 0, 0.013, 0.01, 0, 0, 0, 0, 0.009
Cyan2, 0, 0, 0.077, 0.056, 0, 0, 0, 0, 0.001
Cyan20, 1, 0, 0.024, 0.027, 1, 0, 1, 0.995, 0.023
Cyan21, 0, 0, 0.006, 0.004, 0, 0, 0, 0, 0.004
Cyan22, 0, 0, 0.004, 0.004, 0, 0, 0, 0, 0.004
Cyan23, 0, 0, 0.005, 0.005, 0, 0, 0, 0, 0.004
Cyan24, 0, 0, 0.003, 0.003, 0, 0, 0, 0, 0.002
Cyan25, 0, 0, 0.007, 0.005, 0, 0, 0, 0, 0.003
Cyan26, 0, 0, 0.005, 0.005, 0, 0, 0, 0, 0.002
Cyan27, 0, 0, 0.011, 0.01, 0, 0, 0, 0, 0.009
Cyan28, 0, 0, 0.007, 0.009, 0, 0, 0, 0, 0.006
Cyan29, 0, 0, 0.004, 0.003, 0, 0, 0, 0, 0.001
Cyan3, 1, 0, 0.005, 0.004, 1, 0, 1, 1, 0.003
Cyan30, 0, 0, 0.007, 0.006, 0, 0, 0, 0, 0.006
Cyan31, 0, 0, 0.003, 0.003, 0, 0, 0, 0, 0.003
Cyan32, 0, 0, 0.005, 0.005, 0, 0, 0, 0, 0.003
Cyan33, 0, 0, 0.007, 0.008, 0, 0, 0, 0, 0.005
Cyan34, 0, 0, 0.001, 0.001, 0, 0, 0, 0, 0.001
Cyan35, 0, 0, 0.008, 0.007, 0, 0, 0, 0, 0.006
Cyan36, 0, 0, 0.005, 0.006, 0, 0, 0, 0, 0.004
Cyan37, 0, 0, 0.009, 0.01, 0, 0, 0, 0, 0.009
Cyan38, 0, 0, 0.003, 0.002, 0, 0, 0, 0, 0.002
Cyan4, 0, 0, 0.012, 0.007, 0, 0, 0, 0, 0.004
Cyan40, 0, 0, 0.006, 0.007, 0, 0, 0, 0, 0.004
Cyan41, 0, 0, 0.003, 0.002, 0, 0, 0, 0, 0.001
Cyan42, 1, 0, 0.005, 0.004, 1, 0, 1, 1, 0.003
Cyan43, 0, 0, 0.004, 0.004, 0, 0, 0, 0, 0.003
Cyan44, 0, 0, 0.003, 0.003, 0, 0, 0, 0, 0.003
Cyan45, 0, 0, 0.005, 0.006, 0, 0, 0, 0, 0.005
Cyan46, 0, 0, 0.004, 0.005, 0, 0, 0, 0, 0.002
Cyan47, 0, 0, 0.001, 0.002, 0, 0, 0, 0, 0.001
Cyan7, 0, 0, 0.037, 0.02, 0, 0, 0, 0, 0.006
Cyan8, 0, 0, 0.021, 0.006, 0, 0, 0, 0, 0.001
Cyan9, 0, 0, 0.009, 0.008, 0, 0, 0, 0, 0.001
DTU0X1, 0, 0, 0.009, 0.01, 0, 0, 0, 0, 0.009
Defe1, 0, 0, 0.007, 0.004, 0, 0, 0, 0, 0.003
Defe2, 0, 0, 0.013, 0.01, 0, 0, 0, 0, 0.007
Defe3, 0, 0, 0.008, 0.008, 0, 0, 0, 0, 0.002
Dein1, 0, 0, 0.007, 0.002, 0, 0, 0, 0, 0.002
Dein2, 0, 0, 0.008, 0.006, 0, 0, 0, 0, 0.004
Dein3, 0, 0, 0.007, 0.005, 0, 0, 0, 0, 0.004
Dein4, 0, 0, 0.004, 0.002, 0, 0, 0, 0, 0.002
Dein5, 0, 0, 0.009, 0.009, 0, 0, 0, 0, 0.004
Dein6, 0, 0, 0.006, 0.007, 0, 0, 0, 0, 0.004
Dein7, 0, 0, 0.006, 0.006, 0, 0, 0, 0, 0.003
Desa1, 0, 0, 0.012, 0.011, 0, 0, 0, 0, 0.01
DesuB1, 1, 0, 0.005, 0.004, 1, 0, 1, 1, 0.001
DesuB2, 1, 0, 0.01, 0.006, 1, 0, 1, 0.999, 0.006
DesuB3, 0, 0, 0.012, 0.008, 0, 0, 0, 0, 0.005
DesuB4, 0, 0, 0.014, 0.014, 0, 0, 0, 0, 0.007
DesuC1, 1, 0.001, 0.504, 0.156, 1, 0, 1, 0.995, 0.008
DesuC2, 1, 0.002, 1.039, 0.323, 1, 0, 1, 0.46, 0.542
DesuD1, 1, 0.001, 0.187, 0.134, 1, 0, 1, 1, 0.007
DesuD2, 1, 0.001, 0.183, 0.145, 1, 0, 1, 1, 0.003
Desua1, 0, 0, 0.009, 0.005, 0, 0, 0, 0, 0.004
Desua10, 0, 0, 0.014, 0.011, 0, 0, 0, 0, 0.002
Desua11, 0, 0, 0.004, 0.004, 0, 0, 0, 0, 0.002
Desua12, 0, 0, 0.007, 0.004, 0, 0, 0, 0, 0.002
Desua13, 0, 0, 0.043, 0.018, 0, 0, 0, 0, 0.002
Desua14, 0, 0, 0.005, 0.006, 0, 0, 0, 0, 0.002
Desua15, 1, 0, 0.017, 0.012, 1, 0, 1, 1, 0.007
Desua16, 1, 0, 0.013, 0.011, 1, 0, 1, 1, 0.003
Desua17, 1, 0, 0.025, 0.01, 1, 0, 1, 1, 0.006
Desua18, 0, 0, 1.058, 0.02, 0, 0, 0, 0, 0.003
Desua19, 1, 0, 1.063, 0.176, 1, 0, 1, 0.919, 0.086
Desua2, 1, 0, 0.129, 0.068, 1, 0, 1, 1, 0.002
Desua20, 2, 0.005, 0.716, 0.35, 1, 0, 2, 1.975, 0.022
Desua21, 0, 0, 0.005, 0.006, 0, 0, 0, 0, 0.005
Desua22, 0, 0, 0.008, 0.01, 0, 0, 0, 0, 0.004
Desua23, 0, 0, 0.01, 0.009, 0, 0, 0, 0, 0.006
Desua24, 1, 0, 0.049, 0.014, 1, 0, 1, 1, 0.006
Desua25, 0, 0, 0.004, 0.002, 0, 0, 0, 0, 0.002
Desua26, 0, 0, 0.295, 0.011, 0, 0, 0, 0, 0.003
Desua27, 0, 0, 0.005, 0.004, 0, 0, 0, 0, 0.003
Desua28, 1, 0, 0.04, 0.028, 1, 0, 1, 1, 0.001
Desua29, 1, 0, 0.012, 0.009, 1, 0, 1, 1, 0.006
Desua3, 0, 0, 0.029, 0.027, 0, 0, 0, 0, 0.002
Desua30, 1, 0, 0.025, 0.024, 1, 0, 1, 0.271, 0.733
Desua31, 0, 0, 0.013, 0.01, 0, 0, 0, 0, 0.005
Desua32, 0, 0, 0.021, 0.012, 0, 0, 0, 0, 0.006
Desua33, 0, 0, 0.01, 0.012, 0, 0, 0, 0, 0.005
Desua34, 0, 0, 0.007, 0.007, 0, 0, 0, 0, 0.002
Desua35, 1, 0, 0.045, 0.029, 1, 0, 1, 1, 0.006
Desua36, 0, 0, 0.008, 0.009, 0, 0, 0, 0, 0.006
Desua37, 0, 0, 0.27, 0.032, 0, 0, 0, 0, 0.005
Desua38, 0, 0, 0.009, 0.008, 0, 0, 0, 0, 0.007
Desua39, 0, 0, 0.008, 0.009, 0, 0, 0, 0, 0.007
Desua4, 0, 0, 0.036, 0.025, 0, 0, 0, 0, 0.008
Desua40, 0, 0, 0.011, 0.011, 0, 0, 0, 0, 0.003
Desua41, 0, 0, 0.383, 0.029, 0, 0, 0, 0, 0.004
Desua42, 0, 0, 0.007, 0.006, 0, 0, 0, 0, 0.004
Desua43, 0, 0, 0.011, 0.015, 0, 0, 0, 0, 0.009
Desua44, 0, 0, 0.004, 0.004, 0, 0, 0, 0, 0.003
Desua45, 0, 0, 0.011, 0.006, 0, 0, 0, 0, 0.005
Desua46, 0, 0, 0.003, 0.003, 0, 0, 0, 0, 0.001
Desua47, 1, 0, 0.01, 0.012, 1, 0, 1, 1, 0.004
Desua48, 0, 0, 0.008, 0.003, 0, 0, 0, 0, 0.003
Desua49, 0, 0, 0.001, 0.001, 0, 0, 0, 0, 0.001
Desua5, 1, 0, 0.544, 0.157, 1, 0, 1, 0.951, 0.063
Desua50, 0, 0, 0.004, 0.004, 0, 0, 0, 0, 0.002
Desua51, 1, 0, 0.196, 0.02, 1, 0, 1, 0.992, 0.018
Desua52, 0, 0, 0.005, 0.004, 0, 0, 0, 0, 0.003
Desua53, 1, 0.003, 0.261, 0.769, 1, 0, 1, 0.919, 0.08
Desua54, 0, 0, 0.01, 0.011, 0, 0, 0, 0, 0.002
Desua6, 2, 0.841, 0.894, 0.107, 1, 0, 2, 0.306, 0.075
Desua7, 1, 0, 1.059, 0.043, 1, 0, 1, 0.923, 0.081
Desua8, 1, 0, 0.128, 0.067, 1, 0, 1, 1, 0.001
Desua9, 1, 0, 0.022, 0.013, 1, 0, 1, 0.999, 0.003
Dict1, 0, 0, 0.079, 0.058, 0, 0, 0, 0, 0.01
Dorm1, 1, 0, 0.858, 0.008, 1, 0, 1, 0.923, 0.08
Dorm2, 1, 0, 0.855, 0.082, 1, 0, 1, 0.926, 0.077
Dorm3, 1, 0, 0.021, 0.011, 1, 0, 1, 1, 0.004
Dorm4, 1, 0.001, 0.014, 0.01, 1, 0, 1, 1, 0.003
Dorm5, 1, 0.002, 0.83, 0.094, 1, 0, 1, 0.92, 0.081
Edwa1, 0, 0, 0.019, 0.012, 0, 0, 0, 0, 0.006
Eise1, 0, 0, 0.021, 0.016, 0, 0, 0, 0, 0.005
Eise2, 0, 0, 0.021, 0.016, 0, 0, 0, 0, 0.005
Eise3, 1, 0, 0.013, 0.011, 1, 0, 1, 1, 0.006
Eise4, 1, 0, 0.011, 0.005, 1, 0, 1, 1, 0.004
Elus1, 0, 0, 0.023, 0.017, 0, 0, 0, 0, 0.012
Elus10, 0, 0, 0.018, 0.018, 0, 0, 0, 0, 0.004
Elus2, 1, 0, 0.004, 0.007, 1, 0, 1, 0.184, 0.819
Elus3, 1, 0.002, 0.01, 0.237, 1, 0, 1, 0.327, 0.677
Elus4, 1, 0, 0.021, 0.04, 1, 0, 1, 0.198, 0.806
Elus5, 0, 0, 0.194, 0.015, 0, 0, 0, 0, 0.009
Elus6, 0, 0, 0.026, 0.015, 0, 0, 0, 0, 0.002
Elus7, 0, 0, 0.052, 0.009, 0, 0, 0, 0, 0.006
Elus8, 0, 0, 0.028, 0.019, 0, 0, 0, 0, 0.004
Elus9, 0, 0, 0.014, 0.007, 0, 0, 0, 0, 0
Erem2, 0, 0, 0.057, 0.03, 0, 0, 0, 0, 0.008
Erem3, 0, 0, 0.012, 0.003, 0, 0, 0, 0, 0.001
Erem4, 0, 0, 0.008, 0.008, 0, 0, 0, 0, 0.004
Erem5, 0, 0, 0.006, 0.004, 0, 0, 0, 0, 0.002
Erem6, 0, 0, 0.007, 0.005, 0, 0, 0, 0, 0.004
FCPU1, 1, 0, 0.006, 0.002, 1, 0, 1, 0.999, 0.001
FCPU2, 1, 0, 0.011, 0.008, 1, 0, 1, 0.999, 0.006
Ferm1, 0, 0, 0.045, 0.034, 0, 0, 0, 0, 0.009
Fibr1, 0, 0, 0.006, 0.008, 0, 0, 0, 0, 0.006
Fibr2, 0, 0, 0.01, 0.008, 0, 0, 0, 0, 0.008
Fibr3, 0, 0, 0.018, 0.008, 0, 0, 0, 0, 0.005
Fibr4, 0, 0, 0.004, 0.004, 0, 0, 0, 0, 0.002
Fibr5, 0, 0, 0.003, 0.004, 0, 0, 0, 0, 0.003
Fibr6, 0, 0, 0.002, 0.002, 0, 0, 0, 0, 0.002
Fire1, 0, 0, 0.054, 0.018, 0, 0, 0, 0, 0.012
FirmA1, 1, 0.001, 0.014, 0.205, 1, 0, 1, 0.272, 0.737
FirmA10, 0, 0, 0.008, 0.007, 0, 0, 0, 0, 0.004
FirmA100, 0, 0, 0.003, 0.003, 0, 0, 0, 0, 0.003
FirmA101, 0, 0, 0.005, 0.005, 0, 0, 0, 0, 0.004
FirmA102, 0, 0, 0.002, 0.002, 0, 0, 0, 0, 0.001
FirmA103, 0, 0, 0.009, 0.013, 0, 0, 0, 0, 0.009
FirmA104, 0, 0, 0.002, 0.002, 0, 0, 0, 0, 0.002
FirmA105, 0, 0, 0.004, 0.004, 0, 0, 0, 0, 0.003
FirmA106, 0, 0, 0.012, 0.012, 0, 0, 0, 0, 0.01
FirmA107, 0, 0, 0.004, 0.004, 0, 0, 0, 0, 0.003
FirmA108, 0, 0, 0.004, 0.004, 0, 0, 0, 0, 0.003
FirmA109, 0, 0, 0.002, 0.002, 0, 0, 0, 0, 0
FirmA11, 0, 0, 0.025, 0.007, 0, 0, 0, 0, 0.002
FirmA110, 0, 0, 0.006, 0.006, 0, 0, 0, 0, 0.004
FirmA111, 0, 0, 0.014, 0.009, 0, 0, 0, 0, 0.007
FirmA112, 0, 0, 0.006, 0.005, 0, 0, 0, 0, 0.004
FirmA113, 0, 0, 0.002, 0.002, 0, 0, 0, 0, 0.002
FirmA114, 0, 0, 0.003, 0.003, 0, 0, 0, 0, 0.001
FirmA12, 0, 0, 0.007, 0.009, 0, 0, 0, 0, 0.006
FirmA14, 0, 0, 0.001, 0.001, 0, 0, 0, 0, 0.001
FirmA16, 0, 0, 0.006, 0.004, 0, 0, 0, 0, 0.002
FirmA18, 0, 0, 0.003, 0.004, 0, 0, 0, 0, 0.003
FirmA19, 0, 0, 0.002, 0.002, 0, 0, 0, 0, 0.002
FirmA2, 0, 0, 0.01, 0.007, 0, 0, 0, 0, 0.005
FirmA20, 0, 0, 0.002, 0.002, 0, 0, 0, 0, 0.002
FirmA21, 0, 0, 0.006, 0.005, 0, 0, 0, 0, 0.003
FirmA24, 0, 0, 0.046, 0.032, 0, 0, 0, 0, 0.01
FirmA25, 0, 0, 0.003, 0.003, 0, 0, 0, 0, 0.002
FirmA26, 0, 0, 0.005, 0.006, 0, 0, 0, 0, 0.004
FirmA27, 0, 0, 0.002, 0.002, 0, 0, 0, 0, 0.002
FirmA28, 0, 0, 0.005, 0.004, 0, 0, 0, 0, 0.003
FirmA29, 0, 0, 0.006, 0.006, 0, 0, 0, 0, 0.005
FirmA30, 0, 0, 0.007, 0.006, 0, 0, 0, 0, 0.002
FirmA31, 0, 0, 0.004, 0.001, 0, 0, 0, 0, 0
FirmA32, 0, 0, 0.003, 0.003, 0, 0, 0, 0, 0.002
FirmA33, 0, 0, 0.011, 0.012, 0, 0, 0, 0, 0.009
FirmA34, 0, 0, 0.004, 0.004, 0, 0, 0, 0, 0.003
FirmA35, 0, 0, 0.005, 0.005, 0, 0, 0, 0, 0.003
FirmA36, 0, 0, 0.004, 0.004, 0, 0, 0, 0, 0.004
FirmA37, 0, 0, 0.043, 0.007, 0, 0, 0, 0, 0.003
FirmA38, 0, 0, 0.004, 0.004, 0, 0, 0, 0, 0.003
FirmA39, 0, 0, 0.008, 0.006, 0, 0, 0, 0, 0.004
FirmA40, 0, 0, 0.009, 0.008, 0, 0, 0, 0, 0.007
FirmA41, 0, 0, 0.001, 0, 0, 0, 0, 0, 0
FirmA42, 0, 0, 0.006, 0.006, 0, 0, 0, 0, 0.003
FirmA43, 0, 0, 0.008, 0.008, 0, 0, 0, 0, 0.004
FirmA44, 0, 0, 0.005, 0.005, 0, 0, 0, 0, 0.004
FirmA45, 0, 0, 0.006, 0.005, 0, 0, 0, 0, 0.004
FirmA46, 0, 0, 0.005, 0.005, 0, 0, 0, 0, 0.005
FirmA47, 0, 0, 0.006, 0.006, 0, 0, 0, 0, 0.003
FirmA48, 0, 0, 0.003, 0.003, 0, 0, 0, 0, 0.002
FirmA49, 0, 0, 0.005, 0.005, 0, 0, 0, 0, 0.003
FirmA5, 1, 0.009, 0.018, 0.179, 1, 0, 1, 0.231, 0.774
FirmA50, 0, 0, 0.016, 0.013, 0, 0, 0, 0, 0.001
FirmA51, 0, 0, 0.005, 0.004, 0, 0, 0, 0, 0.004
FirmA52, 0, 0, 0.002, 0.001, 0, 0, 0, 0, 0.001
FirmA53, 0, 0, 0.009, 0.008, 0, 0, 0, 0, 0.007
FirmA54, 0, 0, 0.005, 0.005, 0, 0, 0, 0, 0.005
FirmA55, 0, 0, 0.009, 0.01, 0, 0, 0, 0, 0.007
FirmA56, 0, 0, 0.004, 0.003, 0, 0, 0, 0, 0.003
FirmA57, 0, 0, 0.004, 0.003, 0, 0, 0, 0, 0.001
FirmA58, 0, 0, 0.007, 0.005, 0, 0, 0, 0, 0.005
FirmA59, 0, 0, 0.003, 0.002, 0, 0, 0, 0, 0.002
FirmA6, 0, 0, 0.005, 0.004, 0, 0, 0, 0, 0.002
FirmA60, 0, 0, 0.004, 0.004, 0, 0, 0, 0, 0.003
FirmA61, 0, 0, 0.004, 0.002, 0, 0, 0, 0, 0.001
FirmA62, 0, 0, 0.004, 0.002, 0, 0, 0, 0, 0.001
FirmA63, 0, 0, 0.01, 0.01, 0, 0, 0, 0, 0.007
FirmA64, 0, 0, 0.009, 0.01, 0, 0, 0, 0, 0.007
FirmA65, 0, 0, 0.238, 0.099, 0, 0, 0, 0, 0.003
FirmA66, 0, 0, 0.006, 0.005, 0, 0, 0, 0, 0.003
FirmA67, 1, 0.005, 0.008, 0.248, 1, 0, 1, 0.228, 0.774
FirmA68, 0, 0, 0.008, 0.007, 0, 0, 0, 0, 0.004
FirmA69, 0, 0, 0.008, 0.006, 0, 0, 0, 0, 0.005
FirmA7, 0, 0, 0.004, 0.006, 0, 0, 0, 0, 0.003
FirmA70, 0, 0, 0.018, 0.018, 0, 0, 0, 0, 0.003
FirmA72, 0, 0, 0.003, 0.001, 0, 0, 0, 0, 0.001
FirmA73, 0, 0, 0.004, 0.004, 0, 0, 0, 0, 0.002
FirmA74, 0, 0, 0.004, 0.003, 0, 0, 0, 0, 0.003
FirmA75, 0, 0, 0.004, 0.004, 0, 0, 0, 0, 0.004
FirmA76, 0, 0, 0.004, 0.003, 0, 0, 0, 0, 0.003
FirmA77, 0, 0, 0.009, 0.007, 0, 0, 0, 0, 0.004
FirmA78, 0, 0, 0.003, 0.003, 0, 0, 0, 0, 0.003
FirmA79, 0, 0, 0.232, 0.083, 0, 0, 0, 0, 0.003
FirmA8, 0, 0, 0.043, 0.023, 0, 0, 0, 0, 0.007
FirmA80, 0, 0, 0.005, 0.004, 0, 0, 0, 0, 0.004
FirmA81, 0, 0, 0.005, 0.005, 0, 0, 0, 0, 0.005
FirmA83, 0, 0, 0.003, 0.001, 0, 0, 0, 0, 0.001
FirmA84, 0, 0, 0.005, 0.004, 0, 0, 0, 0, 0.003
FirmA85, 0, 0, 0.008, 0.009, 0, 0, 0, 0, 0.005
FirmA86, 0, 0, 0.002, 0.002, 0, 0, 0, 0, 0
FirmA87, 0, 0, 0.007, 0.007, 0, 0, 0, 0, 0.004
FirmA88, 0, 0, 0.005, 0.007, 0, 0, 0, 0, 0.004
FirmA89, 0, 0, 0.007, 0.006, 0, 0, 0, 0, 0.005
FirmA9, 0, 0, 0.009, 0.008, 0, 0, 0, 0, 0.007
FirmA90, 0, 0, 0.007, 0.009, 0, 0, 0, 0, 0.005
FirmA91, 0, 0, 0.005, 0.005, 0, 0, 0, 0, 0.004
FirmA92, 0, 0, 0.002, 0.002, 0, 0, 0, 0, 0.002
FirmA93, 0, 0, 0.005, 0.006, 0, 0, 0, 0, 0.004
FirmA94, 0, 0, 0.002, 0.002, 0, 0, 0, 0, 0.002
FirmA95, 0, 0, 0.004, 0.002, 0, 0, 0, 0, 0.002
FirmA96, 0, 0, 0.004, 0.004, 0, 0, 0, 0, 0.003
FirmA97, 0, 0, 0.057, 0.021, 0, 0, 0, 0, 0.001
FirmA98, 0, 0, 0.005, 0.006, 0, 0, 0, 0, 0.003
FirmA99, 0, 0, 0.007, 0.005, 0, 0, 0, 0, 0.003
FirmB1, 0, 0, 0.005, 0.004, 0, 0, 0, 0, 0.003
FirmB10, 0, 0, 0.002, 0.004, 0, 0, 0, 0, 0.002
FirmB11, 0, 0, 0.007, 0.004, 0, 0, 0, 0, 0.004
FirmB12, 0, 0, 0.006, 0.003, 0, 0, 0, 0, 0.002
FirmB13, 0, 0, 0.006, 0.004, 0, 0, 0, 0, 0.003
FirmB14, 0, 0, 0.007, 0.006, 0, 0, 0, 0, 0.003
FirmB15, 0, 0, 0.003, 0.003, 0, 0, 0, 0, 0.002
FirmB16, 0, 0, 0.004, 0.005, 0, 0, 0, 0, 0.001
FirmB17, 0, 0, 0.001, 0, 0, 0, 0, 0, 0
FirmB2, 0, 0, 0.004, 0.005, 0, 0, 0, 0, 0.001
FirmB3, 0, 0, 0.008, 0.01, 0, 0, 0, 0, 0.004
FirmB4, 0, 0, 0.002, 0.002, 0, 0, 0, 0, 0.002
FirmB5, 0, 0, 0.005, 0.005, 0, 0, 0, 0, 0.002
FirmB6, 0, 0, 0.004, 0.004, 0, 0, 0, 0, 0.003
FirmB7, 0, 0, 0.005, 0.004, 0, 0, 0, 0, 0.004
FirmB8, 0, 0, 0.006, 0.004, 0, 0, 0, 0, 0.003
FirmB9, 0, 0, 0.006, 0.006, 0, 0, 0, 0, 0.006
FirmC1, 0, 0, 0.009, 0.011, 0, 0, 0, 0, 0.007
FirmC10, 0, 0, 0.006, 0.004, 0, 0, 0, 0, 0.002
FirmC11, 0, 0, 0.005, 0.005, 0, 0, 0, 0, 0.003
FirmC12, 0, 0, 0.007, 0.006, 0, 0, 0, 0, 0.005
FirmC13, 0, 0, 0.003, 0.003, 0, 0, 0, 0, 0.002
FirmC14, 0, 0, 0.007, 0.005, 0, 0, 0, 0, 0.003
FirmC15, 0, 0, 0.006, 0.01, 0, 0, 0, 0, 0.004
FirmC16, 0, 0, 0.002, 0.001, 0, 0, 0, 0, 0.001
FirmC17, 0, 0, 0.006, 0.006, 0, 0, 0, 0, 0.005
FirmC18, 0, 0, 0.008, 0.007, 0, 0, 0, 0, 0.004
FirmC19, 0, 0, 0.007, 0.005, 0, 0, 0, 0, 0.002
FirmC3, 0, 0, 0.006, 0.005, 0, 0, 0, 0, 0.004
FirmC4, 0, 0, 0.004, 0.003, 0, 0, 0, 0, 0.002
FirmC5, 1, 0, 0.009, 0.01, 1, 0, 1, 0.216, 0.789
FirmC6, 0, 0, 0.003, 0.005, 0, 0, 0, 0, 0.002
FirmC7, 0, 0, 0.011, 0.01, 0, 0, 0, 0, 0.005
FirmC8, 0, 0, 0.003, 0.002, 0, 0, 0, 0, 0.001
FirmC9, 0, 0, 0.008, 0.007, 0, 0, 0, 0, 0.005
FirmD1, 0, 0, 0.035, 0.034, 0, 0, 0, 0, 0.028
FirmD2, 0, 0, 0.269, 0.075, 0, 0, 0, 0, 0.003
FirmD3, 1, 0.005, 0.009, 0.29, 1, 0, 1, 0.263, 0.738
FirmD4, 0, 0, 0.086, 0.039, 0, 0, 0, 0, 0.011
FirmE1, 0, 0, 0.014, 0.013, 0, 0, 0, 0, 0.007
FirmE2, 0, 0, 0.011, 0.009, 0, 0, 0, 0, 0.008
FirmE3, 0, 0, 0.009, 0.006, 0, 0, 0, 0, 0.006
FirmE4, 0, 0, 0.005, 0.004, 0, 0, 0, 0, 0.003
FirmE5, 0, 0, 0.008, 0.012, 0, 0, 0, 0, 0.005
FirmE6, 0, 0, 0.005, 0.005, 0, 0, 0, 0, 0.003
FirmE7, 0, 0, 0.005, 0.005, 0, 0, 0, 0, 0.001
FirmE8, 0, 0, 0.006, 0.003, 0, 0, 0, 0, 0.002
FirmF1, 0, 0, 0.022, 0.016, 0, 0, 0, 0, 0.004
FirmF2, 0, 0, 0.008, 0.008, 0, 0, 0, 0, 0.004
FirmF3, 0, 0, 0.01, 0.01, 0, 0, 0, 0, 0.006
FirmG1, 0, 0, 0.007, 0.006, 0, 0, 0, 0, 0.005
FirmG2, 0, 0, 0.006, 0.006, 0, 0, 0, 0, 0.004
FirmG3, 0, 0, 0.006, 0.005, 0, 0, 0, 0, 0.004
FirmG4, 0, 0, 0.018, 0.015, 0, 0, 0, 0, 0.012
FirmG5, 0, 0, 0.003, 0.004, 0, 0, 0, 0, 0.001
FirmG6, 0, 0, 0.003, 0.002, 0, 0, 0, 0, 0.001
Firms1, 0, 0, 0.01, 0.011, 0, 0, 0, 0, 0.006
Firms10, 0, 0, 0.007, 0.004, 0, 0, 0, 0, 0.003
Firms11, 0, 0, 0.005, 0.005, 0, 0, 0, 0, 0.004
Firms12, 0, 0, 0.006, 0.007, 0, 0, 0, 0, 0.004
Firms13, 0, 0, 0.003, 0.003, 0, 0, 0, 0, 0.002
Firms15, 0, 0, 0.008, 0.007, 0, 0, 0, 0, 0.007
Firms16, 0, 0, 0.008, 0.008, 0, 0, 0, 0, 0.006
Firms17, 0, 0, 0.005, 0.006, 0, 0, 0, 0, 0.004
Firms18, 0, 0, 0.005, 0.006, 0, 0, 0, 0, 0.003
Firms2, 0, 0, 0.007, 0.008, 0, 0, 0, 0, 0.006
Firms20, 0, 0, 0.004, 0.003, 0, 0, 0, 0, 0.003
Firms21, 0, 0, 0.008, 0.006, 0, 0, 0, 0, 0.006
Firms22, 0, 0, 0.003, 0.003, 0, 0, 0, 0, 0.003
Firms23, 0, 0, 0.005, 0.003, 0, 0, 0, 0, 0.003
Firms24, 0, 0, 0.009, 0.009, 0, 0, 0, 0, 0.007
Firms25, 0, 0, 0.005, 0.003, 0, 0, 0, 0, 0.002
Firms26, 0, 0, 0.009, 0.008, 0, 0, 0, 0, 0.007
Firms27, 0, 0, 0.004, 0.004, 0, 0, 0, 0, 0.004
Firms28, 0, 0, 0.002, 0.002, 0, 0, 0, 0, 0.002
Firms29, 0, 0, 0.005, 0.005, 0, 0, 0, 0, 0.004
Firms3, 0, 0, 0.017, 0.016, 0, 0, 0, 0, 0.015
Firms30, 0, 0, 0.005, 0.004, 0, 0, 0, 0, 0.002
Firms31, 0, 0, 0.007, 0.006, 0, 0, 0, 0, 0.004
Firms32, 0, 0, 0.007, 0.008, 0, 0, 0, 0, 0.004
Firms33, 0, 0, 0.005, 0.005, 0, 0, 0, 0, 0.003
Firms4, 0, 0, 0.006, 0.004, 0, 0, 0, 0, 0.003
Firms5, 0, 0, 0.006, 0.006, 0, 0, 0, 0, 0.006
Firms6, 0, 0, 0.01, 0.014, 0, 0, 0, 0, 0.01
Firms7, 0, 0, 0.005, 0.005, 0, 0, 0, 0, 0.003
Firms8, 0, 0, 0.005, 0.005, 0, 0, 0, 0, 0.004
Firms9, 0, 0, 0.006, 0.007, 0, 0, 0, 0, 0.004
Fuso2, 0, 0, 0.026, 0.018, 0, 0, 0, 0, 0.01
Gemm2, 1, 0, 0.016, 0.014, 1, 0, 1, 0.999, 0.005
Gemm3, 1, 0, 0.011, 0.006, 1, 0, 1, 1, 0.005
Gemm4, 1, 0, 0.017, 0.009, 1, 0, 1, 0.998, 0.006
Gemm5, 0, 0, 0.097, 0.024, 0, 0, 0, 0, 0.004
Gemm6, 1, 0, 0.011, 0.008, 1, 0, 1, 1, 0.005
Gemm7, 1, 0, 0.012, 0.012, 1, 0, 1, 0.997, 0.005
Gemm8, 1, 0.001, 0.057, 0.278, 1, 0, 1, 0.078, 0.925
Gemm9, 0, 0, 1.003, 0.01, 0, 0, 0, 0, 0.005
GemmA1, 1, 0.001, 0.021, 0.137, 1, 0, 1, 0.205, 0.805
Gold1, 0, 0, 0.009, 0.005, 0, 0, 0, 0, 0.002
Gold2, 0, 0, 0.011, 0.009, 0, 0, 0, 0, 0.004
Hydr1, 0, 0, 0.027, 0.019, 0, 0, 0, 0, 0.001
Hydr2, 0, 0.001, 0.029, 0.02, 0, 0, 0, 0, 0.002
J088X1, 1, 0.008, 1.232, 1.495, 1, 0, 1, 0.98, 0.04
KSB1X1, 0, 0, 0.267, 0.061, 0, 0, 0, 0, 0.004
KSB1X2, 0, 0, 0.012, 0.011, 0, 0, 0, 0, 0.006
KSB1X3, 1, 0.005, 0.043, 0.325, 1, 0, 1, 0.227, 0.775
KSB1X4, 0, 0, 0.015, 0.014, 0, 0, 0, 0, 0.009
Krum1, 0, 0, 0.041, 0.024, 0, 0, 0, 0, 0.005
Late1, 1, 0, 0.01, 0.01, 1, 0, 1, 0.996, 0.01
Late2, 0, 0, 0.206, 0.015, 0, 0, 0, 0, 0.01
Late3, 1, 0, 0.015, 0.013, 1, 0, 1, 0.994, 0.015
Lind1, 1, 0, 0.005, 0.02, 1, 0, 1, 0.17, 0.832
Lind2, 0, 0, 0.176, 0.007, 0, 0, 0, 0, 0.003
Lind4, 0, 0, 0.033, 0.028, 0, 0, 0, 0, 0.018
Marg1, 0, 0, 0.026, 0.022, 0, 0, 0, 0, 0.006
Marg2, 0, 0, 0.034, 0.02, 0, 0, 0, 0, 0.004
Marg6, 0, 0, 0.023, 0.014, 0, 0, 0, 0, 0.003
Marg7, 0, 0, 0.035, 0.025, 0, 0, 0, 0, 0.005
Mari1, 0, 0, 0.01, 0.007, 0, 0, 0, 0, 0.005
Mari2, 1, 0.001, 0.009, 0.191, 1, 0, 1, 0.254, 0.749
Mari3, 0, 0, 0.261, 0.04, 0, 0, 0, 0, 0.002
Mari5, 0, 0, 0.015, 0.011, 0, 0, 0, 0, 0.006
Mari6, 0, 0, 0.008, 0.006, 0, 0, 0, 0, 0.003
Meth1, 1, 0.003, 0.015, 0.401, 1, 0, 1, 0.398, 0.607
Meth2, 0, 0, 0.405, 0.11, 0, 0, 0, 0, 0
Meth3, 1, 0, 0.004, 0.003, 1, 0, 1, 1, 0.002
Meth4, 1, 0, 0.008, 0.008, 1, 0, 1, 1, 0.006
Meth5, 1, 0, 0.021, 0.012, 1, 0, 1, 0.999, 0.007
Muir1, 0, 0, 0.004, 0.004, 0, 0, 0, 0, 0.004
MyxA1, 0, 0, 0.02, 0.008, 0, 0, 0, 0, 0.001
MyxA2, 0, 0, 0.013, 0.013, 0, 0, 0, 0, 0.008
MyxA3, 0, 0, 0.011, 0.011, 0, 0, 0, 0, 0.006
MyxA4, 0, 0, 0.062, 0.023, 0, 0, 0, 0, 0.003
Myxo1, 0, 0, 0.265, 0.051, 0, 0, 0, 0, 0.003
Myxo10, 0, 0, 0.068, 0.015, 0, 0, 0, 0, 0.005
Myxo11, 0, 0, 1.003, 0.003, 0, 0, 0, 0, 0.002
Myxo13, 1, 0, 0.006, 0.006, 1, 0, 1, 0.999, 0.005
Myxo14, 1, 0, 0.02, 0.015, 1, 0, 1, 1, 0
Myxo15, 1, 0.002, 0.007, 0.33, 1, 0, 1, 0.208, 0.793
Myxo17, 1, 0, 0.01, 0.009, 1, 0, 1, 0.954, 0.052
Myxo18, 0, 0, 0.214, 0.065, 0, 0, 0, 0, 0.002
Myxo19, 0, 0, 0.962, 0.013, 0, 0, 0, 0, 0.004
Myxo2, 1, 0.003, 0.014, 0.277, 1, 0, 1, 0.253, 0.749
Myxo3, 1, 0, 0.335, 0.062, 1, 0, 1, 0.991, 0.01
Myxo5, 2, 0.005, 0.017, 0.345, 1, 0, 2, 1.241, 0.76
Myxo6, 1, 0, 0.024, 0.007, 1, 0, 1, 1, 0.004
Myxo7, 1, 0, 0.005, 0.004, 1, 0, 1, 1, 0.004
Myxo8, 1, 0, 0.004, 0.004, 1, 0, 1, 1, 0.003
Myxo9, 1, 0.01, 0.867, 0.78, 1, 0, 1, 0.359, 0.644
NPL1, 0, 0, 0.011, 0.01, 0, 0, 0, 0, 0.01
Nitr1, 1, 0, 0.119, 0.051, 1, 0, 1, 0.697, 0.307
Nitr10, 0, 0, 0.007, 0.005, 0, 0, 0, 0, 0.003
Nitr11, 1, 0.001, 0.006, 0.024, 1, 0, 1, 0.998, 0.006
Nitr12, 2, 0, 0.005, 0.006, 1, 0, 2, 1.825, 0.178
Nitr13, 0, 0, 1.754, 0.008, 0, 0, 0, 0, 0.005
Nitr14, 1, 0, 0.828, 0.001, 1, 0, 1, 1, 0.001
Nitr15, 1, 0.007, 0.019, 0.519, 1, 0, 1, 0.214, 0.785
Nitr16, 0, 0, 1.003, 0.026, 0, 0, 0, 0, 0.004
Nitr17, 1, 0, 0.01, 0.005, 1, 0, 1, 1, 0.004
Nitr2, 1, 0, 0.831, 0.016, 1, 0, 1, 0.933, 0.072
Nitr3, 0, 0, 0.013, 0.003, 0, 0, 0, 0, 0.001
Nitr4, 0, 0, 0.042, 0.02, 0, 0, 0, 0, 0.004
Nitr5, 1, 0, 0.009, 0.006, 1, 0, 1, 1, 0.003
Nitr6, 0, 0, 0.008, 0.007, 0, 0, 0, 0, 0.004
Nitr7, 0, 0, 1.009, 0.034, 0, 0, 0, 0, 0.002
Nitr8, 0, 0, 0.126, 0.041, 0, 0, 0, 0, 0.004
Nitr9, 1, 0, 0.017, 0.035, 1, 0, 1, 0.995, 0.01
Nits1, 1, 0, 0.014, 0.009, 1, 0, 1, 1, 0.003
Nits2, 1, 0, 0.024, 0.055, 1, 0, 1, 0.792, 0.212
Nits3, 1, 0, 0.013, 0.007, 1, 0, 1, 1, 0.002
Nits4, 0, 0, 0.812, 0.033, 0, 0, 0, 0, 0
NitsA1, 1, 0, 0.034, 0.023, 1, 0, 1, 0.999, 0.005
NitsA2, 1, 0, 0.036, 0.024, 1, 0, 1, 0.999, 0.007
NitsA3, 1, 0.001, 0.711, 0.248, 1, 0, 1, 0.909, 0.092
Node_AABM5X1_AABM5X2_0, 0.005, 0, 0.006, 0.006, 0.005, 0, 0.005, 0.001, 0.007
Node_AABM5X1_AABM5X3_0, 0.004, 0, 0.042, 0.017, 0.004, 0, 0.004, 0.003, 0.004
Node_Acid11_Acid16_0, 0.198, 0, 0.054, 0.051, 0.19, 0, 0.198, 0.091, 0.109
Node_Acid11_Acid31_0, 0.008, 0, 0.191, 0.024, 0.008, 0, 0.008, 0.008, 0.001
Node_Acid12_Acid13_0, 0.027, 0, 0.235, 0.07, 0.025, 0, 0.027, 0.023, 0.009
Node_Acid1_Acid17_0, 0.192, 0, 0.176, 0.072, 0.188, 0, 0.192, 0.056, 0.138
Node_Acid1_Acid3_0, 0.23, 0.001, 0.773, 0.18, 0.214, 0, 0.23, 0.189, 0.044
Node_Acid23_Acid12_0, 0.253, 0.002, 0.034, 0.11, 0.247, 0, 0.253, 0.151, 0.101
Node_Acid29_Acid27_0, 0.013, 0, 0.989, 0.024, 0.013, 0, 0.013, 0.01, 0.004
Node_Acid2_Acid11_0, 0.143, 0.001, 0.254, 0.103, 0.136, 0, 0.143, 0.113, 0.03
Node_Acid2_Acid18_0, 0.011, 0, 0.134, 0.041, 0.011, 0, 0.011, 0.011, 0.002
Node_Acid32_Acid25_0, 0.052, 0, 0.596, 0.116, 0.052, 0, 0.052, 0.051, 0.003
Node_Acid32_Acid26_0, 0.004, 0, 0.053, 0.049, 0.004, 0, 0.004, 0.001, 0.005
Node_Acid34_Acid22_0, 1.665, 0.037, 0.362, 1.196, 0.966, 0, 1.665, 1.508, 0.109
Node_Acid34_Acid24_0, 1.103, 0.039, 0.738, 1.25, 0.982, 0, 1.103, 0.906, 0.137
Node_Acid34_Acid29_0, 0.998, 0.002, 0.077, 0.068, 0.991, 0, 0.998, 0.994, 0.008
Node_Acid34_Acid33_0, 1.065, 0.007, 0.081, 0.064, 1, 0, 1.065, 1.021, 0.036
Node_Acid37_Acid21_0, 1.173, 0.008, 0.021, 0.128, 0.994, 0, 1.173, 0.625, 0.541
Node_Acid37_Acid30_0, 1.342, 0, 0.02, 0.097, 0.997, 0, 1.342, 1.161, 0.189
Node_Acid37_Acid32_0, 0.645, 0.007, 0.045, 0.117, 0.567, 0, 0.645, 0.548, 0.087
Node_Acid38_Acid10_0, 1.566, 0.018, 0.437, 0.745, 0.833, 0, 1.566, 1.441, 0.104
Node_Acid38_Acid1_0, 0.958, 0.069, 0.072, 0.239, 0.693, 0, 0.958, 0.669, 0.2
Node_Acid38_Acid2_0, 0.366, 0.033, 0.01, 0.088, 0.307, 0, 0.366, 0.142, 0.184
Node_Acid38_Acid34_0, 1.881, 0.607, 0.042, 0.519, 0.956, 0, 1.881, 0.724, 0.358
Node_Acid38_Acid36_0, 1.816, 0, 0.019, 0.007, 0.999, 0, 1.816, 1.791, 0.027
Node_Acid38_Acid40_0, 1.808, 0.794, 0.025, 0.101, 1, 0, 1.808, 0.221, 0.008
Node_Acid38_Acid4_0, 1.105, 0.013, 0.659, 0.352, 0.777, 0, 1.105, 0.907, 0.185
Node_Acid38_Acid5_0, 0.761, 0.134, 0.054, 0.266, 0.557, 0, 0.761, 0.273, 0.315
Node_Acid38_Acid7_0, 1.031, 0.015, 0.389, 0.374, 1, 0, 1.031, 0.719, 0.3
Node_Acid38_Acid8_0, 0.159, 0.005, 0.015, 0.048, 0.145, 0, 0.159, 0.104, 0.048
Node_Acid38_B130X1_0, 0.121, 0.002, 0.185, 0.039, 0.115, 0, 0.121, 0.103, 0.016
Node_Acid39_Acid35_0, 0.252, 0, 0.007, 0.046, 0.252, 0, 0.252, 0.045, 0.212
Node_Acid3_Acid14_0, 0.192, 0, 0.136, 0.037, 0.19, 0, 0.192, 0.049, 0.146
Node_Acid3_Acid6_0, 0.182, 0, 0.116, 0.061, 0.171, 0, 0.182, 0.122, 0.068
Node_Acid40_Acid20_0, 1.008, 0.003, 0.809, 0.124, 1, 0, 1.008, 0.997, 0.006
Node_Acid5_Acid23_0, 0.184, 0.003, 0.452, 0.132, 0.176, 0, 0.184, 0.146, 0.037
Node_Acid5_Acid37_0, 0.596, 0.008, 0.241, 0.219, 0.514, 0, 0.596, 0.516, 0.068
Node_Acid6_Acid28_0, 0.279, 0.002, 0.059, 0.036, 0.277, 0, 0.279, 0.127, 0.154
Node_Acid8_Acid9_0, 0.024, 0, 0.146, 0.038, 0.024, 0, 0.024, 0.016, 0.011
Node_Acid9_Acid39_0, 0.047, 0, 0.013, 0.018, 0.047, 0, 0.047, 0.013, 0.036
Node_Acti10_Acti11_0, 1.82, 0.651, 0.185, 0.131, 0.996, 0, 1.82, 0.513, 0.017
Node_Acti10_Acti25_0, 1.013, 0.006, 0.865, 0.074, 1, 0, 1.013, 0.954, 0.052
Node_Acti10_Acti26_0, 1.337, 0.126, 0.024, 0.142, 0.989, 0, 1.337, 0.913, 0.175
Node_Acti10_Acti31_0, 1.004, 0.001, 0.016, 0.01, 1, 0, 1.004, 1.001, 0.006
Node_Acti10_Acti3_0, 1.003, 0.001, 0.011, 0.01, 1, 0, 1.003, 0.999, 0.006
Node_Acti10_Acti7_0, 1.007, 0.001, 0.005, 0.007, 1, 0, 1.007, 1.002, 0.007
Node_Acti11_Acti22_0, 1.814, 0.001, 0.045, 0.025, 1, 0, 1.814, 1.776, 0.038
Node_Acti12_Acti21_0, 1.004, 0.004, 0.007, 0.049, 0.999, 0, 1.004, 0.281, 0.721
Node_Acti12_Acti48_0, 0.286, 0.002, 0.009, 0.058, 0.284, 0, 0.286, 0.15, 0.14
Node_Acti14_Acti33_0, 1.056, 0.047, 0.025, 0.017, 1, 0, 1.056, 0.957, 0.008
Node_Acti14_Acti34_0, 1.05, 0.002, 0.014, 0.003, 1, 0, 1.05, 1.041, 0.006
Node_Acti14_Acti6_0, 1.01, 0.004, 0.055, 0.01, 1, 0, 1.01, 0.996, 0.011
Node_Acti18_Acti16_0, 1.006, 0.001, 0.748, 0.005, 1, 0, 1.006, 0.851, 0.154
Node_Acti18_Acti4_0, 1.599, 0, 0.02, 0.007, 1, 0, 1.599, 1.517, 0.082
Node_Acti19_Acti13_0, 1.033, 0.018, 0.03, 0.6, 1, 0, 1.033, 1.001, 0.012
Node_Acti19_Acti23_0, 1.004, 0.003, 0.051, 0.291, 1, 0, 1.004, 0.992, 0.019
Node_Acti19_Acti42_0, 0.648, 0.005, 0.07, 0.203, 0.535, 0, 0.648, 0.511, 0.133
Node_Acti19_Acti49_0, 1.033, 0.032, 0.084, 0.38, 0.996, 0, 1.033, 0.704, 0.286
Node_Acti19_Acti8_0, 0.799, 0.01, 0.32, 0.371, 0.735, 0, 0.799, 0.334, 0.461
Node_Acti33_Acti35_0, 1.003, 0.001, 0.06, 0.016, 1, 0, 1.003, 1.001, 0.006
Node_Acti43_Acti36_0, 0.997, 0, 0.654, 0.011, 0.996, 0, 0.997, 0.995, 0.003
Node_Acti46_Acti41_0, 1.735, 0.001, 0.017, 0.021, 1, 0, 1.735, 1.697, 0.041
Node_Acti47_Acti45_0, 1.005, 0.003, 0.527, 0.004, 1, 0, 1.005, 0.961, 0.039
Node_Acti49_Acti15_0, 1.008, 0.005, 0.013, 0.007, 1, 0, 1.008, 0.997, 0.006
Node_Acti49_Acti32_0, 1.255, 0.001, 0.012, 0.01, 1, 0, 1.255, 1.243, 0.015
Node_Acti49_Acti38_0, 1.251, 0.246, 0.009, 0.028, 1, 0, 1.251, 0.754, 0.006
Node_Acti49_Acti40_0, 1.01, 0.003, 0.038, 0.014, 1, 0, 1.01, 0.996, 0.012
Node_Acti50_Acti10_0, 1.06, 0.008, 0.061, 0.189, 0.986, 0, 1.06, 0.382, 0.669
Node_Acti50_Acti14_0, 1.026, 0.011, 0.527, 0.051, 1, 0, 1.026, 1.002, 0.005
Node_Acti50_Acti18_0, 1.537, 0.524, 0.066, 0.259, 0.999, 0, 1.537, 0.488, 0.019
Node_Acti50_Acti19_0, 0.58, 0.006, 0.013, 0.163, 0.487, 0, 0.58, 0.292, 0.282
Node_Acti50_Acti20_0, 0.224, 0.003, 0.126, 0.133, 0.218, 0, 0.224, 0.198, 0.024
Node_Acti50_Acti28_0, 0.932, 0.007, 0.683, 0.267, 0.916, 0, 0.932, 0.804, 0.118
Node_Acti50_Acti39_0, 0.444, 0.001, 0.191, 0.12, 0.414, 0, 0.444, 0.39, 0.054
Node_Acti50_Acti43_0, 1.648, 0.649, 0.034, 0.52, 1, 0, 1.648, 0.353, 0.007
Node_Acti50_Acti46_0, 1.71, 0.053, 0.01, 0.022, 1, 0, 1.71, 1.587, 0.019
Node_Acti50_Acti47_0, 1.49, 0.001, 0.009, 0.008, 0.999, 0, 1.49, 1.459, 0.03
Node_Acti50_Acti51_0, 0.305, 0.004, 0.023, 0.112, 0.284, 0, 0.305, 0.201, 0.1
Node_Acti50_Acti52_0, 1.468, 0.471, 0.72, 0.061, 0.992, 0, 1.468, 0.526, 0.007
Node_Acti50_FirmF1_0, 0.323, 0.004, 0.557, 0.257, 0.312, 0, 0.323, 0.317, 0
Node_Acti51_Acti27_0, 0.004, 0, 0.113, 0.019, 0.004, 0, 0.004, 0.004, 0.005
Node_Acti51_Acti9_0, 0.112, 0, 0.248, 0.085, 0.107, 0, 0.112, 0.059, 0.055
Node_Acti52_Acti12_0, 0.153, 0.001, 0.676, 0.081, 0.153, 0, 0.153, 0.121, 0.031
Node_Acti52_Acti37_0, 0.797, 0.001, 0.721, 0.05, 0.794, 0, 0.797, 0.753, 0.049
Node_Acti52_Acti44_0, 0.015, 0, 0.142, 0.024, 0.015, 0, 0.015, 0.014, 0.004
Node_Acti8_Acti24_0, 0.003, 0, 0.008, 0.008, 0.003, 0, 0.003, 0.001, 0.005
Node_Acti8_Acti2_0, 0.424, 0, 0.495, 0.071, 0.41, 0, 0.424, 0.307, 0.12
Node_Acti8_Acti5_0, 0.006, 0, 0.422, 0.03, 0.006, 0, 0.006, 0.005, 0.004
Node_Acti9_Acti29_0, 0.994, 0, 0.021, 0.016, 0.991, 0, 0.994, 0.99, 0.009
Node_Acti9_Acti30_0, 1.006, 0.007, 0.031, 0.257, 0.99, 0, 1.006, 0.087, 0.918
Node_Aero1_NPL1_0, 0.001, 0, 0.015, 0.002, 0.001, 0, 0.001, 0.001, 0.001
Node_Aero1_UBA6X1_0, 0.018, 0, 0.051, 0.02, 0.018, 0, 0.018, 0.016, 0.003
Node_Aero1_UBA9X1_0, 0.015, 0.001, 0.012, 0.007, 0.014, 0, 0.015, 0.006, 0.008
Node_Aqui2_Aqui1_0, 1.003, 0.002, 0.009, 0.006, 1, 0, 1.003, 0.998, 0.004
Node_Aqui2_Aqui3_0, 0.169, 0.001, 0.004, 0.026, 0.168, 0, 0.169, 0.02, 0.148
Node_Aqui2_Aqui5_0, 1.006, 0.004, 0.006, 0.003, 1, 0, 1.006, 0.997, 0.003
Node_Aqui2_Aqui6_0, 1.005, 0.007, 0.009, 0.136, 0.999, 0, 1.005, 0.163, 0.838
Node_Aqui2_Camp1_0, 0.014, 0, 0.013, 0.012, 0.014, 0, 0.014, 0.01, 0.005
Node_Aqui2_Thers1_0, 0.024, 0, 0.005, 0.011, 0.024, 0, 0.024, 0.009, 0.015
Node_Aqui6_Aqui4_0, 1.003, 0.002, 0.011, 0.008, 1, 0, 1.003, 0.997, 0.007
Node_Arma12_Arma11_0, 0.837, 0, 0.01, 0.082, 0.807, 0, 0.837, 0.761, 0.081
Node_Arma12_Arma7_0, 0.213, 0, 0.775, 0.058, 0.202, 0, 0.213, 0.063, 0.151
Node_Arma15_Arma13_0, 1.006, 0.002, 0.007, 0.007, 1, 0, 1.006, 0.969, 0.035
Node_Arma4_Acti50_0, 0.876, 0.027, 0.024, 0.352, 0.831, 0.072, 0.876, 0.792, 0.038
Node_Arma4_Arma12_0, 0.766, 0.003, 0.144, 0.099, 0.756, 0, 0.766, 0.742, 0.024
Node_Arma4_Arma14_0, 0.024, 0, 0.745, 0.063, 0.024, 0, 0.024, 0.023, 0.003
Node_Arma4_Arma6_0, 0.883, 0.003, 0.011, 0.101, 0.786, 0, 0.883, 0.788, 0.092
Node_Arma4_CSP1X1_0, 1.049, 0.031, 0.056, 0.905, 0.99, 0, 1.049, 0.997, 0.009
Node_Arma4_Erem6_0, 0.819, 0.002, 0.24, 0.159, 0.791, 0, 0.819, 0.81, 0.008
Node_Arma4_Pate48_0, 1.065, 0.045, 0.022, 0.538, 0.991, 0.025, 1.065, 0.848, 0.141
Node_Arma4_UBP13X1_0, 0.799, 0.001, 0.038, 0.077, 0.764, 0, 0.799, 0.782, 0.017
Node_Arma6_Arma15_0, 0.976, 0, 0.053, 0.02, 0.97, 0, 0.976, 0.972, 0.006
Node_Arma6_Arma16_0, 1.081, 0.006, 0.035, 0.1, 0.845, 0, 1.081, 0.863, 0.209
Node_Arma6_Arma3_0, 0.901, 0.006, 0.717, 0.115, 0.805, 0, 0.901, 0.167, 0.729
Node_Arma6_Arma9_0, 1.023, 0.009, 0.26, 0.089, 0.986, 0, 1.023, 0.813, 0.193
Node_Aure2_Aure1_0, 0.001, 0, 0.007, 0.007, 0.001, 0, 0.001, 0.001, 0.002
Node_Bact1_Bact11_0, 0.001, 0, 0.009, 0.008, 0.001, 0, 0.001, 0, 0.006
Node_Bact1_Bact17_0, 0.004, 0, 0.012, 0.009, 0.004, 0, 0.004, 0.003, 0.008
Node_Bact20_Bact1_0, 0.008, 0, 0.001, 0.004, 0.008, 0, 0.008, 0.003, 0.006
Node_Bact20_Bact30_0, 0.003, 0, 0.008, 0.004, 0.003, 0, 0.003, 0.002, 0.003
Node_Bact21_Bact29_0, 0.019, 0, 0.082, 0.036, 0.019, 0, 0.019, 0.016, 0.005
Node_Bact21_Bact36_0, 0.096, 0, 0.603, 0.168, 0.096, 0, 0.096, 0.094, 0.003
Node_Bact21_Bact44_0, 0.696, 0.003, 0.476, 0.211, 0.686, 0, 0.696, 0.659, 0.034
Node_Bact22_Bact31_0, 1.008, 0, 0.034, 0.023, 0.997, 0, 1.008, 1.007, 0.004
Node_Bact22_Bact5_0, 1.038, 0.003, 0.206, 0.078, 0.997, 0, 1.038, 0.047, 0.992
Node_Bact23_Bact28_0, 0.002, 0, 0.001, 0.001, 0.002, 0, 0.002, 0.002, 0.001
Node_Bact23_Bact34_0, 0.002, 0, 0.01, 0.013, 0.002, 0, 0.002, 0, 0.01
Node_Bact23_Bact4_0, 0.002, 0, 0.006, 0.004, 0.002, 0, 0.002, 0, 0.004
Node_Bact24_Bact23_0, 0.004, 0, 0.953, 0.005, 0.004, 0, 0.004, 0.001, 0.006
Node_Bact24_Bact25_0, 0.001, 0, 0.005, 0.003, 0.001, 0, 0.001, 0.001, 0.002
Node_Bact24_Bact3_0, 0.951, 0, 0.027, 0.014, 0.949, 0, 0.951, 0.95, 0.005
Node_Bact24_Bact7_0, 0.973, 0.009, 0.064, 0.342, 0.951, 0, 0.973, 0.443, 0.523
Node_Bact25_Bact20_0, 0.003, 0, 0.002, 0, 0.003, 0, 0.003, 0.001, 0.002
Node_Bact25_Bact2_0, 0.003, 0, 0.003, 0.006, 0.003, 0, 0.003, 0, 0.005
Node_Bact27_Bact19_0, 1.238, 0.008, 0.119, 0.073, 0.961, 0, 1.238, 1.016, 0.214
Node_Bact27_Bact21_0, 1.135, 0.232, 0.036, 0.247, 0.807, 0, 1.135, 0.388, 0.429
Node_Bact27_Bact22_0, 0.249, 0.005, 0.367, 0.118, 0.228, 0, 0.249, 0.138, 0.106
Node_Bact27_Bact24_0, 0.505, 0.006, 0.025, 0.147, 0.472, 0, 0.505, 0.263, 0.238
Node_Bact27_Bact35_0, 0.696, 0.001, 0.611, 0.009, 0.691, 0, 0.696, 0.631, 0.068
Node_Bact27_Bact37_0, 0.51, 0.072, 0.055, 0.153, 0.421, 0.001, 0.51, 0.166, 0.243
Node_Bact27_Bact40_0, 1, 0.003, 0.005, 0.014, 0.99, 0, 1, 0.693, 0.306
Node_Bact27_Mari3_0, 0.286, 0.002, 0.012, 0.066, 0.269, 0, 0.286, 0.189, 0.096
Node_Bact29_Bact9_0, 0.006, 0, 0.018, 0.014, 0.006, 0, 0.006, 0.005, 0.005
Node_Bact30_Bact32_0, 0.001, 0, 0.005, 0.004, 0.001, 0, 0.001, 0.001, 0.003
Node_Bact31_Bact38_0, 0.004, 0, 1.011, 0.012, 0.004, 0, 0.004, 0.003, 0.007
Node_Bact33_Bact10_0, 0.209, 0, 0.021, 0.021, 0.208, 0, 0.209, 0.056, 0.156
Node_Bact33_Bact39_0, 1.007, 0.006, 0.009, 0.014, 0.999, 0, 1.007, 0.203, 0.801
Node_Bact33_Bact6_0, 0.074, 0, 0.204, 0.053, 0.073, 0, 0.074, 0.031, 0.044
Node_Bact36_Bact43_0, 0.016, 0, 0.084, 0.038, 0.016, 0, 0.016, 0.014, 0.004
Node_Bact37_Bact33_0, 0.234, 0, 0.288, 0.112, 0.232, 0, 0.234, 0.223, 0.012
Node_Bact37_Bact42_0, 1.013, 0.002, 0.056, 0.199, 0.999, 0, 1.013, 0.18, 0.833
Node_Bact3_Bact12_0, 0.959, 0, 0.002, 0.002, 0.958, 0, 0.959, 0.949, 0.01
Node_Bact3_Bact13_0, 0.003, 0, 0.005, 0.006, 0.003, 0, 0.003, 0.001, 0.005
Node_Bact3_Bact14_0, 0.003, 0, 0.009, 0.007, 0.003, 0, 0.003, 0, 0.009
Node_Bact3_Bact18_0, 0.003, 0, 0.964, 0.008, 0.003, 0, 0.003, 0.001, 0.008
Node_Bact40_Bact41_0, 0.981, 0, 0.022, 0.003, 0.979, 0, 0.981, 0.98, 0.003
Node_Bact5_Bact16_0, 1.01, 0.002, 0.036, 0.016, 1, 0, 1.01, 1.002, 0.006
Node_Bact7_Bact8_0, 1.009, 0.002, 0.02, 0.026, 1, 0, 1.009, 0.955, 0.054
Node_Bdell12_Bdell3_0, 0.007, 0, 0.016, 0.007, 0.007, 0, 0.007, 0.004, 0.004
Node_Bdell13_Bdell12_0, 0.019, 0.001, 0.35, 0.037, 0.019, 0, 0.019, 0.019, 0.004
Node_Bdell14_Bdell11_0, 0.004, 0, 0.011, 0.007, 0.004, 0, 0.004, 0.002, 0.004
Node_Bdell14_Bdell4_0, 0.003, 0, 0.008, 0.009, 0.003, 0, 0.003, 0.001, 0.007
Node_Bdell15_Bdell14_0, 0.011, 0, 0.024, 0.016, 0.011, 0, 0.011, 0.008, 0.006
Node_Bdell15_Bdell7_0, 0.003, 0, 0.013, 0.01, 0.003, 0, 0.003, 0.002, 0.005
Node_Bdell15_Bdell9_0, 0.001, 0, 0.006, 0.007, 0.001, 0, 0.001, 0.001, 0.004
Node_Bdell17_Bdell15_0, 0.029, 0, 0.073, 0.036, 0.029, 0, 0.029, 0.029, 0.001
Node_Bdell17_Bdell16_0, 0.01, 0, 0.029, 0.019, 0.01, 0, 0.01, 0.006, 0.01
Node_Bdell2_Bdell10_0, 0.012, 0, 0.025, 0.022, 0.012, 0, 0.012, 0.01, 0.004
Node_Bdell6_Bdell17_0, 0.101, 0.003, 1.168, 0.109, 0.097, 0, 0.101, 0.095, 0.002
Node_Bdell6_Bdell2_0, 0.033, 0, 0.073, 0.048, 0.033, 0, 0.033, 0.032, 0.005
Node_Bdell6_UBA1X6_0, 1.264, 0.007, 0.183, 0.166, 0.987, 0, 1.264, 1.247, 0.009
Node_Bdell7_Bdell5_0, 0.001, 0, 0.006, 0.005, 0.001, 0, 0.001, 0, 0.004
Node_BdellC1_BdellC2_0, 0.01, 0, 0.439, 0.076, 0.01, 0, 0.01, 0.007, 0.006
Node_Bipo1_Bipo2_0, 0.005, 0, 0.018, 0.017, 0.005, 0, 0.005, 0.001, 0.013
Node_Bipo1_Therg8_0, 0.01, 0, 0.02, 0.016, 0.01, 0, 0.01, 0.009, 0.001
Node_CG294X1_CG267X1_0, 1.12, 0.009, 1.664, 0.651, 0.831, 0, 1.12, 0.919, 0.197
Node_Calda2_Calda1_0, 0.005, 0, 0.011, 0.011, 0.005, 0, 0.005, 0.002, 0.006
Node_Caldit2_Caldit1_0, 0.001, 0, 0.006, 0.004, 0.001, 0, 0.001, 0.001, 0.003
Node_Caldit2_Caldit3_0, 0.004, 0, 0.058, 0.015, 0.004, 0, 0.004, 0.003, 0.007
Node_Camp14_Camp15_0, 0.002, 0, 0.007, 0.002, 0.002, 0, 0.002, 0.001, 0.003
Node_Camp1_Camp2_0, 0.004, 0, 0.006, 0.007, 0.004, 0, 0.004, 0, 0.008
Node_Camp1_Camp3_0, 0.003, 0, 0.004, 0.003, 0.003, 0, 0.003, 0.002, 0.003
Node_Camp1_Camp9_0, 0.002, 0, 0.001, 0.001, 0.002, 0, 0.002, 0.002, 0.001
Node_Camp1_UBP6X1_0, 0.002, 0, 0.012, 0.001, 0.002, 0, 0.002, 0.002, 0
Node_Camp2_Camp11_0, 0.003, 0, 0.008, 0.008, 0.003, 0, 0.003, 0, 0.007
Node_Camp2_Camp13_0, 0.001, 0, 0.006, 0.003, 0.001, 0, 0.001, 0.001, 0.002
Node_Camp2_Camp4_0, 0.005, 0, 0.008, 0.005, 0.005, 0, 0.005, 0.002, 0.006
Node_Camp2_Camp5_0, 0.004, 0, 0.004, 0.006, 0.004, 0, 0.004, 0.002, 0.005
Node_Camp2_Camp7_0, 0.007, 0, 0.008, 0.007, 0.007, 0, 0.007, 0.001, 0.011
Node_Camp4_Camp16_0, 0.002, 0, 0.006, 0.006, 0.002, 0, 0.002, 0.001, 0.003
Node_Camp5_Camp10_0, 0.002, 0, 0.005, 0.007, 0.002, 0, 0.002, 0, 0.005
Node_Camp5_Camp12_0, 0.002, 0, 0.007, 0.005, 0.002, 0, 0.002, 0.001, 0.005
Node_Camp7_Camp14_0, 0.006, 0, 0.01, 0.01, 0.006, 0, 0.006, 0.003, 0.009
Node_Camp9_Camp6_0, 0, 0, 0.009, 0.009, 0, 0, 0, 0, 0.007
Node_Chlo12_Chlo24_0, 0.874, 0, 0.462, 0.077, 0.863, 0, 0.874, 0.85, 0.028
Node_Chlo26_Chlo11_0, 0, 0, 0.008, 0.009, 0, 0, 0, 0, 0.004
Node_Chlo26_Chlo9_0, 0.004, 0, 0.998, 0.003, 0.004, 0, 0.004, 0.001, 0.003
Node_Chlo30_Chlo20_0, 0.993, 0, 0.003, 0.005, 0.993, 0, 0.993, 0.992, 0.002
Node_Chlo30_Chlo23_0, 0.994, 0, 0.025, 0.006, 0.992, 0, 0.994, 0.993, 0.003
Node_Chlo30_Chlo36_0, 1.016, 0.002, 0.014, 0.009, 1, 0, 1.016, 1.01, 0.005
Node_Chlo30_Chlo37_0, 1.002, 0.002, 0.006, 0.009, 1, 0, 1.002, 0.991, 0.013
Node_Chlo30_Chlo38_0, 1.554, 0.039, 0.021, 0.494, 1, 0, 1.554, 1.098, 0.388
Node_Chlo30_Chlo41_0, 1.615, 0.025, 0.023, 0.381, 1, 0, 1.615, 1.51, 0.059
Node_Chlo30_Chlo43_0, 1.058, 0.003, 0.575, 0.308, 0.998, 0, 1.058, 1.042, 0.015
Node_Chlo30_Chlo6_0, 1.023, 0.007, 0.053, 0.06, 1, 0, 1.023, 1.001, 0.011
Node_Chlo30_Dorm2_0, 1.148, 0.007, 0.025, 0.057, 1, 0, 1.148, 1.028, 0.109
Node_Chlo31_Chlo25_0, 0.622, 0, 0.881, 0.059, 0.618, 0, 0.622, 0.508, 0.116
Node_Chlo35_Chlo21_0, 0.859, 0.001, 0.563, 0.208, 0.839, 0, 0.859, 0.835, 0.026
Node_Chlo36_Chlo13_0, 0.99, 0, 0.005, 0.007, 0.985, 0, 0.99, 0.98, 0.015
Node_Chlo36_Chlo14_0, 0.992, 0.007, 0.01, 0.116, 0.983, 0, 0.992, 0.235, 0.757
Node_Chlo36_Chlo28_0, 0.238, 0, 0.095, 0.056, 0.238, 0, 0.238, 0.056, 0.183
Node_Chlo36_Chlo33_0, 0.15, 0.001, 1.004, 0.022, 0.144, 0, 0.15, 0.025, 0.127
Node_Chlo36_Chlo40_0, 1.004, 0.002, 0.008, 0.013, 1, 0, 1.004, 0.985, 0.02
Node_Chlo36_Chlo5_0, 0.98, 0, 0.015, 0.007, 0.978, 0, 0.98, 0.978, 0.003
Node_Chlo36_Chlo8_0, 1.026, 0, 0.008, 0.007, 0.998, 0, 1.026, 1.011, 0.018
Node_Chlo38_Chlo19_0, 0.9, 0, 0.519, 0.032, 0.896, 0, 0.9, 0.874, 0.032
Node_Chlo38_Chlo31_0, 1.387, 0, 0.21, 0.083, 0.936, 0, 1.387, 1.348, 0.043
Node_Chlo41_Chlo29_0, 2.546, 1.477, 0.454, 0.625, 1, 0, 2.546, 0.086, 0.113
Node_Chlo41_Chlo32_0, 2.149, 0.014, 0.484, 0.896, 1, 0, 2.149, 2.052, 0.073
Node_Chlo41_Chlo39_0, 1.4, 0.002, 0.023, 0.235, 0.991, 0, 1.4, 1.146, 0.257
Node_Chlo41_Chlo44_0, 2.275, 0.002, 0.094, 0.089, 1, 0, 2.275, 2.055, 0.218
Node_Chlo41_Chlo4_0, 1.41, 0.031, 0.617, 0.262, 0.953, 0, 1.41, 0.989, 0.381
Node_Chlo41_Chlo7_0, 1.164, 0.006, 2.033, 0.124, 0.99, 0, 1.164, 0.249, 0.916
Node_Chlo42_Chlo34_0, 0.039, 0, 0.647, 0.098, 0.039, 0, 0.039, 0.038, 0.005
Node_Chlo43_Chlo42_0, 0.681, 0.002, 0.047, 0.1, 0.681, 0, 0.681, 0.629, 0.053
Node_Chlo43_Chlo45_0, 0.679, 0.001, 0.407, 0.094, 0.646, 0, 0.679, 0.651, 0.027
Node_Chlo43_Chlo47_0, 0.673, 0.005, 0.05, 0.105, 0.648, 0, 0.673, 0.628, 0.039
Node_Chlo44_Chlo17_0, 2.211, 0, 0.023, 0.053, 1, 0, 2.211, 2.064, 0.149
Node_Chlo44_Chlo22_0, 2.085, 0.002, 0.256, 0.082, 1, 0, 2.085, 2.022, 0.064
Node_Chlo45_Chlo27_0, 0.223, 0.001, 0.615, 0.099, 0.216, 0, 0.223, 0.07, 0.158
Node_Chlo45_Chlo46_0, 1.009, 0.003, 0.028, 0.029, 0.998, 0, 1.009, 0.197, 0.811
Node_Chlo47_Chlo48_0, 1.04, 0.003, 0.606, 0.1, 1, 0, 1.04, 0.071, 0.97
Node_Chlo48_Chlo10_0, 1.007, 0, 0.036, 0.02, 0.999, 0, 1.007, 1.006, 0.003
Node_Chlo4_Chlo12_0, 1.308, 0.004, 0.155, 0.098, 0.924, 0, 1.308, 1.252, 0.049
Node_Chlo4_Chlo35_0, 1.395, 0.006, 0.106, 0.4, 0.915, 0, 1.395, 1.203, 0.187
Node_Chlo5_Chlo16_0, 0.001, 0, 0.981, 0.001, 0.001, 0, 0.001, 0, 0.002
Node_Chlo6_Chlo18_0, 0.996, 0, 0.008, 0.005, 0.995, 0, 0.996, 0.993, 0.005
Node_Chlo6_Chlo26_0, 0.999, 0, 0.027, 0.006, 0.995, 0, 0.999, 0.999, 0.003
Node_Chlo7_Chlo15_0, 1.212, 0.202, 0.163, 0.054, 0.987, 0, 1.212, 0.806, 0.009
Node_Chry1_Aqui2_0, 0.022, 0, 0.115, 0.021, 0.022, 0, 0.022, 0.02, 0.003
Node_Chry1_Defe3_0, 0.006, 0, 0.018, 0.009, 0.006, 0, 0.006, 0.005, 0.002
Node_Cyan10_Cyan35_0, 0.002, 0, 0, 0.001, 0.002, 0, 0.002, 0, 0.002
Node_Cyan10_Cyan45_0, 0, 0, 0.008, 0.008, 0, 0, 0, 0, 0.006
Node_Cyan10_Cyan46_0, 0, 0, 0.006, 0.002, 0, 0, 0, 0, 0.001
Node_Cyan11_Cyan26_0, 0.003, 0, 0.005, 0.004, 0.003, 0, 0.003, 0, 0.006
Node_Cyan12_Cyan13_0, 0.011, 0, 0.022, 0.013, 0.011, 0, 0.011, 0.01, 0.002
Node_Cyan13_Cyan18_0, 0.001, 0, 0.015, 0.013, 0.001, 0, 0.001, 0.001, 0.005
Node_Cyan14_Cyan15_0, 0.004, 0, 0.01, 0.009, 0.004, 0, 0.004, 0.002, 0.009
Node_Cyan14_Cyan16_0, 0.005, 0, 0.008, 0.01, 0.005, 0, 0.005, 0, 0.012
Node_Cyan14_Cyan23_0, 0.001, 0, 0.005, 0.004, 0.001, 0, 0.001, 0, 0.004
Node_Cyan16_Cyan29_0, 0.003, 0, 0.007, 0.005, 0.003, 0, 0.003, 0.001, 0.005
Node_Cyan19_Cyan22_0, 0, 0, 0.005, 0.005, 0, 0, 0, 0, 0.003
Node_Cyan19_Cyan47_0, 0.004, 0, 0, 0, 0.004, 0, 0.004, 0, 0.004
Node_Cyan28_chloroArabidopsis_0, 0.001, 0, 0.003, 0.004, 0.001, 0, 0.001, 0, 0.003
Node_Cyan2_Cyan1_0, 0.076, 0.001, 0.622, 0.247, 0.076, 0, 0.076, 0.073, 0.016
Node_Cyan31_Cyan34_0, 0, 0, 0.008, 0.007, 0, 0, 0, 0, 0.004
Node_Cyan33_Cyan21_0, 0.002, 0, 0.012, 0.011, 0.002, 0, 0.002, 0.001, 0.009
Node_Cyan38_Cyan28_0, 0.001, 0, 0.003, 0.002, 0.001, 0, 0.001, 0, 0.003
Node_Cyan40_Arma4_0, 0.763, 0.035, 0.004, 0.229, 0.725, 0.387, 0.763, 0.695, 0.001
Node_Cyan40_Cyan10_0, 0.005, 0, 0.003, 0.003, 0.005, 0, 0.005, 0, 0.007
Node_Cyan40_Cyan11_0, 0.002, 0, 0.004, 0.005, 0.002, 0, 0.002, 0.001, 0.002
Node_Cyan40_Cyan14_0, 0.002, 0, 0.003, 0.002, 0.002, 0, 0.002, 0, 0.003
Node_Cyan40_Cyan19_0, 0.002, 0, 0.001, 0.002, 0.002, 0, 0.002, 0.001, 0.002
Node_Cyan40_Cyan20_0, 1.001, 0.011, 0.014, 0.475, 0.995, 0, 1.001, 0.689, 0.3
Node_Cyan40_Cyan24_0, 0.001, 0, 0.003, 0.002, 0.001, 0, 0.001, 0, 0.002
Node_Cyan40_Cyan25_0, 0.004, 0, 0.006, 0.009, 0.004, 0, 0.004, 0.002, 0.005
Node_Cyan40_Cyan27_0, 0.002, 0, 0.006, 0.009, 0.002, 0, 0.002, 0, 0.006
Node_Cyan40_Cyan2_0, 0.681, 0.007, 0.012, 0.247, 0.672, 0, 0.681, 0.652, 0.018
Node_Cyan40_Cyan36_0, 0.001, 0, 0.003, 0.003, 0.001, 0, 0.001, 0, 0.003
Node_Cyan40_Cyan37_0, 0, 0, 1, 0.005, 0, 0, 0, 0, 0.003
Node_Cyan40_Cyan38_0, 0.001, 0, 0.001, 0.001, 0.001, 0, 0.001, 0, 0.002
Node_Cyan40_Cyan42_0, 0.997, 0, 0.007, 0.003, 0.997, 0, 0.997, 0.995, 0.003
Node_Cyan40_Cyan7_0, 0.704, 0.011, 0.019, 0.301, 0.699, 0, 0.704, 0.66, 0.031
Node_Cyan40_Marg1_0, 0.668, 0.007, 0.011, 0.238, 0.657, 0, 0.668, 0.651, 0.005
Node_Cyan40_Therd1_0, 0.667, 0.008, 0.104, 0.245, 0.658, 0, 0.667, 0.658, 0
Node_Cyan42_Cyan3_0, 1.002, 0, 0.001, 0.006, 1, 0, 1.002, 0.997, 0.006
Node_Cyan46_Cyan30_0, 0.001, 0, 0.001, 0.001, 0.001, 0, 0.001, 0, 0.002
Node_Cyan46_Cyan31_0, 0.004, 0, 0.004, 0.004, 0.004, 0, 0.004, 0, 0.007
Node_Cyan46_Cyan32_0, 0.002, 0, 0.004, 0.005, 0.002, 0, 0.002, 0.001, 0.004
Node_Cyan46_Cyan33_0, 0.005, 0, 0.006, 0.007, 0.005, 0, 0.005, 0.001, 0.007
Node_Cyan46_Cyan41_0, 0.002, 0, 0.007, 0.007, 0.002, 0, 0.002, 0, 0.004
Node_Cyan47_Cyan43_0, 0.001, 0, 0.008, 0.008, 0.001, 0, 0.001, 0, 0.005
Node_Cyan47_Cyan44_0, 0, 0, 0.001, 0.001, 0, 0, 0, 0, 0
Node_Cyan4_Cyan8_0, 0.02, 0, 0.116, 0.065, 0.02, 0, 0.02, 0.016, 0.007
Node_Cyan4_Cyan9_0, 0.008, 0, 0.015, 0.013, 0.008, 0, 0.008, 0.007, 0.003
Node_Cyan7_Cyan12_0, 0.031, 0, 0.098, 0.045, 0.031, 0, 0.031, 0.031, 0
Node_Cyan7_Cyan4_0, 0.129, 0.001, 0.579, 0.207, 0.128, 0, 0.129, 0.126, 0.003
Node_DTU0X1_SLNR1_0, 0, 0, 0.002, 0.003, 0, 0, 0, 0, 0.002
Node_Defe3_Defe1_0, 0.004, 0, 0.007, 0.009, 0.004, 0, 0.004, 0.003, 0.005
Node_Defe3_Defe2_0, 0.006, 0, 0.005, 0.005, 0.006, 0, 0.006, 0.002, 0.007
Node_Dein4_Dein2_0, 0.004, 0, 0.007, 0.005, 0.004, 0, 0.004, 0.004, 0
Node_Dein4_Dein6_0, 0.002, 0, 0.007, 0.007, 0.002, 0, 0.002, 0.002, 0.005
Node_Dein5_Bipo1_0, 0.029, 0.001, 0.053, 0.032, 0.029, 0, 0.029, 0.026, 0.003
Node_Dein5_Dein1_0, 0.005, 0, 0.005, 0.006, 0.005, 0, 0.005, 0.002, 0.007
Node_Dein5_Dein4_0, 0.011, 0, 0.035, 0.023, 0.011, 0, 0.011, 0.009, 0.017
Node_Dein5_Dein7_0, 0.003, 0, 0.012, 0.007, 0.003, 0, 0.003, 0.002, 0.004
Node_Dein7_Dein3_0, 0.003, 0, 0.006, 0.005, 0.003, 0, 0.003, 0.001, 0.006
Node_DesuB1_DesuB2_0, 1.004, 0.003, 0.011, 0.047, 1, 0, 1.004, 0.484, 0.516
Node_DesuB4_BdellC1_0, 0.443, 0.001, 1.06, 0.129, 0.423, 0, 0.443, 0.424, 0.021
Node_DesuB4_DesuB1_0, 0.496, 0.001, 0.041, 0.083, 0.488, 0, 0.496, 0.405, 0.093
Node_DesuB4_DesuB3_0, 0.007, 0, 0.495, 0.05, 0.007, 0, 0.007, 0.004, 0.006
Node_DesuB4_Desua5_0, 1.481, 0.001, 1.301, 0.292, 0.978, 0, 1.481, 1.467, 0.015
Node_DesuB4_Myxo10_0, 2.766, 0.008, 1.211, 0.542, 0.999, 0, 2.766, 2.738, 0.021
Node_DesuC2_DesuC1_0, 1.495, 0.006, 0.296, 0.322, 0.999, 0, 1.495, 1.362, 0.131
Node_DesuC2_Desua47_0, 1.654, 0.04, 1.305, 1.404, 1, 0, 1.654, 1.59, 0.002
Node_DesuD2_DesuD1_0, 1.179, 0.005, 0.936, 0.485, 1, 0, 1.179, 1.077, 0.103
Node_Desua11_Desua27_0, 0.002, 0, 0.006, 0.004, 0.002, 0, 0.002, 0, 0.005
Node_Desua16_Desua15_0, 1.01, 0.001, 0.04, 0.032, 1, 0, 1.01, 1.008, 0.006
Node_Desua16_Desua20_0, 2.689, 0.006, 0.118, 0.394, 1, 0, 2.689, 2.6, 0.084
Node_Desua16_Desua24_0, 1.043, 0.002, 0.207, 0.094, 1, 0, 1.043, 1.036, 0.01
Node_Desua16_Desua6_0, 2.717, 0.031, 0.292, 0.683, 1, 0, 2.717, 2.177, 0.5
Node_Desua16_Desua9_0, 1.238, 0.004, 1.786, 0.358, 0.999, 0, 1.238, 0.905, 0.331
Node_Desua1_Desua34_0, 0.005, 0, 0.028, 0.025, 0.005, 0, 0.005, 0.004, 0.006
Node_Desua1_Desua3_0, 0.027, 0, 0.039, 0.034, 0.026, 0, 0.027, 0.027, 0
Node_Desua1_Desua43_0, 0.066, 0.001, 0.14, 0.093, 0.065, 0, 0.066, 0.064, 0.002
Node_Desua22_Desua10_0, 0.012, 0, 0.037, 0.037, 0.012, 0, 0.012, 0.012, 0.008
Node_Desua22_Desua13_0, 0.041, 0.003, 0.228, 0.069, 0.04, 0, 0.041, 0.037, 0.003
Node_Desua22_Desua14_0, 0.003, 0, 0.013, 0.012, 0.003, 0, 0.003, 0.003, 0.004
Node_Desua22_Desua16_0, 2.478, 0.022, 1.454, 0.591, 1, 0, 2.478, 2.108, 0.341
Node_Desua22_Desua23_0, 0.004, 0, 0.01, 0.008, 0.004, 0, 0.004, 0.001, 0.011
Node_Desua22_Desua26_0, 0.263, 0.002, 0.379, 0.188, 0.245, 0, 0.263, 0.244, 0.021
Node_Desua22_Desua4_0, 0.619, 0.004, 1.87, 0.631, 0.489, 0, 0.619, 0.609, 0.007
Node_Desua26_Desua30_0, 0.292, 0, 0.116, 0.09, 0.29, 0, 0.292, 0.151, 0.145
Node_Desua28_Desua35_0, 1.039, 0.008, 0.114, 0.404, 1, 0, 1.039, 0.809, 0.222
Node_Desua2_Desua8_0, 1.127, 0.004, 1.023, 0.883, 1, 0, 1.127, 1.1, 0.024
Node_Desua36_Desua38_0, 0.002, 0, 0.005, 0.005, 0.002, 0, 0.002, 0, 0.006
Node_Desua36_Desua39_0, 0.001, 0, 0.003, 0.002, 0.001, 0, 0.001, 0, 0.003
Node_Desua40_Desua31_0, 0.008, 0, 0.029, 0.025, 0.008, 0, 0.008, 0.003, 0.01
Node_Desua42_Desua11_0, 0.003, 0, 0.007, 0.007, 0.003, 0, 0.003, 0.002, 0.005
Node_Desua42_Desua12_0, 0.005, 0, 0.01, 0.008, 0.005, 0, 0.005, 0.002, 0.004
Node_Desua43_Desua50_0, 0.002, 0, 0.012, 0.008, 0.002, 0, 0.002, 0.001, 0.006
Node_Desua43_Desua52_0, 0.002, 0, 0.005, 0.007, 0.002, 0, 0.002, 0, 0.005
Node_Desua43_Desua54_0, 0.008, 0, 0.063, 0.044, 0.008, 0, 0.008, 0.007, 0.005
Node_Desua44_Desua36_0, 0.001, 0, 0.01, 0.012, 0.001, 0, 0.001, 0, 0.007
Node_Desua46_Desua25_0, 0.002, 0, 0.01, 0.008, 0.002, 0, 0.002, 0, 0.007
Node_Desua47_Desua29_0, 1.006, 0, 0.007, 0.022, 1, 0, 1.006, 0.374, 0.634
Node_Desua47_Desua37_0, 0.265, 0, 0.972, 0.078, 0.262, 0, 0.265, 0.263, 0.004
Node_Desua47_Desua41_0, 0.379, 0, 0.021, 0.037, 0.375, 0, 0.379, 0.249, 0.135
Node_Desua47_Desua53_0, 1.233, 0.151, 0.574, 0.242, 0.999, 0, 1.233, 0.933, 0.002
Node_Desua48_Desua33_0, 0.005, 0, 0.005, 0.005, 0.005, 0, 0.005, 0.003, 0.005
Node_Desua48_Desua40_0, 0.027, 0, 0.055, 0.04, 0.027, 0, 0.027, 0.027, 0.002
Node_Desua48_Desua42_0, 0.011, 0, 0.017, 0.015, 0.011, 0, 0.011, 0.01, 0.001
Node_Desua48_Desua46_0, 0.005, 0, 0.009, 0.015, 0.005, 0, 0.005, 0.003, 0.003
Node_Desua49_Desua21_0, 0, 0, 0.012, 0.009, 0, 0, 0, 0, 0.008
Node_Desua49_Desua32_0, 0.015, 0, 0.021, 0.019, 0.015, 0, 0.015, 0.011, 0.008
Node_Desua49_Desua44_0, 0.004, 0, 0.013, 0.017, 0.004, 0, 0.004, 0.004, 0.002
Node_Desua4_Desua1_0, 0.203, 0, 0.421, 0.23, 0.186, 0, 0.203, 0.2, 0.005
Node_Desua4_Desua48_0, 0.08, 0.001, 0.128, 0.077, 0.078, 0, 0.08, 0.076, 0.004
Node_Desua4_Desua49_0, 0.028, 0, 0.055, 0.036, 0.028, 0, 0.028, 0.026, 0.003
Node_Desua53_Desua51_0, 1.178, 0.006, 0.077, 0.04, 1, 0, 1.178, 1.152, 0.016
Node_Desua6_Desua19_0, 1.977, 0.722, 0.885, 0.612, 0.999, 0, 1.977, 0.552, 0.018
Node_Desua6_Desua2_0, 2.122, 0.07, 0.677, 0.732, 1, 0, 2.122, 1.985, 0.012
Node_Desua6_Desua7_0, 1.978, 0.138, 0.177, 0.105, 1, 0, 1.978, 1.665, 0.04
Node_Desua9_Desua17_0, 1.019, 0.002, 0.046, 0.032, 1, 0, 1.019, 1.012, 0.008
Node_Desua9_Desua18_0, 1.055, 0.003, 0.193, 0.084, 0.998, 0, 1.055, 1.045, 0.007
Node_Dorm2_Dorm1_0, 1.778, 0.001, 0.005, 0.005, 1, 0, 1.778, 1.743, 0.035
Node_Dorm2_Dorm3_0, 1.017, 0.006, 0.144, 0.128, 1, 0, 1.017, 1.005, 0.007
Node_Dorm2_Dorm4_0, 1.01, 0.014, 0.024, 0.533, 1, 0, 1.01, 0.99, 0.003
Node_Dorm2_Dorm5_0, 1.747, 0.742, 0.013, 0.099, 1, 0, 1.747, 0.261, 0.008
Node_Eise2_Eise1_0, 0.016, 0, 0.333, 0.118, 0.015, 0, 0.016, 0.014, 0.01
Node_Eise4_Eise2_0, 0.339, 0.016, 0.078, 0.482, 0.333, 0, 0.339, 0.177, 0.157
Node_Eise4_Eise3_0, 1.007, 0.008, 0.024, 0.424, 1, 0, 1.007, 0.321, 0.684
Node_Elus1_Elus2_0, 0.011, 0, 0.005, 0.007, 0.011, 0, 0.011, 0.004, 0.008
Node_Elus2_Elus3_0, 0.047, 0, 0.002, 0.006, 0.047, 0, 0.047, 0.011, 0.038
Node_Elus2_Elus5_0, 0.185, 0, 0.019, 0.006, 0.185, 0, 0.185, 0.032, 0.157
Node_Elus3_Elus4_0, 0.215, 0.001, 0.002, 0.01, 0.21, 0, 0.215, 0.045, 0.17
Node_Elus3_Elus6_0, 0.331, 0.003, 0.018, 0.093, 0.329, 0, 0.331, 0.102, 0.233
Node_Elus3_Elus7_0, 0.046, 0, 0.035, 0.009, 0.046, 0, 0.046, 0.014, 0.034
Node_Elus3_Elus9_0, 0.113, 0.003, 0.203, 0.046, 0.11, 0, 0.113, 0.02, 0.098
Node_Elus6_Elus8_0, 0.024, 0, 0.31, 0.094, 0.024, 0, 0.024, 0.023, 0.003
Node_Elus9_Elus10_0, 0.014, 0, 0.106, 0.035, 0.014, 0, 0.014, 0.013, 0.007
Node_Erem4_Erem5_0, 0.004, 0, 0.006, 0.007, 0.004, 0, 0.004, 0.001, 0.007
Node_Erem6_Erem2_0, 0.049, 0, 0.774, 0.08, 0.048, 0, 0.049, 0.047, 0.004
Node_Erem6_Erem3_0, 0.011, 0, 0.042, 0.023, 0.011, 0, 0.011, 0.009, 0.004
Node_Erem6_Erem4_0, 0.003, 0, 0.014, 0.013, 0.003, 0, 0.003, 0.003, 0.006
Node_FCPU1_FCPU2_0, 1.005, 0.004, 0.013, 0.096, 0.999, 0, 1.005, 0.202, 0.808
Node_Ferm1_Eise4_0, 0.244, 0.011, 0.011, 0.092, 0.216, 0, 0.244, 0.188, 0.04
Node_Ferm1_GemmA1_0, 0.215, 0.002, 0.046, 0.117, 0.21, 0, 0.215, 0.199, 0.015
Node_Ferm1_Krum1_0, 0.036, 0, 0.184, 0.074, 0.036, 0, 0.036, 0.034, 0.005
Node_Fibr4_Fibr2_0, 0.002, 0, 0.004, 0.006, 0.002, 0, 0.002, 0, 0.006
Node_Fibr4_Fibr3_0, 0.013, 0, 0.154, 0.035, 0.013, 0, 0.013, 0.012, 0.003
Node_Fibr4_Fibr5_0, 0.004, 0, 0.012, 0.011, 0.004, 0, 0.004, 0.004, 0.003
Node_Fibr4_Fibr6_0, 0, 0, 0.006, 0.004, 0, 0, 0, 0, 0.002
Node_Fibr5_Fibr1_0, 0, 0, 0.007, 0.006, 0, 0, 0, 0, 0.003
Node_FirmA102_FirmA76_0, 0.001, 0, 0.003, 0.002, 0.001, 0, 0.001, 0, 0.003
Node_FirmA104_FirmA78_0, 0, 0, 0.013, 0.007, 0, 0, 0, 0, 0.006
Node_FirmA106_FirmA114_0, 0.002, 0, 0.003, 0.001, 0.002, 0, 0.002, 0.001, 0.002
Node_FirmA109_FirmA77_0, 0.005, 0, 0.007, 0.005, 0.005, 0, 0.005, 0.002, 0.005
Node_FirmA109_FirmA95_0, 0.002, 0, 0.01, 0.008, 0.002, 0, 0.002, 0.001, 0.007
Node_FirmA114_FirmA98_0, 0.002, 0, 0.004, 0.003, 0.002, 0, 0.002, 0, 0.004
Node_FirmA11_FirmA67_0, 0.023, 0, 0.004, 0.004, 0.023, 0, 0.023, 0.022, 0.002
Node_FirmA12_FirmA93_0, 0.001, 0, 0.004, 0.003, 0.001, 0, 0.001, 0, 0.004
Node_FirmA14_FirmA113_0, 0, 0, 0.006, 0.005, 0, 0, 0, 0, 0.005
Node_FirmA18_FirmA103_0, 0, 0, 0.009, 0.007, 0, 0, 0, 0, 0.005
Node_FirmA20_FirmA100_0, 0, 0, 0.008, 0.006, 0, 0, 0, 0, 0.003
Node_FirmA20_FirmA24_0, 0.109, 0, 0.003, 0.035, 0.108, 0, 0.109, 0.04, 0.069
Node_FirmA20_FirmA25_0, 0.001, 0, 0.009, 0.006, 0.001, 0, 0.001, 0.001, 0.001
Node_FirmA20_FirmA38_0, 0.009, 0, 0.104, 0.016, 0.009, 0, 0.009, 0.007, 0.004
Node_FirmA20_FirmA52_0, 0.005, 0, 0.006, 0.007, 0.005, 0, 0.005, 0, 0.01
Node_FirmA21_FirmA108_0, 0.001, 0, 0.005, 0.006, 0.001, 0, 0.001, 0, 0.003
Node_FirmA21_FirmA47_0, 0.003, 0, 0.001, 0.001, 0.003, 0, 0.003, 0.001, 0.003
Node_FirmA21_FirmA88_0, 0.003, 0, 0.004, 0.004, 0.003, 0, 0.003, 0.001, 0.004
Node_FirmA24_FirmA1_0, 0.276, 0, 0, 0.059, 0.274, 0, 0.276, 0.109, 0.167
Node_FirmA24_FirmA8_0, 0.036, 0, 0.244, 0.043, 0.036, 0, 0.036, 0.036, 0.004
Node_FirmA25_FirmA56_0, 0.001, 0, 0.005, 0.007, 0.001, 0, 0.001, 0.001, 0.005
Node_FirmA26_FirmA102_0, 0.001, 0, 0.005, 0.004, 0.001, 0, 0.001, 0.001, 0.001
Node_FirmA26_FirmA2_0, 0.005, 0, 0.01, 0.01, 0.005, 0, 0.005, 0.002, 0.007
Node_FirmA26_FirmA41_0, 0.001, 0, 0.005, 0.003, 0.001, 0, 0.001, 0, 0.003
Node_FirmA26_FirmA7_0, 0.003, 0, 0.003, 0.003, 0.003, 0, 0.003, 0, 0.005
Node_FirmA27_FirmA71_0, 0, 0, 0.003, 0.002, 0, 0, 0, 0, 0
Node_FirmA27_FirmA89_0, 0.003, 0, 0, 0, 0.003, 0, 0.003, 0.001, 0.002
Node_FirmA28_FirmA94_0, 0.002, 0, 0.004, 0.005, 0.002, 0, 0.002, 0.001, 0.004
Node_FirmA29_FirmA51_0, 0.001, 0, 0.002, 0.002, 0.001, 0, 0.001, 0, 0.001
Node_FirmA38_FirmA32_0, 0.001, 0, 0.009, 0.006, 0.001, 0, 0.001, 0.001, 0.001
Node_FirmA43_FirmA39_0, 0.004, 0, 0.005, 0.006, 0.004, 0, 0.004, 0, 0.007
Node_FirmA45_FirmA40_0, 0.002, 0, 0.008, 0.006, 0.002, 0, 0.002, 0, 0.007
Node_FirmA50_FirmA70_0, 0.015, 0, 0.091, 0.036, 0.015, 0, 0.015, 0.012, 0.01
Node_FirmA52_FirmA107_0, 0.001, 0, 0.008, 0.006, 0.001, 0, 0.001, 0, 0.006
Node_FirmA52_FirmA42_0, 0.003, 0, 0.005, 0.002, 0.003, 0, 0.003, 0.001, 0.003
Node_FirmA53_FirmA35_0, 0.002, 0, 0.003, 0.003, 0.002, 0, 0.002, 0.001, 0.003
Node_FirmA55_FirmA29_0, 0.002, 0, 0.009, 0.006, 0.002, 0, 0.002, 0, 0.006
Node_FirmA58_FirmA43_0, 0.002, 0, 0.003, 0.002, 0.002, 0, 0.002, 0.001, 0.002
Node_FirmA59_FirmA36_0, 0, 0, 0.003, 0.004, 0, 0, 0, 0, 0.002
Node_FirmA59_FirmA44_0, 0.001, 0, 0.006, 0.003, 0.001, 0, 0.001, 0, 0.002
Node_FirmA59_FirmA48_0, 0.001, 0, 0.003, 0.004, 0.001, 0, 0.001, 0, 0.004
Node_FirmA60_FirmA74_0, 0.001, 0, 0.01, 0.009, 0.001, 0, 0.001, 0, 0.008
Node_FirmA61_FirmA66_0, 0.003, 0, 0.003, 0.002, 0.003, 0, 0.003, 0.001, 0.004
Node_FirmA62_FirmA104_0, 0.007, 0, 0.002, 0.003, 0.007, 0, 0.007, 0.003, 0.005
Node_FirmA62_FirmA58_0, 0.003, 0, 0.007, 0.011, 0.003, 0, 0.003, 0.003, 0.003
Node_FirmA62_FirmA6_0, 0.003, 0, 0.003, 0.005, 0.003, 0, 0.003, 0.002, 0.003
Node_FirmA63_FirmA109_0, 0.007, 0, 0.006, 0.008, 0.007, 0, 0.007, 0.003, 0.009
Node_FirmA63_FirmA10_0, 0.004, 0, 0.01, 0.009, 0.004, 0, 0.004, 0.001, 0.007
Node_FirmA63_FirmA30_0, 0.005, 0, 0.003, 0.002, 0.005, 0, 0.005, 0.002, 0.004
Node_FirmA63_FirmA45_0, 0.003, 0, 0.008, 0.005, 0.003, 0, 0.003, 0.001, 0.006
Node_FirmA63_FirmA57_0, 0.003, 0, 0.005, 0.006, 0.003, 0, 0.003, 0, 0.006
Node_FirmA63_FirmA99_0, 0.004, 0, 0.005, 0.005, 0.004, 0, 0.004, 0.001, 0.006
Node_FirmA64_FirmA33_0, 0.002, 0, 0.02, 0.008, 0.002, 0, 0.002, 0.001, 0.004
Node_FirmA65_FirmA5_0, 0.235, 0.001, 0.006, 0.042, 0.233, 0, 0.235, 0.056, 0.184
Node_FirmA65_FirmA64_0, 0.018, 0, 0.006, 0.008, 0.018, 0, 0.018, 0.008, 0.014
Node_FirmA65_FirmA69_0, 0.01, 0, 0.008, 0.008, 0.01, 0, 0.01, 0.003, 0.011
Node_FirmA65_FirmA97_0, 0.056, 0.001, 0.006, 0.019, 0.055, 0, 0.056, 0.017, 0.043
Node_FirmA67_FirmA37_0, 0.04, 0.001, 0.005, 0.011, 0.04, 0, 0.04, 0.028, 0.016
Node_FirmA67_FirmA50_0, 0.096, 0, 0.002, 0.023, 0.096, 0, 0.096, 0.04, 0.058
Node_FirmA67_FirmA79_0, 0.229, 0.002, 0.007, 0.066, 0.229, 0, 0.229, 0.095, 0.138
Node_FirmA67_FirmA87_0, 0.028, 0, 0.001, 0.008, 0.028, 0, 0.028, 0.022, 0.006
Node_FirmA69_FirmA28_0, 0.002, 0, 0.011, 0.008, 0.002, 0, 0.002, 0, 0.003
Node_FirmA69_FirmA72_0, 0.003, 0, 0.002, 0.001, 0.003, 0, 0.003, 0.001, 0.003
Node_FirmA72_FirmA73_0, 0.002, 0, 0.007, 0.008, 0.002, 0, 0.002, 0, 0.006
Node_FirmA7_FirmA12_0, 0.001, 0, 0.006, 0.006, 0.001, 0, 0.001, 0.001, 0.005
Node_FirmA7_FirmA90_0, 0.002, 0, 0.008, 0.011, 0.002, 0, 0.002, 0.001, 0.007
Node_FirmA80_FirmA34_0, 0.001, 0, 0.004, 0.006, 0.001, 0, 0.001, 0, 0.003
Node_FirmA81_FirmA14_0, 0.001, 0, 0.004, 0.005, 0.001, 0, 0.001, 0, 0.005
Node_FirmA81_FirmA19_0, 0, 0, 0.001, 0.001, 0, 0, 0, 0, 0
Node_FirmA81_FirmA84_0, 0.004, 0, 0.004, 0.002, 0.004, 0, 0.004, 0.001, 0.003
Node_FirmA81_FirmA92_0, 0, 0, 0.006, 0.003, 0, 0, 0, 0, 0.002
Node_FirmA83_FirmA11_0, 0.025, 0, 0.01, 0.005, 0.025, 0, 0.025, 0.023, 0.002
Node_FirmA83_FirmA49_0, 0.002, 0, 0.01, 0.009, 0.002, 0, 0.002, 0, 0.006
Node_FirmA83_FirmA55_0, 0.005, 0, 0.008, 0.008, 0.005, 0, 0.005, 0.002, 0.006
Node_FirmA83_FirmA59_0, 0.005, 0, 0.006, 0.006, 0.005, 0, 0.005, 0.002, 0.006
Node_FirmA83_FirmA65_0, 0.007, 0, 0.006, 0.007, 0.007, 0, 0.007, 0.003, 0.008
Node_FirmA83_FirmA81_0, 0.005, 0, 0.022, 0.007, 0.005, 0, 0.005, 0.005, 0.002
Node_FirmA83_FirmA86_0, 0.006, 0, 0.009, 0.009, 0.006, 0, 0.006, 0.003, 0.01
Node_FirmA84_FirmA111_0, 0.007, 0, 0.002, 0.004, 0.007, 0, 0.007, 0.004, 0.005
Node_FirmA84_FirmA16_0, 0.004, 0, 0.009, 0.008, 0.004, 0, 0.004, 0.001, 0.005
Node_FirmA84_FirmA20_0, 0.043, 0, 0.001, 0.011, 0.043, 0, 0.043, 0.007, 0.037
Node_FirmA84_FirmA26_0, 0.008, 0, 0.041, 0.01, 0.008, 0, 0.008, 0.004, 0.006
Node_FirmA84_FirmA46_0, 0, 0, 0.003, 0.002, 0, 0, 0, 0, 0.001
Node_FirmA84_FirmA63_0, 0.002, 0, 0.004, 0.002, 0.002, 0, 0.002, 0.001, 0.002
Node_FirmA84_FirmA9_0, 0.002, 0, 0.002, 0.002, 0.002, 0, 0.002, 0, 0.004
Node_FirmA85_DTU0X1_0, 0, 0, 0.016, 0.005, 0, 0, 0, 0, 0
Node_FirmA85_FirmA60_0, 0.003, 0, 0.007, 0.007, 0.003, 0, 0.003, 0, 0.01
Node_FirmA85_FirmC13_0, 0.016, 0, 0.012, 0.008, 0.016, 0, 0.016, 0.007, 0.01
Node_FirmA86_FirmA61_0, 0.002, 0, 0.006, 0.002, 0.002, 0, 0.002, 0.001, 0.002
Node_FirmA87_FirmA106_0, 0.003, 0, 0.005, 0.004, 0.003, 0, 0.003, 0.002, 0.004
Node_FirmA87_FirmA62_0, 0.004, 0, 0.002, 0.001, 0.004, 0, 0.004, 0.002, 0.002
Node_FirmA87_FirmA96_0, 0.004, 0, 0.026, 0.007, 0.004, 0, 0.004, 0.003, 0.002
Node_FirmA88_FirmA101_0, 0.001, 0, 0.005, 0.004, 0.001, 0, 0.001, 0, 0.003
Node_FirmA89_FirmA105_0, 0.001, 0, 0.006, 0.005, 0.001, 0, 0.001, 0.001, 0.003
Node_FirmA89_FirmA110_0, 0.002, 0, 0.005, 0.004, 0.002, 0, 0.002, 0, 0.006
Node_FirmA89_FirmA21_0, 0.003, 0, 0.004, 0.003, 0.003, 0, 0.003, 0.001, 0.004
Node_FirmA89_FirmA31_0, 0.004, 0, 0.002, 0.002, 0.004, 0, 0.004, 0, 0.004
Node_FirmA89_FirmA53_0, 0.002, 0, 0.003, 0.002, 0.002, 0, 0.002, 0, 0.003
Node_FirmA89_FirmA68_0, 0.004, 0, 0.003, 0.003, 0.004, 0, 0.004, 0.002, 0.003
Node_FirmA89_FirmA80_0, 0.002, 0, 0.005, 0.003, 0.002, 0, 0.002, 0, 0.004
Node_FirmA90_FirmA112_0, 0.002, 0, 0.002, 0.004, 0.002, 0, 0.002, 0.001, 0.002
Node_FirmA92_FirmA54_0, 0, 0, 0.004, 0.005, 0, 0, 0, 0, 0.004
Node_FirmA94_FirmA75_0, 0, 0, 0.004, 0.006, 0, 0, 0, 0, 0.002
Node_FirmA96_FirmA27_0, 0.001, 0, 0.006, 0.003, 0.001, 0, 0.001, 0, 0.003
Node_FirmA96_FirmA91_0, 0.001, 0, 0.002, 0.001, 0.001, 0, 0.001, 0, 0.002
Node_FirmA99_FirmA18_0, 0.004, 0, 0.006, 0.008, 0.004, 0, 0.004, 0, 0.006
Node_FirmB16_FirmB13_0, 0.003, 0, 0.01, 0.012, 0.003, 0, 0.003, 0, 0.009
Node_FirmB17_FirmB15_0, 0.001, 0, 0.002, 0.005, 0.001, 0, 0.001, 0, 0.003
Node_FirmB2_FirmB11_0, 0.003, 0, 0.01, 0.013, 0.003, 0, 0.003, 0.001, 0.009
Node_FirmB2_FirmB12_0, 0.004, 0, 0.007, 0.008, 0.004, 0, 0.004, 0, 0.01
Node_FirmB3_FirmB14_0, 0.004, 0, 0.003, 0.002, 0.004, 0, 0.004, 0.002, 0.003
Node_FirmB4_FirmB17_0, 0, 0, 0.006, 0.005, 0, 0, 0, 0, 0.004
Node_FirmB4_FirmB1_0, 0.002, 0, 0.006, 0.004, 0.002, 0, 0.002, 0, 0.004
Node_FirmB4_FirmB3_0, 0.004, 0, 0.006, 0.005, 0.004, 0, 0.004, 0.001, 0.005
Node_FirmB6_FirmB7_0, 0.001, 0, 0.005, 0.005, 0.001, 0, 0.001, 0, 0.006
Node_FirmB8_FirmB16_0, 0.004, 0, 0.008, 0.006, 0.004, 0, 0.004, 0.002, 0.007
Node_FirmB8_FirmB4_0, 0.005, 0, 0.003, 0.002, 0.005, 0, 0.005, 0.002, 0.005
Node_FirmB8_FirmB5_0, 0.003, 0, 0.007, 0.003, 0.003, 0, 0.003, 0, 0.006
Node_FirmB8_FirmB9_0, 0.003, 0, 0.065, 0.02, 0.003, 0, 0.003, 0.001, 0.009
Node_FirmB9_FirmB10_0, 0, 0, 0.006, 0.006, 0, 0, 0, 0, 0.005
Node_FirmB9_FirmB2_0, 0.001, 0, 0.002, 0.002, 0.001, 0, 0.001, 0, 0.003
Node_FirmB9_FirmB6_0, 0, 0, 0.005, 0.003, 0, 0, 0, 0, 0.002
Node_FirmC10_FirmC14_0, 0.004, 0, 0.007, 0.008, 0.004, 0, 0.004, 0.001, 0.007
Node_FirmC10_FirmC18_0, 0.004, 0, 0.007, 0.007, 0.004, 0, 0.004, 0.001, 0.006
Node_FirmC10_FirmC19_0, 0.005, 0, 0.011, 0.009, 0.005, 0, 0.005, 0, 0.011
Node_FirmC11_FirmC3_0, 0.002, 0, 0.008, 0.011, 0.002, 0, 0.002, 0, 0.007
Node_FirmC13_FirmB8_0, 0.059, 0, 0.012, 0.018, 0.059, 0, 0.059, 0.024, 0.037
Node_FirmC13_FirmC10_0, 0.005, 0, 0.005, 0.007, 0.005, 0, 0.005, 0.001, 0.005
Node_FirmC13_FirmC17_0, 0.001, 0, 0.006, 0.004, 0.001, 0, 0.001, 0, 0.002
Node_FirmC13_FirmC5_0, 0.22, 0, 0.008, 0.015, 0.218, 0, 0.22, 0.058, 0.169
Node_FirmC13_FirmC8_0, 0.005, 0, 0.218, 0.003, 0.005, 0, 0.005, 0.002, 0.003
Node_FirmC13_Firms33_0, 0.034, 0, 0.004, 0.003, 0.034, 0, 0.034, 0.012, 0.022
Node_FirmC15_FirmC12_0, 0.002, 0, 0.009, 0.01, 0.002, 0, 0.002, 0, 0.009
Node_FirmC1_FirmC4_0, 0.002, 0, 0.008, 0.007, 0.002, 0, 0.002, 0, 0.007
Node_FirmC6_FirmC16_0, 0.001, 0, 0.006, 0.008, 0.001, 0, 0.001, 0.001, 0.004
Node_FirmC6_FirmC1_0, 0.003, 0, 0.003, 0.003, 0.003, 0, 0.003, 0.002, 0.003
Node_FirmC8_FirmC11_0, 0.003, 0, 0.004, 0.003, 0.003, 0, 0.003, 0, 0.004
Node_FirmC8_FirmC15_0, 0.002, 0, 0.008, 0.005, 0.002, 0, 0.002, 0.001, 0.004
Node_FirmC8_FirmC6_0, 0.003, 0, 0.005, 0.005, 0.003, 0, 0.003, 0, 0.005
Node_FirmC8_FirmC7_0, 0.006, 0, 0.006, 0.007, 0.006, 0, 0.006, 0, 0.009
Node_FirmC8_FirmC9_0, 0.003, 0, 0.007, 0.006, 0.003, 0, 0.003, 0, 0.005
Node_FirmD2_FirmD3_0, 0.266, 0, 0.004, 0.064, 0.266, 0, 0.266, 0.075, 0.195
Node_FirmD4_FirmD2_0, 0.075, 0.001, 0.004, 0.018, 0.075, 0, 0.075, 0.043, 0.034
Node_FirmE4_FirmE6_0, 0.002, 0, 0.006, 0.005, 0.002, 0, 0.002, 0.002, 0.004
Node_FirmE5_FirmA85_0, 0.018, 0, 0.013, 0.007, 0.018, 0, 0.018, 0.014, 0.004
Node_FirmE5_FirmE3_0, 0.003, 0, 0.004, 0.003, 0.003, 0, 0.003, 0.001, 0.003
Node_FirmE5_FirmE4_0, 0.004, 0, 0.006, 0.003, 0.004, 0, 0.004, 0.002, 0.004
Node_FirmE5_FirmE7_0, 0.006, 0.001, 0.023, 0.019, 0.006, 0, 0.006, 0.003, 0.01
Node_FirmE7_FirmE1_0, 0.007, 0, 0.011, 0.013, 0.007, 0, 0.007, 0.001, 0.012
Node_FirmE7_FirmE2_0, 0.003, 0, 0.01, 0.008, 0.003, 0, 0.003, 0.001, 0.006
Node_FirmE7_FirmE8_0, 0.004, 0, 0.006, 0.007, 0.004, 0, 0.004, 0.001, 0.007
Node_FirmF1_FirmF2_0, 0.018, 0, 0.078, 0.054, 0.018, 0, 0.018, 0.016, 0.011
Node_FirmF1_FirmG6_0, 0.085, 0, 0.24, 0.109, 0.084, 0, 0.085, 0.083, 0.002
Node_FirmF2_FirmF3_0, 0.004, 0, 0.021, 0.013, 0.004, 0, 0.004, 0.004, 0.007
Node_FirmG5_FirmG1_0, 0.002, 0, 0.004, 0.004, 0.002, 0, 0.002, 0, 0.004
Node_FirmG5_FirmG2_0, 0.002, 0, 0.008, 0.006, 0.002, 0, 0.002, 0, 0.004
Node_FirmG6_FirmE5_0, 0.027, 0.001, 0.061, 0.032, 0.027, 0, 0.027, 0.025, 0.002
Node_FirmG6_FirmG3_0, 0.002, 0, 0.01, 0.01, 0.002, 0, 0.002, 0.002, 0.006
Node_FirmG6_FirmG4_0, 0.006, 0, 0.008, 0.01, 0.006, 0, 0.006, 0.001, 0.008
Node_FirmG6_FirmG5_0, 0.006, 0, 0.032, 0.017, 0.006, 0, 0.006, 0.005, 0.011
Node_Firms11_Firms17_0, 0.001, 0, 0.004, 0.005, 0.001, 0, 0.001, 0, 0.005
Node_Firms13_Firms1_0, 0.001, 0, 0.002, 0.002, 0.001, 0, 0.001, 0, 0.003
Node_Firms1_Firms10_0, 0.004, 0, 0.006, 0.005, 0.004, 0, 0.004, 0, 0.009
Node_Firms20_Firms12_0, 0.002, 0, 0.002, 0.003, 0.002, 0, 0.002, 0, 0.003
Node_Firms20_Firms29_0, 0.001, 0, 0.004, 0.004, 0.001, 0, 0.001, 0.001, 0.003
Node_Firms22_Firms27_0, 0, 0, 0.004, 0.005, 0, 0, 0, 0, 0
Node_Firms23_Firms18_0, 0.002, 0, 0.005, 0.004, 0.002, 0, 0.002, 0, 0.005
Node_Firms24_Firms26_0, 0.002, 0.001, 0.006, 0.007, 0.002, 0, 0.002, 0, 0.006
Node_Firms30_Firms31_0, 0.003, 0, 0.005, 0.005, 0.003, 0, 0.003, 0.001, 0.006
Node_Firms32_Firms25_0, 0.003, 0, 0.006, 0.003, 0.003, 0, 0.003, 0.001, 0.005
Node_Firms33_FirmA83_0, 0.033, 0, 0.013, 0.012, 0.033, 0, 0.033, 0.021, 0.012
Node_Firms33_FirmD1_0, 0.007, 0, 0.037, 0.005, 0.007, 0, 0.007, 0.007, 0
Node_Firms33_FirmD4_0, 0.044, 0, 0.005, 0.014, 0.044, 0, 0.044, 0.029, 0.016
Node_Firms33_Firms11_0, 0, 0, 0.004, 0.001, 0, 0, 0, 0, 0
Node_Firms33_Firms13_0, 0, 0, 0.001, 0.001, 0, 0, 0, 0, 0.001
Node_Firms33_Firms15_0, 0.001, 0, 0.001, 0.001, 0.001, 0, 0.001, 0, 0.002
Node_Firms33_Firms16_0, 0.002, 0, 0.002, 0.002, 0.002, 0, 0.002, 0.001, 0.003
Node_Firms33_Firms20_0, 0.001, 0, 0.002, 0.003, 0.001, 0, 0.001, 0.001, 0.001
Node_Firms33_Firms21_0, 0.002, 0, 0.003, 0.004, 0.002, 0, 0.002, 0.001, 0.003
Node_Firms33_Firms22_0, 0.004, 0, 0.001, 0.002, 0.004, 0, 0.004, 0.002, 0.003
Node_Firms33_Firms23_0, 0.002, 0, 0.005, 0.004, 0.002, 0, 0.002, 0.002, 0.003
Node_Firms33_Firms28_0, 0, 0, 0.004, 0.002, 0, 0, 0, 0, 0.002
Node_Firms33_Firms2_0, 0.001, 0, 0.001, 0.001, 0.001, 0, 0.001, 0, 0.002
Node_Firms33_Firms30_0, 0.002, 0, 0, 0, 0.002, 0, 0.002, 0.001, 0.001
Node_Firms33_Firms32_0, 0.004, 0, 0.002, 0.002, 0.004, 0, 0.004, 0.001, 0.005
Node_Firms33_Firms3_0, 0.002, 0, 0.001, 0.004, 0.002, 0, 0.002, 0, 0.003
Node_Firms33_Firms5_0, 0, 0, 0.003, 0.001, 0, 0, 0, 0, 0.001
Node_Firms33_Firms6_0, 0, 0, 0.007, 0.003, 0, 0, 0, 0, 0.001
Node_Firms33_Firms7_0, 0.002, 0, 0, 0.001, 0.002, 0, 0.002, 0, 0.002
Node_Firms33_Firms8_0, 0.006, 0, 0.003, 0.006, 0.006, 0, 0.006, 0.004, 0.002
Node_Firms33_Firms9_0, 0.002, 0, 0.004, 0.003, 0.002, 0, 0.002, 0, 0.004
Node_Firms8_Firms24_0, 0.001, 0, 0.004, 0.004, 0.001, 0, 0.001, 0.001, 0.002
Node_Firms8_Firms4_0, 0.003, 0, 0.02, 0.028, 0.003, 0, 0.003, 0.002, 0.017
Node_Gemm2_Gemm4_0, 1.011, 0.002, 0.315, 0.082, 0.999, 0, 1.011, 0.011, 1.004
Node_Gemm3_Gemm6_0, 1.006, 0.003, 0.007, 0.006, 1, 0, 1.006, 0.992, 0.012
Node_Gemm5_Gemm8_0, 0.131, 0.004, 0.026, 0.075, 0.127, 0, 0.131, 0.066, 0.065
Node_Gemm5_Gemm9_0, 0.093, 0, 0.083, 0.066, 0.093, 0, 0.093, 0.052, 0.045
Node_Gemm9_Gemm2_0, 0.32, 0.001, 0.008, 0.096, 0.318, 0, 0.32, 0.086, 0.234
Node_Gemm9_Gemm3_0, 0.998, 0, 0.012, 0.005, 0.995, 0, 0.998, 0.996, 0.003
Node_Gemm9_Gemm7_0, 1.007, 0.007, 0.015, 0.303, 0.997, 0, 1.007, 0.31, 0.695
Node_Gold1_FCPU1_0, 0.206, 0, 0.002, 0.011, 0.205, 0, 0.206, 0.04, 0.166
Node_Gold1_Fire1_0, 0.042, 0, 0.008, 0.009, 0.042, 0, 0.042, 0.014, 0.029
Node_Gold1_Gold2_0, 0.007, 0, 0.206, 0.019, 0.007, 0, 0.007, 0.006, 0.007
Node_Hydr2_Abys1_0, 0.238, 0, 0.008, 0.072, 0.237, 0, 0.238, 0.104, 0.134
Node_Hydr2_Hydr1_0, 0.026, 0.001, 0.221, 0.078, 0.026, 0, 0.026, 0.024, 0.008
Node_Hydr2_Plan43_0, 0.092, 0.001, 0.049, 0.035, 0.089, 0, 0.092, 0.057, 0.036
Node_Hydr2_Sume1_0, 0.112, 0.001, 0.028, 0.032, 0.112, 0, 0.112, 0.069, 0.047
Node_KSB1X2_KSB1X4_0, 0.006, 0, 0.101, 0.046, 0.006, 0, 0.006, 0.005, 0.002
Node_KSB1X3_KSB1X1_0, 0.263, 0.001, 0.177, 0.157, 0.255, 0, 0.263, 0.116, 0.153
Node_Late1_Late3_0, 1, 0.002, 0.007, 0.007, 0.996, 0, 1, 0.191, 0.809
Node_Late2_Late1_0, 0.196, 0, 0.019, 0.012, 0.196, 0, 0.196, 0.05, 0.146
Node_Lind1_Lind2_0, 0.173, 0, 0.013, 0.042, 0.172, 0, 0.173, 0.014, 0.171
Node_Lind1_Lind4_0, 0.015, 0, 0.02, 0.014, 0.015, 0, 0.015, 0.012, 0.003
Node_Marg1_Marg2_0, 0.143, 0.002, 0.529, 0.223, 0.142, 0, 0.143, 0.142, 0.002
Node_Marg1_Marg6_0, 0.02, 0.001, 0.128, 0.083, 0.02, 0, 0.02, 0.019, 0.004
Node_Marg2_Marg7_0, 0.03, 0, 0.12, 0.085, 0.029, 0, 0.03, 0.03, 0.007
Node_Mari3_Mari2_0, 0.259, 0, 0.019, 0.048, 0.257, 0, 0.259, 0.09, 0.171
Node_Mari3_Mari6_0, 0.107, 0.001, 0.249, 0.064, 0.103, 0, 0.107, 0.041, 0.069
Node_Mari6_Mari1_0, 0.005, 0, 0.01, 0.01, 0.005, 0, 0.005, 0.004, 0.006
Node_Mari6_Mari5_0, 0.009, 0, 0.102, 0.025, 0.009, 0, 0.009, 0.009, 0.004
Node_Meth2_Meth1_0, 0.405, 0.001, 0.231, 0.241, 0.401, 0, 0.405, 0.121, 0.287
Node_Meth4_Meth3_0, 1.002, 0, 0.017, 0.012, 1, 0, 1.002, 1, 0.005
Node_Meth5_Meth2_0, 0.348, 0.002, 1.028, 0.086, 0.323, 0, 0.348, 0.112, 0.235
Node_Meth5_Meth4_0, 1.014, 0.004, 0.126, 0.04, 0.999, 0, 1.014, 0.226, 0.788
Node_Meth5_NitsA1_0, 1.865, 0.005, 1.28, 0.516, 1, 0, 1.865, 1.841, 0.02
Node_Meth5_SZUA1_0, 1.139, 0.001, 0.077, 0.087, 0.998, 0, 1.139, 1.072, 0.069
Node_Meth5_Sche1_0, 1.146, 0, 0.744, 0.178, 0.997, 0, 1.146, 1.123, 0.025
Node_MyxA1_MyxA2_0, 0.019, 0, 0.048, 0.041, 0.019, 0, 0.019, 0.013, 0.008
Node_MyxA1_MyxA4_0, 0.059, 0, 1.182, 0.119, 0.059, 0, 0.059, 0.057, 0.006
Node_MyxA2_MyxA3_0, 0.005, 0, 0.022, 0.022, 0.005, 0, 0.005, 0.004, 0.008
Node_Myxo10_Bdell6_0, 1.431, 0.014, 1.381, 0.362, 0.992, 0, 1.431, 1.38, 0.032
Node_Myxo10_MyxA1_0, 1.235, 0.003, 0.285, 0.209, 0.988, 0, 1.235, 1.148, 0.086
Node_Myxo10_Myxo11_0, 1.333, 0.012, 0.093, 0.291, 0.993, 0, 1.333, 1.144, 0.179
Node_Myxo10_Myxo14_0, 1.332, 0.027, 0.055, 0.069, 1, 0, 1.332, 1.259, 0.027
Node_Myxo10_Myxo15_0, 0.063, 0.002, 0.952, 0.022, 0.062, 0, 0.063, 0.014, 0.05
Node_Myxo10_Myxo17_0, 0.963, 0, 0.382, 0.015, 0.947, 0, 0.963, 0.953, 0.013
Node_Myxo11_Bdell13_0, 0.364, 0.001, 0.995, 0.082, 0.35, 0, 0.364, 0.338, 0.025
Node_Myxo11_Myxo13_0, 1.001, 0, 0.016, 0.012, 0.999, 0, 1.001, 0.998, 0.008
Node_Myxo11_Myxo8_0, 1.009, 0.006, 0.05, 0.158, 0.998, 0, 1.009, 0.32, 0.689
Node_Myxo14_Myxo2_0, 1.002, 0.001, 0.35, 0.064, 0.853, 0, 1.002, 0.863, 0.138
Node_Myxo14_Myxo3_0, 1.325, 0, 0.025, 0.021, 0.999, 0, 1.325, 1.307, 0.018
Node_Myxo14_Myxo5_0, 1.252, 0.005, 0.075, 0.081, 1, 0, 1.252, 0.925, 0.32
Node_Myxo14_Myxo6_0, 1.02, 0.003, 0.238, 0.068, 1, 0, 1.02, 1.014, 0.003
Node_Myxo14_Myxo9_0, 1.213, 0, 0.226, 0.074, 0.88, 0, 1.213, 1.101, 0.114
Node_Myxo15_Myxo18_0, 0.212, 0, 0.01, 0.06, 0.208, 0, 0.212, 0.059, 0.159
Node_Myxo17_Myxo19_0, 0.958, 0, 0.017, 0.007, 0.954, 0, 0.958, 0.946, 0.012
Node_Myxo2_Myxo1_0, 0.262, 0.002, 0.937, 0.078, 0.259, 0, 0.262, 0.067, 0.195
Node_Myxo8_Myxo7_0, 1.001, 0.001, 0.018, 0.015, 1, 0, 1.001, 0.997, 0.009
Node_Nitr10_Nitr3_0, 0.012, 0, 0.029, 0.017, 0.012, 0, 0.012, 0.01, 0.003
Node_Nitr10_Nitr4_0, 0.038, 0, 0.194, 0.07, 0.038, 0, 0.038, 0.037, 0.005
Node_Nitr10_Nitr6_0, 0.004, 0, 0.013, 0.011, 0.004, 0, 0.004, 0.003, 0.005
Node_Nitr14_CG294X1_0, 2.578, 0.026, 0.604, 0.466, 1, 0, 2.578, 2.5, 0.036
Node_Nitr14_Meth5_0, 3.12, 0.045, 0.662, 0.528, 1, 0, 3.12, 3.025, 0.01
Node_Nitr14_Nitr12_0, 1.827, 0, 0.013, 0.01, 1, 0, 1.827, 1.795, 0.034
Node_Nitr14_Nitr13_0, 1.749, 0, 0.025, 0.016, 0.993, 0, 1.749, 1.74, 0.015
Node_Nitr14_Nitr15_0, 1.936, 0.009, 0.73, 0.695, 1, 0, 1.936, 1.851, 0.079
Node_Nitr14_Nitr16_0, 1.806, 0.002, 0.009, 0.012, 1, 0, 1.806, 1.742, 0.064
Node_Nitr14_Nitr2_0, 1.759, 0.001, 0.234, 0.062, 0.991, 0, 1.759, 1.069, 0.691
Node_Nitr14_Nitr9_0, 1.301, 0.001, 0.792, 0.107, 0.996, 0, 1.301, 1.144, 0.156
Node_Nitr15_Nitr10_0, 0.227, 0.004, 0.023, 0.178, 0.222, 0, 0.227, 0.106, 0.124
Node_Nitr15_Nitr1_0, 0.812, 0, 1.205, 0.124, 0.725, 0, 0.812, 0.733, 0.081
Node_Nitr15_Nitr8_0, 0.122, 0.002, 0.74, 0.094, 0.119, 0, 0.122, 0.073, 0.048
Node_Nitr16_Nitr11_0, 0.999, 0, 0.014, 0.032, 0.999, 0, 0.999, 0.999, 0.005
Node_Nitr16_Nitr17_0, 1.008, 0.004, 0.807, 0.008, 1, 0, 1.008, 0.999, 0.005
Node_Nitr17_Nitr5_0, 1.006, 0.004, 0.017, 0.013, 1, 0, 1.006, 0.996, 0.011
Node_Nitr9_Nitr7_0, 1.007, 0, 0.295, 0.043, 0.995, 0, 1.007, 1.007, 0.001
Node_Nits1_Nits3_0, 1.011, 0.003, 0.705, 0.014, 1, 0, 1.011, 0.913, 0.095
Node_Nits4_Nits2_0, 0.812, 0, 0.87, 0.069, 0.794, 0, 0.812, 0.784, 0.033
Node_NitsA1_NitsA2_0, 1.029, 0.007, 1.196, 0.181, 0.999, 0, 1.029, 0.646, 0.381
Node_NitsA1_NitsA3_0, 1.837, 0.099, 0.2, 0.248, 1, 0, 1.837, 1.567, 0.073
Node_NitsA3_Nits1_0, 1.618, 0.001, 0.066, 0.038, 1, 0, 1.618, 1.585, 0.034
Node_NitsA3_Nits4_0, 1.649, 0.467, 0.664, 0.16, 1, 0, 1.649, 0.709, 0.009
Node_Omni4_Omni2_0, 0.001, 0, 0.006, 0.009, 0.001, 0, 0.001, 0.001, 0.006
Node_Omni4_Omni3_0, 0.003, 0, 0.047, 0.004, 0.003, 0, 0.003, 0.003, 0.001
Node_Omni4_Omni7_0, 0.001, 0, 0.005, 0.004, 0.001, 0, 0.001, 0.001, 0.003
Node_Omni4_Omni8_0, 0.049, 0, 0.003, 0.001, 0.047, 0, 0.049, 0.018, 0.031
Node_Omni8_Omni6_0, 0.192, 0, 0.013, 0.015, 0.192, 0, 0.192, 0.042, 0.156
Node_P4572X1_Ferm1_0, 0.204, 0.018, 0.016, 0.066, 0.184, 0, 0.204, 0.139, 0.033
Node_P4572X1_Gemm5_0, 0.088, 0.004, 0.139, 0.069, 0.085, 0, 0.088, 0.067, 0.019
Node_Pate13_Pate34_0, 0.004, 0, 0.007, 0.006, 0.004, 0, 0.004, 0.001, 0.009
Node_Pate13_Pate6_0, 0.002, 0, 0.008, 0.005, 0.002, 0, 0.002, 0.001, 0.004
Node_Pate14_Pate35_0, 0.26, 0, 0.005, 0.004, 0.258, 0, 0.26, 0.067, 0.196
Node_Pate14_Pate5_0, 0.069, 0, 0.009, 0.007, 0.069, 0, 0.069, 0.011, 0.061
Node_Pate15_Pate29_0, 0.006, 0, 0.007, 0.008, 0.006, 0, 0.006, 0.003, 0.01
Node_Pate17_Pate18_0, 0.004, 0, 0.003, 0.005, 0.004, 0, 0.004, 0.002, 0.004
Node_Pate17_Pate19_0, 0.003, 0, 0.005, 0.006, 0.003, 0, 0.003, 0.002, 0.002
Node_Pate17_Pate8_0, 0.002, 0, 0.004, 0.002, 0.002, 0, 0.002, 0.001, 0.002
Node_Pate18_Pate38_0, 0.003, 0, 0.006, 0.008, 0.003, 0, 0.003, 0, 0.007
Node_Pate18_Pate9_0, 0.002, 0, 0.006, 0.007, 0.002, 0, 0.002, 0.001, 0.004
Node_Pate19_Pate37_0, 0.005, 0.001, 0.005, 0.009, 0.004, 0, 0.005, 0, 0.007
Node_Pate19_Pate4_0, 0.002, 0, 0.003, 0.002, 0.002, 0, 0.002, 0.001, 0.002
Node_Pate1_Pate50_0, 0.003, 0, 0.015, 0.012, 0.003, 0, 0.003, 0.001, 0.003
Node_Pate21_Pate15_0, 0.003, 0, 0.009, 0.005, 0.003, 0, 0.003, 0.002, 0.002
Node_Pate21_Pate26_0, 0.01, 0, 0.02, 0.017, 0.01, 0, 0.01, 0.009, 0.003
Node_Pate24_Pate13_0, 0.006, 0, 0.017, 0.003, 0.006, 0, 0.006, 0.002, 0.006
Node_Pate24_Pate14_0, 0.017, 0, 0.011, 0.011, 0.017, 0, 0.017, 0.006, 0.013
Node_Pate24_Pate39_0, 0.005, 0, 0.006, 0.006, 0.005, 0, 0.005, 0, 0.008
Node_Pate24_Pate54_0, 0.003, 0, 0.005, 0.004, 0.003, 0, 0.003, 0.002, 0.002
Node_Pate25_Pate17_0, 0.006, 0, 0.025, 0.025, 0.006, 0, 0.006, 0.006, 0.002
Node_Pate25_Pate28_0, 0.003, 0, 0.014, 0.013, 0.003, 0, 0.003, 0, 0.011
Node_Pate25_Pate32_0, 0.029, 0, 0.033, 0.039, 0.028, 0, 0.029, 0.028, 0.002
Node_Pate26_Pate12_0, 0.003, 0, 0.016, 0.014, 0.003, 0, 0.003, 0.003, 0.009
Node_Pate40_Pate24_0, 0.015, 0, 0.023, 0.017, 0.015, 0, 0.015, 0.007, 0.012
Node_Pate40_Pate55_0, 0.004, 0, 0.015, 0.008, 0.004, 0, 0.004, 0.002, 0.004
Node_Pate40_Pate7_0, 0.026, 0, 0.053, 0.038, 0.026, 0, 0.026, 0.024, 0.002
Node_Pate43_Pate22_0, 0.024, 0, 0.047, 0.047, 0.024, 0, 0.024, 0.022, 0.003
Node_Pate43_Pate3_0, 0.005, 0, 0.021, 0.017, 0.005, 0, 0.005, 0.004, 0.002
Node_Pate43_Pate44_0, 0.003, 0, 0.008, 0.01, 0.003, 0, 0.003, 0.001, 0.006
Node_Pate43_Pate45_0, 0.068, 0.001, 0.066, 0.072, 0.065, 0, 0.068, 0.064, 0.002
Node_Pate43_Pate57_0, 0.005, 0, 0.004, 0.003, 0.005, 0, 0.005, 0.001, 0.006
Node_Pate44_Pate10_0, 0.004, 0, 0.005, 0.005, 0.004, 0, 0.004, 0, 0.005
Node_Pate44_Pate52_0, 0.004, 0, 0.006, 0.005, 0.004, 0, 0.004, 0.001, 0.007
Node_Pate45_Pate11_0, 0.008, 0, 0.026, 0.021, 0.008, 0, 0.008, 0.007, 0.007
Node_Pate45_Pate21_0, 0.027, 0, 0.043, 0.046, 0.027, 0, 0.027, 0.026, 0.002
Node_Pate46_Pate25_0, 0.06, 0.003, 0.111, 0.091, 0.059, 0, 0.06, 0.056, 0.002
Node_Pate48_Chlo30_0, 1.057, 0.009, 0.038, 0.067, 0.991, 0, 1.057, 1.019, 0.021
Node_Pate48_Pate1_0, 0.015, 0, 0.038, 0.012, 0.015, 0, 0.015, 0.014, 0.003
Node_Pate48_Pate23_0, 0.192, 0.005, 0.872, 0.184, 0.183, 0, 0.192, 0.182, 0.002
Node_Pate48_Pate30_0, 0.045, 0, 0.041, 0.066, 0.044, 0, 0.045, 0.038, 0.009
Node_Pate48_Pate40_0, 0.077, 0, 0.066, 0.083, 0.075, 0, 0.077, 0.067, 0.012
Node_Pate48_Pate43_0, 0.131, 0.002, 0.051, 0.104, 0.127, 0, 0.131, 0.114, 0.014
Node_Pate48_Pate46_0, 0.166, 0.008, 0.039, 0.137, 0.157, 0, 0.166, 0.15, 0.005
Node_Pate48_Pate49_0, 0.003, 0, 0.014, 0.006, 0.003, 0, 0.003, 0.002, 0.002
Node_Pate48_Pate51_0, 0.005, 0, 0.003, 0.002, 0.005, 0, 0.005, 0.001, 0.005
Node_Pate48_Pate56_0, 0.05, 0, 0.009, 0.043, 0.05, 0, 0.05, 0.038, 0.014
Node_Pate49_Pate41_0, 0.003, 0, 0.003, 0.003, 0.003, 0, 0.003, 0.001, 0.003
Node_Pate51_Pate27_0, 0.001, 0, 0.005, 0.005, 0.001, 0, 0.001, 0, 0.005
Node_Pate51_Pate33_0, 0.003, 0, 0.004, 0.002, 0.003, 0, 0.003, 0.001, 0.002
Node_Pate51_Pate53_0, 0.001, 0, 0.003, 0.002, 0.001, 0, 0.001, 0.001, 0.001
Node_Pate54_Pate31_0, 0.001, 0, 0.003, 0.003, 0.001, 0, 0.001, 0, 0.001
Node_Pate9_Pate36_0, 0.001, 0, 0.005, 0.006, 0.001, 0, 0.001, 0.001, 0.004
Node_Plan17_Plan23_0, 0.002, 0, 0.005, 0.007, 0.002, 0, 0.002, 0, 0.005
Node_Plan22_Plan2_0, 0.35, 0.001, 0.01, 0.11, 0.35, 0, 0.35, 0.098, 0.258
Node_Plan22_Plan4_0, 0.101, 0, 0.221, 0.031, 0.101, 0, 0.101, 0.031, 0.073
Node_Plan26_Plan21_0, 0.003, 0, 0.059, 0.006, 0.003, 0, 0.003, 0.001, 0.004
Node_Plan26_Plan5_0, 0.001, 0, 0.004, 0.005, 0.001, 0, 0.001, 0.001, 0.002
Node_Plan30_Plan14_0, 1.215, 0, 0.016, 0.009, 0.999, 0, 1.215, 1.059, 0.158
Node_Plan31_Plan17_0, 0.002, 0, 0.001, 0.001, 0.002, 0, 0.002, 0, 0.003
Node_Plan31_Plan18_0, 0.002, 0, 0.009, 0.004, 0.002, 0, 0.002, 0, 0.004
Node_Plan31_Plan27_0, 0, 0, 0.003, 0.004, 0, 0, 0, 0, 0.001
Node_Plan31_Plan39_0, 0.002, 0, 0.005, 0.005, 0.002, 0, 0.002, 0, 0.005
Node_Plan32_Plan12_0, 1.006, 0, 0.012, 0.013, 1, 0, 1.006, 1.005, 0.004
Node_Plan32_Plan22_0, 0.249, 0, 0.005, 0.018, 0.236, 0, 0.249, 0.057, 0.196
Node_Plan32_Plan26_0, 0.058, 0, 0.009, 0.01, 0.057, 0, 0.058, 0.017, 0.042
Node_Plan32_Plan30_0, 1.073, 0.009, 0.031, 0.021, 0.997, 0, 1.073, 0.22, 0.846
Node_Plan32_Plan3_0, 1.014, 0.003, 0.072, 0.021, 1, 0, 1.014, 1.002, 0.01
Node_Plan33_Plan44_0, 0.005, 0, 0.025, 0.014, 0.005, 0, 0.005, 0.003, 0.005
Node_Plan42_Plan40_0, 0.031, 0, 0.268, 0.059, 0.031, 0, 0.031, 0.031, 0.002
Node_Plan43_Plan16_0, 0.08, 0.001, 0.003, 0.02, 0.08, 0, 0.08, 0.025, 0.057
Node_Plan43_Plan31_0, 0.007, 0, 0.01, 0.01, 0.007, 0, 0.007, 0.003, 0.007
Node_Plan43_Plan32_0, 0.025, 0, 0.004, 0.008, 0.025, 0, 0.025, 0.005, 0.022
Node_Plan43_Plan33_0, 0.025, 0, 0.019, 0.01, 0.025, 0, 0.025, 0.007, 0.019
Node_Plan43_Plan42_0, 0.297, 0, 0.004, 0.084, 0.297, 0, 0.297, 0.08, 0.221
Node_Plan43_Plan7_0, 0.01, 0, 0.03, 0.01, 0.01, 0, 0.01, 0.008, 0.002
Node_Plan43_Verr11_0, 0.038, 0.001, 0.059, 0.022, 0.037, 0, 0.038, 0.032, 0.004
Node_Pori1_Pori2_0, 1.008, 0.007, 0.038, 0.416, 1, 0, 1.008, 0.103, 0.916
Node_ProtA11_ProtA32_0, 0.001, 0, 0.007, 0.005, 0.001, 0, 0.001, 0, 0.003
Node_ProtA12_ProtA44_0, 0.003, 0, 0.005, 0.005, 0.003, 0, 0.003, 0.001, 0.005
Node_ProtA12_ProtA54_0, 0.002, 0, 0.007, 0.006, 0.002, 0, 0.002, 0, 0.006
Node_ProtA13_ProtA24_0, 0.001, 0, 0.005, 0.005, 0.001, 0, 0.001, 0, 0.004
Node_ProtA13_ProtA61_0, 0.001, 0, 0.004, 0.003, 0.001, 0, 0.001, 0, 0.004
Node_ProtA13_ProtA77_0, 0.002, 0, 0.005, 0.002, 0.002, 0, 0.002, 0, 0.004
Node_ProtA13_ProtA7_0, 0.002, 0, 0.003, 0.003, 0.002, 0, 0.002, 0, 0.003
Node_ProtA15_ProtA42_0, 0.002, 0, 0.004, 0.004, 0.002, 0, 0.002, 0, 0.004
Node_ProtA15_ProtA70_0, 0.002, 0, 0.003, 0.003, 0.002, 0, 0.002, 0, 0.003
Node_ProtA16_ProtA33_0, 0.002, 0, 0.009, 0.01, 0.002, 0, 0.002, 0.001, 0.009
Node_ProtA16_ProtA66_0, 0.002, 0, 0.002, 0.002, 0.002, 0, 0.002, 0.001, 0.002
Node_ProtA16_ProtA69_0, 0.004, 0, 0.002, 0, 0.004, 0, 0.004, 0, 0.004
Node_ProtA16_ProtA8_0, 0.002, 0, 0.006, 0.005, 0.002, 0, 0.002, 0.001, 0.004
Node_ProtA18_ProtA10_0, 0.004, 0, 0.006, 0.006, 0.004, 0, 0.004, 0, 0.007
Node_ProtA18_ProtA19_0, 0.002, 0, 0.008, 0.007, 0.002, 0, 0.002, 0.001, 0.005
Node_ProtA18_ProtA29_0, 0.003, 0, 0.008, 0.006, 0.003, 0, 0.003, 0.001, 0.007
Node_ProtA18_ProtA53_0, 0.004, 0, 0.002, 0.001, 0.004, 0, 0.004, 0.001, 0.004
Node_ProtA19_ProtA14_0, 0.004, 0, 0.006, 0.006, 0.004, 0, 0.004, 0.001, 0.007
Node_ProtA19_ProtA20_0, 0.003, 0, 0.004, 0.003, 0.003, 0, 0.003, 0.001, 0.005
Node_ProtA19_ProtA3_0, 0.005, 0, 0.005, 0.005, 0.005, 0, 0.005, 0.002, 0.006
Node_ProtA19_ProtA46_0, 0.003, 0, 0.003, 0.006, 0.003, 0, 0.003, 0, 0.005
Node_ProtA19_ProtA49_0, 0.002, 0, 0.006, 0.006, 0.002, 0, 0.002, 0, 0.005
Node_ProtA19_ProtA56_0, 0.002, 0, 0.003, 0, 0.002, 0, 0.002, 0, 0.002
Node_ProtA19_ProtA68_0, 0.005, 0, 0.004, 0.008, 0.005, 0, 0.005, 0.001, 0.004
Node_ProtA19_ProtA74_0, 0.001, 0, 0.009, 0.008, 0.001, 0, 0.001, 0.001, 0.005
Node_ProtA19_ProtA75_0, 0.003, 0, 0.003, 0.003, 0.003, 0, 0.003, 0.001, 0.004
Node_ProtA20_ProtA11_0, 0.005, 0, 0.003, 0.004, 0.005, 0, 0.005, 0.001, 0.005
Node_ProtA20_ProtA5_0, 0, 0, 0.005, 0.005, 0, 0, 0, 0, 0
Node_ProtA26_ProtA37_0, 0.003, 0, 0.007, 0.008, 0.003, 0, 0.003, 0.001, 0.006
Node_ProtA26_ProtA45_0, 0.004, 0, 0.011, 0.008, 0.004, 0, 0.004, 0.004, 0.003
Node_ProtA27_ProtA21_0, 0.002, 0, 0.002, 0.005, 0.002, 0, 0.002, 0, 0.003
Node_ProtA30_ProtA35_0, 0.002, 0, 0.008, 0.008, 0.002, 0, 0.002, 0.001, 0.007
Node_ProtA34_Acid38_0, 0.288, 0.095, 0.003, 0.086, 0.174, 0.057, 0.288, 0.123, 0.005
Node_ProtA34_Chry1_0, 0.134, 0.011, 0.002, 0.027, 0.115, 0.03, 0.134, 0.11, 0.002
Node_ProtA34_DesuB4_0, 3.948, 0.111, 0.429, 1.92, 1, 0, 3.948, 3.737, 0.014
Node_ProtA34_DesuC2_0, 2.917, 0.07, 1.125, 0.699, 1, 0, 2.917, 2.766, 0.024
Node_ProtA34_J088X1_0, 2.184, 0.044, 0.804, 0.779, 1, 0, 2.184, 2.083, 0.027
Node_ProtA34_Nitr14_0, 3.727, 2.602, 0.037, 1.894, 1, 0.056, 3.727, 0.13, 0.818
Node_ProtA34_ProtA13_0, 0.003, 0, 0.003, 0.004, 0.003, 0, 0.003, 0, 0.004
Node_ProtA34_ProtA16_0, 0.002, 0, 0.003, 0.003, 0.002, 0, 0.002, 0.001, 0.003
Node_ProtA34_ProtA18_0, 0.005, 0, 0.003, 0.002, 0.005, 0, 0.005, 0.002, 0.005
Node_ProtA34_ProtA26_0, 0.012, 0, 0.032, 0.013, 0.012, 0, 0.012, 0.011, 0.002
Node_ProtA34_ProtA38_0, 0.002, 0, 0.008, 0.007, 0.002, 0, 0.002, 0, 0.005
Node_ProtA34_ProtA39_0, 0.003, 0, 0.009, 0.002, 0.003, 0, 0.003, 0.003, 0
Node_ProtA34_ProtA40_0, 0.006, 0, 0.005, 0.009, 0.006, 0, 0.006, 0.003, 0.008
Node_ProtA34_ProtA43_0, 0.002, 0, 0.006, 0.005, 0.002, 0, 0.002, 0.001, 0.002
Node_ProtA34_ProtA9_0, 0.042, 0, 0.182, 0.08, 0.042, 0, 0.042, 0.039, 0.006
Node_ProtA34_ProtG30_0, 1.992, 0.017, 0.247, 0.617, 1, 0, 1.992, 1.926, 0.038
Node_ProtA34_ProtM1_0, 1.021, 0.009, 0.983, 0.571, 0.86, 0, 1.021, 1.003, 0.003
Node_ProtA34_SAR3X2_0, 3.79, 0.169, 0.119, 0.648, 1, 0, 3.79, 3.469, 0.013
Node_ProtA34_SM23X1_0, 0.093, 0.007, 0.008, 0.02, 0.085, 0.021, 0.093, 0.08, 0
Node_ProtA34_Spir10_0, 0.073, 0.001, 0.024, 0.02, 0.071, 0.011, 0.073, 0.071, 0
Node_ProtA34_UBA2X1_0, 4.252, 0.472, 0.041, 0.798, 1, 0, 4.252, 3.384, 0.031
Node_ProtA34_Wall1_0, 0.085, 0.001, 0, 0.018, 0.084, 0.084, 0.085, 0.083, 0
Node_ProtA34_mitoFungi_0, 0.218, 0, 0.804, 0.283, 0.208, 0, 0.218, 0.218, 0.001
Node_ProtA38_ProtA15_0, 0.002, 0, 0.003, 0.001, 0.002, 0, 0.002, 0, 0.003
Node_ProtA38_ProtA41_0, 0.001, 0, 0.006, 0.007, 0.001, 0, 0.001, 0.001, 0.003
Node_ProtA38_ProtA64_0, 0.004, 0, 0.003, 0.002, 0.004, 0, 0.004, 0, 0.005
Node_ProtA39_ProtA12_0, 0.003, 0, 0.003, 0.003, 0.003, 0, 0.003, 0, 0.003
Node_ProtA39_ProtA27_0, 0.001, 0, 0.007, 0.007, 0.001, 0, 0.001, 0.001, 0.005
Node_ProtA39_ProtA30_0, 0.003, 0, 0.003, 0.003, 0.003, 0, 0.003, 0, 0.005
Node_ProtA39_ProtA36_0, 0.002, 0, 0.004, 0.003, 0.002, 0, 0.002, 0.001, 0.003
Node_ProtA3_ProtA72_0, 0, 0, 0.004, 0.001, 0, 0, 0, 0, 0.001
Node_ProtA3_ProtA76_0, 0.003, 0, 0.006, 0.01, 0.003, 0, 0.003, 0.002, 0.004
Node_ProtA40_ProtA67_0, 0, 0, 0.009, 0.006, 0, 0, 0, 0, 0.003
Node_ProtA46_ProtA55_0, 0.002, 0, 0.004, 0.003, 0.002, 0, 0.002, 0, 0.003
Node_ProtA47_ProtA63_0, 0, 0, 0.001, 0.001, 0, 0, 0, 0, 0
Node_ProtA53_ProtA58_0, 0, 0, 0.008, 0.01, 0, 0, 0, 0, 0.004
Node_ProtA56_ProtA52_0, 0.002, 0, 0.006, 0.004, 0.002, 0, 0.002, 0, 0.006
Node_ProtA68_ProtA2_0, 0.001, 0, 0.008, 0.005, 0.001, 0, 0.001, 0.001, 0.004
Node_ProtA69_ProtA50_0, 0.002, 0, 0.011, 0.01, 0.002, 0, 0.002, 0.001, 0.009
Node_ProtA70_ProtA57_0, 0.001, 0, 0.004, 0.002, 0.001, 0, 0.001, 0, 0.003
Node_ProtA76_ProtA47_0, 0.001, 0, 0.006, 0.008, 0.001, 0, 0.001, 0, 0.006
Node_ProtA76_ProtA48_0, 0.001, 0, 0.006, 0.009, 0.001, 0, 0.001, 0, 0.004
Node_ProtA76_ProtA62_0, 0.001, 0, 0.003, 0.002, 0.001, 0, 0.001, 0, 0.003
Node_ProtA76_ProtA71_0, 0.004, 0, 0.002, 0.002, 0.004, 0, 0.004, 0.001, 0.005
Node_ProtA77_ProtA31_0, 0.003, 0, 0.005, 0.004, 0.003, 0, 0.003, 0, 0.006
Node_ProtA77_ProtA51_0, 0, 0, 0.006, 0.005, 0, 0, 0, 0, 0.003
Node_ProtA9_ProtA60_0, 0.006, 0, 0.039, 0.017, 0.006, 0, 0.006, 0.006, 0.003
Node_ProtG12_ProtG5_0, 0.005, 0, 0.005, 0.005, 0.005, 0, 0.005, 0.002, 0.007
Node_ProtG16_ProtG17_0, 1.135, 0.005, 0.172, 0.249, 0.927, 0, 1.135, 0.936, 0.194
Node_ProtG18_ProtG10_0, 0.004, 0, 0.007, 0.004, 0.004, 0, 0.004, 0.002, 0.003
Node_ProtG18_ProtG12_0, 0.003, 0, 0.005, 0.006, 0.003, 0, 0.003, 0.002, 0.004
Node_ProtG18_ProtG14_0, 0.008, 0, 0.015, 0.012, 0.008, 0, 0.008, 0.006, 0.003
Node_ProtG18_ProtG21_0, 0.002, 0, 0.006, 0.006, 0.002, 0, 0.002, 0.001, 0.005
Node_ProtG24_ProtG18_0, 0.02, 0, 1.099, 0.03, 0.02, 0, 0.02, 0.017, 0.005
Node_ProtG25_ProtG9_0, 0.612, 0.003, 0.542, 0.095, 0.522, 0, 0.612, 0.311, 0.302
Node_ProtG29_ProtG76_0, 0.01, 0, 0.021, 0.014, 0.01, 0, 0.01, 0.009, 0.002
Node_ProtG30_ProtG19_0, 0.003, 0, 0.007, 0.006, 0.003, 0, 0.003, 0, 0.007
Node_ProtG30_ProtG31_0, 2.344, 0.91, 0.017, 0.519, 1, 0, 2.344, 0.82, 0.047
Node_ProtG30_ProtG34_0, 1.865, 0.007, 0.492, 0.338, 0.987, 0, 1.865, 1.85, 0.006
Node_ProtG30_ProtG35_0, 1.508, 0.023, 0.411, 0.347, 0.96, 0, 1.508, 1.44, 0.031
Node_ProtG30_ProtG39_0, 0.003, 0, 0.01, 0.007, 0.003, 0, 0.003, 0.002, 0.004
Node_ProtG30_ProtG42_0, 1.286, 0.274, 0.04, 0.507, 0.998, 0, 1.286, 0.754, 0.007
Node_ProtG30_ProtG49_0, 0.144, 0, 0.826, 0.173, 0.142, 0, 0.144, 0.143, 0.002
Node_ProtG30_ProtG50_0, 1.404, 0.129, 0.023, 0.226, 0.998, 0, 1.404, 1.157, 0.012
Node_ProtG30_ProtG64_0, 0.009, 0, 0.049, 0.029, 0.009, 0, 0.009, 0.008, 0.009
Node_ProtG30_ProtG71_0, 1.009, 0, 1.014, 0.02, 1, 0, 1.009, 0.831, 0.179
Node_ProtG30_ProtG80_0, 1.006, 0, 0.004, 0.004, 1, 0, 1.006, 1.005, 0.001
Node_ProtG30_ProtG84_0, 0.968, 0.003, 0.552, 0.208, 0.729, 0, 0.968, 0.958, 0.009
Node_ProtG30_ProtG85_0, 1.045, 0.057, 0.024, 1.212, 1, 0, 1.045, 0.944, 0.006
Node_ProtG30_ProtG87_0, 0.049, 0, 0.098, 0.05, 0.049, 0, 0.049, 0.046, 0.003
Node_ProtG30_ProtZ3_0, 1.844, 0.016, 0.043, 0.036, 0.999, 0, 1.844, 1.812, 0
Node_ProtG30_ProtZ5_0, 1.871, 0.006, 0.131, 0.328, 1, 0, 1.871, 1.859, 0.004
Node_ProtG31_ProtG16_0, 1.108, 0.006, 0.036, 0.178, 0.904, 0, 1.108, 0.969, 0.134
Node_ProtG31_ProtG32_0, 3.543, 1.134, 0.043, 0.679, 1, 0, 3.543, 1.552, 0.108
Node_ProtG31_ProtG36_0, 1.976, 0.032, 0.855, 0.372, 0.995, 0, 1.976, 1.862, 0.054
Node_ProtG31_ProtG44_0, 0.653, 0.006, 0.755, 0.187, 0.562, 0, 0.653, 0.355, 0.294
Node_ProtG31_ProtG45_0, 2.745, 0.025, 0.878, 0.528, 0.999, 0, 2.745, 2.642, 0.055
Node_ProtG31_ProtG47_0, 1.004, 0.003, 0.241, 0.185, 0.891, 0, 1.004, 0.972, 0.031
Node_ProtG31_ProtG61_0, 1.211, 0.055, 0.906, 0.194, 0.994, 0, 1.211, 1.022, 0.086
Node_ProtG32_ProtG26_0, 1.337, 0.01, 0.832, 0.189, 1, 0, 1.337, 1.018, 0.308
Node_ProtG32_ProtG33_0, 2.959, 0.177, 0.808, 0.375, 0.999, 0, 2.959, 2.622, 0.047
Node_ProtG32_ProtG37_0, 2.468, 0.084, 0.65, 0.155, 0.999, 0, 2.468, 2.23, 0.075
Node_ProtG32_ProtG43_0, 1.851, 0.253, 1.096, 0.2, 0.973, 0, 1.851, 1.224, 0.226
Node_ProtG33_ProtG48_0, 1.637, 0.002, 0.838, 0.277, 0.971, 0, 1.637, 1.607, 0.029
Node_ProtG33_ProtG67_0, 2.444, 0.01, 0.591, 0.297, 0.999, 0, 2.444, 2.367, 0.066
Node_ProtG33_ProtG7_0, 1.029, 0.003, 0.741, 0.15, 0.999, 0, 1.029, 0.897, 0.13
Node_ProtG35_ProtG81_0, 1.404, 0.022, 0.185, 0.626, 0.966, 0, 1.404, 1.312, 0.059
Node_ProtG36_ProtG20_0, 1.094, 0, 0.067, 0.035, 0.857, 0, 1.094, 1.046, 0.05
Node_ProtG36_ProtG24_0, 1.114, 0, 0.217, 0.07, 0.841, 0, 1.114, 1.106, 0.01
Node_ProtG36_ProtG38_0, 1.321, 0.004, 0.731, 0.224, 0.896, 0, 1.321, 1.249, 0.072
Node_ProtG36_ProtG65_0, 1.111, 0, 0.03, 0.035, 0.836, 0, 1.111, 1.087, 0.027
Node_ProtG37_ProtG41_0, 1.394, 0.262, 0.021, 0.046, 1, 0, 1.394, 0.841, 0.032
Node_ProtG37_ProtG51_0, 1.307, 0.004, 0.111, 0.152, 1, 0, 1.307, 1.284, 0.02
Node_ProtG37_ProtG53_0, 1.487, 0.083, 1.104, 0.178, 1, 0, 1.487, 1.296, 0.04
Node_ProtG37_ProtG8_0, 1.121, 0.01, 0.392, 0.055, 1, 0, 1.121, 1.088, 0.016
Node_ProtG38_ProtG28_0, 1.091, 0.001, 0.388, 0.07, 0.862, 0, 1.091, 0.933, 0.157
Node_ProtG38_ProtG46_0, 1.054, 0.002, 0.212, 0.079, 0.875, 0, 1.054, 0.884, 0.173
Node_ProtG39_ProtG15_0, 0.004, 0, 0.003, 0.004, 0.004, 0, 0.004, 0.002, 0.004
Node_ProtG41_ProtG40_0, 1.207, 0, 0.329, 0.058, 0.958, 0, 1.207, 1.068, 0.142
Node_ProtG42_ProtG74_0, 0.465, 0.002, 0.883, 0.3, 0.436, 0, 0.465, 0.404, 0.06
Node_ProtG43_ProtG55_0, 1.438, 0, 0.506, 0.098, 0.962, 0, 1.438, 1.348, 0.093
Node_ProtG44_ProtG22_0, 0.563, 0.003, 0.442, 0.107, 0.529, 0, 0.563, 0.211, 0.349
Node_ProtG45_ProtG66_0, 1.453, 0.013, 1.451, 0.473, 0.994, 0, 1.453, 1.288, 0.146
Node_ProtG45_ProtG75_0, 1.481, 0.002, 0.055, 0.341, 0.996, 0, 1.481, 1.398, 0.081
Node_ProtG47_ProtG62_0, 0.085, 0.001, 0.927, 0.176, 0.085, 0, 0.085, 0.08, 0.007
Node_ProtG48_ProtG1_0, 0.698, 0, 0.981, 0.094, 0.62, 0, 0.698, 0.657, 0.042
Node_ProtG48_ProtG25_0, 0.849, 0.002, 0.043, 0.047, 0.701, 0, 0.849, 0.655, 0.192
Node_ProtG48_ProtG6_0, 0.929, 0.001, 0.169, 0.042, 0.78, 0, 0.929, 0.683, 0.248
Node_ProtG49_ProtG29_0, 0.029, 0, 0.117, 0.06, 0.029, 0, 0.029, 0.029, 0.002
Node_ProtG53_ProtG27_0, 1.519, 0.003, 0.129, 0.134, 0.982, 0, 1.519, 1.358, 0.158
Node_ProtG53_ProtG70_0, 1.249, 0.001, 0.41, 0.125, 0.973, 0, 1.249, 1.111, 0.139
Node_ProtG58_ProtG59_0, 1.011, 0.005, 0.902, 0.08, 1, 0, 1.011, 0.91, 0.095
Node_ProtG59_ProtG73_0, 1.003, 0.002, 0.012, 0.007, 1, 0, 1.003, 0.998, 0.002
Node_ProtG61_ProtG60_0, 1.006, 0.003, 0.013, 0.039, 1, 0, 1.006, 0.96, 0.044
Node_ProtG61_ProtG72_0, 1.072, 0.003, 0.166, 0.094, 1, 0, 1.072, 1.044, 0.024
Node_ProtG61_ProtG78_0, 0.972, 0.001, 0.112, 0.07, 0.962, 0, 0.972, 0.963, 0.011
Node_ProtG62_ProtG77_0, 1.02, 0.003, 0.069, 0.084, 1, 0, 1.02, 0.02, 1.001
Node_ProtG65_ProtG69_0, 0.179, 0.001, 1.055, 0.047, 0.179, 0, 0.179, 0.063, 0.122
Node_ProtG66_ProtG68_0, 1.01, 0.001, 0.478, 0.045, 1, 0, 1.01, 0.98, 0.034
Node_ProtG67_ProtG63_0, 1.507, 0.007, 1.003, 0.417, 0.958, 0, 1.507, 1.441, 0.059
Node_ProtG80_ProtG57_0, 1.002, 0.001, 0.014, 0.013, 1, 0, 1.002, 0.999, 0.009
Node_ProtG81_ProtG79_0, 1.397, 0.001, 0.045, 0.221, 0.96, 0, 1.397, 1.362, 0.037
Node_ProtG83_ProtG52_0, 1.045, 0.001, 0.003, 0.023, 0.769, 0, 1.045, 0.955, 0.089
Node_ProtG83_ProtG89_0, 0.958, 0, 0.03, 0.03, 0.748, 0, 0.958, 0.946, 0.016
Node_ProtG84_ProtG11_0, 0.781, 0, 0.219, 0.026, 0.778, 0, 0.781, 0.755, 0.028
Node_ProtG84_ProtG83_0, 0.972, 0.01, 0.025, 0.138, 0.757, 0, 0.972, 0.892, 0.07
Node_ProtG84_ProtG90_0, 0.917, 0.002, 0.074, 0.127, 0.709, 0, 0.917, 0.896, 0.021
Node_ProtG85_ProtG56_0, 1.009, 0.002, 0.858, 0.005, 1, 0, 1.009, 0.965, 0.044
Node_ProtG85_ProtG58_0, 1.813, 0.795, 0.041, 0.273, 1, 0, 1.813, 0.22, 0.014
Node_ProtG85_ProtG86_0, 1.006, 0.005, 0.012, 0.006, 1, 0, 1.006, 0.995, 0.004
Node_ProtG85_ProtG88_0, 1.821, 0.006, 0.023, 0.026, 1, 0, 1.821, 1.787, 0.025
Node_ProtG85_ProtG91_0, 1.004, 0.001, 0.007, 0.005, 1, 0, 1.004, 1, 0.004
Node_ProtG86_ProtG82_0, 1.003, 0.005, 0.019, 0.33, 0.999, 0, 1.003, 0.994, 0.011
Node_ProtG87_ProtG3_0, 0.001, 0, 0.015, 0.01, 0.001, 0, 0.001, 0.001, 0.002
Node_ProtG87_ProtG4_0, 0.014, 0, 0.042, 0.026, 0.014, 0, 0.014, 0.012, 0.007
Node_ProtG89_ProtG13_0, 0.008, 0, 0.954, 0.019, 0.008, 0, 0.008, 0.005, 0.004
Node_ProtG90_ProtG54_0, 0.046, 0, 0.875, 0.156, 0.046, 0, 0.046, 0.045, 0.004
Node_ProtM1_ProtM2_0, 1.096, 0, 0.014, 0.01, 1, 0, 1.096, 1.076, 0.024
Node_ProtM1_ProtM3_0, 1.086, 0.088, 0.21, 0.331, 0.985, 0, 1.086, 0.767, 0.187
Node_ProtZ1_ProtZ4_0, 1.003, 0.002, 0.144, 0.018, 1, 0, 1.003, 0.986, 0.019
Node_ProtZ3_ProtZ1_0, 1.126, 0, 0.006, 0.006, 1, 0, 1.126, 1.121, 0.01
Node_ProtZ3_ProtZ2_0, 1.122, 0.106, 0.857, 0.036, 0.999, 0, 1.122, 0.902, 0.029
Node_SAR3X2_BMS3X1_0, 0.453, 0.007, 3.346, 0.959, 0.377, 0, 0.453, 0.444, 0.002
Node_SAR3X2_SAR3X1_0, 0.112, 0.001, 0.354, 0.316, 0.104, 0, 0.112, 0.11, 0.012
Node_SM23X1_AABM5X1_0, 0.042, 0.001, 0.168, 0.03, 0.04, 0, 0.042, 0.035, 0.009
Node_SM23X1_Aero1_0, 0.066, 0, 0.058, 0.03, 0.065, 0, 0.066, 0.037, 0.031
Node_SM23X1_Bact27_0, 0.2, 0, 0.006, 0.034, 0.189, 0, 0.2, 0.16, 0.042
Node_SM23X1_Caldit2_0, 0.055, 0, 0.012, 0.028, 0.053, 0, 0.055, 0.031, 0.025
Node_SM23X1_Fibr4_0, 0.164, 0, 0.019, 0.019, 0.161, 0, 0.164, 0.139, 0.026
Node_SM23X1_Hydr2_0, 0.104, 0.002, 0.015, 0.052, 0.102, 0, 0.104, 0.052, 0.051
Node_SM23X1_KSB1X2_0, 0.105, 0.001, 0.011, 0.06, 0.101, 0, 0.105, 0.05, 0.06
Node_SM23X1_KSB1X3_0, 0.286, 0.002, 0.005, 0.11, 0.269, 0, 0.286, 0.102, 0.184
Node_SM23X1_P4572X1_0, 0.169, 0.002, 0.018, 0.023, 0.165, 0, 0.169, 0.061, 0.107
Node_SM23X1_Pori1_0, 0.123, 0.003, 0.027, 0.065, 0.121, 0, 0.123, 0.077, 0.043
Node_SM23X1_RBG1_0, 0.054, 0, 0.076, 0.049, 0.054, 0, 0.054, 0.047, 0.007
Node_SM23X1_TA06X1_0, 0.078, 0.003, 0.019, 0.028, 0.075, 0, 0.078, 0.035, 0.04
Node_SM23X1_Zixi5_0, 0.157, 0.001, 0.028, 0.02, 0.153, 0, 0.157, 0.142, 0.015
Node_Spir10_Lind1_0, 0.032, 0.001, 0.054, 0.02, 0.032, 0, 0.032, 0.019, 0.012
Node_Spir10_Spir11_0, 0.059, 0.001, 0.042, 0.019, 0.059, 0, 0.059, 0.018, 0.042
Node_Spir10_Spir12_0, 0.229, 0.001, 0.005, 0.035, 0.224, 0, 0.229, 0.056, 0.174
Node_Spir10_Spir13_0, 0.391, 0.004, 0.02, 0.089, 0.388, 0, 0.391, 0.11, 0.281
Node_Spir10_Spir15_0, 0.058, 0, 0.016, 0.018, 0.056, 0, 0.058, 0.017, 0.042
Node_Spir10_Spir3_0, 0.032, 0, 0.367, 0.098, 0.032, 0, 0.032, 0.03, 0.008
Node_Spir10_Spir8_0, 0.126, 0.001, 0.198, 0.055, 0.124, 0, 0.126, 0.036, 0.094
Node_Spir13_Spir2_0, 1.005, 0.011, 0.019, 0.451, 0.999, 0, 1.005, 0.384, 0.622
Node_Spir15_Spir4_0, 0.161, 0, 0.02, 0.043, 0.161, 0, 0.161, 0.04, 0.123
Node_Spir15_Spir9_0, 0.018, 0, 0.148, 0.04, 0.018, 0, 0.018, 0.014, 0.005
Node_Sume1_OLB1X1_0, 0.02, 0, 0.095, 0.037, 0.02, 0, 0.02, 0.019, 0.003
Node_Sume1_UBP4X1_0, 0.008, 0, 0.014, 0.016, 0.008, 0, 0.008, 0.008, 0.002
Node_Syne1_Calda2_0, 0.01, 0, 0.072, 0.044, 0.01, 0, 0.01, 0.007, 0.004
Node_Syne1_Cyan40_0, 0.344, 0.006, 0.002, 0.076, 0.337, 0.185, 0.344, 0.332, 0.001
Node_Syne1_Dein5_0, 0.078, 0, 0.267, 0.076, 0.077, 0, 0.078, 0.077, 0.001
Node_Syne1_Syne2_0, 0.003, 0, 0.008, 0.011, 0.003, 0, 0.003, 0.002, 0.008
Node_Syne1_Syne4_0, 0.004, 0, 0.009, 0.015, 0.004, 0, 0.004, 0.002, 0.01
Node_Syne1_Syne6_0, 0.001, 0, 0.008, 0.005, 0.001, 0, 0.001, 0, 0.005
Node_Syne1_Syne7_0, 0.003, 0, 0.007, 0.007, 0.003, 0, 0.003, 0, 0.009
Node_Syne1_Syne9_0, 0.003, 0, 0.009, 0.008, 0.003, 0, 0.003, 0.002, 0.002
Node_Syne2_Syne8_0, 0.006, 0, 0.007, 0.007, 0.006, 0, 0.006, 0.001, 0.01
Node_Syne4_Syne5_0, 0.003, 0, 0.004, 0.003, 0.003, 0, 0.003, 0.001, 0.003
Node_Syne7_Syne10_0, 0.002, 0, 0.004, 0.002, 0.002, 0, 0.002, 0, 0.003
Node_Syne8_Syne3_0, 0.008, 0, 0.006, 0.006, 0.008, 0, 0.008, 0.003, 0.008
Node_TA06X1_Cloa1_0, 0.017, 0.002, 0.067, 0.038, 0.017, 0, 0.017, 0.014, 0.004
Node_TA06X1_Edwa1_0, 0.013, 0, 0.01, 0.012, 0.013, 0, 0.013, 0.009, 0.006
Node_TA06X1_WOR1_0, 0.025, 0, 0.002, 0.01, 0.025, 0, 0.025, 0.012, 0.014
Node_Therd1_Dict1_0, 0.069, 0.001, 0.601, 0.229, 0.069, 0, 0.069, 0.068, 0.002
Node_Therg2_Therg4_0, 0.002, 0, 0.006, 0.008, 0.002, 0, 0.002, 0.001, 0.005
Node_Therg3_Therg5_0, 0.003, 0, 0.005, 0.003, 0.003, 0, 0.003, 0, 0.006
Node_Therg8_Therg2_0, 0.003, 0, 0.015, 0.011, 0.003, 0, 0.003, 0.001, 0.008
Node_Therg8_Therg3_0, 0.002, 0, 0.009, 0.009, 0.002, 0, 0.002, 0, 0.008
Node_Therg8_Therg6_0, 0.002, 0, 0.002, 0.003, 0.002, 0, 0.002, 0, 0.002
Node_Thers1_Desua45_0, 0.006, 0, 0.024, 0.008, 0.006, 0, 0.006, 0.004, 0.006
Node_UBA1X2_UBA1X3_0, 0.222, 0.001, 1.003, 0.05, 0.215, 0, 0.222, 0.203, 0.022
Node_UBA1X2_UBA1X5_0, 0.257, 0.003, 0.013, 0.057, 0.253, 0, 0.257, 0.212, 0.045
Node_UBA1X5_UBA1X4_0, 0.399, 0.001, 0.01, 0.046, 0.398, 0, 0.399, 0.252, 0.151
Node_UBA1X6_UBA1X1_0, 1.022, 0.001, 0.201, 0.103, 1, 0, 1.022, 1.005, 0.02
Node_UBA1X6_UBA1X2_0, 1.202, 0.001, 0.077, 0.092, 0.987, 0, 1.202, 1.189, 0.014
Node_UBA2X1_DesuD2_0, 2.007, 0.026, 1.611, 0.841, 0.984, 0, 2.007, 1.95, 0.023
Node_UBA2X1_Desua22_0, 3.569, 0.025, 0.835, 0.62, 1, 0, 3.569, 3.41, 0.127
Node_UBA2X1_Desua28_0, 0.923, 0.01, 1.12, 0.541, 0.804, 0, 0.923, 0.885, 0.026
Node_UBA2X1_SZUA2_0, 0.097, 0.001, 0.831, 0.259, 0.096, 0, 0.097, 0.095, 0.004
Node_UBA6X1_Desa1_0, 0.002, 0, 0.02, 0.006, 0.002, 0, 0.002, 0.001, 0.001
Node_UBA6X1_Elus1_0, 0.008, 0, 0.002, 0.002, 0.008, 0, 0.008, 0.001, 0.008
Node_UBA6X1_Gold1_0, 0.021, 0, 0.009, 0.006, 0.021, 0, 0.021, 0.009, 0.012
Node_UBA9X1_UBA9X3_0, 0.054, 0, 0.008, 0.009, 0.054, 0, 0.054, 0.011, 0.047
Node_UBA9X3_UBA9X2_0, 0.199, 0, 0.008, 0.008, 0.199, 0, 0.199, 0.048, 0.153
Node_Verr11_Aure2_0, 0.006, 0, 0.003, 0.006, 0.006, 0, 0.006, 0.003, 0.003
Node_Verr11_Aure3_0, 0.006, 0, 0.017, 0.012, 0.006, 0, 0.006, 0.004, 0.002
Node_Verr11_Omni4_0, 0.021, 0, 0.022, 0.013, 0.02, 0, 0.021, 0.016, 0.005
Node_Verr11_Verr12_0, 0.225, 0.001, 0.006, 0.054, 0.225, 0, 0.225, 0.054, 0.175
Node_Verr11_Verr14_0, 0.055, 0, 0.001, 0.007, 0.055, 0, 0.055, 0.02, 0.036
Node_Verr11_Verr7_0, 0.009, 0, 0.001, 0.002, 0.009, 0, 0.009, 0.005, 0.005
Node_Verr11_Verr8_0, 0.005, 0, 0.008, 0.007, 0.005, 0, 0.005, 0.002, 0.007
Node_Verr11_Verr9_0, 0.02, 0, 0.003, 0.007, 0.02, 0, 0.02, 0.008, 0.014
Node_Verr3_Verr10_0, 0.003, 0, 0.006, 0.007, 0.003, 0, 0.003, 0.002, 0.006
Node_Verr5_Verr6_0, 0.002, 0, 0.005, 0.005, 0.002, 0, 0.002, 0, 0.005
Node_Verr7_Verr13_0, 0.004, 0, 0.003, 0.003, 0.004, 0, 0.004, 0.001, 0.004
Node_Verr7_Verr2_0, 0.001, 0, 0.005, 0.005, 0.001, 0, 0.001, 0.001, 0.002
Node_Verr7_Verr4_0, 0.003, 0, 0.011, 0.006, 0.003, 0, 0.003, 0.002, 0.005
Node_Verr8_Verr3_0, 0.003, 0, 0.002, 0.002, 0.003, 0, 0.003, 0.001, 0.003
Node_Verr8_Verr5_0, 0.002, 0, 0.006, 0.001, 0.002, 0, 0.002, 0, 0.003
Node_WOR1_WOR2_0, 0.058, 0, 0.002, 0.028, 0.058, 0, 0.058, 0.024, 0.035
Node_WOR1_WOR3_0, 0.004, 0, 0.011, 0.012, 0.004, 0, 0.004, 0.003, 0.004
Node_WOR1_WOR6_0, 0.011, 0, 0.049, 0.026, 0.011, 0, 0.011, 0.011, 0.002
Node_WOR2_WOR4_0, 0.139, 0, 0.003, 0.072, 0.138, 0, 0.139, 0.057, 0.084
Node_WOR6_WOR7_0, 0.003, 0, 0.01, 0.006, 0.003, 0, 0.003, 0.002, 0.002
Node_Wall1_Fuso2_0, 0.016, 0, 0.138, 0.02, 0.016, 0, 0.016, 0.016, 0
Node_Wall1_Muir1_0, 0, 0, 0.005, 0.001, 0, 0, 0, 0, 0.001
Node_Wall1_Rifl1_0, 0.004, 0, 0.015, 0.01, 0.004, 0, 0.004, 0.003, 0.003
Node_Wall1_Syne1_0, 0.154, 0.002, 0.004, 0.036, 0.152, 0.071, 0.154, 0.151, 0
Node_Zixi2_Zixi1_0, 0.004, 0, 0.003, 0.003, 0.004, 0, 0.004, 0, 0.006
Node_Zixi4_Zixi2_0, 0.001, 0, 0.005, 0.002, 0.001, 0, 0.001, 0, 0.003
Node_Zixi4_Zixi3_0, 0, 0, 0.002, 0.002, 0, 0, 0, 0, 0.001
Node_Zixi5_Late2_0, 0.069, 0, 0.128, 0.029, 0.068, 0, 0.069, 0.03, 0.04
Node_Zixi5_TA06A1_0, 0.003, 0.001, 0.005, 0.004, 0.003, 0, 0.003, 0.001, 0.003
Node_Zixi5_UBP14X1_0, 0.004, 0, 0.067, 0.011, 0.004, 0, 0.004, 0.004, 0.002
Node_Zixi5_Zixi4_0, 0.003, 0, 0.003, 0.004, 0.003, 0, 0.003, 0.001, 0.003
Node_chloroArabidopsis_chloroBryophyte_0, 0.004, 0, 0.007, 0.008, 0.004, 0, 0.004, 0.001, 0.008
Node_chloroArabidopsis_chloroChlorophyta_0, 0.003, 0, 0.003, 0.003, 0.003, 0, 0.003, 0.001, 0.004
Node_chloroArabidopsis_chloroLycophyte_0, 0.002, 0, 0.008, 0.008, 0.002, 0, 0.002, 0.001, 0.006
Node_chloroArabidopsis_chloroRedAlgae_0, 0.002, 0, 0.004, 0.005, 0.002, 0, 0.002, 0, 0.005
Node_mitoAnnelida_mitoChelicerate_0, 0.007, 0, 0.014, 0.012, 0.007, 0, 0.007, 0.002, 0.01
Node_mitoAnnelida_mitoMollusc_0, 0, 0, 0.008, 0.006, 0, 0, 0, 0, 0.004
Node_mitoAnnelida_mitoPriapulid_0, 0.004, 0, 0.009, 0.006, 0.004, 0, 0.004, 0, 0.006
Node_mitoArabidopsis_mitoLycophyte_0, 0.002, 0, 0.01, 0.011, 0.002, 0, 0.002, 0.001, 0.008
Node_mitoBryophyte_mitoArabidopsis_0, 0.004, 0, 0.004, 0.005, 0.004, 0, 0.004, 0, 0.005
Node_mitoBryophyte_mitoChlorophyta_0, 0.003, 0, 0.003, 0.005, 0.003, 0, 0.003, 0, 0.006
Node_mitoBryophyte_mitoExcavata_0, 0.006, 0, 0.045, 0.023, 0.006, 0, 0.006, 0.004, 0.003
Node_mitoBryophyte_mitoParamecium_0, 0.001, 0, 0.006, 0.005, 0.001, 0, 0.001, 0.001, 0.001
Node_mitoBryophyte_mitoRedAlgae_0, 0, 0, 0.005, 0.005, 0, 0, 0, 0, 0.004
Node_mitoChelicerate_mitoInsect_0, 0.004, 0, 0.006, 0.004, 0.004, 0, 0.004, 0.003, 0.003
Node_mitoFungi_mitoAnnelida_0, 0.011, 0, 0.041, 0.017, 0.011, 0, 0.011, 0.008, 0.004
Node_mitoFungi_mitoBryophyte_0, 0.048, 0, 0.176, 0.076, 0.048, 0, 0.048, 0.046, 0.006
OLB1X1, 0, 0, 0.032, 0.021, 0, 0, 0, 0, 0.012
Omni2, 0, 0, 0.007, 0.008, 0, 0, 0, 0, 0.006
Omni3, 0, 0, 0.01, 0.009, 0, 0, 0, 0, 0.007
Omni4, 0, 0, 0.007, 0.007, 0, 0, 0, 0, 0.006
Omni6, 0, 0, 0.193, 0.009, 0, 0, 0, 0, 0.001
Omni7, 0, 0, 0.007, 0.007, 0, 0, 0, 0, 0.006
Omni8, 1, 0, 0.009, 0.022, 1, 0, 1, 0.192, 0.817
P4572X1, 0, 0, 0.098, 0.065, 0, 0, 0, 0, 0.01
Pate1, 0, 0, 0.006, 0.006, 0, 0, 0, 0, 0.003
Pate10, 0, 0, 0.012, 0.012, 0, 0, 0, 0, 0.008
Pate11, 0, 0, 0.016, 0.015, 0, 0, 0, 0, 0.008
Pate12, 0, 0, 0.009, 0.012, 0, 0, 0, 0, 0.006
Pate13, 0, 0, 0.011, 0.009, 0, 0, 0, 0, 0.007
Pate14, 0, 0, 0.263, 0.005, 0, 0, 0, 0, 0.003
Pate15, 0, 0, 0.008, 0.005, 0, 0, 0, 0, 0.002
Pate17, 0, 0, 0.004, 0.002, 0, 0, 0, 0, 0.002
Pate18, 0, 0, 0.007, 0.006, 0, 0, 0, 0, 0.004
Pate19, 0, 0, 0.008, 0.012, 0, 0, 0, 0, 0.003
Pate21, 0, 0, 0.01, 0.007, 0, 0, 0, 0, 0.007
Pate22, 0, 0, 0.04, 0.035, 0, 0, 0, 0, 0.016
Pate23, 0, 0, 0.218, 0.127, 0, 0, 0, 0, 0.026
Pate24, 0, 0, 0.006, 0.003, 0, 0, 0, 0, 0.001
Pate25, 0, 0, 0.008, 0.006, 0, 0, 0, 0, 0.005
Pate26, 0, 0, 0.013, 0.011, 0, 0, 0, 0, 0.01
Pate27, 0, 0, 0.009, 0.008, 0, 0, 0, 0, 0.008
Pate28, 0, 0, 0.01, 0.011, 0, 0, 0, 0, 0.007
Pate29, 0, 0, 0.008, 0.007, 0, 0, 0, 0, 0.002
Pate3, 0, 0, 0.011, 0.007, 0, 0, 0, 0, 0.006
Pate30, 0, 0, 0.056, 0.027, 0, 0, 0, 0, 0.011
Pate31, 0, 0, 0.008, 0.01, 0, 0, 0, 0, 0.007
Pate32, 0, 0, 0.045, 0.036, 0, 0, 0, 0, 0.016
Pate33, 0, 0, 0.009, 0.009, 0, 0, 0, 0, 0.006
Pate34, 0, 0, 0.007, 0.006, 0, 0, 0, 0, 0.003
Pate35, 1, 0, 0.012, 0.01, 1, 0, 1, 0.254, 0.752
Pate36, 0, 0, 0.007, 0.008, 0, 0, 0, 0, 0.006
Pate37, 0, 0, 0.012, 0.013, 0, 0, 0, 0, 0.007
Pate38, 0, 0, 0.009, 0.007, 0, 0, 0, 0, 0.006
Pate39, 0, 0, 0.008, 0.006, 0, 0, 0, 0, 0.003
Pate4, 0, 0, 0.006, 0.007, 0, 0, 0, 0, 0.004
Pate40, 0, 0, 0.008, 0.007, 0, 0, 0, 0, 0.004
Pate41, 0, 0, 0.007, 0.007, 0, 0, 0, 0, 0.004
Pate43, 0, 0, 0.011, 0.013, 0, 0, 0, 0, 0.006
Pate44, 0, 0, 0.005, 0.004, 0, 0, 0, 0, 0.001
Pate45, 0, 0, 0.015, 0.013, 0, 0, 0, 0, 0.007
Pate46, 0, 0, 0.075, 0.056, 0, 0, 0, 0, 0.015
Pate48, 0, 0, 0.01, 0.008, 0, 0, 0, 0, 0.005
Pate49, 0, 0, 0.008, 0.006, 0, 0, 0, 0, 0.005
Pate5, 0, 0, 0.076, 0.01, 0, 0, 0, 0, 0.007
Pate50, 0, 0, 0.009, 0.008, 0, 0, 0, 0, 0.006
Pate51, 0, 0, 0.006, 0.006, 0, 0, 0, 0, 0.005
Pate52, 0, 0, 0.01, 0.007, 0, 0, 0, 0, 0.006
Pate53, 0, 0, 0.004, 0.004, 0, 0, 0, 0, 0.003
Pate54, 0, 0, 0.007, 0.01, 0, 0, 0, 0, 0.006
Pate55, 0, 0, 0.01, 0.01, 0, 0, 0, 0, 0.006
Pate56, 1, 0.002, 0.018, 0.331, 1, 0, 1, 0.045, 0.966
Pate57, 0, 0, 0.007, 0.005, 0, 0, 0, 0, 0.002
Pate6, 0, 0, 0.008, 0.007, 0, 0, 0, 0, 0.006
Pate7, 0, 0, 0.052, 0.041, 0, 0, 0, 0, 0.026
Pate8, 0, 0, 0.012, 0.013, 0, 0, 0, 0, 0.01
Pate9, 0, 0, 0.005, 0.006, 0, 0, 0, 0, 0.004
Plan12, 0, 0, 1.011, 0.011, 0, 0, 0, 0, 0.005
Plan14, 1, 0.001, 1.002, 0.023, 1, 0, 1, 0.215, 0.786
Plan16, 0, 0, 0.083, 0.031, 0, 0, 0, 0, 0.003
Plan17, 0, 0, 0.004, 0.004, 0, 0, 0, 0, 0.002
Plan18, 0, 0, 0.015, 0.016, 0, 0, 0, 0, 0.013
Plan2, 1, 0.007, 0.008, 0.51, 1, 0, 1, 0.346, 0.651
Plan21, 0, 0, 0.011, 0.01, 0, 0, 0, 0, 0.008
Plan22, 0, 0, 0.354, 0.095, 0, 0, 0, 0, 0.004
Plan23, 0, 0, 0.005, 0.003, 0, 0, 0, 0, 0.003
Plan26, 0, 0, 0.005, 0.007, 0, 0, 0, 0, 0.004
Plan27, 0, 0, 0.007, 0.009, 0, 0, 0, 0, 0.007
Plan3, 1, 0, 0.017, 0.004, 1, 0, 1, 0.998, 0.003
Plan30, 1, 0, 0.221, 0.025, 1, 0, 1, 0.998, 0.006
Plan31, 0, 0, 0.004, 0.004, 0, 0, 0, 0, 0.002
Plan32, 1, 0, 0.007, 0.009, 1, 0, 1, 1, 0.001
Plan33, 0, 0, 0.014, 0.014, 0, 0, 0, 0, 0.009
Plan39, 0, 0, 0.011, 0.009, 0, 0, 0, 0, 0.009
Plan4, 0, 0, 0.102, 0.019, 0, 0, 0, 0, 0.001
Plan40, 0, 0, 0.033, 0.017, 0, 0, 0, 0, 0.002
Plan42, 0, 0, 0.034, 0.019, 0, 0, 0, 0, 0.003
Plan43, 1, 0.001, 0.005, 0.214, 1, 0, 1, 0.297, 0.707
Plan44, 0, 0, 0.007, 0.006, 0, 0, 0, 0, 0.002
Plan5, 0, 0, 0.004, 0.003, 0, 0, 0, 0, 0.003
Plan7, 0, 0, 0.022, 0.019, 0, 0, 0, 0, 0.012
Pori1, 1, 0, 0.01, 0.007, 1, 0, 1, 0.999, 0.002
Pori2, 1, 0, 0.01, 0.01, 1, 0, 1, 1, 0.002
ProtA10, 0, 0, 0.007, 0.006, 0, 0, 0, 0, 0.003
ProtA11, 0, 0, 0.005, 0.005, 0, 0, 0, 0, 0.004
ProtA12, 0, 0, 0.004, 0.005, 0, 0, 0, 0, 0.002
ProtA13, 0, 0, 0.004, 0.004, 0, 0, 0, 0, 0.003
ProtA14, 0, 0, 0.007, 0.007, 0, 0, 0, 0, 0.003
ProtA15, 0, 0, 0.005, 0.004, 0, 0, 0, 0, 0.003
ProtA16, 0, 0.001, 0.009, 0.009, 0, 0, 0, 0, 0.006
ProtA18, 0, 0, 0.005, 0.003, 0, 0, 0, 0, 0.001
ProtA19, 0, 0, 0.007, 0.006, 0, 0, 0, 0, 0.005
ProtA2, 0, 0, 0.001, 0, 0, 0, 0, 0, 0
ProtA20, 0, 0, 0.003, 0.003, 0, 0, 0, 0, 0.003
ProtA21, 0, 0, 0.004, 0.003, 0, 0, 0, 0, 0.002
ProtA24, 0, 0, 0.007, 0.007, 0, 0, 0, 0, 0.006
ProtA26, 0, 0, 0.006, 0.004, 0, 0, 0, 0, 0.003
ProtA27, 0, 0, 0.004, 0.003, 0, 0, 0, 0, 0.002
ProtA29, 0, 0, 0.006, 0.006, 0, 0, 0, 0, 0.003
ProtA3, 0, 0, 0.007, 0.008, 0, 0, 0, 0, 0.007
ProtA30, 0, 0, 0.006, 0.007, 0, 0, 0, 0, 0.004
ProtA31, 0, 0, 0.005, 0.004, 0, 0, 0, 0, 0.002
ProtA32, 0, 0, 0.005, 0.004, 0, 0, 0, 0, 0.004
ProtA33, 0, 0, 0.006, 0.004, 0, 0, 0, 0, 0.004
ProtA34, 0, 0, 0.004, 0.004, 0, 0, 0, 0, 0.002
ProtA35, 0, 0, 0.007, 0.005, 0, 0, 0, 0, 0.005
ProtA36, 0, 0, 0.005, 0.005, 0, 0, 0, 0, 0.003
ProtA37, 0, 0, 0.005, 0.004, 0, 0, 0, 0, 0.002
ProtA38, 0, 0, 0.005, 0.005, 0, 0, 0, 0, 0.004
ProtA39, 0, 0, 0.006, 0.006, 0, 0, 0, 0, 0.004
ProtA40, 0, 0, 0.001, 0.001, 0, 0, 0, 0, 0.001
ProtA41, 0, 0, 0.005, 0.006, 0, 0, 0, 0, 0.004
ProtA42, 0, 0, 0.005, 0.006, 0, 0, 0, 0, 0.003
ProtA43, 0, 0, 0.004, 0.002, 0, 0, 0, 0, 0.002
ProtA44, 0, 0, 0.007, 0.006, 0, 0, 0, 0, 0.004
ProtA45, 0, 0, 0.007, 0.005, 0, 0, 0, 0, 0.003
ProtA46, 0, 0, 0.003, 0.003, 0, 0, 0, 0, 0.001
ProtA47, 0, 0, 0.001, 0.002, 0, 0, 0, 0, 0.001
ProtA48, 0, 0, 0.003, 0.004, 0, 0, 0, 0, 0.002
ProtA49, 0, 0, 0.01, 0.011, 0, 0, 0, 0, 0.008
ProtA5, 0, 0, 0.008, 0.008, 0, 0, 0, 0, 0.008
ProtA50, 0, 0, 0.005, 0.004, 0, 0, 0, 0, 0.003
ProtA51, 0, 0, 0.001, 0.001, 0, 0, 0, 0, 0.001
ProtA52, 0, 0, 0.01, 0.009, 0, 0, 0, 0, 0.008
ProtA53, 0, 0, 0.006, 0.009, 0, 0, 0, 0, 0.006
ProtA54, 0, 0, 0.006, 0.004, 0, 0, 0, 0, 0.004
ProtA55, 0, 0, 0.006, 0.005, 0, 0, 0, 0, 0.004
ProtA56, 0, 0, 0.003, 0.002, 0, 0, 0, 0, 0.001
ProtA57, 0, 0, 0.002, 0.001, 0, 0, 0, 0, 0.001
ProtA58, 0, 0, 0.001, 0.001, 0, 0, 0, 0, 0.001
ProtA60, 0, 0, 0.009, 0.005, 0, 0, 0, 0, 0.003
ProtA61, 0, 0, 0.005, 0.007, 0, 0, 0, 0, 0.004
ProtA62, 0, 0, 0.002, 0.001, 0, 0, 0, 0, 0.001
ProtA63, 0, 0, 0.001, 0.001, 0, 0, 0, 0, 0.001
ProtA64, 0, 0, 0.01, 0.006, 0, 0, 0, 0, 0.006
ProtA66, 0, 0, 0.004, 0.002, 0, 0, 0, 0, 0.002
ProtA67, 0, 0, 0.004, 0.005, 0, 0, 0, 0, 0.004
ProtA68, 0, 0, 0.007, 0.007, 0, 0, 0, 0, 0.006
ProtA69, 0, 0, 0.005, 0.004, 0, 0, 0, 0, 0.003
ProtA7, 0, 0, 0.004, 0.003, 0, 0, 0, 0, 0.002
ProtA70, 0, 0, 0.004, 0.004, 0, 0, 0, 0, 0.003
ProtA71, 0, 0, 0.008, 0.006, 0, 0, 0, 0, 0.004
ProtA72, 0, 0, 0.002, 0.002, 0, 0, 0, 0, 0.002
ProtA74, 0, 0, 0.009, 0.01, 0, 0, 0, 0, 0.008
ProtA75, 0, 0, 0.006, 0.005, 0, 0, 0, 0, 0.003
ProtA76, 0, 0, 0.007, 0.008, 0, 0, 0, 0, 0.003
ProtA77, 0, 0, 0.001, 0.001, 0, 0, 0, 0, 0.001
ProtA8, 0, 0, 0.006, 0.005, 0, 0, 0, 0, 0.004
ProtA9, 0, 0, 0.012, 0.01, 0, 0, 0, 0, 0.006
ProtG1, 0, 0, 0.704, 0.032, 0, 0, 0, 0, 0.006
ProtG10, 0, 0, 0.004, 0.001, 0, 0, 0, 0, 0
ProtG11, 0, 0, 0.786, 0.015, 0, 0, 0, 0, 0.005
ProtG12, 0, 0, 0.007, 0.007, 0, 0, 0, 0, 0.002
ProtG13, 0, 0, 0.011, 0.005, 0, 0, 0, 0, 0.003
ProtG14, 0, 0, 0.014, 0.012, 0, 0, 0, 0, 0.006
ProtG15, 0, 0, 0.008, 0.007, 0, 0, 0, 0, 0.004
ProtG16, 1, 0.006, 0.237, 0.294, 1, 0, 1, 0.903, 0.096
ProtG17, 1, 0, 0.887, 0.301, 1, 0, 1, 0.255, 0.752
ProtG18, 0, 0, 0.007, 0.008, 0, 0, 0, 0, 0.005
ProtG19, 0, 0, 0.005, 0.004, 0, 0, 0, 0, 0.002
ProtG20, 1, 0.001, 0.813, 0.048, 1, 0, 1, 0.284, 0.718
ProtG21, 0, 0, 0.004, 0.002, 0, 0, 0, 0, 0.002
ProtG22, 1, 0.003, 0.173, 0.494, 1, 0, 1, 0.393, 0.607
ProtG24, 0, 0, 0.024, 0.011, 0, 0, 0, 0, 0.004
ProtG25, 1, 0, 0.42, 0.101, 1, 0, 1, 0.196, 0.808
ProtG26, 1, 0.009, 0.418, 0.54, 1, 0, 1, 0.921, 0.072
ProtG27, 1, 0, 1.115, 0.127, 1, 0, 1, 0.408, 0.596
ProtG28, 1, 0, 0.907, 0.04, 1, 0, 1, 0.184, 0.816
ProtG29, 0, 0, 0.015, 0.01, 0, 0, 0, 0, 0.005
ProtG3, 0, 0, 0.003, 0.004, 0, 0, 0, 0, 0.002
ProtG30, 0, 0, 0.008, 0.008, 0, 0, 0, 0, 0.005
ProtG31, 1, 0.003, 0.163, 0.197, 1, 0, 1, 0.496, 0.507
ProtG32, 1, 0, 0.414, 0.042, 1, 0, 1, 0.925, 0.077
ProtG33, 1, 0, 0.032, 0.02, 1, 0, 1, 0.998, 0.003
ProtG34, 1, 0.005, 1.369, 0.449, 1, 0, 1, 0.5, 0.499
ProtG35, 1, 0.005, 0.514, 0.722, 1, 0, 1, 0.893, 0.105
ProtG36, 1, 0, 0.295, 0.071, 1, 0, 1, 0.806, 0.201
ProtG37, 1, 0, 0.334, 0.126, 1, 0, 1, 0.976, 0.027
ProtG38, 1, 0, 0.979, 0.12, 1, 0, 1, 0.079, 0.925
ProtG39, 0, 0, 0.007, 0.006, 0, 0, 0, 0, 0.003
ProtG4, 0, 0, 0.02, 0.012, 0, 0, 0, 0, 0.006
ProtG40, 1, 0, 0.321, 0.046, 1, 0, 1, 0.891, 0.114
ProtG41, 1, 0, 0.894, 0.092, 1, 0, 1, 0.315, 0.687
ProtG42, 1, 0, 0.056, 0.279, 1, 0, 1, 0.41, 0.591
ProtG43, 1, 0, 0.546, 0.048, 1, 0, 1, 0.897, 0.108
ProtG44, 1, 0, 0.144, 0.145, 1, 0, 1, 0.423, 0.581
ProtG45, 1, 0, 0.991, 0.335, 1, 0, 1, 0.494, 0.51
ProtG46, 2, 0.007, 0.038, 0.365, 1, 0, 2, 1.025, 0.977
ProtG47, 0, 0.001, 0.089, 0.043, 0, 0, 0, 0, 0.003
ProtG48, 1, 0, 0.214, 0.045, 1, 0, 1, 0.716, 0.285
ProtG49, 0, 0, 0.031, 0.016, 0, 0, 0, 0, 0.002
ProtG5, 0, 0, 0.01, 0.007, 0, 0, 0, 0, 0.005
ProtG50, 0, 0, 1.411, 0.239, 0, 0, 0, 0, 0.007
ProtG51, 1, 0.012, 0.402, 0.872, 1, 0, 1, 0.907, 0.083
ProtG52, 1, 0.003, 0.757, 0.143, 1, 0, 1, 0.293, 0.709
ProtG53, 1, 0.002, 0.885, 0.194, 1, 0, 1, 0.37, 0.634
ProtG54, 0, 0, 0.048, 0.035, 0, 0, 0, 0, 0.002
ProtG55, 1, 0.001, 0.915, 0.049, 1, 0, 1, 0.527, 0.476
ProtG56, 1, 0, 0.014, 0.005, 1, 0, 1, 0.998, 0.005
ProtG57, 1, 0, 0.002, 0, 1, 0, 1, 1, 0
ProtG58, 1, 0, 0.017, 0.008, 1, 0, 1, 1, 0.006
ProtG59, 1, 0, 0.004, 0.001, 1, 0, 1, 1, 0.001
ProtG6, 1, 0, 0.738, 0.06, 1, 0, 1, 0.199, 0.809
ProtG60, 1, 0, 0.01, 0.006, 1, 0, 1, 1, 0.004
ProtG61, 1, 0, 0.008, 0.005, 1, 0, 1, 1, 0.002
ProtG62, 1, 0, 0.023, 0.011, 1, 0, 1, 1, 0.003
ProtG63, 1, 0.002, 0.655, 0.463, 1, 0, 1, 0.855, 0.146
ProtG64, 0, 0, 0.014, 0.009, 0, 0, 0, 0, 0.005
ProtG65, 0, 0, 0.183, 0.031, 0, 0, 0, 0, 0.004
ProtG66, 1, 0, 0.015, 0.011, 1, 0, 1, 1, 0.005
ProtG67, 1, 0.004, 0.871, 0.47, 1, 0, 1, 0.64, 0.36
ProtG68, 1, 0, 0.013, 0.01, 1, 0, 1, 1, 0.003
ProtG69, 1, 0, 0.009, 0.181, 1, 0, 1, 0.173, 0.83
ProtG7, 1, 0, 0.035, 0.021, 1, 0, 1, 0.999, 0.006
ProtG70, 1, 0.001, 0.381, 0.115, 1, 0, 1, 0.869, 0.131
ProtG71, 1, 0, 0.014, 0.01, 1, 0, 1, 1, 0.005
ProtG72, 1, 0.003, 0.081, 0.123, 1, 0, 1, 0.991, 0.006
ProtG73, 1, 0, 0.005, 0.003, 1, 0, 1, 1, 0.002
ProtG74, 1, 0, 0.447, 0.173, 1, 0, 1, 0.023, 0.982
ProtG75, 1, 0.004, 0.518, 0.396, 1, 0, 1, 0.968, 0.033
ProtG76, 0, 0, 0.018, 0.015, 0, 0, 0, 0, 0.008
ProtG77, 1, 0, 0.024, 0.017, 1, 0, 1, 0.999, 0.004
ProtG78, 0, 0, 0.975, 0.061, 0, 0, 0, 0, 0.003
ProtG79, 1, 0.002, 0.441, 0.249, 1, 0, 1, 0.957, 0.042
ProtG8, 1, 0, 0.126, 0.021, 1, 0, 1, 0.996, 0.005
ProtG80, 1, 0, 0.004, 0.005, 1, 0, 1, 1, 0.002
ProtG81, 1, 0.001, 0.973, 0.399, 1, 0, 1, 0.426, 0.575
ProtG82, 1, 0.005, 0.013, 0.347, 1, 0, 1, 0.994, 0.005
ProtG83, 1, 0.002, 0.304, 0.142, 1, 0, 1, 0.747, 0.257
ProtG84, 1, 0, 0.008, 0.118, 1, 0, 1, 0.777, 0.227
ProtG85, 1, 0, 0.006, 0.004, 1, 0, 1, 1, 0.002
ProtG86, 0, 0, 1.005, 0.347, 0, 0, 0, 0, 0.002
ProtG87, 0, 0, 0.004, 0.003, 0, 0, 0, 0, 0.003
ProtG88, 1, 0, 0.877, 0.097, 1, 0, 1, 0.945, 0.056
ProtG89, 0, 0, 0.009, 0.007, 0, 0, 0, 0, 0.001
ProtG9, 1, 0.003, 0.207, 0.227, 1, 0, 1, 0.408, 0.592
ProtG90, 0, 0, 0.049, 0.035, 0, 0, 0, 0, 0.003
ProtG91, 1, 0, 0.005, 0.003, 1, 0, 1, 1, 0.001
ProtM1, 1, 0, 0.125, 0.016, 1, 0, 1, 0.983, 0.029
ProtM2, 1, 0, 0.107, 0.04, 1, 0, 1, 0.991, 0.011
ProtM3, 1, 0, 0.126, 0.027, 1, 0, 1, 0.964, 0.04
ProtZ1, 1, 0, 0.006, 0.004, 1, 0, 1, 1, 0.003
ProtZ2, 1, 0, 0.136, 0.016, 1, 0, 1, 0.988, 0.014
ProtZ3, 1, 0, 0.152, 0.001, 1, 0, 1, 0.975, 0.026
ProtZ4, 1, 0, 0.004, 0.001, 1, 0, 1, 1, 0.001
ProtZ5, 1, 0, 0.886, 0.037, 1, 0, 1, 0.998, 0.015
RBG1, 0, 0, 0.071, 0.037, 0, 0, 0, 0, 0.017
Rifl1, 0, 0, 0.008, 0.009, 0, 0, 0, 0, 0.004
SAR3X1, 0, 0, 0.121, 0.104, 0, 0, 0, 0, 0.009
SAR3X2, 0, 0, 0.115, 0.1, 0, 0, 0, 0, 0.003
SLNR1, 0, 0, 0.006, 0.009, 0, 0, 0, 0, 0.006
SM23X1, 1, 0.008, 0.099, 0.39, 1, 0, 1, 0.197, 0.805
SZUA1, 1, 0, 0.151, 0.048, 1, 0, 1, 0.997, 0.012
SZUA2, 0, 0, 0.104, 0.071, 0, 0, 0, 0, 0.007
Sche1, 0, 0, 1.148, 0.061, 0, 0, 0, 0, 0.002
Spir10, 0, 0, 0.034, 0.016, 0, 0, 0, 0, 0.002
Spir11, 0, 0, 0.065, 0.017, 0, 0, 0, 0, 0.006
Spir12, 1, 0.001, 0.039, 0.231, 1, 0, 1, 0.203, 0.809
Spir13, 1, 0, 0.007, 0.002, 1, 0, 1, 0.999, 0.002
Spir15, 0, 0, 0.019, 0.011, 0, 0, 0, 0, 0.001
Spir2, 1, 0, 0.007, 0.005, 1, 0, 1, 0.999, 0.002
Spir3, 0, 0, 0.037, 0.027, 0, 0, 0, 0, 0.005
Spir4, 1, 0.003, 0.01, 0.275, 1, 0, 1, 0.158, 0.846
Spir8, 0, 0, 0.13, 0.026, 0, 0, 0, 0, 0.004
Spir9, 0, 0, 0.02, 0.011, 0, 0, 0, 0, 0.002
Sume1, 0, 0, 0.01, 0.005, 0, 0, 0, 0, 0.002
Syne1, 0, 0, 0.007, 0.006, 0, 0, 0, 0, 0.004
Syne10, 0, 0, 0.009, 0.008, 0, 0, 0, 0, 0.007
Syne2, 0, 0, 0.009, 0.006, 0, 0, 0, 0, 0.003
Syne3, 0, 0, 0.014, 0.012, 0, 0, 0, 0, 0.006
Syne4, 0, 0, 0.005, 0.006, 0, 0, 0, 0, 0.002
Syne5, 0, 0, 0.007, 0.004, 0, 0, 0, 0, 0.004
Syne6, 0, 0, 0.005, 0.006, 0, 0, 0, 0, 0.004
Syne7, 0, 0, 0.009, 0.012, 0, 0, 0, 0, 0.007
Syne8, 0, 0, 0.011, 0.007, 0, 0, 0, 0, 0.003
Syne9, 0, 0, 0.012, 0.011, 0, 0, 0, 0, 0.009
TA06A1, 0, 0, 0.013, 0.012, 0, 0, 0, 0, 0.01
TA06X1, 0, 0, 0.038, 0.034, 0, 0, 0, 0, 0.013
Therd1, 0, 0, 0.079, 0.06, 0, 0, 0, 0, 0.01
Therg2, 0, 0, 0.009, 0.01, 0, 0, 0, 0, 0.007
Therg3, 0, 0, 0.005, 0.004, 0, 0, 0, 0, 0.002
Therg4, 0, 0, 0.003, 0.002, 0, 0, 0, 0, 0.001
Therg5, 0, 0, 0.006, 0.005, 0, 0, 0, 0, 0.003
Therg6, 0, 0, 0.004, 0.002, 0, 0, 0, 0, 0.002
Therg8, 0, 0, 0.006, 0.006, 0, 0, 0, 0, 0.004
Thers1, 1, 0, 0.018, 0.028, 1, 0, 1, 0.005, 1.012
UBA1X1, 1, 0, 0.028, 0.025, 1, 0, 1, 1, 0.006
UBA1X2, 0, 0, 0.262, 0.043, 0, 0, 0, 0, 0.005
UBA1X3, 0, 0, 0.228, 0.114, 0, 0, 0, 0, 0.006
UBA1X4, 1, 0.002, 0.01, 0.101, 1, 0, 1, 0.397, 0.609
UBA1X5, 0, 0, 0.4, 0.089, 0, 0, 0, 0, 0.001
UBA1X6, 1, 0.001, 0.029, 0.02, 1, 0, 1, 0.999, 0.006
UBA2X1, 0, 0, 0.099, 0.067, 0, 0, 0, 0, 0.002
UBA6X1, 0, 0, 0.018, 0.022, 0, 0, 0, 0, 0.01
UBA9X1, 0, 0, 0.06, 0.01, 0, 0, 0, 0, 0.006
UBA9X2, 1, 0, 0.006, 0.008, 1, 0, 1, 0.198, 0.807
UBA9X3, 0, 0, 0.205, 0.008, 0, 0, 0, 0, 0.006
UBP13X1, 0, 0, 0.812, 0.089, 0, 0, 0, 0, 0.013
UBP14X1, 0, 0, 0.016, 0.017, 0, 0, 0, 0, 0.012
UBP4X1, 0, 0, 0.013, 0.019, 0, 0, 0, 0, 0.005
UBP6X1, 0, 0, 0.019, 0.021, 0, 0, 0, 0, 0.017
Verr10, 0, 0, 0.006, 0.005, 0, 0, 0, 0, 0.003
Verr11, 1, 0.005, 0.01, 0.255, 1, 0, 1, 0.222, 0.78
Verr12, 0, 0, 0.228, 0.046, 0, 0, 0, 0, 0.003
Verr13, 0, 0, 0.006, 0.007, 0, 0, 0, 0, 0.002
Verr14, 0, 0, 0.059, 0.012, 0, 0, 0, 0, 0.004
Verr2, 0, 0, 0.004, 0.003, 0, 0, 0, 0, 0.003
Verr3, 0, 0, 0.004, 0.005, 0, 0, 0, 0, 0.001
Verr4, 0, 0, 0.009, 0.006, 0, 0, 0, 0, 0.006
Verr5, 0, 0, 0.006, 0.006, 0, 0, 0, 0, 0.004
Verr6, 0, 0, 0.009, 0.009, 0, 0, 0, 0, 0.007
Verr7, 0, 0, 0.003, 0.003, 0, 0, 0, 0, 0.002
Verr8, 0, 0, 0.01, 0.011, 0, 0, 0, 0, 0.007
Verr9, 0, 0, 0.02, 0.005, 0, 0, 0, 0, 0
WOR1, 0, 0, 0.008, 0.009, 0, 0, 0, 0, 0.004
WOR2, 1, 0.005, 0.01, 0.413, 1, 0, 1, 0.137, 0.866
WOR3, 0, 0, 0.011, 0.012, 0, 0, 0, 0, 0.007
WOR4, 0, 0, 0.141, 0.053, 0, 0, 0, 0, 0.002
WOR6, 0, 0, 0.005, 0.006, 0, 0, 0, 0, 0.002
WOR7, 0, 0, 0.007, 0.007, 0, 0, 0, 0, 0.004
Wall1, 0, 0, 0.002, 0.002, 0, 0, 0, 0, 0.002
Zixi1, 0, 0, 0.006, 0.004, 0, 0, 0, 0, 0.002
Zixi2, 0, 0.001, 0.009, 0.007, 0, 0, 0, 0, 0.004
Zixi3, 0, 0, 0.007, 0.008, 0, 0, 0, 0, 0.007
Zixi4, 0, 0, 0.008, 0.008, 0, 0, 0, 0, 0.008
Zixi5, 0, 0, 0.007, 0.007, 0, 0, 0, 0, 0.004
chloroArabidopsis, 0, 0, 0.007, 0.006, 0, 0, 0, 0, 0.005
chloroBryophyte, 0, 0, 0.012, 0.014, 0, 0, 0, 0, 0.008
chloroChlorophyta, 0, 0, 0.009, 0.007, 0, 0, 0, 0, 0.006
chloroLycophyte, 0, 0, 0.003, 0.002, 0, 0, 0, 0, 0.001
chloroRedAlgae, 0, 0, 0.004, 0.003, 0, 0, 0, 0, 0.002
mitoAnnelida, 0, 0, 0.006, 0.006, 0, 0, 0, 0, 0.006
mitoArabidopsis, 0, 0, 0.006, 0.008, 0, 0, 0, 0, 0.004
mitoBryophyte, 0, 0, 0.008, 0.01, 0, 0, 0, 0, 0.004
mitoChelicerate, 0, 0, 0.009, 0.01, 0, 0, 0, 0, 0.005
mitoChlorophyta, 0, 0, 0.007, 0.004, 0, 0, 0, 0, 0.004
mitoExcavata, 0, 0, 0.009, 0.005, 0, 0, 0, 0, 0.003
mitoFungi, 0, 0, 0.015, 0.009, 0, 0, 0, 0, 0.004
mitoInsect, 0, 0, 0.01, 0.009, 0, 0, 0, 0, 0.006
mitoLycophyte, 0, 0, 0.002, 0, 0, 0, 0, 0, 0
mitoMollusc, 0, 0, 0.002, 0.002, 0, 0, 0, 0, 0.002
mitoParamecium, 0, 0, 0.005, 0.004, 0, 0, 0, 0, 0.004
mitoPriapulid, 0, 0, 0.008, 0.007, 0, 0, 0, 0, 0.004
mitoRedAlgae, 0, 0, 0.002, 0.003, 0, 0, 0, 0, 0.002
