species_label, speciations, duplications, losses, transfers, presence, origination, copies, singletons, transfers_to
AABM5X1, 0, 0, 0.019, 0.016, 0, 0, 0, 0, 0.015
AABM5X2, 0, 0, 0.017, 0.021, 0, 0, 0, 0, 0.013
AABM5X3, 0, 0, 0.016, 0.014, 0, 0, 0, 0, 0.008
Abys1, 1, 0, 0.422, 0.352, 1, 0, 1, 0.551, 0.479
Acid1, 1, 0.003, 0.017, 0.323, 1, 0, 1, 0.225, 0.779
Acid10, 1, 0, 0.067, 0.256, 1, 0, 1, 0.388, 0.623
Acid11, 1, 0.002, 0.021, 0.454, 1, 0, 1, 0.242, 0.771
Acid12, 0, 0, 0.027, 0.025, 0, 0, 0, 0, 0.013
Acid13, 0, 0, 0.026, 0.025, 0, 0, 0, 0, 0.012
Acid14, 1, 0.001, 0.285, 0.337, 1, 0, 1, 0.424, 0.584
Acid16, 1, 0.001, 0.064, 0.455, 1, 0, 1, 0.005, 1.013
Acid17, 0, 0, 0.242, 0.077, 0, 0, 0, 0, 0.007
Acid18, 0, 0, 0.032, 0.032, 0, 0, 0, 0, 0.015
Acid2, 0, 0, 0.031, 0.026, 0, 0, 0, 0, 0.014
Acid20, 1, 0, 0.025, 0.022, 1, 0, 1, 0.999, 0.012
Acid21, 1, 0.002, 0.05, 0.299, 1, 0, 1, 0.459, 0.553
Acid22, 1, 0, 0.044, 0.106, 1, 0, 1, 0.215, 0.8
Acid23, 1, 0, 0.007, 0.294, 1, 0, 1, 0.424, 0.58
Acid24, 0, 0, 0.07, 0.031, 0, 0, 0, 0, 0.014
Acid25, 0, 0, 0.074, 0.051, 0, 0, 0, 0, 0.014
Acid26, 0, 0, 0.019, 0.02, 0, 0, 0, 0, 0.008
Acid27, 0, 0, 0.018, 0.017, 0, 0, 0, 0, 0.01
Acid28, 0, 0, 0.039, 0.025, 0, 0, 0, 0, 0.013
Acid29, 0, 0, 0.018, 0.015, 0, 0, 0, 0, 0.01
Acid3, 1, 0, 0.45, 0.294, 1, 0, 1, 0.263, 0.75
Acid30, 1, 0, 0.085, 0.099, 1, 0, 1, 0.16, 0.855
Acid31, 0, 0, 0.258, 0.132, 0, 0, 0, 0, 0.01
Acid32, 0, 0, 0.027, 0.022, 0, 0, 0, 0, 0.016
Acid33, 1, 0, 0.023, 0.633, 1, 0, 1, 0.255, 0.759
Acid34, 0, 0, 0.052, 0.031, 0, 0, 0, 0, 0.005
Acid35, 0, 0, 0.475, 0.126, 0, 0, 0, 0, 0.018
Acid36, 1, 0, 0.016, 0.015, 1, 0, 1, 1, 0.014
Acid37, 0, 0, 0.243, 0.068, 0, 0, 0, 0, 0.013
Acid38, 1, 0, 0.014, 0.018, 1, 0, 1, 1, 0.012
Acid39, 1, 0, 0.022, 0.304, 1, 0, 1, 0.452, 0.565
Acid4, 1, 0, 0.09, 0.034, 1, 0, 1, 0.198, 0.813
Acid40, 1, 0, 0.024, 0.021, 1, 0, 1, 1, 0.011
Acid5, 0, 0, 0.362, 0.084, 0, 0, 0, 0, 0.022
Acid6, 1, 0, 0.023, 0.031, 1, 0, 1, 0.01, 0.997
Acid7, 1, 0, 0.057, 0.025, 1, 0, 1, 0.179, 0.83
Acid8, 0, 0, 0.31, 0.083, 0, 0, 0, 0, 0.018
Acid9, 0, 0, 0.308, 0.074, 0, 0, 0, 0, 0.013
Acti10, 1, 0.002, 0.018, 0.06, 1, 0, 1, 0.877, 0.131
Acti11, 1, 0, 0.032, 0.032, 1, 0, 1, 0.999, 0.014
Acti12, 4, 0.952, 0.024, 0.589, 1, 0, 4, 1.427, 1.452
Acti13, 1, 0, 0.096, 0.048, 1, 0, 1, 0.999, 0.017
Acti14, 1, 0, 0.024, 0.039, 1, 0, 1, 0.189, 0.825
Acti15, 1, 0, 0.022, 0.019, 1, 0, 1, 1, 0.014
Acti16, 1, 0, 0.042, 0.263, 1, 0, 1, 0.252, 0.769
Acti18, 0, 0, 0.288, 0.068, 0, 0, 0, 0, 0.015
Acti19, 1, 0, 0.375, 0.118, 1, 0, 1, 1, 0.011
Acti2, 0, 0, 0.086, 0.035, 0, 0, 0, 0, 0.017
Acti20, 0, 0, 0.418, 0.19, 0, 0, 0, 0, 0.034
Acti21, 1, 0, 0.631, 0.171, 1, 0, 1, 1, 0.011
Acti22, 1, 0, 0.032, 0.028, 1, 0, 1, 0.999, 0.014
Acti23, 2, 0.001, 1.023, 0.366, 1, 0, 2, 0.355, 1.658
Acti24, 1, 0, 0.027, 0.025, 1, 0, 1, 0.999, 0.017
Acti25, 1, 0, 0.042, 0.078, 1, 0, 1, 0.859, 0.148
Acti26, 0, 0, 0.212, 0.07, 0, 0, 0, 0, 0.012
Acti27, 0, 0, 0.02, 0.017, 0, 0, 0, 0, 0.011
Acti28, 1, 0.002, 0.756, 0.305, 1, 0, 1, 0.914, 0.096
Acti29, 0, 0, 0.013, 0.015, 0, 0, 0, 0, 0.01
Acti3, 0, 0, 0.898, 0.03, 0, 0, 0, 0, 0.013
Acti30, 0, 0, 0.025, 0.019, 0, 0, 0, 0, 0.014
Acti31, 0, 0, 0.852, 0.033, 0, 0, 0, 0, 0.015
Acti32, 1, 0, 0.019, 0.016, 1, 0, 1, 0.999, 0.013
Acti33, 0, 0, 1.007, 0.013, 0, 0, 0, 0, 0.008
Acti34, 1, 0, 0.057, 0.016, 1, 0, 1, 0.995, 0.014
Acti35, 1, 0, 0.014, 0.015, 1, 0, 1, 0.994, 0.015
Acti36, 1, 0.001, 0.144, 0.388, 1, 0, 1, 0.97, 0.041
Acti37, 1, 0, 1.032, 0.261, 1, 0, 1, 0.988, 0.017
Acti38, 1, 0, 0.021, 0.939, 1, 0, 1, 1, 0.01
Acti39, 0, 0, 0.235, 0.22, 0, 0, 0, 0, 0.02
Acti4, 0, 0, 0.153, 0.081, 0, 0, 0, 0, 0.02
Acti40, 1, 0, 0.022, 0.017, 1, 0, 1, 1, 0.01
Acti41, 1, 0.001, 0.142, 0.468, 1, 0, 1, 0.17, 0.842
Acti42, 1, 0.001, 0.15, 0.128, 1, 0, 1, 0.432, 0.602
Acti43, 1, 0, 0.666, 0.056, 1, 0, 1, 0.449, 0.564
Acti44, 0, 0, 1.069, 0.044, 0, 0, 0, 0, 0.01
Acti45, 1, 0, 0.12, 0.036, 1, 0, 1, 0.914, 0.097
Acti46, 1, 0, 0.197, 0.162, 1, 0, 1, 0.111, 0.898
Acti47, 1, 0, 0.93, 0.046, 1, 0, 1, 0.103, 0.907
Acti48, 1, 0, 1.14, 0.243, 1, 0, 1, 0.997, 0.016
Acti49, 1, 0, 0.015, 0.016, 1, 0, 1, 1, 0.009
Acti5, 0, 0, 0.244, 0.052, 0, 0, 0, 0, 0.014
Acti50, 1, 0, 0.935, 0.344, 1, 0, 1, 0.734, 0.277
Acti51, 0, 0, 0.015, 0.012, 0, 0, 0, 0, 0.006
Acti52, 1, 0, 0.069, 0.039, 1, 0, 1, 0.995, 0.01
Acti6, 0, 0, 0.211, 0.046, 0, 0, 0, 0, 0.012
Acti7, 0, 0, 0.855, 0.022, 0, 0, 0, 0, 0.01
Acti8, 1, 0, 0.022, 0.02, 1, 0, 1, 1, 0.012
Acti9, 0, 0, 0.017, 0.02, 0, 0, 0, 0, 0.014
Aero1, 0, 0, 0.051, 0.041, 0, 0, 0, 0, 0.028
Aqui1, 0, 0, 0.182, 0.013, 0, 0, 0, 0, 0.007
Aqui2, 1, 0, 0.015, 0.039, 1, 0, 1, 0.168, 0.84
Aqui3, 0, 0, 0.033, 0.03, 0, 0, 0, 0, 0.019
Aqui4, 0, 0, 0.011, 0.01, 0, 0, 0, 0, 0.009
Aqui5, 0, 0, 0.057, 0.027, 0, 0, 0, 0, 0.015
Aqui6, 0, 0, 0.011, 0.011, 0, 0, 0, 0, 0.009
Arma11, 1, 0.002, 0.304, 0.223, 1, 0, 1, 0.19, 0.824
Arma12, 1, 0, 0.25, 0.17, 1, 0, 1, 0.382, 0.632
Arma13, 0, 0, 0.012, 0.013, 0, 0, 0, 0, 0.011
Arma14, 0, 0, 0.031, 0.039, 0, 0, 0, 0, 0.019
Arma15, 0, 0, 0.014, 0.017, 0, 0, 0, 0, 0.013
Arma16, 1, 0.001, 0.234, 0.306, 1, 0, 1, 0.397, 0.618
Arma3, 1, 0.002, 0.334, 0.595, 1, 0, 1, 0.128, 0.89
Arma4, 0, 0, 0.025, 0.02, 0, 0, 0, 0, 0.013
Arma6, 1, 0, 0.02, 0.018, 1, 0, 1, 0.997, 0.014
Arma7, 1, 0, 0.445, 0.128, 1, 0, 1, 0.188, 0.827
Arma9, 1, 0, 0.041, 0.031, 1, 0, 1, 0.995, 0.018
Aure1, 1, 0.001, 0.421, 0.585, 1, 0, 1, 0.48, 0.536
Aure2, 1, 0.001, 0.599, 0.35, 1, 0, 1, 0.306, 0.714
Aure3, 0, 0, 1.216, 0.441, 0, 0, 0, 0, 0.038
B130X1, 0, 0.001, 0.642, 0.433, 0, 0, 0, 0, 0.044
BMS3X1, 0, 0, 0.198, 0.131, 0, 0, 0, 0, 0.034
Bact1, 0, 0, 0.021, 0.019, 0, 0, 0, 0, 0.012
Bact10, 0, 0, 0.091, 0.055, 0, 0, 0, 0, 0.017
Bact11, 0, 0, 0.025, 0.027, 0, 0, 0, 0, 0.016
Bact12, 0, 0, 0.021, 0.017, 0, 0, 0, 0, 0.016
Bact13, 0, 0, 0.016, 0.017, 0, 0, 0, 0, 0.011
Bact14, 0, 0, 0.017, 0.021, 0, 0, 0, 0, 0.012
Bact16, 0, 0, 0.022, 0.022, 0, 0, 0, 0, 0.014
Bact17, 0, 0, 0.014, 0.016, 0, 0, 0, 0, 0.011
Bact18, 0, 0, 0.015, 0.011, 0, 0, 0, 0, 0.006
Bact19, 1, 0, 0.401, 0.403, 1, 0, 1, 0.29, 0.719
Bact2, 0, 0, 0.016, 0.02, 0, 0, 0, 0, 0.014
Bact20, 0, 0, 0.015, 0.017, 0, 0, 0, 0, 0.012
Bact21, 1, 0, 0.041, 0.023, 1, 0, 1, 0.998, 0.014
Bact22, 0, 0, 0.019, 0.02, 0, 0, 0, 0, 0.012
Bact23, 1, 0, 0.019, 0.174, 1, 0, 1, 0.198, 0.814
Bact24, 0, 0, 0.02, 0.019, 0, 0, 0, 0, 0.013
Bact25, 0, 0, 0.019, 0.017, 0, 0, 0, 0, 0.006
Bact27, 1, 0, 0.148, 0.106, 1, 0, 1, 0.809, 0.2
Bact28, 0, 0, 0.223, 0.06, 0, 0, 0, 0, 0.018
Bact29, 1, 0, 1.017, 0.12, 1, 0, 1, 0.141, 0.875
Bact3, 0, 0, 0.017, 0.015, 0, 0, 0, 0, 0.012
Bact30, 0, 0, 0.015, 0.015, 0, 0, 0, 0, 0.009
Bact31, 0, 0, 0.018, 0.017, 0, 0, 0, 0, 0.011
Bact32, 0, 0, 0.016, 0.019, 0, 0, 0, 0, 0.01
Bact33, 1, 0, 0.254, 0.134, 1, 0, 1, 0.153, 0.854
Bact34, 0, 0, 0.065, 0.025, 0, 0, 0, 0, 0.015
Bact35, 0, 0, 0.558, 0.087, 0, 0, 0, 0, 0.016
Bact36, 0, 0, 0.173, 0.067, 0, 0, 0, 0, 0.012
Bact37, 1, 0, 0.015, 0.042, 1, 0, 1, 0.232, 0.779
Bact38, 0, 0, 0.017, 0.016, 0, 0, 0, 0, 0.01
Bact39, 1, 0, 0.163, 0.257, 1, 0, 1, 0.245, 0.763
Bact4, 0, 0, 0.032, 0.023, 0, 0, 0, 0, 0.014
Bact40, 1, 0.003, 0.247, 0.751, 1, 0, 1, 0.882, 0.125
Bact41, 1, 0, 0.363, 0.159, 1, 0, 1, 0.765, 0.244
Bact42, 0, 0, 0.247, 0.034, 0, 0, 0, 0, 0.011
Bact43, 1, 0, 0.025, 0.138, 1, 0, 1, 0.146, 0.864
Bact44, 0, 0, 0.461, 0.052, 0, 0, 0, 0, 0.013
Bact5, 0, 0, 0.015, 0.012, 0, 0, 0, 0, 0.007
Bact6, 0, 0, 0.051, 0.028, 0, 0, 0, 0, 0.015
Bact7, 0, 0, 0.024, 0.022, 0, 0, 0, 0, 0.013
Bact8, 0, 0, 0.02, 0.018, 0, 0, 0, 0, 0.009
Bact9, 1, 0, 0.152, 0.03, 1, 0, 1, 0.997, 0.01
Bdell10, 0, 0, 0.024, 0.025, 0, 0, 0, 0, 0.015
Bdell11, 0, 0, 0.025, 0.021, 0, 0, 0, 0, 0.01
Bdell12, 1, 0, 0.259, 0.045, 1, 0, 1, 0.995, 0.022
Bdell13, 0, 0.001, 0.39, 0.075, 0, 0, 0, 0, 0.014
Bdell14, 0, 0, 0.016, 0.015, 0, 0, 0, 0, 0.012
Bdell15, 0, 0, 0.018, 0.018, 0, 0, 0, 0, 0.012
Bdell16, 0, 0, 0.025, 0.024, 0, 0, 0, 0, 0.017
Bdell17, 0, 0, 0.02, 0.017, 0, 0, 0, 0, 0.012
Bdell2, 0, 0, 0.022, 0.022, 0, 0, 0, 0, 0.013
Bdell3, 2, 0.001, 0.017, 0.139, 1, 0, 2, 1.229, 0.779
Bdell4, 0, 0, 0.018, 0.017, 0, 0, 0, 0, 0.014
Bdell5, 0, 0, 0.021, 0.021, 0, 0, 0, 0, 0.014
Bdell6, 0, 0, 0.041, 0.035, 0, 0, 0, 0, 0.012
Bdell7, 0, 0, 0.016, 0.013, 0, 0, 0, 0, 0.009
Bdell9, 0, 0, 0.019, 0.02, 0, 0, 0, 0, 0.013
BdellC1, 0, 0, 0.04, 0.037, 0, 0, 0, 0, 0.022
BdellC2, 0, 0, 0.028, 0.021, 0, 0, 0, 0, 0.01
Bipo1, 0, 0, 0.323, 0.08, 0, 0, 0, 0, 0.024
Bipo2, 1, 0.001, 0.036, 0.239, 1, 0, 1, 0.277, 0.736
CG267X1, 0, 0, 0.022, 0.019, 0, 0, 0, 0, 0.01
CG294X1, 0, 0, 0.018, 0.009, 0, 0, 0, 0, 0.006
CSP1X1, 0, 0, 0.272, 0.134, 0, 0, 0, 0, 0.028
Calda1, 0, 0, 0.043, 0.048, 0, 0, 0, 0, 0.021
Calda2, 0, 0, 0.047, 0.045, 0, 0, 0, 0, 0.025
Caldit1, 0, 0, 0.016, 0.018, 0, 0, 0, 0, 0.01
Caldit2, 0, 0, 0.02, 0.023, 0, 0, 0, 0, 0.014
Caldit3, 0, 0, 0.027, 0.024, 0, 0, 0, 0, 0.018
Camp1, 0, 0, 0.025, 0.025, 0, 0, 0, 0, 0.009
Camp10, 0, 0.001, 0.307, 0.072, 0, 0, 0, 0, 0.005
Camp11, 1, 0, 0.187, 0.086, 1, 0, 1, 0.237, 0.776
Camp12, 0, 0, 0.242, 0.102, 0, 0, 0, 0, 0.013
Camp13, 0, 0, 0.088, 0.053, 0, 0, 0, 0, 0.01
Camp14, 1, 0, 0.02, 0.201, 1, 0, 1, 0.828, 0.183
Camp15, 0, 0, 0.843, 0.158, 0, 0, 0, 0, 0.006
Camp16, 1, 0, 0.017, 0.02, 1, 0, 1, 0.999, 0.009
Camp2, 0, 0, 0.089, 0.053, 0, 0, 0, 0, 0.011
Camp3, 0, 0, 0.031, 0.03, 0, 0, 0, 0, 0.015
Camp4, 1, 0, 0.012, 0.008, 1, 0, 1, 1, 0.004
Camp5, 1, 0, 0.022, 0.102, 1, 0, 1, 0.289, 0.721
Camp6, 0, 0, 0.027, 0.022, 0, 0, 0, 0, 0.014
Camp7, 0, 0, 0.804, 0.164, 0, 0, 0, 0, 0.016
Camp9, 0, 0, 0.025, 0.024, 0, 0, 0, 0, 0.012
Chlo10, 0, 0, 0.37, 0.094, 0, 0, 0, 0, 0.011
Chlo11, 0, 0, 0.032, 0.03, 0, 0, 0, 0, 0.016
Chlo12, 1, 0, 0.021, 0.03, 1, 0, 1, 0.995, 0.023
Chlo13, 0, 0, 0.271, 0.083, 0, 0, 0, 0, 0.01
Chlo14, 0, 0, 0.08, 0.036, 0, 0, 0, 0, 0.009
Chlo15, 1, 0, 0.043, 0.074, 1, 0, 1, 0.221, 0.788
Chlo16, 1, 0.003, 0.027, 0.401, 1, 0, 1, 0.344, 0.669
Chlo17, 1, 0, 0.759, 0.341, 1, 0, 1, 0.236, 0.775
Chlo18, 0, 0, 0.047, 0.035, 0, 0, 0, 0, 0.008
Chlo19, 0, 0, 0.099, 0.087, 0, 0, 0, 0, 0.006
Chlo20, 0, 0, 0.266, 0.079, 0, 0, 0, 0, 0.015
Chlo21, 0, 0, 0.021, 0.021, 0, 0, 0, 0, 0.017
Chlo22, 0, 0, 0.856, 0.117, 0, 0, 0, 0, 0.017
Chlo23, 0, 0, 0.185, 0.106, 0, 0, 0, 0, 0.012
Chlo24, 0, 0, 1.009, 0.015, 0, 0, 0, 0, 0.011
Chlo25, 0, 0, 0.111, 0.094, 0, 0, 0, 0, 0.01
Chlo26, 0, 0, 0.032, 0.031, 0, 0, 0, 0, 0.016
Chlo27, 1, 0, 0.039, 0.033, 1, 0, 1, 1, 0.013
Chlo28, 0, 0, 0.087, 0.056, 0, 0, 0, 0, 0.011
Chlo29, 1, 0, 0.685, 0.238, 1, 0, 1, 0.143, 0.872
Chlo30, 1, 0.001, 0.028, 0.633, 1, 0, 1, 0.997, 0.015
Chlo31, 0, 0, 0.114, 0.097, 0, 0, 0, 0, 0.013
Chlo32, 1, 0, 0.146, 0.071, 1, 0, 1, 0.747, 0.268
Chlo33, 0, 0, 0.163, 0.119, 0, 0, 0, 0, 0.011
Chlo34, 0, 0, 0.032, 0.03, 0, 0, 0, 0, 0.022
Chlo35, 0, 0, 0.016, 0.016, 0, 0, 0, 0, 0.012
Chlo36, 1, 0, 0.014, 0.014, 1, 0, 1, 0.999, 0.009
Chlo37, 1, 0.002, 0.026, 0.618, 1, 0, 1, 0.996, 0.012
Chlo38, 0, 0, 0.107, 0.085, 0, 0, 0, 0, 0.014
Chlo39, 0, 0, 0.028, 0.022, 0, 0, 0, 0, 0.016
Chlo4, 1, 0.001, 0.026, 0.031, 1, 0, 1, 0.991, 0.024
Chlo40, 1, 0, 0.014, 0.016, 1, 0, 1, 0.999, 0.009
Chlo41, 0, 0, 0.023, 0.021, 0, 0, 0, 0, 0.011
Chlo42, 0, 0, 0.017, 0.016, 0, 0, 0, 0, 0.007
Chlo43, 0, 0, 0.058, 0.037, 0, 0, 0, 0, 0.013
Chlo44, 1, 0.001, 0.257, 0.169, 1, 0, 1, 0.74, 0.272
Chlo45, 1, 0, 0.147, 0.017, 1, 0, 1, 0.997, 0.011
Chlo46, 1, 0, 1.017, 0.021, 1, 0, 1, 0.131, 0.881
Chlo47, 0, 0, 0.279, 0.075, 0, 0, 0, 0, 0.014
Chlo48, 1, 0, 0.021, 0.118, 1, 0, 1, 0.352, 0.662
Chlo5, 0, 0, 0.368, 0.139, 0, 0, 0, 0, 0.013
Chlo6, 0, 0, 0.05, 0.049, 0, 0, 0, 0, 0.011
Chlo7, 0, 0, 0.275, 0.064, 0, 0, 0, 0, 0.02
Chlo8, 1, 0.001, 0.029, 0.149, 1, 0, 1, 0.901, 0.11
Chlo9, 0, 0, 0.054, 0.038, 0, 0, 0, 0, 0.015
Chry1, 1, 0, 0.077, 1.006, 1, 0, 1, 0.616, 0.411
Cloa1, 0, 0, 0.042, 0.048, 0, 0, 0, 0, 0.021
Cyan1, 0, 0, 0.037, 0.036, 0, 0, 0, 0, 0.014
Cyan10, 1, 0.001, 0.152, 0.287, 1, 0, 1, 0.958, 0.058
Cyan11, 1, 0, 0.054, 0.035, 1, 0, 1, 0.877, 0.136
Cyan12, 0, 0, 0.022, 0.02, 0, 0, 0, 0, 0.01
Cyan13, 0, 0, 0.01, 0.013, 0, 0, 0, 0, 0.006
Cyan14, 2, 0.001, 1.262, 0.718, 1, 0, 2, 1.987, 0.023
Cyan15, 2, 0, 2.013, 0.701, 1, 0, 2, 1.238, 0.775
Cyan16, 1, 0, 2.002, 0.047, 1, 0, 1, 0.96, 0.05
Cyan18, 0, 0, 0.019, 0.019, 0, 0, 0, 0, 0.015
Cyan19, 1, 0, 0.243, 0.065, 1, 0, 1, 0.797, 0.215
Cyan2, 0, 0, 0.04, 0.035, 0, 0, 0, 0, 0.017
Cyan20, 1, 0, 0.198, 0.103, 1, 0, 1, 0.964, 0.058
Cyan21, 2, 0, 0.019, 0.063, 1, 0, 2, 1.16, 0.853
Cyan22, 2, 0, 0.045, 0.089, 1, 0, 2, 1.908, 0.106
Cyan23, 1, 0, 1.27, 0.109, 1, 0, 1, 0.99, 0.02
Cyan24, 1, 0, 0.862, 0.319, 1, 0, 1, 0.316, 0.691
Cyan25, 1, 0, 0.779, 0.048, 1, 0, 1, 0.427, 0.581
Cyan26, 1, 0, 0.892, 0.103, 1, 0, 1, 0.037, 0.974
Cyan27, 1, 0, 0.02, 0.013, 1, 0, 1, 0.875, 0.131
Cyan28, 1, 0, 0.028, 0.033, 1, 0, 1, 0.032, 0.977
Cyan29, 2, 0, 0.974, 0.027, 1, 0, 2, 1.988, 0.022
Cyan3, 2, 0.191, 0.982, 0.709, 1, 0, 2, 0.728, 1.049
Cyan30, 1, 0, 0.313, 0.05, 1, 0, 1, 0.002, 1.006
Cyan31, 1, 0.002, 0.8, 0.761, 1, 0, 1, 0.391, 0.621
Cyan32, 1, 0.001, 1.018, 0.495, 1, 0, 1, 0.233, 0.781
Cyan33, 1, 0, 0.173, 0.017, 1, 0, 1, 1, 0.007
Cyan34, 1, 0, 0.206, 0.658, 1, 0, 1, 0.981, 0.029
Cyan35, 1, 0.003, 0.313, 0.69, 1, 0, 1, 0.772, 0.235
Cyan36, 1, 0, 0.71, 0.42, 1, 0, 1, 0.79, 0.218
Cyan37, 1, 0, 0.348, 0.27, 1, 0, 1, 0.206, 0.815
Cyan38, 1, 0.001, 0.082, 0.165, 1, 0, 1, 0.053, 0.965
Cyan4, 0, 0, 0.021, 0.023, 0, 0, 0, 0, 0.016
Cyan40, 1, 0, 0.89, 0.017, 1, 0, 1, 0.01, 1.001
Cyan41, 1, 0, 0.077, 0.031, 1, 0, 1, 1, 0.007
Cyan42, 1, 0, 0.787, 0.156, 1, 0, 1, 0.963, 0.045
Cyan43, 1, 0, 0.027, 0.031, 1, 0, 1, 0.999, 0.016
Cyan44, 1, 0, 0.014, 0.012, 1, 0, 1, 1, 0.006
Cyan45, 1, 0.002, 0.977, 0.423, 1, 0, 1, 0.13, 0.882
Cyan46, 1, 0.002, 0.251, 0.385, 1, 0, 1, 0.996, 0.013
Cyan47, 1, 0, 0.017, 0.013, 1, 0, 1, 0.999, 0.009
Cyan7, 0, 0, 0.022, 0.017, 0, 0, 0, 0, 0.01
Cyan8, 0, 0, 0.017, 0.012, 0, 0, 0, 0, 0.011
Cyan9, 0, 0, 0.017, 0.015, 0, 0, 0, 0, 0.012
DTU0X1, 0, 0, 0.03, 0.034, 0, 0, 0, 0, 0.025
Defe1, 0, 0, 0.568, 0.365, 0, 0, 0, 0, 0.009
Defe2, 0, 0, 0.618, 0.282, 0, 0, 0, 0, 0.014
Defe3, 1, 0.001, 0.022, 0.456, 1, 0, 1, 0.595, 0.417
Dein1, 0, 0, 0.955, 0.079, 0, 0, 0, 0, 0.012
Dein2, 1, 0, 0.048, 0.035, 1, 0, 1, 1, 0.01
Dein3, 0, 0, 0.949, 0.039, 0, 0, 0, 0, 0.007
Dein4, 1, 0, 0.013, 0.011, 1, 0, 1, 1, 0.004
Dein5, 1, 0, 0.025, 0.087, 1, 0, 1, 0.927, 0.082
Dein6, 1, 0, 0.02, 0.019, 1, 0, 1, 0.999, 0.011
Dein7, 1, 0.001, 0.024, 0.073, 1, 0, 1, 0.931, 0.081
Desa1, 0, 0, 0.103, 0.092, 0, 0, 0, 0, 0.039
DesuB1, 2, 0.001, 0.036, 0.142, 1, 0, 2, 1.203, 0.81
DesuB2, 1, 0, 0.243, 0.077, 1, 0, 1, 1, 0.018
DesuB3, 1, 0, 0.02, 0.02, 1, 0, 1, 0.999, 0.01
DesuB4, 1, 0, 0.029, 0.028, 1, 0, 1, 0.999, 0.019
DesuC1, 0, 0, 1.008, 0.022, 0, 0, 0, 0, 0.016
DesuC2, 1, 0, 0.017, 0.022, 1, 0, 1, 0.983, 0.025
DesuD1, 1, 0, 0.052, 0.03, 1, 0, 1, 0.999, 0.009
DesuD2, 1, 0, 0.057, 0.04, 1, 0, 1, 0.999, 0.014
Desua1, 0, 0, 0.02, 0.021, 0, 0, 0, 0, 0.016
Desua10, 0, 0, 0.042, 0.022, 0, 0, 0, 0, 0.011
Desua11, 0, 0, 0.021, 0.019, 0, 0, 0, 0, 0.014
Desua12, 0, 0, 0.011, 0.011, 0, 0, 0, 0, 0.007
Desua13, 0, 0, 0.022, 0.022, 0, 0, 0, 0, 0.014
Desua14, 0, 0, 0.137, 0.064, 0, 0, 0, 0, 0.013
Desua15, 1, 0, 0.934, 0.026, 1, 0, 1, 0.995, 0.015
Desua16, 1, 0, 1.019, 0.041, 1, 0, 1, 0.914, 0.1
Desua17, 1, 0, 0.557, 0.324, 1, 0, 1, 0.8, 0.214
Desua18, 1, 0, 0.552, 0.268, 1, 0, 1, 0.699, 0.313
Desua19, 0, 0, 0.032, 0.029, 0, 0, 0, 0, 0.013
Desua2, 0, 0, 0.263, 0.065, 0, 0, 0, 0, 0.008
Desua20, 0, 0, 0.262, 0.05, 0, 0, 0, 0, 0.021
Desua21, 0, 0, 0.03, 0.034, 0, 0, 0, 0, 0.024
Desua22, 0, 0, 0.399, 0.157, 0, 0, 0, 0, 0.018
Desua23, 1, 0.001, 0.025, 0.7, 1, 0, 1, 0.371, 0.643
Desua24, 1, 0, 0.923, 0.02, 1, 0, 1, 0.995, 0.012
Desua25, 0, 0, 0.017, 0.022, 0, 0, 0, 0, 0.014
Desua26, 0, 0, 0.012, 0.012, 0, 0, 0, 0, 0.009
Desua27, 0, 0, 0.017, 0.014, 0, 0, 0, 0, 0.01
Desua28, 1, 0, 0.017, 0.015, 1, 0, 1, 1, 0.011
Desua29, 0, 0, 0.017, 0.012, 0, 0, 0, 0, 0.009
Desua3, 0, 0, 0.018, 0.019, 0, 0, 0, 0, 0.014
Desua30, 0, 0, 0.012, 0.017, 0, 0, 0, 0, 0.009
Desua31, 0, 0, 0.012, 0.019, 0, 0, 0, 0, 0.006
Desua32, 0, 0, 0.019, 0.024, 0, 0, 0, 0, 0.016
Desua33, 0, 0, 0.011, 0.011, 0, 0, 0, 0, 0.008
Desua34, 0, 0, 0.016, 0.016, 0, 0, 0, 0, 0.012
Desua35, 1, 0, 0.014, 0.014, 1, 0, 1, 1, 0.008
Desua36, 0, 0, 0.017, 0.015, 0, 0, 0, 0, 0.011
Desua37, 1, 0, 0.082, 0.024, 1, 0, 1, 0.994, 0.014
Desua38, 0, 0, 0.015, 0.014, 0, 0, 0, 0, 0.009
Desua39, 0, 0, 0.012, 0.012, 0, 0, 0, 0, 0.004
Desua4, 0, 0, 0.022, 0.021, 0, 0, 0, 0, 0.016
Desua40, 0, 0, 0.018, 0.016, 0, 0, 0, 0, 0.012
Desua41, 1, 0, 0.016, 0.016, 1, 0, 1, 0.238, 0.771
Desua42, 0, 0, 0.012, 0.014, 0, 0, 0, 0, 0.009
Desua43, 0, 0, 0.023, 0.025, 0, 0, 0, 0, 0.017
Desua44, 0, 0, 0.019, 0.016, 0, 0, 0, 0, 0.01
Desua45, 0, 0, 0.032, 0.032, 0, 0, 0, 0, 0.021
Desua46, 0, 0, 0.018, 0.019, 0, 0, 0, 0, 0.015
Desua47, 0, 0, 0.018, 0.019, 0, 0, 0, 0, 0.01
Desua48, 0, 0, 0.015, 0.016, 0, 0, 0, 0, 0.012
Desua49, 0, 0, 0.016, 0.019, 0, 0, 0, 0, 0.01
Desua5, 0, 0, 0.131, 0.078, 0, 0, 0, 0, 0.028
Desua50, 0, 0, 0.021, 0.022, 0, 0, 0, 0, 0.012
Desua51, 1, 0, 0.016, 0.018, 1, 0, 1, 1, 0.012
Desua52, 0, 0, 0.014, 0.013, 0, 0, 0, 0, 0.008
Desua53, 1, 0, 0.012, 0.011, 1, 0, 1, 1, 0.008
Desua54, 0, 0, 0.024, 0.022, 0, 0, 0, 0, 0.012
Desua6, 0, 0, 0.026, 0.025, 0, 0, 0, 0, 0.018
Desua7, 0, 0, 0.018, 0.015, 0, 0, 0, 0, 0.01
Desua8, 1, 0.002, 0.029, 0.37, 1, 0, 1, 0.247, 0.772
Desua9, 1, 0, 0.516, 0.02, 1, 0, 1, 0.838, 0.173
Dict1, 0, 0, 0.087, 0.064, 0, 0, 0, 0, 0.022
Dorm1, 0, 0, 1.002, 0.031, 0, 0, 0, 0, 0.019
Dorm2, 1, 0, 0.02, 0.027, 1, 0, 1, 0.972, 0.037
Dorm3, 1, 0.002, 0.618, 0.39, 1, 0, 1, 0.619, 0.39
Dorm4, 1, 0, 0.11, 0.064, 1, 0, 1, 0.977, 0.028
Dorm5, 0, 0, 1.001, 0.019, 0, 0, 0, 0, 0.01
Edwa1, 0, 0, 0.026, 0.027, 0, 0, 0, 0, 0.02
Eise1, 0, 0, 0.015, 0.02, 0, 0, 0, 0, 0.012
Eise2, 0, 0.001, 0.017, 0.016, 0, 0, 0, 0, 0.013
Eise3, 0, 0, 0.01, 0.01, 0, 0, 0, 0, 0.007
Eise4, 0, 0, 0.014, 0.017, 0, 0, 0, 0, 0.011
Elus1, 0, 0, 0.071, 0.058, 0, 0, 0, 0, 0.041
Elus10, 0, 0, 0.012, 0.011, 0, 0, 0, 0, 0.01
Elus2, 1, 0, 0.017, 0.248, 1, 0, 1, 0.152, 0.862
Elus3, 0, 0, 0.018, 0.015, 0, 0, 0, 0, 0.011
Elus4, 1, 0, 0.023, 0.234, 1, 0, 1, 0.239, 0.778
Elus5, 0, 0, 0.171, 0.037, 0, 0, 0, 0, 0.016
Elus6, 0, 0, 0.023, 0.028, 0, 0, 0, 0, 0.019
Elus7, 0, 0, 0.082, 0.035, 0, 0, 0, 0, 0.009
Elus8, 0, 0, 0.014, 0.01, 0, 0, 0, 0, 0.01
Elus9, 0, 0, 0.011, 0.01, 0, 0, 0, 0, 0.009
Erem2, 0, 0, 0.072, 0.058, 0, 0, 0, 0, 0.026
Erem3, 0, 0, 0.021, 0.017, 0, 0, 0, 0, 0.006
Erem4, 0, 0, 0.008, 0.007, 0, 0, 0, 0, 0.003
Erem5, 0, 0, 0.012, 0.011, 0, 0, 0, 0, 0.007
Erem6, 0, 0, 0.022, 0.018, 0, 0, 0, 0, 0.012
FCPU1, 1, 0, 0.02, 0.018, 1, 0, 1, 0.997, 0.011
FCPU2, 1, 0, 0.028, 0.029, 1, 0, 1, 0.995, 0.019
Ferm1, 0, 0, 0.013, 0.019, 0, 0, 0, 0, 0.013
Fibr1, 1, 0, 0.028, 0.045, 1, 0, 1, 0.215, 0.798
Fibr2, 0, 0, 0.046, 0.035, 0, 0, 0, 0, 0.009
Fibr3, 0, 0, 0.067, 0.052, 0, 0, 0, 0, 0.025
Fibr4, 0, 0, 0.051, 0.041, 0, 0, 0, 0, 0.014
Fibr5, 0, 0, 0.238, 0.029, 0, 0, 0, 0, 0.008
Fibr6, 1, 0.002, 0.02, 0.372, 1, 0, 1, 0.186, 0.826
Fire1, 1, 0, 0.068, 0.16, 1, 0, 1, 0.123, 0.903
FirmA1, 0, 0, 0.024, 0.021, 0, 0, 0, 0, 0.016
FirmA10, 0, 0, 0.025, 0.027, 0, 0, 0, 0, 0.021
FirmA100, 0, 0, 0.022, 0.021, 0, 0, 0, 0, 0.012
FirmA101, 0, 0, 0.011, 0.012, 0, 0, 0, 0, 0.009
FirmA102, 0, 0, 0.015, 0.015, 0, 0, 0, 0, 0.011
FirmA103, 0, 0, 0.019, 0.022, 0, 0, 0, 0, 0.014
FirmA104, 0, 0, 0.013, 0.011, 0, 0, 0, 0, 0.007
FirmA105, 0, 0, 0.013, 0.011, 0, 0, 0, 0, 0.009
FirmA106, 0, 0, 0.026, 0.023, 0, 0, 0, 0, 0.017
FirmA107, 0, 0, 0.019, 0.02, 0, 0, 0, 0, 0.015
FirmA108, 0, 0, 0.017, 0.015, 0, 0, 0, 0, 0.013
FirmA109, 0, 0, 0.016, 0.011, 0, 0, 0, 0, 0.008
FirmA11, 0, 0, 0.028, 0.027, 0, 0, 0, 0, 0.022
FirmA110, 0, 0, 0.016, 0.018, 0, 0, 0, 0, 0.013
FirmA111, 0, 0, 0.04, 0.028, 0, 0, 0, 0, 0.018
FirmA112, 0, 0, 0.014, 0.014, 0, 0, 0, 0, 0.009
FirmA113, 0, 0, 0.021, 0.021, 0, 0, 0, 0, 0.015
FirmA114, 0, 0, 0.014, 0.014, 0, 0, 0, 0, 0.011
FirmA12, 0, 0, 0.018, 0.019, 0, 0, 0, 0, 0.012
FirmA14, 0, 0, 0.023, 0.022, 0, 0, 0, 0, 0.017
FirmA16, 0, 0, 0.017, 0.015, 0, 0, 0, 0, 0.013
FirmA18, 0, 0, 0.015, 0.011, 0, 0, 0, 0, 0.01
FirmA19, 0, 0, 0.015, 0.018, 0, 0, 0, 0, 0.012
FirmA2, 0, 0, 0.025, 0.026, 0, 0, 0, 0, 0.019
FirmA20, 0, 0, 0.022, 0.018, 0, 0, 0, 0, 0.012
FirmA21, 0, 0, 0.007, 0.009, 0, 0, 0, 0, 0.006
FirmA24, 0, 0, 0.03, 0.021, 0, 0, 0, 0, 0.018
FirmA25, 0, 0, 0.023, 0.026, 0, 0, 0, 0, 0.015
FirmA26, 0, 0, 0.013, 0.015, 0, 0, 0, 0, 0.009
FirmA27, 0, 0, 0.02, 0.019, 0, 0, 0, 0, 0.015
FirmA28, 0, 0, 0.022, 0.022, 0, 0, 0, 0, 0.015
FirmA29, 0, 0, 0.015, 0.016, 0, 0, 0, 0, 0.014
FirmA30, 0, 0, 0.026, 0.026, 0, 0, 0, 0, 0.019
FirmA31, 0, 0, 0.013, 0.012, 0, 0, 0, 0, 0.009
FirmA32, 0, 0, 0.158, 0.06, 0, 0, 0, 0, 0.014
FirmA33, 0, 0, 0.022, 0.024, 0, 0, 0, 0, 0.017
FirmA34, 0, 0, 0.011, 0.011, 0, 0, 0, 0, 0.007
FirmA35, 0, 0, 0.011, 0.01, 0, 0, 0, 0, 0.01
FirmA36, 0, 0, 0.022, 0.024, 0, 0, 0, 0, 0.015
FirmA37, 0, 0, 0.017, 0.018, 0, 0, 0, 0, 0.015
FirmA38, 1, 0, 0.015, 0.53, 1, 0, 1, 0.142, 0.871
FirmA39, 0, 0, 0.015, 0.014, 0, 0, 0, 0, 0.01
FirmA40, 0, 0, 0.016, 0.017, 0, 0, 0, 0, 0.007
FirmA41, 0, 0, 0.017, 0.018, 0, 0, 0, 0, 0.013
FirmA42, 0, 0, 0.021, 0.018, 0, 0, 0, 0, 0.011
FirmA43, 0, 0, 0.01, 0.01, 0, 0, 0, 0, 0.005
FirmA44, 0, 0, 0.022, 0.036, 0, 0, 0, 0, 0.019
FirmA45, 0, 0, 0.025, 0.023, 0, 0, 0, 0, 0.016
FirmA46, 0, 0, 0.012, 0.011, 0, 0, 0, 0, 0.008
FirmA47, 0, 0, 0.013, 0.017, 0, 0, 0, 0, 0.012
FirmA48, 0, 0, 0.014, 0.013, 0, 0, 0, 0, 0.009
FirmA49, 0, 0, 0.02, 0.019, 0, 0, 0, 0, 0.014
FirmA5, 0, 0, 0.022, 0.025, 0, 0, 0, 0, 0.016
FirmA50, 0, 0, 0.016, 0.021, 0, 0, 0, 0, 0.01
FirmA51, 0, 0, 0.01, 0.01, 0, 0, 0, 0, 0.009
FirmA52, 0, 0, 0.018, 0.018, 0, 0, 0, 0, 0.014
FirmA53, 0, 0, 0.012, 0.013, 0, 0, 0, 0, 0.011
FirmA54, 0, 0, 0.215, 0.092, 0, 0, 0, 0, 0.008
FirmA55, 0, 0, 0.017, 0.018, 0, 0, 0, 0, 0.012
FirmA56, 0, 0, 0.021, 0.019, 0, 0, 0, 0, 0.013
FirmA57, 0, 0, 0.021, 0.019, 0, 0, 0, 0, 0.017
FirmA58, 0, 0, 0.021, 0.017, 0, 0, 0, 0, 0.014
FirmA59, 0, 0, 0.016, 0.018, 0, 0, 0, 0, 0.011
FirmA6, 0, 0, 0.011, 0.014, 0, 0, 0, 0, 0.009
FirmA60, 0, 0, 0.023, 0.021, 0, 0, 0, 0, 0.018
FirmA61, 0, 0, 0.012, 0.011, 0, 0, 0, 0, 0.005
FirmA62, 0, 0, 0.015, 0.018, 0, 0, 0, 0, 0.013
FirmA63, 0, 0, 0.025, 0.025, 0, 0, 0, 0, 0.015
FirmA64, 0, 0, 0.018, 0.019, 0, 0, 0, 0, 0.013
FirmA65, 0, 0, 0.015, 0.016, 0, 0, 0, 0, 0.009
FirmA66, 0, 0, 0.02, 0.019, 0, 0, 0, 0, 0.013
FirmA67, 0, 0, 0.018, 0.02, 0, 0, 0, 0, 0.015
FirmA68, 0, 0, 0.02, 0.025, 0, 0, 0, 0, 0.012
FirmA69, 0, 0, 0.022, 0.019, 0, 0, 0, 0, 0.011
FirmA7, 0, 0, 0.021, 0.019, 0, 0, 0, 0, 0.013
FirmA70, 0, 0, 0.018, 0.018, 0, 0, 0, 0, 0.012
FirmA71, 0, 0, 0.021, 0.025, 0, 0, 0, 0, 0.016
FirmA72, 0, 0, 0.018, 0.017, 0, 0, 0, 0, 0.012
FirmA73, 0, 0, 0.019, 0.018, 0, 0, 0, 0, 0.013
FirmA74, 0, 0, 0.016, 0.016, 0, 0, 0, 0, 0.011
FirmA75, 0, 0, 0.018, 0.019, 0, 0, 0, 0, 0.018
FirmA76, 0, 0, 0.012, 0.013, 0, 0, 0, 0, 0.008
FirmA77, 0, 0, 0.022, 0.024, 0, 0, 0, 0, 0.012
FirmA78, 0, 0, 0.014, 0.013, 0, 0, 0, 0, 0.008
FirmA79, 0, 0, 0.011, 0.009, 0, 0, 0, 0, 0.008
FirmA8, 0, 0, 0.017, 0.016, 0, 0, 0, 0, 0.005
FirmA80, 0, 0, 0.02, 0.026, 0, 0, 0, 0, 0.016
FirmA81, 0, 0, 0.015, 0.012, 0, 0, 0, 0, 0.012
FirmA83, 0, 0, 0.016, 0.013, 0, 0, 0, 0, 0.01
FirmA84, 0, 0, 0.017, 0.016, 0, 0, 0, 0, 0.011
FirmA85, 0, 0, 0.028, 0.024, 0, 0, 0, 0, 0.013
FirmA86, 0, 0, 0.019, 0.02, 0, 0, 0, 0, 0.011
FirmA87, 0, 0, 0.015, 0.019, 0, 0, 0, 0, 0.012
FirmA88, 0, 0, 0.008, 0.01, 0, 0, 0, 0, 0.006
FirmA89, 0, 0, 0.011, 0.013, 0, 0, 0, 0, 0.008
FirmA9, 0, 0, 0.02, 0.022, 0, 0, 0, 0, 0.014
FirmA90, 0, 0, 0.017, 0.018, 0, 0, 0, 0, 0.012
FirmA91, 0, 0, 0.012, 0.011, 0, 0, 0, 0, 0.009
FirmA92, 1, 0, 0.012, 0.369, 1, 0, 1, 0.204, 0.805
FirmA93, 0, 0, 0.016, 0.016, 0, 0, 0, 0, 0.01
FirmA94, 0, 0, 0.009, 0.009, 0, 0, 0, 0, 0.009
FirmA95, 0, 0, 0.03, 0.032, 0, 0, 0, 0, 0.022
FirmA96, 0, 0, 0.01, 0.01, 0, 0, 0, 0, 0.007
FirmA97, 0, 0, 0.011, 0.01, 0, 0, 0, 0, 0.008
FirmA98, 0, 0, 0.019, 0.019, 0, 0, 0, 0, 0.016
FirmA99, 0, 0, 0.018, 0.017, 0, 0, 0, 0, 0.013
FirmB1, 0, 0, 0.016, 0.014, 0, 0, 0, 0, 0.01
FirmB10, 0, 0, 0.053, 0.043, 0, 0, 0, 0, 0.015
FirmB11, 0, 0, 1.005, 0.017, 0, 0, 0, 0, 0.011
FirmB12, 1, 0, 0.016, 0.022, 1, 0, 1, 0.992, 0.016
FirmB13, 0, 0, 0.014, 0.015, 0, 0, 0, 0, 0.011
FirmB14, 0, 0, 0.014, 0.011, 0, 0, 0, 0, 0.008
FirmB15, 0, 0, 0.017, 0.024, 0, 0, 0, 0, 0.017
FirmB16, 0, 0, 0.01, 0.007, 0, 0, 0, 0, 0.007
FirmB17, 0, 0, 0.008, 0.009, 0, 0, 0, 0, 0.008
FirmB2, 1, 0, 0.012, 0.015, 1, 0, 1, 0.991, 0.018
FirmB3, 0, 0, 0.022, 0.024, 0, 0, 0, 0, 0.016
FirmB4, 0, 0, 0.016, 0.019, 0, 0, 0, 0, 0.009
FirmB5, 0, 0, 0.012, 0.012, 0, 0, 0, 0, 0.006
FirmB6, 0, 0, 0.018, 0.019, 0, 0, 0, 0, 0.01
FirmB7, 0, 0, 0.016, 0.015, 0, 0, 0, 0, 0.008
FirmB8, 0, 0, 0.02, 0.019, 0, 0, 0, 0, 0.014
FirmB9, 0, 0, 0.048, 0.034, 0, 0, 0, 0, 0.01
FirmC1, 0, 0, 0.022, 0.021, 0, 0, 0, 0, 0.013
FirmC10, 0, 0, 0.019, 0.017, 0, 0, 0, 0, 0.013
FirmC11, 0, 0, 0.011, 0.013, 0, 0, 0, 0, 0.009
FirmC12, 0, 0, 0.019, 0.017, 0, 0, 0, 0, 0.015
FirmC13, 0, 0, 0.01, 0.011, 0, 0, 0, 0, 0.008
FirmC14, 0, 0, 0.02, 0.018, 0, 0, 0, 0, 0.014
FirmC15, 0, 0, 0.012, 0.01, 0, 0, 0, 0, 0.008
FirmC16, 0, 0, 0.014, 0.013, 0, 0, 0, 0, 0.009
FirmC17, 0, 0, 0.013, 0.016, 0, 0, 0, 0, 0.011
FirmC18, 0, 0, 0.025, 0.026, 0, 0, 0, 0, 0.013
FirmC19, 0, 0, 0.021, 0.017, 0, 0, 0, 0, 0.013
FirmC3, 0, 0, 0.011, 0.012, 0, 0, 0, 0, 0.009
FirmC4, 0, 0, 0.025, 0.03, 0, 0, 0, 0, 0.016
FirmC5, 0, 0, 0.042, 0.04, 0, 0, 0, 0, 0.019
FirmC6, 0, 0, 0.015, 0.017, 0, 0, 0, 0, 0.01
FirmC7, 0, 0, 0.021, 0.021, 0, 0, 0, 0, 0.01
FirmC8, 0, 0, 0.017, 0.019, 0, 0, 0, 0, 0.012
FirmC9, 0, 0, 0.025, 0.021, 0, 0, 0, 0, 0.015
FirmD1, 0, 0, 0.781, 0.208, 0, 0, 0, 0, 0.043
FirmD2, 0, 0, 0.023, 0.017, 0, 0, 0, 0, 0.011
FirmD3, 0, 0, 0.021, 0.016, 0, 0, 0, 0, 0.009
FirmD4, 0, 0, 0.065, 0.046, 0, 0, 0, 0, 0.022
FirmE1, 0, 0, 0.672, 0.243, 0, 0, 0, 0, 0.014
FirmE2, 0, 0, 0.78, 0.113, 0, 0, 0, 0, 0.017
FirmE3, 0, 0, 0.018, 0.013, 0, 0, 0, 0, 0.009
FirmE4, 1, 0, 0.014, 0.011, 1, 0, 1, 0.998, 0.01
FirmE5, 0, 0, 0.022, 0.024, 0, 0, 0, 0, 0.013
FirmE6, 1, 0, 0.014, 0.024, 1, 0, 1, 1, 0.01
FirmE7, 1, 0, 0.284, 0.122, 1, 0, 1, 1, 0.012
FirmE8, 2, 0.001, 0.024, 0.233, 1, 0, 2, 1.264, 0.751
FirmF1, 0, 0, 0.061, 0.044, 0, 0, 0, 0, 0.011
FirmF2, 0, 0, 0.02, 0.016, 0, 0, 0, 0, 0.011
FirmF3, 0, 0, 0.026, 0.026, 0, 0, 0, 0, 0.017
FirmG1, 0, 0, 0.051, 0.044, 0, 0, 0, 0, 0.018
FirmG2, 1, 0, 0.024, 0.187, 1, 0, 1, 0.192, 0.815
FirmG3, 0, 0, 0.029, 0.024, 0, 0, 0, 0, 0.014
FirmG4, 1, 0.001, 0.024, 0.191, 1, 0, 1, 0.312, 0.698
FirmG5, 0, 0, 0.046, 0.038, 0, 0, 0, 0, 0.013
FirmG6, 0, 0, 0.022, 0.019, 0, 0, 0, 0, 0.007
Firms1, 1, 0, 0.228, 0.086, 1, 0, 1, 0.196, 0.818
Firms10, 1, 0, 0.286, 0.076, 1, 0, 1, 0.14, 0.876
Firms11, 2, 0.001, 0.05, 0.441, 1, 0, 2, 1.992, 0.019
Firms12, 0, 0, 0.048, 0.026, 0, 0, 0, 0, 0.016
Firms13, 1, 0.001, 0.169, 0.213, 1, 0, 1, 0.987, 0.02
Firms15, 1, 0, 0.029, 0.035, 1, 0, 1, 0.365, 0.661
Firms16, 0, 0, 0.022, 0.034, 0, 0, 0, 0, 0.019
Firms17, 2, 0.002, 0.116, 0.498, 1, 0, 2, 1.922, 0.084
Firms18, 0, 0, 0.019, 0.018, 0, 0, 0, 0, 0.015
Firms2, 0, 0, 0.026, 0.029, 0, 0, 0, 0, 0.019
Firms20, 1, 0, 0.009, 0.013, 1, 0, 1, 0.17, 0.837
Firms21, 0, 0, 0.021, 0.025, 0, 0, 0, 0, 0.015
Firms22, 1, 0, 1.215, 0.028, 1, 0, 1, 0.98, 0.036
Firms23, 0, 0, 0.011, 0.016, 0, 0, 0, 0, 0.007
Firms24, 1, 0, 0.013, 0.013, 1, 0, 1, 1, 0.008
Firms25, 0, 0, 0.017, 0.018, 0, 0, 0, 0, 0.014
Firms26, 1, 0, 0.017, 0.017, 1, 0, 1, 1, 0.012
Firms27, 2, 0, 0.991, 0.035, 1, 0, 2, 1.197, 0.812
Firms28, 0, 0, 0.008, 0.008, 0, 0, 0, 0, 0.006
Firms29, 0, 0, 0.189, 0.023, 0, 0, 0, 0, 0.017
Firms3, 0, 0, 1.99, 0.374, 0, 0, 0, 0, 0.026
Firms30, 0, 0, 0.009, 0.012, 0, 0, 0, 0, 0.007
Firms31, 0, 0, 0.011, 0.013, 0, 0, 0, 0, 0.009
Firms32, 0, 0, 0.015, 0.02, 0, 0, 0, 0, 0.012
Firms33, 0, 0, 0.021, 0.02, 0, 0, 0, 0, 0.013
Firms4, 1, 0.001, 0.276, 0.233, 1, 0, 1, 0.829, 0.183
Firms5, 2, 0, 0.211, 0.129, 1, 0, 2, 1.882, 0.143
Firms6, 0, 0, 1.262, 0.292, 0, 0, 0, 0, 0.026
Firms7, 1, 0, 1.063, 0.041, 1, 0, 1, 1, 0.029
Firms8, 1, 0.002, 0.177, 0.359, 1, 0, 1, 0.817, 0.191
Firms9, 0, 0, 0.015, 0.016, 0, 0, 0, 0, 0.011
Fuso2, 0, 0, 0.14, 0.119, 0, 0, 0, 0, 0.025
Gemm2, 0, 0, 0.015, 0.011, 0, 0, 0, 0, 0.007
Gemm3, 1, 0, 0.022, 0.046, 1, 0, 1, 0.184, 0.834
Gemm4, 0, 0, 0.019, 0.017, 0, 0, 0, 0, 0.011
Gemm5, 0, 0, 0.022, 0.017, 0, 0, 0, 0, 0.014
Gemm6, 0, 0, 0.197, 0.018, 0, 0, 0, 0, 0.009
Gemm7, 0, 0, 0.019, 0.015, 0, 0, 0, 0, 0.011
Gemm8, 1, 0.002, 0.024, 0.169, 1, 0, 1, 0.03, 0.989
Gemm9, 0, 0, 0.044, 0.013, 0, 0, 0, 0, 0.009
GemmA1, 0, 0, 0.04, 0.054, 0, 0, 0, 0, 0.037
Gold1, 0, 0, 0.029, 0.026, 0, 0, 0, 0, 0.016
Gold2, 0, 0, 0.021, 0.015, 0, 0, 0, 0, 0.008
Hydr1, 1, 0, 0.079, 0.058, 1, 0, 1, 0.998, 0.022
Hydr2, 1, 0, 0.072, 0.059, 1, 0, 1, 0.999, 0.015
J088X1, 1, 0.005, 0.459, 0.903, 1, 0, 1, 0.188, 0.846
KSB1X1, 0, 0, 0.019, 0.019, 0, 0, 0, 0, 0.016
KSB1X2, 0, 0, 0.021, 0.02, 0, 0, 0, 0, 0.016
KSB1X3, 0, 0, 0.02, 0.022, 0, 0, 0, 0, 0.017
KSB1X4, 0, 0, 0.014, 0.018, 0, 0, 0, 0, 0.009
Krum1, 0, 0, 0.005, 0.01, 0, 0, 0, 0, 0.005
Late1, 1, 0, 0.02, 0.258, 1, 0, 1, 0.207, 0.808
Late2, 0, 0, 0.08, 0.056, 0, 0, 0, 0, 0.033
Late3, 0, 0, 0.223, 0.057, 0, 0, 0, 0, 0.011
Lind1, 1, 0.003, 0.333, 0.896, 1, 0, 1, 0.566, 0.445
Lind2, 1, 0.001, 0.612, 0.698, 1, 0, 1, 0.288, 0.726
Lind4, 1, 0.002, 0.263, 0.735, 1, 0, 1, 0.658, 0.365
Marg1, 0, 0, 0.048, 0.043, 0, 0, 0, 0, 0.011
Marg2, 1, 0, 0.025, 0.235, 1, 0, 1, 0.431, 0.582
Marg6, 0, 0, 0.053, 0.039, 0, 0, 0, 0, 0.016
Marg7, 0, 0, 0.455, 0.22, 0, 0, 0, 0, 0.012
Mari1, 0, 0, 0.034, 0.027, 0, 0, 0, 0, 0.014
Mari2, 0, 0, 0.022, 0.019, 0, 0, 0, 0, 0.011
Mari3, 0, 0, 0.025, 0.027, 0, 0, 0, 0, 0.014
Mari5, 1, 0.001, 0.023, 0.329, 1, 0, 1, 0.158, 0.858
Mari6, 0, 0, 0.031, 0.028, 0, 0, 0, 0, 0.011
Meth1, 0, 0, 0.06, 0.039, 0, 0, 0, 0, 0.014
Meth2, 0, 0, 0.057, 0.036, 0, 0, 0, 0, 0.011
Meth3, 1, 0, 0.602, 0.015, 1, 0, 1, 0.665, 0.345
Meth4, 1, 0.001, 0.382, 0.309, 1, 0, 1, 0.88, 0.124
Meth5, 1, 0, 0.279, 0.153, 1, 0, 1, 0.705, 0.307
Muir1, 0, 0, 0.017, 0.016, 0, 0, 0, 0, 0.013
MyxA1, 1, 0, 0.037, 0.025, 1, 0, 1, 1, 0.011
MyxA2, 1, 0, 0.025, 0.02, 1, 0, 1, 1, 0.014
MyxA3, 1, 0, 0.022, 0.02, 1, 0, 1, 1, 0.011
MyxA4, 2, 0.001, 0.031, 0.294, 1, 0, 2, 1.163, 0.851
Myxo1, 0, 0, 0.03, 0.027, 0, 0, 0, 0, 0.017
Myxo10, 0, 0, 0.066, 0.019, 0, 0, 0, 0, 0.013
Myxo11, 0, 0, 0.032, 0.031, 0, 0, 0, 0, 0.021
Myxo13, 0, 0, 0.019, 0.017, 0, 0, 0, 0, 0.008
Myxo14, 1, 0, 0.018, 0.021, 1, 0, 1, 0.999, 0.012
Myxo15, 0, 0, 0.192, 0.021, 0, 0, 0, 0, 0.013
Myxo17, 0, 0, 0.298, 0.088, 0, 0, 0, 0, 0.012
Myxo18, 1, 0, 0.017, 0.044, 1, 0, 1, 0.176, 0.838
Myxo19, 1, 0.005, 0.024, 0.386, 1, 0, 1, 0.28, 0.733
Myxo2, 0, 0, 0.028, 0.034, 0, 0, 0, 0, 0.015
Myxo3, 0, 0, 0.023, 0.019, 0, 0, 0, 0, 0.011
Myxo5, 1, 0, 0.193, 0.051, 1, 0, 1, 0.19, 0.823
Myxo6, 1, 0, 0.019, 0.02, 1, 0, 1, 0.999, 0.013
Myxo7, 0, 0, 0.018, 0.016, 0, 0, 0, 0, 0.013
Myxo8, 0, 0, 0.021, 0.022, 0, 0, 0, 0, 0.016
Myxo9, 0, 0, 0.026, 0.014, 0, 0, 0, 0, 0.01
NPL1, 0, 0, 0.053, 0.06, 0, 0, 0, 0, 0.03
Nitr1, 0, 0, 0.04, 0.039, 0, 0, 0, 0, 0.019
Nitr10, 1, 0, 0.014, 0.015, 1, 0, 1, 1, 0.005
Nitr11, 0, 0, 0.017, 0.02, 0, 0, 0, 0, 0.014
Nitr12, 0, 0, 0.013, 0.01, 0, 0, 0, 0, 0.007
Nitr13, 0, 0, 0.016, 0.016, 0, 0, 0, 0, 0.014
Nitr14, 0, 0, 0.024, 0.025, 0, 0, 0, 0, 0.018
Nitr15, 0, 0, 0.185, 0.023, 0, 0, 0, 0, 0.012
Nitr16, 0, 0, 0.012, 0.013, 0, 0, 0, 0, 0.009
Nitr17, 0, 0, 0.024, 0.02, 0, 0, 0, 0, 0.014
Nitr2, 0, 0, 0.011, 0.01, 0, 0, 0, 0, 0.008
Nitr3, 1, 0, 0.024, 0.024, 1, 0, 1, 0.999, 0.021
Nitr4, 1, 0, 0.02, 0.02, 1, 0, 1, 0.999, 0.013
Nitr5, 0, 0, 0.027, 0.025, 0, 0, 0, 0, 0.017
Nitr6, 1, 0, 0.014, 0.008, 1, 0, 1, 1, 0.005
Nitr7, 0, 0, 0.016, 0.02, 0, 0, 0, 0, 0.013
Nitr8, 0, 0, 0.047, 0.02, 0, 0, 0, 0, 0.013
Nitr9, 0, 0, 0.013, 0.013, 0, 0, 0, 0, 0.01
Nits1, 1, 0, 0.019, 0.019, 1, 0, 1, 0.998, 0.014
Nits2, 1, 0.001, 0.031, 0.137, 1, 0, 1, 0.204, 0.813
Nits3, 1, 0, 0.017, 0.015, 1, 0, 1, 0.999, 0.012
Nits4, 0, 0, 0.23, 0.052, 0, 0, 0, 0, 0.013
NitsA1, 0, 0, 0.039, 0.034, 0, 0, 0, 0, 0.018
NitsA2, 0, 0, 0.033, 0.029, 0, 0, 0, 0, 0.012
NitsA3, 0, 0, 0.71, 0.041, 0, 0, 0, 0, 0.011
Node_AABM5X1_AABM5X2_0, 0.004, 0, 0.017, 0.017, 0.004, 0, 0.004, 0.003, 0.013
Node_AABM5X1_AABM5X3_0, 0.008, 0, 0.009, 0.007, 0.008, 0, 0.008, 0.002, 0.01
Node_Acid11_Acid16_0, 0.05, 0, 0.048, 0.063, 0.05, 0, 0.05, 0.016, 0.037
Node_Acid11_Acid31_0, 0.248, 0.001, 0.025, 0.137, 0.247, 0, 0.248, 0.033, 0.222
Node_Acid12_Acid13_0, 0.014, 0, 0.429, 0.122, 0.014, 0, 0.014, 0.009, 0.016
Node_Acid1_Acid17_0, 0.235, 0.002, 0.276, 0.089, 0.233, 0, 0.235, 0.108, 0.131
Node_Acid1_Acid3_0, 0.378, 0, 0.08, 0.088, 0.343, 0, 0.378, 0.34, 0.045
Node_Acid23_Acid12_0, 0.427, 0, 0.02, 0.106, 0.426, 0, 0.427, 0.327, 0.107
Node_Acid29_Acid27_0, 0.008, 0, 0.055, 0.041, 0.008, 0, 0.008, 0.007, 0.016
Node_Acid2_Acid11_0, 0.061, 0, 0.268, 0.096, 0.061, 0, 0.061, 0.052, 0.011
Node_Acid2_Acid18_0, 0.017, 0, 0.06, 0.053, 0.017, 0, 0.017, 0.012, 0.016
Node_Acid32_Acid25_0, 0.06, 0, 0.312, 0.182, 0.059, 0, 0.06, 0.058, 0.01
Node_Acid32_Acid26_0, 0.011, 0, 0.062, 0.039, 0.011, 0, 0.011, 0.007, 0.013
Node_Acid34_Acid22_0, 0.244, 0, 0.317, 0.057, 0.241, 0, 0.244, 0.073, 0.177
Node_Acid34_Acid24_0, 0.056, 0, 0.234, 0.07, 0.056, 0, 0.056, 0.017, 0.046
Node_Acid34_Acid29_0, 0.047, 0, 0.229, 0.079, 0.047, 0, 0.047, 0.042, 0.012
Node_Acid34_Acid33_0, 0.264, 0, 0.015, 0.129, 0.26, 0, 0.264, 0.051, 0.223
Node_Acid37_Acid21_0, 0.495, 0.001, 0.03, 0.189, 0.479, 0, 0.495, 0.335, 0.162
Node_Acid37_Acid30_0, 0.23, 0, 0.413, 0.274, 0.216, 0, 0.23, 0.09, 0.148
Node_Acid37_Acid32_0, 0.362, 0.001, 0.102, 0.259, 0.352, 0, 0.362, 0.32, 0.044
Node_Acid38_Acid10_0, 0.444, 0.001, 0.072, 0.07, 0.412, 0, 0.444, 0.315, 0.131
Node_Acid38_Acid1_0, 0.413, 0.004, 0.071, 0.159, 0.379, 0, 0.413, 0.331, 0.079
Node_Acid38_Acid2_0, 0.318, 0.001, 0.239, 0.187, 0.304, 0, 0.318, 0.272, 0.048
Node_Acid38_Acid34_0, 0.384, 0, 0.108, 0.084, 0.349, 0, 0.384, 0.31, 0.079
Node_Acid38_Acid36_0, 1.002, 0, 0.023, 0.021, 1, 0, 1.002, 0.989, 0.023
Node_Acid38_Acid40_0, 1.002, 0.002, 0.198, 0.108, 0.99, 0, 1.002, 0.039, 0.971
Node_Acid38_Acid4_0, 0.277, 0, 0.38, 0.055, 0.253, 0, 0.277, 0.071, 0.213
Node_Acid38_Acid5_0, 0.401, 0.004, 0.044, 0.17, 0.356, 0, 0.401, 0.275, 0.123
Node_Acid38_Acid7_0, 0.227, 0, 0.23, 0.029, 0.223, 0, 0.227, 0.054, 0.18
Node_Acid38_Acid8_0, 0.508, 0.001, 0.117, 0.293, 0.492, 0, 0.508, 0.486, 0.027
Node_Acid38_B130X1_0, 0.597, 0.001, 0.564, 0.401, 0.575, 0, 0.597, 0.587, 0.01
Node_Acid39_Acid35_0, 0.457, 0, 0.023, 0.131, 0.453, 0, 0.457, 0.284, 0.185
Node_Acid3_Acid14_0, 0.7, 0, 0.033, 0.156, 0.586, 0, 0.7, 0.344, 0.368
Node_Acid3_Acid6_0, 0.365, 0, 0.113, 0.096, 0.333, 0, 0.365, 0.275, 0.1
Node_Acid40_Acid20_0, 1.013, 0.005, 0.027, 1.051, 1, 0, 1.013, 0.986, 0.033
Node_Acid5_Acid23_0, 0.34, 0.001, 0.118, 0.157, 0.331, 0, 0.34, 0.309, 0.038
Node_Acid5_Acid37_0, 0.419, 0.006, 0.216, 0.171, 0.379, 0, 0.419, 0.188, 0.228
Node_Acid6_Acid28_0, 0.026, 0, 0.358, 0.059, 0.025, 0, 0.026, 0.015, 0.019
Node_Acid8_Acid9_0, 0.292, 0.002, 0.23, 0.13, 0.288, 0, 0.292, 0.278, 0.012
Node_Acid9_Acid39_0, 0.295, 0, 0.033, 0.081, 0.295, 0, 0.295, 0.262, 0.036
Node_Acti10_Acti11_0, 0.475, 0, 0.046, 0.079, 0.416, 0, 0.475, 0.158, 0.321
Node_Acti10_Acti25_0, 0.894, 0.001, 0.257, 0.09, 0.863, 0, 0.894, 0.224, 0.675
Node_Acti10_Acti26_0, 0.2, 0.001, 0.194, 0.153, 0.19, 0, 0.2, 0.157, 0.045
Node_Acti10_Acti31_0, 0.837, 0, 0.073, 0.047, 0.823, 0, 0.837, 0.832, 0.016
Node_Acti10_Acti3_0, 0.885, 0, 0.022, 0.032, 0.878, 0, 0.885, 0.833, 0.062
Node_Acti10_Acti7_0, 0.845, 0, 0.029, 0.027, 0.832, 0, 0.845, 0.82, 0.037
Node_Acti11_Acti22_0, 1.018, 0, 0.21, 0.117, 0.999, 0, 1.018, 0.272, 0.753
Node_Acti12_Acti21_0, 1.62, 0.024, 1.017, 0.358, 1, 0, 1.62, 1.114, 0.489
Node_Acti12_Acti48_0, 2.124, 0.005, 0.033, 0.23, 1, 0, 2.124, 1.971, 0.162
Node_Acti14_Acti33_0, 1.022, 0.004, 0.072, 0.381, 0.998, 0, 1.022, 0.984, 0.036
Node_Acti14_Acti34_0, 1.043, 0, 0.026, 0.027, 0.995, 0, 1.043, 1.007, 0.047
Node_Acti14_Acti6_0, 0.199, 0, 1.013, 0.029, 0.199, 0, 0.199, 0.045, 0.169
Node_Acti18_Acti16_0, 0.273, 0, 0.09, 0.111, 0.265, 0, 0.273, 0.061, 0.23
Node_Acti18_Acti4_0, 0.133, 0, 0.461, 0.312, 0.126, 0, 0.133, 0.099, 0.039
Node_Acti19_Acti13_0, 1.079, 0.001, 0.019, 0.032, 1, 0, 1.079, 1.018, 0.065
Node_Acti19_Acti23_0, 1.364, 0.001, 0.019, 0.084, 1, 0, 1.364, 1.071, 0.303
Node_Acti19_Acti42_0, 0.547, 0.001, 0.061, 0.272, 0.507, 0, 0.547, 0.377, 0.174
Node_Acti19_Acti49_0, 1.032, 0, 0.048, 0.045, 1, 0, 1.032, 0.264, 0.774
Node_Acti19_Acti8_0, 0.306, 0, 0.426, 0.093, 0.294, 0, 0.306, 0.126, 0.185
Node_Acti33_Acti35_0, 0.999, 0, 0.035, 0.016, 0.994, 0, 0.999, 0.995, 0.012
Node_Acti43_Acti36_0, 1.102, 0.001, 0.099, 0.066, 0.983, 0, 1.102, 1.058, 0.053
Node_Acti46_Acti41_0, 0.299, 0.001, 1.083, 0.253, 0.281, 0, 0.299, 0.22, 0.09
Node_Acti47_Acti45_0, 1.023, 0, 0.689, 0.02, 0.927, 0, 1.023, 0.978, 0.047
Node_Acti49_Acti15_0, 1.008, 0.001, 0.022, 0.023, 1, 0, 1.008, 1.001, 0.017
Node_Acti49_Acti32_0, 1.006, 0, 0.016, 0.085, 1, 0, 1.006, 1, 0.011
Node_Acti49_Acti38_0, 1.011, 0.003, 0.016, 0.015, 1, 0, 1.011, 0.998, 0.016
Node_Acti49_Acti40_0, 1.012, 0.001, 0.032, 0.017, 1, 0, 1.012, 1.004, 0.011
Node_Acti50_Acti10_0, 0.348, 0.013, 0.024, 0.181, 0.327, 0, 0.348, 0.187, 0.144
Node_Acti50_Acti14_0, 1.054, 0.018, 0.03, 0.328, 0.991, 0, 1.054, 0.524, 0.511
Node_Acti50_Acti18_0, 0.555, 0.003, 0.028, 0.18, 0.527, 0, 0.555, 0.323, 0.232
Node_Acti50_Acti19_0, 0.433, 0.001, 0.023, 0.122, 0.411, 0, 0.433, 0.367, 0.07
Node_Acti50_Acti20_0, 0.384, 0.001, 0.255, 0.27, 0.377, 0, 0.384, 0.374, 0.011
Node_Acti50_Acti28_0, 1.658, 0, 0.073, 0.313, 0.999, 0, 1.658, 1.603, 0.066
Node_Acti50_Acti39_0, 0.215, 0.001, 0.257, 0.237, 0.211, 0, 0.215, 0.177, 0.038
Node_Acti50_Acti43_0, 1.147, 0.09, 0.096, 1.87, 0.997, 0, 1.147, 0.888, 0.099
Node_Acti50_Acti46_0, 1.291, 0.096, 0.027, 0.149, 0.999, 0, 1.291, 1.033, 0.075
Node_Acti50_Acti47_0, 1.665, 0.002, 0.089, 0.038, 0.999, 0, 1.665, 1.642, 0.03
Node_Acti50_Acti51_0, 0.385, 0.002, 0.026, 0.178, 0.374, 0, 0.385, 0.36, 0.025
Node_Acti50_Acti52_0, 1.722, 0.457, 0.09, 0.093, 1, 0, 1.722, 0.758, 0.064
Node_Acti50_FirmF1_0, 0.627, 0.003, 0.274, 0.288, 0.602, 0, 0.627, 0.613, 0.01
Node_Acti51_Acti27_0, 0.009, 0, 0.043, 0.036, 0.009, 0, 0.009, 0.008, 0.014
Node_Acti51_Acti9_0, 0.038, 0, 0.351, 0.116, 0.038, 0, 0.038, 0.037, 0.004
Node_Acti52_Acti12_0, 1.99, 0.004, 0.097, 0.441, 1, 0, 1.99, 1.928, 0.068
Node_Acti52_Acti37_0, 2.015, 0, 0.063, 0.333, 1, 0, 2.015, 1.668, 0.356
Node_Acti52_Acti44_0, 1.059, 0, 0.951, 0.203, 0.996, 0, 1.059, 1.058, 0.02
Node_Acti8_Acti24_0, 1.01, 0.001, 0.016, 0.156, 1, 0, 1.01, 0.225, 0.795
Node_Acti8_Acti2_0, 0.069, 0, 0.287, 0.033, 0.068, 0, 0.069, 0.029, 0.05
Node_Acti8_Acti5_0, 0.23, 0, 0.015, 0.053, 0.226, 0, 0.23, 0.059, 0.176
Node_Acti9_Acti29_0, 0.003, 0, 0.016, 0.018, 0.003, 0, 0.003, 0.002, 0.008
Node_Acti9_Acti30_0, 0.011, 0, 0.035, 0.027, 0.011, 0, 0.011, 0.006, 0.008
Node_Aero1_NPL1_0, 0.023, 0, 0.1, 0.062, 0.023, 0, 0.023, 0.023, 0.004
Node_Aero1_UBA6X1_0, 0.431, 0.001, 0.807, 0.469, 0.392, 0, 0.431, 0.426, 0.004
Node_Aero1_UBA9X1_0, 0.119, 0, 0.316, 0.162, 0.117, 0, 0.119, 0.118, 0.004
Node_Aqui2_Aqui1_0, 0.175, 0, 0.023, 0.029, 0.175, 0, 0.175, 0.036, 0.156
Node_Aqui2_Aqui3_0, 0.014, 0, 0.047, 0.047, 0.014, 0, 0.014, 0.009, 0.014
Node_Aqui2_Aqui5_0, 0.042, 0, 0.014, 0.022, 0.042, 0, 0.042, 0.009, 0.041
Node_Aqui2_Aqui6_0, 0.015, 0, 0.017, 0.013, 0.015, 0, 0.015, 0.005, 0.018
Node_Aqui2_Camp1_0, 0.298, 0.001, 0.41, 0.3, 0.29, 0, 0.298, 0.294, 0.002
Node_Aqui2_Thers1_0, 0.047, 0, 0.256, 0.121, 0.047, 0, 0.047, 0.043, 0.005
Node_Aqui6_Aqui4_0, 0.002, 0, 0.02, 0.011, 0.002, 0, 0.002, 0.002, 0.007
Node_Arma12_Arma11_0, 0.478, 0.001, 0.026, 0.075, 0.421, 0, 0.478, 0.255, 0.233
Node_Arma12_Arma7_0, 0.618, 0, 0.162, 0.166, 0.513, 0, 0.618, 0.327, 0.302
Node_Arma15_Arma13_0, 0.001, 0, 1.023, 0.025, 0.001, 0, 0.001, 0, 0.018
Node_Arma4_Acti50_0, 0.888, 0.011, 0.094, 0.371, 0.728, 0, 0.888, 0.836, 0.031
Node_Arma4_Arma12_0, 0.27, 0, 0.068, 0.037, 0.258, 0, 0.27, 0.232, 0.042
Node_Arma4_Arma14_0, 0.012, 0, 0.271, 0.036, 0.012, 0, 0.012, 0.009, 0.013
Node_Arma4_Arma6_0, 0.296, 0, 0.009, 0.115, 0.282, 0, 0.296, 0.201, 0.099
Node_Arma4_CSP1X1_0, 0.244, 0.004, 0.452, 0.323, 0.233, 0, 0.244, 0.231, 0.012
Node_Arma4_Erem6_0, 0.202, 0, 0.054, 0.127, 0.198, 0, 0.202, 0.192, 0.012
Node_Arma4_Pate48_0, 0.68, 0.005, 0.239, 0.313, 0.575, 0, 0.68, 0.645, 0.026
Node_Arma4_UBP13X1_0, 0.206, 0, 0.02, 0.091, 0.206, 0, 0.206, 0.184, 0.024
Node_Arma6_Arma15_0, 1.006, 0, 0.03, 0.021, 0.997, 0, 1.006, 1.002, 0.013
Node_Arma6_Arma16_0, 0.615, 0.001, 0.128, 0.152, 0.533, 0, 0.615, 0.323, 0.3
Node_Arma6_Arma3_0, 0.442, 0.001, 0.021, 0.139, 0.395, 0, 0.442, 0.285, 0.166
Node_Arma6_Arma9_0, 1.023, 0.001, 0.404, 0.208, 0.996, 0, 1.023, 0.217, 0.811
Node_Aure2_Aure1_0, 0.884, 0, 0.524, 0.545, 0.664, 0, 0.884, 0.733, 0.154
Node_Bact1_Bact11_0, 0.009, 0, 0.015, 0.017, 0.009, 0, 0.009, 0, 0.021
Node_Bact1_Bact17_0, 0.003, 0, 0.01, 0.012, 0.003, 0, 0.003, 0.001, 0.009
Node_Bact20_Bact1_0, 0.004, 0, 0.023, 0.02, 0.004, 0, 0.004, 0.001, 0.014
Node_Bact20_Bact30_0, 0.003, 0, 0.015, 0.019, 0.003, 0, 0.003, 0, 0.014
Node_Bact21_Bact29_0, 1.027, 0.003, 0.023, 0.458, 0.998, 0, 1.027, 0.65, 0.383
Node_Bact21_Bact36_0, 0.664, 0.003, 0.022, 0.166, 0.65, 0, 0.664, 0.435, 0.235
Node_Bact21_Bact44_0, 0.448, 0, 0.115, 0.087, 0.441, 0, 0.448, 0.396, 0.06
Node_Bact22_Bact31_0, 0.007, 0, 0.022, 0.018, 0.007, 0, 0.007, 0.002, 0.011
Node_Bact22_Bact5_0, 0.018, 0, 0.079, 0.038, 0.017, 0, 0.018, 0.01, 0.017
Node_Bact23_Bact28_0, 0.205, 0, 0.022, 0.051, 0.203, 0, 0.205, 0.043, 0.177
Node_Bact23_Bact34_0, 0.05, 0, 0.012, 0.025, 0.049, 0, 0.05, 0.016, 0.044
Node_Bact23_Bact4_0, 0.018, 0, 0.009, 0.014, 0.018, 0, 0.018, 0.008, 0.012
Node_Bact24_Bact23_0, 0.015, 0, 0.01, 0.007, 0.015, 0, 0.015, 0.006, 0.013
Node_Bact24_Bact25_0, 0.007, 0, 0.017, 0.012, 0.007, 0, 0.007, 0.003, 0.009
Node_Bact24_Bact3_0, 0.012, 0, 0.018, 0.019, 0.012, 0, 0.012, 0.007, 0.013
Node_Bact24_Bact7_0, 0.017, 0, 0.037, 0.02, 0.017, 0, 0.017, 0.015, 0.008
Node_Bact25_Bact20_0, 0.013, 0, 0.011, 0.01, 0.013, 0, 0.013, 0.001, 0.022
Node_Bact25_Bact2_0, 0.002, 0, 0.015, 0.013, 0.002, 0, 0.002, 0.002, 0.01
Node_Bact27_Bact19_0, 0.682, 0.002, 0.036, 0.205, 0.568, 0, 0.682, 0.474, 0.213
Node_Bact27_Bact21_0, 0.503, 0.001, 0.023, 0.181, 0.458, 0, 0.503, 0.148, 0.358
Node_Bact27_Bact22_0, 0.08, 0, 0.012, 0.046, 0.076, 0, 0.08, 0.039, 0.046
Node_Bact27_Bact24_0, 0.046, 0, 0.016, 0.026, 0.044, 0, 0.046, 0.028, 0.023
Node_Bact27_Bact35_0, 0.542, 0.007, 0.278, 0.201, 0.519, 0, 0.542, 0.415, 0.131
Node_Bact27_Bact37_0, 0.167, 0.001, 0.007, 0.076, 0.158, 0, 0.167, 0.077, 0.093
Node_Bact27_Bact40_0, 0.948, 0.082, 0.048, 0.17, 0.844, 0, 0.948, 0.454, 0.372
Node_Bact27_Mari3_0, 0.039, 0, 0.004, 0.017, 0.039, 0, 0.039, 0.018, 0.023
Node_Bact29_Bact9_0, 1.142, 0, 0.015, 0.029, 0.998, 0, 1.142, 1.018, 0.13
Node_Bact30_Bact32_0, 0.006, 0, 0.014, 0.019, 0.006, 0, 0.006, 0.001, 0.017
Node_Bact31_Bact38_0, 0.007, 0, 0.02, 0.023, 0.007, 0, 0.007, 0.001, 0.02
Node_Bact33_Bact10_0, 0.074, 0, 0.03, 0.045, 0.072, 0, 0.074, 0.02, 0.068
Node_Bact33_Bact39_0, 0.4, 0, 0.01, 0.061, 0.362, 0, 0.4, 0.068, 0.336
Node_Bact33_Bact6_0, 0.036, 0, 0.077, 0.046, 0.036, 0, 0.036, 0.02, 0.026
Node_Bact36_Bact43_0, 0.161, 0.001, 0.556, 0.182, 0.159, 0, 0.161, 0.122, 0.052
Node_Bact37_Bact33_0, 0.087, 0.001, 0.131, 0.084, 0.086, 0, 0.087, 0.04, 0.05
Node_Bact37_Bact42_0, 0.236, 0.001, 0.041, 0.071, 0.235, 0, 0.236, 0.061, 0.189
Node_Bact3_Bact12_0, 0.005, 0, 0.018, 0.016, 0.005, 0, 0.005, 0, 0.011
Node_Bact3_Bact13_0, 0.005, 0, 0.014, 0.016, 0.005, 0, 0.005, 0.002, 0.01
Node_Bact3_Bact14_0, 0.005, 0, 0.018, 0.018, 0.005, 0, 0.005, 0.002, 0.018
Node_Bact3_Bact18_0, 0.009, 0, 0.01, 0.011, 0.009, 0, 0.009, 0.002, 0.014
Node_Bact40_Bact41_0, 1.119, 0.003, 0.026, 0.147, 0.964, 0, 1.119, 0.929, 0.194
Node_Bact5_Bact16_0, 0.008, 0, 0.034, 0.03, 0.008, 0, 0.008, 0.002, 0.024
Node_Bact7_Bact8_0, 0.011, 0, 0.038, 0.035, 0.011, 0, 0.011, 0.004, 0.032
Node_Bdell12_Bdell3_0, 1.237, 0, 0.016, 0.149, 0.997, 0, 1.237, 0.367, 0.878
Node_Bdell13_Bdell12_0, 0.375, 0.001, 0.022, 0.05, 0.357, 0, 0.375, 0.187, 0.194
Node_Bdell14_Bdell11_0, 0.015, 0, 0.021, 0.015, 0.015, 0, 0.015, 0.004, 0.017
Node_Bdell14_Bdell4_0, 0.004, 0, 0.023, 0.023, 0.004, 0, 0.004, 0.002, 0.012
Node_Bdell15_Bdell14_0, 0.019, 0, 0.041, 0.027, 0.019, 0, 0.019, 0.015, 0.009
Node_Bdell15_Bdell7_0, 0.008, 0, 0.028, 0.029, 0.008, 0, 0.008, 0.004, 0.017
Node_Bdell15_Bdell9_0, 0.006, 0, 0.017, 0.016, 0.006, 0, 0.006, 0.001, 0.015
Node_Bdell17_Bdell15_0, 0.051, 0, 0.119, 0.086, 0.05, 0, 0.051, 0.047, 0.01
Node_Bdell17_Bdell16_0, 0.008, 0, 0.058, 0.036, 0.008, 0, 0.008, 0.004, 0.015
Node_Bdell2_Bdell10_0, 0.009, 0, 0.028, 0.023, 0.009, 0, 0.009, 0.006, 0.008
Node_Bdell6_Bdell17_0, 0.16, 0.002, 0.478, 0.214, 0.156, 0, 0.16, 0.151, 0.011
Node_Bdell6_Bdell2_0, 0.029, 0, 0.142, 0.082, 0.029, 0, 0.029, 0.026, 0.011
Node_Bdell6_UBA1X6_0, 0.625, 0.001, 0.312, 0.24, 0.591, 0, 0.625, 0.354, 0.273
Node_Bdell7_Bdell5_0, 0.007, 0, 0.017, 0.018, 0.007, 0, 0.007, 0.003, 0.016
Node_BdellC1_BdellC2_0, 0.018, 0, 0.105, 0.055, 0.018, 0, 0.018, 0.013, 0.02
Node_Bipo1_Bipo2_0, 0.299, 0, 0.093, 0.149, 0.292, 0, 0.299, 0.108, 0.207
Node_Bipo1_Therg8_0, 0.185, 0, 0.163, 0.201, 0.178, 0, 0.185, 0.144, 0.043
Node_CG294X1_CG267X1_0, 0.012, 0, 0.095, 0.071, 0.012, 0, 0.012, 0.011, 0.007
Node_Calda2_Calda1_0, 0.022, 0, 0.093, 0.083, 0.021, 0, 0.022, 0.022, 0.001
Node_Caldit2_Caldit1_0, 0.006, 0, 0.016, 0.019, 0.006, 0, 0.006, 0.001, 0.013
Node_Caldit2_Caldit3_0, 0.009, 0, 0.017, 0.018, 0.009, 0, 0.009, 0.001, 0.018
Node_Camp14_Camp15_0, 0.837, 0.001, 0.023, 0.17, 0.83, 0, 0.837, 0.779, 0.071
Node_Camp1_Camp2_0, 0.2, 0.001, 0.03, 0.058, 0.192, 0, 0.2, 0.142, 0.074
Node_Camp1_Camp3_0, 0.016, 0.001, 0.203, 0.054, 0.015, 0, 0.016, 0.008, 0.018
Node_Camp1_Camp9_0, 0.155, 0, 0.028, 0.046, 0.152, 0, 0.155, 0.146, 0.011
Node_Camp1_UBP6X1_0, 0.172, 0.001, 0.132, 0.14, 0.17, 0, 0.172, 0.167, 0.005
Node_Camp2_Camp11_0, 0.411, 0, 0.019, 0.053, 0.371, 0, 0.411, 0.189, 0.23
Node_Camp2_Camp13_0, 0.078, 0, 0.78, 0.277, 0.078, 0, 0.078, 0.076, 0.016
Node_Camp2_Camp4_0, 0.842, 0.001, 0.035, 0.323, 0.835, 0, 0.842, 0.788, 0.062
Node_Camp2_Camp5_0, 0.43, 0.001, 0.234, 0.099, 0.415, 0, 0.43, 0.188, 0.252
Node_Camp2_Camp7_0, 0.814, 0.006, 0.033, 0.308, 0.8, 0, 0.814, 0.402, 0.411
Node_Camp4_Camp16_0, 1.008, 0.002, 0.025, 0.371, 1, 0, 1.008, 0.83, 0.189
Node_Camp5_Camp10_0, 0.301, 0.001, 0.052, 0.078, 0.3, 0, 0.301, 0.186, 0.123
Node_Camp5_Camp12_0, 0.229, 0.001, 0.246, 0.12, 0.224, 0, 0.229, 0.198, 0.044
Node_Camp7_Camp14_0, 0.788, 0, 0.038, 0.152, 0.782, 0, 0.788, 0.781, 0.012
Node_Camp9_Camp6_0, 0.013, 0, 0.161, 0.062, 0.013, 0, 0.013, 0.009, 0.019
Node_Chlo12_Chlo24_0, 0.998, 0, 0.024, 0.015, 0.995, 0, 0.998, 0.995, 0.007
Node_Chlo26_Chlo11_0, 0.016, 0, 0.032, 0.039, 0.016, 0, 0.016, 0.016, 0.009
Node_Chlo26_Chlo9_0, 0.039, 0, 0.116, 0.074, 0.039, 0, 0.039, 0.032, 0.015
Node_Chlo30_Chlo20_0, 0.251, 0.001, 0.096, 0.127, 0.243, 0, 0.251, 0.084, 0.173
Node_Chlo30_Chlo23_0, 0.173, 0.001, 0.763, 0.276, 0.165, 0, 0.173, 0.141, 0.038
Node_Chlo30_Chlo36_0, 0.897, 0.001, 0.031, 0.173, 0.877, 0, 0.897, 0.874, 0.024
Node_Chlo30_Chlo37_0, 1.012, 0.005, 0.043, 0.204, 0.999, 0, 1.012, 0.215, 0.799
Node_Chlo30_Chlo38_0, 1.265, 0.004, 0.159, 0.653, 0.985, 0, 1.265, 1.198, 0.065
Node_Chlo30_Chlo41_0, 1.491, 0.005, 0.018, 0.663, 0.992, 0, 1.491, 1.248, 0.239
Node_Chlo30_Chlo43_0, 1.464, 0.001, 0.098, 0.252, 0.964, 0, 1.464, 1.395, 0.07
Node_Chlo30_Chlo6_0, 0.903, 0, 0.581, 0.216, 0.887, 0, 0.903, 0.892, 0.02
Node_Chlo30_Dorm2_0, 1.355, 0.102, 0.049, 0.697, 0.983, 0, 1.355, 0.604, 0.63
Node_Chlo31_Chlo25_0, 0.101, 0, 0.273, 0.204, 0.1, 0, 0.101, 0.098, 0.014
Node_Chlo35_Chlo21_0, 0.004, 0, 1.005, 0.01, 0.004, 0, 0.004, 0.002, 0.008
Node_Chlo36_Chlo13_0, 0.261, 0, 0.117, 0.102, 0.26, 0, 0.261, 0.088, 0.182
Node_Chlo36_Chlo14_0, 0.071, 0, 0.052, 0.069, 0.07, 0, 0.071, 0.035, 0.047
Node_Chlo36_Chlo28_0, 0.076, 0.001, 0.091, 0.104, 0.075, 0, 0.076, 0.066, 0.014
Node_Chlo36_Chlo33_0, 0.152, 0, 0.778, 0.339, 0.149, 0, 0.152, 0.149, 0.012
Node_Chlo36_Chlo40_0, 1.005, 0.001, 0.024, 0.3, 0.999, 0, 1.005, 0.245, 0.767
Node_Chlo36_Chlo5_0, 0.196, 0, 0.024, 0.066, 0.187, 0, 0.196, 0.052, 0.149
Node_Chlo36_Chlo8_0, 0.918, 0, 0.027, 0.132, 0.905, 0, 0.918, 0.873, 0.048
Node_Chlo38_Chlo19_0, 0.093, 0, 0.289, 0.234, 0.093, 0, 0.093, 0.085, 0.022
Node_Chlo38_Chlo31_0, 0.36, 0.001, 0.915, 0.526, 0.359, 0, 0.36, 0.356, 0.009
Node_Chlo41_Chlo29_0, 0.813, 0.001, 0.837, 0.234, 0.642, 0, 0.813, 0.665, 0.15
Node_Chlo41_Chlo32_0, 0.878, 0.002, 0.192, 0.19, 0.77, 0, 0.878, 0.625, 0.255
Node_Chlo41_Chlo39_0, 0.012, 0, 0.132, 0.056, 0.012, 0, 0.012, 0.01, 0.012
Node_Chlo41_Chlo44_0, 0.839, 0, 0.068, 0.119, 0.751, 0, 0.839, 0.818, 0.029
Node_Chlo41_Chlo4_0, 1.499, 0.004, 0.046, 0.155, 0.992, 0, 1.499, 1.448, 0.05
Node_Chlo41_Chlo7_0, 0.132, 0, 0.752, 0.111, 0.128, 0, 0.132, 0.095, 0.045
Node_Chlo42_Chlo34_0, 0.01, 0, 0.047, 0.031, 0.01, 0, 0.01, 0.008, 0.012
Node_Chlo43_Chlo42_0, 0.045, 0, 0.271, 0.093, 0.045, 0, 0.045, 0.04, 0.016
Node_Chlo43_Chlo45_0, 0.904, 0.001, 0.798, 0.259, 0.802, 0, 0.904, 0.669, 0.237
Node_Chlo43_Chlo47_0, 0.3, 0.001, 0.617, 0.148, 0.286, 0, 0.3, 0.293, 0.012
Node_Chlo44_Chlo17_0, 0.984, 0, 0.014, 0.147, 0.797, 0, 0.984, 0.832, 0.159
Node_Chlo44_Chlo22_0, 0.839, 0, 0.054, 0.131, 0.749, 0, 0.839, 0.794, 0.054
Node_Chlo45_Chlo27_0, 1.026, 0.001, 0.136, 0.149, 1, 0, 1.026, 0.781, 0.257
Node_Chlo45_Chlo46_0, 1.136, 0, 0.031, 0.028, 0.998, 0, 1.136, 1.003, 0.141
Node_Chlo47_Chlo48_0, 0.265, 0, 0.07, 0.094, 0.26, 0, 0.265, 0.246, 0.035
Node_Chlo48_Chlo10_0, 0.359, 0, 0.02, 0.105, 0.355, 0, 0.359, 0.255, 0.114
Node_Chlo4_Chlo12_0, 1.015, 0.001, 0.507, 0.155, 0.996, 0, 1.015, 0.995, 0.022
Node_Chlo4_Chlo35_0, 1.001, 0, 0.023, 0.018, 0.991, 0, 1.001, 0.998, 0.009
Node_Chlo5_Chlo16_0, 0.355, 0.001, 0.081, 0.159, 0.353, 0, 0.355, 0.122, 0.239
Node_Chlo6_Chlo18_0, 0.039, 0, 0.123, 0.092, 0.039, 0, 0.039, 0.036, 0.022
Node_Chlo6_Chlo26_0, 0.14, 0, 0.771, 0.22, 0.139, 0, 0.14, 0.137, 0.008
Node_Chlo7_Chlo15_0, 0.255, 0, 0.081, 0.049, 0.249, 0, 0.255, 0.064, 0.204
Node_Chry1_Aqui2_0, 0.705, 0.006, 0.63, 0.67, 0.632, 0, 0.705, 0.677, 0.017
Node_Chry1_Defe3_0, 0.666, 0.006, 0.152, 0.61, 0.641, 0, 0.666, 0.551, 0.107
Node_Cyan10_Cyan35_0, 1.075, 0.003, 0.103, 0.553, 0.982, 0, 1.075, 1.001, 0.077
Node_Cyan10_Cyan45_0, 1.093, 0, 0.107, 0.244, 0.964, 0, 1.093, 0.977, 0.125
Node_Cyan10_Cyan46_0, 1.098, 0.002, 0.114, 0.525, 0.977, 0, 1.098, 1.062, 0.039
Node_Cyan11_Cyan26_0, 0.918, 0, 0.039, 0.045, 0.882, 0, 0.918, 0.861, 0.073
Node_Cyan12_Cyan13_0, 0.012, 0, 0.016, 0.022, 0.012, 0, 0.012, 0.005, 0.016
Node_Cyan13_Cyan18_0, 0.004, 0, 0.019, 0.014, 0.004, 0, 0.004, 0.001, 0.011
Node_Cyan14_Cyan15_0, 3.238, 0.009, 0.035, 0.647, 1, 0, 3.238, 3.094, 0.143
Node_Cyan14_Cyan16_0, 3.121, 0.005, 0.037, 0.275, 1, 0, 3.121, 2.224, 0.903
Node_Cyan14_Cyan23_0, 2.25, 0, 0.094, 0.157, 0.999, 0, 2.25, 2.075, 0.182
Node_Cyan16_Cyan29_0, 2.952, 0, 0.203, 0.042, 1, 0, 2.952, 2.937, 0.034
Node_Cyan19_Cyan22_0, 1.939, 0.008, 0.865, 0.455, 0.999, 0, 1.939, 1.567, 0.368
Node_Cyan19_Cyan47_0, 1.028, 0.001, 0.944, 0.028, 0.978, 0, 1.028, 0.998, 0.032
Node_Cyan28_chloroArabidopsis_0, 0.051, 0, 0.074, 0.05, 0.05, 0, 0.051, 0.047, 0.009
Node_Cyan2_Cyan1_0, 0.023, 0, 0.399, 0.143, 0.023, 0, 0.023, 0.018, 0.011
Node_Cyan31_Cyan34_0, 1.177, 0.003, 0.119, 0.363, 0.991, 0, 1.177, 0.929, 0.251
Node_Cyan33_Cyan21_0, 1.166, 0, 0.061, 0.042, 1, 0, 1.166, 1.036, 0.146
Node_Cyan38_Cyan28_0, 0.116, 0.001, 0.594, 0.215, 0.109, 0, 0.116, 0.106, 0.017
Node_Cyan40_Arma4_0, 0.94, 0.012, 0.036, 0.289, 0.774, 0.005, 0.94, 0.907, 0.01
Node_Cyan40_Cyan10_0, 1.171, 0.003, 0.031, 0.048, 0.998, 0, 1.171, 1.139, 0.028
Node_Cyan40_Cyan11_0, 0.884, 0.001, 0.436, 0.054, 0.868, 0, 0.884, 0.77, 0.121
Node_Cyan40_Cyan14_0, 2.162, 0.017, 0.403, 1.202, 0.998, 0, 2.162, 2.017, 0.12
Node_Cyan40_Cyan19_0, 2.428, 0.021, 0.018, 0.736, 0.995, 0, 2.428, 1.467, 0.933
Node_Cyan40_Cyan20_0, 1.14, 0.003, 0.017, 0.387, 0.971, 0, 1.14, 0.418, 0.721
Node_Cyan40_Cyan24_0, 1.171, 0.03, 1.04, 0.468, 0.994, 0, 1.171, 1.101, 0.019
Node_Cyan40_Cyan25_0, 1.198, 0, 0.123, 0.037, 0.995, 0, 1.198, 1.061, 0.15
Node_Cyan40_Cyan27_0, 0.889, 0, 0.036, 0.014, 0.877, 0, 0.889, 0.856, 0.041
Node_Cyan40_Cyan2_0, 0.411, 0.002, 0.205, 0.237, 0.392, 0, 0.411, 0.378, 0.032
Node_Cyan40_Cyan36_0, 1.492, 0.007, 0.026, 0.982, 0.903, 0, 1.492, 0.667, 0.819
Node_Cyan40_Cyan37_0, 0.533, 0, 1.023, 0.142, 0.445, 0, 0.533, 0.313, 0.226
Node_Cyan40_Cyan38_0, 0.692, 0.004, 0.195, 0.346, 0.532, 0, 0.692, 0.346, 0.35
Node_Cyan40_Cyan42_0, 1.33, 0.034, 0.019, 0.249, 0.972, 0, 1.33, 1.107, 0.175
Node_Cyan40_Cyan7_0, 0.433, 0.002, 0.058, 0.226, 0.397, 0, 0.433, 0.351, 0.078
Node_Cyan40_Marg1_0, 0.582, 0.004, 0.054, 0.42, 0.562, 0, 0.582, 0.566, 0.008
Node_Cyan40_Therd1_0, 0.624, 0.006, 0.324, 0.481, 0.595, 0, 0.624, 0.613, 0.002
Node_Cyan42_Cyan3_0, 1.742, 0.15, 0.096, 0.525, 0.985, 0, 1.742, 1.231, 0.358
Node_Cyan46_Cyan30_0, 0.307, 0, 0.922, 0.236, 0.284, 0, 0.307, 0.182, 0.131
Node_Cyan46_Cyan31_0, 1.042, 0.003, 0.089, 0.09, 0.933, 0, 1.042, 0.229, 0.821
Node_Cyan46_Cyan32_0, 1.236, 0.001, 0.027, 0.355, 0.998, 0, 1.236, 1.057, 0.192
Node_Cyan46_Cyan33_0, 1.081, 0.007, 0.113, 0.086, 1, 0, 1.081, 0.938, 0.145
Node_Cyan46_Cyan41_0, 1.07, 0.002, 0.062, 0.057, 1, 0, 1.07, 1.025, 0.049
Node_Cyan47_Cyan43_0, 1.011, 0.012, 0.072, 2.145, 1, 0, 1.011, 0.963, 0.043
Node_Cyan47_Cyan44_0, 1.008, 0.001, 0.021, 0.02, 1, 0, 1.008, 0.999, 0.017
Node_Cyan4_Cyan8_0, 0.006, 0, 0.04, 0.021, 0.006, 0, 0.006, 0.003, 0.011
Node_Cyan4_Cyan9_0, 0.005, 0, 0.012, 0.014, 0.005, 0, 0.005, 0.002, 0.011
Node_Cyan7_Cyan12_0, 0.012, 0, 0.035, 0.035, 0.012, 0, 0.012, 0.009, 0.012
Node_Cyan7_Cyan4_0, 0.035, 0, 0.405, 0.155, 0.035, 0, 0.035, 0.033, 0.007
Node_DTU0X1_SLNR1_0, 0.005, 0, 0.06, 0.044, 0.005, 0, 0.005, 0.003, 0.008
Node_Defe3_Defe1_0, 0.559, 0.001, 0.16, 0.285, 0.549, 0, 0.559, 0.528, 0.052
Node_Defe3_Defe2_0, 0.604, 0, 0.032, 0.275, 0.6, 0, 0.604, 0.539, 0.077
Node_Dein4_Dein2_0, 1.038, 0.004, 0.208, 0.338, 1, 0, 1.038, 0.572, 0.473
Node_Dein4_Dein6_0, 1.009, 0.004, 0.056, 1.03, 1, 0, 1.009, 0.999, 0.023
Node_Dein5_Bipo1_0, 0.305, 0.005, 0.137, 0.262, 0.293, 0, 0.305, 0.272, 0.026
Node_Dein5_Dein1_0, 0.943, 0, 0.054, 0.822, 0.932, 0, 0.943, 0.916, 0.039
Node_Dein5_Dein4_0, 0.769, 0.02, 0.138, 0.556, 0.686, 0, 0.769, 0.171, 0.582
Node_Dein5_Dein7_0, 0.958, 0.008, 0.19, 1.165, 0.925, 0, 0.958, 0.587, 0.371
Node_Dein7_Dein3_0, 0.942, 0, 0.048, 0.048, 0.932, 0, 0.942, 0.922, 0.032
Node_DesuB1_DesuB2_0, 1.225, 0.002, 0.172, 0.363, 1, 0, 1.225, 0.237, 0.995
Node_DesuB4_BdellC1_0, 0.103, 0, 0.056, 0.076, 0.099, 0, 0.103, 0.048, 0.056
Node_DesuB4_DesuB1_0, 0.4, 0.001, 0.03, 0.105, 0.358, 0, 0.4, 0.081, 0.326
Node_DesuB4_DesuB3_0, 1.01, 0, 0.243, 0.494, 0.999, 0, 1.01, 0.175, 0.853
Node_DesuB4_Desua5_0, 0.103, 0, 0.546, 0.164, 0.1, 0, 0.103, 0.087, 0.019
Node_DesuB4_Myxo10_0, 0.63, 0.001, 0.678, 0.316, 0.526, 0, 0.63, 0.566, 0.065
Node_DesuC2_DesuC1_0, 0.992, 0, 0.064, 0.037, 0.984, 0, 0.992, 0.987, 0.021
Node_DesuC2_Desua47_0, 1.035, 0.033, 0.267, 1.657, 0.989, 0, 1.035, 0.952, 0.033
Node_DesuD2_DesuD1_0, 1.043, 0, 0.704, 0.115, 1, 0, 1.043, 0.465, 0.599
Node_Desua11_Desua27_0, 0.007, 0, 0.022, 0.028, 0.007, 0, 0.007, 0.002, 0.026
Node_Desua16_Desua15_0, 1.919, 0, 0.027, 0.025, 1, 0, 1.919, 1.897, 0.035
Node_Desua16_Desua20_0, 0.241, 0, 0.03, 0.024, 0.224, 0, 0.241, 0.097, 0.149
Node_Desua16_Desua24_0, 1.911, 0.005, 0.038, 0.073, 1, 0, 1.911, 1.144, 0.766
Node_Desua16_Desua6_0, 0.122, 0, 0.054, 0.047, 0.117, 0, 0.122, 0.079, 0.046
Node_Desua16_Desua9_0, 1.178, 0.002, 0.02, 0.069, 0.93, 0, 1.178, 0.237, 0.955
Node_Desua1_Desua34_0, 0.004, 0, 0.01, 0.01, 0.004, 0, 0.004, 0, 0.01
Node_Desua1_Desua3_0, 0.004, 0, 0.012, 0.011, 0.004, 0, 0.004, 0.003, 0.006
Node_Desua1_Desua43_0, 0.01, 0, 0.013, 0.018, 0.01, 0, 0.01, 0.002, 0.016
Node_Desua22_Desua10_0, 0.031, 0, 0.014, 0.029, 0.031, 0, 0.031, 0.006, 0.037
Node_Desua22_Desua13_0, 0.008, 0, 0.009, 0.015, 0.008, 0, 0.008, 0.004, 0.007
Node_Desua22_Desua14_0, 0.124, 0.001, 0.018, 0.053, 0.122, 0, 0.124, 0.027, 0.11
Node_Desua22_Desua16_0, 0.13, 0, 0.996, 0.131, 0.126, 0, 0.13, 0.119, 0.014
Node_Desua22_Desua23_0, 0.381, 0, 0.022, 0.202, 0.377, 0, 0.381, 0.119, 0.279
Node_Desua22_Desua26_0, 0.01, 0, 0.018, 0.015, 0.01, 0, 0.01, 0.009, 0.005
Node_Desua22_Desua4_0, 0.023, 0, 0.112, 0.025, 0.022, 0, 0.023, 0.019, 0.005
Node_Desua26_Desua30_0, 0.003, 0, 0.016, 0.019, 0.003, 0, 0.003, 0.002, 0.009
Node_Desua28_Desua35_0, 1.006, 0.002, 0.025, 0.204, 1, 0, 1.006, 0.755, 0.267
Node_Desua2_Desua8_0, 0.255, 0, 0.021, 0.097, 0.255, 0, 0.255, 0.054, 0.211
Node_Desua36_Desua38_0, 0.006, 0, 0.028, 0.031, 0.006, 0, 0.006, 0, 0.026
Node_Desua36_Desua39_0, 0.008, 0, 0.028, 0.033, 0.008, 0, 0.008, 0.001, 0.027
Node_Desua40_Desua31_0, 0.006, 0, 0.015, 0.016, 0.006, 0, 0.006, 0.001, 0.016
Node_Desua42_Desua11_0, 0.003, 0, 0.022, 0.025, 0.003, 0, 0.003, 0.001, 0.021
Node_Desua42_Desua12_0, 0.004, 0, 0.011, 0.014, 0.004, 0, 0.004, 0.002, 0.009
Node_Desua43_Desua50_0, 0.009, 0, 0.014, 0.016, 0.009, 0, 0.009, 0.001, 0.011
Node_Desua43_Desua52_0, 0.006, 0, 0.017, 0.014, 0.006, 0, 0.006, 0, 0.014
Node_Desua43_Desua54_0, 0.012, 0, 0.016, 0.013, 0.012, 0, 0.012, 0.002, 0.018
Node_Desua44_Desua36_0, 0.009, 0, 0.02, 0.017, 0.009, 0, 0.009, 0.001, 0.021
Node_Desua46_Desua25_0, 0.003, 0, 0.012, 0.01, 0.003, 0, 0.003, 0, 0.008
Node_Desua47_Desua29_0, 0.008, 0, 0.253, 0.019, 0.008, 0, 0.008, 0.004, 0.016
Node_Desua47_Desua37_0, 1.068, 0, 0.029, 0.032, 0.998, 0, 1.068, 1.037, 0.046
Node_Desua47_Desua41_0, 0.245, 0, 1.02, 0.041, 0.244, 0, 0.245, 0.07, 0.197
Node_Desua47_Desua53_0, 1.051, 0.013, 0.032, 0.071, 0.995, 0, 1.051, 1.006, 0.035
Node_Desua48_Desua33_0, 0.003, 0, 0.029, 0.028, 0.003, 0, 0.003, 0, 0.025
Node_Desua48_Desua40_0, 0.005, 0, 0.013, 0.012, 0.005, 0, 0.005, 0.002, 0.01
Node_Desua48_Desua42_0, 0.006, 0, 0.009, 0.011, 0.006, 0, 0.006, 0.001, 0.01
Node_Desua48_Desua46_0, 0.007, 0, 0.021, 0.018, 0.007, 0, 0.007, 0, 0.022
Node_Desua49_Desua21_0, 0.006, 0, 0.014, 0.016, 0.006, 0, 0.006, 0.003, 0.012
Node_Desua49_Desua32_0, 0.003, 0, 0.015, 0.017, 0.003, 0, 0.003, 0.001, 0.012
Node_Desua49_Desua44_0, 0.008, 0, 0.007, 0.007, 0.008, 0, 0.008, 0.002, 0.012
Node_Desua4_Desua1_0, 0.007, 0, 0.023, 0.009, 0.007, 0, 0.007, 0.004, 0.007
Node_Desua4_Desua48_0, 0.008, 0, 0.009, 0.011, 0.008, 0, 0.008, 0.002, 0.01
Node_Desua4_Desua49_0, 0.006, 0, 0.014, 0.015, 0.006, 0, 0.006, 0.001, 0.012
Node_Desua53_Desua51_0, 1.004, 0, 0.076, 0.076, 1, 0, 1.004, 0.992, 0.029
Node_Desua6_Desua19_0, 0.019, 0, 0.071, 0.04, 0.019, 0, 0.019, 0.01, 0.025
Node_Desua6_Desua2_0, 0.065, 0, 0.102, 0.04, 0.065, 0, 0.065, 0.029, 0.045
Node_Desua6_Desua7_0, 0.008, 0, 0.028, 0.022, 0.008, 0, 0.008, 0.004, 0.017
Node_Desua9_Desua17_0, 1.343, 0.001, 0.036, 0.057, 1, 0, 1.343, 1.217, 0.139
Node_Desua9_Desua18_0, 1.239, 0.263, 0.266, 0.26, 0.949, 0, 1.239, 0.663, 0.064
Node_Dorm2_Dorm1_0, 0.983, 0, 0.036, 0.034, 0.972, 0, 0.983, 0.969, 0.028
Node_Dorm2_Dorm3_0, 1.226, 0.003, 0.246, 0.226, 0.987, 0, 1.226, 1.113, 0.114
Node_Dorm2_Dorm4_0, 1.082, 0, 0.557, 0.217, 0.979, 0, 1.082, 0.687, 0.413
Node_Dorm2_Dorm5_0, 0.991, 0, 0.113, 0.058, 0.966, 0, 0.991, 0.984, 0.022
Node_Eise2_Eise1_0, 0.003, 0, 0.022, 0.026, 0.003, 0, 0.003, 0, 0.02
Node_Eise4_Eise2_0, 0.005, 0, 0.01, 0.013, 0.005, 0, 0.005, 0.001, 0.009
Node_Eise4_Eise3_0, 0.003, 0, 0.012, 0.009, 0.003, 0, 0.003, 0, 0.01
Node_Elus1_Elus2_0, 0.03, 0, 0.012, 0.018, 0.03, 0, 0.03, 0.021, 0.01
Node_Elus2_Elus3_0, 0.064, 0, 0.011, 0.039, 0.062, 0, 0.064, 0.023, 0.045
Node_Elus2_Elus5_0, 0.155, 0, 0.039, 0.055, 0.154, 0, 0.155, 0.032, 0.13
Node_Elus3_Elus4_0, 0.245, 0.001, 0.007, 0.098, 0.244, 0, 0.245, 0.071, 0.178
Node_Elus3_Elus6_0, 0.007, 0, 0.029, 0.018, 0.007, 0, 0.007, 0.005, 0.01
Node_Elus3_Elus7_0, 0.073, 0, 0.04, 0.036, 0.073, 0, 0.073, 0.029, 0.049
Node_Elus3_Elus9_0, 0.026, 0, 0.229, 0.047, 0.026, 0, 0.026, 0.022, 0.01
Node_Elus6_Elus8_0, 0.004, 0, 0.017, 0.016, 0.004, 0, 0.004, 0.002, 0.014
Node_Elus9_Elus10_0, 0.002, 0, 0.039, 0.025, 0.002, 0, 0.002, 0.001, 0.015
Node_Erem4_Erem5_0, 0.005, 0, 0.019, 0.016, 0.005, 0, 0.005, 0.001, 0.014
Node_Erem6_Erem2_0, 0.046, 0, 0.165, 0.077, 0.046, 0, 0.046, 0.043, 0.009
Node_Erem6_Erem3_0, 0.015, 0, 0.044, 0.039, 0.015, 0, 0.015, 0.009, 0.013
Node_Erem6_Erem4_0, 0.01, 0, 0.022, 0.019, 0.01, 0, 0.01, 0.003, 0.017
Node_FCPU1_FCPU2_0, 1.009, 0.004, 0.044, 0.481, 0.997, 0, 1.009, 0.12, 0.914
Node_Ferm1_Eise4_0, 0.006, 0, 0.013, 0.015, 0.006, 0, 0.006, 0.004, 0.004
Node_Ferm1_GemmA1_0, 0.003, 0, 0.006, 0.007, 0.003, 0, 0.003, 0.002, 0.003
Node_Ferm1_Krum1_0, 0, 0, 0.009, 0.008, 0, 0, 0, 0, 0.006
Node_Fibr4_Fibr2_0, 0.037, 0, 0.169, 0.098, 0.037, 0, 0.037, 0.033, 0.014
Node_Fibr4_Fibr3_0, 0.042, 0, 0.012, 0.018, 0.041, 0, 0.042, 0.02, 0.027
Node_Fibr4_Fibr5_0, 0.108, 0, 0.008, 0.045, 0.104, 0, 0.108, 0.039, 0.074
Node_Fibr4_Fibr6_0, 0.192, 0.001, 0.062, 0.076, 0.192, 0, 0.192, 0.05, 0.145
Node_Fibr5_Fibr1_0, 0.23, 0, 0.049, 0.1, 0.227, 0, 0.23, 0.069, 0.171
Node_FirmA102_FirmA76_0, 0.004, 0, 0.018, 0.014, 0.004, 0, 0.004, 0, 0.015
Node_FirmA104_FirmA78_0, 0.006, 0, 0.007, 0.005, 0.006, 0, 0.006, 0.003, 0.008
Node_FirmA106_FirmA114_0, 0.009, 0, 0.01, 0.012, 0.009, 0, 0.009, 0.001, 0.016
Node_FirmA109_FirmA77_0, 0.01, 0, 0.016, 0.018, 0.01, 0, 0.01, 0.002, 0.014
Node_FirmA109_FirmA95_0, 0.008, 0, 0.019, 0.018, 0.008, 0, 0.008, 0.003, 0.017
Node_FirmA114_FirmA98_0, 0.003, 0, 0.02, 0.019, 0.003, 0, 0.003, 0, 0.014
Node_FirmA11_FirmA67_0, 0.006, 0, 0.051, 0.022, 0.006, 0, 0.006, 0.005, 0.005
Node_FirmA12_FirmA93_0, 0.006, 0, 0.013, 0.015, 0.006, 0, 0.006, 0.002, 0.011
Node_FirmA14_FirmA113_0, 0.006, 0, 0.017, 0.013, 0.006, 0, 0.006, 0.001, 0.014
Node_FirmA18_FirmA103_0, 0.005, 0, 0.011, 0.014, 0.005, 0, 0.005, 0.001, 0.011
Node_FirmA20_FirmA100_0, 0.01, 0, 0.018, 0.026, 0.01, 0, 0.01, 0, 0.019
Node_FirmA20_FirmA24_0, 0.037, 0, 0.007, 0.018, 0.037, 0, 0.037, 0.02, 0.021
Node_FirmA20_FirmA25_0, 0.019, 0, 0.056, 0.033, 0.017, 0, 0.019, 0.014, 0.013
Node_FirmA20_FirmA38_0, 0.062, 0, 0.009, 0.023, 0.061, 0, 0.062, 0.029, 0.034
Node_FirmA20_FirmA52_0, 0.009, 0, 0.021, 0.018, 0.009, 0, 0.009, 0.005, 0.011
Node_FirmA21_FirmA108_0, 0.004, 0, 0.008, 0.009, 0.004, 0, 0.004, 0, 0.01
Node_FirmA21_FirmA47_0, 0.001, 0, 0.013, 0.015, 0.001, 0, 0.001, 0, 0.01
Node_FirmA21_FirmA88_0, 0.002, 0, 0.011, 0.009, 0.002, 0, 0.002, 0, 0.006
Node_FirmA24_FirmA1_0, 0.008, 0, 0.036, 0.018, 0.008, 0, 0.008, 0.005, 0.007
Node_FirmA24_FirmA8_0, 0.012, 0, 0.012, 0.015, 0.012, 0, 0.012, 0.003, 0.016
Node_FirmA25_FirmA56_0, 0.008, 0, 0.022, 0.016, 0.007, 0, 0.008, 0.006, 0.011
Node_FirmA26_FirmA102_0, 0.007, 0, 0.01, 0.009, 0.007, 0, 0.007, 0.001, 0.011
Node_FirmA26_FirmA2_0, 0.006, 0, 0.013, 0.018, 0.006, 0, 0.006, 0.002, 0.012
Node_FirmA26_FirmA41_0, 0.004, 0, 0.017, 0.012, 0.004, 0, 0.004, 0.002, 0.009
Node_FirmA26_FirmA7_0, 0.012, 0, 0.008, 0.01, 0.012, 0, 0.012, 0.003, 0.013
Node_FirmA27_FirmA71_0, 0.005, 0, 0.014, 0.018, 0.005, 0, 0.005, 0.002, 0.013
Node_FirmA27_FirmA89_0, 0.006, 0, 0.011, 0.017, 0.006, 0, 0.006, 0.004, 0.011
Node_FirmA28_FirmA94_0, 0.007, 0, 0.013, 0.007, 0.007, 0, 0.007, 0, 0.012
Node_FirmA29_FirmA51_0, 0.001, 0, 0.024, 0.026, 0.001, 0, 0.001, 0.001, 0.02
Node_FirmA38_FirmA32_0, 0.144, 0, 0.011, 0.09, 0.144, 0, 0.144, 0.057, 0.093
Node_FirmA43_FirmA39_0, 0.005, 0, 0.017, 0.018, 0.005, 0, 0.005, 0.002, 0.015
Node_FirmA45_FirmA40_0, 0.009, 0, 0.021, 0.02, 0.009, 0, 0.009, 0.004, 0.02
Node_FirmA50_FirmA70_0, 0.006, 0, 0.021, 0.019, 0.006, 0, 0.006, 0.001, 0.019
Node_FirmA52_FirmA107_0, 0.004, 0, 0.015, 0.012, 0.004, 0, 0.004, 0.003, 0.009
Node_FirmA52_FirmA42_0, 0.01, 0, 0.014, 0.017, 0.01, 0, 0.01, 0.001, 0.015
Node_FirmA53_FirmA35_0, 0.001, 0, 0.015, 0.018, 0.001, 0, 0.001, 0.001, 0.01
Node_FirmA55_FirmA29_0, 0.005, 0, 0.014, 0.013, 0.005, 0, 0.005, 0.003, 0.006
Node_FirmA58_FirmA43_0, 0.007, 0, 0.013, 0.011, 0.007, 0, 0.007, 0.002, 0.012
Node_FirmA59_FirmA36_0, 0.007, 0, 0.015, 0.024, 0.007, 0, 0.007, 0.001, 0.019
Node_FirmA59_FirmA44_0, 0.003, 0, 0.019, 0.014, 0.003, 0, 0.003, 0.002, 0.013
Node_FirmA59_FirmA48_0, 0.005, 0, 0.015, 0.014, 0.005, 0, 0.005, 0.001, 0.013
Node_FirmA60_FirmA74_0, 0.005, 0, 0.024, 0.02, 0.005, 0, 0.005, 0.003, 0.014
Node_FirmA61_FirmA66_0, 0.007, 0.001, 0.02, 0.021, 0.007, 0, 0.007, 0, 0.018
Node_FirmA62_FirmA104_0, 0.005, 0, 0.007, 0.009, 0.005, 0, 0.005, 0, 0.01
Node_FirmA62_FirmA58_0, 0.008, 0, 0.009, 0.012, 0.008, 0, 0.008, 0.001, 0.012
Node_FirmA62_FirmA6_0, 0.002, 0, 0.011, 0.01, 0.002, 0, 0.002, 0, 0.005
Node_FirmA63_FirmA109_0, 0.012, 0, 0.015, 0.017, 0.012, 0, 0.012, 0.002, 0.02
Node_FirmA63_FirmA10_0, 0.004, 0, 0.02, 0.013, 0.004, 0, 0.004, 0, 0.012
Node_FirmA63_FirmA30_0, 0.007, 0, 0.007, 0.007, 0.007, 0, 0.007, 0.001, 0.01
Node_FirmA63_FirmA45_0, 0.01, 0, 0.013, 0.013, 0.01, 0, 0.01, 0.001, 0.016
Node_FirmA63_FirmA57_0, 0.004, 0, 0.007, 0.004, 0.004, 0, 0.004, 0.001, 0.005
Node_FirmA63_FirmA99_0, 0.007, 0, 0.012, 0.016, 0.007, 0, 0.007, 0.001, 0.015
Node_FirmA64_FirmA33_0, 0.005, 0, 0.009, 0.007, 0.005, 0, 0.005, 0.002, 0.008
Node_FirmA65_FirmA5_0, 0.006, 0, 0.022, 0.032, 0.006, 0, 0.006, 0.001, 0.025
Node_FirmA65_FirmA64_0, 0.006, 0, 0.012, 0.012, 0.006, 0, 0.006, 0.001, 0.009
Node_FirmA65_FirmA69_0, 0.009, 0, 0.01, 0.01, 0.009, 0, 0.009, 0.005, 0.01
Node_FirmA65_FirmA97_0, 0.003, 0, 0.018, 0.019, 0.003, 0, 0.003, 0.001, 0.015
Node_FirmA67_FirmA37_0, 0.002, 0, 0.008, 0.006, 0.002, 0, 0.002, 0, 0.004
Node_FirmA67_FirmA50_0, 0.008, 0, 0.008, 0.012, 0.008, 0, 0.008, 0, 0.014
Node_FirmA67_FirmA79_0, 0.003, 0, 0.016, 0.015, 0.003, 0, 0.003, 0.001, 0.011
Node_FirmA67_FirmA87_0, 0.006, 0, 0.009, 0.014, 0.006, 0, 0.006, 0.002, 0.009
Node_FirmA69_FirmA28_0, 0.008, 0, 0.007, 0.007, 0.008, 0, 0.008, 0.004, 0.006
Node_FirmA69_FirmA72_0, 0.011, 0, 0.011, 0.015, 0.011, 0, 0.011, 0.005, 0.014
Node_FirmA72_FirmA73_0, 0.006, 0, 0.026, 0.031, 0.006, 0, 0.006, 0.001, 0.021
Node_FirmA7_FirmA12_0, 0.008, 0, 0.022, 0.025, 0.008, 0, 0.008, 0, 0.023
Node_FirmA7_FirmA90_0, 0.007, 0, 0.019, 0.02, 0.007, 0, 0.007, 0.001, 0.014
Node_FirmA80_FirmA34_0, 0.004, 0, 0.013, 0.013, 0.004, 0, 0.004, 0.001, 0.01
Node_FirmA81_FirmA14_0, 0.009, 0, 0.041, 0.026, 0.009, 0, 0.009, 0.004, 0.006
Node_FirmA81_FirmA19_0, 0.003, 0, 0.016, 0.019, 0.003, 0, 0.003, 0.001, 0.01
Node_FirmA81_FirmA84_0, 0.031, 0, 0.009, 0.014, 0.03, 0, 0.031, 0.013, 0.02
Node_FirmA81_FirmA92_0, 0.044, 0, 0.016, 0.02, 0.044, 0, 0.044, 0.022, 0.029
Node_FirmA83_FirmA11_0, 0.052, 0, 0.544, 0.107, 0.051, 0, 0.052, 0.048, 0.004
Node_FirmA83_FirmA49_0, 0.006, 0, 0.01, 0.008, 0.006, 0, 0.006, 0.001, 0.011
Node_FirmA83_FirmA55_0, 0.013, 0, 0.015, 0.012, 0.013, 0, 0.013, 0.004, 0.019
Node_FirmA83_FirmA59_0, 0.009, 0, 0.019, 0.017, 0.009, 0, 0.009, 0.007, 0.008
Node_FirmA83_FirmA65_0, 0.009, 0, 0.011, 0.011, 0.009, 0, 0.009, 0.004, 0.011
Node_FirmA83_FirmA81_0, 0.02, 0, 0.043, 0.03, 0.019, 0, 0.02, 0.013, 0.011
Node_FirmA83_FirmA86_0, 0.005, 0, 0.016, 0.017, 0.005, 0, 0.005, 0.003, 0.008
Node_FirmA84_FirmA111_0, 0.022, 0, 0.014, 0.014, 0.021, 0, 0.022, 0.019, 0.005
Node_FirmA84_FirmA16_0, 0.004, 0, 0.014, 0.011, 0.004, 0, 0.004, 0, 0.011
Node_FirmA84_FirmA20_0, 0.023, 0, 0.008, 0.012, 0.023, 0, 0.023, 0.017, 0.009
Node_FirmA84_FirmA26_0, 0.007, 0, 0.022, 0.01, 0.007, 0, 0.007, 0.004, 0.006
Node_FirmA84_FirmA46_0, 0.004, 0, 0.013, 0.014, 0.004, 0, 0.004, 0.001, 0.011
Node_FirmA84_FirmA63_0, 0.006, 0, 0.008, 0.01, 0.006, 0, 0.006, 0.002, 0.01
Node_FirmA84_FirmA9_0, 0.006, 0, 0.013, 0.018, 0.006, 0, 0.006, 0.001, 0.015
Node_FirmA85_DTU0X1_0, 0.057, 0, 0.55, 0.115, 0.057, 0, 0.057, 0.056, 0.001
Node_FirmA85_FirmA60_0, 0.015, 0, 0.056, 0.041, 0.015, 0, 0.015, 0.011, 0.014
Node_FirmA85_FirmC13_0, 0.606, 0, 0.092, 0.169, 0.594, 0, 0.606, 0.6, 0.006
Node_FirmA86_FirmA61_0, 0.008, 0, 0.017, 0.022, 0.008, 0, 0.008, 0.001, 0.02
Node_FirmA87_FirmA106_0, 0.003, 0, 0.011, 0.015, 0.003, 0, 0.003, 0.001, 0.012
Node_FirmA87_FirmA62_0, 0.002, 0, 0.008, 0.008, 0.002, 0, 0.002, 0, 0.006
Node_FirmA87_FirmA96_0, 0.004, 0, 0.006, 0.004, 0.004, 0, 0.004, 0.001, 0.004
Node_FirmA88_FirmA101_0, 0.002, 0, 0.011, 0.012, 0.002, 0, 0.002, 0.001, 0.011
Node_FirmA89_FirmA105_0, 0.004, 0, 0.014, 0.014, 0.004, 0, 0.004, 0.001, 0.01
Node_FirmA89_FirmA110_0, 0.003, 0, 0.016, 0.016, 0.003, 0, 0.003, 0.001, 0.015
Node_FirmA89_FirmA21_0, 0.007, 0, 0.009, 0.011, 0.007, 0, 0.007, 0.001, 0.01
Node_FirmA89_FirmA31_0, 0.004, 0, 0.015, 0.012, 0.004, 0, 0.004, 0, 0.013
Node_FirmA89_FirmA53_0, 0.006, 0, 0.015, 0.015, 0.006, 0, 0.006, 0, 0.014
Node_FirmA89_FirmA68_0, 0.008, 0, 0.013, 0.016, 0.008, 0, 0.008, 0.003, 0.017
Node_FirmA89_FirmA80_0, 0.007, 0, 0.012, 0.01, 0.007, 0, 0.007, 0, 0.012
Node_FirmA90_FirmA112_0, 0.005, 0, 0.015, 0.015, 0.005, 0, 0.005, 0.002, 0.013
Node_FirmA92_FirmA54_0, 0.207, 0.001, 0.014, 0.083, 0.206, 0, 0.207, 0.041, 0.176
Node_FirmA94_FirmA75_0, 0, 0, 0.014, 0.01, 0, 0, 0, 0, 0.007
Node_FirmA96_FirmA27_0, 0.006, 0, 0.008, 0.008, 0.006, 0, 0.006, 0.002, 0.01
Node_FirmA96_FirmA91_0, 0.003, 0, 0.018, 0.02, 0.003, 0, 0.003, 0, 0.015
Node_FirmA99_FirmA18_0, 0.005, 0, 0.018, 0.019, 0.005, 0, 0.005, 0.001, 0.016
Node_FirmB16_FirmB13_0, 0.003, 0, 0.014, 0.015, 0.003, 0, 0.003, 0, 0.012
Node_FirmB17_FirmB15_0, 0, 0, 0.023, 0.02, 0, 0, 0, 0, 0.016
Node_FirmB2_FirmB11_0, 0.994, 0, 0.019, 0.018, 0.991, 0, 0.994, 0.988, 0.013
Node_FirmB2_FirmB12_0, 1, 0.001, 0.021, 0.46, 0.992, 0, 1, 0.287, 0.725
Node_FirmB3_FirmB14_0, 0.006, 0, 0.018, 0.017, 0.006, 0, 0.006, 0, 0.017
Node_FirmB4_FirmB17_0, 0.007, 0, 0.008, 0.009, 0.007, 0, 0.007, 0, 0.009
Node_FirmB4_FirmB1_0, 0.006, 0.001, 0.012, 0.014, 0.006, 0, 0.006, 0.001, 0.01
Node_FirmB4_FirmB3_0, 0.007, 0, 0.017, 0.013, 0.007, 0, 0.007, 0.003, 0.008
Node_FirmB6_FirmB7_0, 0.008, 0, 0.103, 0.047, 0.008, 0, 0.008, 0.005, 0.013
Node_FirmB8_FirmB16_0, 0.005, 0, 0.024, 0.019, 0.005, 0, 0.005, 0.002, 0.013
Node_FirmB8_FirmB4_0, 0.016, 0, 0.054, 0.027, 0.016, 0, 0.016, 0.01, 0.015
Node_FirmB8_FirmB5_0, 0.006, 0, 0.01, 0.009, 0.006, 0, 0.006, 0, 0.011
Node_FirmB8_FirmB9_0, 0.055, 0, 0.054, 0.05, 0.055, 0, 0.055, 0.023, 0.043
Node_FirmB9_FirmB10_0, 0.038, 0, 0.277, 0.088, 0.036, 0, 0.038, 0.03, 0.02
Node_FirmB9_FirmB2_0, 0.295, 0.001, 0.018, 0.122, 0.291, 0, 0.295, 0.086, 0.214
Node_FirmB9_FirmB6_0, 0.098, 0, 0.025, 0.059, 0.097, 0, 0.098, 0.038, 0.068
Node_FirmC10_FirmC14_0, 0.006, 0, 0.016, 0.019, 0.006, 0, 0.006, 0.003, 0.01
Node_FirmC10_FirmC18_0, 0.012, 0, 0.01, 0.012, 0.012, 0, 0.012, 0.003, 0.014
Node_FirmC10_FirmC19_0, 0.008, 0, 0.015, 0.013, 0.008, 0, 0.008, 0.001, 0.016
Node_FirmC11_FirmC3_0, 0.002, 0, 0.016, 0.013, 0.002, 0, 0.002, 0.001, 0.009
Node_FirmC13_FirmB8_0, 0.066, 0, 0.538, 0.101, 0.066, 0, 0.066, 0.058, 0.015
Node_FirmC13_FirmC10_0, 0.007, 0, 0.02, 0.016, 0.007, 0, 0.007, 0.002, 0.017
Node_FirmC13_FirmC17_0, 0.002, 0, 0.02, 0.016, 0.002, 0, 0.002, 0, 0.015
Node_FirmC13_FirmC5_0, 0.023, 0, 0.06, 0.041, 0.023, 0, 0.023, 0.015, 0.017
Node_FirmC13_FirmC8_0, 0.01, 0, 0.024, 0.018, 0.01, 0, 0.01, 0.003, 0.011
Node_FirmC13_Firms33_0, 0.589, 0.002, 0.023, 0.104, 0.575, 0, 0.589, 0.581, 0.004
Node_FirmC15_FirmC12_0, 0.004, 0, 0.021, 0.02, 0.004, 0, 0.004, 0, 0.02
Node_FirmC1_FirmC4_0, 0.009, 0, 0.017, 0.013, 0.009, 0, 0.009, 0.002, 0.013
Node_FirmC6_FirmC16_0, 0.005, 0, 0.02, 0.018, 0.005, 0, 0.005, 0.001, 0.012
Node_FirmC6_FirmC1_0, 0.013, 0, 0.012, 0.018, 0.013, 0, 0.013, 0.003, 0.017
Node_FirmC8_FirmC11_0, 0.009, 0, 0.015, 0.013, 0.009, 0, 0.009, 0, 0.016
Node_FirmC8_FirmC15_0, 0.005, 0, 0.025, 0.023, 0.005, 0, 0.005, 0, 0.019
Node_FirmC8_FirmC6_0, 0.008, 0, 0.023, 0.024, 0.008, 0, 0.008, 0.003, 0.021
Node_FirmC8_FirmC7_0, 0.011, 0, 0.015, 0.02, 0.011, 0, 0.011, 0.002, 0.017
Node_FirmC8_FirmC9_0, 0.01, 0, 0.015, 0.019, 0.01, 0, 0.01, 0.004, 0.015
Node_FirmD2_FirmD3_0, 0.012, 0, 0.046, 0.033, 0.012, 0, 0.012, 0.007, 0.015
Node_FirmD4_FirmD2_0, 0.043, 0, 0.582, 0.117, 0.043, 0, 0.043, 0.043, 0.004
Node_FirmE4_FirmE6_0, 1.004, 0, 0.023, 0.043, 1, 0, 1.004, 0.757, 0.256
Node_FirmE5_FirmA85_0, 0.692, 0.004, 0.051, 0.205, 0.659, 0, 0.692, 0.556, 0.131
Node_FirmE5_FirmE3_0, 0.009, 0, 0.774, 0.029, 0.009, 0, 0.009, 0.003, 0.012
Node_FirmE5_FirmE4_0, 0.771, 0, 0.02, 0.023, 0.758, 0, 0.771, 0.714, 0.062
Node_FirmE5_FirmE7_0, 0.729, 0.003, 0.069, 0.123, 0.716, 0, 0.729, 0.63, 0.103
Node_FirmE7_FirmE1_0, 0.658, 0.001, 0.095, 0.227, 0.646, 0, 0.658, 0.641, 0.023
Node_FirmE7_FirmE2_0, 0.763, 0, 0.022, 0.258, 0.714, 0, 0.763, 0.646, 0.127
Node_FirmE7_FirmE8_0, 1.272, 0.001, 0.014, 0.138, 1, 0, 1.272, 0.759, 0.522
Node_FirmF1_FirmF2_0, 0.05, 0, 0.538, 0.184, 0.05, 0, 0.05, 0.048, 0.007
Node_FirmF1_FirmG6_0, 0.581, 0.003, 0.068, 0.163, 0.561, 0, 0.581, 0.557, 0.019
Node_FirmF2_FirmF3_0, 0.009, 0, 0.057, 0.043, 0.009, 0, 0.009, 0.005, 0.016
Node_FirmG5_FirmG1_0, 0.033, 0, 0.194, 0.084, 0.032, 0, 0.033, 0.026, 0.018
Node_FirmG5_FirmG2_0, 0.209, 0, 0.141, 0.069, 0.207, 0, 0.209, 0.048, 0.162
Node_FirmG6_FirmE5_0, 0.608, 0.003, 0.021, 0.156, 0.581, 0, 0.608, 0.559, 0.045
Node_FirmG6_FirmG3_0, 0.015, 0, 0.326, 0.063, 0.015, 0, 0.015, 0.01, 0.016
Node_FirmG6_FirmG4_0, 0.325, 0, 0.055, 0.088, 0.319, 0, 0.325, 0.138, 0.192
Node_FirmG6_FirmG5_0, 0.188, 0.002, 0.5, 0.245, 0.183, 0, 0.188, 0.114, 0.078
Node_Firms11_Firms17_0, 2.03, 0.003, 0.145, 0.154, 1, 0, 2.03, 1.923, 0.114
Node_Firms13_Firms1_0, 1.148, 0.001, 0.8, 0.29, 0.99, 0, 1.148, 1.143, 0.011
Node_Firms1_Firms10_0, 0.41, 0, 1.007, 0.211, 0.362, 0, 0.41, 0.155, 0.269
Node_Firms20_Firms12_0, 0.032, 0, 0.015, 0.014, 0.032, 0, 0.032, 0.003, 0.041
Node_Firms20_Firms29_0, 0.172, 0, 0.023, 0.024, 0.172, 0, 0.172, 0.024, 0.163
Node_Firms22_Firms27_0, 2.179, 0, 0.018, 0.031, 1, 0, 2.179, 2.081, 0.102
Node_Firms23_Firms18_0, 0.004, 0, 0.012, 0.01, 0.004, 0, 0.004, 0.003, 0.008
Node_Firms24_Firms26_0, 1.005, 0.003, 0.063, 0.855, 1, 0, 1.005, 0.933, 0.081
Node_Firms30_Firms31_0, 0.002, 0, 0.013, 0.012, 0.002, 0, 0.002, 0.001, 0.011
Node_Firms32_Firms25_0, 0.003, 0, 0.016, 0.009, 0.003, 0, 0.003, 0, 0.011
Node_Firms33_FirmA83_0, 0.592, 0, 0.017, 0.103, 0.578, 0, 0.592, 0.572, 0.02
Node_Firms33_FirmD1_0, 0.738, 0.009, 0.013, 0.191, 0.706, 0, 0.738, 0.608, 0.121
Node_Firms33_FirmD4_0, 0.621, 0.004, 0.016, 0.127, 0.605, 0, 0.621, 0.577, 0.041
Node_Firms33_Firms11_0, 2.058, 0.051, 0.094, 0.749, 1, 0, 2.058, 1.954, 0.006
Node_Firms33_Firms13_0, 1.936, 0.008, 0.015, 0.545, 0.999, 0, 1.936, 1.22, 0.707
Node_Firms33_Firms15_0, 0.368, 0, 1.795, 0.006, 0.367, 0, 0.368, 0.276, 0.095
Node_Firms33_Firms16_0, 0.003, 0, 0.372, 0.01, 0.003, 0, 0.003, 0, 0.007
Node_Firms33_Firms20_0, 0.006, 0, 0.011, 0.014, 0.006, 0, 0.006, 0.002, 0.011
Node_Firms33_Firms21_0, 0.006, 0, 0.006, 0.009, 0.006, 0, 0.006, 0.001, 0.009
Node_Firms33_Firms22_0, 2.095, 0.058, 0.01, 0.413, 1, 0, 2.095, 1.914, 0.083
Node_Firms33_Firms23_0, 0.008, 0, 0.018, 0.024, 0.008, 0, 0.008, 0.001, 0.018
Node_Firms33_Firms28_0, 0.002, 0, 0.009, 0.009, 0.002, 0, 0.002, 0, 0.007
Node_Firms33_Firms2_0, 0.007, 0, 0.006, 0.014, 0.007, 0, 0.007, 0.002, 0.011
Node_Firms33_Firms30_0, 0.004, 0, 0.013, 0.012, 0.004, 0, 0.004, 0.002, 0.011
Node_Firms33_Firms32_0, 0.008, 0, 0.016, 0.019, 0.008, 0, 0.008, 0.001, 0.017
Node_Firms33_Firms3_0, 1.964, 0.013, 0.013, 0.352, 1, 0, 1.964, 1.913, 0.028
Node_Firms33_Firms5_0, 2.068, 0, 0.006, 0.006, 1, 0, 2.068, 2.03, 0.04
Node_Firms33_Firms6_0, 1.236, 0.003, 0.082, 0.295, 0.956, 0, 1.236, 1.036, 0.196
Node_Firms33_Firms7_0, 2.034, 0.002, 0.036, 0.018, 1, 0, 2.034, 2.029, 0.01
Node_Firms33_Firms8_0, 1.119, 0.07, 0.003, 0.372, 0.959, 0, 1.119, 0.717, 0.314
Node_Firms33_Firms9_0, 0.004, 0, 0.007, 0.012, 0.004, 0, 0.004, 0.002, 0.007
Node_Firms8_Firms24_0, 0.984, 0.006, 0.684, 0.17, 0.948, 0, 0.984, 0.409, 0.57
Node_Firms8_Firms4_0, 1.092, 0.007, 0.099, 0.209, 0.966, 0, 1.092, 1.021, 0.065
Node_Gemm2_Gemm4_0, 0.008, 0, 0.019, 0.013, 0.008, 0, 0.008, 0.001, 0.019
Node_Gemm3_Gemm6_0, 0.188, 0, 0.016, 0.022, 0.188, 0, 0.188, 0.031, 0.169
Node_Gemm5_Gemm8_0, 0.033, 0.001, 0.006, 0.028, 0.033, 0, 0.033, 0.011, 0.026
Node_Gemm5_Gemm9_0, 0.008, 0, 0.034, 0.019, 0.008, 0, 0.008, 0.004, 0.009
Node_Gemm9_Gemm2_0, 0.008, 0, 0.016, 0.017, 0.008, 0, 0.008, 0.003, 0.016
Node_Gemm9_Gemm3_0, 0.035, 0, 0.008, 0.008, 0.035, 0, 0.035, 0.005, 0.035
Node_Gemm9_Gemm7_0, 0.008, 0, 0.016, 0.021, 0.008, 0, 0.008, 0.003, 0.016
Node_Gold1_FCPU1_0, 0.135, 0, 0.135, 0.1, 0.133, 0, 0.135, 0.032, 0.105
Node_Gold1_Fire1_0, 0.165, 0, 0.093, 0.123, 0.162, 0, 0.165, 0.157, 0.011
Node_Gold1_Gold2_0, 0.013, 0, 0.159, 0.075, 0.013, 0, 0.013, 0.007, 0.037
Node_Hydr2_Abys1_0, 0.943, 0, 0.739, 0.534, 0.715, 0, 0.943, 0.798, 0.149
Node_Hydr2_Hydr1_0, 1.057, 0.001, 0.682, 0.425, 0.999, 0, 1.057, 0.292, 0.795
Node_Hydr2_Plan43_0, 1.586, 0.027, 0.164, 1.04, 0.938, 0, 1.586, 1.147, 0.393
Node_Hydr2_Sume1_0, 1.533, 0.005, 0.175, 0.887, 0.941, 0, 1.533, 1.413, 0.117
Node_KSB1X2_KSB1X4_0, 0.005, 0, 0.02, 0.024, 0.005, 0, 0.005, 0, 0.015
Node_KSB1X3_KSB1X1_0, 0.003, 0, 0.008, 0.006, 0.003, 0, 0.003, 0.001, 0.007
Node_Late1_Late3_0, 0.212, 0, 0.018, 0.054, 0.211, 0, 0.212, 0.045, 0.183
Node_Late2_Late1_0, 0.047, 0, 0.011, 0.019, 0.047, 0, 0.047, 0.01, 0.041
Node_Lind1_Lind2_0, 0.885, 0.003, 0.237, 0.85, 0.711, 0, 0.885, 0.67, 0.223
Node_Lind1_Lind4_0, 0.896, 0.007, 0.312, 0.651, 0.729, 0, 0.896, 0.784, 0.106
Node_Marg1_Marg2_0, 0.308, 0.001, 0.294, 0.379, 0.305, 0, 0.308, 0.29, 0.019
Node_Marg1_Marg6_0, 0.037, 0, 0.28, 0.162, 0.037, 0, 0.037, 0.035, 0.009
Node_Marg2_Marg7_0, 0.443, 0.001, 0.051, 0.383, 0.435, 0, 0.443, 0.273, 0.185
Node_Mari3_Mari2_0, 0.011, 0, 0.06, 0.033, 0.011, 0, 0.011, 0.006, 0.014
Node_Mari3_Mari6_0, 0.057, 0, 0.016, 0.028, 0.056, 0, 0.057, 0.025, 0.034
Node_Mari6_Mari1_0, 0.02, 0, 0.157, 0.077, 0.02, 0, 0.02, 0.014, 0.013
Node_Mari6_Mari5_0, 0.164, 0, 0.005, 0.05, 0.162, 0, 0.164, 0.055, 0.112
Node_Meth2_Meth1_0, 0.046, 0, 0.65, 0.107, 0.046, 0, 0.046, 0.043, 0.017
Node_Meth4_Meth3_0, 1.257, 0.002, 0.018, 0.019, 1, 0, 1.257, 0.962, 0.301
Node_Meth5_Meth2_0, 0.679, 0.018, 0.034, 0.075, 0.65, 0, 0.679, 0.592, 0.059
Node_Meth5_Meth4_0, 0.972, 0.117, 0.034, 0.159, 0.806, 0, 0.972, 0.588, 0.21
Node_Meth5_NitsA1_0, 0.961, 0, 0.047, 0.14, 0.866, 0, 0.961, 0.929, 0.034
Node_Meth5_SZUA1_0, 0.636, 0.006, 0.36, 0.149, 0.616, 0, 0.636, 0.603, 0.029
Node_Meth5_Sche1_0, 0.961, 0, 0.101, 0.116, 0.817, 0, 0.961, 0.862, 0.101
Node_MyxA1_MyxA2_0, 1.026, 0, 0.167, 0.062, 1, 0, 1.026, 1.019, 0.014
Node_MyxA1_MyxA4_0, 1.179, 0.002, 0.074, 0.183, 1, 0, 1.179, 0.446, 0.741
Node_MyxA2_MyxA3_0, 1.011, 0.001, 0.038, 0.034, 1, 0, 1.011, 1.003, 0.022
Node_Myxo10_Bdell6_0, 0.663, 0, 0.105, 0.227, 0.547, 0, 0.663, 0.532, 0.138
Node_Myxo10_MyxA1_0, 0.51, 0, 0.278, 0.185, 0.475, 0, 0.51, 0.386, 0.125
Node_Myxo10_Myxo11_0, 0.224, 0, 0.309, 0.103, 0.22, 0, 0.224, 0.202, 0.023
Node_Myxo10_Myxo14_0, 0.052, 0, 0.188, 0.036, 0.052, 0, 0.052, 0.037, 0.016
Node_Myxo10_Myxo15_0, 0.053, 0, 0.102, 0.039, 0.053, 0, 0.053, 0.013, 0.055
Node_Myxo10_Myxo17_0, 0.1, 0, 0.039, 0.049, 0.1, 0, 0.1, 0.023, 0.087
Node_Myxo11_Bdell13_0, 0.202, 0, 0.061, 0.048, 0.196, 0, 0.202, 0.166, 0.039
Node_Myxo11_Myxo13_0, 0.011, 0, 0.025, 0.033, 0.011, 0, 0.011, 0.005, 0.022
Node_Myxo11_Myxo8_0, 0.014, 0, 0.197, 0.03, 0.014, 0, 0.014, 0.012, 0.009
Node_Myxo14_Myxo2_0, 0.091, 0.001, 0.009, 0.021, 0.089, 0, 0.091, 0.016, 0.083
Node_Myxo14_Myxo3_0, 0.012, 0, 0.048, 0.023, 0.012, 0, 0.012, 0.009, 0.008
Node_Myxo14_Myxo5_0, 0.37, 0, 0.007, 0.03, 0.339, 0, 0.37, 0.089, 0.286
Node_Myxo14_Myxo6_0, 1.006, 0, 0.206, 0.097, 0.999, 0, 1.006, 0.177, 0.842
Node_Myxo14_Myxo9_0, 0.016, 0, 0.01, 0.014, 0.016, 0, 0.016, 0.005, 0.014
Node_Myxo15_Myxo18_0, 0.179, 0, 0.021, 0.021, 0.178, 0, 0.179, 0.045, 0.147
Node_Myxo17_Myxo19_0, 0.286, 0, 0.035, 0.097, 0.285, 0, 0.286, 0.08, 0.221
Node_Myxo2_Myxo1_0, 0.013, 0, 0.091, 0.015, 0.012, 0, 0.013, 0.005, 0.013
Node_Myxo8_Myxo7_0, 0.005, 0, 0.026, 0.02, 0.005, 0, 0.005, 0.001, 0.017
Node_Nitr10_Nitr3_0, 1.003, 0, 0.02, 0.018, 1, 0, 1.003, 0.999, 0.016
Node_Nitr10_Nitr4_0, 1.007, 0.001, 0.01, 0.051, 0.999, 0, 1.007, 0.172, 0.843
Node_Nitr10_Nitr6_0, 1.009, 0.001, 0.014, 0.015, 1, 0, 1.009, 1.001, 0.019
Node_Nitr14_CG294X1_0, 0.1, 0.001, 0.877, 0.168, 0.098, 0, 0.1, 0.099, 0.002
Node_Nitr14_Meth5_0, 0.974, 0, 0.219, 0.215, 0.887, 0, 0.974, 0.967, 0.008
Node_Nitr14_Nitr12_0, 0.006, 0, 0.006, 0.011, 0.006, 0, 0.006, 0.003, 0.007
Node_Nitr14_Nitr13_0, 0.002, 0, 0.009, 0.01, 0.002, 0, 0.002, 0, 0.008
Node_Nitr14_Nitr15_0, 0.034, 0, 0.072, 0.087, 0.033, 0, 0.034, 0.029, 0.006
Node_Nitr14_Nitr16_0, 0.005, 0, 0.011, 0.016, 0.005, 0, 0.005, 0, 0.014
Node_Nitr14_Nitr2_0, 0.003, 0, 0.017, 0.019, 0.003, 0, 0.003, 0.002, 0.01
Node_Nitr14_Nitr9_0, 0.01, 0, 0.031, 0.023, 0.01, 0, 0.01, 0.008, 0.007
Node_Nitr15_Nitr10_0, 0.173, 0, 0.011, 0.023, 0.173, 0, 0.173, 0.029, 0.15
Node_Nitr15_Nitr1_0, 0.021, 0, 0.028, 0.016, 0.021, 0, 0.021, 0.012, 0.015
Node_Nitr15_Nitr8_0, 0.034, 0, 0.021, 0.014, 0.034, 0, 0.034, 0.007, 0.034
Node_Nitr16_Nitr11_0, 0.003, 0, 0.019, 0.016, 0.003, 0, 0.003, 0, 0.013
Node_Nitr16_Nitr17_0, 0.009, 0, 0.019, 0.017, 0.009, 0, 0.009, 0.001, 0.023
Node_Nitr17_Nitr5_0, 0.01, 0, 0.021, 0.025, 0.01, 0, 0.01, 0.002, 0.022
Node_Nitr9_Nitr7_0, 0.003, 0, 0.015, 0.013, 0.003, 0, 0.003, 0.001, 0.008
Node_Nits1_Nits3_0, 1.005, 0.001, 0.018, 0.123, 0.999, 0, 1.005, 0.689, 0.323
Node_Nits4_Nits2_0, 0.217, 0, 0.631, 0.044, 0.214, 0, 0.217, 0.061, 0.162
Node_NitsA1_NitsA2_0, 0.021, 0, 0.672, 0.06, 0.021, 0, 0.021, 0.013, 0.023
Node_NitsA1_NitsA3_0, 0.67, 0, 0.311, 0.097, 0.647, 0, 0.67, 0.653, 0.02
Node_NitsA3_Nits1_0, 0.699, 0, 0.073, 0.051, 0.69, 0, 0.699, 0.621, 0.086
Node_NitsA3_Nits4_0, 0.686, 0, 0.057, 0.078, 0.648, 0, 0.686, 0.62, 0.073
Node_Omni4_Omni2_0, 1.014, 0.004, 0.051, 0.209, 0.998, 0, 1.014, 0.302, 0.721
Node_Omni4_Omni3_0, 0.351, 0, 0.472, 0.404, 0.328, 0, 0.351, 0.325, 0.031
Node_Omni4_Omni7_0, 0.34, 0.001, 0.156, 0.177, 0.329, 0, 0.34, 0.197, 0.144
Node_Omni4_Omni8_0, 0.792, 0.016, 0.581, 1.075, 0.665, 0, 0.792, 0.732, 0.036
Node_Omni8_Omni6_0, 1.049, 0.01, 0.272, 1.772, 0.999, 0, 1.049, 0.53, 0.519
Node_P4572X1_Ferm1_0, 0.015, 0, 0.026, 0.026, 0.015, 0, 0.015, 0.012, 0.005
Node_P4572X1_Gemm5_0, 0.012, 0, 0.01, 0.011, 0.012, 0, 0.012, 0.005, 0.007
Node_Pate13_Pate34_0, 0.014, 0, 0.015, 0.016, 0.014, 0, 0.014, 0.008, 0.016
Node_Pate13_Pate6_0, 0.013, 0, 0.011, 0.006, 0.013, 0, 0.013, 0.001, 0.015
Node_Pate14_Pate35_0, 0.004, 0, 0.018, 0.019, 0.004, 0, 0.004, 0.003, 0.012
Node_Pate14_Pate5_0, 0.01, 0, 0.013, 0.014, 0.01, 0, 0.01, 0.003, 0.014
Node_Pate15_Pate29_0, 0.009, 0, 0.027, 0.032, 0.009, 0, 0.009, 0, 0.032
Node_Pate17_Pate18_0, 0.008, 0, 0.005, 0.007, 0.008, 0, 0.008, 0.004, 0.006
Node_Pate17_Pate19_0, 0.007, 0, 0.009, 0.011, 0.007, 0, 0.007, 0.003, 0.009
Node_Pate17_Pate8_0, 0.008, 0, 0.01, 0.005, 0.008, 0, 0.008, 0.001, 0.01
Node_Pate18_Pate38_0, 0.016, 0, 0.014, 0.017, 0.016, 0, 0.016, 0.003, 0.02
Node_Pate18_Pate9_0, 0.01, 0, 0.012, 0.018, 0.01, 0, 0.01, 0.002, 0.014
Node_Pate19_Pate37_0, 0.007, 0, 0.011, 0.016, 0.007, 0, 0.007, 0.002, 0.01
Node_Pate19_Pate4_0, 0.008, 0, 0.01, 0.011, 0.008, 0, 0.008, 0.003, 0.011
Node_Pate1_Pate50_0, 0.003, 0, 0.011, 0.009, 0.003, 0, 0.003, 0, 0.008
Node_Pate21_Pate15_0, 0.004, 0, 0.009, 0.011, 0.004, 0, 0.004, 0.003, 0.007
Node_Pate21_Pate26_0, 0.006, 0, 0.012, 0.016, 0.006, 0, 0.006, 0.001, 0.009
Node_Pate24_Pate13_0, 0.009, 0, 0.011, 0.009, 0.009, 0, 0.009, 0.004, 0.011
Node_Pate24_Pate14_0, 0.009, 0, 0.01, 0.009, 0.008, 0, 0.009, 0.006, 0.005
Node_Pate24_Pate39_0, 0.01, 0, 0.016, 0.018, 0.01, 0, 0.01, 0.005, 0.015
Node_Pate24_Pate54_0, 0.011, 0, 0.012, 0.016, 0.011, 0, 0.011, 0.004, 0.014
Node_Pate25_Pate17_0, 0.007, 0, 0.011, 0.014, 0.007, 0, 0.007, 0.006, 0.003
Node_Pate25_Pate28_0, 0.006, 0, 0.013, 0.012, 0.006, 0, 0.006, 0.002, 0.012
Node_Pate25_Pate32_0, 0.015, 0, 0.017, 0.02, 0.015, 0, 0.015, 0.013, 0.006
Node_Pate26_Pate12_0, 0.005, 0, 0.012, 0.016, 0.005, 0, 0.005, 0.001, 0.011
Node_Pate40_Pate24_0, 0.014, 0, 0.004, 0.013, 0.013, 0, 0.014, 0.002, 0.013
Node_Pate40_Pate55_0, 0.005, 0, 0.017, 0.016, 0.004, 0, 0.005, 0.002, 0.008
Node_Pate40_Pate7_0, 0.005, 0, 0.017, 0.016, 0.005, 0, 0.005, 0.003, 0.007
Node_Pate43_Pate22_0, 0.005, 0, 0.014, 0.02, 0.005, 0, 0.005, 0.004, 0.004
Node_Pate43_Pate3_0, 0.006, 0, 0.005, 0.012, 0.006, 0, 0.006, 0.002, 0.006
Node_Pate43_Pate44_0, 0.007, 0, 0.007, 0.009, 0.007, 0, 0.007, 0.002, 0.008
Node_Pate43_Pate45_0, 0.015, 0, 0.023, 0.02, 0.015, 0, 0.015, 0.01, 0.007
Node_Pate43_Pate57_0, 0.01, 0, 0.016, 0.019, 0.01, 0, 0.01, 0.001, 0.019
Node_Pate44_Pate10_0, 0.007, 0, 0.01, 0.009, 0.007, 0, 0.007, 0.002, 0.011
Node_Pate44_Pate52_0, 0.006, 0, 0.01, 0.007, 0.006, 0, 0.006, 0.003, 0.009
Node_Pate45_Pate11_0, 0.004, 0, 0.012, 0.013, 0.004, 0, 0.004, 0.002, 0.007
Node_Pate45_Pate21_0, 0.009, 0, 0.012, 0.011, 0.009, 0, 0.009, 0.006, 0.006
Node_Pate46_Pate25_0, 0.026, 0, 0.046, 0.023, 0.026, 0, 0.026, 0.022, 0.007
Node_Pate48_Chlo30_0, 0.672, 0.012, 0.112, 0.345, 0.559, 0, 0.672, 0.56, 0.092
Node_Pate48_Pate1_0, 0.006, 0, 0.005, 0.007, 0.006, 0, 0.006, 0.003, 0.004
Node_Pate48_Pate23_0, 0.139, 0, 0.535, 0.186, 0.139, 0, 0.139, 0.139, 0.002
Node_Pate48_Pate30_0, 0.007, 0, 0.016, 0.018, 0.007, 0, 0.007, 0.004, 0.008
Node_Pate48_Pate40_0, 0.015, 0, 0.024, 0.022, 0.015, 0, 0.015, 0.011, 0.008
Node_Pate48_Pate43_0, 0.031, 0, 0.038, 0.036, 0.031, 0, 0.031, 0.027, 0.004
Node_Pate48_Pate46_0, 0.065, 0, 0.079, 0.073, 0.065, 0, 0.065, 0.06, 0.005
Node_Pate48_Pate49_0, 0.009, 0.001, 0.007, 0.014, 0.009, 0, 0.009, 0.002, 0.009
Node_Pate48_Pate51_0, 0.006, 0, 0.014, 0.015, 0.006, 0, 0.006, 0.002, 0.011
Node_Pate48_Pate56_0, 0.007, 0, 0.005, 0.008, 0.007, 0, 0.007, 0.004, 0.005
Node_Pate49_Pate41_0, 0.005, 0, 0.017, 0.019, 0.005, 0, 0.005, 0.002, 0.013
Node_Pate51_Pate27_0, 0.31, 0, 0.006, 0.066, 0.309, 0, 0.31, 0.051, 0.261
Node_Pate51_Pate33_0, 0.011, 0, 0.013, 0.017, 0.011, 0, 0.011, 0.001, 0.018
Node_Pate51_Pate53_0, 0.055, 0, 0.011, 0.03, 0.055, 0, 0.055, 0.006, 0.055
Node_Pate54_Pate31_0, 0.01, 0, 0.016, 0.023, 0.01, 0, 0.01, 0.004, 0.015
Node_Pate9_Pate36_0, 0.013, 0, 0.017, 0.018, 0.013, 0, 0.013, 0.004, 0.02
Node_Plan17_Plan23_0, 0.001, 0, 0.017, 0.018, 0.001, 0, 0.001, 0.001, 0.014
Node_Plan22_Plan2_0, 0.705, 0, 0.754, 0.056, 0.698, 0, 0.705, 0.604, 0.114
Node_Plan22_Plan4_0, 1.345, 0, 0.1, 0.065, 0.901, 0, 1.345, 1.281, 0.075
Node_Plan26_Plan21_0, 1.103, 0.004, 0.327, 0.267, 0.967, 0, 1.103, 0.892, 0.214
Node_Plan26_Plan5_0, 0.803, 0.002, 0.368, 0.387, 0.779, 0, 0.803, 0.739, 0.066
Node_Plan30_Plan14_0, 1.127, 0.001, 0.038, 0.232, 0.808, 0, 1.127, 0.746, 0.395
Node_Plan31_Plan17_0, 0.004, 0, 0.014, 0.013, 0.004, 0, 0.004, 0.002, 0.008
Node_Plan31_Plan18_0, 0.159, 0, 0.905, 0.302, 0.153, 0, 0.159, 0.158, 0.006
Node_Plan31_Plan27_0, 0.01, 0, 0.053, 0.049, 0.01, 0, 0.01, 0.009, 0.009
Node_Plan31_Plan39_0, 0.054, 0, 0.111, 0.096, 0.053, 0, 0.054, 0.054, 0.006
Node_Plan32_Plan12_0, 0.024, 0, 0.102, 0.056, 0.024, 0, 0.024, 0.019, 0.016
Node_Plan32_Plan22_0, 1.37, 0.003, 0.207, 0.198, 0.895, 0, 1.37, 1.005, 0.362
Node_Plan32_Plan26_0, 1.212, 0.029, 0.3, 0.344, 0.871, 0, 1.212, 0.856, 0.32
Node_Plan32_Plan30_0, 0.769, 0, 0.73, 0.183, 0.674, 0, 0.769, 0.645, 0.129
Node_Plan32_Plan3_0, 0.11, 0, 0.679, 0.138, 0.109, 0, 0.11, 0.103, 0.02
Node_Plan33_Plan44_0, 0.065, 0, 0.494, 0.198, 0.065, 0, 0.065, 0.062, 0.011
Node_Plan42_Plan40_0, 1.011, 0.001, 0.236, 0.106, 1, 0, 1.011, 0.986, 0.036
Node_Plan43_Plan16_0, 1.071, 0.011, 0.087, 0.885, 0.983, 0, 1.071, 0.461, 0.599
Node_Plan43_Plan31_0, 1.058, 0.012, 0.052, 0.357, 0.775, 0, 1.058, 0.991, 0.05
Node_Plan43_Plan32_0, 1.163, 0.013, 0.041, 0.433, 0.822, 0, 1.163, 1.015, 0.133
Node_Plan43_Plan33_0, 0.548, 0.007, 0.685, 0.521, 0.492, 0, 0.548, 0.479, 0.063
Node_Plan43_Plan42_0, 1.21, 0, 0.028, 0.037, 0.993, 0, 1.21, 1.049, 0.167
Node_Plan43_Plan7_0, 1.048, 0.002, 0.34, 0.461, 0.771, 0, 1.048, 1.03, 0.017
Node_Plan43_Verr11_0, 1.369, 0.014, 0.266, 0.337, 0.898, 0, 1.369, 1.308, 0.035
Node_Pori1_Pori2_0, 1.037, 0.002, 0.247, 0.506, 1, 0, 1.037, 0.435, 0.617
Node_ProtA11_ProtA32_0, 1.009, 0.002, 0.035, 0.124, 1, 0, 1.009, 0.992, 0.018
Node_ProtA12_ProtA44_0, 0.01, 0, 0.016, 0.013, 0.01, 0, 0.01, 0.004, 0.012
Node_ProtA12_ProtA54_0, 0.004, 0, 0.015, 0.014, 0.004, 0, 0.004, 0.003, 0.009
Node_ProtA13_ProtA24_0, 0.266, 0, 0.033, 0.081, 0.263, 0, 0.266, 0.021, 0.255
Node_ProtA13_ProtA61_0, 0.023, 0, 0.25, 0.051, 0.023, 0, 0.023, 0.021, 0.007
Node_ProtA13_ProtA77_0, 0.256, 0, 0.204, 0.106, 0.252, 0, 0.256, 0.251, 0.014
Node_ProtA13_ProtA7_0, 0.044, 0, 0.234, 0.076, 0.042, 0, 0.044, 0.029, 0.022
Node_ProtA15_ProtA42_0, 0.556, 0, 0.02, 0.156, 0.554, 0, 0.556, 0.538, 0.026
Node_ProtA15_ProtA70_0, 0.55, 0, 0.275, 0.174, 0.544, 0, 0.55, 0.54, 0.019
Node_ProtA16_ProtA33_0, 0.023, 0, 0.07, 0.039, 0.023, 0, 0.023, 0.016, 0.017
Node_ProtA16_ProtA66_0, 0.02, 0, 0.027, 0.027, 0.019, 0, 0.02, 0.009, 0.024
Node_ProtA16_ProtA69_0, 0.764, 0, 0.209, 0.111, 0.747, 0, 0.764, 0.719, 0.049
Node_ProtA16_ProtA8_0, 0.076, 0, 0.738, 0.059, 0.076, 0, 0.076, 0.036, 0.05
Node_ProtA18_ProtA10_0, 0.673, 0.001, 0.113, 0.165, 0.607, 0, 0.673, 0.44, 0.24
Node_ProtA18_ProtA19_0, 1.639, 0.252, 0.045, 0.34, 0.992, 0, 1.639, 1.109, 0.115
Node_ProtA18_ProtA29_0, 0.545, 0.002, 0.733, 0.403, 0.489, 0, 0.545, 0.525, 0.024
Node_ProtA18_ProtA53_0, 1.252, 0.006, 0.403, 0.425, 0.826, 0, 1.252, 1.237, 0.01
Node_ProtA19_ProtA14_0, 1.747, 0.002, 0.722, 0.133, 1, 0, 1.747, 1.721, 0.033
Node_ProtA19_ProtA20_0, 1.995, 0.015, 0.053, 0.389, 0.999, 0, 1.995, 1.578, 0.394
Node_ProtA19_ProtA3_0, 1.77, 0.004, 0.026, 0.07, 0.998, 0, 1.77, 1.726, 0.045
Node_ProtA19_ProtA46_0, 1.013, 0.003, 0.02, 0.064, 0.995, 0, 1.013, 0.73, 0.289
Node_ProtA19_ProtA49_0, 1.017, 0, 0.027, 0.023, 0.996, 0, 1.017, 0.999, 0.031
Node_ProtA19_ProtA56_0, 2.184, 0.012, 0.02, 0.223, 1, 0, 2.184, 1.971, 0.197
Node_ProtA19_ProtA68_0, 0.843, 0, 1.033, 0.112, 0.73, 0, 0.843, 0.747, 0.106
Node_ProtA19_ProtA74_0, 0.741, 0.002, 0.163, 0.053, 0.73, 0, 0.741, 0.691, 0.059
Node_ProtA19_ProtA75_0, 2.434, 0.029, 0.107, 0.096, 1, 0, 2.434, 2.057, 0.328
Node_ProtA20_ProtA11_0, 1.024, 0.002, 0.986, 0.171, 0.991, 0, 1.024, 1.014, 0.013
Node_ProtA20_ProtA5_0, 0.053, 0, 0.985, 0.197, 0.052, 0, 0.053, 0.049, 0.014
Node_ProtA26_ProtA37_0, 0.012, 0, 0.032, 0.027, 0.012, 0, 0.012, 0.009, 0.013
Node_ProtA26_ProtA45_0, 0.031, 0, 0.156, 0.07, 0.031, 0, 0.031, 0.027, 0.004
Node_ProtA27_ProtA21_0, 0.015, 0, 0.096, 0.053, 0.015, 0, 0.015, 0.012, 0.011
Node_ProtA30_ProtA35_0, 0.012, 0, 0.038, 0.024, 0.012, 0, 0.012, 0.008, 0.015
Node_ProtA34_Acid38_0, 1.15, 0.021, 0.205, 0.686, 0.945, 0, 1.15, 1.088, 0.022
Node_ProtA34_Chry1_0, 1.312, 0.044, 0.184, 0.631, 0.968, 0, 1.312, 1.215, 0.019
Node_ProtA34_DesuB4_0, 1.242, 0.003, 0.031, 0.328, 0.995, 0, 1.242, 1.192, 0.046
Node_ProtA34_DesuC2_0, 1.236, 0.008, 0.026, 0.351, 0.995, 0, 1.236, 1.209, 0.012
Node_ProtA34_J088X1_0, 0.608, 0.012, 0.673, 0.268, 0.5, 0, 0.608, 0.554, 0.033
Node_ProtA34_Nitr14_0, 1.185, 0.037, 0.065, 0.625, 0.968, 0, 1.185, 1.052, 0.063
Node_ProtA34_ProtA13_0, 0.446, 0.001, 0.531, 0.166, 0.42, 0, 0.446, 0.398, 0.052
Node_ProtA34_ProtA16_0, 0.924, 0.001, 0.26, 0.108, 0.805, 0, 0.924, 0.882, 0.049
Node_ProtA34_ProtA18_0, 1.317, 0.281, 0.012, 0.569, 0.956, 0, 1.317, 0.302, 0.625
Node_ProtA34_ProtA26_0, 0.183, 0.001, 0.019, 0.102, 0.177, 0, 0.183, 0.08, 0.107
Node_ProtA34_ProtA38_0, 1.134, 0.007, 0.257, 0.267, 0.928, 0, 1.134, 1.062, 0.067
Node_ProtA34_ProtA39_0, 0.423, 0.008, 0.009, 0.166, 0.407, 0, 0.423, 0.175, 0.241
Node_ProtA34_ProtA40_0, 0.461, 0, 0.034, 0.072, 0.434, 0, 0.461, 0.419, 0.049
Node_ProtA34_ProtA43_0, 0.228, 0, 0.372, 0.063, 0.225, 0, 0.228, 0.091, 0.139
Node_ProtA34_ProtA9_0, 0.094, 0, 0.041, 0.056, 0.09, 0, 0.094, 0.047, 0.05
Node_ProtA34_ProtG30_0, 0.458, 0.008, 0.24, 0.236, 0.424, 0, 0.458, 0.363, 0.082
Node_ProtA34_ProtM1_0, 0.126, 0, 0.338, 0.178, 0.123, 0, 0.126, 0.123, 0.006
Node_ProtA34_SAR3X2_0, 1.173, 0.004, 0.038, 0.496, 0.974, 0, 1.173, 1.145, 0.022
Node_ProtA34_SM23X1_0, 1.433, 0.052, 0.06, 0.765, 0.976, 0.031, 1.433, 1.324, 0.013
Node_ProtA34_Spir10_0, 1.397, 0.193, 0.007, 0.629, 0.945, 0.125, 1.397, 1.018, 0.012
Node_ProtA34_UBA2X1_0, 1.224, 0.008, 0.019, 0.472, 0.994, 0, 1.224, 1.149, 0.062
Node_ProtA34_Wall1_0, 1.074, 0.257, 0.004, 0.68, 0.821, 0.821, 1.074, 0.589, 0
Node_ProtA34_mitoFungi_0, 0.085, 0.001, 0.065, 0.077, 0.082, 0, 0.085, 0.063, 0.023
Node_ProtA38_ProtA15_0, 0.806, 0.004, 0.375, 0.647, 0.697, 0, 0.806, 0.761, 0.043
Node_ProtA38_ProtA41_0, 0.867, 0, 0.199, 0.069, 0.7, 0, 0.867, 0.654, 0.222
Node_ProtA38_ProtA64_0, 0.844, 0, 0.069, 0.075, 0.685, 0, 0.844, 0.745, 0.107
Node_ProtA39_ProtA12_0, 0.014, 0, 0.044, 0.041, 0.014, 0, 0.014, 0.006, 0.023
Node_ProtA39_ProtA27_0, 0.1, 0.001, 0.336, 0.178, 0.098, 0, 0.1, 0.093, 0.012
Node_ProtA39_ProtA30_0, 0.035, 0, 0.075, 0.051, 0.035, 0, 0.035, 0.029, 0.01
Node_ProtA39_ProtA36_0, 0.012, 0, 0.014, 0.01, 0.011, 0, 0.012, 0.004, 0.012
Node_ProtA3_ProtA72_0, 1.042, 0.001, 0.498, 0.079, 1, 0, 1.042, 1.032, 0.02
Node_ProtA3_ProtA76_0, 1.519, 0.005, 0.313, 0.134, 0.999, 0, 1.519, 1.46, 0.057
Node_ProtA40_ProtA67_0, 0.435, 0, 0.102, 0.072, 0.432, 0, 0.435, 0.369, 0.076
Node_ProtA46_ProtA55_0, 1.017, 0.006, 0.025, 0.026, 0.995, 0, 1.017, 0.992, 0.023
Node_ProtA47_ProtA63_0, 0.842, 0, 0.25, 0.137, 0.678, 0, 0.842, 0.651, 0.2
Node_ProtA53_ProtA58_0, 0.951, 0.003, 0.349, 0.421, 0.722, 0, 0.951, 0.91, 0.045
Node_ProtA56_ProtA52_0, 1.736, 0.002, 0.484, 0.074, 0.959, 0, 1.736, 1.702, 0.034
Node_ProtA68_ProtA2_0, 0.432, 0, 0.708, 0.171, 0.381, 0, 0.432, 0.146, 0.297
Node_ProtA69_ProtA50_0, 0.909, 0.002, 0.031, 0.056, 0.896, 0, 0.909, 0.736, 0.174
Node_ProtA70_ProtA57_0, 0.038, 0, 0.526, 0.102, 0.038, 0, 0.038, 0.033, 0.014
Node_ProtA76_ProtA47_0, 0.892, 0.011, 1.022, 0.297, 0.687, 0, 0.892, 0.582, 0.305
Node_ProtA76_ProtA48_0, 1.598, 0.001, 0.037, 0.138, 0.998, 0, 1.598, 1.49, 0.115
Node_ProtA76_ProtA62_0, 1.091, 0.003, 0.441, 0.387, 0.984, 0, 1.091, 0.459, 0.637
Node_ProtA76_ProtA71_0, 1.095, 0, 0.204, 0.07, 0.88, 0, 1.095, 0.901, 0.208
Node_ProtA77_ProtA31_0, 0.259, 0.001, 0.026, 0.1, 0.258, 0, 0.259, 0.235, 0.028
Node_ProtA77_ProtA51_0, 0.396, 0, 0.018, 0.118, 0.394, 0, 0.396, 0.256, 0.155
Node_ProtA9_ProtA60_0, 0.017, 0, 0.084, 0.04, 0.016, 0, 0.017, 0.016, 0.007
Node_ProtG12_ProtG5_0, 1.006, 0, 0.036, 0.055, 0.999, 0, 1.006, 0.929, 0.088
Node_ProtG16_ProtG17_0, 0.089, 0, 0.422, 0.208, 0.088, 0, 0.089, 0.08, 0.023
Node_ProtG18_ProtG10_0, 1.104, 0, 0.019, 0.045, 0.916, 0, 1.104, 0.929, 0.185
Node_ProtG18_ProtG12_0, 0.954, 0, 0.202, 0.059, 0.93, 0, 0.954, 0.911, 0.052
Node_ProtG18_ProtG14_0, 0.938, 0, 0.05, 0.039, 0.894, 0, 0.938, 0.886, 0.057
Node_ProtG18_ProtG21_0, 0.014, 0, 0.955, 0.036, 0.013, 0, 0.014, 0.009, 0.015
Node_ProtG24_ProtG18_0, 0.931, 0, 0.558, 0.032, 0.915, 0, 0.931, 0.372, 0.566
Node_ProtG25_ProtG9_0, 1.014, 0.001, 0.236, 0.22, 0.781, 0, 1.014, 0.769, 0.256
Node_ProtG29_ProtG76_0, 0.006, 0, 0.011, 0.016, 0.006, 0, 0.006, 0.003, 0.011
Node_ProtG30_ProtG19_0, 0.008, 0, 0.026, 0.025, 0.008, 0, 0.008, 0.002, 0.02
Node_ProtG30_ProtG31_0, 0.58, 0, 0.457, 0.189, 0.504, 0, 0.58, 0.475, 0.11
Node_ProtG30_ProtG34_0, 0.073, 0, 0.514, 0.114, 0.068, 0, 0.073, 0.068, 0.007
Node_ProtG30_ProtG35_0, 0.023, 0, 0.064, 0.051, 0.023, 0, 0.023, 0.019, 0.014
Node_ProtG30_ProtG39_0, 0.014, 0, 0.204, 0.02, 0.014, 0, 0.014, 0.007, 0.014
Node_ProtG30_ProtG42_0, 0.869, 0.001, 0.18, 0.183, 0.819, 0, 0.869, 0.825, 0.045
Node_ProtG30_ProtG49_0, 0.023, 0, 0.038, 0.019, 0.023, 0, 0.023, 0.002, 0.023
Node_ProtG30_ProtG50_0, 0.927, 0, 0.04, 0.167, 0.855, 0, 0.927, 0.832, 0.098
Node_ProtG30_ProtG64_0, 0.204, 0, 0.018, 0.022, 0.203, 0, 0.204, 0.044, 0.17
Node_ProtG30_ProtG71_0, 0.868, 0.006, 0.035, 0.267, 0.852, 0, 0.868, 0.846, 0.017
Node_ProtG30_ProtG80_0, 0.936, 0.034, 0.009, 0.258, 0.881, 0, 0.936, 0.828, 0.043
Node_ProtG30_ProtG84_0, 0.038, 0, 0.014, 0.014, 0.038, 0, 0.038, 0.013, 0.029
Node_ProtG30_ProtG85_0, 1.003, 0.004, 0.012, 0.197, 0.928, 0, 1.003, 0.925, 0.075
Node_ProtG30_ProtG87_0, 0.052, 0, 0.011, 0.018, 0.052, 0, 0.052, 0.017, 0.04
Node_ProtG30_ProtZ3_0, 0.88, 0.005, 0.04, 0.517, 0.855, 0, 0.88, 0.57, 0.308
Node_ProtG30_ProtZ5_0, 0.607, 0.007, 0.045, 0.274, 0.572, 0, 0.607, 0.414, 0.187
Node_ProtG31_ProtG16_0, 0.488, 0.001, 0.506, 0.304, 0.45, 0, 0.488, 0.282, 0.217
Node_ProtG31_ProtG32_0, 0.742, 0.003, 0.071, 0.247, 0.579, 0, 0.742, 0.514, 0.23
Node_ProtG31_ProtG36_0, 1.062, 0.002, 0.392, 0.324, 0.853, 0, 1.062, 0.452, 0.612
Node_ProtG31_ProtG44_0, 0.888, 0.004, 0.109, 0.274, 0.862, 0, 0.888, 0.391, 0.505
Node_ProtG31_ProtG45_0, 0.84, 0.003, 0.334, 0.308, 0.663, 0, 0.84, 0.412, 0.429
Node_ProtG31_ProtG47_0, 0.776, 0.001, 0.31, 0.144, 0.674, 0, 0.776, 0.671, 0.116
Node_ProtG31_ProtG61_0, 0.969, 0, 0.229, 0.171, 0.88, 0, 0.969, 0.851, 0.136
Node_ProtG32_ProtG26_0, 1.959, 0, 0.032, 0.038, 0.999, 0, 1.959, 1.946, 0.026
Node_ProtG32_ProtG33_0, 0.992, 0.006, 0.247, 0.299, 0.763, 0, 0.992, 0.507, 0.491
Node_ProtG32_ProtG37_0, 1.098, 0.003, 0.226, 0.63, 0.799, 0, 1.098, 0.774, 0.329
Node_ProtG32_ProtG43_0, 1.965, 0.005, 0.049, 0.42, 0.998, 0, 1.965, 1.062, 0.911
Node_ProtG33_ProtG48_0, 0.466, 0.001, 0.734, 0.086, 0.436, 0, 0.466, 0.218, 0.252
Node_ProtG33_ProtG67_0, 0.947, 0.001, 0.201, 0.098, 0.766, 0, 0.947, 0.799, 0.155
Node_ProtG33_ProtG7_0, 0.489, 0, 0.124, 0.133, 0.481, 0, 0.489, 0.352, 0.147
Node_ProtG35_ProtG81_0, 0.005, 0, 0.03, 0.014, 0.005, 0, 0.005, 0, 0.012
Node_ProtG36_ProtG20_0, 0.999, 0.006, 0.072, 0.176, 0.907, 0, 0.999, 0.858, 0.137
Node_ProtG36_ProtG24_0, 0.923, 0.001, 0.178, 0.096, 0.848, 0, 0.923, 0.852, 0.075
Node_ProtG36_ProtG38_0, 1.025, 0.007, 0.1, 0.366, 0.873, 0, 1.025, 0.963, 0.056
Node_ProtG36_ProtG65_0, 0.928, 0.012, 0.054, 0.166, 0.842, 0, 0.928, 0.864, 0.047
Node_ProtG37_ProtG41_0, 0.043, 0, 0.024, 0.027, 0.043, 0, 0.043, 0.015, 0.04
Node_ProtG37_ProtG51_0, 0.004, 0, 0.051, 0.019, 0.004, 0, 0.004, 0.002, 0.012
Node_ProtG37_ProtG53_0, 0.079, 0, 1.044, 0.155, 0.077, 0, 0.079, 0.068, 0.025
Node_ProtG37_ProtG8_0, 0.027, 0, 0.07, 0.046, 0.027, 0, 0.027, 0.022, 0.018
Node_ProtG38_ProtG28_0, 0.966, 0.001, 0.087, 0.121, 0.851, 0, 0.966, 0.942, 0.027
Node_ProtG38_ProtG46_0, 0.301, 0, 0.8, 0.113, 0.295, 0, 0.301, 0.173, 0.135
Node_ProtG39_ProtG15_0, 0.011, 0, 0.021, 0.024, 0.011, 0, 0.011, 0.004, 0.018
Node_ProtG41_ProtG40_0, 0.181, 0, 0.017, 0.036, 0.181, 0, 0.181, 0.035, 0.155
Node_ProtG42_ProtG74_0, 0.132, 0, 0.79, 0.242, 0.128, 0, 0.132, 0.082, 0.053
Node_ProtG43_ProtG55_0, 1.956, 0, 0.028, 0.312, 0.998, 0, 1.956, 1.942, 0.019
Node_ProtG44_ProtG22_0, 0.876, 0.001, 0.048, 0.136, 0.87, 0, 0.876, 0.849, 0.035
Node_ProtG45_ProtG66_0, 0.855, 0.005, 0.271, 0.487, 0.761, 0, 0.855, 0.571, 0.281
Node_ProtG45_ProtG75_0, 0.807, 0.005, 0.182, 0.777, 0.684, 0, 0.807, 0.672, 0.129
Node_ProtG47_ProtG62_0, 0.709, 0, 0.157, 0.151, 0.682, 0, 0.709, 0.623, 0.09
Node_ProtG48_ProtG1_0, 0.581, 0.001, 0.051, 0.088, 0.522, 0, 0.581, 0.424, 0.165
Node_ProtG48_ProtG25_0, 0.993, 0.003, 0.026, 0.178, 0.78, 0, 0.993, 0.568, 0.435
Node_ProtG48_ProtG6_0, 0.999, 0.003, 0.295, 0.402, 0.761, 0, 0.999, 0.706, 0.298
Node_ProtG49_ProtG29_0, 0.006, 0, 0.028, 0.011, 0.006, 0, 0.006, 0.001, 0.011
Node_ProtG53_ProtG27_0, 0.012, 0, 0.082, 0.038, 0.012, 0, 0.012, 0.008, 0.015
Node_ProtG53_ProtG70_0, 0.008, 0, 0.019, 0.017, 0.008, 0, 0.008, 0, 0.015
Node_ProtG58_ProtG59_0, 1.046, 0.002, 0.372, 0.229, 0.996, 0, 1.046, 0.525, 0.523
Node_ProtG59_ProtG73_0, 1.007, 0, 0.072, 0.052, 1, 0, 1.007, 0.988, 0.033
Node_ProtG61_ProtG60_0, 0.006, 0, 0.03, 0.021, 0.006, 0, 0.006, 0.005, 0.013
Node_ProtG61_ProtG72_0, 0.884, 0.001, 0.121, 0.083, 0.873, 0, 0.884, 0.86, 0.035
Node_ProtG61_ProtG78_0, 0.023, 0, 0.885, 0.055, 0.023, 0, 0.023, 0.016, 0.024
Node_ProtG62_ProtG77_0, 0.099, 0, 0.63, 0.282, 0.095, 0, 0.099, 0.093, 0.02
Node_ProtG65_ProtG69_0, 0.161, 0, 0.835, 0.151, 0.158, 0, 0.161, 0.097, 0.068
Node_ProtG66_ProtG68_0, 0.92, 0.003, 0.143, 0.464, 0.873, 0, 0.92, 0.721, 0.205
Node_ProtG67_ProtG63_0, 1.168, 0, 0.203, 0.089, 0.999, 0, 1.168, 0.754, 0.424
Node_ProtG80_ProtG57_0, 0.705, 0.001, 0.289, 0.163, 0.699, 0, 0.705, 0.665, 0.057
Node_ProtG81_ProtG79_0, 0.005, 0, 0.015, 0.015, 0.005, 0, 0.005, 0.002, 0.015
Node_ProtG83_ProtG52_0, 1.143, 0, 0.022, 0.039, 0.967, 0, 1.143, 1.008, 0.146
Node_ProtG83_ProtG89_0, 1.019, 0, 0.063, 0.121, 0.958, 0, 1.019, 0.225, 0.802
Node_ProtG84_ProtG11_0, 0.243, 0.001, 0.222, 0.057, 0.238, 0, 0.243, 0.067, 0.184
Node_ProtG84_ProtG83_0, 0.28, 0, 0.011, 0.035, 0.265, 0, 0.28, 0.073, 0.214
Node_ProtG84_ProtG90_0, 0.077, 0, 0.014, 0.019, 0.075, 0, 0.077, 0.029, 0.053
Node_ProtG85_ProtG56_0, 0.58, 0, 0.448, 0.111, 0.545, 0, 0.58, 0.399, 0.194
Node_ProtG85_ProtG58_0, 0.893, 0.011, 0.248, 0.315, 0.794, 0, 0.893, 0.759, 0.127
Node_ProtG85_ProtG86_0, 0.289, 0, 0.387, 0.128, 0.267, 0, 0.289, 0.204, 0.096
Node_ProtG85_ProtG88_0, 0.834, 0, 0.111, 0.1, 0.74, 0, 0.834, 0.79, 0.052
Node_ProtG85_ProtG91_0, 0.285, 0.001, 0.235, 0.133, 0.278, 0, 0.285, 0.067, 0.23
Node_ProtG86_ProtG82_0, 0.367, 0, 0.103, 0.131, 0.364, 0, 0.367, 0.199, 0.181
Node_ProtG87_ProtG3_0, 0.005, 0, 0.023, 0.025, 0.005, 0, 0.005, 0.001, 0.016
Node_ProtG87_ProtG4_0, 0.012, 0, 0.054, 0.015, 0.012, 0, 0.012, 0.006, 0.014
Node_ProtG89_ProtG13_0, 0.972, 0, 0.067, 0.026, 0.962, 0, 0.972, 0.959, 0.02
Node_ProtG90_ProtG54_0, 0.003, 0, 0.08, 0.017, 0.003, 0, 0.003, 0.003, 0.006
Node_ProtM1_ProtM2_0, 0.007, 0, 0.037, 0.037, 0.007, 0, 0.007, 0.002, 0.013
Node_ProtM1_ProtM3_0, 0.031, 0, 0.112, 0.065, 0.03, 0, 0.031, 0.027, 0.017
Node_ProtZ1_ProtZ4_0, 1.589, 0, 0.021, 0.018, 0.999, 0, 1.589, 1.389, 0.212
Node_ProtZ3_ProtZ1_0, 1.398, 0.272, 0.017, 0.063, 1, 0, 1.398, 0.741, 0.17
Node_ProtZ3_ProtZ2_0, 0.973, 0.083, 0.077, 0.167, 0.881, 0, 0.973, 0.777, 0.087
Node_SAR3X2_BMS3X1_0, 0.164, 0, 1.016, 0.365, 0.157, 0, 0.164, 0.159, 0.007
Node_SAR3X2_SAR3X1_0, 0.086, 0, 0.131, 0.139, 0.084, 0, 0.086, 0.04, 0.053
Node_SM23X1_AABM5X1_0, 0.007, 0, 0.018, 0.01, 0.007, 0, 0.007, 0.006, 0.005
Node_SM23X1_Aero1_0, 1.233, 0.072, 0.435, 1.015, 0.858, 0, 1.233, 0.933, 0.163
Node_SM23X1_Bact27_0, 0.02, 0, 0.018, 0.024, 0.02, 0, 0.02, 0.011, 0.011
Node_SM23X1_Caldit2_0, 0.008, 0, 0.005, 0.007, 0.008, 0, 0.008, 0.004, 0.006
Node_SM23X1_Fibr4_0, 0.027, 0, 0.016, 0.02, 0.026, 0, 0.027, 0.013, 0.018
Node_SM23X1_Hydr2_0, 1.33, 0.065, 0.218, 0.939, 0.847, 0, 1.33, 0.966, 0.25
Node_SM23X1_KSB1X2_0, 0.01, 0, 0.006, 0.008, 0.01, 0, 0.01, 0.004, 0.008
Node_SM23X1_KSB1X3_0, 0.004, 0, 0.011, 0.014, 0.004, 0, 0.004, 0.002, 0.005
Node_SM23X1_P4572X1_0, 0.036, 0, 0.054, 0.038, 0.035, 0, 0.036, 0.033, 0.004
Node_SM23X1_Pori1_0, 0.665, 0.002, 0.835, 0.73, 0.551, 0, 0.665, 0.5, 0.168
Node_SM23X1_RBG1_0, 0.21, 0, 0.46, 0.318, 0.196, 0, 0.21, 0.206, 0.005
Node_SM23X1_TA06X1_0, 0.086, 0.001, 0.127, 0.125, 0.085, 0, 0.086, 0.083, 0.002
Node_SM23X1_Zixi5_0, 0.025, 0, 0.024, 0.022, 0.024, 0, 0.025, 0.013, 0.013
Node_Spir10_Lind1_0, 1.095, 0.02, 0.376, 0.914, 0.762, 0, 1.095, 1.005, 0.054
Node_Spir10_Spir11_0, 0.374, 0.001, 0.327, 0.334, 0.352, 0, 0.374, 0.368, 0.009
Node_Spir10_Spir12_0, 0.309, 0.001, 0.079, 0.171, 0.3, 0, 0.309, 0.297, 0.013
Node_Spir10_Spir13_0, 0.167, 0, 0.238, 0.174, 0.163, 0, 0.167, 0.122, 0.052
Node_Spir10_Spir15_0, 0.691, 0.009, 0.51, 0.672, 0.545, 0, 0.691, 0.58, 0.097
Node_Spir10_Spir3_0, 0.031, 0, 0.151, 0.076, 0.031, 0, 0.031, 0.026, 0.015
Node_Spir10_Spir8_0, 0.353, 0.001, 0.028, 0.201, 0.347, 0, 0.353, 0.289, 0.071
Node_Spir13_Spir2_0, 0.236, 0.001, 0.106, 0.117, 0.231, 0, 0.236, 0.072, 0.174
Node_Spir15_Spir4_0, 0.599, 0, 0.141, 0.461, 0.499, 0, 0.599, 0.554, 0.049
Node_Spir15_Spir9_0, 0.351, 0, 0.415, 0.305, 0.316, 0, 0.351, 0.192, 0.167
Node_Sume1_OLB1X1_0, 0.995, 0.002, 0.663, 1.122, 0.955, 0, 0.995, 0.872, 0.123
Node_Sume1_UBP4X1_0, 0.962, 0, 0.042, 0.03, 0.952, 0, 0.962, 0.959, 0.009
Node_Syne1_Calda2_0, 0.114, 0, 0.301, 0.202, 0.113, 0, 0.114, 0.111, 0.004
Node_Syne1_Cyan40_0, 0.949, 0.015, 0.025, 0.402, 0.783, 0.011, 0.949, 0.914, 0.006
Node_Syne1_Dein5_0, 0.411, 0.001, 0.555, 0.428, 0.397, 0, 0.411, 0.393, 0.016
Node_Syne1_Syne2_0, 0.005, 0, 0.014, 0.017, 0.005, 0, 0.005, 0.001, 0.01
Node_Syne1_Syne4_0, 0.015, 0, 0.036, 0.034, 0.015, 0, 0.015, 0.009, 0.016
Node_Syne1_Syne6_0, 0.01, 0, 0.02, 0.021, 0.01, 0, 0.01, 0.003, 0.015
Node_Syne1_Syne7_0, 0.009, 0, 0.017, 0.015, 0.009, 0, 0.009, 0.002, 0.016
Node_Syne1_Syne9_0, 0.035, 0, 0.083, 0.087, 0.035, 0, 0.035, 0.033, 0.004
Node_Syne2_Syne8_0, 0.005, 0, 0.009, 0.011, 0.005, 0, 0.005, 0.002, 0.009
Node_Syne4_Syne5_0, 0.002, 0, 0.021, 0.013, 0.002, 0, 0.002, 0, 0.008
Node_Syne7_Syne10_0, 0.01, 0, 0.015, 0.011, 0.01, 0, 0.01, 0.001, 0.016
Node_Syne8_Syne3_0, 0.006, 0, 0.018, 0.023, 0.006, 0, 0.006, 0.001, 0.019
Node_TA06X1_Cloa1_0, 0.021, 0, 0.067, 0.035, 0.021, 0, 0.021, 0.02, 0.002
Node_TA06X1_Edwa1_0, 0.006, 0, 0.02, 0.012, 0.006, 0, 0.006, 0.003, 0.005
Node_TA06X1_WOR1_0, 0.007, 0, 0.008, 0.009, 0.007, 0, 0.007, 0.001, 0.009
Node_Therd1_Dict1_0, 0.065, 0, 0.56, 0.285, 0.064, 0, 0.065, 0.065, 0.001
Node_Therg2_Therg4_0, 0.006, 0, 0.036, 0.026, 0.006, 0, 0.006, 0.003, 0.012
Node_Therg3_Therg5_0, 0.002, 0, 0.023, 0.02, 0.002, 0, 0.002, 0, 0.01
Node_Therg8_Therg2_0, 0.03, 0, 0.165, 0.081, 0.03, 0, 0.03, 0.027, 0.01
Node_Therg8_Therg3_0, 0.015, 0, 0.032, 0.034, 0.015, 0, 0.015, 0.009, 0.017
Node_Therg8_Therg6_0, 0.01, 0, 0.023, 0.021, 0.009, 0, 0.01, 0.001, 0.018
Node_Thers1_Desua45_0, 0.011, 0, 0.042, 0.031, 0.011, 0, 0.011, 0.008, 0.006
Node_UBA1X2_UBA1X3_0, 0.998, 0, 0.022, 0.013, 0.992, 0, 0.998, 0.994, 0.007
Node_UBA1X2_UBA1X5_0, 0.008, 0, 1.006, 0.017, 0.008, 0, 0.008, 0.001, 0.016
Node_UBA1X5_UBA1X4_0, 0.005, 0, 0.011, 0.011, 0.005, 0, 0.005, 0.002, 0.008
Node_UBA1X6_UBA1X1_0, 1.008, 0.001, 0.024, 0.022, 1, 0, 1.008, 0.997, 0.018
Node_UBA1X6_UBA1X2_0, 1.013, 0.002, 0.05, 0.401, 0.995, 0, 1.013, 0.578, 0.436
Node_UBA2X1_DesuD2_0, 1.148, 0, 0.087, 0.1, 0.961, 0, 1.148, 1.029, 0.123
Node_UBA2X1_Desua22_0, 1.112, 0.001, 0.162, 0.165, 0.967, 0, 1.112, 1.062, 0.049
Node_UBA2X1_Desua28_0, 0.762, 0, 0.439, 0.118, 0.755, 0, 0.762, 0.71, 0.053
Node_UBA2X1_SZUA2_0, 0.047, 0, 0.73, 0.118, 0.047, 0, 0.047, 0.041, 0.015
Node_UBA6X1_Desa1_0, 0.064, 0, 0.187, 0.1, 0.064, 0, 0.064, 0.061, 0.004
Node_UBA6X1_Elus1_0, 0.032, 0, 0.042, 0.041, 0.032, 0, 0.032, 0.026, 0.01
Node_UBA6X1_Gold1_0, 0.247, 0.002, 0.194, 0.207, 0.236, 0, 0.247, 0.237, 0.008
Node_UBA9X1_UBA9X3_0, 0.03, 0, 0.103, 0.061, 0.03, 0, 0.03, 0.023, 0.014
Node_UBA9X3_UBA9X2_0, 0.008, 0, 0.029, 0.023, 0.008, 0, 0.008, 0.005, 0.007
Node_Verr11_Aure2_0, 1.254, 0.012, 0.049, 0.38, 0.837, 0, 1.254, 1.122, 0.113
Node_Verr11_Aure3_0, 1.178, 0.005, 0.198, 0.373, 0.817, 0, 1.178, 1.124, 0.05
Node_Verr11_Omni4_0, 1.321, 0.013, 0.142, 0.391, 0.875, 0, 1.321, 1.217, 0.081
Node_Verr11_Verr12_0, 0.485, 0, 0.918, 0.036, 0.437, 0, 0.485, 0.223, 0.269
Node_Verr11_Verr14_0, 1.134, 0, 0.024, 0.027, 0.997, 0, 1.134, 1.077, 0.068
Node_Verr11_Verr7_0, 1.131, 0.022, 0.204, 0.926, 0.969, 0, 1.131, 0.811, 0.295
Node_Verr11_Verr8_0, 1.018, 0.037, 0.47, 0.472, 0.802, 0, 1.018, 0.769, 0.197
Node_Verr11_Verr9_0, 1.09, 0.061, 0.161, 0.413, 0.993, 0, 1.09, 0.925, 0.059
Node_Verr3_Verr10_0, 0.464, 0.002, 0.22, 0.395, 0.456, 0, 0.464, 0.399, 0.076
Node_Verr5_Verr6_0, 0.342, 0, 0.471, 0.348, 0.313, 0, 0.342, 0.216, 0.139
Node_Verr7_Verr13_0, 1.07, 0, 0.224, 0.535, 0.986, 0, 1.07, 1.003, 0.073
Node_Verr7_Verr2_0, 1.202, 0.005, 0.05, 0.482, 0.987, 0, 1.202, 1.028, 0.177
Node_Verr7_Verr4_0, 1.221, 0.003, 0.074, 0.547, 0.965, 0, 1.221, 1.064, 0.161
Node_Verr8_Verr3_0, 0.606, 0.001, 0.234, 0.408, 0.517, 0, 0.606, 0.442, 0.165
Node_Verr8_Verr5_0, 0.674, 0.007, 0.423, 0.599, 0.574, 0, 0.674, 0.597, 0.072
Node_WOR1_WOR2_0, 0.008, 0, 0.005, 0.005, 0.008, 0, 0.008, 0.004, 0.006
Node_WOR1_WOR3_0, 0.006, 0, 0.034, 0.012, 0.006, 0, 0.006, 0.002, 0.007
Node_WOR1_WOR6_0, 0.033, 0, 0.006, 0.008, 0.033, 0, 0.033, 0.004, 0.031
Node_WOR2_WOR4_0, 0.001, 0, 0.012, 0.009, 0.001, 0, 0.001, 0.001, 0.005
Node_WOR6_WOR7_0, 0.176, 0, 0.007, 0.03, 0.176, 0, 0.176, 0.031, 0.15
Node_Wall1_Fuso2_0, 0.115, 0.001, 0.832, 0.36, 0.113, 0, 0.115, 0.114, 0.004
Node_Wall1_Muir1_0, 0.004, 0, 0.027, 0.024, 0.004, 0, 0.004, 0.003, 0.009
Node_Wall1_Rifl1_0, 0.022, 0, 0.108, 0.095, 0.022, 0, 0.022, 0.018, 0.015
Node_Wall1_Syne1_0, 0.942, 0.008, 0.147, 0.415, 0.776, 0.007, 0.942, 0.927, 0
Node_Zixi2_Zixi1_0, 0.005, 0, 0.009, 0.01, 0.005, 0, 0.005, 0, 0.012
Node_Zixi4_Zixi2_0, 0.002, 0, 0.012, 0.014, 0.002, 0, 0.002, 0, 0.014
Node_Zixi4_Zixi3_0, 0.001, 0, 0.015, 0.017, 0.001, 0, 0.001, 0, 0.014
Node_Zixi5_Late2_0, 0.017, 0, 0.018, 0.015, 0.016, 0, 0.017, 0.009, 0.01
Node_Zixi5_TA06A1_0, 0.002, 0, 0.006, 0.009, 0.002, 0, 0.002, 0.001, 0.005
Node_Zixi5_UBP14X1_0, 0.003, 0, 0.016, 0.007, 0.003, 0, 0.003, 0.002, 0.002
Node_Zixi5_Zixi4_0, 0, 0, 0.004, 0.007, 0, 0, 0, 0, 0.002
Node_chloroArabidopsis_chloroBryophyte_0, 0.01, 0, 0.019, 0.023, 0.01, 0, 0.01, 0.001, 0.024
Node_chloroArabidopsis_chloroChlorophyta_0, 0.005, 0, 0.015, 0.012, 0.005, 0, 0.005, 0.002, 0.012
Node_chloroArabidopsis_chloroLycophyte_0, 0.007, 0, 0.023, 0.025, 0.007, 0, 0.007, 0.001, 0.02
Node_chloroArabidopsis_chloroRedAlgae_0, 0.008, 0, 0.053, 0.028, 0.008, 0, 0.008, 0.005, 0.01
Node_mitoAnnelida_mitoChelicerate_0, 0.009, 0, 0.021, 0.023, 0.009, 0, 0.009, 0.003, 0.018
Node_mitoAnnelida_mitoMollusc_0, 0.006, 0, 0.016, 0.016, 0.006, 0, 0.006, 0.001, 0.017
Node_mitoAnnelida_mitoPriapulid_0, 0.005, 0, 0.014, 0.013, 0.005, 0, 0.005, 0.002, 0.01
Node_mitoArabidopsis_mitoLycophyte_0, 0.007, 0, 0.018, 0.016, 0.007, 0, 0.007, 0.001, 0.015
Node_mitoBryophyte_mitoArabidopsis_0, 0.01, 0, 0.022, 0.025, 0.01, 0, 0.01, 0.002, 0.023
Node_mitoBryophyte_mitoChlorophyta_0, 0.009, 0, 0.01, 0.013, 0.009, 0, 0.009, 0.002, 0.013
Node_mitoBryophyte_mitoExcavata_0, 0.006, 0, 0.028, 0.022, 0.006, 0, 0.006, 0.004, 0.01
Node_mitoBryophyte_mitoParamecium_0, 0.004, 0, 0.007, 0.007, 0.004, 0, 0.004, 0.003, 0.005
Node_mitoBryophyte_mitoRedAlgae_0, 0.006, 0, 0.007, 0.008, 0.006, 0, 0.006, 0.002, 0.009
Node_mitoChelicerate_mitoInsect_0, 0.007, 0, 0.011, 0.015, 0.007, 0, 0.007, 0.004, 0.009
Node_mitoFungi_mitoAnnelida_0, 0.012, 0, 0.025, 0.02, 0.012, 0, 0.012, 0.006, 0.013
Node_mitoFungi_mitoBryophyte_0, 0.024, 0, 0.07, 0.042, 0.024, 0, 0.024, 0.02, 0.009
OLB1X1, 1, 0, 0.066, 0.087, 1, 0, 1, 0.951, 0.071
Omni2, 1, 0, 0.029, 0.027, 1, 0, 1, 0.998, 0.015
Omni3, 0, 0.001, 0.385, 0.269, 0, 0, 0, 0, 0.033
Omni4, 1, 0, 0.032, 0.024, 1, 0, 1, 0.998, 0.018
Omni6, 1, 0, 0.067, 0.065, 1, 0, 1, 0.999, 0.018
Omni7, 0, 0, 0.357, 0.169, 0, 0, 0, 0, 0.017
Omni8, 1, 0, 0.057, 0.052, 1, 0, 1, 0.999, 0.008
P4572X1, 0, 0, 0.038, 0.04, 0, 0, 0, 0, 0.026
Pate1, 0, 0, 0.029, 0.03, 0, 0, 0, 0, 0.026
Pate10, 0, 0, 0.023, 0.02, 0, 0, 0, 0, 0.016
Pate11, 0, 0, 0.026, 0.029, 0, 0, 0, 0, 0.022
Pate12, 0, 0, 0.025, 0.024, 0, 0, 0, 0, 0.02
Pate13, 0, 0, 0.036, 0.035, 0, 0, 0, 0, 0.022
Pate14, 0, 0, 0.018, 0.021, 0, 0, 0, 0, 0.014
Pate15, 0, 0, 0.023, 0.019, 0, 0, 0, 0, 0.014
Pate17, 0, 0, 0.026, 0.027, 0, 0, 0, 0, 0.018
Pate18, 0, 0, 0.034, 0.031, 0, 0, 0, 0, 0.018
Pate19, 0, 0, 0.025, 0.023, 0, 0, 0, 0, 0.018
Pate21, 0, 0, 0.028, 0.03, 0, 0, 0, 0, 0.024
Pate22, 0, 0, 0.048, 0.057, 0, 0, 0, 0, 0.043
Pate23, 0, 0, 0.184, 0.141, 0, 0, 0, 0, 0.045
Pate24, 0, 0, 0.019, 0.015, 0, 0, 0, 0, 0.009
Pate25, 0, 0, 0.021, 0.022, 0, 0, 0, 0, 0.015
Pate26, 0, 0, 0.023, 0.024, 0, 0, 0, 0, 0.018
Pate27, 0, 0, 0.327, 0.087, 0, 0, 0, 0, 0.017
Pate28, 0, 0, 0.022, 0.027, 0, 0, 0, 0, 0.016
Pate29, 0, 0, 0.03, 0.028, 0, 0, 0, 0, 0.021
Pate3, 0, 0, 0.038, 0.049, 0, 0, 0, 0, 0.032
Pate30, 0, 0, 0.043, 0.052, 0, 0, 0, 0, 0.036
Pate31, 0, 0, 0.028, 0.03, 0, 0, 0, 0, 0.018
Pate32, 0, 0, 0.054, 0.055, 0, 0, 0, 0, 0.039
Pate33, 0, 0, 0.023, 0.018, 0, 0, 0, 0, 0.012
Pate34, 0, 0, 0.032, 0.03, 0, 0, 0, 0, 0.018
Pate35, 0, 0, 0.025, 0.027, 0, 0, 0, 0, 0.021
Pate36, 0, 0, 0.033, 0.035, 0, 0, 0, 0, 0.02
Pate37, 0, 0, 0.021, 0.021, 0, 0, 0, 0, 0.014
Pate38, 0, 0, 0.033, 0.03, 0, 0, 0, 0, 0.017
Pate39, 0, 0, 0.021, 0.021, 0, 0, 0, 0, 0.011
Pate4, 0, 0, 0.031, 0.03, 0, 0, 0, 0, 0.023
Pate40, 0, 0, 0.018, 0.016, 0, 0, 0, 0, 0.013
Pate41, 0, 0, 0.02, 0.017, 0, 0, 0, 0, 0.015
Pate43, 0, 0, 0.024, 0.02, 0, 0, 0, 0, 0.014
Pate44, 0, 0, 0.021, 0.026, 0, 0, 0, 0, 0.014
Pate45, 0, 0, 0.03, 0.034, 0, 0, 0, 0, 0.026
Pate46, 0, 0, 0.063, 0.067, 0, 0, 0, 0, 0.037
Pate48, 0, 0, 0.03, 0.029, 0, 0, 0, 0, 0.024
Pate49, 0, 0, 0.022, 0.025, 0, 0, 0, 0, 0.017
Pate5, 0, 0, 0.026, 0.025, 0, 0, 0, 0, 0.016
Pate50, 0, 0, 0.023, 0.027, 0, 0, 0, 0, 0.02
Pate51, 1, 0, 0.029, 0.237, 1, 0, 1, 0.298, 0.719
Pate52, 0, 0, 0.019, 0.019, 0, 0, 0, 0, 0.013
Pate53, 0, 0, 0.068, 0.025, 0, 0, 0, 0, 0.013
Pate54, 0, 0, 0.027, 0.029, 0, 0, 0, 0, 0.017
Pate55, 0, 0, 0.017, 0.02, 0, 0, 0, 0, 0.012
Pate56, 0, 0, 0.03, 0.035, 0, 0, 0, 0, 0.023
Pate57, 0, 0, 0.027, 0.026, 0, 0, 0, 0, 0.017
Pate6, 0, 0, 0.032, 0.032, 0, 0, 0, 0, 0.019
Pate7, 0, 0, 0.043, 0.05, 0, 0, 0, 0, 0.038
Pate8, 0, 0, 0.028, 0.029, 0, 0, 0, 0, 0.02
Pate9, 0, 0.001, 0.024, 0.022, 0, 0, 0, 0, 0.01
Plan12, 0, 0, 0.044, 0.041, 0, 0, 0, 0, 0.02
Plan14, 2, 0.001, 0.226, 0.595, 1, 0, 2, 0.923, 1.098
Plan16, 1, 0, 0.106, 0.081, 1, 0, 1, 0.974, 0.035
Plan17, 0, 0, 0.011, 0.011, 0, 0, 0, 0, 0.01
Plan18, 0, 0, 0.182, 0.118, 0, 0, 0, 0, 0.023
Plan2, 1, 0, 0.025, 0.097, 1, 0, 1, 0.693, 0.32
Plan21, 1, 0, 0.198, 0.39, 1, 0, 1, 0.925, 0.095
Plan22, 0, 0, 0.723, 0.096, 0, 0, 0, 0, 0.018
Plan23, 0, 0, 0.01, 0.011, 0, 0, 0, 0, 0.009
Plan26, 1, 0.001, 0.054, 0.45, 1, 0, 1, 0.767, 0.25
Plan27, 0, 0, 0.029, 0.028, 0, 0, 0, 0, 0.019
Plan3, 0, 0, 0.129, 0.075, 0, 0, 0, 0, 0.019
Plan30, 1, 0, 0.95, 0.282, 1, 0, 1, 0.192, 0.823
Plan31, 0, 0, 0.017, 0.023, 0, 0, 0, 0, 0.013
Plan32, 0, 0, 0.033, 0.02, 0, 0, 0, 0, 0.009
Plan33, 0, 0, 0.076, 0.049, 0, 0, 0, 0, 0.011
Plan39, 0, 0, 0.075, 0.057, 0, 0, 0, 0, 0.021
Plan4, 1, 0, 0.628, 0.064, 1, 0, 1, 0.729, 0.283
Plan40, 1, 0, 0.021, 0.016, 1, 0, 1, 1, 0.01
Plan42, 1, 0, 0.022, 0.016, 1, 0, 1, 1, 0.011
Plan43, 1, 0, 0.99, 0.034, 1, 0, 1, 0.232, 0.78
Plan44, 0, 0, 0.074, 0.051, 0, 0, 0, 0, 0.009
Plan5, 0, 0, 0.82, 0.17, 0, 0, 0, 0, 0.017
Plan7, 0, 0, 1.083, 0.372, 0, 0, 0, 0, 0.035
Pori1, 1, 0, 0.055, 0.039, 1, 0, 1, 1, 0.018
Pori2, 1, 0, 0.048, 0.031, 1, 0, 1, 1, 0.011
ProtA10, 1, 0.004, 0.196, 0.33, 1, 0, 1, 0.494, 0.519
ProtA11, 1, 0.001, 0.019, 0.361, 1, 0, 1, 0.999, 0.009
ProtA12, 0, 0, 0.021, 0.023, 0, 0, 0, 0, 0.017
ProtA13, 0, 0, 0.039, 0.031, 0, 0, 0, 0, 0.016
ProtA14, 1, 0, 0.763, 0.062, 1, 0, 1, 0.999, 0.016
ProtA15, 0, 0, 0.573, 0.134, 0, 0, 0, 0, 0.017
ProtA16, 1, 0, 0.024, 0.04, 1, 0, 1, 0.012, 1.004
ProtA18, 1, 0, 0.323, 0.329, 1, 0, 1, 0.362, 0.65
ProtA19, 1, 0, 0.957, 0.065, 1, 0, 1, 0.069, 0.94
ProtA2, 1, 0.002, 0.242, 0.34, 1, 0, 1, 0.208, 0.808
ProtA20, 0, 0, 0.063, 0.055, 0, 0, 0, 0, 0.01
ProtA21, 0, 0, 0.029, 0.03, 0, 0, 0, 0, 0.014
ProtA24, 1, 0.001, 0.027, 0.328, 1, 0, 1, 0.252, 0.76
ProtA26, 0, 0, 0.032, 0.034, 0, 0, 0, 0, 0.02
ProtA27, 0, 0, 0.03, 0.024, 0, 0, 0, 0, 0.015
ProtA29, 0, 0, 0.562, 0.185, 0, 0, 0, 0, 0.017
ProtA3, 1, 0, 0.055, 0.042, 1, 0, 1, 1, 0.013
ProtA30, 0, 0, 0.026, 0.018, 0, 0, 0, 0, 0.014
ProtA31, 0, 0, 0.267, 0.065, 0, 0, 0, 0, 0.008
ProtA32, 1, 0.003, 0.027, 1.055, 1, 0, 1, 0.994, 0.015
ProtA33, 0, 0, 0.034, 0.032, 0, 0, 0, 0, 0.011
ProtA34, 0, 0, 0.247, 0.036, 0, 0, 0, 0, 0.019
ProtA35, 0, 0, 0.022, 0.023, 0, 0, 0, 0, 0.01
ProtA36, 0, 0, 0.025, 0.022, 0, 0, 0, 0, 0.013
ProtA37, 0, 0, 0.021, 0.018, 0, 0, 0, 0, 0.009
ProtA38, 1, 0, 0.631, 0.144, 1, 0, 1, 0.242, 0.764
ProtA39, 0, 0, 0.023, 0.023, 0, 0, 0, 0, 0.011
ProtA40, 0, 0, 0.448, 0.09, 0, 0, 0, 0, 0.013
ProtA41, 1, 0.001, 0.261, 0.209, 1, 0, 1, 0.617, 0.393
ProtA42, 1, 0.001, 0.018, 0.32, 1, 0, 1, 0.552, 0.461
ProtA43, 1, 0, 0.028, 0.04, 1, 0, 1, 0.215, 0.8
ProtA44, 0, 0, 0.021, 0.018, 0, 0, 0, 0, 0.011
ProtA45, 0, 0, 0.042, 0.033, 0, 0, 0, 0, 0.011
ProtA46, 1, 0, 0.072, 0.957, 1, 0, 1, 0.956, 0.055
ProtA47, 1, 0, 0.549, 0.126, 1, 0, 1, 0.303, 0.707
ProtA48, 1, 0, 0.612, 0.128, 1, 0, 1, 0.997, 0.014
ProtA49, 1, 0, 0.042, 0.037, 1, 0, 1, 0.991, 0.025
ProtA5, 0, 0, 0.06, 0.034, 0, 0, 0, 0, 0.007
ProtA50, 1, 0, 0.031, 0.022, 1, 0, 1, 0.891, 0.122
ProtA51, 1, 0, 0.017, 0.343, 1, 0, 1, 0.388, 0.621
ProtA52, 1, 0, 0.844, 0.128, 1, 0, 1, 0.904, 0.108
ProtA53, 1, 0.001, 0.436, 0.414, 1, 0, 1, 0.519, 0.484
ProtA54, 0, 0, 0.018, 0.021, 0, 0, 0, 0, 0.014
ProtA55, 1, 0.001, 0.037, 0.943, 1, 0, 1, 0.99, 0.019
ProtA56, 1, 0, 0.925, 0.067, 1, 0, 1, 0.824, 0.189
ProtA57, 0, 0, 0.049, 0.033, 0, 0, 0, 0, 0.011
ProtA58, 1, 0, 0.565, 0.492, 1, 0, 1, 0.408, 0.614
ProtA60, 0, 0, 0.026, 0.018, 0, 0, 0, 0, 0.009
ProtA61, 0, 0, 0.03, 0.024, 0, 0, 0, 0, 0.007
ProtA62, 1, 0.002, 0.142, 0.822, 1, 0, 1, 0.956, 0.049
ProtA63, 1, 0, 0.344, 0.136, 1, 0, 1, 0.519, 0.502
ProtA64, 1, 0.001, 0.606, 0.089, 1, 0, 1, 0.245, 0.761
ProtA66, 0, 0, 0.031, 0.021, 0, 0, 0, 0, 0.011
ProtA67, 1, 0, 0.014, 0.224, 1, 0, 1, 0.429, 0.579
ProtA68, 1, 0.001, 0.232, 0.349, 1, 0, 1, 0.211, 0.799
ProtA69, 1, 0.002, 0.148, 0.851, 1, 0, 1, 0.768, 0.237
ProtA7, 0, 0, 0.059, 0.029, 0, 0, 0, 0, 0.015
ProtA70, 0, 0, 0.047, 0.036, 0, 0, 0, 0, 0.009
ProtA71, 1, 0, 0.255, 0.079, 1, 0, 1, 0.853, 0.16
ProtA72, 1, 0, 0.056, 0.034, 1, 0, 1, 0.996, 0.014
ProtA74, 0, 0, 0.752, 0.049, 0, 0, 0, 0, 0.011
ProtA75, 2, 0.396, 0.937, 0.077, 1, 0, 2, 1.124, 0.107
ProtA76, 1, 0, 0.868, 0.223, 1, 0, 1, 0.234, 0.773
ProtA77, 0, 0, 0.406, 0.12, 0, 0, 0, 0, 0.01
ProtA8, 1, 0.001, 0.053, 0.325, 1, 0, 1, 0.045, 0.976
ProtA9, 0, 0, 0.027, 0.026, 0, 0, 0, 0, 0.01
ProtG1, 0, 0, 0.594, 0.086, 0, 0, 0, 0, 0.013
ProtG10, 1, 0, 0.907, 0.182, 1, 0, 1, 0.204, 0.803
ProtG11, 0, 0, 0.269, 0.073, 0, 0, 0, 0, 0.026
ProtG12, 1, 0, 0.014, 0.016, 1, 0, 1, 0.998, 0.008
ProtG13, 0, 0, 0.989, 0.035, 0, 0, 0, 0, 0.017
ProtG14, 0, 0, 0.951, 0.027, 0, 0, 0, 0, 0.013
ProtG15, 0, 0, 0.022, 0.02, 0, 0, 0, 0, 0.011
ProtG16, 0, 0, 0.098, 0.075, 0, 0, 0, 0, 0.009
ProtG17, 0, 0, 0.107, 0.077, 0, 0, 0, 0, 0.018
ProtG18, 0, 0, 0.024, 0.018, 0, 0, 0, 0, 0.01
ProtG19, 0, 0, 0.018, 0.016, 0, 0, 0, 0, 0.01
ProtG20, 1, 0.002, 0.606, 0.448, 1, 0, 1, 0.411, 0.605
ProtG21, 0, 0, 0.03, 0.028, 0, 0, 0, 0, 0.016
ProtG22, 1, 0, 0.017, 0.147, 1, 0, 1, 0.869, 0.141
ProtG24, 1, 0, 0.033, 0.056, 1, 0, 1, 0.909, 0.102
ProtG25, 1, 0, 0.402, 0.311, 1, 0, 1, 0.627, 0.388
ProtG26, 1, 0, 0.997, 0.034, 1, 0, 1, 0.977, 0.038
ProtG27, 0, 0, 0.019, 0.015, 0, 0, 0, 0, 0.007
ProtG28, 1, 0.001, 0.173, 0.169, 1, 0, 1, 0.814, 0.206
ProtG29, 0, 0, 0.028, 0.026, 0, 0, 0, 0, 0.022
ProtG3, 0, 0, 0.016, 0.015, 0, 0, 0, 0, 0.011
ProtG30, 0, 0, 0.025, 0.025, 0, 0, 0, 0, 0.017
ProtG31, 1, 0.005, 0.048, 0.798, 1, 0, 1, 0.853, 0.155
ProtG32, 1, 0, 0.999, 0.027, 1, 0, 1, 0.973, 0.04
ProtG33, 1, 0.001, 0.026, 0.228, 1, 0, 1, 0.474, 0.536
ProtG34, 1, 0, 0.084, 0.214, 1, 0, 1, 0.008, 1.011
ProtG35, 0, 0, 0.013, 0.009, 0, 0, 0, 0, 0.008
ProtG36, 1, 0, 0.347, 0.305, 1, 0, 1, 0.667, 0.348
ProtG37, 0, 0, 0.012, 0.009, 0, 0, 0, 0, 0.008
ProtG38, 0, 0, 0.315, 0.051, 0, 0, 0, 0, 0.014
ProtG39, 0, 0, 0.024, 0.023, 0, 0, 0, 0, 0.013
ProtG4, 0, 0, 0.029, 0.028, 0, 0, 0, 0, 0.017
ProtG40, 1, 0, 0.014, 0.199, 1, 0, 1, 0.177, 0.833
ProtG41, 0, 0, 0.194, 0.038, 0, 0, 0, 0, 0.013
ProtG42, 0, 0, 0.148, 0.08, 0, 0, 0, 0, 0.016
ProtG43, 1, 0, 0.993, 0.319, 1, 0, 1, 0.974, 0.037
ProtG44, 0, 0, 0.89, 0.23, 0, 0, 0, 0, 0.014
ProtG45, 1, 0.002, 0.235, 0.809, 1, 0, 1, 0.586, 0.426
ProtG46, 1, 0, 0.053, 0.096, 1, 0, 1, 0.261, 0.752
ProtG47, 1, 0, 0.05, 0.15, 1, 0, 1, 0.672, 0.341
ProtG48, 1, 0, 0.602, 0.594, 1, 0, 1, 0.402, 0.603
ProtG49, 0, 0, 0.014, 0.01, 0, 0, 0, 0, 0.008
ProtG5, 1, 0, 0.026, 0.022, 1, 0, 1, 0.997, 0.02
ProtG50, 1, 0.002, 0.144, 0.348, 1, 0, 1, 0.805, 0.215
ProtG51, 0, 0, 0.01, 0.011, 0, 0, 0, 0, 0.006
ProtG52, 1, 0, 0.977, 0.138, 1, 0, 1, 0.177, 0.834
ProtG53, 0, 0, 0.019, 0.016, 0, 0, 0, 0, 0.011
ProtG54, 0, 0, 0.011, 0.013, 0, 0, 0, 0, 0.008
ProtG55, 1, 0, 0.987, 0.326, 1, 0, 1, 0.976, 0.031
ProtG56, 1, 0, 0.152, 0.224, 1, 0, 1, 0.435, 0.572
ProtG57, 0, 0, 0.719, 0.151, 0, 0, 0, 0, 0.014
ProtG58, 1, 0, 0.071, 0.597, 1, 0, 1, 0.987, 0.025
ProtG59, 1, 0, 0.018, 0.018, 1, 0, 1, 1, 0.011
ProtG6, 1, 0, 0.447, 0.348, 1, 0, 1, 0.571, 0.448
ProtG60, 0, 0, 0.016, 0.016, 0, 0, 0, 0, 0.01
ProtG61, 0, 0, 0.011, 0.012, 0, 0, 0, 0, 0.005
ProtG62, 0, 0, 0.115, 0.083, 0, 0, 0, 0, 0.016
ProtG63, 1, 0, 0.179, 0.074, 1, 0, 1, 0.999, 0.011
ProtG64, 1, 0, 0.011, 0.029, 1, 0, 1, 0.197, 0.807
ProtG65, 0, 0, 0.171, 0.067, 0, 0, 0, 0, 0.01
ProtG66, 1, 0, 0.12, 0.205, 1, 0, 1, 0.813, 0.2
ProtG67, 2, 0.001, 0.039, 0.313, 1, 0, 2, 1.142, 0.87
ProtG68, 1, 0.001, 0.166, 0.108, 1, 0, 1, 0.769, 0.245
ProtG69, 2, 0, 0.052, 0.528, 1, 0, 2, 0.118, 1.891
ProtG7, 0, 0, 0.506, 0.123, 0, 0, 0, 0, 0.017
ProtG70, 0, 0, 0.017, 0.016, 0, 0, 0, 0, 0.009
ProtG71, 0, 0, 0.897, 0.336, 0, 0, 0, 0, 0.029
ProtG72, 1, 0, 0.032, 0.056, 1, 0, 1, 0.863, 0.148
ProtG73, 1, 0, 0.019, 0.013, 1, 0, 1, 0.998, 0.012
ProtG74, 1, 0.001, 0.074, 0.336, 1, 0, 1, 0.071, 0.941
ProtG75, 1, 0, 0.623, 0.689, 1, 0, 1, 0.202, 0.816
ProtG76, 0, 0, 0.018, 0.019, 0, 0, 0, 0, 0.012
ProtG77, 0, 0, 0.107, 0.073, 0, 0, 0, 0, 0.008
ProtG78, 0, 0, 0.034, 0.03, 0, 0, 0, 0, 0.011
ProtG79, 0, 0, 0.016, 0.016, 0, 0, 0, 0, 0.011
ProtG8, 0, 0, 0.04, 0.026, 0, 0, 0, 0, 0.013
ProtG80, 1, 0, 0.02, 0.155, 1, 0, 1, 0.692, 0.315
ProtG81, 0, 0, 0.011, 0.011, 0, 0, 0, 0, 0.006
ProtG82, 1, 0.001, 0.015, 0.317, 1, 0, 1, 0.356, 0.647
ProtG83, 1, 0, 0.193, 0.066, 1, 0, 1, 0.961, 0.05
ProtG84, 1, 0, 0.022, 0.268, 1, 0, 1, 0.229, 0.779
ProtG85, 0, 0, 0.297, 0.095, 0, 0, 0, 0, 0.012
ProtG86, 0, 0, 0.38, 0.084, 0, 0, 0, 0, 0.013
ProtG87, 0, 0, 0.015, 0.016, 0, 0, 0, 0, 0.01
ProtG88, 1, 0, 0.428, 0.077, 1, 0, 1, 0.414, 0.594
ProtG89, 1, 0, 0.017, 0.027, 1, 0, 1, 0.962, 0.045
ProtG9, 1, 0.002, 0.657, 0.642, 1, 0, 1, 0.369, 0.641
ProtG90, 0, 0, 0.01, 0.01, 0, 0, 0, 0, 0.007
ProtG91, 1, 0, 0.032, 0.421, 1, 0, 1, 0.268, 0.747
ProtM1, 0, 0, 0.013, 0.011, 0, 0, 0, 0, 0.006
ProtM2, 0, 0, 0.017, 0.019, 0, 0, 0, 0, 0.01
ProtM3, 0, 0, 0.039, 0.031, 0, 0, 0, 0, 0.008
ProtZ1, 2, 0, 0.072, 0.019, 1, 0, 2, 1.53, 0.483
ProtZ2, 1, 0.001, 0.716, 0.537, 1, 0, 1, 0.272, 0.742
ProtZ3, 1, 0.001, 0.405, 0.318, 1, 0, 1, 0.999, 0.006
ProtZ4, 1, 0.001, 0.819, 0.75, 1, 0, 1, 0.783, 0.229
ProtZ5, 1, 0.002, 0.467, 0.824, 1, 0, 1, 0.175, 0.858
RBG1, 0, 0, 0.248, 0.163, 0, 0, 0, 0, 0.038
Rifl1, 0, 0, 0.029, 0.023, 0, 0, 0, 0, 0.007
SAR3X1, 1, 0, 0.032, 0.338, 1, 0, 1, 0.058, 0.946
SAR3X2, 0, 0, 0.097, 0.053, 0, 0, 0, 0, 0.011
SLNR1, 0, 0, 0.034, 0.042, 0, 0, 0, 0, 0.029
SM23X1, 0, 0, 0.016, 0.016, 0, 0, 0, 0, 0.012
SZUA1, 0, 0, 0.655, 0.111, 0, 0, 0, 0, 0.019
SZUA2, 0, 0, 0.063, 0.044, 0, 0, 0, 0, 0.016
Sche1, 1, 0, 0.597, 0.138, 1, 0, 1, 0.379, 0.636
Spir10, 0, 0, 0.043, 0.035, 0, 0, 0, 0, 0.012
Spir11, 0, 0, 0.412, 0.25, 0, 0, 0, 0, 0.038
Spir12, 0, 0, 0.344, 0.23, 0, 0, 0, 0, 0.035
Spir13, 1, 0, 0.041, 0.159, 1, 0, 1, 0.213, 0.805
Spir15, 1, 0.001, 0.199, 0.338, 1, 0, 1, 0.172, 0.847
Spir2, 0, 0, 0.253, 0.062, 0, 0, 0, 0, 0.017
Spir3, 0, 0, 0.04, 0.037, 0, 0, 0, 0, 0.009
Spir4, 1, 0, 0.184, 0.619, 1, 0, 1, 0.433, 0.585
Spir8, 1, 0.002, 0.037, 0.445, 1, 0, 1, 0.331, 0.682
Spir9, 1, 0.003, 0.233, 0.632, 1, 0, 1, 0.134, 0.879
Sume1, 1, 0, 0.029, 0.051, 1, 0, 1, 0.952, 0.067
Syne1, 0, 0, 0.011, 0.008, 0, 0, 0, 0, 0.006
Syne10, 0, 0, 0.018, 0.014, 0, 0, 0, 0, 0.008
Syne2, 0, 0, 0.021, 0.019, 0, 0, 0, 0, 0.016
Syne3, 0, 0, 0.02, 0.022, 0, 0, 0, 0, 0.014
Syne4, 0, 0, 0.012, 0.012, 0, 0, 0, 0, 0.01
Syne5, 0, 0, 0.012, 0.016, 0, 0, 0, 0, 0.01
Syne6, 0, 0, 0.014, 0.015, 0, 0, 0, 0, 0.004
Syne7, 0, 0, 0.016, 0.013, 0, 0, 0, 0, 0.006
Syne8, 0, 0, 0.018, 0.015, 0, 0, 0, 0, 0.012
Syne9, 0, 0, 0.053, 0.051, 0, 0, 0, 0, 0.018
TA06A1, 0, 0, 0.035, 0.042, 0, 0, 0, 0, 0.033
TA06X1, 0, 0, 0.034, 0.033, 0, 0, 0, 0, 0.027
Therd1, 0, 0, 0.094, 0.08, 0, 0, 0, 0, 0.029
Therg2, 0, 0, 0.024, 0.024, 0, 0, 0, 0, 0.018
Therg3, 0, 0, 0.012, 0.015, 0, 0, 0, 0, 0.01
Therg4, 0, 0.001, 0.016, 0.013, 0, 0, 0, 0, 0.009
Therg5, 0, 0, 0.019, 0.026, 0, 0, 0, 0, 0.017
Therg6, 0, 0, 0.027, 0.029, 0, 0, 0, 0, 0.017
Therg8, 0, 0, 0.026, 0.024, 0, 0, 0, 0, 0.016
Thers1, 0, 0, 0.033, 0.036, 0, 0, 0, 0, 0.022
UBA1X1, 1, 0, 0.026, 0.022, 1, 0, 1, 1, 0.018
UBA1X2, 0, 0, 0.021, 0.018, 0, 0, 0, 0, 0.013
UBA1X3, 1, 0, 0.017, 0.025, 1, 0, 1, 0.992, 0.019
UBA1X4, 0, 0, 0.026, 0.027, 0, 0, 0, 0, 0.021
UBA1X5, 0, 0, 0.019, 0.02, 0, 0, 0, 0, 0.014
UBA1X6, 1, 0, 0.018, 0.019, 1, 0, 1, 1, 0.01
UBA2X1, 0, 0, 0.068, 0.049, 0, 0, 0, 0, 0.021
UBA6X1, 0, 0, 0.058, 0.05, 0, 0, 0, 0, 0.026
UBA9X1, 0, 0, 0.052, 0.036, 0, 0, 0, 0, 0.022
UBA9X2, 0, 0, 0.019, 0.015, 0, 0, 0, 0, 0.011
UBA9X3, 0, 0, 0.031, 0.031, 0, 0, 0, 0, 0.023
UBP13X1, 0, 0, 0.232, 0.129, 0, 0, 0, 0, 0.026
UBP14X1, 0, 0, 0.026, 0.031, 0, 0, 0, 0, 0.023
UBP4X1, 0, 0, 0.983, 0.033, 0, 0, 0, 0, 0.021
UBP6X1, 0, 0, 0.201, 0.091, 0, 0, 0, 0, 0.029
Verr10, 1, 0, 0.033, 0.604, 1, 0, 1, 0.448, 0.569
Verr11, 1, 0.001, 0.334, 0.099, 1, 0, 1, 0.168, 0.848
Verr12, 1, 0, 0.183, 0.034, 1, 0, 1, 0.313, 0.698
Verr13, 1, 0.001, 0.094, 0.331, 1, 0, 1, 0.984, 0.023
Verr14, 1, 0, 0.192, 0.06, 1, 0, 1, 0.947, 0.058
Verr2, 1, 0, 0.996, 0.298, 1, 0, 1, 0.208, 0.794
Verr3, 0, 0, 0.477, 0.275, 0, 0, 0, 0, 0.013
Verr4, 1, 0.001, 1.01, 0.623, 1, 0, 1, 0.222, 0.788
Verr5, 0, 0, 0.354, 0.097, 0, 0, 0, 0, 0.012
Verr6, 1, 0.001, 0.099, 0.161, 1, 0, 1, 0.257, 0.756
Verr7, 1, 0, 0.226, 0.221, 1, 0, 1, 0.983, 0.024
Verr8, 1, 0, 0.445, 0.329, 1, 0, 1, 0.175, 0.839
Verr9, 1, 0, 0.152, 0.083, 1, 0, 1, 0.951, 0.062
WOR1, 0, 0, 0.027, 0.029, 0, 0, 0, 0, 0.021
WOR2, 0, 0, 0.017, 0.017, 0, 0, 0, 0, 0.016
WOR3, 0, 0, 0.022, 0.021, 0, 0, 0, 0, 0.016
WOR4, 0, 0, 0.022, 0.025, 0, 0, 0, 0, 0.021
WOR6, 0, 0, 0.19, 0.039, 0, 0, 0, 0, 0.014
WOR7, 1, 0, 0.01, 0.113, 1, 0, 1, 0.173, 0.834
Wall1, 0, 0, 0.015, 0.013, 0, 0, 0, 0, 0.011
Zixi1, 0, 0, 0.026, 0.035, 0, 0, 0, 0, 0.021
Zixi2, 0, 0, 0.018, 0.015, 0, 0, 0, 0, 0.013
Zixi3, 0, 0, 0.018, 0.02, 0, 0, 0, 0, 0.017
Zixi4, 0, 0, 0.008, 0.009, 0, 0, 0, 0, 0.007
Zixi5, 0, 0, 0.016, 0.019, 0, 0, 0, 0, 0.016
chloroArabidopsis, 0, 0, 0.018, 0.017, 0, 0, 0, 0, 0.011
chloroBryophyte, 0, 0, 0.021, 0.021, 0, 0, 0, 0, 0.011
chloroChlorophyta, 0, 0, 0.012, 0.011, 0, 0, 0, 0, 0.007
chloroLycophyte, 0, 0, 0.017, 0.017, 0, 0, 0, 0, 0.01
chloroRedAlgae, 0, 0, 0.02, 0.02, 0, 0, 0, 0, 0.012
mitoAnnelida, 0, 0, 0.013, 0.01, 0, 0, 0, 0, 0.007
mitoArabidopsis, 0, 0, 0.026, 0.027, 0, 0, 0, 0, 0.019
mitoBryophyte, 0, 0, 0.026, 0.024, 0, 0, 0, 0, 0.016
mitoChelicerate, 0, 0, 0.019, 0.02, 0, 0, 0, 0, 0.012
mitoChlorophyta, 0, 0, 0.019, 0.018, 0, 0, 0, 0, 0.01
mitoExcavata, 0, 0, 0.026, 0.027, 0, 0, 0, 0, 0.02
mitoFungi, 0, 0, 0.023, 0.021, 0, 0, 0, 0, 0.011
mitoInsect, 0, 0, 0.023, 0.02, 0, 0, 0, 0, 0.016
mitoLycophyte, 0, 0, 0.022, 0.019, 0, 0, 0, 0, 0.015
mitoMollusc, 0, 0, 0.015, 0.015, 0, 0, 0, 0, 0.009
mitoParamecium, 0, 0, 0.013, 0.011, 0, 0, 0, 0, 0.009
mitoPriapulid, 0, 0, 0.016, 0.016, 0, 0, 0, 0, 0.011
mitoRedAlgae, 0, 0, 0.015, 0.013, 0, 0, 0, 0, 0.009
