species_label, speciations, duplications, losses, transfers, presence, origination, copies, singletons, transfers_to
AABM5X1, 0, 0, 0.01, 0.01, 0, 0, 0, 0, 0.009
AABM5X2, 0, 0, 0.003, 0.003, 0, 0, 0, 0, 0.002
AABM5X3, 0, 0, 0.001, 0.001, 0, 0, 0, 0, 0.001
Abys1, 0, 0, 0.006, 0.003, 0, 0, 0, 0, 0.002
Acid1, 0, 0, 0.02, 0.009, 0, 0, 0, 0, 0.004
Acid10, 0, 0, 0.163, 0.005, 0, 0, 0, 0, 0.003
Acid11, 0, 0, 0.006, 0.009, 0, 0, 0, 0, 0.005
Acid12, 0, 0, 0.004, 0.005, 0, 0, 0, 0, 0.003
Acid13, 0, 0, 0.008, 0.01, 0, 0, 0, 0, 0.007
Acid14, 1, 0, 0.215, 0.041, 1, 0, 1, 0.97, 0.038
Acid16, 0, 0, 0.008, 0.006, 0, 0, 0, 0, 0.004
Acid17, 0, 0, 0.022, 0.022, 0, 0, 0, 0, 0.006
Acid18, 0, 0, 0.009, 0.008, 0, 0, 0, 0, 0.006
Acid2, 0, 0, 0.007, 0.008, 0, 0, 0, 0, 0.004
Acid20, 1, 0, 0.008, 0.009, 1, 0, 1, 1, 0.003
Acid21, 0, 0, 0.004, 0.004, 0, 0, 0, 0, 0.004
Acid22, 0, 0, 0.007, 0.007, 0, 0, 0, 0, 0.004
Acid23, 0, 0, 0.009, 0.01, 0, 0, 0, 0, 0.007
Acid24, 0, 0, 0.01, 0.015, 0, 0, 0, 0, 0.008
Acid25, 0, 0, 0.034, 0.01, 0, 0, 0, 0, 0.008
Acid26, 1, 0, 0.008, 0.02, 1, 0, 1, 0.167, 0.839
Acid27, 0, 0, 0.004, 0.005, 0, 0, 0, 0, 0.004
Acid28, 0, 0, 0.982, 0.014, 0, 0, 0, 0, 0.009
Acid29, 0, 0, 0.005, 0.007, 0, 0, 0, 0, 0.005
Acid3, 1, 0, 0.974, 0.182, 1, 0, 1, 0.207, 0.797
Acid30, 0, 0, 0.003, 0.003, 0, 0, 0, 0, 0.003
Acid31, 0, 0, 0.003, 0.004, 0, 0, 0, 0, 0.002
Acid32, 0, 0, 0.175, 0.014, 0, 0, 0, 0, 0.006
Acid33, 0, 0, 0.01, 0.009, 0, 0, 0, 0, 0.007
Acid34, 0, 0, 0.008, 0.01, 0, 0, 0, 0, 0.006
Acid35, 0, 0, 0.284, 0.081, 0, 0, 0, 0, 0.004
Acid36, 1, 0, 0.008, 0.002, 1, 0, 1, 1, 0.001
Acid38, 1, 0, 0.011, 0.006, 1, 0, 1, 1, 0.004
Acid39, 1, 0.006, 0.012, 0.348, 1, 0, 1, 0.278, 0.726
Acid4, 1, 0, 0.223, 0.045, 1, 0, 1, 0.005, 1.001
Acid40, 1, 0, 0.01, 0.007, 1, 0, 1, 1, 0.005
Acid5, 0, 0.001, 0.012, 0.01, 0, 0, 0, 0, 0.007
Acid6, 1, 0, 0.009, 0.027, 1, 0, 1, 0.972, 0.036
Acid7, 0, 0, 0.376, 0.058, 0, 0, 0, 0, 0.006
Acid8, 0, 0, 0.013, 0.013, 0, 0, 0, 0, 0.006
Acid9, 0, 0, 0.024, 0.006, 0, 0, 0, 0, 0.002
Acti10, 1, 0, 0.037, 0.073, 1, 0, 1, 0.214, 0.789
Acti11, 0, 0, 0.023, 0.025, 0, 0, 0, 0, 0.003
Acti12, 1, 0, 0.011, 0.006, 1, 0, 1, 0.999, 0.006
Acti13, 0, 0, 0.219, 0.035, 0, 0, 0, 0, 0.002
Acti14, 0, 0, 0.041, 0.028, 0, 0, 0, 0, 0.003
Acti15, 1, 0.002, 0.285, 0.26, 1, 0, 1, 0.982, 0.021
Acti16, 0, 0, 0.017, 0.009, 0, 0, 0, 0, 0.003
Acti18, 0, 0, 0.016, 0.013, 0, 0, 0, 0, 0.002
Acti19, 0, 0, 0.295, 0.021, 0, 0, 0, 0, 0.007
Acti2, 0, 0, 0.03, 0.022, 0, 0, 0, 0, 0.006
Acti20, 0, 0, 0.018, 0.015, 0, 0, 0, 0, 0.005
Acti21, 1, 0, 0.007, 0.007, 1, 0, 1, 1, 0.002
Acti22, 0, 0, 0.028, 0.02, 0, 0, 0, 0, 0.008
Acti23, 1, 0, 0.006, 0.049, 1, 0, 1, 0.288, 0.718
Acti24, 0, 0, 0.004, 0.003, 0, 0, 0, 0, 0.001
Acti25, 1, 0.001, 0.029, 0.266, 1, 0, 1, 0.212, 0.791
Acti26, 0, 0, 0.124, 0.059, 0, 0, 0, 0, 0.002
Acti27, 0, 0, 0.005, 0.007, 0, 0, 0, 0, 0.004
Acti28, 3, 0.95, 0.778, 0.266, 1, 0, 3, 0.98, 0.82
Acti29, 0, 0, 0.006, 0.005, 0, 0, 0, 0, 0.005
Acti3, 0, 0, 0.252, 0.038, 0, 0, 0, 0, 0.004
Acti30, 0, 0, 0.007, 0.008, 0, 0, 0, 0, 0.006
Acti31, 0, 0, 0.196, 0.062, 0, 0, 0, 0, 0.004
Acti32, 1, 0.004, 0.959, 0.144, 1, 0, 1, 0.804, 0.197
Acti33, 1, 0.001, 0.016, 0.108, 1, 0, 1, 0.842, 0.165
Acti34, 0, 0.001, 0.182, 0.142, 0, 0, 0, 0, 0.003
Acti35, 0, 0.001, 0.852, 0.21, 0, 0, 0, 0, 0.001
Acti36, 1, 0.001, 0.167, 0.068, 1, 0, 1, 0.662, 0.341
Acti37, 1, 0.005, 1.205, 0.468, 1, 0, 1, 0.939, 0.06
Acti38, 1, 0, 0.732, 0.167, 1, 0, 1, 0.986, 0.019
Acti39, 0, 0, 0.183, 0.051, 0, 0, 0, 0, 0.005
Acti4, 0, 0, 0.121, 0.094, 0, 0, 0, 0, 0.013
Acti40, 0, 0, 0.502, 0.048, 0, 0, 0, 0, 0.003
Acti41, 1, 0.001, 0.991, 0.288, 1, 0, 1, 0.967, 0.04
Acti42, 0, 0, 0.158, 0.058, 0, 0, 0, 0, 0.006
Acti43, 1, 0.002, 0.704, 0.148, 1, 0, 1, 0.126, 0.877
Acti44, 0, 0, 1.012, 0.021, 0, 0, 0, 0, 0.006
Acti45, 0, 0, 0.821, 0.052, 0, 0, 0, 0, 0.001
Acti46, 1, 0, 0.981, 0.319, 1, 0, 1, 0.974, 0.031
Acti47, 1, 0, 0.057, 0.065, 1, 0, 1, 0.763, 0.237
Acti48, 1, 0, 0.596, 0.068, 1, 0, 1, 0.995, 0.009
Acti49, 1, 0, 0.799, 0.127, 1, 0, 1, 0.961, 0.041
Acti5, 0, 0, 0.013, 0.008, 0, 0, 0, 0, 0.006
Acti50, 1, 0, 1.241, 0.235, 1, 0, 1, 0.77, 0.233
Acti51, 0, 0, 0.007, 0.009, 0, 0, 0, 0, 0.006
Acti52, 1, 0, 0.02, 0.013, 1, 0, 1, 0.991, 0.014
Acti6, 0, 0, 0.043, 0.03, 0, 0, 0, 0, 0.005
Acti7, 1, 0.004, 0.053, 0.383, 1, 0, 1, 0.269, 0.734
Acti8, 0, 0, 0.01, 0.009, 0, 0, 0, 0, 0.007
Acti9, 0, 0, 0.006, 0.006, 0, 0, 0, 0, 0.005
Aero1, 0, 0, 0.008, 0.007, 0, 0, 0, 0, 0.003
Aqui1, 0, 0, 0.009, 0.009, 0, 0, 0, 0, 0.007
Aqui2, 0, 0, 0.012, 0.012, 0, 0, 0, 0, 0.01
Aqui3, 0, 0, 0.021, 0.007, 0, 0, 0, 0, 0.004
Aqui4, 0, 0, 0.008, 0.006, 0, 0, 0, 0, 0.002
Aqui5, 0, 0, 0.005, 0.002, 0, 0, 0, 0, 0.001
Aqui6, 0, 0, 0.01, 0.009, 0, 0, 0, 0, 0.004
Arma11, 0, 0, 0.005, 0.007, 0, 0, 0, 0, 0.004
Arma12, 1, 0, 0.008, 0.008, 1, 0, 1, 0.004, 1.002
Arma13, 0, 0, 0.011, 0.011, 0, 0, 0, 0, 0.005
Arma14, 0, 0, 0.01, 0.008, 0, 0, 0, 0, 0.007
Arma15, 0, 0, 0.01, 0.007, 0, 0, 0, 0, 0.004
Arma16, 0, 0, 0.007, 0.002, 0, 0, 0, 0, 0.001
Arma3, 0, 0, 0.005, 0.004, 0, 0, 0, 0, 0.002
Arma4, 0, 0, 0.007, 0.006, 0, 0, 0, 0, 0.004
Arma6, 1, 0, 0.005, 0.07, 1, 0, 1, 0.198, 0.806
Arma7, 0, 0, 0.009, 0.007, 0, 0, 0, 0, 0.003
Arma9, 0, 0, 0.052, 0.008, 0, 0, 0, 0, 0.002
Aure1, 0, 0, 0.012, 0.013, 0, 0, 0, 0, 0.007
Aure2, 0, 0, 0.007, 0.008, 0, 0, 0, 0, 0.002
Aure3, 1, 0.001, 0.023, 0.186, 1, 0, 1, 0.004, 1
B130X1, 0, 0, 0.158, 0.067, 0, 0, 0, 0, 0.005
BMS3X1, 0, 0, 0.137, 0.104, 0, 0, 0, 0, 0.004
Bact1, 0, 0, 0.008, 0.009, 0, 0, 0, 0, 0.006
Bact10, 0, 0, 0.006, 0.004, 0, 0, 0, 0, 0.001
Bact11, 0, 0, 0.003, 0.004, 0, 0, 0, 0, 0.001
Bact12, 0, 0, 0.01, 0.01, 0, 0, 0, 0, 0.009
Bact13, 0, 0, 0.003, 0.003, 0, 0, 0, 0, 0.003
Bact14, 0, 0, 0.005, 0.003, 0, 0, 0, 0, 0.003
Bact16, 0, 0, 0.01, 0.008, 0, 0, 0, 0, 0.005
Bact17, 0, 0, 0.008, 0.009, 0, 0, 0, 0, 0.004
Bact18, 0, 0, 0.006, 0.006, 0, 0, 0, 0, 0.003
Bact19, 1, 0.001, 0.184, 0.251, 1, 0, 1, 0.907, 0.096
Bact2, 0, 0, 0.001, 0.001, 0, 0, 0, 0, 0.001
Bact20, 0, 0, 0.008, 0.007, 0, 0, 0, 0, 0.006
Bact21, 1, 0, 0.055, 0.022, 1, 0, 1, 0.999, 0.003
Bact22, 0, 0, 0.009, 0.011, 0, 0, 0, 0, 0.005
Bact23, 1, 0.004, 0.011, 0.304, 1, 0, 1, 0.232, 0.773
Bact24, 0, 0, 0.008, 0.008, 0, 0, 0, 0, 0.007
Bact25, 0, 0, 0.003, 0.003, 0, 0, 0, 0, 0.003
Bact27, 1, 0, 0.478, 0.148, 1, 0, 1, 0.585, 0.417
Bact28, 0, 0, 0.236, 0.049, 0, 0, 0, 0, 0.002
Bact29, 1, 0, 0.012, 0.011, 1, 0, 1, 0.998, 0.007
Bact3, 0, 0, 0.011, 0.013, 0, 0, 0, 0, 0.009
Bact30, 0, 0, 0.002, 0.001, 0, 0, 0, 0, 0.001
Bact31, 0, 0, 0.006, 0.006, 0, 0, 0, 0, 0.004
Bact32, 0, 0, 0.002, 0.002, 0, 0, 0, 0, 0.001
Bact33, 0, 0, 0.007, 0.009, 0, 0, 0, 0, 0.006
Bact34, 0, 0, 0.067, 0.015, 0, 0, 0, 0, 0.002
Bact35, 0, 0, 0.631, 0.207, 0, 0, 0, 0, 0.007
Bact36, 0, 0, 0.469, 0.068, 0, 0, 0, 0, 0.005
Bact37, 0, 0, 0.013, 0.008, 0, 0, 0, 0, 0.006
Bact38, 0, 0, 0.006, 0.005, 0, 0, 0, 0, 0.004
Bact39, 0, 0, 0.006, 0.007, 0, 0, 0, 0, 0.005
Bact4, 0, 0, 0.023, 0.016, 0, 0, 0, 0, 0.006
Bact40, 1, 0, 0.504, 0.102, 1, 0, 1, 0.857, 0.147
Bact41, 1, 0.005, 0.45, 0.409, 1, 0, 1, 0.909, 0.088
Bact42, 0, 0, 0.009, 0.008, 0, 0, 0, 0, 0.002
Bact43, 1, 0.001, 0.019, 0.119, 1, 0, 1, 0.45, 0.554
Bact44, 1, 0.006, 0.917, 0.576, 1, 0, 1, 0.591, 0.407
Bact5, 0, 0, 0.008, 0.007, 0, 0, 0, 0, 0.003
Bact6, 0, 0, 0.015, 0.012, 0, 0, 0, 0, 0.004
Bact7, 0, 0, 0.004, 0.003, 0, 0, 0, 0, 0.003
Bact8, 0, 0, 0.007, 0.009, 0, 0, 0, 0, 0.006
Bact9, 0, 0, 1.006, 0.013, 0, 0, 0, 0, 0.001
Bdell10, 0, 0, 0.01, 0.009, 0, 0, 0, 0, 0.003
Bdell11, 0, 0, 0.006, 0.004, 0, 0, 0, 0, 0.004
Bdell12, 1, 0, 0.012, 0.005, 1, 0, 1, 1, 0.003
Bdell13, 0, 0, 0.308, 0.133, 0, 0, 0, 0, 0.004
Bdell14, 0, 0, 0.004, 0.004, 0, 0, 0, 0, 0.002
Bdell15, 0, 0, 0.003, 0.002, 0, 0, 0, 0, 0.001
Bdell16, 0, 0, 0.003, 0.001, 0, 0, 0, 0, 0
Bdell17, 0, 0, 0.004, 0.005, 0, 0, 0, 0, 0.001
Bdell2, 0, 0, 0.012, 0.012, 0, 0, 0, 0, 0.005
Bdell3, 1, 0, 0.012, 0.011, 1, 0, 1, 1, 0.003
Bdell4, 0, 0, 0.007, 0.008, 0, 0, 0, 0, 0.005
Bdell5, 0, 0, 0.004, 0.003, 0, 0, 0, 0, 0.002
Bdell6, 0, 0, 0.018, 0.015, 0, 0, 0, 0, 0.004
Bdell7, 0, 0, 0.007, 0.007, 0, 0, 0, 0, 0.005
Bdell9, 0, 0, 0.007, 0.007, 0, 0, 0, 0, 0.005
BdellC1, 0, 0, 0.011, 0.012, 0, 0, 0, 0, 0.003
BdellC2, 0, 0, 0.01, 0.006, 0, 0, 0, 0, 0.002
Bipo1, 0, 0, 0.008, 0.008, 0, 0, 0, 0, 0.007
Bipo2, 0, 0, 0.005, 0.008, 0, 0, 0, 0, 0.004
CG267X1, 0, 0, 0.017, 0.014, 0, 0, 0, 0, 0.007
CG294X1, 0, 0, 0.016, 0.015, 0, 0, 0, 0, 0.006
CSP1X1, 0, 0, 0.003, 0.003, 0, 0, 0, 0, 0.003
Calda1, 0, 0, 0.005, 0.006, 0, 0, 0, 0, 0.004
Calda2, 0, 0, 0.002, 0.001, 0, 0, 0, 0, 0.001
Caldit1, 0, 0, 0.007, 0.008, 0, 0, 0, 0, 0.007
Caldit2, 0, 0, 0.007, 0.009, 0, 0, 0, 0, 0.007
Caldit3, 0, 0, 0.008, 0.008, 0, 0, 0, 0, 0.004
Camp1, 1, 0.001, 0.022, 0.129, 1, 0, 1, 0.941, 0.06
Camp10, 0, 0, 1.385, 0.187, 0, 0, 0, 0, 0.003
Camp11, 1, 0.003, 1.028, 0.479, 1, 0, 1, 0.269, 0.733
Camp12, 0, 0, 1.141, 0.163, 0, 0, 0, 0, 0.004
Camp13, 1, 0, 0.044, 0.051, 1, 0, 1, 0.936, 0.068
Camp14, 1, 0, 0.022, 0.038, 1, 0, 1, 0.807, 0.197
Camp15, 0, 0, 0.831, 0.041, 0, 0, 0, 0, 0.006
Camp16, 1, 0.002, 0.953, 0.247, 1, 0, 1, 0.8, 0.203
Camp2, 0, 0, 0.984, 0.048, 0, 0, 0, 0, 0.008
Camp3, 0, 0, 0.967, 0.123, 0, 0, 0, 0, 0.006
Camp4, 1, 0, 0.808, 0.185, 1, 0, 1, 0.944, 0.06
Camp5, 2, 0.105, 0.014, 0.446, 1, 0, 2, 1.314, 0.527
Camp6, 0, 0, 0.04, 0.034, 0, 0, 0, 0, 0.007
Camp7, 0, 0, 0.856, 0.064, 0, 0, 0, 0, 0.004
Camp9, 0, 0, 0.037, 0.029, 0, 0, 0, 0, 0.004
Chlo10, 0, 0, 0.006, 0.004, 0, 0, 0, 0, 0.004
Chlo11, 0, 0, 0.004, 0.004, 0, 0, 0, 0, 0.004
Chlo12, 0, 0, 0.004, 0.003, 0, 0, 0, 0, 0.002
Chlo13, 0, 0, 0.008, 0.006, 0, 0, 0, 0, 0.006
Chlo14, 0, 0, 0.003, 0.003, 0, 0, 0, 0, 0.003
Chlo15, 0, 0, 0.007, 0.007, 0, 0, 0, 0, 0.004
Chlo16, 0, 0, 0.006, 0.005, 0, 0, 0, 0, 0.005
Chlo17, 0, 0, 0.004, 0.007, 0, 0, 0, 0, 0.003
Chlo18, 0, 0, 0.008, 0.007, 0, 0, 0, 0, 0.005
Chlo19, 0, 0, 0.004, 0.004, 0, 0, 0, 0, 0.003
Chlo20, 0, 0, 0.004, 0.002, 0, 0, 0, 0, 0.002
Chlo21, 0, 0, 0.008, 0.01, 0, 0, 0, 0, 0.007
Chlo22, 0, 0, 0.008, 0.008, 0, 0, 0, 0, 0.002
Chlo23, 0, 0, 0.011, 0.01, 0, 0, 0, 0, 0.008
Chlo24, 0, 0, 0.005, 0.006, 0, 0, 0, 0, 0.003
Chlo25, 0, 0, 0.007, 0.009, 0, 0, 0, 0, 0.005
Chlo26, 0, 0, 0.004, 0.004, 0, 0, 0, 0, 0.004
Chlo27, 0, 0, 0.002, 0.002, 0, 0, 0, 0, 0.002
Chlo28, 0, 0, 0.003, 0.002, 0, 0, 0, 0, 0.001
Chlo29, 0, 0, 0.047, 0.019, 0, 0, 0, 0, 0.004
Chlo30, 0, 0, 0.005, 0.005, 0, 0, 0, 0, 0.003
Chlo31, 0, 0, 0.007, 0.005, 0, 0, 0, 0, 0.005
Chlo32, 1, 0.001, 0.009, 0.21, 1, 0, 1, 0.116, 0.89
Chlo33, 0, 0, 0.003, 0.003, 0, 0, 0, 0, 0.003
Chlo34, 0, 0, 0.003, 0.001, 0, 0, 0, 0, 0.001
Chlo35, 0, 0, 0.005, 0.004, 0, 0, 0, 0, 0.004
Chlo36, 0, 0, 0.003, 0.003, 0, 0, 0, 0, 0.003
Chlo37, 0, 0, 0.003, 0.001, 0, 0, 0, 0, 0.001
Chlo38, 0, 0, 0.004, 0.003, 0, 0, 0, 0, 0.003
Chlo39, 0, 0, 0.009, 0.007, 0, 0, 0, 0, 0.005
Chlo4, 0, 0, 0.011, 0.011, 0, 0, 0, 0, 0.007
Chlo40, 0, 0, 0.005, 0.007, 0, 0, 0, 0, 0.005
Chlo41, 0, 0, 0.008, 0.01, 0, 0, 0, 0, 0.004
Chlo42, 0, 0, 0.004, 0.004, 0, 0, 0, 0, 0.002
Chlo43, 0, 0, 0.003, 0.005, 0, 0, 0, 0, 0.002
Chlo44, 0, 0, 0.007, 0.006, 0, 0, 0, 0, 0.006
Chlo45, 0, 0, 0.006, 0.005, 0, 0, 0, 0, 0.005
Chlo46, 0, 0, 0.005, 0.005, 0, 0, 0, 0, 0.004
Chlo47, 0, 0, 0.009, 0.008, 0, 0, 0, 0, 0.005
Chlo48, 0, 0, 0.01, 0.012, 0, 0, 0, 0, 0.008
Chlo5, 0, 0, 0.005, 0.006, 0, 0, 0, 0, 0.004
Chlo6, 0, 0, 0.008, 0.007, 0, 0, 0, 0, 0.005
Chlo7, 0, 0, 0.012, 0.011, 0, 0, 0, 0, 0.009
Chlo8, 0, 0, 0.008, 0.01, 0, 0, 0, 0, 0.007
Chlo9, 0, 0, 0.004, 0.004, 0, 0, 0, 0, 0.003
Chry1, 1, 0.002, 0.048, 0.215, 1, 0, 1, 0.131, 0.872
Cloa1, 0, 0, 0.004, 0.004, 0, 0, 0, 0, 0.003
Cyan1, 0, 0, 0.004, 0.004, 0, 0, 0, 0, 0.003
Cyan10, 0, 0, 0.005, 0.005, 0, 0, 0, 0, 0.004
Cyan11, 0, 0, 0.003, 0.002, 0, 0, 0, 0, 0.001
Cyan12, 0, 0, 0.008, 0.007, 0, 0, 0, 0, 0.006
Cyan13, 0, 0, 0.007, 0.008, 0, 0, 0, 0, 0.007
Cyan14, 0, 0, 0.008, 0.004, 0, 0, 0, 0, 0.003
Cyan15, 0, 0, 0.005, 0.006, 0, 0, 0, 0, 0
Cyan16, 0, 0, 0.005, 0.004, 0, 0, 0, 0, 0.003
Cyan18, 0, 0, 0.003, 0.003, 0, 0, 0, 0, 0.003
Cyan19, 0, 0, 0.007, 0.008, 0, 0, 0, 0, 0.007
Cyan2, 0, 0, 0.007, 0.007, 0, 0, 0, 0, 0.006
Cyan20, 0, 0, 0.005, 0.005, 0, 0, 0, 0, 0.004
Cyan21, 0, 0, 0.003, 0.003, 0, 0, 0, 0, 0.002
Cyan22, 0, 0, 0.004, 0.006, 0, 0, 0, 0, 0.003
Cyan23, 0, 0, 0.008, 0.006, 0, 0, 0, 0, 0.004
Cyan24, 0, 0, 0.006, 0.004, 0, 0, 0, 0, 0.004
Cyan25, 0, 0, 0.008, 0.006, 0, 0, 0, 0, 0.005
Cyan26, 0, 0, 0.005, 0.004, 0, 0, 0, 0, 0.003
Cyan27, 0, 0, 0.001, 0.001, 0, 0, 0, 0, 0.001
Cyan28, 0, 0, 0.005, 0.005, 0, 0, 0, 0, 0.004
Cyan29, 0, 0, 0.005, 0.005, 0, 0, 0, 0, 0.003
Cyan3, 0, 0, 0.01, 0.013, 0, 0, 0, 0, 0.009
Cyan30, 0, 0, 0.01, 0.011, 0, 0, 0, 0, 0.009
Cyan31, 0, 0, 0.005, 0.004, 0, 0, 0, 0, 0.004
Cyan32, 0, 0, 0.004, 0.003, 0, 0, 0, 0, 0.003
Cyan33, 0, 0, 0.004, 0.007, 0, 0, 0, 0, 0.003
Cyan34, 0, 0, 0.01, 0.01, 0, 0, 0, 0, 0.009
Cyan35, 0, 0, 0.006, 0.007, 0, 0, 0, 0, 0.004
Cyan36, 0, 0, 0.007, 0.007, 0, 0, 0, 0, 0.006
Cyan37, 0, 0, 0.004, 0.003, 0, 0, 0, 0, 0.003
Cyan38, 0, 0, 0.001, 0.001, 0, 0, 0, 0, 0.001
Cyan4, 0, 0, 0.01, 0.008, 0, 0, 0, 0, 0.005
Cyan40, 0, 0, 0.004, 0.005, 0, 0, 0, 0, 0.004
Cyan41, 0, 0, 0.011, 0.009, 0, 0, 0, 0, 0.006
Cyan42, 0, 0, 0.004, 0.005, 0, 0, 0, 0, 0.003
Cyan43, 0, 0, 0.005, 0.004, 0, 0, 0, 0, 0.004
Cyan44, 0, 0, 0.007, 0.005, 0, 0, 0, 0, 0.003
Cyan45, 0, 0, 0.003, 0.002, 0, 0, 0, 0, 0.002
Cyan46, 0, 0, 0.008, 0.008, 0, 0, 0, 0, 0.007
Cyan47, 0, 0, 0.006, 0.009, 0, 0, 0, 0, 0.002
Cyan7, 0, 0, 0.008, 0.011, 0, 0, 0, 0, 0.008
Cyan8, 0, 0, 0.008, 0.007, 0, 0, 0, 0, 0.007
Cyan9, 0, 0, 0.006, 0.003, 0, 0, 0, 0, 0.001
DTU0X1, 0, 0, 0.005, 0.006, 0, 0, 0, 0, 0.004
Defe1, 0, 0, 0.029, 0.024, 0, 0, 0, 0, 0.003
Defe2, 0, 0, 0.013, 0.014, 0, 0, 0, 0, 0.008
Defe3, 0, 0, 0.006, 0.004, 0, 0, 0, 0, 0.001
Dein1, 0, 0, 0.007, 0.009, 0, 0, 0, 0, 0.006
Dein2, 0, 0, 0.003, 0.004, 0, 0, 0, 0, 0.002
Dein3, 0, 0, 0.007, 0.01, 0, 0, 0, 0, 0.005
Dein4, 0, 0, 0.011, 0.011, 0, 0, 0, 0, 0.007
Dein5, 0, 0, 0.006, 0.005, 0, 0, 0, 0, 0.005
Dein6, 0, 0, 0.008, 0.008, 0, 0, 0, 0, 0.004
Dein7, 0, 0, 0.005, 0.004, 0, 0, 0, 0, 0.003
Desa1, 0, 0, 0.015, 0.01, 0, 0, 0, 0, 0.005
DesuB1, 0, 0, 0.008, 0.009, 0, 0, 0, 0, 0.006
DesuB2, 0, 0, 0.005, 0.007, 0, 0, 0, 0, 0.003
DesuB3, 0, 0, 0.008, 0.008, 0, 0, 0, 0, 0.004
DesuB4, 0, 0, 0.007, 0.005, 0, 0, 0, 0, 0.003
DesuC1, 0, 0, 0.231, 0.059, 0, 0, 0, 0, 0.005
DesuC2, 1, 0, 0.072, 0.068, 1, 0, 1, 0.158, 0.846
DesuD1, 0, 0, 0.103, 0.057, 0, 0, 0, 0, 0.011
DesuD2, 0, 0, 0.094, 0.049, 0, 0, 0, 0, 0.002
Desua1, 0, 0, 0.009, 0.01, 0, 0, 0, 0, 0.006
Desua10, 0, 0, 0.007, 0.006, 0, 0, 0, 0, 0.003
Desua11, 0, 0, 0.006, 0.003, 0, 0, 0, 0, 0.002
Desua12, 0, 0, 0.008, 0.007, 0, 0, 0, 0, 0.006
Desua13, 0, 0, 0.011, 0.003, 0, 0, 0, 0, 0.001
Desua14, 0, 0, 0.006, 0.006, 0, 0, 0, 0, 0.003
Desua15, 1, 0.003, 0.011, 0.252, 1, 0, 1, 0.361, 0.641
Desua16, 0, 0, 0.372, 0.08, 0, 0, 0, 0, 0.005
Desua17, 0, 0, 0.012, 0.011, 0, 0, 0, 0, 0.006
Desua18, 0, 0, 0.037, 0.021, 0, 0, 0, 0, 0.005
Desua19, 1, 0, 0.019, 0.011, 1, 0, 1, 0.999, 0.006
Desua2, 0, 0, 0.252, 0.171, 0, 0, 0, 0, 0.005
Desua20, 1, 0.005, 0.098, 0.546, 1, 0, 1, 0.978, 0.023
Desua21, 0, 0, 0.004, 0.004, 0, 0, 0, 0, 0.003
Desua22, 0, 0, 0.012, 0.014, 0, 0, 0, 0, 0.008
Desua23, 0, 0, 0.004, 0.003, 0, 0, 0, 0, 0
Desua24, 0, 0, 0.206, 0.04, 0, 0, 0, 0, 0.003
Desua25, 0, 0, 0.01, 0.012, 0, 0, 0, 0, 0.009
Desua26, 0, 0, 0.008, 0.007, 0, 0, 0, 0, 0.005
Desua27, 0, 0, 0.004, 0.003, 0, 0, 0, 0, 0
Desua28, 1, 0, 0.012, 0.008, 1, 0, 1, 1, 0.006
Desua29, 0, 0, 0.011, 0.01, 0, 0, 0, 0, 0.005
Desua3, 0, 0, 0.008, 0.01, 0, 0, 0, 0, 0.003
Desua30, 0, 0, 0.007, 0.007, 0, 0, 0, 0, 0.004
Desua31, 0, 0, 0.006, 0.007, 0, 0, 0, 0, 0.006
Desua32, 0, 0, 0.005, 0.003, 0, 0, 0, 0, 0.002
Desua33, 0, 0, 0.01, 0.009, 0, 0, 0, 0, 0.006
Desua34, 0, 0, 0.004, 0.002, 0, 0, 0, 0, 0.001
Desua35, 1, 0, 0.009, 0.005, 1, 0, 1, 1, 0.003
Desua36, 0, 0, 0.01, 0.01, 0, 0, 0, 0, 0.007
Desua37, 0, 0, 0.081, 0.066, 0, 0, 0, 0, 0.002
Desua38, 0, 0, 0.006, 0.005, 0, 0, 0, 0, 0.003
Desua39, 0, 0, 0.003, 0.004, 0, 0, 0, 0, 0.002
Desua4, 0, 0, 0.013, 0.009, 0, 0, 0, 0, 0.008
Desua40, 0, 0, 0.006, 0.007, 0, 0, 0, 0, 0.006
Desua41, 0, 0, 0.023, 0.017, 0, 0, 0, 0, 0.004
Desua42, 0, 0, 0.01, 0.01, 0, 0, 0, 0, 0.006
Desua43, 0, 0, 0.004, 0.004, 0, 0, 0, 0, 0.003
Desua44, 0, 0, 0.008, 0.007, 0, 0, 0, 0, 0.006
Desua45, 0, 0, 0.026, 0.013, 0, 0, 0, 0, 0.005
Desua46, 0, 0, 0.003, 0.002, 0, 0, 0, 0, 0.002
Desua47, 0, 0, 0.011, 0.012, 0, 0, 0, 0, 0.005
Desua48, 0, 0, 0.006, 0.005, 0, 0, 0, 0, 0.002
Desua49, 0, 0, 0.004, 0.003, 0, 0, 0, 0, 0.003
Desua5, 0, 0, 0.069, 0.032, 0, 0, 0, 0, 0.004
Desua50, 0, 0, 0.004, 0.004, 0, 0, 0, 0, 0.003
Desua51, 1, 0, 0.013, 0.009, 1, 0, 1, 0.999, 0.006
Desua52, 0, 0, 0.004, 0.004, 0, 0, 0, 0, 0.003
Desua53, 1, 0, 0.012, 0.008, 1, 0, 1, 0.999, 0.005
Desua54, 0, 0, 0.004, 0, 0, 0, 0, 0, 0
Desua6, 0, 0, 1.012, 0.01, 0, 0, 0, 0, 0.007
Desua7, 1, 0, 0.013, 0.012, 1, 0, 1, 0.997, 0.008
Desua8, 0, 0.002, 0.254, 0.192, 0, 0, 0, 0, 0.005
Desua9, 0, 0, 0.008, 0.006, 0, 0, 0, 0, 0.002
Dict1, 0, 0, 0.007, 0.009, 0, 0, 0, 0, 0.007
Dorm1, 0, 0, 0.007, 0.004, 0, 0, 0, 0, 0.002
Dorm2, 0, 0, 0.009, 0.011, 0, 0, 0, 0, 0.004
Dorm3, 0, 0, 0.006, 0.007, 0, 0, 0, 0, 0.005
Dorm4, 0, 0, 0.004, 0.004, 0, 0, 0, 0, 0.004
Dorm5, 0, 0, 0.009, 0.007, 0, 0, 0, 0, 0.004
Edwa1, 0, 0, 0.008, 0.008, 0, 0, 0, 0, 0.005
Eise1, 0, 0, 0.006, 0.007, 0, 0, 0, 0, 0.004
Eise2, 0, 0, 0.003, 0.002, 0, 0, 0, 0, 0.001
Eise3, 0, 0, 0.004, 0.005, 0, 0, 0, 0, 0.004
Eise4, 0, 0, 0.004, 0.005, 0, 0, 0, 0, 0.004
Elus1, 0, 0, 0.009, 0.009, 0, 0, 0, 0, 0.004
Elus10, 0, 0, 0.003, 0.003, 0, 0, 0, 0, 0.002
Elus2, 0, 0, 0.004, 0.003, 0, 0, 0, 0, 0.002
Elus3, 0, 0, 0.007, 0.008, 0, 0, 0, 0, 0.005
Elus4, 0, 0, 0.004, 0.003, 0, 0, 0, 0, 0.002
Elus5, 0, 0, 0.002, 0.003, 0, 0, 0, 0, 0
Elus6, 0, 0, 0.011, 0.011, 0, 0, 0, 0, 0.008
Elus7, 0, 0, 0.01, 0.012, 0, 0, 0, 0, 0.01
Elus8, 0, 0, 0.008, 0.005, 0, 0, 0, 0, 0.005
Elus9, 0, 0, 0.003, 0.002, 0, 0, 0, 0, 0.002
Erem2, 0, 0, 0.007, 0.007, 0, 0, 0, 0, 0.007
Erem3, 0, 0, 0.008, 0.009, 0, 0, 0, 0, 0.007
Erem4, 0, 0, 0.003, 0.003, 0, 0, 0, 0, 0.003
Erem5, 0, 0, 0.004, 0.004, 0, 0, 0, 0, 0.004
Erem6, 0, 0, 0.006, 0.007, 0, 0, 0, 0, 0.006
FCPU1, 1, 0, 0.009, 0.013, 1, 0, 1, 0.244, 0.761
FCPU2, 0, 0, 0.252, 0.01, 0, 0, 0, 0, 0.004
Ferm1, 0, 0, 0.007, 0.007, 0, 0, 0, 0, 0.006
Fibr1, 0, 0, 0.156, 0.075, 0, 0, 0, 0, 0.003
Fibr2, 0, 0, 0.004, 0.006, 0, 0, 0, 0, 0.001
Fibr3, 0, 0, 0.017, 0.018, 0, 0, 0, 0, 0.007
Fibr4, 0, 0, 0.005, 0.004, 0, 0, 0, 0, 0.002
Fibr5, 1, 0.004, 0.009, 0.4, 1, 0, 1, 0.15, 0.852
Fibr6, 0, 0, 0.012, 0.011, 0, 0, 0, 0, 0.008
Fire1, 0, 0, 0.062, 0.026, 0, 0, 0, 0, 0.006
FirmA1, 0, 0, 0.007, 0.006, 0, 0, 0, 0, 0.006
FirmA10, 0, 0, 0.009, 0.004, 0, 0, 0, 0, 0.002
FirmA100, 0, 0, 0.005, 0.005, 0, 0, 0, 0, 0.002
FirmA101, 0, 0, 0.004, 0.004, 0, 0, 0, 0, 0.003
FirmA102, 0, 0, 0.256, 0.067, 0, 0, 0, 0, 0.003
FirmA103, 0, 0, 0.004, 0.003, 0, 0, 0, 0, 0.002
FirmA104, 0, 0, 0.009, 0.011, 0, 0, 0, 0, 0.008
FirmA105, 0, 0, 0.006, 0.004, 0, 0, 0, 0, 0.004
FirmA106, 0, 0, 0.006, 0.006, 0, 0, 0, 0, 0.005
FirmA107, 0, 0, 0.004, 0.004, 0, 0, 0, 0, 0.002
FirmA108, 0, 0, 0.004, 0.003, 0, 0, 0, 0, 0.002
FirmA109, 0, 0, 0.002, 0.002, 0, 0, 0, 0, 0.001
FirmA11, 0, 0, 0.004, 0.004, 0, 0, 0, 0, 0.003
FirmA110, 0, 0, 0.007, 0.007, 0, 0, 0, 0, 0.005
FirmA111, 0, 0, 0.006, 0.003, 0, 0, 0, 0, 0.002
FirmA112, 0, 0, 0.008, 0.007, 0, 0, 0, 0, 0.006
FirmA113, 0, 0, 0.005, 0.004, 0, 0, 0, 0, 0.004
FirmA114, 0, 0, 0.004, 0.004, 0, 0, 0, 0, 0.003
FirmA12, 0, 0, 0.005, 0.006, 0, 0, 0, 0, 0.004
FirmA14, 0, 0, 0.008, 0.008, 0, 0, 0, 0, 0.007
FirmA16, 0, 0, 0.021, 0.005, 0, 0, 0, 0, 0.003
FirmA18, 0, 0, 0.005, 0.007, 0, 0, 0, 0, 0.003
FirmA19, 0, 0, 0.005, 0.005, 0, 0, 0, 0, 0.005
FirmA2, 0, 0, 0.036, 0.013, 0, 0, 0, 0, 0.009
FirmA20, 0, 0, 0.006, 0.004, 0, 0, 0, 0, 0.003
FirmA21, 0, 0, 0.005, 0.004, 0, 0, 0, 0, 0.003
FirmA24, 0, 0, 0.013, 0.013, 0, 0, 0, 0, 0.009
FirmA25, 0, 0, 0.003, 0.003, 0, 0, 0, 0, 0.003
FirmA26, 0, 0, 0.006, 0.007, 0, 0, 0, 0, 0.004
FirmA27, 0, 0, 0.004, 0.005, 0, 0, 0, 0, 0.003
FirmA28, 0, 0, 0.004, 0.004, 0, 0, 0, 0, 0.003
FirmA29, 0, 0, 0.007, 0.007, 0, 0, 0, 0, 0.005
FirmA30, 0, 0, 0.003, 0.005, 0, 0, 0, 0, 0.003
FirmA31, 0, 0, 0.008, 0.008, 0, 0, 0, 0, 0.004
FirmA32, 0, 0, 0.007, 0.007, 0, 0, 0, 0, 0.006
FirmA33, 0, 0, 0.007, 0.01, 0, 0, 0, 0, 0.005
FirmA34, 0, 0, 0.177, 0.079, 0, 0, 0, 0, 0.008
FirmA35, 0, 0, 0.006, 0.006, 0, 0, 0, 0, 0.004
FirmA36, 0, 0, 0.006, 0.006, 0, 0, 0, 0, 0.003
FirmA37, 0, 0, 0.004, 0.003, 0, 0, 0, 0, 0.003
FirmA38, 0, 0, 0.005, 0.005, 0, 0, 0, 0, 0.004
FirmA39, 0, 0, 0.001, 0.001, 0, 0, 0, 0, 0.001
FirmA40, 0, 0, 0.008, 0.014, 0, 0, 0, 0, 0.006
FirmA41, 0, 0, 0.005, 0.004, 0, 0, 0, 0, 0.003
FirmA42, 0, 0, 0.005, 0.006, 0, 0, 0, 0, 0.004
FirmA43, 0, 0, 0.002, 0.002, 0, 0, 0, 0, 0.002
FirmA44, 0, 0, 0.006, 0.007, 0, 0, 0, 0, 0.006
FirmA45, 0, 0, 0.005, 0.006, 0, 0, 0, 0, 0.003
FirmA46, 0, 0, 0.012, 0.012, 0, 0, 0, 0, 0.007
FirmA47, 0, 0, 0.003, 0.003, 0, 0, 0, 0, 0.001
FirmA48, 0, 0, 0.007, 0.007, 0, 0, 0, 0, 0.004
FirmA49, 0, 0, 0.007, 0.007, 0, 0, 0, 0, 0.005
FirmA5, 0, 0, 0.007, 0.007, 0, 0, 0, 0, 0.004
FirmA50, 0, 0, 0.006, 0.008, 0, 0, 0, 0, 0.005
FirmA51, 0, 0, 0.01, 0.01, 0, 0, 0, 0, 0.008
FirmA52, 0, 0, 0.004, 0.004, 0, 0, 0, 0, 0.002
FirmA53, 0, 0, 0.007, 0.005, 0, 0, 0, 0, 0.005
FirmA54, 0, 0, 0.091, 0.031, 0, 0, 0, 0, 0.003
FirmA55, 0, 0, 0.01, 0.006, 0, 0, 0, 0, 0.005
FirmA56, 0, 0, 0.006, 0.006, 0, 0, 0, 0, 0.006
FirmA57, 1, 0.004, 0.013, 0.424, 1, 0, 1, 0.07, 0.934
FirmA58, 0, 0, 0.005, 0.005, 0, 0, 0, 0, 0.005
FirmA59, 0, 0, 0.006, 0.005, 0, 0, 0, 0, 0.003
FirmA6, 0, 0, 0.011, 0.013, 0, 0, 0, 0, 0.01
FirmA60, 0, 0, 0.01, 0.011, 0, 0, 0, 0, 0.007
FirmA61, 0, 0, 0.006, 0.003, 0, 0, 0, 0, 0.003
FirmA62, 0, 0, 0.006, 0.005, 0, 0, 0, 0, 0.005
FirmA63, 0, 0, 0.002, 0.002, 0, 0, 0, 0, 0.002
FirmA64, 0, 0, 0.009, 0.01, 0, 0, 0, 0, 0.007
FirmA65, 0, 0, 0.009, 0.009, 0, 0, 0, 0, 0.006
FirmA66, 0, 0, 0.007, 0.008, 0, 0, 0, 0, 0.004
FirmA67, 0, 0, 0.004, 0.005, 0, 0, 0, 0, 0.003
FirmA68, 0, 0, 0.008, 0.006, 0, 0, 0, 0, 0.004
FirmA69, 0, 0, 0.003, 0.002, 0, 0, 0, 0, 0.002
FirmA7, 0, 0, 0.006, 0.006, 0, 0, 0, 0, 0.005
FirmA70, 0, 0, 0.003, 0.003, 0, 0, 0, 0, 0.002
FirmA71, 0, 0, 0.007, 0.008, 0, 0, 0, 0, 0.006
FirmA72, 0, 0, 0.002, 0.002, 0, 0, 0, 0, 0.002
FirmA73, 0, 0, 0.001, 0.001, 0, 0, 0, 0, 0.001
FirmA74, 0, 0, 0.004, 0.002, 0, 0, 0, 0, 0.001
FirmA75, 0, 0, 0.006, 0.006, 0, 0, 0, 0, 0.004
FirmA76, 1, 0.003, 0.011, 0.651, 1, 0, 1, 0.248, 0.755
FirmA77, 0, 0, 0.013, 0.017, 0, 0, 0, 0, 0.01
FirmA78, 0, 0, 0.006, 0.006, 0, 0, 0, 0, 0.005
FirmA79, 0, 0, 0.007, 0.007, 0, 0, 0, 0, 0.006
FirmA8, 0, 0, 0.012, 0.012, 0, 0, 0, 0, 0.008
FirmA80, 1, 0.002, 0.008, 0.364, 1, 0, 1, 0.167, 0.837
FirmA81, 0, 0, 0.004, 0.004, 0, 0, 0, 0, 0.004
FirmA83, 0, 0, 0.006, 0.006, 0, 0, 0, 0, 0.004
FirmA84, 0, 0, 0.011, 0.009, 0, 0, 0, 0, 0.006
FirmA85, 0, 0, 0.009, 0.011, 0, 0, 0, 0, 0.008
FirmA86, 0, 0, 0.008, 0.005, 0, 0, 0, 0, 0.002
FirmA87, 0, 0, 0.006, 0.009, 0, 0, 0, 0, 0.004
FirmA88, 0, 0, 0.003, 0.002, 0, 0, 0, 0, 0.002
FirmA89, 0, 0, 0.007, 0.007, 0, 0, 0, 0, 0.005
FirmA9, 0, 0, 0.015, 0.013, 0, 0, 0, 0, 0.01
FirmA90, 0, 0, 0.004, 0.003, 0, 0, 0, 0, 0.002
FirmA91, 0, 0, 0.005, 0.006, 0, 0, 0, 0, 0.003
FirmA92, 1, 0.002, 0.008, 0.449, 1, 0, 1, 0.088, 0.918
FirmA93, 0, 0, 0.003, 0.002, 0, 0, 0, 0, 0.002
FirmA94, 0, 0, 0.005, 0.004, 0, 0, 0, 0, 0.003
FirmA95, 0, 0, 0.008, 0.008, 0, 0, 0, 0, 0.007
FirmA96, 0, 0, 0.007, 0.005, 0, 0, 0, 0, 0.005
FirmA97, 0, 0, 0.006, 0.006, 0, 0, 0, 0, 0.006
FirmA98, 0, 0, 0.003, 0.005, 0, 0, 0, 0, 0.002
FirmA99, 0, 0, 0.008, 0.005, 0, 0, 0, 0, 0.003
FirmB1, 0, 0, 0.003, 0.003, 0, 0, 0, 0, 0.003
FirmB10, 1, 0.005, 0.006, 0.19, 1, 0, 1, 0.284, 0.717
FirmB11, 0, 0, 0.005, 0.002, 0, 0, 0, 0, 0.002
FirmB12, 0, 0, 0.017, 0.014, 0, 0, 0, 0, 0.006
FirmB13, 0, 0, 0.002, 0.001, 0, 0, 0, 0, 0.001
FirmB14, 0, 0, 0.001, 0.002, 0, 0, 0, 0, 0.001
FirmB15, 0, 0, 0.009, 0.009, 0, 0, 0, 0, 0.008
FirmB16, 0, 0, 0.003, 0.003, 0, 0, 0, 0, 0.002
FirmB17, 0, 0, 0.005, 0.006, 0, 0, 0, 0, 0.004
FirmB2, 0, 0, 0.008, 0.008, 0, 0, 0, 0, 0.005
FirmB3, 0, 0, 0.006, 0.006, 0, 0, 0, 0, 0.006
FirmB4, 0, 0, 0.004, 0.006, 0, 0, 0, 0, 0.004
FirmB5, 0, 0, 0.011, 0.013, 0, 0, 0, 0, 0.011
FirmB6, 0, 0, 0.005, 0.005, 0, 0, 0, 0, 0.002
FirmB7, 0, 0, 0.004, 0.004, 0, 0, 0, 0, 0.001
FirmB8, 0, 0, 0.003, 0.004, 0, 0, 0, 0, 0.003
FirmB9, 0, 0, 0.286, 0.128, 0, 0, 0, 0, 0.002
FirmC1, 0, 0, 0.01, 0.008, 0, 0, 0, 0, 0.004
FirmC10, 0, 0, 0.036, 0.021, 0, 0, 0, 0, 0.003
FirmC11, 0, 0, 0.017, 0.011, 0, 0, 0, 0, 0.004
FirmC12, 0, 0, 0.01, 0.005, 0, 0, 0, 0, 0.001
FirmC13, 0, 0, 0.007, 0.006, 0, 0, 0, 0, 0.005
FirmC14, 0, 0, 0.036, 0.036, 0, 0, 0, 0, 0.003
FirmC15, 0, 0, 0.009, 0.006, 0, 0, 0, 0, 0
FirmC16, 0, 0.001, 0.01, 0.014, 0, 0, 0, 0, 0.005
FirmC17, 0, 0, 0.008, 0.01, 0, 0, 0, 0, 0.006
FirmC18, 1, 0.005, 0.013, 0.217, 1, 0, 1, 0.238, 0.765
FirmC19, 0, 0, 0.057, 0.032, 0, 0, 0, 0, 0.004
FirmC3, 0, 0, 0.017, 0.011, 0, 0, 0, 0, 0.004
FirmC4, 0, 0, 0.01, 0.01, 0, 0, 0, 0, 0.004
FirmC5, 0, 0, 0.015, 0.013, 0, 0, 0, 0, 0.012
FirmC6, 0, 0, 0.007, 0.004, 0, 0, 0, 0, 0.003
FirmC7, 1, 0.006, 0.011, 0.518, 1, 0, 1, 0.314, 0.688
FirmC8, 0, 0, 0.037, 0.023, 0, 0, 0, 0, 0.003
FirmC9, 0, 0, 0.013, 0.009, 0, 0, 0, 0, 0.002
FirmD1, 0, 0, 0.004, 0.006, 0, 0, 0, 0, 0.004
FirmD2, 0, 0, 0.001, 0.001, 0, 0, 0, 0, 0.001
FirmD3, 0, 0, 0.007, 0.008, 0, 0, 0, 0, 0.007
FirmD4, 0, 0, 0.004, 0.004, 0, 0, 0, 0, 0.004
FirmE1, 0, 0, 0.006, 0.006, 0, 0, 0, 0, 0.004
FirmE2, 0, 0, 0.004, 0.005, 0, 0, 0, 0, 0.003
FirmE3, 0, 0, 0.007, 0.011, 0, 0, 0, 0, 0.007
FirmE4, 0, 0, 0.009, 0.009, 0, 0, 0, 0, 0.006
FirmE5, 0, 0, 0.001, 0.001, 0, 0, 0, 0, 0.001
FirmE6, 0, 0, 0.01, 0.011, 0, 0, 0, 0, 0.007
FirmE7, 0, 0, 0.008, 0.011, 0, 0, 0, 0, 0.007
FirmE8, 0, 0, 0.009, 0.011, 0, 0, 0, 0, 0.008
FirmF1, 0, 0, 0.006, 0.007, 0, 0, 0, 0, 0.006
FirmF2, 0, 0, 0.003, 0.003, 0, 0, 0, 0, 0.003
FirmF3, 0, 0, 0.003, 0.003, 0, 0, 0, 0, 0.003
FirmG1, 0, 0, 0.007, 0.007, 0, 0, 0, 0, 0.005
FirmG2, 0, 0, 0.004, 0.008, 0, 0, 0, 0, 0.004
FirmG3, 0, 0, 0.01, 0.011, 0, 0, 0, 0, 0.007
FirmG4, 0, 0, 0.003, 0.003, 0, 0, 0, 0, 0.003
FirmG5, 0, 0, 0.006, 0.006, 0, 0, 0, 0, 0.004
FirmG6, 0, 0, 0.009, 0.011, 0, 0, 0, 0, 0.006
Firms1, 0, 0, 0.006, 0.007, 0, 0, 0, 0, 0.004
Firms10, 0, 0, 0.008, 0.007, 0, 0, 0, 0, 0.006
Firms11, 0, 0, 0.008, 0.008, 0, 0, 0, 0, 0.007
Firms12, 0, 0, 0.007, 0.006, 0, 0, 0, 0, 0.004
Firms13, 0, 0, 0.003, 0.002, 0, 0, 0, 0, 0.001
Firms15, 0, 0, 0.003, 0.003, 0, 0, 0, 0, 0.003
Firms16, 0, 0, 0.004, 0.004, 0, 0, 0, 0, 0.004
Firms17, 0, 0, 0.007, 0.007, 0, 0, 0, 0, 0.006
Firms18, 0, 0, 0.004, 0.004, 0, 0, 0, 0, 0.003
Firms2, 0, 0, 0.003, 0.003, 0, 0, 0, 0, 0.002
Firms20, 0, 0, 0.005, 0.006, 0, 0, 0, 0, 0.004
Firms21, 0, 0, 0.005, 0.005, 0, 0, 0, 0, 0.005
Firms22, 0, 0, 0.008, 0.01, 0, 0, 0, 0, 0.007
Firms23, 0, 0, 0.006, 0.007, 0, 0, 0, 0, 0.005
Firms24, 0, 0, 0.005, 0.004, 0, 0, 0, 0, 0.004
Firms25, 0, 0, 0.005, 0.003, 0, 0, 0, 0, 0.002
Firms26, 0, 0, 0.002, 0.002, 0, 0, 0, 0, 0.001
Firms27, 0, 0, 0.007, 0.006, 0, 0, 0, 0, 0.006
Firms28, 0, 0, 0.007, 0.005, 0, 0, 0, 0, 0.005
Firms29, 0, 0, 0.005, 0.005, 0, 0, 0, 0, 0.004
Firms3, 0, 0, 0.006, 0.007, 0, 0, 0, 0, 0.006
Firms30, 0, 0, 0.004, 0.005, 0, 0, 0, 0, 0.004
Firms31, 0, 0, 0.005, 0.005, 0, 0, 0, 0, 0.005
Firms32, 0, 0, 0.006, 0.008, 0, 0, 0, 0, 0.003
Firms33, 0, 0, 0.005, 0.006, 0, 0, 0, 0, 0.003
Firms4, 0, 0, 0.004, 0.005, 0, 0, 0, 0, 0.004
Firms5, 0, 0, 0.005, 0.005, 0, 0, 0, 0, 0.004
Firms6, 0, 0, 0.008, 0.008, 0, 0, 0, 0, 0.006
Firms7, 0, 0, 0.007, 0.009, 0, 0, 0, 0, 0.005
Firms8, 0, 0, 0.005, 0.005, 0, 0, 0, 0, 0.005
Firms9, 0, 0, 0.005, 0.01, 0, 0, 0, 0, 0.005
Fuso2, 0, 0, 0.016, 0.014, 0, 0, 0, 0, 0.004
Gemm2, 0, 0, 0.006, 0.007, 0, 0, 0, 0, 0.005
Gemm3, 0, 0, 0.005, 0.006, 0, 0, 0, 0, 0.004
Gemm4, 0, 0, 0.003, 0.002, 0, 0, 0, 0, 0.002
Gemm5, 0, 0, 0.007, 0.01, 0, 0, 0, 0, 0.007
Gemm6, 0, 0, 0.003, 0.005, 0, 0, 0, 0, 0.002
Gemm7, 0, 0, 0.006, 0.004, 0, 0, 0, 0, 0.003
Gemm8, 0, 0, 0.005, 0.005, 0, 0, 0, 0, 0.005
Gemm9, 0, 0, 0.004, 0.004, 0, 0, 0, 0, 0.003
GemmA1, 0, 0, 0.003, 0.004, 0, 0, 0, 0, 0.003
Gold1, 0, 0.001, 0.012, 0.012, 0, 0, 0, 0, 0.008
Gold2, 0, 0, 0.005, 0.004, 0, 0, 0, 0, 0.002
Hydr1, 0, 0, 0.007, 0.008, 0, 0, 0, 0, 0.004
Hydr2, 0, 0, 0.01, 0.008, 0, 0, 0, 0, 0.007
J088X1, 0, 0, 0.5, 0.246, 0, 0, 0, 0, 0.006
KSB1X1, 0, 0, 0.003, 0.004, 0, 0, 0, 0, 0.003
KSB1X2, 0, 0, 0.008, 0.008, 0, 0, 0, 0, 0.005
KSB1X3, 0, 0, 0.005, 0.005, 0, 0, 0, 0, 0.005
KSB1X4, 0, 0, 0.007, 0.005, 0, 0, 0, 0, 0.004
Krum1, 0, 0, 0.004, 0.004, 0, 0, 0, 0, 0.003
Late1, 0, 0, 0.005, 0.006, 0, 0, 0, 0, 0.005
Late2, 0, 0, 0.007, 0.007, 0, 0, 0, 0, 0.007
Late3, 0, 0, 0.005, 0.006, 0, 0, 0, 0, 0.005
Lind1, 1, 0.002, 0.006, 0.115, 1, 0, 1, 0.628, 0.374
Lind2, 0, 0, 0.634, 0.055, 0, 0, 0, 0, 0.004
Lind4, 0, 0, 0.575, 0.062, 0, 0, 0, 0, 0.008
Marg1, 0, 0, 0.004, 0.004, 0, 0, 0, 0, 0.003
Marg2, 0, 0, 0.009, 0.009, 0, 0, 0, 0, 0.007
Marg6, 0, 0, 0.004, 0.003, 0, 0, 0, 0, 0.003
Marg7, 0, 0, 0.007, 0.007, 0, 0, 0, 0, 0.005
Mari1, 0, 0, 0.003, 0.003, 0, 0, 0, 0, 0.003
Mari2, 0, 0, 0.01, 0.01, 0, 0, 0, 0, 0.009
Mari3, 0, 0, 0.003, 0.003, 0, 0, 0, 0, 0.002
Mari5, 0, 0, 0.005, 0.005, 0, 0, 0, 0, 0.005
Mari6, 0, 0, 0.002, 0.002, 0, 0, 0, 0, 0.002
Meth1, 0, 0, 0.007, 0.007, 0, 0, 0, 0, 0.004
Meth2, 0, 0, 0.007, 0.006, 0, 0, 0, 0, 0.004
Meth3, 0, 0, 0.004, 0.004, 0, 0, 0, 0, 0.004
Meth4, 0, 0, 0.004, 0.006, 0, 0, 0, 0, 0.004
Meth5, 0, 0, 0.004, 0.005, 0, 0, 0, 0, 0.003
Muir1, 0, 0, 0.003, 0.004, 0, 0, 0, 0, 0.002
MyxA1, 0, 0, 0.017, 0.013, 0, 0, 0, 0, 0.005
MyxA2, 0, 0, 0.007, 0.004, 0, 0, 0, 0, 0.003
MyxA3, 0, 0, 0.007, 0.006, 0, 0, 0, 0, 0.003
MyxA4, 0, 0, 0.034, 0.017, 0, 0, 0, 0, 0.003
Myxo1, 0, 0, 0.007, 0.005, 0, 0, 0, 0, 0.002
Myxo10, 0, 0, 0.176, 0.072, 0, 0, 0, 0, 0.003
Myxo11, 1, 0, 0.01, 0.006, 1, 0, 1, 1, 0.004
Myxo13, 1, 0, 0.015, 0.012, 1, 0, 1, 1, 0.009
Myxo14, 0, 0, 0.017, 0.013, 0, 0, 0, 0, 0.003
Myxo15, 0, 0, 0.29, 0.083, 0, 0, 0, 0, 0.003
Myxo17, 1, 0, 0.009, 0.01, 1, 0, 1, 0.999, 0.002
Myxo18, 1, 0.005, 0.038, 0.378, 1, 0, 1, 0.257, 0.746
Myxo19, 1, 0, 0.014, 0.009, 1, 0, 1, 0.998, 0.007
Myxo2, 0, 0, 0.01, 0.008, 0, 0, 0, 0, 0.005
Myxo3, 0, 0, 0.039, 0.028, 0, 0, 0, 0, 0.011
Myxo5, 1, 0.003, 0.006, 0.233, 1, 0, 1, 0.128, 0.875
Myxo6, 0, 0, 0.018, 0.01, 0, 0, 0, 0, 0.004
Myxo7, 0, 0, 0.05, 0.041, 0, 0, 0, 0, 0.002
Myxo8, 0, 0, 0.051, 0.031, 0, 0, 0, 0, 0.003
Myxo9, 0, 0, 0.025, 0.015, 0, 0, 0, 0, 0.007
NPL1, 0, 0, 0.011, 0.01, 0, 0, 0, 0, 0.006
Nitr1, 1, 0.002, 0.015, 0.191, 1, 0, 1, 0.037, 0.971
Nitr10, 0, 0, 0.005, 0.008, 0, 0, 0, 0, 0.004
Nitr11, 0, 0, 0.004, 0.004, 0, 0, 0, 0, 0.003
Nitr12, 0, 0, 0.007, 0.008, 0, 0, 0, 0, 0.006
Nitr13, 0, 0, 0.009, 0.008, 0, 0, 0, 0, 0.007
Nitr14, 0, 0, 0.006, 0.005, 0, 0, 0, 0, 0.005
Nitr15, 0, 0, 0.005, 0.005, 0, 0, 0, 0, 0.003
Nitr16, 0, 0, 0.005, 0.006, 0, 0, 0, 0, 0.004
Nitr17, 0, 0, 0.002, 0.003, 0, 0, 0, 0, 0.002
Nitr2, 0, 0, 0.007, 0.006, 0, 0, 0, 0, 0.005
Nitr3, 0, 0, 0.004, 0.007, 0, 0, 0, 0, 0.002
Nitr4, 0, 0, 0.002, 0.001, 0, 0, 0, 0, 0.001
Nitr5, 0, 0, 0.005, 0.006, 0, 0, 0, 0, 0.005
Nitr6, 0, 0, 0.005, 0.005, 0, 0, 0, 0, 0.004
Nitr7, 0, 0, 0.002, 0.003, 0, 0, 0, 0, 0.002
Nitr8, 0, 0, 0.006, 0.003, 0, 0, 0, 0, 0.001
Nitr9, 0, 0, 0.004, 0.005, 0, 0, 0, 0, 0.004
Nits1, 0, 0, 0.011, 0.013, 0, 0, 0, 0, 0.01
Nits2, 0, 0, 0.016, 0.014, 0, 0, 0, 0, 0.011
Nits3, 0, 0, 0.003, 0.005, 0, 0, 0, 0, 0.002
Nits4, 0, 0, 0.008, 0.007, 0, 0, 0, 0, 0.003
NitsA1, 0, 0, 0.015, 0.015, 0, 0, 0, 0, 0.009
NitsA2, 0, 0, 0.013, 0.014, 0, 0, 0, 0, 0.007
NitsA3, 0, 0.001, 0.008, 0.006, 0, 0, 0, 0, 0.004
Node_AABM5X1_AABM5X2_0, 0.001, 0, 0.01, 0.011, 0.001, 0, 0.001, 0, 0.011
Node_AABM5X1_AABM5X3_0, 0, 0, 0.003, 0.002, 0, 0, 0, 0, 0.001
Node_Acid11_Acid16_0, 0.004, 0, 0.009, 0.006, 0.004, 0, 0.004, 0.002, 0.002
Node_Acid11_Acid31_0, 0.001, 0, 0.004, 0.002, 0.001, 0, 0.001, 0.001, 0.001
Node_Acid12_Acid13_0, 0.001, 0, 0.005, 0.005, 0.001, 0, 0.001, 0.001, 0.004
Node_Acid1_Acid17_0, 0.016, 0, 0.324, 0.036, 0.016, 0, 0.016, 0.016, 0.001
Node_Acid1_Acid3_0, 0.339, 0, 0.006, 0.049, 0.337, 0, 0.339, 0.228, 0.112
Node_Acid23_Acid12_0, 0.002, 0, 0.005, 0.004, 0.002, 0, 0.002, 0.001, 0.003
Node_Acid29_Acid27_0, 0, 0, 0.004, 0.005, 0, 0, 0, 0, 0.002
Node_Acid2_Acid11_0, 0.011, 0, 0.072, 0.012, 0.011, 0, 0.011, 0.009, 0.003
Node_Acid2_Acid18_0, 0.003, 0, 0.008, 0.008, 0.003, 0, 0.003, 0.003, 0
Node_Acid32_Acid25_0, 0.026, 0, 0.003, 0.005, 0.026, 0, 0.026, 0.006, 0.022
Node_Acid32_Acid26_0, 0.169, 0, 0.007, 0.01, 0.169, 0, 0.169, 0.025, 0.15
Node_Acid34_Acid22_0, 0.003, 0, 0.156, 0.011, 0.003, 0, 0.003, 0.002, 0.003
Node_Acid34_Acid24_0, 0.002, 0, 0.006, 0.004, 0.002, 0, 0.002, 0.001, 0.005
Node_Acid34_Acid29_0, 0.002, 0, 0.003, 0.003, 0.002, 0, 0.002, 0.001, 0.002
Node_Acid34_Acid33_0, 0.003, 0, 0.004, 0.003, 0.003, 0, 0.003, 0.001, 0.005
Node_Acid37_Acid21_0, 0, 0, 0.008, 0.002, 0, 0, 0, 0, 0.001
Node_Acid37_Acid30_0, 0, 0, 0.004, 0.005, 0, 0, 0, 0, 0.004
Node_Acid37_Acid32_0, 0.007, 0, 0.008, 0.011, 0.007, 0, 0.007, 0.001, 0.008
Node_Acid38_Acid10_0, 0.16, 0, 0.01, 0.008, 0.159, 0, 0.16, 0.15, 0.014
Node_Acid38_Acid1_0, 0.233, 0, 0.002, 0.017, 0.23, 0, 0.233, 0.1, 0.133
Node_Acid38_Acid2_0, 0.08, 0, 0.027, 0.036, 0.08, 0, 0.08, 0.068, 0.014
Node_Acid38_Acid34_0, 0.156, 0, 0.08, 0.016, 0.156, 0, 0.156, 0.153, 0.003
Node_Acid38_Acid36_0, 1.007, 0.004, 0.011, 0.009, 1, 0, 1.007, 0.993, 0.012
Node_Acid38_Acid40_0, 1.002, 0.004, 0.013, 0.189, 0.998, 0, 1.002, 0.366, 0.641
Node_Acid38_Acid4_0, 0.222, 0.001, 0.002, 0.011, 0.219, 0, 0.222, 0.158, 0.063
Node_Acid38_Acid5_0, 0.102, 0, 0.01, 0.014, 0.101, 0, 0.102, 0.07, 0.032
Node_Acid38_Acid7_0, 0.37, 0, 0.007, 0.029, 0.369, 0, 0.37, 0.216, 0.155
Node_Acid38_Acid8_0, 0.093, 0.001, 0.065, 0.066, 0.093, 0, 0.093, 0.09, 0.004
Node_Acid38_B130X1_0, 0.153, 0, 0.406, 0.138, 0.153, 0, 0.153, 0.153, 0.002
Node_Acid39_Acid35_0, 0.28, 0, 0.007, 0.112, 0.279, 0, 0.28, 0.019, 0.265
Node_Acid3_Acid14_0, 1.177, 0, 0.015, 0.063, 0.977, 0, 1.177, 1.012, 0.17
Node_Acid3_Acid6_0, 1.022, 0.003, 0.01, 0.22, 0.971, 0, 1.022, 0.335, 0.69
Node_Acid40_Acid20_0, 1.005, 0.002, 0.009, 0.007, 1, 0, 1.005, 0.995, 0.01
Node_Acid5_Acid23_0, 0.004, 0, 0.007, 0.009, 0.004, 0, 0.004, 0.003, 0.004
Node_Acid5_Acid37_0, 0.007, 0, 0.097, 0.013, 0.007, 0, 0.007, 0.007, 0.002
Node_Acid6_Acid28_0, 0.973, 0, 0.062, 0.024, 0.972, 0, 0.973, 0.968, 0.013
Node_Acid8_Acid9_0, 0.007, 0, 0.086, 0.015, 0.007, 0, 0.007, 0.007, 0
Node_Acid9_Acid39_0, 0.022, 0, 0.006, 0.008, 0.022, 0, 0.022, 0.002, 0.021
Node_Acti10_Acti11_0, 0.131, 0.003, 0.029, 0.054, 0.128, 0, 0.131, 0.094, 0.035
Node_Acti10_Acti25_0, 0.237, 0, 0.014, 0.092, 0.235, 0, 0.237, 0.119, 0.12
Node_Acti10_Acti26_0, 0.122, 0.001, 0.201, 0.124, 0.121, 0, 0.122, 0.118, 0.004
Node_Acti10_Acti31_0, 0.192, 0.001, 0.083, 0.131, 0.19, 0, 0.192, 0.156, 0.037
Node_Acti10_Acti3_0, 0.248, 0.001, 0.244, 0.079, 0.239, 0, 0.248, 0.078, 0.176
Node_Acti10_Acti7_0, 0.315, 0.001, 0.015, 0.145, 0.307, 0, 0.315, 0.183, 0.137
Node_Acti11_Acti22_0, 0.02, 0, 0.113, 0.039, 0.02, 0, 0.02, 0.02, 0.002
Node_Acti12_Acti21_0, 1.005, 0.004, 1.002, 0.202, 1, 0, 1.005, 0.587, 0.416
Node_Acti12_Acti48_0, 1.587, 0.002, 0.024, 0.085, 0.996, 0, 1.587, 1.489, 0.104
Node_Acti14_Acti33_0, 0.894, 0.002, 0.352, 0.287, 0.832, 0, 0.894, 0.889, 0.003
Node_Acti14_Acti34_0, 0.178, 0, 0.719, 0.333, 0.176, 0, 0.178, 0.176, 0.003
Node_Acti14_Acti6_0, 0.038, 0, 0.143, 0.113, 0.038, 0, 0.038, 0.037, 0.003
Node_Acti18_Acti16_0, 0.014, 0.001, 0.103, 0.083, 0.014, 0, 0.014, 0.011, 0.008
Node_Acti18_Acti4_0, 0.108, 0.001, 0.493, 0.274, 0.103, 0, 0.108, 0.108, 0.003
Node_Acti19_Acti13_0, 0.217, 0.001, 0.123, 0.034, 0.215, 0, 0.217, 0.215, 0.003
Node_Acti19_Acti23_0, 0.288, 0, 0.017, 0.035, 0.288, 0, 0.288, 0.202, 0.088
Node_Acti19_Acti42_0, 0.152, 0.001, 0.013, 0.039, 0.152, 0, 0.152, 0.146, 0.006
Node_Acti19_Acti49_0, 0.336, 0.045, 0.008, 0.078, 0.286, 0, 0.336, 0.17, 0.093
Node_Acti19_Acti8_0, 0.206, 0.008, 0.004, 0.049, 0.199, 0, 0.206, 0.144, 0.05
Node_Acti33_Acti35_0, 0.85, 0.002, 0.071, 0.151, 0.844, 0, 0.85, 0.824, 0.025
Node_Acti43_Acti36_0, 0.825, 0.002, 1.035, 0.339, 0.717, 0, 0.825, 0.755, 0.072
Node_Acti46_Acti41_0, 1.95, 0.003, 0.453, 0.326, 0.999, 0, 1.95, 1.945, 0.004
Node_Acti47_Acti45_0, 0.82, 0, 1.729, 0.214, 0.78, 0, 0.82, 0.782, 0.041
Node_Acti49_Acti15_0, 1.262, 0.166, 0.007, 0.282, 0.993, 0, 1.262, 0.448, 0.604
Node_Acti49_Acti32_0, 1.758, 0.002, 0.012, 0.125, 1, 0, 1.758, 1.705, 0.055
Node_Acti49_Acti38_0, 1.713, 0.327, 0.03, 0.363, 1, 0, 1.713, 0.912, 0.154
Node_Acti49_Acti40_0, 0.499, 0.015, 0.01, 0.061, 0.431, 0, 0.499, 0.323, 0.158
Node_Acti50_Acti10_0, 0.318, 0.02, 0.004, 0.084, 0.297, 0, 0.318, 0.172, 0.124
Node_Acti50_Acti14_0, 1.241, 0.226, 0.015, 0.575, 0.885, 0, 1.241, 0.523, 0.433
Node_Acti50_Acti18_0, 0.597, 0.081, 0.013, 0.195, 0.496, 0, 0.597, 0.29, 0.211
Node_Acti50_Acti19_0, 0.158, 0.001, 0.004, 0.034, 0.157, 0, 0.158, 0.043, 0.116
Node_Acti50_Acti20_0, 0.013, 0, 0.001, 0.005, 0.013, 0, 0.013, 0.003, 0.01
Node_Acti50_Acti28_0, 2.008, 0.04, 0.721, 0.194, 0.997, 0, 2.008, 1.765, 0.181
Node_Acti50_Acti39_0, 0.178, 0, 0.003, 0.041, 0.176, 0, 0.178, 0.155, 0.023
Node_Acti50_Acti43_0, 1.786, 0.371, 0.042, 0.726, 0.947, 0, 1.786, 0.897, 0.216
Node_Acti50_Acti46_0, 2.396, 0.067, 0.031, 0.372, 0.999, 0, 2.396, 1.735, 0.574
Node_Acti50_Acti47_0, 2.508, 0.011, 0.081, 0.222, 1, 0, 2.508, 2.458, 0.032
Node_Acti50_Acti51_0, 0.045, 0, 0.001, 0.02, 0.045, 0, 0.045, 0.013, 0.033
Node_Acti50_Acti52_0, 2.546, 0.106, 0.045, 0.181, 1, 0, 2.546, 2.253, 0.089
Node_Acti50_FirmF1_0, 0.004, 0, 0.005, 0.003, 0.004, 0.001, 0.004, 0.004, 0
Node_Acti51_Acti27_0, 0.001, 0, 0.006, 0.003, 0.001, 0, 0.001, 0, 0.003
Node_Acti51_Acti9_0, 0.004, 0, 0.041, 0.008, 0.004, 0, 0.004, 0.004, 0
Node_Acti52_Acti12_0, 1.505, 0.005, 0.755, 0.071, 0.997, 0, 1.505, 1.386, 0.115
Node_Acti52_Acti37_0, 2.14, 0.005, 0.452, 0.107, 0.996, 0, 2.14, 2.094, 0.041
Node_Acti52_Acti44_0, 1.006, 0, 0.504, 0.056, 0.991, 0, 1.006, 1.002, 0.005
Node_Acti8_Acti24_0, 0.003, 0, 0.009, 0.01, 0.003, 0, 0.003, 0.002, 0.005
Node_Acti8_Acti2_0, 0.024, 0, 0.185, 0.053, 0.024, 0, 0.024, 0.023, 0.003
Node_Acti8_Acti5_0, 0.007, 0, 0.019, 0.008, 0.007, 0, 0.007, 0.006, 0.002
Node_Acti9_Acti29_0, 0.001, 0, 0.004, 0.004, 0.001, 0, 0.001, 0, 0.004
Node_Acti9_Acti30_0, 0.001, 0, 0.004, 0.003, 0.001, 0, 0.001, 0.001, 0.001
Node_Aero1_NPL1_0, 0.005, 0, 0.022, 0.011, 0.005, 0, 0.005, 0.004, 0.001
Node_Aero1_UBA6X1_0, 0.106, 0.002, 0.107, 0.085, 0.105, 0, 0.106, 0.105, 0
Node_Aero1_UBA9X1_0, 0.026, 0, 0.081, 0.035, 0.026, 0, 0.026, 0.026, 0.001
Node_Aqui2_Aqui1_0, 0.002, 0, 0.009, 0.013, 0.002, 0, 0.002, 0.001, 0.007
Node_Aqui2_Aqui3_0, 0.017, 0.001, 0.056, 0.038, 0.017, 0, 0.017, 0.015, 0.001
Node_Aqui2_Aqui5_0, 0.004, 0, 0.011, 0.009, 0.004, 0, 0.004, 0.001, 0.006
Node_Aqui2_Aqui6_0, 0.009, 0, 0.01, 0.018, 0.009, 0, 0.009, 0.009, 0.002
Node_Aqui2_Camp1_0, 0.399, 0.004, 0.033, 0.117, 0.388, 0, 0.399, 0.389, 0.004
Node_Aqui2_Thers1_0, 0.071, 0, 0.329, 0.081, 0.07, 0, 0.071, 0.071, 0.001
Node_Aqui6_Aqui4_0, 0.006, 0, 0.009, 0.009, 0.006, 0, 0.006, 0.002, 0.006
Node_Arma12_Arma11_0, 0.001, 0, 0.002, 0.002, 0.001, 0, 0.001, 0, 0.001
Node_Arma12_Arma7_0, 0.006, 0, 0.009, 0.011, 0.006, 0, 0.006, 0, 0.014
Node_Arma15_Arma13_0, 0.006, 0, 0.199, 0.01, 0.006, 0, 0.006, 0.004, 0.006
Node_Arma4_Acti50_0, 0.008, 0, 0.005, 0.004, 0.008, 0.002, 0.008, 0.008, 0
Node_Arma4_Arma12_0, 0.002, 0, 0, 0, 0.002, 0, 0.002, 0, 0.002
Node_Arma4_Arma14_0, 0.003, 0, 0.004, 0.004, 0.003, 0, 0.003, 0, 0.005
Node_Arma4_Arma6_0, 0, 0, 0.001, 0, 0, 0, 0, 0, 0
Node_Arma4_CSP1X1_0, 0, 0, 0.004, 0.002, 0, 0, 0, 0, 0
Node_Arma4_Erem6_0, 0.001, 0, 0, 0, 0.001, 0, 0.001, 0, 0.001
Node_Arma4_Pate48_0, 0.004, 0, 0.004, 0.004, 0.004, 0, 0.004, 0.004, 0
Node_Arma4_UBP13X1_0, 0.001, 0, 0.002, 0.002, 0.001, 0, 0.001, 0, 0.002
Node_Arma6_Arma15_0, 0.199, 0.001, 0.003, 0.013, 0.199, 0, 0.199, 0.05, 0.151
Node_Arma6_Arma16_0, 0.006, 0, 0.001, 0.001, 0.006, 0, 0.006, 0.002, 0.004
Node_Arma6_Arma3_0, 0.003, 0, 0.002, 0.003, 0.003, 0, 0.003, 0, 0.005
Node_Arma6_Arma9_0, 0.05, 0, 0.005, 0.01, 0.05, 0, 0.05, 0.005, 0.049
Node_Aure2_Aure1_0, 0.005, 0, 0.033, 0.019, 0.005, 0, 0.005, 0.004, 0.002
Node_Bact1_Bact11_0, 0.002, 0, 0.005, 0.005, 0.002, 0, 0.002, 0.001, 0.003
Node_Bact1_Bact17_0, 0.004, 0, 0.006, 0.008, 0.004, 0, 0.004, 0, 0.008
Node_Bact20_Bact1_0, 0.002, 0, 0.003, 0.004, 0.002, 0, 0.002, 0, 0.005
Node_Bact20_Bact30_0, 0.002, 0, 0.006, 0.008, 0.002, 0, 0.002, 0, 0.006
Node_Bact21_Bact29_0, 1.052, 0.002, 0.345, 0.162, 1, 0, 1.052, 0.953, 0.102
Node_Bact21_Bact36_0, 1.293, 0.001, 0.248, 0.159, 0.957, 0, 1.293, 1.256, 0.036
Node_Bact21_Bact44_0, 1.504, 0.004, 0.021, 0.191, 0.966, 0, 1.504, 1.174, 0.326
Node_Bact22_Bact31_0, 0.004, 0, 0.017, 0.014, 0.004, 0, 0.004, 0.001, 0.008
Node_Bact22_Bact5_0, 0.013, 0.001, 0.103, 0.031, 0.013, 0, 0.013, 0.009, 0.004
Node_Bact23_Bact28_0, 0.234, 0.003, 0.01, 0.049, 0.233, 0, 0.234, 0.061, 0.176
Node_Bact23_Bact34_0, 0.065, 0, 0.003, 0.019, 0.065, 0, 0.065, 0.017, 0.051
Node_Bact23_Bact4_0, 0.017, 0, 0, 0.003, 0.017, 0, 0.017, 0.01, 0.007
Node_Bact24_Bact23_0, 0.01, 0, 0.004, 0.007, 0.01, 0, 0.01, 0.002, 0.01
Node_Bact24_Bact25_0, 0.001, 0, 0.01, 0.005, 0.001, 0, 0.001, 0.001, 0.001
Node_Bact24_Bact3_0, 0.004, 0, 0.009, 0.009, 0.004, 0, 0.004, 0.001, 0.005
Node_Bact24_Bact7_0, 0.008, 0, 0.028, 0.01, 0.008, 0, 0.008, 0.006, 0.002
Node_Bact25_Bact20_0, 0, 0, 0.004, 0.004, 0, 0, 0, 0, 0.004
Node_Bact25_Bact2_0, 0, 0, 0.003, 0.005, 0, 0, 0, 0, 0.002
Node_Bact27_Bact19_0, 1.087, 0.005, 0.149, 0.237, 0.925, 0, 1.087, 1.049, 0.036
Node_Bact27_Bact21_0, 1.195, 0.033, 0.013, 0.503, 0.923, 0, 1.195, 0.361, 0.801
Node_Bact27_Bact22_0, 0.111, 0.003, 0.005, 0.056, 0.109, 0, 0.111, 0.031, 0.079
Node_Bact27_Bact24_0, 0.034, 0, 0.002, 0.016, 0.034, 0, 0.034, 0.012, 0.023
Node_Bact27_Bact35_0, 0.624, 0.017, 0.535, 0.411, 0.587, 0, 0.624, 0.549, 0.055
Node_Bact27_Bact37_0, 0.374, 0.007, 0.005, 0.165, 0.353, 0, 0.374, 0.109, 0.261
Node_Bact27_Bact40_0, 1.061, 0.283, 0.065, 0.386, 0.755, 0, 1.061, 0.354, 0.219
Node_Bact27_Mari3_0, 0.013, 0, 0.002, 0.01, 0.013, 0, 0.013, 0.005, 0.008
Node_Bact29_Bact9_0, 1.005, 0, 0.05, 0.038, 0.998, 0, 1.005, 1.005, 0.003
Node_Bact30_Bact32_0, 0.001, 0, 0.007, 0.007, 0.001, 0, 0.001, 0.001, 0.006
Node_Bact31_Bact38_0, 0.002, 0, 0.009, 0.008, 0.002, 0, 0.002, 0, 0.007
Node_Bact33_Bact10_0, 0.005, 0, 0.014, 0.01, 0.005, 0, 0.005, 0.001, 0.008
Node_Bact33_Bact39_0, 0.001, 0, 0.007, 0.006, 0.001, 0, 0.001, 0.001, 0.003
Node_Bact33_Bact6_0, 0.011, 0, 0.056, 0.037, 0.011, 0, 0.011, 0.008, 0.006
Node_Bact36_Bact43_0, 0.464, 0, 0.935, 0.132, 0.459, 0, 0.464, 0.364, 0.106
Node_Bact37_Bact33_0, 0.061, 0, 0.317, 0.12, 0.061, 0, 0.061, 0.059, 0.004
Node_Bact37_Bact42_0, 0.007, 0, 0.058, 0.037, 0.007, 0, 0.007, 0.007, 0.004
Node_Bact3_Bact12_0, 0.001, 0, 0.004, 0.001, 0.001, 0, 0.001, 0.001, 0.001
Node_Bact3_Bact13_0, 0, 0, 0.006, 0.007, 0, 0, 0, 0, 0.003
Node_Bact3_Bact14_0, 0.002, 0, 0.005, 0.006, 0.002, 0, 0.002, 0, 0.007
Node_Bact3_Bact18_0, 0.003, 0, 0.002, 0.002, 0.003, 0, 0.003, 0.001, 0.004
Node_Bact40_Bact41_0, 1.357, 0.005, 0.023, 0.133, 1, 0, 1.357, 1.043, 0.314
Node_Bact5_Bact16_0, 0.005, 0, 0.013, 0.007, 0.005, 0, 0.005, 0.003, 0.005
Node_Bact7_Bact8_0, 0.001, 0, 0.012, 0.009, 0.001, 0, 0.001, 0, 0.005
Node_Bdell12_Bdell3_0, 1.009, 0.006, 0.028, 0.374, 1, 0, 1.009, 0.284, 0.727
Node_Bdell13_Bdell12_0, 0.304, 0.004, 0.108, 0.159, 0.299, 0, 0.304, 0.134, 0.168
Node_Bdell14_Bdell11_0, 0.002, 0, 0.005, 0.005, 0.002, 0, 0.002, 0.001, 0.002
Node_Bdell14_Bdell4_0, 0.002, 0, 0.009, 0.009, 0.002, 0, 0.002, 0, 0.009
Node_Bdell15_Bdell14_0, 0.005, 0, 0.012, 0.008, 0.005, 0, 0.005, 0.004, 0.001
Node_Bdell15_Bdell7_0, 0.004, 0, 0.009, 0.007, 0.004, 0, 0.004, 0.001, 0.008
Node_Bdell15_Bdell9_0, 0.002, 0, 0.005, 0.006, 0.002, 0, 0.002, 0.001, 0.003
Node_Bdell17_Bdell15_0, 0.016, 0, 0.036, 0.035, 0.016, 0, 0.016, 0.015, 0.002
Node_Bdell17_Bdell16_0, 0.003, 0, 0.021, 0.016, 0.003, 0, 0.003, 0.001, 0.008
Node_Bdell2_Bdell10_0, 0.007, 0, 0.01, 0.01, 0.007, 0, 0.007, 0.006, 0.003
Node_Bdell6_Bdell17_0, 0.05, 0, 0.224, 0.059, 0.05, 0, 0.05, 0.049, 0.001
Node_Bdell6_Bdell2_0, 0.014, 0.001, 0.038, 0.032, 0.013, 0, 0.014, 0.011, 0.001
Node_Bdell6_UBA1X6_0, 0.273, 0, 0.075, 0.062, 0.273, 0, 0.273, 0.266, 0.007
Node_Bdell7_Bdell5_0, 0.002, 0, 0.003, 0.004, 0.002, 0, 0.002, 0.002, 0.001
Node_BdellC1_BdellC2_0, 0.008, 0, 0.021, 0.01, 0.008, 0, 0.008, 0.008, 0.005
Node_Bipo1_Bipo2_0, 0.001, 0, 0.006, 0.006, 0.001, 0, 0.001, 0.001, 0.004
Node_Bipo1_Therg8_0, 0.003, 0, 0.005, 0.005, 0.003, 0, 0.003, 0.002, 0.003
Node_CG294X1_CG267X1_0, 0.01, 0, 0.041, 0.031, 0.01, 0, 0.01, 0.01, 0
Node_Calda2_Calda1_0, 0.001, 0, 0.005, 0.003, 0.001, 0, 0.001, 0, 0.003
Node_Caldit2_Caldit1_0, 0, 0, 0.01, 0.01, 0, 0, 0, 0, 0.006
Node_Caldit2_Caldit3_0, 0.004, 0, 0.001, 0.002, 0.004, 0, 0.004, 0.001, 0.004
Node_Camp14_Camp15_0, 0.825, 0, 0.062, 0.056, 0.814, 0, 0.825, 0.793, 0.035
Node_Camp1_Camp2_0, 1.071, 0.034, 0.006, 0.19, 0.947, 0, 1.071, 0.474, 0.553
Node_Camp1_Camp3_0, 0.961, 0.001, 0.128, 0.168, 0.947, 0, 0.961, 0.947, 0.017
Node_Camp1_Camp9_0, 0.49, 0.005, 0.005, 0.093, 0.472, 0, 0.49, 0.397, 0.086
Node_Camp1_UBP6X1_0, 0.404, 0.001, 0.013, 0.081, 0.396, 0, 0.404, 0.386, 0.017
Node_Camp2_Camp11_0, 1.292, 0.055, 0.031, 0.736, 0.96, 0, 1.292, 0.995, 0.197
Node_Camp2_Camp13_0, 0.976, 0, 0.737, 0.154, 0.94, 0, 0.976, 0.967, 0.012
Node_Camp2_Camp4_0, 1.701, 0.008, 0.027, 0.224, 0.996, 0, 1.701, 1.404, 0.285
Node_Camp2_Camp5_0, 1.433, 0.291, 0.24, 0.273, 0.982, 0, 1.433, 0.813, 0.09
Node_Camp2_Camp7_0, 1.435, 0.022, 0.141, 0.11, 0.991, 0, 1.435, 1.28, 0.121
Node_Camp4_Camp16_0, 1.748, 0.001, 0.023, 0.161, 0.998, 0, 1.748, 1.682, 0.069
Node_Camp5_Camp10_0, 1.382, 0.164, 0.008, 0.357, 0.942, 0, 1.382, 0.97, 0.089
Node_Camp5_Camp12_0, 1.137, 0.076, 0.393, 0.209, 0.934, 0, 1.137, 0.968, 0.021
Node_Camp7_Camp14_0, 0.852, 0, 0.597, 0.174, 0.799, 0, 0.852, 0.842, 0.014
Node_Camp9_Camp6_0, 0.033, 0, 0.462, 0.13, 0.033, 0, 0.033, 0.033, 0.005
Node_Chlo12_Chlo24_0, 0.002, 0, 0.004, 0.004, 0.002, 0, 0.002, 0.001, 0.002
Node_Chlo26_Chlo11_0, 0, 0, 0.006, 0.005, 0, 0, 0, 0, 0.005
Node_Chlo26_Chlo9_0, 0.001, 0, 0.005, 0.005, 0.001, 0, 0.001, 0, 0.004
Node_Chlo30_Chlo20_0, 0.002, 0, 0.002, 0.003, 0.002, 0, 0.002, 0.002, 0.001
Node_Chlo30_Chlo23_0, 0.003, 0, 0, 0, 0.003, 0, 0.003, 0.001, 0.002
Node_Chlo30_Chlo36_0, 0.001, 0, 0.001, 0.001, 0.001, 0, 0.001, 0, 0.001
Node_Chlo30_Chlo37_0, 0.002, 0, 0.004, 0.005, 0.002, 0, 0.002, 0.001, 0.004
Node_Chlo30_Chlo38_0, 0.002, 0, 0.002, 0.004, 0.002, 0, 0.002, 0, 0.003
Node_Chlo30_Chlo41_0, 0.007, 0, 0.002, 0.007, 0.007, 0, 0.007, 0.001, 0.007
Node_Chlo30_Chlo43_0, 0.002, 0, 0.007, 0.006, 0.002, 0, 0.002, 0.002, 0.002
Node_Chlo30_Chlo6_0, 0.001, 0, 0.003, 0.001, 0.001, 0, 0.001, 0, 0.002
Node_Chlo30_Dorm2_0, 0.001, 0, 0.002, 0.001, 0.001, 0, 0.001, 0, 0.001
Node_Chlo31_Chlo25_0, 0.002, 0, 0.008, 0.009, 0.002, 0, 0.002, 0, 0.007
Node_Chlo35_Chlo21_0, 0.001, 0, 0.004, 0.003, 0.001, 0, 0.001, 0.001, 0.001
Node_Chlo36_Chlo13_0, 0.002, 0, 0.001, 0.001, 0.002, 0, 0.002, 0, 0.003
Node_Chlo36_Chlo14_0, 0, 0, 0.006, 0.005, 0, 0, 0, 0, 0.004
Node_Chlo36_Chlo28_0, 0.002, 0, 0.002, 0.002, 0.002, 0, 0.002, 0, 0.004
Node_Chlo36_Chlo33_0, 0, 0, 0.001, 0.001, 0, 0, 0, 0, 0
Node_Chlo36_Chlo40_0, 0, 0, 0.01, 0.012, 0, 0, 0, 0, 0.008
Node_Chlo36_Chlo8_0, 0.001, 0, 0, 0, 0.001, 0, 0.001, 0.001, 0
Node_Chlo38_Chlo19_0, 0.001, 0, 0.009, 0.008, 0.001, 0, 0.001, 0, 0.007
Node_Chlo38_Chlo31_0, 0.003, 0, 0.001, 0.001, 0.003, 0, 0.003, 0.001, 0.002
Node_Chlo41_Chlo29_0, 0.043, 0.001, 0.007, 0.026, 0.042, 0, 0.043, 0.017, 0.03
Node_Chlo41_Chlo32_0, 0.118, 0.001, 0.004, 0.049, 0.117, 0, 0.118, 0.04, 0.078
Node_Chlo41_Chlo39_0, 0.004, 0, 0.008, 0.01, 0.004, 0, 0.004, 0, 0.01
Node_Chlo41_Chlo44_0, 0.017, 0, 0.104, 0.027, 0.017, 0, 0.017, 0.016, 0.003
Node_Chlo41_Chlo4_0, 0.019, 0.001, 0.003, 0.011, 0.019, 0, 0.019, 0.006, 0.014
Node_Chlo41_Chlo7_0, 0.002, 0, 0.019, 0.011, 0.002, 0, 0.002, 0.001, 0.004
Node_Chlo42_Chlo34_0, 0.002, 0, 0.002, 0.002, 0.002, 0, 0.002, 0, 0.003
Node_Chlo43_Chlo42_0, 0.001, 0, 0.003, 0.003, 0.001, 0, 0.001, 0, 0.003
Node_Chlo43_Chlo45_0, 0.001, 0, 0.004, 0.005, 0.001, 0, 0.001, 0.001, 0.003
Node_Chlo43_Chlo47_0, 0.001, 0, 0.001, 0, 0.001, 0, 0.001, 0, 0.001
Node_Chlo44_Chlo17_0, 0.001, 0, 0.011, 0.008, 0.001, 0, 0.001, 0, 0.006
Node_Chlo44_Chlo22_0, 0.006, 0, 0.014, 0.008, 0.006, 0, 0.006, 0.003, 0.003
Node_Chlo45_Chlo27_0, 0, 0, 0.004, 0.005, 0, 0, 0, 0, 0.003
Node_Chlo45_Chlo46_0, 0.001, 0, 0.001, 0.001, 0.001, 0, 0.001, 0, 0.002
Node_Chlo47_Chlo48_0, 0.004, 0, 0.005, 0.006, 0.004, 0, 0.004, 0, 0.008
Node_Chlo48_Chlo10_0, 0.002, 0, 0.005, 0.006, 0.002, 0, 0.002, 0.002, 0.003
Node_Chlo4_Chlo12_0, 0.004, 0, 0.017, 0.005, 0.004, 0, 0.004, 0.003, 0.002
Node_Chlo4_Chlo35_0, 0.004, 0, 0.002, 0.002, 0.004, 0, 0.004, 0.003, 0.002
Node_Chlo5_Chlo16_0, 0.001, 0, 0.005, 0.005, 0.001, 0, 0.001, 0, 0.006
Node_Chlo6_Chlo18_0, 0.003, 0, 0.006, 0.005, 0.003, 0, 0.003, 0.001, 0.007
Node_Chlo6_Chlo26_0, 0.002, 0, 0.002, 0.001, 0.002, 0, 0.002, 0, 0.003
Node_Chlo7_Chlo15_0, 0.003, 0, 0.008, 0.007, 0.003, 0, 0.003, 0, 0.009
Node_Chry1_Aqui2_0, 0.424, 0.013, 0.122, 0.244, 0.409, 0, 0.424, 0.397, 0.004
Node_Chry1_Defe3_0, 0.174, 0.002, 0.258, 0.305, 0.173, 0, 0.174, 0.167, 0.006
Node_Cyan10_Cyan35_0, 0.002, 0.001, 0.003, 0.003, 0.001, 0, 0.002, 0, 0.003
Node_Cyan10_Cyan45_0, 0.001, 0, 0.003, 0.003, 0.001, 0, 0.001, 0, 0.002
Node_Cyan10_Cyan46_0, 0.001, 0, 0.004, 0.005, 0.001, 0, 0.001, 0.001, 0.002
Node_Cyan11_Cyan26_0, 0.002, 0, 0.004, 0.005, 0.002, 0, 0.002, 0.001, 0.002
Node_Cyan12_Cyan13_0, 0.002, 0, 0.007, 0.008, 0.002, 0, 0.002, 0, 0.009
Node_Cyan13_Cyan18_0, 0, 0, 0.006, 0.007, 0, 0, 0, 0, 0.004
Node_Cyan14_Cyan15_0, 0.005, 0, 0.008, 0.006, 0.005, 0, 0.005, 0, 0.01
Node_Cyan14_Cyan16_0, 0.003, 0, 0.007, 0.008, 0.003, 0, 0.003, 0, 0.006
Node_Cyan14_Cyan23_0, 0.004, 0, 0.004, 0.005, 0.004, 0, 0.004, 0.002, 0.005
Node_Cyan16_Cyan29_0, 0.002, 0, 0.004, 0.003, 0.002, 0, 0.002, 0, 0.003
Node_Cyan19_Cyan22_0, 0.001, 0, 0.002, 0.004, 0.001, 0, 0.001, 0, 0.002
Node_Cyan19_Cyan47_0, 0, 0, 0.001, 0, 0, 0, 0, 0, 0
Node_Cyan28_chloroArabidopsis_0, 0.001, 0, 0, 0, 0.001, 0, 0.001, 0, 0.001
Node_Cyan2_Cyan1_0, 0.001, 0, 0.004, 0.006, 0.001, 0, 0.001, 0, 0.004
Node_Cyan31_Cyan34_0, 0.001, 0, 0.006, 0.003, 0.001, 0, 0.001, 0, 0.002
Node_Cyan33_Cyan21_0, 0.001, 0, 0.005, 0.004, 0.001, 0, 0.001, 0.001, 0.001
Node_Cyan38_Cyan28_0, 0, 0, 0.001, 0.002, 0, 0, 0, 0, 0.001
Node_Cyan40_Arma4_0, 0.011, 0, 0.025, 0.02, 0.011, 0, 0.011, 0.011, 0
Node_Cyan40_Cyan10_0, 0.003, 0, 0.002, 0.003, 0.003, 0, 0.003, 0, 0.003
Node_Cyan40_Cyan11_0, 0.004, 0, 0.004, 0.01, 0.004, 0, 0.004, 0.001, 0.005
Node_Cyan40_Cyan14_0, 0.003, 0, 0.003, 0.002, 0.003, 0, 0.003, 0, 0.005
Node_Cyan40_Cyan19_0, 0.001, 0, 0.003, 0.003, 0.001, 0, 0.001, 0, 0.003
Node_Cyan40_Cyan20_0, 0.001, 0, 0, 0, 0.001, 0, 0.001, 0, 0.001
Node_Cyan40_Cyan24_0, 0.002, 0, 0.006, 0.007, 0.002, 0, 0.002, 0, 0.005
Node_Cyan40_Cyan25_0, 0.003, 0, 0.008, 0.005, 0.003, 0, 0.003, 0, 0.008
Node_Cyan40_Cyan27_0, 0, 0, 0.006, 0.003, 0, 0, 0, 0, 0.002
Node_Cyan40_Cyan2_0, 0.001, 0, 0, 0, 0.001, 0, 0.001, 0.001, 0
Node_Cyan40_Cyan36_0, 0.001, 0, 0.001, 0.001, 0.001, 0, 0.001, 0, 0.002
Node_Cyan40_Cyan37_0, 0.001, 0, 0, 0, 0.001, 0, 0.001, 0.001, 0
Node_Cyan40_Cyan38_0, 0, 0, 0.002, 0.002, 0, 0, 0, 0, 0.001
Node_Cyan40_Cyan42_0, 0.001, 0, 0, 0, 0.001, 0, 0.001, 0.001, 0
Node_Cyan40_Cyan7_0, 0, 0, 0.001, 0.002, 0, 0, 0, 0, 0
Node_Cyan40_Marg1_0, 0.001, 0, 0, 0, 0.001, 0, 0.001, 0.001, 0
Node_Cyan40_Therd1_0, 0.001, 0, 0.011, 0.005, 0.001, 0, 0.001, 0.001, 0.001
Node_Cyan42_Cyan3_0, 0.001, 0, 0.002, 0.001, 0.001, 0, 0.001, 0, 0.002
Node_Cyan46_Cyan30_0, 0.001, 0, 0.001, 0.001, 0.001, 0, 0.001, 0.001, 0.001
Node_Cyan46_Cyan31_0, 0.005, 0, 0.005, 0.004, 0.005, 0, 0.005, 0, 0.009
Node_Cyan46_Cyan32_0, 0.001, 0, 0.006, 0.006, 0.001, 0, 0.001, 0.001, 0.002
Node_Cyan46_Cyan33_0, 0.005, 0, 0.006, 0.008, 0.005, 0, 0.005, 0.002, 0.006
Node_Cyan46_Cyan41_0, 0.005, 0, 0.008, 0.008, 0.005, 0, 0.005, 0.002, 0.008
Node_Cyan47_Cyan43_0, 0.001, 0, 0.003, 0.003, 0.001, 0, 0.001, 0, 0.004
Node_Cyan47_Cyan44_0, 0.004, 0, 0.005, 0.005, 0.004, 0, 0.004, 0.001, 0.008
Node_Cyan4_Cyan8_0, 0.001, 0, 0.006, 0.01, 0.001, 0, 0.001, 0, 0.005
Node_Cyan4_Cyan9_0, 0.005, 0, 0.004, 0.005, 0.005, 0, 0.005, 0.001, 0.008
Node_Cyan7_Cyan12_0, 0, 0, 0.003, 0.001, 0, 0, 0, 0, 0.001
Node_Cyan7_Cyan4_0, 0.002, 0, 0.003, 0.003, 0.002, 0, 0.002, 0, 0.005
Node_DTU0X1_SLNR1_0, 0.001, 0, 0, 0, 0.001, 0, 0.001, 0.001, 0
Node_Defe3_Defe1_0, 0.026, 0, 0.151, 0.079, 0.026, 0, 0.026, 0.026, 0.003
Node_Defe3_Defe2_0, 0.005, 0, 0.031, 0.018, 0.005, 0, 0.005, 0.004, 0.01
Node_Dein4_Dein2_0, 0.001, 0, 0.007, 0.004, 0.001, 0, 0.001, 0, 0.005
Node_Dein4_Dein6_0, 0.004, 0, 0.006, 0.006, 0.004, 0, 0.004, 0, 0.009
Node_Dein5_Bipo1_0, 0.005, 0, 0.008, 0.005, 0.005, 0, 0.005, 0.004, 0.001
Node_Dein5_Dein1_0, 0.001, 0, 0.006, 0.005, 0.001, 0, 0.001, 0, 0.004
Node_Dein5_Dein4_0, 0.003, 0, 0.007, 0.007, 0.003, 0, 0.003, 0, 0.005
Node_Dein5_Dein7_0, 0.003, 0, 0.006, 0.009, 0.003, 0, 0.003, 0.001, 0.006
Node_Dein7_Dein3_0, 0.002, 0, 0.008, 0.009, 0.002, 0, 0.002, 0, 0.007
Node_DesuB1_DesuB2_0, 0.002, 0, 0.012, 0.007, 0.002, 0, 0.002, 0.002, 0.003
Node_DesuB4_BdellC1_0, 0.024, 0, 0.041, 0.038, 0.024, 0, 0.024, 0.024, 0
Node_DesuB4_DesuB1_0, 0.011, 0.001, 0.018, 0.012, 0.011, 0, 0.011, 0.008, 0.004
Node_DesuB4_DesuB3_0, 0.004, 0, 0.009, 0.005, 0.004, 0, 0.004, 0.002, 0.002
Node_DesuB4_Desua5_0, 0.065, 0, 0.376, 0.114, 0.065, 0, 0.065, 0.065, 0
Node_DesuB4_Myxo10_0, 0.441, 0.001, 0.315, 0.204, 0.435, 0, 0.441, 0.44, 0
Node_DesuC2_DesuC1_0, 0.226, 0, 0.445, 0.274, 0.219, 0, 0.226, 0.099, 0.133
Node_DesuC2_Desua47_0, 0.538, 0.01, 0.158, 0.386, 0.53, 0, 0.538, 0.516, 0.01
Node_DesuD2_DesuD1_0, 0.092, 0, 0.884, 0.179, 0.092, 0, 0.092, 0.087, 0.013
Node_Desua11_Desua27_0, 0.004, 0, 0.007, 0.007, 0.004, 0, 0.004, 0.001, 0.007
Node_Desua16_Desua15_0, 0.367, 0.001, 0.036, 0.103, 0.366, 0, 0.367, 0.173, 0.199
Node_Desua16_Desua20_0, 1.07, 0.01, 0.029, 0.554, 0.996, 0, 1.07, 1.053, 0.005
Node_Desua16_Desua24_0, 0.203, 0, 0.158, 0.106, 0.199, 0, 0.203, 0.158, 0.05
Node_Desua16_Desua6_0, 1.084, 0.089, 0.026, 0.458, 0.999, 0, 1.084, 0.91, 0.013
Node_Desua16_Desua9_0, 0.311, 0, 0.775, 0.295, 0.298, 0, 0.311, 0.298, 0.016
Node_Desua1_Desua34_0, 0.003, 0, 0.008, 0.007, 0.003, 0, 0.003, 0.002, 0.006
Node_Desua1_Desua3_0, 0.005, 0, 0.019, 0.01, 0.005, 0, 0.005, 0.003, 0.003
Node_Desua1_Desua43_0, 0.021, 0, 0.046, 0.026, 0.021, 0, 0.021, 0.019, 0.002
Node_Desua22_Desua10_0, 0.004, 0, 0.009, 0.011, 0.004, 0, 0.004, 0.002, 0.003
Node_Desua22_Desua13_0, 0.01, 0, 0.051, 0.039, 0.01, 0, 0.01, 0.009, 0.003
Node_Desua22_Desua14_0, 0.003, 0, 0.006, 0.005, 0.003, 0, 0.003, 0.002, 0.005
Node_Desua22_Desua16_0, 1.008, 0.012, 0.038, 0.569, 0.993, 0, 1.008, 0.988, 0.002
Node_Desua22_Desua23_0, 0.004, 0, 0.008, 0.012, 0.004, 0, 0.004, 0.001, 0.009
Node_Desua22_Desua26_0, 0.058, 0, 0.204, 0.1, 0.058, 0, 0.058, 0.057, 0.003
Node_Desua22_Desua4_0, 0.259, 0.001, 0.752, 0.413, 0.257, 0, 0.259, 0.257, 0.002
Node_Desua26_Desua30_0, 0.003, 0, 0.055, 0.021, 0.003, 0, 0.003, 0.003, 0
Node_Desua28_Desua35_0, 1.006, 0.004, 0.01, 0.173, 1, 0, 1.006, 0.958, 0.048
Node_Desua2_Desua8_0, 0.247, 0.002, 0.751, 0.425, 0.245, 0, 0.247, 0.243, 0.006
Node_Desua36_Desua38_0, 0.003, 0, 0.005, 0.009, 0.003, 0, 0.003, 0, 0.007
Node_Desua36_Desua39_0, 0.001, 0, 0.004, 0.004, 0.001, 0, 0.001, 0.001, 0.003
Node_Desua40_Desua31_0, 0, 0, 0.008, 0.008, 0, 0, 0, 0, 0.005
Node_Desua42_Desua11_0, 0.004, 0, 0.008, 0.01, 0.004, 0, 0.004, 0, 0.01
Node_Desua42_Desua12_0, 0.002, 0, 0.003, 0.006, 0.002, 0, 0.002, 0.001, 0.004
Node_Desua43_Desua50_0, 0.001, 0, 0.004, 0.006, 0.001, 0, 0.001, 0, 0.001
Node_Desua43_Desua52_0, 0.001, 0, 0.005, 0.009, 0.001, 0, 0.001, 0, 0.005
Node_Desua43_Desua54_0, 0.004, 0, 0.021, 0.015, 0.004, 0, 0.004, 0.002, 0.004
Node_Desua44_Desua36_0, 0.002, 0, 0.003, 0.003, 0.002, 0, 0.002, 0.001, 0.001
Node_Desua46_Desua25_0, 0.001, 0, 0.006, 0.007, 0.001, 0, 0.001, 0.001, 0.006
Node_Desua47_Desua29_0, 0.006, 0, 0.019, 0.025, 0.006, 0, 0.006, 0.003, 0.006
Node_Desua47_Desua37_0, 0.079, 0.001, 0.492, 0.199, 0.078, 0, 0.079, 0.074, 0.006
Node_Desua47_Desua41_0, 0.019, 0, 0.067, 0.054, 0.019, 0, 0.019, 0.017, 0.007
Node_Desua47_Desua53_0, 0.564, 0.005, 0.065, 0.43, 0.56, 0, 0.564, 0.474, 0.086
Node_Desua48_Desua33_0, 0.004, 0, 0.005, 0.005, 0.004, 0, 0.004, 0, 0.008
Node_Desua48_Desua40_0, 0.003, 0, 0.014, 0.006, 0.003, 0, 0.003, 0.002, 0.001
Node_Desua48_Desua42_0, 0.001, 0, 0.004, 0.001, 0.001, 0, 0.001, 0, 0.002
Node_Desua48_Desua46_0, 0.001, 0, 0.002, 0.001, 0.001, 0, 0.001, 0, 0.002
Node_Desua49_Desua21_0, 0.001, 0, 0.009, 0.008, 0.001, 0, 0.001, 0.001, 0.006
Node_Desua49_Desua32_0, 0.003, 0, 0.005, 0.005, 0.003, 0, 0.003, 0.002, 0.003
Node_Desua49_Desua44_0, 0.004, 0, 0.003, 0.003, 0.004, 0, 0.004, 0.001, 0.004
Node_Desua4_Desua1_0, 0.065, 0, 0.197, 0.107, 0.065, 0, 0.065, 0.063, 0.003
Node_Desua4_Desua48_0, 0.016, 0, 0.052, 0.022, 0.016, 0, 0.016, 0.015, 0.003
Node_Desua4_Desua49_0, 0.005, 0, 0.011, 0.007, 0.005, 0, 0.005, 0.005, 0
Node_Desua53_Desua51_0, 1.007, 0.004, 0.015, 0.296, 0.999, 0, 1.007, 0.552, 0.454
Node_Desua6_Desua19_0, 1.013, 0.009, 0.031, 0.236, 0.999, 0, 1.013, 0.956, 0.045
Node_Desua6_Desua2_0, 0.99, 0.004, 0.105, 0.273, 0.967, 0, 0.99, 0.977, 0.007
Node_Desua6_Desua7_0, 1.005, 0, 0.017, 0.014, 0.997, 0, 1.005, 1.001, 0.009
Node_Desua9_Desua17_0, 0.006, 0, 0.028, 0.014, 0.006, 0, 0.006, 0.005, 0.002
Node_Desua9_Desua18_0, 0.032, 0, 0.283, 0.094, 0.031, 0, 0.032, 0.031, 0.004
Node_Dorm2_Dorm1_0, 0.005, 0, 0.007, 0.007, 0.005, 0, 0.005, 0.001, 0.007
Node_Dorm2_Dorm3_0, 0.001, 0, 0.002, 0.001, 0.001, 0, 0.001, 0, 0.002
Node_Dorm2_Dorm4_0, 0, 0, 0.008, 0.007, 0, 0, 0, 0, 0.007
Node_Dorm2_Dorm5_0, 0.005, 0, 0.003, 0.005, 0.005, 0, 0.005, 0, 0.008
Node_Eise2_Eise1_0, 0.002, 0, 0.008, 0.012, 0.002, 0, 0.002, 0, 0.009
Node_Eise4_Eise2_0, 0.001, 0, 0.002, 0.002, 0.001, 0, 0.001, 0.001, 0.002
Node_Eise4_Eise3_0, 0, 0, 0.003, 0.003, 0, 0, 0, 0, 0.002
Node_Elus1_Elus2_0, 0.005, 0, 0.001, 0.005, 0.005, 0, 0.005, 0.004, 0.002
Node_Elus2_Elus3_0, 0.002, 0, 0.003, 0.002, 0.002, 0, 0.002, 0.002, 0
Node_Elus2_Elus5_0, 0.002, 0, 0.001, 0.001, 0.002, 0, 0.002, 0.001, 0.001
Node_Elus3_Elus4_0, 0.002, 0, 0.001, 0.001, 0.002, 0, 0.002, 0, 0.003
Node_Elus3_Elus6_0, 0.002, 0, 0.001, 0.001, 0.002, 0, 0.002, 0.001, 0.001
Node_Elus3_Elus7_0, 0, 0, 0.004, 0.002, 0, 0, 0, 0, 0.002
Node_Elus3_Elus9_0, 0.002, 0, 0.006, 0.007, 0.002, 0, 0.002, 0, 0.006
Node_Elus6_Elus8_0, 0.003, 0, 0.001, 0.002, 0.003, 0, 0.003, 0.002, 0.002
Node_Elus9_Elus10_0, 0.001, 0, 0.005, 0.004, 0.001, 0, 0.001, 0, 0.004
Node_Erem4_Erem5_0, 0, 0, 0.006, 0.007, 0, 0, 0, 0, 0.006
Node_Erem6_Erem2_0, 0, 0, 0.001, 0.001, 0, 0, 0, 0, 0
Node_Erem6_Erem3_0, 0.001, 0, 0.003, 0.003, 0.001, 0, 0.001, 0, 0.004
Node_Erem6_Erem4_0, 0, 0, 0.008, 0.009, 0, 0, 0, 0, 0.007
Node_FCPU1_FCPU2_0, 0.248, 0, 0.006, 0.019, 0.247, 0, 0.248, 0.086, 0.168
Node_Ferm1_Eise4_0, 0.001, 0, 0.003, 0.004, 0.001, 0, 0.001, 0, 0.002
Node_Ferm1_GemmA1_0, 0, 0, 0.001, 0, 0, 0, 0, 0, 0
Node_Ferm1_Krum1_0, 0.001, 0, 0.001, 0.002, 0.001, 0, 0.001, 0, 0.002
Node_Fibr4_Fibr2_0, 0.003, 0, 0.006, 0.004, 0.003, 0, 0.003, 0.002, 0.005
Node_Fibr4_Fibr3_0, 0.01, 0, 0.006, 0.007, 0.01, 0, 0.01, 0.003, 0.009
Node_Fibr4_Fibr5_0, 0.039, 0, 0.001, 0.011, 0.039, 0, 0.039, 0.01, 0.03
Node_Fibr4_Fibr6_0, 0.004, 0, 0.036, 0.01, 0.004, 0, 0.004, 0.004, 0.001
Node_Fibr5_Fibr1_0, 0.153, 0.002, 0.008, 0.064, 0.153, 0, 0.153, 0.036, 0.12
Node_FirmA102_FirmA76_0, 0.253, 0.004, 0.007, 0.101, 0.251, 0, 0.253, 0.068, 0.184
Node_FirmA104_FirmA78_0, 0.001, 0, 0.001, 0.004, 0.001, 0, 0.001, 0, 0.001
Node_FirmA106_FirmA114_0, 0.001, 0, 0.004, 0.004, 0.001, 0, 0.001, 0, 0.003
Node_FirmA109_FirmA77_0, 0.003, 0, 0.01, 0.008, 0.003, 0, 0.003, 0, 0.006
Node_FirmA109_FirmA95_0, 0.001, 0, 0.008, 0.01, 0.001, 0, 0.001, 0, 0.006
Node_FirmA114_FirmA98_0, 0.001, 0, 0.006, 0.007, 0.001, 0, 0.001, 0, 0.006
Node_FirmA11_FirmA67_0, 0.001, 0, 0.004, 0, 0.001, 0, 0.001, 0, 0.001
Node_FirmA12_FirmA93_0, 0.001, 0, 0.006, 0.009, 0.001, 0, 0.001, 0, 0.006
Node_FirmA14_FirmA113_0, 0.001, 0, 0.008, 0.005, 0.001, 0, 0.001, 0, 0.002
Node_FirmA18_FirmA103_0, 0.002, 0, 0.007, 0.008, 0.002, 0, 0.002, 0.001, 0.004
Node_FirmA20_FirmA100_0, 0.003, 0, 0.007, 0.007, 0.003, 0, 0.003, 0.001, 0.007
Node_FirmA20_FirmA24_0, 0.003, 0, 0.008, 0.005, 0.003, 0, 0.003, 0.001, 0.004
Node_FirmA20_FirmA25_0, 0.004, 0, 0.002, 0.002, 0.004, 0, 0.004, 0.002, 0.003
Node_FirmA20_FirmA38_0, 0.003, 0, 0.004, 0.002, 0.003, 0, 0.003, 0, 0.004
Node_FirmA20_FirmA52_0, 0.003, 0, 0.006, 0.004, 0.003, 0, 0.003, 0.001, 0.005
Node_FirmA21_FirmA108_0, 0.002, 0, 0.007, 0.006, 0.002, 0, 0.002, 0.001, 0.006
Node_FirmA21_FirmA47_0, 0.002, 0, 0.002, 0.003, 0.002, 0, 0.002, 0.001, 0.002
Node_FirmA21_FirmA88_0, 0.003, 0, 0.026, 0.013, 0.003, 0, 0.003, 0.002, 0.003
Node_FirmA24_FirmA1_0, 0.001, 0, 0.003, 0.002, 0.001, 0, 0.001, 0.001, 0.001
Node_FirmA24_FirmA8_0, 0.004, 0, 0.002, 0.004, 0.004, 0, 0.004, 0, 0.005
Node_FirmA25_FirmA56_0, 0, 0, 0.01, 0.009, 0, 0, 0, 0, 0.006
Node_FirmA26_FirmA102_0, 0.072, 0.001, 0.005, 0.026, 0.072, 0, 0.072, 0.026, 0.049
Node_FirmA26_FirmA2_0, 0.027, 0, 0.011, 0.01, 0.027, 0, 0.027, 0.011, 0.02
Node_FirmA26_FirmA41_0, 0.002, 0, 0.01, 0.008, 0.002, 0, 0.002, 0.001, 0.006
Node_FirmA26_FirmA7_0, 0.006, 0, 0.069, 0.02, 0.006, 0, 0.006, 0.005, 0.003
Node_FirmA27_FirmA71_0, 0.001, 0, 0.019, 0.01, 0.001, 0, 0.001, 0, 0.007
Node_FirmA27_FirmA89_0, 0.013, 0, 0.006, 0.008, 0.013, 0, 0.013, 0.004, 0.012
Node_FirmA28_FirmA94_0, 0.001, 0, 0.005, 0.003, 0.001, 0, 0.001, 0, 0.004
Node_FirmA29_FirmA51_0, 0.002, 0, 0.009, 0.01, 0.002, 0, 0.002, 0, 0.006
Node_FirmA38_FirmA32_0, 0.001, 0, 0.004, 0.002, 0.001, 0, 0.001, 0, 0.002
Node_FirmA43_FirmA39_0, 0, 0, 0.002, 0.002, 0, 0, 0, 0, 0.002
Node_FirmA45_FirmA40_0, 0.002, 0, 0.006, 0.007, 0.002, 0, 0.002, 0, 0.008
Node_FirmA50_FirmA70_0, 0.001, 0, 0.001, 0.001, 0.001, 0, 0.001, 0, 0.002
Node_FirmA52_FirmA107_0, 0.002, 0, 0.005, 0.006, 0.002, 0, 0.002, 0, 0.006
Node_FirmA52_FirmA42_0, 0.001, 0, 0.008, 0.008, 0.001, 0, 0.001, 0.001, 0.006
Node_FirmA53_FirmA35_0, 0.002, 0, 0.012, 0.007, 0.002, 0, 0.002, 0.001, 0.002
Node_FirmA55_FirmA29_0, 0.005, 0, 0.004, 0.007, 0.005, 0, 0.005, 0, 0.007
Node_FirmA58_FirmA43_0, 0, 0, 0.001, 0.001, 0, 0, 0, 0, 0.001
Node_FirmA59_FirmA36_0, 0.003, 0, 0.005, 0.005, 0.003, 0, 0.003, 0, 0.008
Node_FirmA59_FirmA44_0, 0, 0, 0.003, 0.002, 0, 0, 0, 0, 0
Node_FirmA59_FirmA48_0, 0.003, 0, 0.009, 0.008, 0.003, 0, 0.003, 0.001, 0.009
Node_FirmA60_FirmA74_0, 0.003, 0, 0.005, 0.006, 0.003, 0, 0.003, 0.001, 0.007
Node_FirmA61_FirmA66_0, 0.003, 0, 0.009, 0.009, 0.003, 0, 0.003, 0.001, 0.006
Node_FirmA62_FirmA104_0, 0.001, 0, 0.002, 0.001, 0.001, 0, 0.001, 0, 0.001
Node_FirmA62_FirmA58_0, 0, 0, 0.002, 0.002, 0, 0, 0, 0, 0.001
Node_FirmA62_FirmA6_0, 0.001, 0, 0.001, 0.001, 0.001, 0, 0.001, 0, 0.002
Node_FirmA63_FirmA109_0, 0.007, 0, 0.015, 0.013, 0.007, 0, 0.007, 0.002, 0.008
Node_FirmA63_FirmA10_0, 0.007, 0, 0.009, 0.008, 0.007, 0, 0.007, 0.002, 0.009
Node_FirmA63_FirmA30_0, 0, 0, 0.011, 0.011, 0, 0, 0, 0, 0.004
Node_FirmA63_FirmA45_0, 0, 0, 0.001, 0.001, 0, 0, 0, 0, 0.001
Node_FirmA63_FirmA57_0, 0.075, 0, 0.001, 0.041, 0.075, 0, 0.075, 0.036, 0.039
Node_FirmA63_FirmA99_0, 0.014, 0, 0.065, 0.026, 0.014, 0, 0.014, 0.013, 0.004
Node_FirmA64_FirmA33_0, 0.002, 0, 0.005, 0.003, 0.002, 0, 0.002, 0, 0.004
Node_FirmA65_FirmA5_0, 0.003, 0, 0, 0, 0.003, 0, 0.003, 0, 0.003
Node_FirmA65_FirmA64_0, 0.003, 0, 0.002, 0.002, 0.003, 0, 0.003, 0.001, 0.003
Node_FirmA65_FirmA69_0, 0.002, 0, 0.005, 0.003, 0.002, 0, 0.002, 0, 0.004
Node_FirmA65_FirmA97_0, 0, 0, 0.003, 0.002, 0, 0, 0, 0, 0
Node_FirmA67_FirmA37_0, 0.001, 0, 0.003, 0.003, 0.001, 0, 0.001, 0, 0.002
Node_FirmA67_FirmA50_0, 0, 0, 0.002, 0.002, 0, 0, 0, 0, 0.001
Node_FirmA67_FirmA79_0, 0.001, 0, 0, 0, 0.001, 0, 0.001, 0, 0.001
Node_FirmA67_FirmA87_0, 0.002, 0, 0.001, 0.001, 0.002, 0, 0.002, 0.001, 0.002
Node_FirmA69_FirmA28_0, 0.002, 0, 0.002, 0, 0.002, 0, 0.002, 0, 0.002
Node_FirmA69_FirmA72_0, 0.001, 0, 0.002, 0.003, 0.001, 0, 0.001, 0, 0.001
Node_FirmA72_FirmA73_0, 0, 0, 0.003, 0.005, 0, 0, 0, 0, 0.002
Node_FirmA7_FirmA12_0, 0.001, 0, 0.006, 0.005, 0.001, 0, 0.001, 0, 0.003
Node_FirmA7_FirmA90_0, 0.004, 0, 0.008, 0.007, 0.004, 0, 0.004, 0.001, 0.006
Node_FirmA80_FirmA34_0, 0.169, 0, 0.002, 0.064, 0.169, 0, 0.169, 0.063, 0.108
Node_FirmA81_FirmA14_0, 0.007, 0, 0.028, 0.006, 0.007, 0, 0.007, 0.007, 0.002
Node_FirmA81_FirmA19_0, 0, 0, 0.008, 0.004, 0, 0, 0, 0, 0.001
Node_FirmA81_FirmA84_0, 0.019, 0, 0.001, 0.01, 0.019, 0, 0.019, 0.009, 0.011
Node_FirmA81_FirmA92_0, 0.033, 0, 0.004, 0.019, 0.033, 0, 0.033, 0.016, 0.018
Node_FirmA83_FirmA11_0, 0.004, 0, 0.001, 0.004, 0.004, 0, 0.004, 0, 0.004
Node_FirmA83_FirmA49_0, 0.002, 0, 0.005, 0.003, 0.002, 0, 0.002, 0, 0.004
Node_FirmA83_FirmA55_0, 0.002, 0, 0.002, 0.002, 0.002, 0, 0.002, 0.001, 0.001
Node_FirmA83_FirmA59_0, 0.003, 0.001, 0.009, 0.006, 0.003, 0, 0.003, 0.002, 0.002
Node_FirmA83_FirmA65_0, 0.003, 0, 0.003, 0.002, 0.003, 0, 0.003, 0.001, 0.003
Node_FirmA83_FirmA81_0, 0.009, 0, 0.001, 0.002, 0.009, 0, 0.009, 0.004, 0.006
Node_FirmA83_FirmA86_0, 0.003, 0, 0.003, 0.005, 0.003, 0, 0.003, 0.001, 0.004
Node_FirmA84_FirmA111_0, 0.004, 0, 0.019, 0.01, 0.004, 0, 0.004, 0.002, 0.004
Node_FirmA84_FirmA16_0, 0.018, 0, 0.005, 0.005, 0.018, 0, 0.018, 0.013, 0.005
Node_FirmA84_FirmA20_0, 0.007, 0, 0.003, 0.005, 0.007, 0, 0.007, 0.002, 0.006
Node_FirmA84_FirmA26_0, 0.018, 0, 0.001, 0.008, 0.018, 0, 0.018, 0.006, 0.012
Node_FirmA84_FirmA46_0, 0.005, 0, 0.032, 0.006, 0.005, 0, 0.005, 0.005, 0
Node_FirmA84_FirmA63_0, 0.037, 0, 0.003, 0.018, 0.037, 0, 0.037, 0.017, 0.022
Node_FirmA84_FirmA9_0, 0.005, 0, 0.007, 0.007, 0.005, 0, 0.005, 0, 0.007
Node_FirmA85_DTU0X1_0, 0.001, 0, 0, 0, 0.001, 0, 0.001, 0, 0.001
Node_FirmA85_FirmA60_0, 0.001, 0, 0.003, 0.002, 0.001, 0, 0.001, 0, 0.003
Node_FirmA85_FirmC13_0, 0, 0, 0.001, 0.001, 0, 0, 0, 0, 0
Node_FirmA86_FirmA61_0, 0.006, 0, 0.006, 0.007, 0.006, 0, 0.006, 0.001, 0.009
Node_FirmA87_FirmA106_0, 0.002, 0, 0.003, 0.007, 0.002, 0, 0.002, 0, 0.003
Node_FirmA87_FirmA62_0, 0.002, 0, 0.002, 0.004, 0.002, 0, 0.002, 0, 0.003
Node_FirmA87_FirmA96_0, 0.001, 0, 0.003, 0.005, 0.001, 0, 0.001, 0, 0.002
Node_FirmA88_FirmA101_0, 0.001, 0, 0.008, 0.007, 0.001, 0, 0.001, 0, 0.006
Node_FirmA89_FirmA105_0, 0.002, 0, 0.005, 0.005, 0.002, 0, 0.002, 0, 0.003
Node_FirmA89_FirmA110_0, 0.002, 0, 0.007, 0.008, 0.002, 0, 0.002, 0, 0.007
Node_FirmA89_FirmA21_0, 0.026, 0, 0.004, 0.01, 0.026, 0, 0.026, 0.011, 0.017
Node_FirmA89_FirmA31_0, 0.004, 0, 0.013, 0.008, 0.004, 0, 0.004, 0.002, 0.005
Node_FirmA89_FirmA53_0, 0.012, 0, 0.053, 0.026, 0.012, 0, 0.012, 0.011, 0.002
Node_FirmA89_FirmA68_0, 0.004, 0, 0.007, 0.004, 0.004, 0, 0.004, 0, 0.007
Node_FirmA89_FirmA80_0, 0.063, 0, 0.002, 0.027, 0.063, 0, 0.063, 0.025, 0.039
Node_FirmA90_FirmA112_0, 0.002, 0, 0.007, 0.008, 0.002, 0, 0.002, 0.001, 0.005
Node_FirmA92_FirmA54_0, 0.088, 0.002, 0.003, 0.034, 0.088, 0, 0.088, 0.032, 0.056
Node_FirmA94_FirmA75_0, 0.002, 0, 0.004, 0.004, 0.002, 0, 0.002, 0, 0.005
Node_FirmA96_FirmA27_0, 0.007, 0, 0.001, 0.002, 0.007, 0, 0.007, 0.001, 0.007
Node_FirmA96_FirmA91_0, 0.002, 0, 0.012, 0.008, 0.002, 0, 0.002, 0.001, 0.007
Node_FirmA99_FirmA18_0, 0.005, 0, 0.017, 0.011, 0.005, 0, 0.005, 0.003, 0.008
Node_FirmB16_FirmB13_0, 0.001, 0, 0.005, 0.002, 0.001, 0, 0.001, 0, 0.003
Node_FirmB17_FirmB15_0, 0.001, 0, 0.003, 0.003, 0.001, 0, 0.001, 0, 0.004
Node_FirmB2_FirmB11_0, 0.003, 0, 0.011, 0.011, 0.003, 0, 0.003, 0.002, 0.003
Node_FirmB2_FirmB12_0, 0.011, 0, 0.066, 0.029, 0.011, 0, 0.011, 0.01, 0.007
Node_FirmB3_FirmB14_0, 0, 0, 0.005, 0.005, 0, 0, 0, 0, 0.005
Node_FirmB4_FirmB17_0, 0, 0, 0.002, 0.003, 0, 0, 0, 0, 0.002
Node_FirmB4_FirmB1_0, 0, 0, 0.005, 0.006, 0, 0, 0, 0, 0.005
Node_FirmB4_FirmB3_0, 0, 0, 0.007, 0.006, 0, 0, 0, 0, 0.002
Node_FirmB6_FirmB7_0, 0.003, 0, 0.03, 0.013, 0.003, 0, 0.003, 0.002, 0.006
Node_FirmB8_FirmB16_0, 0.003, 0, 0.004, 0.004, 0.003, 0, 0.003, 0.001, 0.002
Node_FirmB8_FirmB4_0, 0.005, 0, 0.007, 0.009, 0.005, 0, 0.005, 0.002, 0.005
Node_FirmB8_FirmB5_0, 0, 0, 0.005, 0.006, 0, 0, 0, 0, 0.002
Node_FirmB8_FirmB9_0, 0.007, 0, 0.001, 0.001, 0.007, 0, 0.007, 0.002, 0.005
Node_FirmB9_FirmB10_0, 0.284, 0, 0.003, 0.061, 0.284, 0, 0.284, 0.069, 0.217
Node_FirmB9_FirmB2_0, 0.07, 0, 0.002, 0.025, 0.07, 0, 0.07, 0.026, 0.045
Node_FirmB9_FirmB6_0, 0.027, 0, 0.002, 0.006, 0.027, 0, 0.027, 0.006, 0.022
Node_FirmC10_FirmC14_0, 0.033, 0.001, 0.217, 0.119, 0.033, 0, 0.033, 0.033, 0.006
Node_FirmC10_FirmC18_0, 0.243, 0.003, 0.007, 0.085, 0.242, 0, 0.243, 0.051, 0.194
Node_FirmC10_FirmC19_0, 0.053, 0, 0.004, 0.019, 0.053, 0, 0.053, 0.011, 0.045
Node_FirmC11_FirmC3_0, 0.013, 0, 0.105, 0.03, 0.013, 0, 0.013, 0.013, 0.003
Node_FirmC13_FirmB8_0, 0.003, 0, 0.001, 0.003, 0.003, 0, 0.003, 0.001, 0.003
Node_FirmC13_FirmC10_0, 0.012, 0, 0.003, 0.002, 0.012, 0, 0.012, 0.005, 0.008
Node_FirmC13_FirmC17_0, 0.002, 0, 0.017, 0.011, 0.002, 0, 0.002, 0.001, 0.007
Node_FirmC13_FirmC5_0, 0.003, 0, 0.001, 0, 0.003, 0, 0.003, 0.002, 0.001
Node_FirmC13_FirmC8_0, 0.007, 0, 0.004, 0.008, 0.007, 0, 0.007, 0.002, 0.008
Node_FirmC13_Firms33_0, 0.001, 0, 0.001, 0.002, 0.001, 0, 0.001, 0, 0.002
Node_FirmC15_FirmC12_0, 0.009, 0, 0.034, 0.016, 0.009, 0, 0.009, 0.006, 0.009
Node_FirmC1_FirmC4_0, 0.006, 0, 0.003, 0.001, 0.006, 0, 0.006, 0.001, 0.005
Node_FirmC6_FirmC16_0, 0.004, 0, 0.008, 0.008, 0.004, 0, 0.004, 0.001, 0.008
Node_FirmC6_FirmC1_0, 0.004, 0, 0.045, 0.013, 0.004, 0, 0.004, 0.001, 0.005
Node_FirmC8_FirmC11_0, 0.115, 0, 0.004, 0.044, 0.115, 0, 0.115, 0.041, 0.075
Node_FirmC8_FirmC15_0, 0.034, 0.001, 0.291, 0.091, 0.033, 0, 0.034, 0.031, 0.007
Node_FirmC8_FirmC6_0, 0.044, 0.001, 0.004, 0.016, 0.044, 0, 0.044, 0.011, 0.036
Node_FirmC8_FirmC7_0, 0.317, 0, 0.005, 0.116, 0.317, 0, 0.317, 0.115, 0.207
Node_FirmC8_FirmC9_0, 0.011, 0, 0.009, 0.004, 0.011, 0, 0.011, 0.001, 0.013
Node_FirmD2_FirmD3_0, 0, 0, 0.002, 0.002, 0, 0, 0, 0, 0.002
Node_FirmD4_FirmD2_0, 0, 0, 0.003, 0.004, 0, 0, 0, 0, 0.001
Node_FirmE4_FirmE6_0, 0.003, 0, 0.003, 0.002, 0.003, 0, 0.003, 0, 0.005
Node_FirmE5_FirmA85_0, 0.001, 0, 0, 0, 0.001, 0, 0.001, 0, 0.001
Node_FirmE5_FirmE3_0, 0, 0, 0.003, 0.003, 0, 0, 0, 0, 0.002
Node_FirmE5_FirmE4_0, 0.001, 0, 0.003, 0.003, 0.001, 0, 0.001, 0, 0.003
Node_FirmE5_FirmE7_0, 0.001, 0, 0.003, 0.003, 0.001, 0, 0.001, 0, 0.003
Node_FirmE7_FirmE1_0, 0.002, 0, 0.002, 0.002, 0.002, 0, 0.002, 0, 0.003
Node_FirmE7_FirmE2_0, 0.001, 0, 0.005, 0.008, 0.001, 0, 0.001, 0, 0.004
Node_FirmE7_FirmE8_0, 0.001, 0, 0.002, 0.002, 0.001, 0, 0.001, 0, 0.002
Node_FirmF1_FirmF2_0, 0, 0.001, 0.002, 0.003, 0, 0, 0, 0, 0.001
Node_FirmF1_FirmG6_0, 0, 0, 0.004, 0.001, 0, 0, 0, 0, 0
Node_FirmF2_FirmF3_0, 0, 0, 0.004, 0.004, 0, 0, 0, 0, 0.004
Node_FirmG5_FirmG1_0, 0.002, 0, 0, 0, 0.002, 0, 0.002, 0, 0.002
Node_FirmG5_FirmG2_0, 0, 0, 0.002, 0.002, 0, 0, 0, 0, 0.002
Node_FirmG6_FirmG3_0, 0.003, 0, 0.002, 0.003, 0.003, 0, 0.003, 0, 0.005
Node_FirmG6_FirmG4_0, 0, 0, 0.003, 0.003, 0, 0, 0, 0, 0.003
Node_FirmG6_FirmG5_0, 0, 0, 0.001, 0.001, 0, 0, 0, 0, 0.001
Node_Firms11_Firms17_0, 0.001, 0, 0.001, 0.001, 0.001, 0, 0.001, 0, 0.002
Node_Firms13_Firms1_0, 0.002, 0, 0.002, 0.002, 0.002, 0, 0.002, 0, 0.003
Node_Firms1_Firms10_0, 0.002, 0, 0.006, 0.01, 0.002, 0, 0.002, 0, 0.006
Node_Firms20_Firms12_0, 0.003, 0, 0.007, 0.007, 0.003, 0, 0.003, 0, 0.01
Node_Firms20_Firms29_0, 0.001, 0, 0.007, 0.009, 0.001, 0, 0.001, 0, 0.005
Node_Firms22_Firms27_0, 0.001, 0, 0.001, 0.003, 0.001, 0, 0.001, 0, 0.002
Node_Firms23_Firms18_0, 0.001, 0, 0.003, 0.002, 0.001, 0, 0.001, 0, 0.002
Node_Firms24_Firms26_0, 0.001, 0, 0.008, 0.009, 0.001, 0, 0.001, 0, 0.009
Node_Firms30_Firms31_0, 0, 0, 0.005, 0.005, 0, 0, 0, 0, 0.003
Node_Firms32_Firms25_0, 0.003, 0, 0.006, 0.008, 0.003, 0, 0.003, 0, 0.007
Node_Firms33_FirmA83_0, 0.001, 0, 0.001, 0.001, 0.001, 0, 0.001, 0, 0.001
Node_Firms33_FirmD1_0, 0, 0, 0.002, 0, 0, 0, 0, 0, 0
Node_Firms33_FirmD4_0, 0.002, 0, 0.001, 0, 0.002, 0, 0.002, 0, 0.002
Node_Firms33_Firms13_0, 0.001, 0, 0.001, 0.001, 0.001, 0, 0.001, 0.001, 0
Node_Firms33_Firms15_0, 0, 0, 0.003, 0.002, 0, 0, 0, 0, 0.002
Node_Firms33_Firms16_0, 0, 0, 0.001, 0.001, 0, 0, 0, 0, 0.001
Node_Firms33_Firms21_0, 0, 0, 0.001, 0.001, 0, 0, 0, 0, 0.001
Node_Firms33_Firms23_0, 0.002, 0, 0.004, 0.003, 0.002, 0, 0.002, 0, 0.004
Node_Firms33_Firms28_0, 0.002, 0, 0.002, 0.003, 0.002, 0, 0.002, 0, 0.004
Node_Firms33_Firms2_0, 0.001, 0, 0.003, 0.003, 0.001, 0, 0.001, 0, 0.002
Node_Firms33_Firms30_0, 0.002, 0, 0.001, 0.001, 0.002, 0, 0.002, 0, 0.003
Node_Firms33_Firms32_0, 0.002, 0, 0.007, 0.009, 0.002, 0, 0.002, 0, 0.008
Node_Firms33_Firms3_0, 0, 0, 0.001, 0.001, 0, 0, 0, 0, 0
Node_Firms33_Firms5_0, 0.001, 0, 0.002, 0.001, 0.001, 0, 0.001, 0.001, 0.001
Node_Firms33_Firms6_0, 0.002, 0, 0, 0.001, 0.002, 0, 0.002, 0, 0.002
Node_Firms33_Firms7_0, 0.002, 0, 0.002, 0.003, 0.002, 0, 0.002, 0, 0.004
Node_Firms33_Firms9_0, 0, 0, 0.004, 0.005, 0, 0, 0, 0, 0.002
Node_Firms8_Firms24_0, 0, 0, 0.003, 0.003, 0, 0, 0, 0, 0.003
Node_Firms8_Firms4_0, 0, 0, 0.001, 0.001, 0, 0, 0, 0, 0.001
Node_Gemm2_Gemm4_0, 0.001, 0, 0.009, 0.009, 0.001, 0, 0.001, 0, 0.007
Node_Gemm3_Gemm6_0, 0.001, 0, 0.004, 0.006, 0.001, 0, 0.001, 0, 0.004
Node_Gemm9_Gemm2_0, 0.003, 0, 0.003, 0.003, 0.003, 0, 0.003, 0, 0.006
Node_Gemm9_Gemm3_0, 0.001, 0, 0.005, 0.005, 0.001, 0, 0.001, 0.001, 0.003
Node_Gemm9_Gemm7_0, 0.003, 0, 0.005, 0.006, 0.003, 0, 0.003, 0.002, 0.005
Node_Gold1_FCPU1_0, 0.086, 0, 0, 0.005, 0.086, 0, 0.086, 0.056, 0.03
Node_Gold1_Fire1_0, 0.056, 0, 0.021, 0.013, 0.056, 0, 0.056, 0.047, 0.009
Node_Gold1_Gold2_0, 0.003, 0, 0.087, 0.015, 0.003, 0, 0.003, 0.001, 0.004
Node_Hydr2_Abys1_0, 0.004, 0, 0.005, 0.005, 0.004, 0, 0.004, 0.002, 0.002
Node_Hydr2_Hydr1_0, 0.003, 0, 0.008, 0.01, 0.003, 0, 0.003, 0, 0.007
Node_Hydr2_Plan43_0, 0.036, 0, 0.047, 0.026, 0.036, 0, 0.036, 0.034, 0.002
Node_Hydr2_Sume1_0, 0.007, 0, 0.03, 0.014, 0.007, 0, 0.007, 0.007, 0.001
Node_KSB1X2_KSB1X4_0, 0.003, 0, 0.003, 0.003, 0.003, 0, 0.003, 0.001, 0.004
Node_KSB1X3_KSB1X1_0, 0, 0, 0.001, 0.002, 0, 0, 0, 0, 0.001
Node_Late1_Late3_0, 0, 0, 0.001, 0.002, 0, 0, 0, 0, 0.001
Node_Late2_Late1_0, 0, 0, 0.001, 0.001, 0, 0, 0, 0, 0
Node_Lind1_Lind2_0, 0.63, 0, 0.005, 0.067, 0.629, 0, 0.63, 0.564, 0.068
Node_Lind1_Lind4_0, 0.567, 0, 0.015, 0.044, 0.564, 0, 0.567, 0.56, 0.007
Node_Marg1_Marg2_0, 0, 0, 0.002, 0.003, 0, 0, 0, 0, 0.001
Node_Marg1_Marg6_0, 0.001, 0, 0.001, 0.001, 0.001, 0, 0.001, 0, 0.002
Node_Marg2_Marg7_0, 0.002, 0, 0.004, 0.004, 0.002, 0, 0.002, 0, 0.006
Node_Mari3_Mari2_0, 0.001, 0, 0.002, 0.001, 0.001, 0, 0.001, 0.001, 0
Node_Mari3_Mari6_0, 0.003, 0, 0.01, 0.006, 0.003, 0, 0.003, 0.003, 0
Node_Mari6_Mari1_0, 0, 0, 0.003, 0.005, 0, 0, 0, 0, 0.003
Node_Mari6_Mari5_0, 0, 0, 0.004, 0.002, 0, 0, 0, 0, 0.001
Node_Meth2_Meth1_0, 0.003, 0, 0.009, 0.008, 0.003, 0, 0.003, 0.002, 0.007
Node_Meth4_Meth3_0, 0, 0, 0.007, 0.006, 0, 0, 0, 0, 0.006
Node_Meth5_Meth2_0, 0.005, 0, 0.007, 0.003, 0.005, 0, 0.005, 0.003, 0.003
Node_Meth5_Meth4_0, 0.001, 0, 0.01, 0.009, 0.001, 0, 0.001, 0, 0.006
Node_Meth5_NitsA1_0, 0.064, 0, 0.101, 0.092, 0.064, 0, 0.064, 0.063, 0.001
Node_Meth5_SZUA1_0, 0.009, 0, 0.011, 0.011, 0.009, 0, 0.009, 0.008, 0.004
Node_Meth5_Sche1_0, 0.016, 0, 0.048, 0.027, 0.016, 0, 0.016, 0.016, 0
Node_MyxA1_MyxA2_0, 0.012, 0, 0.022, 0.021, 0.012, 0, 0.012, 0.011, 0.003
Node_MyxA1_MyxA4_0, 0.031, 0, 0.155, 0.057, 0.031, 0, 0.031, 0.029, 0.004
Node_MyxA2_MyxA3_0, 0.004, 0, 0.012, 0.009, 0.004, 0, 0.004, 0.003, 0.004
Node_Myxo10_Bdell6_0, 0.341, 0.001, 0.107, 0.114, 0.337, 0, 0.341, 0.335, 0.006
Node_Myxo10_MyxA1_0, 0.182, 0.007, 0.175, 0.1, 0.172, 0, 0.182, 0.159, 0.009
Node_Myxo10_Myxo11_0, 0.187, 0.005, 0.019, 0.081, 0.174, 0, 0.187, 0.16, 0.019
Node_Myxo10_Myxo14_0, 0.063, 0, 0.128, 0.068, 0.062, 0, 0.063, 0.061, 0.004
Node_Myxo10_Myxo15_0, 0.173, 0.002, 0.275, 0.184, 0.163, 0, 0.173, 0.129, 0.047
Node_Myxo10_Myxo17_0, 0.399, 0.001, 0.039, 0.098, 0.384, 0, 0.399, 0.028, 0.374
Node_Myxo11_Bdell13_0, 0.24, 0.001, 0.015, 0.078, 0.222, 0, 0.24, 0.173, 0.067
Node_Myxo11_Myxo13_0, 1.006, 0.006, 0.032, 0.33, 1, 0, 1.006, 0.303, 0.707
Node_Myxo11_Myxo8_0, 0.325, 0.003, 0.081, 0.123, 0.315, 0, 0.325, 0.158, 0.163
Node_Myxo14_Myxo2_0, 0.029, 0, 0.002, 0.004, 0.029, 0, 0.029, 0.016, 0.013
Node_Myxo14_Myxo3_0, 0.028, 0, 0.037, 0.033, 0.027, 0, 0.028, 0.026, 0.002
Node_Myxo14_Myxo5_0, 0.128, 0, 0.003, 0.027, 0.128, 0, 0.128, 0.028, 0.102
Node_Myxo14_Myxo6_0, 0.014, 0, 0.117, 0.047, 0.014, 0, 0.014, 0.013, 0.003
Node_Myxo14_Myxo9_0, 0.018, 0, 0.012, 0.019, 0.018, 0, 0.018, 0.017, 0.002
Node_Myxo15_Myxo18_0, 0.287, 0.001, 0.087, 0.148, 0.282, 0, 0.287, 0.089, 0.2
Node_Myxo17_Myxo19_0, 1.007, 0.015, 0.055, 0.43, 0.999, 0, 1.007, 0.357, 0.648
Node_Myxo2_Myxo1_0, 0.005, 0, 0.026, 0.015, 0.005, 0, 0.005, 0.005, 0.002
Node_Myxo8_Myxo7_0, 0.048, 0, 0.283, 0.122, 0.048, 0, 0.048, 0.046, 0.006
Node_Nitr10_Nitr3_0, 0.002, 0, 0.005, 0.005, 0.002, 0, 0.002, 0, 0.006
Node_Nitr10_Nitr4_0, 0.001, 0, 0.007, 0.008, 0.001, 0, 0.001, 0, 0.006
Node_Nitr10_Nitr6_0, 0.001, 0, 0.007, 0.005, 0.001, 0, 0.001, 0, 0.006
Node_Nitr14_CG294X1_0, 0.051, 0.001, 0.114, 0.076, 0.051, 0, 0.051, 0.051, 0
Node_Nitr14_Meth5_0, 0.164, 0.001, 0.469, 0.199, 0.163, 0, 0.164, 0.163, 0.001
Node_Nitr14_Nitr12_0, 0.001, 0, 0.01, 0.009, 0.001, 0, 0.001, 0, 0.008
Node_Nitr14_Nitr13_0, 0.002, 0, 0.002, 0.001, 0.002, 0, 0.002, 0.001, 0.002
Node_Nitr14_Nitr15_0, 0.029, 0, 0.034, 0.021, 0.029, 0, 0.029, 0.019, 0.012
Node_Nitr14_Nitr16_0, 0.003, 0, 0.007, 0.007, 0.003, 0, 0.003, 0, 0.008
Node_Nitr14_Nitr2_0, 0.002, 0, 0.01, 0.008, 0.002, 0, 0.002, 0.001, 0.003
Node_Nitr14_Nitr9_0, 0.009, 0, 0.025, 0.012, 0.009, 0, 0.009, 0.006, 0.005
Node_Nitr15_Nitr10_0, 0.002, 0, 0.004, 0.003, 0.002, 0, 0.002, 0.002, 0.001
Node_Nitr15_Nitr1_0, 0.042, 0, 0.02, 0.022, 0.042, 0, 0.042, 0.013, 0.033
Node_Nitr15_Nitr8_0, 0.005, 0, 0.038, 0.01, 0.005, 0, 0.005, 0.005, 0.001
Node_Nitr16_Nitr11_0, 0.001, 0, 0.009, 0.009, 0.001, 0, 0.001, 0, 0.006
Node_Nitr16_Nitr17_0, 0.004, 0, 0.004, 0.004, 0.004, 0, 0.004, 0.001, 0.005
Node_Nitr17_Nitr5_0, 0, 0, 0.008, 0.007, 0, 0, 0, 0, 0.004
Node_Nitr9_Nitr7_0, 0, 0, 0.009, 0.005, 0, 0, 0, 0, 0
Node_Nits1_Nits3_0, 0.001, 0, 0.006, 0.009, 0.001, 0, 0.001, 0.001, 0.004
Node_Nits4_Nits2_0, 0.005, 0, 0.011, 0.007, 0.005, 0, 0.005, 0.003, 0.005
Node_NitsA1_NitsA2_0, 0.006, 0, 0.024, 0.017, 0.006, 0, 0.006, 0.003, 0.005
Node_NitsA1_NitsA3_0, 0.025, 0, 0.042, 0.031, 0.025, 0, 0.025, 0.024, 0.003
Node_NitsA3_Nits1_0, 0.003, 0, 0.009, 0.009, 0.003, 0, 0.003, 0.003, 0.001
Node_NitsA3_Nits4_0, 0.011, 0, 0.017, 0.015, 0.011, 0, 0.011, 0.01, 0.003
Node_Omni4_Omni2_0, 0.002, 0, 0.002, 0.003, 0.002, 0, 0.002, 0, 0.004
Node_Omni4_Omni3_0, 0, 0, 0.004, 0.002, 0, 0, 0, 0, 0.001
Node_Omni4_Omni8_0, 0.003, 0, 0.014, 0.005, 0.003, 0, 0.003, 0.003, 0
Node_Omni8_Omni6_0, 0.002, 0, 0.005, 0.007, 0.002, 0, 0.002, 0, 0.004
Node_P4572X1_Ferm1_0, 0.002, 0, 0.003, 0.002, 0.002, 0, 0.002, 0.002, 0.001
Node_P4572X1_Gemm5_0, 0, 0, 0.003, 0.002, 0, 0, 0, 0, 0.001
Node_Pate13_Pate34_0, 0.002, 0, 0.004, 0.006, 0.002, 0, 0.002, 0, 0.004
Node_Pate13_Pate6_0, 0.002, 0, 0.003, 0.001, 0.002, 0, 0.002, 0.002, 0
Node_Pate14_Pate35_0, 0.001, 0, 0.003, 0.003, 0.001, 0, 0.001, 0.001, 0.001
Node_Pate14_Pate5_0, 0.003, 0, 0.003, 0.001, 0.003, 0, 0.003, 0, 0.003
Node_Pate15_Pate29_0, 0.003, 0, 0.006, 0.006, 0.003, 0, 0.003, 0.001, 0.007
Node_Pate17_Pate18_0, 0.001, 0, 0.003, 0.001, 0.001, 0, 0.001, 0.001, 0.001
Node_Pate17_Pate19_0, 0.003, 0, 0.002, 0.002, 0.003, 0, 0.003, 0.001, 0.002
Node_Pate17_Pate8_0, 0.002, 0, 0.001, 0, 0.002, 0, 0.002, 0, 0.002
Node_Pate18_Pate38_0, 0.002, 0, 0.008, 0.01, 0.002, 0, 0.002, 0, 0.009
Node_Pate18_Pate9_0, 0.001, 0, 0.001, 0.001, 0.001, 0, 0.001, 0, 0.001
Node_Pate19_Pate37_0, 0.007, 0, 0.004, 0.006, 0.007, 0, 0.007, 0.002, 0.009
Node_Pate19_Pate4_0, 0.002, 0, 0.004, 0.006, 0.002, 0, 0.002, 0.001, 0.003
Node_Pate1_Pate50_0, 0.003, 0, 0.004, 0.005, 0.003, 0, 0.003, 0, 0.004
Node_Pate21_Pate15_0, 0.002, 0, 0.002, 0.003, 0.002, 0, 0.002, 0.001, 0.002
Node_Pate21_Pate26_0, 0.002, 0, 0.001, 0.001, 0.002, 0, 0.002, 0.001, 0.002
Node_Pate24_Pate13_0, 0.005, 0, 0.003, 0.005, 0.005, 0, 0.005, 0.002, 0.005
Node_Pate24_Pate14_0, 0.003, 0, 0, 0.001, 0.003, 0, 0.003, 0.001, 0.002
Node_Pate24_Pate39_0, 0.003, 0, 0.008, 0.013, 0.003, 0, 0.003, 0.001, 0.008
Node_Pate24_Pate54_0, 0.003, 0, 0.004, 0.003, 0.003, 0, 0.003, 0.002, 0.002
Node_Pate25_Pate17_0, 0.003, 0, 0.001, 0.001, 0.003, 0, 0.003, 0.001, 0.003
Node_Pate25_Pate28_0, 0.002, 0, 0.004, 0.005, 0.002, 0, 0.002, 0.001, 0.003
Node_Pate25_Pate32_0, 0.001, 0, 0.002, 0.004, 0.001, 0, 0.001, 0.001, 0.001
Node_Pate26_Pate12_0, 0.001, 0, 0.004, 0.004, 0.001, 0, 0.001, 0, 0.003
Node_Pate40_Pate24_0, 0.001, 0, 0.002, 0.002, 0.001, 0, 0.001, 0, 0.003
Node_Pate40_Pate55_0, 0.002, 0, 0.004, 0.007, 0.002, 0, 0.002, 0, 0.005
Node_Pate43_Pate22_0, 0.001, 0, 0.002, 0.001, 0.001, 0, 0.001, 0.001, 0
Node_Pate43_Pate3_0, 0.003, 0, 0.001, 0.002, 0.003, 0, 0.003, 0.001, 0.003
Node_Pate43_Pate44_0, 0.004, 0, 0.001, 0.001, 0.004, 0, 0.004, 0.002, 0.002
Node_Pate43_Pate45_0, 0.003, 0, 0.004, 0.003, 0.003, 0, 0.003, 0.001, 0.005
Node_Pate43_Pate57_0, 0.003, 0, 0.006, 0.005, 0.003, 0, 0.003, 0.001, 0.005
Node_Pate44_Pate10_0, 0.001, 0, 0.003, 0.002, 0.001, 0, 0.001, 0.001, 0.001
Node_Pate44_Pate52_0, 0.003, 0, 0.003, 0.004, 0.003, 0, 0.003, 0.002, 0.002
Node_Pate45_Pate11_0, 0.003, 0, 0.002, 0.004, 0.003, 0, 0.003, 0, 0.004
Node_Pate45_Pate21_0, 0.001, 0, 0.005, 0.004, 0.001, 0, 0.001, 0, 0.003
Node_Pate46_Pate25_0, 0.002, 0, 0.001, 0.002, 0.002, 0, 0.002, 0, 0.002
Node_Pate48_Chlo30_0, 0.002, 0, 0.002, 0.001, 0.002, 0, 0.002, 0.002, 0
Node_Pate48_Pate1_0, 0.003, 0, 0, 0.002, 0.003, 0, 0.003, 0.002, 0.001
Node_Pate48_Pate23_0, 0.001, 0, 0.001, 0, 0.001, 0, 0.001, 0.001, 0
Node_Pate48_Pate30_0, 0, 0, 0.001, 0.001, 0, 0, 0, 0, 0.001
Node_Pate48_Pate40_0, 0, 0, 0.002, 0.002, 0, 0, 0, 0, 0
Node_Pate48_Pate43_0, 0.002, 0, 0.001, 0.003, 0.002, 0, 0.002, 0.001, 0.002
Node_Pate48_Pate46_0, 0.001, 0, 0.001, 0.002, 0.001, 0, 0.001, 0, 0.001
Node_Pate48_Pate49_0, 0.001, 0, 0.003, 0.001, 0.001, 0, 0.001, 0.001, 0.001
Node_Pate48_Pate51_0, 0.001, 0, 0.001, 0, 0.001, 0, 0.001, 0, 0.001
Node_Pate48_Pate56_0, 0.002, 0, 0, 0, 0.002, 0, 0.002, 0, 0.002
Node_Pate49_Pate41_0, 0.002, 0, 0, 0, 0.002, 0, 0.002, 0.001, 0.001
Node_Pate51_Pate27_0, 0.002, 0, 0.008, 0.007, 0.002, 0, 0.002, 0, 0.007
Node_Pate51_Pate33_0, 0.002, 0, 0.001, 0.002, 0.002, 0, 0.002, 0, 0.002
Node_Pate51_Pate53_0, 0.003, 0, 0.005, 0.006, 0.003, 0, 0.003, 0.001, 0.006
Node_Pate54_Pate31_0, 0.002, 0, 0.006, 0.008, 0.002, 0, 0.002, 0, 0.005
Node_Pate9_Pate36_0, 0.001, 0, 0.005, 0.007, 0.001, 0, 0.001, 0, 0.005
Node_Plan17_Plan23_0, 0, 0, 0.006, 0.004, 0, 0, 0, 0, 0.004
Node_Plan22_Plan2_0, 0.02, 0, 0.225, 0.04, 0.02, 0, 0.02, 0.019, 0.006
Node_Plan22_Plan4_0, 0.239, 0, 0.005, 0.041, 0.238, 0, 0.239, 0.063, 0.179
Node_Plan26_Plan21_0, 0.003, 0, 0.013, 0.005, 0.003, 0, 0.003, 0.002, 0.002
Node_Plan26_Plan5_0, 0.002, 0, 0.003, 0.001, 0.002, 0, 0.002, 0.001, 0.002
Node_Plan30_Plan14_0, 0.002, 0, 0.006, 0.003, 0.002, 0, 0.002, 0.002, 0.003
Node_Plan31_Plan17_0, 0.002, 0, 0.018, 0.007, 0.002, 0, 0.002, 0.001, 0.001
Node_Plan31_Plan18_0, 0.001, 0, 0.001, 0.002, 0.001, 0, 0.001, 0.001, 0
Node_Plan31_Plan27_0, 0.019, 0, 0.001, 0.014, 0.019, 0, 0.019, 0.004, 0.016
Node_Plan31_Plan39_0, 0.004, 0, 0.001, 0.004, 0.004, 0, 0.004, 0.001, 0.004
Node_Plan32_Plan12_0, 0.003, 0, 0.006, 0.003, 0.003, 0, 0.003, 0.001, 0.004
Node_Plan32_Plan22_0, 0.065, 0, 0.006, 0.009, 0.065, 0, 0.065, 0.012, 0.057
Node_Plan32_Plan26_0, 0.014, 0, 0.001, 0.002, 0.014, 0, 0.014, 0.001, 0.013
Node_Plan32_Plan30_0, 0.005, 0, 0.062, 0.015, 0.005, 0, 0.005, 0.004, 0.002
Node_Plan32_Plan3_0, 0.005, 0, 0.004, 0.002, 0.005, 0, 0.005, 0.002, 0.004
Node_Plan33_Plan44_0, 0, 0, 0.005, 0.004, 0, 0, 0, 0, 0.004
Node_Plan42_Plan40_0, 0, 0, 0.005, 0.005, 0, 0, 0, 0, 0.004
Node_Plan43_Plan16_0, 0.001, 0, 0.002, 0.002, 0.001, 0, 0.001, 0, 0.002
Node_Plan43_Plan31_0, 0.002, 0, 0.004, 0.001, 0.002, 0, 0.002, 0.002, 0.001
Node_Plan43_Plan32_0, 0.002, 0, 0.002, 0, 0.002, 0, 0.002, 0, 0.002
Node_Plan43_Plan33_0, 0.001, 0, 0.001, 0, 0.001, 0, 0.001, 0.001, 0
Node_Plan43_Plan42_0, 0.001, 0, 0.003, 0.003, 0.001, 0, 0.001, 0, 0.003
Node_Plan43_Plan7_0, 0.005, 0, 0.02, 0.014, 0.005, 0, 0.005, 0.004, 0.001
Node_Plan43_Verr11_0, 0.024, 0, 0.013, 0.013, 0.024, 0, 0.024, 0.023, 0.001
Node_Pori1_Pori2_0, 0.005, 0, 0.027, 0.015, 0.005, 0, 0.005, 0.004, 0.002
Node_ProtA11_ProtA32_0, 0.001, 0, 0.007, 0.007, 0.001, 0, 0.001, 0, 0.006
Node_ProtA12_ProtA44_0, 0.001, 0, 0.009, 0.005, 0.001, 0, 0.001, 0, 0.005
Node_ProtA12_ProtA54_0, 0, 0, 0.003, 0.004, 0, 0, 0, 0, 0.002
Node_ProtA13_ProtA24_0, 0.004, 0, 0.004, 0.007, 0.004, 0, 0.004, 0, 0.006
Node_ProtA13_ProtA61_0, 0, 0, 0.007, 0.008, 0, 0, 0, 0, 0.003
Node_ProtA13_ProtA77_0, 0.004, 0, 0.006, 0.006, 0.004, 0, 0.004, 0.001, 0.008
Node_ProtA13_ProtA7_0, 0.002, 0, 0.003, 0.002, 0.002, 0, 0.002, 0.001, 0.001
Node_ProtA15_ProtA42_0, 0.001, 0, 0.004, 0.003, 0.001, 0, 0.001, 0, 0.003
Node_ProtA15_ProtA70_0, 0.002, 0, 0.005, 0.003, 0.002, 0, 0.002, 0, 0.004
Node_ProtA16_ProtA33_0, 0.001, 0, 0.003, 0.004, 0.001, 0, 0.001, 0.001, 0.001
Node_ProtA16_ProtA66_0, 0, 0, 0.002, 0.001, 0, 0, 0, 0, 0.001
Node_ProtA16_ProtA69_0, 0.003, 0, 0.004, 0.005, 0.002, 0, 0.003, 0.001, 0.003
Node_ProtA16_ProtA8_0, 0.003, 0, 0.002, 0.003, 0.003, 0, 0.003, 0.002, 0.002
Node_ProtA18_ProtA10_0, 0.003, 0, 0.003, 0.002, 0.003, 0, 0.003, 0.002, 0.003
Node_ProtA18_ProtA19_0, 0.002, 0, 0.004, 0.002, 0.002, 0, 0.002, 0.001, 0.002
Node_ProtA18_ProtA29_0, 0.003, 0, 0.002, 0.003, 0.003, 0, 0.003, 0.002, 0.002
Node_ProtA18_ProtA53_0, 0.003, 0, 0.003, 0.004, 0.003, 0, 0.003, 0.001, 0.004
Node_ProtA19_ProtA14_0, 0.005, 0, 0.003, 0.004, 0.005, 0, 0.005, 0.002, 0.005
Node_ProtA19_ProtA20_0, 0.002, 0, 0.002, 0.001, 0.002, 0, 0.002, 0, 0.002
Node_ProtA19_ProtA3_0, 0.011, 0, 0.005, 0.004, 0.011, 0, 0.011, 0.002, 0.011
Node_ProtA19_ProtA46_0, 0.003, 0, 0.007, 0.008, 0.003, 0, 0.003, 0.001, 0.006
Node_ProtA19_ProtA49_0, 0.004, 0, 0.006, 0.006, 0.004, 0, 0.004, 0.001, 0.007
Node_ProtA19_ProtA56_0, 0.003, 0, 0.002, 0.003, 0.003, 0, 0.003, 0.001, 0.003
Node_ProtA19_ProtA68_0, 0.006, 0, 0.012, 0.008, 0.006, 0, 0.006, 0.002, 0.007
Node_ProtA19_ProtA74_0, 0.004, 0, 0.01, 0.013, 0.004, 0, 0.004, 0.001, 0.008
Node_ProtA19_ProtA75_0, 0.003, 0.001, 0.005, 0.005, 0.002, 0, 0.003, 0, 0.004
Node_ProtA20_ProtA11_0, 0.002, 0, 0.001, 0.001, 0.002, 0, 0.002, 0.001, 0.001
Node_ProtA20_ProtA5_0, 0.001, 0, 0.006, 0.007, 0.001, 0, 0.001, 0, 0.005
Node_ProtA26_ProtA37_0, 0.001, 0, 0.008, 0.007, 0.001, 0, 0.001, 0, 0.006
Node_ProtA26_ProtA45_0, 0.003, 0, 0.017, 0.013, 0.003, 0, 0.003, 0.001, 0.003
Node_ProtA27_ProtA21_0, 0.002, 0, 0.002, 0, 0.002, 0, 0.002, 0.001, 0.001
Node_ProtA30_ProtA35_0, 0.001, 0, 0.008, 0.01, 0.001, 0, 0.001, 0, 0.004
Node_ProtA34_Acid38_0, 0.557, 0.003, 0.018, 0.142, 0.549, 0.042, 0.557, 0.551, 0.001
Node_ProtA34_Chry1_0, 0.529, 0.007, 0.014, 0.236, 0.517, 0.021, 0.529, 0.516, 0
Node_ProtA34_DesuB4_0, 0.755, 0.022, 0.285, 0.37, 0.717, 0, 0.755, 0.715, 0.002
Node_ProtA34_DesuC2_0, 0.676, 0.017, 0.1, 0.275, 0.642, 0.001, 0.676, 0.643, 0.003
Node_ProtA34_J088X1_0, 0.494, 0.01, 0.196, 0.384, 0.486, 0, 0.494, 0.477, 0.004
Node_ProtA34_Nitr14_0, 0.631, 0.008, 0.018, 0.149, 0.62, 0.082, 0.631, 0.615, 0.002
Node_ProtA34_ProtA13_0, 0.002, 0, 0.005, 0.008, 0.002, 0, 0.002, 0.002, 0.003
Node_ProtA34_ProtA16_0, 0.004, 0, 0.005, 0.003, 0.004, 0, 0.004, 0.001, 0.004
Node_ProtA34_ProtA18_0, 0.004, 0, 0.005, 0.004, 0.004, 0, 0.004, 0.001, 0.003
Node_ProtA34_ProtA26_0, 0.017, 0, 0.014, 0.017, 0.017, 0, 0.017, 0.016, 0.002
Node_ProtA34_ProtA38_0, 0.005, 0, 0.004, 0.005, 0.005, 0, 0.005, 0.003, 0.005
Node_ProtA34_ProtA39_0, 0.006, 0, 0.012, 0.012, 0.006, 0, 0.006, 0.005, 0.001
Node_ProtA34_ProtA40_0, 0.004, 0, 0.004, 0.003, 0.004, 0, 0.004, 0, 0.006
Node_ProtA34_ProtA43_0, 0.001, 0, 0.008, 0.009, 0.001, 0, 0.001, 0, 0.005
Node_ProtA34_ProtA9_0, 0.029, 0, 0.054, 0.044, 0.029, 0, 0.029, 0.028, 0.002
Node_ProtA34_ProtG30_0, 0.48, 0.009, 0.043, 0.238, 0.471, 0, 0.48, 0.446, 0.02
Node_ProtA34_ProtM1_0, 0.179, 0.002, 0.304, 0.194, 0.178, 0, 0.179, 0.176, 0.001
Node_ProtA34_SAR3X2_0, 0.776, 0.007, 0.008, 0.209, 0.76, 0.139, 0.776, 0.756, 0.007
Node_ProtA34_SM23X1_0, 0.515, 0.008, 0.01, 0.11, 0.499, 0.013, 0.515, 0.499, 0.001
Node_ProtA34_Spir10_0, 0.503, 0.019, 0.006, 0.206, 0.487, 0.298, 0.503, 0.469, 0
Node_ProtA34_UBA2X1_0, 1.016, 0.03, 0.01, 0.332, 0.975, 0.207, 1.016, 0.947, 0.013
Node_ProtA34_Wall1_0, 0.192, 0.004, 0.002, 0.092, 0.19, 0.19, 0.192, 0.186, 0
Node_ProtA34_mitoFungi_0, 0.081, 0.003, 0.103, 0.113, 0.079, 0, 0.081, 0.076, 0.002
Node_ProtA38_ProtA15_0, 0.003, 0, 0.004, 0.002, 0.003, 0, 0.003, 0.001, 0.002
Node_ProtA38_ProtA41_0, 0, 0, 0.004, 0.006, 0, 0, 0, 0, 0.003
Node_ProtA38_ProtA64_0, 0.001, 0, 0.002, 0.004, 0.001, 0, 0.001, 0.001, 0
Node_ProtA39_ProtA12_0, 0.005, 0, 0.004, 0.003, 0.005, 0, 0.005, 0.002, 0.004
Node_ProtA39_ProtA27_0, 0.003, 0, 0.006, 0.006, 0.003, 0, 0.003, 0.002, 0.003
Node_ProtA39_ProtA30_0, 0.005, 0, 0.003, 0.007, 0.005, 0, 0.005, 0.002, 0.005
Node_ProtA39_ProtA36_0, 0.002, 0, 0.004, 0.004, 0.002, 0, 0.002, 0.002, 0.001
Node_ProtA3_ProtA72_0, 0.002, 0, 0.051, 0.023, 0.002, 0, 0.002, 0.002, 0.007
Node_ProtA3_ProtA76_0, 0.046, 0.001, 0.004, 0.008, 0.045, 0, 0.046, 0.011, 0.038
Node_ProtA40_ProtA67_0, 0, 0, 0.009, 0.01, 0, 0, 0, 0, 0.005
Node_ProtA46_ProtA55_0, 0.001, 0, 0.007, 0.006, 0.001, 0, 0.001, 0, 0.005
Node_ProtA47_ProtA63_0, 0.89, 0, 0.077, 0.057, 0.883, 0, 0.89, 0.861, 0.032
Node_ProtA53_ProtA58_0, 0.002, 0, 0.004, 0.003, 0.002, 0, 0.002, 0, 0.003
Node_ProtA56_ProtA52_0, 0.002, 0, 0.006, 0.009, 0.002, 0, 0.002, 0, 0.005
Node_ProtA68_ProtA2_0, 0.054, 0, 0.008, 0.007, 0.054, 0, 0.054, 0.002, 0.056
Node_ProtA69_ProtA50_0, 0, 0, 0.006, 0.004, 0, 0, 0, 0, 0.003
Node_ProtA70_ProtA57_0, 0.002, 0, 0.004, 0.006, 0.002, 0, 0.002, 0.001, 0.004
Node_ProtA76_ProtA47_0, 0.935, 0.038, 0.007, 0.144, 0.882, 0, 0.935, 0.168, 0.727
Node_ProtA76_ProtA48_0, 0.177, 0.003, 0.01, 0.024, 0.175, 0, 0.177, 0.043, 0.138
Node_ProtA76_ProtA62_0, 1.053, 0.002, 0.01, 0.049, 0.969, 0, 1.053, 0.927, 0.126
Node_ProtA76_ProtA71_0, 0.344, 0, 0.852, 0.041, 0.344, 0, 0.344, 0.203, 0.143
Node_ProtA77_ProtA31_0, 0.001, 0, 0.004, 0.001, 0.001, 0, 0.001, 0.001, 0.001
Node_ProtA77_ProtA51_0, 0.001, 0, 0.006, 0.006, 0.001, 0, 0.001, 0, 0.006
Node_ProtA9_ProtA60_0, 0.007, 0, 0.025, 0.02, 0.007, 0, 0.007, 0.007, 0.003
Node_ProtG12_ProtG5_0, 0, 0, 0.004, 0.004, 0, 0, 0, 0, 0.004
Node_ProtG16_ProtG17_0, 0.005, 0, 0.011, 0.006, 0.005, 0, 0.005, 0.003, 0.007
Node_ProtG18_ProtG10_0, 0.004, 0, 0.003, 0.002, 0.004, 0, 0.004, 0.001, 0.004
Node_ProtG18_ProtG12_0, 0, 0, 0.008, 0.009, 0, 0, 0, 0, 0.004
Node_ProtG18_ProtG14_0, 0.003, 0, 0.002, 0.003, 0.003, 0, 0.003, 0.001, 0.004
Node_ProtG18_ProtG21_0, 0.003, 0, 0.004, 0.008, 0.003, 0, 0.003, 0, 0.007
Node_ProtG24_ProtG18_0, 0.001, 0, 0.002, 0.004, 0.001, 0, 0.001, 0.001, 0.001
Node_ProtG25_ProtG9_0, 0.004, 0, 0.019, 0.012, 0.004, 0, 0.004, 0.002, 0.009
Node_ProtG29_ProtG76_0, 0, 0, 0.007, 0.008, 0, 0, 0, 0, 0.004
Node_ProtG30_ProtG19_0, 0, 0, 0.001, 0.001, 0, 0, 0, 0, 0.001
Node_ProtG30_ProtG31_0, 0.072, 0, 0.008, 0.013, 0.072, 0, 0.072, 0.067, 0.005
Node_ProtG30_ProtG34_0, 0.007, 0, 0.07, 0.009, 0.007, 0, 0.007, 0.004, 0.005
Node_ProtG30_ProtG35_0, 0.011, 0, 0.005, 0.012, 0.011, 0, 0.011, 0.003, 0.009
Node_ProtG30_ProtG39_0, 0, 0, 0.004, 0.004, 0, 0, 0, 0, 0.003
Node_ProtG30_ProtG42_0, 0.091, 0, 0.568, 0.038, 0.091, 0, 0.091, 0.091, 0
Node_ProtG30_ProtG49_0, 0.004, 0, 0.028, 0.007, 0.004, 0, 0.004, 0.003, 0.003
Node_ProtG30_ProtG50_0, 0.075, 0, 0.018, 0.017, 0.075, 0, 0.075, 0.074, 0.002
Node_ProtG30_ProtG64_0, 0.001, 0, 0.004, 0.006, 0.001, 0, 0.001, 0, 0.005
Node_ProtG30_ProtG71_0, 0.515, 0, 0.098, 0.042, 0.514, 0, 0.515, 0.504, 0.011
Node_ProtG30_ProtG80_0, 0.537, 0.002, 0.013, 0.021, 0.535, 0, 0.537, 0.5, 0.033
Node_ProtG30_ProtG84_0, 0.029, 0, 0.003, 0.01, 0.029, 0, 0.029, 0.01, 0.021
Node_ProtG30_ProtG85_0, 0.659, 0.004, 0.004, 0.054, 0.653, 0, 0.659, 0.532, 0.122
Node_ProtG30_ProtG87_0, 0, 0, 0.009, 0.008, 0, 0, 0, 0, 0.005
Node_ProtG30_ProtZ3_0, 0.602, 0.006, 0.012, 0.295, 0.597, 0.001, 0.602, 0.48, 0.114
Node_ProtG30_ProtZ5_0, 0.493, 0.004, 0.02, 0.229, 0.486, 0, 0.493, 0.459, 0.029
Node_ProtG31_ProtG16_0, 0.009, 0, 0.008, 0.008, 0.009, 0, 0.009, 0.003, 0.011
Node_ProtG31_ProtG32_0, 0.086, 0, 0.006, 0.01, 0.086, 0, 0.086, 0.067, 0.02
Node_ProtG31_ProtG36_0, 0.003, 0, 0.01, 0.003, 0.003, 0, 0.003, 0.003, 0.001
Node_ProtG31_ProtG44_0, 0.038, 0, 0.005, 0.003, 0.038, 0, 0.038, 0.004, 0.034
Node_ProtG31_ProtG45_0, 0.012, 0, 0.079, 0.012, 0.012, 0, 0.012, 0.007, 0.005
Node_ProtG31_ProtG47_0, 0.006, 0, 0.012, 0.007, 0.006, 0, 0.006, 0.001, 0.009
Node_ProtG31_ProtG61_0, 0.009, 0, 0.001, 0.003, 0.009, 0, 0.009, 0.002, 0.007
Node_ProtG32_ProtG26_0, 0.301, 0.001, 0.01, 0.07, 0.3, 0, 0.301, 0.179, 0.127
Node_ProtG32_ProtG33_0, 0.172, 0.004, 0.009, 0.043, 0.16, 0, 0.172, 0.081, 0.091
Node_ProtG32_ProtG37_0, 0.144, 0, 0.039, 0.029, 0.143, 0, 0.144, 0.135, 0.011
Node_ProtG32_ProtG43_0, 0.183, 0, 0.005, 0.032, 0.182, 0, 0.183, 0.14, 0.044
Node_ProtG33_ProtG48_0, 0.206, 0, 0.086, 0.036, 0.204, 0, 0.206, 0.143, 0.065
Node_ProtG33_ProtG67_0, 0.227, 0, 0.019, 0.034, 0.207, 0, 0.227, 0.155, 0.074
Node_ProtG33_ProtG7_0, 0.373, 0.001, 0.011, 0.072, 0.372, 0, 0.373, 0.198, 0.177
Node_ProtG35_ProtG81_0, 0.004, 0, 0.009, 0.001, 0.004, 0, 0.004, 0.002, 0.002
Node_ProtG36_ProtG20_0, 0.001, 0, 0.001, 0, 0.001, 0, 0.001, 0, 0.001
Node_ProtG36_ProtG24_0, 0.002, 0, 0.001, 0.001, 0.002, 0, 0.002, 0.001, 0.002
Node_ProtG36_ProtG38_0, 0.001, 0, 0.004, 0.002, 0.001, 0, 0.001, 0, 0.002
Node_ProtG36_ProtG65_0, 0.001, 0, 0.004, 0.004, 0.001, 0, 0.001, 0.001, 0.003
Node_ProtG37_ProtG41_0, 0, 0, 0.003, 0.004, 0, 0, 0, 0, 0.001
Node_ProtG37_ProtG51_0, 0, 0, 0.005, 0.005, 0, 0, 0, 0, 0.005
Node_ProtG37_ProtG53_0, 0.022, 0, 0.13, 0.029, 0.022, 0, 0.022, 0.017, 0.008
Node_ProtG37_ProtG8_0, 0.002, 0, 0.023, 0.014, 0.002, 0, 0.002, 0.001, 0.003
Node_ProtG38_ProtG28_0, 0.001, 0, 0.001, 0.002, 0.001, 0, 0.001, 0, 0.001
Node_ProtG38_ProtG46_0, 0, 0, 0.003, 0.003, 0, 0, 0, 0, 0.002
Node_ProtG39_ProtG15_0, 0.002, 0, 0.002, 0.003, 0.002, 0, 0.002, 0, 0.004
Node_ProtG41_ProtG40_0, 0.001, 0, 0.004, 0.008, 0.001, 0, 0.001, 0, 0.005
Node_ProtG42_ProtG74_0, 0.006, 0, 0.085, 0.014, 0.006, 0, 0.006, 0.006, 0
Node_ProtG43_ProtG55_0, 0.006, 0, 0.179, 0.023, 0.006, 0, 0.006, 0.005, 0.002
Node_ProtG44_ProtG22_0, 0.153, 0, 0.004, 0.006, 0.153, 0, 0.153, 0.036, 0.119
Node_ProtG45_ProtG66_0, 0.022, 0, 0.005, 0.023, 0.022, 0, 0.022, 0.007, 0.015
Node_ProtG45_ProtG75_0, 0.015, 0, 0.02, 0.011, 0.015, 0, 0.015, 0.003, 0.013
Node_ProtG47_ProtG62_0, 0.001, 0, 0.011, 0.007, 0.001, 0, 0.001, 0, 0.006
Node_ProtG48_ProtG1_0, 0.024, 0, 0.194, 0.046, 0.024, 0, 0.024, 0.019, 0.012
Node_ProtG48_ProtG25_0, 0.014, 0, 0.023, 0.022, 0.014, 0, 0.014, 0.006, 0.013
Node_ProtG48_ProtG6_0, 0.007, 0, 0.011, 0.013, 0.007, 0, 0.007, 0.005, 0.004
Node_ProtG49_ProtG29_0, 0.003, 0, 0.004, 0.003, 0.003, 0, 0.003, 0.003, 0.003
Node_ProtG53_ProtG27_0, 0.004, 0, 0.024, 0.013, 0.004, 0, 0.004, 0.001, 0.006
Node_ProtG53_ProtG70_0, 0.001, 0, 0.005, 0.004, 0.001, 0, 0.001, 0.001, 0.002
Node_ProtG58_ProtG59_0, 1.003, 0, 0.035, 0.013, 1, 0, 1.003, 0.997, 0.009
Node_ProtG59_ProtG73_0, 1.005, 0.002, 0.006, 0.007, 1, 0, 1.005, 0.999, 0.006
Node_ProtG61_ProtG60_0, 1.001, 0, 0.003, 0.04, 0.998, 0, 1.001, 0.171, 0.833
Node_ProtG61_ProtG72_0, 0.028, 0, 0.005, 0.005, 0.028, 0, 0.028, 0.007, 0.024
Node_ProtG61_ProtG78_0, 0.171, 0, 0.006, 0.013, 0.171, 0, 0.171, 0.027, 0.149
Node_ProtG62_ProtG77_0, 0.001, 0, 0.004, 0.003, 0.001, 0, 0.001, 0, 0.004
Node_ProtG65_ProtG69_0, 0.002, 0, 0.004, 0.006, 0.002, 0, 0.002, 0, 0.005
Node_ProtG66_ProtG68_0, 0.997, 0.004, 0.004, 0.153, 0.994, 0, 0.997, 0.02, 0.975
Node_ProtG67_ProtG63_0, 0.365, 0, 0.152, 0.041, 0.33, 0, 0.365, 0.086, 0.29
Node_ProtG80_ProtG57_0, 0.015, 0, 0.53, 0.024, 0.015, 0, 0.015, 0.011, 0.008
Node_ProtG81_ProtG79_0, 0.002, 0, 0.005, 0.004, 0.002, 0, 0.002, 0, 0.003
Node_ProtG83_ProtG52_0, 1.843, 0.197, 0.03, 1.138, 0.999, 0, 1.843, 1.392, 0.077
Node_ProtG83_ProtG89_0, 1.599, 0.434, 0.011, 0.449, 1, 0, 1.599, 0.399, 0.743
Node_ProtG84_ProtG11_0, 0.356, 0, 0.239, 0.089, 0.353, 0, 0.356, 0.198, 0.162
Node_ProtG84_ProtG83_0, 0.433, 0.136, 0.007, 0.099, 0.29, 0, 0.433, 0.06, 0.211
Node_ProtG84_ProtG90_0, 0.093, 0.004, 0.004, 0.021, 0.088, 0, 0.093, 0.027, 0.064
Node_ProtG85_ProtG56_0, 1.032, 0, 0.059, 0.054, 1, 0, 1.032, 0.99, 0.044
Node_ProtG85_ProtG58_0, 1.029, 0.024, 0.002, 0.072, 0.996, 0, 1.029, 0.641, 0.348
Node_ProtG85_ProtG86_0, 1.016, 0.005, 0.028, 0.024, 1, 0, 1.016, 1.005, 0.007
Node_ProtG85_ProtG88_0, 1.047, 0.011, 0.008, 0.055, 0.998, 0, 1.047, 1.012, 0.015
Node_ProtG85_ProtG91_0, 1.002, 0.005, 0.022, 0.323, 1, 0, 1.002, 0.996, 0.003
Node_ProtG86_ProtG82_0, 1.001, 0.002, 0.021, 0.369, 1, 0, 1.001, 0.998, 0.004
Node_ProtG87_ProtG3_0, 0.001, 0, 0.006, 0.006, 0.001, 0, 0.001, 0, 0.003
Node_ProtG87_ProtG4_0, 0.004, 0, 0.005, 0.008, 0.004, 0, 0.004, 0, 0.009
Node_ProtG89_ProtG13_0, 1.03, 0.002, 0.577, 0.227, 1, 0, 1.03, 1.021, 0.006
Node_ProtG90_ProtG54_0, 0.008, 0, 0.089, 0.026, 0.008, 0, 0.008, 0.006, 0.004
Node_ProtM1_ProtM2_0, 0.004, 0, 0.028, 0.02, 0.004, 0, 0.004, 0.004, 0.003
Node_ProtM1_ProtM3_0, 0.029, 0, 0.155, 0.112, 0.029, 0, 0.029, 0.028, 0.005
Node_ProtZ1_ProtZ4_0, 1.549, 0.001, 0.008, 0.007, 1, 0, 1.549, 1.501, 0.049
Node_ProtZ3_ProtZ1_0, 1.507, 0.506, 0.027, 0.181, 0.998, 0, 1.507, 0.485, 0.023
Node_ProtZ3_ProtZ2_0, 1.005, 0.021, 0.025, 0.883, 0.985, 0, 1.005, 0.572, 0.407
Node_SAR3X2_BMS3X1_0, 0.133, 0, 0.644, 0.248, 0.133, 0, 0.133, 0.133, 0.001
Node_SAR3X2_SAR3X1_0, 0.033, 0, 0.101, 0.084, 0.033, 0, 0.033, 0.033, 0.001
Node_SM23X1_AABM5X1_0, 0.002, 0, 0.005, 0.002, 0.002, 0, 0.002, 0.002, 0
Node_SM23X1_Aero1_0, 0.211, 0.001, 0.307, 0.174, 0.207, 0, 0.211, 0.207, 0.002
Node_SM23X1_Bact27_0, 0.007, 0, 0.003, 0.002, 0.007, 0, 0.007, 0.004, 0.003
Node_SM23X1_Caldit2_0, 0.001, 0, 0.002, 0.002, 0.001, 0, 0.001, 0, 0.001
Node_SM23X1_Fibr4_0, 0.007, 0, 0.002, 0.001, 0.007, 0, 0.007, 0.003, 0.004
Node_SM23X1_Hydr2_0, 0.081, 0.001, 0.131, 0.084, 0.081, 0, 0.081, 0.081, 0
Node_SM23X1_KSB1X2_0, 0.002, 0, 0.001, 0.001, 0.002, 0, 0.002, 0, 0.002
Node_SM23X1_KSB1X3_0, 0, 0, 0.003, 0.002, 0, 0, 0, 0, 0.001
Node_SM23X1_P4572X1_0, 0.004, 0, 0.003, 0.001, 0.004, 0, 0.004, 0.002, 0.003
Node_SM23X1_Pori1_0, 0.03, 0, 0.053, 0.041, 0.03, 0, 0.03, 0.028, 0.002
Node_SM23X1_RBG1_0, 0.008, 0, 0.023, 0.019, 0.008, 0, 0.008, 0.008, 0.001
Node_SM23X1_TA06X1_0, 0.004, 0, 0.005, 0.01, 0.004, 0, 0.004, 0.004, 0.001
Node_SM23X1_Zixi5_0, 0.005, 0, 0.001, 0.001, 0.005, 0, 0.005, 0.003, 0.002
Node_Spir10_Lind1_0, 0.575, 0.005, 0.02, 0.126, 0.568, 0.002, 0.575, 0.485, 0.085
Node_Spir10_Spir11_0, 0.112, 0.001, 0.49, 0.24, 0.11, 0, 0.112, 0.111, 0
Node_Spir10_Spir12_0, 0.044, 0.002, 0.07, 0.091, 0.043, 0, 0.044, 0.042, 0
Node_Spir10_Spir13_0, 0.003, 0, 0.013, 0.013, 0.003, 0, 0.003, 0.001, 0.005
Node_Spir10_Spir15_0, 0.601, 0.021, 0.011, 0.115, 0.575, 0, 0.601, 0.544, 0.016
Node_Spir10_Spir3_0, 0.003, 0, 0.007, 0.006, 0.003, 0, 0.003, 0.001, 0.007
Node_Spir10_Spir8_0, 0.011, 0, 0.034, 0.037, 0.011, 0, 0.011, 0.011, 0.001
Node_Spir13_Spir2_0, 0, 0, 0.005, 0.005, 0, 0, 0, 0, 0.002
Node_Spir15_Spir4_0, 0.677, 0.028, 0.003, 0.168, 0.624, 0, 0.677, 0.572, 0.051
Node_Spir15_Spir9_0, 0.971, 0.022, 0.005, 0.194, 0.886, 0, 0.971, 0.664, 0.277
Node_Sume1_OLB1X1_0, 0.002, 0, 0.006, 0.002, 0.002, 0, 0.002, 0.001, 0.001
Node_Sume1_UBP4X1_0, 0.001, 0, 0.003, 0.002, 0.001, 0, 0.001, 0, 0.002
Node_Syne1_Calda2_0, 0.003, 0, 0.01, 0.008, 0.003, 0, 0.003, 0.003, 0.001
Node_Syne1_Cyan40_0, 0.036, 0, 0.028, 0.037, 0.035, 0.001, 0.036, 0.036, 0
Node_Syne1_Dein5_0, 0.012, 0, 0.025, 0.018, 0.012, 0, 0.012, 0.012, 0.001
Node_Syne1_Syne2_0, 0.003, 0, 0.003, 0.006, 0.003, 0, 0.003, 0, 0.005
Node_Syne1_Syne4_0, 0.002, 0, 0.001, 0.002, 0.002, 0, 0.002, 0.001, 0.002
Node_Syne1_Syne6_0, 0, 0, 0.006, 0.005, 0, 0, 0, 0, 0.004
Node_Syne1_Syne7_0, 0.001, 0, 0.003, 0.004, 0.001, 0, 0.001, 0, 0.004
Node_Syne1_Syne9_0, 0.001, 0, 0.004, 0.005, 0.001, 0, 0.001, 0.001, 0.002
Node_Syne2_Syne8_0, 0.004, 0, 0.006, 0.007, 0.004, 0, 0.004, 0.001, 0.007
Node_Syne4_Syne5_0, 0.001, 0, 0.006, 0.01, 0.001, 0, 0.001, 0, 0.005
Node_Syne7_Syne10_0, 0.002, 0, 0.007, 0.006, 0.002, 0, 0.002, 0, 0.008
Node_Syne8_Syne3_0, 0.004, 0, 0.006, 0.006, 0.004, 0, 0.004, 0.002, 0.006
Node_TA06X1_Cloa1_0, 0.001, 0, 0.004, 0.002, 0.001, 0, 0.001, 0.001, 0.001
Node_TA06X1_Edwa1_0, 0.003, 0, 0, 0.001, 0.003, 0, 0.003, 0.001, 0.002
Node_TA06X1_WOR1_0, 0.002, 0, 0.002, 0.002, 0.002, 0, 0.002, 0.001, 0.001
Node_Therd1_Dict1_0, 0, 0, 0.001, 0, 0, 0, 0, 0, 0
Node_Therg2_Therg4_0, 0, 0, 0.003, 0.004, 0, 0, 0, 0, 0.003
Node_Therg3_Therg5_0, 0.001, 0, 0.004, 0.003, 0.001, 0, 0.001, 0.001, 0.002
Node_Therg8_Therg2_0, 0, 0, 0.003, 0.001, 0, 0, 0, 0, 0
Node_Therg8_Therg3_0, 0.003, 0, 0.002, 0.003, 0.003, 0, 0.003, 0, 0.005
Node_Therg8_Therg6_0, 0, 0, 0.005, 0.004, 0, 0, 0, 0, 0.002
Node_Thers1_Desua45_0, 0.021, 0, 0.054, 0.046, 0.02, 0, 0.021, 0.018, 0.004
Node_UBA1X2_UBA1X3_0, 0.026, 0, 0.239, 0.042, 0.026, 0, 0.026, 0.026, 0.001
Node_UBA1X2_UBA1X5_0, 0.011, 0, 0.016, 0.02, 0.011, 0, 0.011, 0.01, 0.001
Node_UBA1X5_UBA1X4_0, 0.003, 0, 0.014, 0.006, 0.003, 0, 0.003, 0.003, 0.006
Node_UBA1X6_UBA1X1_0, 0.374, 0, 0.016, 0.042, 0.374, 0, 0.374, 0.253, 0.126
Node_UBA1X6_UBA1X2_0, 0.264, 0.001, 0.029, 0.041, 0.263, 0, 0.264, 0.244, 0.019
Node_UBA2X1_DesuD2_0, 0.963, 0.004, 0.075, 0.209, 0.957, 0, 0.963, 0.958, 0.002
Node_UBA2X1_Desua22_0, 1.032, 0.028, 0.037, 0.336, 0.993, 0, 1.032, 0.955, 0.025
Node_UBA2X1_Desua28_0, 0.964, 0.004, 0.008, 0.168, 0.96, 0, 0.964, 0.955, 0.005
Node_UBA2X1_SZUA2_0, 0.057, 0, 0.911, 0.16, 0.057, 0, 0.057, 0.057, 0.004
Node_UBA6X1_Desa1_0, 0.01, 0, 0.058, 0.02, 0.009, 0, 0.01, 0.01, 0
Node_UBA6X1_Elus1_0, 0.004, 0, 0.006, 0.008, 0.004, 0, 0.004, 0.004, 0
Node_UBA6X1_Gold1_0, 0.068, 0.001, 0.041, 0.027, 0.067, 0, 0.068, 0.064, 0.002
Node_UBA9X1_UBA9X3_0, 0.008, 0, 0.019, 0.013, 0.008, 0, 0.008, 0.008, 0.001
Node_UBA9X3_UBA9X2_0, 0.006, 0, 0.004, 0.006, 0.006, 0, 0.006, 0.006, 0.002
Node_Verr11_Aure2_0, 0.036, 0.002, 0.007, 0.024, 0.035, 0, 0.036, 0.016, 0.019
Node_Verr11_Aure3_0, 0.022, 0, 0.006, 0.009, 0.022, 0, 0.022, 0.012, 0.011
Node_Verr11_Omni4_0, 0.017, 0, 0.012, 0.009, 0.017, 0, 0.017, 0.012, 0.005
Node_Verr11_Verr12_0, 1.001, 0, 0.01, 0.015, 0.998, 0, 1.001, 0.999, 0.008
Node_Verr11_Verr14_0, 1.003, 0.001, 0.004, 0.006, 1, 0, 1.003, 0.998, 0.004
Node_Verr11_Verr7_0, 0.318, 0.008, 0.013, 0.176, 0.313, 0, 0.318, 0.084, 0.229
Node_Verr11_Verr8_0, 0.094, 0.003, 0.002, 0.035, 0.091, 0, 0.094, 0.033, 0.057
Node_Verr11_Verr9_0, 1.002, 0.005, 0.01, 0.456, 1, 0, 1.002, 0.312, 0.689
Node_Verr3_Verr10_0, 0.213, 0, 0.007, 0.034, 0.213, 0, 0.213, 0.053, 0.161
Node_Verr5_Verr6_0, 0.007, 0, 0.044, 0.029, 0.007, 0, 0.007, 0.006, 0.005
Node_Verr7_Verr13_0, 0.012, 0, 0.041, 0.032, 0.012, 0, 0.012, 0.01, 0.003
Node_Verr7_Verr2_0, 1.008, 0.004, 0.016, 0.024, 1, 0, 1.008, 0.004, 1.008
Node_Verr7_Verr4_0, 0.05, 0, 0.27, 0.128, 0.05, 0, 0.05, 0.049, 0.002
Node_Verr8_Verr3_0, 0.059, 0, 0.01, 0.015, 0.058, 0, 0.059, 0.037, 0.023
Node_Verr8_Verr5_0, 0.046, 0.001, 0.054, 0.041, 0.044, 0, 0.046, 0.04, 0.005
Node_WOR1_WOR2_0, 0.005, 0, 0.001, 0.002, 0.005, 0, 0.005, 0.002, 0.004
Node_WOR1_WOR3_0, 0.001, 0, 0.03, 0.006, 0.001, 0, 0.001, 0.001, 0.003
Node_WOR1_WOR6_0, 0.028, 0, 0.006, 0.006, 0.028, 0, 0.028, 0.003, 0.029
Node_WOR2_WOR4_0, 0.003, 0, 0.006, 0.003, 0.003, 0, 0.003, 0, 0.004
Node_WOR6_WOR7_0, 0.152, 0, 0.005, 0.008, 0.152, 0, 0.152, 0.027, 0.129
Node_Wall1_Fuso2_0, 0.012, 0, 0.051, 0.023, 0.012, 0, 0.012, 0.012, 0
Node_Wall1_Muir1_0, 0.001, 0, 0.005, 0.006, 0.001, 0, 0.001, 0.001, 0
Node_Wall1_Rifl1_0, 0.006, 0, 0.011, 0.013, 0.006, 0, 0.006, 0.005, 0.005
Node_Wall1_Syne1_0, 0.063, 0.002, 0.131, 0.061, 0.062, 0, 0.063, 0.06, 0
Node_Zixi2_Zixi1_0, 0.002, 0, 0, 0, 0.002, 0, 0.002, 0, 0.002
Node_Zixi4_Zixi2_0, 0, 0, 0.002, 0.003, 0, 0, 0, 0, 0.002
Node_Zixi4_Zixi3_0, 0, 0, 0.002, 0.002, 0, 0, 0, 0, 0.002
Node_Zixi5_Late2_0, 0.001, 0, 0.005, 0.004, 0.001, 0, 0.001, 0, 0.001
Node_Zixi5_UBP14X1_0, 0, 0, 0.002, 0.001, 0, 0, 0, 0, 0.001
Node_Zixi5_Zixi4_0, 0, 0, 0.003, 0.003, 0, 0, 0, 0, 0.003
Node_chloroArabidopsis_chloroBryophyte_0, 0.006, 0, 0.003, 0.003, 0.006, 0, 0.006, 0.001, 0.007
Node_chloroArabidopsis_chloroChlorophyta_0, 0.002, 0, 0.007, 0.006, 0.002, 0, 0.002, 0.001, 0.005
Node_chloroArabidopsis_chloroLycophyte_0, 0.005, 0, 0.01, 0.011, 0.005, 0, 0.005, 0.002, 0.009
Node_chloroArabidopsis_chloroRedAlgae_0, 0.004, 0, 0.002, 0.001, 0.004, 0, 0.004, 0, 0.005
Node_mitoAnnelida_mitoChelicerate_0, 0.001, 0, 0.006, 0.005, 0.001, 0, 0.001, 0, 0.005
Node_mitoAnnelida_mitoMollusc_0, 0, 0, 0.01, 0.01, 0, 0, 0, 0, 0.008
Node_mitoAnnelida_mitoPriapulid_0, 0.002, 0, 0.005, 0.008, 0.002, 0, 0.002, 0, 0.006
Node_mitoArabidopsis_mitoLycophyte_0, 0.003, 0, 0.006, 0.006, 0.003, 0, 0.003, 0.001, 0.006
Node_mitoBryophyte_mitoArabidopsis_0, 0.003, 0, 0.007, 0.007, 0.003, 0, 0.003, 0, 0.009
Node_mitoBryophyte_mitoChlorophyta_0, 0.001, 0, 0.003, 0.003, 0.001, 0, 0.001, 0.001, 0.002
Node_mitoBryophyte_mitoExcavata_0, 0.001, 0, 0.016, 0.005, 0.001, 0, 0.001, 0.001, 0
Node_mitoBryophyte_mitoParamecium_0, 0.003, 0, 0.002, 0.001, 0.003, 0, 0.003, 0, 0.004
Node_mitoBryophyte_mitoRedAlgae_0, 0.002, 0, 0.005, 0.006, 0.002, 0, 0.002, 0.001, 0.004
Node_mitoChelicerate_mitoInsect_0, 0, 0, 0.003, 0.002, 0, 0, 0, 0, 0.002
Node_mitoFungi_mitoAnnelida_0, 0.002, 0.001, 0.016, 0.02, 0.002, 0, 0.002, 0.001, 0
Node_mitoFungi_mitoBryophyte_0, 0.017, 0, 0.068, 0.051, 0.017, 0, 0.017, 0.015, 0.004
OLB1X1, 0, 0, 0.007, 0.008, 0, 0, 0, 0, 0.005
Omni2, 0, 0, 0.008, 0.007, 0, 0, 0, 0, 0.006
Omni3, 0, 0, 0.008, 0.009, 0, 0, 0, 0, 0.008
Omni4, 0, 0, 0.005, 0.006, 0, 0, 0, 0, 0.003
Omni6, 0, 0, 0.006, 0.005, 0, 0, 0, 0, 0.004
Omni7, 0, 0, 0.003, 0.004, 0, 0, 0, 0, 0.003
Omni8, 0, 0, 0.006, 0.006, 0, 0, 0, 0, 0.004
P4572X1, 0, 0, 0.005, 0.006, 0, 0, 0, 0, 0.005
Pate1, 0, 0, 0.01, 0.008, 0, 0, 0, 0, 0.007
Pate10, 0, 0, 0.009, 0.009, 0, 0, 0, 0, 0.008
Pate11, 0, 0, 0.011, 0.011, 0, 0, 0, 0, 0.008
Pate12, 0, 0, 0.007, 0.008, 0, 0, 0, 0, 0.006
Pate13, 0, 0, 0.011, 0.011, 0, 0, 0, 0, 0.009
Pate14, 0, 0, 0.005, 0.005, 0, 0, 0, 0, 0.004
Pate15, 0, 0, 0.006, 0.005, 0, 0, 0, 0, 0.003
Pate17, 0, 0, 0.008, 0.009, 0, 0, 0, 0, 0.006
Pate18, 0, 0, 0.007, 0.007, 0, 0, 0, 0, 0.005
Pate19, 0, 0, 0.013, 0.011, 0, 0, 0, 0, 0.006
Pate21, 0, 0, 0.009, 0.012, 0, 0, 0, 0, 0.007
Pate22, 0, 0, 0.004, 0.004, 0, 0, 0, 0, 0.003
Pate23, 0, 0, 0.006, 0.008, 0, 0, 0, 0, 0.005
Pate24, 0, 0, 0.017, 0.017, 0, 0, 0, 0, 0.014
Pate25, 0, 0, 0.007, 0.007, 0, 0, 0, 0, 0.005
Pate26, 0, 0, 0.007, 0.008, 0, 0, 0, 0, 0.006
Pate27, 0, 0, 0.006, 0.006, 0, 0, 0, 0, 0.004
Pate28, 0, 0, 0.005, 0.004, 0, 0, 0, 0, 0.003
Pate29, 0, 0, 0.009, 0.008, 0, 0, 0, 0, 0.006
Pate3, 0, 0, 0.013, 0.013, 0, 0, 0, 0, 0.01
Pate30, 0, 0, 0.008, 0.01, 0, 0, 0, 0, 0.008
Pate31, 0, 0, 0.002, 0, 0, 0, 0, 0, 0
Pate32, 0, 0, 0.008, 0.008, 0, 0, 0, 0, 0.007
Pate33, 0, 0, 0.006, 0.004, 0, 0, 0, 0, 0.004
Pate34, 0, 0, 0.007, 0.006, 0, 0, 0, 0, 0.005
Pate35, 0, 0, 0.008, 0.008, 0, 0, 0, 0, 0.007
Pate36, 0, 0, 0.005, 0.004, 0, 0, 0, 0, 0.004
Pate37, 0, 0, 0.011, 0.011, 0, 0, 0, 0, 0.004
Pate38, 0, 0, 0.006, 0.008, 0, 0, 0, 0, 0.004
Pate39, 0, 0, 0.005, 0.003, 0, 0, 0, 0, 0.002
Pate4, 0, 0, 0.012, 0.014, 0, 0, 0, 0, 0.01
Pate40, 0, 0, 0.01, 0.011, 0, 0, 0, 0, 0.008
Pate41, 0, 0, 0.005, 0.004, 0, 0, 0, 0, 0.003
Pate43, 0, 0, 0.01, 0.009, 0, 0, 0, 0, 0.007
Pate44, 0, 0, 0.009, 0.009, 0, 0, 0, 0, 0.008
Pate45, 0, 0, 0.017, 0.023, 0, 0, 0, 0, 0.014
Pate46, 0, 0, 0.011, 0.015, 0, 0, 0, 0, 0.009
Pate48, 0, 0, 0.012, 0.011, 0, 0, 0, 0, 0.011
Pate49, 0, 0, 0.011, 0.012, 0, 0, 0, 0, 0.009
Pate5, 0, 0, 0.01, 0.007, 0, 0, 0, 0, 0.007
Pate50, 0, 0, 0.01, 0.011, 0, 0, 0, 0, 0.007
Pate51, 0, 0, 0.006, 0.007, 0, 0, 0, 0, 0.004
Pate52, 0, 0, 0.006, 0.006, 0, 0, 0, 0, 0.003
Pate53, 0, 0, 0.006, 0.006, 0, 0, 0, 0, 0.003
Pate54, 0, 0, 0.006, 0.01, 0, 0, 0, 0, 0.004
Pate55, 0, 0, 0.007, 0.008, 0, 0, 0, 0, 0.005
Pate56, 0, 0, 0.007, 0.006, 0, 0, 0, 0, 0.005
Pate57, 0, 0, 0.004, 0.005, 0, 0, 0, 0, 0.001
Pate6, 0, 0, 0.008, 0.009, 0, 0, 0, 0, 0.006
Pate7, 0, 0, 0.01, 0.012, 0, 0, 0, 0, 0.01
Pate8, 0, 0, 0.006, 0.004, 0, 0, 0, 0, 0.004
Pate9, 0, 0, 0.004, 0.004, 0, 0, 0, 0, 0.003
Plan12, 0, 0, 0.007, 0.008, 0, 0, 0, 0, 0.004
Plan14, 0, 0, 0.009, 0.011, 0, 0, 0, 0, 0.007
Plan16, 0, 0, 0.005, 0.006, 0, 0, 0, 0, 0.004
Plan17, 0, 0, 0.006, 0.007, 0, 0, 0, 0, 0.006
Plan18, 0, 0, 0.011, 0.014, 0, 0, 0, 0, 0.01
Plan2, 0, 0, 0.029, 0.022, 0, 0, 0, 0, 0.009
Plan21, 0, 0, 0.008, 0.009, 0, 0, 0, 0, 0.005
Plan22, 0, 0, 0.022, 0.014, 0, 0, 0, 0, 0.002
Plan23, 0, 0, 0.002, 0.002, 0, 0, 0, 0, 0.002
Plan26, 0, 0, 0.004, 0.004, 0, 0, 0, 0, 0.002
Plan27, 1, 0, 0.003, 0.052, 1, 0, 1, 0.019, 0.984
Plan3, 0, 0, 0.008, 0.007, 0, 0, 0, 0, 0.003
Plan30, 0, 0, 0.008, 0.008, 0, 0, 0, 0, 0.006
Plan31, 0, 0, 0.006, 0.007, 0, 0, 0, 0, 0.004
Plan32, 0, 0, 0.008, 0.01, 0, 0, 0, 0, 0.005
Plan33, 0, 0, 0.004, 0.004, 0, 0, 0, 0, 0.004
Plan39, 0, 0, 0.005, 0.002, 0, 0, 0, 0, 0.001
Plan4, 1, 0, 0.006, 0.191, 1, 0, 1, 0.236, 0.767
Plan40, 0, 0, 0.004, 0.005, 0, 0, 0, 0, 0.004
Plan42, 0, 0, 0.001, 0.003, 0, 0, 0, 0, 0.001
Plan43, 0, 0, 0.006, 0.006, 0, 0, 0, 0, 0.005
Plan44, 0, 0, 0.007, 0.007, 0, 0, 0, 0, 0.007
Plan5, 0, 0, 0.008, 0.006, 0, 0, 0, 0, 0.006
Plan7, 0, 0, 0.014, 0.014, 0, 0, 0, 0, 0.009
Pori1, 0, 0, 0.006, 0.006, 0, 0, 0, 0, 0.001
Pori2, 0, 0, 0.01, 0.006, 0, 0, 0, 0, 0.005
ProtA10, 0, 0, 0.01, 0.011, 0, 0, 0, 0, 0.007
ProtA11, 0, 0, 0.003, 0.004, 0, 0, 0, 0, 0.002
ProtA12, 0, 0, 0.004, 0.004, 0, 0, 0, 0, 0.004
ProtA13, 0, 0, 0.004, 0.005, 0, 0, 0, 0, 0.004
ProtA14, 0, 0, 0.011, 0.008, 0, 0, 0, 0, 0.006
ProtA15, 0, 0, 0.006, 0.006, 0, 0, 0, 0, 0.005
ProtA16, 0, 0, 0.006, 0.008, 0, 0, 0, 0, 0.006
ProtA18, 0, 0, 0.004, 0.001, 0, 0, 0, 0, 0.001
ProtA19, 0, 0, 0.009, 0.008, 0, 0, 0, 0, 0.005
ProtA2, 1, 0, 0.006, 0.006, 1, 0, 1, 0.052, 0.952
ProtA20, 0, 0, 0.006, 0.007, 0, 0, 0, 0, 0.005
ProtA21, 0, 0, 0.007, 0.009, 0, 0, 0, 0, 0.005
ProtA24, 0, 0, 0.007, 0.01, 0, 0, 0, 0, 0.003
ProtA26, 0, 0, 0.004, 0.004, 0, 0, 0, 0, 0.003
ProtA27, 0, 0, 0.006, 0.005, 0, 0, 0, 0, 0.004
ProtA29, 0, 0, 0.008, 0.007, 0, 0, 0, 0, 0.005
ProtA3, 0, 0, 0.009, 0.008, 0, 0, 0, 0, 0.007
ProtA30, 0, 0, 0.003, 0.003, 0, 0, 0, 0, 0.002
ProtA31, 0, 0, 0.005, 0.004, 0, 0, 0, 0, 0.004
ProtA32, 0, 0, 0.004, 0.004, 0, 0, 0, 0, 0.003
ProtA33, 0, 0, 0.004, 0.005, 0, 0, 0, 0, 0.003
ProtA34, 0, 0, 0.005, 0.005, 0, 0, 0, 0, 0.004
ProtA35, 0, 0, 0.006, 0.005, 0, 0, 0, 0, 0.005
ProtA36, 0, 0, 0.004, 0.004, 0, 0, 0, 0, 0.002
ProtA37, 0, 0, 0.006, 0.005, 0, 0, 0, 0, 0.005
ProtA39, 0, 0, 0.01, 0.011, 0, 0, 0, 0, 0.008
ProtA40, 0, 0, 0.002, 0.003, 0, 0, 0, 0, 0.002
ProtA41, 0, 0, 0.002, 0.003, 0, 0, 0, 0, 0.002
ProtA42, 0, 0, 0.005, 0.005, 0, 0, 0, 0, 0.004
ProtA43, 0, 0, 0.006, 0.006, 0, 0, 0, 0, 0.005
ProtA44, 0, 0, 0.004, 0.007, 0, 0, 0, 0, 0.003
ProtA45, 0, 0, 0.005, 0.003, 0, 0, 0, 0, 0.002
ProtA46, 0, 0, 0.008, 0.009, 0, 0, 0, 0, 0.007
ProtA47, 1, 0, 0.012, 0.032, 1, 0, 1, 0.882, 0.122
ProtA48, 0, 0, 0.181, 0.029, 0, 0, 0, 0, 0.004
ProtA49, 0, 0, 0.007, 0.009, 0, 0, 0, 0, 0.003
ProtA5, 0, 0, 0.004, 0.004, 0, 0, 0, 0, 0.003
ProtA50, 0, 0, 0.005, 0.006, 0, 0, 0, 0, 0.005
ProtA51, 0, 0, 0.004, 0.003, 0, 0, 0, 0, 0.003
ProtA52, 0, 0, 0.005, 0.004, 0, 0, 0, 0, 0.003
ProtA53, 0, 0, 0.007, 0.006, 0, 0, 0, 0, 0.005
ProtA54, 0, 0, 0.004, 0.004, 0, 0, 0, 0, 0.004
ProtA55, 0, 0, 0.003, 0.002, 0, 0, 0, 0, 0.002
ProtA56, 0, 0, 0.007, 0.008, 0, 0, 0, 0, 0.005
ProtA57, 0, 0, 0.005, 0.004, 0, 0, 0, 0, 0.003
ProtA58, 0, 0, 0.003, 0.002, 0, 0, 0, 0, 0.001
ProtA60, 0, 0, 0.009, 0.006, 0, 0, 0, 0, 0.002
ProtA61, 0, 0, 0.003, 0.003, 0, 0, 0, 0, 0.003
ProtA62, 1, 0.001, 0.112, 0.151, 1, 0, 1, 0.943, 0.058
ProtA63, 0, 0, 0.893, 0.034, 0, 0, 0, 0, 0.003
ProtA64, 0, 0, 0.008, 0.008, 0, 0, 0, 0, 0.007
ProtA66, 0, 0, 0.003, 0.003, 0, 0, 0, 0, 0.003
ProtA67, 0, 0, 0.005, 0.005, 0, 0, 0, 0, 0.005
ProtA68, 0, 0, 0.056, 0.004, 0, 0, 0, 0, 0.002
ProtA69, 0, 0, 0.003, 0.003, 0, 0, 0, 0, 0.003
ProtA7, 0, 0, 0.007, 0.008, 0, 0, 0, 0, 0.005
ProtA70, 0, 0, 0.008, 0.007, 0, 0, 0, 0, 0.006
ProtA71, 1, 0.002, 0.006, 0.105, 1, 0, 1, 0.343, 0.66
ProtA72, 0, 0, 0.004, 0.004, 0, 0, 0, 0, 0.002
ProtA74, 0, 0, 0.006, 0.007, 0, 0, 0, 0, 0.002
ProtA75, 0, 0, 0.008, 0.006, 0, 0, 0, 0, 0.005
ProtA76, 0, 0, 0.348, 0.181, 0, 0, 0, 0, 0.004
ProtA77, 0, 0, 0.006, 0.006, 0, 0, 0, 0, 0.005
ProtA8, 0, 0, 0.004, 0.002, 0, 0, 0, 0, 0.001
ProtA9, 0, 0, 0.013, 0.014, 0, 0, 0, 0, 0.006
ProtG1, 0, 0, 0.028, 0.014, 0, 0, 0, 0, 0.004
ProtG10, 0, 0, 0.008, 0.007, 0, 0, 0, 0, 0.004
ProtG11, 0, 0, 0.363, 0.058, 0, 0, 0, 0, 0.007
ProtG12, 0, 0, 0.006, 0.007, 0, 0, 0, 0, 0.006
ProtG13, 1, 0, 0.038, 0.029, 1, 0, 1, 1, 0.008
ProtG14, 0, 0, 0.008, 0.006, 0, 0, 0, 0, 0.005
ProtG15, 0, 0, 0.005, 0.006, 0, 0, 0, 0, 0.003
ProtG16, 0, 0, 0.006, 0.002, 0, 0, 0, 0, 0.001
ProtG17, 0, 0, 0.01, 0.01, 0, 0, 0, 0, 0.005
ProtG18, 0, 0, 0.01, 0.01, 0, 0, 0, 0, 0.007
ProtG19, 0, 0, 0.004, 0.004, 0, 0, 0, 0, 0.004
ProtG20, 0, 0, 0.005, 0.006, 0, 0, 0, 0, 0.004
ProtG21, 0, 0, 0.007, 0.008, 0, 0, 0, 0, 0.004
ProtG22, 1, 0, 0.005, 0.009, 1, 0, 1, 0.151, 0.852
ProtG24, 0, 0, 0.007, 0.006, 0, 0, 0, 0, 0.006
ProtG25, 0, 0, 0.014, 0.014, 0, 0, 0, 0, 0.01
ProtG26, 1, 0, 0.006, 0.021, 1, 0, 1, 0.299, 0.705
ProtG27, 0, 0, 0.007, 0.005, 0, 0, 0, 0, 0.003
ProtG28, 0, 0, 0.003, 0.002, 0, 0, 0, 0, 0.002
ProtG29, 0, 0, 0.003, 0.004, 0, 0, 0, 0, 0.003
ProtG3, 0, 0, 0.005, 0.006, 0, 0, 0, 0, 0.004
ProtG30, 0, 0, 0.003, 0.004, 0, 0, 0, 0, 0.003
ProtG31, 0, 0, 0.043, 0.006, 0, 0, 0, 0, 0.005
ProtG32, 0, 0, 0.308, 0.01, 0, 0, 0, 0, 0.007
ProtG33, 1, 0, 0.005, 0.022, 1, 0, 1, 0.372, 0.632
ProtG34, 0, 0, 0.014, 0.01, 0, 0, 0, 0, 0.007
ProtG35, 0, 0, 0.008, 0.01, 0, 0, 0, 0, 0.004
ProtG36, 0, 0, 0.003, 0.002, 0, 0, 0, 0, 0.002
ProtG37, 0, 0, 0.003, 0.004, 0, 0, 0, 0, 0.003
ProtG38, 0, 0, 0.003, 0.004, 0, 0, 0, 0, 0.003
ProtG39, 0, 0, 0.003, 0.001, 0, 0, 0, 0, 0.001
ProtG4, 0, 0, 0.012, 0.013, 0, 0, 0, 0, 0.008
ProtG40, 0, 0, 0.007, 0.011, 0, 0, 0, 0, 0.006
ProtG41, 0, 0, 0.008, 0.008, 0, 0, 0, 0, 0.007
ProtG42, 0, 0, 0.01, 0.007, 0, 0, 0, 0, 0.004
ProtG43, 0, 0, 0.009, 0.012, 0, 0, 0, 0, 0.003
ProtG44, 0, 0, 0.156, 0.008, 0, 0, 0, 0, 0.003
ProtG45, 0, 0, 0.015, 0.005, 0, 0, 0, 0, 0
ProtG46, 0, 0, 0.003, 0.003, 0, 0, 0, 0, 0.003
ProtG47, 0, 0, 0.006, 0.007, 0, 0, 0, 0, 0.005
ProtG48, 0, 0, 0.012, 0.011, 0, 0, 0, 0, 0.005
ProtG49, 0, 0, 0.009, 0.011, 0, 0, 0, 0, 0.006
ProtG5, 0, 0, 0.007, 0.008, 0, 0, 0, 0, 0.007
ProtG50, 0, 0, 0.08, 0.014, 0, 0, 0, 0, 0.005
ProtG51, 0, 0, 0.005, 0.006, 0, 0, 0, 0, 0.005
ProtG52, 2, 0.006, 0.126, 1.032, 1, 0, 2, 1.719, 0.277
ProtG53, 0, 0, 0.003, 0.004, 0, 0, 0, 0, 0.002
ProtG54, 0, 0, 0.008, 0.008, 0, 0, 0, 0, 0
ProtG55, 0, 0, 0.009, 0.006, 0, 0, 0, 0, 0.003
ProtG56, 1, 0, 0.035, 0.027, 1, 0, 1, 1, 0.003
ProtG57, 0, 0, 0.018, 0.008, 0, 0, 0, 0, 0.003
ProtG58, 1, 0, 0.007, 0.006, 1, 0, 1, 1, 0.004
ProtG59, 1, 0, 0.008, 0.006, 1, 0, 1, 1, 0.003
ProtG6, 0, 0, 0.017, 0.017, 0, 0, 0, 0, 0.01
ProtG60, 1, 0, 0.008, 0.007, 1, 0, 1, 0.998, 0.007
ProtG61, 1, 0, 0.005, 0.006, 1, 0, 1, 0.998, 0.004
ProtG62, 0, 0, 0.003, 0.002, 0, 0, 0, 0, 0.002
ProtG63, 1, 0, 0.191, 0.017, 1, 0, 1, 0.178, 0.826
ProtG64, 0, 0, 0.002, 0.003, 0, 0, 0, 0, 0.001
ProtG65, 0, 0, 0.004, 0.003, 0, 0, 0, 0, 0.002
ProtG66, 2, 1, 0.007, 0.016, 1, 0, 2, 0, 0.01
ProtG67, 1, 0, 0.187, 0.031, 1, 0, 1, 0.179, 0.822
ProtG68, 1, 0.012, 0.022, 0.966, 1, 0, 1, 0.98, 0.013
ProtG69, 0, 0, 0.006, 0.006, 0, 0, 0, 0, 0.004
ProtG7, 0, 0, 0.377, 0.007, 0, 0, 0, 0, 0.004
ProtG70, 0, 0, 0.002, 0.001, 0, 0, 0, 0, 0.001
ProtG71, 0, 0, 0.523, 0.019, 0, 0, 0, 0, 0.008
ProtG72, 0, 0, 0.029, 0.005, 0, 0, 0, 0, 0.001
ProtG73, 1, 0, 0.006, 0.003, 1, 0, 1, 0.999, 0.001
ProtG74, 0, 0, 0.011, 0.01, 0, 0, 0, 0, 0.005
ProtG75, 1, 0.003, 0.014, 0.399, 1, 0, 1, 0.012, 0.996
ProtG76, 0, 0, 0.004, 0.006, 0, 0, 0, 0, 0.004
ProtG77, 0, 0, 0.005, 0.006, 0, 0, 0, 0, 0.004
ProtG78, 0, 0, 0.176, 0.007, 0, 0, 0, 0, 0.005
ProtG79, 0, 0, 0.005, 0.005, 0, 0, 0, 0, 0.003
ProtG8, 0, 0, 0.004, 0.003, 0, 0, 0, 0, 0.002
ProtG80, 1, 0, 0.01, 0.012, 1, 0, 1, 0.008, 0.995
ProtG81, 0, 0, 0.002, 0.002, 0, 0, 0, 0, 0
ProtG82, 1, 0.002, 0.009, 0.324, 1, 0, 1, 0.998, 0.006
ProtG83, 1, 0, 0.918, 0.53, 1, 0, 1, 0.931, 0.075
ProtG84, 1, 0.001, 0.015, 0.042, 1, 0, 1, 0.345, 0.658
ProtG85, 0, 0, 1.003, 0.34, 0, 0, 0, 0, 0.001
ProtG86, 0, 0, 1.008, 0.34, 0, 0, 0, 0, 0.007
ProtG87, 0, 0, 0.002, 0.002, 0, 0, 0, 0, 0.001
ProtG88, 1, 0.03, 0.086, 1.929, 1, 0, 1, 0.964, 0.009
ProtG89, 1, 0, 0.03, 0.008, 1, 0, 1, 1, 0
ProtG9, 0, 0, 0.009, 0.007, 0, 0, 0, 0, 0.005
ProtG90, 0, 0, 0.012, 0.006, 0, 0, 0, 0, 0.004
ProtG91, 1, 0.003, 0.007, 0.339, 1, 0, 1, 0.997, 0.002
ProtM1, 0, 0, 0.009, 0.009, 0, 0, 0, 0, 0.005
ProtM2, 0, 0, 0.005, 0.004, 0, 0, 0, 0, 0.001
ProtM3, 0, 0, 0.037, 0.023, 0, 0, 0, 0, 0.008
ProtZ1, 1, 0.001, 0.69, 0.167, 1, 0, 1, 0.865, 0.14
ProtZ2, 1, 0, 0.032, 0.019, 1, 0, 1, 0.976, 0.027
ProtZ3, 1, 0.001, 0.671, 0.16, 1, 0, 1, 0.838, 0.163
ProtZ4, 1, 0, 0.689, 0.027, 1, 0, 1, 0.865, 0.14
ProtZ5, 0, 0, 0.495, 0.202, 0, 0, 0, 0, 0.002
RBG1, 0, 0, 0.014, 0.01, 0, 0, 0, 0, 0.006
Rifl1, 0, 0, 0.011, 0.009, 0, 0, 0, 0, 0.005
SAR3X1, 0, 0, 0.039, 0.03, 0, 0, 0, 0, 0.006
SAR3X2, 0, 0, 0.037, 0.037, 0, 0, 0, 0, 0.004
SLNR1, 0, 0, 0.008, 0.009, 0, 0, 0, 0, 0.007
SM23X1, 0, 0, 0.006, 0.009, 0, 0, 0, 0, 0.006
SZUA1, 0, 0, 0.018, 0.018, 0, 0, 0, 0, 0.009
SZUA2, 0, 0, 0.063, 0.032, 0, 0, 0, 0, 0.006
Sche1, 0, 0, 0.022, 0.017, 0, 0, 0, 0, 0.006
Spir10, 0, 0, 0.006, 0.004, 0, 0, 0, 0, 0.003
Spir11, 0, 0.001, 0.121, 0.088, 0, 0, 0, 0, 0.008
Spir12, 0, 0, 0.048, 0.041, 0, 0, 0, 0, 0.004
Spir13, 0, 0, 0.004, 0.004, 0, 0, 0, 0, 0.004
Spir15, 1, 0.003, 0.131, 0.542, 1, 0, 1, 0.842, 0.157
Spir2, 0, 0, 0.003, 0.004, 0, 0, 0, 0, 0.003
Spir3, 0, 0, 0.007, 0.007, 0, 0, 0, 0, 0.004
Spir4, 0, 0, 0.684, 0.157, 0, 0, 0, 0, 0.007
Spir8, 0, 0, 0.012, 0.011, 0, 0, 0, 0, 0.001
Spir9, 1, 0.024, 0.196, 1.792, 1, 0, 1, 0.78, 0.201
Sume1, 0, 0, 0.006, 0.008, 0, 0, 0, 0, 0.005
Syne1, 0, 0, 0.007, 0.006, 0, 0, 0, 0, 0.004
Syne10, 0, 0, 0.004, 0.002, 0, 0, 0, 0, 0.002
Syne2, 0, 0, 0.008, 0.005, 0, 0, 0, 0, 0.004
Syne3, 0, 0, 0.006, 0.005, 0, 0, 0, 0, 0.002
Syne4, 0, 0, 0.007, 0.007, 0, 0, 0, 0, 0.006
Syne5, 0, 0, 0.002, 0.001, 0, 0, 0, 0, 0.001
Syne6, 0, 0, 0.004, 0.005, 0, 0, 0, 0, 0.004
Syne7, 0, 0, 0.008, 0.008, 0, 0, 0, 0, 0.006
Syne8, 0, 0, 0.011, 0.011, 0, 0, 0, 0, 0.007
Syne9, 0, 0, 0.004, 0.006, 0, 0, 0, 0, 0.003
TA06A1, 0, 0, 0.002, 0.002, 0, 0, 0, 0, 0.002
TA06X1, 0, 0, 0.004, 0.002, 0, 0, 0, 0, 0.002
Therd1, 0, 0, 0.003, 0.004, 0, 0, 0, 0, 0.003
Therg2, 0, 0, 0.003, 0.003, 0, 0, 0, 0, 0.003
Therg3, 0, 0, 0.005, 0.004, 0, 0, 0, 0, 0.004
Therg4, 0, 0, 0.005, 0.007, 0, 0, 0, 0, 0.005
Therg5, 0, 0, 0.005, 0.008, 0, 0, 0, 0, 0.004
Therg6, 0, 0, 0.006, 0.006, 0, 0, 0, 0, 0.006
Therg8, 0, 0, 0.004, 0.006, 0, 0, 0, 0, 0.004
Thers1, 1, 0, 0.012, 0.094, 1, 0, 1, 0.014, 0.991
UBA1X1, 1, 0.002, 0.007, 0.055, 1, 0, 1, 0.374, 0.631
UBA1X2, 0, 0, 0.016, 0.021, 0, 0, 0, 0, 0.005
UBA1X3, 0, 0, 0.03, 0.027, 0, 0, 0, 0, 0.004
UBA1X4, 0, 0, 0.007, 0.005, 0, 0, 0, 0, 0.004
UBA1X5, 0, 0, 0.005, 0.004, 0, 0, 0, 0, 0.002
UBA1X6, 0, 0, 0.378, 0.03, 0, 0, 0, 0, 0.004
UBA2X1, 0, 0, 0.071, 0.049, 0, 0, 0, 0, 0.014
UBA6X1, 0, 0, 0.009, 0.007, 0, 0, 0, 0, 0.005
UBA9X1, 0, 0, 0.013, 0.01, 0, 0, 0, 0, 0.005
UBA9X2, 0, 0, 0.009, 0.005, 0, 0, 0, 0, 0.003
UBA9X3, 0, 0, 0.008, 0.008, 0, 0, 0, 0, 0.002
UBP13X1, 0, 0, 0.005, 0.006, 0, 0, 0, 0, 0.004
UBP14X1, 0, 0, 0.012, 0.014, 0, 0, 0, 0, 0.012
UBP4X1, 0, 0, 0.007, 0.009, 0, 0, 0, 0, 0.006
UBP6X1, 0, 0, 0.411, 0.109, 0, 0, 0, 0, 0.007
Verr10, 1, 0.001, 0.006, 0.135, 1, 0, 1, 0.21, 0.792
Verr11, 0, 0, 1.006, 0.006, 0, 0, 0, 0, 0.005
Verr12, 1, 0, 0.005, 0.004, 1, 0, 1, 0.998, 0.004
Verr13, 0, 0, 0.016, 0.006, 0, 0, 0, 0, 0.004
Verr14, 1, 0.007, 0.013, 0.997, 1, 0, 1, 0.993, 0.003
Verr2, 1, 0.011, 0.021, 0.997, 1, 0, 1, 0.989, 0.002
Verr3, 0, 0, 0.221, 0.043, 0, 0, 0, 0, 0.008
Verr4, 0, 0, 0.054, 0.042, 0, 0, 0, 0, 0.004
Verr5, 0, 0, 0.012, 0.008, 0, 0, 0, 0, 0.005
Verr6, 0, 0, 0.013, 0.014, 0, 0, 0, 0, 0.006
Verr7, 1, 0, 0.02, 0.016, 1, 0, 1, 0.996, 0.012
Verr8, 0, 0, 0.067, 0.033, 0, 0, 0, 0, 0.008
Verr9, 1, 0, 0.007, 0.006, 1, 0, 1, 1, 0.005
WOR1, 0, 0, 0.005, 0.005, 0, 0, 0, 0, 0.004
WOR2, 0, 0, 0.008, 0.008, 0, 0, 0, 0, 0.005
WOR3, 0, 0, 0.004, 0.004, 0, 0, 0, 0, 0.003
WOR4, 0, 0, 0.006, 0.004, 0, 0, 0, 0, 0.003
WOR6, 1, 0, 0.003, 0.026, 1, 0, 1, 0.152, 0.851
WOR7, 0, 0, 0.155, 0.003, 0, 0, 0, 0, 0.003
Wall1, 0, 0, 0.006, 0.009, 0, 0, 0, 0, 0.005
Zixi1, 0, 0, 0.007, 0.009, 0, 0, 0, 0, 0.005
Zixi2, 0, 0, 0.006, 0.007, 0, 0, 0, 0, 0.004
Zixi3, 0, 0, 0.004, 0.006, 0, 0, 0, 0, 0.004
Zixi4, 0, 0, 0.008, 0.01, 0, 0, 0, 0, 0.008
Zixi5, 0, 0, 0.006, 0.006, 0, 0, 0, 0, 0.006
chloroArabidopsis, 0, 0, 0.008, 0.008, 0, 0, 0, 0, 0.003
chloroBryophyte, 0, 0, 0.008, 0.004, 0, 0, 0, 0, 0.002
chloroChlorophyta, 0, 0, 0.007, 0.009, 0, 0, 0, 0, 0.005
chloroLycophyte, 0, 0, 0.006, 0.004, 0, 0, 0, 0, 0.001
chloroRedAlgae, 0, 0, 0.007, 0.009, 0, 0, 0, 0, 0.003
mitoAnnelida, 0, 0, 0.004, 0.004, 0, 0, 0, 0, 0.004
mitoArabidopsis, 0, 0, 0.007, 0.009, 0, 0, 0, 0, 0.004
mitoBryophyte, 0, 0, 0.004, 0.002, 0, 0, 0, 0, 0.001
mitoChelicerate, 0, 0, 0.001, 0.001, 0, 0, 0, 0, 0.001
mitoChlorophyta, 0, 0, 0.008, 0.01, 0, 0, 0, 0, 0.007
mitoExcavata, 0, 0, 0.005, 0.01, 0, 0, 0, 0, 0.004
mitoFungi, 0, 0, 0.008, 0.008, 0, 0, 0, 0, 0.006
mitoInsect, 0, 0, 0.003, 0.005, 0, 0, 0, 0, 0.003
mitoLycophyte, 0, 0, 0.003, 0, 0, 0, 0, 0, 0
mitoMollusc, 0, 0, 0.003, 0.003, 0, 0, 0, 0, 0.003
mitoParamecium, 0, 0, 0.011, 0.01, 0, 0, 0, 0, 0.008
mitoPriapulid, 0, 0, 0.009, 0.009, 0, 0, 0, 0, 0.007
mitoRedAlgae, 0, 0, 0.007, 0.01, 0, 0, 0, 0, 0.005
