species_label, speciations, duplications, losses, transfers, presence, origination, copies, singletons, transfers_to
AABM5X1, 0, 0, 0.229, 0.086, 0, 0, 0, 0, 0.012
AABM5X2, 1, 0.001, 0.027, 0.24, 1, 0, 1, 0.208, 0.809
AABM5X3, 1, 0.004, 0.034, 0.47, 1, 0, 1, 0.071, 0.94
Abys1, 1, 0.002, 0.744, 0.766, 1, 0, 1, 0.084, 0.927
Acid1, 0, 0, 0.029, 0.023, 0, 0, 0, 0, 0.017
Acid10, 1, 0.002, 0.035, 0.073, 1, 0, 1, 0.627, 0.392
Acid11, 1, 0.001, 0.207, 0.155, 1, 0, 1, 0.176, 0.838
Acid12, 1, 0.002, 0.027, 0.36, 1, 0, 1, 0.196, 0.821
Acid13, 0, 0, 0.22, 0.077, 0, 0, 0, 0, 0.016
Acid14, 0, 0, 0.022, 0.02, 0, 0, 0, 0, 0.014
Acid16, 0, 0, 0.138, 0.062, 0, 0, 0, 0, 0.024
Acid17, 0, 0, 0.029, 0.035, 0, 0, 0, 0, 0.017
Acid18, 1, 0.002, 0.036, 0.549, 1, 0, 1, 0.212, 0.805
Acid2, 0, 0.001, 0.255, 0.092, 0, 0, 0, 0, 0.025
Acid20, 0, 0, 0.013, 0.02, 0, 0, 0, 0, 0.011
Acid21, 0, 0, 0.023, 0.022, 0, 0, 0, 0, 0.017
Acid22, 1, 0, 0.039, 0.04, 1, 0, 1, 0.652, 0.364
Acid23, 0, 0, 0.066, 0.039, 0, 0, 0, 0, 0.016
Acid24, 0, 0, 0.062, 0.027, 0, 0, 0, 0, 0.011
Acid25, 0, 0, 0.026, 0.037, 0, 0, 0, 0, 0.022
Acid26, 0, 0, 0.016, 0.019, 0, 0, 0, 0, 0.008
Acid27, 0, 0, 0.026, 0.023, 0, 0, 0, 0, 0.016
Acid28, 1, 0, 0.017, 0.219, 1, 0, 1, 0.229, 0.782
Acid29, 0, 0, 0.03, 0.036, 0, 0, 0, 0, 0.02
Acid3, 0, 0, 0.02, 0.025, 0, 0, 0, 0, 0.012
Acid30, 0, 0, 0.023, 0.021, 0, 0, 0, 0, 0.017
Acid31, 1, 0.002, 0.208, 0.351, 1, 0, 1, 0.188, 0.838
Acid32, 0, 0, 0.018, 0.016, 0, 0, 0, 0, 0.01
Acid33, 1, 0, 0.024, 0.206, 1, 0, 1, 0.269, 0.746
Acid34, 0, 0, 0.033, 0.021, 0, 0, 0, 0, 0.005
Acid35, 0, 0, 0.062, 0.042, 0, 0, 0, 0, 0.016
Acid36, 0, 0, 0.018, 0.02, 0, 0, 0, 0, 0.013
Acid37, 0, 0, 0.021, 0.023, 0, 0, 0, 0, 0.015
Acid38, 0, 0, 0.018, 0.016, 0, 0, 0, 0, 0.013
Acid39, 0, 0, 0.062, 0.053, 0, 0, 0, 0, 0.016
Acid4, 0, 0, 0.035, 0.026, 0, 0, 0, 0, 0.016
Acid40, 0, 0, 0.014, 0.014, 0, 0, 0, 0, 0.012
Acid5, 0, 0, 0.032, 0.025, 0, 0, 0, 0, 0.017
Acid6, 0, 0, 0.259, 0.056, 0, 0, 0, 0, 0.024
Acid7, 0, 0, 0.026, 0.024, 0, 0, 0, 0, 0.016
Acid8, 1, 0.004, 0.323, 0.454, 1, 0, 1, 0.199, 0.822
Acid9, 1, 0, 0.053, 0.292, 1, 0, 1, 0.388, 0.627
Acti10, 1, 0, 0.02, 0.028, 1, 0, 1, 0.988, 0.025
Acti11, 1, 0, 0.21, 0.057, 1, 0, 1, 0, 1.01
Acti12, 0, 0, 0.018, 0.013, 0, 0, 0, 0, 0.012
Acti13, 1, 0, 0.02, 0.019, 1, 0, 1, 1, 0.014
Acti14, 1, 0.008, 0.044, 1.014, 1, 0, 1, 0.99, 0.015
Acti15, 1, 0, 0.012, 0.042, 1, 0, 1, 0.036, 0.971
Acti16, 1, 0, 0.037, 0.037, 1, 0, 1, 1, 0.024
Acti18, 1, 0, 0.025, 0.025, 1, 0, 1, 1, 0.012
Acti19, 1, 0, 0.014, 0.014, 1, 0, 1, 0.999, 0.011
Acti2, 0, 0.001, 0.025, 0.023, 0, 0, 0, 0, 0.019
Acti20, 0, 0, 0.875, 0.346, 0, 0, 0, 0, 0.016
Acti21, 0, 0, 0.02, 0.022, 0, 0, 0, 0, 0.014
Acti22, 1, 0, 0.017, 0.105, 1, 0, 1, 0.196, 0.817
Acti23, 0, 0, 1.022, 0.028, 0, 0, 0, 0, 0.019
Acti24, 0, 0, 0.017, 0.015, 0, 0, 0, 0, 0.01
Acti25, 1, 0.002, 0.047, 0.226, 1, 0, 1, 0.097, 0.917
Acti26, 0, 0, 0.094, 0.035, 0, 0, 0, 0, 0.013
Acti27, 0, 0, 0.027, 0.033, 0, 0, 0, 0, 0.011
Acti28, 2, 0.991, 0.032, 1.002, 1, 0, 2, 0.017, 0.029
Acti29, 0, 0, 0.023, 0.028, 0, 0, 0, 0, 0.012
Acti3, 0, 0, 1.008, 0.017, 0, 0, 0, 0, 0.013
Acti30, 0, 0, 0.054, 0.044, 0, 0, 0, 0, 0.014
Acti31, 0, 0, 0.219, 0.07, 0, 0, 0, 0, 0.018
Acti32, 0, 0, 0.028, 0.026, 0, 0, 0, 0, 0.02
Acti33, 1, 0.003, 0.03, 0.39, 1, 0, 1, 0.339, 0.681
Acti34, 0, 0, 0.194, 0.033, 0, 0, 0, 0, 0.014
Acti35, 0, 0, 0.36, 0.134, 0, 0, 0, 0, 0.014
Acti36, 0, 0, 0.033, 0.031, 0, 0, 0, 0, 0.019
Acti37, 0, 0, 0.042, 0.025, 0, 0, 0, 0, 0.015
Acti38, 0, 0, 0.018, 0.015, 0, 0, 0, 0, 0.01
Acti39, 0, 0, 0.764, 0.083, 0, 0, 0, 0, 0.018
Acti4, 0, 0, 0.689, 0.033, 0, 0, 0, 0, 0.015
Acti40, 1, 0, 0.035, 0.035, 1, 0, 1, 0.999, 0.021
Acti41, 1, 0, 0.02, 0.02, 1, 0, 1, 0.025, 0.985
Acti42, 1, 0, 0.02, 0.017, 1, 0, 1, 0.999, 0.012
Acti43, 0, 0, 0.025, 0.021, 0, 0, 0, 0, 0.011
Acti44, 0, 0, 0.022, 0.026, 0, 0, 0, 0, 0.019
Acti45, 0, 0, 0.064, 0.056, 0, 0, 0, 0, 0.018
Acti46, 0, 0, 0.043, 0.022, 0, 0, 0, 0, 0.008
Acti47, 0, 0, 0.061, 0.046, 0, 0, 0, 0, 0.015
Acti48, 0, 0, 0.018, 0.009, 0, 0, 0, 0, 0.006
Acti49, 0, 0, 0.025, 0.029, 0, 0, 0, 0, 0.017
Acti5, 0, 0, 0.02, 0.021, 0, 0, 0, 0, 0.016
Acti50, 1, 0.001, 0.041, 0.027, 1, 0, 1, 0.985, 0.028
Acti51, 0, 0, 0.031, 0.027, 0, 0, 0, 0, 0.015
Acti52, 0, 0, 0.013, 0.013, 0, 0, 0, 0, 0.01
Acti6, 1, 0, 0.039, 0.038, 1, 0, 1, 0.998, 0.018
Acti7, 1, 0.005, 0.032, 0.925, 1, 0, 1, 0.985, 0.021
Acti8, 0, 0, 0.018, 0.017, 0, 0, 0, 0, 0.011
Acti9, 0, 0, 0.032, 0.031, 0, 0, 0, 0, 0.021
Aero1, 0, 0, 0.041, 0.032, 0, 0, 0, 0, 0.02
Aqui1, 1, 0.005, 0.034, 1.01, 1, 0, 1, 0.988, 0.022
Aqui2, 1, 0, 0.025, 0.017, 1, 0, 1, 0.992, 0.018
Aqui3, 1, 0, 0.192, 0.13, 1, 0, 1, 0.005, 1.012
Aqui4, 0, 0, 0.027, 0.023, 0, 0, 0, 0, 0.016
Aqui5, 0, 0, 0.207, 0.035, 0, 0, 0, 0, 0.008
Aqui6, 0, 0, 0.024, 0.023, 0, 0, 0, 0, 0.013
Arma11, 1, 0.007, 1.147, 0.767, 1, 0, 1, 0.633, 0.376
Arma12, 1, 0.003, 1.025, 0.845, 1, 0, 1, 0.682, 0.332
Arma13, 0, 0, 0.02, 0.021, 0, 0, 0, 0, 0.01
Arma14, 1, 0, 0.062, 0.047, 1, 0, 1, 0.999, 0.017
Arma15, 0, 0, 0.024, 0.022, 0, 0, 0, 0, 0.014
Arma16, 1, 0.003, 0.042, 0.335, 1, 0, 1, 0.303, 0.709
Arma3, 1, 0.004, 0.374, 0.25, 1, 0, 1, 0.11, 0.913
Arma4, 1, 0, 0.06, 0.051, 1, 0, 1, 1, 0.015
Arma6, 0, 0, 0.025, 0.015, 0, 0, 0, 0, 0.009
Arma7, 1, 0.001, 0.735, 0.547, 1, 0, 1, 0.966, 0.044
Arma9, 0, 0, 0.071, 0.047, 0, 0, 0, 0, 0.019
Aure1, 0, 0, 0.03, 0.032, 0, 0, 0, 0, 0.019
Aure2, 0, 0, 0.031, 0.032, 0, 0, 0, 0, 0.02
Aure3, 0, 0, 0.072, 0.038, 0, 0, 0, 0, 0.013
B130X1, 0, 0, 0.564, 0.278, 0, 0, 0, 0, 0.025
BMS3X1, 0, 0, 0.641, 0.445, 0, 0, 0, 0, 0.015
Bact1, 0, 0, 0.018, 0.019, 0, 0, 0, 0, 0.008
Bact10, 0, 0, 0.021, 0.023, 0, 0, 0, 0, 0.012
Bact11, 0, 0, 0.037, 0.037, 0, 0, 0, 0, 0.027
Bact12, 0, 0, 0.03, 0.031, 0, 0, 0, 0, 0.017
Bact13, 0, 0, 0.022, 0.021, 0, 0, 0, 0, 0.015
Bact14, 0, 0, 0.03, 0.022, 0, 0, 0, 0, 0.017
Bact16, 0, 0, 0.019, 0.018, 0, 0, 0, 0, 0.012
Bact17, 0, 0, 0.045, 0.043, 0, 0, 0, 0, 0.022
Bact18, 0, 0, 0.025, 0.018, 0, 0, 0, 0, 0.016
Bact19, 1, 0.003, 0.017, 0.313, 1, 0, 1, 0.254, 0.754
Bact2, 0, 0, 0.022, 0.024, 0, 0, 0, 0, 0.015
Bact20, 0, 0, 0.286, 0.13, 0, 0, 0, 0, 0.012
Bact21, 0, 0, 0.026, 0.021, 0, 0, 0, 0, 0.016
Bact22, 0, 0, 0.022, 0.023, 0, 0, 0, 0, 0.016
Bact23, 0, 0, 0.016, 0.019, 0, 0, 0, 0, 0.014
Bact24, 0, 0, 0.019, 0.022, 0, 0, 0, 0, 0.015
Bact25, 0, 0, 0.028, 0.022, 0, 0, 0, 0, 0.013
Bact27, 0, 0, 0.088, 0.06, 0, 0, 0, 0, 0.012
Bact28, 0, 0, 0.019, 0.022, 0, 0, 0, 0, 0.017
Bact29, 0, 0, 0.024, 0.027, 0, 0, 0, 0, 0.016
Bact3, 0, 0, 0.028, 0.025, 0, 0, 0, 0, 0.015
Bact30, 1, 0, 0.026, 0.022, 1, 0, 1, 1, 0.015
Bact31, 0, 0, 0.013, 0.019, 0, 0, 0, 0, 0.008
Bact32, 1, 0, 0.023, 0.026, 1, 0, 1, 1, 0.012
Bact33, 0, 0, 0.015, 0.017, 0, 0, 0, 0, 0.007
Bact34, 0, 0, 0.027, 0.029, 0, 0, 0, 0, 0.023
Bact35, 0, 0, 0.06, 0.036, 0, 0, 0, 0, 0.019
Bact36, 0, 0, 0.02, 0.025, 0, 0, 0, 0, 0.017
Bact37, 0, 0, 0.024, 0.027, 0, 0, 0, 0, 0.02
Bact38, 0, 0, 0.021, 0.022, 0, 0, 0, 0, 0.016
Bact39, 0, 0, 0.012, 0.01, 0, 0, 0, 0, 0.004
Bact4, 0, 0, 0.012, 0.012, 0, 0, 0, 0, 0.009
Bact40, 1, 0, 0.019, 0.245, 1, 0, 1, 0.239, 0.769
Bact41, 0, 0, 0.262, 0.148, 0, 0, 0, 0, 0.012
Bact42, 0, 0, 0.019, 0.02, 0, 0, 0, 0, 0.015
Bact43, 0, 0, 0.016, 0.016, 0, 0, 0, 0, 0.013
Bact44, 0, 0, 0.029, 0.024, 0, 0, 0, 0, 0.009
Bact5, 0, 0, 0.018, 0.019, 0, 0, 0, 0, 0.011
Bact6, 0, 0, 0.016, 0.013, 0, 0, 0, 0, 0.009
Bact7, 0, 0, 0.033, 0.025, 0, 0, 0, 0, 0.02
Bact8, 0, 0, 0.031, 0.036, 0, 0, 0, 0, 0.018
Bact9, 0, 0, 0.035, 0.042, 0, 0, 0, 0, 0.027
Bdell10, 0, 0.001, 0.043, 0.029, 0, 0, 0, 0, 0.014
Bdell11, 0, 0, 0.016, 0.011, 0, 0, 0, 0, 0.006
Bdell12, 0, 0.001, 0.073, 0.056, 0, 0, 0, 0, 0.018
Bdell13, 0, 0, 0.193, 0.157, 0, 0, 0, 0, 0.014
Bdell14, 0, 0, 0.03, 0.028, 0, 0, 0, 0, 0.018
Bdell15, 0, 0, 0.025, 0.026, 0, 0, 0, 0, 0.018
Bdell16, 0, 0, 0.017, 0.018, 0, 0, 0, 0, 0.007
Bdell17, 0, 0, 0.027, 0.025, 0, 0, 0, 0, 0.017
Bdell2, 0, 0, 0.043, 0.04, 0, 0, 0, 0, 0.015
Bdell3, 0, 0, 0.073, 0.067, 0, 0, 0, 0, 0.019
Bdell4, 0, 0, 0.029, 0.029, 0, 0, 0, 0, 0.017
Bdell5, 0, 0, 0.027, 0.028, 0, 0, 0, 0, 0.021
Bdell6, 1, 0.001, 0.043, 0.276, 1, 0, 1, 0.182, 0.835
Bdell7, 0, 0, 0.02, 0.022, 0, 0, 0, 0, 0.014
Bdell9, 0, 0, 0.022, 0.022, 0, 0, 0, 0, 0.015
BdellC1, 0, 0, 0.11, 0.091, 0, 0, 0, 0, 0.013
BdellC2, 0, 0, 0.113, 0.071, 0, 0, 0, 0, 0.016
Bipo1, 0, 0, 0.042, 0.044, 0, 0, 0, 0, 0.023
Bipo2, 0, 0, 0.035, 0.033, 0, 0, 0, 0, 0.016
CG267X1, 0, 0, 0.026, 0.024, 0, 0, 0, 0, 0.013
CG294X1, 0, 0, 0.03, 0.026, 0, 0, 0, 0, 0.017
CSP1X1, 1, 0.004, 0.307, 0.628, 1, 0, 1, 0.669, 0.345
Calda1, 0, 0, 0.033, 0.027, 0, 0, 0, 0, 0.014
Calda2, 0, 0, 0.033, 0.041, 0, 0, 0, 0, 0.014
Caldit1, 1, 0, 0.023, 0.021, 1, 0, 1, 0.998, 0.018
Caldit2, 1, 0, 0.021, 0.023, 1, 0, 1, 0.998, 0.016
Caldit3, 1, 0.001, 0.184, 0.076, 1, 0, 1, 0.186, 0.819
Camp1, 0, 0, 0.057, 0.05, 0, 0, 0, 0, 0.022
Camp10, 0, 0, 1.112, 0.176, 0, 0, 0, 0, 0.015
Camp11, 1, 0.001, 0.595, 0.172, 1, 0, 1, 0.704, 0.308
Camp12, 0, 0, 0.972, 0.107, 0, 0, 0, 0, 0.009
Camp13, 2, 0.001, 0.85, 0.349, 1, 0, 2, 1.333, 0.68
Camp14, 0, 0, 0.03, 0.023, 0, 0, 0, 0, 0.014
Camp15, 0, 0, 0.027, 0.026, 0, 0, 0, 0, 0.011
Camp16, 0, 0, 1.125, 0.102, 0, 0, 0, 0, 0.022
Camp2, 2, 0.001, 0.257, 0.292, 1, 0, 2, 1.931, 0.087
Camp3, 0, 0, 0.05, 0.044, 0, 0, 0, 0, 0.015
Camp4, 2, 0.001, 0.035, 0.267, 1, 0, 2, 1.08, 0.931
Camp5, 2, 0.003, 0.018, 0.396, 1, 0, 2, 1.087, 0.918
Camp6, 0, 0, 1.249, 0.318, 0, 0, 0, 0, 0.016
Camp7, 1, 0, 0.087, 0.172, 1, 0, 1, 0.773, 0.246
Camp9, 2, 0.001, 0.022, 0.57, 1, 0, 2, 1.229, 0.788
Chlo10, 0, 0, 0.283, 0.162, 0, 0, 0, 0, 0.015
Chlo11, 0, 0.001, 0.202, 0.205, 0, 0, 0, 0, 0.023
Chlo12, 0, 0, 0.03, 0.032, 0, 0, 0, 0, 0.022
Chlo13, 0, 0, 0.741, 0.03, 0, 0, 0, 0, 0.014
Chlo14, 1, 0, 0.027, 0.142, 1, 0, 1, 0.756, 0.26
Chlo15, 0, 0, 0.032, 0.037, 0, 0, 0, 0, 0.015
Chlo16, 0, 0, 0.024, 0.026, 0, 0, 0, 0, 0.013
Chlo17, 0, 0, 0.023, 0.024, 0, 0, 0, 0, 0.015
Chlo18, 1, 0.002, 0.023, 0.388, 1, 0, 1, 0.798, 0.21
Chlo19, 0, 0, 0.024, 0.025, 0, 0, 0, 0, 0.013
Chlo20, 0, 0, 0.024, 0.017, 0, 0, 0, 0, 0.012
Chlo21, 0, 0, 0.027, 0.028, 0, 0, 0, 0, 0.014
Chlo22, 0, 0, 0.026, 0.024, 0, 0, 0, 0, 0.018
Chlo23, 0, 0, 0.035, 0.03, 0, 0, 0, 0, 0.017
Chlo24, 0, 0, 0.024, 0.028, 0, 0, 0, 0, 0.016
Chlo25, 0, 0, 0.025, 0.022, 0, 0, 0, 0, 0.012
Chlo26, 0, 0, 0.197, 0.203, 0, 0, 0, 0, 0.019
Chlo27, 1, 0.001, 0.086, 0.373, 1, 0, 1, 0.261, 0.754
Chlo28, 0, 0, 0.204, 0.067, 0, 0, 0, 0, 0.022
Chlo29, 0, 0, 0.063, 0.032, 0, 0, 0, 0, 0.018
Chlo30, 0, 0, 0.024, 0.026, 0, 0, 0, 0, 0.015
Chlo31, 0, 0, 0.024, 0.022, 0, 0, 0, 0, 0.011
Chlo32, 1, 0.001, 0.021, 0.246, 1, 0, 1, 0.084, 0.928
Chlo33, 0, 0, 0.071, 0.038, 0, 0, 0, 0, 0.016
Chlo34, 0, 0, 0.018, 0.015, 0, 0, 0, 0, 0.012
Chlo35, 0, 0, 0.026, 0.021, 0, 0, 0, 0, 0.013
Chlo36, 0, 0, 0.794, 0.035, 0, 0, 0, 0, 0.011
Chlo37, 0, 0.001, 0.018, 0.018, 0, 0, 0, 0, 0.008
Chlo38, 0, 0, 0.027, 0.027, 0, 0, 0, 0, 0.016
Chlo39, 0, 0, 0.018, 0.014, 0, 0, 0, 0, 0.01
Chlo4, 1, 0, 0.021, 0.369, 1, 0, 1, 0.098, 0.915
Chlo40, 1, 0, 0.028, 0.183, 1, 0, 1, 0.773, 0.245
Chlo41, 0, 0, 0.021, 0.021, 0, 0, 0, 0, 0.013
Chlo42, 0, 0, 0.017, 0.016, 0, 0, 0, 0, 0.011
Chlo43, 0, 0, 0.034, 0.032, 0, 0, 0, 0, 0.015
Chlo44, 0, 0, 0.016, 0.012, 0, 0, 0, 0, 0.008
Chlo45, 0, 0, 0.296, 0.1, 0, 0, 0, 0, 0.015
Chlo46, 1, 0.001, 0.03, 0.468, 1, 0, 1, 0.264, 0.748
Chlo47, 0, 0, 0.11, 0.05, 0, 0, 0, 0, 0.009
Chlo48, 1, 0.002, 0.025, 0.307, 1, 0, 1, 0.26, 0.755
Chlo5, 0, 0, 0.026, 0.024, 0, 0, 0, 0, 0.015
Chlo6, 0, 0.002, 0.828, 0.41, 0, 0, 0, 0, 0.015
Chlo7, 0, 0, 0.033, 0.024, 0, 0, 0, 0, 0.016
Chlo8, 0, 0, 0.047, 0.024, 0, 0, 0, 0, 0.015
Chlo9, 1, 0.001, 0.038, 0.243, 1, 0, 1, 0.816, 0.21
Chry1, 0, 0, 0.278, 0.203, 0, 0, 0, 0, 0.02
Cloa1, 0, 0, 0.058, 0.051, 0, 0, 0, 0, 0.016
Cyan1, 0, 0, 0.076, 0.07, 0, 0, 0, 0, 0.028
Cyan10, 0, 0, 0.045, 0.031, 0, 0, 0, 0, 0.014
Cyan11, 1, 0, 0.308, 0.029, 1, 0, 1, 0.91, 0.1
Cyan12, 1, 0, 0.022, 0.021, 1, 0, 1, 0.999, 0.018
Cyan13, 1, 0, 0.019, 0.019, 1, 0, 1, 1, 0.011
Cyan14, 0, 0, 0.903, 0.309, 0, 0, 0, 0, 0.01
Cyan15, 1, 0.001, 0.024, 0.289, 1, 0, 1, 0.881, 0.13
Cyan16, 2, 0.005, 0.033, 0.215, 1, 0, 2, 1.154, 0.857
Cyan18, 1, 0, 0.018, 0.02, 1, 0, 1, 1, 0.01
Cyan19, 1, 0, 0.079, 0.13, 1, 0, 1, 0.797, 0.216
Cyan2, 0, 0, 0.064, 0.047, 0, 0, 0, 0, 0.016
Cyan20, 1, 0.003, 0.207, 0.236, 1, 0, 1, 0.046, 0.973
Cyan21, 1, 0, 0.031, 0.024, 1, 0, 1, 1, 0.014
Cyan22, 1, 0, 0.094, 0.044, 1, 0, 1, 0.985, 0.039
Cyan23, 0, 0, 1.123, 0.091, 0, 0, 0, 0, 0.016
Cyan24, 2, 0.998, 0.483, 0.127, 1, 0, 2, 0.002, 0.02
Cyan25, 1, 0.001, 0.395, 0.07, 1, 0, 1, 0.929, 0.079
Cyan26, 1, 0, 0.934, 0.053, 1, 0, 1, 0.288, 0.726
Cyan27, 1, 0, 0.031, 0.102, 1, 0, 1, 0.324, 0.689
Cyan28, 0, 0, 0.02, 0.021, 0, 0, 0, 0, 0.014
Cyan29, 0, 0, 1.184, 0.208, 0, 0, 0, 0, 0.013
Cyan3, 1, 0.001, 0.2, 0.271, 1, 0, 1, 0.21, 0.806
Cyan30, 2, 0, 0.39, 0.133, 1, 0, 2, 1.948, 0.069
Cyan31, 1, 0.001, 1.01, 0.241, 1, 0, 1, 0.993, 0.021
Cyan32, 1, 0, 1.019, 0.048, 1, 0, 1, 0.154, 0.856
Cyan33, 1, 0.002, 0.032, 0.41, 1, 0, 1, 0.998, 0.013
Cyan34, 1, 0, 1.018, 0.225, 1, 0, 1, 0.983, 0.03
Cyan35, 1, 0, 0.168, 0.126, 1, 0, 1, 0.948, 0.078
Cyan36, 1, 0, 0.399, 0.373, 1, 0, 1, 0.018, 0.997
Cyan37, 0, 0, 0.171, 0.042, 0, 0, 0, 0, 0.015
Cyan38, 0, 0, 0.037, 0.03, 0, 0, 0, 0, 0.015
Cyan4, 0, 0, 0.022, 0.019, 0, 0, 0, 0, 0.012
Cyan40, 1, 0, 0.345, 0.072, 1, 0, 1, 0.008, 1.003
Cyan41, 1, 0, 0.15, 0.047, 1, 0, 1, 0.924, 0.091
Cyan42, 1, 0, 0.225, 0.446, 1, 0, 1, 0.178, 0.832
Cyan43, 1, 0, 0.04, 0.037, 1, 0, 1, 0.77, 0.239
Cyan44, 1, 0, 0.022, 0.025, 1, 0, 1, 0.999, 0.013
Cyan45, 0, 0, 0.054, 0.05, 0, 0, 0, 0, 0.023
Cyan46, 1, 0.001, 0.182, 0.059, 1, 0, 1, 0.997, 0.018
Cyan47, 1, 0, 0.022, 0.017, 1, 0, 1, 0.999, 0.013
Cyan7, 0, 0, 0.47, 0.14, 0, 0, 0, 0, 0.018
Cyan8, 0, 0, 0.07, 0.054, 0, 0, 0, 0, 0.02
Cyan9, 0, 0, 0.022, 0.019, 0, 0, 0, 0, 0.012
DTU0X1, 0, 0, 0.018, 0.018, 0, 0, 0, 0, 0.013
Defe1, 0, 0, 0.078, 0.061, 0, 0, 0, 0, 0.012
Defe2, 0, 0, 0.021, 0.024, 0, 0, 0, 0, 0.01
Defe3, 0, 0, 0.023, 0.028, 0, 0, 0, 0, 0.012
Dein1, 0, 0, 0.155, 0.013, 0, 0, 0, 0, 0.005
Dein2, 1, 0, 0.146, 0.078, 1, 0, 1, 0.196, 0.818
Dein3, 0, 0, 0.02, 0.025, 0, 0, 0, 0, 0.013
Dein4, 1, 0, 0.028, 0.022, 1, 0, 1, 1, 0.014
Dein5, 1, 0, 0.016, 0.015, 1, 0, 1, 0.141, 0.866
Dein6, 1, 0, 0.027, 0.023, 1, 0, 1, 1, 0.013
Dein7, 0, 0, 0.022, 0.02, 0, 0, 0, 0, 0.015
Desa1, 0, 0, 0.056, 0.037, 0, 0, 0, 0, 0.014
DesuB1, 1, 0, 0.041, 0.034, 1, 0, 1, 1, 0.024
DesuB2, 1, 0, 0.032, 0.025, 1, 0, 1, 1, 0.015
DesuB3, 1, 0, 0.117, 0.087, 1, 0, 1, 0.998, 0.021
DesuB4, 1, 0, 0.115, 0.069, 1, 0, 1, 0.998, 0.019
DesuC1, 0, 0, 0.952, 0.046, 0, 0, 0, 0, 0.017
DesuC2, 1, 0, 0.025, 0.058, 1, 0, 1, 0.926, 0.09
DesuD1, 1, 0, 0.025, 0.024, 1, 0, 1, 0.999, 0.012
DesuD2, 1, 0, 0.027, 0.028, 1, 0, 1, 1, 0.014
Desua1, 0, 0, 0.089, 0.059, 0, 0, 0, 0, 0.019
Desua10, 0, 0, 0.097, 0.055, 0, 0, 0, 0, 0.02
Desua11, 1, 0.003, 0.025, 0.416, 1, 0, 1, 0.179, 0.832
Desua12, 0, 0, 0.055, 0.029, 0, 0, 0, 0, 0.016
Desua13, 1, 0, 0.029, 0.199, 1, 0, 1, 0.869, 0.146
Desua14, 0, 0, 0.037, 0.027, 0, 0, 0, 0, 0.013
Desua15, 1, 0, 0.031, 0.031, 1, 0, 1, 0.99, 0.024
Desua16, 0, 0, 1.027, 0.041, 0, 0, 0, 0, 0.02
Desua17, 1, 0, 0.025, 0.023, 1, 0, 1, 1, 0.008
Desua18, 1, 0, 0.068, 0.037, 1, 0, 1, 0.999, 0.015
Desua19, 0, 0, 0.03, 0.028, 0, 0, 0, 0, 0.018
Desua2, 0, 0, 0.026, 0.026, 0, 0, 0, 0, 0.015
Desua20, 0, 0, 0.182, 0.086, 0, 0, 0, 0, 0.022
Desua21, 0, 0, 0.308, 0.084, 0, 0, 0, 0, 0.013
Desua22, 0, 0, 0.024, 0.023, 0, 0, 0, 0, 0.015
Desua23, 0, 0, 0.026, 0.026, 0, 0, 0, 0, 0.017
Desua24, 1, 0, 0.047, 0.039, 1, 0, 1, 0.989, 0.023
Desua25, 0, 0, 0.024, 0.019, 0, 0, 0, 0, 0.014
Desua26, 0, 0, 0.055, 0.037, 0, 0, 0, 0, 0.008
Desua27, 0, 0, 0.2, 0.068, 0, 0, 0, 0, 0.01
Desua28, 0, 0, 0.041, 0.042, 0, 0, 0, 0, 0.017
Desua29, 0, 0, 0.014, 0.015, 0, 0, 0, 0, 0.006
Desua3, 2, 0.002, 0.019, 0.32, 1, 0, 2, 1.071, 0.94
Desua30, 0, 0, 0.058, 0.039, 0, 0, 0, 0, 0.011
Desua31, 1, 0, 0.265, 0.138, 1, 0, 1, 0.223, 0.795
Desua32, 0, 0, 0.085, 0.042, 0, 0, 0, 0, 0.015
Desua33, 0, 0, 0.02, 0.02, 0, 0, 0, 0, 0.017
Desua34, 0, 0, 0.083, 0.058, 0, 0, 0, 0, 0.013
Desua35, 0, 0, 0.036, 0.026, 0, 0, 0, 0, 0.012
Desua36, 0, 0, 0.01, 0.008, 0, 0, 0, 0, 0.006
Desua37, 0, 0, 0.023, 0.028, 0, 0, 0, 0, 0.021
Desua38, 0, 0, 0.017, 0.021, 0, 0, 0, 0, 0.013
Desua39, 0, 0, 0.025, 0.026, 0, 0, 0, 0, 0.015
Desua4, 2, 0.005, 0.059, 0.298, 1, 0, 2, 1.184, 0.833
Desua40, 1, 0.002, 0.251, 0.391, 1, 0, 1, 0.239, 0.779
Desua41, 0, 0, 0.022, 0.026, 0, 0, 0, 0, 0.016
Desua42, 1, 0, 0.049, 0.166, 1, 0, 1, 0.247, 0.769
Desua43, 0, 0, 0.019, 0.018, 0, 0, 0, 0, 0.009
Desua44, 1, 0, 0.032, 0.084, 1, 0, 1, 0.055, 0.962
Desua45, 0, 0, 0.876, 0.337, 0, 0, 0, 0, 0.01
Desua46, 0, 0, 0.021, 0.021, 0, 0, 0, 0, 0.011
Desua47, 0, 0, 0.019, 0.017, 0, 0, 0, 0, 0.011
Desua48, 0, 0, 0.019, 0.024, 0, 0, 0, 0, 0.016
Desua49, 1, 0.003, 0.024, 0.354, 1, 0, 1, 0.288, 0.726
Desua5, 1, 0.005, 0.753, 0.745, 1, 0, 1, 0.019, 0.996
Desua50, 1, 0, 0.028, 0.039, 1, 0, 1, 0.2, 0.81
Desua51, 0, 0, 0.949, 0.04, 0, 0, 0, 0, 0.016
Desua52, 0, 0, 0.021, 0.019, 0, 0, 0, 0, 0.011
Desua53, 1, 0.001, 0.024, 0.057, 1, 0, 1, 0.923, 0.09
Desua54, 0, 0, 0.137, 0.048, 0, 0, 0, 0, 0.015
Desua6, 0, 0, 0.032, 0.033, 0, 0, 0, 0, 0.022
Desua7, 0, 0, 0.027, 0.027, 0, 0, 0, 0, 0.017
Desua8, 0, 0, 0.026, 0.026, 0, 0, 0, 0, 0.015
Desua9, 1, 0, 0.026, 0.017, 1, 0, 1, 1, 0.009
Dict1, 0, 0.002, 0.731, 0.344, 0, 0, 0, 0, 0.012
Dorm1, 0, 0, 0.034, 0.037, 0, 0, 0, 0, 0.02
Dorm2, 0, 0, 0.027, 0.024, 0, 0, 0, 0, 0.013
Dorm3, 1, 0.003, 0.034, 0.393, 1, 0, 1, 0.209, 0.799
Dorm4, 0, 0, 0.061, 0.049, 0, 0, 0, 0, 0.011
Dorm5, 0, 0, 0.03, 0.023, 0, 0, 0, 0, 0.009
Edwa1, 0, 0, 0.034, 0.027, 0, 0, 0, 0, 0.015
Eise1, 0, 0, 0.032, 0.028, 0, 0, 0, 0, 0.02
Eise2, 0, 0, 0.027, 0.027, 0, 0, 0, 0, 0.015
Eise3, 0, 0, 0.034, 0.034, 0, 0, 0, 0, 0.021
Eise4, 0, 0, 0.027, 0.022, 0, 0, 0, 0, 0.014
Elus1, 0, 0, 0.02, 0.022, 0, 0, 0, 0, 0.015
Elus10, 0, 0, 0.02, 0.018, 0, 0, 0, 0, 0.012
Elus2, 0, 0, 0.028, 0.033, 0, 0, 0, 0, 0.023
Elus3, 0, 0, 0.026, 0.025, 0, 0, 0, 0, 0.016
Elus4, 1, 0, 0.03, 0.036, 1, 0, 1, 0.028, 0.991
Elus5, 0, 0, 0.02, 0.02, 0, 0, 0, 0, 0.015
Elus6, 0, 0, 0.016, 0.018, 0, 0, 0, 0, 0.013
Elus7, 0, 0, 0.035, 0.026, 0, 0, 0, 0, 0.018
Elus8, 0, 0, 0.014, 0.014, 0, 0, 0, 0, 0.011
Elus9, 0, 0, 0.018, 0.016, 0, 0, 0, 0, 0.01
Erem2, 0, 0, 0.162, 0.098, 0, 0, 0, 0, 0.026
Erem3, 0, 0, 0.144, 0.059, 0, 0, 0, 0, 0.009
Erem4, 0, 0, 0.049, 0.035, 0, 0, 0, 0, 0.011
Erem5, 0, 0, 0.052, 0.041, 0, 0, 0, 0, 0.014
Erem6, 1, 0.004, 0.027, 0.583, 1, 0, 1, 0.343, 0.67
FCPU1, 1, 0, 0.022, 0.016, 1, 0, 1, 0.999, 0.011
FCPU2, 1, 0, 0.027, 0.029, 1, 0, 1, 0.999, 0.016
Ferm1, 1, 0.001, 1.018, 0.674, 1, 0, 1, 0.18, 0.846
Fibr1, 0, 0, 0.033, 0.036, 0, 0, 0, 0, 0.027
Fibr2, 0, 0, 0.018, 0.02, 0, 0, 0, 0, 0.012
Fibr3, 0, 0, 0.019, 0.016, 0, 0, 0, 0, 0.013
Fibr4, 0, 0, 0.017, 0.017, 0, 0, 0, 0, 0.011
Fibr5, 0, 0, 0.023, 0.023, 0, 0, 0, 0, 0.017
Fibr6, 0, 0, 0.015, 0.014, 0, 0, 0, 0, 0.012
Fire1, 0, 0, 0.063, 0.045, 0, 0, 0, 0, 0.02
FirmA1, 0, 0, 0.073, 0.058, 0, 0, 0, 0, 0.017
FirmA10, 0, 0, 0.037, 0.032, 0, 0, 0, 0, 0.021
FirmA100, 0, 0, 0.017, 0.02, 0, 0, 0, 0, 0.011
FirmA101, 0, 0, 0.02, 0.023, 0, 0, 0, 0, 0.015
FirmA102, 0, 0, 0.021, 0.025, 0, 0, 0, 0, 0.016
FirmA103, 0, 0, 0.024, 0.027, 0, 0, 0, 0, 0.015
FirmA104, 0, 0, 0.023, 0.027, 0, 0, 0, 0, 0.014
FirmA105, 0, 0, 0.045, 0.031, 0, 0, 0, 0, 0.011
FirmA106, 0, 0, 0.039, 0.039, 0, 0, 0, 0, 0.01
FirmA107, 0, 0, 0.018, 0.02, 0, 0, 0, 0, 0.013
FirmA108, 0, 0, 0.015, 0.019, 0, 0, 0, 0, 0.01
FirmA109, 0, 0, 0.169, 0.016, 0, 0, 0, 0, 0.01
FirmA11, 0, 0, 0.02, 0.018, 0, 0, 0, 0, 0.009
FirmA110, 0, 0, 0.018, 0.02, 0, 0, 0, 0, 0.008
FirmA111, 0, 0, 0.081, 0.039, 0, 0, 0, 0, 0.019
FirmA112, 0, 0, 0.029, 0.03, 0, 0, 0, 0, 0.017
FirmA113, 0, 0, 0.022, 0.018, 0, 0, 0, 0, 0.012
FirmA114, 0, 0, 0.021, 0.021, 0, 0, 0, 0, 0.013
FirmA12, 0, 0, 0.249, 0.085, 0, 0, 0, 0, 0.018
FirmA14, 0, 0, 0.03, 0.029, 0, 0, 0, 0, 0.02
FirmA16, 1, 0.001, 0.018, 0.147, 1, 0, 1, 0.451, 0.562
FirmA18, 0, 0, 0.024, 0.025, 0, 0, 0, 0, 0.015
FirmA19, 0, 0, 0.023, 0.03, 0, 0, 0, 0, 0.02
FirmA2, 0, 0, 0.062, 0.049, 0, 0, 0, 0, 0.024
FirmA20, 0, 0, 0.022, 0.02, 0, 0, 0, 0, 0.016
FirmA21, 0, 0, 0.02, 0.02, 0, 0, 0, 0, 0.017
FirmA24, 0, 0, 0.037, 0.039, 0, 0, 0, 0, 0.021
FirmA25, 0, 0, 0.028, 0.028, 0, 0, 0, 0, 0.019
FirmA26, 0, 0, 0.02, 0.024, 0, 0, 0, 0, 0.017
FirmA27, 0, 0, 0.019, 0.024, 0, 0, 0, 0, 0.015
FirmA28, 0, 0, 0.021, 0.02, 0, 0, 0, 0, 0.015
FirmA29, 0, 0, 0.024, 0.025, 0, 0, 0, 0, 0.013
FirmA30, 0, 0, 0.016, 0.013, 0, 0, 0, 0, 0.009
FirmA31, 0, 0, 0.055, 0.021, 0, 0, 0, 0, 0.013
FirmA32, 1, 0.004, 0.03, 0.536, 1, 0, 1, 0.339, 0.679
FirmA33, 0, 0, 0.019, 0.023, 0, 0, 0, 0, 0.016
FirmA34, 0, 0, 0.277, 0.141, 0, 0, 0, 0, 0.018
FirmA35, 0, 0, 0.023, 0.02, 0, 0, 0, 0, 0.012
FirmA36, 0, 0, 0.025, 0.026, 0, 0, 0, 0, 0.019
FirmA37, 0, 0, 0.017, 0.021, 0, 0, 0, 0, 0.013
FirmA38, 0, 0, 0.37, 0.229, 0, 0, 0, 0, 0.023
FirmA39, 0, 0, 0.027, 0.034, 0, 0, 0, 0, 0.024
FirmA40, 0, 0, 0.02, 0.019, 0, 0, 0, 0, 0.01
FirmA41, 0, 0, 0.013, 0.013, 0, 0, 0, 0, 0.01
FirmA42, 0, 0, 0.027, 0.024, 0, 0, 0, 0, 0.016
FirmA43, 0, 0, 0.011, 0.009, 0, 0, 0, 0, 0.008
FirmA44, 0, 0, 0.02, 0.024, 0, 0, 0, 0, 0.017
FirmA45, 0, 0, 0.02, 0.018, 0, 0, 0, 0, 0.01
FirmA46, 0, 0, 0.046, 0.042, 0, 0, 0, 0, 0.016
FirmA47, 0, 0, 0.018, 0.021, 0, 0, 0, 0, 0.015
FirmA48, 0, 0, 0.014, 0.016, 0, 0, 0, 0, 0.01
FirmA49, 0, 0, 0.022, 0.021, 0, 0, 0, 0, 0.016
FirmA5, 0, 0, 0.021, 0.023, 0, 0, 0, 0, 0.016
FirmA50, 0, 0, 0.025, 0.022, 0, 0, 0, 0, 0.017
FirmA51, 0, 0, 0.019, 0.013, 0, 0, 0, 0, 0.008
FirmA52, 0, 0, 0.021, 0.024, 0, 0, 0, 0, 0.016
FirmA53, 0, 0, 0.021, 0.021, 0, 0, 0, 0, 0.01
FirmA54, 1, 0.003, 0.017, 0.295, 1, 0, 1, 0.185, 0.827
FirmA55, 0, 0, 0.013, 0.016, 0, 0, 0, 0, 0.009
FirmA56, 0, 0, 0.029, 0.027, 0, 0, 0, 0, 0.02
FirmA57, 0, 0, 0.051, 0.057, 0, 0, 0, 0, 0.015
FirmA58, 0, 0, 0.029, 0.022, 0, 0, 0, 0, 0.017
FirmA59, 0, 0, 0.02, 0.018, 0, 0, 0, 0, 0.016
FirmA6, 0, 0, 0.024, 0.029, 0, 0, 0, 0, 0.02
FirmA60, 0, 0, 0.021, 0.023, 0, 0, 0, 0, 0.018
FirmA61, 0, 0, 0.015, 0.014, 0, 0, 0, 0, 0.013
FirmA62, 0, 0, 0.014, 0.013, 0, 0, 0, 0, 0.01
FirmA63, 0, 0, 0.034, 0.03, 0, 0, 0, 0, 0.02
FirmA64, 0, 0, 0.015, 0.017, 0, 0, 0, 0, 0.012
FirmA65, 0, 0, 0.013, 0.012, 0, 0, 0, 0, 0.008
FirmA66, 0, 0, 0.012, 0.011, 0, 0, 0, 0, 0.01
FirmA67, 0, 0, 0.014, 0.015, 0, 0, 0, 0, 0.012
FirmA68, 1, 0.001, 0.016, 0.285, 1, 0, 1, 0.169, 0.841
FirmA69, 0, 0, 0.023, 0.023, 0, 0, 0, 0, 0.02
FirmA7, 0, 0, 0.068, 0.024, 0, 0, 0, 0, 0.012
FirmA70, 0, 0, 0.022, 0.024, 0, 0, 0, 0, 0.014
FirmA71, 0, 0, 0.025, 0.028, 0, 0, 0, 0, 0.021
FirmA72, 0, 0, 0.019, 0.021, 0, 0, 0, 0, 0.013
FirmA73, 0, 0, 0.027, 0.028, 0, 0, 0, 0, 0.021
FirmA74, 0, 0, 0.022, 0.025, 0, 0, 0, 0, 0.019
FirmA75, 0, 0, 0.015, 0.012, 0, 0, 0, 0, 0.009
FirmA76, 0, 0, 0.017, 0.023, 0, 0, 0, 0, 0.012
FirmA77, 0, 0, 0.041, 0.018, 0, 0, 0, 0, 0.013
FirmA78, 0, 0, 0.024, 0.028, 0, 0, 0, 0, 0.015
FirmA79, 0, 0, 0.022, 0.021, 0, 0, 0, 0, 0.02
FirmA8, 0, 0, 0.043, 0.045, 0, 0, 0, 0, 0.027
FirmA80, 1, 0.002, 0.016, 0.454, 1, 0, 1, 0.257, 0.755
FirmA81, 0, 0, 0.02, 0.025, 0, 0, 0, 0, 0.017
FirmA83, 0, 0, 0.028, 0.031, 0, 0, 0, 0, 0.022
FirmA84, 0, 0, 0.029, 0.032, 0, 0, 0, 0, 0.021
FirmA85, 0, 0, 0.017, 0.016, 0, 0, 0, 0, 0.012
FirmA86, 0, 0, 0.024, 0.027, 0, 0, 0, 0, 0.017
FirmA87, 1, 0.003, 0.028, 0.297, 1, 0, 1, 0.209, 0.814
FirmA88, 0, 0, 0.019, 0.02, 0, 0, 0, 0, 0.014
FirmA89, 0, 0, 0.024, 0.019, 0, 0, 0, 0, 0.014
FirmA9, 0, 0, 0.029, 0.029, 0, 0, 0, 0, 0.021
FirmA90, 0, 0, 0.025, 0.033, 0, 0, 0, 0, 0.013
FirmA91, 0, 0, 0.008, 0.008, 0, 0, 0, 0, 0.007
FirmA92, 0, 0, 0.205, 0.092, 0, 0, 0, 0, 0.018
FirmA93, 1, 0.003, 0.019, 0.201, 1, 0, 1, 0.226, 0.785
FirmA94, 0, 0, 0.014, 0.018, 0, 0, 0, 0, 0.008
FirmA95, 1, 0, 0.018, 0.023, 1, 0, 1, 0.154, 0.859
FirmA96, 0, 0, 0.019, 0.023, 0, 0, 0, 0, 0.018
FirmA97, 0, 0, 0.021, 0.023, 0, 0, 0, 0, 0.015
FirmA98, 0, 0, 0.017, 0.018, 0, 0, 0, 0, 0.009
FirmA99, 0, 0, 0.024, 0.021, 0, 0, 0, 0, 0.017
FirmB1, 2, 0.006, 0.036, 1.277, 1, 0, 2, 1.32, 0.69
FirmB10, 1, 0, 0.019, 0.105, 1, 0, 1, 0.249, 0.766
FirmB11, 1, 0.002, 0.02, 0.259, 1, 0, 1, 0.252, 0.754
FirmB12, 0, 0, 0.077, 0.043, 0, 0, 0, 0, 0.014
FirmB13, 0, 0, 0.24, 0.061, 0, 0, 0, 0, 0.02
FirmB14, 0, 0, 0.077, 0.057, 0, 0, 0, 0, 0.013
FirmB15, 0, 0, 0.104, 0.084, 0, 0, 0, 0, 0.008
FirmB16, 1, 0.001, 0.019, 0.241, 1, 0, 1, 0.213, 0.798
FirmB17, 0, 0, 0.114, 0.075, 0, 0, 0, 0, 0.018
FirmB2, 0, 0, 0.286, 0.153, 0, 0, 0, 0, 0.022
FirmB3, 0, 0, 0.082, 0.077, 0, 0, 0, 0, 0.018
FirmB4, 1, 0.003, 0.11, 0.342, 1, 0, 1, 0.968, 0.042
FirmB5, 0, 0, 0.028, 0.025, 0, 0, 0, 0, 0.018
FirmB6, 1, 0.003, 0.035, 0.431, 1, 0, 1, 0.226, 0.782
FirmB7, 1, 0.001, 0.251, 0.099, 1, 0, 1, 0.013, 1
FirmB8, 0, 0, 0.028, 0.034, 0, 0, 0, 0, 0.018
FirmB9, 0, 0, 0.272, 0.046, 0, 0, 0, 0, 0.019
FirmC1, 0, 0, 0.023, 0.024, 0, 0, 0, 0, 0.017
FirmC10, 0, 0, 0.018, 0.02, 0, 0, 0, 0, 0.014
FirmC11, 0, 0, 0.02, 0.025, 0, 0, 0, 0, 0.013
FirmC12, 0, 0, 0.014, 0.015, 0, 0, 0, 0, 0.008
FirmC13, 0, 0, 0.014, 0.017, 0, 0, 0, 0, 0.012
FirmC14, 0, 0, 0.021, 0.024, 0, 0, 0, 0, 0.017
FirmC15, 0, 0, 0.019, 0.015, 0, 0, 0, 0, 0.013
FirmC16, 0, 0, 0.017, 0.019, 0, 0, 0, 0, 0.011
FirmC17, 0, 0, 0.017, 0.024, 0, 0, 0, 0, 0.015
FirmC18, 0, 0, 0.021, 0.021, 0, 0, 0, 0, 0.014
FirmC19, 0, 0, 0.015, 0.015, 0, 0, 0, 0, 0.01
FirmC3, 0, 0, 0.023, 0.02, 0, 0, 0, 0, 0.016
FirmC4, 0, 0, 0.021, 0.025, 0, 0, 0, 0, 0.015
FirmC5, 0, 0, 0.036, 0.043, 0, 0, 0, 0, 0.03
FirmC6, 0, 0, 0.028, 0.036, 0, 0, 0, 0, 0.022
FirmC7, 0, 0, 0.018, 0.017, 0, 0, 0, 0, 0.013
FirmC8, 0, 0, 0.013, 0.014, 0, 0, 0, 0, 0.009
FirmC9, 0, 0, 0.016, 0.017, 0, 0, 0, 0, 0.013
FirmD1, 0, 0, 0.023, 0.022, 0, 0, 0, 0, 0.019
FirmD2, 0, 0, 0.016, 0.016, 0, 0, 0, 0, 0.014
FirmD3, 0, 0, 0.019, 0.019, 0, 0, 0, 0, 0.017
FirmD4, 0, 0, 0.012, 0.014, 0, 0, 0, 0, 0.009
FirmE1, 1, 0.002, 0.036, 0.539, 1, 0, 1, 0.17, 0.846
FirmE2, 0, 0, 0.043, 0.028, 0, 0, 0, 0, 0.017
FirmE3, 0, 0, 0.286, 0.143, 0, 0, 0, 0, 0.02
FirmE4, 0, 0, 0.029, 0.025, 0, 0, 0, 0, 0.013
FirmE5, 2, 0.977, 0.033, 0.323, 1, 0, 2, 0.029, 0.79
FirmE6, 0, 0, 0.03, 0.025, 0, 0, 0, 0, 0.014
FirmE7, 0, 0, 0.022, 0.021, 0, 0, 0, 0, 0.014
FirmE8, 0, 0, 0.021, 0.025, 0, 0, 0, 0, 0.013
FirmF1, 0, 0, 0.11, 0.064, 0, 0, 0, 0, 0.016
FirmF2, 2, 0.998, 0.04, 0.034, 1, 0, 2, 0.003, 0.02
FirmF3, 1, 0, 0.037, 0.032, 1, 0, 1, 0.998, 0.015
FirmG1, 0, 0, 0.039, 0.025, 0, 0, 0, 0, 0.014
FirmG2, 1, 0.006, 0.032, 0.529, 1, 0, 1, 0.247, 0.766
FirmG3, 0, 0, 0.023, 0.021, 0, 0, 0, 0, 0.015
FirmG4, 0, 0, 0.031, 0.025, 0, 0, 0, 0, 0.017
FirmG5, 0, 0, 0.039, 0.034, 0, 0, 0, 0, 0.014
FirmG6, 0, 0, 0.025, 0.029, 0, 0, 0, 0, 0.017
Firms1, 0, 0, 0.023, 0.019, 0, 0, 0, 0, 0.016
Firms10, 0, 0, 0.02, 0.023, 0, 0, 0, 0, 0.013
Firms11, 1, 0, 0.982, 0.083, 1, 0, 1, 0.144, 0.872
Firms12, 0, 0, 0.051, 0.012, 0, 0, 0, 0, 0.009
Firms13, 0, 0, 0.029, 0.025, 0, 0, 0, 0, 0.017
Firms15, 1, 0, 0.013, 0.014, 1, 0, 1, 0.979, 0.032
Firms16, 0, 0, 0.017, 0.022, 0, 0, 0, 0, 0.014
Firms17, 1, 0, 0.127, 0.02, 1, 0, 1, 0.999, 0.017
Firms18, 0, 0, 0.019, 0.018, 0, 0, 0, 0, 0.014
Firms2, 0, 0, 0.02, 0.022, 0, 0, 0, 0, 0.014
Firms20, 1, 0, 0.02, 0.024, 1, 0, 1, 0.168, 0.845
Firms21, 0, 0, 0.031, 0.037, 0, 0, 0, 0, 0.027
Firms22, 1, 0, 0.509, 0.58, 1, 0, 1, 0.707, 0.309
Firms23, 0, 0, 0.02, 0.021, 0, 0, 0, 0, 0.015
Firms24, 1, 0.005, 0.204, 0.436, 1, 0, 1, 0.197, 0.82
Firms25, 0, 0, 0.02, 0.018, 0, 0, 0, 0, 0.016
Firms26, 1, 0, 0.221, 0.122, 1, 0, 1, 0.174, 0.842
Firms27, 2, 0.004, 0.078, 0.837, 1, 0, 2, 1.135, 0.874
Firms28, 0, 0, 0.019, 0.016, 0, 0, 0, 0, 0.013
Firms29, 0, 0, 0.183, 0.016, 0, 0, 0, 0, 0.008
Firms3, 0, 0, 0.275, 0.048, 0, 0, 0, 0, 0.02
Firms30, 0, 0, 0.022, 0.024, 0, 0, 0, 0, 0.018
Firms31, 0, 0.001, 0.022, 0.024, 0, 0, 0, 0, 0.017
Firms32, 0, 0, 0.015, 0.016, 0, 0, 0, 0, 0.011
Firms33, 0, 0, 0.02, 0.024, 0, 0, 0, 0, 0.014
Firms4, 0, 0, 0.028, 0.022, 0, 0, 0, 0, 0.016
Firms5, 1, 0.002, 0.055, 0.979, 1, 0, 1, 0.959, 0.056
Firms6, 0, 0, 0.036, 0.024, 0, 0, 0, 0, 0.02
Firms7, 0, 0, 1.01, 0.035, 0, 0, 0, 0, 0.02
Firms8, 0, 0, 0.078, 0.036, 0, 0, 0, 0, 0.019
Firms9, 0, 0, 0.018, 0.019, 0, 0, 0, 0, 0.014
Fuso2, 0, 0, 0.23, 0.159, 0, 0, 0, 0, 0.005
Gemm2, 0, 0, 0.024, 0.019, 0, 0, 0, 0, 0.014
Gemm3, 1, 0.002, 0.025, 0.142, 1, 0, 1, 0.185, 0.833
Gemm4, 0, 0, 0.018, 0.02, 0, 0, 0, 0, 0.008
Gemm5, 0, 0, 0.022, 0.022, 0, 0, 0, 0, 0.017
Gemm6, 0, 0, 0.201, 0.045, 0, 0, 0, 0, 0.011
Gemm7, 0, 0, 0.029, 0.022, 0, 0, 0, 0, 0.016
Gemm8, 0, 0, 0.022, 0.02, 0, 0, 0, 0, 0.017
Gemm9, 0, 0, 0.052, 0.019, 0, 0, 0, 0, 0.011
GemmA1, 1, 0, 0.117, 0.28, 1, 0, 1, 0.987, 0.037
Gold1, 0, 0.001, 0.027, 0.023, 0, 0, 0, 0, 0.014
Gold2, 0, 0, 0.024, 0.02, 0, 0, 0, 0, 0.012
Hydr1, 1, 0, 0.036, 0.032, 1, 0, 1, 0.998, 0.018
Hydr2, 1, 0, 0.039, 0.032, 1, 0, 1, 0.997, 0.021
J088X1, 1, 0.002, 0.265, 0.569, 1, 0, 1, 0.004, 1.02
KSB1X1, 0, 0, 0.031, 0.036, 0, 0, 0, 0, 0.027
KSB1X2, 0, 0, 0.029, 0.027, 0, 0, 0, 0, 0.02
KSB1X3, 0, 0, 0.027, 0.03, 0, 0, 0, 0, 0.023
KSB1X4, 0, 0, 0.02, 0.018, 0, 0, 0, 0, 0.011
Krum1, 1, 0, 0.192, 0.261, 1, 0, 1, 0.987, 0.021
Late1, 0, 0, 0.153, 0.076, 0, 0, 0, 0, 0.019
Late2, 0, 0, 0.046, 0.03, 0, 0, 0, 0, 0.02
Late3, 1, 0.001, 0.025, 0.345, 1, 0, 1, 0.129, 0.89
Lind1, 1, 0.003, 0.119, 0.336, 1, 0, 1, 0.731, 0.285
Lind2, 0, 0, 0.845, 0.277, 0, 0, 0, 0, 0.014
Lind4, 1, 0.006, 0.762, 1.064, 1, 0, 1, 0.847, 0.174
Marg1, 0, 0, 0.039, 0.028, 0, 0, 0, 0, 0.009
Marg2, 0, 0, 0.046, 0.04, 0, 0, 0, 0, 0.018
Marg6, 0, 0.001, 0.064, 0.062, 0, 0, 0, 0, 0.033
Marg7, 0, 0, 0.045, 0.045, 0, 0, 0, 0, 0.017
Mari1, 0, 0, 0.035, 0.036, 0, 0, 0, 0, 0.025
Mari2, 0, 0, 0.018, 0.019, 0, 0, 0, 0, 0.014
Mari3, 0, 0, 0.023, 0.022, 0, 0, 0, 0, 0.019
Mari5, 0, 0, 0.025, 0.031, 0, 0, 0, 0, 0.023
Mari6, 0, 0, 0.026, 0.027, 0, 0, 0, 0, 0.016
Meth1, 0, 0, 0.048, 0.039, 0, 0, 0, 0, 0.016
Meth2, 0, 0, 0.045, 0.029, 0, 0, 0, 0, 0.013
Meth3, 1, 0, 0.368, 0.032, 1, 0, 1, 0.86, 0.149
Meth4, 1, 0.002, 0.301, 0.607, 1, 0, 1, 0.933, 0.08
Meth5, 1, 0, 0.344, 0.128, 1, 0, 1, 0.418, 0.595
Muir1, 1, 0.003, 0.033, 0.354, 1, 0, 1, 0.09, 0.922
MyxA1, 1, 0, 0.027, 0.028, 1, 0, 1, 0.999, 0.015
MyxA2, 1, 0, 0.031, 0.028, 1, 0, 1, 0.999, 0.019
MyxA3, 1, 0, 0.027, 0.031, 1, 0, 1, 1, 0.015
MyxA4, 0, 0.001, 0.914, 0.585, 0, 0, 0, 0, 0.019
Myxo1, 1, 0, 0.026, 0.034, 1, 0, 1, 0.971, 0.047
Myxo10, 0, 0, 0.396, 0.154, 0, 0, 0, 0, 0.015
Myxo11, 1, 0, 0.02, 0.021, 1, 0, 1, 1, 0.009
Myxo13, 1, 0, 0.028, 0.025, 1, 0, 1, 0.996, 0.017
Myxo14, 0, 0, 0.288, 0.086, 0, 0, 0, 0, 0.015
Myxo15, 1, 0.009, 0.079, 1.047, 1, 0, 1, 0.958, 0.042
Myxo17, 1, 0, 0.036, 0.026, 1, 0, 1, 0.998, 0.013
Myxo18, 1, 0.001, 0.153, 0.099, 1, 0, 1, 0.888, 0.124
Myxo19, 1, 0, 0.045, 0.043, 1, 0, 1, 0.998, 0.022
Myxo2, 0, 0, 0.997, 0.029, 0, 0, 0, 0, 0.018
Myxo3, 0, 0, 0.488, 0.042, 0, 0, 0, 0, 0.019
Myxo5, 1, 0.003, 0.053, 0.339, 1, 0, 1, 0.967, 0.048
Myxo6, 1, 0, 0.117, 0.114, 1, 0, 1, 0.17, 0.844
Myxo7, 1, 0, 0.035, 0.031, 1, 0, 1, 1, 0.015
Myxo8, 1, 0, 0.031, 0.042, 1, 0, 1, 1, 0.011
Myxo9, 0, 0, 0.552, 0.035, 0, 0, 0, 0, 0.021
NPL1, 0, 0, 0.03, 0.035, 0, 0, 0, 0, 0.009
Nitr1, 1, 0, 0.025, 0.029, 1, 0, 1, 0.286, 0.732
Nitr10, 1, 0.004, 0.019, 0.333, 1, 0, 1, 0.272, 0.737
Nitr11, 0, 0, 0.029, 0.025, 0, 0, 0, 0, 0.015
Nitr12, 0, 0, 0.024, 0.023, 0, 0, 0, 0, 0.015
Nitr13, 1, 0, 0.027, 0.059, 1, 0, 1, 0.177, 0.837
Nitr14, 0, 0, 0.016, 0.016, 0, 0, 0, 0, 0.007
Nitr15, 0, 0, 0.026, 0.033, 0, 0, 0, 0, 0.018
Nitr16, 0, 0, 0.028, 0.027, 0, 0, 0, 0, 0.014
Nitr17, 0, 0, 0.273, 0.097, 0, 0, 0, 0, 0.014
Nitr2, 0, 0, 0.085, 0.045, 0, 0, 0, 0, 0.018
Nitr3, 0, 0, 0.075, 0.026, 0, 0, 0, 0, 0.011
Nitr4, 0, 0, 0.036, 0.027, 0, 0, 0, 0, 0.016
Nitr5, 1, 0.002, 0.021, 0.414, 1, 0, 1, 0.256, 0.76
Nitr6, 0, 0, 0.297, 0.082, 0, 0, 0, 0, 0.019
Nitr7, 0, 0, 0.238, 0.09, 0, 0, 0, 0, 0.027
Nitr8, 0, 0, 0.025, 0.022, 0, 0, 0, 0, 0.018
Nitr9, 1, 0.002, 0.03, 0.209, 1, 0, 1, 0.205, 0.817
Nits1, 0, 0, 0.025, 0.023, 0, 0, 0, 0, 0.016
Nits2, 0, 0, 0.034, 0.031, 0, 0, 0, 0, 0.02
Nits3, 0, 0, 0.021, 0.018, 0, 0, 0, 0, 0.012
Nits4, 0, 0, 0.03, 0.027, 0, 0, 0, 0, 0.016
NitsA1, 0, 0, 0.034, 0.028, 0, 0, 0, 0, 0.018
NitsA2, 0, 0, 0.033, 0.032, 0, 0, 0, 0, 0.017
NitsA3, 0, 0, 0.017, 0.015, 0, 0, 0, 0, 0.009
Node_AABM5X1_AABM5X2_0, 0.217, 0, 0.077, 0.072, 0.216, 0, 0.217, 0.026, 0.204
Node_AABM5X1_AABM5X3_0, 0.09, 0, 0.029, 0.042, 0.09, 0, 0.09, 0.03, 0.063
Node_Acid11_Acid16_0, 0.114, 0.002, 0.121, 0.057, 0.112, 0, 0.114, 0.06, 0.053
Node_Acid11_Acid31_0, 0.368, 0.001, 0.028, 0.108, 0.336, 0, 0.368, 0.101, 0.281
Node_Acid12_Acid13_0, 0.204, 0.002, 0.022, 0.086, 0.2, 0, 0.204, 0.042, 0.174
Node_Acid1_Acid17_0, 0.012, 0, 0.076, 0.028, 0.012, 0, 0.012, 0.007, 0.008
Node_Acid1_Acid3_0, 0.08, 0, 0.157, 0.061, 0.077, 0, 0.08, 0.07, 0.02
Node_Acid23_Acid12_0, 0.05, 0.001, 0.01, 0.023, 0.048, 0, 0.05, 0.011, 0.044
Node_Acid29_Acid27_0, 0.01, 0, 0.03, 0.03, 0.01, 0, 0.01, 0.006, 0.012
Node_Acid2_Acid11_0, 0.18, 0.001, 0.121, 0.15, 0.17, 0, 0.18, 0.145, 0.037
Node_Acid2_Acid18_0, 0.229, 0, 0.056, 0.128, 0.224, 0, 0.229, 0.125, 0.105
Node_Acid32_Acid25_0, 0.004, 0, 0.023, 0.019, 0.004, 0, 0.004, 0.001, 0.013
Node_Acid32_Acid26_0, 0.008, 0, 0.018, 0.023, 0.008, 0, 0.008, 0.001, 0.022
Node_Acid34_Acid22_0, 0.675, 0, 0.035, 0.042, 0.66, 0, 0.675, 0.588, 0.092
Node_Acid34_Acid24_0, 0.051, 0.001, 0.672, 0.036, 0.05, 0, 0.051, 0.016, 0.047
Node_Acid34_Acid29_0, 0.028, 0, 0.273, 0.076, 0.028, 0, 0.028, 0.022, 0.023
Node_Acid34_Acid33_0, 0.278, 0, 0.021, 0.063, 0.275, 0, 0.278, 0.043, 0.248
Node_Acid37_Acid21_0, 0.006, 0, 0.021, 0.021, 0.006, 0, 0.006, 0.002, 0.013
Node_Acid37_Acid30_0, 0.006, 0, 0.027, 0.032, 0.006, 0, 0.006, 0.001, 0.027
Node_Acid37_Acid32_0, 0.014, 0, 0.027, 0.015, 0.014, 0, 0.014, 0.008, 0.008
Node_Acid38_Acid10_0, 0.641, 0, 0.039, 0.038, 0.636, 0, 0.641, 0.587, 0.062
Node_Acid38_Acid1_0, 0.217, 0, 0.054, 0.042, 0.209, 0, 0.217, 0.094, 0.127
Node_Acid38_Acid2_0, 0.263, 0.001, 0.271, 0.201, 0.243, 0, 0.263, 0.24, 0.028
Node_Acid38_Acid34_0, 0.618, 0.003, 0.048, 0.091, 0.612, 0, 0.618, 0.175, 0.446
Node_Acid38_Acid36_0, 0.005, 0, 0.024, 0.026, 0.005, 0, 0.005, 0.001, 0.02
Node_Acid38_Acid40_0, 0.009, 0, 0.026, 0.031, 0.009, 0, 0.009, 0.004, 0.025
Node_Acid38_Acid4_0, 0.019, 0, 0.632, 0.064, 0.019, 0, 0.019, 0.016, 0.01
Node_Acid38_Acid5_0, 0.144, 0, 0.157, 0.078, 0.136, 0, 0.144, 0.107, 0.038
Node_Acid38_Acid7_0, 0.01, 0, 0.028, 0.031, 0.01, 0, 0.01, 0.005, 0.019
Node_Acid38_Acid8_0, 0.505, 0.004, 0.101, 0.231, 0.448, 0, 0.505, 0.439, 0.063
Node_Acid38_B130X1_0, 0.539, 0.005, 0.899, 0.33, 0.469, 0, 0.539, 0.515, 0.019
Node_Acid39_Acid35_0, 0.046, 0.001, 0.411, 0.123, 0.046, 0, 0.046, 0.034, 0.03
Node_Acid3_Acid14_0, 0.008, 0, 0.111, 0.045, 0.008, 0, 0.008, 0.004, 0.016
Node_Acid3_Acid6_0, 0.103, 0.001, 0.037, 0.042, 0.099, 0, 0.103, 0.052, 0.059
Node_Acid40_Acid20_0, 0.002, 0, 0.014, 0.009, 0.002, 0, 0.002, 0, 0.007
Node_Acid5_Acid23_0, 0.015, 0.001, 0.028, 0.026, 0.015, 0, 0.015, 0.009, 0.009
Node_Acid5_Acid37_0, 0.033, 0, 0.123, 0.059, 0.031, 0, 0.033, 0.026, 0.012
Node_Acid6_Acid28_0, 0.235, 0.001, 0.033, 0.082, 0.234, 0, 0.235, 0.083, 0.164
Node_Acid8_Acid9_0, 0.497, 0.001, 0.097, 0.187, 0.452, 0, 0.497, 0.412, 0.088
Node_Acid9_Acid39_0, 0.426, 0.001, 0.204, 0.165, 0.412, 0, 0.426, 0.297, 0.132
Node_Acti10_Acti11_0, 0.133, 0, 0.01, 0.03, 0.127, 0, 0.133, 0.075, 0.062
Node_Acti10_Acti25_0, 0.128, 0, 0.103, 0.071, 0.123, 0, 0.128, 0.034, 0.098
Node_Acti10_Acti26_0, 0.081, 0, 0.668, 0.044, 0.081, 0, 0.081, 0.069, 0.015
Node_Acti10_Acti31_0, 0.201, 0.002, 0.118, 0.092, 0.198, 0, 0.201, 0.022, 0.189
Node_Acti10_Acti3_0, 0.995, 0, 0.033, 0.031, 0.988, 0, 0.995, 0.988, 0.022
Node_Acti10_Acti7_0, 1.006, 0.005, 0.02, 0.131, 0.99, 0, 1.006, 0.191, 0.82
Node_Acti11_Acti22_0, 0.2, 0.001, 0.034, 0.034, 0.198, 0, 0.2, 0.101, 0.1
Node_Acti12_Acti21_0, 0.006, 0, 0.023, 0.025, 0.006, 0, 0.006, 0.002, 0.017
Node_Acti12_Acti48_0, 0.012, 0, 0.023, 0.025, 0.012, 0, 0.012, 0.004, 0.024
Node_Acti14_Acti33_0, 0.197, 0.002, 0.024, 0.06, 0.195, 0, 0.197, 0.163, 0.038
Node_Acti14_Acti34_0, 0.18, 0, 0.176, 0.104, 0.176, 0, 0.18, 0.035, 0.159
Node_Acti14_Acti6_0, 1.021, 0.004, 0.043, 0.057, 0.999, 0, 1.021, 0.152, 0.88
Node_Acti18_Acti16_0, 1.013, 0.001, 0.047, 0.051, 1, 0, 1.013, 0.65, 0.385
Node_Acti18_Acti4_0, 0.674, 0, 0.147, 0.049, 0.664, 0, 0.674, 0.613, 0.068
Node_Acti19_Acti13_0, 1.006, 0.001, 0.008, 0.013, 1, 0, 1.006, 0.999, 0.01
Node_Acti19_Acti23_0, 1.003, 0, 0.017, 0.015, 0.999, 0, 1.003, 0.999, 0.014
Node_Acti19_Acti42_0, 1.008, 0.006, 0.017, 0.332, 0.999, 0, 1.008, 0.935, 0.066
Node_Acti19_Acti49_0, 1.003, 0, 0.01, 0.012, 1, 0, 1.003, 0.998, 0.01
Node_Acti19_Acti8_0, 1.003, 0, 0.013, 0.022, 0.997, 0, 1.003, 1, 0.008
Node_Acti33_Acti35_0, 0.346, 0, 0.022, 0.112, 0.343, 0, 0.346, 0.189, 0.171
Node_Acti43_Acti36_0, 0.014, 0, 0.148, 0.043, 0.014, 0, 0.014, 0.008, 0.017
Node_Acti46_Acti41_0, 0.035, 0, 0.151, 0.054, 0.035, 0, 0.035, 0.029, 0.02
Node_Acti47_Acti45_0, 0.046, 0, 0.399, 0.134, 0.046, 0, 0.046, 0.041, 0.011
Node_Acti49_Acti15_0, 0.041, 0.001, 1.02, 0.025, 0.041, 0, 0.041, 0.004, 0.046
Node_Acti49_Acti32_0, 0.008, 0, 0.013, 0.013, 0.008, 0, 0.008, 0.001, 0.013
Node_Acti49_Acti38_0, 0.008, 0, 0.048, 0.024, 0.008, 0, 0.008, 0.002, 0.015
Node_Acti49_Acti40_0, 1.014, 0, 0.012, 0.019, 0.999, 0, 1.014, 1, 0.023
Node_Acti50_Acti10_0, 0.734, 0.001, 0.029, 0.057, 0.717, 0, 0.734, 0.719, 0.016
Node_Acti50_Acti14_0, 0.181, 0, 0.6, 0.109, 0.178, 0, 0.181, 0.157, 0.028
Node_Acti50_Acti18_0, 0.753, 0.003, 0.02, 0.075, 0.726, 0, 0.753, 0.718, 0.036
Node_Acti50_Acti19_0, 0.953, 0.007, 0.022, 0.265, 0.939, 0, 0.953, 0.868, 0.08
Node_Acti50_Acti20_0, 0.859, 0.004, 0.104, 0.311, 0.827, 0, 0.859, 0.838, 0.015
Node_Acti50_Acti28_0, 1.012, 0.011, 0.03, 0.58, 0.999, 0, 1.012, 0.421, 0.597
Node_Acti50_Acti39_0, 0.746, 0.001, 0.216, 0.102, 0.736, 0, 0.746, 0.737, 0.008
Node_Acti50_Acti43_0, 0.145, 0, 0.054, 0.054, 0.144, 0, 0.145, 0.136, 0.018
Node_Acti50_Acti46_0, 0.166, 0, 0.021, 0.056, 0.165, 0, 0.166, 0.132, 0.042
Node_Acti50_Acti47_0, 0.434, 0.002, 0.018, 0.19, 0.429, 0, 0.434, 0.221, 0.219
Node_Acti50_Acti51_0, 0.888, 0.003, 0.032, 0.256, 0.871, 0, 0.888, 0.828, 0.058
Node_Acti50_Acti52_0, 0.231, 0, 0.018, 0.067, 0.23, 0, 0.231, 0.159, 0.083
Node_Acti50_FirmF1_0, 0.944, 0.007, 0.233, 0.364, 0.852, 0, 0.944, 0.929, 0.006
Node_Acti51_Acti27_0, 0.016, 0.001, 0.144, 0.094, 0.016, 0, 0.016, 0.015, 0.008
Node_Acti51_Acti9_0, 0.151, 0.002, 0.74, 0.318, 0.149, 0, 0.151, 0.148, 0.001
Node_Acti52_Acti12_0, 0.011, 0, 0.027, 0.031, 0.011, 0, 0.011, 0.009, 0.011
Node_Acti52_Acti37_0, 0.027, 0, 0.223, 0.059, 0.027, 0, 0.027, 0.019, 0.019
Node_Acti52_Acti44_0, 0.003, 0, 0.021, 0.017, 0.003, 0, 0.003, 0, 0.013
Node_Acti8_Acti24_0, 0.007, 0, 0.011, 0.018, 0.007, 0, 0.007, 0.001, 0.014
Node_Acti8_Acti2_0, 0.005, 0, 1.001, 0.007, 0.005, 0, 0.005, 0.003, 0.003
Node_Acti8_Acti5_0, 0.004, 0, 0.01, 0.01, 0.004, 0, 0.004, 0.002, 0.009
Node_Acti9_Acti29_0, 0.011, 0, 0.032, 0.018, 0.011, 0, 0.011, 0.009, 0.003
Node_Acti9_Acti30_0, 0.04, 0.001, 0.125, 0.112, 0.04, 0, 0.04, 0.036, 0.013
Node_Aero1_NPL1_0, 0.021, 0.001, 0.074, 0.058, 0.021, 0, 0.021, 0.018, 0.005
Node_Aero1_UBA6X1_0, 0.326, 0.004, 0.965, 0.414, 0.301, 0, 0.326, 0.317, 0.005
Node_Aero1_UBA9X1_0, 0.089, 0, 0.242, 0.149, 0.087, 0, 0.089, 0.087, 0.005
Node_Aqui2_Aqui1_0, 1.007, 0.005, 0.026, 0.125, 0.996, 0, 1.007, 0.187, 0.829
Node_Aqui2_Aqui3_0, 0.18, 0, 0.714, 0.363, 0.174, 0, 0.18, 0.164, 0.021
Node_Aqui2_Aqui5_0, 0.199, 0, 0.037, 0.051, 0.196, 0, 0.199, 0.055, 0.157
Node_Aqui2_Aqui6_0, 0.079, 0, 0.135, 0.127, 0.078, 0, 0.079, 0.053, 0.034
Node_Aqui2_Camp1_0, 1.111, 0.016, 0.087, 0.403, 0.732, 0, 1.111, 1.069, 0.016
Node_Aqui2_Thers1_0, 0.873, 0.005, 0.258, 0.44, 0.654, 0, 0.873, 0.853, 0.015
Node_Aqui6_Aqui4_0, 0.011, 0, 0.09, 0.04, 0.011, 0, 0.011, 0.005, 0.022
Node_Arma12_Arma11_0, 1.764, 0.013, 0.043, 0.424, 0.989, 0, 1.764, 1.314, 0.447
Node_Arma12_Arma7_0, 1.69, 0.007, 0.176, 0.719, 0.991, 0, 1.69, 1.59, 0.095
Node_Arma15_Arma13_0, 0.01, 0, 0.023, 0.025, 0.01, 0, 0.01, 0.006, 0.017
Node_Arma4_Acti50_0, 1.164, 0.062, 0.363, 0.496, 0.914, 0, 1.164, 1.008, 0.039
Node_Arma4_Arma12_0, 1.347, 0.007, 0.071, 0.621, 0.973, 0, 1.347, 0.753, 0.593
Node_Arma4_Arma14_0, 1.045, 0.002, 0.358, 0.135, 1, 0, 1.045, 0.997, 0.054
Node_Arma4_Arma6_0, 0.818, 0.006, 0.038, 0.267, 0.656, 0, 0.818, 0.44, 0.378
Node_Arma4_CSP1X1_0, 0.958, 0.004, 0.144, 0.464, 0.841, 0, 0.958, 0.91, 0.045
Node_Arma4_Erem6_0, 0.5, 0.004, 0.514, 0.352, 0.455, 0, 0.5, 0.444, 0.052
Node_Arma4_Pate48_0, 1.053, 0.011, 0.133, 0.392, 0.884, 0, 1.053, 1.02, 0.011
Node_Arma4_UBP13X1_0, 0.472, 0.004, 0.141, 0.205, 0.428, 0, 0.472, 0.369, 0.109
Node_Arma6_Arma15_0, 0.016, 0, 0.054, 0.04, 0.016, 0, 0.016, 0.01, 0.018
Node_Arma6_Arma16_0, 0.33, 0.003, 0.168, 0.205, 0.325, 0, 0.33, 0.294, 0.038
Node_Arma6_Arma3_0, 0.457, 0.001, 0.466, 0.301, 0.407, 0, 0.457, 0.36, 0.104
Node_Arma6_Arma9_0, 0.052, 0, 0.292, 0.106, 0.052, 0, 0.052, 0.049, 0.014
Node_Aure2_Aure1_0, 0.011, 0, 0.053, 0.03, 0.011, 0, 0.011, 0.01, 0.002
Node_Bact1_Bact11_0, 0.01, 0, 0.028, 0.02, 0.01, 0, 0.01, 0.005, 0.015
Node_Bact1_Bact17_0, 0.023, 0, 0.067, 0.041, 0.022, 0, 0.023, 0.018, 0.015
Node_Bact20_Bact1_0, 0.075, 0.002, 0.02, 0.032, 0.074, 0, 0.075, 0.008, 0.078
Node_Bact20_Bact30_0, 0.274, 0.002, 0.022, 0.112, 0.271, 0, 0.274, 0.068, 0.219
Node_Bact21_Bact29_0, 0.01, 0, 0.025, 0.024, 0.01, 0, 0.01, 0.002, 0.023
Node_Bact21_Bact36_0, 0.012, 0, 0.029, 0.029, 0.012, 0, 0.012, 0.004, 0.021
Node_Bact21_Bact44_0, 0.02, 0, 0.072, 0.033, 0.02, 0, 0.02, 0.012, 0.018
Node_Bact22_Bact31_0, 0.006, 0, 0.015, 0.012, 0.006, 0, 0.006, 0.002, 0.014
Node_Bact22_Bact5_0, 0.007, 0, 0.018, 0.023, 0.007, 0, 0.007, 0.002, 0.02
Node_Bact23_Bact28_0, 0.002, 0, 0.02, 0.023, 0.002, 0, 0.002, 0.001, 0.018
Node_Bact23_Bact34_0, 0.004, 0, 0.01, 0.017, 0.004, 0, 0.004, 0.001, 0.011
Node_Bact23_Bact4_0, 0.003, 0, 0.016, 0.013, 0.003, 0, 0.003, 0.001, 0.01
Node_Bact24_Bact23_0, 0.009, 0, 0.013, 0.016, 0.009, 0, 0.009, 0.004, 0.012
Node_Bact24_Bact25_0, 0.004, 0, 0.013, 0.014, 0.004, 0, 0.004, 0.002, 0.008
Node_Bact24_Bact3_0, 0.01, 0, 0.013, 0.008, 0.01, 0, 0.01, 0.003, 0.01
Node_Bact24_Bact7_0, 0.013, 0, 0.006, 0.013, 0.013, 0, 0.013, 0.004, 0.012
Node_Bact25_Bact20_0, 0.015, 0, 0.013, 0.012, 0.015, 0, 0.015, 0.003, 0.021
Node_Bact25_Bact2_0, 0.007, 0, 0.009, 0.012, 0.007, 0, 0.007, 0.002, 0.012
Node_Bact27_Bact19_0, 0.26, 0.001, 0.014, 0.133, 0.257, 0, 0.26, 0.064, 0.199
Node_Bact27_Bact21_0, 0.074, 0, 0.01, 0.022, 0.073, 0, 0.074, 0.015, 0.063
Node_Bact27_Bact22_0, 0.005, 0, 0.01, 0.01, 0.005, 0, 0.005, 0.002, 0.008
Node_Bact27_Bact24_0, 0.007, 0, 0.011, 0.014, 0.007, 0, 0.007, 0.006, 0.008
Node_Bact27_Bact35_0, 0.041, 0, 0.251, 0.07, 0.041, 0, 0.041, 0.024, 0.032
Node_Bact27_Bact37_0, 0.021, 0, 0.008, 0.013, 0.021, 0, 0.021, 0.004, 0.024
Node_Bact27_Bact40_0, 0.076, 0, 0.031, 0.057, 0.075, 0, 0.076, 0.022, 0.066
Node_Bact27_Mari3_0, 0.01, 0, 0.031, 0.015, 0.01, 0, 0.01, 0.008, 0.002
Node_Bact29_Bact9_0, 0.008, 0, 0.017, 0.02, 0.008, 0, 0.008, 0, 0.015
Node_Bact30_Bact32_0, 1.011, 0.009, 0.031, 0.38, 1, 0, 1.011, 0.261, 0.759
Node_Bact31_Bact38_0, 0.005, 0, 0.018, 0.019, 0.005, 0, 0.005, 0.002, 0.017
Node_Bact33_Bact10_0, 0.009, 0, 0.018, 0.024, 0.009, 0, 0.009, 0.002, 0.02
Node_Bact33_Bact39_0, 0.008, 0, 0.02, 0.02, 0.008, 0, 0.008, 0.001, 0.019
Node_Bact33_Bact6_0, 0.007, 0, 0.015, 0.015, 0.007, 0, 0.007, 0.001, 0.016
Node_Bact36_Bact43_0, 0.003, 0.001, 0.024, 0.02, 0.003, 0, 0.003, 0, 0.014
Node_Bact37_Bact33_0, 0.006, 0, 0.019, 0.009, 0.006, 0, 0.006, 0.005, 0.004
Node_Bact37_Bact42_0, 0.004, 0, 0.022, 0.024, 0.004, 0, 0.004, 0.001, 0.02
Node_Bact3_Bact12_0, 0.013, 0, 0.009, 0.01, 0.013, 0, 0.013, 0.005, 0.012
Node_Bact3_Bact13_0, 0.007, 0, 0.013, 0.018, 0.007, 0, 0.007, 0.003, 0.011
Node_Bact3_Bact14_0, 0.013, 0, 0.025, 0.026, 0.013, 0, 0.013, 0.002, 0.031
Node_Bact3_Bact18_0, 0.009, 0, 0.012, 0.013, 0.009, 0, 0.009, 0.005, 0.008
Node_Bact40_Bact41_0, 0.25, 0.001, 0.026, 0.083, 0.248, 0, 0.25, 0.063, 0.199
Node_Bact5_Bact16_0, 0.007, 0, 0.02, 0.023, 0.007, 0, 0.007, 0.001, 0.02
Node_Bact7_Bact8_0, 0.013, 0, 0.029, 0.027, 0.013, 0, 0.013, 0.002, 0.029
Node_Bdell12_Bdell3_0, 0.054, 0, 0.163, 0.19, 0.054, 0, 0.054, 0.048, 0.038
Node_Bdell13_Bdell12_0, 0.179, 0.001, 0.664, 0.371, 0.178, 0, 0.179, 0.175, 0.016
Node_Bdell14_Bdell11_0, 0.01, 0, 0.028, 0.024, 0.01, 0, 0.01, 0.003, 0.019
Node_Bdell14_Bdell4_0, 0.012, 0, 0.025, 0.033, 0.012, 0, 0.012, 0.003, 0.027
Node_Bdell15_Bdell14_0, 0.019, 0.001, 0.042, 0.033, 0.019, 0, 0.019, 0.01, 0.013
Node_Bdell15_Bdell7_0, 0.012, 0, 0.023, 0.018, 0.012, 0, 0.012, 0.004, 0.016
Node_Bdell15_Bdell9_0, 0.007, 0, 0.026, 0.028, 0.007, 0, 0.007, 0.002, 0.021
Node_Bdell17_Bdell15_0, 0.047, 0, 0.117, 0.056, 0.047, 0, 0.047, 0.041, 0.009
Node_Bdell17_Bdell16_0, 0.01, 0, 0.063, 0.052, 0.01, 0, 0.01, 0.005, 0.026
Node_Bdell2_Bdell10_0, 0.028, 0, 0.189, 0.057, 0.028, 0, 0.028, 0.024, 0.01
Node_Bdell6_Bdell17_0, 0.155, 0, 0.297, 0.162, 0.145, 0, 0.155, 0.113, 0.048
Node_Bdell6_Bdell2_0, 0.207, 0, 0.086, 0.083, 0.201, 0, 0.207, 0.074, 0.138
Node_Bdell6_UBA1X6_0, 0.404, 0.006, 0.587, 0.348, 0.367, 0, 0.404, 0.345, 0.059
Node_Bdell7_Bdell5_0, 0.006, 0, 0.019, 0.015, 0.006, 0, 0.006, 0.001, 0.013
Node_BdellC1_BdellC2_0, 0.097, 0, 0.644, 0.278, 0.097, 0, 0.097, 0.093, 0.021
Node_Bipo1_Bipo2_0, 0.019, 0, 0.086, 0.064, 0.019, 0, 0.019, 0.014, 0.014
Node_Bipo1_Therg8_0, 0.091, 0.001, 0.15, 0.104, 0.091, 0, 0.091, 0.088, 0.004
Node_CG294X1_CG267X1_0, 0.013, 0, 0.2, 0.074, 0.013, 0, 0.013, 0.009, 0.007
Node_Calda2_Calda1_0, 0.019, 0, 0.109, 0.097, 0.019, 0, 0.019, 0.019, 0.005
Node_Caldit2_Caldit1_0, 1.005, 0.001, 0.205, 0.195, 0.998, 0, 1.005, 0.173, 0.845
Node_Caldit2_Caldit3_0, 0.364, 0, 0.015, 0.05, 0.328, 0, 0.364, 0.074, 0.296
Node_Camp14_Camp15_0, 0.016, 0, 0.845, 0.067, 0.016, 0, 0.016, 0.013, 0.02
Node_Camp1_Camp2_0, 0.688, 0.001, 0.661, 0.255, 0.567, 0, 0.688, 0.557, 0.138
Node_Camp1_Camp3_0, 0.035, 0.001, 0.668, 0.1, 0.035, 0, 0.035, 0.032, 0.014
Node_Camp1_Camp9_0, 1.21, 0.002, 0.031, 0.171, 0.795, 0, 1.21, 1.014, 0.199
Node_Camp1_UBP6X1_0, 1.04, 0.003, 0.115, 0.17, 0.707, 0, 1.04, 0.995, 0.041
Node_Camp2_Camp11_0, 1.286, 0.003, 0.076, 0.092, 0.862, 0, 1.286, 0.615, 0.671
Node_Camp2_Camp13_0, 2.169, 0, 0.078, 0.246, 1, 0, 2.169, 1.609, 0.568
Node_Camp2_Camp4_0, 1.679, 0.024, 0.719, 0.258, 0.97, 0, 1.679, 1.08, 0.579
Node_Camp2_Camp5_0, 1.675, 0.016, 0.058, 0.094, 0.928, 0, 1.675, 1.228, 0.431
Node_Camp2_Camp7_0, 1.795, 0.008, 0.04, 0.163, 0.945, 0, 1.795, 1.643, 0.152
Node_Camp4_Camp16_0, 1.103, 0, 0.768, 0.15, 0.909, 0, 1.103, 0.927, 0.192
Node_Camp5_Camp10_0, 1.097, 0.002, 0.023, 0.142, 0.81, 0, 1.097, 0.952, 0.155
Node_Camp5_Camp12_0, 0.963, 0.001, 0.766, 0.118, 0.744, 0, 0.963, 0.926, 0.053
Node_Camp7_Camp14_0, 0.841, 0, 1.061, 0.227, 0.792, 0, 0.841, 0.755, 0.107
Node_Camp9_Camp6_0, 1.233, 0.002, 0.089, 0.264, 0.821, 0, 1.233, 1.131, 0.11
Node_Chlo12_Chlo24_0, 0.008, 0, 0.09, 0.027, 0.008, 0, 0.008, 0.006, 0.009
Node_Chlo26_Chlo11_0, 0.178, 0.003, 0.667, 0.463, 0.176, 0, 0.178, 0.171, 0.015
Node_Chlo26_Chlo9_0, 0.827, 0.004, 0.025, 0.185, 0.819, 0, 0.827, 0.775, 0.051
Node_Chlo30_Chlo20_0, 0.012, 0.001, 0.02, 0.022, 0.012, 0, 0.012, 0.007, 0.013
Node_Chlo30_Chlo23_0, 0.018, 0, 0.06, 0.053, 0.018, 0, 0.018, 0.014, 0.009
Node_Chlo30_Chlo36_0, 0.069, 0, 0.299, 0.109, 0.069, 0, 0.069, 0.063, 0.008
Node_Chlo30_Chlo37_0, 0.009, 0, 0.015, 0.017, 0.009, 0, 0.009, 0.003, 0.012
Node_Chlo30_Chlo38_0, 0.263, 0.001, 0.121, 0.114, 0.254, 0, 0.263, 0.246, 0.017
Node_Chlo30_Chlo41_0, 0.278, 0.002, 0.047, 0.072, 0.262, 0, 0.278, 0.217, 0.06
Node_Chlo30_Chlo43_0, 0.316, 0.003, 0.053, 0.07, 0.298, 0, 0.316, 0.229, 0.088
Node_Chlo30_Chlo6_0, 0.36, 0.001, 0.091, 0.109, 0.355, 0, 0.36, 0.231, 0.134
Node_Chlo30_Dorm2_0, 0.366, 0.003, 0.204, 0.25, 0.348, 0, 0.366, 0.348, 0.015
Node_Chlo31_Chlo25_0, 0.013, 0, 0.043, 0.04, 0.013, 0, 0.013, 0.003, 0.028
Node_Chlo35_Chlo21_0, 0.013, 0, 0.102, 0.036, 0.013, 0, 0.013, 0.008, 0.009
Node_Chlo36_Chlo13_0, 0.727, 0, 0.028, 0.031, 0.72, 0, 0.727, 0.699, 0.04
Node_Chlo36_Chlo14_0, 0.767, 0.002, 0.019, 0.283, 0.758, 0, 0.767, 0.174, 0.602
Node_Chlo36_Chlo28_0, 0.182, 0, 0.016, 0.06, 0.178, 0, 0.182, 0.048, 0.143
Node_Chlo36_Chlo33_0, 0.055, 0, 0.019, 0.038, 0.055, 0, 0.055, 0.018, 0.042
Node_Chlo36_Chlo40_0, 0.783, 0, 0.021, 0.051, 0.776, 0, 0.783, 0.716, 0.077
Node_Chlo36_Chlo5_0, 0.715, 0, 0.067, 0.033, 0.709, 0, 0.715, 0.706, 0.015
Node_Chlo36_Chlo8_0, 0.032, 0, 0.058, 0.051, 0.031, 0, 0.032, 0.016, 0.021
Node_Chlo38_Chlo19_0, 0.011, 0, 0.04, 0.032, 0.011, 0, 0.011, 0.002, 0.023
Node_Chlo38_Chlo31_0, 0.028, 0, 0.251, 0.086, 0.028, 0, 0.028, 0.025, 0.016
Node_Chlo41_Chlo29_0, 0.045, 0, 0.092, 0.039, 0.045, 0, 0.045, 0.025, 0.023
Node_Chlo41_Chlo32_0, 0.092, 0, 0.021, 0.055, 0.092, 0, 0.092, 0.031, 0.068
Node_Chlo41_Chlo39_0, 0.008, 0, 0.023, 0.02, 0.008, 0, 0.008, 0.001, 0.022
Node_Chlo41_Chlo44_0, 0.016, 0, 0.086, 0.037, 0.016, 0, 0.016, 0.01, 0.01
Node_Chlo41_Chlo4_0, 0.114, 0.001, 0.177, 0.104, 0.11, 0, 0.114, 0.104, 0.012
Node_Chlo41_Chlo7_0, 0.009, 0, 0.019, 0.012, 0.009, 0, 0.009, 0.004, 0.012
Node_Chlo42_Chlo34_0, 0.006, 0, 0.025, 0.022, 0.006, 0, 0.006, 0.004, 0.012
Node_Chlo43_Chlo42_0, 0.019, 0, 0.08, 0.064, 0.019, 0, 0.019, 0.017, 0.017
Node_Chlo43_Chlo45_0, 0.204, 0.002, 0.161, 0.11, 0.193, 0, 0.204, 0.16, 0.047
Node_Chlo43_Chlo47_0, 0.082, 0, 0.133, 0.053, 0.082, 0, 0.082, 0.073, 0.011
Node_Chlo44_Chlo17_0, 0.008, 0, 0.016, 0.019, 0.008, 0, 0.008, 0.002, 0.016
Node_Chlo44_Chlo22_0, 0.008, 0, 0.019, 0.023, 0.008, 0, 0.008, 0.003, 0.011
Node_Chlo45_Chlo27_0, 0.331, 0.001, 0.077, 0.117, 0.315, 0, 0.331, 0.137, 0.203
Node_Chlo45_Chlo46_0, 0.281, 0.003, 0.259, 0.229, 0.278, 0, 0.281, 0.091, 0.206
Node_Chlo47_Chlo48_0, 0.101, 0.002, 0.048, 0.062, 0.101, 0, 0.101, 0.048, 0.065
Node_Chlo48_Chlo10_0, 0.268, 0.001, 0.027, 0.1, 0.266, 0, 0.268, 0.089, 0.193
Node_Chlo4_Chlo12_0, 0.089, 0, 0.035, 0.051, 0.088, 0, 0.089, 0.079, 0.01
Node_Chlo4_Chlo35_0, 0.106, 0, 0.013, 0.056, 0.105, 0, 0.106, 0.083, 0.03
Node_Chlo5_Chlo16_0, 0.011, 0, 0.718, 0.02, 0.011, 0, 0.011, 0.005, 0.014
Node_Chlo6_Chlo18_0, 0.811, 0.007, 0.047, 0.329, 0.805, 0, 0.811, 0.756, 0.054
Node_Chlo6_Chlo26_0, 0.797, 0.012, 0.025, 0.159, 0.785, 0, 0.797, 0.342, 0.45
Node_Chlo7_Chlo15_0, 0.017, 0, 0.022, 0.029, 0.017, 0, 0.017, 0.002, 0.03
Node_Chry1_Aqui2_0, 1.166, 0.009, 0.382, 0.477, 0.765, 0, 1.166, 1.144, 0.01
Node_Chry1_Defe3_0, 0.258, 0.001, 0.916, 0.606, 0.239, 0, 0.258, 0.254, 0.007
Node_Cyan10_Cyan35_0, 1.09, 0, 1.203, 0.412, 0.955, 0, 1.09, 1.08, 0.017
Node_Cyan10_Cyan45_0, 0.031, 0, 1.071, 0.088, 0.031, 0, 0.031, 0.028, 0.012
Node_Cyan10_Cyan46_0, 2.276, 0.003, 0.038, 0.563, 1, 0, 2.276, 1.694, 0.585
Node_Cyan11_Cyan26_0, 1.208, 0, 0.067, 0.048, 0.938, 0, 1.208, 1.174, 0.044
Node_Cyan12_Cyan13_0, 1.004, 0.001, 0.027, 0.215, 0.999, 0, 1.004, 0.447, 0.578
Node_Cyan13_Cyan18_0, 1.008, 0, 0.017, 0.02, 1, 0, 1.008, 1.002, 0.021
Node_Cyan14_Cyan15_0, 0.893, 0, 0.295, 0.275, 0.883, 0, 0.893, 0.861, 0.044
Node_Cyan14_Cyan16_0, 1.144, 0.006, 0.029, 0.084, 0.972, 0, 1.144, 1.09, 0.06
Node_Cyan14_Cyan23_0, 1.107, 0.002, 0.258, 0.117, 0.972, 0, 1.107, 1.094, 0.014
Node_Cyan16_Cyan29_0, 1.171, 0.002, 0.124, 0.204, 0.944, 0, 1.171, 1.033, 0.149
Node_Cyan19_Cyan22_0, 1.055, 0.012, 0.082, 1.005, 0.995, 0, 1.055, 1.022, 0.016
Node_Cyan19_Cyan47_0, 0.863, 0.001, 0.255, 0.16, 0.811, 0, 0.863, 0.805, 0.062
Node_Cyan28_chloroArabidopsis_0, 0.006, 0, 0.024, 0.022, 0.006, 0, 0.006, 0.005, 0.008
Node_Cyan2_Cyan1_0, 0.048, 0, 0.461, 0.222, 0.048, 0, 0.048, 0.046, 0.009
Node_Cyan31_Cyan34_0, 1.988, 0.001, 0.027, 0.251, 1, 0, 1.988, 1.977, 0.019
Node_Cyan33_Cyan21_0, 1.017, 0.006, 0.111, 0.668, 1, 0, 1.017, 1.005, 0.019
Node_Cyan38_Cyan28_0, 0.022, 0, 0.196, 0.062, 0.022, 0, 0.022, 0.021, 0.006
Node_Cyan40_Arma4_0, 1.426, 0.054, 0.049, 0.475, 0.945, 0.003, 1.426, 1.311, 0.015
Node_Cyan40_Cyan10_0, 1.726, 0.008, 0.013, 0.109, 1, 0, 1.726, 1.454, 0.266
Node_Cyan40_Cyan11_0, 1.231, 0.002, 0.131, 0.101, 0.941, 0, 1.231, 1.2, 0.045
Node_Cyan40_Cyan14_0, 1.349, 0.222, 0.043, 0.239, 0.999, 0, 1.349, 0.864, 0.061
Node_Cyan40_Cyan19_0, 1.109, 0.092, 0.026, 0.375, 0.995, 0, 1.109, 0.361, 0.641
Node_Cyan40_Cyan20_0, 0.231, 0.001, 0.239, 0.16, 0.218, 0, 0.231, 0.193, 0.039
Node_Cyan40_Cyan24_0, 1.465, 0.029, 0.073, 0.657, 1, 0, 1.465, 1.267, 0.16
Node_Cyan40_Cyan25_0, 1.315, 0.009, 0.434, 0.437, 0.996, 0, 1.315, 1.291, 0.014
Node_Cyan40_Cyan27_0, 0.342, 0.002, 1.02, 0.099, 0.333, 0, 0.342, 0.218, 0.129
Node_Cyan40_Cyan2_0, 0.5, 0.005, 0.182, 0.233, 0.459, 0, 0.5, 0.487, 0.005
Node_Cyan40_Cyan36_0, 0.402, 0.004, 0.007, 0.077, 0.388, 0, 0.402, 0.207, 0.193
Node_Cyan40_Cyan37_0, 0.156, 0.001, 0.081, 0.056, 0.153, 0, 0.156, 0.142, 0.019
Node_Cyan40_Cyan38_0, 0.212, 0.001, 0.01, 0.041, 0.209, 0, 0.212, 0.15, 0.065
Node_Cyan40_Cyan42_0, 0.217, 0, 0.069, 0.073, 0.203, 0, 0.217, 0.167, 0.055
Node_Cyan40_Cyan7_0, 0.43, 0.001, 0.082, 0.158, 0.405, 0, 0.43, 0.418, 0.011
Node_Cyan40_Marg1_0, 0.672, 0.002, 0.484, 0.447, 0.576, 0, 0.672, 0.669, 0.002
Node_Cyan40_Therd1_0, 1.152, 0.004, 0.296, 0.401, 0.825, 0, 1.152, 1.128, 0.018
Node_Cyan42_Cyan3_0, 0.393, 0.001, 0.159, 0.137, 0.35, 0, 0.393, 0.071, 0.334
Node_Cyan46_Cyan30_0, 2.321, 0.003, 0.015, 0.258, 1, 0, 2.321, 2.265, 0.057
Node_Cyan46_Cyan31_0, 1.995, 0.006, 0.981, 0.297, 1, 0, 1.995, 1.352, 0.649
Node_Cyan46_Cyan32_0, 1.163, 0, 0.047, 0.041, 0.998, 0, 1.163, 1.029, 0.151
Node_Cyan46_Cyan33_0, 1.103, 0.005, 0.936, 0.212, 0.999, 0, 1.103, 1.07, 0.039
Node_Cyan46_Cyan41_0, 1.059, 0.001, 0.088, 0.059, 1, 0, 1.059, 1.019, 0.043
Node_Cyan47_Cyan43_0, 0.801, 0, 0.792, 0.15, 0.779, 0, 0.801, 0.078, 0.73
Node_Cyan47_Cyan44_0, 1.009, 0.002, 0.039, 0.168, 0.999, 0, 1.009, 0.775, 0.245
Node_Cyan4_Cyan8_0, 0.05, 0, 0.349, 0.158, 0.049, 0, 0.05, 0.049, 0.008
Node_Cyan4_Cyan9_0, 0.01, 0, 0.055, 0.055, 0.01, 0, 0.01, 0.008, 0.015
Node_Cyan7_Cyan12_0, 0.452, 0.001, 0.021, 0.167, 0.449, 0, 0.452, 0.377, 0.081
Node_Cyan7_Cyan4_0, 0.391, 0.002, 0.078, 0.145, 0.385, 0, 0.391, 0.36, 0.037
Node_DTU0X1_SLNR1_0, 0.005, 0, 0.017, 0.017, 0.005, 0, 0.005, 0.003, 0.007
Node_Defe3_Defe1_0, 0.066, 0, 0.207, 0.207, 0.065, 0, 0.066, 0.063, 0.015
Node_Defe3_Defe2_0, 0.011, 0, 0.067, 0.054, 0.011, 0, 0.011, 0.006, 0.012
Node_Dein4_Dein2_0, 0.328, 0.001, 0.044, 0.15, 0.301, 0, 0.328, 0.126, 0.211
Node_Dein4_Dein6_0, 1.014, 0.009, 0.225, 0.512, 1, 0, 1.014, 0.123, 0.902
Node_Dein5_Bipo1_0, 0.236, 0.001, 0.254, 0.239, 0.228, 0, 0.236, 0.229, 0.007
Node_Dein5_Dein1_0, 0.15, 0, 0.029, 0.031, 0.15, 0, 0.15, 0.007, 0.152
Node_Dein5_Dein4_0, 0.16, 0.001, 0.117, 0.128, 0.155, 0, 0.16, 0.123, 0.04
Node_Dein5_Dein7_0, 0.027, 0, 0.152, 0.073, 0.027, 0, 0.027, 0.018, 0.019
Node_Dein7_Dein3_0, 0.007, 0, 0.038, 0.023, 0.007, 0, 0.007, 0.003, 0.018
Node_DesuB1_DesuB2_0, 1.017, 0.006, 0.149, 0.333, 1, 0, 1.017, 0.775, 0.242
Node_DesuB4_BdellC1_0, 0.72, 0.003, 0.059, 0.211, 0.702, 0, 0.72, 0.697, 0.024
Node_DesuB4_DesuB1_0, 0.918, 0.003, 0.025, 0.22, 0.802, 0, 0.918, 0.699, 0.22
Node_DesuB4_DesuB3_0, 1.096, 0.005, 0.709, 0.371, 0.998, 0, 1.096, 0.224, 0.882
Node_DesuB4_Desua5_0, 0.752, 0.002, 0.177, 0.256, 0.711, 0, 0.752, 0.735, 0.018
Node_DesuB4_Myxo10_0, 0.909, 0.006, 0.817, 0.397, 0.777, 0, 0.909, 0.247, 0.658
Node_DesuC2_DesuC1_0, 0.935, 0, 0.047, 0.063, 0.929, 0, 0.935, 0.924, 0.027
Node_DesuC2_Desua47_0, 0.955, 0.013, 0.053, 0.46, 0.933, 0, 0.955, 0.927, 0.011
Node_DesuD2_DesuD1_0, 1.013, 0.005, 0.055, 0.273, 1, 0, 1.013, 0.687, 0.337
Node_Desua11_Desua27_0, 0.19, 0.001, 0.208, 0.052, 0.188, 0, 0.19, 0.088, 0.117
Node_Desua16_Desua15_0, 1.007, 0, 0.05, 0.042, 0.99, 0, 1.007, 0.992, 0.033
Node_Desua16_Desua20_0, 0.16, 0, 0.056, 0.093, 0.155, 0, 0.16, 0.092, 0.073
Node_Desua16_Desua24_0, 1.024, 0.007, 0.265, 0.442, 0.991, 0, 1.024, 0.291, 0.742
Node_Desua16_Desua6_0, 0.143, 0.001, 0.65, 0.114, 0.133, 0, 0.143, 0.106, 0.04
Node_Desua16_Desua9_0, 0.54, 0.004, 0.038, 0.195, 0.465, 0, 0.54, 0.137, 0.414
Node_Desua1_Desua34_0, 0.07, 0, 1.029, 0.202, 0.069, 0, 0.07, 0.068, 0.022
Node_Desua1_Desua3_0, 1.077, 0.002, 0.043, 0.181, 0.904, 0, 1.077, 0.928, 0.15
Node_Desua1_Desua43_0, 0.968, 0.001, 0.111, 0.167, 0.877, 0, 0.968, 0.918, 0.051
Node_Desua22_Desua10_0, 0.077, 0, 0.814, 0.148, 0.076, 0, 0.077, 0.071, 0.008
Node_Desua22_Desua13_0, 0.883, 0.003, 0.023, 0.177, 0.872, 0, 0.883, 0.869, 0.013
Node_Desua22_Desua14_0, 0.024, 0, 0.07, 0.045, 0.024, 0, 0.024, 0.021, 0.017
Node_Desua22_Desua16_0, 0.752, 0.003, 0.533, 0.19, 0.65, 0, 0.752, 0.676, 0.078
Node_Desua22_Desua23_0, 0.009, 0, 0.032, 0.027, 0.009, 0, 0.009, 0.003, 0.017
Node_Desua22_Desua26_0, 0.89, 0.002, 0.116, 0.19, 0.871, 0, 0.89, 0.885, 0.009
Node_Desua22_Desua4_0, 0.995, 0.005, 0.108, 0.118, 0.909, 0, 0.995, 0.641, 0.346
Node_Desua26_Desua30_0, 0.047, 0, 0.848, 0.179, 0.046, 0, 0.047, 0.047, 0.005
Node_Desua28_Desua35_0, 0.024, 0, 0.107, 0.063, 0.023, 0, 0.024, 0.02, 0.026
Node_Desua2_Desua8_0, 0.011, 0, 0.031, 0.029, 0.011, 0, 0.011, 0.007, 0.014
Node_Desua36_Desua38_0, 0.004, 0, 0.031, 0.036, 0.004, 0, 0.004, 0.001, 0.025
Node_Desua36_Desua39_0, 0.01, 0, 0.079, 0.034, 0.01, 0, 0.01, 0.006, 0.019
Node_Desua40_Desua31_0, 0.47, 0.002, 0.038, 0.108, 0.422, 0, 0.47, 0.179, 0.303
Node_Desua42_Desua11_0, 0.28, 0.005, 0.016, 0.139, 0.27, 0, 0.28, 0.035, 0.252
Node_Desua42_Desua12_0, 0.039, 0, 0.027, 0.03, 0.039, 0, 0.039, 0.014, 0.036
Node_Desua43_Desua50_0, 0.218, 0, 0.059, 0.051, 0.216, 0, 0.218, 0.075, 0.155
Node_Desua43_Desua52_0, 0.01, 0, 0.225, 0.035, 0.01, 0, 0.01, 0.005, 0.017
Node_Desua43_Desua54_0, 0.122, 0.001, 0.898, 0.184, 0.118, 0, 0.122, 0.084, 0.051
Node_Desua44_Desua36_0, 0.07, 0, 0.088, 0.041, 0.068, 0, 0.07, 0.006, 0.07
Node_Desua46_Desua25_0, 0.01, 0, 0.014, 0.013, 0.01, 0, 0.01, 0.003, 0.01
Node_Desua47_Desua29_0, 0.008, 0, 0.016, 0.015, 0.008, 0, 0.008, 0, 0.018
Node_Desua47_Desua37_0, 0.002, 0, 0.918, 0.019, 0.002, 0, 0.002, 0.001, 0.006
Node_Desua47_Desua41_0, 0.006, 0, 0.01, 0.015, 0.006, 0, 0.006, 0.001, 0.014
Node_Desua47_Desua53_0, 0.914, 0, 0.052, 0.033, 0.906, 0, 0.914, 0.907, 0.011
Node_Desua48_Desua33_0, 0.003, 0, 0.029, 0.021, 0.002, 0, 0.003, 0.001, 0.018
Node_Desua48_Desua40_0, 0.203, 0.001, 0.946, 0.042, 0.188, 0, 0.203, 0.142, 0.06
Node_Desua48_Desua42_0, 0.03, 0, 0.194, 0.049, 0.03, 0, 0.03, 0.015, 0.021
Node_Desua48_Desua46_0, 0.014, 0, 0.032, 0.032, 0.014, 0, 0.014, 0.009, 0.016
Node_Desua49_Desua21_0, 0.295, 0.001, 0.021, 0.085, 0.294, 0, 0.295, 0.078, 0.227
Node_Desua49_Desua32_0, 0.07, 0, 1.168, 0.101, 0.068, 0, 0.07, 0.058, 0.017
Node_Desua49_Desua44_0, 0.088, 0, 0.04, 0.041, 0.088, 0, 0.088, 0.041, 0.058
Node_Desua4_Desua1_0, 1.027, 0.006, 0.041, 0.142, 0.921, 0, 1.027, 0.952, 0.067
Node_Desua4_Desua48_0, 1.088, 0.002, 0.072, 0.066, 0.944, 0, 1.088, 0.959, 0.131
Node_Desua4_Desua49_0, 1.221, 0, 0.054, 0.096, 0.951, 0, 1.221, 1.038, 0.187
Node_Desua53_Desua51_0, 0.933, 0, 0.024, 0.035, 0.923, 0, 0.933, 0.906, 0.043
Node_Desua6_Desua19_0, 0.012, 0, 0.045, 0.042, 0.012, 0, 0.012, 0.008, 0.029
Node_Desua6_Desua2_0, 0.028, 0, 0.127, 0.075, 0.028, 0, 0.028, 0.024, 0.012
Node_Desua6_Desua7_0, 0.01, 0, 0.026, 0.026, 0.01, 0, 0.01, 0.002, 0.024
Node_Desua9_Desua17_0, 1.017, 0.001, 0.064, 0.062, 1, 0, 1.017, 1.011, 0.027
Node_Desua9_Desua18_0, 1.053, 0.009, 0.265, 0.302, 1, 0, 1.053, 0.293, 0.769
Node_Dorm2_Dorm1_0, 0.014, 0, 0.027, 0.031, 0.014, 0, 0.014, 0.005, 0.02
Node_Dorm2_Dorm3_0, 0.232, 0.002, 0.193, 0.222, 0.227, 0, 0.232, 0.176, 0.057
Node_Dorm2_Dorm4_0, 0.05, 0, 0.199, 0.088, 0.05, 0, 0.05, 0.044, 0.017
Node_Dorm2_Dorm5_0, 0.021, 0, 0.055, 0.038, 0.021, 0, 0.021, 0.012, 0.026
Node_Eise2_Eise1_0, 0.012, 0, 0.065, 0.062, 0.012, 0, 0.012, 0.008, 0.025
Node_Eise4_Eise2_0, 0.052, 0, 0.3, 0.074, 0.052, 0, 0.052, 0.047, 0.013
Node_Eise4_Eise3_0, 0.013, 0, 0.064, 0.049, 0.013, 0, 0.013, 0.007, 0.025
Node_Elus1_Elus2_0, 0.005, 0, 0.016, 0.016, 0.005, 0, 0.005, 0.003, 0.007
Node_Elus2_Elus3_0, 0.013, 0, 0.009, 0.018, 0.013, 0, 0.013, 0.003, 0.017
Node_Elus2_Elus5_0, 0.005, 0, 0.016, 0.012, 0.005, 0, 0.005, 0.001, 0.008
Node_Elus3_Elus4_0, 0.039, 0, 0.016, 0.027, 0.039, 0, 0.039, 0.01, 0.038
Node_Elus3_Elus6_0, 0.01, 0, 0.017, 0.024, 0.01, 0, 0.01, 0.007, 0.013
Node_Elus3_Elus7_0, 0.017, 0, 0.01, 0.014, 0.017, 0, 0.017, 0.008, 0.014
Node_Elus3_Elus9_0, 0.014, 0, 0.04, 0.017, 0.014, 0, 0.014, 0.005, 0.015
Node_Elus6_Elus8_0, 0.003, 0, 0.022, 0.024, 0.003, 0, 0.003, 0, 0.015
Node_Elus9_Elus10_0, 0.008, 0, 0.02, 0.021, 0.008, 0, 0.008, 0.001, 0.014
Node_Erem4_Erem5_0, 0.038, 0, 0.337, 0.126, 0.037, 0, 0.038, 0.029, 0.022
Node_Erem6_Erem2_0, 0.136, 0, 0.375, 0.174, 0.135, 0, 0.136, 0.129, 0.011
Node_Erem6_Erem3_0, 0.135, 0, 0.061, 0.101, 0.134, 0, 0.135, 0.084, 0.06
Node_Erem6_Erem4_0, 0.353, 0.002, 0.027, 0.173, 0.348, 0, 0.353, 0.124, 0.243
Node_FCPU1_FCPU2_0, 1.011, 0.005, 0.023, 0.324, 0.999, 0, 1.011, 0.079, 0.938
Node_Ferm1_Eise4_0, 0.339, 0.002, 0.015, 0.067, 0.323, 0, 0.339, 0.147, 0.194
Node_Ferm1_GemmA1_0, 1.08, 0.003, 0.01, 0.225, 0.988, 0, 1.08, 0.333, 0.748
Node_Ferm1_Krum1_0, 1.171, 0.001, 0.014, 0.248, 0.99, 0, 1.171, 1.069, 0.104
Node_Fibr4_Fibr2_0, 0.006, 0, 0.012, 0.013, 0.006, 0, 0.006, 0.001, 0.015
Node_Fibr4_Fibr3_0, 0.006, 0, 0.039, 0.023, 0.006, 0, 0.006, 0.004, 0.003
Node_Fibr4_Fibr5_0, 0.006, 0.001, 0.008, 0.011, 0.005, 0, 0.006, 0.001, 0.007
Node_Fibr4_Fibr6_0, 0.003, 0, 0.011, 0.013, 0.003, 0, 0.003, 0.001, 0.008
Node_Fibr5_Fibr1_0, 0.006, 0, 0.01, 0.008, 0.006, 0, 0.006, 0.001, 0.01
Node_FirmA102_FirmA76_0, 0.005, 0, 0.033, 0.019, 0.005, 0, 0.005, 0.004, 0.016
Node_FirmA104_FirmA78_0, 0.009, 0, 0.023, 0.015, 0.009, 0, 0.009, 0.005, 0.008
Node_FirmA106_FirmA114_0, 0.029, 0, 0.197, 0.074, 0.029, 0, 0.029, 0.019, 0.015
Node_FirmA109_FirmA77_0, 0.028, 0, 0.016, 0.018, 0.027, 0, 0.028, 0.008, 0.031
Node_FirmA109_FirmA95_0, 0.159, 0, 0.02, 0.022, 0.158, 0, 0.159, 0.022, 0.151
Node_FirmA114_FirmA98_0, 0.008, 0, 0.045, 0.038, 0.008, 0, 0.008, 0.004, 0.024
Node_FirmA11_FirmA67_0, 0.011, 0, 0.013, 0.009, 0.011, 0, 0.011, 0.003, 0.014
Node_FirmA12_FirmA93_0, 0.231, 0.001, 0.021, 0.075, 0.23, 0, 0.231, 0.049, 0.195
Node_FirmA14_FirmA113_0, 0.01, 0, 0.024, 0.03, 0.01, 0, 0.01, 0.007, 0.019
Node_FirmA18_FirmA103_0, 0.009, 0, 0.019, 0.022, 0.009, 0, 0.009, 0.002, 0.021
Node_FirmA20_FirmA100_0, 0.006, 0.001, 0.021, 0.016, 0.006, 0, 0.006, 0.002, 0.012
Node_FirmA20_FirmA24_0, 0.246, 0.002, 0.028, 0.152, 0.244, 0, 0.246, 0.226, 0.021
Node_FirmA20_FirmA25_0, 0.056, 0, 0.215, 0.119, 0.056, 0, 0.056, 0.052, 0.007
Node_FirmA20_FirmA38_0, 0.264, 0.002, 0.013, 0.146, 0.26, 0, 0.264, 0.235, 0.029
Node_FirmA20_FirmA52_0, 0.014, 0, 0.053, 0.041, 0.014, 0, 0.014, 0.009, 0.011
Node_FirmA21_FirmA108_0, 0.005, 0, 0.021, 0.021, 0.005, 0, 0.005, 0.004, 0.01
Node_FirmA21_FirmA47_0, 0.003, 0, 0.01, 0.011, 0.003, 0, 0.003, 0.001, 0.008
Node_FirmA21_FirmA88_0, 0.016, 0, 0.046, 0.024, 0.016, 0, 0.016, 0.009, 0.011
Node_FirmA24_FirmA1_0, 0.056, 0, 0.199, 0.099, 0.055, 0, 0.056, 0.052, 0.009
Node_FirmA24_FirmA8_0, 0.016, 0, 0.05, 0.047, 0.016, 0, 0.016, 0.013, 0.01
Node_FirmA25_FirmA56_0, 0.009, 0, 0.062, 0.051, 0.009, 0, 0.009, 0.006, 0.015
Node_FirmA26_FirmA102_0, 0.022, 0, 0.03, 0.034, 0.022, 0, 0.022, 0.017, 0.014
Node_FirmA26_FirmA2_0, 0.038, 0, 0.282, 0.063, 0.036, 0, 0.038, 0.028, 0.018
Node_FirmA26_FirmA41_0, 0.003, 0, 0.031, 0.021, 0.003, 0, 0.003, 0.003, 0.01
Node_FirmA26_FirmA7_0, 0.024, 0, 0.015, 0.019, 0.024, 0, 0.024, 0.014, 0.017
Node_FirmA27_FirmA71_0, 0.004, 0, 0.053, 0.044, 0.004, 0, 0.004, 0.003, 0.013
Node_FirmA27_FirmA89_0, 0.044, 0.001, 0.007, 0.02, 0.043, 0, 0.044, 0.029, 0.016
Node_FirmA28_FirmA94_0, 0.006, 0, 0.011, 0.015, 0.006, 0, 0.006, 0.001, 0.011
Node_FirmA29_FirmA51_0, 0.011, 0, 0.014, 0.027, 0.011, 0, 0.011, 0.002, 0.021
Node_FirmA38_FirmA32_0, 0.347, 0.001, 0.01, 0.196, 0.345, 0, 0.347, 0.257, 0.092
Node_FirmA43_FirmA39_0, 0.003, 0, 0.017, 0.022, 0.003, 0, 0.003, 0.002, 0.008
Node_FirmA45_FirmA40_0, 0.01, 0, 0.02, 0.019, 0.01, 0, 0.01, 0.004, 0.016
Node_FirmA50_FirmA70_0, 0.008, 0, 0.007, 0.007, 0.008, 0, 0.008, 0, 0.013
Node_FirmA52_FirmA107_0, 0.005, 0, 0.021, 0.025, 0.005, 0, 0.005, 0.002, 0.015
Node_FirmA52_FirmA42_0, 0.011, 0, 0.017, 0.018, 0.011, 0, 0.011, 0.004, 0.014
Node_FirmA53_FirmA35_0, 0.011, 0, 0.046, 0.033, 0.011, 0, 0.011, 0.005, 0.019
Node_FirmA55_FirmA29_0, 0.004, 0, 0.016, 0.018, 0.004, 0, 0.004, 0.002, 0.015
Node_FirmA58_FirmA43_0, 0.012, 0, 0.014, 0.016, 0.012, 0, 0.012, 0.004, 0.015
Node_FirmA59_FirmA36_0, 0.006, 0, 0.018, 0.023, 0.006, 0, 0.006, 0, 0.021
Node_FirmA59_FirmA44_0, 0.003, 0, 0.011, 0.014, 0.003, 0, 0.003, 0.002, 0.004
Node_FirmA59_FirmA48_0, 0.004, 0, 0.018, 0.026, 0.004, 0, 0.004, 0.002, 0.016
Node_FirmA60_FirmA74_0, 0.003, 0, 0.018, 0.019, 0.003, 0, 0.003, 0.002, 0.016
Node_FirmA61_FirmA66_0, 0.002, 0, 0.019, 0.027, 0.002, 0, 0.002, 0, 0.014
Node_FirmA62_FirmA104_0, 0.024, 0, 0.068, 0.041, 0.024, 0, 0.024, 0.018, 0.013
Node_FirmA62_FirmA58_0, 0.011, 0, 0.02, 0.014, 0.011, 0, 0.011, 0.007, 0.007
Node_FirmA62_FirmA6_0, 0.004, 0, 0.017, 0.012, 0.004, 0, 0.004, 0.001, 0.01
Node_FirmA63_FirmA109_0, 0.013, 0, 0.022, 0.02, 0.013, 0, 0.013, 0.006, 0.017
Node_FirmA63_FirmA10_0, 0.016, 0, 0.023, 0.026, 0.016, 0, 0.016, 0.003, 0.026
Node_FirmA63_FirmA30_0, 0.007, 0, 0.025, 0.031, 0.007, 0, 0.007, 0.004, 0.016
Node_FirmA63_FirmA45_0, 0.014, 0, 0.016, 0.016, 0.013, 0, 0.014, 0.002, 0.023
Node_FirmA63_FirmA57_0, 0.036, 0, 0.053, 0.059, 0.036, 0, 0.036, 0.03, 0.014
Node_FirmA63_FirmA99_0, 0.018, 0, 0.028, 0.025, 0.018, 0, 0.018, 0.012, 0.01
Node_FirmA64_FirmA33_0, 0.003, 0, 0.019, 0.018, 0.003, 0, 0.003, 0.001, 0.01
Node_FirmA65_FirmA5_0, 0.005, 0, 0.019, 0.027, 0.005, 0, 0.005, 0.001, 0.018
Node_FirmA65_FirmA64_0, 0.012, 0, 0.008, 0.007, 0.012, 0, 0.012, 0.004, 0.011
Node_FirmA65_FirmA69_0, 0.009, 0, 0.007, 0.01, 0.009, 0, 0.009, 0.001, 0.015
Node_FirmA65_FirmA97_0, 0.006, 0, 0.016, 0.016, 0.006, 0, 0.006, 0.003, 0.01
Node_FirmA67_FirmA37_0, 0.004, 0, 0.021, 0.017, 0.004, 0, 0.004, 0.001, 0.006
Node_FirmA67_FirmA50_0, 0.002, 0, 0.009, 0.011, 0.002, 0, 0.002, 0, 0.007
Node_FirmA67_FirmA79_0, 0.002, 0, 0.008, 0.007, 0.002, 0, 0.002, 0, 0.008
Node_FirmA67_FirmA87_0, 0.019, 0, 0.002, 0.009, 0.019, 0, 0.019, 0.009, 0.01
Node_FirmA69_FirmA28_0, 0.006, 0, 0.008, 0.007, 0.006, 0, 0.006, 0.004, 0.005
Node_FirmA69_FirmA72_0, 0.003, 0, 0.015, 0.014, 0.003, 0, 0.003, 0.001, 0.012
Node_FirmA72_FirmA73_0, 0.006, 0, 0.011, 0.011, 0.006, 0, 0.006, 0, 0.014
Node_FirmA7_FirmA12_0, 0.056, 0, 0.022, 0.027, 0.056, 0, 0.056, 0.019, 0.05
Node_FirmA7_FirmA90_0, 0.028, 0, 0.023, 0.026, 0.028, 0, 0.028, 0.012, 0.027
Node_FirmA80_FirmA34_0, 0.259, 0, 0.02, 0.122, 0.258, 0, 0.259, 0.087, 0.184
Node_FirmA81_FirmA14_0, 0.015, 0, 0.066, 0.03, 0.015, 0, 0.015, 0.012, 0.008
Node_FirmA81_FirmA19_0, 0.003, 0, 0.022, 0.021, 0.003, 0, 0.003, 0.001, 0.01
Node_FirmA81_FirmA84_0, 0.047, 0.001, 0.008, 0.012, 0.045, 0, 0.047, 0.015, 0.034
Node_FirmA81_FirmA92_0, 0.073, 0, 0.023, 0.034, 0.073, 0, 0.073, 0.029, 0.049
Node_FirmA83_FirmA11_0, 0.01, 0, 0.007, 0.011, 0.01, 0, 0.01, 0.003, 0.013
Node_FirmA83_FirmA49_0, 0.006, 0, 0.025, 0.024, 0.006, 0, 0.006, 0.003, 0.018
Node_FirmA83_FirmA55_0, 0.005, 0, 0.005, 0.007, 0.005, 0, 0.005, 0, 0.009
Node_FirmA83_FirmA59_0, 0.01, 0, 0.019, 0.01, 0.008, 0, 0.01, 0.004, 0.009
Node_FirmA83_FirmA65_0, 0.001, 0, 0.01, 0.007, 0.001, 0, 0.001, 0.001, 0.001
Node_FirmA83_FirmA81_0, 0.02, 0, 0.003, 0.004, 0.019, 0, 0.02, 0.007, 0.013
Node_FirmA83_FirmA86_0, 0.013, 0, 0.009, 0.009, 0.013, 0, 0.013, 0.002, 0.017
Node_FirmA84_FirmA111_0, 0.062, 0, 0.035, 0.02, 0.061, 0, 0.062, 0.018, 0.05
Node_FirmA84_FirmA16_0, 0.455, 0, 0.01, 0.058, 0.453, 0, 0.455, 0.295, 0.163
Node_FirmA84_FirmA20_0, 0.251, 0.005, 0.017, 0.065, 0.245, 0, 0.251, 0.052, 0.201
Node_FirmA84_FirmA26_0, 0.302, 0.001, 0.013, 0.027, 0.296, 0, 0.302, 0.241, 0.063
Node_FirmA84_FirmA46_0, 0.03, 0.001, 0.052, 0.053, 0.029, 0, 0.03, 0.025, 0.006
Node_FirmA84_FirmA63_0, 0.075, 0, 0.393, 0.162, 0.075, 0, 0.075, 0.07, 0.013
Node_FirmA84_FirmA9_0, 0.008, 0, 0.036, 0.04, 0.008, 0, 0.008, 0.007, 0.014
Node_FirmA85_DTU0X1_0, 0.015, 0, 0.018, 0.007, 0.015, 0, 0.015, 0.015, 0
Node_FirmA85_FirmA60_0, 0.005, 0, 0.014, 0.017, 0.005, 0, 0.005, 0.004, 0.004
Node_FirmA85_FirmC13_0, 0.033, 0, 0.035, 0.022, 0.033, 0, 0.033, 0.03, 0.003
Node_FirmA86_FirmA61_0, 0.007, 0, 0.017, 0.014, 0.007, 0, 0.007, 0.002, 0.011
Node_FirmA87_FirmA106_0, 0.211, 0.001, 0.017, 0.087, 0.21, 0, 0.211, 0.071, 0.148
Node_FirmA87_FirmA62_0, 0.079, 0, 0.01, 0.039, 0.079, 0, 0.079, 0.046, 0.036
Node_FirmA87_FirmA96_0, 0.053, 0, 0.008, 0.031, 0.052, 0, 0.053, 0.015, 0.042
Node_FirmA88_FirmA101_0, 0.005, 0, 0.022, 0.019, 0.005, 0, 0.005, 0.002, 0.011
Node_FirmA89_FirmA105_0, 0.034, 0, 0.158, 0.047, 0.034, 0, 0.034, 0.023, 0.018
Node_FirmA89_FirmA110_0, 0.01, 0, 0.048, 0.041, 0.01, 0, 0.01, 0.005, 0.024
Node_FirmA89_FirmA21_0, 0.051, 0, 0.017, 0.034, 0.051, 0, 0.051, 0.033, 0.024
Node_FirmA89_FirmA31_0, 0.042, 0, 0.023, 0.021, 0.041, 0, 0.042, 0.02, 0.027
Node_FirmA89_FirmA53_0, 0.038, 0, 0.079, 0.043, 0.037, 0, 0.038, 0.023, 0.022
Node_FirmA89_FirmA68_0, 0.174, 0, 0.019, 0.052, 0.173, 0, 0.174, 0.033, 0.151
Node_FirmA89_FirmA80_0, 0.095, 0, 0.013, 0.039, 0.094, 0, 0.095, 0.047, 0.057
Node_FirmA90_FirmA112_0, 0.012, 0, 0.032, 0.02, 0.012, 0, 0.012, 0.006, 0.016
Node_FirmA92_FirmA54_0, 0.187, 0, 0.014, 0.079, 0.187, 0, 0.187, 0.069, 0.128
Node_FirmA94_FirmA75_0, 0.006, 0, 0.018, 0.02, 0.006, 0, 0.006, 0.002, 0.018
Node_FirmA96_FirmA27_0, 0.034, 0, 0.029, 0.023, 0.034, 0, 0.034, 0.029, 0.01
Node_FirmA96_FirmA91_0, 0.001, 0, 0.042, 0.021, 0.001, 0, 0.001, 0.001, 0.009
Node_FirmA99_FirmA18_0, 0.007, 0, 0.023, 0.021, 0.007, 0, 0.007, 0.003, 0.012
Node_FirmB16_FirmB13_0, 0.22, 0, 0.046, 0.071, 0.218, 0, 0.22, 0.046, 0.185
Node_FirmB17_FirmB15_0, 0.096, 0.001, 0.989, 0.287, 0.094, 0, 0.096, 0.089, 0.019
Node_FirmB2_FirmB11_0, 0.264, 0.002, 0.025, 0.072, 0.259, 0, 0.264, 0.053, 0.224
Node_FirmB2_FirmB12_0, 0.063, 0, 0.102, 0.067, 0.062, 0, 0.063, 0.014, 0.056
Node_FirmB3_FirmB14_0, 0.064, 0.002, 0.377, 0.163, 0.064, 0, 0.064, 0.06, 0.025
Node_FirmB4_FirmB17_0, 1.065, 0.005, 0.3, 0.454, 0.974, 0, 1.065, 1.054, 0.02
Node_FirmB4_FirmB1_0, 1.34, 0.009, 0.019, 0.313, 0.983, 0, 1.34, 0.401, 0.936
Node_FirmB4_FirmB3_0, 0.414, 0.001, 0.021, 0.116, 0.378, 0, 0.414, 0.175, 0.243
Node_FirmB6_FirmB7_0, 0.25, 0.001, 0.077, 0.14, 0.249, 0, 0.25, 0.065, 0.19
Node_FirmB8_FirmB16_0, 0.081, 0, 0.155, 0.084, 0.076, 0, 0.081, 0.044, 0.045
Node_FirmB8_FirmB4_0, 0.191, 0, 0.034, 0.058, 0.181, 0, 0.191, 0.097, 0.105
Node_FirmB8_FirmB5_0, 0.01, 0, 0.088, 0.041, 0.01, 0, 0.01, 0.007, 0.017
Node_FirmB8_FirmB9_0, 0.12, 0, 0.011, 0.034, 0.118, 0, 0.12, 0.037, 0.092
Node_FirmB9_FirmB10_0, 0.253, 0, 0.024, 0.06, 0.25, 0, 0.253, 0.092, 0.168
Node_FirmB9_FirmB2_0, 0.109, 0.002, 0.073, 0.056, 0.105, 0, 0.109, 0.07, 0.044
Node_FirmB9_FirmB6_0, 0.136, 0, 0.045, 0.064, 0.13, 0, 0.136, 0.081, 0.061
Node_FirmC10_FirmC14_0, 0.004, 0, 0.018, 0.017, 0.004, 0, 0.004, 0, 0.015
Node_FirmC10_FirmC18_0, 0.007, 0, 0.017, 0.029, 0.007, 0, 0.007, 0.001, 0.019
Node_FirmC10_FirmC19_0, 0.005, 0, 0.018, 0.017, 0.005, 0, 0.005, 0, 0.016
Node_FirmC11_FirmC3_0, 0.007, 0, 0.02, 0.013, 0.007, 0, 0.007, 0.001, 0.015
Node_FirmC13_FirmB8_0, 0.039, 0, 0.004, 0.008, 0.039, 0, 0.039, 0.018, 0.022
Node_FirmC13_FirmC10_0, 0.007, 0, 0.011, 0.018, 0.007, 0, 0.007, 0.002, 0.014
Node_FirmC13_FirmC17_0, 0.002, 0, 0.016, 0.018, 0.002, 0, 0.002, 0.001, 0.011
Node_FirmC13_FirmC5_0, 0.006, 0, 0.041, 0.016, 0.006, 0, 0.006, 0.004, 0.008
Node_FirmC13_FirmC8_0, 0.004, 0, 0.008, 0.008, 0.004, 0, 0.004, 0.002, 0.006
Node_FirmC13_Firms33_0, 0.021, 0, 0.018, 0.009, 0.021, 0, 0.021, 0.015, 0.006
Node_FirmC15_FirmC12_0, 0.006, 0, 0.016, 0.022, 0.006, 0, 0.006, 0, 0.018
Node_FirmC1_FirmC4_0, 0.006, 0, 0.017, 0.024, 0.006, 0, 0.006, 0.002, 0.013
Node_FirmC6_FirmC16_0, 0.006, 0, 0.024, 0.02, 0.006, 0, 0.006, 0.001, 0.02
Node_FirmC6_FirmC1_0, 0.01, 0, 0.023, 0.022, 0.01, 0, 0.01, 0.004, 0.018
Node_FirmC8_FirmC11_0, 0.012, 0, 0.023, 0.021, 0.012, 0, 0.012, 0.004, 0.02
Node_FirmC8_FirmC15_0, 0.004, 0, 0.017, 0.02, 0.004, 0, 0.004, 0.001, 0.016
Node_FirmC8_FirmC6_0, 0.015, 0, 0.011, 0.015, 0.015, 0, 0.015, 0.001, 0.023
Node_FirmC8_FirmC7_0, 0.005, 0, 0.021, 0.02, 0.005, 0, 0.005, 0.001, 0.014
Node_FirmC8_FirmC9_0, 0.003, 0, 0.014, 0.013, 0.003, 0, 0.003, 0, 0.013
Node_FirmD2_FirmD3_0, 0.002, 0, 0.009, 0.011, 0.002, 0, 0.002, 0, 0.008
Node_FirmD4_FirmD2_0, 0.003, 0, 0.005, 0.007, 0.003, 0, 0.003, 0.001, 0.005
Node_FirmE4_FirmE6_0, 0.016, 0.001, 0.11, 0.047, 0.015, 0, 0.016, 0.013, 0.021
Node_FirmE5_FirmA85_0, 0.065, 0, 0.07, 0.047, 0.064, 0, 0.065, 0.061, 0.004
Node_FirmE5_FirmE3_0, 0.266, 0.014, 0.027, 0.07, 0.25, 0, 0.266, 0.08, 0.175
Node_FirmE5_FirmE4_0, 0.104, 0.001, 0.067, 0.049, 0.102, 0, 0.104, 0.044, 0.062
Node_FirmE5_FirmE7_0, 0.108, 0.001, 0.049, 0.066, 0.103, 0, 0.108, 0.026, 0.091
Node_FirmE7_FirmE1_0, 0.188, 0, 0.047, 0.115, 0.186, 0, 0.188, 0.07, 0.127
Node_FirmE7_FirmE2_0, 0.026, 0, 0.178, 0.09, 0.026, 0, 0.026, 0.022, 0.016
Node_FirmE7_FirmE8_0, 0.008, 0, 0.039, 0.037, 0.008, 0, 0.008, 0.006, 0.021
Node_FirmF1_FirmF2_0, 0.094, 0, 0.226, 0.183, 0.092, 0, 0.094, 0.067, 0.032
Node_FirmF1_FirmG6_0, 0.288, 0.003, 0.669, 0.386, 0.281, 0, 0.288, 0.277, 0.01
Node_FirmF2_FirmF3_0, 1.022, 0.007, 0.06, 0.502, 0.998, 0, 1.022, 0.046, 0.981
Node_FirmG5_FirmG1_0, 0.025, 0, 0.245, 0.087, 0.025, 0, 0.025, 0.022, 0.01
Node_FirmG5_FirmG2_0, 0.26, 0.001, 0.038, 0.114, 0.257, 0, 0.26, 0.061, 0.208
Node_FirmG6_FirmE5_0, 0.131, 0.001, 0.16, 0.133, 0.128, 0, 0.131, 0.128, 0.002
Node_FirmG6_FirmG3_0, 0.008, 0, 0.022, 0.026, 0.008, 0, 0.008, 0.004, 0.016
Node_FirmG6_FirmG4_0, 0.014, 0, 0.078, 0.028, 0.014, 0, 0.014, 0.012, 0.003
Node_FirmG6_FirmG5_0, 0.089, 0, 0.098, 0.123, 0.087, 0, 0.089, 0.044, 0.056
Node_Firms11_Firms17_0, 1.11, 0, 0.018, 0.02, 0.999, 0, 1.11, 1, 0.119
Node_Firms13_Firms1_0, 0.012, 0, 0.069, 0.016, 0.012, 0, 0.012, 0.006, 0.013
Node_Firms1_Firms10_0, 0.007, 0, 0.021, 0.019, 0.007, 0, 0.007, 0.003, 0.016
Node_Firms20_Firms12_0, 0.042, 0, 0.017, 0.02, 0.042, 0, 0.042, 0.001, 0.053
Node_Firms20_Firms29_0, 0.175, 0, 0.015, 0.018, 0.174, 0, 0.175, 0.042, 0.148
Node_Firms22_Firms27_0, 1.2, 0.004, 0.015, 0.367, 0.997, 0, 1.2, 1.037, 0.163
Node_Firms23_Firms18_0, 0.005, 0, 0.016, 0.02, 0.005, 0, 0.005, 0, 0.015
Node_Firms24_Firms26_0, 0.379, 0.004, 0.018, 0.119, 0.345, 0, 0.379, 0.055, 0.334
Node_Firms30_Firms31_0, 0.004, 0, 0.012, 0.017, 0.004, 0, 0.004, 0.001, 0.01
Node_Firms32_Firms25_0, 0.004, 0, 0.013, 0.013, 0.004, 0, 0.004, 0, 0.011
Node_Firms33_FirmA83_0, 0.004, 0, 0.02, 0.007, 0.004, 0, 0.004, 0.002, 0.003
Node_Firms33_FirmD1_0, 0.004, 0, 0.001, 0.003, 0.004, 0, 0.004, 0.002, 0.002
Node_Firms33_FirmD4_0, 0.003, 0, 0.003, 0.008, 0.003, 0, 0.003, 0.003, 0.002
Node_Firms33_Firms11_0, 1.009, 0.002, 0.053, 0.029, 0.999, 0, 1.009, 0.995, 0.012
Node_Firms33_Firms13_0, 0.068, 0, 0.004, 0.011, 0.068, 0, 0.068, 0.015, 0.056
Node_Firms33_Firms15_0, 0.981, 0, 0.022, 0.014, 0.98, 0, 0.981, 0.979, 0.006
Node_Firms33_Firms16_0, 0.003, 0, 0.985, 0.008, 0.003, 0, 0.003, 0, 0.007
Node_Firms33_Firms20_0, 0.006, 0, 0.007, 0.01, 0.006, 0, 0.006, 0.002, 0.009
Node_Firms33_Firms21_0, 0.004, 0, 0.005, 0.002, 0.004, 0, 0.004, 0, 0.006
Node_Firms33_Firms22_0, 1.048, 0.006, 0.005, 0.113, 0.993, 0, 1.048, 0.253, 0.792
Node_Firms33_Firms23_0, 0.006, 0, 0.012, 0.015, 0.006, 0, 0.006, 0.002, 0.012
Node_Firms33_Firms28_0, 0.006, 0, 0.014, 0.017, 0.006, 0, 0.006, 0, 0.016
Node_Firms33_Firms2_0, 0.006, 0, 0.017, 0.021, 0.006, 0, 0.006, 0.002, 0.017
Node_Firms33_Firms30_0, 0.006, 0, 0.013, 0.013, 0.006, 0, 0.006, 0.001, 0.013
Node_Firms33_Firms32_0, 0.006, 0, 0.012, 0.013, 0.006, 0, 0.006, 0.001, 0.012
Node_Firms33_Firms3_0, 0.255, 0.002, 0.003, 0.028, 0.249, 0, 0.255, 0.066, 0.188
Node_Firms33_Firms5_0, 0.997, 0.003, 0.006, 0.013, 0.987, 0, 0.997, 0.986, 0.01
Node_Firms33_Firms6_0, 0.016, 0, 0.004, 0.004, 0.016, 0, 0.016, 0.005, 0.012
Node_Firms33_Firms7_0, 0.99, 0.001, 0.025, 0.02, 0.986, 0, 0.99, 0.988, 0.005
Node_Firms33_Firms8_0, 0.008, 0, 0.003, 0.003, 0.008, 0, 0.008, 0.002, 0.007
Node_Firms33_Firms9_0, 0.004, 0, 0.013, 0.012, 0.004, 0, 0.004, 0.001, 0.011
Node_Firms8_Firms24_0, 0.059, 0, 0.009, 0.021, 0.059, 0, 0.059, 0.012, 0.056
Node_Firms8_Firms4_0, 0.012, 0, 0.014, 0.011, 0.012, 0, 0.012, 0.002, 0.018
Node_Gemm2_Gemm4_0, 0.01, 0, 0.031, 0.033, 0.01, 0, 0.01, 0.003, 0.031
Node_Gemm3_Gemm6_0, 0.19, 0, 0.015, 0.036, 0.189, 0, 0.19, 0.033, 0.164
Node_Gemm5_Gemm8_0, 0.005, 0, 0.023, 0.024, 0.005, 0, 0.005, 0.002, 0.007
Node_Gemm5_Gemm9_0, 0.005, 0, 0.013, 0.023, 0.005, 0, 0.005, 0.001, 0.013
Node_Gemm9_Gemm2_0, 0.01, 0, 0.011, 0.015, 0.01, 0, 0.01, 0.002, 0.016
Node_Gemm9_Gemm3_0, 0.041, 0, 0.02, 0.025, 0.04, 0, 0.041, 0.007, 0.048
Node_Gemm9_Gemm7_0, 0.013, 0, 0.016, 0.012, 0.011, 0, 0.013, 0.001, 0.019
Node_Gold1_FCPU1_0, 0.091, 0, 0.017, 0.057, 0.089, 0, 0.091, 0.028, 0.065
Node_Gold1_Fire1_0, 0.043, 0, 0.092, 0.056, 0.043, 0, 0.043, 0.035, 0.01
Node_Gold1_Gold2_0, 0.012, 0, 0.091, 0.05, 0.012, 0, 0.012, 0.009, 0.012
Node_Hydr2_Abys1_0, 0.815, 0.003, 0.207, 0.519, 0.735, 0, 0.815, 0.717, 0.1
Node_Hydr2_Hydr1_0, 1.018, 0.003, 0.119, 0.501, 0.998, 0, 1.018, 0.708, 0.319
Node_Hydr2_Plan43_0, 1.024, 0.011, 0.226, 0.557, 0.848, 0, 1.024, 0.955, 0.052
Node_Hydr2_Sume1_0, 0.919, 0.002, 0.135, 0.477, 0.783, 0, 0.919, 0.892, 0.028
Node_KSB1X2_KSB1X4_0, 0.009, 0, 0.019, 0.019, 0.009, 0, 0.009, 0.002, 0.02
Node_KSB1X3_KSB1X1_0, 0.004, 0, 0.013, 0.013, 0.004, 0, 0.004, 0, 0.013
Node_Late1_Late3_0, 0.134, 0, 0.009, 0.055, 0.134, 0, 0.134, 0.022, 0.117
Node_Late2_Late1_0, 0.026, 0, 0.028, 0.024, 0.026, 0, 0.026, 0.016, 0.015
Node_Lind1_Lind2_0, 0.831, 0.001, 0.795, 0.603, 0.773, 0, 0.831, 0.795, 0.043
Node_Lind1_Lind4_0, 1.582, 0.015, 0.077, 0.92, 0.963, 0, 1.582, 1.545, 0.021
Node_Marg1_Marg2_0, 0.159, 0.004, 0.523, 0.344, 0.153, 0, 0.159, 0.153, 0.006
Node_Marg1_Marg6_0, 0.03, 0.001, 0.14, 0.11, 0.03, 0, 0.03, 0.028, 0.01
Node_Marg2_Marg7_0, 0.028, 0, 0.149, 0.136, 0.028, 0, 0.028, 0.023, 0.018
Node_Mari3_Mari2_0, 0.004, 0, 0.008, 0.007, 0.004, 0, 0.004, 0.002, 0.006
Node_Mari3_Mari6_0, 0.006, 0, 0.017, 0.014, 0.006, 0, 0.006, 0.003, 0.013
Node_Mari6_Mari1_0, 0.01, 0, 0.021, 0.03, 0.01, 0, 0.01, 0, 0.029
Node_Mari6_Mari5_0, 0.002, 0, 0.011, 0.013, 0.002, 0, 0.002, 0.002, 0.007
Node_Meth2_Meth1_0, 0.032, 0, 0.17, 0.062, 0.031, 0, 0.032, 0.027, 0.02
Node_Meth4_Meth3_0, 1.219, 0.006, 0.034, 0.201, 0.998, 0, 1.219, 0.73, 0.498
Node_Meth5_Meth2_0, 0.182, 0.004, 0.248, 0.113, 0.17, 0, 0.182, 0.088, 0.093
Node_Meth5_Meth4_0, 0.749, 0.176, 0.068, 0.225, 0.561, 0, 0.749, 0.099, 0.459
Node_Meth5_NitsA1_0, 0.172, 0.002, 0.256, 0.166, 0.159, 0, 0.172, 0.12, 0.055
Node_Meth5_SZUA1_0, 0.333, 0.002, 0.121, 0.159, 0.308, 0, 0.333, 0.153, 0.182
Node_Meth5_Sche1_0, 0.27, 0.001, 0.046, 0.121, 0.245, 0, 0.27, 0.126, 0.143
Node_MyxA1_MyxA2_0, 1.012, 0.007, 0.025, 0.598, 0.999, 0, 1.012, 0.876, 0.136
Node_MyxA1_MyxA4_0, 0.894, 0.017, 0.122, 0.639, 0.877, 0, 0.894, 0.852, 0.022
Node_MyxA2_MyxA3_0, 1.012, 0, 0.022, 0.023, 1, 0, 1.012, 1.002, 0.022
Node_Myxo10_Bdell6_0, 0.926, 0.042, 0.132, 0.377, 0.83, 0, 0.926, 0.751, 0.107
Node_Myxo10_MyxA1_0, 0.977, 0.01, 0.055, 0.186, 0.903, 0, 0.977, 0.867, 0.096
Node_Myxo10_Myxo11_0, 0.871, 0.003, 0.16, 0.178, 0.822, 0, 0.871, 0.817, 0.051
Node_Myxo10_Myxo14_0, 0.578, 0.002, 0.34, 0.178, 0.546, 0, 0.578, 0.535, 0.045
Node_Myxo10_Myxo15_0, 0.381, 0, 0.044, 0.105, 0.358, 0, 0.381, 0.194, 0.196
Node_Myxo10_Myxo17_0, 0.229, 0.008, 0.512, 0.153, 0.211, 0, 0.229, 0.073, 0.155
Node_Myxo11_Bdell13_0, 0.826, 0.003, 0.094, 0.177, 0.803, 0, 0.826, 0.78, 0.046
Node_Myxo11_Myxo13_0, 1.011, 0.004, 0.033, 0.217, 1, 0, 1.011, 0.998, 0.02
Node_Myxo11_Myxo8_0, 1.02, 0.004, 0.048, 0.13, 1, 0, 1.02, 0.779, 0.238
Node_Myxo14_Myxo2_0, 0.985, 0.003, 0.014, 0.023, 0.971, 0, 0.985, 0.521, 0.465
Node_Myxo14_Myxo3_0, 0.469, 0.002, 0.129, 0.093, 0.467, 0, 0.469, 0.453, 0.018
Node_Myxo14_Myxo5_0, 1.002, 0.004, 0.021, 0.303, 0.972, 0, 1.002, 0.969, 0.034
Node_Myxo14_Myxo6_0, 0.273, 0, 0.9, 0.334, 0.254, 0, 0.273, 0.123, 0.171
Node_Myxo14_Myxo9_0, 0.531, 0, 0.033, 0.034, 0.525, 0, 0.531, 0.441, 0.095
Node_Myxo15_Myxo18_0, 1.028, 0.009, 0.034, 0.228, 0.981, 0, 1.028, 0.36, 0.672
Node_Myxo17_Myxo19_0, 1.023, 0.006, 0.104, 0.536, 0.999, 0, 1.023, 0.147, 0.892
Node_Myxo2_Myxo1_0, 0.979, 0, 0.021, 0.011, 0.972, 0, 0.979, 0.968, 0.015
Node_Myxo8_Myxo7_0, 1.02, 0.002, 0.021, 0.026, 1, 0, 1.02, 1.007, 0.019
Node_Nitr10_Nitr3_0, 0.064, 0, 0.017, 0.028, 0.064, 0, 0.064, 0.015, 0.061
Node_Nitr10_Nitr4_0, 0.02, 0, 0.009, 0.013, 0.02, 0, 0.02, 0.005, 0.021
Node_Nitr10_Nitr6_0, 0.278, 0.001, 0.026, 0.099, 0.275, 0, 0.278, 0.061, 0.239
Node_Nitr14_CG294X1_0, 0.206, 0, 0.167, 0.14, 0.2, 0, 0.206, 0.205, 0.002
Node_Nitr14_Meth5_0, 0.371, 0.004, 0.817, 0.282, 0.336, 0, 0.371, 0.357, 0.011
Node_Nitr14_Nitr12_0, 0.009, 0, 0.055, 0.029, 0.009, 0, 0.009, 0.005, 0.02
Node_Nitr14_Nitr13_0, 0.19, 0, 0.019, 0.037, 0.19, 0, 0.19, 0.058, 0.142
Node_Nitr14_Nitr15_0, 0.187, 0, 0.044, 0.075, 0.18, 0, 0.187, 0.164, 0.025
Node_Nitr14_Nitr16_0, 0.044, 0, 0.18, 0.041, 0.044, 0, 0.044, 0.018, 0.034
Node_Nitr14_Nitr2_0, 0.067, 0, 0.069, 0.045, 0.067, 0, 0.067, 0.041, 0.037
Node_Nitr14_Nitr9_0, 0.099, 0.001, 0.135, 0.032, 0.097, 0, 0.099, 0.057, 0.046
Node_Nitr15_Nitr10_0, 0.008, 0, 0.009, 0.016, 0.008, 0, 0.008, 0.003, 0.01
Node_Nitr15_Nitr1_0, 0.293, 0, 0.037, 0.022, 0.291, 0, 0.293, 0.156, 0.143
Node_Nitr15_Nitr8_0, 0.007, 0, 0.295, 0.018, 0.007, 0, 0.007, 0.004, 0.009
Node_Nitr16_Nitr11_0, 0.014, 0, 0.088, 0.042, 0.014, 0, 0.014, 0.008, 0.014
Node_Nitr16_Nitr17_0, 0.088, 0, 0.032, 0.044, 0.085, 0, 0.088, 0.022, 0.076
Node_Nitr17_Nitr5_0, 0.259, 0, 0.025, 0.098, 0.259, 0, 0.259, 0.074, 0.196
Node_Nitr9_Nitr7_0, 0.211, 0, 0.02, 0.072, 0.21, 0, 0.211, 0.088, 0.132
Node_Nits1_Nits3_0, 0.009, 0, 0.016, 0.017, 0.009, 0, 0.009, 0.003, 0.017
Node_Nits4_Nits2_0, 0.014, 0, 0.016, 0.028, 0.014, 0, 0.014, 0.007, 0.017
Node_NitsA1_NitsA2_0, 0.016, 0, 0.051, 0.045, 0.015, 0, 0.016, 0.014, 0.022
Node_NitsA1_NitsA3_0, 0.045, 0, 0.132, 0.055, 0.042, 0, 0.045, 0.043, 0.005
Node_NitsA3_Nits1_0, 0.008, 0, 0.016, 0.013, 0.008, 0, 0.008, 0.002, 0.011
Node_NitsA3_Nits4_0, 0.013, 0, 0.04, 0.032, 0.013, 0, 0.013, 0.01, 0.008
Node_Omni4_Omni2_0, 0.232, 0, 0.024, 0.046, 0.231, 0, 0.232, 0.046, 0.199
Node_Omni4_Omni3_0, 0.052, 0, 0.227, 0.071, 0.051, 0, 0.052, 0.045, 0.009
Node_Omni4_Omni7_0, 0.057, 0, 0.04, 0.044, 0.055, 0, 0.057, 0.014, 0.045
Node_Omni4_Omni8_0, 0.27, 0.003, 0.054, 0.104, 0.26, 0, 0.27, 0.201, 0.068
Node_Omni8_Omni6_0, 0.768, 0.006, 0.026, 0.268, 0.737, 0, 0.768, 0.255, 0.518
Node_P4572X1_Ferm1_0, 0.158, 0, 0.053, 0.061, 0.152, 0, 0.158, 0.092, 0.067
Node_P4572X1_Gemm5_0, 0.021, 0, 0.142, 0.047, 0.021, 0, 0.021, 0.018, 0.005
Node_Pate13_Pate34_0, 0.017, 0, 0.025, 0.018, 0.016, 0, 0.017, 0.004, 0.023
Node_Pate13_Pate6_0, 0.019, 0.001, 0.025, 0.016, 0.019, 0, 0.019, 0.011, 0.011
Node_Pate14_Pate35_0, 0.009, 0, 0.014, 0.013, 0.009, 0, 0.009, 0.006, 0.008
Node_Pate14_Pate5_0, 0.015, 0, 0.028, 0.019, 0.015, 0, 0.015, 0.004, 0.017
Node_Pate15_Pate29_0, 0.007, 0, 0.018, 0.019, 0.007, 0, 0.007, 0.002, 0.014
Node_Pate17_Pate18_0, 0.002, 0, 0.007, 0.003, 0.002, 0, 0.002, 0, 0.004
Node_Pate17_Pate19_0, 0.005, 0, 0.007, 0.01, 0.005, 0, 0.005, 0.002, 0.005
Node_Pate17_Pate8_0, 0.003, 0, 0.013, 0.015, 0.003, 0, 0.003, 0, 0.014
Node_Pate18_Pate38_0, 0.016, 0, 0.017, 0.022, 0.016, 0, 0.016, 0.002, 0.028
Node_Pate18_Pate9_0, 0.005, 0, 0.007, 0.018, 0.005, 0, 0.005, 0, 0.01
Node_Pate19_Pate37_0, 0.009, 0, 0.014, 0.015, 0.009, 0, 0.009, 0.003, 0.014
Node_Pate19_Pate4_0, 0.009, 0, 0.009, 0.014, 0.009, 0, 0.009, 0.002, 0.013
Node_Pate1_Pate50_0, 0.02, 0, 0.047, 0.017, 0.02, 0, 0.02, 0.011, 0.014
Node_Pate21_Pate15_0, 0.011, 0, 0.015, 0.013, 0.011, 0, 0.011, 0.007, 0.007
Node_Pate21_Pate26_0, 0.019, 0, 0.069, 0.021, 0.019, 0, 0.019, 0.017, 0.002
Node_Pate24_Pate13_0, 0.032, 0, 0.019, 0.026, 0.032, 0, 0.032, 0.014, 0.025
Node_Pate24_Pate14_0, 0.026, 0, 0.01, 0.009, 0.025, 0, 0.026, 0.014, 0.018
Node_Pate24_Pate39_0, 0.228, 0.001, 0.008, 0.05, 0.225, 0, 0.228, 0.07, 0.163
Node_Pate24_Pate54_0, 0.072, 0, 0.008, 0.015, 0.071, 0, 0.072, 0.025, 0.048
Node_Pate25_Pate17_0, 0.007, 0, 0.013, 0.017, 0.007, 0, 0.007, 0.003, 0.006
Node_Pate25_Pate28_0, 0.004, 0, 0.011, 0.012, 0.004, 0, 0.004, 0, 0.008
Node_Pate25_Pate32_0, 0.014, 0, 0.028, 0.03, 0.014, 0, 0.014, 0.011, 0.005
Node_Pate26_Pate12_0, 0.016, 0, 0.018, 0.015, 0.016, 0, 0.016, 0.007, 0.015
Node_Pate40_Pate24_0, 0.018, 0, 0.021, 0.015, 0.018, 0, 0.018, 0.013, 0.012
Node_Pate40_Pate55_0, 0.005, 0, 0.026, 0.023, 0.005, 0, 0.005, 0.001, 0.013
Node_Pate40_Pate7_0, 0.027, 0, 0.037, 0.015, 0.027, 0, 0.027, 0.022, 0.008
Node_Pate43_Pate22_0, 0.014, 0, 0.056, 0.015, 0.014, 0, 0.014, 0.01, 0.006
Node_Pate43_Pate3_0, 0.013, 0, 0.011, 0.013, 0.013, 0, 0.013, 0.007, 0.01
Node_Pate43_Pate44_0, 0.035, 0, 0.01, 0.017, 0.035, 0, 0.035, 0.009, 0.032
Node_Pate43_Pate45_0, 0.064, 0, 0.037, 0.024, 0.064, 0, 0.064, 0.047, 0.022
Node_Pate43_Pate57_0, 0.012, 0, 0.034, 0.021, 0.012, 0, 0.012, 0.008, 0.011
Node_Pate44_Pate10_0, 0.244, 0.002, 0.011, 0.07, 0.242, 0, 0.244, 0.063, 0.182
Node_Pate44_Pate52_0, 0.071, 0.001, 0.015, 0.038, 0.071, 0, 0.071, 0.028, 0.05
Node_Pate45_Pate11_0, 0.22, 0, 0.008, 0.039, 0.219, 0, 0.22, 0.082, 0.142
Node_Pate45_Pate21_0, 0.086, 0, 0.014, 0.024, 0.086, 0, 0.086, 0.051, 0.036
Node_Pate46_Pate25_0, 0.037, 0, 0.082, 0.043, 0.037, 0, 0.037, 0.034, 0.004
Node_Pate48_Chlo30_0, 0.552, 0.003, 0.511, 0.416, 0.508, 0, 0.552, 0.543, 0.007
Node_Pate48_Pate1_0, 0.053, 0.001, 0.176, 0.056, 0.052, 0, 0.053, 0.042, 0.013
Node_Pate48_Pate23_0, 0.189, 0.002, 0.369, 0.221, 0.182, 0, 0.189, 0.184, 0.004
Node_Pate48_Pate30_0, 0.092, 0, 0.012, 0.031, 0.092, 0, 0.092, 0.047, 0.048
Node_Pate48_Pate40_0, 0.056, 0, 0.034, 0.049, 0.053, 0, 0.056, 0.047, 0.011
Node_Pate48_Pate43_0, 0.079, 0.002, 0.054, 0.06, 0.076, 0, 0.079, 0.063, 0.016
Node_Pate48_Pate46_0, 0.115, 0, 0.083, 0.104, 0.11, 0, 0.115, 0.107, 0.009
Node_Pate48_Pate49_0, 0.035, 0, 0.035, 0.03, 0.035, 0, 0.035, 0.02, 0.017
Node_Pate48_Pate51_0, 0.055, 0.002, 0.018, 0.033, 0.054, 0, 0.055, 0.021, 0.036
Node_Pate48_Pate56_0, 0.215, 0.001, 0.003, 0.084, 0.212, 0, 0.215, 0.09, 0.125
Node_Pate49_Pate41_0, 0.009, 0, 0.033, 0.021, 0.009, 0, 0.009, 0.006, 0.007
Node_Pate51_Pate27_0, 0.011, 0, 0.04, 0.036, 0.011, 0, 0.011, 0.005, 0.028
Node_Pate51_Pate33_0, 0.145, 0.003, 0.012, 0.08, 0.143, 0, 0.145, 0.053, 0.099
Node_Pate51_Pate53_0, 0.023, 0, 0.144, 0.067, 0.023, 0, 0.023, 0.012, 0.022
Node_Pate54_Pate31_0, 0.011, 0.002, 0.078, 0.024, 0.011, 0, 0.011, 0.003, 0.015
Node_Pate9_Pate36_0, 0.004, 0, 0.013, 0.016, 0.004, 0, 0.004, 0.003, 0.012
Node_Plan17_Plan23_0, 1.015, 0.007, 0.116, 0.665, 1, 0, 1.015, 0.666, 0.361
Node_Plan22_Plan2_0, 0.534, 0.002, 0.03, 0.188, 0.462, 0, 0.534, 0.08, 0.467
Node_Plan22_Plan4_0, 0.095, 0, 0.129, 0.085, 0.094, 0, 0.095, 0.044, 0.06
Node_Plan26_Plan21_0, 0.021, 0, 0.078, 0.041, 0.021, 0, 0.021, 0.015, 0.01
Node_Plan26_Plan5_0, 0.09, 0, 0.023, 0.023, 0.089, 0, 0.09, 0.006, 0.092
Node_Plan30_Plan14_0, 0.743, 0.005, 0.073, 0.322, 0.619, 0, 0.743, 0.422, 0.321
Node_Plan31_Plan17_0, 0.763, 0.005, 0.082, 0.069, 0.733, 0, 0.763, 0.153, 0.608
Node_Plan31_Plan18_0, 0.038, 0, 0.07, 0.034, 0.038, 0, 0.038, 0.027, 0.016
Node_Plan31_Plan27_0, 0.232, 0, 0.009, 0.062, 0.217, 0, 0.232, 0.056, 0.181
Node_Plan31_Plan39_0, 0.06, 0, 0.024, 0.038, 0.059, 0, 0.06, 0.018, 0.046
Node_Plan32_Plan12_0, 1.013, 0, 0.055, 0.042, 0.994, 0, 1.013, 1.004, 0.026
Node_Plan32_Plan22_0, 0.164, 0, 0.024, 0.053, 0.159, 0, 0.164, 0.071, 0.099
Node_Plan32_Plan26_0, 0.089, 0, 0.099, 0.068, 0.088, 0, 0.089, 0.064, 0.031
Node_Plan32_Plan30_0, 0.49, 0.007, 0.042, 0.208, 0.445, 0, 0.49, 0.133, 0.361
Node_Plan32_Plan3_0, 1.042, 0.009, 0.141, 0.478, 0.995, 0, 1.042, 0.36, 0.684
Node_Plan33_Plan44_0, 0.966, 0.02, 0.065, 0.391, 0.929, 0, 0.966, 0.214, 0.737
Node_Plan42_Plan40_0, 1.314, 0.006, 0.041, 0.331, 0.996, 0, 1.314, 0.971, 0.353
Node_Plan43_Plan16_0, 0.201, 0.004, 0.2, 0.145, 0.188, 0, 0.201, 0.08, 0.123
Node_Plan43_Plan31_0, 0.092, 0, 0.046, 0.054, 0.087, 0, 0.092, 0.074, 0.02
Node_Plan43_Plan32_0, 0.157, 0.004, 0.026, 0.054, 0.15, 0, 0.157, 0.07, 0.087
Node_Plan43_Plan33_0, 0.274, 0.008, 0.038, 0.13, 0.255, 0, 0.274, 0.116, 0.147
Node_Plan43_Plan42_0, 0.996, 0.244, 0.044, 0.284, 0.73, 0, 0.996, 0.129, 0.595
Node_Plan43_Plan7_0, 0.118, 0.001, 0.277, 0.116, 0.11, 0, 0.118, 0.11, 0.007
Node_Plan43_Verr11_0, 0.387, 0.002, 0.666, 0.314, 0.35, 0, 0.387, 0.358, 0.027
Node_Pori1_Pori2_0, 1.01, 0.014, 0.083, 1.127, 0.999, 0, 1.01, 0.921, 0.078
Node_ProtA11_ProtA32_0, 1.012, 0.016, 0.047, 1.341, 0.997, 0, 1.012, 0.958, 0.036
Node_ProtA12_ProtA44_0, 0.003, 0, 0.011, 0.017, 0.003, 0, 0.003, 0.001, 0.01
Node_ProtA12_ProtA54_0, 0.002, 0, 0.02, 0.023, 0.002, 0, 0.002, 0, 0.019
Node_ProtA13_ProtA24_0, 0.005, 0, 0.012, 0.012, 0.005, 0, 0.005, 0.004, 0.006
Node_ProtA13_ProtA61_0, 0.004, 0, 0.016, 0.018, 0.004, 0, 0.004, 0, 0.015
Node_ProtA13_ProtA77_0, 0.012, 0, 0.024, 0.019, 0.012, 0, 0.012, 0.003, 0.018
Node_ProtA13_ProtA7_0, 0.011, 0, 0.016, 0.019, 0.011, 0, 0.011, 0.002, 0.015
Node_ProtA15_ProtA42_0, 0.035, 0, 0.624, 0.098, 0.035, 0, 0.035, 0.031, 0.015
Node_ProtA15_ProtA70_0, 0.644, 0.001, 0.034, 0.165, 0.568, 0, 0.644, 0.469, 0.179
Node_ProtA16_ProtA33_0, 0.008, 0, 0.021, 0.019, 0.008, 0, 0.008, 0.002, 0.017
Node_ProtA16_ProtA66_0, 0.001, 0, 0.019, 0.019, 0.001, 0, 0.001, 0.001, 0.012
Node_ProtA16_ProtA69_0, 0.02, 0, 0.05, 0.029, 0.02, 0, 0.02, 0.014, 0.011
Node_ProtA16_ProtA8_0, 0.012, 0, 0.02, 0.012, 0.012, 0, 0.012, 0.004, 0.012
Node_ProtA18_ProtA10_0, 0.004, 0, 0.028, 0.02, 0.004, 0, 0.004, 0.001, 0.013
Node_ProtA18_ProtA19_0, 0.557, 0, 0.034, 0.181, 0.544, 0, 0.557, 0.468, 0.096
Node_ProtA18_ProtA29_0, 0.019, 0, 0.07, 0.049, 0.018, 0, 0.019, 0.016, 0.012
Node_ProtA18_ProtA53_0, 0.077, 0, 0.495, 0.171, 0.076, 0, 0.077, 0.074, 0.015
Node_ProtA19_ProtA14_0, 0.012, 0, 0.04, 0.038, 0.012, 0, 0.012, 0.008, 0.015
Node_ProtA19_ProtA20_0, 0.73, 0.003, 0.026, 0.297, 0.711, 0, 0.73, 0.54, 0.196
Node_ProtA19_ProtA3_0, 0.021, 0, 0.015, 0.013, 0.021, 0, 0.021, 0.003, 0.024
Node_ProtA19_ProtA46_0, 0.01, 0, 0.027, 0.034, 0.01, 0, 0.01, 0.003, 0.022
Node_ProtA19_ProtA49_0, 0.008, 0, 0.029, 0.032, 0.008, 0, 0.008, 0.002, 0.027
Node_ProtA19_ProtA56_0, 0.137, 0, 0.6, 0.252, 0.137, 0, 0.137, 0.133, 0.007
Node_ProtA19_ProtA68_0, 0.072, 0, 0.011, 0.031, 0.072, 0, 0.072, 0.016, 0.062
Node_ProtA19_ProtA74_0, 0.015, 0, 0.075, 0.033, 0.015, 0, 0.015, 0.009, 0.018
Node_ProtA19_ProtA75_0, 0.037, 0, 0.119, 0.079, 0.036, 0, 0.037, 0.027, 0.019
Node_ProtA20_ProtA11_0, 1.007, 0.011, 0.025, 0.433, 0.978, 0, 1.007, 0.71, 0.291
Node_ProtA20_ProtA5_0, 0.767, 0.002, 0.297, 0.28, 0.759, 0, 0.767, 0.721, 0.055
Node_ProtA26_ProtA37_0, 0.388, 0.001, 0.008, 0.124, 0.386, 0, 0.388, 0.285, 0.106
Node_ProtA26_ProtA45_0, 0.289, 0, 0.028, 0.088, 0.288, 0, 0.289, 0.268, 0.026
Node_ProtA27_ProtA21_0, 0.005, 0, 0.023, 0.025, 0.005, 0, 0.005, 0.004, 0.008
Node_ProtA30_ProtA35_0, 0.009, 0, 0.016, 0.023, 0.009, 0, 0.009, 0.002, 0.016
Node_ProtA34_Acid38_0, 1.414, 0.036, 0.155, 0.291, 0.976, 0, 1.414, 1.344, 0.004
Node_ProtA34_Chry1_0, 1.529, 0.012, 0.066, 0.356, 0.983, 0.001, 1.529, 1.501, 0.007
Node_ProtA34_DesuB4_0, 1.062, 0.01, 0.182, 0.546, 0.949, 0, 1.062, 1.034, 0.013
Node_ProtA34_DesuC2_0, 0.984, 0.004, 0.085, 0.445, 0.935, 0, 0.984, 0.974, 0.003
Node_ProtA34_J088X1_0, 0.243, 0.002, 0.746, 0.318, 0.238, 0, 0.243, 0.239, 0.003
Node_ProtA34_Nitr14_0, 1.173, 0.034, 0.283, 0.3, 0.975, 0, 1.173, 1.104, 0.008
Node_ProtA34_ProtA13_0, 0.018, 0, 0.056, 0.025, 0.018, 0, 0.018, 0.007, 0.015
Node_ProtA34_ProtA16_0, 0.059, 0, 0.406, 0.128, 0.059, 0, 0.059, 0.054, 0.011
Node_ProtA34_ProtA18_0, 0.495, 0.004, 0.008, 0.098, 0.48, 0, 0.495, 0.328, 0.165
Node_ProtA34_ProtA26_0, 0.291, 0.005, 0.012, 0.129, 0.289, 0, 0.291, 0.106, 0.188
Node_ProtA34_ProtA38_0, 0.454, 0.001, 0.07, 0.182, 0.44, 0, 0.454, 0.43, 0.028
Node_ProtA34_ProtA39_0, 0.334, 0.002, 0.014, 0.028, 0.33, 0, 0.334, 0.276, 0.055
Node_ProtA34_ProtA40_0, 0.011, 0, 0.026, 0.026, 0.011, 0, 0.011, 0.004, 0.019
Node_ProtA34_ProtA43_0, 0.009, 0, 0.014, 0.018, 0.009, 0, 0.009, 0.003, 0.012
Node_ProtA34_ProtA9_0, 0.11, 0, 0.024, 0.052, 0.11, 0, 0.11, 0.034, 0.082
Node_ProtA34_ProtG30_0, 0.112, 0.001, 0.14, 0.114, 0.11, 0, 0.112, 0.102, 0.008
Node_ProtA34_ProtM1_0, 0.082, 0, 0.045, 0.038, 0.079, 0, 0.082, 0.068, 0.015
Node_ProtA34_SAR3X2_0, 1.139, 0.043, 0.099, 0.2, 0.981, 0, 1.139, 1.041, 0.022
Node_ProtA34_SM23X1_0, 1.575, 0.037, 0.142, 0.488, 0.989, 0.002, 1.575, 1.508, 0.004
Node_ProtA34_Spir10_0, 1.674, 0.123, 0.041, 0.8, 0.99, 0.018, 1.674, 1.437, 0.013
Node_ProtA34_UBA2X1_0, 1.221, 0.117, 0.072, 0.411, 0.983, 0, 1.221, 0.961, 0.037
Node_ProtA34_Wall1_0, 1.561, 0.597, 0.008, 0.775, 0.972, 0.972, 1.561, 0.413, 0
Node_ProtA34_mitoFungi_0, 0.052, 0.001, 0.056, 0.036, 0.052, 0, 0.052, 0.028, 0.025
Node_ProtA38_ProtA15_0, 0.498, 0.005, 0.028, 0.173, 0.469, 0, 0.498, 0.427, 0.067
Node_ProtA38_ProtA41_0, 0.603, 0, 0.025, 0.075, 0.536, 0, 0.603, 0.319, 0.293
Node_ProtA38_ProtA64_0, 0.335, 0.001, 0.199, 0.07, 0.327, 0, 0.335, 0.304, 0.035
Node_ProtA39_ProtA12_0, 0.004, 0, 0.018, 0.019, 0.004, 0, 0.004, 0.001, 0.013
Node_ProtA39_ProtA27_0, 0.02, 0, 0.323, 0.043, 0.02, 0, 0.02, 0.019, 0.009
Node_ProtA39_ProtA30_0, 0.009, 0, 0.024, 0.014, 0.009, 0, 0.009, 0.002, 0.013
Node_ProtA39_ProtA36_0, 0.003, 0, 0.012, 0.013, 0.003, 0, 0.003, 0.001, 0.011
Node_ProtA3_ProtA72_0, 0.004, 0, 0.019, 0.032, 0.004, 0, 0.004, 0.001, 0.016
Node_ProtA3_ProtA76_0, 0.007, 0, 0.029, 0.022, 0.007, 0, 0.007, 0.003, 0.015
Node_ProtA40_ProtA67_0, 0.003, 0, 0.025, 0.021, 0.003, 0, 0.003, 0, 0.017
Node_ProtA46_ProtA55_0, 0.005, 0, 0.027, 0.029, 0.005, 0, 0.005, 0.001, 0.022
Node_ProtA47_ProtA63_0, 0.009, 0, 0.017, 0.022, 0.009, 0, 0.009, 0, 0.019
Node_ProtA53_ProtA58_0, 0.01, 0, 0.082, 0.048, 0.01, 0, 0.01, 0.006, 0.015
Node_ProtA56_ProtA52_0, 0.015, 0.001, 0.14, 0.101, 0.014, 0, 0.015, 0.01, 0.017
Node_ProtA68_ProtA2_0, 0.223, 0, 0.019, 0.071, 0.222, 0, 0.223, 0.063, 0.17
Node_ProtA69_ProtA50_0, 0.006, 0, 0.029, 0.025, 0.006, 0, 0.006, 0.002, 0.015
Node_ProtA70_ProtA57_0, 1.394, 0.009, 0.016, 0.405, 0.999, 0, 1.394, 0.633, 0.757
Node_ProtA76_ProtA47_0, 0.007, 0, 0.011, 0.012, 0.007, 0, 0.007, 0.001, 0.015
Node_ProtA76_ProtA48_0, 0.003, 0, 0.018, 0.014, 0.003, 0, 0.003, 0.001, 0.014
Node_ProtA76_ProtA62_0, 0.008, 0, 0.037, 0.04, 0.008, 0, 0.008, 0.001, 0.038
Node_ProtA76_ProtA71_0, 0.006, 0.001, 0.022, 0.028, 0.006, 0, 0.006, 0.002, 0.019
Node_ProtA77_ProtA31_0, 0.007, 0, 0.017, 0.016, 0.007, 0, 0.007, 0.001, 0.012
Node_ProtA77_ProtA51_0, 0.001, 0, 0.018, 0.021, 0.001, 0, 0.001, 0, 0.012
Node_ProtA9_ProtA60_0, 0.03, 0, 0.095, 0.05, 0.03, 0, 0.03, 0.023, 0.015
Node_ProtG12_ProtG5_0, 0.014, 0, 0.123, 0.047, 0.014, 0, 0.014, 0.009, 0.017
Node_ProtG16_ProtG17_0, 0.301, 0.005, 0.049, 0.072, 0.297, 0, 0.301, 0.073, 0.229
Node_ProtG18_ProtG10_0, 0.042, 0.001, 0.015, 0.024, 0.041, 0, 0.042, 0.021, 0.028
Node_ProtG18_ProtG12_0, 0.12, 0, 0.017, 0.049, 0.118, 0, 0.12, 0.035, 0.095
Node_ProtG18_ProtG14_0, 0.028, 0.001, 0.01, 0.015, 0.026, 0, 0.028, 0.012, 0.022
Node_ProtG18_ProtG21_0, 0.311, 0.002, 0.032, 0.135, 0.308, 0, 0.311, 0.106, 0.221
Node_ProtG24_ProtG18_0, 0.015, 0, 0.028, 0.018, 0.015, 0, 0.015, 0.013, 0.011
Node_ProtG25_ProtG9_0, 1.265, 0.001, 0.057, 0.117, 0.983, 0, 1.265, 1.056, 0.221
Node_ProtG29_ProtG76_0, 0.006, 0, 0.025, 0.026, 0.006, 0, 0.006, 0.002, 0.02
Node_ProtG30_ProtG19_0, 0.155, 0, 0.085, 0.043, 0.154, 0, 0.155, 0.014, 0.159
Node_ProtG30_ProtG31_0, 0.204, 0.002, 0.006, 0.034, 0.202, 0, 0.204, 0.041, 0.165
Node_ProtG30_ProtG34_0, 0.155, 0, 0.128, 0.066, 0.151, 0, 0.155, 0.08, 0.079
Node_ProtG30_ProtG35_0, 0.098, 0, 0.088, 0.055, 0.095, 0, 0.098, 0.071, 0.031
Node_ProtG30_ProtG39_0, 0.081, 0, 0.015, 0.029, 0.081, 0, 0.081, 0.017, 0.072
Node_ProtG30_ProtG42_0, 0.024, 0.001, 0.005, 0.01, 0.024, 0, 0.024, 0.006, 0.018
Node_ProtG30_ProtG49_0, 0.05, 0, 0.118, 0.047, 0.05, 0, 0.05, 0.044, 0.01
Node_ProtG30_ProtG50_0, 0.043, 0, 0.009, 0.016, 0.043, 0, 0.043, 0.018, 0.028
Node_ProtG30_ProtG64_0, 0.024, 0, 0.025, 0.027, 0.023, 0, 0.024, 0.009, 0.028
Node_ProtG30_ProtG71_0, 0.007, 0, 0.007, 0.008, 0.007, 0, 0.007, 0.005, 0.003
Node_ProtG30_ProtG80_0, 0.008, 0, 0.008, 0.008, 0.008, 0, 0.008, 0.002, 0.009
Node_ProtG30_ProtG84_0, 0.158, 0, 0.025, 0.06, 0.156, 0, 0.158, 0.08, 0.085
Node_ProtG30_ProtG85_0, 0.01, 0, 0.006, 0.007, 0.01, 0, 0.01, 0.003, 0.008
Node_ProtG30_ProtG87_0, 0.021, 0, 0.047, 0.04, 0.021, 0, 0.021, 0.012, 0.018
Node_ProtG30_ProtZ3_0, 0.011, 0, 0.016, 0.015, 0.011, 0, 0.011, 0.009, 0.002
Node_ProtG30_ProtZ5_0, 0.025, 0, 0.091, 0.06, 0.024, 0, 0.025, 0.023, 0.004
Node_ProtG31_ProtG16_0, 0.116, 0, 0.024, 0.041, 0.112, 0, 0.116, 0.025, 0.104
Node_ProtG31_ProtG32_0, 0.525, 0.007, 0.019, 0.221, 0.514, 0, 0.525, 0.187, 0.333
Node_ProtG31_ProtG36_0, 0.039, 0.001, 0.441, 0.046, 0.039, 0, 0.039, 0.029, 0.015
Node_ProtG31_ProtG44_0, 0.234, 0, 0.081, 0.049, 0.216, 0, 0.234, 0.044, 0.199
Node_ProtG31_ProtG45_0, 0.464, 0, 0.073, 0.053, 0.461, 0, 0.464, 0.454, 0.012
Node_ProtG31_ProtG47_0, 0.036, 0, 0.03, 0.036, 0.035, 0, 0.036, 0.02, 0.03
Node_ProtG31_ProtG61_0, 0.036, 0, 0.024, 0.019, 0.036, 0, 0.036, 0.021, 0.021
Node_ProtG32_ProtG26_0, 0.997, 0.002, 0.046, 0.241, 0.987, 0, 0.997, 0.99, 0.015
Node_ProtG32_ProtG33_0, 1.027, 0.007, 0.038, 0.631, 0.995, 0, 1.027, 0.494, 0.533
Node_ProtG32_ProtG37_0, 1.027, 0.001, 0.033, 0.046, 0.999, 0, 1.027, 1.003, 0.032
Node_ProtG32_ProtG43_0, 1.026, 0.002, 0.034, 0.221, 0.989, 0, 1.026, 1.002, 0.031
Node_ProtG33_ProtG48_0, 1.098, 0.007, 0.023, 0.047, 0.997, 0, 1.098, 1.009, 0.088
Node_ProtG33_ProtG67_0, 1.026, 0.002, 0.032, 0.039, 0.994, 0, 1.026, 1.003, 0.029
Node_ProtG33_ProtG7_0, 1.389, 0.003, 0.042, 0.074, 1, 0, 1.389, 1.077, 0.33
Node_ProtG35_ProtG81_0, 0.016, 0, 0.093, 0.036, 0.016, 0, 0.016, 0.011, 0.011
Node_ProtG36_ProtG20_0, 0.009, 0, 0.072, 0.031, 0.009, 0, 0.009, 0.007, 0.011
Node_ProtG36_ProtG24_0, 0.032, 0, 0.019, 0.022, 0.032, 0, 0.032, 0.007, 0.03
Node_ProtG36_ProtG38_0, 0.021, 0, 0.033, 0.022, 0.021, 0, 0.021, 0.01, 0.015
Node_ProtG36_ProtG65_0, 0.07, 0.001, 0.011, 0.029, 0.07, 0, 0.07, 0.026, 0.048
Node_ProtG37_ProtG41_0, 1.164, 0.111, 0.033, 0.087, 0.999, 0, 1.164, 0.904, 0.051
Node_ProtG37_ProtG51_0, 0.21, 0.001, 1.134, 0.119, 0.208, 0, 0.21, 0.056, 0.179
Node_ProtG37_ProtG53_0, 1.027, 0.018, 0.037, 0.43, 1, 0, 1.027, 0.983, 0.019
Node_ProtG37_ProtG8_0, 1.035, 0.003, 0.023, 0.029, 1, 0, 1.035, 1.015, 0.028
Node_ProtG38_ProtG28_0, 0.008, 0, 0.019, 0.013, 0.008, 0, 0.008, 0.005, 0.006
Node_ProtG38_ProtG46_0, 0.006, 0, 0.014, 0.013, 0.006, 0, 0.006, 0.001, 0.012
Node_ProtG39_ProtG15_0, 0.246, 0, 0.033, 0.046, 0.244, 0, 0.246, 0.059, 0.198
Node_ProtG41_ProtG40_0, 1.795, 0.636, 0.071, 0.1, 1, 0, 1.795, 0.478, 0.066
Node_ProtG42_ProtG74_0, 0.043, 0.001, 0.022, 0.053, 0.042, 0, 0.043, 0.007, 0.04
Node_ProtG43_ProtG55_0, 0.204, 0.001, 0.971, 0.244, 0.198, 0, 0.204, 0.07, 0.148
Node_ProtG44_ProtG22_0, 0.204, 0.01, 0.186, 0.072, 0.191, 0, 0.204, 0.053, 0.146
Node_ProtG45_ProtG66_0, 0.469, 0.001, 0.018, 0.031, 0.463, 0, 0.469, 0.449, 0.022
Node_ProtG45_ProtG75_0, 0.01, 0, 0.466, 0.044, 0.01, 0, 0.01, 0.008, 0.007
Node_ProtG47_ProtG62_0, 0.014, 0, 0.036, 0.014, 0.014, 0, 0.014, 0.003, 0.014
Node_ProtG48_ProtG1_0, 1.027, 0.001, 0.11, 0.079, 0.993, 0, 1.027, 1.002, 0.038
Node_ProtG48_ProtG25_0, 1.1, 0.007, 0.024, 0.095, 0.998, 0, 1.1, 1.01, 0.09
Node_ProtG48_ProtG6_0, 0.972, 0.011, 0.167, 0.832, 0.962, 0, 0.972, 0.943, 0.028
Node_ProtG49_ProtG29_0, 0.011, 0, 0.05, 0.045, 0.011, 0, 0.011, 0.01, 0.011
Node_ProtG53_ProtG27_0, 1.02, 0.008, 0.027, 0.709, 0.999, 0, 1.02, 1.005, 0.012
Node_ProtG53_ProtG70_0, 0.989, 0.005, 0.057, 0.748, 0.98, 0, 0.989, 0.978, 0.021
Node_ProtG58_ProtG59_0, 0.005, 0, 0.014, 0.014, 0.005, 0, 0.005, 0.001, 0.012
Node_ProtG59_ProtG73_0, 0.008, 0, 0.017, 0.016, 0.008, 0, 0.008, 0.002, 0.02
Node_ProtG61_ProtG60_0, 1.01, 0, 0.022, 0.04, 0.999, 0, 1.01, 0.174, 0.853
Node_ProtG61_ProtG72_0, 0.044, 0, 0.032, 0.019, 0.044, 0, 0.044, 0.007, 0.04
Node_ProtG61_ProtG78_0, 0.179, 0, 0.017, 0.024, 0.178, 0, 0.179, 0.037, 0.152
Node_ProtG62_ProtG77_0, 0.01, 0, 0.023, 0.024, 0.01, 0, 0.01, 0.004, 0.019
Node_ProtG65_ProtG69_0, 0.225, 0, 0.013, 0.087, 0.225, 0, 0.225, 0.067, 0.168
Node_ProtG66_ProtG68_0, 0.555, 0, 0.016, 0.047, 0.541, 0, 0.555, 0.458, 0.102
Node_ProtG67_ProtG63_0, 0.056, 0, 1.03, 0.045, 0.054, 0, 0.056, 0.006, 0.06
Node_ProtG80_ProtG57_0, 0.003, 0, 0.02, 0.02, 0.003, 0, 0.003, 0, 0.015
Node_ProtG81_ProtG79_0, 0.01, 0, 0.015, 0.015, 0.01, 0, 0.01, 0.006, 0.009
Node_ProtG83_ProtG52_0, 1.167, 0.024, 0.099, 2.341, 1, 0, 1.167, 1.009, 0.133
Node_ProtG83_ProtG89_0, 1.109, 0.03, 0.014, 0.115, 1, 0, 1.109, 1.017, 0.042
Node_ProtG84_ProtG11_0, 0.995, 0.003, 0.073, 0.611, 0.985, 0, 0.995, 0.986, 0.014
Node_ProtG84_ProtG83_0, 1.051, 0.043, 0.013, 0.452, 0.989, 0, 1.051, 0.33, 0.679
Node_ProtG84_ProtG90_0, 0.342, 0.006, 0.018, 0.101, 0.335, 0, 0.342, 0.14, 0.196
Node_ProtG85_ProtG56_0, 0.007, 0, 0.015, 0.016, 0.007, 0, 0.007, 0, 0.014
Node_ProtG85_ProtG58_0, 0.007, 0, 0.01, 0.006, 0.007, 0, 0.007, 0.003, 0.007
Node_ProtG85_ProtG86_0, 0.011, 0, 0.017, 0.022, 0.011, 0, 0.011, 0.001, 0.021
Node_ProtG85_ProtG88_0, 0.008, 0, 0.012, 0.009, 0.008, 0, 0.008, 0.002, 0.013
Node_ProtG85_ProtG91_0, 0.008, 0, 0.022, 0.022, 0.008, 0, 0.008, 0.001, 0.019
Node_ProtG86_ProtG82_0, 0.006, 0, 0.025, 0.028, 0.006, 0, 0.006, 0.002, 0.02
Node_ProtG87_ProtG3_0, 0.005, 0, 0.02, 0.017, 0.005, 0, 0.005, 0.001, 0.016
Node_ProtG87_ProtG4_0, 0.009, 0, 0.03, 0.018, 0.009, 0, 0.009, 0.001, 0.018
Node_ProtG89_ProtG13_0, 1.082, 0.004, 0.07, 0.333, 0.997, 0, 1.082, 1.047, 0.039
Node_ProtG90_ProtG54_0, 0.042, 0, 0.307, 0.129, 0.042, 0, 0.042, 0.041, 0.007
Node_ProtM1_ProtM2_0, 1.006, 0.005, 0.015, 0.329, 1, 0, 1.006, 0.227, 0.784
Node_ProtM1_ProtM3_0, 0.232, 0.001, 0.032, 0.09, 0.23, 0, 0.232, 0.06, 0.181
Node_ProtZ1_ProtZ4_0, 1.014, 0, 0.173, 0.026, 0.998, 0, 1.014, 0.182, 0.844
Node_ProtZ3_ProtZ1_0, 0.343, 0, 0.022, 0.015, 0.313, 0, 0.343, 0.093, 0.261
Node_ProtZ3_ProtZ2_0, 0.104, 0.006, 0.017, 0.024, 0.097, 0, 0.104, 0.002, 0.104
Node_SAR3X2_BMS3X1_0, 0.626, 0.008, 0.53, 0.79, 0.61, 0, 0.626, 0.605, 0.009
Node_SAR3X2_SAR3X1_0, 0.604, 0.007, 0.061, 0.791, 0.597, 0, 0.604, 0.564, 0.032
Node_SM23X1_AABM5X1_0, 0.056, 0.001, 0.013, 0.035, 0.055, 0, 0.056, 0.03, 0.029
Node_SM23X1_Aero1_0, 1.282, 0.021, 0.339, 0.537, 0.971, 0, 1.282, 1.224, 0.025
Node_SM23X1_Bact27_0, 0.039, 0, 0.014, 0.028, 0.038, 0, 0.039, 0.03, 0.011
Node_SM23X1_Caldit2_0, 0.083, 0, 0.024, 0.015, 0.081, 0, 0.083, 0.032, 0.051
Node_SM23X1_Fibr4_0, 0.042, 0, 0.038, 0.026, 0.042, 0, 0.042, 0.037, 0.006
Node_SM23X1_Hydr2_0, 1.187, 0.023, 0.152, 0.379, 0.966, 0, 1.187, 1.111, 0.034
Node_SM23X1_KSB1X2_0, 0.008, 0, 0.077, 0.018, 0.007, 0, 0.008, 0.007, 0.002
Node_SM23X1_KSB1X3_0, 0.004, 0, 0.012, 0.011, 0.004, 0, 0.004, 0, 0.008
Node_SM23X1_P4572X1_0, 0.144, 0, 0.08, 0.081, 0.141, 0, 0.144, 0.128, 0.018
Node_SM23X1_Pori1_0, 1.001, 0.017, 0.219, 0.79, 0.939, 0, 1.001, 0.965, 0.016
Node_SM23X1_RBG1_0, 0.374, 0.004, 0.637, 0.495, 0.366, 0, 0.374, 0.366, 0.006
Node_SM23X1_TA06X1_0, 0.206, 0.001, 0.178, 0.205, 0.206, 0, 0.206, 0.198, 0.009
Node_SM23X1_Zixi5_0, 0.074, 0, 0.076, 0.066, 0.074, 0, 0.074, 0.068, 0.006
Node_Spir10_Lind1_0, 1.623, 0.016, 0.095, 0.549, 0.977, 0, 1.623, 1.569, 0.028
Node_Spir10_Spir11_0, 0.163, 0, 0.527, 0.368, 0.159, 0, 0.163, 0.162, 0.005
Node_Spir10_Spir12_0, 0.041, 0, 0.123, 0.115, 0.041, 0, 0.041, 0.041, 0.001
Node_Spir10_Spir13_0, 0.006, 0, 0.019, 0.022, 0.006, 0, 0.006, 0.002, 0.012
Node_Spir10_Spir15_0, 0.685, 0.012, 0.966, 0.834, 0.608, 0, 0.685, 0.653, 0.016
Node_Spir10_Spir3_0, 0.005, 0, 0.023, 0.023, 0.005, 0, 0.005, 0, 0.022
Node_Spir10_Spir8_0, 0.013, 0, 0.032, 0.027, 0.013, 0, 0.013, 0.012, 0.004
Node_Spir13_Spir2_0, 0.005, 0, 0.018, 0.031, 0.005, 0, 0.005, 0.001, 0.017
Node_Spir15_Spir4_0, 0.561, 0.002, 0.182, 0.667, 0.545, 0, 0.561, 0.504, 0.056
Node_Spir15_Spir9_0, 0.066, 0, 0.503, 0.276, 0.066, 0, 0.066, 0.064, 0.008
Node_Sume1_OLB1X1_0, 0.318, 0.002, 0.639, 0.357, 0.293, 0, 0.318, 0.281, 0.036
Node_Sume1_UBP4X1_0, 0.125, 0, 0.25, 0.138, 0.125, 0, 0.125, 0.073, 0.057
Node_Syne1_Calda2_0, 0.123, 0, 0.362, 0.276, 0.12, 0, 0.123, 0.121, 0.003
Node_Syne1_Cyan40_0, 1.403, 0.02, 0.037, 0.381, 0.953, 0.004, 1.403, 1.355, 0.013
Node_Syne1_Dein5_0, 0.482, 0.003, 0.931, 0.563, 0.439, 0, 0.482, 0.472, 0.007
Node_Syne1_Syne2_0, 0.007, 0, 0.013, 0.01, 0.007, 0, 0.007, 0.001, 0.01
Node_Syne1_Syne4_0, 0.012, 0, 0.029, 0.024, 0.012, 0, 0.012, 0.004, 0.019
Node_Syne1_Syne6_0, 0.006, 0, 0.018, 0.016, 0.006, 0, 0.006, 0.001, 0.012
Node_Syne1_Syne7_0, 0.01, 0, 0.01, 0.016, 0.01, 0, 0.01, 0.003, 0.014
Node_Syne1_Syne9_0, 0.022, 0, 0.107, 0.075, 0.022, 0, 0.022, 0.021, 0.006
Node_Syne2_Syne8_0, 0.006, 0, 0.019, 0.02, 0.006, 0, 0.006, 0.001, 0.018
Node_Syne4_Syne5_0, 0.003, 0, 0.019, 0.021, 0.003, 0, 0.003, 0.001, 0.01
Node_Syne7_Syne10_0, 0.003, 0, 0.02, 0.017, 0.003, 0, 0.003, 0.001, 0.013
Node_Syne8_Syne3_0, 0.008, 0, 0.022, 0.024, 0.008, 0, 0.008, 0, 0.024
Node_TA06X1_Cloa1_0, 0.042, 0, 0.165, 0.087, 0.042, 0, 0.042, 0.041, 0.001
Node_TA06X1_Edwa1_0, 0.019, 0, 0.03, 0.025, 0.019, 0, 0.019, 0.014, 0.007
Node_TA06X1_WOR1_0, 0.024, 0, 0.014, 0.021, 0.024, 0, 0.024, 0.01, 0.019
Node_Therd1_Dict1_0, 0.717, 0.003, 0.47, 0.344, 0.671, 0, 0.717, 0.684, 0.032
Node_Therg2_Therg4_0, 0.254, 0, 0.041, 0.113, 0.252, 0, 0.254, 0.067, 0.203
Node_Therg3_Therg5_0, 0.005, 0, 0.021, 0.021, 0.005, 0, 0.005, 0.003, 0.005
Node_Therg8_Therg2_0, 0.092, 0, 0.049, 0.06, 0.091, 0, 0.092, 0.046, 0.05
Node_Therg8_Therg3_0, 0.021, 0, 0.086, 0.044, 0.021, 0, 0.021, 0.014, 0.015
Node_Therg8_Therg6_0, 0.004, 0, 0.031, 0.02, 0.004, 0, 0.004, 0, 0.014
Node_Thers1_Desua45_0, 0.866, 0.007, 0.056, 0.44, 0.65, 0, 0.866, 0.818, 0.042
Node_UBA1X2_UBA1X3_0, 0.236, 0.001, 0.327, 0.178, 0.233, 0, 0.236, 0.228, 0.014
Node_UBA1X2_UBA1X5_0, 0.039, 0, 0.211, 0.065, 0.039, 0, 0.039, 0.031, 0.014
Node_UBA1X5_UBA1X4_0, 0.148, 0, 0.042, 0.035, 0.147, 0, 0.148, 0.008, 0.151
Node_UBA1X6_UBA1X1_0, 1.075, 0.003, 0.038, 0.425, 0.993, 0, 1.075, 0.516, 0.562
Node_UBA1X6_UBA1X2_0, 0.548, 0.049, 0.094, 0.371, 0.483, 0, 0.548, 0.292, 0.189
Node_UBA2X1_DesuD2_0, 0.726, 0.004, 0.546, 0.19, 0.701, 0, 0.726, 0.662, 0.064
Node_UBA2X1_Desua22_0, 1.204, 0.008, 0.066, 0.175, 0.975, 0, 1.204, 1.154, 0.041
Node_UBA2X1_Desua28_0, 0.105, 0, 0.652, 0.174, 0.104, 0, 0.105, 0.08, 0.031
Node_UBA2X1_SZUA2_0, 0.157, 0, 0.072, 0.069, 0.155, 0, 0.157, 0.041, 0.124
Node_UBA6X1_Desa1_0, 0.042, 0.001, 0.089, 0.072, 0.041, 0, 0.042, 0.039, 0.005
Node_UBA6X1_Elus1_0, 0.014, 0, 0.031, 0.027, 0.014, 0, 0.014, 0.013, 0.003
Node_UBA6X1_Gold1_0, 0.125, 0, 0.211, 0.168, 0.12, 0, 0.125, 0.119, 0.01
Node_UBA9X1_UBA9X3_0, 0.023, 0, 0.074, 0.054, 0.023, 0, 0.023, 0.02, 0.008
Node_UBA9X3_UBA9X2_0, 0.007, 0, 0.021, 0.016, 0.007, 0, 0.007, 0.004, 0.005
Node_Verr11_Aure2_0, 0.062, 0, 0.02, 0.051, 0.062, 0, 0.062, 0.04, 0.023
Node_Verr11_Aure3_0, 0.059, 0, 0.208, 0.087, 0.058, 0, 0.059, 0.046, 0.014
Node_Verr11_Omni4_0, 0.253, 0.002, 0.173, 0.145, 0.244, 0, 0.253, 0.217, 0.037
Node_Verr11_Verr12_0, 0.086, 0, 0.845, 0.274, 0.086, 0, 0.086, 0.085, 0.015
Node_Verr11_Verr14_0, 0.916, 0, 0.093, 0.323, 0.91, 0, 0.916, 0.882, 0.048
Node_Verr11_Verr7_0, 0.196, 0.007, 0.018, 0.105, 0.19, 0, 0.196, 0.085, 0.106
Node_Verr11_Verr8_0, 0.101, 0.002, 0.016, 0.103, 0.099, 0, 0.101, 0.05, 0.053
Node_Verr11_Verr9_0, 0.961, 0.008, 0.023, 0.485, 0.941, 0, 0.961, 0.188, 0.78
Node_Verr3_Verr10_0, 0.114, 0, 0.01, 0.033, 0.113, 0, 0.114, 0.057, 0.063
Node_Verr5_Verr6_0, 0.008, 0.001, 0.075, 0.026, 0.008, 0, 0.008, 0.005, 0.013
Node_Verr7_Verr13_0, 0.085, 0, 0.025, 0.025, 0.085, 0, 0.085, 0.075, 0.022
Node_Verr7_Verr2_0, 1.005, 0, 0.02, 0.055, 0.998, 0, 1.005, 0.078, 0.94
Node_Verr7_Verr4_0, 0.088, 0, 0.116, 0.06, 0.087, 0, 0.088, 0.087, 0.008
Node_Verr8_Verr3_0, 0.061, 0, 0.019, 0.024, 0.061, 0, 0.061, 0.056, 0.011
Node_Verr8_Verr5_0, 0.069, 0, 0.037, 0.036, 0.068, 0, 0.069, 0.067, 0.005
Node_WOR1_WOR2_0, 0.023, 0, 0.019, 0.014, 0.023, 0, 0.023, 0.008, 0.018
Node_WOR1_WOR3_0, 0.201, 0, 0.009, 0.057, 0.201, 0, 0.201, 0.045, 0.161
Node_WOR1_WOR6_0, 0.049, 0, 0.016, 0.028, 0.049, 0, 0.049, 0.016, 0.042
Node_WOR2_WOR4_0, 0.006, 0, 0.025, 0.015, 0.006, 0, 0.006, 0.004, 0.008
Node_WOR6_WOR7_0, 0.007, 0, 0.054, 0.035, 0.007, 0, 0.007, 0.005, 0.012
Node_Wall1_Fuso2_0, 0.225, 0, 1.182, 0.618, 0.213, 0, 0.225, 0.222, 0.004
Node_Wall1_Muir1_0, 0.108, 0, 0.061, 0.056, 0.104, 0, 0.108, 0.03, 0.083
Node_Wall1_Rifl1_0, 0.086, 0.001, 0.159, 0.152, 0.084, 0, 0.086, 0.068, 0.019
Node_Wall1_Syne1_0, 1.403, 0.015, 0.176, 0.429, 0.949, 0, 1.403, 1.376, 0.003
Node_Zixi2_Zixi1_0, 0.177, 0.002, 0.021, 0.062, 0.173, 0, 0.177, 0.031, 0.152
Node_Zixi4_Zixi2_0, 0.044, 0.002, 0.023, 0.033, 0.043, 0, 0.044, 0.019, 0.029
Node_Zixi4_Zixi3_0, 0.015, 0, 0.052, 0.035, 0.015, 0, 0.015, 0.004, 0.023
Node_Zixi5_Late2_0, 0.039, 0, 0.047, 0.034, 0.038, 0, 0.039, 0.03, 0.012
Node_Zixi5_TA06A1_0, 0.216, 0, 0.009, 0.064, 0.205, 0, 0.216, 0.061, 0.157
Node_Zixi5_UBP14X1_0, 0.068, 0, 0.017, 0.031, 0.066, 0, 0.068, 0.025, 0.046
Node_Zixi5_Zixi4_0, 0.036, 0, 0.189, 0.066, 0.036, 0, 0.036, 0.029, 0.009
Node_chloroArabidopsis_chloroBryophyte_0, 0.005, 0, 0.017, 0.018, 0.005, 0, 0.005, 0, 0.015
Node_chloroArabidopsis_chloroChlorophyta_0, 0.007, 0, 0.011, 0.015, 0.007, 0, 0.007, 0.004, 0.013
Node_chloroArabidopsis_chloroLycophyte_0, 0.007, 0, 0.023, 0.025, 0.007, 0, 0.007, 0, 0.025
Node_chloroArabidopsis_chloroRedAlgae_0, 0.005, 0, 0.012, 0.017, 0.005, 0, 0.005, 0.002, 0.011
Node_mitoAnnelida_mitoChelicerate_0, 0.009, 0.001, 0.014, 0.02, 0.009, 0, 0.009, 0.001, 0.019
Node_mitoAnnelida_mitoMollusc_0, 0.004, 0, 0.013, 0.01, 0.004, 0, 0.004, 0.002, 0.012
Node_mitoAnnelida_mitoPriapulid_0, 0.005, 0, 0.02, 0.021, 0.005, 0, 0.005, 0, 0.016
Node_mitoArabidopsis_mitoLycophyte_0, 0.006, 0, 0.017, 0.02, 0.006, 0, 0.006, 0, 0.016
Node_mitoBryophyte_mitoArabidopsis_0, 0.007, 0, 0.021, 0.018, 0.007, 0, 0.007, 0, 0.021
Node_mitoBryophyte_mitoChlorophyta_0, 0.007, 0, 0.017, 0.02, 0.007, 0, 0.007, 0.002, 0.021
Node_mitoBryophyte_mitoExcavata_0, 0.003, 0, 0.016, 0.012, 0.003, 0, 0.003, 0.002, 0.008
Node_mitoBryophyte_mitoParamecium_0, 0.002, 0, 0.008, 0.009, 0.002, 0, 0.002, 0, 0.007
Node_mitoBryophyte_mitoRedAlgae_0, 0.003, 0, 0.005, 0.008, 0.003, 0, 0.003, 0.001, 0.006
Node_mitoChelicerate_mitoInsect_0, 0.007, 0, 0.016, 0.016, 0.007, 0, 0.007, 0.001, 0.014
Node_mitoFungi_mitoAnnelida_0, 0.003, 0, 0.011, 0.009, 0.003, 0, 0.003, 0.003, 0.003
Node_mitoFungi_mitoBryophyte_0, 0.011, 0, 0.046, 0.026, 0.011, 0, 0.011, 0.011, 0.005
OLB1X1, 1, 0.002, 0.148, 0.495, 1, 0, 1, 0.186, 0.828
Omni2, 0, 0, 0.249, 0.061, 0, 0, 0, 0, 0.017
Omni3, 0, 0, 0.074, 0.062, 0, 0, 0, 0, 0.022
Omni4, 1, 0.002, 0.022, 0.19, 1, 0, 1, 0.224, 0.788
Omni6, 1, 0.008, 0.132, 1.5, 1, 0, 1, 0.66, 0.356
Omni7, 1, 0, 0.07, 0.033, 1, 0, 1, 0.003, 1.013
Omni8, 1, 0.002, 0.123, 0.292, 1, 0, 1, 0.661, 0.353
P4572X1, 0, 0, 0.037, 0.033, 0, 0, 0, 0, 0.016
Pate1, 0, 0, 0.049, 0.049, 0, 0, 0, 0, 0.029
Pate10, 0, 0, 0.265, 0.084, 0, 0, 0, 0, 0.021
Pate11, 1, 0, 0.026, 0.21, 1, 0, 1, 0.216, 0.806
Pate12, 0, 0, 0.048, 0.054, 0, 0, 0, 0, 0.032
Pate13, 0, 0, 0.039, 0.038, 0, 0, 0, 0, 0.022
Pate14, 0, 0, 0.029, 0.029, 0, 0, 0, 0, 0.02
Pate15, 0, 0, 0.024, 0.029, 0, 0, 0, 0, 0.017
Pate17, 0, 0, 0.029, 0.031, 0, 0, 0, 0, 0.026
Pate18, 0, 0, 0.038, 0.035, 0, 0, 0, 0, 0.022
Pate19, 0, 0, 0.03, 0.029, 0, 0, 0, 0, 0.021
Pate21, 0, 0, 0.033, 0.03, 0, 0, 0, 0, 0.022
Pate22, 0, 0, 0.038, 0.035, 0, 0, 0, 0, 0.024
Pate23, 0, 0.001, 0.216, 0.128, 0, 0, 0, 0, 0.026
Pate24, 1, 0, 0.036, 0.166, 1, 0, 1, 0.217, 0.808
Pate25, 0, 0, 0.029, 0.033, 0, 0, 0, 0, 0.025
Pate26, 0, 0, 0.036, 0.039, 0, 0, 0, 0, 0.02
Pate27, 0, 0, 0.034, 0.032, 0, 0, 0, 0, 0.023
Pate28, 0, 0, 0.023, 0.025, 0, 0, 0, 0, 0.019
Pate29, 0, 0, 0.02, 0.021, 0, 0, 0, 0, 0.013
Pate3, 0, 0, 0.033, 0.032, 0, 0, 0, 0, 0.02
Pate30, 0, 0, 0.118, 0.053, 0, 0, 0, 0, 0.026
Pate31, 0, 0, 0.026, 0.025, 0, 0, 0, 0, 0.015
Pate32, 0, 0, 0.04, 0.037, 0, 0, 0, 0, 0.026
Pate33, 1, 0.001, 0.026, 0.56, 1, 0, 1, 0.142, 0.88
Pate34, 0, 0, 0.035, 0.035, 0, 0, 0, 0, 0.018
Pate35, 0, 0, 0.032, 0.036, 0, 0, 0, 0, 0.023
Pate36, 0, 0, 0.025, 0.031, 0, 0, 0, 0, 0.021
Pate37, 0, 0, 0.04, 0.046, 0, 0, 0, 0, 0.031
Pate38, 0, 0, 0.03, 0.025, 0, 0, 0, 0, 0.014
Pate39, 0, 0, 0.243, 0.055, 0, 0, 0, 0, 0.015
Pate4, 0, 0, 0.028, 0.028, 0, 0, 0, 0, 0.019
Pate40, 0, 0, 0.028, 0.027, 0, 0, 0, 0, 0.023
Pate41, 0, 0.001, 0.031, 0.035, 0, 0, 0, 0, 0.021
Pate43, 0, 0, 0.032, 0.026, 0, 0, 0, 0, 0.02
Pate44, 1, 0.003, 0.035, 0.26, 1, 0, 1, 0.238, 0.788
Pate45, 0, 0, 0.25, 0.081, 0, 0, 0, 0, 0.03
Pate46, 0, 0, 0.054, 0.041, 0, 0, 0, 0, 0.017
Pate48, 0, 0, 0.072, 0.037, 0, 0, 0, 0, 0.017
Pate49, 0, 0, 0.034, 0.042, 0, 0, 0, 0, 0.025
Pate5, 0, 0, 0.031, 0.023, 0, 0, 0, 0, 0.016
Pate50, 0, 0, 0.036, 0.036, 0, 0, 0, 0, 0.016
Pate51, 0, 0, 0.034, 0.035, 0, 0, 0, 0, 0.023
Pate52, 0, 0, 0.087, 0.05, 0, 0, 0, 0, 0.016
Pate53, 0, 0, 0.036, 0.029, 0, 0, 0, 0, 0.013
Pate54, 0, 0, 0.026, 0.024, 0, 0, 0, 0, 0.015
Pate55, 0, 0, 0.023, 0.027, 0, 0, 0, 0, 0.018
Pate56, 1, 0.002, 0.027, 0.312, 1, 0, 1, 0.207, 0.81
Pate57, 0, 0, 0.027, 0.03, 0, 0, 0, 0, 0.015
Pate6, 0, 0, 0.037, 0.038, 0, 0, 0, 0, 0.018
Pate7, 0, 0, 0.044, 0.037, 0, 0, 0, 0, 0.017
Pate8, 0, 0, 0.023, 0.024, 0, 0, 0, 0, 0.02
Pate9, 0, 0, 0.018, 0.018, 0, 0, 0, 0, 0.014
Plan12, 0, 0, 1.026, 0.031, 0, 0, 0, 0, 0.013
Plan14, 0, 0, 0.758, 0.252, 0, 0, 0, 0, 0.015
Plan16, 0, 0, 0.211, 0.067, 0, 0, 0, 0, 0.01
Plan17, 1, 0, 0.027, 0.022, 1, 0, 1, 1, 0.012
Plan18, 0, 0, 0.056, 0.03, 0, 0, 0, 0, 0.018
Plan2, 2, 0.002, 0.031, 0.723, 1, 0, 2, 0.521, 1.495
Plan21, 0, 0, 0.038, 0.034, 0, 0, 0, 0, 0.017
Plan22, 0, 0, 0.546, 0.14, 0, 0, 0, 0, 0.012
Plan23, 1, 0, 0.028, 0.023, 1, 0, 1, 1, 0.013
Plan26, 0, 0, 0.108, 0.026, 0, 0, 0, 0, 0.018
Plan27, 1, 0.001, 0.166, 0.438, 1, 0, 1, 0.085, 0.933
Plan3, 1, 0, 0.071, 0.071, 1, 0, 1, 0.993, 0.029
Plan30, 2, 0.009, 0.039, 0.769, 1, 0, 2, 0.723, 1.287
Plan31, 1, 0.004, 0.142, 0.634, 1, 0, 1, 0.643, 0.375
Plan32, 1, 0, 0.031, 0.031, 1, 0, 1, 0.994, 0.018
Plan33, 1, 0.009, 0.07, 0.97, 1, 0, 1, 0.913, 0.095
Plan39, 0, 0, 0.074, 0.034, 0, 0, 0, 0, 0.014
Plan4, 0, 0, 0.101, 0.045, 0, 0, 0, 0, 0.006
Plan40, 1, 0.007, 0.459, 0.899, 1, 0, 1, 0.869, 0.138
Plan42, 1, 0, 0.561, 0.21, 1, 0, 1, 0.761, 0.247
Plan43, 1, 0.002, 0.348, 0.174, 1, 0, 1, 0.655, 0.35
Plan44, 1, 0.004, 0.066, 1.428, 1, 0, 1, 0.91, 0.096
Plan5, 1, 0, 0.024, 0.058, 1, 0, 1, 0.082, 0.934
Plan7, 0, 0.001, 0.139, 0.067, 0, 0, 0, 0, 0.02
Pori1, 1, 0, 0.036, 0.032, 1, 0, 1, 0.998, 0.026
Pori2, 1, 0, 0.031, 0.032, 1, 0, 1, 0.999, 0.021
ProtA10, 0, 0, 0.02, 0.021, 0, 0, 0, 0, 0.016
ProtA11, 1, 0.006, 0.036, 1.184, 1, 0, 1, 0.99, 0.018
ProtA12, 0, 0, 0.013, 0.013, 0, 0, 0, 0, 0.011
ProtA13, 0, 0, 0.023, 0.025, 0, 0, 0, 0, 0.019
ProtA14, 0, 0, 0.039, 0.037, 0, 0, 0, 0, 0.027
ProtA15, 0, 0, 0.049, 0.034, 0, 0, 0, 0, 0.014
ProtA16, 0, 0, 0.015, 0.019, 0, 0, 0, 0, 0.014
ProtA18, 0, 0, 0.023, 0.025, 0, 0, 0, 0, 0.019
ProtA19, 0, 0, 0.024, 0.023, 0, 0, 0, 0, 0.016
ProtA2, 1, 0.002, 0.026, 0.428, 1, 0, 1, 0.211, 0.801
ProtA20, 1, 0.001, 0.041, 0.266, 1, 0, 1, 0.746, 0.273
ProtA21, 0, 0, 0.019, 0.018, 0, 0, 0, 0, 0.014
ProtA24, 0, 0, 0.015, 0.014, 0, 0, 0, 0, 0.01
ProtA26, 0, 0, 0.405, 0.108, 0, 0, 0, 0, 0.017
ProtA27, 0, 0, 0.02, 0.019, 0, 0, 0, 0, 0.015
ProtA29, 0, 0, 0.032, 0.033, 0, 0, 0, 0, 0.013
ProtA3, 0, 0, 0.019, 0.021, 0, 0, 0, 0, 0.015
ProtA30, 0, 0, 0.024, 0.023, 0, 0, 0, 0, 0.015
ProtA31, 0, 0, 0.022, 0.018, 0, 0, 0, 0, 0.015
ProtA32, 1, 0.008, 0.04, 1.009, 1, 0, 1, 0.985, 0.02
ProtA33, 0, 0, 0.022, 0.026, 0, 0, 0, 0, 0.014
ProtA34, 0, 0, 0.034, 0.037, 0, 0, 0, 0, 0.025
ProtA35, 0, 0, 0.025, 0.027, 0, 0, 0, 0, 0.016
ProtA36, 0, 0, 0.024, 0.022, 0, 0, 0, 0, 0.021
ProtA37, 1, 0, 0.014, 0.26, 1, 0, 1, 0.385, 0.626
ProtA38, 2, 0.001, 0.02, 0.303, 1, 0, 2, 0.595, 1.416
ProtA39, 0, 0, 0.025, 0.026, 0, 0, 0, 0, 0.022
ProtA40, 0, 0, 0.013, 0.011, 0, 0, 0, 0, 0.01
ProtA41, 0, 0, 0.616, 0.061, 0, 0, 0, 0, 0.013
ProtA42, 0, 0, 0.051, 0.039, 0, 0, 0, 0, 0.016
ProtA43, 0, 0, 0.027, 0.025, 0, 0, 0, 0, 0.018
ProtA44, 0, 0, 0.019, 0.023, 0, 0, 0, 0, 0.016
ProtA45, 0, 0, 0.308, 0.095, 0, 0, 0, 0, 0.019
ProtA46, 0, 0, 0.014, 0.016, 0, 0, 0, 0, 0.009
ProtA47, 0, 0, 0.022, 0.023, 0, 0, 0, 0, 0.013
ProtA48, 0, 0, 0.017, 0.019, 0, 0, 0, 0, 0.014
ProtA49, 0, 0, 0.024, 0.029, 0, 0, 0, 0, 0.016
ProtA5, 0, 0, 0.779, 0.465, 0, 0, 0, 0, 0.012
ProtA50, 0, 0, 0.02, 0.022, 0, 0, 0, 0, 0.014
ProtA51, 0, 0, 0.016, 0.017, 0, 0, 0, 0, 0.015
ProtA52, 0, 0, 0.035, 0.032, 0, 0, 0, 0, 0.02
ProtA53, 0, 0, 0.026, 0.026, 0, 0, 0, 0, 0.016
ProtA54, 0, 0, 0.017, 0.018, 0, 0, 0, 0, 0.015
ProtA55, 0, 0, 0.02, 0.022, 0, 0, 0, 0, 0.015
ProtA56, 0, 0, 0.027, 0.025, 0, 0, 0, 0, 0.012
ProtA57, 1, 0.003, 0.418, 1.011, 1, 0, 1, 0.99, 0.021
ProtA58, 0, 0, 0.02, 0.02, 0, 0, 0, 0, 0.01
ProtA60, 0, 0, 0.045, 0.035, 0, 0, 0, 0, 0.015
ProtA61, 0, 0, 0.019, 0.019, 0, 0, 0, 0, 0.015
ProtA62, 0, 0, 0.023, 0.022, 0, 0, 0, 0, 0.015
ProtA63, 0, 0, 0.024, 0.024, 0, 0, 0, 0, 0.015
ProtA64, 0, 0, 0.349, 0.039, 0, 0, 0, 0, 0.014
ProtA66, 0, 0, 0.014, 0.014, 0, 0, 0, 0, 0.013
ProtA67, 0, 0, 0.022, 0.026, 0, 0, 0, 0, 0.019
ProtA68, 0, 0, 0.235, 0.097, 0, 0, 0, 0, 0.012
ProtA69, 0, 0, 0.014, 0.014, 0, 0, 0, 0, 0.008
ProtA7, 0, 0, 0.03, 0.027, 0, 0, 0, 0, 0.019
ProtA70, 2, 0.005, 0.029, 1.236, 1, 0, 2, 1.375, 0.63
ProtA71, 0, 0, 0.017, 0.021, 0, 0, 0, 0, 0.011
ProtA72, 0, 0, 0.019, 0.021, 0, 0, 0, 0, 0.015
ProtA74, 0, 0, 0.028, 0.023, 0, 0, 0, 0, 0.013
ProtA75, 0, 0, 0.056, 0.041, 0, 0, 0, 0, 0.019
ProtA76, 0, 0.001, 0.018, 0.02, 0, 0, 0, 0, 0.011
ProtA77, 0, 0, 0.011, 0.016, 0, 0, 0, 0, 0.01
ProtA8, 0, 0, 0.043, 0.044, 0, 0, 0, 0, 0.031
ProtA9, 0, 0, 0.044, 0.04, 0, 0, 0, 0, 0.014
ProtG1, 0, 0, 1.04, 0.079, 0, 0, 0, 0, 0.013
ProtG10, 0, 0, 0.054, 0.031, 0, 0, 0, 0, 0.012
ProtG11, 0, 0, 1.018, 0.372, 0, 0, 0, 0, 0.023
ProtG12, 0, 0, 0.033, 0.034, 0, 0, 0, 0, 0.019
ProtG13, 1, 0.007, 0.724, 1.305, 1, 0, 1, 0.371, 0.635
ProtG14, 0, 0, 0.042, 0.033, 0, 0, 0, 0, 0.014
ProtG15, 0, 0, 0.265, 0.087, 0, 0, 0, 0, 0.019
ProtG16, 1, 0.002, 0.035, 0.342, 1, 0, 1, 0.286, 0.732
ProtG17, 0, 0, 0.323, 0.152, 0, 0, 0, 0, 0.022
ProtG18, 1, 0.003, 0.02, 0.526, 1, 0, 1, 0.305, 0.706
ProtG19, 1, 0, 0.032, 0.044, 1, 0, 1, 0.144, 0.877
ProtG20, 0, 0, 0.032, 0.034, 0, 0, 0, 0, 0.023
ProtG21, 0, 0, 0.326, 0.112, 0, 0, 0, 0, 0.015
ProtG22, 2, 0.976, 0.031, 0.239, 1, 0, 2, 0.031, 0.851
ProtG24, 0, 0, 0.039, 0.029, 0, 0, 0, 0, 0.024
ProtG25, 1, 0, 0.301, 0.074, 1, 0, 1, 0.977, 0.036
ProtG26, 0, 0, 1.012, 0.22, 0, 0, 0, 0, 0.015
ProtG27, 1, 0, 0.04, 0.042, 1, 0, 1, 0.998, 0.02
ProtG28, 0, 0, 0.023, 0.027, 0, 0, 0, 0, 0.015
ProtG29, 0, 0, 0.021, 0.021, 0, 0, 0, 0, 0.015
ProtG3, 0, 0, 0.024, 0.026, 0, 0, 0, 0, 0.019
ProtG30, 0, 0, 0.167, 0.031, 0, 0, 0, 0, 0.012
ProtG31, 1, 0, 0.078, 0.042, 1, 0, 1, 0.169, 0.844
ProtG32, 1, 0.001, 0.028, 0.234, 1, 0, 1, 0.986, 0.03
ProtG33, 1, 0, 0.404, 0.061, 1, 0, 1, 1, 0.015
ProtG34, 1, 0.002, 0.045, 0.215, 1, 0, 1, 0.131, 0.888
ProtG35, 0, 0, 0.031, 0.026, 0, 0, 0, 0, 0.015
ProtG36, 0, 0, 0.02, 0.02, 0, 0, 0, 0, 0.011
ProtG37, 1, 0, 0.034, 0.13, 1, 0, 1, 0.188, 0.824
ProtG38, 0, 0, 0.015, 0.015, 0, 0, 0, 0, 0.009
ProtG39, 1, 0.001, 0.032, 0.168, 1, 0, 1, 0.235, 0.785
ProtG4, 0, 0, 0.022, 0.023, 0, 0, 0, 0, 0.013
ProtG40, 1, 0, 0.811, 0.091, 1, 0, 1, 0.999, 0.016
ProtG41, 2, 0.001, 0.019, 0.024, 1, 0, 2, 1.786, 0.223
ProtG42, 1, 0, 0.063, 0.056, 1, 0, 1, 0.002, 1.02
ProtG43, 0, 0, 0.214, 0.065, 0, 0, 0, 0, 0.01
ProtG44, 0, 0, 0.227, 0.06, 0, 0, 0, 0, 0.023
ProtG45, 1, 0, 0.019, 0.036, 1, 0, 1, 0.002, 1.009
ProtG46, 1, 0, 0.019, 0.021, 1, 0, 1, 0.002, 1.013
ProtG47, 0, 0, 0.025, 0.026, 0, 0, 0, 0, 0.011
ProtG48, 1, 0.008, 0.029, 0.778, 1, 0, 1, 0.955, 0.049
ProtG49, 0, 0, 0.017, 0.018, 0, 0, 0, 0, 0.006
ProtG5, 0, 0, 0.029, 0.025, 0, 0, 0, 0, 0.015
ProtG50, 0, 0, 0.059, 0.03, 0, 0, 0, 0, 0.016
ProtG51, 0, 0, 0.221, 0.071, 0, 0, 0, 0, 0.011
ProtG52, 2, 0.003, 0.035, 0.53, 1, 0, 2, 1.15, 0.865
ProtG53, 1, 0.005, 0.033, 0.744, 1, 0, 1, 0.972, 0.039
ProtG54, 0, 0, 0.059, 0.048, 0, 0, 0, 0, 0.017
ProtG55, 1, 0, 0.066, 0.309, 1, 0, 1, 0.149, 0.862
ProtG56, 0, 0, 0.018, 0.017, 0, 0, 0, 0, 0.011
ProtG57, 0, 0, 0.014, 0.013, 0, 0, 0, 0, 0.011
ProtG58, 0, 0, 0.015, 0.019, 0, 0, 0, 0, 0.01
ProtG59, 0, 0, 0.022, 0.021, 0, 0, 0, 0, 0.014
ProtG6, 0, 0.001, 0.995, 0.605, 0, 0, 0, 0, 0.022
ProtG60, 1, 0, 0.019, 0.018, 1, 0, 1, 0.999, 0.009
ProtG61, 1, 0, 0.029, 0.031, 1, 0, 1, 0.999, 0.019
ProtG62, 0, 0, 0.02, 0.023, 0, 0, 0, 0, 0.01
ProtG63, 1, 0, 0.032, 0.046, 1, 0, 1, 0.045, 0.976
ProtG64, 0, 0, 0.037, 0.026, 0, 0, 0, 0, 0.013
ProtG65, 0, 0, 0.249, 0.144, 0, 0, 0, 0, 0.024
ProtG66, 1, 0.003, 0.538, 0.294, 1, 0, 1, 0.028, 0.98
ProtG67, 0, 0, 0.07, 0.029, 0, 0, 0, 0, 0.014
ProtG68, 1, 0.004, 0.05, 0.303, 1, 0, 1, 0.525, 0.491
ProtG69, 1, 0, 0.023, 0.333, 1, 0, 1, 0.22, 0.798
ProtG7, 3, 0.003, 0.037, 0.305, 1, 0, 3, 1.378, 1.645
ProtG70, 0, 0, 1.004, 0.354, 0, 0, 0, 0, 0.015
ProtG71, 0, 0, 0.024, 0.026, 0, 0, 0, 0, 0.017
ProtG72, 0, 0, 0.057, 0.019, 0, 0, 0, 0, 0.013
ProtG73, 0, 0, 0.022, 0.021, 0, 0, 0, 0, 0.014
ProtG74, 1, 0, 0.025, 0.415, 1, 0, 1, 0.036, 0.982
ProtG75, 0, 0, 0.025, 0.021, 0, 0, 0, 0, 0.015
ProtG76, 0, 0, 0.025, 0.023, 0, 0, 0, 0, 0.019
ProtG77, 0, 0, 0.022, 0.023, 0, 0, 0, 0, 0.012
ProtG78, 0, 0, 0.194, 0.028, 0, 0, 0, 0, 0.015
ProtG79, 1, 0, 0.026, 0.032, 1, 0, 1, 0.003, 1.016
ProtG8, 2, 1.002, 0.054, 1.016, 1, 0, 2, 0.002, 0.017
ProtG80, 0, 0, 0.01, 0.01, 0, 0, 0, 0, 0.007
ProtG81, 0, 0, 0.024, 0.018, 0, 0, 0, 0, 0.014
ProtG82, 0, 0, 0.024, 0.028, 0, 0, 0, 0, 0.018
ProtG83, 1, 0.002, 0.183, 0.491, 1, 0, 1, 0.997, 0.014
ProtG84, 1, 0.004, 0.024, 0.607, 1, 0, 1, 0.981, 0.025
ProtG85, 0, 0, 0.025, 0.03, 0, 0, 0, 0, 0.017
ProtG86, 0, 0, 0.016, 0.012, 0, 0, 0, 0, 0.01
ProtG87, 0, 0, 0.013, 0.013, 0, 0, 0, 0, 0.008
ProtG88, 0, 0, 0.028, 0.028, 0, 0, 0, 0, 0.02
ProtG89, 1, 0.003, 0.102, 0.498, 1, 0, 1, 0.989, 0.017
ProtG9, 1, 0.001, 1.005, 0.253, 1, 0, 1, 0.274, 0.739
ProtG90, 0, 0, 0.061, 0.049, 0, 0, 0, 0, 0.019
ProtG91, 0, 0, 0.015, 0.013, 0, 0, 0, 0, 0.007
ProtM1, 1, 0, 0.019, 0.019, 1, 0, 1, 1, 0.013
ProtM2, 1, 0, 0.02, 0.019, 1, 0, 1, 1, 0.014
ProtM3, 0, 0, 0.251, 0.077, 0, 0, 0, 0, 0.019
ProtZ1, 1, 0, 0.054, 0.024, 1, 0, 1, 0.977, 0.04
ProtZ2, 1, 0.001, 0.063, 0.044, 1, 0, 1, 0.054, 0.958
ProtZ3, 1, 0, 0.203, 0.02, 1, 0, 1, 0.156, 0.86
ProtZ4, 1, 0.005, 0.053, 0.967, 1, 0, 1, 0.976, 0.034
ProtZ5, 0, 0, 0.036, 0.023, 0, 0, 0, 0, 0.011
RBG1, 0, 0.001, 0.399, 0.224, 0, 0, 0, 0, 0.024
Rifl1, 0, 0, 0.103, 0.075, 0, 0, 0, 0, 0.017
SAR3X1, 0, 0.001, 0.618, 0.31, 0, 0, 0, 0, 0.013
SAR3X2, 1, 0.003, 0.041, 0.798, 1, 0, 1, 0.588, 0.434
SLNR1, 0, 0, 0.02, 0.018, 0, 0, 0, 0, 0.015
SM23X1, 0, 0, 0.017, 0.021, 0, 0, 0, 0, 0.013
SZUA1, 1, 0.001, 0.096, 0.468, 1, 0, 1, 0.261, 0.762
SZUA2, 1, 0.001, 0.041, 0.234, 1, 0, 1, 0.139, 0.883
Sche1, 1, 0, 0.152, 0.43, 1, 0, 1, 0.13, 0.882
Spir10, 0, 0, 0.023, 0.025, 0, 0, 0, 0, 0.018
Spir11, 0, 0, 0.186, 0.103, 0, 0, 0, 0, 0.023
Spir12, 0, 0, 0.06, 0.042, 0, 0, 0, 0, 0.019
Spir13, 0, 0, 0.017, 0.019, 0, 0, 0, 0, 0.012
Spir15, 0, 0, 0.078, 0.05, 0, 0, 0, 0, 0.012
Spir2, 0, 0, 0.018, 0.017, 0, 0, 0, 0, 0.013
Spir3, 0, 0, 0.018, 0.017, 0, 0, 0, 0, 0.013
Spir4, 1, 0.002, 0.067, 0.591, 1, 0, 1, 0.515, 0.504
Spir8, 0, 0, 0.027, 0.024, 0, 0, 0, 0, 0.014
Spir9, 0, 0, 0.079, 0.065, 0, 0, 0, 0, 0.013
Sume1, 1, 0, 0.046, 0.094, 1, 0, 1, 0.099, 0.921
Syne1, 0, 0, 0.02, 0.022, 0, 0, 0, 0, 0.013
Syne10, 0, 0, 0.019, 0.022, 0, 0, 0, 0, 0.016
Syne2, 0, 0, 0.018, 0.018, 0, 0, 0, 0, 0.012
Syne3, 0, 0, 0.021, 0.022, 0, 0, 0, 0, 0.013
Syne4, 0, 0, 0.014, 0.014, 0, 0, 0, 0, 0.011
Syne5, 0, 0, 0.015, 0.018, 0, 0, 0, 0, 0.012
Syne6, 0, 0, 0.027, 0.026, 0, 0, 0, 0, 0.021
Syne7, 0, 0, 0.02, 0.019, 0, 0, 0, 0, 0.017
Syne8, 0, 0, 0.023, 0.026, 0, 0, 0, 0, 0.015
Syne9, 0, 0, 0.036, 0.035, 0, 0, 0, 0, 0.014
TA06A1, 2, 0.004, 0.021, 0.696, 1, 0, 2, 0.21, 1.801
TA06X1, 1, 0.001, 0.028, 0.167, 1, 0, 1, 0.017, 1.003
Therd1, 1, 0.002, 0.09, 0.288, 1, 0, 1, 0.64, 0.371
Therg2, 1, 0.003, 0.022, 0.396, 1, 0, 1, 0.242, 0.765
Therg3, 0, 0, 0.02, 0.023, 0, 0, 0, 0, 0.015
Therg4, 0, 0, 0.264, 0.083, 0, 0, 0, 0, 0.01
Therg5, 0, 0, 0.018, 0.019, 0, 0, 0, 0, 0.013
Therg6, 0, 0, 0.016, 0.014, 0, 0, 0, 0, 0.012
Therg8, 0, 0, 0.019, 0.02, 0, 0, 0, 0, 0.015
Thers1, 2, 0.004, 0.038, 0.866, 1, 0, 2, 0.846, 1.168
UBA1X1, 1, 0, 0.136, 0.037, 1, 0, 1, 0.955, 0.061
UBA1X2, 0, 0, 0.056, 0.038, 0, 0, 0, 0, 0.017
UBA1X3, 1, 0, 0.073, 0.111, 1, 0, 1, 0.181, 0.837
UBA1X4, 1, 0, 0.027, 0.033, 1, 0, 1, 0.142, 0.879
UBA1X5, 0, 0, 0.161, 0.017, 0, 0, 0, 0, 0.013
UBA1X6, 1, 0.007, 0.17, 1.638, 1, 0, 1, 0.916, 0.088
UBA2X1, 0, 0, 0.174, 0.042, 0, 0, 0, 0, 0.017
UBA6X1, 0, 0, 0.025, 0.017, 0, 0, 0, 0, 0.011
UBA9X1, 0, 0, 0.051, 0.053, 0, 0, 0, 0, 0.028
UBA9X2, 0, 0, 0.021, 0.025, 0, 0, 0, 0, 0.014
UBA9X3, 0, 0.001, 0.032, 0.031, 0, 0, 0, 0, 0.024
UBP13X1, 0, 0.001, 0.491, 0.168, 0, 0, 0, 0, 0.018
UBP14X1, 0, 0, 0.088, 0.049, 0, 0, 0, 0, 0.02
UBP4X1, 0, 0, 0.138, 0.055, 0, 0, 0, 0, 0.013
UBP6X1, 0, 0, 1.059, 0.228, 0, 0, 0, 0, 0.019
Verr10, 1, 0, 0.021, 0.054, 1, 0, 1, 0.109, 0.907
Verr11, 0, 0, 0.105, 0.067, 0, 0, 0, 0, 0.019
Verr12, 0, 0, 0.105, 0.062, 0, 0, 0, 0, 0.019
Verr13, 0, 0, 0.101, 0.025, 0, 0, 0, 0, 0.016
Verr14, 1, 0, 0.018, 0.306, 1, 0, 1, 0.909, 0.102
Verr2, 1, 0, 0.025, 0.075, 1, 0, 1, 0.998, 0.02
Verr3, 0, 0, 0.129, 0.031, 0, 0, 0, 0, 0.015
Verr4, 0, 0, 0.099, 0.023, 0, 0, 0, 0, 0.011
Verr5, 0, 0, 0.015, 0.012, 0, 0, 0, 0, 0.007
Verr6, 0, 0, 0.02, 0.016, 0, 0, 0, 0, 0.012
Verr7, 1, 0, 0.023, 0.027, 1, 0, 1, 0.997, 0.018
Verr8, 0, 0.001, 0.075, 0.037, 0, 0, 0, 0, 0.013
Verr9, 1, 0.002, 0.046, 0.902, 1, 0, 1, 0.93, 0.083
WOR1, 0, 0, 0.222, 0.099, 0, 0, 0, 0, 0.021
WOR2, 0, 0, 0.025, 0.03, 0, 0, 0, 0, 0.019
WOR3, 1, 0.002, 0.015, 0.254, 1, 0, 1, 0.199, 0.812
WOR4, 0, 0, 0.022, 0.026, 0, 0, 0, 0, 0.016
WOR6, 0, 0, 0.015, 0.013, 0, 0, 0, 0, 0.008
WOR7, 0, 0, 0.02, 0.021, 0, 0, 0, 0, 0.013
Wall1, 0, 0, 0.127, 0.051, 0, 0, 0, 0, 0.019
Zixi1, 0, 0, 0.194, 0.073, 0, 0, 0, 0, 0.017
Zixi2, 1, 0.004, 0.028, 0.503, 1, 0, 1, 0.167, 0.847
Zixi3, 0, 0, 0.03, 0.028, 0, 0, 0, 0, 0.015
Zixi4, 0, 0, 0.031, 0.025, 0, 0, 0, 0, 0.016
Zixi5, 0, 0, 0.05, 0.041, 0, 0, 0, 0, 0.014
chloroArabidopsis, 0, 0, 0.018, 0.018, 0, 0, 0, 0, 0.011
chloroBryophyte, 0, 0, 0.017, 0.017, 0, 0, 0, 0, 0.012
chloroChlorophyta, 0, 0, 0.021, 0.021, 0, 0, 0, 0, 0.014
chloroLycophyte, 0, 0, 0.018, 0.015, 0, 0, 0, 0, 0.011
chloroRedAlgae, 0, 0, 0.029, 0.029, 0, 0, 0, 0, 0.024
mitoAnnelida, 0, 0, 0.017, 0.02, 0, 0, 0, 0, 0.013
mitoArabidopsis, 0, 0, 0.014, 0.012, 0, 0, 0, 0, 0.008
mitoBryophyte, 0, 0, 0.02, 0.02, 0, 0, 0, 0, 0.013
mitoChelicerate, 0, 0, 0.02, 0.027, 0, 0, 0, 0, 0.013
mitoChlorophyta, 0, 0, 0.02, 0.023, 0, 0, 0, 0, 0.013
mitoExcavata, 0, 0, 0.012, 0.012, 0, 0, 0, 0, 0.009
mitoFungi, 0, 0, 0.022, 0.028, 0, 0, 0, 0, 0.019
mitoInsect, 0, 0, 0.021, 0.018, 0, 0, 0, 0, 0.014
mitoLycophyte, 0, 0, 0.017, 0.022, 0, 0, 0, 0, 0.011
mitoMollusc, 0, 0, 0.017, 0.02, 0, 0, 0, 0, 0.013
mitoParamecium, 0, 0, 0.017, 0.02, 0, 0, 0, 0, 0.015
mitoPriapulid, 0, 0, 0.012, 0.013, 0, 0, 0, 0, 0.007
mitoRedAlgae, 0, 0, 0.024, 0.023, 0, 0, 0, 0, 0.021
