species_label, speciations, duplications, losses, transfers, presence, origination, copies, singletons, transfers_to
AABM5X1, 0, 0, 0.02, 0.018, 0, 0, 0, 0, 0.013
AABM5X2, 0, 0, 0.017, 0.016, 0, 0, 0, 0, 0.01
AABM5X3, 0, 0, 0.017, 0.019, 0, 0, 0, 0, 0.014
Abys1, 0, 0, 0.029, 0.022, 0, 0, 0, 0, 0.015
Acid1, 0, 0, 0.026, 0.03, 0, 0, 0, 0, 0.014
Acid10, 0, 0, 0.152, 0.025, 0, 0, 0, 0, 0.018
Acid11, 1, 0.006, 0.024, 0.373, 1, 0, 1, 0.212, 0.801
Acid12, 1, 0, 0.022, 0.02, 1, 0, 1, 0.154, 0.858
Acid13, 0, 0, 0.179, 0.025, 0, 0, 0, 0, 0.015
Acid14, 1, 0.002, 0.295, 0.225, 1, 0, 1, 0.667, 0.344
Acid16, 0, 0, 0.149, 0.054, 0, 0, 0, 0, 0.019
Acid17, 0, 0, 0.025, 0.03, 0, 0, 0, 0, 0.013
Acid18, 0, 0.001, 0.035, 0.03, 0, 0, 0, 0, 0.016
Acid2, 0, 0, 0.04, 0.046, 0, 0, 0, 0, 0.022
Acid20, 1, 0, 0.023, 0.021, 1, 0, 1, 0.999, 0.011
Acid21, 0, 0, 0.017, 0.012, 0, 0, 0, 0, 0.01
Acid22, 0, 0, 0.029, 0.021, 0, 0, 0, 0, 0.016
Acid23, 0, 0, 0.051, 0.025, 0, 0, 0, 0, 0.011
Acid24, 0, 0, 0.023, 0.027, 0, 0, 0, 0, 0.016
Acid25, 0, 0, 0.056, 0.031, 0, 0, 0, 0, 0.014
Acid26, 1, 0, 0.011, 0.052, 1, 0, 1, 0.168, 0.838
Acid27, 0, 0, 0.019, 0.018, 0, 0, 0, 0, 0.014
Acid28, 1, 0.001, 0.662, 0.499, 1, 0, 1, 0.26, 0.751
Acid29, 0, 0, 0.018, 0.019, 0, 0, 0, 0, 0.013
Acid3, 1, 0, 0.695, 0.291, 1, 0, 1, 0.267, 0.746
Acid30, 0, 0, 0.023, 0.021, 0, 0, 0, 0, 0.016
Acid31, 0, 0, 0.231, 0.061, 0, 0, 0, 0, 0.014
Acid32, 0, 0, 0.191, 0.045, 0, 0, 0, 0, 0.018
Acid33, 0, 0, 0.017, 0.017, 0, 0, 0, 0, 0.014
Acid34, 0, 0, 0.017, 0.02, 0, 0, 0, 0, 0.01
Acid35, 0, 0, 0.243, 0.076, 0, 0, 0, 0, 0.016
Acid36, 1, 0, 0.014, 0.012, 1, 0, 1, 1, 0.011
Acid37, 0, 0, 0.021, 0.02, 0, 0, 0, 0, 0.014
Acid38, 1, 0, 0.016, 0.015, 1, 0, 1, 1, 0.013
Acid39, 1, 0, 0.058, 0.113, 1, 0, 1, 0.186, 0.831
Acid4, 1, 0, 0.175, 0.039, 1, 0, 1, 0.008, 1.005
Acid40, 1, 0.001, 0.027, 0.024, 1, 0, 1, 1, 0.014
Acid5, 0, 0, 0.041, 0.025, 0, 0, 0, 0, 0.02
Acid6, 1, 0.001, 0.287, 0.281, 1, 0, 1, 0.637, 0.376
Acid7, 0, 0, 0.301, 0.047, 0, 0, 0, 0, 0.012
Acid8, 0, 0, 0.258, 0.109, 0, 0, 0, 0, 0.014
Acid9, 1, 0.004, 0.037, 0.217, 1, 0, 1, 0.276, 0.748
Acti10, 1, 0.004, 0.311, 0.559, 1, 0, 1, 0.93, 0.082
Acti11, 1, 0.007, 0.064, 0.696, 1, 0, 1, 0.177, 0.841
Acti12, 1, 0, 0.052, 0.047, 1, 0, 1, 0.999, 0.015
Acti13, 0, 0, 0.033, 0.021, 0, 0, 0, 0, 0.015
Acti14, 0, 0, 1.023, 0.035, 0, 0, 0, 0, 0.02
Acti15, 1, 0, 0.069, 0.051, 1, 0, 1, 0.859, 0.151
Acti16, 0, 0, 0.025, 0.021, 0, 0, 0, 0, 0.013
Acti18, 0, 0, 0.028, 0.03, 0, 0, 0, 0, 0.016
Acti19, 0, 0, 0.166, 0.021, 0, 0, 0, 0, 0.015
Acti2, 0, 0, 0.033, 0.036, 0, 0, 0, 0, 0.025
Acti20, 0, 0, 0.021, 0.021, 0, 0, 0, 0, 0.017
Acti21, 1, 0.001, 0.05, 0.035, 1, 0, 1, 0.999, 0.012
Acti22, 0, 0, 0.23, 0.096, 0, 0, 0, 0, 0.014
Acti23, 1, 0, 0.014, 0.022, 1, 0, 1, 0.149, 0.863
Acti24, 0, 0, 0.02, 0.021, 0, 0, 0, 0, 0.014
Acti25, 1, 0.005, 0.042, 0.683, 1, 0, 1, 0.913, 0.095
Acti26, 0, 0, 0.352, 0.084, 0, 0, 0, 0, 0.016
Acti27, 0, 0, 0.019, 0.022, 0, 0, 0, 0, 0.016
Acti28, 3, 1.247, 1.203, 0.756, 1, 0, 3, 0.46, 0.741
Acti29, 0, 0, 0.021, 0.021, 0, 0, 0, 0, 0.017
Acti3, 1, 0.01, 0.97, 0.768, 1, 0, 1, 0.279, 0.735
Acti30, 0, 0, 0.012, 0.011, 0, 0, 0, 0, 0.01
Acti31, 0, 0, 0.952, 0.333, 0, 0, 0, 0, 0.008
Acti32, 1, 0, 0.017, 0.014, 1, 0, 1, 1, 0.007
Acti33, 1, 0.004, 1.016, 0.333, 1, 0, 1, 0.267, 0.744
Acti34, 1, 0, 0.03, 0.027, 1, 0, 1, 1, 0.011
Acti35, 1, 0, 0.291, 0.107, 1, 0, 1, 0.988, 0.023
Acti36, 1, 0, 0.261, 0.102, 1, 0, 1, 0.02, 0.994
Acti37, 1, 0, 0.775, 0.129, 1, 0, 1, 0.966, 0.051
Acti38, 1, 0.004, 0.025, 0.314, 1, 0, 1, 0.996, 0.008
Acti39, 0, 0, 0.061, 0.041, 0, 0, 0, 0, 0.018
Acti4, 0, 0, 0.07, 0.051, 0, 0, 0, 0, 0.021
Acti40, 0, 0, 0.143, 0.046, 0, 0, 0, 0, 0.015
Acti41, 1, 0, 1.007, 0.182, 1, 0, 1, 0.717, 0.298
Acti42, 0, 0, 0.021, 0.022, 0, 0, 0, 0, 0.014
Acti43, 2, 0.01, 0.069, 0.732, 1, 0, 2, 0.213, 1.792
Acti44, 0, 0, 0.667, 0.036, 0, 0, 0, 0, 0.011
Acti45, 1, 0.003, 1.042, 0.776, 1, 0, 1, 0.15, 0.861
Acti46, 1, 0, 0.741, 0.098, 1, 0, 1, 0.982, 0.032
Acti47, 1, 0.006, 0.202, 0.375, 1, 0, 1, 0.985, 0.018
Acti48, 1, 0.001, 0.176, 0.085, 1, 0, 1, 0.86, 0.153
Acti49, 1, 0, 0.02, 0.022, 1, 0, 1, 1, 0.01
Acti5, 0, 0, 0.018, 0.02, 0, 0, 0, 0, 0.014
Acti50, 2, 0.003, 1.046, 0.632, 1, 0, 2, 1.186, 0.828
Acti51, 0, 0, 0.015, 0.02, 0, 0, 0, 0, 0.012
Acti52, 1, 0, 0.031, 0.066, 1, 0, 1, 0.638, 0.375
Acti6, 1, 0, 0.015, 0.019, 1, 0, 1, 0.998, 0.012
Acti7, 1, 0.003, 0.151, 0.355, 1, 0, 1, 0.966, 0.045
Acti8, 0, 0, 0.019, 0.019, 0, 0, 0, 0, 0.013
Acti9, 0, 0, 0.015, 0.016, 0, 0, 0, 0, 0.011
Aero1, 0, 0, 0.014, 0.013, 0, 0, 0, 0, 0.011
Aqui1, 0, 0, 0.021, 0.023, 0, 0, 0, 0, 0.013
Aqui2, 0, 0, 0.029, 0.033, 0, 0, 0, 0, 0.021
Aqui3, 0, 0, 0.032, 0.027, 0, 0, 0, 0, 0.025
Aqui4, 0, 0.001, 0.019, 0.017, 0, 0, 0, 0, 0.011
Aqui5, 0, 0, 0.018, 0.022, 0, 0, 0, 0, 0.013
Aqui6, 0, 0, 0.018, 0.016, 0, 0, 0, 0, 0.011
Arma11, 0, 0, 0.018, 0.019, 0, 0, 0, 0, 0.016
Arma12, 1, 0, 0.017, 0.026, 1, 0, 1, 0.019, 0.996
Arma13, 0, 0, 0.048, 0.039, 0, 0, 0, 0, 0.012
Arma14, 0, 0, 0.022, 0.023, 0, 0, 0, 0, 0.018
Arma15, 0, 0, 0.045, 0.029, 0, 0, 0, 0, 0.009
Arma16, 0, 0, 0.028, 0.012, 0, 0, 0, 0, 0.008
Arma3, 0, 0, 0.027, 0.024, 0, 0, 0, 0, 0.019
Arma4, 0, 0, 0.023, 0.033, 0, 0, 0, 0, 0.019
Arma6, 2, 0.92, 0.026, 0.612, 1, 0, 2, 0.088, 0.764
Arma7, 0, 0, 0.038, 0.028, 0, 0, 0, 0, 0.017
Arma9, 0, 0, 0.095, 0.051, 0, 0, 0, 0, 0.013
Aure1, 0, 0, 0.494, 0.071, 0, 0, 0, 0, 0.019
Aure2, 1, 0.003, 0.029, 0.183, 1, 0, 1, 0.461, 0.551
Aure3, 1, 0.002, 0.35, 0.198, 1, 0, 1, 0.024, 0.985
B130X1, 0, 0, 0.405, 0.235, 0, 0, 0, 0, 0.018
BMS3X1, 0, 0, 0.173, 0.088, 0, 0, 0, 0, 0.013
Bact1, 0, 0, 0.024, 0.027, 0, 0, 0, 0, 0.018
Bact10, 0, 0, 0.093, 0.04, 0, 0, 0, 0, 0.018
Bact11, 0, 0, 0.026, 0.03, 0, 0, 0, 0, 0.02
Bact12, 0, 0, 0.018, 0.022, 0, 0, 0, 0, 0.015
Bact13, 0, 0, 0.024, 0.024, 0, 0, 0, 0, 0.019
Bact14, 0, 0, 0.017, 0.022, 0, 0, 0, 0, 0.013
Bact16, 0, 0, 0.017, 0.017, 0, 0, 0, 0, 0.01
Bact17, 0, 0, 0.025, 0.024, 0, 0, 0, 0, 0.014
Bact18, 0, 0, 0.014, 0.019, 0, 0, 0, 0, 0.013
Bact19, 1, 0.001, 0.06, 0.065, 1, 0, 1, 0.924, 0.087
Bact2, 0, 0, 0.019, 0.021, 0, 0, 0, 0, 0.016
Bact20, 0, 0, 0.021, 0.019, 0, 0, 0, 0, 0.013
Bact21, 1, 0, 0.097, 0.044, 1, 0, 1, 0.999, 0.017
Bact22, 0, 0, 0.019, 0.02, 0, 0, 0, 0, 0.015
Bact23, 1, 0.004, 0.019, 0.429, 1, 0, 1, 0.258, 0.753
Bact24, 0, 0, 0.014, 0.012, 0, 0, 0, 0, 0.009
Bact25, 0, 0, 0.017, 0.019, 0, 0, 0, 0, 0.009
Bact27, 1, 0.004, 0.38, 0.172, 1, 0, 1, 0.712, 0.293
Bact28, 0, 0, 0.279, 0.077, 0, 0, 0, 0, 0.017
Bact29, 1, 0, 0.324, 0.105, 1, 0, 1, 0.992, 0.025
Bact3, 0, 0, 0.011, 0.009, 0, 0, 0, 0, 0.007
Bact30, 0, 0, 0.018, 0.019, 0, 0, 0, 0, 0.016
Bact31, 0, 0, 0.019, 0.019, 0, 0, 0, 0, 0.014
Bact32, 0, 0, 0.018, 0.021, 0, 0, 0, 0, 0.016
Bact33, 1, 0.001, 0.02, 0.104, 1, 0, 1, 0.201, 0.81
Bact34, 0, 0, 0.067, 0.03, 0, 0, 0, 0, 0.013
Bact35, 0, 0, 0.201, 0.048, 0, 0, 0, 0, 0.014
Bact36, 0, 0, 0.082, 0.021, 0, 0, 0, 0, 0.007
Bact37, 1, 0.001, 0.023, 0.271, 1, 0, 1, 0.837, 0.178
Bact38, 0, 0, 0.014, 0.015, 0, 0, 0, 0, 0.009
Bact39, 0, 0, 0.228, 0.048, 0, 0, 0, 0, 0.019
Bact4, 0, 0, 0.022, 0.018, 0, 0, 0, 0, 0.017
Bact40, 1, 0.007, 0.534, 0.837, 1, 0, 1, 0.866, 0.143
Bact41, 1, 0, 0.61, 0.197, 1, 0, 1, 0.788, 0.226
Bact42, 0, 0, 0.854, 0.221, 0, 0, 0, 0, 0.01
Bact43, 1, 0.002, 0.028, 0.091, 1, 0, 1, 0.063, 0.951
Bact44, 1, 0.004, 0.931, 0.277, 1, 0, 1, 0.241, 0.77
Bact5, 0, 0, 0.019, 0.02, 0, 0, 0, 0, 0.012
Bact6, 0, 0, 0.083, 0.049, 0, 0, 0, 0, 0.012
Bact7, 0, 0, 0.025, 0.025, 0, 0, 0, 0, 0.012
Bact8, 0, 0, 0.028, 0.022, 0, 0, 0, 0, 0.015
Bact9, 1, 0.002, 1.007, 0.567, 1, 0, 1, 0.299, 0.706
Bdell10, 0, 0, 0.056, 0.052, 0, 0, 0, 0, 0.014
Bdell11, 0, 0, 0.018, 0.021, 0, 0, 0, 0, 0.01
Bdell12, 2, 0.623, 0.045, 0.708, 1, 0, 2, 0.711, 0.077
Bdell13, 0, 0, 0.822, 0.445, 0, 0, 0, 0, 0.011
Bdell14, 0, 0.001, 0.018, 0.021, 0, 0, 0, 0, 0.007
Bdell15, 1, 0.003, 0.026, 0.417, 1, 0, 1, 0.253, 0.762
Bdell16, 0, 0, 0.029, 0.028, 0, 0, 0, 0, 0.015
Bdell17, 0, 0, 0.028, 0.029, 0, 0, 0, 0, 0.014
Bdell2, 0, 0, 0.067, 0.059, 0, 0, 0, 0, 0.025
Bdell3, 1, 0.016, 0.395, 1.561, 1, 0, 1, 0.968, 0.034
Bdell4, 0, 0, 0.022, 0.019, 0, 0, 0, 0, 0.012
Bdell5, 0, 0, 0.025, 0.029, 0, 0, 0, 0, 0.019
Bdell6, 1, 0, 0.046, 0.438, 1, 0, 1, 0.177, 0.837
Bdell7, 0, 0, 0.018, 0.017, 0, 0, 0, 0, 0.012
Bdell9, 0, 0, 0.277, 0.084, 0, 0, 0, 0, 0.016
BdellC1, 0, 0, 0.094, 0.033, 0, 0, 0, 0, 0.012
BdellC2, 1, 0.001, 0.035, 0.099, 1, 0, 1, 0.063, 0.952
Bipo1, 0, 0, 0.031, 0.033, 0, 0, 0, 0, 0.024
Bipo2, 0, 0, 0.02, 0.021, 0, 0, 0, 0, 0.013
CG267X1, 0, 0, 0.027, 0.022, 0, 0, 0, 0, 0.016
CG294X1, 0, 0, 0.029, 0.032, 0, 0, 0, 0, 0.018
CSP1X1, 0, 0, 0.027, 0.036, 0, 0, 0, 0, 0.025
Calda1, 0, 0, 0.021, 0.023, 0, 0, 0, 0, 0.02
Calda2, 0, 0, 0.016, 0.022, 0, 0, 0, 0, 0.015
Caldit1, 0, 0, 0.022, 0.021, 0, 0, 0, 0, 0.013
Caldit2, 0, 0, 0.024, 0.023, 0, 0, 0, 0, 0.015
Caldit3, 0, 0, 0.016, 0.018, 0, 0, 0, 0, 0.015
Camp1, 1, 0, 0.02, 0.03, 1, 0, 1, 0.951, 0.06
Camp10, 0, 0, 1.16, 0.415, 0, 0, 0, 0, 0.015
Camp11, 1, 0.004, 0.991, 0.824, 1, 0, 1, 0.221, 0.791
Camp12, 0, 0, 0.975, 0.411, 0, 0, 0, 0, 0.014
Camp13, 1, 0.001, 1.004, 0.097, 1, 0, 1, 0.157, 0.862
Camp14, 1, 0.005, 0.036, 0.404, 1, 0, 1, 0.688, 0.327
Camp15, 0, 0, 0.715, 0.166, 0, 0, 0, 0, 0.011
Camp16, 1, 0.001, 0.991, 0.098, 1, 0, 1, 0.658, 0.351
Camp2, 1, 0.001, 0.166, 0.054, 1, 0, 1, 0.991, 0.024
Camp3, 0, 0, 0.978, 0.032, 0, 0, 0, 0, 0.018
Camp4, 1, 0, 0.671, 0.077, 1, 0, 1, 0.977, 0.032
Camp5, 2, 0.726, 0.017, 0.894, 1, 0, 2, 0.467, 0.146
Camp6, 0, 0, 0.058, 0.011, 0, 0, 0, 0, 0.005
Camp7, 0, 0, 0.69, 0.176, 0, 0, 0, 0, 0.014
Camp9, 1, 0.001, 0.019, 0.397, 1, 0, 1, 0.047, 0.965
Chlo10, 0, 0, 0.02, 0.02, 0, 0, 0, 0, 0.015
Chlo11, 0, 0, 0.019, 0.026, 0, 0, 0, 0, 0.016
Chlo12, 0, 0, 0.014, 0.012, 0, 0, 0, 0, 0.012
Chlo13, 0, 0, 0.016, 0.014, 0, 0, 0, 0, 0.008
Chlo14, 0, 0, 0.021, 0.027, 0, 0, 0, 0, 0.017
Chlo15, 0, 0, 0.019, 0.021, 0, 0, 0, 0, 0.011
Chlo16, 0, 0, 0.017, 0.019, 0, 0, 0, 0, 0.007
Chlo17, 0, 0, 0.015, 0.013, 0, 0, 0, 0, 0.01
Chlo18, 0, 0, 0.025, 0.027, 0, 0, 0, 0, 0.019
Chlo19, 0, 0, 0.015, 0.012, 0, 0, 0, 0, 0.008
Chlo20, 0, 0, 0.025, 0.026, 0, 0, 0, 0, 0.016
Chlo21, 0, 0, 0.012, 0.012, 0, 0, 0, 0, 0.011
Chlo22, 0, 0, 0.018, 0.018, 0, 0, 0, 0, 0.01
Chlo23, 0, 0, 0.03, 0.025, 0, 0, 0, 0, 0.018
Chlo24, 0, 0, 0.017, 0.023, 0, 0, 0, 0, 0.015
Chlo25, 0, 0, 0.023, 0.025, 0, 0, 0, 0, 0.016
Chlo26, 0, 0, 0.025, 0.031, 0, 0, 0, 0, 0.022
Chlo27, 0, 0, 0.014, 0.016, 0, 0, 0, 0, 0.012
Chlo28, 0, 0, 0.032, 0.026, 0, 0, 0, 0, 0.018
Chlo29, 0, 0, 0.017, 0.016, 0, 0, 0, 0, 0.012
Chlo30, 0, 0, 0.031, 0.032, 0, 0, 0, 0, 0.021
Chlo31, 0, 0, 0.017, 0.017, 0, 0, 0, 0, 0.01
Chlo32, 1, 0.007, 0.023, 0.601, 1, 0, 1, 0.016, 0.999
Chlo33, 0, 0, 0.049, 0.032, 0, 0, 0, 0, 0.006
Chlo34, 0, 0, 0.02, 0.027, 0, 0, 0, 0, 0.017
Chlo35, 0, 0, 0.011, 0.012, 0, 0, 0, 0, 0.01
Chlo36, 0, 0, 0.014, 0.013, 0, 0, 0, 0, 0.01
Chlo37, 0, 0, 0.023, 0.022, 0, 0, 0, 0, 0.013
Chlo38, 0, 0, 0.018, 0.017, 0, 0, 0, 0, 0.011
Chlo39, 0, 0, 0.022, 0.019, 0, 0, 0, 0, 0.011
Chlo4, 0, 0, 0.017, 0.014, 0, 0, 0, 0, 0.011
Chlo40, 0, 0, 0.017, 0.021, 0, 0, 0, 0, 0.013
Chlo41, 0, 0, 0.025, 0.028, 0, 0, 0, 0, 0.014
Chlo42, 0, 0, 0.008, 0.008, 0, 0, 0, 0, 0.005
Chlo43, 0, 0, 0.015, 0.015, 0, 0, 0, 0, 0.01
Chlo44, 0, 0, 0.014, 0.014, 0, 0, 0, 0, 0.009
Chlo45, 0, 0, 0.016, 0.02, 0, 0, 0, 0, 0.014
Chlo46, 0, 0, 0.012, 0.011, 0, 0, 0, 0, 0.01
Chlo47, 0, 0, 0.021, 0.021, 0, 0, 0, 0, 0.017
Chlo48, 0, 0, 0.016, 0.016, 0, 0, 0, 0, 0.011
Chlo5, 0, 0, 0.021, 0.019, 0, 0, 0, 0, 0.011
Chlo6, 0, 0, 0.02, 0.021, 0, 0, 0, 0, 0.014
Chlo7, 0, 0, 0.029, 0.031, 0, 0, 0, 0, 0.021
Chlo8, 1, 0.005, 0.021, 0.405, 1, 0, 1, 0.163, 0.849
Chlo9, 0, 0, 0.021, 0.022, 0, 0, 0, 0, 0.014
Chry1, 1, 0.001, 0.061, 0.168, 1, 0, 1, 0.001, 1.013
Cloa1, 0, 0, 0.016, 0.02, 0, 0, 0, 0, 0.014
Cyan1, 0, 0, 0.022, 0.021, 0, 0, 0, 0, 0.015
Cyan10, 0, 0, 0.014, 0.016, 0, 0, 0, 0, 0.01
Cyan11, 0, 0, 0.027, 0.032, 0, 0, 0, 0, 0.016
Cyan12, 0, 0, 0.036, 0.034, 0, 0, 0, 0, 0.012
Cyan13, 0, 0, 0.021, 0.026, 0, 0, 0, 0, 0.018
Cyan14, 0, 0, 0.021, 0.021, 0, 0, 0, 0, 0.013
Cyan15, 0, 0, 0.02, 0.021, 0, 0, 0, 0, 0.012
Cyan16, 0, 0, 0.031, 0.029, 0, 0, 0, 0, 0.018
Cyan18, 0, 0, 0.022, 0.027, 0, 0, 0, 0, 0.019
Cyan19, 0, 0, 0.024, 0.028, 0, 0, 0, 0, 0.021
Cyan2, 0, 0, 0.025, 0.025, 0, 0, 0, 0, 0.018
Cyan20, 0, 0, 0.022, 0.032, 0, 0, 0, 0, 0.02
Cyan21, 0, 0, 0.018, 0.019, 0, 0, 0, 0, 0.01
Cyan22, 0, 0, 0.022, 0.026, 0, 0, 0, 0, 0.016
Cyan23, 0, 0, 0.022, 0.023, 0, 0, 0, 0, 0.017
Cyan24, 0, 0, 0.014, 0.014, 0, 0, 0, 0, 0.01
Cyan25, 0, 0, 0.02, 0.018, 0, 0, 0, 0, 0.011
Cyan26, 0, 0, 0.024, 0.019, 0, 0, 0, 0, 0.013
Cyan27, 0, 0, 0.017, 0.019, 0, 0, 0, 0, 0.015
Cyan28, 0, 0, 0.012, 0.015, 0, 0, 0, 0, 0.011
Cyan29, 0, 0, 0.03, 0.026, 0, 0, 0, 0, 0.017
Cyan3, 0, 0, 0.015, 0.022, 0, 0, 0, 0, 0.01
Cyan30, 0, 0, 0.018, 0.02, 0, 0, 0, 0, 0.016
Cyan31, 0, 0, 0.019, 0.025, 0, 0, 0, 0, 0.01
Cyan32, 0, 0, 0.019, 0.021, 0, 0, 0, 0, 0.016
Cyan33, 0, 0, 0.021, 0.021, 0, 0, 0, 0, 0.013
Cyan34, 0, 0, 0.022, 0.03, 0, 0, 0, 0, 0.013
Cyan35, 0, 0, 0.023, 0.026, 0, 0, 0, 0, 0.02
Cyan36, 0, 0, 0.016, 0.021, 0, 0, 0, 0, 0.015
Cyan37, 0, 0, 0.015, 0.016, 0, 0, 0, 0, 0.014
Cyan38, 0, 0, 0.014, 0.016, 0, 0, 0, 0, 0.014
Cyan4, 0, 0.001, 0.015, 0.016, 0, 0, 0, 0, 0.008
Cyan40, 0, 0, 0.014, 0.015, 0, 0, 0, 0, 0.012
Cyan41, 0, 0, 0.032, 0.03, 0, 0, 0, 0, 0.018
Cyan42, 0, 0, 0.016, 0.015, 0, 0, 0, 0, 0.011
Cyan43, 0, 0, 0.024, 0.025, 0, 0, 0, 0, 0.02
Cyan44, 0, 0, 0.011, 0.009, 0, 0, 0, 0, 0.008
Cyan45, 0, 0, 0.017, 0.02, 0, 0, 0, 0, 0.013
Cyan46, 0, 0, 0.018, 0.02, 0, 0, 0, 0, 0.015
Cyan47, 0, 0, 0.015, 0.019, 0, 0, 0, 0, 0.012
Cyan7, 2, 0.971, 0.018, 0.235, 1, 0, 2, 0.043, 0.821
Cyan8, 0, 0, 0.02, 0.016, 0, 0, 0, 0, 0.012
Cyan9, 0, 0, 0.024, 0.027, 0, 0, 0, 0, 0.018
DTU0X1, 0, 0, 0.019, 0.023, 0, 0, 0, 0, 0.019
Defe1, 0, 0, 0.054, 0.024, 0, 0, 0, 0, 0.008
Defe2, 0, 0, 0.209, 0.072, 0, 0, 0, 0, 0.012
Defe3, 1, 0.004, 0.015, 0.349, 1, 0, 1, 0.191, 0.814
Dein1, 0, 0, 0.021, 0.024, 0, 0, 0, 0, 0.015
Dein2, 0, 0, 0.014, 0.019, 0, 0, 0, 0, 0.008
Dein3, 0, 0, 0.019, 0.021, 0, 0, 0, 0, 0.014
Dein4, 0, 0, 0.016, 0.013, 0, 0, 0, 0, 0.009
Dein5, 0, 0, 0.016, 0.014, 0, 0, 0, 0, 0.01
Dein6, 0, 0, 0.022, 0.024, 0, 0, 0, 0, 0.015
Dein7, 0, 0, 0.015, 0.017, 0, 0, 0, 0, 0.01
Desa1, 0, 0, 0.04, 0.044, 0, 0, 0, 0, 0.024
DesuB1, 0, 0, 0.027, 0.029, 0, 0, 0, 0, 0.018
DesuB2, 0, 0, 0.026, 0.028, 0, 0, 0, 0, 0.017
DesuB3, 0, 0, 0.015, 0.014, 0, 0, 0, 0, 0.009
DesuB4, 0, 0, 0.019, 0.023, 0, 0, 0, 0, 0.013
DesuC1, 0, 0, 0.963, 0.157, 0, 0, 0, 0, 0.01
DesuC2, 2, 0.006, 0.033, 0.56, 1, 0, 2, 0.941, 1.074
DesuD1, 0, 0, 0.032, 0.031, 0, 0, 0, 0, 0.019
DesuD2, 0, 0, 0.031, 0.028, 0, 0, 0, 0, 0.018
Desua1, 0, 0, 0.023, 0.032, 0, 0, 0, 0, 0.018
Desua10, 0, 0, 0.033, 0.031, 0, 0, 0, 0, 0.02
Desua11, 0, 0, 0.02, 0.022, 0, 0, 0, 0, 0.013
Desua12, 0, 0, 0.016, 0.019, 0, 0, 0, 0, 0.011
Desua13, 0, 0, 0.024, 0.027, 0, 0, 0, 0, 0.016
Desua14, 0, 0, 0.07, 0.031, 0, 0, 0, 0, 0.014
Desua15, 2, 0.003, 0.035, 0.071, 1, 0, 2, 1.297, 0.714
Desua16, 1, 0, 0.333, 0.039, 1, 0, 1, 0.998, 0.015
Desua17, 0, 0, 0.027, 0.022, 0, 0, 0, 0, 0.013
Desua18, 0, 0, 0.078, 0.056, 0, 0, 0, 0, 0.015
Desua19, 1, 0, 0.053, 0.05, 1, 0, 1, 0.997, 0.021
Desua2, 0, 0, 0.442, 0.172, 0, 0, 0, 0, 0.013
Desua20, 1, 0.001, 0.109, 0.733, 1, 0, 1, 0.946, 0.065
Desua21, 0, 0, 0.024, 0.028, 0, 0, 0, 0, 0.016
Desua22, 0, 0.001, 0.277, 0.124, 0, 0, 0, 0, 0.015
Desua23, 1, 0.003, 0.02, 0.26, 1, 0, 1, 0.254, 0.756
Desua24, 0, 0, 0.338, 0.115, 0, 0, 0, 0, 0.016
Desua25, 0, 0, 0.02, 0.022, 0, 0, 0, 0, 0.012
Desua26, 0, 0, 0.021, 0.019, 0, 0, 0, 0, 0.014
Desua27, 0, 0, 0.022, 0.028, 0, 0, 0, 0, 0.015
Desua28, 1, 0, 0.014, 0.012, 1, 0, 1, 1, 0.008
Desua29, 0, 0, 0.018, 0.016, 0, 0, 0, 0, 0.008
Desua3, 0, 0, 0.015, 0.019, 0, 0, 0, 0, 0.013
Desua30, 0, 0, 0.015, 0.013, 0, 0, 0, 0, 0.008
Desua31, 0, 0, 0.021, 0.019, 0, 0, 0, 0, 0.013
Desua32, 0, 0, 0.017, 0.021, 0, 0, 0, 0, 0.015
Desua33, 0, 0, 0.016, 0.017, 0, 0, 0, 0, 0.011
Desua34, 0, 0, 0.014, 0.015, 0, 0, 0, 0, 0.009
Desua35, 1, 0, 0.018, 0.02, 1, 0, 1, 0.999, 0.012
Desua36, 0, 0, 0.016, 0.012, 0, 0, 0, 0, 0.011
Desua37, 1, 0, 0.106, 0.022, 1, 0, 1, 0.98, 0.032
Desua38, 0, 0, 0.015, 0.019, 0, 0, 0, 0, 0.01
Desua39, 0, 0, 0.022, 0.021, 0, 0, 0, 0, 0.014
Desua4, 0, 0, 0.028, 0.032, 0, 0, 0, 0, 0.023
Desua40, 0, 0, 0.017, 0.016, 0, 0, 0, 0, 0.009
Desua41, 1, 0, 0.016, 0.038, 1, 0, 1, 0.905, 0.105
Desua42, 0, 0, 0.015, 0.015, 0, 0, 0, 0, 0.01
Desua43, 0, 0, 0.017, 0.021, 0, 0, 0, 0, 0.014
Desua44, 0, 0, 0.007, 0.008, 0, 0, 0, 0, 0.004
Desua45, 0, 0, 0.024, 0.031, 0, 0, 0, 0, 0.016
Desua46, 0, 0, 0.019, 0.021, 0, 0, 0, 0, 0.011
Desua47, 0, 0, 0.016, 0.015, 0, 0, 0, 0, 0.006
Desua48, 0, 0, 0.013, 0.012, 0, 0, 0, 0, 0.008
Desua49, 0, 0, 0.016, 0.014, 0, 0, 0, 0, 0.008
Desua5, 0, 0, 0.213, 0.202, 0, 0, 0, 0, 0.009
Desua50, 0, 0, 0.017, 0.019, 0, 0, 0, 0, 0.012
Desua51, 1, 0, 0.024, 0.02, 1, 0, 1, 0.998, 0.017
Desua52, 0, 0, 0.013, 0.013, 0, 0, 0, 0, 0.01
Desua53, 1, 0, 0.029, 0.03, 1, 0, 1, 0.998, 0.022
Desua54, 0, 0, 0.016, 0.02, 0, 0, 0, 0, 0.009
Desua6, 0, 0, 1.028, 0.029, 0, 0, 0, 0, 0.014
Desua7, 1, 0, 0.031, 0.025, 1, 0, 1, 0.996, 0.017
Desua8, 1, 0.003, 0.182, 0.513, 1, 0, 1, 0.258, 0.75
Desua9, 0, 0, 0.03, 0.029, 0, 0, 0, 0, 0.016
Dict1, 0, 0, 0.015, 0.019, 0, 0, 0, 0, 0.015
Dorm1, 0, 0, 0.02, 0.025, 0, 0, 0, 0, 0.015
Dorm2, 0, 0, 0.017, 0.018, 0, 0, 0, 0, 0.012
Dorm3, 0, 0, 0.02, 0.028, 0, 0, 0, 0, 0.017
Dorm4, 0, 0, 0.018, 0.016, 0, 0, 0, 0, 0.014
Dorm5, 0, 0, 0.029, 0.029, 0, 0, 0, 0, 0.015
Edwa1, 0, 0, 0.015, 0.02, 0, 0, 0, 0, 0.014
Eise1, 0, 0, 0.017, 0.015, 0, 0, 0, 0, 0.008
Eise2, 0, 0, 0.02, 0.019, 0, 0, 0, 0, 0.011
Eise3, 0, 0, 0.023, 0.024, 0, 0, 0, 0, 0.016
Eise4, 0, 0, 0.015, 0.014, 0, 0, 0, 0, 0.008
Elus1, 0, 0, 0.012, 0.015, 0, 0, 0, 0, 0.01
Elus10, 0, 0, 0.017, 0.022, 0, 0, 0, 0, 0.015
Elus2, 0, 0, 0.014, 0.015, 0, 0, 0, 0, 0.012
Elus3, 0, 0, 0.019, 0.02, 0, 0, 0, 0, 0.013
Elus4, 0, 0, 0.014, 0.019, 0, 0, 0, 0, 0.014
Elus5, 0, 0, 0.01, 0.011, 0, 0, 0, 0, 0.008
Elus6, 0, 0, 0.027, 0.031, 0, 0, 0, 0, 0.019
Elus7, 0, 0, 0.019, 0.022, 0, 0, 0, 0, 0.018
Elus8, 0, 0, 0.019, 0.016, 0, 0, 0, 0, 0.011
Elus9, 0, 0, 0.013, 0.015, 0, 0, 0, 0, 0.011
Erem2, 0, 0, 0.026, 0.032, 0, 0, 0, 0, 0.025
Erem3, 0, 0, 0.018, 0.017, 0, 0, 0, 0, 0.01
Erem4, 0, 0, 0.178, 0.021, 0, 0, 0, 0, 0.014
Erem5, 1, 0, 0.017, 0.022, 1, 0, 1, 0.159, 0.853
Erem6, 0, 0, 0.047, 0.022, 0, 0, 0, 0, 0.012
FCPU1, 0, 0, 0.018, 0.022, 0, 0, 0, 0, 0.013
FCPU2, 0, 0, 0.021, 0.026, 0, 0, 0, 0, 0.016
Ferm1, 0, 0, 0.01, 0.011, 0, 0, 0, 0, 0.01
Fibr1, 1, 0.003, 0.067, 0.139, 1, 0, 1, 0.154, 0.869
Fibr2, 0, 0, 0.038, 0.031, 0, 0, 0, 0, 0.01
Fibr3, 0, 0, 0.037, 0.034, 0, 0, 0, 0, 0.013
Fibr4, 0, 0, 0.043, 0.039, 0, 0, 0, 0, 0.015
Fibr5, 1, 0.009, 0.186, 0.434, 1, 0, 1, 0.035, 0.982
Fibr6, 1, 0.006, 0.021, 0.317, 1, 0, 1, 0.168, 0.843
Fire1, 1, 0.008, 0.035, 0.328, 1, 0, 1, 0.025, 0.99
FirmA1, 0, 0, 0.055, 0.037, 0, 0, 0, 0, 0.015
FirmA10, 0, 0, 0.024, 0.025, 0, 0, 0, 0, 0.019
FirmA100, 0, 0, 0.028, 0.034, 0, 0, 0, 0, 0.016
FirmA101, 0, 0, 0.016, 0.019, 0, 0, 0, 0, 0.012
FirmA102, 0, 0.001, 0.356, 0.121, 0, 0, 0, 0, 0.008
FirmA103, 0, 0, 0.024, 0.025, 0, 0, 0, 0, 0.018
FirmA104, 0, 0, 0.013, 0.016, 0, 0, 0, 0, 0.012
FirmA105, 0, 0, 0.015, 0.014, 0, 0, 0, 0, 0.009
FirmA106, 0, 0, 0.035, 0.032, 0, 0, 0, 0, 0.016
FirmA107, 0, 0, 0.016, 0.019, 0, 0, 0, 0, 0.011
FirmA108, 0, 0, 0.015, 0.015, 0, 0, 0, 0, 0.013
FirmA109, 0, 0, 0.016, 0.015, 0, 0, 0, 0, 0.01
FirmA11, 0, 0, 0.018, 0.014, 0, 0, 0, 0, 0.012
FirmA110, 0, 0, 0.03, 0.032, 0, 0, 0, 0, 0.022
FirmA111, 1, 0, 0.047, 0.051, 1, 0, 1, 0.947, 0.078
FirmA112, 0, 0, 0.113, 0.085, 0, 0, 0, 0, 0.008
FirmA113, 0, 0, 0.026, 0.022, 0, 0, 0, 0, 0.015
FirmA114, 0, 0, 0.019, 0.019, 0, 0, 0, 0, 0.01
FirmA12, 0, 0, 0.388, 0.14, 0, 0, 0, 0, 0.012
FirmA14, 0, 0, 0.027, 0.027, 0, 0, 0, 0, 0.016
FirmA16, 1, 0.001, 0.021, 0.389, 1, 0, 1, 0.748, 0.261
FirmA18, 0, 0, 0.021, 0.021, 0, 0, 0, 0, 0.015
FirmA19, 0, 0, 0.024, 0.023, 0, 0, 0, 0, 0.011
FirmA2, 0, 0, 0.278, 0.115, 0, 0, 0, 0, 0.023
FirmA20, 0, 0, 0.028, 0.024, 0, 0, 0, 0, 0.016
FirmA21, 0, 0, 0.02, 0.021, 0, 0, 0, 0, 0.017
FirmA24, 0, 0, 0.037, 0.035, 0, 0, 0, 0, 0.021
FirmA25, 0, 0, 0.021, 0.021, 0, 0, 0, 0, 0.015
FirmA26, 0, 0, 0.892, 0.645, 0, 0, 0, 0, 0.009
FirmA27, 0, 0, 0.018, 0.019, 0, 0, 0, 0, 0.012
FirmA28, 0, 0, 0.03, 0.036, 0, 0, 0, 0, 0.023
FirmA29, 0, 0, 0.027, 0.031, 0, 0, 0, 0, 0.022
FirmA30, 0, 0, 0.023, 0.025, 0, 0, 0, 0, 0.018
FirmA31, 0, 0, 0.017, 0.02, 0, 0, 0, 0, 0.013
FirmA32, 1, 0.018, 0.114, 1.954, 1, 0, 1, 0.485, 0.517
FirmA33, 0, 0, 0.014, 0.015, 0, 0, 0, 0, 0.011
FirmA34, 0, 0, 0.152, 0.045, 0, 0, 0, 0, 0.01
FirmA35, 0, 0, 0.011, 0.015, 0, 0, 0, 0, 0.009
FirmA36, 0, 0, 0.012, 0.017, 0, 0, 0, 0, 0.012
FirmA37, 0, 0, 0.029, 0.035, 0, 0, 0, 0, 0.022
FirmA38, 1, 0.011, 0.129, 0.925, 1, 0, 1, 0.471, 0.539
FirmA39, 0, 0, 0.016, 0.016, 0, 0, 0, 0, 0.011
FirmA40, 0, 0, 0.008, 0.008, 0, 0, 0, 0, 0.006
FirmA41, 1, 0.007, 0.034, 0.238, 1, 0, 1, 0.863, 0.144
FirmA42, 0, 0, 0.021, 0.02, 0, 0, 0, 0, 0.01
FirmA43, 0, 0, 0.015, 0.015, 0, 0, 0, 0, 0.01
FirmA44, 0, 0, 0.014, 0.018, 0, 0, 0, 0, 0.014
FirmA45, 0, 0, 0.012, 0.014, 0, 0, 0, 0, 0.01
FirmA46, 0, 0, 0.05, 0.032, 0, 0, 0, 0, 0.017
FirmA47, 0, 0, 0.018, 0.02, 0, 0, 0, 0, 0.015
FirmA48, 0, 0, 0.012, 0.012, 0, 0, 0, 0, 0.01
FirmA49, 0, 0, 0.014, 0.014, 0, 0, 0, 0, 0.01
FirmA5, 0, 0, 0.022, 0.027, 0, 0, 0, 0, 0.016
FirmA50, 0, 0, 0.02, 0.028, 0, 0, 0, 0, 0.016
FirmA51, 0, 0, 0.023, 0.028, 0, 0, 0, 0, 0.018
FirmA52, 0, 0, 0.017, 0.017, 0, 0, 0, 0, 0.012
FirmA53, 0, 0, 0.014, 0.014, 0, 0, 0, 0, 0.012
FirmA54, 0, 0.001, 0.36, 0.073, 0, 0, 0, 0, 0.016
FirmA55, 0, 0, 0.017, 0.022, 0, 0, 0, 0, 0.015
FirmA56, 0, 0, 0.02, 0.02, 0, 0, 0, 0, 0.014
FirmA57, 1, 0.003, 0.041, 0.384, 1, 0, 1, 0.009, 1.007
FirmA58, 1, 0.003, 0.022, 0.34, 1, 0, 1, 0.061, 0.951
FirmA59, 0, 0, 0.015, 0.017, 0, 0, 0, 0, 0.013
FirmA6, 0, 0, 0.017, 0.017, 0, 0, 0, 0, 0.012
FirmA60, 0, 0, 0.022, 0.019, 0, 0, 0, 0, 0.015
FirmA61, 0, 0, 0.022, 0.021, 0, 0, 0, 0, 0.017
FirmA62, 0, 0, 0.022, 0.023, 0, 0, 0, 0, 0.017
FirmA63, 0, 0, 0.015, 0.018, 0, 0, 0, 0, 0.011
FirmA64, 0, 0, 0.02, 0.025, 0, 0, 0, 0, 0.017
FirmA65, 0, 0, 0.017, 0.016, 0, 0, 0, 0, 0.011
FirmA66, 0, 0, 0.02, 0.022, 0, 0, 0, 0, 0.015
FirmA67, 0, 0, 0.021, 0.025, 0, 0, 0, 0, 0.018
FirmA68, 0, 0, 0.022, 0.019, 0, 0, 0, 0, 0.014
FirmA69, 0, 0, 0.017, 0.023, 0, 0, 0, 0, 0.011
FirmA7, 1, 0.006, 0.125, 0.225, 1, 0, 1, 0.87, 0.14
FirmA70, 0, 0, 0.023, 0.025, 0, 0, 0, 0, 0.019
FirmA71, 0, 0, 0.015, 0.011, 0, 0, 0, 0, 0.009
FirmA72, 0, 0, 0.015, 0.017, 0, 0, 0, 0, 0.012
FirmA73, 0, 0, 0.013, 0.017, 0, 0, 0, 0, 0.01
FirmA74, 0, 0, 0.023, 0.022, 0, 0, 0, 0, 0.016
FirmA75, 0, 0, 0.028, 0.029, 0, 0, 0, 0, 0.018
FirmA76, 1, 0.007, 0.04, 0.861, 1, 0, 1, 0.329, 0.686
FirmA77, 0, 0, 0.028, 0.031, 0, 0, 0, 0, 0.019
FirmA78, 0, 0.001, 0.019, 0.023, 0, 0, 0, 0, 0.017
FirmA79, 0, 0, 0.013, 0.012, 0, 0, 0, 0, 0.01
FirmA8, 0, 0, 0.041, 0.041, 0, 0, 0, 0, 0.025
FirmA80, 1, 0.004, 0.019, 0.284, 1, 0, 1, 0.141, 0.873
FirmA81, 0, 0.001, 0.023, 0.018, 0, 0, 0, 0, 0.009
FirmA83, 0, 0, 0.019, 0.022, 0, 0, 0, 0, 0.015
FirmA84, 0, 0, 0.032, 0.032, 0, 0, 0, 0, 0.019
FirmA85, 0, 0, 0.014, 0.018, 0, 0, 0, 0, 0.013
FirmA86, 0, 0, 0.022, 0.022, 0, 0, 0, 0, 0.015
FirmA87, 1, 0.004, 0.023, 0.513, 1, 0, 1, 0.177, 0.837
FirmA88, 0, 0, 0.012, 0.014, 0, 0, 0, 0, 0.008
FirmA89, 0, 0, 0.021, 0.023, 0, 0, 0, 0, 0.013
FirmA9, 0, 0, 0.036, 0.038, 0, 0, 0, 0, 0.023
FirmA90, 0, 0, 0.117, 0.085, 0, 0, 0, 0, 0.012
FirmA91, 1, 0.005, 0.017, 0.313, 1, 0, 1, 0.148, 0.861
FirmA92, 1, 0.001, 0.018, 0.046, 1, 0, 1, 0.34, 0.674
FirmA93, 1, 0.002, 0.119, 0.382, 1, 0, 1, 0.27, 0.741
FirmA94, 0, 0, 0.018, 0.021, 0, 0, 0, 0, 0.008
FirmA95, 0, 0, 0.015, 0.017, 0, 0, 0, 0, 0.009
FirmA96, 0, 0, 0.159, 0.046, 0, 0, 0, 0, 0.008
FirmA97, 0, 0, 0.022, 0.021, 0, 0, 0, 0, 0.016
FirmA98, 0, 0, 0.021, 0.021, 0, 0, 0, 0, 0.012
FirmA99, 0, 0, 0.018, 0.017, 0, 0, 0, 0, 0.015
FirmB1, 0, 0, 0.022, 0.024, 0, 0, 0, 0, 0.015
FirmB10, 1, 0.002, 0.279, 0.381, 1, 0, 1, 0.216, 0.798
FirmB11, 0, 0, 1.004, 0.01, 0, 0, 0, 0, 0.007
FirmB12, 1, 0, 0.027, 0.033, 1, 0, 1, 0.994, 0.017
FirmB13, 0, 0, 0.014, 0.015, 0, 0, 0, 0, 0.006
FirmB14, 0, 0, 0.206, 0.04, 0, 0, 0, 0, 0.014
FirmB15, 0, 0, 0.017, 0.017, 0, 0, 0, 0, 0.012
FirmB16, 0, 0, 0.02, 0.015, 0, 0, 0, 0, 0.012
FirmB17, 0, 0, 0.018, 0.023, 0, 0, 0, 0, 0.013
FirmB2, 1, 0, 0.017, 0.025, 1, 0, 1, 0.993, 0.02
FirmB3, 1, 0, 0.025, 0.137, 1, 0, 1, 0.185, 0.833
FirmB4, 0, 0, 0.01, 0.007, 0, 0, 0, 0, 0.005
FirmB5, 0, 0, 0.025, 0.027, 0, 0, 0, 0, 0.018
FirmB6, 0, 0, 0.027, 0.023, 0, 0, 0, 0, 0.017
FirmB7, 0, 0, 0.026, 0.032, 0, 0, 0, 0, 0.016
FirmB8, 0, 0, 0.02, 0.029, 0, 0, 0, 0, 0.013
FirmB9, 1, 0.005, 0.248, 0.452, 1, 0, 1, 0.25, 0.764
FirmC1, 0, 0, 0.916, 0.266, 0, 0, 0, 0, 0.012
FirmC10, 0, 0, 0.078, 0.082, 0, 0, 0, 0, 0.016
FirmC11, 1, 0, 0.023, 0.028, 1, 0, 1, 0.59, 0.423
FirmC12, 0, 0, 0.022, 0.019, 0, 0, 0, 0, 0.016
FirmC13, 0, 0, 0.019, 0.02, 0, 0, 0, 0, 0.011
FirmC14, 0, 0, 0.072, 0.06, 0, 0, 0, 0, 0.01
FirmC15, 0, 0, 0.015, 0.017, 0, 0, 0, 0, 0.009
FirmC16, 0, 0, 0.973, 0.02, 0, 0, 0, 0, 0.011
FirmC17, 0, 0, 0.025, 0.025, 0, 0, 0, 0, 0.017
FirmC18, 1, 0.003, 0.019, 0.24, 1, 0, 1, 0.281, 0.729
FirmC19, 0, 0, 0.057, 0.019, 0, 0, 0, 0, 0.008
FirmC3, 0, 0, 0.611, 0.022, 0, 0, 0, 0, 0.011
FirmC4, 1, 0, 0.023, 0.248, 1, 0, 1, 0.892, 0.119
FirmC5, 1, 0.012, 0.048, 0.689, 1, 0, 1, 0.658, 0.348
FirmC6, 1, 0, 0.016, 0.016, 1, 0, 1, 0.956, 0.054
FirmC7, 1, 0, 0.032, 0.043, 1, 0, 1, 0.993, 0.011
FirmC8, 1, 0.001, 0.022, 0.022, 1, 0, 1, 0.959, 0.058
FirmC9, 0, 0, 0.747, 0.075, 0, 0, 0, 0, 0.013
FirmD1, 0, 0, 0.033, 0.033, 0, 0, 0, 0, 0.029
FirmD2, 0, 0, 0.021, 0.018, 0, 0, 0, 0, 0.011
FirmD3, 1, 0.001, 0.006, 0.324, 1, 0, 1, 0.01, 0.995
FirmD4, 0, 0, 0.014, 0.013, 0, 0, 0, 0, 0.01
FirmE1, 0, 0, 0.015, 0.014, 0, 0, 0, 0, 0.009
FirmE2, 0, 0, 0.031, 0.031, 0, 0, 0, 0, 0.021
FirmE3, 0, 0, 0.023, 0.029, 0, 0, 0, 0, 0.022
FirmE4, 0, 0, 0.026, 0.03, 0, 0, 0, 0, 0.02
FirmE5, 0, 0, 0.015, 0.021, 0, 0, 0, 0, 0.014
FirmE6, 0, 0, 0.02, 0.022, 0, 0, 0, 0, 0.014
FirmE7, 0, 0, 0.018, 0.02, 0, 0, 0, 0, 0.013
FirmE8, 0, 0, 0.02, 0.025, 0, 0, 0, 0, 0.015
FirmF1, 0, 0, 0.066, 0.039, 0, 0, 0, 0, 0.023
FirmF2, 3, 1.998, 0.016, 0.022, 1, 0, 3, 0.002, 0.01
FirmF3, 2, 0.999, 0.022, 0.023, 1, 0, 2, 0.001, 0.015
FirmG1, 0, 0, 0.082, 0.063, 0, 0, 0, 0, 0.016
FirmG2, 2, 0.019, 0.033, 0.712, 1, 0, 2, 0.407, 1.599
FirmG3, 0, 0, 0.023, 0.024, 0, 0, 0, 0, 0.018
FirmG4, 0, 0, 0.033, 0.04, 0, 0, 0, 0, 0.017
FirmG5, 0, 0, 0.083, 0.07, 0, 0, 0, 0, 0.017
FirmG6, 0, 0, 0.022, 0.021, 0, 0, 0, 0, 0.017
Firms1, 0, 0, 0.024, 0.023, 0, 0, 0, 0, 0.016
Firms10, 0, 0, 0.021, 0.019, 0, 0, 0, 0, 0.013
Firms11, 0, 0, 0.016, 0.016, 0, 0, 0, 0, 0.015
Firms12, 0, 0, 0.025, 0.024, 0, 0, 0, 0, 0.02
Firms13, 0, 0, 0.017, 0.018, 0, 0, 0, 0, 0.014
Firms15, 0, 0, 0.016, 0.02, 0, 0, 0, 0, 0.015
Firms16, 0, 0, 0.019, 0.023, 0, 0, 0, 0, 0.017
Firms17, 0, 0, 0.018, 0.019, 0, 0, 0, 0, 0.017
Firms18, 0, 0.001, 0.028, 0.027, 0, 0, 0, 0, 0.017
Firms2, 0, 0, 0.012, 0.014, 0, 0, 0, 0, 0.011
Firms20, 0, 0, 0.021, 0.025, 0, 0, 0, 0, 0.015
Firms21, 0, 0, 0.014, 0.019, 0, 0, 0, 0, 0.012
Firms22, 0, 0, 0.017, 0.021, 0, 0, 0, 0, 0.016
Firms23, 0, 0, 0.017, 0.018, 0, 0, 0, 0, 0.007
Firms24, 0, 0, 0.017, 0.017, 0, 0, 0, 0, 0.016
Firms25, 0, 0, 0.018, 0.02, 0, 0, 0, 0, 0.012
Firms26, 0, 0, 0.01, 0.011, 0, 0, 0, 0, 0.009
Firms27, 0, 0, 0.017, 0.018, 0, 0, 0, 0, 0.016
Firms28, 0, 0, 0.023, 0.024, 0, 0, 0, 0, 0.019
Firms29, 0, 0, 0.019, 0.016, 0, 0, 0, 0, 0.013
Firms3, 0, 0, 0.011, 0.013, 0, 0, 0, 0, 0.011
Firms30, 0, 0, 0.019, 0.024, 0, 0, 0, 0, 0.018
Firms31, 0, 0, 0.019, 0.024, 0, 0, 0, 0, 0.018
Firms32, 0, 0, 0.017, 0.017, 0, 0, 0, 0, 0.011
Firms33, 0, 0, 0.02, 0.021, 0, 0, 0, 0, 0.012
Firms4, 0, 0, 0.019, 0.023, 0, 0, 0, 0, 0.014
Firms5, 0, 0, 0.014, 0.014, 0, 0, 0, 0, 0.013
Firms6, 0, 0, 0.023, 0.024, 0, 0, 0, 0, 0.02
Firms7, 0, 0, 0.016, 0.021, 0, 0, 0, 0, 0.016
Firms8, 0, 0, 0.019, 0.022, 0, 0, 0, 0, 0.013
Firms9, 0, 0, 0.013, 0.01, 0, 0, 0, 0, 0.008
Fuso2, 0, 0, 0.018, 0.017, 0, 0, 0, 0, 0.006
Gemm2, 0, 0, 0.256, 0.078, 0, 0, 0, 0, 0.018
Gemm3, 0, 0, 0.024, 0.027, 0, 0, 0, 0, 0.017
Gemm4, 1, 0.001, 0.023, 0.279, 1, 0, 1, 0.231, 0.784
Gemm5, 0, 0, 0.02, 0.019, 0, 0, 0, 0, 0.015
Gemm6, 0, 0, 0.019, 0.019, 0, 0, 0, 0, 0.012
Gemm7, 0, 0, 0.029, 0.029, 0, 0, 0, 0, 0.015
Gemm8, 0, 0, 0.017, 0.02, 0, 0, 0, 0, 0.016
Gemm9, 0, 0, 0.016, 0.017, 0, 0, 0, 0, 0.008
GemmA1, 0, 0, 0.021, 0.03, 0, 0, 0, 0, 0.019
Gold1, 0, 0, 0.017, 0.02, 0, 0, 0, 0, 0.011
Gold2, 0, 0, 0.02, 0.027, 0, 0, 0, 0, 0.014
Hydr1, 0, 0, 0.024, 0.028, 0, 0, 0, 0, 0.019
Hydr2, 0, 0, 0.016, 0.019, 0, 0, 0, 0, 0.011
J088X1, 0, 0, 0.165, 0.107, 0, 0, 0, 0, 0.017
KSB1X1, 0, 0, 0.015, 0.015, 0, 0, 0, 0, 0.01
KSB1X2, 0, 0, 0.026, 0.027, 0, 0, 0, 0, 0.019
KSB1X3, 0, 0, 0.02, 0.022, 0, 0, 0, 0, 0.015
KSB1X4, 0, 0, 0.018, 0.019, 0, 0, 0, 0, 0.011
Krum1, 0, 0, 0.008, 0.008, 0, 0, 0, 0, 0.008
Late1, 0, 0, 0.013, 0.014, 0, 0, 0, 0, 0.011
Late2, 0, 0, 0.023, 0.026, 0, 0, 0, 0, 0.021
Late3, 0, 0.001, 0.024, 0.027, 0, 0, 0, 0, 0.021
Lind1, 1, 0.004, 0.548, 0.592, 1, 0, 1, 0.428, 0.582
Lind2, 1, 0.001, 0.457, 0.352, 1, 0, 1, 0.524, 0.494
Lind4, 0, 0.001, 0.808, 0.372, 0, 0, 0, 0, 0.017
Marg1, 0, 0, 0.024, 0.033, 0, 0, 0, 0, 0.019
Marg2, 0, 0, 0.021, 0.028, 0, 0, 0, 0, 0.019
Marg6, 0, 0, 0.023, 0.026, 0, 0, 0, 0, 0.018
Marg7, 0, 0, 0.018, 0.022, 0, 0, 0, 0, 0.016
Mari1, 0, 0, 0.029, 0.023, 0, 0, 0, 0, 0.016
Mari2, 0, 0, 0.019, 0.018, 0, 0, 0, 0, 0.014
Mari3, 0, 0, 0.012, 0.012, 0, 0, 0, 0, 0.007
Mari5, 1, 0.004, 0.018, 0.341, 1, 0, 1, 0.083, 0.928
Mari6, 0, 0, 0.021, 0.019, 0, 0, 0, 0, 0.008
Meth1, 0, 0, 0.023, 0.026, 0, 0, 0, 0, 0.011
Meth2, 0, 0, 0.028, 0.022, 0, 0, 0, 0, 0.016
Meth3, 0, 0, 0.015, 0.012, 0, 0, 0, 0, 0.011
Meth4, 0, 0, 0.019, 0.025, 0, 0, 0, 0, 0.015
Meth5, 0, 0, 0.022, 0.023, 0, 0, 0, 0, 0.018
Muir1, 1, 0.006, 0.022, 0.613, 1, 0, 1, 0.086, 0.927
MyxA1, 0, 0, 0.04, 0.047, 0, 0, 0, 0, 0.016
MyxA2, 0, 0, 0.022, 0.022, 0, 0, 0, 0, 0.014
MyxA3, 0, 0, 0.025, 0.025, 0, 0, 0, 0, 0.017
MyxA4, 0, 0.001, 0.081, 0.058, 0, 0, 0, 0, 0.021
Myxo1, 1, 0.001, 0.026, 0.058, 1, 0, 1, 0.235, 0.781
Myxo10, 0, 0, 0.197, 0.069, 0, 0, 0, 0, 0.02
Myxo11, 1, 0, 0.028, 0.023, 1, 0, 1, 1, 0.007
Myxo13, 1, 0, 0.034, 0.026, 1, 0, 1, 1, 0.013
Myxo14, 1, 0.003, 0.242, 0.162, 1, 0, 1, 0.199, 0.819
Myxo15, 0, 0, 0.504, 0.098, 0, 0, 0, 0, 0.004
Myxo17, 1, 0, 0.032, 0.031, 1, 0, 1, 0.999, 0.015
Myxo18, 2, 0.006, 0.027, 0.54, 1, 0, 2, 0.485, 1.521
Myxo19, 1, 0, 0.031, 0.029, 1, 0, 1, 0.999, 0.014
Myxo2, 0, 0, 0.262, 0.05, 0, 0, 0, 0, 0.018
Myxo3, 1, 0.007, 0.21, 0.522, 1, 0, 1, 0.325, 0.687
Myxo5, 1, 0.006, 0.158, 0.516, 1, 0, 1, 0.025, 0.995
Myxo6, 1, 0.001, 0.227, 0.202, 1, 0, 1, 0.206, 0.806
Myxo7, 0, 0, 0.47, 0.205, 0, 0, 0, 0, 0.019
Myxo8, 2, 0.006, 0.185, 0.518, 1, 0, 2, 0.285, 1.728
Myxo9, 1, 0.004, 0.213, 0.321, 1, 0, 1, 0.089, 0.935
NPL1, 0, 0, 0.021, 0.028, 0, 0, 0, 0, 0.018
Nitr1, 1, 0, 0.063, 0.111, 1, 0, 1, 0.03, 0.998
Nitr10, 1, 0, 0.022, 0.029, 1, 0, 1, 1, 0.017
Nitr11, 0, 0, 0.026, 0.028, 0, 0, 0, 0, 0.017
Nitr12, 0, 0, 0.019, 0.021, 0, 0, 0, 0, 0.014
Nitr13, 0, 0, 0.02, 0.033, 0, 0, 0, 0, 0.015
Nitr14, 0, 0, 0.018, 0.021, 0, 0, 0, 0, 0.013
Nitr15, 0, 0, 0.197, 0.045, 0, 0, 0, 0, 0.021
Nitr16, 0, 0, 0.019, 0.017, 0, 0, 0, 0, 0.01
Nitr17, 0, 0, 0.017, 0.014, 0, 0, 0, 0, 0.01
Nitr2, 0, 0, 0.019, 0.021, 0, 0, 0, 0, 0.016
Nitr3, 1, 0, 0.027, 0.024, 1, 0, 1, 1, 0.016
Nitr4, 1, 0, 0.01, 0.012, 1, 0, 1, 1, 0.006
Nitr5, 0, 0, 0.019, 0.019, 0, 0, 0, 0, 0.012
Nitr6, 1, 0, 0.017, 0.014, 1, 0, 1, 1, 0.012
Nitr7, 0, 0, 0.011, 0.012, 0, 0, 0, 0, 0.008
Nitr8, 0, 0, 0.075, 0.035, 0, 0, 0, 0, 0.02
Nitr9, 0, 0, 0.017, 0.021, 0, 0, 0, 0, 0.014
Nits1, 1, 0, 0.02, 0.02, 1, 0, 1, 0.998, 0.018
Nits2, 0, 0, 0.018, 0.02, 0, 0, 0, 0, 0.012
Nits3, 1, 0, 0.021, 0.026, 1, 0, 1, 0.998, 0.019
Nits4, 0, 0.001, 0.019, 0.018, 0, 0, 0, 0, 0.012
NitsA1, 0, 0, 0.027, 0.029, 0, 0, 0, 0, 0.02
NitsA2, 0, 0, 0.02, 0.019, 0, 0, 0, 0, 0.013
NitsA3, 0, 0, 0.262, 0.015, 0, 0, 0, 0, 0.009
Node_AABM5X1_AABM5X2_0, 0.007, 0, 0.018, 0.023, 0.006, 0, 0.007, 0, 0.022
Node_AABM5X1_AABM5X3_0, 0.003, 0, 0.009, 0.011, 0.003, 0, 0.003, 0.001, 0.008
Node_Acid11_Acid16_0, 0.13, 0, 0.024, 0.064, 0.13, 0, 0.13, 0.116, 0.016
Node_Acid11_Acid31_0, 0.217, 0.002, 0.016, 0.093, 0.216, 0, 0.217, 0.121, 0.101
Node_Acid12_Acid13_0, 0.164, 0, 0.025, 0.025, 0.163, 0, 0.164, 0.029, 0.149
Node_Acid1_Acid17_0, 0.012, 0, 0.286, 0.055, 0.012, 0, 0.012, 0.009, 0.007
Node_Acid1_Acid3_0, 0.291, 0.001, 0.019, 0.107, 0.282, 0, 0.291, 0.205, 0.089
Node_Acid23_Acid12_0, 0.04, 0, 0.01, 0.012, 0.039, 0, 0.04, 0.013, 0.029
Node_Acid29_Acid27_0, 0.005, 0, 0.022, 0.022, 0.005, 0, 0.005, 0, 0.02
Node_Acid2_Acid11_0, 0.138, 0.001, 0.118, 0.082, 0.138, 0, 0.138, 0.132, 0.006
Node_Acid2_Acid18_0, 0.018, 0, 0.126, 0.05, 0.018, 0, 0.018, 0.015, 0.006
Node_Acid32_Acid25_0, 0.042, 0, 0.018, 0.022, 0.042, 0, 0.042, 0.017, 0.031
Node_Acid32_Acid26_0, 0.173, 0, 0.021, 0.032, 0.173, 0, 0.173, 0.032, 0.152
Node_Acid34_Acid22_0, 0.013, 0, 0.15, 0.025, 0.013, 0, 0.013, 0.007, 0.015
Node_Acid34_Acid24_0, 0.007, 0, 0.017, 0.019, 0.007, 0, 0.007, 0.002, 0.011
Node_Acid34_Acid29_0, 0.007, 0.001, 0.023, 0.031, 0.007, 0, 0.007, 0.001, 0.026
Node_Acid34_Acid33_0, 0.003, 0, 0.015, 0.011, 0.003, 0, 0.003, 0.001, 0.011
Node_Acid37_Acid21_0, 0.007, 0, 0.029, 0.016, 0.007, 0, 0.007, 0.005, 0.007
Node_Acid37_Acid30_0, 0.007, 0, 0.011, 0.012, 0.007, 0, 0.007, 0.002, 0.011
Node_Acid37_Acid32_0, 0.029, 0, 0.033, 0.032, 0.029, 0, 0.029, 0.017, 0.015
Node_Acid38_Acid10_0, 0.134, 0, 0.024, 0.027, 0.134, 0, 0.134, 0.128, 0.01
Node_Acid38_Acid1_0, 0.22, 0.002, 0.019, 0.042, 0.22, 0, 0.22, 0.189, 0.033
Node_Acid38_Acid2_0, 0.249, 0, 0.062, 0.074, 0.247, 0, 0.249, 0.246, 0.003
Node_Acid38_Acid34_0, 0.148, 0, 0.078, 0.031, 0.148, 0, 0.148, 0.144, 0.006
Node_Acid38_Acid36_0, 1.003, 0.002, 0.049, 0.046, 1, 0, 1.003, 0.977, 0.036
Node_Acid38_Acid40_0, 1.014, 0.014, 0.01, 0.097, 0.983, 0, 1.014, 0.281, 0.721
Node_Acid38_Acid4_0, 0.17, 0.001, 0.01, 0.016, 0.166, 0, 0.17, 0.129, 0.045
Node_Acid38_Acid5_0, 0.204, 0, 0.055, 0.044, 0.203, 0, 0.204, 0.197, 0.01
Node_Acid38_Acid7_0, 0.289, 0.001, 0.021, 0.025, 0.282, 0, 0.289, 0.16, 0.139
Node_Acid38_Acid8_0, 0.308, 0.005, 0.094, 0.17, 0.301, 0, 0.308, 0.296, 0.01
Node_Acid38_B130X1_0, 0.387, 0.007, 0.481, 0.332, 0.383, 0, 0.387, 0.375, 0.003
Node_Acid39_Acid35_0, 0.227, 0.001, 0.26, 0.127, 0.221, 0, 0.227, 0.038, 0.201
Node_Acid3_Acid14_0, 0.949, 0, 0.092, 0.094, 0.749, 0, 0.949, 0.762, 0.195
Node_Acid3_Acid6_0, 0.846, 0.004, 0.014, 0.176, 0.699, 0, 0.846, 0.285, 0.565
Node_Acid40_Acid20_0, 1.012, 0.012, 0.053, 0.619, 1, 0, 1.012, 0.966, 0.039
Node_Acid5_Acid23_0, 0.021, 0, 0.033, 0.034, 0.021, 0, 0.021, 0.016, 0.007
Node_Acid5_Acid37_0, 0.047, 0.001, 0.16, 0.07, 0.047, 0, 0.047, 0.044, 0.002
Node_Acid6_Acid28_0, 0.91, 0.003, 0.14, 0.146, 0.727, 0, 0.91, 0.716, 0.201
Node_Acid8_Acid9_0, 0.244, 0, 0.072, 0.118, 0.242, 0, 0.244, 0.236, 0.008
Node_Acid9_Acid39_0, 0.285, 0.001, 0.02, 0.088, 0.283, 0, 0.285, 0.231, 0.06
Node_Acti10_Acti11_0, 0.558, 0.007, 0.013, 0.102, 0.519, 0, 0.558, 0.325, 0.228
Node_Acti10_Acti25_0, 0.942, 0.016, 0.069, 0.272, 0.923, 0, 0.942, 0.498, 0.437
Node_Acti10_Acti26_0, 0.336, 0, 0.027, 0.058, 0.328, 0, 0.336, 0.286, 0.05
Node_Acti10_Acti31_0, 0.944, 0.021, 0.045, 0.212, 0.917, 0, 0.944, 0.888, 0.026
Node_Acti10_Acti3_0, 1.225, 0.009, 0.142, 0.546, 0.949, 0, 1.225, 0.973, 0.255
Node_Acti10_Acti7_0, 1.103, 0.038, 0.022, 0.231, 0.978, 0, 1.103, 0.898, 0.143
Node_Acti11_Acti22_0, 0.216, 0.001, 0.47, 0.219, 0.206, 0, 0.216, 0.092, 0.127
Node_Acti12_Acti21_0, 1.037, 0.001, 0.847, 0.133, 0.999, 0, 1.037, 0.188, 0.861
Node_Acti12_Acti48_0, 1.022, 0, 0.042, 0.105, 0.892, 0, 1.022, 0.87, 0.165
Node_Acti14_Acti33_0, 1.121, 0.008, 0.306, 0.546, 0.995, 0, 1.121, 0.244, 0.875
Node_Acti14_Acti34_0, 1.019, 0.002, 0.129, 0.066, 1, 0, 1.019, 1.001, 0.025
Node_Acti14_Acti6_0, 1.003, 0, 0.028, 0.025, 0.998, 0, 1.003, 1, 0.012
Node_Acti18_Acti16_0, 0.012, 0, 0.058, 0.051, 0.012, 0, 0.012, 0.007, 0.021
Node_Acti18_Acti4_0, 0.049, 0, 0.324, 0.084, 0.049, 0, 0.049, 0.045, 0.009
Node_Acti19_Acti13_0, 0.018, 0, 0.019, 0.009, 0.018, 0, 0.018, 0.016, 0.006
Node_Acti19_Acti23_0, 0.151, 0, 0.016, 0.026, 0.15, 0, 0.151, 0.016, 0.149
Node_Acti19_Acti42_0, 0.007, 0, 0.006, 0.005, 0.007, 0, 0.007, 0.007, 0
Node_Acti19_Acti49_0, 0.031, 0, 0.013, 0.024, 0.031, 0, 0.031, 0.012, 0.026
Node_Acti19_Acti8_0, 0.018, 0, 0.004, 0.008, 0.018, 0, 0.018, 0.007, 0.015
Node_Acti33_Acti35_0, 1.268, 0.002, 0.06, 0.189, 0.989, 0, 1.268, 1.076, 0.205
Node_Acti43_Acti36_0, 0.267, 0.001, 0.637, 0.285, 0.247, 0, 0.267, 0.145, 0.126
Node_Acti46_Acti41_0, 1.709, 0, 0.145, 0.111, 0.998, 0, 1.709, 1.69, 0.025
Node_Acti47_Acti45_0, 1.178, 0.004, 0.883, 0.473, 0.993, 0, 1.178, 1.054, 0.128
Node_Acti49_Acti15_0, 0.918, 0.013, 0.017, 0.129, 0.898, 0, 0.918, 0.122, 0.794
Node_Acti49_Acti32_0, 1.01, 0, 0.016, 0.016, 1, 0, 1.01, 1.002, 0.013
Node_Acti49_Acti38_0, 1.013, 0.024, 0.051, 1.216, 1, 0, 1.013, 0.872, 0.122
Node_Acti49_Acti40_0, 0.128, 0.003, 0.013, 0.034, 0.126, 0, 0.128, 0.027, 0.107
Node_Acti50_Acti10_0, 0.313, 0.009, 0.005, 0.102, 0.296, 0, 0.313, 0.04, 0.266
Node_Acti50_Acti14_0, 0.544, 0.017, 0.014, 0.181, 0.475, 0, 0.544, 0.348, 0.177
Node_Acti50_Acti18_0, 0.364, 0.005, 0.025, 0.123, 0.343, 0, 0.364, 0.292, 0.071
Node_Acti50_Acti19_0, 0.013, 0.001, 0.001, 0.001, 0.012, 0, 0.013, 0.004, 0.008
Node_Acti50_Acti20_0, 0.004, 0, 0.014, 0.007, 0.004, 0, 0.004, 0.002, 0.004
Node_Acti50_Acti28_0, 2.215, 0.127, 0.081, 0.247, 0.996, 0, 2.215, 1.758, 0.24
Node_Acti50_Acti39_0, 0.043, 0.001, 0.004, 0.011, 0.042, 0, 0.043, 0.011, 0.033
Node_Acti50_Acti43_0, 0.777, 0.062, 0.134, 0.371, 0.598, 0, 0.777, 0.382, 0.305
Node_Acti50_Acti46_0, 1.829, 0.047, 0.052, 0.637, 1, 0, 1.829, 0.719, 1.057
Node_Acti50_Acti47_0, 1.929, 0.023, 0.154, 0.183, 0.999, 0, 1.929, 1.778, 0.114
Node_Acti50_Acti51_0, 0.005, 0, 0.003, 0.003, 0.005, 0, 0.005, 0.001, 0.004
Node_Acti50_Acti52_0, 1.946, 0.055, 0.079, 1.12, 1, 0, 1.946, 1.722, 0.141
Node_Acti50_FirmF1_0, 0.014, 0, 0, 0.005, 0.014, 0, 0.014, 0.014, 0
Node_Acti51_Acti27_0, 0.003, 0.001, 0.007, 0.009, 0.003, 0, 0.003, 0, 0.008
Node_Acti51_Acti9_0, 0.001, 0, 0.007, 0.006, 0.001, 0, 0.001, 0, 0.003
Node_Acti52_Acti12_0, 0.899, 0.002, 0.992, 0.094, 0.862, 0, 0.899, 0.743, 0.165
Node_Acti52_Acti37_0, 1.724, 0.003, 0.271, 0.095, 0.992, 0, 1.724, 1.687, 0.046
Node_Acti52_Acti44_0, 0.656, 0, 0.309, 0.094, 0.649, 0, 0.656, 0.599, 0.066
Node_Acti8_Acti24_0, 0.006, 0, 0.014, 0.015, 0.006, 0, 0.006, 0, 0.016
Node_Acti8_Acti2_0, 0.008, 0, 0.018, 0.01, 0.008, 0, 0.008, 0.004, 0.008
Node_Acti8_Acti5_0, 0.004, 0, 0.011, 0.008, 0.004, 0, 0.004, 0.001, 0.007
Node_Acti9_Acti29_0, 0.004, 0, 0.009, 0.015, 0.004, 0, 0.004, 0.001, 0.011
Node_Acti9_Acti30_0, 0.002, 0, 0.006, 0.007, 0.002, 0, 0.002, 0, 0.007
Node_Aero1_NPL1_0, 0.003, 0, 0.023, 0.016, 0.003, 0, 0.003, 0.003, 0
Node_Aero1_UBA6X1_0, 0.102, 0.001, 0.249, 0.131, 0.1, 0, 0.102, 0.099, 0.001
Node_Aero1_UBA9X1_0, 0.026, 0, 0.079, 0.042, 0.026, 0, 0.026, 0.026, 0.003
Node_Aqui2_Aqui1_0, 0.008, 0, 0.023, 0.026, 0.008, 0, 0.008, 0.002, 0.026
Node_Aqui2_Aqui3_0, 0.007, 0, 0.023, 0.02, 0.007, 0, 0.007, 0.007, 0
Node_Aqui2_Aqui5_0, 0.005, 0, 0.019, 0.029, 0.005, 0, 0.005, 0.001, 0.02
Node_Aqui2_Aqui6_0, 0.004, 0, 0.015, 0.018, 0.004, 0, 0.004, 0.001, 0.012
Node_Aqui2_Camp1_0, 0.1, 0.002, 0.121, 0.137, 0.098, 0, 0.1, 0.095, 0.003
Node_Aqui2_Thers1_0, 0.03, 0, 0.073, 0.042, 0.03, 0, 0.03, 0.03, 0.003
Node_Aqui6_Aqui4_0, 0.007, 0, 0.013, 0.021, 0.007, 0, 0.007, 0.002, 0.016
Node_Arma12_Arma11_0, 0.002, 0, 0.009, 0.015, 0.002, 0, 0.002, 0, 0.008
Node_Arma12_Arma7_0, 0.021, 0, 0.009, 0.011, 0.021, 0, 0.021, 0.002, 0.028
Node_Arma15_Arma13_0, 0.036, 0, 0.319, 0.148, 0.036, 0, 0.036, 0.034, 0.013
Node_Arma4_Acti50_0, 0.014, 0, 0.001, 0.007, 0.014, 0, 0.014, 0.014, 0
Node_Arma4_Arma12_0, 0.003, 0, 0.004, 0.004, 0.003, 0, 0.003, 0, 0.005
Node_Arma4_Arma14_0, 0.004, 0, 0.008, 0.008, 0.004, 0, 0.004, 0, 0.009
Node_Arma4_Arma6_0, 0.002, 0, 0.001, 0.001, 0.002, 0, 0.002, 0.001, 0.001
Node_Arma4_CSP1X1_0, 0.002, 0, 0.003, 0.002, 0.002, 0, 0.002, 0, 0.004
Node_Arma4_Erem6_0, 0.001, 0, 0.003, 0.002, 0.001, 0, 0.001, 0, 0.002
Node_Arma4_Pate48_0, 0.001, 0, 0.013, 0.006, 0.001, 0, 0.001, 0.001, 0
Node_Arma4_UBP13X1_0, 0.002, 0, 0.001, 0, 0.002, 0, 0.002, 0, 0.002
Node_Arma6_Arma15_0, 0.342, 0.036, 0.009, 0.118, 0.303, 0, 0.342, 0.072, 0.233
Node_Arma6_Arma16_0, 0.02, 0, 0.005, 0.01, 0.02, 0, 0.02, 0.007, 0.017
Node_Arma6_Arma3_0, 0.008, 0, 0.005, 0.01, 0.008, 0, 0.008, 0.001, 0.011
Node_Arma6_Arma9_0, 0.082, 0.002, 0.01, 0.034, 0.08, 0, 0.082, 0.019, 0.07
Node_Aure2_Aure1_0, 0.475, 0.001, 0.141, 0.131, 0.468, 0, 0.475, 0.395, 0.083
Node_Bact1_Bact11_0, 0.006, 0, 0.018, 0.021, 0.006, 0, 0.006, 0.003, 0.013
Node_Bact1_Bact17_0, 0.011, 0, 0.021, 0.02, 0.011, 0, 0.011, 0.003, 0.017
Node_Bact20_Bact1_0, 0.015, 0, 0.017, 0.019, 0.015, 0, 0.015, 0.003, 0.024
Node_Bact20_Bact30_0, 0.008, 0, 0.024, 0.02, 0.008, 0, 0.008, 0.001, 0.017
Node_Bact21_Bact29_0, 1.08, 0.002, 0.038, 0.091, 1, 0, 1.08, 0.946, 0.141
Node_Bact21_Bact36_0, 0.975, 0, 0.228, 0.083, 0.93, 0, 0.975, 0.931, 0.046
Node_Bact21_Bact44_0, 1.157, 0.001, 0.044, 0.077, 0.927, 0, 1.157, 0.987, 0.179
Node_Bact22_Bact31_0, 0.004, 0, 0.039, 0.039, 0.004, 0, 0.004, 0.003, 0.013
Node_Bact22_Bact5_0, 0.03, 0.001, 0.115, 0.07, 0.03, 0, 0.03, 0.023, 0.015
Node_Bact23_Bact28_0, 0.262, 0.001, 0.023, 0.129, 0.262, 0, 0.262, 0.047, 0.23
Node_Bact23_Bact34_0, 0.054, 0, 0.005, 0.016, 0.054, 0, 0.054, 0.005, 0.054
Node_Bact23_Bact4_0, 0.005, 0, 0.009, 0.009, 0.005, 0, 0.005, 0, 0.008
Node_Bact24_Bact23_0, 0.006, 0, 0.008, 0.012, 0.006, 0, 0.006, 0.004, 0.004
Node_Bact24_Bact25_0, 0.005, 0, 0.008, 0.005, 0.005, 0, 0.005, 0.002, 0.007
Node_Bact24_Bact3_0, 0.01, 0, 0.009, 0.017, 0.01, 0, 0.01, 0.005, 0.007
Node_Bact24_Bact7_0, 0.012, 0.001, 0.04, 0.035, 0.012, 0, 0.012, 0.007, 0.008
Node_Bact25_Bact20_0, 0.008, 0, 0.01, 0.013, 0.008, 0, 0.008, 0.002, 0.015
Node_Bact25_Bact2_0, 0.003, 0, 0.007, 0.008, 0.003, 0, 0.003, 0.001, 0.005
Node_Bact27_Bact19_0, 0.972, 0, 0.096, 0.048, 0.926, 0, 0.972, 0.935, 0.047
Node_Bact27_Bact21_0, 1.021, 0.004, 0.021, 0.123, 0.918, 0, 1.021, 0.832, 0.186
Node_Bact27_Bact22_0, 0.129, 0.006, 0.006, 0.051, 0.12, 0, 0.129, 0.036, 0.086
Node_Bact27_Bact24_0, 0.043, 0.003, 0.011, 0.029, 0.039, 0, 0.043, 0.018, 0.02
Node_Bact27_Bact35_0, 0.187, 0.006, 0.946, 0.06, 0.178, 0, 0.187, 0.041, 0.155
Node_Bact27_Bact37_0, 0.852, 0.015, 0.01, 0.23, 0.809, 0, 0.852, 0.123, 0.718
Node_Bact27_Bact40_0, 1.083, 0.315, 0.019, 0.191, 0.756, 0, 1.083, 0.13, 0.6
Node_Bact27_Mari3_0, 0.031, 0.001, 0.002, 0.013, 0.03, 0, 0.031, 0.011, 0.018
Node_Bact29_Bact9_0, 1.299, 0.004, 0.036, 0.157, 0.993, 0, 1.299, 1.06, 0.251
Node_Bact30_Bact32_0, 0.002, 0, 0.021, 0.022, 0.002, 0, 0.002, 0.001, 0.015
Node_Bact31_Bact38_0, 0.005, 0, 0.015, 0.016, 0.005, 0, 0.005, 0.001, 0.016
Node_Bact33_Bact10_0, 0.075, 0.001, 0.053, 0.052, 0.074, 0, 0.075, 0.025, 0.056
Node_Bact33_Bact39_0, 0.209, 0, 0.032, 0.059, 0.208, 0, 0.209, 0.058, 0.166
Node_Bact33_Bact6_0, 0.071, 0, 0.755, 0.124, 0.069, 0, 0.071, 0.061, 0.019
Node_Bact36_Bact43_0, 0.075, 0, 0.975, 0.048, 0.074, 0, 0.075, 0.011, 0.075
Node_Bact37_Bact33_0, 0.807, 0.003, 0.064, 0.159, 0.794, 0, 0.807, 0.795, 0.016
Node_Bact37_Bact42_0, 0.844, 0.004, 0.034, 0.181, 0.839, 0, 0.844, 0.789, 0.067
Node_Bact3_Bact12_0, 0.003, 0, 0.012, 0.008, 0.003, 0, 0.003, 0.003, 0.005
Node_Bact3_Bact13_0, 0.005, 0, 0.007, 0.011, 0.005, 0, 0.005, 0, 0.011
Node_Bact3_Bact14_0, 0.004, 0, 0.019, 0.024, 0.004, 0, 0.004, 0, 0.018
Node_Bact3_Bact18_0, 0.001, 0, 0.007, 0.009, 0.001, 0, 0.001, 0.001, 0.005
Node_Bact40_Bact41_0, 1.384, 0.003, 0.031, 0.245, 0.995, 0, 1.384, 1.065, 0.329
Node_Bact5_Bact16_0, 0.007, 0, 0.043, 0.032, 0.007, 0, 0.007, 0.002, 0.02
Node_Bact7_Bact8_0, 0.013, 0, 0.026, 0.026, 0.013, 0, 0.013, 0.002, 0.027
Node_Bdell12_Bdell3_0, 1.345, 0.287, 0.046, 0.489, 0.991, 0, 1.345, 0.596, 0.293
Node_Bdell13_Bdell12_0, 0.811, 0.04, 0.11, 0.348, 0.753, 0, 0.811, 0.683, 0.066
Node_Bdell14_Bdell11_0, 0.008, 0, 0.046, 0.032, 0.008, 0, 0.008, 0.006, 0.008
Node_Bdell14_Bdell4_0, 0.01, 0, 0.017, 0.021, 0.01, 0, 0.01, 0.002, 0.019
Node_Bdell15_Bdell14_0, 0.046, 0.001, 0.058, 0.067, 0.045, 0, 0.046, 0.031, 0.018
Node_Bdell15_Bdell7_0, 0.074, 0, 0.042, 0.056, 0.074, 0, 0.074, 0.02, 0.07
Node_Bdell15_Bdell9_0, 0.261, 0.001, 0.023, 0.103, 0.258, 0, 0.261, 0.063, 0.209
Node_Bdell17_Bdell15_0, 0.085, 0.001, 0.133, 0.121, 0.082, 0, 0.085, 0.081, 0.005
Node_Bdell17_Bdell16_0, 0.014, 0.001, 0.087, 0.056, 0.013, 0, 0.014, 0.007, 0.015
Node_Bdell2_Bdell10_0, 0.042, 0, 0.171, 0.097, 0.042, 0, 0.042, 0.041, 0.004
Node_Bdell6_Bdell17_0, 0.212, 0.003, 0.217, 0.277, 0.206, 0, 0.212, 0.182, 0.03
Node_Bdell6_Bdell2_0, 0.209, 0.001, 0.102, 0.182, 0.204, 0, 0.209, 0.114, 0.098
Node_Bdell6_UBA1X6_0, 0.396, 0.012, 0.376, 0.468, 0.378, 0, 0.396, 0.373, 0.008
Node_Bdell7_Bdell5_0, 0.006, 0, 0.082, 0.028, 0.006, 0, 0.006, 0.004, 0.014
Node_BdellC1_BdellC2_0, 0.082, 0, 0.07, 0.082, 0.081, 0, 0.082, 0.03, 0.063
Node_Bipo1_Bipo2_0, 0.007, 0, 0.009, 0.018, 0.007, 0, 0.007, 0, 0.015
Node_Bipo1_Therg8_0, 0.001, 0, 0.007, 0.003, 0.001, 0, 0.001, 0.001, 0
Node_CG294X1_CG267X1_0, 0.011, 0, 0.07, 0.051, 0.011, 0, 0.011, 0.01, 0.004
Node_Calda2_Calda1_0, 0.001, 0, 0.003, 0.003, 0.001, 0, 0.001, 0.001, 0.002
Node_Caldit2_Caldit1_0, 0.009, 0, 0.015, 0.019, 0.009, 0, 0.009, 0.001, 0.023
Node_Caldit2_Caldit3_0, 0.001, 0, 0.005, 0.005, 0.001, 0, 0.001, 0, 0.005
Node_Camp14_Camp15_0, 0.704, 0.001, 0.044, 0.234, 0.694, 0, 0.704, 0.638, 0.071
Node_Camp1_Camp2_0, 1.014, 0.013, 0.021, 0.531, 0.948, 0, 1.014, 0.06, 0.957
Node_Camp1_Camp3_0, 0.96, 0, 0.068, 0.028, 0.952, 0, 0.96, 0.952, 0.014
Node_Camp1_Camp9_0, 0.065, 0, 0.011, 0.037, 0.065, 0, 0.065, 0.047, 0.018
Node_Camp1_UBP6X1_0, 0.058, 0.002, 0.048, 0.054, 0.057, 0, 0.058, 0.052, 0.004
Node_Camp2_Camp11_0, 1.196, 0.02, 0.025, 0.268, 0.956, 0, 1.196, 0.976, 0.187
Node_Camp2_Camp13_0, 1.141, 0.001, 0.578, 0.047, 0.995, 0, 1.141, 1.009, 0.141
Node_Camp2_Camp4_0, 1.577, 0.018, 0.048, 0.113, 0.998, 0, 1.577, 1.414, 0.144
Node_Camp2_Camp5_0, 1.256, 0.198, 0.198, 0.268, 0.977, 0, 1.256, 0.818, 0.06
Node_Camp2_Camp7_0, 1.463, 0.018, 0.05, 0.069, 0.99, 0, 1.463, 1.198, 0.239
Node_Camp4_Camp16_0, 1.639, 0.001, 0.045, 0.052, 0.999, 0, 1.639, 1.55, 0.106
Node_Camp5_Camp10_0, 1.145, 0.186, 0.03, 0.273, 0.934, 0, 1.145, 0.76, 0.028
Node_Camp5_Camp12_0, 0.961, 0.02, 0.336, 0.234, 0.929, 0, 0.961, 0.914, 0.021
Node_Camp7_Camp14_0, 0.676, 0.001, 0.829, 0.248, 0.654, 0, 0.676, 0.649, 0.041
Node_Camp9_Camp6_0, 0.053, 0, 0.066, 0.035, 0.053, 0, 0.053, 0.006, 0.054
Node_Chlo12_Chlo24_0, 0.002, 0, 0.009, 0.006, 0.002, 0, 0.002, 0, 0.007
Node_Chlo26_Chlo11_0, 0.003, 0, 0.011, 0.014, 0.003, 0, 0.003, 0.001, 0.007
Node_Chlo26_Chlo9_0, 0.007, 0, 0.009, 0.011, 0.007, 0, 0.007, 0.002, 0.011
Node_Chlo30_Chlo20_0, 0.009, 0, 0.014, 0.017, 0.009, 0, 0.009, 0.004, 0.011
Node_Chlo30_Chlo23_0, 0.012, 0, 0.054, 0.038, 0.012, 0, 0.012, 0.009, 0.004
Node_Chlo30_Chlo36_0, 0.062, 0, 0.005, 0.029, 0.062, 0, 0.062, 0.008, 0.059
Node_Chlo30_Chlo37_0, 0.01, 0, 0.015, 0.018, 0.01, 0, 0.01, 0.003, 0.016
Node_Chlo30_Chlo38_0, 0.004, 0, 0.006, 0.01, 0.004, 0, 0.004, 0.001, 0.008
Node_Chlo30_Chlo41_0, 0.004, 0, 0.003, 0.006, 0.004, 0, 0.004, 0.003, 0.003
Node_Chlo30_Chlo43_0, 0.005, 0, 0.002, 0.003, 0.005, 0, 0.005, 0.003, 0.003
Node_Chlo30_Chlo6_0, 0.008, 0, 0.004, 0.011, 0.008, 0, 0.008, 0.003, 0.007
Node_Chlo30_Dorm2_0, 0.002, 0, 0.002, 0.002, 0.002, 0, 0.002, 0.001, 0.003
Node_Chlo31_Chlo25_0, 0.007, 0, 0.023, 0.031, 0.007, 0, 0.007, 0, 0.026
Node_Chlo35_Chlo21_0, 0.001, 0, 0.009, 0.007, 0.001, 0, 0.001, 0, 0.004
Node_Chlo36_Chlo13_0, 0.008, 0, 0.012, 0.018, 0.008, 0, 0.008, 0, 0.017
Node_Chlo36_Chlo14_0, 0.004, 0, 0.017, 0.019, 0.004, 0, 0.004, 0.002, 0.007
Node_Chlo36_Chlo28_0, 0.014, 0, 0.034, 0.03, 0.013, 0, 0.014, 0.012, 0.005
Node_Chlo36_Chlo33_0, 0.043, 0, 0.129, 0.083, 0.043, 0, 0.043, 0.041, 0.005
Node_Chlo36_Chlo40_0, 0.004, 0, 0.017, 0.016, 0.004, 0, 0.004, 0, 0.013
Node_Chlo36_Chlo5_0, 0.003, 0, 0.015, 0.02, 0.003, 0, 0.003, 0.001, 0.014
Node_Chlo36_Chlo8_0, 0.167, 0.004, 0.008, 0.086, 0.166, 0, 0.167, 0.06, 0.109
Node_Chlo38_Chlo19_0, 0.007, 0, 0.019, 0.018, 0.007, 0, 0.007, 0.001, 0.022
Node_Chlo38_Chlo31_0, 0.004, 0, 0.007, 0.009, 0.004, 0, 0.004, 0, 0.007
Node_Chlo41_Chlo29_0, 0.005, 0, 0.004, 0.01, 0.005, 0, 0.005, 0.003, 0.004
Node_Chlo41_Chlo32_0, 0.017, 0, 0.006, 0.015, 0.017, 0, 0.017, 0.003, 0.018
Node_Chlo41_Chlo39_0, 0.011, 0, 0.019, 0.026, 0.011, 0, 0.011, 0.004, 0.021
Node_Chlo41_Chlo44_0, 0.001, 0, 0.022, 0.01, 0.001, 0, 0.001, 0, 0.006
Node_Chlo41_Chlo4_0, 0.005, 0, 0.006, 0.008, 0.005, 0, 0.005, 0.001, 0.007
Node_Chlo41_Chlo7_0, 0.009, 0, 0.008, 0.011, 0.009, 0, 0.009, 0, 0.016
Node_Chlo42_Chlo34_0, 0.003, 0, 0.012, 0.012, 0.003, 0, 0.003, 0.001, 0.01
Node_Chlo43_Chlo42_0, 0.005, 0, 0.013, 0.017, 0.005, 0, 0.005, 0.001, 0.014
Node_Chlo43_Chlo45_0, 0.007, 0.001, 0.007, 0.012, 0.006, 0, 0.007, 0.001, 0.008
Node_Chlo43_Chlo47_0, 0.004, 0, 0.009, 0.01, 0.004, 0, 0.004, 0.003, 0.006
Node_Chlo44_Chlo17_0, 0.005, 0, 0.02, 0.024, 0.005, 0, 0.005, 0, 0.017
Node_Chlo44_Chlo22_0, 0.008, 0, 0.009, 0.011, 0.008, 0, 0.008, 0, 0.016
Node_Chlo45_Chlo27_0, 0.002, 0, 0.012, 0.017, 0.002, 0, 0.002, 0.001, 0.007
Node_Chlo45_Chlo46_0, 0.002, 0, 0.014, 0.017, 0.002, 0, 0.002, 0, 0.014
Node_Chlo47_Chlo48_0, 0.004, 0, 0.011, 0.013, 0.004, 0, 0.004, 0.001, 0.011
Node_Chlo48_Chlo10_0, 0.005, 0, 0.016, 0.019, 0.005, 0, 0.005, 0.002, 0.017
Node_Chlo4_Chlo12_0, 0.004, 0, 0.004, 0.003, 0.004, 0, 0.004, 0.002, 0.003
Node_Chlo4_Chlo35_0, 0.006, 0, 0.007, 0.01, 0.006, 0, 0.006, 0.002, 0.009
Node_Chlo5_Chlo16_0, 0.01, 0, 0.016, 0.023, 0.01, 0, 0.01, 0.001, 0.023
Node_Chlo6_Chlo18_0, 0.006, 0, 0.022, 0.031, 0.006, 0, 0.006, 0, 0.023
Node_Chlo6_Chlo26_0, 0.005, 0, 0.01, 0.007, 0.005, 0, 0.005, 0.002, 0.007
Node_Chlo7_Chlo15_0, 0.008, 0, 0.026, 0.025, 0.008, 0, 0.008, 0, 0.025
Node_Chry1_Aqui2_0, 0.216, 0.002, 0.633, 0.327, 0.215, 0, 0.216, 0.212, 0.001
Node_Chry1_Defe3_0, 0.047, 0.001, 0.174, 0.103, 0.047, 0, 0.047, 0.045, 0.004
Node_Cyan10_Cyan35_0, 0.003, 0, 0.008, 0.009, 0.003, 0, 0.003, 0, 0.008
Node_Cyan10_Cyan45_0, 0.004, 0, 0.006, 0.009, 0.004, 0, 0.004, 0.001, 0.007
Node_Cyan10_Cyan46_0, 0.003, 0, 0.01, 0.01, 0.003, 0, 0.003, 0.001, 0.006
Node_Cyan11_Cyan26_0, 0.011, 0, 0.018, 0.022, 0.011, 0, 0.011, 0.001, 0.021
Node_Cyan12_Cyan13_0, 0.024, 0, 0.215, 0.053, 0.024, 0, 0.024, 0.02, 0.013
Node_Cyan13_Cyan18_0, 0.003, 0, 0.043, 0.033, 0.003, 0, 0.003, 0.001, 0.022
Node_Cyan14_Cyan15_0, 0.008, 0, 0.02, 0.02, 0.008, 0, 0.008, 0.003, 0.017
Node_Cyan14_Cyan16_0, 0.011, 0, 0.02, 0.032, 0.011, 0, 0.011, 0.002, 0.026
Node_Cyan14_Cyan23_0, 0.005, 0, 0.002, 0.004, 0.005, 0, 0.005, 0.004, 0.002
Node_Cyan16_Cyan29_0, 0.013, 0, 0.022, 0.027, 0.013, 0, 0.013, 0.001, 0.024
Node_Cyan19_Cyan22_0, 0.006, 0, 0.006, 0.008, 0.006, 0, 0.006, 0, 0.008
Node_Cyan19_Cyan47_0, 0.003, 0, 0.006, 0.005, 0.003, 0, 0.003, 0.001, 0.003
Node_Cyan28_chloroArabidopsis_0, 0.001, 0, 0.003, 0.003, 0.001, 0, 0.001, 0, 0.004
Node_Cyan2_Cyan1_0, 0.007, 0, 0.012, 0.012, 0.007, 0, 0.007, 0.002, 0.013
Node_Cyan31_Cyan34_0, 0.009, 0, 0.02, 0.02, 0.009, 0, 0.009, 0.001, 0.018
Node_Cyan33_Cyan21_0, 0.008, 0, 0.019, 0.011, 0.008, 0, 0.008, 0.003, 0.012
Node_Cyan38_Cyan28_0, 0, 0, 0.004, 0.003, 0, 0, 0, 0, 0.002
Node_Cyan40_Arma4_0, 0.015, 0, 0.012, 0.018, 0.015, 0, 0.015, 0.015, 0
Node_Cyan40_Cyan10_0, 0.007, 0, 0.006, 0.008, 0.007, 0, 0.007, 0.002, 0.009
Node_Cyan40_Cyan11_0, 0.008, 0, 0.012, 0.014, 0.008, 0, 0.008, 0.004, 0.011
Node_Cyan40_Cyan14_0, 0.005, 0, 0.005, 0.009, 0.005, 0, 0.005, 0.003, 0.006
Node_Cyan40_Cyan19_0, 0.004, 0, 0.005, 0.007, 0.004, 0, 0.004, 0, 0.008
Node_Cyan40_Cyan20_0, 0.002, 0, 0.013, 0.004, 0.002, 0, 0.002, 0, 0.004
Node_Cyan40_Cyan24_0, 0.004, 0, 0.008, 0.008, 0.004, 0, 0.004, 0.002, 0.007
Node_Cyan40_Cyan25_0, 0.009, 0, 0.017, 0.019, 0.009, 0, 0.009, 0.002, 0.019
Node_Cyan40_Cyan27_0, 0.002, 0, 0.023, 0.023, 0.002, 0, 0.002, 0.002, 0.017
Node_Cyan40_Cyan2_0, 0.006, 0, 0.003, 0.003, 0.006, 0, 0.006, 0.001, 0.007
Node_Cyan40_Cyan36_0, 0.001, 0, 0.007, 0.012, 0.001, 0, 0.001, 0, 0.006
Node_Cyan40_Cyan37_0, 0.001, 0, 0.006, 0.007, 0.001, 0, 0.001, 0.001, 0.004
Node_Cyan40_Cyan38_0, 0.002, 0, 0.003, 0.004, 0.002, 0, 0.002, 0.001, 0.004
Node_Cyan40_Cyan42_0, 0.003, 0, 0.002, 0.003, 0.003, 0, 0.003, 0.001, 0.003
Node_Cyan40_Cyan7_0, 0.011, 0, 0, 0, 0.011, 0, 0.011, 0.006, 0.005
Node_Cyan40_Marg1_0, 0.002, 0, 0.003, 0.005, 0.002, 0, 0.002, 0.001, 0.001
Node_Cyan40_Therd1_0, 0.004, 0, 0.011, 0.005, 0.004, 0, 0.004, 0.004, 0
Node_Cyan42_Cyan3_0, 0.005, 0.001, 0.015, 0.022, 0.005, 0, 0.005, 0.001, 0.016
Node_Cyan46_Cyan30_0, 0.002, 0, 0.008, 0.011, 0.002, 0, 0.002, 0, 0.007
Node_Cyan46_Cyan31_0, 0.011, 0, 0.013, 0.027, 0.011, 0, 0.011, 0, 0.022
Node_Cyan46_Cyan32_0, 0.003, 0, 0.023, 0.024, 0.003, 0, 0.003, 0, 0.012
Node_Cyan46_Cyan33_0, 0.015, 0, 0.012, 0.017, 0.015, 0, 0.015, 0.007, 0.016
Node_Cyan46_Cyan41_0, 0.014, 0, 0.03, 0.027, 0.014, 0, 0.014, 0.004, 0.029
Node_Cyan47_Cyan43_0, 0.004, 0, 0.015, 0.02, 0.004, 0, 0.004, 0.001, 0.016
Node_Cyan47_Cyan44_0, 0.003, 0, 0.019, 0.02, 0.003, 0, 0.003, 0, 0.018
Node_Cyan4_Cyan8_0, 0.008, 0, 0.068, 0.015, 0.008, 0, 0.008, 0.003, 0.008
Node_Cyan4_Cyan9_0, 0.006, 0, 0.013, 0.013, 0.006, 0, 0.006, 0.001, 0.011
Node_Cyan7_Cyan12_0, 0.226, 0.017, 0.004, 0.053, 0.206, 0, 0.226, 0.062, 0.145
Node_Cyan7_Cyan4_0, 0.068, 0.002, 0.004, 0.038, 0.065, 0, 0.068, 0.01, 0.059
Node_DTU0X1_SLNR1_0, 0, 0, 0.002, 0.001, 0, 0, 0, 0, 0.001
Node_Defe3_Defe1_0, 0.046, 0.001, 0.049, 0.058, 0.045, 0, 0.046, 0.01, 0.047
Node_Defe3_Defe2_0, 0.197, 0, 0.029, 0.109, 0.196, 0, 0.197, 0.033, 0.18
Node_Dein4_Dein2_0, 0.006, 0, 0.011, 0.013, 0.006, 0, 0.006, 0.002, 0.014
Node_Dein4_Dein6_0, 0.007, 0, 0.021, 0.017, 0.007, 0, 0.007, 0, 0.022
Node_Dein5_Bipo1_0, 0.008, 0, 0.005, 0.008, 0.008, 0, 0.008, 0.007, 0.002
Node_Dein5_Dein1_0, 0.006, 0, 0.013, 0.015, 0.006, 0, 0.006, 0.002, 0.012
Node_Dein5_Dein4_0, 0.003, 0, 0.017, 0.021, 0.003, 0, 0.003, 0.003, 0.012
Node_Dein5_Dein7_0, 0.007, 0.001, 0.012, 0.016, 0.007, 0, 0.007, 0.002, 0.015
Node_Dein7_Dein3_0, 0.005, 0, 0.014, 0.012, 0.005, 0, 0.005, 0, 0.012
Node_DesuB1_DesuB2_0, 0.009, 0, 0.042, 0.041, 0.009, 0, 0.009, 0.001, 0.023
Node_DesuB4_BdellC1_0, 0.089, 0.003, 0.126, 0.17, 0.089, 0, 0.089, 0.08, 0.008
Node_DesuB4_DesuB1_0, 0.028, 0, 0.067, 0.064, 0.028, 0, 0.028, 0.027, 0.006
Node_DesuB4_DesuB3_0, 0.006, 0, 0.037, 0.037, 0.006, 0, 0.006, 0.003, 0.015
Node_DesuB4_Desua5_0, 0.204, 0.004, 0.544, 0.321, 0.202, 0, 0.204, 0.195, 0.006
Node_DesuB4_Myxo10_0, 0.738, 0.01, 0.181, 0.323, 0.719, 0, 0.738, 0.717, 0.006
Node_DesuC2_DesuC1_0, 0.953, 0.003, 0.092, 0.173, 0.781, 0, 0.953, 0.65, 0.319
Node_DesuC2_Desua47_0, 0.723, 0, 0.076, 0.102, 0.706, 0, 0.723, 0.711, 0.012
Node_DesuD2_DesuD1_0, 0.013, 0, 0.837, 0.048, 0.013, 0, 0.013, 0.006, 0.024
Node_Desua11_Desua27_0, 0.007, 0, 0.02, 0.025, 0.007, 0, 0.007, 0, 0.022
Node_Desua16_Desua15_0, 1.318, 0.006, 0.063, 0.224, 0.999, 0, 1.318, 0.277, 1.053
Node_Desua16_Desua20_0, 1.043, 0.015, 0.052, 0.498, 0.968, 0, 1.043, 0.987, 0.031
Node_Desua16_Desua24_0, 0.322, 0.002, 0.22, 0.172, 0.301, 0, 0.322, 0.192, 0.145
Node_Desua16_Desua6_0, 1.049, 0.046, 0.016, 0.231, 0.953, 0, 1.049, 0.923, 0.048
Node_Desua16_Desua9_0, 0.395, 0, 0.676, 0.394, 0.381, 0, 0.395, 0.377, 0.028
Node_Desua1_Desua34_0, 0.005, 0, 0.009, 0.01, 0.005, 0, 0.005, 0.001, 0.012
Node_Desua1_Desua3_0, 0.002, 0, 0.01, 0.007, 0.002, 0, 0.002, 0.001, 0.004
Node_Desua1_Desua43_0, 0.008, 0, 0.025, 0.018, 0.008, 0, 0.008, 0.006, 0.005
Node_Desua22_Desua10_0, 0.013, 0, 0.013, 0.017, 0.013, 0, 0.013, 0.002, 0.018
Node_Desua22_Desua13_0, 0.008, 0, 0.012, 0.006, 0.008, 0, 0.008, 0.004, 0.005
Node_Desua22_Desua14_0, 0.056, 0.002, 0.02, 0.036, 0.055, 0, 0.056, 0.008, 0.061
Node_Desua22_Desua16_0, 0.971, 0.039, 0.047, 0.175, 0.921, 0, 0.971, 0.867, 0.028
Node_Desua22_Desua23_0, 0.261, 0.002, 0.02, 0.084, 0.261, 0, 0.261, 0.051, 0.223
Node_Desua22_Desua26_0, 0.015, 0, 0.089, 0.049, 0.015, 0, 0.015, 0.013, 0.004
Node_Desua22_Desua4_0, 0.1, 0, 0.871, 0.148, 0.098, 0, 0.1, 0.1, 0
Node_Desua26_Desua30_0, 0.007, 0, 0.017, 0.023, 0.007, 0, 0.007, 0.003, 0.009
Node_Desua28_Desua35_0, 1.006, 0.002, 0.017, 0.05, 1, 0, 1.006, 0.839, 0.178
Node_Desua2_Desua8_0, 0.429, 0.002, 0.788, 0.42, 0.374, 0, 0.429, 0.208, 0.233
Node_Desua36_Desua38_0, 0.005, 0.001, 0.029, 0.036, 0.005, 0, 0.005, 0, 0.025
Node_Desua36_Desua39_0, 0.008, 0, 0.014, 0.02, 0.008, 0, 0.008, 0, 0.019
Node_Desua40_Desua31_0, 0.008, 0, 0.018, 0.015, 0.008, 0, 0.008, 0.001, 0.017
Node_Desua42_Desua11_0, 0.005, 0, 0.014, 0.016, 0.005, 0, 0.005, 0, 0.014
Node_Desua42_Desua12_0, 0.005, 0, 0.012, 0.015, 0.005, 0, 0.005, 0.001, 0.011
Node_Desua43_Desua50_0, 0.005, 0, 0.016, 0.014, 0.005, 0, 0.005, 0.001, 0.014
Node_Desua43_Desua52_0, 0.003, 0, 0.021, 0.024, 0.003, 0, 0.003, 0, 0.019
Node_Desua43_Desua54_0, 0.007, 0, 0.015, 0.016, 0.007, 0, 0.007, 0.002, 0.014
Node_Desua44_Desua36_0, 0.003, 0.001, 0.014, 0.016, 0.003, 0, 0.003, 0, 0.012
Node_Desua46_Desua25_0, 0.008, 0.001, 0.014, 0.028, 0.008, 0, 0.008, 0.001, 0.018
Node_Desua47_Desua29_0, 0.01, 0, 0.924, 0.042, 0.01, 0, 0.01, 0.006, 0.023
Node_Desua47_Desua37_0, 1.074, 0.001, 0.015, 0.051, 0.998, 0, 1.074, 0.798, 0.278
Node_Desua47_Desua41_0, 0.911, 0.006, 0.215, 0.276, 0.906, 0, 0.911, 0.881, 0.046
Node_Desua47_Desua53_0, 0.81, 0.071, 0.666, 0.388, 0.736, 0, 0.81, 0.063, 0.682
Node_Desua48_Desua33_0, 0.005, 0, 0.016, 0.017, 0.005, 0, 0.005, 0.001, 0.018
Node_Desua48_Desua40_0, 0.009, 0, 0.015, 0.011, 0.009, 0, 0.009, 0.004, 0.007
Node_Desua48_Desua42_0, 0.006, 0, 0.009, 0.01, 0.006, 0, 0.006, 0.003, 0.006
Node_Desua48_Desua46_0, 0.003, 0, 0.015, 0.015, 0.003, 0, 0.003, 0, 0.012
Node_Desua49_Desua21_0, 0.008, 0.001, 0.019, 0.031, 0.008, 0, 0.008, 0.001, 0.022
Node_Desua49_Desua32_0, 0.002, 0, 0.008, 0.006, 0.002, 0, 0.002, 0, 0.005
Node_Desua49_Desua44_0, 0.004, 0, 0.009, 0.01, 0.004, 0, 0.004, 0, 0.011
Node_Desua4_Desua1_0, 0.028, 0, 0.077, 0.046, 0.028, 0, 0.028, 0.024, 0.005
Node_Desua4_Desua48_0, 0.017, 0, 0.022, 0.016, 0.017, 0, 0.017, 0.011, 0.011
Node_Desua4_Desua49_0, 0.005, 0, 0.019, 0.012, 0.005, 0, 0.005, 0.003, 0.007
Node_Desua53_Desua51_0, 1.007, 0.002, 0.122, 0.144, 0.998, 0, 1.007, 0.708, 0.317
Node_Desua6_Desua19_0, 1.032, 0.023, 0.111, 1.147, 0.999, 0, 1.032, 0.884, 0.138
Node_Desua6_Desua2_0, 0.982, 0.015, 0.152, 1.002, 0.907, 0, 0.982, 0.897, 0.07
Node_Desua6_Desua7_0, 1.014, 0, 0.037, 0.03, 0.999, 0, 1.014, 1.005, 0.019
Node_Desua9_Desua17_0, 0.014, 0, 0.069, 0.05, 0.014, 0, 0.014, 0.011, 0.02
Node_Desua9_Desua18_0, 0.063, 0.001, 0.349, 0.151, 0.063, 0, 0.063, 0.059, 0.016
Node_Dorm2_Dorm1_0, 0.005, 0, 0.023, 0.022, 0.005, 0, 0.005, 0.002, 0.014
Node_Dorm2_Dorm3_0, 0.003, 0, 0.007, 0.008, 0.003, 0, 0.003, 0, 0.008
Node_Dorm2_Dorm4_0, 0.004, 0, 0.016, 0.021, 0.004, 0, 0.004, 0, 0.017
Node_Dorm2_Dorm5_0, 0.014, 0, 0.019, 0.028, 0.014, 0, 0.014, 0.001, 0.029
Node_Eise2_Eise1_0, 0.009, 0, 0.017, 0.023, 0.009, 0, 0.009, 0.001, 0.022
Node_Eise4_Eise2_0, 0.004, 0, 0.008, 0.009, 0.004, 0, 0.004, 0, 0.01
Node_Eise4_Eise3_0, 0.007, 0, 0.013, 0.015, 0.007, 0, 0.007, 0, 0.016
Node_Elus1_Elus2_0, 0.002, 0, 0.007, 0.008, 0.002, 0, 0.002, 0.002, 0.004
Node_Elus2_Elus3_0, 0.002, 0, 0.002, 0.003, 0.002, 0, 0.002, 0.001, 0.002
Node_Elus2_Elus5_0, 0.002, 0, 0.005, 0.008, 0.002, 0, 0.002, 0, 0.005
Node_Elus3_Elus4_0, 0, 0, 0.005, 0.01, 0, 0, 0, 0, 0.004
Node_Elus3_Elus6_0, 0.006, 0, 0.016, 0.02, 0.006, 0, 0.006, 0.001, 0.018
Node_Elus3_Elus7_0, 0.001, 0, 0.004, 0.004, 0.001, 0, 0.001, 0, 0.003
Node_Elus3_Elus9_0, 0.004, 0, 0.004, 0.008, 0.004, 0, 0.004, 0, 0.008
Node_Elus6_Elus8_0, 0.008, 0, 0.019, 0.029, 0.008, 0, 0.008, 0.002, 0.021
Node_Elus9_Elus10_0, 0.002, 0, 0.014, 0.015, 0.002, 0, 0.002, 0.001, 0.012
Node_Erem4_Erem5_0, 0.164, 0, 0.02, 0.024, 0.163, 0, 0.164, 0.029, 0.149
Node_Erem6_Erem2_0, 0.001, 0, 0.007, 0.011, 0.001, 0, 0.001, 0, 0.007
Node_Erem6_Erem3_0, 0.008, 0, 0.018, 0.02, 0.008, 0, 0.008, 0, 0.025
Node_Erem6_Erem4_0, 0.035, 0, 0.015, 0.014, 0.035, 0, 0.035, 0.005, 0.042
Node_FCPU1_FCPU2_0, 0.005, 0, 0.018, 0.02, 0.005, 0, 0.005, 0, 0.018
Node_Ferm1_Eise4_0, 0.002, 0, 0.004, 0.006, 0.002, 0, 0.002, 0.002, 0.003
Node_Ferm1_GemmA1_0, 0.002, 0, 0.004, 0.003, 0.002, 0, 0.002, 0, 0.004
Node_Ferm1_Krum1_0, 0, 0, 0.005, 0.004, 0, 0, 0, 0, 0.003
Node_Fibr4_Fibr2_0, 0.028, 0, 0.162, 0.09, 0.028, 0, 0.028, 0.024, 0.018
Node_Fibr4_Fibr3_0, 0.024, 0, 0.003, 0.005, 0.024, 0, 0.024, 0.01, 0.014
Node_Fibr4_Fibr5_0, 0.064, 0, 0.005, 0.028, 0.064, 0, 0.064, 0.021, 0.045
Node_Fibr4_Fibr6_0, 0.172, 0.003, 0.046, 0.057, 0.17, 0, 0.172, 0.024, 0.151
Node_Fibr5_Fibr1_0, 0.195, 0, 0.024, 0.064, 0.193, 0, 0.195, 0.044, 0.155
Node_FirmA102_FirmA76_0, 0.347, 0.004, 0.222, 0.27, 0.346, 0, 0.347, 0.189, 0.162
Node_FirmA104_FirmA78_0, 0.001, 0, 0.011, 0.013, 0.001, 0, 0.001, 0.001, 0.001
Node_FirmA106_FirmA114_0, 0.019, 0, 0.172, 0.077, 0.019, 0, 0.019, 0.018, 0.009
Node_FirmA109_FirmA77_0, 0.009, 0, 0.014, 0.014, 0.009, 0, 0.009, 0.002, 0.017
Node_FirmA109_FirmA95_0, 0.006, 0, 0.02, 0.021, 0.006, 0, 0.006, 0.001, 0.017
Node_FirmA114_FirmA98_0, 0.009, 0, 0.024, 0.021, 0.009, 0, 0.009, 0.005, 0.014
Node_FirmA11_FirmA67_0, 0.006, 0.001, 0.027, 0.01, 0.006, 0, 0.006, 0.002, 0.007
Node_FirmA12_FirmA93_0, 0.376, 0.001, 0.793, 0.413, 0.351, 0, 0.376, 0.199, 0.189
Node_FirmA14_FirmA113_0, 0.011, 0, 0.072, 0.084, 0.011, 0, 0.011, 0.011, 0.008
Node_FirmA18_FirmA103_0, 0.006, 0, 0.015, 0.019, 0.006, 0, 0.006, 0.001, 0.018
Node_FirmA20_FirmA100_0, 0.012, 0, 0.014, 0.013, 0.012, 0, 0.012, 0.007, 0.012
Node_FirmA20_FirmA24_0, 0.166, 0.005, 0.616, 0.222, 0.155, 0, 0.166, 0.122, 0.04
Node_FirmA20_FirmA25_0, 0.034, 0, 0.17, 0.069, 0.033, 0, 0.034, 0.029, 0.006
Node_FirmA20_FirmA38_0, 0.198, 0.005, 0.092, 0.096, 0.183, 0, 0.198, 0.075, 0.119
Node_FirmA20_FirmA52_0, 0.014, 0, 0.035, 0.035, 0.014, 0, 0.014, 0.009, 0.015
Node_FirmA21_FirmA108_0, 0.002, 0, 0.006, 0.002, 0.002, 0, 0.002, 0, 0.004
Node_FirmA21_FirmA47_0, 0.003, 0, 0.011, 0.013, 0.003, 0, 0.003, 0, 0.012
Node_FirmA21_FirmA88_0, 0.004, 0, 0.013, 0.01, 0.004, 0, 0.004, 0.001, 0.009
Node_FirmA24_FirmA1_0, 0.04, 0, 0.13, 0.068, 0.04, 0, 0.04, 0.039, 0.004
Node_FirmA24_FirmA8_0, 0.016, 0, 0.034, 0.028, 0.016, 0, 0.016, 0.011, 0.01
Node_FirmA25_FirmA56_0, 0.006, 0, 0.04, 0.029, 0.006, 0, 0.006, 0.003, 0.012
Node_FirmA26_FirmA102_0, 0.403, 0.006, 0.095, 0.154, 0.368, 0, 0.403, 0.166, 0.237
Node_FirmA26_FirmA2_0, 0.255, 0.001, 0.573, 0.271, 0.245, 0, 0.255, 0.185, 0.074
Node_FirmA26_FirmA41_0, 0.883, 0.004, 0.104, 0.228, 0.873, 0, 0.883, 0.857, 0.031
Node_FirmA26_FirmA7_0, 0.952, 0.014, 0.055, 0.307, 0.879, 0, 0.952, 0.355, 0.59
Node_FirmA27_FirmA71_0, 0.006, 0, 0.021, 0.018, 0.006, 0, 0.006, 0.002, 0.015
Node_FirmA27_FirmA89_0, 0.012, 0.001, 0.031, 0.018, 0.012, 0, 0.012, 0.007, 0.007
Node_FirmA28_FirmA94_0, 0.007, 0, 0.011, 0.016, 0.006, 0, 0.007, 0.003, 0.012
Node_FirmA29_FirmA51_0, 0.005, 0, 0.01, 0.013, 0.005, 0, 0.005, 0, 0.013
Node_FirmA38_FirmA32_0, 0.579, 0.019, 0.026, 0.193, 0.542, 0, 0.579, 0.171, 0.388
Node_FirmA43_FirmA39_0, 0.005, 0, 0.073, 0.023, 0.005, 0, 0.005, 0.003, 0.01
Node_FirmA45_FirmA40_0, 0.002, 0, 0.021, 0.023, 0.002, 0, 0.002, 0, 0.019
Node_FirmA50_FirmA70_0, 0.004, 0, 0.015, 0.017, 0.004, 0, 0.004, 0.001, 0.015
Node_FirmA52_FirmA107_0, 0.005, 0, 0.024, 0.031, 0.005, 0, 0.005, 0.001, 0.018
Node_FirmA52_FirmA42_0, 0.011, 0, 0.021, 0.016, 0.011, 0, 0.011, 0, 0.018
Node_FirmA53_FirmA35_0, 0.002, 0, 0.009, 0.009, 0.002, 0, 0.002, 0.001, 0.007
Node_FirmA55_FirmA29_0, 0.002, 0, 0.014, 0.021, 0.002, 0, 0.002, 0, 0.011
Node_FirmA58_FirmA43_0, 0.068, 0, 0.008, 0.019, 0.067, 0, 0.068, 0.007, 0.067
Node_FirmA59_FirmA36_0, 0, 0, 0.007, 0.008, 0, 0, 0, 0, 0.007
Node_FirmA59_FirmA44_0, 0, 0, 0.008, 0.007, 0, 0, 0, 0, 0.004
Node_FirmA59_FirmA48_0, 0.002, 0, 0.013, 0.018, 0.002, 0, 0.002, 0, 0.015
Node_FirmA60_FirmA74_0, 0.007, 0, 0.019, 0.028, 0.007, 0, 0.007, 0, 0.025
Node_FirmA61_FirmA66_0, 0.005, 0, 0.015, 0.012, 0.005, 0, 0.005, 0.002, 0.013
Node_FirmA62_FirmA104_0, 0.011, 0.001, 0.022, 0.018, 0.011, 0, 0.011, 0.009, 0.002
Node_FirmA62_FirmA58_0, 0.009, 0, 0.011, 0.016, 0.009, 0, 0.009, 0.006, 0.009
Node_FirmA62_FirmA6_0, 0.005, 0, 0.011, 0.008, 0.005, 0, 0.005, 0.002, 0.007
Node_FirmA63_FirmA109_0, 0.006, 0, 0.012, 0.01, 0.006, 0, 0.006, 0.002, 0.007
Node_FirmA63_FirmA10_0, 0.005, 0, 0.008, 0.01, 0.005, 0, 0.005, 0.001, 0.007
Node_FirmA63_FirmA30_0, 0.005, 0, 0.013, 0.013, 0.005, 0, 0.005, 0.001, 0.013
Node_FirmA63_FirmA45_0, 0.004, 0, 0.018, 0.024, 0.004, 0, 0.004, 0.001, 0.017
Node_FirmA63_FirmA57_0, 0.031, 0, 0.114, 0.072, 0.031, 0, 0.031, 0.025, 0.008
Node_FirmA63_FirmA99_0, 0.011, 0, 0.03, 0.015, 0.011, 0, 0.011, 0.008, 0.01
Node_FirmA64_FirmA33_0, 0.003, 0, 0.005, 0.006, 0.003, 0, 0.003, 0.002, 0.004
Node_FirmA65_FirmA5_0, 0.006, 0, 0.016, 0.019, 0.006, 0, 0.006, 0.003, 0.016
Node_FirmA65_FirmA64_0, 0.004, 0, 0.008, 0.01, 0.004, 0, 0.004, 0, 0.009
Node_FirmA65_FirmA69_0, 0.003, 0, 0.006, 0.005, 0.003, 0, 0.003, 0.001, 0.003
Node_FirmA65_FirmA97_0, 0.006, 0, 0.009, 0.01, 0.006, 0, 0.006, 0.001, 0.011
Node_FirmA67_FirmA37_0, 0.007, 0, 0.01, 0.01, 0.007, 0, 0.007, 0.006, 0.004
Node_FirmA67_FirmA50_0, 0.004, 0, 0.012, 0.013, 0.004, 0, 0.004, 0.001, 0.009
Node_FirmA67_FirmA79_0, 0.003, 0, 0.012, 0.011, 0.003, 0, 0.003, 0, 0.011
Node_FirmA67_FirmA87_0, 0.013, 0, 0.004, 0.009, 0.013, 0, 0.013, 0.003, 0.011
Node_FirmA69_FirmA28_0, 0.006, 0.001, 0.009, 0.01, 0.006, 0, 0.006, 0.001, 0.011
Node_FirmA69_FirmA72_0, 0.006, 0, 0.007, 0.01, 0.006, 0, 0.006, 0.002, 0.007
Node_FirmA72_FirmA73_0, 0.003, 0, 0.014, 0.013, 0.003, 0, 0.003, 0.001, 0.011
Node_FirmA7_FirmA12_0, 0.979, 0.007, 0.041, 0.21, 0.893, 0, 0.979, 0.892, 0.097
Node_FirmA7_FirmA90_0, 0.916, 0.002, 0.076, 0.178, 0.857, 0, 0.916, 0.887, 0.038
Node_FirmA80_FirmA34_0, 0.142, 0.001, 0.006, 0.044, 0.142, 0, 0.142, 0.031, 0.114
Node_FirmA81_FirmA14_0, 0.075, 0.001, 0.19, 0.166, 0.075, 0, 0.075, 0.073, 0.002
Node_FirmA81_FirmA19_0, 0.013, 0, 0.067, 0.049, 0.013, 0, 0.013, 0.013, 0.005
Node_FirmA81_FirmA84_0, 0.41, 0.012, 0.004, 0.032, 0.397, 0, 0.41, 0.083, 0.315
Node_FirmA81_FirmA92_0, 0.262, 0.002, 0.159, 0.052, 0.262, 0, 0.262, 0.254, 0.009
Node_FirmA83_FirmA11_0, 0.025, 0, 0.002, 0.002, 0.025, 0, 0.025, 0.006, 0.019
Node_FirmA83_FirmA49_0, 0.004, 0, 0.018, 0.02, 0.004, 0, 0.004, 0, 0.012
Node_FirmA83_FirmA55_0, 0.005, 0, 0.009, 0.012, 0.005, 0, 0.005, 0, 0.008
Node_FirmA83_FirmA59_0, 0.004, 0, 0.086, 0.005, 0.004, 0, 0.004, 0.002, 0.003
Node_FirmA83_FirmA65_0, 0.006, 0, 0.003, 0.009, 0.006, 0, 0.006, 0.003, 0.005
Node_FirmA83_FirmA81_0, 0.087, 0.001, 0.001, 0.008, 0.086, 0, 0.087, 0.024, 0.062
Node_FirmA83_FirmA86_0, 0.01, 0, 0.01, 0.015, 0.01, 0, 0.01, 0.003, 0.015
Node_FirmA84_FirmA111_0, 0.969, 0.001, 0.007, 0.051, 0.95, 0, 0.969, 0.407, 0.565
Node_FirmA84_FirmA16_0, 0.759, 0.003, 0.034, 0.308, 0.753, 0, 0.759, 0.724, 0.037
Node_FirmA84_FirmA20_0, 0.737, 0.007, 0.265, 0.386, 0.715, 0, 0.737, 0.7, 0.026
Node_FirmA84_FirmA26_0, 0.753, 0.008, 0.025, 0.317, 0.729, 0, 0.753, 0.711, 0.033
Node_FirmA84_FirmA46_0, 0.033, 0, 0.11, 0.068, 0.032, 0, 0.033, 0.029, 0.006
Node_FirmA84_FirmA63_0, 0.137, 0.001, 0.629, 0.295, 0.135, 0, 0.137, 0.134, 0.006
Node_FirmA84_FirmA9_0, 0.013, 0, 0.033, 0.026, 0.013, 0, 0.013, 0.009, 0.013
Node_FirmA85_DTU0X1_0, 0.001, 0, 0.004, 0.005, 0.001, 0, 0.001, 0, 0.001
Node_FirmA85_FirmA60_0, 0.001, 0, 0.007, 0.007, 0.001, 0, 0.001, 0, 0.007
Node_FirmA85_FirmC13_0, 0.004, 0, 0.003, 0.001, 0.004, 0, 0.004, 0.002, 0.002
Node_FirmA86_FirmA61_0, 0.007, 0, 0.016, 0.019, 0.007, 0, 0.007, 0.001, 0.013
Node_FirmA87_FirmA106_0, 0.182, 0.001, 0.013, 0.069, 0.181, 0, 0.182, 0.025, 0.164
Node_FirmA87_FirmA62_0, 0.03, 0, 0.009, 0.022, 0.03, 0, 0.03, 0.014, 0.019
Node_FirmA87_FirmA96_0, 0.02, 0.001, 0.009, 0.022, 0.02, 0, 0.02, 0.009, 0.015
Node_FirmA88_FirmA101_0, 0.004, 0, 0.012, 0.014, 0.004, 0, 0.004, 0.001, 0.012
Node_FirmA89_FirmA105_0, 0.006, 0, 0.016, 0.016, 0.006, 0, 0.006, 0.003, 0.014
Node_FirmA89_FirmA110_0, 0.008, 0, 0.025, 0.031, 0.008, 0, 0.008, 0.002, 0.027
Node_FirmA89_FirmA21_0, 0.008, 0, 0.012, 0.011, 0.008, 0, 0.008, 0.002, 0.008
Node_FirmA89_FirmA31_0, 0.004, 0, 0.011, 0.015, 0.004, 0, 0.004, 0.002, 0.011
Node_FirmA89_FirmA53_0, 0.004, 0, 0.037, 0.014, 0.004, 0, 0.004, 0.002, 0.008
Node_FirmA89_FirmA68_0, 0.008, 0, 0.015, 0.018, 0.008, 0, 0.008, 0.001, 0.019
Node_FirmA89_FirmA80_0, 0.033, 0, 0.007, 0.018, 0.033, 0, 0.033, 0.005, 0.032
Node_FirmA90_FirmA112_0, 0.105, 0, 0.821, 0.317, 0.105, 0, 0.105, 0.104, 0.01
Node_FirmA92_FirmA54_0, 0.343, 0, 0.014, 0.041, 0.342, 0, 0.343, 0.254, 0.095
Node_FirmA94_FirmA75_0, 0.01, 0, 0.015, 0.02, 0.01, 0, 0.01, 0.001, 0.018
Node_FirmA96_FirmA27_0, 0.035, 0, 0.009, 0.015, 0.035, 0, 0.035, 0.013, 0.024
Node_FirmA96_FirmA91_0, 0.151, 0.001, 0.019, 0.067, 0.15, 0, 0.151, 0.031, 0.134
Node_FirmA99_FirmA18_0, 0.003, 0, 0.016, 0.016, 0.003, 0, 0.003, 0, 0.008
Node_FirmB16_FirmB13_0, 0.008, 0, 0.019, 0.019, 0.008, 0, 0.008, 0.002, 0.019
Node_FirmB17_FirmB15_0, 0.005, 0, 0.015, 0.017, 0.005, 0, 0.005, 0.002, 0.015
Node_FirmB2_FirmB11_0, 0.997, 0, 0.033, 0.028, 0.993, 0, 0.997, 0.991, 0.02
Node_FirmB2_FirmB12_0, 1.01, 0.002, 0.107, 0.309, 0.994, 0, 1.01, 0.217, 0.804
Node_FirmB3_FirmB14_0, 0.192, 0, 0.022, 0.052, 0.19, 0, 0.192, 0.022, 0.187
Node_FirmB4_FirmB17_0, 0.005, 0, 0.018, 0.019, 0.005, 0, 0.005, 0.001, 0.016
Node_FirmB4_FirmB1_0, 0.007, 0, 0.035, 0.016, 0.007, 0, 0.007, 0.002, 0.015
Node_FirmB4_FirmB3_0, 0.027, 0, 0.006, 0.005, 0.026, 0, 0.027, 0.011, 0.018
Node_FirmB6_FirmB7_0, 0.01, 0, 0.064, 0.026, 0.01, 0, 0.01, 0.005, 0.012
Node_FirmB8_FirmB16_0, 0.008, 0, 0.02, 0.012, 0.008, 0, 0.008, 0.002, 0.013
Node_FirmB8_FirmB4_0, 0.015, 0, 0.021, 0.014, 0.014, 0, 0.015, 0.011, 0.01
Node_FirmB8_FirmB5_0, 0.007, 0.001, 0.016, 0.016, 0.007, 0, 0.007, 0.002, 0.014
Node_FirmB8_FirmB9_0, 0.026, 0, 0.022, 0.016, 0.025, 0, 0.026, 0.014, 0.014
Node_FirmB9_FirmB10_0, 0.479, 0.002, 0.228, 0.176, 0.42, 0, 0.479, 0.104, 0.394
Node_FirmB9_FirmB2_0, 0.311, 0.003, 0.012, 0.078, 0.281, 0, 0.311, 0.056, 0.258
Node_FirmB9_FirmB6_0, 0.062, 0, 0.021, 0.031, 0.058, 0, 0.062, 0.012, 0.057
Node_FirmC10_FirmC14_0, 0.062, 0, 0.243, 0.187, 0.062, 0, 0.062, 0.058, 0.018
Node_FirmC10_FirmC18_0, 0.287, 0.001, 0.019, 0.067, 0.286, 0, 0.287, 0.044, 0.256
Node_FirmC10_FirmC19_0, 0.049, 0.001, 0.036, 0.044, 0.048, 0, 0.049, 0.003, 0.063
Node_FirmC11_FirmC3_0, 0.6, 0, 0.489, 0.035, 0.595, 0, 0.6, 0.54, 0.067
Node_FirmC13_FirmB8_0, 0.034, 0.001, 0.005, 0.022, 0.033, 0, 0.034, 0.005, 0.031
Node_FirmC13_FirmC10_0, 0.021, 0, 0.681, 0.035, 0.021, 0, 0.021, 0.016, 0.013
Node_FirmC13_FirmC17_0, 0.008, 0, 0.027, 0.021, 0.008, 0, 0.008, 0.006, 0.014
Node_FirmC13_FirmC5_0, 0.688, 0.01, 0.006, 0.078, 0.675, 0, 0.688, 0.032, 0.65
Node_FirmC13_FirmC8_0, 0.689, 0, 0.028, 0.05, 0.681, 0, 0.689, 0.665, 0.029
Node_FirmC13_Firms33_0, 0.007, 0, 0.003, 0.004, 0.007, 0, 0.007, 0.002, 0.006
Node_FirmC15_FirmC12_0, 0.006, 0, 0.976, 0.022, 0.006, 0, 0.006, 0, 0.019
Node_FirmC1_FirmC4_0, 0.904, 0.005, 0.17, 0.204, 0.893, 0, 0.904, 0.874, 0.029
Node_FirmC6_FirmC16_0, 0.962, 0, 0.097, 0.028, 0.956, 0, 0.962, 0.954, 0.019
Node_FirmC6_FirmC1_0, 1.04, 0.003, 0.033, 0.035, 0.991, 0, 1.04, 1.013, 0.034
Node_FirmC8_FirmC11_0, 1.022, 0.013, 0.058, 0.072, 0.993, 0, 1.022, 0.979, 0.031
Node_FirmC8_FirmC15_0, 0.963, 0, 0.087, 0.017, 0.96, 0, 0.963, 0.944, 0.029
Node_FirmC8_FirmC6_0, 1.036, 0.035, 0.016, 0.13, 0.993, 0, 1.036, 0.709, 0.283
Node_FirmC8_FirmC7_0, 1.021, 0, 0.033, 0.039, 1, 0, 1.021, 1.006, 0.032
Node_FirmC8_FirmC9_0, 0.734, 0.002, 0.023, 0.063, 0.732, 0, 0.734, 0.672, 0.066
Node_FirmD2_FirmD3_0, 0.01, 0, 0.005, 0.008, 0.01, 0, 0.01, 0.001, 0.011
Node_FirmD4_FirmD2_0, 0.004, 0, 0.005, 0.006, 0.004, 0, 0.004, 0.001, 0.003
Node_FirmE4_FirmE6_0, 0.006, 0, 0.018, 0.019, 0.006, 0, 0.006, 0.001, 0.019
Node_FirmE5_FirmA85_0, 0.005, 0, 0.013, 0.01, 0.005, 0, 0.005, 0.004, 0.002
Node_FirmE5_FirmE3_0, 0.001, 0, 0.012, 0.014, 0.001, 0, 0.001, 0, 0.008
Node_FirmE5_FirmE4_0, 0.005, 0, 0.011, 0.009, 0.005, 0, 0.005, 0.001, 0.008
Node_FirmE5_FirmE7_0, 0.008, 0, 0.007, 0.01, 0.008, 0, 0.008, 0.003, 0.01
Node_FirmE7_FirmE1_0, 0.006, 0, 0.004, 0.004, 0.006, 0, 0.006, 0.005, 0.002
Node_FirmE7_FirmE2_0, 0.01, 0, 0.014, 0.015, 0.01, 0, 0.01, 0.002, 0.018
Node_FirmE7_FirmE8_0, 0.005, 0, 0.024, 0.025, 0.005, 0, 0.005, 0, 0.019
Node_FirmF1_FirmF2_0, 0.043, 0, 0.008, 0.038, 0.043, 0, 0.043, 0.012, 0.036
Node_FirmF1_FirmG6_0, 0.015, 0.001, 0.001, 0.015, 0.014, 0, 0.015, 0.012, 0.001
Node_FirmF2_FirmF3_0, 1.008, 0.011, 0.021, 0.487, 0.998, 0, 1.008, 0.041, 0.975
Node_FirmG5_FirmG1_0, 0.066, 0.001, 0.359, 0.152, 0.065, 0, 0.066, 0.06, 0.009
Node_FirmG5_FirmG2_0, 0.415, 0.005, 0.014, 0.136, 0.372, 0, 0.415, 0.07, 0.351
Node_FirmG6_FirmE5_0, 0.016, 0, 0.001, 0.004, 0.016, 0, 0.016, 0.014, 0.002
Node_FirmG6_FirmG3_0, 0.005, 0, 0.017, 0.012, 0.005, 0, 0.005, 0.004, 0.006
Node_FirmG6_FirmG4_0, 0.016, 0, 0.064, 0.04, 0.016, 0, 0.016, 0.014, 0.007
Node_FirmG6_FirmG5_0, 0.073, 0.003, 0.007, 0.034, 0.068, 0, 0.073, 0.015, 0.061
Node_Firms11_Firms17_0, 0.001, 0.001, 0.01, 0.01, 0.001, 0, 0.001, 0, 0.009
Node_Firms13_Firms1_0, 0.003, 0, 0.007, 0.009, 0.003, 0, 0.003, 0, 0.01
Node_Firms1_Firms10_0, 0.008, 0, 0.014, 0.017, 0.008, 0, 0.008, 0, 0.019
Node_Firms20_Firms12_0, 0.005, 0, 0.013, 0.019, 0.005, 0, 0.005, 0, 0.014
Node_Firms20_Firms29_0, 0.006, 0, 0.015, 0.02, 0.006, 0, 0.006, 0.001, 0.016
Node_Firms22_Firms27_0, 0.001, 0.001, 0.002, 0.003, 0.001, 0, 0.001, 0, 0.002
Node_Firms23_Firms18_0, 0.01, 0, 0.016, 0.019, 0.01, 0, 0.01, 0.001, 0.018
Node_Firms24_Firms26_0, 0.001, 0, 0.018, 0.02, 0.001, 0, 0.001, 0.001, 0.013
Node_Firms30_Firms31_0, 0.001, 0.001, 0.013, 0.013, 0.001, 0, 0.001, 0, 0.01
Node_Firms32_Firms25_0, 0.006, 0, 0.012, 0.012, 0.006, 0, 0.006, 0.001, 0.014
Node_Firms33_FirmA83_0, 0.008, 0, 0.004, 0.002, 0.008, 0, 0.008, 0.004, 0.005
Node_Firms33_FirmD1_0, 0.004, 0, 0.003, 0.003, 0.004, 0, 0.004, 0.003, 0.001
Node_Firms33_FirmD4_0, 0.006, 0, 0.004, 0.004, 0.006, 0, 0.006, 0.004, 0.002
Node_Firms33_Firms11_0, 0.001, 0, 0.002, 0.002, 0.001, 0, 0.001, 0, 0.003
Node_Firms33_Firms13_0, 0, 0, 0.004, 0.004, 0, 0, 0, 0, 0.001
Node_Firms33_Firms15_0, 0.001, 0, 0.003, 0.004, 0.001, 0, 0.001, 0, 0.003
Node_Firms33_Firms16_0, 0.002, 0, 0.003, 0.008, 0.002, 0, 0.002, 0, 0.004
Node_Firms33_Firms20_0, 0.004, 0, 0.002, 0.005, 0.004, 0, 0.004, 0.001, 0.004
Node_Firms33_Firms21_0, 0.002, 0, 0.004, 0.003, 0.002, 0, 0.002, 0, 0.004
Node_Firms33_Firms22_0, 0, 0, 0.001, 0.001, 0, 0, 0, 0, 0.001
Node_Firms33_Firms23_0, 0.008, 0, 0.015, 0.019, 0.008, 0, 0.008, 0, 0.019
Node_Firms33_Firms28_0, 0.004, 0, 0.007, 0.008, 0.004, 0, 0.004, 0.001, 0.006
Node_Firms33_Firms2_0, 0.001, 0, 0.015, 0.019, 0.001, 0, 0.001, 0, 0.012
Node_Firms33_Firms30_0, 0.003, 0, 0.005, 0.006, 0.003, 0, 0.003, 0.001, 0.004
Node_Firms33_Firms32_0, 0.004, 0, 0.013, 0.012, 0.004, 0, 0.004, 0, 0.016
Node_Firms33_Firms3_0, 0, 0, 0.001, 0.002, 0, 0, 0, 0, 0.001
Node_Firms33_Firms5_0, 0.001, 0, 0.001, 0.002, 0.001, 0, 0.001, 0, 0.002
Node_Firms33_Firms6_0, 0.003, 0, 0.002, 0.001, 0.003, 0, 0.003, 0, 0.004
Node_Firms33_Firms7_0, 0, 0, 0.002, 0.002, 0, 0, 0, 0, 0.001
Node_Firms33_Firms8_0, 0.001, 0, 0.004, 0.004, 0.001, 0, 0.001, 0.001, 0.001
Node_Firms33_Firms9_0, 0.005, 0, 0.009, 0.013, 0.005, 0, 0.005, 0.001, 0.011
Node_Firms8_Firms24_0, 0.006, 0, 0.011, 0.01, 0.006, 0, 0.006, 0, 0.012
Node_Firms8_Firms4_0, 0.005, 0, 0.004, 0.005, 0.005, 0, 0.005, 0, 0.008
Node_Gemm2_Gemm4_0, 0.238, 0, 0.029, 0.077, 0.236, 0, 0.238, 0.046, 0.216
Node_Gemm3_Gemm6_0, 0.007, 0, 0.02, 0.019, 0.007, 0, 0.007, 0.001, 0.019
Node_Gemm5_Gemm8_0, 0.001, 0, 0.004, 0.004, 0.001, 0, 0.001, 0, 0.005
Node_Gemm5_Gemm9_0, 0.005, 0, 0.001, 0.002, 0.005, 0, 0.005, 0.001, 0.005
Node_Gemm9_Gemm2_0, 0.051, 0, 0.01, 0.023, 0.051, 0, 0.051, 0.005, 0.056
Node_Gemm9_Gemm3_0, 0.008, 0, 0.022, 0.023, 0.008, 0, 0.008, 0.003, 0.016
Node_Gemm9_Gemm7_0, 0.014, 0, 0.05, 0.032, 0.014, 0, 0.014, 0.007, 0.013
Node_Gold1_FCPU1_0, 0.005, 0, 0.033, 0.016, 0.005, 0, 0.005, 0.005, 0.001
Node_Gold1_Fire1_0, 0.037, 0, 0.017, 0.018, 0.037, 0, 0.037, 0.026, 0.012
Node_Gold1_Gold2_0, 0.006, 0, 0.017, 0.019, 0.006, 0, 0.006, 0.003, 0.018
Node_Hydr2_Abys1_0, 0.014, 0, 0.037, 0.023, 0.014, 0, 0.014, 0.014, 0.001
Node_Hydr2_Hydr1_0, 0.005, 0, 0.025, 0.035, 0.005, 0, 0.005, 0.001, 0.016
Node_Hydr2_Plan43_0, 0.226, 0.005, 0.046, 0.124, 0.216, 0.001, 0.226, 0.195, 0.024
Node_Hydr2_Sume1_0, 0.05, 0, 0.176, 0.093, 0.049, 0, 0.05, 0.05, 0
Node_KSB1X2_KSB1X4_0, 0.007, 0, 0.017, 0.016, 0.007, 0, 0.007, 0.001, 0.018
Node_KSB1X3_KSB1X1_0, 0.005, 0, 0.011, 0.013, 0.005, 0, 0.005, 0, 0.012
Node_Late1_Late3_0, 0.002, 0, 0.009, 0.011, 0.002, 0, 0.002, 0, 0.009
Node_Late2_Late1_0, 0.002, 0, 0.004, 0.003, 0.002, 0, 0.002, 0, 0.004
Node_Lind1_Lind2_0, 0.962, 0.004, 0.027, 0.43, 0.806, 0, 0.962, 0.777, 0.195
Node_Lind1_Lind4_0, 0.79, 0.017, 0.075, 0.365, 0.739, 0, 0.79, 0.763, 0.004
Node_Marg1_Marg2_0, 0, 0, 0.002, 0.001, 0, 0, 0, 0, 0
Node_Marg1_Marg6_0, 0.005, 0, 0.002, 0.004, 0.005, 0, 0.005, 0, 0.007
Node_Marg2_Marg7_0, 0.002, 0, 0.015, 0.023, 0.002, 0, 0.002, 0, 0.017
Node_Mari3_Mari2_0, 0.005, 0, 0.033, 0.027, 0.005, 0, 0.005, 0.003, 0.006
Node_Mari3_Mari6_0, 0.032, 0, 0.021, 0.03, 0.032, 0, 0.032, 0.014, 0.022
Node_Mari6_Mari1_0, 0.013, 0, 0.09, 0.046, 0.013, 0, 0.013, 0.009, 0.017
Node_Mari6_Mari5_0, 0.086, 0, 0.013, 0.047, 0.086, 0, 0.086, 0.026, 0.067
Node_Meth2_Meth1_0, 0.012, 0, 0.015, 0.023, 0.012, 0, 0.012, 0.001, 0.023
Node_Meth4_Meth3_0, 0.004, 0, 0.023, 0.028, 0.004, 0, 0.004, 0, 0.023
Node_Meth5_Meth2_0, 0.004, 0, 0.003, 0.008, 0.004, 0, 0.004, 0, 0.005
Node_Meth5_Meth4_0, 0.004, 0, 0.014, 0.012, 0.004, 0, 0.004, 0, 0.014
Node_Meth5_NitsA1_0, 0.127, 0.001, 0.144, 0.1, 0.125, 0, 0.127, 0.121, 0.008
Node_Meth5_SZUA1_0, 0.002, 0, 0.018, 0.015, 0.002, 0, 0.002, 0.002, 0.003
Node_Meth5_Sche1_0, 0.017, 0, 0.116, 0.03, 0.017, 0, 0.017, 0.013, 0.006
Node_MyxA1_MyxA2_0, 0.024, 0, 0.046, 0.055, 0.023, 0, 0.024, 0.017, 0.011
Node_MyxA1_MyxA4_0, 0.059, 0.001, 0.696, 0.241, 0.059, 0, 0.059, 0.057, 0.007
Node_MyxA2_MyxA3_0, 0.008, 0.001, 0.036, 0.035, 0.007, 0, 0.008, 0.003, 0.019
Node_Myxo10_Bdell6_0, 0.752, 0.021, 0.021, 0.163, 0.715, 0, 0.752, 0.703, 0.014
Node_Myxo10_MyxA1_0, 0.747, 0.013, 0.043, 0.144, 0.707, 0, 0.747, 0.702, 0.025
Node_Myxo10_Myxo11_0, 0.836, 0.027, 0.018, 0.147, 0.745, 0, 0.836, 0.707, 0.08
Node_Myxo10_Myxo14_0, 0.47, 0.005, 0.42, 0.354, 0.434, 0, 0.47, 0.414, 0.049
Node_Myxo10_Myxo15_0, 0.177, 0.002, 0.193, 0.112, 0.168, 0, 0.177, 0.114, 0.068
Node_Myxo10_Myxo17_0, 0.3, 0.003, 0.317, 0.241, 0.278, 0, 0.3, 0.159, 0.144
Node_Myxo11_Bdell13_0, 0.815, 0.021, 0.145, 0.183, 0.753, 0, 0.815, 0.678, 0.103
Node_Myxo11_Myxo13_0, 1.021, 0.016, 0.051, 0.843, 1, 0, 1.021, 0.708, 0.299
Node_Myxo11_Myxo8_0, 0.757, 0.024, 0.132, 0.728, 0.725, 0, 0.757, 0.679, 0.05
Node_Myxo14_Myxo2_0, 0.22, 0.005, 0.111, 0.104, 0.206, 0, 0.22, 0.161, 0.052
Node_Myxo14_Myxo3_0, 0.516, 0.004, 0.113, 0.251, 0.459, 0, 0.516, 0.359, 0.155
Node_Myxo14_Myxo5_0, 0.157, 0.001, 0.128, 0.096, 0.146, 0, 0.157, 0.097, 0.064
Node_Myxo14_Myxo6_0, 0.42, 0, 0.058, 0.089, 0.379, 0, 0.42, 0.113, 0.321
Node_Myxo14_Myxo9_0, 0.274, 0.002, 0.267, 0.216, 0.255, 0, 0.274, 0.252, 0.023
Node_Myxo15_Myxo18_0, 0.5, 0.002, 0.032, 0.198, 0.435, 0, 0.5, 0.159, 0.353
Node_Myxo17_Myxo19_0, 1.017, 0.004, 0.173, 0.213, 0.999, 0, 1.017, 0.141, 0.886
Node_Myxo2_Myxo1_0, 0.244, 0, 0.107, 0.065, 0.241, 0, 0.244, 0.116, 0.131
Node_Myxo8_Myxo7_0, 0.451, 0.002, 0.589, 0.466, 0.384, 0, 0.451, 0.179, 0.281
Node_Nitr10_Nitr3_0, 1.011, 0.002, 0.016, 0.016, 1, 0, 1.011, 0.998, 0.021
Node_Nitr10_Nitr4_0, 1.004, 0.001, 0.009, 0.024, 1, 0, 1.004, 0.175, 0.836
Node_Nitr10_Nitr6_0, 1.005, 0, 0.022, 0.023, 1, 0, 1.005, 1.002, 0.016
Node_Nitr14_CG294X1_0, 0.077, 0.003, 0.191, 0.116, 0.077, 0, 0.077, 0.074, 0.003
Node_Nitr14_Meth5_0, 0.262, 0.007, 0.61, 0.32, 0.26, 0, 0.262, 0.253, 0.003
Node_Nitr14_Nitr12_0, 0.005, 0, 0.015, 0.015, 0.005, 0, 0.005, 0, 0.015
Node_Nitr14_Nitr13_0, 0.005, 0, 0.006, 0.007, 0.005, 0, 0.005, 0.001, 0.008
Node_Nitr14_Nitr15_0, 0.044, 0.001, 0.043, 0.039, 0.044, 0, 0.044, 0.036, 0.009
Node_Nitr14_Nitr16_0, 0.005, 0, 0.01, 0.009, 0.005, 0, 0.005, 0, 0.01
Node_Nitr14_Nitr2_0, 0.003, 0, 0.013, 0.011, 0.003, 0, 0.003, 0, 0.009
Node_Nitr14_Nitr9_0, 0.007, 0, 0.042, 0.029, 0.007, 0, 0.007, 0.006, 0.005
Node_Nitr15_Nitr10_0, 0.176, 0, 0.009, 0.01, 0.175, 0, 0.176, 0.05, 0.13
Node_Nitr15_Nitr1_0, 0.065, 0.002, 0.016, 0.024, 0.063, 0, 0.065, 0.029, 0.035
Node_Nitr15_Nitr8_0, 0.055, 0, 0.037, 0.017, 0.054, 0, 0.055, 0.03, 0.027
Node_Nitr16_Nitr11_0, 0.009, 0, 0.018, 0.019, 0.009, 0, 0.009, 0.001, 0.02
Node_Nitr16_Nitr17_0, 0.007, 0, 0.016, 0.021, 0.007, 0, 0.007, 0, 0.018
Node_Nitr17_Nitr5_0, 0.007, 0, 0.017, 0.018, 0.007, 0, 0.007, 0.001, 0.017
Node_Nitr9_Nitr7_0, 0.003, 0, 0.014, 0.015, 0.003, 0, 0.003, 0.001, 0.01
Node_Nits1_Nits3_0, 1.002, 0, 0.015, 0.028, 0.998, 0, 1.002, 0.249, 0.764
Node_Nits4_Nits2_0, 0.006, 0, 0.139, 0.022, 0.006, 0, 0.006, 0.004, 0.015
Node_NitsA1_NitsA2_0, 0.007, 0, 0.122, 0.03, 0.007, 0, 0.007, 0.002, 0.024
Node_NitsA1_NitsA3_0, 0.105, 0, 0.034, 0.031, 0.105, 0, 0.105, 0.1, 0.012
Node_NitsA3_Nits1_0, 0.253, 0.001, 0.014, 0.013, 0.253, 0, 0.253, 0.123, 0.136
Node_NitsA3_Nits4_0, 0.13, 0, 0.01, 0.014, 0.13, 0, 0.13, 0.1, 0.035
Node_Omni4_Omni2_0, 1.011, 0.009, 0.023, 0.285, 1, 0, 1.011, 0.362, 0.651
Node_Omni4_Omni3_0, 0.287, 0.003, 0.034, 0.116, 0.284, 0, 0.287, 0.272, 0.014
Node_Omni4_Omni7_0, 0.374, 0.006, 0.02, 0.132, 0.37, 0, 0.374, 0.267, 0.101
Node_Omni4_Omni8_0, 0.304, 0.007, 0.135, 0.17, 0.298, 0, 0.304, 0.199, 0.095
Node_Omni8_Omni6_0, 0.378, 0.007, 0.045, 0.231, 0.374, 0, 0.378, 0.264, 0.112
Node_P4572X1_Ferm1_0, 0.003, 0, 0.002, 0, 0.003, 0, 0.003, 0.002, 0.001
Node_P4572X1_Gemm5_0, 0, 0, 0.003, 0.001, 0, 0, 0, 0, 0
Node_Pate13_Pate34_0, 0.006, 0, 0.012, 0.018, 0.006, 0, 0.006, 0.002, 0.01
Node_Pate13_Pate6_0, 0.008, 0, 0.009, 0.011, 0.008, 0, 0.008, 0.002, 0.011
Node_Pate14_Pate35_0, 0.003, 0, 0.008, 0.009, 0.003, 0, 0.003, 0, 0.01
Node_Pate14_Pate5_0, 0.001, 0, 0.006, 0.006, 0.001, 0, 0.001, 0, 0.005
Node_Pate15_Pate29_0, 0.009, 0, 0.018, 0.026, 0.009, 0, 0.009, 0.001, 0.023
Node_Pate17_Pate18_0, 0.005, 0, 0.004, 0.005, 0.005, 0, 0.005, 0, 0.008
Node_Pate17_Pate19_0, 0.001, 0, 0, 0, 0.001, 0, 0.001, 0, 0.001
Node_Pate17_Pate8_0, 0.006, 0, 0.005, 0.005, 0.006, 0, 0.006, 0.002, 0.006
Node_Pate18_Pate38_0, 0.005, 0, 0.012, 0.023, 0.005, 0, 0.005, 0.001, 0.014
Node_Pate18_Pate9_0, 0.003, 0, 0.005, 0.007, 0.003, 0, 0.003, 0.002, 0.003
Node_Pate19_Pate37_0, 0.009, 0, 0.01, 0.017, 0.009, 0, 0.009, 0.001, 0.015
Node_Pate19_Pate4_0, 0.004, 0, 0.005, 0.006, 0.004, 0, 0.004, 0, 0.008
Node_Pate1_Pate50_0, 0.002, 0, 0.009, 0.014, 0.002, 0, 0.002, 0, 0.007
Node_Pate21_Pate15_0, 0.004, 0, 0.003, 0.006, 0.004, 0, 0.004, 0, 0.006
Node_Pate21_Pate26_0, 0.001, 0, 0.001, 0.003, 0.001, 0, 0.001, 0.001, 0
Node_Pate24_Pate13_0, 0.006, 0, 0.005, 0.008, 0.006, 0, 0.006, 0.001, 0.009
Node_Pate24_Pate14_0, 0.002, 0, 0.006, 0.006, 0.002, 0, 0.002, 0.001, 0.005
Node_Pate24_Pate39_0, 0.004, 0, 0.008, 0.01, 0.004, 0, 0.004, 0, 0.008
Node_Pate24_Pate54_0, 0.004, 0, 0.01, 0.01, 0.004, 0, 0.004, 0.001, 0.008
Node_Pate25_Pate17_0, 0, 0, 0.001, 0, 0, 0, 0, 0, 0
Node_Pate25_Pate28_0, 0.003, 0, 0.006, 0.006, 0.003, 0, 0.003, 0, 0.009
Node_Pate25_Pate32_0, 0.001, 0, 0.002, 0.002, 0.001, 0, 0.001, 0, 0.002
Node_Pate26_Pate12_0, 0.002, 0, 0.005, 0.006, 0.002, 0, 0.002, 0, 0.006
Node_Pate40_Pate24_0, 0.003, 0, 0.003, 0.005, 0.003, 0, 0.003, 0, 0.005
Node_Pate40_Pate55_0, 0.003, 0, 0.007, 0.007, 0.003, 0, 0.003, 0, 0.007
Node_Pate40_Pate7_0, 0.001, 0, 0, 0, 0.001, 0, 0.001, 0, 0.001
Node_Pate43_Pate22_0, 0.001, 0, 0.001, 0.001, 0.001, 0, 0.001, 0.001, 0.001
Node_Pate43_Pate3_0, 0.002, 0, 0.002, 0.002, 0.002, 0, 0.002, 0, 0.003
Node_Pate43_Pate44_0, 0.003, 0, 0.006, 0.014, 0.003, 0, 0.003, 0.002, 0.007
Node_Pate43_Pate45_0, 0.001, 0, 0.002, 0.001, 0.001, 0, 0.001, 0, 0.001
Node_Pate43_Pate57_0, 0.003, 0, 0.011, 0.01, 0.003, 0, 0.003, 0, 0.011
Node_Pate44_Pate10_0, 0.004, 0, 0.006, 0.007, 0.004, 0, 0.004, 0.001, 0.008
Node_Pate44_Pate52_0, 0.002, 0, 0.004, 0.005, 0.002, 0, 0.002, 0.002, 0.003
Node_Pate45_Pate11_0, 0.003, 0, 0.007, 0.006, 0.003, 0, 0.003, 0, 0.008
Node_Pate45_Pate21_0, 0.002, 0, 0, 0.001, 0.002, 0, 0.002, 0.001, 0.001
Node_Pate46_Pate25_0, 0.001, 0, 0.001, 0, 0.001, 0, 0.001, 0.001, 0
Node_Pate48_Chlo30_0, 0.001, 0, 0, 0, 0.001, 0, 0.001, 0.001, 0
Node_Pate48_Pate1_0, 0.004, 0, 0.006, 0.009, 0.004, 0, 0.004, 0.002, 0.006
Node_Pate48_Pate23_0, 0.001, 0, 0.002, 0.002, 0.001, 0, 0.001, 0, 0.002
Node_Pate48_Pate40_0, 0, 0, 0.004, 0.003, 0, 0, 0, 0, 0.002
Node_Pate48_Pate43_0, 0.002, 0, 0.001, 0.001, 0.002, 0, 0.002, 0.002, 0.001
Node_Pate48_Pate46_0, 0.002, 0, 0.001, 0.003, 0.002, 0, 0.002, 0.001, 0.002
Node_Pate48_Pate49_0, 0.007, 0, 0.003, 0.002, 0.007, 0, 0.007, 0.001, 0.006
Node_Pate48_Pate51_0, 0.006, 0, 0.004, 0.006, 0.006, 0, 0.006, 0.004, 0.003
Node_Pate48_Pate56_0, 0.004, 0, 0.003, 0.007, 0.004, 0, 0.004, 0, 0.007
Node_Pate49_Pate41_0, 0.006, 0, 0.015, 0.016, 0.006, 0, 0.006, 0, 0.014
Node_Pate51_Pate27_0, 0.011, 0, 0.015, 0.024, 0.011, 0, 0.011, 0.003, 0.017
Node_Pate51_Pate33_0, 0.005, 0, 0.007, 0.01, 0.005, 0, 0.005, 0.002, 0.006
Node_Pate51_Pate53_0, 0.009, 0, 0.014, 0.017, 0.009, 0, 0.009, 0.001, 0.018
Node_Pate54_Pate31_0, 0.006, 0, 0.006, 0.011, 0.006, 0, 0.006, 0.001, 0.008
Node_Pate9_Pate36_0, 0.002, 0, 0.008, 0.006, 0.002, 0, 0.002, 0, 0.007
Node_Plan17_Plan23_0, 0.003, 0, 0.014, 0.016, 0.003, 0, 0.003, 0, 0.011
Node_Plan22_Plan2_0, 0.266, 0.001, 0.214, 0.102, 0.261, 0, 0.266, 0.069, 0.212
Node_Plan22_Plan4_0, 0.267, 0.002, 0.027, 0.074, 0.255, 0, 0.267, 0.041, 0.234
Node_Plan26_Plan21_0, 0.013, 0, 0.03, 0.012, 0.013, 0, 0.013, 0.011, 0.004
Node_Plan26_Plan5_0, 0.007, 0, 0.012, 0.009, 0.007, 0, 0.007, 0.005, 0.006
Node_Plan30_Plan14_0, 0.183, 0.001, 0.016, 0.039, 0.183, 0, 0.183, 0.053, 0.136
Node_Plan31_Plan17_0, 0.006, 0, 0.066, 0.021, 0.006, 0, 0.006, 0.006, 0.01
Node_Plan31_Plan18_0, 0.012, 0, 0.043, 0.03, 0.012, 0, 0.012, 0.011, 0.004
Node_Plan31_Plan27_0, 0.062, 0, 0.004, 0.012, 0.061, 0, 0.062, 0.007, 0.057
Node_Plan31_Plan39_0, 0.009, 0, 0.012, 0.011, 0.009, 0, 0.009, 0.002, 0.009
Node_Plan32_Plan12_0, 0.013, 0, 0.03, 0.035, 0.013, 0, 0.013, 0.005, 0.024
Node_Plan32_Plan22_0, 0.058, 0, 0.024, 0.041, 0.058, 0, 0.058, 0.018, 0.043
Node_Plan32_Plan26_0, 0.039, 0, 0.048, 0.029, 0.038, 0, 0.039, 0.033, 0.007
Node_Plan32_Plan30_0, 0.062, 0, 0.055, 0.035, 0.062, 0, 0.062, 0.011, 0.059
Node_Plan32_Plan3_0, 0.019, 0, 0.069, 0.032, 0.018, 0, 0.019, 0.005, 0.026
Node_Plan33_Plan44_0, 0.181, 0.001, 0.16, 0.125, 0.178, 0, 0.181, 0.025, 0.165
Node_Plan42_Plan40_0, 0.85, 0.007, 0.236, 0.403, 0.827, 0, 0.85, 0.776, 0.076
Node_Plan43_Plan16_0, 0.866, 0.032, 0.026, 0.557, 0.815, 0, 0.866, 0.158, 0.685
Node_Plan43_Plan31_0, 0.051, 0, 0.028, 0.034, 0.049, 0, 0.051, 0.036, 0.015
Node_Plan43_Plan32_0, 0.08, 0.001, 0.015, 0.061, 0.076, 0, 0.08, 0.039, 0.043
Node_Plan43_Plan33_0, 0.175, 0.003, 0.013, 0.096, 0.17, 0, 0.175, 0.07, 0.105
Node_Plan43_Plan42_0, 1.003, 0.042, 0.062, 0.431, 0.826, 0, 1.003, 0.785, 0.157
Node_Plan43_Plan7_0, 0.064, 0.001, 0.197, 0.093, 0.061, 0, 0.064, 0.056, 0.007
Node_Plan43_Verr11_0, 0.253, 0.012, 0.02, 0.157, 0.237, 0.001, 0.253, 0.2, 0.034
Node_Pori1_Pori2_0, 0.013, 0, 0.048, 0.033, 0.012, 0, 0.013, 0.011, 0.008
Node_ProtA11_ProtA32_0, 1.014, 0.002, 0.05, 0.088, 0.999, 0, 1.014, 0.762, 0.252
Node_ProtA12_ProtA44_0, 0.004, 0, 0.009, 0.009, 0.004, 0, 0.004, 0.001, 0.006
Node_ProtA12_ProtA54_0, 0.006, 0, 0.014, 0.02, 0.006, 0, 0.006, 0.001, 0.016
Node_ProtA13_ProtA24_0, 1.021, 0.011, 0.09, 0.571, 0.992, 0, 1.021, 0.609, 0.406
Node_ProtA13_ProtA61_0, 1.002, 0, 0.03, 0.017, 0.992, 0, 1.002, 0.994, 0.011
Node_ProtA13_ProtA77_0, 1.17, 0.011, 0.376, 0.529, 0.877, 0, 1.17, 1.112, 0.045
Node_ProtA13_ProtA7_0, 0.694, 0.009, 0.542, 0.612, 0.645, 0, 0.694, 0.636, 0.057
Node_ProtA15_ProtA42_0, 0.477, 0.001, 0.529, 0.082, 0.465, 0, 0.477, 0.389, 0.092
Node_ProtA15_ProtA70_0, 0.913, 0.002, 0.257, 0.179, 0.787, 0, 0.913, 0.878, 0.036
Node_ProtA16_ProtA33_0, 0.061, 0, 0.576, 0.191, 0.061, 0, 0.061, 0.055, 0.012
Node_ProtA16_ProtA66_0, 0.077, 0.001, 0.062, 0.08, 0.076, 0, 0.077, 0.015, 0.077
Node_ProtA16_ProtA69_0, 1.102, 0.017, 0.716, 0.478, 0.786, 0, 1.102, 0.832, 0.251
Node_ProtA16_ProtA8_0, 0.625, 0.006, 0.538, 0.581, 0.586, 0, 0.625, 0.568, 0.055
Node_ProtA18_ProtA10_0, 0.657, 0, 0.043, 0.044, 0.646, 0, 0.657, 0.634, 0.029
Node_ProtA18_ProtA19_0, 1.23, 0.012, 0.135, 0.129, 0.929, 0, 1.23, 1.153, 0.059
Node_ProtA18_ProtA29_0, 0.671, 0.002, 0.368, 0.06, 0.634, 0, 0.671, 0.66, 0.016
Node_ProtA18_ProtA53_0, 1.021, 0.003, 0.236, 0.072, 0.907, 0, 1.021, 0.996, 0.024
Node_ProtA19_ProtA14_0, 1.172, 0.034, 0.084, 0.158, 0.992, 0, 1.172, 0.97, 0.153
Node_ProtA19_ProtA20_0, 1.106, 0.022, 0.268, 0.135, 0.804, 0, 1.106, 0.956, 0.122
Node_ProtA19_ProtA3_0, 1.29, 0.169, 0.125, 0.31, 0.946, 0, 1.29, 0.901, 0.074
Node_ProtA19_ProtA46_0, 0.527, 0.007, 0.066, 0.183, 0.518, 0, 0.527, 0.457, 0.074
Node_ProtA19_ProtA49_0, 0.609, 0.002, 0.047, 0.22, 0.603, 0, 0.609, 0.498, 0.127
Node_ProtA19_ProtA56_0, 0.698, 0.059, 0.72, 0.195, 0.6, 0, 0.698, 0.354, 0.253
Node_ProtA19_ProtA68_0, 0.766, 0.052, 0.691, 1.473, 0.701, 0, 0.766, 0.596, 0.115
Node_ProtA19_ProtA74_0, 0.512, 0.003, 0.271, 0.318, 0.501, 0, 0.512, 0.501, 0.014
Node_ProtA19_ProtA75_0, 1.069, 0.029, 0.032, 0.261, 0.927, 0, 1.069, 0.662, 0.374
Node_ProtA20_ProtA11_0, 0.81, 0.003, 0.349, 0.128, 0.773, 0, 0.81, 0.758, 0.05
Node_ProtA20_ProtA5_0, 0.014, 0, 0.805, 0.053, 0.014, 0, 0.014, 0.011, 0.009
Node_ProtA26_ProtA37_0, 0.007, 0, 0.026, 0.019, 0.007, 0, 0.007, 0.004, 0.008
Node_ProtA26_ProtA45_0, 0.025, 0, 0.194, 0.086, 0.025, 0, 0.025, 0.02, 0.01
Node_ProtA27_ProtA21_0, 0.009, 0, 0.089, 0.051, 0.009, 0, 0.009, 0.008, 0.005
Node_ProtA30_ProtA35_0, 0.008, 0, 0.025, 0.018, 0.008, 0, 0.008, 0.003, 0.012
Node_ProtA34_Acid38_0, 0.858, 0.02, 0.03, 0.453, 0.838, 0.021, 0.858, 0.827, 0.001
Node_ProtA34_Chry1_0, 0.846, 0.015, 0.044, 0.462, 0.829, 0.018, 0.846, 0.819, 0.001
Node_ProtA34_DesuB4_0, 0.903, 0.014, 0.06, 0.238, 0.868, 0.002, 0.903, 0.876, 0.002
Node_ProtA34_DesuC2_0, 0.787, 0.003, 0.123, 0.157, 0.758, 0, 0.787, 0.777, 0.004
Node_ProtA34_J088X1_0, 0.148, 0.003, 0.646, 0.123, 0.143, 0, 0.148, 0.141, 0.004
Node_ProtA34_Nitr14_0, 0.862, 0.017, 0.059, 0.437, 0.842, 0.043, 0.862, 0.829, 0.003
Node_ProtA34_ProtA13_0, 1.49, 0.08, 0.28, 0.496, 0.961, 0, 1.49, 1.209, 0.14
Node_ProtA34_ProtA16_0, 1.55, 0.063, 0.171, 0.37, 0.947, 0, 1.55, 1.27, 0.183
Node_ProtA34_ProtA18_0, 1.294, 0.075, 0.019, 0.743, 0.934, 0.001, 1.294, 0.487, 0.719
Node_ProtA34_ProtA26_0, 0.209, 0, 0.007, 0.102, 0.202, 0, 0.209, 0.108, 0.104
Node_ProtA34_ProtA38_0, 1.475, 0.059, 0.064, 0.348, 0.965, 0, 1.475, 1.185, 0.186
Node_ProtA34_ProtA39_0, 0.518, 0.014, 0.012, 0.274, 0.472, 0.002, 0.518, 0.202, 0.305
Node_ProtA34_ProtA40_0, 1.535, 0.036, 0.148, 0.302, 0.995, 0, 1.535, 1.318, 0.157
Node_ProtA34_ProtA43_0, 1.045, 0.001, 0.918, 0.368, 1, 0, 1.045, 0.627, 0.427
Node_ProtA34_ProtA9_0, 0.112, 0.001, 0.016, 0.075, 0.11, 0, 0.112, 0.069, 0.047
Node_ProtA34_ProtG30_0, 0.129, 0.002, 0.024, 0.087, 0.127, 0, 0.129, 0.124, 0.003
Node_ProtA34_ProtM1_0, 0.087, 0, 0.046, 0.072, 0.086, 0, 0.087, 0.083, 0.004
Node_ProtA34_SAR3X2_0, 0.879, 0.01, 0.028, 0.502, 0.862, 0.029, 0.879, 0.857, 0.006
Node_ProtA34_SM23X1_0, 0.856, 0.017, 0.029, 0.476, 0.835, 0.063, 0.856, 0.824, 0.001
Node_ProtA34_Spir10_0, 0.804, 0.031, 0.008, 0.291, 0.776, 0.528, 0.804, 0.747, 0
Node_ProtA34_UBA2X1_0, 0.945, 0.04, 0.022, 0.575, 0.903, 0.032, 0.945, 0.863, 0.016
Node_ProtA34_Wall1_0, 0.253, 0.004, 0.001, 0.095, 0.25, 0.25, 0.253, 0.246, 0
Node_ProtA34_mitoFungi_0, 0.08, 0.002, 0.02, 0.048, 0.079, 0, 0.08, 0.068, 0.011
Node_ProtA38_ProtA15_0, 1.132, 0.002, 0.386, 0.225, 0.858, 0, 1.132, 1.091, 0.041
Node_ProtA38_ProtA41_0, 0.467, 0, 0.268, 0.141, 0.45, 0, 0.467, 0.371, 0.108
Node_ProtA38_ProtA64_0, 0.627, 0.004, 0.567, 0.204, 0.529, 0, 0.627, 0.568, 0.058
Node_ProtA39_ProtA12_0, 0.007, 0, 0.02, 0.017, 0.007, 0, 0.007, 0.006, 0.006
Node_ProtA39_ProtA27_0, 0.093, 0, 0.429, 0.15, 0.089, 0, 0.093, 0.093, 0.004
Node_ProtA39_ProtA30_0, 0.021, 0, 0.084, 0.06, 0.02, 0, 0.021, 0.017, 0.012
Node_ProtA39_ProtA36_0, 0.008, 0, 0.012, 0.014, 0.008, 0, 0.008, 0.001, 0.013
Node_ProtA3_ProtA72_0, 0.266, 0.001, 1.271, 0.223, 0.254, 0, 0.266, 0.114, 0.163
Node_ProtA3_ProtA76_0, 1.373, 0.07, 0.144, 0.206, 0.924, 0, 1.373, 1.095, 0.157
Node_ProtA40_ProtA67_0, 1.283, 0.071, 0.378, 0.39, 0.866, 0, 1.283, 1.097, 0.055
Node_ProtA46_ProtA55_0, 0.035, 0, 0.51, 0.147, 0.035, 0, 0.035, 0.031, 0.018
Node_ProtA47_ProtA63_0, 2.654, 0.092, 0.37, 0.709, 1, 0, 2.654, 2.3, 0.212
Node_ProtA53_ProtA58_0, 1.054, 0, 0.066, 0.063, 0.91, 0, 1.054, 0.961, 0.099
Node_ProtA56_ProtA52_0, 0.573, 0.007, 0.28, 0.342, 0.517, 0, 0.573, 0.423, 0.148
Node_ProtA68_ProtA2_0, 0.757, 0.013, 0.165, 0.455, 0.7, 0, 0.757, 0.609, 0.143
Node_ProtA69_ProtA50_0, 1.076, 0.003, 0.189, 0.61, 0.796, 0, 1.076, 0.918, 0.16
Node_ProtA70_ProtA57_0, 0.55, 0, 0.422, 0.099, 0.546, 0, 0.55, 0.496, 0.059
Node_ProtA76_ProtA47_0, 2.72, 0.218, 0.049, 0.381, 1, 0, 2.72, 1.731, 0.576
Node_ProtA76_ProtA48_0, 1.975, 0.305, 0.107, 0.256, 0.981, 0, 1.975, 1.078, 0.404
Node_ProtA76_ProtA62_0, 2.337, 0.006, 0.456, 0.552, 1, 0, 2.337, 2.271, 0.067
Node_ProtA76_ProtA71_0, 1.696, 0.009, 0.956, 0.5, 1, 0, 1.696, 1.401, 0.306
Node_ProtA77_ProtA31_0, 1.181, 0.006, 0.167, 0.422, 0.842, 0, 1.181, 1.005, 0.172
Node_ProtA77_ProtA51_0, 0.805, 0.003, 0.438, 0.395, 0.765, 0, 0.805, 0.752, 0.059
Node_ProtA9_ProtA60_0, 0.005, 0, 0.111, 0.047, 0.005, 0, 0.005, 0.004, 0.004
Node_ProtG12_ProtG5_0, 0.006, 0, 0.065, 0.049, 0.006, 0, 0.006, 0.006, 0.009
Node_ProtG16_ProtG17_0, 0.006, 0, 0.037, 0.032, 0.006, 0, 0.006, 0.004, 0.017
Node_ProtG18_ProtG10_0, 0.135, 0.013, 0.013, 0.051, 0.118, 0, 0.135, 0.027, 0.1
Node_ProtG18_ProtG12_0, 0.062, 0.001, 0.114, 0.066, 0.059, 0, 0.062, 0.028, 0.04
Node_ProtG18_ProtG14_0, 0.035, 0.003, 0.01, 0.024, 0.032, 0, 0.035, 0.003, 0.032
Node_ProtG18_ProtG21_0, 0.12, 0.001, 0.033, 0.095, 0.119, 0, 0.12, 0.04, 0.09
Node_ProtG24_ProtG18_0, 0.01, 0, 0.031, 0.022, 0.01, 0, 0.01, 0.009, 0.008
Node_ProtG25_ProtG9_0, 0.177, 0, 0.026, 0.027, 0.175, 0, 0.177, 0.037, 0.152
Node_ProtG29_ProtG76_0, 0.009, 0, 0.016, 0.02, 0.009, 0, 0.009, 0.005, 0.011
Node_ProtG30_ProtG19_0, 0.017, 0, 0.099, 0.065, 0.017, 0, 0.017, 0.013, 0.014
Node_ProtG30_ProtG31_0, 0.379, 0.004, 0.01, 0.054, 0.373, 0, 0.379, 0.079, 0.299
Node_ProtG30_ProtG34_0, 0.348, 0.002, 0.044, 0.091, 0.347, 0, 0.348, 0.34, 0.011
Node_ProtG30_ProtG35_0, 0.362, 0.002, 0.014, 0.065, 0.357, 0, 0.362, 0.332, 0.026
Node_ProtG30_ProtG39_0, 0.102, 0, 0.165, 0.072, 0.099, 0, 0.102, 0.036, 0.075
Node_ProtG30_ProtG42_0, 0.049, 0, 0.133, 0.04, 0.048, 0, 0.049, 0.032, 0.019
Node_ProtG30_ProtG49_0, 0.068, 0.003, 0.375, 0.167, 0.067, 0, 0.068, 0.054, 0.015
Node_ProtG30_ProtG50_0, 0.086, 0, 0.023, 0.036, 0.084, 0, 0.086, 0.027, 0.06
Node_ProtG30_ProtG64_0, 0.192, 0, 0.026, 0.045, 0.186, 0, 0.192, 0.044, 0.157
Node_ProtG30_ProtG71_0, 0.049, 0.002, 0.028, 0.038, 0.047, 0, 0.049, 0.037, 0.012
Node_ProtG30_ProtG80_0, 0.08, 0.001, 0.004, 0.048, 0.078, 0, 0.08, 0.044, 0.034
Node_ProtG30_ProtG84_0, 0.425, 0.008, 0.013, 0.104, 0.414, 0, 0.425, 0.348, 0.068
Node_ProtG30_ProtG85_0, 0.163, 0.002, 0.004, 0.065, 0.158, 0, 0.163, 0.077, 0.085
Node_ProtG30_ProtG87_0, 0.061, 0, 0.05, 0.052, 0.061, 0, 0.061, 0.025, 0.043
Node_ProtG30_ProtZ3_0, 0.063, 0.002, 0.014, 0.046, 0.061, 0, 0.063, 0.057, 0.005
Node_ProtG30_ProtZ5_0, 0.07, 0.002, 0.061, 0.074, 0.068, 0, 0.07, 0.066, 0
Node_ProtG31_ProtG16_0, 0.026, 0, 0.021, 0.022, 0.026, 0, 0.026, 0.008, 0.03
Node_ProtG31_ProtG32_0, 0.447, 0.002, 0.007, 0.06, 0.435, 0, 0.447, 0.374, 0.073
Node_ProtG31_ProtG36_0, 0.077, 0.002, 0.411, 0.068, 0.074, 0, 0.077, 0.064, 0.011
Node_ProtG31_ProtG44_0, 0.051, 0, 0.022, 0.035, 0.051, 0, 0.051, 0.013, 0.047
Node_ProtG31_ProtG45_0, 0.475, 0.002, 0.016, 0.043, 0.467, 0, 0.475, 0.432, 0.042
Node_ProtG31_ProtG47_0, 0.017, 0, 0.031, 0.016, 0.017, 0, 0.017, 0.011, 0.009
Node_ProtG31_ProtG61_0, 0.039, 0.001, 0.066, 0.069, 0.039, 0, 0.039, 0.019, 0.027
Node_ProtG32_ProtG26_0, 0.272, 0.001, 0.019, 0.097, 0.27, 0, 0.272, 0.1, 0.182
Node_ProtG32_ProtG33_0, 0.465, 0, 0.056, 0.087, 0.434, 0, 0.465, 0.399, 0.074
Node_ProtG32_ProtG37_0, 0.103, 0, 0.385, 0.087, 0.099, 0, 0.103, 0.085, 0.023
Node_ProtG32_ProtG43_0, 0.108, 0.001, 0.054, 0.076, 0.106, 0, 0.108, 0.06, 0.058
Node_ProtG33_ProtG48_0, 0.157, 0, 0.426, 0.086, 0.153, 0, 0.157, 0.083, 0.079
Node_ProtG33_ProtG67_0, 0.504, 0, 0.027, 0.075, 0.462, 0, 0.504, 0.442, 0.066
Node_ProtG33_ProtG7_0, 0.311, 0.001, 0.051, 0.122, 0.308, 0, 0.311, 0.121, 0.204
Node_ProtG35_ProtG81_0, 0.055, 0, 0.313, 0.123, 0.055, 0, 0.055, 0.055, 0.006
Node_ProtG36_ProtG20_0, 0.008, 0, 0.02, 0.014, 0.008, 0, 0.008, 0.006, 0.009
Node_ProtG36_ProtG24_0, 0.033, 0, 0.022, 0.023, 0.033, 0, 0.033, 0.029, 0.006
Node_ProtG36_ProtG38_0, 0.049, 0, 0.044, 0.047, 0.048, 0, 0.049, 0.035, 0.016
Node_ProtG36_ProtG65_0, 0.019, 0, 0.023, 0.029, 0.018, 0, 0.019, 0.012, 0.009
Node_ProtG37_ProtG41_0, 0.062, 0, 0.013, 0.032, 0.061, 0, 0.062, 0.011, 0.058
Node_ProtG37_ProtG51_0, 0.014, 0, 0.061, 0.049, 0.014, 0, 0.014, 0.011, 0.013
Node_ProtG37_ProtG53_0, 0.02, 0, 0.1, 0.05, 0.02, 0, 0.02, 0.011, 0.017
Node_ProtG37_ProtG8_0, 0.017, 0, 0.025, 0.019, 0.017, 0, 0.017, 0.005, 0.022
Node_ProtG38_ProtG28_0, 0.071, 0, 0.023, 0.026, 0.071, 0, 0.071, 0.027, 0.045
Node_ProtG38_ProtG46_0, 0.233, 0, 0.009, 0.062, 0.233, 0, 0.233, 0.065, 0.171
Node_ProtG39_ProtG15_0, 0.268, 0.002, 0.03, 0.149, 0.266, 0, 0.268, 0.083, 0.194
Node_ProtG41_ProtG40_0, 0.195, 0.001, 0.02, 0.041, 0.193, 0, 0.195, 0.051, 0.152
Node_ProtG42_ProtG74_0, 0.013, 0, 0.042, 0.025, 0.013, 0, 0.013, 0.009, 0.006
Node_ProtG43_ProtG55_0, 0.004, 0, 0.113, 0.034, 0.004, 0, 0.004, 0.002, 0.009
Node_ProtG44_ProtG22_0, 0.188, 0.002, 0.011, 0.067, 0.187, 0, 0.188, 0.047, 0.146
Node_ProtG45_ProtG66_0, 0.526, 0.003, 0.014, 0.053, 0.523, 0, 0.526, 0.462, 0.062
Node_ProtG45_ProtG75_0, 0.045, 0.001, 0.496, 0.109, 0.045, 0, 0.045, 0.032, 0.014
Node_ProtG47_ProtG62_0, 0.01, 0, 0.022, 0.017, 0.01, 0, 0.01, 0.001, 0.015
Node_ProtG48_ProtG1_0, 0.032, 0, 0.144, 0.064, 0.032, 0, 0.032, 0.022, 0.019
Node_ProtG48_ProtG25_0, 0.051, 0, 0.025, 0.02, 0.05, 0, 0.051, 0.013, 0.044
Node_ProtG48_ProtG6_0, 0.009, 0, 0.055, 0.016, 0.009, 0, 0.009, 0.003, 0.013
Node_ProtG49_ProtG29_0, 0.014, 0, 0.065, 0.045, 0.014, 0, 0.014, 0.009, 0.011
Node_ProtG53_ProtG27_0, 0.009, 0, 0.027, 0.031, 0.009, 0, 0.009, 0.003, 0.016
Node_ProtG53_ProtG70_0, 0.004, 0, 0.011, 0.011, 0.004, 0, 0.004, 0.002, 0.006
Node_ProtG58_ProtG59_0, 1.014, 0.009, 0.281, 0.29, 1, 0, 1.014, 0.994, 0.015
Node_ProtG59_ProtG73_0, 1.006, 0.001, 0.02, 0.023, 1, 0, 1.006, 1.001, 0.011
Node_ProtG61_ProtG60_0, 1.002, 0.002, 0.012, 0.318, 1, 0, 1.002, 0.256, 0.755
Node_ProtG61_ProtG72_0, 0.07, 0.003, 0.023, 0.033, 0.069, 0, 0.07, 0.025, 0.051
Node_ProtG61_ProtG78_0, 0.257, 0, 0.016, 0.072, 0.257, 0, 0.257, 0.065, 0.203
Node_ProtG62_ProtG77_0, 0.006, 0.001, 0.025, 0.03, 0.006, 0, 0.006, 0.002, 0.02
Node_ProtG65_ProtG69_0, 0.097, 0.002, 0.015, 0.04, 0.097, 0, 0.097, 0.014, 0.091
Node_ProtG66_ProtG68_0, 1.011, 0.013, 0.011, 0.407, 0.997, 0, 1.011, 0.519, 0.483
Node_ProtG67_ProtG63_0, 0.662, 0, 0.076, 0.066, 0.57, 0, 0.662, 0.439, 0.234
Node_ProtG80_ProtG57_0, 0.169, 0, 0.051, 0.088, 0.163, 0, 0.169, 0.035, 0.14
Node_ProtG81_ProtG79_0, 0.014, 0, 0.057, 0.059, 0.014, 0, 0.014, 0.01, 0.016
Node_ProtG83_ProtG52_0, 1.293, 0.002, 0.013, 0.026, 1, 0, 1.293, 1.242, 0.053
Node_ProtG83_ProtG89_0, 1.251, 0.064, 0.027, 0.527, 1, 0, 1.251, 1.11, 0.032
Node_ProtG84_ProtG11_0, 1.009, 0.006, 0.197, 0.427, 0.991, 0, 1.009, 0.993, 0.018
Node_ProtG84_ProtG83_0, 1.182, 0.157, 0.012, 0.43, 0.995, 0, 1.182, 0.53, 0.45
Node_ProtG84_ProtG90_0, 0.587, 0.018, 0.011, 0.125, 0.564, 0, 0.587, 0.413, 0.155
Node_ProtG85_ProtG56_0, 1.47, 0.011, 0.054, 0.136, 1, 0, 1.47, 1.375, 0.08
Node_ProtG85_ProtG58_0, 1.271, 0.264, 0.018, 0.359, 0.996, 0, 1.271, 0.125, 0.862
Node_ProtG85_ProtG86_0, 1.012, 0.005, 0.725, 0.472, 0.983, 0, 1.012, 0.757, 0.262
Node_ProtG85_ProtG88_0, 1.433, 0.13, 0.025, 0.157, 0.997, 0, 1.433, 1.128, 0.057
Node_ProtG85_ProtG91_0, 0.985, 0.002, 0.05, 0.355, 0.975, 0, 0.985, 0.977, 0.021
Node_ProtG86_ProtG82_0, 0.989, 0.001, 0.049, 0.055, 0.983, 0, 0.989, 0.981, 0.025
Node_ProtG87_ProtG3_0, 0.007, 0, 0.018, 0.026, 0.007, 0, 0.007, 0.004, 0.009
Node_ProtG87_ProtG4_0, 0.016, 0, 0.055, 0.024, 0.016, 0, 0.016, 0.011, 0.01
Node_ProtG89_ProtG13_0, 1.008, 0.002, 0.257, 0.049, 1, 0, 1.008, 1.001, 0.012
Node_ProtG90_ProtG54_0, 0.031, 0, 0.569, 0.184, 0.031, 0, 0.031, 0.027, 0.013
Node_ProtM1_ProtM2_0, 0.012, 0, 0.168, 0.053, 0.012, 0, 0.012, 0.008, 0.017
Node_ProtM1_ProtM3_0, 0.163, 0, 0.09, 0.143, 0.163, 0, 0.163, 0.007, 0.166
Node_ProtZ1_ProtZ4_0, 1.013, 0.002, 0.031, 0.032, 1, 0, 1.013, 1.003, 0.022
Node_ProtZ3_ProtZ1_0, 1.02, 0.012, 0.031, 0.455, 0.999, 0, 1.02, 0.15, 0.874
Node_ProtZ3_ProtZ2_0, 0.165, 0, 0.05, 0.107, 0.16, 0, 0.165, 0.023, 0.152
Node_SAR3X2_BMS3X1_0, 0.16, 0, 0.734, 0.36, 0.158, 0, 0.16, 0.145, 0.015
Node_SAR3X2_SAR3X1_0, 0.185, 0.003, 0.109, 0.162, 0.183, 0, 0.185, 0.059, 0.131
Node_SM23X1_AABM5X1_0, 0.004, 0, 0.01, 0.004, 0.004, 0, 0.004, 0.004, 0
Node_SM23X1_Aero1_0, 0.349, 0.006, 0.518, 0.372, 0.34, 0.001, 0.349, 0.336, 0.004
Node_SM23X1_Bact27_0, 0.014, 0, 0.006, 0.008, 0.014, 0, 0.014, 0.01, 0.007
Node_SM23X1_Caldit2_0, 0.001, 0, 0.005, 0.005, 0.001, 0, 0.001, 0.001, 0.002
Node_SM23X1_Fibr4_0, 0.013, 0, 0.002, 0.006, 0.013, 0, 0.013, 0.003, 0.011
Node_SM23X1_Hydr2_0, 0.242, 0.004, 0.116, 0.183, 0.232, 0, 0.242, 0.231, 0.005
Node_SM23X1_KSB1X2_0, 0.006, 0, 0.005, 0.005, 0.006, 0, 0.006, 0.001, 0.01
Node_SM23X1_KSB1X3_0, 0.004, 0, 0.01, 0.007, 0.004, 0, 0.004, 0.001, 0.008
Node_SM23X1_P4572X1_0, 0.004, 0, 0.007, 0.008, 0.004, 0, 0.004, 0.002, 0.002
Node_SM23X1_Pori1_0, 0.053, 0.001, 0.191, 0.09, 0.053, 0, 0.053, 0.053, 0.001
Node_SM23X1_RBG1_0, 0.02, 0.001, 0.037, 0.038, 0.02, 0, 0.02, 0.018, 0.003
Node_SM23X1_TA06X1_0, 0.009, 0, 0.014, 0.011, 0.009, 0, 0.009, 0.006, 0.003
Node_SM23X1_Zixi5_0, 0.004, 0, 0.002, 0.003, 0.004, 0, 0.004, 0.002, 0.002
Node_Spir10_Lind1_0, 0.844, 0.013, 0.045, 0.479, 0.78, 0.002, 0.844, 0.754, 0.07
Node_Spir10_Spir11_0, 0.595, 0.004, 0.25, 0.378, 0.564, 0, 0.595, 0.589, 0.001
Node_Spir10_Spir12_0, 0.554, 0.007, 0.055, 0.251, 0.526, 0, 0.554, 0.539, 0.007
Node_Spir10_Spir13_0, 0.487, 0.007, 0.433, 0.429, 0.459, 0, 0.487, 0.22, 0.269
Node_Spir10_Spir15_0, 0.84, 0.025, 0.047, 0.432, 0.763, 0, 0.84, 0.783, 0.018
Node_Spir10_Spir3_0, 0.078, 0, 0.422, 0.198, 0.076, 0, 0.078, 0.073, 0.013
Node_Spir10_Spir8_0, 0.644, 0.008, 0.025, 0.329, 0.594, 0, 0.644, 0.531, 0.107
Node_Spir13_Spir2_0, 1.015, 0.009, 0.074, 0.789, 0.997, 0, 1.015, 0.419, 0.593
Node_Spir15_Spir4_0, 0.969, 0.015, 0.037, 0.557, 0.804, 0, 0.969, 0.801, 0.151
Node_Spir15_Spir9_0, 1.058, 0.006, 0.399, 0.608, 0.984, 0, 1.058, 0.575, 0.482
Node_Sume1_OLB1X1_0, 0.013, 0, 0.041, 0.032, 0.013, 0, 0.013, 0.012, 0.004
Node_Sume1_UBP4X1_0, 0.007, 0, 0.012, 0.018, 0.007, 0, 0.007, 0.005, 0.006
Node_Syne1_Calda2_0, 0.002, 0, 0.009, 0.005, 0.002, 0, 0.002, 0.002, 0
Node_Syne1_Cyan40_0, 0.027, 0.001, 0.036, 0.041, 0.026, 0.001, 0.027, 0.025, 0
Node_Syne1_Dein5_0, 0.011, 0, 0.017, 0.009, 0.011, 0, 0.011, 0.01, 0.001
Node_Syne1_Syne2_0, 0.007, 0, 0.012, 0.015, 0.007, 0, 0.007, 0.001, 0.017
Node_Syne1_Syne4_0, 0.002, 0.001, 0.007, 0.015, 0.002, 0, 0.002, 0, 0.005
Node_Syne1_Syne6_0, 0.004, 0, 0.008, 0.007, 0.004, 0, 0.004, 0, 0.01
Node_Syne1_Syne7_0, 0.002, 0, 0.012, 0.012, 0.002, 0, 0.002, 0.001, 0.01
Node_Syne1_Syne9_0, 0.003, 0, 0.002, 0.005, 0.003, 0, 0.003, 0.002, 0.003
Node_Syne2_Syne8_0, 0.007, 0, 0.011, 0.014, 0.007, 0, 0.007, 0.003, 0.011
Node_Syne4_Syne5_0, 0.003, 0, 0.01, 0.015, 0.003, 0, 0.003, 0, 0.011
Node_Syne7_Syne10_0, 0.002, 0, 0.011, 0.011, 0.002, 0, 0.002, 0, 0.011
Node_Syne8_Syne3_0, 0.014, 0, 0.021, 0.029, 0.014, 0, 0.014, 0.003, 0.028
Node_TA06X1_Cloa1_0, 0.002, 0, 0.008, 0.008, 0.002, 0, 0.002, 0.001, 0.001
Node_TA06X1_Edwa1_0, 0.001, 0, 0.002, 0.003, 0.001, 0, 0.001, 0.001, 0.001
Node_TA06X1_WOR1_0, 0.003, 0, 0.001, 0.003, 0.003, 0, 0.003, 0.001, 0.003
Node_Therd1_Dict1_0, 0, 0, 0.005, 0.002, 0, 0, 0, 0, 0.001
Node_Therg2_Therg4_0, 0.005, 0, 0.011, 0.014, 0.005, 0, 0.005, 0, 0.014
Node_Therg3_Therg5_0, 0.003, 0, 0.009, 0.009, 0.003, 0, 0.003, 0.001, 0.008
Node_Therg8_Therg2_0, 0.002, 0, 0.007, 0.013, 0.002, 0, 0.002, 0, 0.008
Node_Therg8_Therg3_0, 0.004, 0, 0.006, 0.01, 0.004, 0, 0.004, 0, 0.008
Node_Therg8_Therg6_0, 0.003, 0, 0.016, 0.018, 0.003, 0, 0.003, 0.001, 0.015
Node_Thers1_Desua45_0, 0.008, 0, 0.028, 0.013, 0.008, 0, 0.008, 0.004, 0.006
Node_UBA1X2_UBA1X3_0, 0.056, 0.002, 0.188, 0.15, 0.054, 0, 0.056, 0.05, 0.008
Node_UBA1X2_UBA1X5_0, 0.011, 0, 0.056, 0.056, 0.011, 0, 0.011, 0.008, 0.011
Node_UBA1X5_UBA1X4_0, 0.004, 0, 0.02, 0.019, 0.004, 0, 0.004, 0.002, 0.013
Node_UBA1X6_UBA1X1_0, 0.294, 0.002, 0.073, 0.187, 0.29, 0, 0.294, 0.17, 0.131
Node_UBA1X6_UBA1X2_0, 0.234, 0.003, 0.173, 0.305, 0.233, 0, 0.234, 0.226, 0.008
Node_UBA2X1_DesuD2_0, 0.826, 0, 0.136, 0.043, 0.819, 0, 0.826, 0.818, 0.011
Node_UBA2X1_Desua22_0, 0.951, 0.004, 0.042, 0.108, 0.915, 0.001, 0.951, 0.902, 0.043
Node_UBA2X1_Desua28_0, 0.843, 0, 0.018, 0.033, 0.838, 0, 0.843, 0.814, 0.035
Node_UBA2X1_SZUA2_0, 0.009, 0, 0.839, 0.024, 0.009, 0, 0.009, 0.007, 0.005
Node_UBA6X1_Desa1_0, 0.016, 0, 0.029, 0.015, 0.016, 0, 0.016, 0.013, 0.003
Node_UBA6X1_Elus1_0, 0.005, 0, 0.013, 0.015, 0.005, 0, 0.005, 0.005, 0.002
Node_UBA6X1_Gold1_0, 0.042, 0, 0.063, 0.053, 0.042, 0, 0.042, 0.04, 0.003
Node_UBA9X1_UBA9X3_0, 0.008, 0, 0.023, 0.023, 0.008, 0, 0.008, 0.007, 0.005
Node_UBA9X3_UBA9X2_0, 0.002, 0, 0.011, 0.012, 0.002, 0, 0.002, 0.002, 0.005
Node_Verr11_Aure2_0, 0.532, 0.028, 0.022, 0.319, 0.463, 0, 0.532, 0.329, 0.163
Node_Verr11_Aure3_0, 0.363, 0.011, 0.032, 0.145, 0.332, 0, 0.363, 0.299, 0.047
Node_Verr11_Omni4_0, 0.337, 0.008, 0.012, 0.221, 0.314, 0.003, 0.337, 0.24, 0.085
Node_Verr11_Verr12_0, 1.161, 0.003, 0.152, 0.077, 0.977, 0, 1.161, 1.011, 0.161
Node_Verr11_Verr14_0, 1.149, 0.002, 0.05, 0.071, 0.973, 0, 1.149, 1.066, 0.095
Node_Verr11_Verr7_0, 1.026, 0.051, 0.228, 0.849, 0.825, 0, 1.026, 0.545, 0.41
Node_Verr11_Verr8_0, 0.793, 0.033, 0.148, 0.427, 0.608, 0, 0.793, 0.376, 0.376
Node_Verr11_Verr9_0, 1.102, 0.019, 0.189, 0.184, 0.984, 0, 1.102, 0.837, 0.246
Node_Verr3_Verr10_0, 0.452, 0.004, 0.355, 0.346, 0.432, 0, 0.452, 0.323, 0.132
Node_Verr5_Verr6_0, 0.444, 0.005, 0.352, 0.735, 0.427, 0, 0.444, 0.319, 0.13
Node_Verr7_Verr13_0, 0.954, 0.005, 0.268, 0.225, 0.801, 0, 0.954, 0.762, 0.191
Node_Verr7_Verr2_0, 1.011, 0.011, 0.21, 0.248, 0.995, 0, 1.011, 0.752, 0.256
Node_Verr7_Verr4_0, 1.026, 0.035, 0.209, 1.102, 0.798, 0, 1.026, 0.809, 0.174
Node_Verr8_Verr3_0, 0.671, 0.006, 0.088, 0.558, 0.578, 0, 0.671, 0.581, 0.092
Node_Verr8_Verr5_0, 0.661, 0.026, 0.245, 0.511, 0.558, 0, 0.661, 0.542, 0.087
Node_WOR1_WOR2_0, 0.004, 0, 0.004, 0.003, 0.004, 0, 0.004, 0.001, 0.005
Node_WOR1_WOR3_0, 0.002, 0, 0.027, 0.012, 0.002, 0, 0.002, 0, 0.008
Node_WOR1_WOR6_0, 0.021, 0, 0.004, 0.008, 0.021, 0, 0.021, 0, 0.021
Node_WOR2_WOR4_0, 0, 0, 0.004, 0.002, 0, 0, 0, 0, 0
Node_WOR6_WOR7_0, 0.134, 0.001, 0.011, 0.045, 0.133, 0, 0.134, 0.018, 0.123
Node_Wall1_Fuso2_0, 0.012, 0, 0.049, 0.031, 0.012, 0, 0.012, 0.012, 0
Node_Wall1_Muir1_0, 0.089, 0, 0.008, 0.035, 0.088, 0, 0.089, 0.013, 0.08
Node_Wall1_Rifl1_0, 0.017, 0, 0.011, 0.012, 0.017, 0, 0.017, 0.004, 0.016
Node_Wall1_Syne1_0, 0.061, 0, 0.193, 0.09, 0.061, 0.001, 0.061, 0.061, 0
Node_Zixi2_Zixi1_0, 0.004, 0, 0.007, 0.011, 0.004, 0, 0.004, 0.001, 0.008
Node_Zixi4_Zixi2_0, 0.003, 0, 0.003, 0.005, 0.003, 0, 0.003, 0, 0.006
Node_Zixi4_Zixi3_0, 0.005, 0, 0.014, 0.018, 0.005, 0, 0.005, 0, 0.016
Node_Zixi5_Late2_0, 0.002, 0, 0.004, 0.002, 0.002, 0, 0.002, 0.001, 0.002
Node_Zixi5_TA06A1_0, 0.001, 0, 0.001, 0.001, 0.001, 0, 0.001, 0.001, 0
Node_Zixi5_UBP14X1_0, 0.002, 0, 0.001, 0, 0.002, 0, 0.002, 0.001, 0.001
Node_Zixi5_Zixi4_0, 0, 0, 0.001, 0.001, 0, 0, 0, 0, 0
Node_chloroArabidopsis_chloroBryophyte_0, 0.005, 0.001, 0.021, 0.025, 0.005, 0, 0.005, 0, 0.021
Node_chloroArabidopsis_chloroChlorophyta_0, 0.004, 0, 0.012, 0.017, 0.004, 0, 0.004, 0.001, 0.013
Node_chloroArabidopsis_chloroLycophyte_0, 0.01, 0.001, 0.024, 0.031, 0.01, 0, 0.01, 0.002, 0.028
Node_chloroArabidopsis_chloroRedAlgae_0, 0.003, 0, 0.008, 0.009, 0.003, 0, 0.003, 0, 0.01
Node_mitoAnnelida_mitoChelicerate_0, 0.004, 0, 0.014, 0.016, 0.004, 0, 0.004, 0, 0.014
Node_mitoAnnelida_mitoMollusc_0, 0.009, 0, 0.011, 0.017, 0.009, 0, 0.009, 0.002, 0.017
Node_mitoAnnelida_mitoPriapulid_0, 0.003, 0, 0.013, 0.017, 0.003, 0, 0.003, 0.001, 0.012
Node_mitoArabidopsis_mitoLycophyte_0, 0.005, 0, 0.018, 0.023, 0.005, 0, 0.005, 0.001, 0.016
Node_mitoBryophyte_mitoArabidopsis_0, 0.007, 0, 0.019, 0.017, 0.007, 0, 0.007, 0, 0.019
Node_mitoBryophyte_mitoChlorophyta_0, 0.007, 0, 0.011, 0.015, 0.007, 0, 0.007, 0.001, 0.016
Node_mitoBryophyte_mitoExcavata_0, 0.007, 0, 0.013, 0.005, 0.007, 0, 0.007, 0.005, 0.003
Node_mitoBryophyte_mitoParamecium_0, 0.001, 0, 0.008, 0.009, 0.001, 0, 0.001, 0, 0.002
Node_mitoBryophyte_mitoRedAlgae_0, 0.002, 0, 0.005, 0.007, 0.002, 0, 0.002, 0, 0.006
Node_mitoChelicerate_mitoInsect_0, 0.007, 0, 0.013, 0.015, 0.007, 0, 0.007, 0.001, 0.016
Node_mitoFungi_mitoAnnelida_0, 0.004, 0, 0.021, 0.015, 0.004, 0, 0.004, 0.002, 0.008
Node_mitoFungi_mitoBryophyte_0, 0.017, 0.001, 0.067, 0.042, 0.017, 0, 0.017, 0.015, 0.003
OLB1X1, 0, 0, 0.029, 0.028, 0, 0, 0, 0, 0.016
Omni2, 1, 0, 0.025, 0.027, 1, 0, 1, 1, 0.014
Omni3, 0, 0, 0.305, 0.162, 0, 0, 0, 0, 0.018
Omni4, 1, 0, 0.025, 0.02, 1, 0, 1, 1, 0.014
Omni6, 1, 0.004, 0.018, 0.222, 1, 0, 1, 0.37, 0.636
Omni7, 0, 0.001, 0.388, 0.174, 0, 0, 0, 0, 0.013
Omni8, 0, 0, 0.388, 0.159, 0, 0, 0, 0, 0.01
P4572X1, 0, 0, 0.018, 0.02, 0, 0, 0, 0, 0.018
Pate1, 0, 0, 0.023, 0.028, 0, 0, 0, 0, 0.021
Pate10, 0, 0, 0.023, 0.024, 0, 0, 0, 0, 0.019
Pate11, 0, 0, 0.027, 0.029, 0, 0, 0, 0, 0.024
Pate12, 0, 0, 0.02, 0.026, 0, 0, 0, 0, 0.018
Pate13, 0, 0, 0.024, 0.027, 0, 0, 0, 0, 0.018
Pate14, 0, 0, 0.023, 0.029, 0, 0, 0, 0, 0.02
Pate15, 0, 0, 0.019, 0.019, 0, 0, 0, 0, 0.01
Pate17, 0, 0, 0.033, 0.038, 0, 0, 0, 0, 0.027
Pate18, 0, 0, 0.027, 0.033, 0, 0, 0, 0, 0.022
Pate19, 0, 0, 0.033, 0.032, 0, 0, 0, 0, 0.024
Pate21, 0, 0, 0.03, 0.036, 0, 0, 0, 0, 0.026
Pate22, 0, 0, 0.032, 0.04, 0, 0, 0, 0, 0.031
Pate23, 0, 0, 0.03, 0.037, 0, 0, 0, 0, 0.029
Pate24, 0, 0, 0.023, 0.023, 0, 0, 0, 0, 0.019
Pate25, 0, 0.002, 0.032, 0.036, 0, 0, 0, 0, 0.027
Pate26, 0, 0, 0.021, 0.022, 0, 0, 0, 0, 0.019
Pate27, 0, 0, 0.026, 0.026, 0, 0, 0, 0, 0.015
Pate28, 0, 0, 0.028, 0.038, 0, 0, 0, 0, 0.025
Pate29, 0, 0, 0.032, 0.032, 0, 0, 0, 0, 0.023
Pate3, 0, 0, 0.034, 0.042, 0, 0, 0, 0, 0.032
Pate30, 0, 0, 0.022, 0.028, 0, 0, 0, 0, 0.022
Pate31, 0, 0, 0.026, 0.031, 0, 0, 0, 0, 0.02
Pate32, 0, 0, 0.015, 0.018, 0, 0, 0, 0, 0.014
Pate33, 0, 0, 0.027, 0.028, 0, 0, 0, 0, 0.022
Pate34, 0, 0, 0.024, 0.02, 0, 0, 0, 0, 0.018
Pate35, 0, 0, 0.02, 0.022, 0, 0, 0, 0, 0.017
Pate36, 0, 0, 0.018, 0.021, 0, 0, 0, 0, 0.016
Pate37, 0, 0, 0.034, 0.035, 0, 0, 0, 0, 0.025
Pate38, 0, 0, 0.017, 0.015, 0, 0, 0, 0, 0.012
Pate39, 0, 0, 0.016, 0.02, 0, 0, 0, 0, 0.012
Pate4, 0, 0, 0.029, 0.028, 0, 0, 0, 0, 0.025
Pate40, 0, 0, 0.027, 0.031, 0, 0, 0, 0, 0.024
Pate41, 0, 0, 0.025, 0.03, 0, 0, 0, 0, 0.019
Pate43, 0, 0, 0.031, 0.038, 0, 0, 0, 0, 0.028
Pate44, 0, 0, 0.027, 0.036, 0, 0, 0, 0, 0.023
Pate45, 0, 0.001, 0.02, 0.026, 0, 0, 0, 0, 0.016
Pate46, 0, 0, 0.031, 0.04, 0, 0, 0, 0, 0.03
Pate48, 0, 0, 0.026, 0.026, 0, 0, 0, 0, 0.02
Pate49, 0, 0, 0.031, 0.039, 0, 0, 0, 0, 0.025
Pate5, 0, 0, 0.018, 0.023, 0, 0, 0, 0, 0.017
Pate50, 0, 0, 0.018, 0.023, 0, 0, 0, 0, 0.016
Pate51, 0, 0.001, 0.03, 0.035, 0, 0, 0, 0, 0.018
Pate52, 0, 0, 0.011, 0.012, 0, 0, 0, 0, 0.009
Pate53, 0, 0, 0.026, 0.028, 0, 0, 0, 0, 0.017
Pate54, 0, 0, 0.02, 0.015, 0, 0, 0, 0, 0.014
Pate55, 0, 0, 0.022, 0.023, 0, 0, 0, 0, 0.019
Pate56, 0, 0, 0.025, 0.037, 0, 0, 0, 0, 0.021
Pate57, 0, 0, 0.016, 0.016, 0, 0, 0, 0, 0.013
Pate6, 0, 0, 0.026, 0.027, 0, 0, 0, 0, 0.018
Pate7, 0, 0, 0.033, 0.036, 0, 0, 0, 0, 0.032
Pate8, 0, 0, 0.027, 0.029, 0, 0, 0, 0, 0.021
Pate9, 0, 0, 0.017, 0.019, 0, 0, 0, 0, 0.015
Plan12, 0, 0, 0.027, 0.026, 0, 0, 0, 0, 0.014
Plan14, 1, 0.001, 0.016, 0.14, 1, 0, 1, 0.181, 0.832
Plan16, 1, 0.009, 0.083, 0.74, 1, 0, 1, 0.806, 0.208
Plan17, 0, 0, 0.012, 0.012, 0, 0, 0, 0, 0.009
Plan18, 0, 0, 0.029, 0.035, 0, 0, 0, 0, 0.017
Plan2, 0, 0, 0.279, 0.115, 0, 0, 0, 0, 0.013
Plan21, 0, 0, 0.026, 0.023, 0, 0, 0, 0, 0.013
Plan22, 1, 0.002, 0.043, 0.166, 1, 0, 1, 0.239, 0.775
Plan23, 0, 0, 0.012, 0.016, 0, 0, 0, 0, 0.009
Plan26, 0, 0, 0.021, 0.021, 0, 0, 0, 0, 0.014
Plan27, 2, 0.002, 0.02, 0.256, 1, 0, 2, 0.056, 1.956
Plan3, 0, 0, 0.037, 0.039, 0, 0, 0, 0, 0.018
Plan30, 0, 0, 0.197, 0.048, 0, 0, 0, 0, 0.014
Plan31, 0, 0, 0.028, 0.032, 0, 0, 0, 0, 0.022
Plan32, 0, 0, 0.028, 0.025, 0, 0, 0, 0, 0.015
Plan33, 0, 0, 0.199, 0.099, 0, 0, 0, 0, 0.018
Plan39, 0, 0, 0.032, 0.028, 0, 0, 0, 0, 0.023
Plan4, 1, 0.001, 0.067, 0.274, 1, 0, 1, 0.208, 0.799
Plan40, 0, 0, 0.866, 0.46, 0, 0, 0, 0, 0.016
Plan42, 1, 0.004, 0.053, 0.479, 1, 0, 1, 0.815, 0.199
Plan43, 1, 0.005, 0.691, 0.997, 1, 0, 1, 0.326, 0.683
Plan44, 1, 0.008, 0.044, 0.429, 1, 0, 1, 0.152, 0.855
Plan5, 0, 0.001, 0.026, 0.026, 0, 0, 0, 0, 0.018
Plan7, 0, 0, 0.082, 0.06, 0, 0, 0, 0, 0.018
Pori1, 0, 0, 0.032, 0.033, 0, 0, 0, 0, 0.019
Pori2, 0, 0, 0.031, 0.036, 0, 0, 0, 0, 0.018
ProtA10, 0, 0, 0.671, 0.032, 0, 0, 0, 0, 0.014
ProtA11, 1, 0.011, 0.04, 1.088, 1, 0, 1, 0.986, 0.015
ProtA12, 0, 0, 0.019, 0.021, 0, 0, 0, 0, 0.013
ProtA13, 1, 0, 1.012, 0.037, 1, 0, 1, 0.004, 1.01
ProtA14, 1, 0.01, 0.225, 0.604, 1, 0, 1, 0.963, 0.043
ProtA15, 0, 0, 0.493, 0.038, 0, 0, 0, 0, 0.016
ProtA16, 0, 0, 0.093, 0.05, 0, 0, 0, 0, 0.016
ProtA18, 1, 0, 0.034, 0.081, 1, 0, 1, 0.639, 0.377
ProtA19, 0, 0, 0.616, 0.142, 0, 0, 0, 0, 0.007
ProtA2, 1, 0, 0.715, 0.268, 1, 0, 1, 0.058, 0.958
ProtA20, 0, 0, 0.034, 0.039, 0, 0, 0, 0, 0.02
ProtA21, 0, 0, 0.029, 0.029, 0, 0, 0, 0, 0.02
ProtA24, 1, 0.015, 0.061, 1.02, 1, 0, 1, 0.976, 0.025
ProtA26, 0, 0, 0.02, 0.022, 0, 0, 0, 0, 0.013
ProtA27, 0, 0, 0.022, 0.022, 0, 0, 0, 0, 0.013
ProtA29, 1, 0.001, 0.649, 0.108, 1, 0, 1, 0.038, 0.977
ProtA3, 0, 0, 0.281, 0.107, 0, 0, 0, 0, 0.015
ProtA30, 0, 0, 0.018, 0.024, 0, 0, 0, 0, 0.01
ProtA31, 1, 0.008, 0.752, 0.581, 1, 0, 1, 0.447, 0.563
ProtA32, 1, 0, 0.037, 0.036, 1, 0, 1, 0.997, 0.023
ProtA33, 0, 0, 0.075, 0.042, 0, 0, 0, 0, 0.014
ProtA34, 1, 0, 0.061, 0.041, 1, 0, 1, 1, 0.016
ProtA35, 0, 0, 0.028, 0.03, 0, 0, 0, 0, 0.02
ProtA36, 0, 0, 0.023, 0.021, 0, 0, 0, 0, 0.015
ProtA37, 0, 0, 0.022, 0.024, 0, 0, 0, 0, 0.015
ProtA38, 0, 0, 0.479, 0.04, 0, 0, 0, 0, 0.012
ProtA39, 0, 0, 0.018, 0.017, 0, 0, 0, 0, 0.01
ProtA40, 1, 0, 1.107, 0.327, 1, 0, 1, 0.187, 0.824
ProtA41, 1, 0, 0.047, 0.082, 1, 0, 1, 0.439, 0.58
ProtA42, 1, 0.001, 0.04, 0.062, 1, 0, 1, 0.447, 0.562
ProtA43, 1, 0, 0.052, 0.042, 1, 0, 1, 1, 0.007
ProtA44, 0, 0, 0.013, 0.013, 0, 0, 0, 0, 0.009
ProtA45, 1, 0.001, 0.039, 0.182, 1, 0, 1, 0.004, 1.013
ProtA46, 0, 0, 0.046, 0.033, 0, 0, 0, 0, 0.011
ProtA47, 4, 0.909, 0.031, 0.155, 1, 0, 4, 2.149, 0.468
ProtA48, 1, 0.006, 1.087, 1.067, 1, 0, 1, 0.899, 0.106
ProtA49, 1, 0.003, 0.025, 0.419, 1, 0, 1, 0.599, 0.413
ProtA5, 0, 0, 0.028, 0.027, 0, 0, 0, 0, 0.014
ProtA50, 1, 0.001, 0.445, 0.241, 1, 0, 1, 0.647, 0.368
ProtA51, 1, 0, 0.066, 0.306, 1, 0, 1, 0.749, 0.261
ProtA52, 1, 0.003, 0.142, 0.247, 1, 0, 1, 0.444, 0.566
ProtA53, 1, 0.002, 0.412, 0.118, 1, 0, 1, 0.653, 0.356
ProtA54, 0, 0, 0.018, 0.016, 0, 0, 0, 0, 0.012
ProtA55, 0, 0, 0.051, 0.041, 0, 0, 0, 0, 0.016
ProtA56, 1, 0.002, 0.478, 0.389, 1, 0, 1, 0.11, 0.903
ProtA57, 0, 0, 0.567, 0.066, 0, 0, 0, 0, 0.017
ProtA58, 1, 0.001, 0.677, 0.058, 1, 0, 1, 0.392, 0.622
ProtA60, 0, 0, 0.02, 0.024, 0, 0, 0, 0, 0.015
ProtA61, 1, 0, 0.023, 0.03, 1, 0, 1, 0.992, 0.021
ProtA62, 1, 0.003, 1.368, 0.573, 1, 0, 1, 0.979, 0.028
ProtA63, 1, 0, 1.67, 0.067, 1, 0, 1, 0.999, 0.016
ProtA64, 1, 0.004, 0.38, 0.589, 1, 0, 1, 0.264, 0.749
ProtA66, 1, 0.002, 0.024, 0.218, 1, 0, 1, 0.067, 0.945
ProtA67, 2, 0.204, 0.215, 0.644, 1, 0, 2, 0.963, 0.728
ProtA68, 1, 0.003, 0.104, 0.539, 1, 0, 1, 0.669, 0.344
ProtA69, 1, 0.003, 0.679, 0.301, 1, 0, 1, 0.409, 0.6
ProtA7, 0, 0, 0.713, 0.271, 0, 0, 0, 0, 0.019
ProtA70, 1, 0, 0.025, 0.063, 1, 0, 1, 0.54, 0.475
ProtA71, 2, 0.005, 0.121, 0.346, 1, 0, 2, 1.588, 0.42
ProtA72, 1, 0.001, 0.086, 0.179, 1, 0, 1, 0.196, 0.819
ProtA74, 0, 0, 0.518, 0.125, 0, 0, 0, 0, 0.006
ProtA75, 1, 0.011, 0.207, 1.144, 1, 0, 1, 0.876, 0.127
ProtA76, 1, 0, 0.708, 0.305, 1, 0, 1, 1, 0.012
ProtA77, 0, 0, 0.82, 0.244, 0, 0, 0, 0, 0.015
ProtA8, 1, 0.003, 0.091, 0.347, 1, 0, 1, 0.554, 0.463
ProtA9, 0, 0.001, 0.021, 0.023, 0, 0, 0, 0, 0.015
ProtG1, 0, 0, 0.048, 0.034, 0, 0, 0, 0, 0.016
ProtG10, 2, 0.921, 0.032, 0.514, 1, 0, 2, 0.053, 0.976
ProtG11, 0, 0, 1.035, 0.48, 0, 0, 0, 0, 0.026
ProtG12, 0, 0, 0.025, 0.031, 0, 0, 0, 0, 0.019
ProtG13, 1, 0, 0.02, 0.017, 1, 0, 1, 0.999, 0.012
ProtG14, 0, 0, 0.051, 0.033, 0, 0, 0, 0, 0.016
ProtG15, 0, 0, 0.283, 0.102, 0, 0, 0, 0, 0.015
ProtG16, 0, 0, 0.016, 0.014, 0, 0, 0, 0, 0.01
ProtG17, 0, 0, 0.023, 0.021, 0, 0, 0, 0, 0.017
ProtG18, 0, 0, 0.138, 0.066, 0, 0, 0, 0, 0.018
ProtG19, 0, 0, 0.025, 0.024, 0, 0, 0, 0, 0.008
ProtG20, 0, 0, 0.03, 0.036, 0, 0, 0, 0, 0.022
ProtG21, 1, 0.004, 0.03, 0.503, 1, 0, 1, 0.112, 0.906
ProtG22, 1, 0.002, 0.014, 0.286, 1, 0, 1, 0.183, 0.824
ProtG24, 0, 0, 0.025, 0.027, 0, 0, 0, 0, 0.015
ProtG25, 0, 0, 0.191, 0.025, 0, 0, 0, 0, 0.014
ProtG26, 1, 0.006, 0.024, 0.475, 1, 0, 1, 0.267, 0.746
ProtG27, 0, 0, 0.022, 0.019, 0, 0, 0, 0, 0.013
ProtG28, 0, 0, 0.08, 0.037, 0, 0, 0, 0, 0.009
ProtG29, 0, 0, 0.024, 0.024, 0, 0, 0, 0, 0.015
ProtG3, 0, 0, 0.018, 0.017, 0, 0, 0, 0, 0.011
ProtG30, 0, 0, 0.029, 0.026, 0, 0, 0, 0, 0.012
ProtG31, 0, 0, 0.062, 0.021, 0, 0, 0, 0, 0.011
ProtG32, 0, 0, 0.278, 0.08, 0, 0, 0, 0, 0.006
ProtG33, 1, 0.002, 0.024, 0.149, 1, 0, 1, 0.302, 0.711
ProtG34, 0, 0, 0.363, 0.159, 0, 0, 0, 0, 0.015
ProtG35, 0, 0, 0.073, 0.082, 0, 0, 0, 0, 0.018
ProtG36, 0, 0, 0.019, 0.019, 0, 0, 0, 0, 0.011
ProtG37, 0, 0, 0.024, 0.027, 0, 0, 0, 0, 0.01
ProtG38, 0, 0, 0.24, 0.082, 0, 0, 0, 0, 0.007
ProtG39, 1, 0.005, 0.018, 0.491, 1, 0, 1, 0.262, 0.745
ProtG4, 0, 0, 0.04, 0.037, 0, 0, 0, 0, 0.024
ProtG40, 1, 0.003, 0.031, 0.176, 1, 0, 1, 0.186, 0.833
ProtG41, 0, 0, 0.211, 0.09, 0, 0, 0, 0, 0.016
ProtG42, 0, 0, 0.031, 0.031, 0, 0, 0, 0, 0.018
ProtG43, 0, 0, 0.012, 0.013, 0, 0, 0, 0, 0.008
ProtG44, 0, 0, 0.201, 0.045, 0, 0, 0, 0, 0.013
ProtG45, 0, 0, 0.056, 0.049, 0, 0, 0, 0, 0.011
ProtG46, 1, 0.007, 0.025, 0.484, 1, 0, 1, 0.229, 0.785
ProtG47, 0, 0, 0.024, 0.021, 0, 0, 0, 0, 0.014
ProtG48, 0, 0, 0.023, 0.022, 0, 0, 0, 0, 0.014
ProtG49, 0, 0, 0.031, 0.028, 0, 0, 0, 0, 0.017
ProtG5, 0, 0, 0.02, 0.017, 0, 0, 0, 0, 0.014
ProtG50, 1, 0.003, 0.103, 0.4, 1, 0, 1, 0.002, 1.014
ProtG51, 0, 0, 0.028, 0.031, 0, 0, 0, 0, 0.014
ProtG52, 2, 0, 0.014, 0.073, 1, 0, 2, 1.286, 0.721
ProtG53, 0, 0, 0.016, 0.02, 0, 0, 0, 0, 0.012
ProtG54, 0, 0, 0.049, 0.046, 0, 0, 0, 0, 0.018
ProtG55, 0, 0, 0.013, 0.011, 0, 0, 0, 0, 0.009
ProtG56, 1, 0.005, 0.531, 0.392, 1, 0, 1, 0.957, 0.056
ProtG57, 0, 0, 0.179, 0.075, 0, 0, 0, 0, 0.01
ProtG58, 1, 0, 0.021, 0.019, 1, 0, 1, 1, 0.007
ProtG59, 1, 0, 0.019, 0.019, 1, 0, 1, 1, 0.013
ProtG6, 0, 0, 0.027, 0.025, 0, 0, 0, 0, 0.018
ProtG60, 1, 0, 0.015, 0.021, 1, 0, 1, 1, 0.013
ProtG61, 1, 0, 0.014, 0.014, 1, 0, 1, 0.999, 0.012
ProtG62, 0, 0, 0.016, 0.017, 0, 0, 0, 0, 0.01
ProtG63, 1, 0, 0.516, 0.095, 1, 0, 1, 0.162, 0.854
ProtG64, 1, 0.004, 0.051, 0.298, 1, 0, 1, 0.158, 0.855
ProtG65, 1, 0.007, 0.019, 0.308, 1, 0, 1, 0.095, 0.915
ProtG66, 2, 1.002, 0.034, 1.008, 1, 0, 2, 0.001, 0.021
ProtG67, 1, 0.002, 0.183, 0.144, 1, 0, 1, 0.491, 0.519
ProtG68, 1, 0.006, 0.033, 0.506, 1, 0, 1, 0.989, 0.016
ProtG69, 0, 0, 0.108, 0.03, 0, 0, 0, 0, 0.011
ProtG7, 0, 0, 0.322, 0.047, 0, 0, 0, 0, 0.011
ProtG70, 0, 0, 0.022, 0.027, 0, 0, 0, 0, 0.018
ProtG71, 0, 0, 0.06, 0.03, 0, 0, 0, 0, 0.011
ProtG72, 0, 0, 0.078, 0.027, 0, 0, 0, 0, 0.008
ProtG73, 1, 0, 0.025, 0.034, 1, 0, 1, 0.999, 0.019
ProtG74, 0, 0, 0.027, 0.03, 0, 0, 0, 0, 0.014
ProtG75, 2, 0.005, 0.046, 0.642, 1, 0, 2, 0.021, 1.996
ProtG76, 0, 0, 0.02, 0.018, 0, 0, 0, 0, 0.011
ProtG77, 0, 0, 0.022, 0.024, 0, 0, 0, 0, 0.016
ProtG78, 0, 0, 0.27, 0.061, 0, 0, 0, 0, 0.013
ProtG79, 0, 0, 0.032, 0.032, 0, 0, 0, 0, 0.018
ProtG8, 0, 0, 0.029, 0.023, 0, 0, 0, 0, 0.012
ProtG80, 2, 0.007, 0.03, 0.576, 1, 0, 2, 0.161, 1.854
ProtG81, 0, 0, 0.029, 0.034, 0, 0, 0, 0, 0.015
ProtG82, 1, 0, 0.021, 0.038, 1, 0, 1, 0.982, 0.032
ProtG83, 1, 0, 0.304, 0.035, 1, 0, 1, 1, 0.011
ProtG84, 1, 0.001, 0.03, 0.378, 1, 0, 1, 0.99, 0.02
ProtG85, 0, 0, 0.993, 0.34, 0, 0, 0, 0, 0.008
ProtG86, 0, 0, 1, 0.023, 0, 0, 0, 0, 0.011
ProtG87, 0, 0, 0.018, 0.02, 0, 0, 0, 0, 0.011
ProtG88, 1, 0.033, 0.752, 3.01, 1, 0, 1, 0.696, 0.286
ProtG89, 1, 0, 0.02, 0.016, 1, 0, 1, 1, 0.012
ProtG9, 1, 0, 0.014, 0.016, 1, 0, 1, 0.172, 0.837
ProtG90, 0, 0, 0.044, 0.031, 0, 0, 0, 0, 0.013
ProtG91, 1, 0.002, 0.023, 0.359, 1, 0, 1, 0.973, 0.036
ProtM1, 0, 0, 0.022, 0.02, 0, 0, 0, 0, 0.01
ProtM2, 0, 0, 0.021, 0.019, 0, 0, 0, 0, 0.009
ProtM3, 1, 0.003, 0.018, 0.497, 1, 0, 1, 0.157, 0.852
ProtZ1, 1, 0, 0.031, 0.023, 1, 0, 1, 1, 0.018
ProtZ2, 1, 0, 0.167, 0.07, 1, 0, 1, 0.01, 1.002
ProtZ3, 1, 0, 0.032, 0.019, 1, 0, 1, 0.999, 0.012
ProtZ4, 1, 0.01, 0.046, 1.031, 1, 0, 1, 0.988, 0.023
ProtZ5, 0, 0, 0.09, 0.078, 0, 0, 0, 0, 0.02
RBG1, 0, 0, 0.036, 0.035, 0, 0, 0, 0, 0.016
Rifl1, 0, 0, 0.027, 0.021, 0, 0, 0, 0, 0.01
SAR3X1, 1, 0.006, 0.04, 0.311, 1, 0, 1, 0.172, 0.849
SAR3X2, 0, 0, 0.199, 0.075, 0, 0, 0, 0, 0.014
SLNR1, 0, 0, 0.019, 0.02, 0, 0, 0, 0, 0.019
SM23X1, 0, 0, 0.025, 0.032, 0, 0, 0, 0, 0.021
SZUA1, 0, 0, 0.019, 0.021, 0, 0, 0, 0, 0.017
SZUA2, 0, 0, 0.025, 0.027, 0, 0, 0, 0, 0.016
Sche1, 0, 0, 0.028, 0.023, 0, 0, 0, 0, 0.011
Spir10, 0, 0, 0.093, 0.063, 0, 0, 0, 0, 0.015
Spir11, 0, 0, 0.61, 0.252, 0, 0, 0, 0, 0.015
Spir12, 0, 0, 0.572, 0.222, 0, 0, 0, 0, 0.018
Spir13, 1, 0, 0.023, 0.015, 1, 0, 1, 0.997, 0.008
Spir15, 1, 0, 0.088, 0.071, 1, 0, 1, 0.981, 0.03
Spir2, 1, 0, 0.03, 0.024, 1, 0, 1, 0.997, 0.015
Spir3, 0, 0, 0.084, 0.074, 0, 0, 0, 0, 0.006
Spir4, 2, 0.01, 0.55, 1.405, 1, 0, 2, 0.446, 1.571
Spir8, 1, 0.007, 0.196, 0.56, 1, 0, 1, 0.471, 0.545
Spir9, 1, 0.016, 0.1, 1.04, 1, 0, 1, 0.965, 0.026
Sume1, 0, 0, 0.026, 0.03, 0, 0, 0, 0, 0.019
Syne1, 0, 0, 0.023, 0.024, 0, 0, 0, 0, 0.016
Syne10, 0, 0, 0.009, 0.011, 0, 0, 0, 0, 0.007
Syne2, 0, 0, 0.027, 0.027, 0, 0, 0, 0, 0.02
Syne3, 0, 0, 0.027, 0.024, 0, 0, 0, 0, 0.013
Syne4, 0, 0, 0.023, 0.025, 0, 0, 0, 0, 0.02
Syne5, 0, 0, 0.022, 0.027, 0, 0, 0, 0, 0.019
Syne6, 0, 0, 0.017, 0.018, 0, 0, 0, 0, 0.013
Syne7, 0, 0, 0.019, 0.021, 0, 0, 0, 0, 0.017
Syne8, 0, 0, 0.03, 0.033, 0, 0, 0, 0, 0.016
Syne9, 0, 0, 0.018, 0.017, 0, 0, 0, 0, 0.015
TA06A1, 0, 0, 0.016, 0.024, 0, 0, 0, 0, 0.015
TA06X1, 0, 0, 0.013, 0.013, 0, 0, 0, 0, 0.01
Therd1, 0, 0, 0.006, 0.009, 0, 0, 0, 0, 0.006
Therg2, 0, 0, 0.014, 0.019, 0, 0, 0, 0, 0.009
Therg3, 0, 0, 0.017, 0.021, 0, 0, 0, 0, 0.014
Therg4, 0, 0, 0.017, 0.016, 0, 0, 0, 0, 0.012
Therg5, 0, 0, 0.008, 0.01, 0, 0, 0, 0, 0.005
Therg6, 0, 0, 0.013, 0.015, 0, 0, 0, 0, 0.01
Therg8, 0, 0, 0.014, 0.014, 0, 0, 0, 0, 0.011
Thers1, 1, 0.004, 0.035, 0.336, 1, 0, 1, 0.002, 1.023
UBA1X1, 1, 0.012, 0.044, 0.459, 1, 0, 1, 0.276, 0.738
UBA1X2, 0, 0, 0.027, 0.025, 0, 0, 0, 0, 0.016
UBA1X3, 0, 0, 0.075, 0.063, 0, 0, 0, 0, 0.019
UBA1X4, 0, 0, 0.016, 0.019, 0, 0, 0, 0, 0.012
UBA1X5, 0, 0, 0.013, 0.014, 0, 0, 0, 0, 0.009
UBA1X6, 0, 0, 0.309, 0.153, 0, 0, 0, 0, 0.015
UBA2X1, 0, 0, 0.022, 0.023, 0, 0, 0, 0, 0.013
UBA6X1, 0, 0, 0.019, 0.018, 0, 0, 0, 0, 0.014
UBA9X1, 0, 0, 0.019, 0.019, 0, 0, 0, 0, 0.011
UBA9X2, 0, 0, 0.015, 0.019, 0, 0, 0, 0, 0.013
UBA9X3, 0, 0, 0.015, 0.021, 0, 0, 0, 0, 0.013
UBP13X1, 0, 0, 0.02, 0.022, 0, 0, 0, 0, 0.018
UBP14X1, 0, 0, 0.025, 0.029, 0, 0, 0, 0, 0.023
UBP4X1, 0, 0, 0.018, 0.021, 0, 0, 0, 0, 0.011
UBP6X1, 0, 0, 0.076, 0.047, 0, 0, 0, 0, 0.018
Verr10, 1, 0.001, 0.06, 0.356, 1, 0, 1, 0.406, 0.607
Verr11, 1, 0.002, 0.997, 0.171, 1, 0, 1, 0.18, 0.834
Verr12, 1, 0, 0.205, 0.064, 1, 0, 1, 0.971, 0.044
Verr13, 1, 0.001, 0.797, 0.262, 1, 0, 1, 0.171, 0.842
Verr14, 1, 0.002, 1.024, 0.047, 1, 0, 1, 0.133, 0.873
Verr2, 1, 0.011, 0.043, 0.892, 1, 0, 1, 0.979, 0.021
Verr3, 0, 0, 0.462, 0.142, 0, 0, 0, 0, 0.01
Verr4, 1, 0.001, 0.798, 0.487, 1, 0, 1, 0.243, 0.771
Verr5, 0, 0, 0.458, 0.367, 0, 0, 0, 0, 0.014
Verr6, 1, 0.006, 0.068, 0.422, 1, 0, 1, 0.394, 0.618
Verr7, 1, 0.005, 0.036, 0.699, 1, 0, 1, 0.989, 0.02
Verr8, 1, 0.001, 0.328, 0.69, 1, 0, 1, 0.363, 0.656
Verr9, 1, 0, 0.132, 0.049, 1, 0, 1, 0.981, 0.03
WOR1, 0, 0, 0.015, 0.016, 0, 0, 0, 0, 0.013
WOR2, 0, 0, 0.011, 0.014, 0, 0, 0, 0, 0.011
WOR3, 0, 0, 0.018, 0.017, 0, 0, 0, 0, 0.016
WOR4, 0, 0, 0.012, 0.014, 0, 0, 0, 0, 0.012
WOR6, 1, 0.002, 0.019, 0.236, 1, 0, 1, 0.132, 0.883
WOR7, 0, 0, 0.145, 0.043, 0, 0, 0, 0, 0.011
Wall1, 0, 0, 0.104, 0.036, 0, 0, 0, 0, 0.015
Zixi1, 0, 0, 0.022, 0.028, 0, 0, 0, 0, 0.018
Zixi2, 0, 0, 0.017, 0.019, 0, 0, 0, 0, 0.013
Zixi3, 0, 0, 0.022, 0.023, 0, 0, 0, 0, 0.017
Zixi4, 0, 0, 0.018, 0.02, 0, 0, 0, 0, 0.013
Zixi5, 0, 0, 0.011, 0.013, 0, 0, 0, 0, 0.011
chloroArabidopsis, 0, 0, 0.024, 0.028, 0, 0, 0, 0, 0.014
chloroBryophyte, 0, 0.001, 0.023, 0.025, 0, 0, 0, 0, 0.017
chloroChlorophyta, 0, 0, 0.018, 0.019, 0, 0, 0, 0, 0.014
chloroLycophyte, 0, 0, 0.022, 0.021, 0, 0, 0, 0, 0.012
chloroRedAlgae, 0, 0, 0.015, 0.014, 0, 0, 0, 0, 0.012
mitoAnnelida, 0, 0, 0.018, 0.021, 0, 0, 0, 0, 0.009
mitoArabidopsis, 0, 0, 0.014, 0.013, 0, 0, 0, 0, 0.009
mitoBryophyte, 0, 0, 0.015, 0.009, 0, 0, 0, 0, 0.008
mitoChelicerate, 0, 0, 0.016, 0.013, 0, 0, 0, 0, 0.009
mitoChlorophyta, 0, 0, 0.026, 0.031, 0, 0, 0, 0, 0.019
mitoExcavata, 0, 0, 0.02, 0.015, 0, 0, 0, 0, 0.013
mitoFungi, 0, 0, 0.012, 0.014, 0, 0, 0, 0, 0.008
mitoInsect, 0, 0.001, 0.021, 0.025, 0, 0, 0, 0, 0.013
mitoLycophyte, 0, 0, 0.016, 0.016, 0, 0, 0, 0, 0.011
mitoMollusc, 0, 0, 0.02, 0.026, 0, 0, 0, 0, 0.011
mitoParamecium, 0, 0, 0.008, 0.011, 0, 0, 0, 0, 0.007
mitoPriapulid, 0, 0, 0.017, 0.016, 0, 0, 0, 0, 0.014
mitoRedAlgae, 0, 0, 0.011, 0.015, 0, 0, 0, 0, 0.009
