species_label, speciations, duplications, losses, transfers, presence, origination, copies, singletons, transfers_to
AABM5X1, 0, 0, 0.014, 0.019, 0, 0, 0, 0, 0.012
AABM5X2, 0, 0, 0.01, 0.01, 0, 0, 0, 0, 0.008
AABM5X3, 0, 0, 0.014, 0.011, 0, 0, 0, 0, 0.005
Abys1, 0, 0, 0.027, 0.018, 0, 0, 0, 0, 0.005
Acid1, 0, 0, 0.009, 0.009, 0, 0, 0, 0, 0.003
Acid10, 0, 0, 0.014, 0.016, 0, 0, 0, 0, 0.011
Acid11, 1, 0.002, 0.015, 0.401, 1, 0, 1, 0.223, 0.787
Acid12, 1, 0.003, 0.021, 0.327, 1, 0, 1, 0.231, 0.78
Acid13, 0, 0, 0.245, 0.085, 0, 0, 0, 0, 0.007
Acid14, 0, 0, 0.026, 0.025, 0, 0, 0, 0, 0.009
Acid16, 0, 0, 0.054, 0.029, 0, 0, 0, 0, 0.008
Acid17, 0, 0, 0.017, 0.022, 0, 0, 0, 0, 0.011
Acid18, 0, 0, 0.019, 0.021, 0, 0, 0, 0, 0.014
Acid2, 0, 0, 0.017, 0.018, 0, 0, 0, 0, 0.012
Acid20, 0, 0, 0.013, 0.015, 0, 0, 0, 0, 0.007
Acid21, 0, 0, 0.017, 0.018, 0, 0, 0, 0, 0.014
Acid22, 0, 0, 0.011, 0.013, 0, 0, 0, 0, 0.007
Acid23, 0, 0, 0.057, 0.029, 0, 0, 0, 0, 0.005
Acid24, 0, 0, 0.008, 0.012, 0, 0, 0, 0, 0.007
Acid25, 0, 0, 0.014, 0.013, 0, 0, 0, 0, 0.009
Acid26, 0, 0, 0.014, 0.013, 0, 0, 0, 0, 0.009
Acid27, 0, 0, 0.015, 0.012, 0, 0, 0, 0, 0.005
Acid28, 1, 0.004, 0.018, 0.495, 1, 0, 1, 0.295, 0.716
Acid29, 0, 0, 0.018, 0.018, 0, 0, 0, 0, 0.008
Acid3, 0, 0, 0.028, 0.024, 0, 0, 0, 0, 0.011
Acid30, 0, 0, 0.015, 0.013, 0, 0, 0, 0, 0.01
Acid31, 0, 0.001, 0.234, 0.07, 0, 0, 0, 0, 0.007
Acid32, 0, 0, 0.012, 0.011, 0, 0, 0, 0, 0.007
Acid33, 0, 0, 0.017, 0.016, 0, 0, 0, 0, 0.012
Acid34, 0, 0, 0.011, 0.007, 0, 0, 0, 0, 0.004
Acid35, 0, 0, 0.037, 0.032, 0, 0, 0, 0, 0.009
Acid36, 0, 0, 0.008, 0.009, 0, 0, 0, 0, 0.006
Acid37, 0, 0, 0.011, 0.012, 0, 0, 0, 0, 0.006
Acid38, 0, 0, 0.012, 0.013, 0, 0, 0, 0, 0.01
Acid39, 0, 0, 0.036, 0.025, 0, 0, 0, 0, 0.008
Acid4, 0, 0, 0.013, 0.016, 0, 0, 0, 0, 0.012
Acid40, 0, 0, 0.013, 0.011, 0, 0, 0, 0, 0.007
Acid5, 0, 0, 0.03, 0.026, 0, 0, 0, 0, 0.008
Acid6, 0, 0, 0.313, 0.171, 0, 0, 0, 0, 0.015
Acid7, 0, 0, 0.016, 0.019, 0, 0, 0, 0, 0.011
Acid8, 0, 0, 0.071, 0.034, 0, 0, 0, 0, 0.011
Acid9, 1, 0.001, 0.014, 0.418, 1, 0, 1, 0.165, 0.844
Acti10, 0, 0, 0.266, 0.061, 0, 0, 0, 0, 0.006
Acti11, 1, 0.002, 0.015, 0.46, 1, 0, 1, 0.107, 0.903
Acti12, 0, 0, 0.014, 0.014, 0, 0, 0, 0, 0.01
Acti13, 0, 0, 0.009, 0.013, 0, 0, 0, 0, 0.008
Acti14, 1, 0.002, 0.592, 0.241, 1, 0, 1, 0.754, 0.257
Acti15, 0, 0, 0.018, 0.021, 0, 0, 0, 0, 0.012
Acti16, 0, 0, 0.006, 0.008, 0, 0, 0, 0, 0.003
Acti18, 0, 0, 0.011, 0.013, 0, 0, 0, 0, 0.008
Acti19, 0, 0, 0.009, 0.009, 0, 0, 0, 0, 0.006
Acti2, 0, 0, 0.018, 0.019, 0, 0, 0, 0, 0.014
Acti20, 0, 0, 0.021, 0.022, 0, 0, 0, 0, 0.011
Acti21, 0, 0, 0.011, 0.01, 0, 0, 0, 0, 0.007
Acti22, 0, 0, 0.126, 0.034, 0, 0, 0, 0, 0.016
Acti23, 0, 0, 0.011, 0.013, 0, 0, 0, 0, 0.008
Acti24, 0, 0, 0.013, 0.017, 0, 0, 0, 0, 0.006
Acti25, 0, 0, 0.018, 0.023, 0, 0, 0, 0, 0.014
Acti26, 0, 0, 0.015, 0.013, 0, 0, 0, 0, 0.011
Acti27, 0, 0, 0.016, 0.018, 0, 0, 0, 0, 0.012
Acti28, 0, 0, 0.279, 0.076, 0, 0, 0, 0, 0.011
Acti29, 0, 0, 0.012, 0.015, 0, 0, 0, 0, 0.007
Acti3, 1, 0.001, 0.014, 0.427, 1, 0, 1, 0.253, 0.753
Acti30, 0, 0, 0.014, 0.018, 0, 0, 0, 0, 0.011
Acti31, 0, 0, 0.023, 0.019, 0, 0, 0, 0, 0.012
Acti32, 0, 0, 0.012, 0.013, 0, 0, 0, 0, 0.009
Acti33, 0, 0, 0.978, 0.011, 0, 0, 0, 0, 0.006
Acti34, 1, 0, 0.468, 0.301, 1, 0, 1, 0.781, 0.223
Acti35, 1, 0, 0.013, 0.038, 1, 0, 1, 0.968, 0.041
Acti36, 0, 0, 0.256, 0.111, 0, 0, 0, 0, 0.006
Acti37, 0, 0, 0.025, 0.017, 0, 0, 0, 0, 0.009
Acti38, 0, 0, 0.013, 0.012, 0, 0, 0, 0, 0.007
Acti39, 0, 0, 0.01, 0.013, 0, 0, 0, 0, 0.009
Acti4, 0, 0, 0.012, 0.016, 0, 0, 0, 0, 0.009
Acti40, 0, 0, 0.006, 0.006, 0, 0, 0, 0, 0.005
Acti41, 0, 0, 0.014, 0.016, 0, 0, 0, 0, 0.008
Acti42, 0, 0, 0.013, 0.016, 0, 0, 0, 0, 0.013
Acti43, 1, 0, 0.012, 0.318, 1, 0, 1, 0.247, 0.762
Acti44, 0, 0, 0.007, 0.006, 0, 0, 0, 0, 0.004
Acti45, 1, 0.003, 0.022, 0.095, 1, 0, 1, 0.176, 0.833
Acti46, 0, 0, 0.014, 0.01, 0, 0, 0, 0, 0.008
Acti47, 0, 0, 0.199, 0.043, 0, 0, 0, 0, 0.013
Acti48, 0, 0, 0.011, 0.011, 0, 0, 0, 0, 0.004
Acti49, 0, 0, 0.014, 0.015, 0, 0, 0, 0, 0.011
Acti5, 0, 0, 0.007, 0.011, 0, 0, 0, 0, 0.005
Acti50, 1, 0.001, 0.017, 0.414, 1, 0, 1, 0.26, 0.748
Acti51, 0, 0, 0.01, 0.01, 0, 0, 0, 0, 0.006
Acti52, 0, 0, 0.011, 0.012, 0, 0, 0, 0, 0.008
Acti6, 1, 0, 0.554, 0.028, 1, 0, 1, 0.794, 0.221
Acti7, 0, 0, 0.058, 0.022, 0, 0, 0, 0, 0.007
Acti8, 0, 0, 0.015, 0.015, 0, 0, 0, 0, 0.008
Acti9, 0, 0, 0.015, 0.021, 0, 0, 0, 0, 0.01
Aero1, 0, 0, 0.014, 0.014, 0, 0, 0, 0, 0.012
Aqui1, 0, 0, 0.017, 0.021, 0, 0, 0, 0, 0.009
Aqui2, 0, 0, 0.02, 0.02, 0, 0, 0, 0, 0.012
Aqui3, 0, 0, 0.014, 0.02, 0, 0, 0, 0, 0.011
Aqui4, 0, 0, 0.013, 0.016, 0, 0, 0, 0, 0.008
Aqui5, 0, 0, 0.017, 0.012, 0, 0, 0, 0, 0.009
Aqui6, 0, 0, 0.008, 0.007, 0, 0, 0, 0, 0.003
Arma11, 0, 0, 0.009, 0.01, 0, 0, 0, 0, 0.008
Arma12, 0, 0, 0.009, 0.013, 0, 0, 0, 0, 0.008
Arma13, 0, 0, 0.027, 0.021, 0, 0, 0, 0, 0.009
Arma14, 0, 0, 0.019, 0.015, 0, 0, 0, 0, 0.013
Arma15, 0, 0, 0.032, 0.029, 0, 0, 0, 0, 0.014
Arma16, 0, 0, 0.03, 0.019, 0, 0, 0, 0, 0.009
Arma3, 0, 0, 0.017, 0.017, 0, 0, 0, 0, 0.01
Arma4, 0, 0, 0.015, 0.017, 0, 0, 0, 0, 0.009
Arma6, 1, 0.004, 0.016, 0.48, 1, 0, 1, 0.153, 0.853
Arma7, 0, 0, 0.011, 0.012, 0, 0, 0, 0, 0.01
Arma9, 0, 0, 0.06, 0.04, 0, 0, 0, 0, 0.01
Aure1, 0, 0, 0.654, 0.283, 0, 0, 0, 0, 0.011
Aure2, 1, 0, 0.03, 0.67, 1, 0, 1, 0.625, 0.387
Aure3, 0, 0.003, 0.73, 0.474, 0, 0, 0, 0, 0.005
B130X1, 0, 0, 0.059, 0.047, 0, 0, 0, 0, 0.013
BMS3X1, 0, 0.001, 0.035, 0.03, 0, 0, 0, 0, 0.016
Bact1, 0, 0, 0.022, 0.03, 0, 0, 0, 0, 0.016
Bact10, 0, 0, 0.247, 0.082, 0, 0, 0, 0, 0.006
Bact11, 0, 0, 0.013, 0.007, 0, 0, 0, 0, 0.007
Bact12, 0, 0, 0.013, 0.017, 0, 0, 0, 0, 0.013
Bact13, 0, 0, 0.013, 0.014, 0, 0, 0, 0, 0.008
Bact14, 0, 0, 0.013, 0.011, 0, 0, 0, 0, 0.008
Bact16, 0, 0, 0.018, 0.021, 0, 0, 0, 0, 0.01
Bact17, 0, 0, 0.014, 0.016, 0, 0, 0, 0, 0.006
Bact18, 0, 0, 0.009, 0.007, 0, 0, 0, 0, 0.006
Bact19, 0, 0, 0.015, 0.013, 0, 0, 0, 0, 0.006
Bact2, 0, 0, 0.015, 0.019, 0, 0, 0, 0, 0.015
Bact20, 0, 0, 0.012, 0.014, 0, 0, 0, 0, 0.009
Bact21, 0, 0, 0.077, 0.032, 0, 0, 0, 0, 0.007
Bact22, 0, 0, 0.016, 0.015, 0, 0, 0, 0, 0.011
Bact23, 0, 0, 0.012, 0.012, 0, 0, 0, 0, 0.01
Bact24, 0, 0, 0.012, 0.012, 0, 0, 0, 0, 0.01
Bact25, 0, 0, 0.01, 0.011, 0, 0, 0, 0, 0.007
Bact27, 0, 0, 0.019, 0.027, 0, 0, 0, 0, 0.012
Bact28, 0, 0, 0.014, 0.016, 0, 0, 0, 0, 0.012
Bact29, 0, 0, 0.239, 0.082, 0, 0, 0, 0, 0.005
Bact3, 0, 0, 0.015, 0.016, 0, 0, 0, 0, 0.01
Bact30, 0, 0, 0.016, 0.018, 0, 0, 0, 0, 0.011
Bact31, 0, 0, 0.011, 0.009, 0, 0, 0, 0, 0.006
Bact32, 0, 0, 0.013, 0.013, 0, 0, 0, 0, 0.008
Bact33, 1, 0, 0.013, 0.333, 1, 0, 1, 0.383, 0.624
Bact34, 0, 0, 0.008, 0.008, 0, 0, 0, 0, 0.005
Bact35, 0, 0, 0.009, 0.009, 0, 0, 0, 0, 0.006
Bact36, 0, 0, 0.011, 0.01, 0, 0, 0, 0, 0.005
Bact37, 1, 0.001, 0.013, 0.335, 1, 0, 1, 0.384, 0.624
Bact38, 0, 0, 0.017, 0.022, 0, 0, 0, 0, 0.012
Bact39, 0, 0, 0.4, 0.182, 0, 0, 0, 0, 0.011
Bact4, 0, 0, 0.01, 0.011, 0, 0, 0, 0, 0.006
Bact40, 0, 0, 0.016, 0.016, 0, 0, 0, 0, 0.009
Bact41, 0, 0, 0.011, 0.011, 0, 0, 0, 0, 0.004
Bact42, 0, 0, 0.396, 0.152, 0, 0, 0, 0, 0.008
Bact43, 0, 0, 0.014, 0.013, 0, 0, 0, 0, 0.008
Bact44, 0, 0, 0.014, 0.013, 0, 0, 0, 0, 0.007
Bact5, 0, 0, 0.011, 0.016, 0, 0, 0, 0, 0.003
Bact6, 0, 0, 0.211, 0.071, 0, 0, 0, 0, 0.007
Bact7, 0, 0, 0.016, 0.016, 0, 0, 0, 0, 0.009
Bact8, 0, 0, 0.015, 0.015, 0, 0, 0, 0, 0.008
Bact9, 1, 0, 0.013, 0.471, 1, 0, 1, 0.231, 0.779
Bdell10, 0, 0, 0.034, 0.031, 0, 0, 0, 0, 0.012
Bdell11, 0, 0, 0.022, 0.02, 0, 0, 0, 0, 0.011
Bdell12, 1, 0, 0.02, 0.423, 1, 0, 1, 0.263, 0.747
Bdell13, 0, 0, 0.1, 0.049, 0, 0, 0, 0, 0.012
Bdell14, 0, 0, 0.015, 0.016, 0, 0, 0, 0, 0.013
Bdell15, 1, 0.001, 0.013, 0.432, 1, 0, 1, 0.212, 0.797
Bdell16, 0, 0, 0.022, 0.024, 0, 0, 0, 0, 0.013
Bdell17, 0, 0, 0.022, 0.027, 0, 0, 0, 0, 0.013
Bdell2, 0, 0, 0.031, 0.027, 0, 0, 0, 0, 0.009
Bdell3, 0, 0, 0.284, 0.095, 0, 0, 0, 0, 0.011
Bdell4, 0, 0, 0.013, 0.014, 0, 0, 0, 0, 0.011
Bdell5, 0, 0, 0.019, 0.02, 0, 0, 0, 0, 0.012
Bdell6, 1, 0.002, 0.011, 0.401, 1, 0, 1, 0.121, 0.886
Bdell7, 0, 0, 0.017, 0.014, 0, 0, 0, 0, 0.01
Bdell9, 0, 0, 0.224, 0.071, 0, 0, 0, 0, 0.009
BdellC1, 0, 0, 0.207, 0.08, 0, 0, 0, 0, 0.008
BdellC2, 1, 0.002, 0.012, 0.29, 1, 0, 1, 0.196, 0.811
Bipo1, 0, 0, 0.014, 0.014, 0, 0, 0, 0, 0.012
Bipo2, 0, 0, 0.012, 0.016, 0, 0, 0, 0, 0.01
CG267X1, 0, 0, 0.01, 0.012, 0, 0, 0, 0, 0.007
CG294X1, 0, 0, 0.011, 0.008, 0, 0, 0, 0, 0.008
CSP1X1, 0, 0, 0.024, 0.03, 0, 0, 0, 0, 0.016
Calda1, 0, 0, 0.01, 0.011, 0, 0, 0, 0, 0.009
Calda2, 0, 0, 0.009, 0.015, 0, 0, 0, 0, 0.008
Caldit1, 0, 0, 0.016, 0.014, 0, 0, 0, 0, 0.01
Caldit2, 0, 0, 0.012, 0.011, 0, 0, 0, 0, 0.006
Caldit3, 0, 0, 0.014, 0.013, 0, 0, 0, 0, 0.007
Camp1, 0, 0, 0.013, 0.014, 0, 0, 0, 0, 0.009
Camp10, 0, 0, 0.015, 0.016, 0, 0, 0, 0, 0.01
Camp11, 0, 0, 0.014, 0.014, 0, 0, 0, 0, 0.008
Camp12, 0, 0, 0.014, 0.012, 0, 0, 0, 0, 0.008
Camp13, 0, 0, 0.015, 0.014, 0, 0, 0, 0, 0.01
Camp14, 0, 0, 0.015, 0.02, 0, 0, 0, 0, 0.013
Camp15, 0, 0, 0.006, 0.004, 0, 0, 0, 0, 0.004
Camp16, 0, 0, 0.019, 0.025, 0, 0, 0, 0, 0.012
Camp2, 0, 0, 0.018, 0.019, 0, 0, 0, 0, 0.013
Camp3, 0, 0, 0.023, 0.023, 0, 0, 0, 0, 0.019
Camp4, 0, 0, 0.012, 0.006, 0, 0, 0, 0, 0.005
Camp5, 0, 0, 0.013, 0.016, 0, 0, 0, 0, 0.008
Camp6, 0, 0, 0.006, 0.009, 0, 0, 0, 0, 0.004
Camp7, 0, 0, 0.013, 0.01, 0, 0, 0, 0, 0.006
Camp9, 0, 0, 0.012, 0.015, 0, 0, 0, 0, 0.01
Chlo10, 0, 0, 0.011, 0.012, 0, 0, 0, 0, 0.008
Chlo11, 0, 0, 0.013, 0.013, 0, 0, 0, 0, 0.009
Chlo12, 0, 0, 0.017, 0.024, 0, 0, 0, 0, 0.016
Chlo13, 0, 0, 0.016, 0.017, 0, 0, 0, 0, 0.008
Chlo14, 0, 0, 0.017, 0.017, 0, 0, 0, 0, 0.01
Chlo15, 0, 0, 0.011, 0.014, 0, 0, 0, 0, 0.005
Chlo16, 0, 0, 0.015, 0.014, 0, 0, 0, 0, 0.01
Chlo17, 0, 0, 0.013, 0.013, 0, 0, 0, 0, 0.008
Chlo18, 0, 0, 0.008, 0.009, 0, 0, 0, 0, 0.006
Chlo19, 0, 0, 0.008, 0.01, 0, 0, 0, 0, 0.007
Chlo20, 0, 0, 0.016, 0.02, 0, 0, 0, 0, 0.007
Chlo21, 0, 0, 0.015, 0.023, 0, 0, 0, 0, 0.013
Chlo22, 0, 0, 0.015, 0.018, 0, 0, 0, 0, 0.01
Chlo23, 0, 0, 0.036, 0.026, 0, 0, 0, 0, 0.01
Chlo24, 0, 0, 0.008, 0.008, 0, 0, 0, 0, 0.007
Chlo25, 0, 0, 0.015, 0.012, 0, 0, 0, 0, 0.005
Chlo26, 0, 0, 0.015, 0.013, 0, 0, 0, 0, 0.011
Chlo27, 0, 0, 0.008, 0.011, 0, 0, 0, 0, 0.005
Chlo28, 0, 0, 0.016, 0.011, 0, 0, 0, 0, 0.007
Chlo29, 0, 0, 0.012, 0.012, 0, 0, 0, 0, 0.009
Chlo30, 0, 0, 0.01, 0.009, 0, 0, 0, 0, 0.008
Chlo31, 0, 0, 0.024, 0.028, 0, 0, 0, 0, 0.014
Chlo32, 0, 0, 0.013, 0.014, 0, 0, 0, 0, 0.011
Chlo33, 0, 0, 0.053, 0.039, 0, 0, 0, 0, 0.007
Chlo34, 0, 0, 0.008, 0.008, 0, 0, 0, 0, 0.005
Chlo35, 0, 0, 0.009, 0.01, 0, 0, 0, 0, 0.007
Chlo36, 0, 0, 0.01, 0.01, 0, 0, 0, 0, 0.005
Chlo37, 0, 0, 0.011, 0.014, 0, 0, 0, 0, 0.009
Chlo38, 0, 0, 0.008, 0.008, 0, 0, 0, 0, 0.007
Chlo39, 0, 0, 0.012, 0.013, 0, 0, 0, 0, 0.005
Chlo4, 0, 0, 0.01, 0.015, 0, 0, 0, 0, 0.009
Chlo40, 0, 0, 0.012, 0.01, 0, 0, 0, 0, 0.007
Chlo41, 0, 0, 0.019, 0.019, 0, 0, 0, 0, 0.012
Chlo42, 0, 0, 0.014, 0.017, 0, 0, 0, 0, 0.011
Chlo43, 0, 0, 0.009, 0.012, 0, 0, 0, 0, 0.004
Chlo44, 0, 0, 0.017, 0.016, 0, 0, 0, 0, 0.012
Chlo45, 0, 0, 0.015, 0.012, 0, 0, 0, 0, 0.009
Chlo46, 0, 0, 0.015, 0.016, 0, 0, 0, 0, 0.009
Chlo47, 0, 0, 0.013, 0.011, 0, 0, 0, 0, 0.005
Chlo48, 0, 0, 0.01, 0.009, 0, 0, 0, 0, 0.007
Chlo5, 0, 0, 0.017, 0.018, 0, 0, 0, 0, 0.012
Chlo6, 0, 0, 0.011, 0.011, 0, 0, 0, 0, 0.009
Chlo7, 0, 0, 0.015, 0.013, 0, 0, 0, 0, 0.009
Chlo8, 1, 0.003, 0.013, 0.337, 1, 0, 1, 0.181, 0.825
Chlo9, 0, 0, 0.022, 0.024, 0, 0, 0, 0, 0.013
Chry1, 0, 0, 0.027, 0.031, 0, 0, 0, 0, 0.01
Cloa1, 0, 0, 0.02, 0.023, 0, 0, 0, 0, 0.009
Cyan1, 0, 0, 0.015, 0.016, 0, 0, 0, 0, 0.008
Cyan10, 0, 0, 0.019, 0.021, 0, 0, 0, 0, 0.015
Cyan11, 0, 0, 0.013, 0.012, 0, 0, 0, 0, 0.008
Cyan12, 0, 0, 0.028, 0.02, 0, 0, 0, 0, 0.008
Cyan13, 0, 0, 0.022, 0.022, 0, 0, 0, 0, 0.015
Cyan14, 0, 0, 0.017, 0.018, 0, 0, 0, 0, 0.011
Cyan15, 0, 0, 0.017, 0.019, 0, 0, 0, 0, 0.011
Cyan16, 0, 0, 0.011, 0.012, 0, 0, 0, 0, 0.01
Cyan18, 0, 0, 0.015, 0.012, 0, 0, 0, 0, 0.008
Cyan19, 0, 0, 0.008, 0.01, 0, 0, 0, 0, 0.006
Cyan2, 0, 0, 0.015, 0.017, 0, 0, 0, 0, 0.008
Cyan20, 0, 0, 0.02, 0.023, 0, 0, 0, 0, 0.015
Cyan21, 0, 0, 0.01, 0.009, 0, 0, 0, 0, 0.006
Cyan22, 0, 0, 0.012, 0.012, 0, 0, 0, 0, 0.01
Cyan23, 0, 0, 0.013, 0.014, 0, 0, 0, 0, 0.01
Cyan24, 0, 0, 0.009, 0.009, 0, 0, 0, 0, 0.008
Cyan25, 0, 0, 0.01, 0.006, 0, 0, 0, 0, 0.005
Cyan26, 0, 0, 0.012, 0.016, 0, 0, 0, 0, 0.007
Cyan27, 0, 0, 0.011, 0.008, 0, 0, 0, 0, 0.005
Cyan28, 0, 0, 0.013, 0.014, 0, 0, 0, 0, 0.01
Cyan29, 0, 0, 0.011, 0.015, 0, 0, 0, 0, 0.01
Cyan3, 0, 0, 0.008, 0.008, 0, 0, 0, 0, 0.005
Cyan30, 0, 0, 0.013, 0.013, 0, 0, 0, 0, 0.011
Cyan31, 0, 0, 0.012, 0.008, 0, 0, 0, 0, 0.006
Cyan32, 0, 0, 0.018, 0.024, 0, 0, 0, 0, 0.012
Cyan33, 0, 0, 0.009, 0.008, 0, 0, 0, 0, 0.005
Cyan34, 0, 0, 0.017, 0.024, 0, 0, 0, 0, 0.011
Cyan35, 0, 0, 0.016, 0.016, 0, 0, 0, 0, 0.011
Cyan36, 0, 0, 0.005, 0.005, 0, 0, 0, 0, 0.005
Cyan37, 0, 0, 0.016, 0.023, 0, 0, 0, 0, 0.012
Cyan38, 0, 0, 0.017, 0.022, 0, 0, 0, 0, 0.016
Cyan4, 0, 0, 0.016, 0.013, 0, 0, 0, 0, 0.009
Cyan40, 0, 0, 0.01, 0.017, 0, 0, 0, 0, 0.004
Cyan41, 0, 0, 0.013, 0.015, 0, 0, 0, 0, 0.008
Cyan42, 0, 0, 0.011, 0.009, 0, 0, 0, 0, 0.008
Cyan43, 0, 0, 0.017, 0.017, 0, 0, 0, 0, 0.013
Cyan44, 0, 0, 0.016, 0.014, 0, 0, 0, 0, 0.011
Cyan45, 0, 0, 0.018, 0.021, 0, 0, 0, 0, 0.014
Cyan46, 0, 0, 0.018, 0.023, 0, 0, 0, 0, 0.012
Cyan47, 0, 0, 0.011, 0.013, 0, 0, 0, 0, 0.006
Cyan7, 1, 0, 0.012, 0.273, 1, 0, 1, 0.179, 0.831
Cyan8, 0, 0, 0.015, 0.013, 0, 0, 0, 0, 0.012
Cyan9, 0, 0, 0.017, 0.017, 0, 0, 0, 0, 0.01
DTU0X1, 0, 0, 0.005, 0.008, 0, 0, 0, 0, 0.005
Defe1, 0, 0, 0.055, 0.015, 0, 0, 0, 0, 0.005
Defe2, 0, 0, 0.18, 0.038, 0, 0, 0, 0, 0.008
Defe3, 1, 0, 0.012, 0.054, 1, 0, 1, 0.17, 0.84
Dein1, 0, 0, 0.013, 0.014, 0, 0, 0, 0, 0.01
Dein2, 0, 0, 0.016, 0.017, 0, 0, 0, 0, 0.012
Dein3, 0, 0, 0.017, 0.023, 0, 0, 0, 0, 0.01
Dein4, 0, 0, 0.01, 0.009, 0, 0, 0, 0, 0.007
Dein5, 0, 0, 0.012, 0.012, 0, 0, 0, 0, 0.009
Dein6, 0, 0, 0.011, 0.013, 0, 0, 0, 0, 0.008
Dein7, 0, 0, 0.013, 0.011, 0, 0, 0, 0, 0.006
Desa1, 0, 0, 0.016, 0.016, 0, 0, 0, 0, 0.006
DesuB1, 0, 0, 0.012, 0.014, 0, 0, 0, 0, 0.009
DesuB2, 0, 0, 0.004, 0.004, 0, 0, 0, 0, 0.001
DesuB3, 0, 0, 0.023, 0.028, 0, 0, 0, 0, 0.015
DesuB4, 0, 0, 0.012, 0.011, 0, 0, 0, 0, 0.004
DesuC1, 0, 0, 0.215, 0.113, 0, 0, 0, 0, 0.014
DesuC2, 1, 0.003, 0.011, 0.549, 1, 0, 1, 0.196, 0.807
DesuD1, 0, 0, 0.023, 0.031, 0, 0, 0, 0, 0.012
DesuD2, 0, 0, 0.024, 0.022, 0, 0, 0, 0, 0.013
Desua1, 0, 0, 0.018, 0.015, 0, 0, 0, 0, 0.008
Desua10, 0, 0, 0.023, 0.014, 0, 0, 0, 0, 0.007
Desua11, 0, 0, 0.018, 0.017, 0, 0, 0, 0, 0.015
Desua12, 0, 0, 0.016, 0.016, 0, 0, 0, 0, 0.011
Desua13, 0, 0, 0.011, 0.01, 0, 0, 0, 0, 0.01
Desua14, 0, 0, 0.085, 0.037, 0, 0, 0, 0, 0.007
Desua15, 0, 0, 0.017, 0.02, 0, 0, 0, 0, 0.011
Desua16, 0, 0, 0.012, 0.011, 0, 0, 0, 0, 0.006
Desua17, 0, 0, 0.011, 0.012, 0, 0, 0, 0, 0.008
Desua18, 0, 0, 0.011, 0.011, 0, 0, 0, 0, 0.006
Desua19, 0, 0, 0.022, 0.023, 0, 0, 0, 0, 0.01
Desua2, 0, 0, 0.262, 0.074, 0, 0, 0, 0, 0.009
Desua20, 0, 0, 0.013, 0.013, 0, 0, 0, 0, 0.008
Desua21, 0, 0, 0.011, 0.012, 0, 0, 0, 0, 0.007
Desua22, 0, 0, 0.35, 0.191, 0, 0, 0, 0, 0.006
Desua23, 1, 0.005, 0.026, 0.367, 1, 0, 1, 0.334, 0.677
Desua24, 0, 0, 0.016, 0.017, 0, 0, 0, 0, 0.009
Desua25, 0, 0, 0.008, 0.007, 0, 0, 0, 0, 0.006
Desua26, 0, 0, 0.01, 0.013, 0, 0, 0, 0, 0.007
Desua27, 0, 0, 0.013, 0.013, 0, 0, 0, 0, 0.01
Desua28, 0, 0, 0.012, 0.011, 0, 0, 0, 0, 0.008
Desua29, 0, 0, 0.024, 0.017, 0, 0, 0, 0, 0.009
Desua3, 0, 0, 0.014, 0.014, 0, 0, 0, 0, 0.012
Desua30, 0, 0, 0.015, 0.013, 0, 0, 0, 0, 0.012
Desua31, 0, 0, 0.014, 0.021, 0, 0, 0, 0, 0.011
Desua32, 0, 0, 0.012, 0.014, 0, 0, 0, 0, 0.007
Desua33, 0, 0, 0.012, 0.013, 0, 0, 0, 0, 0.008
Desua34, 0, 0, 0.022, 0.025, 0, 0, 0, 0, 0.012
Desua35, 0, 0, 0.012, 0.019, 0, 0, 0, 0, 0.008
Desua36, 0, 0, 0.02, 0.021, 0, 0, 0, 0, 0.015
Desua37, 0, 0, 0.071, 0.021, 0, 0, 0, 0, 0.008
Desua38, 0, 0, 0.013, 0.015, 0, 0, 0, 0, 0.008
Desua39, 0, 0, 0.018, 0.024, 0, 0, 0, 0, 0.014
Desua4, 0, 0, 0.011, 0.014, 0, 0, 0, 0, 0.005
Desua40, 0, 0, 0.018, 0.019, 0, 0, 0, 0, 0.015
Desua41, 1, 0, 0.015, 0.275, 1, 0, 1, 0.258, 0.753
Desua42, 0, 0, 0.009, 0.011, 0, 0, 0, 0, 0.008
Desua43, 0, 0, 0.01, 0.011, 0, 0, 0, 0, 0.007
Desua44, 0, 0, 0.012, 0.01, 0, 0, 0, 0, 0.009
Desua45, 0, 0, 0.017, 0.023, 0, 0, 0, 0, 0.016
Desua46, 0, 0, 0.009, 0.011, 0, 0, 0, 0, 0.007
Desua47, 0, 0, 0.026, 0.025, 0, 0, 0, 0, 0.011
Desua48, 0, 0, 0.011, 0.015, 0, 0, 0, 0, 0.007
Desua49, 0, 0, 0.011, 0.009, 0, 0, 0, 0, 0.007
Desua5, 0, 0, 0.036, 0.03, 0, 0, 0, 0, 0.01
Desua50, 0, 0, 0.016, 0.019, 0, 0, 0, 0, 0.009
Desua51, 0, 0, 0.016, 0.016, 0, 0, 0, 0, 0.008
Desua52, 0, 0, 0.011, 0.012, 0, 0, 0, 0, 0.008
Desua53, 0, 0, 0.015, 0.013, 0, 0, 0, 0, 0.007
Desua54, 0, 0, 0.012, 0.008, 0, 0, 0, 0, 0.005
Desua6, 0, 0, 0.015, 0.015, 0, 0, 0, 0, 0.009
Desua7, 0, 0, 0.017, 0.015, 0, 0, 0, 0, 0.011
Desua8, 1, 0.005, 0.019, 0.583, 1, 0, 1, 0.246, 0.761
Desua9, 0, 0, 0.014, 0.016, 0, 0, 0, 0, 0.011
Dict1, 0, 0, 0.013, 0.018, 0, 0, 0, 0, 0.012
Dorm1, 0, 0, 0.016, 0.018, 0, 0, 0, 0, 0.01
Dorm2, 0, 0, 0.011, 0.009, 0, 0, 0, 0, 0.005
Dorm3, 0, 0, 0.008, 0.009, 0, 0, 0, 0, 0.008
Dorm4, 0, 0, 0.013, 0.015, 0, 0, 0, 0, 0.01
Dorm5, 0, 0, 0.014, 0.018, 0, 0, 0, 0, 0.011
Edwa1, 0, 0, 0.017, 0.025, 0, 0, 0, 0, 0.014
Eise1, 0, 0, 0.011, 0.012, 0, 0, 0, 0, 0.004
Eise2, 0, 0, 0.016, 0.014, 0, 0, 0, 0, 0.009
Eise3, 0, 0, 0.009, 0.008, 0, 0, 0, 0, 0.006
Eise4, 0, 0, 0.012, 0.014, 0, 0, 0, 0, 0.009
Elus1, 0, 0, 0.012, 0.014, 0, 0, 0, 0, 0.009
Elus10, 0, 0, 0.011, 0.012, 0, 0, 0, 0, 0.009
Elus2, 0, 0, 0.009, 0.012, 0, 0, 0, 0, 0.008
Elus3, 0, 0, 0.013, 0.014, 0, 0, 0, 0, 0.011
Elus4, 0, 0, 0.006, 0.007, 0, 0, 0, 0, 0.006
Elus5, 0, 0, 0.01, 0.012, 0, 0, 0, 0, 0.009
Elus6, 0, 0, 0.015, 0.015, 0, 0, 0, 0, 0.011
Elus7, 0, 0, 0.013, 0.013, 0, 0, 0, 0, 0.01
Elus8, 0, 0, 0.011, 0.013, 0, 0, 0, 0, 0.007
Elus9, 0, 0, 0.008, 0.009, 0, 0, 0, 0, 0.006
Erem2, 0, 0, 0.014, 0.015, 0, 0, 0, 0, 0.013
Erem3, 0, 0, 0.013, 0.01, 0, 0, 0, 0, 0.01
Erem4, 0, 0, 0.184, 0.037, 0, 0, 0, 0, 0.01
Erem5, 1, 0, 0.02, 0.047, 1, 0, 1, 0.166, 0.846
Erem6, 0, 0, 0.039, 0.013, 0, 0, 0, 0, 0.008
FCPU1, 0, 0, 0.014, 0.014, 0, 0, 0, 0, 0.011
FCPU2, 0, 0, 0.011, 0.015, 0, 0, 0, 0, 0.008
Ferm1, 0, 0, 0.011, 0.009, 0, 0, 0, 0, 0.009
Fibr1, 1, 0.005, 0.029, 0.43, 1, 0, 1, 0.525, 0.485
Fibr2, 0, 0, 0.099, 0.079, 0, 0, 0, 0, 0.004
Fibr3, 0, 0, 0.184, 0.073, 0, 0, 0, 0, 0.014
Fibr4, 0, 0, 0.105, 0.102, 0, 0, 0, 0, 0.01
Fibr5, 0, 0, 0.544, 0.245, 0, 0, 0, 0, 0.005
Fibr6, 1, 0.001, 0.028, 0.286, 1, 0, 1, 0.523, 0.492
Fire1, 1, 0.003, 0.017, 0.381, 1, 0, 1, 0.046, 0.963
FirmA1, 0, 0, 0.015, 0.018, 0, 0, 0, 0, 0.01
FirmA10, 0, 0, 0.022, 0.024, 0, 0, 0, 0, 0.014
FirmA100, 0, 0, 0.014, 0.016, 0, 0, 0, 0, 0.005
FirmA101, 0, 0, 0.011, 0.013, 0, 0, 0, 0, 0.007
FirmA102, 0, 0, 0.022, 0.019, 0, 0, 0, 0, 0.014
FirmA103, 0, 0, 0.016, 0.012, 0, 0, 0, 0, 0.008
FirmA104, 0, 0, 0.006, 0.008, 0, 0, 0, 0, 0.005
FirmA105, 0, 0, 0.012, 0.013, 0, 0, 0, 0, 0.01
FirmA106, 0, 0, 0.008, 0.011, 0, 0, 0, 0, 0.006
FirmA107, 0, 0, 0.023, 0.028, 0, 0, 0, 0, 0.015
FirmA108, 0, 0, 0.016, 0.018, 0, 0, 0, 0, 0.011
FirmA109, 0, 0, 0.008, 0.008, 0, 0, 0, 0, 0.005
FirmA11, 0, 0, 0.013, 0.015, 0, 0, 0, 0, 0.011
FirmA110, 0, 0, 0.013, 0.012, 0, 0, 0, 0, 0.007
FirmA111, 0, 0, 0.016, 0.015, 0, 0, 0, 0, 0.013
FirmA112, 0, 0, 0.042, 0.033, 0, 0, 0, 0, 0.005
FirmA113, 0, 0, 0.015, 0.016, 0, 0, 0, 0, 0.01
FirmA114, 0, 0, 0.018, 0.014, 0, 0, 0, 0, 0.009
FirmA12, 0, 0, 0.181, 0.031, 0, 0, 0, 0, 0.005
FirmA14, 0, 0, 0.02, 0.024, 0, 0, 0, 0, 0.015
FirmA16, 0, 0, 0.022, 0.02, 0, 0, 0, 0, 0.01
FirmA18, 0, 0, 0.017, 0.017, 0, 0, 0, 0, 0.009
FirmA19, 0, 0, 0.009, 0.012, 0, 0, 0, 0, 0.008
FirmA2, 0, 0, 0.09, 0.026, 0, 0, 0, 0, 0.008
FirmA20, 0, 0, 0.016, 0.01, 0, 0, 0, 0, 0.007
FirmA21, 0, 0, 0.007, 0.008, 0, 0, 0, 0, 0.005
FirmA24, 0, 0, 0.019, 0.021, 0, 0, 0, 0, 0.017
FirmA25, 0, 0, 0.018, 0.021, 0, 0, 0, 0, 0.01
FirmA26, 0, 0.001, 0.762, 0.286, 0, 0, 0, 0, 0.012
FirmA27, 0, 0, 0.024, 0.027, 0, 0, 0, 0, 0.014
FirmA28, 0, 0, 0.013, 0.013, 0, 0, 0, 0, 0.011
FirmA29, 0, 0, 0.017, 0.016, 0, 0, 0, 0, 0.012
FirmA30, 0, 0, 0.02, 0.018, 0, 0, 0, 0, 0.011
FirmA31, 0, 0, 0.004, 0.004, 0, 0, 0, 0, 0.003
FirmA32, 1, 0, 0.006, 0.391, 1, 0, 1, 0.177, 0.826
FirmA33, 0, 0, 0.011, 0.013, 0, 0, 0, 0, 0.01
FirmA34, 0, 0, 0.012, 0.012, 0, 0, 0, 0, 0.01
FirmA35, 0, 0, 0.014, 0.015, 0, 0, 0, 0, 0.009
FirmA36, 0, 0, 0.014, 0.018, 0, 0, 0, 0, 0.008
FirmA37, 0, 0, 0.011, 0.015, 0, 0, 0, 0, 0.01
FirmA38, 1, 0, 0.187, 0.139, 1, 0, 1, 0.002, 1.007
FirmA39, 0, 0, 0.013, 0.013, 0, 0, 0, 0, 0.009
FirmA40, 0, 0, 0.016, 0.021, 0, 0, 0, 0, 0.011
FirmA41, 1, 0.002, 0.015, 0.214, 1, 0, 1, 0.744, 0.264
FirmA42, 0, 0, 0.013, 0.011, 0, 0, 0, 0, 0.006
FirmA43, 0, 0, 0.011, 0.015, 0, 0, 0, 0, 0.007
FirmA44, 0, 0, 0.015, 0.016, 0, 0, 0, 0, 0.014
FirmA45, 0, 0, 0.014, 0.015, 0, 0, 0, 0, 0.009
FirmA46, 0, 0, 0.013, 0.016, 0, 0, 0, 0, 0.009
FirmA47, 0, 0, 0.007, 0.009, 0, 0, 0, 0, 0.005
FirmA48, 0, 0, 0.016, 0.018, 0, 0, 0, 0, 0.012
FirmA49, 0, 0, 0.014, 0.019, 0, 0, 0, 0, 0.013
FirmA5, 0, 0, 0.003, 0.003, 0, 0, 0, 0, 0.002
FirmA50, 0, 0, 0.011, 0.017, 0, 0, 0, 0, 0.009
FirmA51, 0, 0, 0.012, 0.011, 0, 0, 0, 0, 0.007
FirmA52, 0, 0, 0.016, 0.018, 0, 0, 0, 0, 0.008
FirmA53, 0, 0, 0.011, 0.011, 0, 0, 0, 0, 0.006
FirmA54, 0, 0, 0.012, 0.014, 0, 0, 0, 0, 0.01
FirmA55, 0, 0, 0.013, 0.012, 0, 0, 0, 0, 0.009
FirmA56, 0, 0, 0.015, 0.016, 0, 0, 0, 0, 0.007
FirmA57, 0, 0, 0.013, 0.012, 0, 0, 0, 0, 0.008
FirmA58, 0, 0, 0.007, 0.013, 0, 0, 0, 0, 0.005
FirmA59, 0, 0, 0.009, 0.009, 0, 0, 0, 0, 0.005
FirmA6, 0, 0, 0.01, 0.01, 0, 0, 0, 0, 0.008
FirmA60, 0, 0, 0.012, 0.015, 0, 0, 0, 0, 0.008
FirmA61, 0, 0, 0.016, 0.019, 0, 0, 0, 0, 0.011
FirmA62, 0, 0, 0.01, 0.012, 0, 0, 0, 0, 0.008
FirmA63, 0, 0, 0.017, 0.018, 0, 0, 0, 0, 0.011
FirmA64, 0, 0, 0.011, 0.011, 0, 0, 0, 0, 0.01
FirmA65, 0, 0, 0.006, 0.007, 0, 0, 0, 0, 0.005
FirmA66, 0, 0, 0.012, 0.013, 0, 0, 0, 0, 0.007
FirmA67, 0, 0, 0.014, 0.014, 0, 0, 0, 0, 0.008
FirmA68, 0, 0, 0.015, 0.018, 0, 0, 0, 0, 0.012
FirmA69, 0, 0, 0.011, 0.006, 0, 0, 0, 0, 0.005
FirmA7, 1, 0, 0.034, 0.271, 1, 0, 1, 0.797, 0.209
FirmA70, 0, 0, 0.016, 0.016, 0, 0, 0, 0, 0.014
FirmA71, 0, 0, 0.017, 0.021, 0, 0, 0, 0, 0.007
FirmA72, 0, 0, 0.011, 0.012, 0, 0, 0, 0, 0.007
FirmA73, 0, 0, 0.011, 0.015, 0, 0, 0, 0, 0.007
FirmA74, 0, 0, 0.01, 0.011, 0, 0, 0, 0, 0.006
FirmA75, 0, 0, 0.019, 0.02, 0, 0, 0, 0, 0.015
FirmA76, 0, 0, 0.015, 0.017, 0, 0, 0, 0, 0.007
FirmA77, 0, 0, 0.015, 0.018, 0, 0, 0, 0, 0.009
FirmA78, 0, 0, 0.007, 0.008, 0, 0, 0, 0, 0.006
FirmA79, 0, 0, 0.021, 0.018, 0, 0, 0, 0, 0.015
FirmA8, 0, 0, 0.014, 0.021, 0, 0, 0, 0, 0.012
FirmA80, 0, 0, 0.009, 0.008, 0, 0, 0, 0, 0.007
FirmA81, 0, 0, 0.004, 0.004, 0, 0, 0, 0, 0.003
FirmA83, 0, 0, 0.013, 0.019, 0, 0, 0, 0, 0.012
FirmA84, 0, 0, 0.017, 0.02, 0, 0, 0, 0, 0.015
FirmA85, 0, 0, 0.005, 0.008, 0, 0, 0, 0, 0.004
FirmA86, 0, 0, 0.013, 0.016, 0, 0, 0, 0, 0.011
FirmA87, 0, 0, 0.011, 0.013, 0, 0, 0, 0, 0.009
FirmA88, 0, 0, 0.014, 0.015, 0, 0, 0, 0, 0.01
FirmA89, 0, 0, 0.013, 0.014, 0, 0, 0, 0, 0.007
FirmA9, 0, 0, 0.013, 0.016, 0, 0, 0, 0, 0.011
FirmA90, 0, 0, 0.048, 0.031, 0, 0, 0, 0, 0.011
FirmA91, 1, 0.003, 0.011, 0.3, 1, 0, 1, 0.047, 0.96
FirmA92, 0, 0, 0.011, 0.015, 0, 0, 0, 0, 0.009
FirmA93, 1, 0, 0.055, 0.054, 1, 0, 1, 0.135, 0.879
FirmA94, 0, 0, 0.016, 0.017, 0, 0, 0, 0, 0.012
FirmA95, 0, 0, 0.014, 0.019, 0, 0, 0, 0, 0.011
FirmA96, 0, 0.001, 0.059, 0.028, 0, 0, 0, 0, 0.01
FirmA97, 0, 0, 0.02, 0.024, 0, 0, 0, 0, 0.018
FirmA98, 0, 0, 0.014, 0.013, 0, 0, 0, 0, 0.005
FirmA99, 0, 0, 0.018, 0.017, 0, 0, 0, 0, 0.01
FirmB1, 0, 0, 0.014, 0.014, 0, 0, 0, 0, 0.007
FirmB10, 0, 0, 0.243, 0.069, 0, 0, 0, 0, 0.008
FirmB11, 0, 0, 0.974, 0.012, 0, 0, 0, 0, 0.007
FirmB12, 1, 0.003, 0.017, 0.956, 1, 0, 1, 0.962, 0.041
FirmB13, 0, 0, 0.008, 0.009, 0, 0, 0, 0, 0.004
FirmB14, 0, 0, 0.018, 0.016, 0, 0, 0, 0, 0.012
FirmB15, 0, 0, 0.015, 0.015, 0, 0, 0, 0, 0.009
FirmB16, 0, 0, 0.008, 0.011, 0, 0, 0, 0, 0.004
FirmB17, 0, 0, 0.017, 0.016, 0, 0, 0, 0, 0.011
FirmB2, 1, 0, 0.01, 0.021, 1, 0, 1, 0.962, 0.043
FirmB3, 0, 0, 0.018, 0.02, 0, 0, 0, 0, 0.012
FirmB4, 0, 0, 0.016, 0.016, 0, 0, 0, 0, 0.014
FirmB5, 0, 0, 0.015, 0.025, 0, 0, 0, 0, 0.013
FirmB6, 0, 0, 0.011, 0.017, 0, 0, 0, 0, 0.008
FirmB7, 0, 0, 0.009, 0.008, 0, 0, 0, 0, 0.006
FirmB8, 0, 0, 0.009, 0.008, 0, 0, 0, 0, 0.007
FirmB9, 1, 0, 0.015, 0.499, 1, 0, 1, 0.231, 0.78
FirmC1, 0, 0, 0.014, 0.015, 0, 0, 0, 0, 0.009
FirmC10, 0, 0, 0.026, 0.026, 0, 0, 0, 0, 0.016
FirmC11, 0, 0, 0.012, 0.013, 0, 0, 0, 0, 0.006
FirmC12, 0, 0, 0.015, 0.018, 0, 0, 0, 0, 0.01
FirmC13, 0, 0, 0.018, 0.023, 0, 0, 0, 0, 0.014
FirmC14, 0, 0, 0.019, 0.015, 0, 0, 0, 0, 0.009
FirmC15, 0, 0, 0.012, 0.013, 0, 0, 0, 0, 0.007
FirmC16, 0, 0, 0.016, 0.019, 0, 0, 0, 0, 0.011
FirmC17, 0, 0, 0.013, 0.021, 0, 0, 0, 0, 0.009
FirmC18, 0, 0, 0.012, 0.012, 0, 0, 0, 0, 0.007
FirmC19, 0, 0, 0.015, 0.017, 0, 0, 0, 0, 0.013
FirmC3, 0, 0, 0.019, 0.016, 0, 0, 0, 0, 0.013
FirmC4, 0, 0, 0.01, 0.01, 0, 0, 0, 0, 0.005
FirmC5, 0, 0, 0.01, 0.01, 0, 0, 0, 0, 0.009
FirmC6, 0, 0, 0.01, 0.009, 0, 0, 0, 0, 0.005
FirmC7, 0, 0, 0.013, 0.011, 0, 0, 0, 0, 0.005
FirmC8, 0, 0, 0.013, 0.013, 0, 0, 0, 0, 0.008
FirmC9, 0, 0, 0.016, 0.023, 0, 0, 0, 0, 0.011
FirmD1, 0, 0, 0.019, 0.03, 0, 0, 0, 0, 0.015
FirmD2, 0, 0, 0.024, 0.018, 0, 0, 0, 0, 0.008
FirmD3, 1, 0, 0.008, 0.273, 1, 0, 1, 0.013, 0.992
FirmD4, 0, 0, 0.017, 0.021, 0, 0, 0, 0, 0.013
FirmE1, 0, 0, 0.015, 0.012, 0, 0, 0, 0, 0.009
FirmE2, 0, 0, 0.018, 0.015, 0, 0, 0, 0, 0.011
FirmE3, 0, 0, 0.012, 0.013, 0, 0, 0, 0, 0.008
FirmE4, 0, 0, 0.017, 0.017, 0, 0, 0, 0, 0.011
FirmE5, 0, 0, 0.012, 0.012, 0, 0, 0, 0, 0.008
FirmE6, 0, 0, 0.015, 0.02, 0, 0, 0, 0, 0.009
FirmE7, 0, 0, 0.013, 0.012, 0, 0, 0, 0, 0.006
FirmE8, 0, 0, 0.018, 0.018, 0, 0, 0, 0, 0.011
FirmF1, 0, 0, 0.095, 0.036, 0, 0, 0, 0, 0.007
FirmF2, 1, 0, 0.01, 0.013, 1, 0, 1, 0.998, 0.009
FirmF3, 2, 0.994, 0.009, 0.018, 1, 0, 2, 0.007, 0.014
FirmG1, 0, 0, 0.049, 0.038, 0, 0, 0, 0, 0.009
FirmG2, 2, 0.008, 0.014, 0.638, 1, 0, 2, 0.45, 1.552
FirmG3, 0, 0, 0.02, 0.019, 0, 0, 0, 0, 0.009
FirmG4, 0, 0, 0.035, 0.036, 0, 0, 0, 0, 0.015
FirmG5, 0, 0, 0.047, 0.05, 0, 0, 0, 0, 0.007
FirmG6, 0, 0, 0.025, 0.026, 0, 0, 0, 0, 0.014
Firms1, 0, 0, 0.01, 0.015, 0, 0, 0, 0, 0.008
Firms10, 0, 0, 0.009, 0.013, 0, 0, 0, 0, 0.007
Firms11, 0, 0, 0.009, 0.011, 0, 0, 0, 0, 0.006
Firms12, 0, 0, 0.012, 0.009, 0, 0, 0, 0, 0.007
Firms13, 0, 0, 0.009, 0.012, 0, 0, 0, 0, 0.009
Firms15, 0, 0, 0.008, 0.008, 0, 0, 0, 0, 0.007
Firms16, 0, 0, 0.013, 0.017, 0, 0, 0, 0, 0.009
Firms17, 0, 0, 0.015, 0.019, 0, 0, 0, 0, 0.012
Firms18, 0, 0, 0.01, 0.011, 0, 0, 0, 0, 0.008
Firms2, 0, 0, 0.013, 0.014, 0, 0, 0, 0, 0.011
Firms20, 0, 0, 0.012, 0.011, 0, 0, 0, 0, 0.008
Firms21, 0, 0, 0.016, 0.021, 0, 0, 0, 0, 0.012
Firms22, 0, 0, 0.017, 0.017, 0, 0, 0, 0, 0.016
Firms23, 0, 0, 0.01, 0.016, 0, 0, 0, 0, 0.008
Firms24, 0, 0, 0.014, 0.018, 0, 0, 0, 0, 0.011
Firms25, 0, 0, 0.007, 0.006, 0, 0, 0, 0, 0.005
Firms26, 0, 0, 0.012, 0.016, 0, 0, 0, 0, 0.009
Firms27, 0, 0, 0.009, 0.013, 0, 0, 0, 0, 0.008
Firms28, 0, 0, 0.012, 0.016, 0, 0, 0, 0, 0.008
Firms29, 0, 0, 0.008, 0.007, 0, 0, 0, 0, 0.004
Firms3, 0, 0, 0.012, 0.017, 0, 0, 0, 0, 0.011
Firms30, 0, 0, 0.012, 0.016, 0, 0, 0, 0, 0.009
Firms31, 0, 0, 0.012, 0.013, 0, 0, 0, 0, 0.009
Firms32, 0, 0, 0.012, 0.014, 0, 0, 0, 0, 0.01
Firms33, 0, 0, 0.021, 0.022, 0, 0, 0, 0, 0.015
Firms4, 0, 0, 0.005, 0.007, 0, 0, 0, 0, 0.004
Firms5, 0, 0, 0.013, 0.018, 0, 0, 0, 0, 0.013
Firms6, 0, 0, 0.011, 0.014, 0, 0, 0, 0, 0.011
Firms7, 0, 0, 0.008, 0.011, 0, 0, 0, 0, 0.008
Firms8, 0, 0, 0.014, 0.02, 0, 0, 0, 0, 0.011
Firms9, 0, 0, 0.013, 0.016, 0, 0, 0, 0, 0.013
Fuso2, 0, 0, 0.037, 0.032, 0, 0, 0, 0, 0.013
Gemm2, 0, 0, 0.264, 0.065, 0, 0, 0, 0, 0.008
Gemm3, 0, 0, 0.013, 0.013, 0, 0, 0, 0, 0.007
Gemm4, 1, 0.001, 0.011, 0.24, 1, 0, 1, 0.254, 0.754
Gemm5, 0, 0, 0.016, 0.011, 0, 0, 0, 0, 0.008
Gemm6, 0, 0, 0.018, 0.015, 0, 0, 0, 0, 0.012
Gemm7, 0, 0, 0.022, 0.027, 0, 0, 0, 0, 0.008
Gemm8, 0, 0, 0.02, 0.022, 0, 0, 0, 0, 0.016
Gemm9, 0, 0, 0.02, 0.022, 0, 0, 0, 0, 0.012
GemmA1, 0, 0, 0.011, 0.014, 0, 0, 0, 0, 0.009
Gold1, 0, 0, 0.015, 0.013, 0, 0, 0, 0, 0.012
Gold2, 0, 0, 0.009, 0.012, 0, 0, 0, 0, 0.006
Hydr1, 0, 0, 0.012, 0.015, 0, 0, 0, 0, 0.007
Hydr2, 0, 0, 0.014, 0.013, 0, 0, 0, 0, 0.009
J088X1, 0, 0, 0.042, 0.03, 0, 0, 0, 0, 0.019
KSB1X1, 0, 0, 0.015, 0.014, 0, 0, 0, 0, 0.013
KSB1X2, 0, 0, 0.016, 0.017, 0, 0, 0, 0, 0.013
KSB1X3, 0, 0, 0.013, 0.019, 0, 0, 0, 0, 0.011
KSB1X4, 0, 0, 0.007, 0.007, 0, 0, 0, 0, 0.004
Krum1, 0, 0, 0.009, 0.011, 0, 0, 0, 0, 0.007
Late1, 0, 0, 0.009, 0.008, 0, 0, 0, 0, 0.005
Late2, 0, 0, 0.021, 0.02, 0, 0, 0, 0, 0.014
Late3, 0, 0, 0.012, 0.012, 0, 0, 0, 0, 0.008
Lind1, 0, 0, 0.166, 0.054, 0, 0, 0, 0, 0.01
Lind2, 1, 0.003, 0.019, 0.457, 1, 0, 1, 0.151, 0.86
Lind4, 0, 0, 0.066, 0.036, 0, 0, 0, 0, 0.01
Marg1, 0, 0, 0.016, 0.02, 0, 0, 0, 0, 0.012
Marg2, 0, 0, 0.013, 0.015, 0, 0, 0, 0, 0.011
Marg6, 0, 0, 0.016, 0.022, 0, 0.001, 0, 0, 0.011
Marg7, 0, 0, 0.009, 0.01, 0, 0, 0, 0, 0.007
Mari1, 0, 0, 0.042, 0.032, 0, 0, 0, 0, 0.011
Mari2, 0, 0.001, 0.022, 0.027, 0, 0, 0, 0, 0.007
Mari3, 0, 0, 0.024, 0.018, 0, 0, 0, 0, 0.01
Mari5, 1, 0.002, 0.013, 0.376, 1, 0, 1, 0.21, 0.8
Mari6, 0, 0, 0.037, 0.031, 0, 0, 0, 0, 0.006
Meth1, 0, 0, 0.012, 0.01, 0, 0, 0, 0, 0.008
Meth2, 0, 0, 0.016, 0.018, 0, 0, 0, 0, 0.012
Meth3, 0, 0, 0.012, 0.014, 0, 0, 0, 0, 0.009
Meth4, 0, 0, 0.009, 0.008, 0, 0, 0, 0, 0.006
Meth5, 0, 0, 0.019, 0.018, 0, 0, 0, 0, 0.009
Muir1, 1, 0.002, 0.013, 0.471, 1, 0, 1, 0.17, 0.838
MyxA1, 0, 0, 0.021, 0.023, 0, 0, 0, 0, 0.011
MyxA2, 0, 0, 0.018, 0.019, 0, 0, 0, 0, 0.01
MyxA3, 0, 0, 0.018, 0.018, 0, 0, 0, 0, 0.01
MyxA4, 0, 0, 0.032, 0.031, 0, 0, 0, 0, 0.011
Myxo1, 1, 0.001, 0.042, 0.193, 1, 0, 1, 0.21, 0.798
Myxo10, 0, 0, 0.021, 0.019, 0, 0, 0, 0, 0.01
Myxo11, 0, 0, 0.025, 0.025, 0, 0, 0, 0, 0.011
Myxo13, 0, 0, 0.021, 0.019, 0, 0, 0, 0, 0.007
Myxo14, 2, 0.002, 0.339, 0.515, 1, 0, 2, 0.296, 1.709
Myxo15, 0, 0, 0.01, 0.011, 0, 0, 0, 0, 0.004
Myxo17, 0, 0, 0.022, 0.02, 0, 0, 0, 0, 0.013
Myxo18, 0, 0, 0.012, 0.011, 0, 0, 0, 0, 0.006
Myxo19, 0, 0, 0.016, 0.018, 0, 0, 0, 0, 0.007
Myxo2, 0, 0.001, 0.256, 0.099, 0, 0, 0, 0, 0.012
Myxo3, 1, 0, 0.126, 0.447, 1, 0, 1, 0.263, 0.747
Myxo5, 0, 0, 0.207, 0.065, 0, 0, 0, 0, 0.005
Myxo6, 1, 0.001, 0.322, 0.338, 1, 0, 1, 0.319, 0.693
Myxo7, 0, 0.001, 0.247, 0.071, 0, 0, 0, 0, 0.01
Myxo8, 1, 0, 0.02, 0.294, 1, 0, 1, 0.23, 0.784
Myxo9, 1, 0.001, 0.08, 0.343, 1, 0, 1, 0.319, 0.69
NPL1, 0, 0, 0.018, 0.024, 0, 0, 0, 0, 0.016
Nitr1, 0, 0, 0.029, 0.019, 0, 0, 0, 0, 0.014
Nitr10, 1, 0, 0.008, 0.007, 1, 0, 1, 1, 0.005
Nitr11, 0, 0, 0.02, 0.024, 0, 0, 0, 0, 0.01
Nitr12, 0, 0, 0.012, 0.014, 0, 0, 0, 0, 0.011
Nitr13, 0, 0.001, 0.011, 0.012, 0, 0, 0, 0, 0.006
Nitr14, 0, 0, 0.009, 0.011, 0, 0, 0, 0, 0.008
Nitr15, 0, 0, 0.164, 0.034, 0, 0, 0, 0, 0.007
Nitr16, 0, 0, 0.019, 0.013, 0, 0, 0, 0, 0.009
Nitr17, 0, 0, 0.018, 0.018, 0, 0, 0, 0, 0.009
Nitr2, 0, 0, 0.007, 0.009, 0, 0, 0, 0, 0.006
Nitr3, 1, 0, 0.017, 0.015, 1, 0, 1, 0.999, 0.013
Nitr4, 1, 0, 0.013, 0.014, 1, 0, 1, 0.995, 0.011
Nitr5, 0, 0, 0.014, 0.013, 0, 0, 0, 0, 0.005
Nitr6, 1, 0, 0.011, 0.013, 1, 0, 1, 1, 0.008
Nitr7, 0, 0, 0.013, 0.014, 0, 0, 0, 0, 0.012
Nitr8, 0, 0, 0.058, 0.025, 0, 0, 0, 0, 0.009
Nitr9, 0, 0, 0.012, 0.013, 0, 0, 0, 0, 0.011
Nits1, 1, 0, 0.015, 0.014, 1, 0, 1, 0.999, 0.011
Nits2, 0, 0, 0.016, 0.014, 0, 0, 0, 0, 0.008
Nits3, 1, 0, 0.008, 0.008, 1, 0, 1, 1, 0.004
Nits4, 0, 0, 0.016, 0.014, 0, 0, 0, 0, 0.008
NitsA1, 0, 0, 0.017, 0.013, 0, 0, 0, 0, 0.008
NitsA2, 0, 0, 0.012, 0.012, 0, 0, 0, 0, 0.003
NitsA3, 0, 0, 0.18, 0.053, 0, 0, 0, 0, 0.005
Node_AABM5X1_AABM5X2_0, 0.002, 0, 0.016, 0.015, 0.002, 0, 0.002, 0.001, 0.009
Node_AABM5X1_AABM5X3_0, 0.009, 0, 0.033, 0.044, 0.009, 0, 0.009, 0.008, 0.007
Node_Acid11_Acid16_0, 0.046, 0, 0.011, 0.026, 0.046, 0, 0.046, 0.015, 0.036
Node_Acid11_Acid31_0, 0.226, 0, 0.008, 0.093, 0.224, 0, 0.226, 0.043, 0.188
Node_Acid12_Acid13_0, 0.238, 0.001, 0.012, 0.105, 0.238, 0, 0.238, 0.049, 0.197
Node_Acid1_Acid17_0, 0.006, 0, 0.024, 0.015, 0.006, 0, 0.006, 0.004, 0.005
Node_Acid1_Acid3_0, 0.025, 0, 0.012, 0.031, 0.025, 0, 0.025, 0.011, 0.019
Node_Acid23_Acid12_0, 0.052, 0, 0.004, 0.034, 0.052, 0, 0.052, 0.022, 0.034
Node_Acid29_Acid27_0, 0.01, 0, 0.013, 0.014, 0.01, 0, 0.01, 0.004, 0.016
Node_Acid2_Acid11_0, 0.021, 0, 0.021, 0.023, 0.02, 0, 0.021, 0.013, 0.008
Node_Acid2_Acid18_0, 0.005, 0, 0.018, 0.006, 0.005, 0, 0.005, 0.003, 0.002
Node_Acid32_Acid25_0, 0.005, 0, 0.009, 0.008, 0.005, 0, 0.005, 0.003, 0.006
Node_Acid32_Acid26_0, 0.005, 0, 0.011, 0.013, 0.005, 0, 0.005, 0.002, 0.011
Node_Acid34_Acid22_0, 0.004, 0, 0.009, 0.01, 0.004, 0, 0.004, 0.001, 0.009
Node_Acid34_Acid24_0, 0.001, 0, 0.007, 0.005, 0.001, 0, 0.001, 0, 0.004
Node_Acid34_Acid29_0, 0.007, 0, 0.008, 0.008, 0.007, 0, 0.007, 0.002, 0.01
Node_Acid34_Acid33_0, 0.005, 0, 0.014, 0.018, 0.005, 0, 0.005, 0, 0.018
Node_Acid37_Acid21_0, 0.003, 0, 0.014, 0.017, 0.003, 0, 0.003, 0, 0.009
Node_Acid37_Acid30_0, 0.005, 0, 0.01, 0.013, 0.005, 0, 0.005, 0.001, 0.012
Node_Acid37_Acid32_0, 0.008, 0, 0.012, 0.012, 0.008, 0, 0.008, 0.004, 0.007
Node_Acid38_Acid10_0, 0.003, 0, 0.005, 0.003, 0.003, 0, 0.003, 0, 0.004
Node_Acid38_Acid1_0, 0.018, 0, 0.012, 0.008, 0.018, 0, 0.018, 0.012, 0.007
Node_Acid38_Acid2_0, 0.034, 0.001, 0.027, 0.029, 0.032, 0, 0.034, 0.025, 0.008
Node_Acid38_Acid34_0, 0.004, 0, 0.016, 0.016, 0.004, 0, 0.004, 0.002, 0.002
Node_Acid38_Acid36_0, 0.002, 0, 0.018, 0.018, 0.002, 0, 0.002, 0, 0.012
Node_Acid38_Acid40_0, 0.008, 0, 0.011, 0.015, 0.008, 0, 0.008, 0.003, 0.014
Node_Acid38_Acid4_0, 0.001, 0, 0.007, 0.01, 0.001, 0, 0.001, 0, 0.005
Node_Acid38_Acid5_0, 0.023, 0, 0.015, 0.02, 0.022, 0, 0.023, 0.02, 0.004
Node_Acid38_Acid7_0, 0.005, 0, 0.002, 0.005, 0.005, 0, 0.005, 0.001, 0.006
Node_Acid38_Acid8_0, 0.052, 0, 0.006, 0.033, 0.052, 0.001, 0.052, 0.041, 0.011
Node_Acid38_B130X1_0, 0.046, 0, 0.02, 0.025, 0.046, 0, 0.046, 0.045, 0.001
Node_Acid39_Acid35_0, 0.028, 0, 0.156, 0.069, 0.028, 0, 0.028, 0.023, 0.015
Node_Acid3_Acid14_0, 0.017, 0, 0.092, 0.066, 0.017, 0, 0.017, 0.012, 0.012
Node_Acid3_Acid6_0, 0.097, 0, 0.013, 0.043, 0.097, 0, 0.097, 0.02, 0.085
Node_Acid40_Acid20_0, 0.006, 0, 0.016, 0.022, 0.006, 0, 0.006, 0.004, 0.014
Node_Acid5_Acid23_0, 0.022, 0, 0.006, 0.014, 0.022, 0, 0.022, 0.009, 0.015
Node_Acid5_Acid37_0, 0.013, 0.001, 0.012, 0.017, 0.013, 0, 0.013, 0.012, 0.001
Node_Acid6_Acid28_0, 0.298, 0.003, 0.018, 0.135, 0.298, 0, 0.298, 0.089, 0.216
Node_Acid8_Acid9_0, 0.06, 0.002, 0.012, 0.03, 0.059, 0, 0.06, 0.043, 0.018
Node_Acid9_Acid39_0, 0.169, 0.003, 0.01, 0.124, 0.167, 0, 0.169, 0.057, 0.116
Node_Acti10_Acti11_0, 0.024, 0, 0.004, 0.011, 0.024, 0, 0.024, 0.003, 0.024
Node_Acti10_Acti25_0, 0.004, 0, 0.024, 0.005, 0.004, 0, 0.004, 0.002, 0.004
Node_Acti10_Acti26_0, 0.004, 0, 0.007, 0.009, 0.004, 0, 0.004, 0.002, 0.003
Node_Acti10_Acti31_0, 0.011, 0, 0.003, 0.005, 0.011, 0, 0.011, 0.004, 0.01
Node_Acti10_Acti3_0, 0.26, 0.001, 0.011, 0.104, 0.26, 0, 0.26, 0.048, 0.219
Node_Acti10_Acti7_0, 0.051, 0, 0.011, 0.023, 0.051, 0, 0.051, 0.004, 0.051
Node_Acti11_Acti22_0, 0.11, 0, 0.008, 0.022, 0.11, 0, 0.11, 0.02, 0.094
Node_Acti12_Acti21_0, 0.004, 0, 0.014, 0.01, 0.004, 0, 0.004, 0.002, 0.011
Node_Acti12_Acti48_0, 0.007, 0, 0.02, 0.033, 0.007, 0, 0.007, 0.001, 0.015
Node_Acti14_Acti33_0, 0.968, 0.001, 0.013, 0.439, 0.963, 0, 0.968, 0.044, 0.929
Node_Acti14_Acti34_0, 1.245, 0.249, 0.018, 0.267, 0.979, 0.001, 1.245, 0.718, 0.045
Node_Acti14_Acti6_0, 1.333, 0, 0.022, 0.032, 0.998, 0, 1.333, 1.234, 0.11
Node_Acti18_Acti16_0, 0.003, 0, 0.012, 0.011, 0.003, 0, 0.003, 0.001, 0.012
Node_Acti18_Acti4_0, 0.003, 0, 0.013, 0.013, 0.003, 0, 0.003, 0.001, 0.008
Node_Acti19_Acti13_0, 0.001, 0, 0.006, 0.009, 0.001, 0, 0.001, 0, 0.006
Node_Acti19_Acti23_0, 0.003, 0, 0.012, 0.013, 0.003, 0, 0.003, 0, 0.014
Node_Acti19_Acti42_0, 0, 0, 0.005, 0.004, 0, 0, 0, 0, 0.003
Node_Acti19_Acti49_0, 0.001, 0.001, 0.007, 0.008, 0.001, 0, 0.001, 0, 0.004
Node_Acti19_Acti8_0, 0.003, 0, 0, 0.001, 0.003, 0, 0.003, 0, 0.003
Node_Acti33_Acti35_0, 0.972, 0, 0.014, 0.018, 0.968, 0, 0.972, 0.96, 0.018
Node_Acti43_Acti36_0, 0.25, 0, 0.018, 0.084, 0.249, 0, 0.25, 0.103, 0.153
Node_Acti46_Acti41_0, 0.006, 0, 0.095, 0.025, 0.006, 0, 0.006, 0.003, 0.01
Node_Acti47_Acti45_0, 0.186, 0, 0.139, 0.043, 0.185, 0, 0.186, 0.043, 0.147
Node_Acti49_Acti15_0, 0.006, 0, 0.005, 0.012, 0.006, 0, 0.006, 0, 0.01
Node_Acti49_Acti32_0, 0.003, 0, 0.015, 0.014, 0.003, 0, 0.003, 0, 0.012
Node_Acti49_Acti38_0, 0.006, 0, 0.013, 0.012, 0.006, 0, 0.006, 0, 0.013
Node_Acti49_Acti40_0, 0.001, 0, 0.004, 0.003, 0.001, 0, 0.001, 0, 0.004
Node_Acti50_Acti10_0, 0.008, 0.001, 0.001, 0.007, 0.007, 0, 0.008, 0.001, 0.007
Node_Acti50_Acti14_0, 0.051, 0, 0.007, 0.023, 0.051, 0.003, 0.051, 0.009, 0.047
Node_Acti50_Acti18_0, 0.008, 0, 0.006, 0.001, 0.008, 0, 0.008, 0.003, 0.006
Node_Acti50_Acti19_0, 0.002, 0, 0.006, 0.005, 0.002, 0, 0.002, 0.001, 0.002
Node_Acti50_Acti20_0, 0.01, 0, 0.029, 0.009, 0.01, 0, 0.01, 0.009, 0.001
Node_Acti50_Acti28_0, 0.268, 0, 0.047, 0.116, 0.265, 0, 0.268, 0.141, 0.137
Node_Acti50_Acti39_0, 0.001, 0, 0.001, 0.002, 0.001, 0, 0.001, 0.001, 0
Node_Acti50_Acti43_0, 0.115, 0, 0.045, 0.048, 0.114, 0, 0.115, 0.01, 0.109
Node_Acti50_Acti46_0, 0.091, 0, 0.038, 0.038, 0.091, 0, 0.091, 0.083, 0.014
Node_Acti50_Acti47_0, 0.178, 0, 0.017, 0.044, 0.173, 0, 0.178, 0.098, 0.089
Node_Acti50_Acti51_0, 0.006, 0, 0.007, 0.004, 0.006, 0.002, 0.006, 0.005, 0.001
Node_Acti50_Acti52_0, 0.106, 0, 0.012, 0.036, 0.106, 0, 0.106, 0.083, 0.027
Node_Acti50_FirmF1_0, 0.038, 0, 0.001, 0.028, 0.038, 0.003, 0.038, 0.037, 0.001
Node_Acti51_Acti27_0, 0.004, 0, 0.009, 0.014, 0.004, 0, 0.004, 0, 0.01
Node_Acti51_Acti9_0, 0.003, 0, 0.003, 0.003, 0.003, 0, 0.003, 0.003, 0
Node_Acti52_Acti12_0, 0.012, 0, 0.018, 0.016, 0.012, 0, 0.012, 0.004, 0.014
Node_Acti52_Acti37_0, 0.016, 0, 0.106, 0.031, 0.016, 0, 0.016, 0.009, 0.016
Node_Acti52_Acti44_0, 0.003, 0, 0.021, 0.02, 0.003, 0, 0.003, 0, 0.012
Node_Acti8_Acti24_0, 0.007, 0, 0.009, 0.01, 0.007, 0, 0.007, 0, 0.014
Node_Acti8_Acti2_0, 0.004, 0, 0.008, 0.012, 0.004, 0.001, 0.004, 0, 0.008
Node_Acti8_Acti5_0, 0.002, 0, 0.005, 0.005, 0.002, 0, 0.002, 0.001, 0.003
Node_Acti9_Acti29_0, 0.005, 0, 0.006, 0.005, 0.005, 0, 0.005, 0.001, 0.008
Node_Acti9_Acti30_0, 0.003, 0, 0.006, 0.005, 0.003, 0.001, 0.003, 0.001, 0.005
Node_Aero1_NPL1_0, 0.002, 0, 0.019, 0.012, 0.002, 0, 0.002, 0.001, 0.001
Node_Aero1_UBA6X1_0, 0.08, 0, 0.103, 0.065, 0.079, 0, 0.08, 0.079, 0.001
Node_Aero1_UBA9X1_0, 0.02, 0, 0.06, 0.033, 0.02, 0, 0.02, 0.02, 0
Node_Aqui2_Aqui1_0, 0.008, 0, 0.016, 0.022, 0.008, 0, 0.008, 0.003, 0.016
Node_Aqui2_Aqui3_0, 0.003, 0, 0.007, 0.011, 0.003, 0, 0.003, 0.002, 0.004
Node_Aqui2_Aqui5_0, 0.008, 0, 0.008, 0.011, 0.008, 0, 0.008, 0.001, 0.013
Node_Aqui2_Aqui6_0, 0.003, 0, 0.006, 0.011, 0.003, 0, 0.003, 0.001, 0.006
Node_Aqui2_Camp1_0, 0.022, 0, 0.018, 0.012, 0.022, 0, 0.022, 0.02, 0.002
Node_Aqui2_Thers1_0, 0.006, 0, 0.016, 0.015, 0.006, 0, 0.006, 0.006, 0
Node_Aqui6_Aqui4_0, 0.005, 0, 0.008, 0.013, 0.005, 0, 0.005, 0, 0.01
Node_Arma12_Arma11_0, 0.001, 0.001, 0.005, 0.014, 0.001, 0, 0.001, 0, 0.002
Node_Arma12_Arma7_0, 0.001, 0, 0.005, 0.011, 0.001, 0, 0.001, 0, 0.005
Node_Arma15_Arma13_0, 0.018, 0, 0.155, 0.064, 0.018, 0, 0.018, 0.017, 0.014
Node_Arma4_Acti50_0, 0.035, 0, 0.002, 0.013, 0.035, 0.002, 0.035, 0.032, 0.003
Node_Arma4_Arma12_0, 0.003, 0, 0.005, 0.003, 0.003, 0, 0.003, 0.003, 0.001
Node_Arma4_Arma14_0, 0.006, 0, 0.007, 0.012, 0.006, 0, 0.006, 0, 0.01
Node_Arma4_Arma6_0, 0.007, 0, 0.004, 0.007, 0.007, 0, 0.007, 0.004, 0.005
Node_Arma4_CSP1X1_0, 0.008, 0, 0.009, 0.014, 0.008, 0, 0.008, 0.007, 0.003
Node_Arma4_Erem6_0, 0.003, 0, 0.006, 0.008, 0.003, 0, 0.003, 0.003, 0.001
Node_Arma4_Pate48_0, 0.014, 0, 0.021, 0.013, 0.014, 0, 0.014, 0.014, 0
Node_Arma4_UBP13X1_0, 0.006, 0, 0.002, 0.008, 0.006, 0, 0.006, 0.002, 0.005
Node_Arma6_Arma15_0, 0.159, 0, 0.005, 0.088, 0.158, 0, 0.159, 0.048, 0.114
Node_Arma6_Arma16_0, 0.021, 0, 0.007, 0.012, 0.021, 0, 0.021, 0.005, 0.021
Node_Arma6_Arma3_0, 0.007, 0, 0.007, 0.015, 0.007, 0, 0.007, 0.002, 0.007
Node_Arma6_Arma9_0, 0.05, 0, 0.008, 0.028, 0.05, 0, 0.05, 0.019, 0.037
Node_Aure2_Aure1_0, 0.643, 0.002, 0.134, 0.546, 0.638, 0, 0.643, 0.62, 0.024
Node_Bact1_Bact11_0, 0.006, 0, 0.016, 0.023, 0.006, 0, 0.006, 0.003, 0.014
Node_Bact1_Bact17_0, 0.008, 0, 0.006, 0.006, 0.008, 0, 0.008, 0.002, 0.01
Node_Bact20_Bact1_0, 0.004, 0, 0.011, 0.011, 0.004, 0, 0.004, 0, 0.012
Node_Bact20_Bact30_0, 0.003, 0, 0.009, 0.014, 0.003, 0, 0.003, 0.001, 0.008
Node_Bact21_Bact29_0, 0.07, 0, 0.013, 0.027, 0.07, 0, 0.07, 0.017, 0.06
Node_Bact21_Bact36_0, 0.023, 0, 0.009, 0.017, 0.023, 0, 0.023, 0.005, 0.025
Node_Bact21_Bact44_0, 0.007, 0, 0.014, 0.014, 0.007, 0, 0.007, 0, 0.013
Node_Bact22_Bact31_0, 0.005, 0, 0.012, 0.007, 0.005, 0, 0.005, 0, 0.01
Node_Bact22_Bact5_0, 0.007, 0, 0.038, 0.017, 0.007, 0, 0.007, 0.005, 0.008
Node_Bact23_Bact28_0, 0.002, 0, 0.012, 0.013, 0.002, 0, 0.002, 0, 0.011
Node_Bact23_Bact34_0, 0.003, 0, 0.007, 0.007, 0.003, 0, 0.003, 0.001, 0.006
Node_Bact23_Bact4_0, 0.004, 0, 0.007, 0.007, 0.004, 0, 0.004, 0.003, 0.005
Node_Bact24_Bact23_0, 0.006, 0, 0.004, 0.007, 0.006, 0, 0.006, 0.002, 0.006
Node_Bact24_Bact25_0, 0.002, 0, 0.005, 0.002, 0.002, 0, 0.002, 0.002, 0.001
Node_Bact24_Bact3_0, 0.004, 0, 0.011, 0.007, 0.004, 0, 0.004, 0.003, 0.005
Node_Bact24_Bact7_0, 0.01, 0, 0.035, 0.016, 0.01, 0, 0.01, 0.009, 0.002
Node_Bact25_Bact20_0, 0.003, 0, 0.005, 0.008, 0.003, 0, 0.003, 0, 0.008
Node_Bact25_Bact2_0, 0, 0, 0.005, 0.006, 0, 0, 0, 0, 0.003
Node_Bact27_Bact19_0, 0.009, 0, 0.018, 0.024, 0.009, 0, 0.009, 0.002, 0.019
Node_Bact27_Bact21_0, 0.008, 0, 0.09, 0.035, 0.008, 0, 0.008, 0.008, 0.007
Node_Bact27_Bact22_0, 0.037, 0, 0.019, 0.024, 0.037, 0, 0.037, 0.024, 0.013
Node_Bact27_Bact24_0, 0.043, 0, 0.058, 0.043, 0.039, 0, 0.043, 0.036, 0.007
Node_Bact27_Bact35_0, 0.003, 0, 0.015, 0.014, 0.003, 0, 0.003, 0.002, 0.009
Node_Bact27_Bact37_0, 0.091, 0, 0.011, 0.033, 0.091, 0, 0.091, 0.026, 0.065
Node_Bact27_Bact40_0, 0.007, 0, 0.014, 0.023, 0.007, 0, 0.007, 0.001, 0.018
Node_Bact27_Mari3_0, 0.094, 0.001, 0.011, 0.029, 0.089, 0, 0.094, 0.087, 0.005
Node_Bact29_Bact9_0, 0.234, 0.001, 0.013, 0.072, 0.233, 0, 0.234, 0.065, 0.176
Node_Bact30_Bact32_0, 0.005, 0, 0.016, 0.018, 0.005, 0, 0.005, 0, 0.018
Node_Bact31_Bact38_0, 0.005, 0, 0.016, 0.014, 0.005, 0, 0.005, 0.001, 0.016
Node_Bact33_Bact10_0, 0.241, 0, 0.021, 0.091, 0.24, 0, 0.241, 0.196, 0.058
Node_Bact33_Bact39_0, 0.389, 0.001, 0.012, 0.123, 0.386, 0, 0.389, 0.233, 0.159
Node_Bact33_Bact6_0, 0.204, 0.001, 0.049, 0.077, 0.204, 0, 0.204, 0.19, 0.022
Node_Bact36_Bact43_0, 0.006, 0, 0.025, 0.017, 0.006, 0, 0.006, 0.005, 0.008
Node_Bact37_Bact33_0, 0.23, 0.001, 0.005, 0.07, 0.23, 0, 0.23, 0.089, 0.143
Node_Bact37_Bact42_0, 0.388, 0, 0.015, 0.312, 0.387, 0, 0.388, 0.226, 0.173
Node_Bact3_Bact12_0, 0, 0, 0.006, 0.003, 0, 0, 0, 0, 0.002
Node_Bact3_Bact13_0, 0.005, 0, 0.006, 0.007, 0.005, 0, 0.005, 0.001, 0.008
Node_Bact3_Bact14_0, 0.005, 0, 0.01, 0.01, 0.005, 0, 0.005, 0.001, 0.01
Node_Bact3_Bact18_0, 0.003, 0, 0.001, 0.001, 0.003, 0, 0.003, 0, 0.004
Node_Bact40_Bact41_0, 0.007, 0, 0.011, 0.013, 0.007, 0, 0.007, 0.003, 0.011
Node_Bact5_Bact16_0, 0.008, 0, 0.009, 0.012, 0.008, 0, 0.008, 0.003, 0.01
Node_Bact7_Bact8_0, 0.007, 0, 0.023, 0.036, 0.007, 0, 0.007, 0.001, 0.02
Node_Bdell12_Bdell3_0, 0.273, 0.001, 0.02, 0.12, 0.271, 0, 0.273, 0.081, 0.204
Node_Bdell13_Bdell12_0, 0.088, 0, 0.054, 0.094, 0.086, 0, 0.088, 0.067, 0.027
Node_Bdell14_Bdell11_0, 0.011, 0, 0.028, 0.017, 0.011, 0, 0.011, 0.008, 0.012
Node_Bdell14_Bdell4_0, 0.002, 0, 0.021, 0.02, 0.002, 0, 0.002, 0.001, 0.012
Node_Bdell15_Bdell14_0, 0.027, 0, 0.017, 0.022, 0.027, 0, 0.027, 0.016, 0.014
Node_Bdell15_Bdell7_0, 0.06, 0, 0.02, 0.04, 0.06, 0, 0.06, 0.014, 0.053
Node_Bdell15_Bdell9_0, 0.215, 0, 0.014, 0.089, 0.215, 0, 0.215, 0.053, 0.169
Node_Bdell17_Bdell15_0, 0.03, 0.001, 0.05, 0.03, 0.029, 0, 0.03, 0.025, 0.005
Node_Bdell17_Bdell16_0, 0.009, 0, 0.038, 0.037, 0.009, 0, 0.009, 0.006, 0.017
Node_Bdell2_Bdell10_0, 0.022, 0, 0.106, 0.06, 0.022, 0, 0.022, 0.021, 0.005
Node_Bdell6_Bdell17_0, 0.074, 0.001, 0.01, 0.032, 0.07, 0, 0.074, 0.04, 0.036
Node_Bdell6_Bdell2_0, 0.123, 0, 0.017, 0.073, 0.122, 0, 0.123, 0.059, 0.066
Node_Bdell6_UBA1X6_0, 0.047, 0.001, 0.042, 0.038, 0.046, 0, 0.047, 0.028, 0.021
Node_Bdell7_Bdell5_0, 0.007, 0, 0.067, 0.034, 0.007, 0, 0.007, 0.004, 0.014
Node_BdellC1_BdellC2_0, 0.199, 0, 0.005, 0.07, 0.199, 0, 0.199, 0.034, 0.165
Node_Bipo1_Bipo2_0, 0.002, 0, 0.009, 0.009, 0.002, 0, 0.002, 0, 0.01
Node_Bipo1_Therg8_0, 0.001, 0, 0.002, 0.001, 0.001, 0, 0.001, 0.001, 0.001
Node_CG294X1_CG267X1_0, 0.003, 0, 0.009, 0.011, 0.003, 0, 0.003, 0, 0.005
Node_Calda2_Calda1_0, 0.001, 0, 0.004, 0.004, 0.001, 0, 0.001, 0, 0.004
Node_Caldit2_Caldit1_0, 0.006, 0, 0.012, 0.017, 0.006, 0, 0.006, 0.001, 0.011
Node_Caldit2_Caldit3_0, 0.007, 0, 0.015, 0.021, 0.007, 0, 0.007, 0.005, 0.005
Node_Camp14_Camp15_0, 0.002, 0, 0.016, 0.02, 0.002, 0, 0.002, 0.001, 0.011
Node_Camp1_Camp2_0, 0.006, 0, 0.006, 0.011, 0.006, 0, 0.006, 0.001, 0.009
Node_Camp1_Camp3_0, 0.004, 0, 0.012, 0.013, 0.004, 0, 0.004, 0.002, 0.01
Node_Camp1_Camp9_0, 0.003, 0, 0.007, 0.01, 0.003, 0, 0.003, 0.002, 0.002
Node_Camp1_UBP6X1_0, 0.008, 0, 0.015, 0.015, 0.008, 0, 0.008, 0.007, 0.001
Node_Camp2_Camp11_0, 0.006, 0, 0.011, 0.013, 0.006, 0, 0.006, 0.002, 0.011
Node_Camp2_Camp13_0, 0.005, 0, 0.015, 0.015, 0.005, 0, 0.005, 0.002, 0.013
Node_Camp2_Camp4_0, 0.007, 0, 0.011, 0.014, 0.007, 0, 0.007, 0.002, 0.009
Node_Camp2_Camp5_0, 0.009, 0, 0.013, 0.014, 0.009, 0, 0.009, 0.001, 0.016
Node_Camp2_Camp7_0, 0.009, 0, 0.015, 0.021, 0.009, 0, 0.009, 0.003, 0.015
Node_Camp4_Camp16_0, 0.007, 0, 0.013, 0.021, 0.007, 0, 0.007, 0.003, 0.013
Node_Camp5_Camp10_0, 0.005, 0, 0.012, 0.012, 0.005, 0, 0.005, 0.001, 0.011
Node_Camp5_Camp12_0, 0.006, 0, 0.016, 0.012, 0.006, 0, 0.006, 0.002, 0.013
Node_Camp7_Camp14_0, 0.007, 0, 0.014, 0.02, 0.007, 0, 0.007, 0.002, 0.012
Node_Camp9_Camp6_0, 0.002, 0, 0.01, 0.01, 0.002, 0, 0.002, 0, 0.009
Node_Chlo12_Chlo24_0, 0.001, 0, 0.01, 0.011, 0.001, 0, 0.001, 0.001, 0.007
Node_Chlo26_Chlo11_0, 0.004, 0, 0.013, 0.015, 0.004, 0, 0.004, 0.002, 0.008
Node_Chlo26_Chlo9_0, 0.009, 0, 0.015, 0.013, 0.009, 0, 0.009, 0.008, 0.005
Node_Chlo30_Chlo20_0, 0.009, 0, 0.023, 0.029, 0.009, 0, 0.009, 0.006, 0.006
Node_Chlo30_Chlo23_0, 0.026, 0.001, 0.07, 0.058, 0.026, 0, 0.026, 0.024, 0.007
Node_Chlo30_Chlo36_0, 0.088, 0, 0.008, 0.041, 0.088, 0, 0.088, 0.04, 0.053
Node_Chlo30_Chlo37_0, 0.002, 0, 0.019, 0.018, 0.002, 0, 0.002, 0, 0.012
Node_Chlo30_Chlo38_0, 0.004, 0, 0, 0, 0.004, 0, 0.004, 0.003, 0.001
Node_Chlo30_Chlo41_0, 0.012, 0, 0.004, 0.014, 0.012, 0, 0.012, 0.001, 0.012
Node_Chlo30_Chlo43_0, 0.02, 0, 0.001, 0.014, 0.02, 0, 0.02, 0.012, 0.009
Node_Chlo30_Chlo6_0, 0.043, 0.002, 0.007, 0.018, 0.043, 0.001, 0.043, 0.015, 0.027
Node_Chlo30_Dorm2_0, 0.003, 0, 0.006, 0.009, 0.003, 0.001, 0.003, 0.003, 0.001
Node_Chlo31_Chlo25_0, 0.01, 0, 0.021, 0.031, 0.01, 0, 0.01, 0.002, 0.026
Node_Chlo35_Chlo21_0, 0.002, 0, 0.006, 0.006, 0.002, 0, 0.002, 0, 0.007
Node_Chlo36_Chlo13_0, 0.008, 0, 0.013, 0.014, 0.008, 0, 0.008, 0.003, 0.014
Node_Chlo36_Chlo14_0, 0.007, 0, 0.012, 0.016, 0.007, 0, 0.007, 0.002, 0.01
Node_Chlo36_Chlo28_0, 0.009, 0, 0.039, 0.041, 0.009, 0, 0.009, 0.009, 0.002
Node_Chlo36_Chlo33_0, 0.046, 0, 0.144, 0.091, 0.046, 0, 0.046, 0.044, 0.005
Node_Chlo36_Chlo40_0, 0.005, 0, 0.02, 0.024, 0.005, 0, 0.005, 0, 0.017
Node_Chlo36_Chlo5_0, 0.007, 0.001, 0.01, 0.015, 0.007, 0, 0.007, 0.001, 0.009
Node_Chlo36_Chlo8_0, 0.185, 0, 0.005, 0.069, 0.183, 0, 0.185, 0.085, 0.102
Node_Chlo38_Chlo19_0, 0.001, 0, 0.015, 0.012, 0.001, 0, 0.001, 0, 0.011
Node_Chlo38_Chlo31_0, 0.005, 0, 0.006, 0.009, 0.005, 0, 0.005, 0.001, 0.007
Node_Chlo41_Chlo29_0, 0.003, 0, 0.007, 0.006, 0.003, 0, 0.003, 0.001, 0.003
Node_Chlo41_Chlo32_0, 0.002, 0, 0.003, 0.005, 0.002, 0, 0.002, 0.001, 0.002
Node_Chlo41_Chlo39_0, 0.007, 0, 0.017, 0.019, 0.007, 0, 0.007, 0.001, 0.019
Node_Chlo41_Chlo44_0, 0.005, 0, 0.005, 0.008, 0.005, 0, 0.005, 0.001, 0.008
Node_Chlo41_Chlo4_0, 0.007, 0, 0.009, 0.006, 0.007, 0, 0.007, 0.005, 0.004
Node_Chlo41_Chlo7_0, 0.005, 0, 0.017, 0.015, 0.005, 0, 0.005, 0.001, 0.017
Node_Chlo42_Chlo34_0, 0.003, 0, 0.012, 0.015, 0.003, 0, 0.003, 0.001, 0.01
Node_Chlo43_Chlo42_0, 0.005, 0, 0.012, 0.016, 0.005, 0, 0.005, 0, 0.011
Node_Chlo43_Chlo45_0, 0.008, 0, 0.016, 0.015, 0.008, 0, 0.008, 0.006, 0.004
Node_Chlo43_Chlo47_0, 0.006, 0, 0.007, 0.01, 0.006, 0, 0.006, 0.002, 0.005
Node_Chlo44_Chlo17_0, 0.005, 0, 0.012, 0.014, 0.005, 0, 0.005, 0.001, 0.012
Node_Chlo44_Chlo22_0, 0.005, 0, 0.008, 0.013, 0.005, 0, 0.005, 0.002, 0.008
Node_Chlo45_Chlo27_0, 0.003, 0, 0.015, 0.019, 0.003, 0, 0.003, 0.002, 0.01
Node_Chlo45_Chlo46_0, 0.006, 0, 0.013, 0.015, 0.006, 0, 0.006, 0.001, 0.016
Node_Chlo47_Chlo48_0, 0.008, 0, 0.013, 0.019, 0.008, 0, 0.008, 0.001, 0.015
Node_Chlo48_Chlo10_0, 0.003, 0, 0.017, 0.021, 0.003, 0, 0.003, 0.001, 0.012
Node_Chlo4_Chlo12_0, 0.004, 0, 0.005, 0.002, 0.004, 0, 0.004, 0.003, 0.002
Node_Chlo4_Chlo35_0, 0.001, 0, 0.004, 0.008, 0.001, 0, 0.001, 0.001, 0.001
Node_Chlo5_Chlo16_0, 0.005, 0, 0.011, 0.008, 0.005, 0, 0.005, 0.002, 0.009
Node_Chlo6_Chlo18_0, 0.002, 0, 0.024, 0.019, 0.002, 0, 0.002, 0.002, 0.007
Node_Chlo6_Chlo26_0, 0.019, 0, 0.026, 0.014, 0.019, 0, 0.019, 0.017, 0.002
Node_Chlo7_Chlo15_0, 0.006, 0, 0.018, 0.021, 0.006, 0, 0.006, 0, 0.019
Node_Chry1_Aqui2_0, 0.038, 0, 0.053, 0.045, 0.038, 0, 0.038, 0.037, 0.001
Node_Chry1_Defe3_0, 0.017, 0, 0.027, 0.03, 0.017, 0, 0.017, 0.012, 0.006
Node_Cyan10_Cyan35_0, 0.005, 0, 0.002, 0.002, 0.005, 0, 0.005, 0, 0.007
Node_Cyan10_Cyan45_0, 0.004, 0, 0.005, 0.004, 0.004, 0, 0.004, 0.001, 0.004
Node_Cyan10_Cyan46_0, 0, 0, 0.006, 0.004, 0, 0, 0, 0, 0.004
Node_Cyan11_Cyan26_0, 0.005, 0, 0.021, 0.021, 0.005, 0, 0.005, 0.001, 0.018
Node_Cyan12_Cyan13_0, 0.02, 0, 0.175, 0.054, 0.02, 0, 0.02, 0.014, 0.014
Node_Cyan13_Cyan18_0, 0.007, 0, 0.02, 0.016, 0.007, 0, 0.007, 0.005, 0.007
Node_Cyan14_Cyan15_0, 0.006, 0, 0.019, 0.022, 0.006, 0, 0.006, 0.001, 0.013
Node_Cyan14_Cyan16_0, 0.012, 0, 0.013, 0.019, 0.012, 0, 0.012, 0.002, 0.022
Node_Cyan14_Cyan23_0, 0.003, 0, 0.005, 0.005, 0.003, 0, 0.003, 0, 0.007
Node_Cyan16_Cyan29_0, 0.001, 0, 0.024, 0.026, 0.001, 0, 0.001, 0.001, 0.013
Node_Cyan19_Cyan22_0, 0.002, 0, 0.002, 0.005, 0.002, 0, 0.002, 0, 0.003
Node_Cyan19_Cyan47_0, 0.002, 0, 0.003, 0.006, 0.002, 0, 0.002, 0, 0.003
Node_Cyan28_chloroArabidopsis_0, 0.003, 0, 0.006, 0.008, 0.003, 0, 0.003, 0, 0.008
Node_Cyan2_Cyan1_0, 0.007, 0, 0.014, 0.012, 0.007, 0, 0.007, 0.002, 0.01
Node_Cyan31_Cyan34_0, 0.006, 0, 0.011, 0.011, 0.006, 0, 0.006, 0.002, 0.01
Node_Cyan33_Cyan21_0, 0.004, 0, 0.016, 0.018, 0.004, 0, 0.004, 0.001, 0.012
Node_Cyan38_Cyan28_0, 0.001, 0, 0.001, 0.001, 0.001, 0, 0.001, 0, 0.002
Node_Cyan40_Arma4_0, 0.032, 0, 0.001, 0.013, 0.032, 0.007, 0.032, 0.031, 0.001
Node_Cyan40_Cyan10_0, 0.002, 0, 0.005, 0.005, 0.002, 0, 0.002, 0.001, 0.006
Node_Cyan40_Cyan11_0, 0.008, 0, 0.009, 0.013, 0.008, 0, 0.008, 0.004, 0.012
Node_Cyan40_Cyan14_0, 0.001, 0, 0.006, 0.007, 0.001, 0, 0.001, 0, 0.006
Node_Cyan40_Cyan19_0, 0.001, 0, 0.002, 0.004, 0.001, 0, 0.001, 0, 0.003
Node_Cyan40_Cyan20_0, 0.005, 0.001, 0.007, 0.01, 0.005, 0, 0.005, 0.005, 0
Node_Cyan40_Cyan24_0, 0.001, 0, 0.006, 0.009, 0.001, 0, 0.001, 0, 0.006
Node_Cyan40_Cyan25_0, 0.005, 0, 0.01, 0.011, 0.005, 0, 0.005, 0.001, 0.013
Node_Cyan40_Cyan27_0, 0.006, 0, 0.016, 0.021, 0.006, 0, 0.006, 0.001, 0.014
Node_Cyan40_Cyan2_0, 0.011, 0, 0.003, 0.008, 0.01, 0, 0.011, 0.01, 0.001
Node_Cyan40_Cyan36_0, 0, 0, 0.003, 0.005, 0, 0, 0, 0, 0.003
Node_Cyan40_Cyan37_0, 0.004, 0, 0.001, 0.001, 0.004, 0, 0.004, 0.002, 0.002
Node_Cyan40_Cyan38_0, 0, 0, 0.005, 0.003, 0, 0, 0, 0, 0.001
Node_Cyan40_Cyan42_0, 0.003, 0.001, 0.009, 0.008, 0.003, 0, 0.003, 0, 0.006
Node_Cyan40_Cyan7_0, 0.011, 0, 0.001, 0.005, 0.01, 0.001, 0.011, 0.011, 0
Node_Cyan40_Marg1_0, 0.013, 0, 0.003, 0.014, 0.013, 0.002, 0.013, 0.013, 0
Node_Cyan40_Therd1_0, 0.014, 0, 0.018, 0.016, 0.014, 0, 0.014, 0.014, 0
Node_Cyan42_Cyan3_0, 0.003, 0.001, 0.006, 0.008, 0.003, 0, 0.003, 0.001, 0.005
Node_Cyan46_Cyan30_0, 0.002, 0, 0.002, 0.002, 0.002, 0, 0.002, 0, 0.004
Node_Cyan46_Cyan31_0, 0.007, 0, 0.011, 0.014, 0.007, 0, 0.007, 0.001, 0.016
Node_Cyan46_Cyan32_0, 0.006, 0, 0.01, 0.018, 0.006, 0, 0.006, 0.002, 0.011
Node_Cyan46_Cyan33_0, 0.008, 0, 0.013, 0.019, 0.008, 0, 0.008, 0.002, 0.014
Node_Cyan46_Cyan41_0, 0.005, 0, 0.014, 0.013, 0.005, 0, 0.005, 0.001, 0.011
Node_Cyan47_Cyan43_0, 0.004, 0, 0.007, 0.007, 0.004, 0, 0.004, 0.001, 0.009
Node_Cyan47_Cyan44_0, 0.005, 0, 0.014, 0.019, 0.005, 0, 0.005, 0, 0.015
Node_Cyan4_Cyan8_0, 0.003, 0, 0.047, 0.012, 0.003, 0, 0.003, 0.003, 0.001
Node_Cyan4_Cyan9_0, 0.007, 0, 0.009, 0.015, 0.007, 0, 0.007, 0, 0.013
Node_Cyan7_Cyan12_0, 0.181, 0, 0.005, 0.07, 0.181, 0, 0.181, 0.046, 0.137
Node_Cyan7_Cyan4_0, 0.049, 0, 0.005, 0.025, 0.049, 0.001, 0.049, 0.01, 0.042
Node_DTU0X1_SLNR1_0, 0, 0, 0.011, 0.014, 0, 0, 0, 0, 0.007
Node_Defe3_Defe1_0, 0.05, 0, 0.005, 0.024, 0.05, 0, 0.05, 0.016, 0.038
Node_Defe3_Defe2_0, 0.172, 0.001, 0.014, 0.027, 0.171, 0, 0.172, 0.047, 0.135
Node_Dein4_Dein2_0, 0.004, 0, 0.011, 0.017, 0.004, 0, 0.004, 0.002, 0.012
Node_Dein4_Dein6_0, 0.003, 0, 0.013, 0.017, 0.003, 0, 0.003, 0, 0.012
Node_Dein5_Bipo1_0, 0.002, 0, 0.005, 0.005, 0.002, 0, 0.002, 0.002, 0
Node_Dein5_Dein1_0, 0.003, 0, 0.017, 0.022, 0.003, 0, 0.003, 0, 0.015
Node_Dein5_Dein4_0, 0.003, 0, 0.009, 0.016, 0.003, 0, 0.003, 0.001, 0.01
Node_Dein5_Dein7_0, 0.005, 0, 0.011, 0.012, 0.005, 0, 0.005, 0, 0.013
Node_Dein7_Dein3_0, 0.007, 0, 0.01, 0.009, 0.007, 0, 0.007, 0.002, 0.012
Node_DesuB1_DesuB2_0, 0.003, 0, 0.018, 0.022, 0.003, 0, 0.003, 0.001, 0.01
Node_DesuB4_BdellC1_0, 0.039, 0, 0.006, 0.021, 0.039, 0, 0.039, 0.021, 0.019
Node_DesuB4_DesuB1_0, 0.011, 0, 0.032, 0.013, 0.011, 0, 0.011, 0.008, 0.004
Node_DesuB4_DesuB3_0, 0.008, 0, 0.02, 0.021, 0.007, 0, 0.008, 0.003, 0.017
Node_DesuB4_Desua5_0, 0.026, 0, 0.032, 0.021, 0.026, 0, 0.026, 0.023, 0.004
Node_DesuB4_Myxo10_0, 0.054, 0.001, 0.011, 0.034, 0.054, 0.002, 0.054, 0.045, 0.011
Node_DesuC2_DesuC1_0, 0.201, 0.001, 0.008, 0.132, 0.201, 0, 0.201, 0.027, 0.179
Node_DesuC2_Desua47_0, 0.029, 0, 0.018, 0.036, 0.029, 0, 0.029, 0.023, 0.008
Node_DesuD2_DesuD1_0, 0.011, 0, 0.013, 0.018, 0.011, 0, 0.011, 0.002, 0.016
Node_Desua11_Desua27_0, 0.003, 0, 0.006, 0.008, 0.003, 0, 0.003, 0, 0.008
Node_Desua16_Desua15_0, 0.006, 0, 0.012, 0.014, 0.006, 0, 0.006, 0.001, 0.011
Node_Desua16_Desua20_0, 0.005, 0.001, 0.015, 0.01, 0.005, 0, 0.005, 0.003, 0.003
Node_Desua16_Desua24_0, 0.007, 0, 0.014, 0.015, 0.007, 0, 0.007, 0.002, 0.011
Node_Desua16_Desua6_0, 0.016, 0, 0.011, 0.016, 0.016, 0, 0.016, 0.007, 0.013
Node_Desua16_Desua9_0, 0.01, 0, 0.011, 0.018, 0.01, 0, 0.01, 0.002, 0.016
Node_Desua1_Desua34_0, 0.01, 0, 0.008, 0.012, 0.01, 0, 0.01, 0.001, 0.016
Node_Desua1_Desua3_0, 0.002, 0, 0.007, 0.005, 0.002, 0, 0.002, 0.001, 0.003
Node_Desua1_Desua43_0, 0.006, 0, 0.006, 0.013, 0.006, 0, 0.006, 0.004, 0.006
Node_Desua22_Desua10_0, 0.016, 0, 0.008, 0.016, 0.016, 0, 0.016, 0.001, 0.023
Node_Desua22_Desua13_0, 0.001, 0, 0.003, 0.001, 0.001, 0, 0.001, 0.001, 0.001
Node_Desua22_Desua14_0, 0.078, 0.001, 0.016, 0.052, 0.078, 0, 0.078, 0.011, 0.077
Node_Desua22_Desua16_0, 0.014, 0, 0.007, 0.012, 0.014, 0, 0.014, 0.011, 0.004
Node_Desua22_Desua23_0, 0.344, 0.001, 0.009, 0.091, 0.341, 0, 0.344, 0.077, 0.274
Node_Desua22_Desua26_0, 0.003, 0, 0.004, 0.004, 0.003, 0, 0.003, 0, 0.004
Node_Desua22_Desua4_0, 0.003, 0, 0.015, 0.009, 0.003, 0, 0.003, 0.002, 0.004
Node_Desua26_Desua30_0, 0.003, 0, 0.003, 0.004, 0.003, 0, 0.003, 0.001, 0.003
Node_Desua28_Desua35_0, 0.004, 0, 0.016, 0.021, 0.004, 0, 0.004, 0.002, 0.012
Node_Desua2_Desua8_0, 0.253, 0.001, 0.005, 0.1, 0.249, 0, 0.253, 0.042, 0.213
Node_Desua36_Desua38_0, 0.005, 0, 0.013, 0.017, 0.005, 0, 0.005, 0, 0.014
Node_Desua36_Desua39_0, 0.004, 0, 0.011, 0.013, 0.004, 0, 0.004, 0, 0.012
Node_Desua40_Desua31_0, 0.003, 0, 0.007, 0.009, 0.003, 0, 0.003, 0, 0.009
Node_Desua42_Desua11_0, 0.001, 0, 0.013, 0.015, 0.001, 0, 0.001, 0.001, 0.009
Node_Desua42_Desua12_0, 0.005, 0, 0.005, 0.006, 0.005, 0, 0.005, 0.002, 0.006
Node_Desua43_Desua50_0, 0.007, 0, 0.014, 0.018, 0.007, 0, 0.007, 0.001, 0.014
Node_Desua43_Desua52_0, 0.003, 0, 0.014, 0.013, 0.003, 0, 0.003, 0.001, 0.01
Node_Desua43_Desua54_0, 0.007, 0, 0.017, 0.027, 0.007, 0, 0.007, 0.001, 0.018
Node_Desua44_Desua36_0, 0.003, 0, 0.017, 0.022, 0.003, 0, 0.003, 0.002, 0.01
Node_Desua46_Desua25_0, 0.002, 0, 0.009, 0.013, 0.002, 0, 0.002, 0, 0.009
Node_Desua47_Desua29_0, 0.015, 0, 0.261, 0.054, 0.015, 0, 0.015, 0.01, 0.014
Node_Desua47_Desua37_0, 0.063, 0.001, 0.013, 0.02, 0.062, 0, 0.063, 0.009, 0.058
Node_Desua47_Desua41_0, 0.262, 0, 0.022, 0.06, 0.262, 0, 0.262, 0.054, 0.221
Node_Desua47_Desua53_0, 0.017, 0, 0.024, 0.018, 0.017, 0, 0.017, 0.011, 0.012
Node_Desua48_Desua33_0, 0.004, 0, 0.01, 0.01, 0.004, 0, 0.004, 0, 0.012
Node_Desua48_Desua40_0, 0.001, 0, 0.007, 0.007, 0.001, 0, 0.001, 0, 0.004
Node_Desua48_Desua42_0, 0.004, 0, 0.003, 0.006, 0.004, 0, 0.004, 0, 0.006
Node_Desua48_Desua46_0, 0.002, 0, 0.011, 0.013, 0.002, 0, 0.002, 0, 0.009
Node_Desua49_Desua21_0, 0.004, 0, 0.012, 0.011, 0.004, 0, 0.004, 0.002, 0.006
Node_Desua49_Desua32_0, 0.005, 0, 0.011, 0.014, 0.005, 0, 0.005, 0.002, 0.01
Node_Desua49_Desua44_0, 0.01, 0, 0.008, 0.011, 0.01, 0, 0.01, 0.003, 0.013
Node_Desua4_Desua1_0, 0.006, 0, 0.005, 0.009, 0.005, 0.001, 0.006, 0.001, 0.007
Node_Desua4_Desua48_0, 0.004, 0, 0.006, 0.008, 0.003, 0, 0.004, 0.003, 0.004
Node_Desua4_Desua49_0, 0.006, 0, 0.007, 0.01, 0.006, 0, 0.006, 0.001, 0.009
Node_Desua53_Desua51_0, 0.008, 0, 0.021, 0.017, 0.008, 0, 0.008, 0.002, 0.012
Node_Desua6_Desua19_0, 0.012, 0, 0.053, 0.03, 0.012, 0, 0.012, 0.006, 0.021
Node_Desua6_Desua2_0, 0.044, 0, 0.008, 0.009, 0.044, 0, 0.044, 0.012, 0.036
Node_Desua6_Desua7_0, 0.006, 0, 0.02, 0.019, 0.006, 0, 0.006, 0.001, 0.014
Node_Desua9_Desua17_0, 0.003, 0, 0.01, 0.01, 0.003, 0, 0.003, 0, 0.008
Node_Desua9_Desua18_0, 0.005, 0, 0.013, 0.017, 0.005, 0, 0.005, 0.002, 0.008
Node_Dorm2_Dorm1_0, 0.006, 0, 0.01, 0.011, 0.006, 0, 0.006, 0, 0.013
Node_Dorm2_Dorm3_0, 0, 0, 0.007, 0.006, 0, 0, 0, 0, 0.004
Node_Dorm2_Dorm4_0, 0.003, 0, 0.007, 0.011, 0.003, 0, 0.003, 0, 0.01
Node_Dorm2_Dorm5_0, 0.003, 0, 0.009, 0.01, 0.003, 0, 0.003, 0, 0.009
Node_Eise2_Eise1_0, 0.007, 0, 0.015, 0.019, 0.007, 0, 0.007, 0.002, 0.014
Node_Eise4_Eise2_0, 0.008, 0, 0.01, 0.01, 0.008, 0, 0.008, 0.003, 0.008
Node_Eise4_Eise3_0, 0.003, 0, 0.014, 0.012, 0.003, 0, 0.003, 0.001, 0.009
Node_Elus1_Elus2_0, 0.003, 0, 0.002, 0.002, 0.003, 0, 0.003, 0.001, 0.003
Node_Elus2_Elus3_0, 0.003, 0, 0.003, 0.004, 0.003, 0, 0.003, 0.001, 0.003
Node_Elus2_Elus5_0, 0.001, 0, 0.006, 0.006, 0.001, 0, 0.001, 0.001, 0.004
Node_Elus3_Elus4_0, 0, 0, 0.007, 0.007, 0, 0, 0, 0, 0.004
Node_Elus3_Elus6_0, 0.002, 0, 0.014, 0.01, 0.002, 0, 0.002, 0, 0.01
Node_Elus3_Elus7_0, 0.003, 0, 0.004, 0.009, 0.003, 0, 0.003, 0.001, 0.004
Node_Elus3_Elus9_0, 0.006, 0, 0.005, 0.012, 0.006, 0, 0.006, 0, 0.011
Node_Elus6_Elus8_0, 0.004, 0, 0.008, 0.007, 0.004, 0, 0.004, 0, 0.01
Node_Elus9_Elus10_0, 0.002, 0, 0.016, 0.021, 0.002, 0, 0.002, 0, 0.012
Node_Erem4_Erem5_0, 0.174, 0, 0.011, 0.017, 0.173, 0, 0.174, 0.025, 0.154
Node_Erem6_Erem2_0, 0.001, 0, 0.003, 0.001, 0.001, 0, 0.001, 0.001, 0.001
Node_Erem6_Erem3_0, 0.003, 0, 0.015, 0.021, 0.003, 0, 0.003, 0, 0.017
Node_Erem6_Erem4_0, 0.031, 0, 0.011, 0.016, 0.031, 0, 0.031, 0.002, 0.039
Node_FCPU1_FCPU2_0, 0.003, 0, 0.015, 0.017, 0.003, 0, 0.003, 0.002, 0.01
Node_Ferm1_Eise4_0, 0.01, 0, 0.023, 0.022, 0.01, 0, 0.01, 0.01, 0.001
Node_Ferm1_GemmA1_0, 0.002, 0, 0.01, 0.013, 0.002, 0, 0.002, 0.002, 0.002
Node_Ferm1_Krum1_0, 0.002, 0, 0.004, 0.005, 0.002, 0, 0.002, 0, 0.004
Node_Fibr4_Fibr2_0, 0.095, 0, 0.447, 0.274, 0.095, 0, 0.095, 0.092, 0.007
Node_Fibr4_Fibr3_0, 0.17, 0.003, 0.013, 0.052, 0.165, 0.002, 0.17, 0.113, 0.058
Node_Fibr4_Fibr5_0, 0.474, 0.006, 0.007, 0.123, 0.465, 0, 0.474, 0.165, 0.305
Node_Fibr4_Fibr6_0, 0.535, 0.003, 0.052, 0.204, 0.53, 0, 0.535, 0.423, 0.11
Node_Fibr5_Fibr1_0, 0.539, 0.003, 0.045, 0.416, 0.536, 0, 0.539, 0.433, 0.107
Node_FirmA102_FirmA76_0, 0.008, 0, 0.223, 0.045, 0.008, 0, 0.008, 0.006, 0.008
Node_FirmA104_FirmA78_0, 0.001, 0, 0.01, 0.013, 0.001, 0, 0.001, 0.001, 0.006
Node_FirmA106_FirmA114_0, 0.002, 0, 0.007, 0.01, 0.002, 0, 0.002, 0, 0.007
Node_FirmA109_FirmA77_0, 0.006, 0, 0.007, 0.008, 0.006, 0, 0.006, 0.002, 0.007
Node_FirmA109_FirmA95_0, 0.003, 0, 0.011, 0.009, 0.003, 0, 0.003, 0.001, 0.008
Node_FirmA114_FirmA98_0, 0.009, 0, 0.007, 0.006, 0.009, 0, 0.009, 0.001, 0.014
Node_FirmA11_FirmA67_0, 0.002, 0, 0.002, 0.004, 0.002, 0, 0.002, 0, 0.003
Node_FirmA12_FirmA93_0, 0.176, 0, 0.773, 0.158, 0.166, 0, 0.176, 0.065, 0.124
Node_FirmA14_FirmA113_0, 0.005, 0, 0.004, 0.008, 0.005, 0, 0.005, 0, 0.008
Node_FirmA18_FirmA103_0, 0.008, 0, 0.015, 0.013, 0.008, 0, 0.008, 0.002, 0.015
Node_FirmA20_FirmA100_0, 0.009, 0, 0.017, 0.021, 0.009, 0, 0.009, 0.004, 0.011
Node_FirmA20_FirmA24_0, 0.028, 0, 0.01, 0.024, 0.028, 0, 0.028, 0.014, 0.018
Node_FirmA20_FirmA25_0, 0.03, 0, 0.054, 0.028, 0.029, 0, 0.03, 0.025, 0.008
Node_FirmA20_FirmA38_0, 0.076, 0, 0.005, 0.026, 0.076, 0, 0.076, 0.023, 0.053
Node_FirmA20_FirmA52_0, 0.015, 0, 0.026, 0.033, 0.015, 0, 0.015, 0.012, 0.011
Node_FirmA21_FirmA108_0, 0.005, 0, 0.009, 0.012, 0.005, 0, 0.005, 0, 0.013
Node_FirmA21_FirmA47_0, 0.002, 0, 0.008, 0.004, 0.002, 0, 0.002, 0, 0.005
Node_FirmA21_FirmA88_0, 0.001, 0, 0.012, 0.012, 0.001, 0, 0.001, 0, 0.008
Node_FirmA24_FirmA1_0, 0.005, 0, 0.025, 0.011, 0.005, 0, 0.005, 0.005, 0.002
Node_FirmA24_FirmA8_0, 0.002, 0, 0.011, 0.012, 0.002, 0, 0.002, 0, 0.008
Node_FirmA25_FirmA56_0, 0.008, 0, 0.034, 0.03, 0.008, 0, 0.008, 0.003, 0.012
Node_FirmA26_FirmA102_0, 0.223, 0, 0.012, 0.056, 0.222, 0, 0.223, 0.076, 0.153
Node_FirmA26_FirmA2_0, 0.082, 0.001, 0.012, 0.06, 0.082, 0, 0.082, 0.023, 0.063
Node_FirmA26_FirmA41_0, 0.749, 0, 0.025, 0.128, 0.746, 0, 0.749, 0.695, 0.056
Node_FirmA26_FirmA7_0, 0.718, 0.004, 0.01, 0.186, 0.707, 0.001, 0.718, 0.218, 0.5
Node_FirmA27_FirmA71_0, 0.01, 0, 0.014, 0.017, 0.01, 0, 0.01, 0.002, 0.02
Node_FirmA27_FirmA89_0, 0.004, 0, 0.009, 0.008, 0.004, 0, 0.004, 0.002, 0.003
Node_FirmA28_FirmA94_0, 0.002, 0, 0.007, 0.009, 0.002, 0, 0.002, 0, 0.006
Node_FirmA29_FirmA51_0, 0.005, 0, 0.011, 0.013, 0.005, 0, 0.005, 0.001, 0.012
Node_FirmA38_FirmA32_0, 0.18, 0, 0.004, 0.076, 0.178, 0, 0.18, 0.073, 0.108
Node_FirmA43_FirmA39_0, 0.004, 0, 0.008, 0.009, 0.004, 0, 0.004, 0, 0.01
Node_FirmA45_FirmA40_0, 0.005, 0, 0.009, 0.01, 0.005, 0, 0.005, 0.001, 0.008
Node_FirmA50_FirmA70_0, 0.002, 0, 0.01, 0.012, 0.002, 0, 0.002, 0, 0.011
Node_FirmA52_FirmA107_0, 0.008, 0, 0.011, 0.021, 0.008, 0, 0.008, 0.003, 0.012
Node_FirmA52_FirmA42_0, 0.007, 0, 0.016, 0.011, 0.007, 0, 0.007, 0.004, 0.008
Node_FirmA53_FirmA35_0, 0.005, 0, 0.01, 0.012, 0.005, 0, 0.005, 0.002, 0.009
Node_FirmA55_FirmA29_0, 0.004, 0, 0.008, 0.006, 0.004, 0, 0.004, 0.003, 0.004
Node_FirmA58_FirmA43_0, 0.002, 0, 0.01, 0.009, 0.002, 0, 0.002, 0, 0.009
Node_FirmA59_FirmA36_0, 0.006, 0, 0.007, 0.007, 0.006, 0, 0.006, 0, 0.012
Node_FirmA59_FirmA44_0, 0.001, 0, 0.003, 0.003, 0.001, 0, 0.001, 0, 0.001
Node_FirmA59_FirmA48_0, 0.004, 0, 0.014, 0.013, 0.004, 0, 0.004, 0, 0.012
Node_FirmA60_FirmA74_0, 0.004, 0, 0.008, 0.012, 0.004, 0, 0.004, 0, 0.011
Node_FirmA61_FirmA66_0, 0.005, 0, 0.012, 0.018, 0.005, 0, 0.005, 0.001, 0.015
Node_FirmA62_FirmA104_0, 0.005, 0, 0.006, 0.009, 0.005, 0, 0.005, 0, 0.008
Node_FirmA62_FirmA58_0, 0.003, 0, 0.007, 0.007, 0.003, 0, 0.003, 0.001, 0.005
Node_FirmA62_FirmA6_0, 0.002, 0, 0.004, 0.004, 0.002, 0, 0.002, 0, 0.003
Node_FirmA63_FirmA109_0, 0.006, 0, 0.009, 0.015, 0.006, 0, 0.006, 0.001, 0.011
Node_FirmA63_FirmA10_0, 0.008, 0, 0.009, 0.011, 0.008, 0, 0.008, 0.002, 0.011
Node_FirmA63_FirmA30_0, 0.009, 0, 0.013, 0.013, 0.009, 0, 0.009, 0.002, 0.014
Node_FirmA63_FirmA45_0, 0.006, 0, 0.01, 0.013, 0.006, 0, 0.006, 0.003, 0.007
Node_FirmA63_FirmA57_0, 0.005, 0, 0.005, 0.007, 0.005, 0, 0.005, 0.001, 0.005
Node_FirmA63_FirmA99_0, 0.004, 0, 0.008, 0.008, 0.004, 0, 0.004, 0.002, 0.007
Node_FirmA64_FirmA33_0, 0.001, 0, 0.005, 0.002, 0.001, 0, 0.001, 0, 0.003
Node_FirmA65_FirmA5_0, 0.001, 0, 0.008, 0.01, 0.001, 0, 0.001, 0, 0.007
Node_FirmA65_FirmA64_0, 0.003, 0, 0.005, 0.005, 0.003, 0, 0.003, 0, 0.004
Node_FirmA65_FirmA69_0, 0.004, 0, 0.006, 0.002, 0.004, 0, 0.004, 0, 0.005
Node_FirmA65_FirmA97_0, 0.002, 0, 0.004, 0.006, 0.002, 0, 0.002, 0.001, 0.003
Node_FirmA67_FirmA37_0, 0.001, 0, 0.008, 0.008, 0.001, 0, 0.001, 0.001, 0.002
Node_FirmA67_FirmA50_0, 0.001, 0, 0.006, 0.012, 0.001, 0, 0.001, 0, 0.006
Node_FirmA67_FirmA79_0, 0.006, 0, 0.008, 0.013, 0.005, 0, 0.006, 0, 0.013
Node_FirmA67_FirmA87_0, 0.007, 0, 0.002, 0.004, 0.007, 0, 0.007, 0.001, 0.007
Node_FirmA69_FirmA28_0, 0.003, 0, 0.005, 0.007, 0.003, 0, 0.003, 0.001, 0.004
Node_FirmA69_FirmA72_0, 0.006, 0, 0.01, 0.011, 0.006, 0, 0.006, 0, 0.013
Node_FirmA72_FirmA73_0, 0.004, 0, 0.01, 0.011, 0.004, 0, 0.004, 0.003, 0.008
Node_FirmA7_FirmA12_0, 0.825, 0.003, 0.017, 0.208, 0.803, 0, 0.825, 0.713, 0.115
Node_FirmA7_FirmA90_0, 0.724, 0, 0.033, 0.151, 0.713, 0, 0.724, 0.694, 0.039
Node_FirmA80_FirmA34_0, 0.002, 0, 0.009, 0.008, 0.002, 0, 0.002, 0.001, 0.006
Node_FirmA81_FirmA14_0, 0.001, 0, 0.003, 0.003, 0.001, 0, 0.001, 0, 0.003
Node_FirmA81_FirmA19_0, 0.001, 0, 0.011, 0.01, 0.001, 0, 0.001, 0, 0.011
Node_FirmA81_FirmA84_0, 0.002, 0, 0.003, 0.004, 0.002, 0, 0.002, 0, 0.003
Node_FirmA81_FirmA92_0, 0.001, 0, 0.003, 0.003, 0.001, 0, 0.001, 0, 0.002
Node_FirmA83_FirmA11_0, 0.001, 0, 0.004, 0.004, 0.001, 0, 0.001, 0.001, 0.002
Node_FirmA83_FirmA49_0, 0.001, 0, 0.012, 0.009, 0.001, 0, 0.001, 0, 0.008
Node_FirmA83_FirmA55_0, 0.008, 0, 0.006, 0.009, 0.008, 0, 0.008, 0.003, 0.009
Node_FirmA83_FirmA59_0, 0.003, 0, 0.004, 0.005, 0.003, 0, 0.003, 0, 0.005
Node_FirmA83_FirmA65_0, 0.005, 0, 0.003, 0.003, 0.005, 0, 0.005, 0.002, 0.005
Node_FirmA83_FirmA81_0, 0.002, 0, 0.001, 0.002, 0.002, 0, 0.002, 0, 0.002
Node_FirmA83_FirmA86_0, 0.005, 0, 0.012, 0.015, 0.005, 0, 0.005, 0.001, 0.009
Node_FirmA84_FirmA111_0, 0.003, 0, 0.002, 0.003, 0.003, 0, 0.003, 0.001, 0.003
Node_FirmA84_FirmA16_0, 0.012, 0, 0.023, 0.009, 0.012, 0, 0.012, 0.009, 0.005
Node_FirmA84_FirmA20_0, 0.02, 0, 0.001, 0.008, 0.02, 0, 0.02, 0.002, 0.018
Node_FirmA84_FirmA26_0, 0.03, 0, 0.009, 0.022, 0.03, 0, 0.03, 0.012, 0.019
Node_FirmA84_FirmA46_0, 0.004, 0, 0.007, 0.009, 0.004, 0, 0.004, 0.002, 0.006
Node_FirmA84_FirmA63_0, 0.005, 0, 0.013, 0.015, 0.005, 0, 0.005, 0.002, 0.006
Node_FirmA84_FirmA9_0, 0.002, 0, 0.007, 0.005, 0.002, 0, 0.002, 0, 0.005
Node_FirmA85_DTU0X1_0, 0.004, 0, 0.003, 0.003, 0.004, 0, 0.004, 0.004, 0
Node_FirmA85_FirmA60_0, 0.001, 0, 0.011, 0.012, 0.001, 0, 0.001, 0, 0.008
Node_FirmA85_FirmC13_0, 0.007, 0, 0.004, 0.006, 0.007, 0, 0.007, 0.007, 0
Node_FirmA86_FirmA61_0, 0.002, 0, 0.016, 0.022, 0.002, 0, 0.002, 0, 0.013
Node_FirmA87_FirmA106_0, 0.002, 0, 0.005, 0.004, 0.002, 0, 0.002, 0, 0.004
Node_FirmA87_FirmA62_0, 0.003, 0, 0.009, 0.016, 0.003, 0, 0.003, 0.001, 0.005
Node_FirmA87_FirmA96_0, 0.007, 0, 0.005, 0.008, 0.007, 0, 0.007, 0.003, 0.005
Node_FirmA88_FirmA101_0, 0.004, 0, 0.008, 0.008, 0.004, 0, 0.004, 0, 0.011
Node_FirmA89_FirmA105_0, 0.002, 0, 0.011, 0.015, 0.002, 0, 0.002, 0, 0.01
Node_FirmA89_FirmA110_0, 0.006, 0, 0.008, 0.013, 0.006, 0, 0.006, 0, 0.012
Node_FirmA89_FirmA21_0, 0.005, 0, 0.008, 0.011, 0.005, 0, 0.005, 0.001, 0.009
Node_FirmA89_FirmA31_0, 0.001, 0, 0.008, 0.007, 0.001, 0, 0.001, 0, 0.003
Node_FirmA89_FirmA53_0, 0.006, 0, 0.007, 0.008, 0.006, 0, 0.006, 0.002, 0.008
Node_FirmA89_FirmA68_0, 0.003, 0, 0.004, 0.006, 0.003, 0, 0.003, 0, 0.006
Node_FirmA89_FirmA80_0, 0.005, 0, 0.004, 0.006, 0.005, 0, 0.005, 0.003, 0.004
Node_FirmA90_FirmA112_0, 0.037, 0, 0.697, 0.116, 0.037, 0, 0.037, 0.035, 0.01
Node_FirmA92_FirmA54_0, 0.002, 0, 0.006, 0.008, 0.002, 0, 0.002, 0, 0.007
Node_FirmA94_FirmA75_0, 0.004, 0, 0.006, 0.009, 0.004, 0, 0.004, 0, 0.008
Node_FirmA96_FirmA27_0, 0.01, 0, 0.003, 0.005, 0.01, 0, 0.01, 0.004, 0.006
Node_FirmA96_FirmA91_0, 0.048, 0, 0.011, 0.037, 0.048, 0, 0.048, 0.007, 0.049
Node_FirmA99_FirmA18_0, 0.008, 0, 0.01, 0.014, 0.008, 0, 0.008, 0.001, 0.014
Node_FirmB16_FirmB13_0, 0.004, 0, 0.013, 0.018, 0.004, 0, 0.004, 0, 0.015
Node_FirmB17_FirmB15_0, 0.006, 0, 0.004, 0.004, 0.006, 0, 0.006, 0.002, 0.008
Node_FirmB2_FirmB11_0, 0.967, 0, 0.026, 0.021, 0.964, 0, 0.967, 0.955, 0.02
Node_FirmB2_FirmB12_0, 0.973, 0.002, 0.039, 0.053, 0.965, 0, 0.973, 0.109, 0.869
Node_FirmB3_FirmB14_0, 0.006, 0, 0.018, 0.019, 0.006, 0, 0.006, 0.001, 0.02
Node_FirmB4_FirmB17_0, 0.002, 0, 0.013, 0.016, 0.002, 0, 0.002, 0.001, 0.008
Node_FirmB4_FirmB1_0, 0.007, 0, 0.008, 0.011, 0.007, 0, 0.007, 0.002, 0.011
Node_FirmB4_FirmB3_0, 0.004, 0, 0.005, 0.009, 0.004, 0, 0.004, 0.001, 0.007
Node_FirmB6_FirmB7_0, 0.003, 0, 0.017, 0.014, 0.003, 0, 0.003, 0.001, 0.008
Node_FirmB8_FirmB16_0, 0.002, 0, 0.005, 0.005, 0.002, 0, 0.002, 0, 0.005
Node_FirmB8_FirmB4_0, 0.002, 0, 0.006, 0.006, 0.002, 0, 0.002, 0.001, 0.003
Node_FirmB8_FirmB5_0, 0.002, 0, 0.008, 0.01, 0.002, 0, 0.002, 0, 0.008
Node_FirmB8_FirmB9_0, 0.005, 0, 0.002, 0.002, 0.005, 0, 0.005, 0, 0.007
Node_FirmB9_FirmB10_0, 0.235, 0, 0.123, 0.12, 0.234, 0, 0.235, 0.033, 0.217
Node_FirmB9_FirmB2_0, 0.141, 0, 0.006, 0.025, 0.138, 0, 0.141, 0.011, 0.135
Node_FirmB9_FirmB6_0, 0.012, 0, 0.006, 0.008, 0.012, 0, 0.012, 0.001, 0.013
Node_FirmC10_FirmC14_0, 0.01, 0, 0.013, 0.022, 0.009, 0, 0.01, 0.003, 0.018
Node_FirmC10_FirmC18_0, 0.005, 0, 0.01, 0.016, 0.005, 0, 0.005, 0.001, 0.013
Node_FirmC10_FirmC19_0, 0.002, 0, 0.012, 0.015, 0.002, 0, 0.002, 0, 0.011
Node_FirmC11_FirmC3_0, 0.006, 0, 0.011, 0.011, 0.006, 0, 0.006, 0.002, 0.01
Node_FirmC13_FirmB8_0, 0, 0, 0.004, 0.007, 0, 0.001, 0, 0, 0.001
Node_FirmC13_FirmC10_0, 0.003, 0, 0.012, 0.017, 0.003, 0.001, 0.003, 0, 0.012
Node_FirmC13_FirmC17_0, 0.004, 0, 0.006, 0.01, 0.004, 0, 0.004, 0.001, 0.007
Node_FirmC13_FirmC5_0, 0.001, 0, 0.001, 0.001, 0.001, 0, 0.001, 0, 0.002
Node_FirmC13_FirmC8_0, 0.002, 0, 0.006, 0.009, 0.002, 0, 0.002, 0, 0.007
Node_FirmC13_Firms33_0, 0.002, 0, 0.005, 0.008, 0.002, 0, 0.002, 0.002, 0
Node_FirmC15_FirmC12_0, 0.005, 0, 0.011, 0.017, 0.005, 0, 0.005, 0.001, 0.011
Node_FirmC1_FirmC4_0, 0.005, 0, 0.009, 0.013, 0.005, 0, 0.005, 0.001, 0.009
Node_FirmC6_FirmC16_0, 0.005, 0, 0.019, 0.025, 0.005, 0, 0.005, 0.002, 0.019
Node_FirmC6_FirmC1_0, 0.005, 0, 0.02, 0.019, 0.005, 0, 0.005, 0.001, 0.015
Node_FirmC8_FirmC11_0, 0.007, 0, 0.014, 0.021, 0.007, 0, 0.007, 0.002, 0.011
Node_FirmC8_FirmC15_0, 0.005, 0, 0.022, 0.029, 0.005, 0, 0.005, 0.001, 0.019
Node_FirmC8_FirmC6_0, 0.01, 0, 0.011, 0.015, 0.01, 0, 0.01, 0.002, 0.016
Node_FirmC8_FirmC7_0, 0.008, 0, 0.007, 0.009, 0.008, 0, 0.008, 0.003, 0.008
Node_FirmC8_FirmC9_0, 0.005, 0, 0.007, 0.009, 0.005, 0, 0.005, 0.001, 0.01
Node_FirmD2_FirmD3_0, 0.016, 0, 0.005, 0.018, 0.016, 0, 0.016, 0.002, 0.017
Node_FirmD4_FirmD2_0, 0.004, 0, 0.004, 0.015, 0.004, 0, 0.004, 0.001, 0.003
Node_FirmE4_FirmE6_0, 0.006, 0, 0.01, 0.016, 0.006, 0, 0.006, 0.003, 0.01
Node_FirmE5_FirmA85_0, 0.011, 0, 0.029, 0.01, 0.011, 0.001, 0.011, 0.01, 0.001
Node_FirmE5_FirmE3_0, 0.004, 0, 0.01, 0.009, 0.004, 0, 0.004, 0, 0.008
Node_FirmE5_FirmE4_0, 0.006, 0, 0.008, 0.01, 0.006, 0, 0.006, 0.002, 0.008
Node_FirmE5_FirmE7_0, 0.006, 0, 0.014, 0.017, 0.006, 0, 0.006, 0.002, 0.009
Node_FirmE7_FirmE1_0, 0.006, 0, 0.011, 0.01, 0.006, 0, 0.006, 0.002, 0.011
Node_FirmE7_FirmE2_0, 0.007, 0, 0.012, 0.014, 0.007, 0, 0.007, 0.002, 0.013
Node_FirmE7_FirmE8_0, 0.007, 0, 0.013, 0.018, 0.007, 0, 0.007, 0.002, 0.013
Node_FirmF1_FirmF2_0, 0.088, 0.001, 0.006, 0.055, 0.088, 0.003, 0.088, 0.043, 0.047
Node_FirmF1_FirmG6_0, 0.043, 0, 0.005, 0.02, 0.043, 0.006, 0.043, 0.039, 0.004
Node_FirmF2_FirmF3_0, 1.001, 0.004, 0.011, 0.508, 0.998, 0, 1.001, 0.088, 0.92
Node_FirmG5_FirmG1_0, 0.04, 0, 0.421, 0.136, 0.04, 0, 0.04, 0.037, 0.007
Node_FirmG5_FirmG2_0, 0.454, 0.004, 0.007, 0.144, 0.399, 0, 0.454, 0.126, 0.329
Node_FirmG6_FirmE5_0, 0.038, 0, 0.006, 0.01, 0.038, 0.001, 0.038, 0.038, 0
Node_FirmG6_FirmG3_0, 0.011, 0, 0.024, 0.025, 0.011, 0, 0.011, 0.004, 0.015
Node_FirmG6_FirmG4_0, 0.02, 0, 0.112, 0.034, 0.02, 0, 0.02, 0.017, 0.004
Node_FirmG6_FirmG5_0, 0.128, 0.006, 0.006, 0.056, 0.117, 0.001, 0.128, 0.037, 0.089
Node_Firms11_Firms17_0, 0.003, 0, 0.01, 0.012, 0.003, 0, 0.003, 0, 0.01
Node_Firms13_Firms1_0, 0, 0, 0.003, 0.002, 0, 0, 0, 0, 0.002
Node_Firms1_Firms10_0, 0.002, 0, 0.01, 0.014, 0.002, 0, 0.002, 0, 0.012
Node_Firms20_Firms12_0, 0.005, 0, 0.009, 0.011, 0.005, 0, 0.005, 0.003, 0.01
Node_Firms20_Firms29_0, 0.004, 0, 0.008, 0.014, 0.004, 0, 0.004, 0.001, 0.007
Node_Firms22_Firms27_0, 0.001, 0, 0.005, 0.007, 0.001, 0, 0.001, 0, 0.005
Node_Firms23_Firms18_0, 0.002, 0, 0.012, 0.016, 0.002, 0, 0.002, 0, 0.008
Node_Firms24_Firms26_0, 0.003, 0, 0.01, 0.015, 0.003, 0, 0.003, 0, 0.01
Node_Firms30_Firms31_0, 0.003, 0, 0.007, 0.011, 0.003, 0, 0.003, 0, 0.007
Node_Firms32_Firms25_0, 0.002, 0, 0.01, 0.012, 0.002, 0, 0.002, 0.002, 0.008
Node_Firms33_FirmA83_0, 0.003, 0, 0.001, 0.002, 0.003, 0.001, 0.003, 0.002, 0.001
Node_Firms33_FirmD1_0, 0.004, 0, 0.003, 0.004, 0.004, 0.001, 0.004, 0.003, 0.001
Node_Firms33_FirmD4_0, 0.005, 0, 0.001, 0.002, 0.005, 0.001, 0.005, 0.003, 0.002
Node_Firms33_Firms11_0, 0.003, 0, 0.002, 0.007, 0.003, 0, 0.003, 0.001, 0.004
Node_Firms33_Firms13_0, 0.001, 0, 0.001, 0.001, 0.001, 0, 0.001, 0, 0.002
Node_Firms33_Firms15_0, 0.001, 0, 0.003, 0.003, 0.001, 0, 0.001, 0, 0.004
Node_Firms33_Firms16_0, 0.004, 0, 0.001, 0.002, 0.004, 0, 0.004, 0.001, 0.004
Node_Firms33_Firms20_0, 0.004, 0, 0.002, 0.003, 0.004, 0, 0.004, 0.002, 0.002
Node_Firms33_Firms21_0, 0.004, 0, 0.003, 0.009, 0.004, 0, 0.004, 0.002, 0.003
Node_Firms33_Firms22_0, 0.001, 0, 0, 0.001, 0.001, 0, 0.001, 0.001, 0
Node_Firms33_Firms23_0, 0.006, 0, 0.012, 0.013, 0.006, 0, 0.006, 0, 0.014
Node_Firms33_Firms28_0, 0.004, 0, 0.006, 0.008, 0.004, 0, 0.004, 0, 0.01
Node_Firms33_Firms2_0, 0.002, 0, 0.005, 0.008, 0.002, 0, 0.002, 0.001, 0.003
Node_Firms33_Firms30_0, 0.003, 0, 0.003, 0.001, 0.003, 0, 0.003, 0.001, 0.002
Node_Firms33_Firms32_0, 0.004, 0, 0.007, 0.008, 0.004, 0, 0.004, 0, 0.009
Node_Firms33_Firms3_0, 0.001, 0, 0.002, 0.002, 0.001, 0, 0.001, 0.001, 0.002
Node_Firms33_Firms5_0, 0, 0, 0.001, 0.001, 0, 0, 0, 0, 0.001
Node_Firms33_Firms6_0, 0, 0, 0.004, 0.003, 0, 0, 0, 0, 0
Node_Firms33_Firms7_0, 0, 0, 0.005, 0.006, 0, 0, 0, 0, 0.002
Node_Firms33_Firms8_0, 0.004, 0, 0.001, 0, 0.004, 0, 0.004, 0.003, 0.001
Node_Firms33_Firms9_0, 0, 0, 0.005, 0.006, 0, 0, 0, 0, 0.002
Node_Firms8_Firms24_0, 0.003, 0, 0.003, 0.004, 0.003, 0, 0.003, 0, 0.005
Node_Firms8_Firms4_0, 0.001, 0, 0.006, 0.005, 0.001, 0, 0.001, 0.001, 0.003
Node_Gemm2_Gemm4_0, 0.256, 0, 0.009, 0.123, 0.256, 0, 0.256, 0.05, 0.211
Node_Gemm3_Gemm6_0, 0.006, 0, 0.014, 0.014, 0.006, 0, 0.006, 0.002, 0.012
Node_Gemm5_Gemm8_0, 0.004, 0, 0.008, 0.009, 0.004, 0, 0.004, 0.003, 0.004
Node_Gemm5_Gemm9_0, 0.008, 0, 0.004, 0.009, 0.008, 0, 0.008, 0.002, 0.008
Node_Gemm9_Gemm2_0, 0.054, 0, 0.009, 0.033, 0.054, 0, 0.054, 0.007, 0.055
Node_Gemm9_Gemm3_0, 0.008, 0, 0.019, 0.021, 0.008, 0, 0.008, 0.002, 0.013
Node_Gemm9_Gemm7_0, 0.014, 0, 0.056, 0.045, 0.014, 0, 0.014, 0.01, 0.016
Node_Gold1_FCPU1_0, 0.008, 0, 0.045, 0.016, 0.008, 0, 0.008, 0.007, 0.002
Node_Gold1_Fire1_0, 0.051, 0.001, 0.021, 0.031, 0.051, 0.001, 0.051, 0.029, 0.022
Node_Gold1_Gold2_0, 0.003, 0, 0.02, 0.021, 0.003, 0, 0.003, 0, 0.015
Node_Hydr2_Abys1_0, 0.022, 0, 0.08, 0.054, 0.022, 0, 0.022, 0.021, 0.002
Node_Hydr2_Hydr1_0, 0.005, 0, 0.027, 0.028, 0.005, 0, 0.005, 0.002, 0.01
Node_Hydr2_Plan43_0, 0.459, 0.012, 0.01, 0.226, 0.441, 0.159, 0.459, 0.423, 0.012
Node_Hydr2_Sume1_0, 0.1, 0, 0.361, 0.187, 0.099, 0, 0.1, 0.099, 0.002
Node_KSB1X2_KSB1X4_0, 0.003, 0, 0.011, 0.01, 0.003, 0, 0.003, 0.001, 0.01
Node_KSB1X3_KSB1X1_0, 0.002, 0, 0.006, 0.008, 0.002, 0, 0.002, 0.001, 0.006
Node_Late1_Late3_0, 0.004, 0, 0.009, 0.011, 0.004, 0, 0.004, 0.004, 0.006
Node_Late2_Late1_0, 0.007, 0, 0.027, 0.019, 0.007, 0, 0.007, 0.006, 0.003
Node_Lind1_Lind2_0, 0.156, 0.001, 0.019, 0.091, 0.156, 0, 0.156, 0.046, 0.118
Node_Lind1_Lind4_0, 0.056, 0, 0.045, 0.041, 0.054, 0, 0.056, 0.055, 0.001
Node_Marg1_Marg2_0, 0.005, 0, 0.008, 0.007, 0.005, 0, 0.005, 0.005, 0
Node_Marg1_Marg6_0, 0.004, 0, 0.006, 0.012, 0.004, 0, 0.004, 0.002, 0.005
Node_Marg2_Marg7_0, 0.002, 0, 0.01, 0.01, 0.002, 0, 0.002, 0, 0.007
Node_Mari3_Mari2_0, 0.014, 0, 0.115, 0.057, 0.014, 0, 0.014, 0.008, 0.009
Node_Mari3_Mari6_0, 0.12, 0, 0.024, 0.074, 0.119, 0, 0.12, 0.075, 0.05
Node_Mari6_Mari1_0, 0.031, 0, 0.188, 0.088, 0.031, 0, 0.031, 0.027, 0.008
Node_Mari6_Mari5_0, 0.211, 0.001, 0.008, 0.083, 0.211, 0, 0.211, 0.112, 0.098
Node_Meth2_Meth1_0, 0.004, 0, 0.018, 0.025, 0.004, 0, 0.004, 0, 0.018
Node_Meth4_Meth3_0, 0.003, 0, 0.023, 0.021, 0.003, 0, 0.003, 0, 0.016
Node_Meth5_Meth2_0, 0.004, 0, 0.009, 0.01, 0.004, 0, 0.004, 0.001, 0.006
Node_Meth5_Meth4_0, 0.01, 0, 0.013, 0.015, 0.01, 0, 0.01, 0.002, 0.019
Node_Meth5_NitsA1_0, 0.017, 0, 0.009, 0.018, 0.017, 0, 0.017, 0.012, 0.005
Node_Meth5_SZUA1_0, 0.007, 0, 0.003, 0.005, 0.007, 0, 0.007, 0.001, 0.007
Node_Meth5_Sche1_0, 0.003, 0, 0.018, 0.011, 0.003, 0, 0.003, 0.003, 0.004
Node_MyxA1_MyxA2_0, 0.01, 0, 0.021, 0.018, 0.01, 0, 0.01, 0.006, 0.01
Node_MyxA1_MyxA4_0, 0.021, 0, 0.072, 0.049, 0.021, 0, 0.021, 0.017, 0.008
Node_MyxA2_MyxA3_0, 0.008, 0, 0.013, 0.014, 0.008, 0, 0.008, 0.003, 0.011
Node_Myxo10_Bdell6_0, 0.067, 0.001, 0.009, 0.028, 0.066, 0.007, 0.067, 0.053, 0.014
Node_Myxo10_MyxA1_0, 0.085, 0.002, 0.009, 0.059, 0.083, 0.006, 0.085, 0.063, 0.019
Node_Myxo10_Myxo11_0, 0.145, 0.002, 0.003, 0.068, 0.14, 0.01, 0.145, 0.092, 0.051
Node_Myxo10_Myxo14_0, 0.219, 0.002, 0.008, 0.085, 0.209, 0.004, 0.219, 0.141, 0.076
Node_Myxo10_Myxo15_0, 0.011, 0, 0.031, 0.035, 0.011, 0, 0.011, 0.007, 0.012
Node_Myxo10_Myxo17_0, 0.03, 0, 0.204, 0.098, 0.03, 0, 0.03, 0.024, 0.015
Node_Myxo11_Bdell13_0, 0.115, 0.002, 0.047, 0.085, 0.112, 0, 0.115, 0.099, 0.015
Node_Myxo11_Myxo13_0, 0.014, 0, 0.098, 0.066, 0.014, 0, 0.014, 0.012, 0.013
Node_Myxo11_Myxo8_0, 0.099, 0, 0.049, 0.084, 0.098, 0, 0.099, 0.071, 0.033
Node_Myxo14_Myxo2_0, 0.249, 0.001, 0.18, 0.163, 0.234, 0.001, 0.249, 0.212, 0.038
Node_Myxo14_Myxo3_0, 0.379, 0.001, 0.007, 0.142, 0.35, 0.002, 0.379, 0.215, 0.164
Node_Myxo14_Myxo5_0, 0.202, 0.003, 0.097, 0.116, 0.195, 0, 0.202, 0.16, 0.047
Node_Myxo14_Myxo6_0, 0.628, 0, 0.021, 0.157, 0.512, 0, 0.628, 0.188, 0.447
Node_Myxo14_Myxo9_0, 0.389, 0.003, 0.189, 0.235, 0.362, 0.001, 0.389, 0.191, 0.195
Node_Myxo15_Myxo18_0, 0.006, 0, 0.013, 0.013, 0.006, 0, 0.006, 0.001, 0.008
Node_Myxo17_Myxo19_0, 0.009, 0, 0.032, 0.022, 0.009, 0, 0.009, 0.006, 0.011
Node_Myxo2_Myxo1_0, 0.243, 0.001, 0.159, 0.262, 0.234, 0, 0.243, 0.096, 0.152
Node_Myxo8_Myxo7_0, 0.236, 0.001, 0.017, 0.098, 0.234, 0, 0.236, 0.095, 0.153
Node_Nitr10_Nitr3_0, 1.004, 0, 0.014, 0.02, 1, 0, 1.004, 0.996, 0.016
Node_Nitr10_Nitr4_0, 1.002, 0.004, 0.009, 0.222, 0.995, 0, 1.002, 0.157, 0.85
Node_Nitr10_Nitr6_0, 1.003, 0.001, 0.011, 0.017, 1, 0, 1.003, 0.999, 0.009
Node_Nitr14_CG294X1_0, 0.007, 0, 0.014, 0.008, 0.007, 0, 0.007, 0.007, 0
Node_Nitr14_Meth5_0, 0.021, 0, 0.026, 0.025, 0.021, 0.001, 0.021, 0.021, 0
Node_Nitr14_Nitr12_0, 0.001, 0, 0.016, 0.013, 0.001, 0, 0.001, 0, 0.009
Node_Nitr14_Nitr13_0, 0.004, 0, 0.005, 0.008, 0.004, 0, 0.004, 0, 0.008
Node_Nitr14_Nitr15_0, 0.006, 0, 0.008, 0.008, 0.006, 0, 0.006, 0.003, 0.007
Node_Nitr14_Nitr16_0, 0.008, 0, 0.007, 0.013, 0.008, 0, 0.008, 0.002, 0.011
Node_Nitr14_Nitr2_0, 0.001, 0, 0.005, 0.007, 0.001, 0, 0.001, 0, 0.004
Node_Nitr14_Nitr9_0, 0.002, 0, 0.01, 0.009, 0.002, 0, 0.002, 0, 0.006
Node_Nitr15_Nitr10_0, 0.157, 0, 0.006, 0.042, 0.157, 0, 0.157, 0.046, 0.114
Node_Nitr15_Nitr1_0, 0.015, 0, 0.003, 0.01, 0.015, 0, 0.015, 0.006, 0.012
Node_Nitr15_Nitr8_0, 0.049, 0, 0.006, 0.019, 0.049, 0, 0.049, 0.013, 0.04
Node_Nitr16_Nitr11_0, 0.01, 0, 0.015, 0.017, 0.01, 0, 0.01, 0.002, 0.018
Node_Nitr16_Nitr17_0, 0.007, 0, 0.014, 0.015, 0.007, 0, 0.007, 0.001, 0.013
Node_Nitr17_Nitr5_0, 0.009, 0, 0.013, 0.017, 0.009, 0, 0.009, 0.002, 0.015
Node_Nitr9_Nitr7_0, 0.001, 0, 0.008, 0.009, 0.001, 0, 0.001, 0, 0.007
Node_Nits1_Nits3_0, 1.004, 0.002, 0.007, 0.178, 1, 0, 1.004, 0.17, 0.834
Node_Nits4_Nits2_0, 0.008, 0, 0.054, 0.017, 0.008, 0, 0.008, 0.007, 0.007
Node_NitsA1_NitsA2_0, 0.009, 0, 0.03, 0.02, 0.009, 0, 0.009, 0.004, 0.013
Node_NitsA1_NitsA3_0, 0.026, 0, 0.007, 0.014, 0.026, 0, 0.026, 0.014, 0.016
Node_NitsA3_Nits1_0, 0.175, 0.001, 0.012, 0.038, 0.174, 0, 0.175, 0.049, 0.131
Node_NitsA3_Nits4_0, 0.055, 0, 0.01, 0.02, 0.055, 0, 0.055, 0.02, 0.039
Node_Omni4_Omni2_0, 1.001, 0.002, 0.022, 0.216, 0.999, 0, 1.001, 0.302, 0.71
Node_Omni4_Omni3_0, 0.232, 0.004, 0.548, 0.19, 0.23, 0, 0.232, 0.217, 0.011
Node_Omni4_Omni7_0, 0.311, 0.001, 0.027, 0.174, 0.307, 0, 0.311, 0.206, 0.105
Node_Omni4_Omni8_0, 0.765, 0.002, 0.071, 0.348, 0.744, 0.001, 0.765, 0.745, 0.018
Node_Omni8_Omni6_0, 0.774, 0, 0.046, 0.078, 0.767, 0, 0.774, 0.725, 0.055
Node_P4572X1_Ferm1_0, 0.032, 0, 0.048, 0.034, 0.032, 0, 0.032, 0.03, 0.003
Node_P4572X1_Gemm5_0, 0.008, 0, 0.027, 0.032, 0.008, 0, 0.008, 0.007, 0.003
Node_Pate13_Pate34_0, 0.008, 0, 0.008, 0.015, 0.007, 0, 0.008, 0.002, 0.012
Node_Pate13_Pate6_0, 0.004, 0, 0.011, 0.013, 0.004, 0, 0.004, 0, 0.008
Node_Pate14_Pate35_0, 0.006, 0.001, 0.008, 0.012, 0.006, 0, 0.006, 0, 0.011
Node_Pate14_Pate5_0, 0.002, 0, 0.013, 0.012, 0.002, 0, 0.002, 0.001, 0.006
Node_Pate15_Pate29_0, 0.002, 0, 0.009, 0.016, 0.002, 0, 0.002, 0, 0.008
Node_Pate17_Pate18_0, 0.01, 0.001, 0.004, 0.006, 0.008, 0, 0.01, 0.003, 0.008
Node_Pate17_Pate19_0, 0.005, 0, 0.003, 0.004, 0.005, 0, 0.005, 0.003, 0.002
Node_Pate17_Pate8_0, 0.004, 0, 0.011, 0.014, 0.004, 0, 0.004, 0.002, 0.005
Node_Pate18_Pate38_0, 0.007, 0, 0.02, 0.031, 0.007, 0, 0.007, 0.002, 0.02
Node_Pate18_Pate9_0, 0.007, 0, 0.013, 0.011, 0.007, 0, 0.007, 0.004, 0.01
Node_Pate19_Pate37_0, 0.002, 0, 0.002, 0.002, 0.002, 0, 0.002, 0.001, 0.003
Node_Pate19_Pate4_0, 0.001, 0, 0.009, 0.005, 0.001, 0, 0.001, 0, 0.005
Node_Pate1_Pate50_0, 0.001, 0, 0.007, 0.005, 0.001, 0, 0.001, 0, 0.005
Node_Pate21_Pate15_0, 0.003, 0, 0.005, 0.009, 0.003, 0, 0.003, 0.003, 0.001
Node_Pate21_Pate26_0, 0.007, 0, 0.001, 0.001, 0.007, 0, 0.007, 0.002, 0.006
Node_Pate24_Pate13_0, 0.007, 0, 0.009, 0.008, 0.007, 0, 0.007, 0.003, 0.007
Node_Pate24_Pate14_0, 0.009, 0, 0.004, 0.007, 0.009, 0, 0.009, 0.001, 0.01
Node_Pate24_Pate39_0, 0.008, 0, 0.008, 0.011, 0.008, 0, 0.008, 0.001, 0.012
Node_Pate24_Pate54_0, 0.004, 0, 0.005, 0.006, 0.004, 0, 0.004, 0.004, 0.002
Node_Pate25_Pate17_0, 0.006, 0, 0.001, 0.003, 0.006, 0, 0.006, 0.001, 0.005
Node_Pate25_Pate28_0, 0.006, 0, 0.006, 0.005, 0.006, 0, 0.006, 0.003, 0.006
Node_Pate25_Pate32_0, 0.002, 0, 0.002, 0.004, 0.002, 0, 0.002, 0.002, 0
Node_Pate26_Pate12_0, 0.005, 0, 0.014, 0.012, 0.005, 0, 0.005, 0.002, 0.012
Node_Pate40_Pate24_0, 0.003, 0, 0, 0, 0.003, 0, 0.003, 0, 0.003
Node_Pate40_Pate55_0, 0.003, 0, 0.007, 0.009, 0.003, 0, 0.003, 0, 0.007
Node_Pate40_Pate7_0, 0, 0, 0.002, 0.001, 0, 0, 0, 0, 0.001
Node_Pate43_Pate22_0, 0.003, 0, 0.001, 0, 0.003, 0, 0.003, 0.002, 0.001
Node_Pate43_Pate3_0, 0.004, 0, 0.005, 0.01, 0.004, 0, 0.004, 0, 0.006
Node_Pate43_Pate44_0, 0.004, 0, 0.005, 0.006, 0.004, 0, 0.004, 0.002, 0.005
Node_Pate43_Pate45_0, 0.003, 0, 0.001, 0.003, 0.003, 0.001, 0.003, 0.002, 0.001
Node_Pate43_Pate57_0, 0.004, 0, 0.01, 0.013, 0.004, 0, 0.004, 0.001, 0.01
Node_Pate44_Pate10_0, 0.007, 0, 0.005, 0.009, 0.007, 0, 0.007, 0.001, 0.01
Node_Pate44_Pate52_0, 0.002, 0, 0.006, 0.005, 0.002, 0, 0.002, 0.001, 0.004
Node_Pate45_Pate11_0, 0.001, 0, 0.004, 0.008, 0.001, 0, 0.001, 0, 0.003
Node_Pate45_Pate21_0, 0.002, 0, 0.001, 0.001, 0.002, 0, 0.002, 0.002, 0
Node_Pate46_Pate25_0, 0.004, 0.001, 0.003, 0.005, 0.003, 0, 0.004, 0.001, 0.003
Node_Pate48_Chlo30_0, 0.007, 0, 0.008, 0.005, 0.007, 0.001, 0.007, 0.007, 0
Node_Pate48_Pate1_0, 0.003, 0, 0.005, 0.009, 0.003, 0, 0.003, 0, 0.005
Node_Pate48_Pate23_0, 0.002, 0, 0.005, 0.005, 0.002, 0, 0.002, 0.002, 0
Node_Pate48_Pate30_0, 0.001, 0, 0.001, 0.001, 0.001, 0, 0.001, 0.001, 0.001
Node_Pate48_Pate40_0, 0.001, 0, 0.002, 0.003, 0.001, 0, 0.001, 0, 0.001
Node_Pate48_Pate43_0, 0.002, 0, 0.002, 0.004, 0.002, 0, 0.002, 0.001, 0.001
Node_Pate48_Pate46_0, 0.003, 0, 0.001, 0.001, 0.003, 0.001, 0.003, 0.003, 0.001
Node_Pate48_Pate49_0, 0.004, 0, 0.007, 0.008, 0.004, 0, 0.004, 0.001, 0.008
Node_Pate48_Pate51_0, 0.004, 0, 0.005, 0.007, 0.004, 0, 0.004, 0.002, 0.005
Node_Pate48_Pate56_0, 0.003, 0, 0.003, 0.004, 0.003, 0, 0.003, 0, 0.005
Node_Pate49_Pate41_0, 0.004, 0, 0.009, 0.01, 0.004, 0, 0.004, 0.001, 0.009
Node_Pate51_Pate27_0, 0.011, 0, 0.016, 0.023, 0.01, 0, 0.011, 0.002, 0.02
Node_Pate51_Pate33_0, 0.003, 0, 0.005, 0.004, 0.003, 0, 0.003, 0, 0.004
Node_Pate51_Pate53_0, 0.007, 0, 0.005, 0.01, 0.007, 0, 0.007, 0.001, 0.009
Node_Pate54_Pate31_0, 0.003, 0, 0.009, 0.014, 0.003, 0, 0.003, 0.001, 0.008
Node_Pate9_Pate36_0, 0.005, 0, 0.014, 0.012, 0.005, 0, 0.005, 0.001, 0.012
Node_Plan17_Plan23_0, 0.007, 0, 0.061, 0.04, 0.007, 0, 0.007, 0.005, 0.014
Node_Plan22_Plan2_0, 0.734, 0.001, 0.029, 0.145, 0.632, 0, 0.734, 0.416, 0.327
Node_Plan22_Plan4_0, 0.435, 0.001, 0.082, 0.118, 0.421, 0, 0.435, 0.384, 0.059
Node_Plan26_Plan21_0, 0.045, 0, 0.495, 0.143, 0.045, 0, 0.045, 0.041, 0.006
Node_Plan26_Plan5_0, 0.012, 0, 0.043, 0.04, 0.012, 0, 0.012, 0.008, 0.01
Node_Plan30_Plan14_0, 0.191, 0.001, 0.059, 0.142, 0.19, 0, 0.191, 0.065, 0.132
Node_Plan31_Plan17_0, 0.054, 0, 0.559, 0.128, 0.053, 0, 0.054, 0.051, 0.013
Node_Plan31_Plan18_0, 0.582, 0.004, 0.126, 0.275, 0.569, 0, 0.582, 0.571, 0.006
Node_Plan31_Plan27_0, 0.6, 0, 0.019, 0.162, 0.598, 0, 0.6, 0.525, 0.077
Node_Plan31_Plan39_0, 0.542, 0, 0.052, 0.214, 0.538, 0, 0.542, 0.533, 0.012
Node_Plan32_Plan12_0, 0.01, 0, 0.033, 0.022, 0.01, 0, 0.01, 0.002, 0.015
Node_Plan32_Plan22_0, 0.457, 0.001, 0.094, 0.155, 0.448, 0, 0.457, 0.441, 0.016
Node_Plan32_Plan26_0, 0.534, 0.003, 0.204, 0.281, 0.524, 0, 0.534, 0.524, 0.008
Node_Plan32_Plan30_0, 0.117, 0.001, 0.379, 0.108, 0.112, 0, 0.117, 0.081, 0.038
Node_Plan32_Plan3_0, 0.028, 0, 0.107, 0.065, 0.028, 0, 0.028, 0.021, 0.018
Node_Plan33_Plan44_0, 0.442, 0, 0.471, 0.379, 0.422, 0, 0.442, 0.344, 0.099
Node_Plan42_Plan40_0, 0.998, 0, 0.018, 0.021, 0.995, 0, 0.998, 0.994, 0.013
Node_Plan43_Plan16_0, 1.061, 0.006, 0.025, 0.536, 0.996, 0, 1.061, 0.793, 0.266
Node_Plan43_Plan31_0, 0.698, 0.022, 0.047, 0.684, 0.665, 0.022, 0.698, 0.596, 0.063
Node_Plan43_Plan32_0, 0.727, 0.018, 0.04, 0.718, 0.696, 0.002, 0.727, 0.65, 0.049
Node_Plan43_Plan33_0, 0.814, 0.052, 0.055, 0.624, 0.756, 0.003, 0.814, 0.635, 0.087
Node_Plan43_Plan42_0, 1.003, 0.002, 0.121, 0.046, 0.999, 0, 1.003, 0.942, 0.061
Node_Plan43_Plan7_0, 0.638, 0.018, 0.189, 0.822, 0.613, 0.009, 0.638, 0.582, 0.024
Node_Plan43_Verr11_0, 0.776, 0.03, 0.009, 0.49, 0.728, 0.258, 0.776, 0.681, 0.038
Node_Pori1_Pori2_0, 0.013, 0, 0.105, 0.049, 0.013, 0, 0.013, 0.013, 0.004
Node_ProtA11_ProtA32_0, 1.079, 0.001, 0.593, 0.23, 0.996, 0, 1.079, 0.834, 0.249
Node_ProtA12_ProtA44_0, 0.009, 0, 0.015, 0.013, 0.009, 0, 0.009, 0.004, 0.009
Node_ProtA12_ProtA54_0, 0.006, 0, 0.011, 0.012, 0.006, 0, 0.006, 0.004, 0.008
Node_ProtA13_ProtA24_0, 1.087, 0.001, 0.053, 0.111, 0.999, 0, 1.087, 0.913, 0.175
Node_ProtA13_ProtA61_0, 1.355, 0, 0.012, 0.057, 1, 0, 1.355, 1.077, 0.28
Node_ProtA13_ProtA77_0, 1.271, 0.006, 0.73, 0.574, 0.918, 0, 1.271, 1.182, 0.081
Node_ProtA13_ProtA7_0, 0.964, 0, 0.351, 0.172, 0.885, 0, 0.964, 0.927, 0.044
Node_ProtA15_ProtA42_0, 0.942, 0.001, 0.095, 0.168, 0.93, 0, 0.942, 0.932, 0.017
Node_ProtA15_ProtA70_0, 1.019, 0.002, 0.68, 0.234, 0.95, 0, 1.019, 0.989, 0.028
Node_ProtA16_ProtA33_0, 0.147, 0, 0.074, 0.19, 0.146, 0, 0.147, 0.139, 0.014
Node_ProtA16_ProtA66_0, 0.21, 0, 0.024, 0.13, 0.21, 0, 0.21, 0.13, 0.087
Node_ProtA16_ProtA69_0, 0.996, 0.002, 1.01, 0.31, 0.79, 0, 0.996, 0.968, 0.029
Node_ProtA16_ProtA8_0, 0.207, 0.002, 0.807, 0.36, 0.197, 0, 0.207, 0.198, 0.016
Node_ProtA18_ProtA10_0, 0.67, 0.002, 0.604, 0.421, 0.552, 0, 0.67, 0.533, 0.138
Node_ProtA18_ProtA19_0, 1.742, 0.014, 0.204, 0.277, 0.958, 0, 1.742, 1.637, 0.085
Node_ProtA18_ProtA29_0, 1.134, 0.004, 0.185, 0.378, 0.813, 0, 1.134, 1.08, 0.054
Node_ProtA18_ProtA53_0, 1.261, 0.002, 0.521, 0.34, 0.85, 0, 1.261, 1.225, 0.038
Node_ProtA19_ProtA14_0, 0.94, 0.016, 0.188, 0.395, 0.85, 0, 0.94, 0.853, 0.06
Node_ProtA19_ProtA20_0, 1.585, 0.016, 0.242, 0.2, 0.947, 0, 1.585, 1.486, 0.069
Node_ProtA19_ProtA3_0, 0.667, 0.01, 0.377, 0.398, 0.59, 0, 0.667, 0.564, 0.094
Node_ProtA19_ProtA46_0, 0.433, 0, 0.051, 0.104, 0.43, 0, 0.433, 0.397, 0.044
Node_ProtA19_ProtA49_0, 0.547, 0, 0.025, 0.152, 0.542, 0, 0.547, 0.416, 0.139
Node_ProtA19_ProtA56_0, 0.846, 0.013, 0.817, 0.2, 0.762, 0, 0.846, 0.761, 0.065
Node_ProtA19_ProtA68_0, 0.589, 0.003, 0.2, 0.454, 0.562, 0, 0.589, 0.473, 0.119
Node_ProtA19_ProtA74_0, 0.44, 0, 0.168, 0.153, 0.427, 0, 0.44, 0.427, 0.019
Node_ProtA19_ProtA75_0, 1.052, 0.014, 0.069, 0.174, 0.977, 0, 1.052, 0.775, 0.261
Node_ProtA20_ProtA11_0, 1.422, 0.022, 0.353, 0.271, 0.951, 0, 1.422, 1.218, 0.168
Node_ProtA20_ProtA5_0, 1.34, 0.002, 0.174, 0.255, 0.926, 0, 1.34, 1.254, 0.09
Node_ProtA26_ProtA37_0, 0.009, 0, 0.721, 0.042, 0.009, 0, 0.009, 0.006, 0.007
Node_ProtA26_ProtA45_0, 0.723, 0, 0.219, 0.144, 0.704, 0, 0.723, 0.684, 0.043
Node_ProtA27_ProtA21_0, 0.033, 0, 0.136, 0.078, 0.031, 0, 0.033, 0.031, 0.003
Node_ProtA30_ProtA35_0, 0.011, 0, 0.041, 0.032, 0.01, 0, 0.011, 0.004, 0.013
Node_ProtA34_Acid38_0, 0.065, 0, 0.028, 0.047, 0.065, 0.002, 0.065, 0.064, 0.001
Node_ProtA34_Chry1_0, 0.09, 0, 0.067, 0.055, 0.09, 0.008, 0.09, 0.09, 0
Node_ProtA34_DesuB4_0, 0.051, 0, 0.004, 0.022, 0.05, 0.015, 0.051, 0.049, 0.002
Node_ProtA34_DesuC2_0, 0.039, 0, 0.015, 0.022, 0.038, 0, 0.039, 0.036, 0.003
Node_ProtA34_J088X1_0, 0.023, 0, 0.016, 0.014, 0.023, 0, 0.023, 0.023, 0
Node_ProtA34_Nitr14_0, 0.046, 0, 0.025, 0.031, 0.046, 0.006, 0.046, 0.046, 0
Node_ProtA34_ProtA13_0, 1.914, 0.009, 0.169, 1.021, 0.978, 0.001, 1.914, 1.804, 0.098
Node_ProtA34_ProtA16_0, 1.975, 0.004, 0.493, 0.238, 0.988, 0, 1.975, 1.633, 0.338
Node_ProtA34_ProtA18_0, 1.847, 0.062, 0.012, 0.764, 0.968, 0.003, 1.847, 1.133, 0.621
Node_ProtA34_ProtA26_0, 0.899, 0.077, 0.01, 0.478, 0.715, 0.003, 0.899, 0.32, 0.479
Node_ProtA34_ProtA38_0, 2.126, 0.013, 0.08, 0.672, 0.996, 0, 2.126, 1.766, 0.346
Node_ProtA34_ProtA39_0, 1.173, 0.005, 0.013, 0.32, 0.808, 0.003, 1.173, 0.894, 0.279
Node_ProtA34_ProtA40_0, 1.413, 0.002, 0.565, 0.379, 0.899, 0, 1.413, 1.351, 0.062
Node_ProtA34_ProtA43_0, 1.053, 0, 0.639, 0.169, 1, 0, 1.053, 0.779, 0.279
Node_ProtA34_ProtA9_0, 0.35, 0.01, 0.005, 0.178, 0.318, 0.006, 0.35, 0.105, 0.235
Node_ProtA34_ProtG30_0, 0.026, 0, 0.004, 0.022, 0.025, 0.003, 0.026, 0.022, 0.004
Node_ProtA34_ProtM1_0, 0.03, 0.001, 0.003, 0.026, 0.028, 0.002, 0.03, 0.024, 0.004
Node_ProtA34_SAR3X2_0, 0.04, 0.001, 0.013, 0.024, 0.039, 0.006, 0.04, 0.038, 0
Node_ProtA34_SM23X1_0, 0.149, 0.002, 0.018, 0.086, 0.147, 0.043, 0.149, 0.145, 0
Node_ProtA34_Spir10_0, 0.122, 0.003, 0, 0.057, 0.117, 0.06, 0.122, 0.117, 0
Node_ProtA34_UBA2X1_0, 0.038, 0, 0.008, 0.017, 0.037, 0.004, 0.038, 0.036, 0.002
Node_ProtA34_Wall1_0, 0.059, 0.002, 0, 0.033, 0.057, 0.057, 0.059, 0.055, 0
Node_ProtA34_mitoFungi_0, 0.104, 0.003, 0, 0.051, 0.099, 0.004, 0.104, 0.034, 0.067
Node_ProtA38_ProtA15_0, 1.669, 0.004, 0.508, 0.421, 0.982, 0, 1.669, 1.622, 0.047
Node_ProtA38_ProtA41_0, 0.864, 0, 0.725, 0.157, 0.831, 0, 0.864, 0.834, 0.035
Node_ProtA38_ProtA64_0, 1.554, 0.002, 0.171, 0.193, 0.958, 0, 1.554, 1.503, 0.054
Node_ProtA39_ProtA12_0, 0.015, 0, 0.033, 0.017, 0.015, 0, 0.015, 0.008, 0.009
Node_ProtA39_ProtA27_0, 0.166, 0.001, 1.011, 0.256, 0.156, 0, 0.166, 0.163, 0.003
Node_ProtA39_ProtA30_0, 0.039, 0, 0.135, 0.083, 0.039, 0, 0.039, 0.037, 0.008
Node_ProtA39_ProtA36_0, 0.008, 0, 0.017, 0.01, 0.008, 0, 0.008, 0.004, 0.01
Node_ProtA3_ProtA72_0, 0.32, 0.001, 0.384, 0.204, 0.306, 0, 0.32, 0.103, 0.225
Node_ProtA3_ProtA76_0, 0.478, 0.001, 0.375, 0.295, 0.432, 0, 0.478, 0.295, 0.185
Node_ProtA40_ProtA67_0, 0.793, 0, 0.823, 0.261, 0.641, 0, 0.793, 0.594, 0.203
Node_ProtA46_ProtA55_0, 0.022, 0, 0.42, 0.068, 0.022, 0, 0.022, 0.02, 0.009
Node_ProtA47_ProtA63_0, 1.01, 0.003, 0.026, 0.611, 1, 0, 1.01, 0.996, 0.017
Node_ProtA53_ProtA58_0, 0.454, 0, 0.909, 0.412, 0.417, 0, 0.454, 0.359, 0.102
Node_ProtA56_ProtA52_0, 0.558, 0.005, 0.53, 0.678, 0.488, 0, 0.558, 0.32, 0.237
Node_ProtA68_ProtA2_0, 0.605, 0, 0.086, 0.242, 0.593, 0, 0.605, 0.513, 0.102
Node_ProtA69_ProtA50_0, 1.034, 0.001, 0.062, 0.254, 0.814, 0, 1.034, 0.937, 0.099
Node_ProtA70_ProtA57_0, 0.891, 0, 0.157, 0.125, 0.885, 0, 0.891, 0.871, 0.029
Node_ProtA76_ProtA47_0, 1.016, 0.002, 0.038, 0.044, 0.999, 0, 1.016, 1.002, 0.024
Node_ProtA76_ProtA48_0, 1.028, 0.003, 0.146, 0.213, 0.993, 0, 1.028, 0.34, 0.693
Node_ProtA76_ProtA62_0, 1.004, 0, 0.031, 0.029, 0.993, 0, 1.004, 0.998, 0.019
Node_ProtA76_ProtA71_0, 1.008, 0, 0.015, 0.023, 1, 0, 1.008, 0.995, 0.019
Node_ProtA77_ProtA31_0, 1.232, 0.002, 0.201, 0.347, 0.848, 0, 1.232, 1.073, 0.16
Node_ProtA77_ProtA51_0, 0.823, 0.002, 0.463, 0.34, 0.772, 0, 0.823, 0.777, 0.052
Node_ProtA9_ProtA60_0, 0.039, 0, 0.317, 0.156, 0.038, 0, 0.039, 0.036, 0.006
Node_ProtG12_ProtG5_0, 0.098, 0, 0.508, 0.317, 0.098, 0, 0.098, 0.095, 0.01
Node_ProtG16_ProtG17_0, 0.011, 0, 0.017, 0.019, 0.011, 0, 0.011, 0.004, 0.017
Node_ProtG18_ProtG10_0, 0.607, 0.009, 0.011, 0.172, 0.597, 0, 0.607, 0.091, 0.514
Node_ProtG18_ProtG12_0, 0.596, 0.001, 0.049, 0.191, 0.59, 0, 0.596, 0.565, 0.037
Node_ProtG18_ProtG14_0, 0.095, 0, 0.009, 0.038, 0.095, 0, 0.095, 0.013, 0.087
Node_ProtG18_ProtG21_0, 0.661, 0.002, 0.027, 0.244, 0.656, 0, 0.661, 0.579, 0.09
Node_ProtG24_ProtG18_0, 0.017, 0, 0.006, 0.022, 0.017, 0, 0.017, 0.005, 0.012
Node_ProtG25_ProtG9_0, 0.251, 0, 0.012, 0.059, 0.248, 0, 0.251, 0.055, 0.206
Node_ProtG29_ProtG76_0, 0.005, 0, 0.015, 0.016, 0.005, 0, 0.005, 0.001, 0.012
Node_ProtG30_ProtG19_0, 0.026, 0, 0.07, 0.046, 0.026, 0, 0.026, 0.02, 0.014
Node_ProtG30_ProtG31_0, 0.001, 0, 0.005, 0.006, 0.001, 0, 0.001, 0, 0.003
Node_ProtG30_ProtG34_0, 0.004, 0, 0.003, 0.006, 0.004, 0, 0.004, 0.001, 0.006
Node_ProtG30_ProtG35_0, 0.006, 0, 0.003, 0.007, 0.006, 0, 0.006, 0.004, 0.005
Node_ProtG30_ProtG39_0, 0.082, 0.003, 0.192, 0.048, 0.08, 0, 0.082, 0.019, 0.065
Node_ProtG30_ProtG42_0, 0.001, 0, 0.002, 0.004, 0.001, 0, 0.001, 0, 0.002
Node_ProtG30_ProtG49_0, 0.013, 0, 0.013, 0.019, 0.013, 0, 0.013, 0.002, 0.02
Node_ProtG30_ProtG50_0, 0.003, 0, 0.001, 0.001, 0.003, 0, 0.003, 0.001, 0.003
Node_ProtG30_ProtG64_0, 0.206, 0, 0.006, 0.025, 0.202, 0, 0.206, 0.048, 0.162
Node_ProtG30_ProtG71_0, 0.005, 0.001, 0.005, 0.011, 0.005, 0.001, 0.005, 0.003, 0.002
Node_ProtG30_ProtG80_0, 0, 0, 0.005, 0.004, 0, 0, 0, 0, 0
Node_ProtG30_ProtG84_0, 0.006, 0, 0.011, 0.017, 0.006, 0, 0.006, 0.002, 0.011
Node_ProtG30_ProtG85_0, 0.001, 0, 0.001, 0.001, 0.001, 0, 0.001, 0, 0.002
Node_ProtG30_ProtG87_0, 0.05, 0, 0.003, 0.009, 0.049, 0, 0.05, 0.013, 0.04
Node_ProtG30_ProtZ3_0, 0.006, 0, 0.002, 0.009, 0.006, 0, 0.006, 0.006, 0.001
Node_ProtG30_ProtZ5_0, 0.007, 0, 0.02, 0.008, 0.007, 0.001, 0.007, 0.007, 0
Node_ProtG31_ProtG16_0, 0.011, 0, 0.02, 0.015, 0.011, 0, 0.011, 0.004, 0.012
Node_ProtG31_ProtG32_0, 0.005, 0, 0.003, 0.012, 0.005, 0, 0.005, 0, 0.007
Node_ProtG31_ProtG36_0, 0.006, 0, 0.008, 0.013, 0.006, 0, 0.006, 0.004, 0.008
Node_ProtG31_ProtG44_0, 0.004, 0, 0.022, 0.022, 0.004, 0, 0.004, 0, 0.015
Node_ProtG31_ProtG45_0, 0.006, 0, 0.004, 0.004, 0.006, 0, 0.006, 0.003, 0.005
Node_ProtG31_ProtG47_0, 0.019, 0, 0.013, 0.022, 0.018, 0, 0.019, 0.004, 0.026
Node_ProtG31_ProtG61_0, 0.006, 0, 0.007, 0.008, 0.006, 0, 0.006, 0.002, 0.007
Node_ProtG32_ProtG26_0, 0.001, 0, 0.015, 0.021, 0.001, 0, 0.001, 0, 0.012
Node_ProtG32_ProtG33_0, 0.01, 0, 0.012, 0.017, 0.01, 0, 0.01, 0, 0.017
Node_ProtG32_ProtG37_0, 0.01, 0, 0.018, 0.023, 0.01, 0, 0.01, 0, 0.018
Node_ProtG32_ProtG43_0, 0.004, 0, 0.01, 0.006, 0.004, 0, 0.004, 0.001, 0.004
Node_ProtG33_ProtG48_0, 0.006, 0, 0.011, 0.01, 0.006, 0, 0.006, 0.001, 0.012
Node_ProtG33_ProtG67_0, 0.005, 0, 0.016, 0.019, 0.005, 0, 0.005, 0.003, 0.011
Node_ProtG33_ProtG7_0, 0.003, 0, 0.016, 0.014, 0.003, 0, 0.003, 0, 0.013
Node_ProtG35_ProtG81_0, 0.001, 0, 0.009, 0.007, 0.001, 0, 0.001, 0.001, 0.004
Node_ProtG36_ProtG20_0, 0.003, 0, 0.021, 0.014, 0.003, 0, 0.003, 0, 0.009
Node_ProtG36_ProtG24_0, 0.011, 0, 0.011, 0.014, 0.011, 0, 0.011, 0.005, 0.006
Node_ProtG36_ProtG38_0, 0.016, 0, 0.002, 0.009, 0.016, 0, 0.016, 0.004, 0.012
Node_ProtG36_ProtG65_0, 0.015, 0, 0.011, 0.015, 0.015, 0, 0.015, 0.004, 0.015
Node_ProtG37_ProtG41_0, 0.012, 0, 0.008, 0.007, 0.012, 0, 0.012, 0.004, 0.012
Node_ProtG37_ProtG51_0, 0.005, 0, 0.02, 0.02, 0.005, 0, 0.005, 0.002, 0.013
Node_ProtG37_ProtG53_0, 0.014, 0, 0.015, 0.017, 0.014, 0, 0.014, 0.004, 0.019
Node_ProtG37_ProtG8_0, 0.008, 0, 0.015, 0.017, 0.008, 0, 0.008, 0.006, 0.009
Node_ProtG38_ProtG28_0, 0.027, 0, 0.006, 0.017, 0.027, 0, 0.027, 0.013, 0.017
Node_ProtG38_ProtG46_0, 0.125, 0, 0.004, 0.039, 0.125, 0, 0.125, 0.026, 0.102
Node_ProtG39_ProtG15_0, 0.285, 0.003, 0.021, 0.071, 0.285, 0, 0.285, 0.07, 0.221
Node_ProtG41_ProtG40_0, 0.008, 0, 0.016, 0.016, 0.008, 0, 0.008, 0.005, 0.012
Node_ProtG42_ProtG74_0, 0.001, 0, 0.005, 0.006, 0.001, 0, 0.001, 0, 0.005
Node_ProtG43_ProtG55_0, 0, 0, 0.012, 0.013, 0, 0, 0, 0, 0.008
Node_ProtG44_ProtG22_0, 0.005, 0, 0.01, 0.015, 0.005, 0, 0.005, 0, 0.011
Node_ProtG45_ProtG66_0, 0.006, 0, 0.004, 0.003, 0.006, 0, 0.006, 0.003, 0.004
Node_ProtG45_ProtG75_0, 0.006, 0, 0.005, 0.011, 0.006, 0, 0.006, 0.001, 0.005
Node_ProtG47_ProtG62_0, 0.048, 0, 0.023, 0.038, 0.048, 0, 0.048, 0.011, 0.052
Node_ProtG48_ProtG1_0, 0.016, 0, 0.013, 0.015, 0.016, 0, 0.016, 0.003, 0.023
Node_ProtG48_ProtG25_0, 0.057, 0.001, 0.01, 0.021, 0.056, 0, 0.057, 0.013, 0.05
Node_ProtG48_ProtG6_0, 0.014, 0, 0.066, 0.03, 0.014, 0, 0.014, 0.007, 0.023
Node_ProtG49_ProtG29_0, 0.008, 0, 0.015, 0.012, 0.008, 0, 0.008, 0.001, 0.01
Node_ProtG53_ProtG27_0, 0.01, 0, 0.013, 0.016, 0.01, 0, 0.01, 0.004, 0.009
Node_ProtG53_ProtG70_0, 0.003, 0, 0.018, 0.015, 0.003, 0, 0.003, 0.001, 0.011
Node_ProtG58_ProtG59_0, 0.002, 0, 0.006, 0.01, 0.002, 0, 0.002, 0, 0.006
Node_ProtG59_ProtG73_0, 0.005, 0, 0.008, 0.013, 0.005, 0, 0.005, 0.001, 0.011
Node_ProtG61_ProtG60_0, 0.002, 0, 0.013, 0.016, 0.002, 0, 0.002, 0, 0.012
Node_ProtG61_ProtG72_0, 0.007, 0, 0.01, 0.014, 0.007, 0, 0.007, 0.003, 0.011
Node_ProtG61_ProtG78_0, 0.003, 0, 0.014, 0.009, 0.003, 0, 0.003, 0, 0.01
Node_ProtG62_ProtG77_0, 0.252, 0, 0.012, 0.087, 0.252, 0, 0.252, 0.047, 0.216
Node_ProtG65_ProtG69_0, 0.122, 0, 0.011, 0.038, 0.121, 0, 0.122, 0.01, 0.118
Node_ProtG66_ProtG68_0, 0.001, 0, 0.011, 0.011, 0.001, 0, 0.001, 0, 0.006
Node_ProtG67_ProtG63_0, 0.003, 0, 0.008, 0.01, 0.003, 0, 0.003, 0.001, 0.006
Node_ProtG80_ProtG57_0, 0.116, 0.001, 0.009, 0.058, 0.116, 0, 0.116, 0, 0.124
Node_ProtG81_ProtG79_0, 0.004, 0, 0.007, 0.011, 0.004, 0, 0.004, 0, 0.01
Node_ProtG83_ProtG52_0, 0.002, 0, 0.012, 0.014, 0.002, 0, 0.002, 0, 0.009
Node_ProtG83_ProtG89_0, 0.005, 0, 0.007, 0.009, 0.005, 0, 0.005, 0, 0.011
Node_ProtG84_ProtG11_0, 0.002, 0, 0.009, 0.012, 0.002, 0, 0.002, 0, 0.01
Node_ProtG84_ProtG83_0, 0.001, 0, 0.007, 0.01, 0.001, 0, 0.001, 0.001, 0.004
Node_ProtG84_ProtG90_0, 0.004, 0, 0.006, 0.004, 0.004, 0, 0.004, 0.002, 0.004
Node_ProtG85_ProtG56_0, 0.004, 0, 0.007, 0.006, 0.004, 0, 0.004, 0, 0.008
Node_ProtG85_ProtG58_0, 0.002, 0, 0.005, 0.005, 0.002, 0, 0.002, 0, 0.006
Node_ProtG85_ProtG86_0, 0.005, 0, 0.005, 0.006, 0.005, 0, 0.005, 0.001, 0.006
Node_ProtG85_ProtG88_0, 0.003, 0, 0.005, 0.006, 0.003, 0, 0.003, 0.001, 0.006
Node_ProtG85_ProtG91_0, 0.006, 0, 0.01, 0.01, 0.006, 0, 0.006, 0.001, 0.011
Node_ProtG86_ProtG82_0, 0.004, 0, 0.018, 0.021, 0.004, 0, 0.004, 0.001, 0.017
Node_ProtG87_ProtG3_0, 0.003, 0, 0.014, 0.013, 0.003, 0, 0.003, 0.003, 0.007
Node_ProtG87_ProtG4_0, 0.01, 0, 0.048, 0.017, 0.01, 0, 0.01, 0.007, 0.008
Node_ProtG89_ProtG13_0, 0.004, 0, 0.009, 0.011, 0.004, 0, 0.004, 0, 0.008
Node_ProtG90_ProtG54_0, 0.003, 0, 0.01, 0.011, 0.003, 0, 0.003, 0.001, 0.009
Node_ProtM1_ProtM2_0, 0.021, 0, 0.152, 0.057, 0.021, 0, 0.021, 0.013, 0.017
Node_ProtM1_ProtM3_0, 0.156, 0, 0.032, 0.073, 0.155, 0, 0.156, 0.005, 0.158
Node_ProtZ1_ProtZ4_0, 0.007, 0, 0.011, 0.019, 0.007, 0, 0.007, 0.001, 0.015
Node_ProtZ3_ProtZ1_0, 0.003, 0, 0.012, 0.015, 0.003, 0, 0.003, 0.001, 0.01
Node_ProtZ3_ProtZ2_0, 0.005, 0, 0.022, 0.032, 0.005, 0, 0.005, 0, 0.021
Node_SAR3X2_BMS3X1_0, 0.018, 0, 0.025, 0.02, 0.018, 0, 0.018, 0.015, 0.003
Node_SAR3X2_SAR3X1_0, 0.176, 0, 0.003, 0.049, 0.176, 0, 0.176, 0.016, 0.161
Node_SM23X1_AABM5X1_0, 0.035, 0, 0.066, 0.058, 0.035, 0, 0.035, 0.034, 0.002
Node_SM23X1_Aero1_0, 0.182, 0.004, 0.017, 0.097, 0.178, 0.044, 0.182, 0.172, 0.002
Node_SM23X1_Bact27_0, 0.099, 0.002, 0.03, 0.045, 0.096, 0.001, 0.099, 0.092, 0.006
Node_SM23X1_Caldit2_0, 0.017, 0, 0.02, 0.02, 0.017, 0, 0.017, 0.016, 0.002
Node_SM23X1_Fibr4_0, 0.12, 0.004, 0.001, 0.062, 0.112, 0.005, 0.12, 0.094, 0.019
Node_SM23X1_Hydr2_0, 0.286, 0.007, 0.012, 0.124, 0.277, 0.105, 0.286, 0.269, 0.004
Node_SM23X1_KSB1X2_0, 0.004, 0, 0.02, 0.025, 0.004, 0, 0.004, 0.003, 0.007
Node_SM23X1_KSB1X3_0, 0.002, 0, 0.004, 0.004, 0.002, 0, 0.002, 0.002, 0.002
Node_SM23X1_P4572X1_0, 0.077, 0, 0.005, 0.033, 0.077, 0.007, 0.077, 0.073, 0.004
Node_SM23X1_Pori1_0, 0.114, 0.001, 0.174, 0.117, 0.114, 0.001, 0.114, 0.113, 0
Node_SM23X1_RBG1_0, 0.077, 0, 0.04, 0.066, 0.077, 0.002, 0.077, 0.076, 0.001
Node_SM23X1_TA06X1_0, 0.071, 0, 0.013, 0.041, 0.071, 0.004, 0.071, 0.068, 0.003
Node_SM23X1_Zixi5_0, 0.093, 0.005, 0.004, 0.051, 0.089, 0.007, 0.093, 0.076, 0.008
Node_Spir10_Lind1_0, 0.1, 0.001, 0.029, 0.069, 0.096, 0.002, 0.1, 0.094, 0.004
Node_Spir10_Spir11_0, 0.029, 0, 0.075, 0.04, 0.028, 0.001, 0.029, 0.029, 0
Node_Spir10_Spir12_0, 0.043, 0.001, 0.004, 0.018, 0.042, 0, 0.043, 0.027, 0.017
Node_Spir10_Spir13_0, 0.279, 0.001, 0.104, 0.119, 0.275, 0, 0.279, 0.074, 0.208
Node_Spir10_Spir15_0, 0.103, 0.003, 0.016, 0.06, 0.097, 0.002, 0.103, 0.084, 0.014
Node_Spir10_Spir3_0, 0.047, 0, 0.244, 0.145, 0.047, 0, 0.047, 0.044, 0.012
Node_Spir10_Spir8_0, 0.174, 0, 0.005, 0.092, 0.169, 0, 0.174, 0.04, 0.136
Node_Spir13_Spir2_0, 1.005, 0.006, 0.033, 0.409, 0.999, 0, 1.005, 0.259, 0.753
Node_Spir15_Spir4_0, 0.184, 0.001, 0.012, 0.135, 0.169, 0.001, 0.184, 0.094, 0.091
Node_Spir15_Spir9_0, 0.017, 0, 0.17, 0.086, 0.017, 0, 0.017, 0.017, 0.003
Node_Sume1_OLB1X1_0, 0.02, 0, 0.083, 0.086, 0.02, 0, 0.02, 0.019, 0.003
Node_Sume1_UBP4X1_0, 0.007, 0, 0.016, 0.015, 0.007, 0, 0.007, 0.005, 0.003
Node_Syne1_Calda2_0, 0.001, 0, 0.006, 0.003, 0.001, 0, 0.001, 0.001, 0
Node_Syne1_Cyan40_0, 0.025, 0, 0.016, 0.012, 0.025, 0.004, 0.025, 0.025, 0
Node_Syne1_Dein5_0, 0.007, 0, 0.019, 0.007, 0.007, 0, 0.007, 0.006, 0.001
Node_Syne1_Syne2_0, 0.003, 0, 0.015, 0.016, 0.003, 0, 0.003, 0.002, 0.012
Node_Syne1_Syne4_0, 0.003, 0, 0.008, 0.018, 0.003, 0, 0.003, 0, 0.01
Node_Syne1_Syne6_0, 0.001, 0, 0.008, 0.006, 0.001, 0, 0.001, 0, 0.006
Node_Syne1_Syne7_0, 0.006, 0, 0.006, 0.007, 0.005, 0, 0.006, 0.001, 0.011
Node_Syne1_Syne9_0, 0.001, 0, 0.002, 0.002, 0.001, 0, 0.001, 0, 0.002
Node_Syne2_Syne8_0, 0.006, 0, 0.012, 0.016, 0.006, 0, 0.006, 0, 0.015
Node_Syne4_Syne5_0, 0.004, 0, 0.007, 0.007, 0.004, 0, 0.004, 0, 0.008
Node_Syne7_Syne10_0, 0.001, 0, 0.015, 0.016, 0.001, 0, 0.001, 0, 0.01
Node_Syne8_Syne3_0, 0.006, 0, 0.014, 0.015, 0.006, 0, 0.006, 0.001, 0.014
Node_TA06X1_Cloa1_0, 0.011, 0, 0.06, 0.035, 0.011, 0, 0.011, 0.011, 0
Node_TA06X1_Edwa1_0, 0.003, 0, 0.008, 0.006, 0.003, 0, 0.003, 0.003, 0
Node_TA06X1_WOR1_0, 0, 0, 0.003, 0.001, 0, 0, 0, 0, 0
Node_Therd1_Dict1_0, 0.001, 0, 0.015, 0.009, 0.001, 0, 0.001, 0.001, 0.002
Node_Therg2_Therg4_0, 0.003, 0, 0.012, 0.017, 0.003, 0, 0.003, 0, 0.011
Node_Therg3_Therg5_0, 0.003, 0, 0.009, 0.016, 0.003, 0, 0.003, 0.001, 0.005
Node_Therg8_Therg2_0, 0.004, 0, 0.005, 0.01, 0.004, 0, 0.004, 0.001, 0.008
Node_Therg8_Therg3_0, 0.007, 0, 0.008, 0.014, 0.007, 0, 0.007, 0.001, 0.011
Node_Therg8_Therg6_0, 0.006, 0, 0.008, 0.005, 0.006, 0, 0.006, 0.001, 0.007
Node_Thers1_Desua45_0, 0.001, 0, 0.007, 0.005, 0.001, 0, 0.001, 0, 0.002
Node_UBA1X2_UBA1X3_0, 0.005, 0, 0.017, 0.019, 0.005, 0, 0.005, 0.003, 0.006
Node_UBA1X2_UBA1X5_0, 0.003, 0, 0.009, 0.01, 0.003, 0, 0.003, 0.003, 0.007
Node_UBA1X5_UBA1X4_0, 0.003, 0, 0.017, 0.022, 0.003, 0, 0.003, 0, 0.017
Node_UBA1X6_UBA1X1_0, 0.015, 0, 0.016, 0.023, 0.015, 0, 0.015, 0.006, 0.015
Node_UBA1X6_UBA1X2_0, 0.016, 0, 0.038, 0.027, 0.016, 0, 0.016, 0.014, 0.007
Node_UBA2X1_DesuD2_0, 0.008, 0, 0.011, 0.006, 0.008, 0, 0.008, 0.006, 0.002
Node_UBA2X1_Desua22_0, 0.017, 0, 0.024, 0.026, 0.017, 0, 0.017, 0.015, 0.003
Node_UBA2X1_Desua28_0, 0.008, 0, 0.006, 0.008, 0.008, 0, 0.008, 0.005, 0.006
Node_UBA2X1_SZUA2_0, 0.003, 0, 0.006, 0.006, 0.003, 0, 0.003, 0.003, 0.001
Node_UBA6X1_Desa1_0, 0.01, 0, 0.039, 0.022, 0.01, 0, 0.01, 0.009, 0.001
Node_UBA6X1_Elus1_0, 0.002, 0, 0.009, 0.008, 0.002, 0, 0.002, 0.002, 0.001
Node_UBA6X1_Gold1_0, 0.048, 0, 0.034, 0.045, 0.048, 0, 0.048, 0.047, 0.002
Node_UBA9X1_UBA9X3_0, 0.01, 0, 0.016, 0.016, 0.01, 0, 0.01, 0.007, 0.006
Node_UBA9X3_UBA9X2_0, 0.003, 0, 0.01, 0.01, 0.003, 0, 0.003, 0, 0.003
Node_Verr11_Aure2_0, 0.751, 0.009, 0.026, 0.356, 0.716, 0.005, 0.751, 0.694, 0.041
Node_Verr11_Aure3_0, 0.722, 0.009, 0.121, 0.377, 0.694, 0.003, 0.722, 0.689, 0.016
Node_Verr11_Omni4_0, 0.815, 0.015, 0.058, 1.251, 0.774, 0.034, 0.815, 0.741, 0.048
Node_Verr11_Verr12_0, 0.174, 0, 0.024, 0.056, 0.174, 0, 0.174, 0.035, 0.148
Node_Verr11_Verr14_0, 0.05, 0, 0.066, 0.059, 0.05, 0, 0.05, 0.019, 0.037
Node_Verr11_Verr7_0, 0.355, 0.001, 0.497, 0.394, 0.33, 0, 0.355, 0.3, 0.06
Node_Verr11_Verr8_0, 0.791, 0.011, 0.045, 0.851, 0.747, 0, 0.791, 0.703, 0.074
Node_Verr11_Verr9_0, 0.079, 0, 0.29, 0.149, 0.078, 0, 0.079, 0.072, 0.014
Node_Verr3_Verr10_0, 0.11, 0.001, 0.866, 0.348, 0.11, 0, 0.11, 0.108, 0.006
Node_Verr5_Verr6_0, 0.975, 0, 0.026, 0.093, 0.971, 0, 0.975, 0.962, 0.023
Node_Verr7_Verr13_0, 0.319, 0, 0.273, 0.138, 0.313, 0, 0.319, 0.138, 0.183
Node_Verr7_Verr2_0, 0.031, 0, 0.304, 0.081, 0.031, 0, 0.031, 0.03, 0.016
Node_Verr7_Verr4_0, 0.409, 0, 0.174, 0.189, 0.389, 0, 0.409, 0.183, 0.228
Node_Verr8_Verr3_0, 0.969, 0.003, 0.024, 0.323, 0.96, 0, 0.969, 0.958, 0.012
Node_Verr8_Verr5_0, 0.978, 0.005, 0.095, 0.927, 0.963, 0, 0.978, 0.697, 0.277
Node_WOR1_WOR3_0, 0.003, 0, 0.003, 0.003, 0.003, 0, 0.003, 0.002, 0.003
Node_WOR1_WOR6_0, 0.003, 0, 0, 0, 0.003, 0, 0.003, 0, 0.003
Node_WOR2_WOR4_0, 0.003, 0, 0.003, 0.005, 0.003, 0, 0.003, 0, 0.006
Node_WOR6_WOR7_0, 0.001, 0, 0.007, 0.008, 0.001, 0, 0.001, 0.001, 0.005
Node_Wall1_Fuso2_0, 0.024, 0, 0.017, 0.017, 0.024, 0, 0.024, 0.02, 0.004
Node_Wall1_Muir1_0, 0.173, 0.001, 0.006, 0.102, 0.172, 0, 0.173, 0.043, 0.133
Node_Wall1_Rifl1_0, 0.045, 0, 0.01, 0.02, 0.045, 0, 0.045, 0.017, 0.031
Node_Wall1_Syne1_0, 0.037, 0, 0.025, 0.022, 0.036, 0.003, 0.037, 0.037, 0
Node_Zixi2_Zixi1_0, 0.003, 0, 0.005, 0.007, 0.003, 0, 0.003, 0.001, 0.007
Node_Zixi4_Zixi2_0, 0.001, 0, 0.004, 0.004, 0.001, 0, 0.001, 0.001, 0.003
Node_Zixi4_Zixi3_0, 0.004, 0, 0.007, 0.011, 0.004, 0, 0.004, 0, 0.01
Node_Zixi5_Late2_0, 0.031, 0, 0.066, 0.048, 0.031, 0, 0.031, 0.029, 0.004
Node_Zixi5_TA06A1_0, 0.002, 0, 0.008, 0.003, 0.002, 0, 0.002, 0.001, 0.002
Node_Zixi5_UBP14X1_0, 0.008, 0, 0.024, 0.016, 0.008, 0, 0.008, 0.008, 0.001
Node_Zixi5_Zixi4_0, 0.002, 0, 0.005, 0.009, 0.002, 0, 0.002, 0.001, 0.005
Node_chloroArabidopsis_chloroBryophyte_0, 0.008, 0, 0.015, 0.019, 0.008, 0, 0.008, 0.001, 0.016
Node_chloroArabidopsis_chloroChlorophyta_0, 0.007, 0, 0.007, 0.011, 0.007, 0, 0.007, 0.002, 0.01
Node_chloroArabidopsis_chloroLycophyte_0, 0.005, 0, 0.015, 0.017, 0.005, 0, 0.005, 0.003, 0.012
Node_chloroArabidopsis_chloroRedAlgae_0, 0.004, 0, 0.008, 0.01, 0.004, 0, 0.004, 0.001, 0.009
Node_mitoAnnelida_mitoChelicerate_0, 0.008, 0, 0.012, 0.015, 0.008, 0, 0.008, 0.003, 0.015
Node_mitoAnnelida_mitoMollusc_0, 0.003, 0, 0.013, 0.01, 0.003, 0, 0.003, 0, 0.009
Node_mitoAnnelida_mitoPriapulid_0, 0.007, 0, 0.016, 0.013, 0.007, 0, 0.007, 0.001, 0.015
Node_mitoArabidopsis_mitoLycophyte_0, 0.001, 0, 0.015, 0.018, 0.001, 0, 0.001, 0, 0.013
Node_mitoBryophyte_mitoArabidopsis_0, 0.003, 0, 0.015, 0.016, 0.003, 0, 0.003, 0.001, 0.015
Node_mitoBryophyte_mitoChlorophyta_0, 0.003, 0, 0.014, 0.018, 0.003, 0, 0.003, 0.001, 0.011
Node_mitoBryophyte_mitoExcavata_0, 0.007, 0, 0.015, 0.014, 0.007, 0, 0.007, 0.005, 0.003
Node_mitoBryophyte_mitoParamecium_0, 0.002, 0, 0.009, 0.006, 0.002, 0, 0.002, 0.001, 0.004
Node_mitoBryophyte_mitoRedAlgae_0, 0.006, 0, 0.003, 0.009, 0.005, 0, 0.006, 0.001, 0.007
Node_mitoChelicerate_mitoInsect_0, 0.003, 0, 0.016, 0.016, 0.003, 0, 0.003, 0, 0.011
Node_mitoFungi_mitoAnnelida_0, 0.005, 0, 0.017, 0.011, 0.005, 0, 0.005, 0.005, 0.003
Node_mitoFungi_mitoBryophyte_0, 0.019, 0, 0.089, 0.049, 0.019, 0, 0.019, 0.018, 0.004
OLB1X1, 0, 0, 0.028, 0.02, 0, 0, 0, 0, 0.008
Omni2, 1, 0, 0.009, 0.009, 1, 0, 1, 0.998, 0.008
Omni3, 0, 0, 0.241, 0.215, 0, 0, 0, 0, 0.009
Omni4, 1, 0, 0.011, 0.013, 1, 0, 1, 0.998, 0.01
Omni6, 1, 0, 0.026, 0.111, 1, 0, 1, 0.762, 0.252
Omni7, 0, 0, 0.324, 0.137, 0, 0, 0, 0, 0.013
Omni8, 0, 0, 0.78, 0.044, 0, 0, 0, 0, 0.006
P4572X1, 0, 0, 0.018, 0.022, 0, 0, 0, 0, 0.01
Pate1, 0, 0, 0.015, 0.018, 0, 0, 0, 0, 0.014
Pate10, 0, 0, 0.025, 0.031, 0, 0, 0, 0, 0.018
Pate11, 0, 0, 0.015, 0.018, 0, 0, 0, 0, 0.014
Pate12, 0, 0, 0.018, 0.022, 0, 0, 0, 0, 0.013
Pate13, 0, 0, 0.018, 0.02, 0, 0, 0, 0, 0.01
Pate14, 0, 0, 0.016, 0.012, 0, 0, 0, 0, 0.01
Pate15, 0, 0, 0.015, 0.02, 0, 0, 0, 0, 0.013
Pate17, 0, 0, 0.011, 0.007, 0, 0, 0, 0, 0.007
Pate18, 0, 0, 0.015, 0.014, 0, 0, 0, 0, 0.008
Pate19, 0, 0, 0.008, 0.011, 0, 0, 0, 0, 0.006
Pate21, 0, 0, 0.021, 0.032, 0, 0, 0, 0, 0.018
Pate22, 0, 0, 0.021, 0.024, 0, 0, 0, 0, 0.018
Pate23, 0, 0, 0.019, 0.026, 0, 0, 0, 0, 0.017
Pate24, 0, 0, 0.018, 0.019, 0, 0, 0, 0, 0.01
Pate25, 0, 0, 0.016, 0.017, 0, 0, 0, 0, 0.01
Pate26, 0, 0, 0.022, 0.021, 0, 0, 0, 0, 0.017
Pate27, 0, 0, 0.024, 0.025, 0, 0, 0, 0, 0.013
Pate28, 0, 0, 0.016, 0.02, 0, 0, 0, 0, 0.01
Pate29, 0, 0, 0.01, 0.014, 0, 0, 0, 0, 0.008
Pate3, 0, 0, 0.021, 0.027, 0, 0, 0, 0, 0.017
Pate30, 0, 0, 0.015, 0.024, 0, 0, 0, 0, 0.014
Pate31, 0, 0, 0.008, 0.009, 0, 0, 0, 0, 0.005
Pate32, 0, 0, 0.019, 0.022, 0, 0, 0, 0, 0.017
Pate33, 0, 0, 0.014, 0.013, 0, 0, 0, 0, 0.011
Pate34, 0, 0, 0.019, 0.022, 0, 0, 0, 0, 0.011
Pate35, 0, 0, 0.016, 0.022, 0, 0, 0, 0, 0.01
Pate36, 0, 0, 0.016, 0.016, 0, 0, 0, 0, 0.011
Pate37, 0, 0, 0.012, 0.012, 0, 0, 0, 0, 0.01
Pate38, 0, 0, 0.022, 0.027, 0, 0, 0, 0, 0.015
Pate39, 0, 0, 0.013, 0.013, 0, 0, 0, 0, 0.005
Pate4, 0, 0, 0.012, 0.016, 0, 0, 0, 0, 0.011
Pate40, 0, 0, 0.01, 0.011, 0, 0, 0, 0, 0.007
Pate41, 0, 0, 0.017, 0.02, 0, 0, 0, 0, 0.013
Pate43, 0, 0, 0.011, 0.01, 0, 0, 0, 0, 0.007
Pate44, 0, 0, 0.026, 0.032, 0, 0, 0, 0, 0.019
Pate45, 0, 0, 0.014, 0.016, 0, 0, 0, 0, 0.013
Pate46, 0, 0, 0.013, 0.013, 0, 0, 0, 0, 0.009
Pate48, 0, 0, 0.016, 0.021, 0, 0, 0, 0, 0.012
Pate49, 0, 0, 0.015, 0.017, 0, 0, 0, 0, 0.011
Pate5, 0, 0, 0.014, 0.018, 0, 0, 0, 0, 0.012
Pate50, 0, 0, 0.015, 0.018, 0, 0, 0, 0, 0.014
Pate51, 0, 0, 0.019, 0.02, 0, 0, 0, 0, 0.008
Pate52, 0, 0, 0.019, 0.021, 0, 0, 0, 0, 0.017
Pate53, 0, 0, 0.016, 0.015, 0, 0, 0, 0, 0.009
Pate54, 0, 0, 0.015, 0.018, 0, 0, 0, 0, 0.012
Pate55, 0, 0, 0.014, 0.016, 0, 0, 0, 0, 0.011
Pate56, 0, 0, 0.021, 0.029, 0, 0, 0, 0, 0.018
Pate57, 0, 0, 0.009, 0.007, 0, 0, 0, 0, 0.005
Pate6, 0, 0, 0.018, 0.016, 0, 0, 0, 0, 0.014
Pate7, 0, 0, 0.014, 0.018, 0, 0, 0, 0, 0.014
Pate8, 0, 0, 0.02, 0.027, 0, 0, 0, 0, 0.016
Pate9, 0, 0, 0.017, 0.022, 0, 0, 0, 0, 0.012
Plan12, 0, 0, 0.021, 0.023, 0, 0, 0, 0, 0.011
Plan14, 1, 0, 0.008, 0.485, 1, 0, 1, 0.186, 0.817
Plan16, 1, 0.01, 0.166, 1.545, 1, 0, 1, 0.9, 0.095
Plan17, 0, 0, 0.018, 0.02, 0, 0, 0, 0, 0.011
Plan18, 0, 0.001, 0.594, 0.255, 0, 0, 0, 0, 0.011
Plan2, 1, 0, 0.229, 0.281, 1, 0, 1, 0.517, 0.495
Plan21, 0, 0, 0.058, 0.048, 0, 0, 0, 0, 0.013
Plan22, 1, 0.002, 0.533, 0.202, 1, 0, 1, 0.209, 0.797
Plan23, 0, 0, 0.014, 0.011, 0, 0, 0, 0, 0.007
Plan26, 0, 0, 0.025, 0.029, 0, 0, 0, 0, 0.013
Plan27, 1, 0, 0.02, 0.222, 1, 0, 1, 0.591, 0.42
Plan3, 0, 0, 0.037, 0.028, 0, 0, 0, 0, 0.009
Plan30, 0, 0, 0.2, 0.065, 0, 0, 0, 0, 0.009
Plan31, 0, 0, 0.061, 0.042, 0, 0, 0, 0, 0.007
Plan32, 0, 0, 0.018, 0.016, 0, 0, 0, 0, 0.008
Plan33, 0, 0, 0.446, 0.128, 0, 0, 0, 0, 0.004
Plan39, 0, 0, 0.547, 0.229, 0, 0, 0, 0, 0.005
Plan4, 0, 0, 0.444, 0.085, 0, 0, 0, 0, 0.009
Plan40, 0, 0, 1.006, 0.016, 0, 0, 0, 0, 0.008
Plan42, 1, 0, 0.011, 0.018, 1, 0, 1, 0.995, 0.013
Plan43, 1, 0.006, 0.015, 0.999, 1, 0, 1, 0.993, 0.006
Plan44, 1, 0, 0.134, 0.155, 1, 0, 1, 0.319, 0.692
Plan5, 0, 0, 0.02, 0.02, 0, 0, 0, 0, 0.008
Plan7, 0, 0, 0.654, 0.509, 0, 0, 0, 0, 0.016
Pori1, 0, 0, 0.021, 0.017, 0, 0, 0, 0, 0.008
Pori2, 0, 0, 0.017, 0.014, 0, 0, 0, 0, 0.004
ProtA10, 1, 0.001, 0.301, 0.187, 1, 0, 1, 0.382, 0.63
ProtA11, 1, 0.003, 0.13, 0.99, 1, 0, 1, 0.959, 0.048
ProtA12, 0, 0, 0.01, 0.009, 0, 0, 0, 0, 0.004
ProtA13, 2, 0, 0.187, 0.166, 1, 0, 2, 1.18, 0.832
ProtA14, 1, 0.003, 0.254, 0.593, 1, 0, 1, 0.695, 0.311
ProtA15, 0, 0, 0.948, 0.08, 0, 0, 0, 0, 0.006
ProtA16, 0, 0, 0.226, 0.12, 0, 0, 0, 0, 0.016
ProtA18, 1, 0, 0.51, 0.267, 1, 0, 1, 0.171, 0.84
ProtA19, 0, 0, 0.554, 0.084, 0, 0, 0, 0, 0.007
ProtA2, 0, 0, 0.613, 0.111, 0, 0, 0, 0, 0.008
ProtA20, 1, 0.001, 0.486, 0.246, 1, 0, 1, 0.865, 0.145
ProtA21, 0, 0, 0.041, 0.031, 0, 0, 0, 0, 0.008
ProtA24, 1, 0, 0.099, 0.033, 1, 0, 1, 0.998, 0.012
ProtA26, 0, 0, 0.024, 0.026, 0, 0, 0, 0, 0.015
ProtA27, 0, 0, 0.042, 0.03, 0, 0, 0, 0, 0.009
ProtA29, 1, 0.002, 0.464, 0.403, 1, 0, 1, 0.684, 0.328
ProtA3, 0, 0, 0.342, 0.108, 0, 0, 0, 0, 0.022
ProtA30, 0, 0, 0.021, 0.022, 0, 0, 0, 0, 0.01
ProtA31, 1, 0, 0.742, 0.522, 1, 0, 1, 0.5, 0.51
ProtA32, 1, 0.001, 0.108, 0.112, 1, 0, 1, 0.983, 0.028
ProtA33, 0, 0, 0.157, 0.067, 0, 0, 0, 0, 0.01
ProtA34, 1, 0, 0.063, 0.047, 1, 0, 1, 1, 0.01
ProtA35, 0, 0, 0.018, 0.015, 0, 0, 0, 0, 0.007
ProtA36, 0, 0, 0.02, 0.018, 0, 0, 0, 0, 0.012
ProtA37, 0, 0, 0.022, 0.021, 0, 0, 0, 0, 0.013
ProtA38, 0, 0, 0.873, 0.041, 0, 0, 0, 0, 0.009
ProtA39, 0, 0, 0.017, 0.017, 0, 0, 0, 0, 0.009
ProtA40, 1, 0, 0.644, 0.227, 1, 0, 1, 0.163, 0.851
ProtA41, 1, 0, 0.047, 0.054, 1, 0, 1, 0.823, 0.183
ProtA42, 1, 0, 0.022, 0.137, 1, 0, 1, 0.929, 0.08
ProtA43, 1, 0, 0.06, 0.034, 1, 0, 1, 1, 0.007
ProtA44, 0, 0, 0.017, 0.013, 0, 0, 0, 0, 0.008
ProtA45, 1, 0, 0.037, 0.053, 1, 0, 1, 0.697, 0.314
ProtA46, 0, 0, 0.027, 0.018, 0, 0, 0, 0, 0.005
ProtA47, 1, 0, 0.018, 0.014, 1, 0, 1, 0.999, 0.008
ProtA48, 1, 0.001, 0.05, 0.18, 1, 0, 1, 0.992, 0.021
ProtA49, 1, 0.001, 0.015, 0.298, 1, 0, 1, 0.538, 0.467
ProtA5, 1, 0, 0.893, 0.182, 1, 0, 1, 0.46, 0.553
ProtA50, 1, 0.002, 0.73, 0.47, 1, 0, 1, 0.316, 0.694
ProtA51, 1, 0.001, 0.076, 0.359, 1, 0, 1, 0.757, 0.252
ProtA52, 1, 0.002, 0.201, 0.671, 1, 0, 1, 0.36, 0.641
ProtA53, 1, 0.001, 0.102, 0.142, 1, 0, 1, 0.362, 0.647
ProtA54, 0, 0, 0.012, 0.01, 0, 0, 0, 0, 0.006
ProtA55, 0, 0, 0.034, 0.027, 0, 0, 0, 0, 0.012
ProtA56, 1, 0, 0.403, 0.457, 1, 0, 1, 0.162, 0.845
ProtA57, 0, 0, 0.901, 0.059, 0, 0, 0, 0, 0.01
ProtA58, 0, 0, 0.458, 0.107, 0, 0, 0, 0, 0.004
ProtA60, 0, 0, 0.043, 0.033, 0, 0, 0, 0, 0.004
ProtA61, 1, 0, 1.194, 0.186, 1, 0, 1, 0.169, 0.839
ProtA62, 0, 0, 1.015, 0.019, 0, 0, 0, 0, 0.011
ProtA63, 1, 0, 0.018, 0.022, 1, 0, 1, 1, 0.008
ProtA64, 1, 0, 0.821, 0.229, 1, 0, 1, 0.738, 0.267
ProtA66, 1, 0.003, 0.019, 0.281, 1, 0, 1, 0.203, 0.806
ProtA67, 2, 0, 0.195, 0.661, 1, 0, 2, 0.61, 1.402
ProtA68, 1, 0.002, 0.035, 0.285, 1, 0, 1, 0.578, 0.428
ProtA69, 1, 0.001, 0.337, 0.308, 1, 0, 1, 0.711, 0.302
ProtA7, 0, 0, 0.976, 0.106, 0, 0, 0, 0, 0.012
ProtA70, 1, 0.001, 0.018, 0.094, 1, 0, 1, 0.882, 0.126
ProtA71, 1, 0, 0.015, 0.014, 1, 0, 1, 1, 0.007
ProtA72, 1, 0.001, 0.051, 0.35, 1, 0, 1, 0.281, 0.73
ProtA74, 0, 0, 0.452, 0.108, 0, 0, 0, 0, 0.012
ProtA75, 1, 0.001, 0.133, 0.478, 1, 0, 1, 0.928, 0.08
ProtA76, 1, 0, 0.014, 0.014, 1, 0, 1, 1, 0.006
ProtA77, 0, 0, 0.83, 0.246, 0, 0, 0, 0, 0.007
ProtA8, 0, 0, 0.21, 0.112, 0, 0, 0, 0, 0.003
ProtA9, 0, 0, 0.055, 0.058, 0, 0, 0, 0, 0.016
ProtG1, 0, 0, 0.026, 0.016, 0, 0, 0, 0, 0.01
ProtG10, 2, 0.988, 0.016, 0.234, 1, 0, 2, 0.013, 0.421
ProtG11, 0, 0, 0.017, 0.019, 0, 0, 0, 0, 0.015
ProtG12, 0, 0, 0.105, 0.088, 0, 0, 0, 0, 0.007
ProtG13, 0, 0, 0.016, 0.019, 0, 0, 0, 0, 0.012
ProtG14, 0, 0, 0.105, 0.051, 0, 0, 0, 0, 0.01
ProtG15, 0, 0.001, 0.294, 0.158, 0, 0, 0, 0, 0.008
ProtG16, 0, 0, 0.019, 0.017, 0, 0, 0, 0, 0.008
ProtG17, 0, 0, 0.02, 0.019, 0, 0, 0, 0, 0.009
ProtG18, 0, 0.001, 0.67, 0.382, 0, 0, 0, 0, 0.008
ProtG19, 0, 0, 0.033, 0.038, 0, 0, 0, 0, 0.007
ProtG20, 0, 0, 0.009, 0.01, 0, 0, 0, 0, 0.006
ProtG21, 1, 0.001, 0.016, 0.387, 1, 0, 1, 0.653, 0.354
ProtG22, 0, 0, 0.015, 0.019, 0, 0, 0, 0, 0.01
ProtG24, 0, 0, 0.029, 0.024, 0, 0, 0, 0, 0.012
ProtG25, 0, 0, 0.258, 0.039, 0, 0, 0, 0, 0.007
ProtG26, 0, 0, 0.016, 0.017, 0, 0, 0, 0, 0.015
ProtG27, 0, 0, 0.019, 0.015, 0, 0, 0, 0, 0.009
ProtG28, 0, 0, 0.04, 0.027, 0, 0, 0, 0, 0.013
ProtG29, 0, 0, 0.018, 0.021, 0, 0, 0, 0, 0.013
ProtG3, 0, 0, 0.02, 0.023, 0, 0, 0, 0, 0.017
ProtG30, 0, 0, 0.038, 0.032, 0, 0, 0, 0, 0.012
ProtG31, 0, 0, 0.012, 0.011, 0, 0, 0, 0, 0.008
ProtG32, 0, 0, 0.013, 0.015, 0, 0, 0, 0, 0.012
ProtG33, 0, 0, 0.01, 0.009, 0, 0, 0, 0, 0.007
ProtG34, 0, 0, 0.013, 0.012, 0, 0, 0, 0, 0.009
ProtG35, 0, 0, 0.008, 0.012, 0, 0, 0, 0, 0.007
ProtG36, 0, 0, 0.015, 0.014, 0, 0, 0, 0, 0.012
ProtG37, 0, 0, 0.016, 0.018, 0, 0, 0, 0, 0.011
ProtG38, 0, 0, 0.136, 0.049, 0, 0, 0, 0, 0.011
ProtG39, 1, 0.001, 0.014, 0.266, 1, 0, 1, 0.277, 0.728
ProtG4, 0, 0, 0.023, 0.028, 0, 0, 0, 0, 0.013
ProtG40, 0, 0, 0.012, 0.011, 0, 0, 0, 0, 0.004
ProtG41, 0, 0, 0.016, 0.014, 0, 0, 0, 0, 0.008
ProtG42, 0, 0, 0.011, 0.016, 0, 0, 0, 0, 0.01
ProtG43, 0, 0, 0.011, 0.013, 0, 0, 0, 0, 0.011
ProtG44, 0, 0, 0.014, 0.012, 0, 0, 0, 0, 0.009
ProtG45, 0, 0, 0.014, 0.011, 0, 0, 0, 0, 0.008
ProtG46, 1, 0.002, 0.007, 0.199, 1, 0, 1, 0.124, 0.88
ProtG47, 0, 0, 0.058, 0.03, 0, 0, 0, 0, 0.01
ProtG48, 0, 0, 0.025, 0.025, 0, 0, 0, 0, 0.011
ProtG49, 0, 0, 0.012, 0.008, 0, 0, 0, 0, 0.004
ProtG5, 0, 0, 0.106, 0.071, 0, 0, 0, 0, 0.008
ProtG50, 1, 0, 0.008, 0.29, 1, 0, 1, 0.002, 1.005
ProtG51, 0, 0, 0.018, 0.02, 0, 0, 0, 0, 0.013
ProtG52, 0, 0, 0.009, 0.008, 0, 0, 0, 0, 0.007
ProtG53, 0, 0, 0.014, 0.013, 0, 0, 0, 0, 0.011
ProtG54, 0, 0, 0.016, 0.02, 0, 0, 0, 0, 0.013
ProtG55, 0, 0, 0.011, 0.015, 0, 0, 0, 0, 0.011
ProtG56, 0, 0, 0.015, 0.014, 0, 0, 0, 0, 0.011
ProtG57, 0, 0, 0.128, 0.058, 0, 0, 0, 0, 0.012
ProtG58, 0, 0, 0.009, 0.007, 0, 0, 0, 0, 0.007
ProtG59, 0, 0, 0.012, 0.01, 0, 0, 0, 0, 0.007
ProtG6, 0, 0, 0.021, 0.014, 0, 0, 0, 0, 0.007
ProtG60, 0, 0, 0.011, 0.009, 0, 0, 0, 0, 0.009
ProtG61, 0, 0, 0.01, 0.014, 0, 0, 0, 0, 0.008
ProtG62, 0, 0, 0.259, 0.074, 0, 0, 0, 0, 0.007
ProtG63, 0, 0, 0.007, 0.007, 0, 0, 0, 0, 0.004
ProtG64, 1, 0, 0.021, 0.091, 1, 0, 1, 0.189, 0.815
ProtG65, 1, 0.002, 0.016, 0.281, 1, 0, 1, 0.121, 0.892
ProtG66, 0, 0, 0.013, 0.014, 0, 0, 0, 0, 0.012
ProtG67, 0, 0, 0.009, 0.01, 0, 0, 0, 0, 0.006
ProtG68, 0, 0, 0.01, 0.01, 0, 0, 0, 0, 0.009
ProtG69, 0, 0, 0.131, 0.054, 0, 0, 0, 0, 0.009
ProtG7, 0, 0, 0.012, 0.015, 0, 0, 0, 0, 0.009
ProtG70, 0, 0, 0.014, 0.014, 0, 0, 0, 0, 0.011
ProtG71, 0, 0, 0.017, 0.02, 0, 0, 0, 0, 0.012
ProtG72, 0, 0, 0.024, 0.03, 0, 0, 0, 0, 0.017
ProtG73, 0, 0, 0.02, 0.022, 0, 0, 0, 0, 0.015
ProtG74, 0, 0, 0.008, 0.009, 0, 0, 0, 0, 0.007
ProtG75, 1, 0.001, 0.013, 0.402, 1, 0, 1, 0.006, 1.006
ProtG76, 0, 0, 0.015, 0.017, 0, 0, 0, 0, 0.01
ProtG77, 1, 0.001, 0.009, 0.409, 1, 0, 1, 0.246, 0.756
ProtG78, 0, 0, 0.012, 0.014, 0, 0, 0, 0, 0.009
ProtG79, 0, 0, 0.01, 0.01, 0, 0, 0, 0, 0.006
ProtG8, 0, 0, 0.018, 0.021, 0, 0, 0, 0, 0.01
ProtG80, 1, 0.002, 0.008, 0.401, 1, 0, 1, 0.116, 0.89
ProtG81, 0, 0, 0.018, 0.025, 0, 0, 0, 0, 0.014
ProtG82, 0, 0, 0.008, 0.01, 0, 0, 0, 0, 0.004
ProtG83, 0, 0, 0.01, 0.012, 0, 0, 0, 0, 0.008
ProtG84, 0, 0, 0.011, 0.013, 0, 0, 0, 0, 0.009
ProtG85, 0, 0, 0.019, 0.021, 0, 0, 0, 0, 0.013
ProtG86, 0, 0, 0.008, 0.007, 0, 0, 0, 0, 0.004
ProtG87, 0, 0, 0.01, 0.014, 0, 0, 0, 0, 0.007
ProtG88, 0, 0, 0.018, 0.019, 0, 0, 0, 0, 0.015
ProtG89, 0, 0, 0.013, 0.013, 0, 0, 0, 0, 0.009
ProtG9, 1, 0.002, 0.013, 0.25, 1, 0, 1, 0.245, 0.76
ProtG90, 0, 0, 0.01, 0.014, 0, 0, 0, 0, 0.007
ProtG91, 0, 0, 0.01, 0.008, 0, 0, 0, 0, 0.004
ProtM1, 0, 0, 0.026, 0.022, 0, 0, 0, 0, 0.005
ProtM2, 0, 0, 0.035, 0.028, 0, 0, 0, 0, 0.014
ProtM3, 1, 0.002, 0.018, 0.523, 1, 0, 1, 0.15, 0.86
ProtZ1, 0, 0, 0.013, 0.012, 0, 0, 0, 0, 0.006
ProtZ2, 0, 0, 0.017, 0.017, 0, 0, 0, 0, 0.012
ProtZ3, 0, 0, 0.012, 0.012, 0, 0, 0, 0, 0.009
ProtZ4, 0, 0, 0.015, 0.019, 0, 0, 0, 0, 0.008
ProtZ5, 0, 0, 0.023, 0.03, 0, 0, 0, 0, 0.016
RBG1, 0, 0, 0.089, 0.045, 0, 0, 0, 0, 0.012
Rifl1, 0, 0, 0.055, 0.027, 0, 0, 0, 0, 0.01
SAR3X1, 1, 0.002, 0.02, 0.259, 1, 0, 1, 0.172, 0.842
SAR3X2, 0, 0, 0.186, 0.086, 0, 0, 0, 0, 0.01
SLNR1, 0, 0, 0.01, 0.016, 0, 0, 0, 0, 0.01
SM23X1, 0, 0, 0.019, 0.018, 0, 0, 0, 0, 0.017
SZUA1, 0, 0, 0.018, 0.019, 0, 0, 0, 0, 0.011
SZUA2, 0, 0, 0.012, 0.014, 0, 0, 0, 0, 0.009
Sche1, 0, 0, 0.011, 0.013, 0, 0, 0, 0, 0.008
Spir10, 0, 0, 0.057, 0.042, 0, 0, 0, 0, 0.01
Spir11, 0, 0, 0.045, 0.029, 0, 0, 0, 0, 0.016
Spir12, 0, 0, 0.056, 0.032, 0, 0, 0, 0, 0.013
Spir13, 1, 0, 0.016, 0.014, 1, 0, 1, 0.999, 0.011
Spir15, 0, 0, 0.023, 0.016, 0, 0, 0, 0, 0.006
Spir2, 1, 0, 0.019, 0.023, 1, 0, 1, 0.999, 0.014
Spir3, 0, 0, 0.056, 0.049, 0, 0, 0, 0, 0.009
Spir4, 2, 0.006, 0.02, 0.884, 1, 0, 2, 0.177, 1.83
Spir8, 1, 0, 0.066, 0.413, 1, 0, 1, 0.115, 0.892
Spir9, 0, 0, 0.025, 0.019, 0, 0, 0, 0, 0.008
Sume1, 0, 0, 0.017, 0.013, 0, 0, 0, 0, 0.01
Syne1, 0, 0, 0.01, 0.01, 0, 0, 0, 0, 0.007
Syne10, 0, 0, 0.007, 0.009, 0, 0, 0, 0, 0.006
Syne2, 0, 0, 0.013, 0.014, 0, 0, 0, 0, 0.007
Syne3, 0, 0, 0.016, 0.015, 0, 0, 0, 0, 0.01
Syne4, 0, 0, 0.012, 0.012, 0, 0, 0, 0, 0.008
Syne5, 0, 0, 0.011, 0.015, 0, 0, 0, 0, 0.007
Syne6, 0, 0, 0.007, 0.007, 0, 0, 0, 0, 0.006
Syne7, 0, 0, 0.011, 0.011, 0, 0, 0, 0, 0.01
Syne8, 0, 0, 0.01, 0.011, 0, 0, 0, 0, 0.004
Syne9, 0, 0, 0.014, 0.021, 0, 0, 0, 0, 0.013
TA06A1, 0, 0, 0.011, 0.011, 0, 0, 0, 0, 0.009
TA06X1, 0, 0, 0.009, 0.012, 0, 0, 0, 0, 0.009
Therd1, 0, 0, 0.011, 0.025, 0, 0, 0, 0, 0.01
Therg2, 0, 0, 0.018, 0.023, 0, 0, 0, 0, 0.015
Therg3, 0, 0, 0.012, 0.012, 0, 0, 0, 0, 0.009
Therg4, 0, 0, 0.014, 0.014, 0, 0, 0, 0, 0.011
Therg5, 0, 0, 0.009, 0.008, 0, 0, 0, 0, 0.006
Therg6, 0, 0, 0.014, 0.016, 0, 0, 0, 0, 0.008
Therg8, 0, 0.001, 0.014, 0.014, 0, 0, 0, 0, 0.007
Thers1, 0, 0, 0.006, 0.006, 0, 0, 0, 0, 0.005
UBA1X1, 0, 0, 0.024, 0.022, 0, 0, 0, 0, 0.009
UBA1X2, 0, 0, 0.013, 0.016, 0, 0, 0, 0, 0.01
UBA1X3, 0, 0, 0.01, 0.009, 0, 0, 0, 0, 0.005
UBA1X4, 0, 0, 0.011, 0.013, 0, 0, 0, 0, 0.008
UBA1X5, 0, 0, 0.012, 0.013, 0, 0, 0, 0, 0.009
UBA1X6, 0, 0, 0.017, 0.019, 0, 0, 0, 0, 0.002
UBA2X1, 0, 0, 0.011, 0.01, 0, 0, 0, 0, 0.008
UBA6X1, 0, 0, 0.016, 0.02, 0, 0, 0, 0, 0.014
UBA9X1, 0, 0, 0.023, 0.022, 0, 0, 0, 0, 0.013
UBA9X2, 0, 0, 0.011, 0.011, 0, 0, 0, 0, 0.008
UBA9X3, 0, 0, 0.007, 0.007, 0, 0, 0, 0, 0.004
UBP13X1, 0, 0, 0.021, 0.022, 0, 0, 0, 0, 0.015
UBP14X1, 0, 0, 0.019, 0.022, 0, 0, 0, 0, 0.011
UBP4X1, 0, 0, 0.015, 0.014, 0, 0, 0, 0, 0.008
UBP6X1, 0, 0.001, 0.025, 0.025, 0, 0, 0, 0, 0.016
Verr10, 0, 0, 0.112, 0.068, 0, 0, 0, 0, 0.002
Verr11, 1, 0.001, 0.011, 0.208, 1, 0, 1, 0.17, 0.836
Verr12, 0, 0, 0.188, 0.05, 0, 0, 0, 0, 0.014
Verr13, 1, 0, 0.027, 0.281, 1, 0, 1, 0.298, 0.708
Verr14, 0, 0, 0.055, 0.025, 0, 0, 0, 0, 0.005
Verr2, 0, 0, 0.043, 0.033, 0, 0, 0, 0, 0.012
Verr3, 0, 0, 0.115, 0.067, 0, 0, 0, 0, 0.005
Verr4, 1, 0.004, 0.108, 0.45, 1, 0, 1, 0.312, 0.695
Verr5, 0, 0, 0.987, 0.069, 0, 0, 0, 0, 0.012
Verr6, 1, 0, 0.009, 0.099, 1, 0, 1, 0.971, 0.034
Verr7, 0, 0.001, 0.043, 0.033, 0, 0, 0, 0, 0.011
Verr8, 1, 0.001, 0.017, 0.357, 1, 0, 1, 0.957, 0.047
Verr9, 0, 0, 0.089, 0.061, 0, 0, 0, 0, 0.01
WOR1, 0, 0, 0.012, 0.015, 0, 0, 0, 0, 0.009
WOR2, 0, 0, 0.013, 0.015, 0, 0, 0, 0, 0.01
WOR3, 0, 0, 0.017, 0.023, 0, 0, 0, 0, 0.014
WOR4, 0, 0, 0.014, 0.016, 0, 0, 0, 0, 0.011
WOR6, 0, 0, 0.011, 0.013, 0, 0, 0, 0, 0.01
WOR7, 0, 0, 0.008, 0.008, 0, 0, 0, 0, 0.007
Wall1, 0, 0, 0.178, 0.066, 0, 0, 0, 0, 0.005
Zixi1, 0, 0, 0.014, 0.02, 0, 0, 0, 0, 0.011
Zixi2, 0, 0, 0.016, 0.018, 0, 0, 0, 0, 0.013
Zixi3, 0, 0, 0.011, 0.011, 0, 0, 0, 0, 0.007
Zixi4, 0, 0, 0.012, 0.015, 0, 0, 0, 0, 0.008
Zixi5, 0, 0, 0.012, 0.013, 0, 0, 0, 0, 0.01
chloroArabidopsis, 0, 0, 0.012, 0.012, 0, 0, 0, 0, 0.007
chloroBryophyte, 0, 0, 0.015, 0.013, 0, 0, 0, 0, 0.007
chloroChlorophyta, 0, 0, 0.013, 0.012, 0, 0, 0, 0, 0.006
chloroLycophyte, 0, 0, 0.013, 0.016, 0, 0, 0, 0, 0.008
chloroRedAlgae, 0, 0, 0.011, 0.009, 0, 0, 0, 0, 0.007
mitoAnnelida, 0, 0.001, 0.009, 0.015, 0, 0, 0, 0, 0.005
mitoArabidopsis, 0, 0, 0.008, 0.012, 0, 0, 0, 0, 0.007
mitoBryophyte, 0, 0, 0.012, 0.015, 0, 0, 0, 0, 0.009
mitoChelicerate, 0, 0, 0.013, 0.012, 0, 0, 0, 0, 0.01
mitoChlorophyta, 0, 0, 0.013, 0.013, 0, 0, 0, 0, 0.01
mitoExcavata, 0, 0, 0.018, 0.02, 0, 0, 0, 0, 0.011
mitoFungi, 0, 0, 0.009, 0.006, 0, 0, 0, 0, 0.004
mitoInsect, 0, 0, 0.01, 0.012, 0, 0, 0, 0, 0.007
mitoLycophyte, 0, 0, 0.007, 0.007, 0, 0, 0, 0, 0.006
mitoMollusc, 0, 0, 0.013, 0.013, 0, 0, 0, 0, 0.01
mitoParamecium, 0, 0, 0.011, 0.014, 0, 0, 0, 0, 0.009
mitoPriapulid, 0, 0, 0.012, 0.016, 0, 0, 0, 0, 0.005
mitoRedAlgae, 0, 0, 0.014, 0.011, 0, 0, 0, 0, 0.008
