species_label, speciations, duplications, losses, transfers, presence, origination, copies, singletons, transfers_to
AABM5X1, 0, 0, 0.014, 0.014, 0, 0, 0, 0, 0.011
AABM5X2, 0, 0, 0.017, 0.019, 0, 0, 0, 0, 0.014
AABM5X3, 0, 0, 0.014, 0.016, 0, 0, 0, 0, 0.011
Abys1, 1, 0.001, 0.998, 0.827, 1, 0, 1, 0.186, 0.825
Acid1, 1, 0, 0.024, 0.028, 1, 0, 1, 0.994, 0.017
Acid10, 1, 0.002, 0.938, 0.704, 1, 0, 1, 0.228, 0.782
Acid11, 0, 0, 0.017, 0.018, 0, 0, 0, 0, 0.012
Acid12, 0, 0, 0.032, 0.027, 0, 0, 0, 0, 0.011
Acid13, 0, 0, 0.028, 0.02, 0, 0, 0, 0, 0.007
Acid14, 1, 0, 0.302, 0.095, 1, 0, 1, 0.999, 0.013
Acid16, 1, 0, 0.017, 0.336, 1, 0, 1, 0.013, 0.994
Acid17, 0, 0, 1.019, 0.023, 0, 0, 0, 0, 0.012
Acid18, 0, 0, 0.021, 0.019, 0, 0, 0, 0, 0.015
Acid2, 0, 0, 0.03, 0.033, 0, 0, 0, 0, 0.024
Acid20, 1, 0, 1.013, 0.018, 1, 0, 1, 1, 0.01
Acid21, 0, 0, 0.018, 0.017, 0, 0, 0, 0, 0.012
Acid22, 2, 0.002, 0.065, 0.627, 1, 0, 2, 1.019, 0.998
Acid23, 1, 0.001, 0.018, 0.426, 1, 0, 1, 0.161, 0.853
Acid24, 0, 0, 0.12, 0.064, 0, 0, 0, 0, 0.018
Acid25, 0, 0, 0.019, 0.018, 0, 0, 0, 0, 0.012
Acid26, 0, 0, 0.017, 0.013, 0, 0, 0, 0, 0.008
Acid27, 0, 0, 0.023, 0.017, 0, 0, 0, 0, 0.009
Acid28, 0, 0, 1.018, 0.017, 0, 0, 0, 0, 0.007
Acid29, 0, 0, 0.03, 0.029, 0, 0, 0, 0, 0.016
Acid3, 1, 0, 1.023, 0.461, 1, 0, 1, 0.285, 0.734
Acid30, 0, 0, 0.017, 0.022, 0, 0, 0, 0, 0.014
Acid31, 0, 0, 0.013, 0.011, 0, 0, 0, 0, 0.008
Acid32, 0, 0, 0.023, 0.029, 0, 0, 0, 0, 0.014
Acid33, 1, 0.002, 0.023, 0.538, 1, 0, 1, 0.293, 0.721
Acid34, 0, 0, 0.052, 0.054, 0, 0, 0, 0, 0.006
Acid35, 1, 0, 0.025, 0.025, 1, 0, 1, 1, 0.015
Acid36, 2, 0, 0.016, 0.017, 1, 0, 2, 2, 0.01
Acid37, 0, 0, 0.016, 0.018, 0, 0, 0, 0, 0.013
Acid38, 2, 0, 0.016, 0.014, 1, 0, 2, 2, 0.01
Acid39, 1, 0, 0.017, 0.015, 1, 0, 1, 1, 0.007
Acid4, 1, 0.003, 0.94, 0.544, 1, 0, 1, 0.345, 0.675
Acid40, 2, 0, 0.018, 0.018, 1, 0, 2, 1.998, 0.015
Acid5, 0, 0, 0.106, 0.055, 0, 0, 0, 0, 0.014
Acid6, 1, 0, 0.024, 0.018, 1, 0, 1, 0.998, 0.013
Acid7, 1, 0.001, 0.176, 1.022, 1, 0, 1, 0.999, 0.009
Acid8, 0, 0, 0.059, 0.043, 0, 0, 0, 0, 0.014
Acid9, 0, 0, 0.028, 0.019, 0, 0, 0, 0, 0.01
Acti10, 1, 0.001, 0.965, 0.273, 1, 0, 1, 0.271, 0.738
Acti11, 1, 0, 0.07, 0.018, 1, 0, 1, 0.977, 0.036
Acti12, 2, 0.002, 0.016, 0.628, 1, 0, 2, 1.313, 0.696
Acti13, 1, 0.002, 0.064, 0.431, 1, 0, 1, 0.234, 0.777
Acti14, 1, 0.001, 0.054, 0.368, 1, 0, 1, 0.322, 0.692
Acti15, 1, 0, 0.029, 0.029, 1, 0, 1, 0.961, 0.045
Acti16, 1, 0.001, 0.019, 0.67, 1, 0, 1, 0.48, 0.529
Acti18, 0, 0, 0.501, 0.194, 0, 0, 0, 0, 0.012
Acti19, 0, 0, 0.221, 0.087, 0, 0, 0, 0, 0.01
Acti2, 0, 0, 0.034, 0.032, 0, 0, 0, 0, 0.016
Acti20, 0, 0, 0.12, 0.11, 0, 0, 0, 0, 0.061
Acti21, 1, 0, 0.333, 0.119, 1, 0, 1, 0.998, 0.015
Acti22, 1, 0, 0.058, 0.084, 1, 0, 1, 0.986, 0.024
Acti23, 1, 0, 0.038, 0.222, 1, 0, 1, 0.181, 0.827
Acti24, 0, 0, 0.022, 0.02, 0, 0, 0, 0, 0.016
Acti25, 1, 0, 0.022, 0.032, 1, 0, 1, 0.982, 0.026
Acti26, 0, 0, 0.491, 0.068, 0, 0, 0, 0, 0.01
Acti27, 0, 0, 0.013, 0.014, 0, 0, 0, 0, 0.007
Acti28, 1, 0, 0.98, 0.074, 1, 0, 1, 0.202, 0.806
Acti29, 0, 0, 0.02, 0.024, 0, 0, 0, 0, 0.016
Acti3, 1, 0, 0.288, 0.076, 1, 0, 1, 0.948, 0.062
Acti30, 0, 0, 0.012, 0.011, 0, 0, 0, 0, 0.01
Acti31, 0, 0, 0.971, 0.018, 0, 0, 0, 0, 0.011
Acti32, 1, 0, 0.979, 0.194, 1, 0, 1, 0.205, 0.805
Acti33, 0, 0, 0.38, 0.026, 0, 0, 0, 0, 0.013
Acti34, 1, 0.001, 0.129, 0.391, 1, 0, 1, 0.247, 0.759
Acti35, 1, 0, 0.027, 0.027, 1, 0, 1, 0.349, 0.66
Acti36, 1, 0, 0.071, 0.049, 1, 0, 1, 0.995, 0.017
Acti37, 1, 0, 0.049, 0.029, 1, 0, 1, 1, 0.016
Acti38, 0, 0, 1.025, 0.023, 0, 0, 0, 0, 0.009
Acti39, 0, 0, 0.137, 0.058, 0, 0, 0, 0, 0.03
Acti4, 0, 0, 0.329, 0.194, 0, 0, 0, 0, 0.015
Acti40, 0, 0, 0.18, 0.018, 0, 0, 0, 0, 0.007
Acti41, 1, 0.002, 0.979, 0.474, 1, 0, 1, 0.111, 0.898
Acti42, 1, 0.001, 0.029, 0.25, 1, 0, 1, 0.073, 0.946
Acti43, 1, 0.003, 0.068, 1.035, 1, 0, 1, 0.993, 0.011
Acti44, 0, 0, 1.024, 0.022, 0, 0, 0, 0, 0.014
Acti45, 1, 0, 0.025, 0.018, 1, 0, 1, 0.998, 0.013
Acti46, 1, 0, 0.129, 0.062, 1, 0, 1, 0.964, 0.05
Acti47, 1, 0.001, 0.051, 0.869, 1, 0, 1, 0.971, 0.038
Acti48, 1, 0, 0.258, 0.032, 1, 0, 1, 0.996, 0.013
Acti49, 1, 0, 0.219, 0.123, 1, 0, 1, 0.965, 0.045
Acti5, 0, 0, 0.026, 0.032, 0, 0, 0, 0, 0.022
Acti50, 1, 0, 0.181, 0.009, 1, 0, 1, 0.997, 0.007
Acti51, 0, 0, 0.015, 0.017, 0, 0, 0, 0, 0.009
Acti52, 1, 0, 0.021, 0.024, 1, 0, 1, 0.999, 0.011
Acti6, 0, 0, 0.363, 0.171, 0, 0, 0, 0, 0.002
Acti7, 0, 0, 1.016, 0.026, 0, 0, 0, 0, 0.009
Acti8, 0, 0, 0.016, 0.018, 0, 0, 0, 0, 0.01
Acti9, 0, 0, 0.014, 0.018, 0, 0, 0, 0, 0.01
Aero1, 0, 0, 0.057, 0.052, 0, 0, 0, 0, 0.019
Aqui1, 0, 0, 0.212, 0.046, 0, 0, 0, 0, 0.009
Aqui2, 1, 0, 0.014, 0.198, 1, 0, 1, 0.199, 0.811
Aqui3, 0, 0, 0.026, 0.024, 0, 0, 0, 0, 0.012
Aqui4, 0, 0, 0.012, 0.014, 0, 0, 0, 0, 0.009
Aqui5, 0, 0, 0.044, 0.016, 0, 0, 0, 0, 0.006
Aqui6, 0, 0, 0.015, 0.015, 0, 0, 0, 0, 0.012
Arma11, 2, 0.044, 0.084, 0.334, 1, 0, 2, 0.753, 1.177
Arma12, 2, 0.001, 0.086, 0.492, 1, 0, 2, 0.431, 1.583
Arma13, 0, 0, 0.013, 0.014, 0, 0, 0, 0, 0.011
Arma14, 0, 0.001, 0.085, 0.089, 0, 0, 0, 0, 0.012
Arma15, 0, 0, 0.014, 0.017, 0, 0, 0, 0, 0.012
Arma16, 1, 0, 0.086, 0.052, 1, 0, 1, 0.999, 0.009
Arma3, 2, 0, 0.286, 0.708, 1, 0, 2, 0.412, 1.604
Arma4, 0, 0, 0.092, 0.089, 0, 0, 0, 0, 0.02
Arma6, 1, 0, 0.019, 0.023, 1, 0, 1, 0.999, 0.016
Arma7, 0, 0, 0.515, 0.15, 0, 0, 0, 0, 0.013
Arma9, 1, 0, 0.026, 0.023, 1, 0, 1, 1, 0.012
Aure1, 0, 0, 0.929, 0.139, 0, 0, 0, 0, 0.017
Aure2, 1, 0, 0.134, 0.188, 1, 0, 1, 0.79, 0.222
Aure3, 0, 0, 1.364, 0.487, 0, 0, 0, 0, 0.015
B130X1, 0, 0, 0.608, 0.295, 0, 0, 0, 0, 0.062
BMS3X1, 0, 0, 0.259, 0.209, 0, 0, 0, 0, 0.055
Bact1, 0, 0, 0.01, 0.01, 0, 0, 0, 0, 0.004
Bact10, 0, 0, 0.116, 0.052, 0, 0, 0, 0, 0.011
Bact11, 0, 0, 0.022, 0.021, 0, 0, 0, 0, 0.016
Bact12, 0, 0, 0.021, 0.021, 0, 0, 0, 0, 0.016
Bact13, 0, 0, 0.022, 0.022, 0, 0, 0, 0, 0.017
Bact14, 0, 0, 0.012, 0.013, 0, 0, 0, 0, 0.006
Bact16, 0, 0, 0.012, 0.016, 0, 0, 0, 0, 0.009
Bact17, 0, 0, 0.017, 0.014, 0, 0, 0, 0, 0.011
Bact18, 0, 0, 0.013, 0.013, 0, 0, 0, 0, 0.011
Bact19, 1, 0, 0.015, 0.029, 1, 0, 1, 0.959, 0.052
Bact2, 0, 0, 0.016, 0.019, 0, 0, 0, 0, 0.008
Bact20, 0, 0, 0.017, 0.017, 0, 0, 0, 0, 0.009
Bact21, 0, 0, 0.1, 0.058, 0, 0, 0, 0, 0.01
Bact22, 0, 0, 0.019, 0.022, 0, 0, 0, 0, 0.01
Bact23, 1, 0, 0.011, 0.021, 1, 0, 1, 0.151, 0.858
Bact24, 0, 0, 0.018, 0.02, 0, 0, 0, 0, 0.015
Bact25, 0, 0, 0.017, 0.019, 0, 0, 0, 0, 0.012
Bact27, 0, 0, 0.013, 0.015, 0, 0, 0, 0, 0.012
Bact28, 0, 0, 0.167, 0.021, 0, 0, 0, 0, 0.014
Bact29, 1, 0.002, 0.017, 0.429, 1, 0, 1, 0.271, 0.736
Bact3, 0, 0, 0.011, 0.007, 0, 0, 0, 0, 0.005
Bact30, 0, 0, 0.014, 0.02, 0, 0, 0, 0, 0.011
Bact31, 0, 0, 0.019, 0.017, 0, 0, 0, 0, 0.014
Bact32, 0, 0, 0.016, 0.018, 0, 0, 0, 0, 0.013
Bact33, 0, 0, 0.405, 0.144, 0, 0, 0, 0, 0.019
Bact34, 0, 0, 0.034, 0.012, 0, 0, 0, 0, 0.008
Bact35, 0, 0, 0.015, 0.016, 0, 0, 0, 0, 0.008
Bact36, 0, 0, 0.018, 0.02, 0, 0, 0, 0, 0.008
Bact37, 0, 0, 0.016, 0.016, 0, 0, 0, 0, 0.011
Bact38, 0, 0, 0.011, 0.013, 0, 0, 0, 0, 0.006
Bact39, 2, 0, 0.015, 0.386, 1, 0, 2, 0.383, 1.629
Bact4, 0, 0, 0.029, 0.025, 0, 0, 0, 0, 0.018
Bact40, 0, 0, 0.012, 0.014, 0, 0, 0, 0, 0.007
Bact41, 0, 0, 0.014, 0.012, 0, 0, 0, 0, 0.009
Bact42, 0, 0, 0.011, 0.01, 0, 0, 0, 0, 0.006
Bact43, 0, 0, 0.019, 0.014, 0, 0, 0, 0, 0.009
Bact44, 1, 0, 0.014, 0.023, 1, 0, 1, 0.956, 0.048
Bact5, 0, 0, 0.008, 0.005, 0, 0, 0, 0, 0.005
Bact6, 0, 0, 0.042, 0.019, 0, 0, 0, 0, 0.01
Bact7, 0, 0, 0.016, 0.016, 0, 0, 0, 0, 0.011
Bact8, 0, 0, 0.017, 0.016, 0, 0, 0, 0, 0.012
Bact9, 0, 0, 0.283, 0.127, 0, 0, 0, 0, 0.004
Bdell10, 0, 0, 0.028, 0.022, 0, 0, 0, 0, 0.009
Bdell11, 0, 0, 0.024, 0.019, 0, 0, 0, 0, 0.011
Bdell12, 1, 0, 0.018, 0.018, 1, 0, 1, 0.999, 0.012
Bdell13, 0, 0, 0.292, 0.088, 0, 0, 0, 0, 0.011
Bdell14, 0, 0, 0.018, 0.012, 0, 0, 0, 0, 0.01
Bdell15, 0, 0, 0.017, 0.017, 0, 0, 0, 0, 0.009
Bdell16, 0, 0, 0.019, 0.017, 0, 0, 0, 0, 0.01
Bdell17, 0, 0, 0.02, 0.024, 0, 0, 0, 0, 0.011
Bdell2, 0, 0, 0.026, 0.026, 0, 0, 0, 0, 0.007
Bdell3, 1, 0, 0.018, 0.016, 1, 0, 1, 0.998, 0.012
Bdell4, 0, 0, 0.02, 0.023, 0, 0, 0, 0, 0.012
Bdell5, 0, 0, 0.009, 0.007, 0, 0, 0, 0, 0.006
Bdell6, 0, 0, 0.075, 0.052, 0, 0, 0, 0, 0.009
Bdell7, 0, 0, 0.012, 0.011, 0, 0, 0, 0, 0.009
Bdell9, 0, 0, 0.019, 0.017, 0, 0, 0, 0, 0.011
BdellC1, 0, 0, 0.025, 0.021, 0, 0, 0, 0, 0.008
BdellC2, 0, 0, 0.029, 0.029, 0, 0, 0, 0, 0.012
Bipo1, 0, 0, 0.258, 0.099, 0, 0, 0, 0, 0.015
Bipo2, 1, 0.002, 0.025, 0.307, 1, 0, 1, 0.227, 0.78
CG267X1, 0, 0, 0.067, 0.059, 0, 0, 0, 0, 0.011
CG294X1, 0, 0, 0.066, 0.042, 0, 0, 0, 0, 0.01
CSP1X1, 0, 0, 0.105, 0.072, 0, 0, 0, 0, 0.014
Calda1, 0, 0, 0.015, 0.017, 0, 0, 0, 0, 0.01
Calda2, 0, 0, 0.021, 0.023, 0, 0, 0, 0, 0.016
Caldit1, 0, 0, 0.022, 0.024, 0, 0, 0, 0, 0.017
Caldit2, 0, 0, 0.021, 0.024, 0, 0, 0, 0, 0.016
Caldit3, 0, 0, 0.014, 0.013, 0, 0, 0, 0, 0.012
Camp1, 0, 0, 0.033, 0.032, 0, 0, 0, 0, 0.014
Camp10, 0, 0, 0.231, 0.07, 0, 0, 0, 0, 0.013
Camp11, 1, 0.001, 0.061, 0.275, 1, 0, 1, 0.286, 0.725
Camp12, 0, 0, 0.24, 0.09, 0, 0, 0, 0, 0.009
Camp13, 0, 0, 0.025, 0.017, 0, 0, 0, 0, 0.01
Camp14, 1, 0, 0.009, 0.062, 1, 0, 1, 0.238, 0.768
Camp15, 0, 0, 0.25, 0.038, 0, 0, 0, 0, 0.009
Camp16, 1, 0.005, 0.116, 1.504, 1, 0, 1, 0.924, 0.086
Camp2, 0, 0, 0.029, 0.024, 0, 0, 0, 0, 0.014
Camp3, 0, 0, 0.03, 0.028, 0, 0, 0, 0, 0.011
Camp4, 1, 0.002, 0.218, 0.78, 1, 0, 1, 0.817, 0.191
Camp5, 1, 0, 0.024, 0.068, 1, 0, 1, 0.199, 0.806
Camp6, 0, 0, 0.023, 0.019, 0, 0, 0, 0, 0.011
Camp7, 0, 0, 0.248, 0.041, 0, 0, 0, 0, 0.009
Camp9, 0, 0, 0.02, 0.019, 0, 0, 0, 0, 0.008
Chlo10, 0, 0, 1.021, 0.026, 0, 0, 0, 0, 0.011
Chlo11, 0, 0, 0.032, 0.037, 0, 0, 0, 0, 0.021
Chlo12, 1, 0, 0.018, 0.032, 1, 0, 1, 0.952, 0.061
Chlo13, 0, 0, 0.102, 0.042, 0, 0, 0, 0, 0.016
Chlo14, 0, 0, 0.044, 0.026, 0, 0, 0, 0, 0.011
Chlo15, 0, 0, 0.026, 0.024, 0, 0, 0, 0, 0.017
Chlo16, 0, 0, 0.021, 0.021, 0, 0, 0, 0, 0.012
Chlo17, 1, 0, 0.021, 0.022, 1, 0, 1, 1, 0.016
Chlo18, 0, 0, 0.042, 0.04, 0, 0, 0, 0, 0.016
Chlo19, 0, 0, 0.02, 0.019, 0, 0, 0, 0, 0.011
Chlo20, 0, 0, 0.155, 0.058, 0, 0, 0, 0, 0.011
Chlo21, 0, 0, 0.009, 0.008, 0, 0, 0, 0, 0.005
Chlo22, 1, 0, 0.017, 0.013, 1, 0, 1, 1, 0.011
Chlo23, 0, 0, 0.143, 0.088, 0, 0, 0, 0, 0.018
Chlo24, 0, 0, 0.969, 0.021, 0, 0, 0, 0, 0.012
Chlo25, 0, 0, 0.023, 0.024, 0, 0, 0, 0, 0.009
Chlo26, 0, 0, 0.026, 0.023, 0, 0, 0, 0, 0.015
Chlo27, 1, 0, 0.091, 0.372, 1, 0, 1, 0.441, 0.574
Chlo28, 0, 0, 0.069, 0.048, 0, 0, 0, 0, 0.016
Chlo29, 0, 0, 0.939, 0.045, 0, 0, 0, 0, 0.01
Chlo30, 1, 0.001, 0.195, 0.473, 1, 0, 1, 0.237, 0.774
Chlo31, 0, 0, 0.025, 0.018, 0, 0, 0, 0, 0.011
Chlo32, 1, 0.006, 0.034, 1.128, 1, 0, 1, 0.979, 0.024
Chlo33, 0, 0, 0.132, 0.115, 0, 0, 0, 0, 0.011
Chlo34, 0, 0, 0.027, 0.021, 0, 0, 0, 0, 0.01
Chlo35, 0, 0, 0.016, 0.015, 0, 0, 0, 0, 0.012
Chlo36, 1, 0, 0.018, 0.48, 1, 0, 1, 0.308, 0.701
Chlo37, 1, 0.001, 0.255, 0.566, 1, 0, 1, 0.173, 0.834
Chlo38, 0, 0, 0.013, 0.016, 0, 0, 0, 0, 0.004
Chlo39, 0, 0, 0.027, 0.028, 0, 0, 0, 0, 0.021
Chlo4, 2, 0, 0.018, 0.059, 1, 0, 2, 1.809, 0.202
Chlo40, 0, 0, 0.328, 0.097, 0, 0, 0, 0, 0.011
Chlo41, 0, 0, 0.014, 0.014, 0, 0, 0, 0, 0.008
Chlo42, 0, 0, 0.024, 0.018, 0, 0, 0, 0, 0.007
Chlo43, 0, 0, 0.076, 0.047, 0, 0, 0, 0, 0.017
Chlo44, 1, 0, 0.012, 0.009, 1, 0, 1, 1, 0.007
Chlo45, 0, 0, 0.3, 0.114, 0, 0, 0, 0, 0.009
Chlo46, 1, 0.001, 0.062, 0.366, 1, 0, 1, 0.235, 0.77
Chlo47, 1, 0, 0.026, 0.024, 1, 0, 1, 0.997, 0.013
Chlo48, 1, 0, 0.019, 0.018, 1, 0, 1, 0.997, 0.009
Chlo5, 0, 0, 0.017, 0.013, 0, 0, 0, 0, 0.008
Chlo6, 0, 0, 0.033, 0.029, 0, 0, 0, 0, 0.007
Chlo7, 0, 0, 0.026, 0.026, 0, 0, 0, 0, 0.017
Chlo8, 1, 0, 0.019, 0.265, 1, 0, 1, 0.465, 0.546
Chlo9, 0, 0, 0.044, 0.033, 0, 0, 0, 0, 0.012
Chry1, 1, 0, 0.077, 0.081, 1, 0, 1, 0.008, 1.006
Cloa1, 0, 0, 0.087, 0.08, 0, 0, 0, 0, 0.051
Cyan1, 0, 0, 0.038, 0.037, 0, 0, 0, 0, 0.016
Cyan10, 1, 0, 0.337, 0.079, 1, 0, 1, 1, 0.015
Cyan11, 1, 0.001, 0.98, 0.434, 1, 0, 1, 0.308, 0.696
Cyan12, 1, 0, 0.02, 0.021, 1, 0, 1, 0.99, 0.022
Cyan13, 0, 0, 1.01, 0.017, 0, 0, 0, 0, 0.012
Cyan14, 2, 0, 0.899, 0.548, 1, 0, 2, 0.839, 1.17
Cyan15, 1, 0, 0.856, 0.169, 1, 0, 1, 0.881, 0.127
Cyan16, 1, 0, 1.117, 0.158, 1, 0, 1, 0.532, 0.476
Cyan18, 1, 0, 0.023, 0.025, 1, 0, 1, 0.991, 0.025
Cyan19, 1, 0, 1.023, 0.213, 1, 0, 1, 0.943, 0.069
Cyan2, 0, 0, 0.037, 0.031, 0, 0, 0, 0, 0.015
Cyan20, 1, 0, 0.031, 0.029, 1, 0, 1, 0.996, 0.027
Cyan21, 1, 0, 1.012, 0.018, 1, 0, 1, 0.06, 0.947
Cyan22, 1, 0, 0.364, 0.027, 1, 0, 1, 1, 0.013
Cyan23, 1, 0.003, 0.498, 0.708, 1, 0, 1, 0.885, 0.121
Cyan24, 1, 0, 1.165, 0.326, 1, 0, 1, 0.014, 0.993
Cyan25, 1, 0, 1.229, 0.105, 1, 0, 1, 0.926, 0.083
Cyan26, 1, 0, 0.368, 0.105, 1, 0, 1, 0.926, 0.085
Cyan27, 2, 0, 0.906, 0.022, 1, 0, 2, 1.964, 0.04
Cyan28, 1, 0, 0.015, 0.017, 1, 0, 1, 0.052, 0.961
Cyan29, 2, 0, 0.283, 0.346, 1, 0, 2, 1.366, 0.642
Cyan3, 1, 0, 1.012, 0.685, 1, 0, 1, 0.114, 0.898
Cyan30, 1, 0, 0.02, 0.021, 1, 0, 1, 1, 0.014
Cyan31, 1, 0, 0.017, 0.054, 1, 0, 1, 1, 0.014
Cyan32, 1, 0, 0.222, 0.381, 1, 0, 1, 0.995, 0.012
Cyan33, 1, 0, 0.075, 0.017, 1, 0, 1, 0.999, 0.01
Cyan34, 1, 0, 0.009, 0.011, 1, 0, 1, 1, 0.006
Cyan35, 1, 0, 0.26, 0.027, 1, 0, 1, 1, 0.008
Cyan36, 1, 0, 0.223, 0.085, 1, 0, 1, 0.999, 0.011
Cyan37, 1, 0, 1.019, 0.068, 1, 0, 1, 0.002, 1.008
Cyan38, 1, 0, 0.027, 0.019, 1, 0, 1, 0.999, 0.011
Cyan4, 0, 0, 0.018, 0.016, 0, 0, 0, 0, 0.015
Cyan40, 2, 0, 0.904, 0.058, 1, 0, 2, 1.972, 0.038
Cyan41, 1, 0, 0.071, 0.031, 1, 0, 1, 0.999, 0.011
Cyan42, 1, 0, 0.126, 0.408, 1, 0, 1, 0.997, 0.012
Cyan43, 1, 0.001, 1.03, 0.262, 1, 0, 1, 0.994, 0.015
Cyan44, 2, 0, 0.084, 0.047, 1, 0, 2, 2, 0.01
Cyan45, 2, 0, 0.015, 0.205, 1, 0, 2, 1.317, 0.693
Cyan46, 1, 0.001, 1.005, 0.564, 1, 0, 1, 0.211, 0.794
Cyan47, 2, 0, 0.082, 0.05, 1, 0, 2, 2, 0.008
Cyan7, 0, 0, 0.203, 0.049, 0, 0, 0, 0, 0.012
Cyan8, 0, 0, 0.015, 0.015, 0, 0, 0, 0, 0.011
Cyan9, 0, 0, 0.014, 0.018, 0, 0, 0, 0, 0.011
DTU0X1, 0, 0, 0.016, 0.018, 0, 0, 0, 0, 0.015
Defe1, 0, 0, 0.076, 0.044, 0, 0, 0, 0, 0.006
Defe2, 0, 0, 0.18, 0.072, 0, 0, 0, 0, 0.005
Defe3, 1, 0.001, 0.013, 0.653, 1, 0, 1, 0.173, 0.837
Dein1, 0, 0, 0.989, 0.031, 0, 0, 0, 0, 0.014
Dein2, 1, 0.003, 0.263, 0.357, 1, 0, 1, 0.267, 0.743
Dein3, 0, 0, 0.969, 0.018, 0, 0, 0, 0, 0.007
Dein4, 1, 0, 0.046, 0.042, 1, 0, 1, 1, 0.009
Dein5, 1, 0, 0.021, 0.057, 1, 0, 1, 0.965, 0.046
Dein6, 1, 0, 0.045, 0.03, 1, 0, 1, 0.999, 0.008
Dein7, 1, 0, 0.018, 0.037, 1, 0, 1, 0.952, 0.056
Desa1, 0, 0, 0.16, 0.14, 0, 0, 0, 0, 0.076
DesuB1, 0, 0, 0.272, 0.057, 0, 0, 0, 0, 0.009
DesuB2, 1, 0, 0.049, 0.088, 1, 0, 1, 0.225, 0.786
DesuB3, 1, 0, 0.016, 0.015, 1, 0, 1, 0.997, 0.01
DesuB4, 1, 0, 0.018, 0.02, 1, 0, 1, 0.997, 0.012
DesuC1, 0, 0, 0.064, 0.051, 0, 0, 0, 0, 0.014
DesuC2, 0, 0, 0.06, 0.046, 0, 0, 0, 0, 0.01
DesuD1, 1, 0, 0.339, 0.065, 1, 0, 1, 1, 0.009
DesuD2, 2, 0.001, 0.062, 0.132, 1, 0, 2, 1.277, 0.731
Desua1, 0, 0, 0.022, 0.026, 0, 0, 0, 0, 0.02
Desua10, 0, 0, 0.019, 0.021, 0, 0, 0, 0, 0.013
Desua11, 0, 0, 0.011, 0.01, 0, 0, 0, 0, 0.01
Desua12, 0, 0, 0.014, 0.014, 0, 0, 0, 0, 0.011
Desua13, 0, 0, 0.02, 0.022, 0, 0, 0, 0, 0.017
Desua14, 0, 0, 0.015, 0.013, 0, 0, 0, 0, 0.012
Desua15, 0, 0, 0.024, 0.021, 0, 0, 0, 0, 0.015
Desua16, 0, 0, 0.024, 0.029, 0, 0, 0, 0, 0.015
Desua17, 0, 0, 0.017, 0.017, 0, 0, 0, 0, 0.011
Desua18, 0, 0, 0.019, 0.023, 0, 0, 0, 0, 0.009
Desua19, 0, 0, 0.017, 0.014, 0, 0, 0, 0, 0.009
Desua2, 0, 0, 0.024, 0.024, 0, 0, 0, 0, 0.018
Desua20, 0, 0, 0.021, 0.017, 0, 0, 0, 0, 0.016
Desua21, 0, 0, 0.014, 0.014, 0, 0, 0, 0, 0.011
Desua22, 0, 0, 0.016, 0.014, 0, 0, 0, 0, 0.011
Desua23, 0, 0, 0.019, 0.018, 0, 0, 0, 0, 0.014
Desua24, 0, 0, 0.019, 0.019, 0, 0, 0, 0, 0.016
Desua25, 0, 0, 0.014, 0.014, 0, 0, 0, 0, 0.01
Desua26, 0, 0, 0.016, 0.017, 0, 0, 0, 0, 0.012
Desua27, 0, 0, 0.012, 0.013, 0, 0, 0, 0, 0.011
Desua28, 1, 0, 0.015, 0.01, 1, 0, 1, 0.999, 0.006
Desua29, 0, 0, 0.01, 0.009, 0, 0, 0, 0, 0.006
Desua3, 0, 0, 0.011, 0.011, 0, 0, 0, 0, 0.009
Desua30, 0, 0, 0.023, 0.026, 0, 0, 0, 0, 0.019
Desua31, 0, 0, 0.014, 0.013, 0, 0, 0, 0, 0.012
Desua32, 0, 0, 0.017, 0.022, 0, 0, 0, 0, 0.012
Desua33, 0, 0, 0.015, 0.018, 0, 0, 0, 0, 0.012
Desua34, 0, 0, 0.016, 0.02, 0, 0, 0, 0, 0.014
Desua35, 1, 0, 0.025, 0.023, 1, 0, 1, 0.999, 0.016
Desua36, 1, 0.003, 0.022, 0.468, 1, 0, 1, 0.327, 0.687
Desua37, 0, 0, 0.035, 0.032, 0, 0, 0, 0, 0.016
Desua38, 0, 0, 0.337, 0.197, 0, 0, 0, 0, 0.005
Desua39, 0, 0, 0.127, 0.068, 0, 0, 0, 0, 0.015
Desua4, 0, 0, 0.026, 0.025, 0, 0, 0, 0, 0.021
Desua40, 0, 0, 0.019, 0.019, 0, 0, 0, 0, 0.017
Desua41, 0, 0, 0.014, 0.016, 0, 0, 0, 0, 0.01
Desua42, 0, 0, 0.014, 0.02, 0, 0, 0, 0, 0.01
Desua43, 0, 0, 0.01, 0.013, 0, 0, 0, 0, 0.007
Desua44, 0, 0, 0.03, 0.024, 0, 0, 0, 0, 0.006
Desua45, 0, 0, 0.014, 0.012, 0, 0, 0, 0, 0.008
Desua46, 0, 0, 0.02, 0.022, 0, 0, 0, 0, 0.016
Desua47, 0, 0, 0.019, 0.022, 0, 0, 0, 0, 0.015
Desua48, 0, 0, 0.012, 0.014, 0, 0, 0, 0, 0.009
Desua49, 0, 0, 0.014, 0.016, 0, 0, 0, 0, 0.011
Desua5, 0, 0, 0.214, 0.138, 0, 0, 0, 0, 0.015
Desua50, 0, 0, 0.018, 0.017, 0, 0, 0, 0, 0.013
Desua51, 0, 0, 0.026, 0.024, 0, 0, 0, 0, 0.006
Desua52, 0, 0, 0.012, 0.011, 0, 0, 0, 0, 0.009
Desua53, 0, 0, 0.025, 0.017, 0, 0, 0, 0, 0.005
Desua54, 0, 0, 0.018, 0.02, 0, 0, 0, 0, 0.015
Desua6, 0, 0, 0.019, 0.016, 0, 0, 0, 0, 0.009
Desua7, 0, 0, 0.016, 0.017, 0, 0, 0, 0, 0.006
Desua8, 0, 0, 0.015, 0.018, 0, 0, 0, 0, 0.009
Desua9, 0, 0, 0.013, 0.012, 0, 0, 0, 0, 0.007
Dict1, 0, 0, 0.037, 0.034, 0, 0, 0, 0, 0.014
Dorm1, 0, 0, 0.998, 0.018, 0, 0, 0, 0, 0.012
Dorm2, 1, 0, 0.011, 0.017, 1, 0, 1, 0.98, 0.025
Dorm3, 1, 0, 0.349, 0.118, 1, 0, 1, 0.606, 0.409
Dorm4, 1, 0, 0.024, 0.029, 1, 0, 1, 0.972, 0.039
Dorm5, 0, 0, 0.982, 0.011, 0, 0, 0, 0, 0.004
Edwa1, 0, 0, 0.036, 0.044, 0, 0, 0, 0, 0.029
Eise1, 0, 0, 0.016, 0.015, 0, 0, 0, 0, 0.01
Eise2, 0, 0, 0.021, 0.021, 0, 0, 0, 0, 0.015
Eise3, 0, 0, 0.011, 0.01, 0, 0, 0, 0, 0.008
Eise4, 0, 0, 0.008, 0.006, 0, 0, 0, 0, 0.005
Elus1, 0, 0, 0.021, 0.02, 0, 0, 0, 0, 0.012
Elus10, 0, 0, 0.019, 0.02, 0, 0, 0, 0, 0.014
Elus2, 0, 0, 0.013, 0.014, 0, 0, 0, 0, 0.01
Elus3, 0, 0, 0.011, 0.011, 0, 0, 0, 0, 0.006
Elus4, 0, 0, 0.013, 0.014, 0, 0, 0, 0, 0.01
Elus5, 0, 0, 0.017, 0.022, 0, 0, 0, 0, 0.014
Elus6, 0, 0, 0.017, 0.016, 0, 0, 0, 0, 0.012
Elus7, 0, 0, 0.011, 0.014, 0, 0, 0, 0, 0.009
Elus8, 0, 0, 0.015, 0.016, 0, 0, 0, 0, 0.01
Elus9, 0, 0, 0.015, 0.011, 0, 0, 0, 0, 0.01
Erem2, 0, 0, 0.025, 0.023, 0, 0, 0, 0, 0.011
Erem3, 0, 0, 0.022, 0.014, 0, 0, 0, 0, 0.013
Erem4, 0, 0, 0.014, 0.016, 0, 0, 0, 0, 0.009
Erem5, 0, 0, 0.014, 0.014, 0, 0, 0, 0, 0.009
Erem6, 0, 0, 0.017, 0.014, 0, 0, 0, 0, 0.01
FCPU1, 1, 0, 0.019, 0.022, 1, 0, 1, 0.999, 0.013
FCPU2, 1, 0, 0.015, 0.017, 1, 0, 1, 0.999, 0.009
Ferm1, 0, 0, 0.027, 0.032, 0, 0, 0, 0, 0.024
Fibr1, 2, 0.002, 0.022, 0.376, 1, 0, 2, 0.294, 1.724
Fibr2, 0, 0, 0.018, 0.018, 0, 0, 0, 0, 0.011
Fibr3, 0, 0, 0.059, 0.03, 0, 0, 0, 0, 0.013
Fibr4, 0, 0, 0.013, 0.012, 0, 0, 0, 0, 0.006
Fibr5, 0, 0, 0.313, 0.071, 0, 0, 0, 0, 0.017
Fibr6, 0, 0, 0.017, 0.009, 0, 0, 0, 0, 0.005
Fire1, 0, 0, 0.127, 0.095, 0, 0, 0, 0, 0.016
FirmA1, 0, 0, 0.025, 0.024, 0, 0, 0, 0, 0.02
FirmA10, 0, 0, 0.029, 0.024, 0, 0, 0, 0, 0.018
FirmA100, 0, 0, 0.018, 0.021, 0, 0, 0, 0, 0.01
FirmA101, 0, 0, 0.008, 0.006, 0, 0, 0, 0, 0.005
FirmA102, 0, 0, 0.373, 0.096, 0, 0, 0, 0, 0.006
FirmA103, 1, 0, 0.016, 0.291, 1, 0, 1, 0.246, 0.767
FirmA104, 0, 0, 0.012, 0.012, 0, 0, 0, 0, 0.01
FirmA105, 0, 0, 0.016, 0.018, 0, 0, 0, 0, 0.012
FirmA106, 0, 0, 0.02, 0.017, 0, 0, 0, 0, 0.01
FirmA107, 0, 0, 0.016, 0.018, 0, 0, 0, 0, 0.01
FirmA108, 0, 0, 0.009, 0.01, 0, 0, 0, 0, 0.008
FirmA109, 0, 0, 0.01, 0.007, 0, 0, 0, 0, 0.005
FirmA11, 0, 0, 0.017, 0.013, 0, 0, 0, 0, 0.007
FirmA110, 0, 0, 0.011, 0.011, 0, 0, 0, 0, 0.01
FirmA111, 0, 0, 0.034, 0.026, 0, 0, 0, 0, 0.01
FirmA112, 0, 0, 0.053, 0.032, 0, 0, 0, 0, 0.011
FirmA113, 0, 0, 0.022, 0.019, 0, 0, 0, 0, 0.017
FirmA114, 0, 0, 0.02, 0.022, 0, 0, 0, 0, 0.015
FirmA12, 0, 0, 0.79, 0.137, 0, 0, 0, 0, 0.009
FirmA14, 0, 0, 0.026, 0.028, 0, 0, 0, 0, 0.021
FirmA16, 1, 0.001, 0.019, 0.148, 1, 0, 1, 0.123, 0.886
FirmA18, 0, 0, 0.261, 0.084, 0, 0, 0, 0, 0.012
FirmA19, 0, 0, 0.007, 0.006, 0, 0, 0, 0, 0.003
FirmA2, 0, 0, 0.229, 0.08, 0, 0, 0, 0, 0.015
FirmA20, 0, 0, 0.02, 0.017, 0, 0, 0, 0, 0.012
FirmA21, 0, 0, 0.014, 0.014, 0, 0, 0, 0, 0.013
FirmA24, 0, 0, 0.017, 0.018, 0, 0, 0, 0, 0.014
FirmA25, 0, 0, 0.01, 0.009, 0, 0, 0, 0, 0.007
FirmA26, 1, 0.016, 0.2, 3.353, 1, 0, 1, 0.877, 0.118
FirmA27, 0, 0, 0.019, 0.023, 0, 0, 0, 0, 0.015
FirmA28, 0, 0, 0.02, 0.024, 0, 0, 0, 0, 0.015
FirmA29, 0, 0, 0.022, 0.028, 0, 0, 0, 0, 0.016
FirmA30, 0, 0, 0.024, 0.02, 0, 0, 0, 0, 0.011
FirmA31, 0, 0, 0.017, 0.016, 0, 0, 0, 0, 0.012
FirmA32, 0, 0, 0.009, 0.011, 0, 0, 0, 0, 0.007
FirmA33, 0, 0, 0.019, 0.02, 0, 0, 0, 0, 0.016
FirmA34, 0, 0, 0.083, 0.046, 0, 0, 0, 0, 0.01
FirmA35, 0, 0, 0.013, 0.013, 0, 0, 0, 0, 0.009
FirmA36, 0, 0, 0.015, 0.011, 0, 0, 0, 0, 0.01
FirmA37, 0, 0, 0.022, 0.022, 0, 0, 0, 0, 0.011
FirmA38, 0, 0, 0.012, 0.019, 0, 0, 0, 0, 0.01
FirmA39, 0, 0, 0.013, 0.015, 0, 0, 0, 0, 0.012
FirmA40, 0, 0, 0.019, 0.017, 0, 0, 0, 0, 0.01
FirmA41, 1, 0.002, 0.183, 0.167, 1, 0, 1, 0.894, 0.115
FirmA42, 0, 0, 0.017, 0.02, 0, 0, 0, 0, 0.013
FirmA43, 0, 0, 0.01, 0.013, 0, 0, 0, 0, 0.009
FirmA44, 0, 0, 0.015, 0.015, 0, 0, 0, 0, 0.01
FirmA45, 0, 0, 0.021, 0.021, 0, 0, 0, 0, 0.012
FirmA46, 0, 0, 0.022, 0.026, 0, 0, 0, 0, 0.013
FirmA47, 0, 0, 0.011, 0.012, 0, 0, 0, 0, 0.01
FirmA48, 0, 0, 0.014, 0.012, 0, 0, 0, 0, 0.012
FirmA49, 0, 0, 0.015, 0.015, 0, 0, 0, 0, 0.013
FirmA5, 0, 0, 0.011, 0.012, 0, 0, 0, 0, 0.008
FirmA50, 0, 0, 0.02, 0.024, 0, 0, 0, 0, 0.01
FirmA51, 0, 0, 0.02, 0.021, 0, 0, 0, 0, 0.014
FirmA52, 0, 0, 0.017, 0.015, 0, 0, 0, 0, 0.011
FirmA53, 0, 0, 0.016, 0.018, 0, 0, 0, 0, 0.012
FirmA54, 0, 0, 0.015, 0.019, 0, 0, 0, 0, 0.011
FirmA55, 0, 0, 0.017, 0.016, 0, 0, 0, 0, 0.013
FirmA56, 0, 0, 0.014, 0.012, 0, 0, 0, 0, 0.011
FirmA57, 0, 0, 0.025, 0.024, 0, 0, 0, 0, 0.013
FirmA58, 0, 0, 0.015, 0.012, 0, 0, 0, 0, 0.01
FirmA59, 0, 0, 0.013, 0.015, 0, 0, 0, 0, 0.011
FirmA6, 0, 0, 0.017, 0.018, 0, 0, 0, 0, 0.013
FirmA60, 0, 0, 0.009, 0.009, 0, 0, 0, 0, 0.005
FirmA61, 0, 0, 0.02, 0.028, 0, 0, 0, 0, 0.013
FirmA62, 0, 0, 0.013, 0.015, 0, 0, 0, 0, 0.009
FirmA63, 0, 0, 0.022, 0.022, 0, 0, 0, 0, 0.015
FirmA64, 0, 0, 0.015, 0.015, 0, 0, 0, 0, 0.012
FirmA65, 0, 0, 0.01, 0.011, 0, 0, 0, 0, 0.007
FirmA66, 0, 0, 0.015, 0.01, 0, 0, 0, 0, 0.008
FirmA67, 0, 0, 0.06, 0.035, 0, 0, 0, 0, 0.009
FirmA68, 0, 0, 0.012, 0.013, 0, 0, 0, 0, 0.007
FirmA69, 0, 0, 0.017, 0.013, 0, 0, 0, 0, 0.012
FirmA7, 0, 0, 0.737, 0.115, 0, 0, 0, 0, 0.01
FirmA70, 0, 0, 0.019, 0.02, 0, 0, 0, 0, 0.009
FirmA71, 0, 0, 0.015, 0.013, 0, 0, 0, 0, 0.011
FirmA72, 0, 0, 0.01, 0.007, 0, 0, 0, 0, 0.006
FirmA73, 0, 0, 0.012, 0.016, 0, 0, 0, 0, 0.008
FirmA74, 0, 0, 0.015, 0.021, 0, 0, 0, 0, 0.011
FirmA75, 0, 0, 0.015, 0.016, 0, 0, 0, 0, 0.012
FirmA76, 1, 0.001, 0.028, 0.33, 1, 0, 1, 0.345, 0.66
FirmA77, 0, 0, 0.016, 0.018, 0, 0, 0, 0, 0.014
FirmA78, 0, 0, 0.013, 0.012, 0, 0, 0, 0, 0.011
FirmA79, 1, 0, 0.009, 0.118, 1, 0, 1, 0.051, 0.958
FirmA8, 0, 0, 0.017, 0.018, 0, 0, 0, 0, 0.014
FirmA80, 1, 0.001, 0.019, 0.248, 1, 0, 1, 0.068, 0.945
FirmA81, 0, 0, 0.008, 0.008, 0, 0, 0, 0, 0.004
FirmA83, 0, 0, 0.009, 0.01, 0, 0, 0, 0, 0.007
FirmA84, 0, 0, 0.018, 0.018, 0, 0, 0, 0, 0.015
FirmA85, 0, 0, 0.013, 0.011, 0, 0, 0, 0, 0.009
FirmA86, 0, 0, 0.023, 0.02, 0, 0, 0, 0, 0.013
FirmA87, 1, 0.001, 0.016, 0.151, 1, 0, 1, 0.046, 0.964
FirmA88, 0, 0, 0.007, 0.006, 0, 0, 0, 0, 0.004
FirmA89, 0, 0, 0.011, 0.014, 0, 0, 0, 0, 0.01
FirmA9, 0, 0, 0.016, 0.019, 0, 0, 0, 0, 0.013
FirmA90, 0, 0, 0.052, 0.037, 0, 0, 0, 0, 0.01
FirmA91, 0, 0, 0.01, 0.009, 0, 0, 0, 0, 0.005
FirmA92, 0, 0, 0.017, 0.016, 0, 0, 0, 0, 0.013
FirmA93, 1, 0, 0.012, 0.191, 1, 0, 1, 0.777, 0.231
FirmA94, 0, 0, 0.016, 0.017, 0, 0, 0, 0, 0.013
FirmA95, 0, 0, 0.014, 0.014, 0, 0, 0, 0, 0.009
FirmA96, 0, 0, 0.011, 0.011, 0, 0, 0, 0, 0.006
FirmA97, 0, 0, 0.015, 0.016, 0, 0, 0, 0, 0.012
FirmA98, 0, 0, 0.015, 0.014, 0, 0, 0, 0, 0.01
FirmA99, 0, 0, 0.094, 0.036, 0, 0, 0, 0, 0.017
FirmB1, 0, 0, 0.016, 0.015, 0, 0, 0, 0, 0.012
FirmB10, 0, 0, 0.012, 0.014, 0, 0, 0, 0, 0.01
FirmB11, 0, 0, 0.016, 0.015, 0, 0, 0, 0, 0.008
FirmB12, 0, 0, 0.017, 0.01, 0, 0, 0, 0, 0.007
FirmB13, 0, 0, 0.025, 0.025, 0, 0, 0, 0, 0.021
FirmB14, 0, 0, 0.018, 0.02, 0, 0, 0, 0, 0.014
FirmB15, 0, 0, 0.018, 0.021, 0, 0, 0, 0, 0.01
FirmB16, 0, 0, 0.015, 0.017, 0, 0, 0, 0, 0.011
FirmB17, 0, 0, 0.015, 0.014, 0, 0, 0, 0, 0.007
FirmB2, 0, 0, 0.026, 0.022, 0, 0, 0, 0, 0.018
FirmB3, 0, 0, 0.013, 0.012, 0, 0, 0, 0, 0.009
FirmB4, 0, 0, 0.023, 0.025, 0, 0, 0, 0, 0.015
FirmB5, 0, 0, 0.014, 0.014, 0, 0, 0, 0, 0.01
FirmB6, 0, 0, 0.012, 0.013, 0, 0, 0, 0, 0.008
FirmB7, 0, 0, 0.012, 0.01, 0, 0, 0, 0, 0.008
FirmB8, 0, 0, 0.017, 0.018, 0, 0, 0, 0, 0.013
FirmB9, 0, 0, 0.01, 0.011, 0, 0, 0, 0, 0.008
FirmC1, 0, 0, 0.074, 0.06, 0, 0, 0, 0, 0.012
FirmC10, 0, 0, 0.094, 0.05, 0, 0, 0, 0, 0.014
FirmC11, 1, 0, 0.034, 0.165, 1, 0, 1, 0.751, 0.258
FirmC12, 0, 0, 0.023, 0.027, 0, 0, 0, 0, 0.011
FirmC13, 1, 0.001, 0.186, 0.234, 1, 0, 1, 0.288, 0.719
FirmC14, 0, 0, 0.084, 0.051, 0, 0, 0, 0, 0.004
FirmC15, 0, 0, 0.019, 0.015, 0, 0, 0, 0, 0.007
FirmC16, 1, 0, 0.017, 0.08, 1, 0, 1, 0.999, 0.012
FirmC17, 1, 0, 0.335, 0.103, 1, 0, 1, 0.138, 0.869
FirmC18, 1, 0, 0.017, 0.245, 1, 0, 1, 0.934, 0.075
FirmC19, 1, 0, 0.029, 0.022, 1, 0, 1, 0.99, 0.019
FirmC3, 0, 0, 0.788, 0.049, 0, 0, 0, 0, 0.012
FirmC4, 0, 0, 0.073, 0.045, 0, 0, 0, 0, 0.011
FirmC5, 0, 0, 0.098, 0.04, 0, 0, 0, 0, 0.011
FirmC6, 1, 0, 0.016, 0.037, 1, 0, 1, 0.999, 0.011
FirmC7, 1, 0, 0.729, 0.136, 1, 0, 1, 0.741, 0.274
FirmC8, 1, 0.002, 0.037, 0.179, 1, 0, 1, 0.773, 0.229
FirmC9, 1, 0.001, 0.231, 0.319, 1, 0, 1, 0.563, 0.448
FirmD1, 0, 0, 0.104, 0.109, 0, 0, 0, 0, 0.083
FirmD2, 1, 0.001, 0.014, 0.516, 1, 0, 1, 0.101, 0.911
FirmD3, 0, 0, 0.116, 0.055, 0, 0, 0, 0, 0.014
FirmD4, 0, 0, 0.033, 0.019, 0, 0, 0, 0, 0.009
FirmE1, 0, 0, 0.043, 0.024, 0, 0, 0, 0, 0.016
FirmE2, 0, 0, 0.086, 0.036, 0, 0, 0, 0, 0.011
FirmE3, 0, 0, 0.015, 0.015, 0, 0, 0, 0, 0.013
FirmE4, 0, 0, 0.023, 0.021, 0, 0, 0, 0, 0.016
FirmE5, 0, 0, 0.013, 0.017, 0, 0, 0, 0, 0.011
FirmE6, 0, 0, 0.015, 0.016, 0, 0, 0, 0, 0.008
FirmE7, 0, 0, 0.294, 0.092, 0, 0, 0, 0, 0.014
FirmE8, 1, 0.001, 0.01, 0.401, 1, 0, 1, 0.279, 0.729
FirmF1, 0, 0, 0.082, 0.042, 0, 0, 0, 0, 0.007
FirmF2, 1, 0.002, 0.019, 0.197, 1, 0, 1, 0.205, 0.804
FirmF3, 0, 0, 0.222, 0.05, 0, 0, 0, 0, 0.009
FirmG1, 0, 0, 0.032, 0.03, 0, 0, 0, 0, 0.023
FirmG2, 0, 0, 0.034, 0.023, 0, 0, 0, 0, 0.009
FirmG3, 0, 0, 0.054, 0.039, 0, 0, 0, 0, 0.02
FirmG4, 1, 0.001, 0.019, 0.441, 1, 0, 1, 0.229, 0.781
FirmG5, 0, 0, 0.025, 0.022, 0, 0, 0, 0, 0.016
FirmG6, 0, 0, 0.047, 0.036, 0, 0, 0, 0, 0.013
Firms1, 1, 0, 0.272, 0.099, 1, 0, 1, 0.816, 0.193
Firms10, 1, 0.003, 0.834, 0.421, 1, 0, 1, 0.255, 0.752
Firms11, 1, 0, 0.014, 0.011, 1, 0, 1, 1, 0.008
Firms12, 0, 0, 0.33, 0.01, 0, 0, 0, 0, 0.009
Firms13, 1, 0, 0.836, 0.023, 1, 0, 1, 0.15, 0.865
Firms15, 1, 0.003, 0.024, 0.86, 1, 0, 1, 0.995, 0.018
Firms16, 0, 0, 0.407, 0.046, 0, 0, 0, 0, 0.006
Firms17, 1, 0, 0.024, 0.024, 1, 0, 1, 1, 0.018
Firms18, 0, 0, 0.015, 0.011, 0, 0, 0, 0, 0.009
Firms2, 0, 0, 0.03, 0.023, 0, 0, 0, 0, 0.01
Firms20, 1, 0, 0.011, 0.016, 1, 0, 1, 0.411, 0.596
Firms21, 0, 0, 0.337, 0.021, 0, 0, 0, 0, 0.01
Firms22, 2, 0.002, 0.133, 0.412, 1, 0, 2, 0.998, 1.009
Firms23, 0, 0, 0.012, 0.012, 0, 0, 0, 0, 0.006
Firms24, 1, 0, 0.01, 0.009, 1, 0, 1, 1, 0.006
Firms25, 0, 0, 0.017, 0.019, 0, 0, 0, 0, 0.012
Firms26, 1, 0, 0.01, 0.01, 1, 0, 1, 1, 0.006
Firms27, 1, 0, 1.008, 0.014, 1, 0, 1, 0.123, 0.886
Firms28, 1, 0.004, 0.025, 0.568, 1, 0, 1, 0.026, 0.989
Firms29, 0, 0, 0.419, 0.007, 0, 0, 0, 0, 0.004
Firms3, 0, 0, 0.886, 0.06, 0, 0, 0, 0, 0.031
Firms30, 0, 0, 0.011, 0.008, 0, 0, 0, 0, 0.006
Firms31, 0, 0, 0.02, 0.024, 0, 0, 0, 0, 0.015
Firms32, 0, 0, 0.017, 0.016, 0, 0, 0, 0, 0.012
Firms33, 0, 0, 0.019, 0.017, 0, 0, 0, 0, 0.012
Firms4, 0, 0, 0.222, 0.068, 0, 0, 0, 0, 0.014
Firms5, 1, 0, 0.017, 0.018, 1, 0, 1, 1, 0.013
Firms6, 0, 0, 0.257, 0.127, 0, 0, 0, 0, 0.048
Firms7, 0, 0, 1.013, 0.015, 0, 0, 0, 0, 0.011
Firms8, 1, 0, 0.014, 0.015, 1, 0, 1, 0.995, 0.017
Firms9, 0, 0, 0.016, 0.017, 0, 0, 0, 0, 0.011
Fuso2, 0, 0, 0.06, 0.051, 0, 0, 0, 0, 0.011
Gemm2, 0, 0, 0.018, 0.02, 0, 0, 0, 0, 0.011
Gemm3, 1, 0.002, 0.018, 0.266, 1, 0, 1, 0.282, 0.729
Gemm4, 0, 0, 0.016, 0.016, 0, 0, 0, 0, 0.009
Gemm5, 0, 0, 0.039, 0.03, 0, 0, 0, 0, 0.017
Gemm6, 0, 0, 0.292, 0.14, 0, 0, 0, 0, 0.005
Gemm7, 0, 0, 0.026, 0.024, 0, 0, 0, 0, 0.011
Gemm8, 1, 0.001, 0.014, 0.186, 1, 0, 1, 0.105, 0.907
Gemm9, 0, 0, 0.086, 0.032, 0, 0, 0, 0, 0.009
GemmA1, 0, 0, 0.018, 0.016, 0, 0, 0, 0, 0.014
Gold1, 1, 0, 0.03, 0.176, 1, 0, 1, 0.181, 0.829
Gold2, 0, 0, 0.212, 0.116, 0, 0, 0, 0, 0.011
Hydr1, 1, 0, 0.065, 0.053, 1, 0, 1, 1, 0.011
Hydr2, 1, 0, 0.066, 0.05, 1, 0, 1, 1, 0.012
J088X1, 1, 0, 0.598, 0.467, 1, 0, 1, 0.945, 0.126
KSB1X1, 0, 0, 0.02, 0.023, 0, 0, 0, 0, 0.016
KSB1X2, 0, 0, 0.02, 0.024, 0, 0, 0, 0, 0.018
KSB1X3, 0, 0, 0.014, 0.011, 0, 0, 0, 0, 0.01
KSB1X4, 0, 0, 0.016, 0.016, 0, 0, 0, 0, 0.014
Krum1, 0, 0, 0.015, 0.014, 0, 0, 0, 0, 0.012
Late1, 1, 0, 0.02, 0.02, 1, 0, 1, 0.999, 0.015
Late2, 0, 0.001, 0.188, 0.111, 0, 0, 0, 0, 0.015
Late3, 1, 0, 0.019, 0.019, 1, 0, 1, 0.999, 0.014
Lind1, 1, 0, 0.264, 0.19, 1, 0, 1, 0.148, 0.864
Lind2, 1, 0.004, 0.236, 0.828, 1, 0, 1, 0.18, 0.832
Lind4, 1, 0, 0.101, 0.572, 1, 0, 1, 0.503, 0.536
Marg1, 0, 0, 0.024, 0.021, 0, 0, 0, 0, 0.009
Marg2, 1, 0, 0.029, 0.336, 1, 0, 1, 0.281, 0.735
Marg6, 0, 0, 0.034, 0.033, 0, 0, 0, 0, 0.019
Marg7, 0, 0, 0.306, 0.086, 0, 0, 0, 0, 0.012
Mari1, 0, 0, 0.022, 0.028, 0, 0, 0, 0, 0.016
Mari2, 0, 0, 0.009, 0.015, 0, 0, 0, 0, 0.007
Mari3, 0, 0, 0.018, 0.017, 0, 0, 0, 0, 0.016
Mari5, 0, 0, 0.019, 0.019, 0, 0, 0, 0, 0.013
Mari6, 0, 0, 0.022, 0.025, 0, 0, 0, 0, 0.016
Meth1, 1, 0, 0.076, 0.061, 1, 0, 1, 0.998, 0.016
Meth2, 1, 0, 0.072, 0.056, 1, 0, 1, 0.999, 0.012
Meth3, 1, 0, 0.012, 0.009, 1, 0, 1, 0.999, 0.008
Meth4, 1, 0.001, 0.012, 0.013, 1, 0, 1, 1, 0.007
Meth5, 1, 0, 0.018, 0.018, 1, 0, 1, 1, 0.012
Muir1, 0, 0, 0.013, 0.012, 0, 0, 0, 0, 0.01
MyxA1, 1, 0, 1.018, 0.054, 1, 0, 1, 0.156, 0.856
MyxA2, 1, 0, 0.019, 0.018, 1, 0, 1, 1, 0.008
MyxA3, 1, 0, 0.031, 0.033, 1, 0, 1, 0.999, 0.02
MyxA4, 1, 0, 0.07, 0.049, 1, 0, 1, 0.993, 0.013
Myxo1, 1, 0, 0.02, 0.018, 1, 0, 1, 0.398, 0.61
Myxo10, 0, 0, 0.044, 0.042, 0, 0, 0, 0, 0.026
Myxo11, 0, 0, 0.025, 0.025, 0, 0, 0, 0, 0.015
Myxo13, 0, 0, 0.024, 0.026, 0, 0, 0, 0, 0.014
Myxo14, 1, 0, 1.004, 0.043, 1, 0, 1, 0.183, 0.825
Myxo15, 0, 0, 0.016, 0.014, 0, 0, 0, 0, 0.004
Myxo17, 2, 0.002, 0.018, 0.025, 1, 0, 2, 1.688, 0.325
Myxo18, 0, 0, 0.025, 0.019, 0, 0, 0, 0, 0.013
Myxo19, 1, 0, 0.704, 0.133, 1, 0, 1, 0.998, 0.013
Myxo2, 0, 0, 0.419, 0.025, 0, 0, 0, 0, 0.009
Myxo3, 0, 0, 0.056, 0.027, 0, 0, 0, 0, 0.012
Myxo5, 1, 0, 0.066, 0.033, 1, 0, 1, 0.991, 0.021
Myxo6, 1, 0, 0.202, 0.04, 1, 0, 1, 0.992, 0.023
Myxo7, 0, 0, 0.022, 0.025, 0, 0, 0, 0, 0.017
Myxo8, 0, 0, 0.014, 0.01, 0, 0, 0, 0, 0.009
Myxo9, 0, 0, 0.143, 0.048, 0, 0, 0, 0, 0.017
NPL1, 0, 0, 0.053, 0.046, 0, 0, 0, 0, 0.015
Nitr1, 1, 0.004, 0.32, 0.782, 1, 0, 1, 0.571, 0.435
Nitr10, 1, 0, 0.016, 0.014, 1, 0, 1, 1, 0.01
Nitr11, 0, 0, 0.017, 0.014, 0, 0, 0, 0, 0.011
Nitr12, 0, 0, 0.015, 0.013, 0, 0, 0, 0, 0.011
Nitr13, 0, 0, 0.017, 0.018, 0, 0, 0, 0, 0.011
Nitr14, 0, 0, 0.017, 0.021, 0, 0, 0, 0, 0.013
Nitr15, 1, 0.002, 0.113, 0.459, 1, 0, 1, 0.965, 0.049
Nitr16, 0, 0, 0.015, 0.018, 0, 0, 0, 0, 0.009
Nitr17, 0, 0, 0.011, 0.012, 0, 0, 0, 0, 0.008
Nitr2, 0, 0, 0.02, 0.019, 0, 0, 0, 0, 0.011
Nitr3, 1, 0, 0.019, 0.013, 1, 0, 1, 1, 0.007
Nitr4, 1, 0, 0.022, 0.02, 1, 0, 1, 0.999, 0.011
Nitr5, 0, 0, 0.019, 0.02, 0, 0, 0, 0, 0.016
Nitr6, 1, 0, 0.02, 0.019, 1, 0, 1, 0.999, 0.014
Nitr7, 0, 0, 0.025, 0.021, 0, 0, 0, 0, 0.012
Nitr8, 1, 0, 0.859, 0.221, 1, 0, 1, 0.204, 0.807
Nitr9, 0, 0, 0.022, 0.017, 0, 0, 0, 0, 0.009
Nits1, 1, 0, 0.024, 0.023, 1, 0, 1, 1, 0.017
Nits2, 0, 0, 0.044, 0.041, 0, 0, 0, 0, 0.022
Nits3, 1, 0, 0.016, 0.012, 1, 0, 1, 0.998, 0.009
Nits4, 0, 0, 0.035, 0.033, 0, 0, 0, 0, 0.013
NitsA1, 1, 0, 0.031, 0.02, 1, 0, 1, 0.997, 0.012
NitsA2, 1, 0, 0.034, 0.03, 1, 0, 1, 0.998, 0.015
NitsA3, 0, 0, 0.346, 0.011, 0, 0, 0, 0, 0.007
Node_AABM5X1_AABM5X2_0, 0.003, 0, 0.008, 0.005, 0.003, 0, 0.003, 0, 0.008
Node_AABM5X1_AABM5X3_0, 0.003, 0, 0.004, 0.005, 0.003, 0, 0.003, 0.002, 0.004
Node_Acid11_Acid16_0, 0.023, 0.001, 0.054, 0.038, 0.023, 0, 0.023, 0.014, 0.016
Node_Acid11_Acid31_0, 0.005, 0, 0.024, 0.017, 0.005, 0, 0.005, 0.004, 0.006
Node_Acid12_Acid13_0, 0.021, 0, 0.155, 0.066, 0.021, 0, 0.021, 0.019, 0.012
Node_Acid1_Acid17_0, 1.007, 0, 0.091, 0.048, 0.994, 0, 1.007, 1.002, 0.011
Node_Acid1_Acid3_0, 1.087, 0.001, 0.385, 0.418, 0.996, 0, 1.087, 0.743, 0.344
Node_Acid23_Acid12_0, 0.164, 0, 0.021, 0.086, 0.164, 0, 0.164, 0.078, 0.093
Node_Acid29_Acid27_0, 0.014, 0, 0.049, 0.032, 0.014, 0, 0.014, 0.005, 0.017
Node_Acid2_Acid11_0, 0.06, 0, 0.504, 0.104, 0.059, 0, 0.06, 0.057, 0.003
Node_Acid2_Acid18_0, 0.006, 0, 0.059, 0.035, 0.006, 0, 0.006, 0.006, 0.005
Node_Acid32_Acid25_0, 0.007, 0, 0.026, 0.014, 0.007, 0, 0.007, 0.004, 0.005
Node_Acid32_Acid26_0, 0.009, 0, 0.016, 0.02, 0.009, 0, 0.009, 0.002, 0.018
Node_Acid34_Acid22_0, 1.065, 0, 0.17, 0.16, 0.899, 0, 1.065, 0.885, 0.191
Node_Acid34_Acid24_0, 0.102, 0, 1.027, 0.114, 0.101, 0, 0.102, 0.044, 0.064
Node_Acid34_Acid29_0, 0.046, 0, 0.268, 0.112, 0.046, 0, 0.046, 0.043, 0.014
Node_Acid34_Acid33_0, 0.3, 0, 0.031, 0.134, 0.299, 0, 0.3, 0.077, 0.229
Node_Acid37_Acid21_0, 0.006, 0, 0.03, 0.019, 0.006, 0, 0.006, 0.004, 0.008
Node_Acid37_Acid30_0, 0.003, 0, 0.021, 0.022, 0.003, 0, 0.003, 0.002, 0.018
Node_Acid37_Acid32_0, 0.028, 0, 0.112, 0.056, 0.028, 0, 0.028, 0.023, 0.014
Node_Acid38_Acid10_0, 1.154, 0.004, 0.116, 0.276, 0.884, 0, 1.154, 0.931, 0.222
Node_Acid38_Acid1_0, 1.127, 0.003, 0.025, 0.283, 0.817, 0, 1.127, 0.679, 0.448
Node_Acid38_Acid2_0, 0.561, 0.001, 0.026, 0.096, 0.526, 0, 0.561, 0.483, 0.077
Node_Acid38_Acid34_0, 1.044, 0.002, 0.616, 0.611, 0.872, 0, 1.044, 0.513, 0.531
Node_Acid38_Acid36_0, 2.006, 0.001, 0.024, 0.028, 1, 0, 2.006, 1.994, 0.022
Node_Acid38_Acid40_0, 2.007, 0, 0.037, 0.047, 1, 0, 2.007, 1.145, 0.878
Node_Acid38_Acid4_0, 1.262, 0.004, 0.129, 0.386, 0.934, 0, 1.262, 1.032, 0.233
Node_Acid38_Acid5_0, 0.701, 0, 0.029, 0.161, 0.598, 0, 0.701, 0.537, 0.169
Node_Acid38_Acid7_0, 1.166, 0.007, 0.366, 0.336, 1, 0, 1.166, 0.896, 0.263
Node_Acid38_Acid8_0, 0.509, 0.001, 0.059, 0.17, 0.498, 0, 0.509, 0.488, 0.021
Node_Acid38_B130X1_0, 0.546, 0, 0.506, 0.271, 0.54, 0, 0.546, 0.545, 0.001
Node_Acid39_Acid35_0, 1.01, 0.004, 0.028, 0.414, 1, 0, 1.01, 0.009, 1.016
Node_Acid3_Acid14_0, 1.289, 0, 0.021, 0.111, 0.999, 0, 1.289, 1.099, 0.196
Node_Acid3_Acid6_0, 1.114, 0, 0.055, 0.065, 1, 0, 1.114, 1.039, 0.082
Node_Acid40_Acid20_0, 2.003, 0, 0.029, 0.033, 1, 0, 2.003, 1.992, 0.025
Node_Acid5_Acid23_0, 0.092, 0, 0.071, 0.064, 0.09, 0, 0.092, 0.058, 0.037
Node_Acid5_Acid37_0, 0.126, 0.001, 0.601, 0.127, 0.122, 0, 0.126, 0.102, 0.025
Node_Acid6_Acid28_0, 1.011, 0, 0.111, 0.048, 0.998, 0, 1.011, 1.009, 0.008
Node_Acid8_Acid9_0, 0.045, 0, 0.467, 0.096, 0.045, 0, 0.045, 0.044, 0.003
Node_Acid9_Acid39_0, 0.018, 0, 0.04, 0.019, 0.018, 0, 0.018, 0.01, 0.013
Node_Acti10_Acti11_0, 0.981, 0.024, 0.011, 0.405, 0.953, 0, 0.981, 0.462, 0.487
Node_Acti10_Acti25_0, 0.996, 0, 0.06, 0.052, 0.985, 0, 0.996, 0.93, 0.075
Node_Acti10_Acti26_0, 0.481, 0.002, 0.093, 0.089, 0.475, 0, 0.481, 0.303, 0.176
Node_Acti10_Acti31_0, 0.96, 0.001, 0.058, 0.036, 0.941, 0, 0.96, 0.946, 0.021
Node_Acti10_Acti3_0, 1.226, 0, 0.008, 0.076, 0.961, 0, 1.226, 1.003, 0.227
Node_Acti10_Acti7_0, 1.007, 0, 0.013, 0.025, 0.943, 0, 1.007, 0.956, 0.06
Node_Acti11_Acti22_0, 1.034, 0.001, 0.009, 0.043, 1, 0, 1.034, 0.977, 0.061
Node_Acti12_Acti21_0, 1.318, 0, 1.015, 0.174, 1, 0, 1.318, 0.242, 1.088
Node_Acti12_Acti48_0, 1.245, 0, 0.023, 0.052, 0.997, 0, 1.245, 1.055, 0.2
Node_Acti14_Acti33_0, 0.452, 0, 0.287, 0.186, 0.394, 0, 0.452, 0.346, 0.113
Node_Acti14_Acti34_0, 0.369, 0, 0.332, 0.125, 0.343, 0, 0.369, 0.132, 0.249
Node_Acti14_Acti6_0, 0.361, 0, 0.247, 0.186, 0.345, 0, 0.361, 0.135, 0.239
Node_Acti18_Acti16_0, 0.489, 0, 0.026, 0.319, 0.486, 0, 0.489, 0.306, 0.201
Node_Acti18_Acti4_0, 0.314, 0, 0.302, 0.238, 0.311, 0, 0.314, 0.29, 0.034
Node_Acti19_Acti13_0, 0.285, 0.001, 0.051, 0.144, 0.272, 0, 0.285, 0.076, 0.214
Node_Acti19_Acti23_0, 0.211, 0, 0.217, 0.148, 0.207, 0, 0.211, 0.074, 0.143
Node_Acti19_Acti42_0, 0.082, 0.001, 0.029, 0.083, 0.081, 0, 0.082, 0.05, 0.033
Node_Acti19_Acti49_0, 0.121, 0, 0.026, 0.051, 0.118, 0, 0.121, 0.031, 0.094
Node_Acti19_Acti8_0, 0.053, 0, 0.061, 0.038, 0.051, 0, 0.053, 0.025, 0.032
Node_Acti33_Acti35_0, 0.367, 0, 0.173, 0.062, 0.362, 0, 0.367, 0.285, 0.088
Node_Acti43_Acti36_0, 1.054, 0.001, 0.453, 0.223, 0.996, 0, 1.054, 0.097, 0.968
Node_Acti46_Acti41_0, 1.079, 0, 0.057, 0.098, 0.966, 0, 1.079, 1.027, 0.058
Node_Acti47_Acti45_0, 1.012, 0, 0.044, 0.012, 0.999, 0, 1.012, 1.009, 0.011
Node_Acti49_Acti15_0, 0.984, 0.003, 0.016, 0.024, 0.964, 0, 0.984, 0.164, 0.824
Node_Acti49_Acti32_0, 1.174, 0, 0.012, 0.043, 0.975, 0, 1.174, 1.012, 0.17
Node_Acti49_Acti38_0, 1.016, 0, 0.027, 0.021, 0.96, 0, 1.016, 0.969, 0.059
Node_Acti49_Acti40_0, 0.173, 0, 0.087, 0.043, 0.168, 0, 0.173, 0.043, 0.139
Node_Acti50_Acti10_0, 0.396, 0, 0.008, 0.041, 0.372, 0, 0.396, 0.102, 0.297
Node_Acti50_Acti14_0, 0.626, 0, 0.026, 0.184, 0.526, 0, 0.626, 0.561, 0.07
Node_Acti50_Acti18_0, 0.582, 0.004, 0.069, 0.042, 0.501, 0, 0.582, 0.327, 0.251
Node_Acti50_Acti19_0, 0.077, 0.001, 0.008, 0.028, 0.071, 0, 0.077, 0.039, 0.036
Node_Acti50_Acti20_0, 0.059, 0, 0.148, 0.065, 0.058, 0, 0.059, 0.051, 0.009
Node_Acti50_Acti28_0, 1.174, 0, 0.014, 0.011, 0.998, 0, 1.174, 1.039, 0.143
Node_Acti50_Acti39_0, 0.107, 0.001, 0.031, 0.025, 0.103, 0, 0.107, 0.046, 0.06
Node_Acti50_Acti43_0, 0.538, 0.003, 0.28, 0.233, 0.516, 0, 0.538, 0.349, 0.189
Node_Acti50_Acti46_0, 1.078, 0.004, 0.02, 0.329, 0.997, 0, 1.078, 0.529, 0.556
Node_Acti50_Acti47_0, 1.045, 0, 0.037, 0.015, 1, 0, 1.045, 1.036, 0.017
Node_Acti50_Acti51_0, 0.048, 0, 0.021, 0.043, 0.047, 0, 0.048, 0.038, 0.01
Node_Acti50_Acti52_0, 1.065, 0.031, 0.061, 0.108, 0.999, 0, 1.065, 0.993, 0.017
Node_Acti50_FirmF1_0, 0.198, 0, 0.056, 0.093, 0.195, 0, 0.198, 0.198, 0.001
Node_Acti51_Acti27_0, 0.006, 0, 0.011, 0.01, 0.006, 0, 0.006, 0.004, 0.007
Node_Acti51_Acti9_0, 0.01, 0, 0.041, 0.024, 0.01, 0, 0.01, 0.009, 0.003
Node_Acti52_Acti12_0, 1.068, 0.001, 0.017, 0.037, 1, 0, 1.068, 1.021, 0.051
Node_Acti52_Acti37_0, 1.033, 0.003, 0.061, 0.982, 1, 0, 1.033, 1.008, 0.026
Node_Acti52_Acti44_0, 1.01, 0, 0.073, 0.024, 0.999, 0, 1.01, 1.005, 0.015
Node_Acti8_Acti24_0, 0.006, 0, 0.017, 0.019, 0.006, 0, 0.006, 0.002, 0.019
Node_Acti8_Acti2_0, 0.018, 0, 0.045, 0.026, 0.018, 0, 0.018, 0.014, 0.01
Node_Acti8_Acti5_0, 0.004, 0, 0.022, 0.017, 0.004, 0, 0.004, 0.001, 0.008
Node_Acti9_Acti29_0, 0.004, 0, 0.006, 0.007, 0.004, 0, 0.004, 0, 0.008
Node_Acti9_Acti30_0, 0.002, 0, 0.014, 0.012, 0.002, 0, 0.002, 0, 0.006
Node_Aero1_NPL1_0, 0.038, 0, 0.129, 0.115, 0.038, 0, 0.038, 0.037, 0.006
Node_Aero1_UBA6X1_0, 0.496, 0.002, 0.649, 0.567, 0.475, 0, 0.496, 0.491, 0.002
Node_Aero1_UBA9X1_0, 0.161, 0, 0.34, 0.243, 0.159, 0, 0.161, 0.158, 0.005
Node_Aqui2_Aqui1_0, 0.203, 0.001, 0.02, 0.04, 0.203, 0, 0.203, 0.031, 0.184
Node_Aqui2_Aqui3_0, 0.014, 0, 0.042, 0.042, 0.014, 0, 0.014, 0.012, 0.008
Node_Aqui2_Aqui5_0, 0.038, 0, 0.019, 0.026, 0.038, 0, 0.038, 0.006, 0.047
Node_Aqui2_Aqui6_0, 0.01, 0, 0.019, 0.016, 0.01, 0, 0.01, 0.002, 0.015
Node_Aqui2_Camp1_0, 0.152, 0, 0.188, 0.228, 0.151, 0, 0.152, 0.151, 0.002
Node_Aqui2_Thers1_0, 0.048, 0, 0.105, 0.107, 0.048, 0, 0.048, 0.047, 0.001
Node_Aqui6_Aqui4_0, 0.003, 0, 0.017, 0.013, 0.003, 0, 0.003, 0.001, 0.01
Node_Arma12_Arma11_0, 0.863, 0.001, 0.018, 0.102, 0.687, 0, 0.863, 0.496, 0.374
Node_Arma12_Arma7_0, 0.502, 0.003, 0.612, 0.217, 0.427, 0, 0.502, 0.256, 0.248
Node_Arma15_Arma13_0, 0.002, 0, 1.012, 0.012, 0.002, 0, 0.002, 0.001, 0.011
Node_Arma4_Acti50_0, 0.253, 0.001, 0.05, 0.035, 0.25, 0, 0.253, 0.245, 0.006
Node_Arma4_Arma12_0, 0.506, 0.001, 0.084, 0.109, 0.457, 0, 0.506, 0.443, 0.066
Node_Arma4_Arma14_0, 0.072, 0, 0.441, 0.176, 0.071, 0, 0.072, 0.071, 0.007
Node_Arma4_Arma6_0, 0.523, 0.015, 0.008, 0.185, 0.469, 0, 0.523, 0.135, 0.371
Node_Arma4_CSP1X1_0, 0.091, 0.001, 0.152, 0.113, 0.091, 0, 0.091, 0.079, 0.012
Node_Arma4_Erem6_0, 0.084, 0.001, 0.041, 0.045, 0.083, 0, 0.084, 0.051, 0.033
Node_Arma4_Pate48_0, 0.23, 0.002, 0.033, 0.067, 0.228, 0, 0.23, 0.219, 0.008
Node_Arma4_UBP13X1_0, 0.145, 0, 0.021, 0.064, 0.143, 0, 0.145, 0.066, 0.082
Node_Arma6_Arma15_0, 1.003, 0, 0.022, 0.014, 0.999, 0, 1.003, 1.001, 0.011
Node_Arma6_Arma16_0, 1.077, 0, 0.353, 0.2, 0.999, 0, 1.077, 0.335, 0.748
Node_Arma6_Arma3_0, 0.682, 0.004, 0.059, 0.543, 0.575, 0, 0.682, 0.464, 0.214
Node_Arma6_Arma9_0, 1.014, 0.002, 0.072, 0.036, 1, 0, 1.014, 1.005, 0.007
Node_Aure2_Aure1_0, 0.912, 0, 0.665, 0.306, 0.817, 0, 0.912, 0.879, 0.038
Node_Bact1_Bact11_0, 0.006, 0, 0.016, 0.017, 0.006, 0, 0.006, 0.002, 0.016
Node_Bact1_Bact17_0, 0.006, 0, 0.015, 0.013, 0.006, 0, 0.006, 0.001, 0.014
Node_Bact20_Bact1_0, 0.007, 0, 0.01, 0.009, 0.007, 0, 0.007, 0.001, 0.012
Node_Bact20_Bact30_0, 0.008, 0, 0.018, 0.023, 0.008, 0, 0.008, 0.002, 0.019
Node_Bact21_Bact29_0, 0.09, 0, 0.009, 0.034, 0.09, 0, 0.09, 0.029, 0.068
Node_Bact21_Bact36_0, 0.031, 0, 0.973, 0.036, 0.031, 0, 0.031, 0.006, 0.038
Node_Bact21_Bact44_0, 0.966, 0, 0.022, 0.019, 0.957, 0, 0.966, 0.95, 0.021
Node_Bact22_Bact31_0, 0.009, 0, 0.011, 0.009, 0.009, 0, 0.009, 0.001, 0.011
Node_Bact22_Bact5_0, 0.009, 0, 0.041, 0.007, 0.009, 0, 0.009, 0, 0.015
Node_Bact23_Bact28_0, 0.153, 0, 0.015, 0.013, 0.153, 0, 0.153, 0.02, 0.142
Node_Bact23_Bact34_0, 0.026, 0, 0.011, 0.011, 0.026, 0, 0.026, 0.007, 0.026
Node_Bact23_Bact4_0, 0.011, 0, 0.007, 0.01, 0.011, 0, 0.011, 0.002, 0.013
Node_Bact24_Bact23_0, 0.005, 0, 0.007, 0.007, 0.005, 0, 0.005, 0.002, 0.007
Node_Bact24_Bact25_0, 0.003, 0, 0.007, 0.004, 0.003, 0, 0.003, 0.001, 0.005
Node_Bact24_Bact3_0, 0.005, 0, 0.006, 0.008, 0.005, 0, 0.005, 0.002, 0.008
Node_Bact24_Bact7_0, 0.003, 0, 0.015, 0.015, 0.003, 0, 0.003, 0.001, 0.008
Node_Bact25_Bact20_0, 0.005, 0, 0.015, 0.019, 0.005, 0, 0.005, 0.002, 0.012
Node_Bact25_Bact2_0, 0.008, 0, 0.009, 0.012, 0.008, 0, 0.008, 0.002, 0.014
Node_Bact27_Bact19_0, 0.963, 0, 0.02, 0.01, 0.96, 0, 0.963, 0.952, 0.016
Node_Bact27_Bact21_0, 0.967, 0, 0.005, 0.014, 0.954, 0, 0.967, 0.188, 0.783
Node_Bact27_Bact22_0, 0.035, 0, 0.005, 0.005, 0.035, 0, 0.035, 0.007, 0.03
Node_Bact27_Bact24_0, 0.01, 0, 0.007, 0.006, 0.01, 0, 0.01, 0.002, 0.008
Node_Bact27_Bact35_0, 0.007, 0, 0.968, 0.015, 0.007, 0, 0.007, 0.003, 0.012
Node_Bact27_Bact37_0, 0.189, 0, 0.004, 0.007, 0.189, 0, 0.189, 0.034, 0.158
Node_Bact27_Bact40_0, 0.001, 0, 0.02, 0.019, 0.001, 0, 0.001, 0, 0.014
Node_Bact27_Mari3_0, 0.009, 0, 0.011, 0.005, 0.009, 0, 0.009, 0.005, 0.004
Node_Bact29_Bact9_0, 0.279, 0, 0.015, 0.136, 0.276, 0, 0.279, 0.088, 0.204
Node_Bact30_Bact32_0, 0.003, 0, 0.02, 0.024, 0.003, 0, 0.003, 0.002, 0.015
Node_Bact31_Bact38_0, 0.005, 0, 0.017, 0.014, 0.005, 0, 0.005, 0, 0.013
Node_Bact33_Bact10_0, 0.105, 0, 0.01, 0.053, 0.102, 0, 0.105, 0.03, 0.083
Node_Bact33_Bact39_0, 0.386, 0, 0.013, 0.11, 0.354, 0, 0.386, 0.102, 0.294
Node_Bact33_Bact6_0, 0.032, 0.001, 0.004, 0.016, 0.032, 0, 0.032, 0.007, 0.027
Node_Bact36_Bact43_0, 0.01, 0, 0.035, 0.022, 0.01, 0, 0.01, 0.008, 0.014
Node_Bact37_Bact33_0, 0.008, 0, 0.19, 0.007, 0.008, 0, 0.008, 0.002, 0.009
Node_Bact37_Bact42_0, 0.005, 0, 0.02, 0.021, 0.005, 0, 0.005, 0.001, 0.017
Node_Bact3_Bact12_0, 0.005, 0, 0.008, 0.009, 0.005, 0, 0.005, 0, 0.008
Node_Bact3_Bact13_0, 0.005, 0, 0.01, 0.012, 0.005, 0, 0.005, 0.001, 0.013
Node_Bact3_Bact14_0, 0.006, 0, 0.013, 0.015, 0.006, 0, 0.006, 0.001, 0.014
Node_Bact3_Bact18_0, 0.002, 0, 0.008, 0.005, 0.002, 0, 0.002, 0, 0.005
Node_Bact40_Bact41_0, 0.005, 0, 0.012, 0.013, 0.005, 0, 0.005, 0, 0.016
Node_Bact5_Bact16_0, 0.003, 0, 0.021, 0.017, 0.003, 0, 0.003, 0.002, 0.015
Node_Bact7_Bact8_0, 0.005, 0, 0.018, 0.018, 0.005, 0, 0.005, 0, 0.02
Node_Bdell12_Bdell3_0, 1.006, 0.002, 0.015, 0.411, 1, 0, 1.006, 0.27, 0.738
Node_Bdell13_Bdell12_0, 0.281, 0, 0.036, 0.102, 0.279, 0, 0.281, 0.011, 0.272
Node_Bdell14_Bdell11_0, 0.013, 0, 0.032, 0.028, 0.011, 0, 0.013, 0.009, 0.012
Node_Bdell14_Bdell4_0, 0.008, 0, 0.014, 0.014, 0.008, 0, 0.008, 0.003, 0.009
Node_Bdell15_Bdell14_0, 0.033, 0.001, 0.059, 0.057, 0.031, 0, 0.033, 0.026, 0.009
Node_Bdell15_Bdell7_0, 0.01, 0, 0.036, 0.042, 0.01, 0, 0.01, 0.007, 0.013
Node_Bdell15_Bdell9_0, 0.008, 0, 0.011, 0.01, 0.008, 0, 0.008, 0.006, 0.009
Node_Bdell17_Bdell15_0, 0.082, 0, 0.139, 0.121, 0.082, 0, 0.082, 0.079, 0.007
Node_Bdell17_Bdell16_0, 0.009, 0, 0.084, 0.049, 0.009, 0, 0.009, 0.006, 0.011
Node_Bdell2_Bdell10_0, 0.019, 0, 0.052, 0.051, 0.019, 0, 0.019, 0.017, 0.005
Node_Bdell6_Bdell17_0, 0.214, 0, 0.557, 0.296, 0.214, 0, 0.214, 0.211, 0.004
Node_Bdell6_Bdell2_0, 0.066, 0, 0.149, 0.105, 0.066, 0, 0.066, 0.066, 0.001
Node_Bdell6_UBA1X6_0, 0.767, 0.001, 0.115, 0.234, 0.757, 0, 0.767, 0.761, 0.008
Node_Bdell7_Bdell5_0, 0.003, 0, 0.022, 0.02, 0.003, 0, 0.003, 0.002, 0.015
Node_BdellC1_BdellC2_0, 0.017, 0, 0.105, 0.073, 0.017, 0, 0.017, 0.012, 0.021
Node_Bipo1_Bipo2_0, 0.243, 0, 0.035, 0.114, 0.24, 0, 0.243, 0.072, 0.18
Node_Bipo1_Therg8_0, 0.098, 0.001, 0.105, 0.067, 0.092, 0, 0.098, 0.065, 0.032
Node_CG294X1_CG267X1_0, 0.056, 0, 0.81, 0.152, 0.056, 0, 0.056, 0.05, 0.009
Node_Calda2_Calda1_0, 0.005, 0, 0.042, 0.033, 0.005, 0, 0.005, 0.005, 0.001
Node_Caldit2_Caldit1_0, 0.005, 0, 0.012, 0.014, 0.005, 0, 0.005, 0.002, 0.015
Node_Caldit2_Caldit3_0, 0.002, 0, 0.007, 0.009, 0.002, 0, 0.002, 0.001, 0.007
Node_Camp14_Camp15_0, 0.241, 0, 0.027, 0.049, 0.241, 0, 0.241, 0.221, 0.029
Node_Camp1_Camp2_0, 0.101, 0, 0.014, 0.052, 0.1, 0, 0.101, 0.03, 0.077
Node_Camp1_Camp3_0, 0.019, 0.001, 0.091, 0.055, 0.018, 0, 0.019, 0.017, 0.008
Node_Camp1_Camp9_0, 0.038, 0, 0.034, 0.043, 0.038, 0, 0.038, 0.027, 0.013
Node_Camp1_UBP6X1_0, 0.059, 0, 0.096, 0.094, 0.059, 0, 0.059, 0.058, 0.003
Node_Camp2_Camp11_0, 0.335, 0.002, 0.008, 0.117, 0.319, 0, 0.335, 0.099, 0.24
Node_Camp2_Camp13_0, 0.015, 0, 0.424, 0.059, 0.015, 0, 0.015, 0.011, 0.016
Node_Camp2_Camp4_0, 0.423, 0.002, 0.07, 0.086, 0.391, 0, 0.423, 0.284, 0.148
Node_Camp2_Camp5_0, 0.341, 0.004, 0.171, 0.137, 0.302, 0, 0.341, 0.172, 0.173
Node_Camp2_Camp7_0, 0.343, 0.002, 0.084, 0.272, 0.314, 0, 0.343, 0.266, 0.084
Node_Camp4_Camp16_0, 1.025, 0.003, 0.05, 0.088, 0.972, 0, 1.025, 0.384, 0.649
Node_Camp5_Camp10_0, 0.218, 0, 0.044, 0.096, 0.215, 0, 0.218, 0.195, 0.031
Node_Camp5_Camp12_0, 0.231, 0.001, 0.123, 0.125, 0.221, 0, 0.231, 0.226, 0.012
Node_Camp7_Camp14_0, 0.239, 0, 0.118, 0.08, 0.235, 0, 0.239, 0.235, 0.014
Node_Camp9_Camp6_0, 0.012, 0, 0.038, 0.025, 0.012, 0, 0.012, 0.005, 0.012
Node_Chlo12_Chlo24_0, 0.957, 0, 0.869, 0.018, 0.952, 0, 0.957, 0.944, 0.021
Node_Chlo26_Chlo11_0, 0.011, 0, 0.03, 0.021, 0.011, 0, 0.011, 0.008, 0.009
Node_Chlo26_Chlo9_0, 0.032, 0, 0.073, 0.065, 0.031, 0, 0.032, 0.03, 0.008
Node_Chlo30_Chlo20_0, 0.144, 0.001, 0.072, 0.11, 0.134, 0, 0.144, 0.059, 0.09
Node_Chlo30_Chlo23_0, 0.125, 0.001, 0.331, 0.155, 0.12, 0, 0.125, 0.102, 0.025
Node_Chlo30_Chlo36_0, 0.43, 0.002, 0.032, 0.136, 0.421, 0, 0.43, 0.392, 0.038
Node_Chlo30_Chlo37_0, 0.42, 0, 0.029, 0.198, 0.375, 0, 0.42, 0.117, 0.305
Node_Chlo30_Chlo38_0, 0.761, 0.002, 0.17, 0.201, 0.638, 0, 0.761, 0.611, 0.151
Node_Chlo30_Chlo41_0, 1.091, 0.004, 0.037, 0.324, 0.791, 0, 1.091, 0.725, 0.363
Node_Chlo30_Chlo43_0, 0.538, 0.005, 0.63, 0.235, 0.478, 0, 0.538, 0.464, 0.072
Node_Chlo30_Chlo6_0, 0.422, 0.001, 0.134, 0.175, 0.408, 0, 0.422, 0.408, 0.017
Node_Chlo30_Dorm2_0, 0.778, 0, 0.007, 0.098, 0.633, 0, 0.778, 0.297, 0.482
Node_Chlo31_Chlo25_0, 0.014, 0, 0.069, 0.048, 0.014, 0, 0.014, 0.008, 0.015
Node_Chlo35_Chlo21_0, 0.004, 0, 1.816, 0.009, 0.004, 0, 0.004, 0.003, 0.004
Node_Chlo36_Chlo13_0, 0.086, 0, 0.017, 0.034, 0.086, 0, 0.086, 0.025, 0.069
Node_Chlo36_Chlo14_0, 0.033, 0, 0.039, 0.043, 0.033, 0, 0.033, 0.021, 0.019
Node_Chlo36_Chlo28_0, 0.053, 0.001, 0.077, 0.083, 0.053, 0, 0.053, 0.05, 0.008
Node_Chlo36_Chlo33_0, 0.121, 0, 0.357, 0.229, 0.12, 0, 0.121, 0.118, 0.005
Node_Chlo36_Chlo40_0, 0.317, 0, 0.012, 0.128, 0.316, 0, 0.317, 0.081, 0.243
Node_Chlo36_Chlo5_0, 0.034, 0, 0.026, 0.032, 0.034, 0, 0.034, 0.017, 0.027
Node_Chlo36_Chlo8_0, 0.473, 0.001, 0.02, 0.156, 0.467, 0, 0.473, 0.412, 0.062
Node_Chlo38_Chlo19_0, 0.009, 0, 0.07, 0.038, 0.009, 0, 0.009, 0.007, 0.011
Node_Chlo38_Chlo31_0, 0.068, 0, 0.7, 0.139, 0.065, 0, 0.068, 0.065, 0.007
Node_Chlo41_Chlo29_0, 0.929, 0, 0.549, 0.089, 0.903, 0, 0.929, 0.902, 0.029
Node_Chlo41_Chlo32_0, 1.004, 0.004, 0.022, 0.085, 0.99, 0, 1.004, 0.905, 0.093
Node_Chlo41_Chlo39_0, 0.006, 0, 0.026, 0.023, 0.006, 0, 0.006, 0.004, 0.015
Node_Chlo41_Chlo44_0, 0.985, 0, 0.029, 0.042, 0.978, 0, 0.985, 0.977, 0.01
Node_Chlo41_Chlo4_0, 1.449, 0, 0.04, 0.252, 0.94, 0, 1.449, 1.055, 0.398
Node_Chlo41_Chlo7_0, 0.017, 0, 0.984, 0.047, 0.017, 0, 0.017, 0.016, 0.016
Node_Chlo42_Chlo34_0, 0.017, 0, 0.048, 0.033, 0.017, 0, 0.017, 0.013, 0.006
Node_Chlo43_Chlo42_0, 0.059, 0, 0.386, 0.182, 0.058, 0, 0.059, 0.055, 0.011
Node_Chlo43_Chlo45_0, 0.493, 0.004, 0.33, 0.185, 0.439, 0, 0.493, 0.207, 0.281
Node_Chlo43_Chlo47_0, 0.434, 0.001, 0.12, 0.506, 0.425, 0, 0.434, 0.375, 0.06
Node_Chlo44_Chlo17_0, 1.005, 0.001, 0.016, 0.024, 1, 0, 1.005, 0.999, 0.014
Node_Chlo44_Chlo22_0, 1.006, 0, 0.015, 0.043, 1, 0, 1.006, 0.977, 0.036
Node_Chlo45_Chlo27_0, 0.517, 0.002, 0.131, 0.394, 0.479, 0, 0.517, 0.367, 0.153
Node_Chlo45_Chlo46_0, 0.291, 0, 0.422, 0.256, 0.281, 0, 0.291, 0.103, 0.196
Node_Chlo47_Chlo48_0, 1.013, 0.002, 0.047, 0.739, 0.997, 0, 1.013, 0.396, 0.624
Node_Chlo48_Chlo10_0, 1.01, 0, 0.012, 0.014, 0.997, 0, 1.01, 1.005, 0.009
Node_Chlo4_Chlo12_0, 1.805, 0.001, 0.042, 0.178, 0.993, 0, 1.805, 1.409, 0.397
Node_Chlo4_Chlo35_0, 1.816, 0, 0.01, 0.02, 0.992, 0, 1.816, 1.797, 0.021
Node_Chlo5_Chlo16_0, 0.009, 0, 0.033, 0.016, 0.009, 0, 0.009, 0.006, 0.008
Node_Chlo6_Chlo18_0, 0.026, 0, 0.085, 0.069, 0.026, 0, 0.026, 0.017, 0.014
Node_Chlo6_Chlo26_0, 0.097, 0, 0.328, 0.159, 0.094, 0, 0.097, 0.096, 0.003
Node_Chlo7_Chlo15_0, 0.009, 0, 0.027, 0.019, 0.009, 0, 0.009, 0.003, 0.019
Node_Chry1_Aqui2_0, 0.338, 0, 0.702, 0.574, 0.331, 0, 0.338, 0.338, 0.001
Node_Chry1_Defe3_0, 0.071, 0, 0.278, 0.233, 0.071, 0, 0.071, 0.061, 0.011
Node_Cyan10_Cyan35_0, 1.252, 0.004, 0.016, 0.026, 1, 0, 1.252, 1.222, 0.026
Node_Cyan10_Cyan45_0, 1.322, 0.005, 0.026, 1.037, 1, 0, 1.322, 1.232, 0.091
Node_Cyan10_Cyan46_0, 1.238, 0.002, 0.05, 0.021, 1, 0, 1.238, 1.217, 0.026
Node_Cyan11_Cyan26_0, 1.283, 0, 1.374, 0.233, 0.971, 0, 1.283, 1.069, 0.223
Node_Cyan12_Cyan13_0, 0.998, 0, 0.017, 0.127, 0.992, 0, 0.998, 0.182, 0.824
Node_Cyan13_Cyan18_0, 0.998, 0, 0.013, 0.013, 0.991, 0, 0.998, 0.992, 0.013
Node_Cyan14_Cyan15_0, 1.729, 0.003, 0.402, 0.139, 0.961, 0, 1.729, 1.381, 0.353
Node_Cyan14_Cyan16_0, 1.775, 0.005, 0.02, 0.061, 1, 0, 1.775, 1.366, 0.416
Node_Cyan14_Cyan23_0, 1.374, 0.17, 0.018, 0.074, 1, 0, 1.374, 0.978, 0.062
Node_Cyan16_Cyan29_0, 1.641, 0.003, 0.333, 0.387, 0.998, 0, 1.641, 1.447, 0.196
Node_Cyan19_Cyan22_0, 1.351, 0, 0.038, 0.014, 1, 0, 1.351, 1.25, 0.105
Node_Cyan19_Cyan47_0, 1.954, 0.001, 0.016, 0.188, 1, 0, 1.954, 1.341, 0.618
Node_Cyan28_chloroArabidopsis_0, 0.054, 0, 1.005, 0.006, 0.054, 0, 0.054, 0.016, 0.043
Node_Cyan2_Cyan1_0, 0.022, 0, 0.23, 0.091, 0.022, 0, 0.022, 0.018, 0.022
Node_Cyan31_Cyan34_0, 1.003, 0, 0.029, 0.024, 1, 0, 1.003, 1.003, 0.012
Node_Cyan33_Cyan21_0, 1.065, 0, 0.038, 0.024, 1, 0, 1.065, 1.008, 0.07
Node_Cyan38_Cyan28_0, 1.016, 0, 0.018, 0.009, 0.999, 0, 1.016, 1.007, 0.012
Node_Cyan40_Arma4_0, 0.296, 0.002, 0.05, 0.063, 0.295, 0, 0.296, 0.291, 0.002
Node_Cyan40_Cyan10_0, 1.26, 0.001, 0.005, 0.054, 0.999, 0, 1.26, 1.168, 0.092
Node_Cyan40_Cyan11_0, 2.434, 0.005, 0.02, 0.279, 1, 0, 2.434, 2.126, 0.303
Node_Cyan40_Cyan14_0, 1.16, 0.002, 0.245, 0.023, 1, 0, 1.16, 1.041, 0.119
Node_Cyan40_Cyan19_0, 1.284, 0.001, 0.005, 0.015, 1, 0, 1.284, 1.209, 0.076
Node_Cyan40_Cyan20_0, 1.004, 0, 0.009, 0.203, 0.996, 0, 1.004, 0.235, 0.772
Node_Cyan40_Cyan24_0, 1.172, 0, 0.027, 0.023, 0.998, 0, 1.172, 1.136, 0.039
Node_Cyan40_Cyan25_0, 2.146, 0.002, 0.105, 0.134, 0.995, 0, 2.146, 1.163, 0.989
Node_Cyan40_Cyan27_0, 2.866, 0.002, 0.083, 0.53, 1, 0, 2.866, 2.356, 0.513
Node_Cyan40_Cyan2_0, 0.23, 0.002, 0.027, 0.055, 0.225, 0, 0.23, 0.223, 0.005
Node_Cyan40_Cyan36_0, 1.212, 0.197, 0.024, 0.651, 1, 0, 1.212, 0.809, 0.017
Node_Cyan40_Cyan37_0, 1.011, 0.001, 0.03, 0.106, 1, 0, 1.011, 1.005, 0.007
Node_Cyan40_Cyan38_0, 1.022, 0.009, 0.012, 0.09, 1, 0, 1.022, 0.998, 0.014
Node_Cyan40_Cyan42_0, 1.033, 0.003, 0.005, 0.018, 1, 0, 1.033, 0.999, 0.031
Node_Cyan40_Cyan7_0, 0.241, 0, 0.004, 0.052, 0.234, 0, 0.241, 0.226, 0.015
Node_Cyan40_Marg1_0, 0.25, 0.002, 0.014, 0.067, 0.244, 0, 0.25, 0.236, 0.012
Node_Cyan40_Therd1_0, 0.25, 0, 0.049, 0.071, 0.25, 0, 0.25, 0.248, 0.003
Node_Cyan42_Cyan3_0, 1.114, 0, 0.015, 0.366, 0.998, 0, 1.114, 1.025, 0.096
Node_Cyan46_Cyan30_0, 1.006, 0.001, 0.237, 0.014, 1, 0, 1.006, 1.003, 0.004
Node_Cyan46_Cyan31_0, 1.02, 0.009, 0.013, 0.999, 1, 0, 1.02, 0.992, 0.018
Node_Cyan46_Cyan32_0, 1.21, 0.001, 0.023, 0.42, 0.997, 0, 1.21, 1.049, 0.172
Node_Cyan46_Cyan33_0, 1.033, 0.003, 0.021, 0.024, 1, 0, 1.033, 1.005, 0.031
Node_Cyan46_Cyan41_0, 1.06, 0, 0.025, 0.026, 0.999, 0, 1.06, 1.017, 0.052
Node_Cyan47_Cyan43_0, 2.014, 0.001, 0.059, 0.213, 1, 0, 2.014, 1.902, 0.118
Node_Cyan47_Cyan44_0, 2.074, 0.003, 0.915, 0.454, 1, 0, 2.074, 1.116, 0.972
Node_Cyan4_Cyan8_0, 0.004, 0, 0.071, 0.027, 0.004, 0, 0.004, 0.004, 0.003
Node_Cyan4_Cyan9_0, 0.003, 0, 0.017, 0.018, 0.003, 0, 0.003, 0.001, 0.016
Node_Cyan7_Cyan12_0, 0.191, 0, 0.027, 0.034, 0.188, 0, 0.191, 0.049, 0.146
Node_Cyan7_Cyan4_0, 0.072, 0, 0.199, 0.071, 0.072, 0, 0.072, 0.044, 0.03
Node_DTU0X1_SLNR1_0, 0.001, 0, 0.01, 0.01, 0.001, 0, 0.001, 0.001, 0.005
Node_Defe3_Defe1_0, 0.07, 0, 0.062, 0.073, 0.07, 0, 0.07, 0.018, 0.061
Node_Defe3_Defe2_0, 0.175, 0.001, 0.029, 0.09, 0.175, 0, 0.175, 0.053, 0.133
Node_Dein4_Dein2_0, 0.517, 0, 0.147, 0.164, 0.447, 0, 0.517, 0.214, 0.312
Node_Dein4_Dein6_0, 1.037, 0.001, 0.265, 0.313, 1, 0, 1.037, 0.266, 0.784
Node_Dein5_Bipo1_0, 0.17, 0, 0.045, 0.069, 0.164, 0, 0.17, 0.155, 0.015
Node_Dein5_Dein1_0, 0.975, 0, 0.048, 0.052, 0.966, 0, 0.975, 0.956, 0.033
Node_Dein5_Dein4_0, 0.352, 0.001, 0.063, 0.146, 0.311, 0, 0.352, 0.118, 0.244
Node_Dein5_Dein7_0, 0.99, 0.004, 0.191, 0.416, 0.951, 0, 0.99, 0.168, 0.825
Node_Dein7_Dein3_0, 0.962, 0, 0.051, 0.046, 0.953, 0, 0.962, 0.95, 0.023
Node_DesuB1_DesuB2_0, 0.263, 0, 0.239, 0.099, 0.252, 0, 0.263, 0.083, 0.19
Node_DesuB4_BdellC1_0, 0.101, 0, 0.131, 0.102, 0.101, 0, 0.101, 0.071, 0.033
Node_DesuB4_DesuB1_0, 0.312, 0, 0.052, 0.14, 0.289, 0, 0.312, 0.053, 0.263
Node_DesuB4_DesuB3_0, 1.006, 0.002, 0.073, 0.157, 0.997, 0, 1.006, 0.248, 0.765
Node_DesuB4_Desua5_0, 0.199, 0.001, 0.718, 0.335, 0.192, 0, 0.199, 0.188, 0.01
Node_DesuB4_Myxo10_0, 0.906, 0, 0.487, 0.381, 0.857, 0, 0.906, 0.889, 0.018
Node_DesuC2_DesuC1_0, 0.05, 0, 0.222, 0.139, 0.048, 0, 0.05, 0.043, 0.019
Node_DesuC2_Desua47_0, 0.253, 0.002, 1.147, 0.407, 0.238, 0, 0.253, 0.249, 0.004
Node_DesuD2_DesuD1_0, 1.33, 0, 0.381, 0.354, 1, 0, 1.33, 1.064, 0.276
Node_Desua11_Desua27_0, 0.001, 0, 0.012, 0.01, 0.001, 0, 0.001, 0, 0.009
Node_Desua16_Desua15_0, 0.009, 0, 0.022, 0.027, 0.009, 0, 0.009, 0, 0.028
Node_Desua16_Desua20_0, 0.005, 0, 0.033, 0.024, 0.005, 0, 0.005, 0.004, 0.001
Node_Desua16_Desua24_0, 0.003, 0, 0.022, 0.025, 0.003, 0, 0.003, 0.001, 0.012
Node_Desua16_Desua6_0, 0.037, 0, 0.173, 0.092, 0.037, 0, 0.037, 0.033, 0.007
Node_Desua16_Desua9_0, 0.013, 0, 0.009, 0.013, 0.012, 0, 0.013, 0.003, 0.017
Node_Desua1_Desua34_0, 0.002, 0, 0.014, 0.013, 0.002, 0, 0.002, 0, 0.014
Node_Desua1_Desua3_0, 0.002, 0, 0.01, 0.011, 0.002, 0, 0.002, 0.001, 0.006
Node_Desua1_Desua43_0, 0.006, 0, 0.021, 0.009, 0.006, 0, 0.006, 0.002, 0.007
Node_Desua22_Desua10_0, 0.006, 0, 0.013, 0.013, 0.006, 0, 0.006, 0.001, 0.016
Node_Desua22_Desua13_0, 0.003, 0, 0.015, 0.014, 0.003, 0, 0.003, 0.001, 0.008
Node_Desua22_Desua14_0, 0.003, 0, 0.013, 0.01, 0.003, 0, 0.003, 0.001, 0.01
Node_Desua22_Desua16_0, 0.203, 0.001, 1.183, 0.377, 0.196, 0, 0.203, 0.2, 0.005
Node_Desua22_Desua23_0, 0.005, 0, 0.016, 0.02, 0.005, 0, 0.005, 0.001, 0.018
Node_Desua22_Desua26_0, 0.01, 0, 0.045, 0.031, 0.01, 0, 0.01, 0.01, 0.002
Node_Desua22_Desua4_0, 0.053, 0, 0.156, 0.092, 0.053, 0, 0.053, 0.049, 0.006
Node_Desua26_Desua30_0, 0.004, 0, 0.015, 0.011, 0.004, 0, 0.004, 0.001, 0.009
Node_Desua28_Desua35_0, 1.009, 0.003, 0.153, 0.208, 0.999, 0, 1.009, 0.53, 0.482
Node_Desua2_Desua8_0, 0.006, 0, 0.016, 0.021, 0.006, 0, 0.006, 0.001, 0.015
Node_Desua36_Desua38_0, 0.332, 0, 0.01, 0.139, 0.33, 0, 0.332, 0.106, 0.23
Node_Desua36_Desua39_0, 0.112, 0.001, 0.015, 0.056, 0.112, 0, 0.112, 0.02, 0.102
Node_Desua40_Desua31_0, 0.002, 0, 0.012, 0.011, 0.002, 0, 0.002, 0, 0.01
Node_Desua42_Desua11_0, 0.004, 0, 0.01, 0.009, 0.004, 0, 0.004, 0, 0.011
Node_Desua42_Desua12_0, 0.003, 0, 0.009, 0.005, 0.003, 0, 0.003, 0.002, 0.006
Node_Desua43_Desua50_0, 0.005, 0, 0.013, 0.012, 0.005, 0, 0.005, 0, 0.015
Node_Desua43_Desua52_0, 0.003, 0, 0.012, 0.013, 0.003, 0, 0.003, 0.001, 0.01
Node_Desua43_Desua54_0, 0.003, 0, 0.009, 0.012, 0.003, 0, 0.003, 0.001, 0.006
Node_Desua44_Desua36_0, 0.024, 0, 0.011, 0.019, 0.024, 0, 0.024, 0.005, 0.026
Node_Desua46_Desua25_0, 0.004, 0, 0.019, 0.018, 0.004, 0, 0.004, 0.002, 0.011
Node_Desua47_Desua29_0, 0.004, 0, 0.01, 0.008, 0.004, 0, 0.004, 0, 0.01
Node_Desua47_Desua37_0, 0.019, 0, 0.079, 0.058, 0.019, 0, 0.019, 0.015, 0.015
Node_Desua47_Desua41_0, 0.004, 0, 0.025, 0.018, 0.004, 0, 0.004, 0.003, 0.01
Node_Desua47_Desua53_0, 0.083, 0, 0.19, 0.16, 0.082, 0, 0.083, 0.079, 0.02
Node_Desua48_Desua33_0, 0.003, 0, 0.02, 0.017, 0.003, 0, 0.003, 0.002, 0.011
Node_Desua48_Desua40_0, 0.004, 0, 0.012, 0.01, 0.004, 0, 0.004, 0, 0.01
Node_Desua48_Desua42_0, 0.006, 0, 0.004, 0.004, 0.006, 0, 0.006, 0.002, 0.006
Node_Desua48_Desua46_0, 0.012, 0, 0.011, 0.012, 0.012, 0, 0.012, 0.003, 0.017
Node_Desua49_Desua21_0, 0.003, 0, 0.018, 0.017, 0.003, 0, 0.003, 0.001, 0.012
Node_Desua49_Desua32_0, 0.005, 0, 0.01, 0.01, 0.005, 0, 0.005, 0.001, 0.01
Node_Desua49_Desua44_0, 0.009, 0, 0.012, 0.014, 0.009, 0, 0.009, 0.001, 0.016
Node_Desua4_Desua1_0, 0.02, 0, 0.035, 0.019, 0.02, 0, 0.02, 0.019, 0.002
Node_Desua4_Desua48_0, 0.006, 0, 0.022, 0.02, 0.006, 0, 0.006, 0.003, 0.008
Node_Desua4_Desua49_0, 0.005, 0, 0.008, 0.011, 0.005, 0, 0.005, 0.002, 0.007
Node_Desua53_Desua51_0, 0.02, 0, 0.076, 0.049, 0.02, 0, 0.02, 0.016, 0.013
Node_Desua6_Desua19_0, 0.008, 0, 0.01, 0.011, 0.008, 0, 0.008, 0.002, 0.011
Node_Desua6_Desua2_0, 0.007, 0, 0.038, 0.017, 0.007, 0, 0.007, 0.005, 0.008
Node_Desua6_Desua7_0, 0.01, 0, 0.023, 0.025, 0.01, 0, 0.01, 0.004, 0.025
Node_Desua9_Desua17_0, 0.006, 0, 0.021, 0.023, 0.006, 0, 0.006, 0.002, 0.017
Node_Desua9_Desua18_0, 0.01, 0, 0.015, 0.015, 0.01, 0, 0.01, 0.004, 0.012
Node_Dorm2_Dorm1_0, 0.986, 0, 0.023, 0.028, 0.98, 0, 0.986, 0.97, 0.031
Node_Dorm2_Dorm3_0, 0.94, 0, 0.059, 0.182, 0.723, 0, 0.94, 0.724, 0.221
Node_Dorm2_Dorm4_0, 0.985, 0.001, 0.616, 0.42, 0.973, 0, 0.985, 0.332, 0.66
Node_Dorm2_Dorm5_0, 0.978, 0, 0.025, 0.021, 0.97, 0, 0.978, 0.971, 0.018
Node_Eise2_Eise1_0, 0.006, 0, 0.016, 0.02, 0.006, 0, 0.006, 0.002, 0.015
Node_Eise4_Eise2_0, 0.007, 0, 0.014, 0.014, 0.007, 0, 0.007, 0.004, 0.008
Node_Eise4_Eise3_0, 0.003, 0, 0.019, 0.019, 0.003, 0, 0.003, 0, 0.015
Node_Elus1_Elus2_0, 0.009, 0, 0.024, 0.021, 0.009, 0, 0.009, 0.008, 0.003
Node_Elus2_Elus3_0, 0.005, 0, 0.01, 0.007, 0.005, 0, 0.005, 0.003, 0.006
Node_Elus2_Elus5_0, 0.003, 0, 0.007, 0.003, 0.003, 0, 0.003, 0.001, 0.005
Node_Elus3_Elus4_0, 0.003, 0, 0.007, 0.012, 0.003, 0, 0.003, 0.001, 0.008
Node_Elus3_Elus6_0, 0.005, 0, 0.016, 0.017, 0.005, 0, 0.005, 0.002, 0.016
Node_Elus3_Elus7_0, 0.002, 0, 0.008, 0.011, 0.002, 0, 0.002, 0, 0.005
Node_Elus3_Elus9_0, 0.005, 0, 0.01, 0.013, 0.005, 0, 0.005, 0.001, 0.012
Node_Elus6_Elus8_0, 0.005, 0, 0.011, 0.01, 0.005, 0, 0.005, 0.001, 0.011
Node_Elus9_Elus10_0, 0.005, 0, 0.01, 0.011, 0.005, 0, 0.005, 0.001, 0.01
Node_Erem4_Erem5_0, 0.005, 0, 0.015, 0.018, 0.005, 0, 0.005, 0.001, 0.013
Node_Erem6_Erem2_0, 0.014, 0, 0.075, 0.043, 0.014, 0, 0.014, 0.012, 0.005
Node_Erem6_Erem3_0, 0.009, 0, 0.017, 0.018, 0.009, 0, 0.009, 0.002, 0.012
Node_Erem6_Erem4_0, 0.007, 0, 0.019, 0.026, 0.007, 0, 0.007, 0.001, 0.017
Node_FCPU1_FCPU2_0, 1.006, 0.002, 0.074, 0.283, 0.999, 0, 1.006, 0.132, 0.893
Node_Ferm1_Eise4_0, 0.013, 0, 0.033, 0.017, 0.013, 0, 0.013, 0.012, 0.002
Node_Ferm1_GemmA1_0, 0.004, 0, 0.011, 0.01, 0.004, 0, 0.004, 0.004, 0.002
Node_Ferm1_Krum1_0, 0.003, 0, 0.005, 0.007, 0.003, 0, 0.003, 0.002, 0.004
Node_Fibr4_Fibr2_0, 0.007, 0, 0.022, 0.031, 0.007, 0, 0.007, 0.003, 0.017
Node_Fibr4_Fibr3_0, 0.046, 0, 0.017, 0.033, 0.046, 0, 0.046, 0.031, 0.017
Node_Fibr4_Fibr5_0, 0.087, 0, 0.009, 0.032, 0.085, 0, 0.087, 0.04, 0.05
Node_Fibr4_Fibr6_0, 0.012, 0, 0.084, 0.023, 0.012, 0, 0.012, 0.009, 0.009
Node_Fibr5_Fibr1_0, 0.296, 0, 0.011, 0.07, 0.276, 0, 0.296, 0.085, 0.22
Node_FirmA102_FirmA76_0, 0.367, 0.001, 0.319, 0.45, 0.359, 0, 0.367, 0.165, 0.214
Node_FirmA104_FirmA78_0, 0.002, 0, 0.011, 0.011, 0.002, 0, 0.002, 0, 0.008
Node_FirmA106_FirmA114_0, 0.01, 0, 0.052, 0.029, 0.01, 0, 0.01, 0.007, 0.011
Node_FirmA109_FirmA77_0, 0.002, 0, 0.019, 0.008, 0.002, 0, 0.002, 0.001, 0.006
Node_FirmA109_FirmA95_0, 0.005, 0, 0.012, 0.012, 0.005, 0, 0.005, 0.001, 0.015
Node_FirmA114_FirmA98_0, 0.005, 0, 0.023, 0.035, 0.005, 0, 0.005, 0, 0.018
Node_FirmA11_FirmA67_0, 0.01, 0, 0.01, 0.006, 0.01, 0, 0.01, 0.007, 0.006
Node_FirmA12_FirmA93_0, 0.781, 0, 0.02, 0.124, 0.778, 0, 0.781, 0.719, 0.074
Node_FirmA14_FirmA113_0, 0.005, 0, 0.013, 0.016, 0.005, 0, 0.005, 0.001, 0.012
Node_FirmA18_FirmA103_0, 0.249, 0.002, 0.019, 0.149, 0.248, 0, 0.249, 0.07, 0.189
Node_FirmA20_FirmA100_0, 0.008, 0, 0.015, 0.022, 0.008, 0, 0.008, 0.002, 0.017
Node_FirmA20_FirmA24_0, 0.024, 0, 0.055, 0.02, 0.024, 0, 0.024, 0.019, 0.006
Node_FirmA20_FirmA25_0, 0.006, 0, 0.01, 0.013, 0.006, 0, 0.006, 0.006, 0.005
Node_FirmA20_FirmA38_0, 0.011, 0, 0.018, 0.012, 0.011, 0, 0.011, 0.008, 0.005
Node_FirmA20_FirmA52_0, 0.006, 0, 0.009, 0.01, 0.006, 0, 0.006, 0.003, 0.009
Node_FirmA21_FirmA108_0, 0.001, 0, 0.011, 0.011, 0.001, 0, 0.001, 0, 0.01
Node_FirmA21_FirmA47_0, 0.001, 0, 0.005, 0.004, 0.001, 0, 0.001, 0, 0.005
Node_FirmA21_FirmA88_0, 0.002, 0, 0.018, 0.013, 0.002, 0, 0.002, 0.002, 0.006
Node_FirmA24_FirmA1_0, 0.005, 0, 0.024, 0.015, 0.005, 0, 0.005, 0.005, 0.005
Node_FirmA24_FirmA8_0, 0.003, 0, 0.01, 0.011, 0.003, 0, 0.003, 0.001, 0.008
Node_FirmA25_FirmA56_0, 0.003, 0, 0.017, 0.019, 0.003, 0, 0.003, 0, 0.014
Node_FirmA26_FirmA102_0, 0.471, 0.003, 0.015, 0.19, 0.425, 0, 0.471, 0.209, 0.269
Node_FirmA26_FirmA2_0, 0.214, 0.006, 0.025, 0.114, 0.203, 0, 0.214, 0.116, 0.093
Node_FirmA26_FirmA41_0, 1.066, 0.008, 0.03, 0.224, 0.963, 0, 1.066, 0.944, 0.115
Node_FirmA26_FirmA7_0, 0.973, 0.01, 0.056, 0.283, 0.89, 0, 0.973, 0.424, 0.548
Node_FirmA27_FirmA71_0, 0.004, 0, 0.022, 0.023, 0.004, 0, 0.004, 0, 0.014
Node_FirmA27_FirmA89_0, 0.012, 0, 0.006, 0.008, 0.012, 0, 0.012, 0.005, 0.01
Node_FirmA28_FirmA94_0, 0.005, 0, 0.007, 0.005, 0.005, 0, 0.005, 0.002, 0.006
Node_FirmA29_FirmA51_0, 0.006, 0, 0.021, 0.027, 0.006, 0, 0.006, 0, 0.023
Node_FirmA38_FirmA32_0, 0.002, 0, 0.013, 0.008, 0.002, 0, 0.002, 0.001, 0.004
Node_FirmA43_FirmA39_0, 0.001, 0, 0.008, 0.009, 0.001, 0, 0.001, 0.001, 0.004
Node_FirmA45_FirmA40_0, 0.009, 0, 0.016, 0.022, 0.009, 0, 0.009, 0.002, 0.018
Node_FirmA50_FirmA70_0, 0.01, 0, 0.026, 0.025, 0.01, 0, 0.01, 0.002, 0.018
Node_FirmA52_FirmA107_0, 0.006, 0, 0.014, 0.017, 0.006, 0, 0.006, 0, 0.016
Node_FirmA52_FirmA42_0, 0.004, 0, 0.013, 0.01, 0.004, 0, 0.004, 0.001, 0.011
Node_FirmA53_FirmA35_0, 0.004, 0, 0.015, 0.015, 0.004, 0, 0.004, 0.001, 0.011
Node_FirmA55_FirmA29_0, 0.004, 0, 0.014, 0.011, 0.004, 0, 0.004, 0.002, 0.006
Node_FirmA58_FirmA43_0, 0.005, 0, 0.008, 0.014, 0.005, 0, 0.005, 0.002, 0.009
Node_FirmA59_FirmA36_0, 0.005, 0, 0.013, 0.012, 0.005, 0, 0.005, 0.001, 0.013
Node_FirmA59_FirmA44_0, 0.005, 0, 0.008, 0.007, 0.005, 0, 0.005, 0.001, 0.007
Node_FirmA59_FirmA48_0, 0.002, 0, 0.006, 0.008, 0.002, 0, 0.002, 0.002, 0.003
Node_FirmA60_FirmA74_0, 0.004, 0, 0.011, 0.011, 0.004, 0, 0.004, 0.001, 0.011
Node_FirmA61_FirmA66_0, 0.007, 0, 0.018, 0.017, 0.007, 0, 0.007, 0.003, 0.015
Node_FirmA62_FirmA104_0, 0.005, 0, 0.024, 0.018, 0.005, 0, 0.005, 0.003, 0.006
Node_FirmA62_FirmA58_0, 0.004, 0, 0.01, 0.014, 0.004, 0, 0.004, 0.003, 0.009
Node_FirmA62_FirmA6_0, 0.004, 0, 0.008, 0.008, 0.004, 0, 0.004, 0, 0.008
Node_FirmA63_FirmA109_0, 0.015, 0, 0.024, 0.015, 0.015, 0, 0.015, 0.006, 0.013
Node_FirmA63_FirmA10_0, 0.011, 0, 0.017, 0.02, 0.011, 0, 0.011, 0.006, 0.013
Node_FirmA63_FirmA30_0, 0.013, 0, 0.007, 0.012, 0.013, 0, 0.013, 0.008, 0.009
Node_FirmA63_FirmA45_0, 0.007, 0, 0.02, 0.023, 0.007, 0, 0.007, 0.005, 0.014
Node_FirmA63_FirmA57_0, 0.012, 0, 0.027, 0.024, 0.012, 0, 0.012, 0.009, 0.007
Node_FirmA63_FirmA99_0, 0.026, 0, 0.013, 0.02, 0.026, 0, 0.026, 0.007, 0.027
Node_FirmA64_FirmA33_0, 0.003, 0, 0.011, 0.013, 0.003, 0, 0.003, 0.001, 0.009
Node_FirmA65_FirmA5_0, 0.003, 0, 0.016, 0.016, 0.003, 0, 0.003, 0, 0.016
Node_FirmA65_FirmA64_0, 0.005, 0, 0.011, 0.016, 0.005, 0, 0.005, 0.001, 0.01
Node_FirmA65_FirmA69_0, 0.006, 0, 0.007, 0.005, 0.006, 0, 0.006, 0.002, 0.006
Node_FirmA65_FirmA97_0, 0.003, 0, 0.008, 0.007, 0.003, 0, 0.003, 0, 0.006
Node_FirmA67_FirmA37_0, 0.011, 0, 0.004, 0.006, 0.011, 0, 0.011, 0.008, 0.004
Node_FirmA67_FirmA50_0, 0.018, 0, 0.008, 0.017, 0.018, 0, 0.018, 0.008, 0.015
Node_FirmA67_FirmA79_0, 0.051, 0, 0.01, 0.015, 0.051, 0, 0.051, 0.014, 0.043
Node_FirmA67_FirmA87_0, 0.011, 0, 0.004, 0.009, 0.011, 0, 0.011, 0.007, 0.005
Node_FirmA69_FirmA28_0, 0.006, 0, 0.009, 0.011, 0.006, 0, 0.006, 0.003, 0.009
Node_FirmA69_FirmA72_0, 0.005, 0, 0.013, 0.014, 0.005, 0, 0.005, 0.002, 0.012
Node_FirmA72_FirmA73_0, 0.004, 0, 0.007, 0.007, 0.004, 0, 0.004, 0.001, 0.006
Node_FirmA7_FirmA12_0, 0.727, 0, 0.031, 0.107, 0.724, 0, 0.727, 0.71, 0.023
Node_FirmA7_FirmA90_0, 0.735, 0, 0.248, 0.125, 0.729, 0, 0.735, 0.728, 0.01
Node_FirmA80_FirmA34_0, 0.073, 0, 0.005, 0.027, 0.072, 0, 0.073, 0.019, 0.057
Node_FirmA81_FirmA14_0, 0.006, 0, 0.005, 0.01, 0.006, 0, 0.006, 0.003, 0.004
Node_FirmA81_FirmA19_0, 0.004, 0, 0.008, 0.007, 0.004, 0, 0.004, 0.001, 0.006
Node_FirmA81_FirmA84_0, 0.015, 0, 0.008, 0.006, 0.015, 0, 0.015, 0.006, 0.01
Node_FirmA81_FirmA92_0, 0.007, 0, 0.013, 0.007, 0.007, 0, 0.007, 0.003, 0.005
Node_FirmA83_FirmA11_0, 0.014, 0, 0.02, 0.015, 0.014, 0, 0.014, 0.008, 0.007
Node_FirmA83_FirmA49_0, 0.002, 0, 0.014, 0.015, 0.002, 0, 0.002, 0.001, 0.008
Node_FirmA83_FirmA55_0, 0.012, 0, 0.013, 0.015, 0.012, 0, 0.012, 0.004, 0.018
Node_FirmA83_FirmA59_0, 0.006, 0, 0.012, 0.01, 0.006, 0, 0.006, 0.003, 0.005
Node_FirmA83_FirmA65_0, 0.007, 0, 0.004, 0.006, 0.007, 0, 0.007, 0.003, 0.005
Node_FirmA83_FirmA81_0, 0.013, 0, 0.008, 0.004, 0.013, 0, 0.013, 0.007, 0.007
Node_FirmA83_FirmA86_0, 0.008, 0, 0.016, 0.016, 0.008, 0, 0.008, 0.003, 0.012
Node_FirmA84_FirmA111_0, 0.024, 0, 0.005, 0.012, 0.024, 0, 0.024, 0.011, 0.014
Node_FirmA84_FirmA16_0, 0.132, 0, 0.029, 0.064, 0.13, 0, 0.132, 0.114, 0.021
Node_FirmA84_FirmA20_0, 0.073, 0.001, 0.007, 0.057, 0.072, 0, 0.073, 0.021, 0.055
Node_FirmA84_FirmA26_0, 0.14, 0.005, 0.011, 0.091, 0.134, 0, 0.14, 0.065, 0.073
Node_FirmA84_FirmA46_0, 0.009, 0, 0.028, 0.023, 0.009, 0, 0.009, 0.008, 0.005
Node_FirmA84_FirmA63_0, 0.032, 0, 0.108, 0.035, 0.032, 0, 0.032, 0.026, 0.008
Node_FirmA84_FirmA9_0, 0.003, 0, 0.015, 0.012, 0.003, 0, 0.003, 0.001, 0.009
Node_FirmA85_DTU0X1_0, 0.006, 0, 0.03, 0.017, 0.006, 0, 0.006, 0.004, 0.002
Node_FirmA85_FirmA60_0, 0.004, 0.001, 0.013, 0.016, 0.004, 0, 0.004, 0.002, 0.01
Node_FirmA85_FirmC13_0, 0.034, 0, 0.016, 0.019, 0.033, 0, 0.034, 0.03, 0.005
Node_FirmA86_FirmA61_0, 0.01, 0, 0.007, 0.009, 0.01, 0, 0.01, 0.005, 0.009
Node_FirmA87_FirmA106_0, 0.051, 0, 0.008, 0.025, 0.051, 0, 0.051, 0.019, 0.036
Node_FirmA87_FirmA62_0, 0.023, 0, 0.007, 0.018, 0.023, 0, 0.023, 0.014, 0.016
Node_FirmA87_FirmA96_0, 0.014, 0, 0.006, 0.01, 0.014, 0, 0.014, 0.009, 0.009
Node_FirmA88_FirmA101_0, 0.003, 0, 0.006, 0.006, 0.003, 0, 0.003, 0, 0.007
Node_FirmA89_FirmA105_0, 0.004, 0, 0.011, 0.009, 0.004, 0, 0.004, 0, 0.01
Node_FirmA89_FirmA110_0, 0.001, 0, 0.014, 0.013, 0.001, 0, 0.001, 0, 0.011
Node_FirmA89_FirmA21_0, 0.014, 0, 0.01, 0.012, 0.014, 0, 0.014, 0.007, 0.012
Node_FirmA89_FirmA31_0, 0.005, 0, 0.02, 0.024, 0.005, 0, 0.005, 0.001, 0.017
Node_FirmA89_FirmA53_0, 0.008, 0, 0.019, 0.016, 0.008, 0, 0.008, 0.004, 0.006
Node_FirmA89_FirmA68_0, 0.005, 0, 0.012, 0.012, 0.005, 0, 0.005, 0.001, 0.012
Node_FirmA89_FirmA80_0, 0.021, 0, 0.009, 0.026, 0.021, 0, 0.021, 0.009, 0.016
Node_FirmA90_FirmA112_0, 0.042, 0, 0.712, 0.125, 0.042, 0, 0.042, 0.037, 0.019
Node_FirmA92_FirmA54_0, 0.004, 0, 0.011, 0.007, 0.004, 0, 0.004, 0.001, 0.008
Node_FirmA94_FirmA75_0, 0.003, 0, 0.012, 0.012, 0.003, 0, 0.003, 0.001, 0.01
Node_FirmA96_FirmA27_0, 0.008, 0, 0.01, 0.005, 0.008, 0, 0.008, 0.006, 0.004
Node_FirmA96_FirmA91_0, 0.005, 0, 0.012, 0.014, 0.005, 0, 0.005, 0.001, 0.009
Node_FirmA99_FirmA18_0, 0.077, 0, 0.014, 0.036, 0.077, 0, 0.077, 0.018, 0.065
Node_FirmB16_FirmB13_0, 0.004, 0, 0.016, 0.013, 0.004, 0, 0.004, 0, 0.012
Node_FirmB17_FirmB15_0, 0.008, 0, 0.015, 0.017, 0.008, 0, 0.008, 0.003, 0.015
Node_FirmB2_FirmB11_0, 0.008, 0, 0.021, 0.025, 0.008, 0, 0.008, 0.004, 0.019
Node_FirmB2_FirmB12_0, 0.01, 0, 0.019, 0.019, 0.01, 0, 0.01, 0, 0.023
Node_FirmB3_FirmB14_0, 0.004, 0, 0.015, 0.014, 0.004, 0, 0.004, 0.001, 0.013
Node_FirmB4_FirmB17_0, 0.008, 0, 0.012, 0.013, 0.008, 0, 0.008, 0.002, 0.016
Node_FirmB4_FirmB1_0, 0.004, 0, 0.013, 0.014, 0.004, 0, 0.004, 0.001, 0.011
Node_FirmB4_FirmB3_0, 0.006, 0, 0.015, 0.02, 0.006, 0, 0.006, 0.001, 0.014
Node_FirmB6_FirmB7_0, 0.004, 0, 0.012, 0.009, 0.004, 0, 0.004, 0.002, 0.008
Node_FirmB8_FirmB16_0, 0.008, 0, 0.003, 0.001, 0.008, 0, 0.008, 0.005, 0.004
Node_FirmB8_FirmB4_0, 0.007, 0, 0.012, 0.011, 0.007, 0, 0.007, 0.005, 0.007
Node_FirmB8_FirmB5_0, 0.004, 0, 0.011, 0.012, 0.004, 0, 0.004, 0.002, 0.007
Node_FirmB8_FirmB9_0, 0.012, 0, 0.027, 0.025, 0.012, 0, 0.012, 0.007, 0.01
Node_FirmB9_FirmB10_0, 0.002, 0, 0.016, 0.016, 0.002, 0, 0.002, 0, 0.012
Node_FirmB9_FirmB2_0, 0.006, 0, 0.01, 0.008, 0.006, 0, 0.006, 0.002, 0.008
Node_FirmB9_FirmB6_0, 0.008, 0, 0.01, 0.005, 0.008, 0, 0.008, 0.004, 0.006
Node_FirmC10_FirmC14_0, 0.08, 0, 0.886, 0.321, 0.08, 0, 0.08, 0.075, 0.024
Node_FirmC10_FirmC18_0, 0.942, 0.003, 0.092, 0.333, 0.936, 0, 0.942, 0.925, 0.021
Node_FirmC10_FirmC19_0, 1.01, 0.004, 0.146, 0.709, 0.993, 0, 1.01, 0.322, 0.695
Node_FirmC11_FirmC3_0, 0.776, 0, 0.706, 0.14, 0.76, 0, 0.776, 0.714, 0.076
Node_FirmC13_FirmB8_0, 0.029, 0, 0.012, 0.015, 0.029, 0, 0.029, 0.017, 0.016
Node_FirmC13_FirmC10_0, 0.457, 0.005, 0.166, 0.203, 0.412, 0, 0.457, 0.241, 0.214
Node_FirmC13_FirmC17_0, 0.466, 0, 0.225, 0.228, 0.417, 0, 0.466, 0.237, 0.234
Node_FirmC13_FirmC5_0, 0.087, 0, 0.006, 0.036, 0.084, 0, 0.087, 0.026, 0.064
Node_FirmC13_FirmC8_0, 0.404, 0.013, 0.008, 0.128, 0.35, 0, 0.404, 0.077, 0.312
Node_FirmC13_Firms33_0, 0.025, 0, 0.01, 0.011, 0.024, 0, 0.025, 0.024, 0.001
Node_FirmC15_FirmC12_0, 0.012, 0, 0.809, 0.063, 0.012, 0, 0.012, 0.008, 0.015
Node_FirmC1_FirmC4_0, 0.062, 0, 0.639, 0.168, 0.06, 0, 0.062, 0.055, 0.021
Node_FirmC6_FirmC16_0, 1.005, 0.002, 0.028, 0.161, 0.999, 0, 1.005, 0.657, 0.351
Node_FirmC6_FirmC1_0, 0.68, 0, 0.591, 0.159, 0.665, 0, 0.68, 0.595, 0.091
Node_FirmC8_FirmC11_0, 1.406, 0.001, 0.251, 0.566, 0.92, 0, 1.406, 0.936, 0.476
Node_FirmC8_FirmC15_0, 0.806, 0, 0.736, 0.126, 0.781, 0, 0.806, 0.73, 0.087
Node_FirmC8_FirmC6_0, 1.18, 0.001, 0.045, 0.179, 0.908, 0, 1.18, 0.747, 0.442
Node_FirmC8_FirmC7_0, 1.455, 0.001, 0.05, 0.119, 0.933, 0, 1.455, 1.362, 0.098
Node_FirmC8_FirmC9_0, 0.782, 0.011, 0.101, 0.227, 0.665, 0, 0.782, 0.311, 0.468
Node_FirmD2_FirmD3_0, 0.102, 0, 0.006, 0.063, 0.102, 0, 0.102, 0.023, 0.084
Node_FirmD4_FirmD2_0, 0.024, 0, 0.011, 0.014, 0.024, 0, 0.024, 0.017, 0.008
Node_FirmE4_FirmE6_0, 0.007, 0, 0.014, 0.015, 0.007, 0, 0.007, 0.001, 0.016
Node_FirmE5_FirmA85_0, 0.045, 0, 0.108, 0.036, 0.044, 0, 0.045, 0.043, 0.003
Node_FirmE5_FirmE3_0, 0.002, 0, 0.009, 0.008, 0.002, 0, 0.002, 0.002, 0.006
Node_FirmE5_FirmE4_0, 0.005, 0, 0.019, 0.009, 0.005, 0, 0.005, 0.002, 0.006
Node_FirmE5_FirmE7_0, 0.018, 0, 0.039, 0.02, 0.018, 0, 0.018, 0.012, 0.012
Node_FirmE7_FirmE1_0, 0.027, 0, 0.02, 0.029, 0.027, 0, 0.027, 0.004, 0.029
Node_FirmE7_FirmE2_0, 0.075, 0, 0.016, 0.043, 0.074, 0, 0.075, 0.023, 0.064
Node_FirmE7_FirmE8_0, 0.28, 0.002, 0.021, 0.12, 0.28, 0, 0.28, 0.068, 0.224
Node_FirmF1_FirmF2_0, 0.075, 0, 0.133, 0.076, 0.073, 0, 0.075, 0.038, 0.044
Node_FirmF1_FirmG6_0, 0.164, 0.001, 0.039, 0.085, 0.161, 0, 0.164, 0.159, 0.004
Node_FirmF2_FirmF3_0, 0.213, 0, 0.026, 0.069, 0.212, 0, 0.213, 0.057, 0.164
Node_FirmG5_FirmG1_0, 0.009, 0, 0.028, 0.019, 0.009, 0, 0.009, 0.005, 0.012
Node_FirmG5_FirmG2_0, 0.025, 0, 0.144, 0.061, 0.025, 0, 0.025, 0.024, 0.007
Node_FirmG6_FirmE5_0, 0.15, 0, 0.022, 0.064, 0.147, 0, 0.15, 0.143, 0.008
Node_FirmG6_FirmG3_0, 0.034, 0, 0.21, 0.07, 0.033, 0, 0.034, 0.029, 0.007
Node_FirmG6_FirmG4_0, 0.237, 0, 0.009, 0.105, 0.234, 0, 0.237, 0.157, 0.084
Node_FirmG6_FirmG5_0, 0.162, 0, 0.037, 0.073, 0.162, 0, 0.162, 0.123, 0.049
Node_Firms11_Firms17_0, 1.006, 0.004, 0.019, 1.02, 1, 0, 1.006, 0.995, 0.018
Node_Firms13_Firms1_0, 0.971, 0, 0.037, 0.045, 0.84, 0, 0.971, 0.788, 0.193
Node_Firms1_Firms10_0, 1.079, 0.002, 0.165, 0.068, 0.87, 0, 1.079, 0.814, 0.271
Node_Firms20_Firms12_0, 0.321, 0, 0.017, 0.014, 0.32, 0, 0.321, 0.306, 0.022
Node_Firms20_Firms29_0, 0.415, 0, 0.01, 0.015, 0.413, 0, 0.415, 0.319, 0.104
Node_Firms22_Firms27_0, 1.122, 0, 0.007, 0.005, 0.996, 0, 1.122, 0.996, 0.13
Node_Firms23_Firms18_0, 0.006, 0, 0.014, 0.017, 0.006, 0, 0.006, 0.002, 0.013
Node_Firms24_Firms26_0, 1.004, 0.007, 0.016, 1.01, 1, 0, 1.004, 0.988, 0.016
Node_Firms30_Firms31_0, 0.005, 0, 0.009, 0.006, 0.005, 0, 0.005, 0.002, 0.005
Node_Firms32_Firms25_0, 0.005, 0, 0.026, 0.017, 0.005, 0, 0.005, 0.001, 0.012
Node_Firms33_FirmA83_0, 0.027, 0, 0.006, 0.012, 0.026, 0, 0.027, 0.019, 0.008
Node_Firms33_FirmD1_0, 0.021, 0, 0.013, 0.008, 0.021, 0, 0.021, 0.014, 0.007
Node_Firms33_FirmD4_0, 0.027, 0, 0.005, 0.015, 0.027, 0, 0.027, 0.022, 0.005
Node_Firms33_Firms11_0, 1.003, 0.001, 0.006, 0.013, 0.999, 0, 1.003, 0.997, 0.009
Node_Firms33_Firms13_0, 0.815, 0.003, 0.006, 0.501, 0.809, 0, 0.815, 0.205, 0.609
Node_Firms33_Firms15_0, 1.003, 0.005, 0.01, 0.539, 0.999, 0, 1.003, 0.995, 0.004
Node_Firms33_Firms16_0, 0.401, 0, 0.607, 0.225, 0.399, 0, 0.401, 0.398, 0.005
Node_Firms33_Firms20_0, 0.316, 0, 0.021, 0.018, 0.314, 0, 0.316, 0.309, 0.01
Node_Firms33_Firms21_0, 0.327, 0, 0.078, 0.044, 0.327, 0, 0.327, 0.326, 0.004
Node_Firms33_Firms22_0, 0.999, 0, 0.001, 0.074, 0.998, 0, 0.999, 0.855, 0.145
Node_Firms33_Firms23_0, 0.007, 0, 0.026, 0.029, 0.007, 0, 0.007, 0.004, 0.014
Node_Firms33_Firms28_0, 0.032, 0, 0.009, 0.024, 0.031, 0, 0.032, 0.004, 0.036
Node_Firms33_Firms2_0, 0.02, 0, 0.023, 0.019, 0.019, 0, 0.02, 0.012, 0.011
Node_Firms33_Firms30_0, 0.009, 0, 0.318, 0.014, 0.009, 0, 0.009, 0.005, 0.011
Node_Firms33_Firms32_0, 0.019, 0, 0.014, 0.018, 0.019, 0, 0.019, 0.011, 0.013
Node_Firms33_Firms3_0, 0.855, 0.001, 0.01, 0.069, 0.855, 0, 0.855, 0.808, 0.049
Node_Firms33_Firms5_0, 1.004, 0.001, 0.006, 0.01, 1, 0, 1.004, 0.998, 0.007
Node_Firms33_Firms6_0, 0.209, 0, 0.006, 0.136, 0.208, 0, 0.209, 0.063, 0.148
Node_Firms33_Firms7_0, 1.002, 0, 0.004, 0.003, 0.999, 0, 1.002, 0.999, 0.003
Node_Firms33_Firms8_0, 0.067, 0, 0.002, 0.037, 0.067, 0, 0.067, 0.02, 0.048
Node_Firms33_Firms9_0, 0.005, 0, 0.01, 0.011, 0.005, 0, 0.005, 0.002, 0.006
Node_Firms8_Firms24_0, 0.997, 0.001, 0.016, 0.227, 0.995, 0, 0.997, 0.198, 0.804
Node_Firms8_Firms4_0, 0.208, 0, 0.067, 0.085, 0.208, 0, 0.208, 0.01, 0.208
Node_Gemm2_Gemm4_0, 0.007, 0, 0.012, 0.014, 0.007, 0, 0.007, 0.004, 0.009
Node_Gemm3_Gemm6_0, 0.287, 0, 0.026, 0.083, 0.286, 0, 0.287, 0.066, 0.236
Node_Gemm5_Gemm8_0, 0.106, 0, 0.009, 0.051, 0.106, 0, 0.106, 0.038, 0.071
Node_Gemm5_Gemm9_0, 0.022, 0, 0.092, 0.036, 0.022, 0, 0.022, 0.018, 0.008
Node_Gemm9_Gemm2_0, 0.01, 0, 0.017, 0.015, 0.01, 0, 0.01, 0.009, 0.005
Node_Gemm9_Gemm3_0, 0.077, 0, 0.015, 0.028, 0.077, 0, 0.077, 0.008, 0.077
Node_Gemm9_Gemm7_0, 0.015, 0, 0.014, 0.019, 0.015, 0, 0.015, 0.005, 0.019
Node_Gold1_FCPU1_0, 0.185, 0, 0.045, 0.076, 0.177, 0, 0.185, 0.067, 0.119
Node_Gold1_Fire1_0, 0.111, 0, 0.149, 0.126, 0.109, 0, 0.111, 0.093, 0.021
Node_Gold1_Gold2_0, 0.201, 0, 0.141, 0.129, 0.197, 0, 0.201, 0.057, 0.157
Node_Hydr2_Abys1_0, 1.172, 0.005, 0.799, 1.105, 0.851, 0, 1.172, 1.018, 0.15
Node_Hydr2_Hydr1_0, 1.054, 0.001, 0.351, 0.466, 1, 0, 1.054, 0.832, 0.232
Node_Hydr2_Plan43_0, 1.889, 0.412, 0.068, 1.252, 0.99, 0, 1.889, 1.046, 0.101
Node_Hydr2_Sume1_0, 1.816, 0.013, 0.141, 1.465, 0.994, 0, 1.816, 1.745, 0.055
Node_KSB1X2_KSB1X4_0, 0.002, 0, 0.009, 0.007, 0.002, 0, 0.002, 0.001, 0.007
Node_KSB1X3_KSB1X1_0, 0.004, 0, 0.006, 0.004, 0.004, 0, 0.004, 0.001, 0.007
Node_Late1_Late3_0, 1.005, 0.003, 0.01, 0.346, 0.999, 0, 1.005, 0.169, 0.84
Node_Late2_Late1_0, 0.172, 0.001, 0.014, 0.067, 0.172, 0, 0.172, 0.027, 0.148
Node_Lind1_Lind2_0, 0.4, 0.003, 0.443, 0.426, 0.347, 0, 0.4, 0.133, 0.275
Node_Lind1_Lind4_0, 0.565, 0.006, 0.119, 0.367, 0.534, 0, 0.565, 0.478, 0.081
Node_Marg1_Marg2_0, 0.114, 0, 0.194, 0.089, 0.109, 0, 0.114, 0.061, 0.058
Node_Marg1_Marg6_0, 0.015, 0, 0.106, 0.043, 0.015, 0, 0.015, 0.011, 0.007
Node_Marg2_Marg7_0, 0.294, 0.001, 0.051, 0.114, 0.29, 0, 0.294, 0.079, 0.23
Node_Mari3_Mari2_0, 0.002, 0, 0.011, 0.014, 0.002, 0, 0.002, 0.002, 0.009
Node_Mari3_Mari6_0, 0.004, 0, 0.008, 0.004, 0.004, 0, 0.004, 0.002, 0.003
Node_Mari6_Mari1_0, 0.006, 0, 0.016, 0.02, 0.006, 0, 0.006, 0.001, 0.016
Node_Mari6_Mari5_0, 0.006, 0, 0.009, 0.011, 0.006, 0, 0.006, 0.001, 0.011
Node_Meth2_Meth1_0, 1.06, 0.001, 0.851, 0.304, 0.999, 0, 1.06, 0.167, 0.901
Node_Meth4_Meth3_0, 1.004, 0, 0.014, 0.019, 1, 0, 1.004, 0.999, 0.012
Node_Meth5_Meth2_0, 1.009, 0.003, 0.014, 0.097, 0.9, 0, 1.009, 0.861, 0.149
Node_Meth5_Meth4_0, 1.006, 0.001, 0.135, 0.098, 1, 0, 1.006, 0.89, 0.131
Node_Meth5_NitsA1_0, 1.037, 0.004, 0.154, 0.202, 0.929, 0, 1.037, 0.989, 0.043
Node_Meth5_SZUA1_0, 0.871, 0.001, 0.026, 0.084, 0.853, 0, 0.871, 0.854, 0.019
Node_Meth5_Sche1_0, 0.877, 0.001, 0.172, 0.115, 0.855, 0, 0.877, 0.871, 0.011
Node_MyxA1_MyxA2_0, 1.162, 0, 0.064, 0.072, 0.992, 0, 1.162, 1.002, 0.169
Node_MyxA1_MyxA4_0, 1.057, 0.002, 0.202, 0.451, 0.994, 0, 1.057, 0.253, 0.806
Node_MyxA2_MyxA3_0, 1.011, 0.001, 0.179, 0.038, 1, 0, 1.011, 1.001, 0.027
Node_Myxo10_Bdell6_0, 0.873, 0.003, 0.085, 0.274, 0.805, 0, 0.873, 0.82, 0.049
Node_Myxo10_MyxA1_0, 0.451, 0.001, 0.555, 0.378, 0.408, 0, 0.451, 0.319, 0.132
Node_Myxo10_Myxo11_0, 0.151, 0.001, 0.326, 0.174, 0.148, 0, 0.151, 0.125, 0.025
Node_Myxo10_Myxo14_0, 0.112, 0.002, 0.089, 0.081, 0.106, 0, 0.112, 0.064, 0.048
Node_Myxo10_Myxo15_0, 0.018, 0, 0.346, 0.046, 0.017, 0, 0.018, 0.012, 0.019
Node_Myxo10_Myxo17_0, 0.345, 0.03, 0.051, 0.112, 0.308, 0, 0.345, 0.069, 0.254
Node_Myxo11_Bdell13_0, 0.045, 0, 0.11, 0.061, 0.044, 0, 0.045, 0.043, 0.004
Node_Myxo11_Myxo13_0, 0.01, 0, 0.02, 0.021, 0.01, 0, 0.01, 0.004, 0.015
Node_Myxo11_Myxo8_0, 0.015, 0, 0.039, 0.03, 0.015, 0, 0.015, 0.012, 0.009
Node_Myxo14_Myxo2_0, 0.415, 0.004, 0.013, 0.137, 0.398, 0, 0.415, 0.117, 0.298
Node_Myxo14_Myxo3_0, 0.044, 0, 0.09, 0.038, 0.044, 0, 0.044, 0.023, 0.022
Node_Myxo14_Myxo5_0, 1.045, 0.008, 0.051, 0.951, 0.991, 0, 1.045, 0.367, 0.673
Node_Myxo14_Myxo6_0, 1.179, 0, 0.019, 0.045, 0.993, 0, 1.179, 1.037, 0.153
Node_Myxo14_Myxo9_0, 0.126, 0, 0.013, 0.052, 0.125, 0, 0.126, 0.035, 0.095
Node_Myxo15_Myxo18_0, 0.012, 0, 0.028, 0.029, 0.012, 0, 0.012, 0.006, 0.022
Node_Myxo17_Myxo19_0, 1.691, 0.619, 0.023, 0.092, 0.998, 0, 1.691, 0.177, 0.75
Node_Myxo2_Myxo1_0, 0.41, 0, 0.114, 0.051, 0.407, 0, 0.41, 0.305, 0.109
Node_Myxo8_Myxo7_0, 0.005, 0, 0.021, 0.019, 0.005, 0, 0.005, 0.001, 0.011
Node_Nitr10_Nitr3_0, 1.012, 0, 0.015, 0.014, 1, 0, 1.012, 1.001, 0.016
Node_Nitr10_Nitr4_0, 1.011, 0, 0.165, 0.025, 0.999, 0, 1.011, 0.903, 0.114
Node_Nitr10_Nitr6_0, 1.006, 0, 0.019, 0.019, 1, 0, 1.006, 1.003, 0.013
Node_Nitr14_CG294X1_0, 0.857, 0.001, 0.293, 0.198, 0.79, 0, 0.857, 0.852, 0.005
Node_Nitr14_Meth5_0, 1.144, 0.005, 0.221, 0.267, 0.985, 0, 1.144, 1.127, 0.009
Node_Nitr14_Nitr12_0, 0.004, 0.001, 0.018, 0.019, 0.004, 0, 0.004, 0.001, 0.014
Node_Nitr14_Nitr13_0, 0.006, 0, 0.012, 0.013, 0.006, 0, 0.006, 0.003, 0.009
Node_Nitr14_Nitr15_0, 0.831, 0.008, 0.061, 0.125, 0.774, 0, 0.831, 0.794, 0.027
Node_Nitr14_Nitr16_0, 0.007, 0, 0.009, 0.014, 0.007, 0, 0.007, 0.001, 0.01
Node_Nitr14_Nitr2_0, 0.009, 0, 0.062, 0.04, 0.009, 0, 0.009, 0.008, 0.005
Node_Nitr14_Nitr9_0, 0.066, 0, 0.773, 0.109, 0.066, 0, 0.066, 0.062, 0.008
Node_Nitr15_Nitr10_0, 1.062, 0.003, 0.205, 0.216, 0.997, 0, 1.062, 0.85, 0.212
Node_Nitr15_Nitr1_0, 0.881, 0.011, 0.034, 0.152, 0.802, 0, 0.881, 0.788, 0.073
Node_Nitr15_Nitr8_0, 1.052, 0, 0.021, 0.189, 0.848, 0, 1.052, 0.866, 0.192
Node_Nitr16_Nitr11_0, 0.006, 0, 0.021, 0.026, 0.006, 0, 0.006, 0, 0.02
Node_Nitr16_Nitr17_0, 0.007, 0, 0.016, 0.016, 0.007, 0, 0.007, 0.001, 0.016
Node_Nitr17_Nitr5_0, 0.003, 0, 0.018, 0.017, 0.003, 0, 0.003, 0.002, 0.014
Node_Nitr9_Nitr7_0, 0.013, 0, 0.061, 0.04, 0.013, 0, 0.013, 0.013, 0.008
Node_Nits1_Nits3_0, 1.007, 0, 0.024, 0.032, 1, 0, 1.007, 0.327, 0.692
Node_Nits4_Nits2_0, 0.022, 0, 0.272, 0.027, 0.022, 0, 0.022, 0.015, 0.009
Node_NitsA1_NitsA2_0, 1.019, 0, 0.343, 0.145, 0.998, 0, 1.019, 0.246, 0.783
Node_NitsA1_NitsA3_0, 0.579, 0, 0.607, 0.279, 0.504, 0, 0.579, 0.433, 0.149
Node_NitsA3_Nits1_0, 0.339, 0, 0.046, 0.042, 0.335, 0, 0.339, 0.246, 0.1
Node_NitsA3_Nits4_0, 0.285, 0, 0.335, 0.167, 0.281, 0, 0.285, 0.256, 0.041
Node_Omni4_Omni2_0, 1.179, 0.002, 0.024, 0.472, 0.999, 0, 1.179, 0.096, 1.092
Node_Omni4_Omni3_0, 0.096, 0.001, 0.865, 0.192, 0.092, 0, 0.096, 0.08, 0.019
Node_Omni4_Omni7_0, 0.109, 0, 0.046, 0.09, 0.109, 0, 0.109, 0.051, 0.059
Node_Omni4_Omni8_0, 0.941, 0.004, 0.824, 0.991, 0.783, 0, 0.941, 0.914, 0.021
Node_Omni8_Omni6_0, 1.034, 0.001, 0.165, 0.181, 0.824, 0, 1.034, 0.781, 0.257
Node_P4572X1_Ferm1_0, 0.044, 0, 0.068, 0.047, 0.044, 0, 0.044, 0.035, 0.012
Node_P4572X1_Gemm5_0, 0.044, 0, 0.024, 0.033, 0.043, 0, 0.044, 0.023, 0.024
Node_Pate13_Pate34_0, 0.009, 0, 0.01, 0.017, 0.009, 0, 0.009, 0.002, 0.014
Node_Pate13_Pate6_0, 0.005, 0, 0.017, 0.016, 0.005, 0, 0.005, 0.001, 0.011
Node_Pate14_Pate35_0, 0.012, 0, 0.016, 0.021, 0.012, 0, 0.012, 0.002, 0.02
Node_Pate14_Pate5_0, 0.008, 0, 0.008, 0.005, 0.008, 0, 0.008, 0.003, 0.007
Node_Pate15_Pate29_0, 0.007, 0, 0.013, 0.012, 0.007, 0, 0.007, 0, 0.016
Node_Pate17_Pate18_0, 0.005, 0, 0.007, 0.007, 0.005, 0, 0.005, 0, 0.008
Node_Pate17_Pate19_0, 0.004, 0, 0.007, 0.004, 0.004, 0, 0.004, 0.002, 0.006
Node_Pate17_Pate8_0, 0.005, 0, 0.008, 0.011, 0.005, 0, 0.005, 0.002, 0.008
Node_Pate18_Pate38_0, 0.008, 0, 0.018, 0.02, 0.008, 0, 0.008, 0.002, 0.017
Node_Pate18_Pate9_0, 0.009, 0, 0.005, 0.01, 0.009, 0, 0.009, 0.002, 0.009
Node_Pate19_Pate37_0, 0.007, 0, 0.01, 0.008, 0.007, 0, 0.007, 0.003, 0.008
Node_Pate19_Pate4_0, 0.009, 0, 0.011, 0.018, 0.009, 0, 0.009, 0.002, 0.016
Node_Pate1_Pate50_0, 0.005, 0, 0.004, 0.004, 0.005, 0, 0.005, 0.004, 0.003
Node_Pate21_Pate15_0, 0.004, 0, 0.008, 0.008, 0.004, 0, 0.004, 0.001, 0.008
Node_Pate21_Pate26_0, 0.004, 0, 0.006, 0.007, 0.004, 0, 0.004, 0.004, 0.004
Node_Pate24_Pate13_0, 0.011, 0, 0.009, 0.014, 0.011, 0, 0.011, 0.004, 0.011
Node_Pate24_Pate14_0, 0.009, 0, 0.008, 0.008, 0.009, 0, 0.009, 0.001, 0.012
Node_Pate24_Pate39_0, 0.008, 0, 0.01, 0.012, 0.008, 0, 0.008, 0.004, 0.011
Node_Pate24_Pate54_0, 0.007, 0, 0.012, 0.014, 0.007, 0, 0.007, 0.004, 0.008
Node_Pate25_Pate17_0, 0.005, 0, 0.005, 0.006, 0.005, 0, 0.005, 0.001, 0.005
Node_Pate25_Pate28_0, 0.003, 0, 0.012, 0.013, 0.003, 0, 0.003, 0.001, 0.01
Node_Pate25_Pate32_0, 0.005, 0, 0.012, 0.012, 0.005, 0, 0.005, 0.003, 0.005
Node_Pate26_Pate12_0, 0.002, 0, 0.011, 0.012, 0.002, 0, 0.002, 0, 0.009
Node_Pate40_Pate24_0, 0.005, 0, 0.003, 0.005, 0.005, 0, 0.005, 0.002, 0.004
Node_Pate40_Pate55_0, 0.009, 0, 0.009, 0.016, 0.009, 0, 0.009, 0.002, 0.013
Node_Pate40_Pate7_0, 0.004, 0, 0.007, 0.006, 0.004, 0, 0.004, 0.003, 0.003
Node_Pate43_Pate22_0, 0.005, 0, 0.01, 0.012, 0.005, 0, 0.005, 0.003, 0.007
Node_Pate43_Pate3_0, 0.003, 0, 0.005, 0.007, 0.003, 0, 0.003, 0.002, 0.003
Node_Pate43_Pate44_0, 0.003, 0, 0.009, 0.011, 0.003, 0, 0.003, 0, 0.009
Node_Pate43_Pate45_0, 0.008, 0, 0.012, 0.012, 0.008, 0, 0.008, 0.005, 0.004
Node_Pate43_Pate57_0, 0.003, 0, 0.011, 0.01, 0.003, 0, 0.003, 0, 0.011
Node_Pate44_Pate10_0, 0.007, 0, 0.004, 0.007, 0.007, 0, 0.007, 0.001, 0.008
Node_Pate44_Pate52_0, 0.003, 0, 0.004, 0.006, 0.003, 0, 0.003, 0.001, 0.004
Node_Pate45_Pate11_0, 0.005, 0, 0.011, 0.009, 0.005, 0, 0.005, 0, 0.01
Node_Pate45_Pate21_0, 0.006, 0, 0.006, 0.01, 0.006, 0, 0.006, 0.004, 0.004
Node_Pate46_Pate25_0, 0.012, 0, 0.017, 0.007, 0.011, 0, 0.012, 0.011, 0.001
Node_Pate48_Chlo30_0, 0.303, 0, 0.014, 0.084, 0.278, 0, 0.303, 0.216, 0.087
Node_Pate48_Pate1_0, 0.006, 0, 0.003, 0.008, 0.006, 0, 0.006, 0.001, 0.006
Node_Pate48_Pate23_0, 0.052, 0, 0.253, 0.082, 0.052, 0, 0.052, 0.052, 0.002
Node_Pate48_Pate30_0, 0.002, 0, 0.009, 0.007, 0.002, 0, 0.002, 0.001, 0.003
Node_Pate48_Pate40_0, 0.008, 0, 0.012, 0.01, 0.008, 0, 0.008, 0.006, 0.004
Node_Pate48_Pate43_0, 0.016, 0, 0.015, 0.012, 0.016, 0, 0.016, 0.014, 0.003
Node_Pate48_Pate46_0, 0.028, 0.001, 0.031, 0.032, 0.027, 0, 0.028, 0.023, 0.006
Node_Pate48_Pate49_0, 0.008, 0, 0.006, 0.009, 0.008, 0, 0.008, 0.002, 0.008
Node_Pate48_Pate51_0, 0.004, 0, 0.01, 0.011, 0.004, 0, 0.004, 0.001, 0.006
Node_Pate48_Pate56_0, 0.003, 0, 0.003, 0.003, 0.003, 0, 0.003, 0.001, 0.004
Node_Pate49_Pate41_0, 0.01, 0, 0.009, 0.014, 0.01, 0, 0.01, 0.002, 0.011
Node_Pate51_Pate27_0, 0.01, 0, 0.02, 0.027, 0.01, 0, 0.01, 0.001, 0.022
Node_Pate51_Pate33_0, 0.007, 0, 0.009, 0.01, 0.007, 0, 0.007, 0.003, 0.012
Node_Pate51_Pate53_0, 0.008, 0.001, 0.017, 0.023, 0.008, 0, 0.008, 0.001, 0.017
Node_Pate54_Pate31_0, 0.005, 0, 0.014, 0.014, 0.005, 0, 0.005, 0.001, 0.012
Node_Pate9_Pate36_0, 0.004, 0, 0.015, 0.016, 0.004, 0, 0.004, 0.002, 0.01
Node_Plan17_Plan23_0, 0.004, 0, 0.029, 0.031, 0.004, 0, 0.004, 0.001, 0.027
Node_Plan22_Plan2_0, 1.059, 0.007, 0.022, 0.159, 0.873, 0, 1.059, 0.669, 0.389
Node_Plan22_Plan4_0, 0.685, 0.001, 0.114, 0.143, 0.624, 0, 0.685, 0.605, 0.085
Node_Plan26_Plan21_0, 0.743, 0, 0.24, 0.365, 0.646, 0, 0.743, 0.666, 0.081
Node_Plan26_Plan5_0, 0.356, 0, 0.594, 0.29, 0.331, 0, 0.356, 0.155, 0.207
Node_Plan30_Plan14_0, 0.033, 0, 0.13, 0.098, 0.033, 0, 0.033, 0.029, 0.014
Node_Plan31_Plan17_0, 0.006, 0, 0.033, 0.021, 0.006, 0, 0.006, 0.002, 0.014
Node_Plan31_Plan18_0, 0.253, 0, 0.737, 0.497, 0.241, 0, 0.253, 0.252, 0.004
Node_Plan31_Plan27_0, 0.025, 0, 0.074, 0.069, 0.025, 0, 0.025, 0.018, 0.01
Node_Plan31_Plan39_0, 0.089, 0.001, 0.169, 0.179, 0.087, 0, 0.089, 0.087, 0.004
Node_Plan32_Plan12_0, 0.03, 0, 0.043, 0.049, 0.03, 0, 0.03, 0.022, 0.02
Node_Plan32_Plan22_0, 0.713, 0.002, 0.227, 0.204, 0.622, 0, 0.713, 0.677, 0.036
Node_Plan32_Plan26_0, 0.902, 0.008, 0.547, 0.509, 0.691, 0, 0.902, 0.552, 0.34
Node_Plan32_Plan30_0, 0.149, 0, 0.582, 0.252, 0.146, 0, 0.149, 0.14, 0.018
Node_Plan32_Plan3_0, 0.053, 0, 0.107, 0.101, 0.052, 0, 0.053, 0.048, 0.011
Node_Plan33_Plan44_0, 0.076, 0, 0.877, 0.405, 0.076, 0, 0.076, 0.074, 0.007
Node_Plan42_Plan40_0, 1.217, 0, 0.434, 0.365, 1, 0, 1.217, 0.942, 0.283
Node_Plan43_Plan16_0, 1.366, 0.185, 0.056, 0.411, 0.876, 0, 1.366, 0.759, 0.291
Node_Plan43_Plan31_0, 0.986, 0.006, 0.116, 0.356, 0.713, 0, 0.986, 0.924, 0.055
Node_Plan43_Plan32_0, 1.101, 0.009, 0.057, 0.3, 0.755, 0, 1.101, 0.926, 0.163
Node_Plan43_Plan33_0, 0.946, 0.018, 0.252, 0.443, 0.721, 0, 0.946, 0.837, 0.079
Node_Plan43_Plan42_0, 1.368, 0.002, 0.28, 0.163, 0.998, 0, 1.368, 1.092, 0.28
Node_Plan43_Plan7_0, 1.041, 0.006, 0.795, 0.547, 0.741, 0, 1.041, 1.013, 0.023
Node_Plan43_Verr11_0, 1.807, 0.011, 0.128, 0.418, 0.963, 0, 1.807, 1.752, 0.035
Node_Pori1_Pori2_0, 1.06, 0.003, 0.407, 0.602, 0.996, 0, 1.06, 0.242, 0.829
Node_ProtA11_ProtA32_0, 0.669, 0.001, 0.016, 0.105, 0.599, 0, 0.669, 0.45, 0.224
Node_ProtA12_ProtA44_0, 0.006, 0, 0.009, 0.01, 0.006, 0, 0.006, 0.003, 0.011
Node_ProtA12_ProtA54_0, 0.005, 0, 0.017, 0.015, 0.005, 0, 0.005, 0.001, 0.016
Node_ProtA13_ProtA24_0, 0.746, 0, 0.047, 0.064, 0.644, 0, 0.746, 0.646, 0.108
Node_ProtA13_ProtA61_0, 0.294, 0, 0.575, 0.05, 0.293, 0, 0.294, 0.178, 0.123
Node_ProtA13_ProtA77_0, 1.525, 0.005, 0.26, 0.261, 0.965, 0, 1.525, 1.172, 0.352
Node_ProtA13_ProtA7_0, 0.685, 0, 0.869, 0.112, 0.577, 0, 0.685, 0.661, 0.029
Node_ProtA15_ProtA42_0, 0.499, 0, 0.049, 0.102, 0.44, 0, 0.499, 0.298, 0.208
Node_ProtA15_ProtA70_0, 0.34, 0, 0.812, 0.184, 0.32, 0, 0.34, 0.3, 0.045
Node_ProtA16_ProtA33_0, 0.123, 0, 0.909, 0.301, 0.123, 0, 0.123, 0.121, 0.007
Node_ProtA16_ProtA66_0, 0.026, 0, 0.109, 0.06, 0.026, 0, 0.026, 0.018, 0.012
Node_ProtA16_ProtA69_0, 1.184, 0.004, 0.126, 0.158, 0.996, 0, 1.184, 1.169, 0.007
Node_ProtA16_ProtA8_0, 1.025, 0.001, 0.17, 0.317, 0.984, 0, 1.025, 1.019, 0.01
Node_ProtA18_ProtA10_0, 0.398, 0, 0.021, 0.073, 0.359, 0, 0.398, 0.067, 0.337
Node_ProtA18_ProtA19_0, 0.585, 0, 0.122, 0.109, 0.563, 0, 0.585, 0.574, 0.016
Node_ProtA18_ProtA29_0, 0.082, 0.001, 0.1, 0.061, 0.081, 0, 0.082, 0.026, 0.06
Node_ProtA18_ProtA53_0, 0.121, 0, 0.476, 0.099, 0.12, 0, 0.121, 0.116, 0.012
Node_ProtA19_ProtA14_0, 0.852, 0.008, 0.021, 0.03, 0.822, 0, 0.852, 0.793, 0.05
Node_ProtA19_ProtA20_0, 0.62, 0.001, 0.029, 0.075, 0.582, 0, 0.62, 0.561, 0.063
Node_ProtA19_ProtA3_0, 1.068, 0.011, 0.013, 0.057, 0.999, 0, 1.068, 0.842, 0.218
Node_ProtA19_ProtA46_0, 1.015, 0, 0.044, 0.051, 0.999, 0, 1.015, 0.998, 0.029
Node_ProtA19_ProtA49_0, 1.005, 0.002, 0.029, 0.033, 1, 0, 1.005, 0.998, 0.017
Node_ProtA19_ProtA56_0, 0.474, 0.011, 0.386, 0.081, 0.449, 0, 0.474, 0.234, 0.229
Node_ProtA19_ProtA68_0, 1.042, 0, 0.067, 0.042, 0.985, 0, 1.042, 1.009, 0.041
Node_ProtA19_ProtA74_0, 1.03, 0.022, 0.1, 0.635, 0.996, 0, 1.03, 0.938, 0.066
Node_ProtA19_ProtA75_0, 0.815, 0.005, 0.051, 0.05, 0.794, 0, 0.815, 0.429, 0.387
Node_ProtA20_ProtA11_0, 0.46, 0, 0.208, 0.074, 0.445, 0, 0.46, 0.414, 0.048
Node_ProtA20_ProtA5_0, 0.015, 0, 0.454, 0.084, 0.015, 0, 0.015, 0.011, 0.009
Node_ProtA26_ProtA37_0, 0.003, 0, 0.011, 0.009, 0.003, 0, 0.003, 0.001, 0.004
Node_ProtA26_ProtA45_0, 0.01, 0, 0.056, 0.014, 0.01, 0, 0.01, 0.005, 0.009
Node_ProtA27_ProtA21_0, 0.006, 0, 0.021, 0.013, 0.006, 0, 0.006, 0.003, 0.005
Node_ProtA30_ProtA35_0, 0.001, 0, 0.016, 0.012, 0.001, 0, 0.001, 0, 0.006
Node_ProtA34_Acid38_0, 1.051, 0.025, 0.021, 0.309, 0.995, 0.001, 1.051, 0.996, 0.007
Node_ProtA34_Chry1_0, 1.039, 0.014, 0.049, 0.291, 0.995, 0.003, 1.039, 1.01, 0.003
Node_ProtA34_DesuB4_0, 1.375, 0.015, 0.056, 0.79, 0.989, 0, 1.375, 1.332, 0.017
Node_ProtA34_DesuC2_0, 1.394, 0.004, 0.041, 0.384, 0.979, 0, 1.394, 1.332, 0.056
Node_ProtA34_J088X1_0, 1.472, 0.005, 0.019, 0.424, 0.976, 0, 1.472, 1.372, 0.092
Node_ProtA34_Nitr14_0, 1.351, 0.314, 0.025, 0.708, 0.997, 0, 1.351, 0.722, 0.011
Node_ProtA34_ProtA13_0, 1.428, 0.019, 0.038, 0.25, 0.994, 0, 1.428, 1.25, 0.148
Node_ProtA34_ProtA16_0, 1.299, 0.207, 0.089, 0.488, 0.998, 0, 1.299, 0.815, 0.082
Node_ProtA34_ProtA18_0, 0.691, 0.02, 0.013, 0.242, 0.649, 0, 0.691, 0.155, 0.519
Node_ProtA34_ProtA26_0, 0.057, 0, 0.025, 0.028, 0.053, 0, 0.057, 0.024, 0.034
Node_ProtA34_ProtA38_0, 1.099, 0.008, 0.014, 0.292, 0.989, 0, 1.099, 0.674, 0.414
Node_ProtA34_ProtA39_0, 0.165, 0.002, 0.008, 0.047, 0.158, 0, 0.165, 0.052, 0.114
Node_ProtA34_ProtA40_0, 1.143, 0.009, 0.342, 0.896, 0.993, 0, 1.143, 1.085, 0.048
Node_ProtA34_ProtA43_0, 0.998, 0, 0.156, 0.036, 0.992, 0, 0.998, 0.994, 0.011
Node_ProtA34_ProtA9_0, 0.048, 0, 0.051, 0.039, 0.047, 0, 0.048, 0.042, 0.009
Node_ProtA34_ProtG30_0, 0.99, 0.003, 0.687, 0.578, 0.793, 0, 0.99, 0.784, 0.202
Node_ProtA34_ProtM1_0, 0.228, 0.001, 0.766, 0.301, 0.215, 0, 0.228, 0.227, 0.003
Node_ProtA34_SAR3X2_0, 1.357, 0.011, 0.032, 0.31, 0.996, 0, 1.357, 1.31, 0.027
Node_ProtA34_SM23X1_0, 1.068, 0.06, 0.015, 0.445, 0.994, 0.134, 1.068, 0.952, 0.002
Node_ProtA34_Spir10_0, 0.887, 0.023, 0.007, 0.49, 0.858, 0.303, 0.887, 0.843, 0.002
Node_ProtA34_UBA2X1_0, 1.399, 0.015, 0.018, 0.392, 0.997, 0, 1.399, 1.325, 0.045
Node_ProtA34_Wall1_0, 0.566, 0.011, 0.001, 0.225, 0.556, 0.556, 0.566, 0.545, 0
Node_ProtA34_mitoFungi_0, 0.09, 0, 0.151, 0.11, 0.09, 0, 0.09, 0.082, 0.013
Node_ProtA38_ProtA15_0, 1.107, 0, 0.196, 0.189, 0.885, 0, 1.107, 0.911, 0.204
Node_ProtA38_ProtA41_0, 0.374, 0, 0.821, 0.173, 0.355, 0, 0.374, 0.279, 0.097
Node_ProtA38_ProtA64_0, 1.098, 0, 0.044, 0.152, 0.885, 0, 1.098, 1.065, 0.035
Node_ProtA39_ProtA12_0, 0.004, 0, 0.017, 0.016, 0.004, 0, 0.004, 0.001, 0.01
Node_ProtA39_ProtA27_0, 0.022, 0, 0.15, 0.036, 0.022, 0, 0.022, 0.02, 0.007
Node_ProtA39_ProtA30_0, 0.011, 0, 0.021, 0.014, 0.011, 0, 0.011, 0.005, 0.01
Node_ProtA39_ProtA36_0, 0.007, 0, 0.01, 0.01, 0.007, 0, 0.007, 0.002, 0.013
Node_ProtA3_ProtA72_0, 1.035, 0.002, 0.096, 0.261, 1, 0, 1.035, 1.02, 0.02
Node_ProtA3_ProtA76_0, 1.109, 0.024, 0.032, 0.046, 1, 0, 1.109, 1.024, 0.049
Node_ProtA40_ProtA67_0, 1.138, 0, 0.027, 0.027, 0.988, 0, 1.138, 1.12, 0.022
Node_ProtA46_ProtA55_0, 1.002, 0, 0.028, 0.021, 1, 0, 1.002, 0.999, 0.015
Node_ProtA47_ProtA63_0, 1.66, 0.002, 0.347, 0.442, 1, 0, 1.66, 0.89, 0.781
Node_ProtA53_ProtA58_0, 0.096, 0.001, 0.045, 0.069, 0.096, 0, 0.096, 0.08, 0.019
Node_ProtA56_ProtA52_0, 0.486, 0, 0.12, 0.069, 0.446, 0, 0.486, 0.357, 0.132
Node_ProtA68_ProtA2_0, 1.117, 0, 0.082, 0.027, 0.957, 0, 1.117, 0.968, 0.157
Node_ProtA69_ProtA50_0, 1.189, 0.007, 0.088, 0.544, 0.964, 0, 1.189, 1.099, 0.086
Node_ProtA70_ProtA57_0, 0.008, 0, 0.342, 0.045, 0.008, 0, 0.008, 0.005, 0.01
Node_ProtA76_ProtA47_0, 1.224, 0, 0.647, 0.337, 0.802, 0, 1.224, 0.551, 0.684
Node_ProtA76_ProtA48_0, 1.187, 0.006, 0.055, 0.23, 0.986, 0, 1.187, 1.054, 0.127
Node_ProtA76_ProtA62_0, 1.091, 0, 0.366, 0.218, 0.802, 0, 1.091, 0.867, 0.233
Node_ProtA76_ProtA71_0, 1.018, 0, 0.71, 0.123, 1, 0, 1.018, 0.398, 0.637
Node_ProtA77_ProtA31_0, 1.549, 0.004, 0.104, 0.166, 0.976, 0, 1.549, 1.424, 0.124
Node_ProtA77_ProtA51_0, 1.7, 0.001, 0.149, 0.434, 0.962, 0, 1.7, 1.407, 0.299
Node_ProtA9_ProtA60_0, 0.01, 0, 0.043, 0.02, 0.009, 0, 0.01, 0.008, 0.005
Node_ProtG12_ProtG5_0, 0.007, 0, 0.014, 0.012, 0.007, 0, 0.007, 0.002, 0.012
Node_ProtG16_ProtG17_0, 0.01, 0, 0.07, 0.026, 0.01, 0, 0.01, 0.004, 0.016
Node_ProtG18_ProtG10_0, 0.009, 0, 0.012, 0.017, 0.009, 0, 0.009, 0.002, 0.017
Node_ProtG18_ProtG12_0, 0.009, 0, 0.013, 0.018, 0.009, 0, 0.009, 0.004, 0.013
Node_ProtG18_ProtG14_0, 0.004, 0, 0.008, 0.004, 0.004, 0, 0.004, 0, 0.006
Node_ProtG18_ProtG21_0, 0.006, 0, 0.01, 0.006, 0.006, 0, 0.006, 0.001, 0.007
Node_ProtG24_ProtG18_0, 0.006, 0, 1.046, 0.018, 0.006, 0, 0.006, 0.003, 0.008
Node_ProtG25_ProtG9_0, 1.198, 0, 0.091, 0.073, 0.975, 0, 1.198, 0.991, 0.22
Node_ProtG29_ProtG76_0, 0.003, 0, 0.011, 0.01, 0.003, 0, 0.003, 0.001, 0.01
Node_ProtG30_ProtG19_0, 0.007, 0, 0.012, 0.013, 0.007, 0, 0.007, 0, 0.013
Node_ProtG30_ProtG31_0, 1.193, 0.001, 0.014, 0.277, 0.974, 0, 1.193, 1.047, 0.15
Node_ProtG30_ProtG34_0, 0.958, 0.001, 0.26, 0.334, 0.949, 0, 0.958, 0.937, 0.024
Node_ProtG30_ProtG35_0, 0.259, 0, 0.708, 0.258, 0.256, 0, 0.259, 0.252, 0.009
Node_ProtG30_ProtG39_0, 0.006, 0, 0.008, 0.011, 0.006, 0, 0.006, 0, 0.011
Node_ProtG30_ProtG42_0, 1.019, 0.001, 0.066, 0.254, 0.913, 0, 1.019, 1.002, 0.018
Node_ProtG30_ProtG49_0, 0.025, 0, 0.103, 0.023, 0.025, 0, 0.025, 0.019, 0.009
Node_ProtG30_ProtG50_0, 1.056, 0.002, 0.017, 0.223, 0.934, 0, 1.056, 1.004, 0.052
Node_ProtG30_ProtG64_0, 0.003, 0, 0.023, 0.024, 0.003, 0, 0.003, 0.002, 0.01
Node_ProtG30_ProtG71_0, 0.43, 0.001, 0.731, 0.388, 0.38, 0, 0.43, 0.321, 0.109
Node_ProtG30_ProtG80_0, 0.581, 0.002, 0.077, 0.34, 0.509, 0, 0.581, 0.353, 0.226
Node_ProtG30_ProtG84_0, 0.119, 0, 0.147, 0.068, 0.118, 0, 0.119, 0.114, 0.007
Node_ProtG30_ProtG85_0, 1.066, 0.003, 0.032, 0.73, 0.914, 0, 1.066, 0.552, 0.514
Node_ProtG30_ProtG87_0, 0.016, 0, 0.022, 0.019, 0.016, 0, 0.016, 0.008, 0.013
Node_ProtG30_ProtZ3_0, 1.051, 0.004, 0.057, 0.448, 0.968, 0, 1.051, 1.005, 0.044
Node_ProtG30_ProtZ5_0, 1.06, 0.002, 0.209, 0.447, 0.976, 0, 1.06, 0.783, 0.277
Node_ProtG31_ProtG16_0, 0.064, 0, 0.073, 0.048, 0.063, 0, 0.064, 0.023, 0.05
Node_ProtG31_ProtG32_0, 1.737, 0.003, 0.01, 0.051, 0.993, 0, 1.737, 1.183, 0.551
Node_ProtG31_ProtG36_0, 1.669, 0.005, 0.124, 0.115, 0.999, 0, 1.669, 1.654, 0.009
Node_ProtG31_ProtG44_0, 0.219, 0, 0.03, 0.042, 0.218, 0, 0.219, 0.044, 0.185
Node_ProtG31_ProtG45_0, 1.779, 0.006, 0.02, 0.053, 1, 0, 1.779, 1.714, 0.056
Node_ProtG31_ProtG47_0, 0.087, 0, 0.932, 0.114, 0.084, 0, 0.087, 0.077, 0.017
Node_ProtG31_ProtG61_0, 1.002, 0, 0.684, 0.171, 0.936, 0, 1.002, 0.993, 0.017
Node_ProtG32_ProtG26_0, 1.224, 0, 0.019, 0.017, 0.994, 0, 1.224, 1.062, 0.168
Node_ProtG32_ProtG33_0, 0.819, 0, 0.97, 0.157, 0.772, 0, 0.819, 0.771, 0.052
Node_ProtG32_ProtG37_0, 0.938, 0.001, 0.039, 0.155, 0.9, 0, 0.938, 0.789, 0.157
Node_ProtG32_ProtG43_0, 1.075, 0.002, 0.021, 0.303, 0.997, 0, 1.075, 0.924, 0.156
Node_ProtG33_ProtG48_0, 0.119, 0, 0.07, 0.044, 0.118, 0, 0.119, 0.044, 0.081
Node_ProtG33_ProtG67_0, 0.108, 0, 0.739, 0.146, 0.107, 0, 0.108, 0.086, 0.028
Node_ProtG33_ProtG7_0, 0.014, 0, 0.116, 0.058, 0.014, 0, 0.014, 0.01, 0.011
Node_ProtG35_ProtG81_0, 0.032, 0, 0.235, 0.082, 0.032, 0, 0.032, 0.03, 0.008
Node_ProtG36_ProtG20_0, 1.172, 0, 0.012, 0.023, 0.999, 0, 1.172, 1.034, 0.143
Node_ProtG36_ProtG24_0, 1.044, 0, 0.615, 0.067, 0.997, 0, 1.044, 1.036, 0.013
Node_ProtG36_ProtG38_0, 1.646, 0.004, 0.052, 0.732, 1, 0, 1.646, 1.622, 0.025
Node_ProtG36_ProtG65_0, 1.041, 0.001, 0.036, 0.033, 1, 0, 1.041, 1.01, 0.032
Node_ProtG37_ProtG41_0, 0.166, 0, 0.027, 0.053, 0.166, 0, 0.166, 0.125, 0.051
Node_ProtG37_ProtG51_0, 0.019, 0, 0.158, 0.04, 0.019, 0, 0.019, 0.017, 0.011
Node_ProtG37_ProtG53_0, 0.201, 0, 0.75, 0.19, 0.2, 0, 0.201, 0.192, 0.013
Node_ProtG37_ProtG8_0, 0.142, 0, 0.08, 0.072, 0.141, 0, 0.142, 0.133, 0.021
Node_ProtG38_ProtG28_0, 1.638, 0.003, 0.021, 0.225, 0.999, 0, 1.638, 1.626, 0.01
Node_ProtG38_ProtG46_0, 0.787, 0, 0.887, 0.48, 0.716, 0, 0.787, 0.757, 0.036
Node_ProtG39_ProtG15_0, 0.007, 0, 0.015, 0.018, 0.007, 0, 0.007, 0.001, 0.016
Node_ProtG41_ProtG40_0, 0.287, 0, 0.023, 0.068, 0.287, 0, 0.287, 0.153, 0.144
Node_ProtG42_ProtG74_0, 0.204, 0, 0.924, 0.314, 0.189, 0, 0.204, 0.098, 0.109
Node_ProtG43_ProtG55_0, 1.005, 0, 0.09, 0.021, 1, 0, 1.005, 0.997, 0.02
Node_ProtG44_ProtG22_0, 0.006, 0, 0.22, 0.023, 0.006, 0, 0.006, 0.005, 0.007
Node_ProtG45_ProtG66_0, 1.798, 0.018, 0.037, 0.1, 1, 0, 1.798, 1.728, 0.038
Node_ProtG45_ProtG75_0, 1.075, 0.101, 0.976, 0.126, 0.807, 0, 1.075, 0.723, 0.152
Node_ProtG47_ProtG62_0, 0.02, 0, 0.079, 0.037, 0.02, 0, 0.02, 0.014, 0.012
Node_ProtG48_ProtG1_0, 0.345, 0.001, 0.034, 0.096, 0.339, 0, 0.345, 0.095, 0.259
Node_ProtG48_ProtG25_0, 1.069, 0.001, 0.017, 0.295, 0.97, 0, 1.069, 0.333, 0.74
Node_ProtG48_ProtG6_0, 1.252, 0, 0.05, 0.065, 0.978, 0, 1.252, 1.03, 0.233
Node_ProtG49_ProtG29_0, 0.004, 0, 0.025, 0.012, 0.004, 0, 0.004, 0.004, 0.004
Node_ProtG53_ProtG27_0, 0.022, 0, 0.187, 0.068, 0.022, 0, 0.022, 0.018, 0.008
Node_ProtG53_ProtG70_0, 0.005, 0, 0.024, 0.016, 0.005, 0, 0.005, 0.002, 0.007
Node_ProtG58_ProtG59_0, 1.091, 0, 0.367, 0.371, 0.989, 0, 1.091, 1.077, 0.02
Node_ProtG59_ProtG73_0, 0.297, 0, 0.934, 0.368, 0.282, 0, 0.297, 0.164, 0.14
Node_ProtG61_ProtG60_0, 0.009, 0, 0.051, 0.038, 0.009, 0, 0.009, 0.006, 0.013
Node_ProtG61_ProtG72_0, 0.955, 0, 0.077, 0.126, 0.939, 0, 0.955, 0.933, 0.03
Node_ProtG61_ProtG78_0, 0.047, 0, 0.923, 0.11, 0.046, 0, 0.047, 0.042, 0.015
Node_ProtG62_ProtG77_0, 0.005, 0, 0.029, 0.022, 0.005, 0, 0.005, 0.001, 0.014
Node_ProtG65_ProtG69_0, 1.002, 0, 0.05, 0.013, 1, 0, 1.002, 0.997, 0.011
Node_ProtG66_ProtG68_0, 1.023, 0.001, 0.792, 0.13, 1, 0, 1.023, 1.011, 0.016
Node_ProtG67_ProtG63_0, 0.009, 0, 0.108, 0.048, 0.009, 0, 0.009, 0.007, 0.009
Node_ProtG80_ProtG57_0, 0.046, 0, 0.548, 0.173, 0.046, 0, 0.046, 0.044, 0.013
Node_ProtG81_ProtG79_0, 0.003, 0, 0.04, 0.025, 0.003, 0, 0.003, 0.001, 0.011
Node_ProtG83_ProtG52_0, 0.232, 0, 0.017, 0.019, 0.232, 0, 0.232, 0.107, 0.13
Node_ProtG83_ProtG89_0, 0.119, 0, 0.062, 0.02, 0.119, 0, 0.119, 0.095, 0.028
Node_ProtG84_ProtG11_0, 0.227, 0.001, 0.087, 0.081, 0.226, 0, 0.227, 0.078, 0.16
Node_ProtG84_ProtG83_0, 0.153, 0, 0.025, 0.039, 0.148, 0, 0.153, 0.092, 0.068
Node_ProtG84_ProtG90_0, 0.11, 0, 0.044, 0.034, 0.108, 0, 0.11, 0.081, 0.035
Node_ProtG85_ProtG56_0, 1.52, 0, 0.044, 0.111, 0.987, 0, 1.52, 1.384, 0.14
Node_ProtG85_ProtG58_0, 1.438, 0.36, 0.099, 0.711, 0.999, 0, 1.438, 0.646, 0.111
Node_ProtG85_ProtG86_0, 0.967, 0, 0.569, 0.101, 0.931, 0, 0.967, 0.96, 0.016
Node_ProtG85_ProtG88_0, 1.424, 0.001, 0.078, 0.092, 0.999, 0, 1.424, 1.365, 0.063
Node_ProtG85_ProtG91_0, 0.947, 0, 0.036, 0.026, 0.941, 0, 0.947, 0.934, 0.016
Node_ProtG86_ProtG82_0, 0.011, 0, 0.97, 0.026, 0.011, 0, 0.011, 0.006, 0.014
Node_ProtG87_ProtG3_0, 0.004, 0, 0.012, 0.011, 0.004, 0, 0.004, 0.001, 0.011
Node_ProtG87_ProtG4_0, 0.005, 0, 0.024, 0.02, 0.005, 0, 0.005, 0.003, 0.013
Node_ProtG89_ProtG13_0, 0.005, 0, 0.122, 0.022, 0.005, 0, 0.005, 0.002, 0.008
Node_ProtG90_ProtG54_0, 0.004, 0, 0.113, 0.026, 0.004, 0, 0.004, 0.003, 0.007
Node_ProtM1_ProtM2_0, 0.013, 0, 0.049, 0.036, 0.013, 0, 0.013, 0.01, 0.008
Node_ProtM1_ProtM3_0, 0.054, 0, 0.196, 0.116, 0.053, 0, 0.054, 0.051, 0.022
Node_ProtZ1_ProtZ4_0, 1.027, 0, 0.027, 0.018, 1, 0, 1.027, 1.021, 0.018
Node_ProtZ3_ProtZ1_0, 1.036, 0.002, 0.024, 0.158, 1, 0, 1.036, 0.99, 0.053
Node_ProtZ3_ProtZ2_0, 1.005, 0.02, 0.137, 0.526, 0.969, 0, 1.005, 0.95, 0.071
Node_SAR3X2_BMS3X1_0, 0.204, 0, 1.156, 0.491, 0.194, 0, 0.204, 0.203, 0.003
Node_SAR3X2_SAR3X1_0, 0.34, 0.003, 0.117, 0.36, 0.295, 0, 0.34, 0.097, 0.25
Node_SM23X1_AABM5X1_0, 0.003, 0, 0.016, 0.017, 0.003, 0, 0.003, 0.001, 0.003
Node_SM23X1_Aero1_0, 1.141, 0.07, 0.059, 0.689, 0.977, 0, 1.141, 0.952, 0.062
Node_SM23X1_Bact27_0, 0.016, 0, 0.033, 0.025, 0.016, 0, 0.016, 0.015, 0.003
Node_SM23X1_Caldit2_0, 0.002, 0, 0.003, 0.004, 0.002, 0, 0.002, 0.001, 0.002
Node_SM23X1_Fibr4_0, 0.046, 0, 0.036, 0.04, 0.046, 0, 0.046, 0.04, 0.006
Node_SM23X1_Hydr2_0, 1.444, 0.234, 0.027, 0.674, 0.981, 0, 1.444, 0.903, 0.096
Node_SM23X1_KSB1X2_0, 0.004, 0, 0.006, 0.006, 0.004, 0, 0.004, 0.001, 0.008
Node_SM23X1_KSB1X3_0, 0.003, 0, 0.007, 0.008, 0.003, 0, 0.003, 0.001, 0.006
Node_SM23X1_P4572X1_0, 0.1, 0, 0.059, 0.065, 0.1, 0, 0.1, 0.083, 0.019
Node_SM23X1_Pori1_0, 0.635, 0.002, 0.936, 0.732, 0.535, 0, 0.635, 0.508, 0.125
Node_SM23X1_RBG1_0, 0.241, 0.001, 0.402, 0.341, 0.234, 0, 0.241, 0.234, 0.007
Node_SM23X1_TA06X1_0, 0.14, 0, 0.107, 0.141, 0.137, 0, 0.14, 0.134, 0.006
Node_SM23X1_Zixi5_0, 0.076, 0, 0.035, 0.042, 0.074, 0, 0.076, 0.066, 0.011
Node_Spir10_Lind1_0, 0.597, 0.006, 0.328, 0.377, 0.581, 0.002, 0.597, 0.56, 0.03
Node_Spir10_Spir11_0, 0.143, 0, 0.124, 0.204, 0.142, 0, 0.143, 0.14, 0.004
Node_Spir10_Spir12_0, 0.105, 0, 0.043, 0.136, 0.105, 0, 0.105, 0.101, 0.005
Node_Spir10_Spir13_0, 0.036, 0, 0.088, 0.056, 0.036, 0, 0.036, 0.027, 0.018
Node_Spir10_Spir15_0, 0.263, 0.002, 0.362, 0.311, 0.257, 0, 0.263, 0.234, 0.026
Node_Spir10_Spir3_0, 0.009, 0, 0.033, 0.023, 0.009, 0, 0.009, 0.008, 0.006
Node_Spir10_Spir8_0, 0.106, 0.002, 0.012, 0.119, 0.106, 0, 0.106, 0.093, 0.011
Node_Spir13_Spir2_0, 0.008, 0, 0.045, 0.034, 0.008, 0, 0.008, 0.003, 0.017
Node_Spir15_Spir4_0, 0.294, 0.001, 0.166, 0.232, 0.286, 0, 0.294, 0.101, 0.196
Node_Spir15_Spir9_0, 1.008, 0.001, 0.054, 0.54, 0.996, 0, 1.008, 0.247, 0.767
Node_Sume1_OLB1X1_0, 1.158, 0.009, 0.73, 1.342, 0.997, 0, 1.158, 1.083, 0.063
Node_Sume1_UBP4X1_0, 1.026, 0, 0.137, 0.116, 0.995, 0, 1.026, 1.023, 0.005
Node_Syne1_Calda2_0, 0.046, 0, 0.155, 0.076, 0.046, 0, 0.046, 0.046, 0.001
Node_Syne1_Cyan40_0, 0.342, 0.002, 0.058, 0.185, 0.34, 0.001, 0.342, 0.337, 0.002
Node_Syne1_Dein5_0, 0.2, 0, 0.15, 0.129, 0.199, 0, 0.2, 0.194, 0.008
Node_Syne1_Syne2_0, 0.007, 0, 0.009, 0.009, 0.007, 0, 0.007, 0.001, 0.013
Node_Syne1_Syne4_0, 0.007, 0, 0.016, 0.017, 0.007, 0, 0.007, 0.005, 0.007
Node_Syne1_Syne6_0, 0.004, 0, 0.01, 0.006, 0.004, 0, 0.004, 0.001, 0.007
Node_Syne1_Syne7_0, 0.003, 0, 0.014, 0.016, 0.003, 0, 0.003, 0.001, 0.013
Node_Syne1_Syne9_0, 0.016, 0, 0.034, 0.029, 0.016, 0, 0.016, 0.013, 0.004
Node_Syne2_Syne8_0, 0.009, 0, 0.013, 0.018, 0.009, 0, 0.009, 0.003, 0.015
Node_Syne4_Syne5_0, 0.001, 0, 0.014, 0.015, 0.001, 0, 0.001, 0.001, 0.008
Node_Syne7_Syne10_0, 0.002, 0, 0.013, 0.015, 0.002, 0, 0.002, 0, 0.012
Node_Syne8_Syne3_0, 0.005, 0, 0.02, 0.023, 0.005, 0, 0.005, 0.001, 0.016
Node_TA06X1_Cloa1_0, 0.036, 0, 0.106, 0.061, 0.036, 0, 0.036, 0.036, 0.002
Node_TA06X1_Edwa1_0, 0.007, 0, 0.032, 0.028, 0.007, 0, 0.007, 0.006, 0.003
Node_TA06X1_WOR1_0, 0.006, 0, 0.003, 0.005, 0.006, 0, 0.006, 0.004, 0.002
Node_Therd1_Dict1_0, 0.023, 0, 0.231, 0.092, 0.023, 0, 0.023, 0.022, 0.004
Node_Therg2_Therg4_0, 0.009, 0, 0.024, 0.025, 0.009, 0, 0.009, 0.007, 0.01
Node_Therg3_Therg5_0, 0.004, 0, 0.013, 0.012, 0.004, 0, 0.004, 0.001, 0.009
Node_Therg8_Therg2_0, 0.023, 0, 0.091, 0.047, 0.023, 0, 0.023, 0.017, 0.016
Node_Therg8_Therg3_0, 0.008, 0, 0.025, 0.017, 0.008, 0, 0.008, 0.003, 0.01
Node_Therg8_Therg6_0, 0.003, 0, 0.017, 0.018, 0.003, 0, 0.003, 0.001, 0.012
Node_Thers1_Desua45_0, 0.006, 0, 0.046, 0.048, 0.006, 0, 0.006, 0.005, 0.004
Node_UBA1X2_UBA1X3_0, 0.15, 0, 0.615, 0.278, 0.148, 0, 0.15, 0.146, 0.014
Node_UBA1X2_UBA1X5_0, 0.043, 0, 0.123, 0.121, 0.043, 0, 0.043, 0.039, 0.016
Node_UBA1X5_UBA1X4_0, 0.017, 0, 0.04, 0.037, 0.016, 0, 0.017, 0.013, 0.014
Node_UBA1X6_UBA1X1_0, 0.798, 0, 0.014, 0.153, 0.793, 0, 0.798, 0.742, 0.061
Node_UBA1X6_UBA1X2_0, 0.751, 0.001, 0.027, 0.157, 0.747, 0, 0.751, 0.742, 0.01
Node_UBA2X1_DesuD2_0, 1.435, 0.003, 0.023, 0.272, 0.989, 0, 1.435, 1.361, 0.075
Node_UBA2X1_Desua22_0, 1.38, 0.004, 0.063, 0.301, 0.989, 0, 1.38, 1.338, 0.04
Node_UBA2X1_Desua28_0, 0.677, 0.003, 0.939, 0.265, 0.596, 0, 0.677, 0.499, 0.178
Node_UBA2X1_SZUA2_0, 0.229, 0.001, 0.579, 0.205, 0.222, 0, 0.229, 0.105, 0.13
Node_UBA6X1_Desa1_0, 0.084, 0, 0.16, 0.166, 0.082, 0, 0.084, 0.083, 0.005
Node_UBA6X1_Elus1_0, 0.03, 0, 0.054, 0.059, 0.03, 0, 0.03, 0.03, 0
Node_UBA6X1_Gold1_0, 0.239, 0.001, 0.266, 0.274, 0.232, 0, 0.239, 0.231, 0.008
Node_UBA9X1_UBA9X3_0, 0.041, 0, 0.129, 0.09, 0.04, 0, 0.041, 0.037, 0.009
Node_UBA9X3_UBA9X2_0, 0.004, 0, 0.044, 0.034, 0.004, 0, 0.004, 0.004, 0.007
Node_Verr11_Aure2_0, 1.539, 0.002, 0.136, 0.324, 0.938, 0, 1.539, 1.216, 0.324
Node_Verr11_Aure3_0, 1.349, 0.003, 0.489, 0.501, 0.884, 0, 1.349, 1.251, 0.095
Node_Verr11_Omni4_0, 1.74, 0.007, 0.117, 0.56, 0.95, 0, 1.74, 1.687, 0.043
Node_Verr11_Verr12_0, 0.224, 0, 1.032, 0.066, 0.222, 0, 0.224, 0.042, 0.196
Node_Verr11_Verr14_0, 1.06, 0, 0.462, 0.05, 0.993, 0, 1.06, 1.024, 0.045
Node_Verr11_Verr7_0, 1.559, 0.04, 0.814, 0.526, 0.967, 0, 1.559, 1.044, 0.461
Node_Verr11_Verr8_0, 1.872, 0.007, 0.081, 0.329, 0.964, 0, 1.872, 1.456, 0.407
Node_Verr11_Verr9_0, 1.477, 0.005, 0.296, 0.864, 0.997, 0, 1.477, 1.265, 0.209
Node_Verr3_Verr10_0, 0.836, 0.102, 0.817, 0.061, 0.702, 0, 0.836, 0.569, 0.081
Node_Verr5_Verr6_0, 1.016, 0.001, 1.423, 0.296, 0.997, 0, 1.016, 0.26, 0.759
Node_Verr7_Verr13_0, 1.049, 0.001, 0.374, 0.093, 0.839, 0, 1.049, 0.996, 0.056
Node_Verr7_Verr2_0, 0.391, 0, 0.801, 0.07, 0.389, 0, 0.391, 0.256, 0.143
Node_Verr7_Verr4_0, 1.366, 0.003, 0.621, 0.377, 0.992, 0, 1.366, 0.944, 0.425
Node_Verr8_Verr3_0, 1.47, 0.015, 0.297, 0.127, 0.932, 0, 1.47, 1.368, 0.073
Node_Verr8_Verr5_0, 1.679, 0.002, 0.372, 0.255, 0.931, 0, 1.679, 1.502, 0.177
Node_WOR1_WOR2_0, 0.003, 0, 0.007, 0.004, 0.003, 0, 0.003, 0, 0.004
Node_WOR1_WOR3_0, 0.005, 0, 0.008, 0.006, 0.005, 0, 0.005, 0.002, 0.008
Node_WOR1_WOR6_0, 0.005, 0, 0.003, 0.005, 0.005, 0, 0.005, 0.001, 0.005
Node_WOR2_WOR4_0, 0.003, 0, 0.007, 0.008, 0.003, 0, 0.003, 0, 0.007
Node_WOR6_WOR7_0, 0.005, 0, 0.006, 0.005, 0.005, 0, 0.005, 0.002, 0.006
Node_Wall1_Fuso2_0, 0.049, 0, 0.35, 0.187, 0.049, 0, 0.049, 0.048, 0.004
Node_Wall1_Muir1_0, 0.003, 0, 0.013, 0.014, 0.003, 0, 0.003, 0, 0.009
Node_Wall1_Rifl1_0, 0.007, 0, 0.047, 0.036, 0.007, 0, 0.007, 0.005, 0.005
Node_Wall1_Syne1_0, 0.395, 0, 0.172, 0.242, 0.392, 0, 0.395, 0.395, 0.001
Node_Zixi2_Zixi1_0, 0, 0, 0.01, 0.009, 0, 0, 0, 0, 0.006
Node_Zixi4_Zixi2_0, 0.004, 0, 0.004, 0.007, 0.004, 0, 0.004, 0, 0.006
Node_Zixi4_Zixi3_0, 0.005, 0, 0.011, 0.012, 0.005, 0, 0.005, 0.001, 0.012
Node_Zixi5_Late2_0, 0.037, 0, 0.044, 0.033, 0.037, 0, 0.037, 0.032, 0.005
Node_Zixi5_TA06A1_0, 0.003, 0, 0.006, 0.008, 0.003, 0, 0.003, 0.003, 0.003
Node_Zixi5_UBP14X1_0, 0.006, 0, 0.033, 0.021, 0.006, 0, 0.006, 0.005, 0.002
Node_Zixi5_Zixi4_0, 0.002, 0, 0.006, 0.008, 0.002, 0, 0.002, 0.002, 0.005
Node_chloroArabidopsis_chloroBryophyte_0, 0.005, 0, 0.012, 0.017, 0.005, 0, 0.005, 0.003, 0.011
Node_chloroArabidopsis_chloroChlorophyta_0, 0.006, 0, 0.008, 0.008, 0.006, 0, 0.006, 0.001, 0.01
Node_chloroArabidopsis_chloroLycophyte_0, 0.002, 0, 0.015, 0.018, 0.002, 0, 0.002, 0, 0.012
Node_chloroArabidopsis_chloroRedAlgae_0, 0.004, 0, 0.06, 0.008, 0.004, 0, 0.004, 0, 0.01
Node_mitoAnnelida_mitoChelicerate_0, 0.009, 0, 0.015, 0.013, 0.009, 0, 0.009, 0.001, 0.017
Node_mitoAnnelida_mitoMollusc_0, 0.003, 0, 0.018, 0.022, 0.003, 0, 0.003, 0, 0.015
Node_mitoAnnelida_mitoPriapulid_0, 0.006, 0.001, 0.017, 0.015, 0.006, 0, 0.006, 0, 0.013
Node_mitoArabidopsis_mitoLycophyte_0, 0.005, 0, 0.016, 0.019, 0.005, 0, 0.005, 0, 0.018
Node_mitoBryophyte_mitoArabidopsis_0, 0.003, 0, 0.01, 0.011, 0.003, 0, 0.003, 0.002, 0.007
Node_mitoBryophyte_mitoChlorophyta_0, 0.006, 0, 0.011, 0.017, 0.006, 0, 0.006, 0.002, 0.011
Node_mitoBryophyte_mitoExcavata_0, 0.008, 0, 0.017, 0.011, 0.008, 0, 0.008, 0.006, 0.006
Node_mitoBryophyte_mitoParamecium_0, 0.003, 0, 0.009, 0.009, 0.003, 0, 0.003, 0.002, 0.004
Node_mitoBryophyte_mitoRedAlgae_0, 0.006, 0, 0.004, 0.004, 0.006, 0, 0.006, 0.001, 0.007
Node_mitoChelicerate_mitoInsect_0, 0.004, 0, 0.011, 0.014, 0.004, 0, 0.004, 0.001, 0.006
Node_mitoFungi_mitoAnnelida_0, 0.007, 0, 0.023, 0.02, 0.007, 0, 0.007, 0.002, 0.011
Node_mitoFungi_mitoBryophyte_0, 0.019, 0, 0.077, 0.057, 0.019, 0, 0.019, 0.017, 0.006
OLB1X1, 1, 0, 0.174, 0.094, 1, 0, 1, 0.995, 0.016
Omni2, 2, 0, 0.025, 0.023, 1, 0, 2, 1.166, 0.846
Omni3, 0, 0, 0.112, 0.065, 0, 0, 0, 0, 0.016
Omni4, 1, 0, 0.188, 0.021, 1, 0, 1, 0.999, 0.009
Omni6, 1, 0, 0.273, 0.12, 1, 0, 1, 0.771, 0.239
Omni7, 0, 0, 0.118, 0.049, 0, 0, 0, 0, 0.009
Omni8, 1, 0.001, 0.815, 0.266, 1, 0, 1, 0.228, 0.78
P4572X1, 0, 0.001, 0.066, 0.046, 0, 0, 0, 0, 0.021
Pate1, 0, 0, 0.032, 0.033, 0, 0, 0, 0, 0.027
Pate10, 0, 0, 0.027, 0.035, 0, 0, 0, 0, 0.02
Pate11, 0, 0, 0.017, 0.017, 0, 0, 0, 0, 0.012
Pate12, 0, 0, 0.019, 0.021, 0, 0, 0, 0, 0.017
Pate13, 0, 0, 0.022, 0.018, 0, 0, 0, 0, 0.013
Pate14, 0, 0, 0.027, 0.025, 0, 0, 0, 0, 0.015
Pate15, 0, 0, 0.029, 0.031, 0, 0, 0, 0, 0.022
Pate17, 0, 0, 0.028, 0.034, 0, 0, 0, 0, 0.023
Pate18, 0, 0, 0.023, 0.025, 0, 0, 0, 0, 0.015
Pate19, 0, 0, 0.03, 0.036, 0, 0, 0, 0, 0.023
Pate21, 0, 0, 0.017, 0.024, 0, 0, 0, 0, 0.013
Pate22, 0, 0, 0.035, 0.038, 0, 0, 0, 0, 0.03
Pate23, 0, 0, 0.134, 0.131, 0, 0, 0, 0, 0.082
Pate24, 0, 0, 0.024, 0.031, 0, 0, 0, 0, 0.016
Pate25, 0, 0, 0.018, 0.019, 0, 0, 0, 0, 0.015
Pate26, 0, 0, 0.014, 0.013, 0, 0, 0, 0, 0.012
Pate27, 0, 0, 0.024, 0.029, 0, 0, 0, 0, 0.014
Pate28, 0, 0, 0.021, 0.028, 0, 0, 0, 0, 0.018
Pate29, 0, 0, 0.021, 0.021, 0, 0, 0, 0, 0.014
Pate3, 0, 0, 0.019, 0.018, 0, 0, 0, 0, 0.016
Pate30, 0, 0, 0.029, 0.035, 0, 0, 0, 0, 0.027
Pate31, 0, 0, 0.026, 0.026, 0, 0, 0, 0, 0.021
Pate32, 0, 0, 0.042, 0.052, 0, 0, 0, 0, 0.037
Pate33, 0, 0, 0.016, 0.015, 0, 0, 0, 0, 0.009
Pate34, 0, 0, 0.025, 0.027, 0, 0, 0, 0, 0.016
Pate35, 0, 0, 0.028, 0.026, 0, 0, 0, 0, 0.016
Pate36, 0, 0, 0.022, 0.023, 0, 0, 0, 0, 0.018
Pate37, 0, 0, 0.025, 0.026, 0, 0, 0, 0, 0.018
Pate38, 0, 0, 0.015, 0.015, 0, 0, 0, 0, 0.007
Pate39, 0, 0, 0.024, 0.022, 0, 0, 0, 0, 0.016
Pate4, 0, 0, 0.023, 0.023, 0, 0, 0, 0, 0.014
Pate40, 0, 0, 0.021, 0.023, 0, 0, 0, 0, 0.012
Pate41, 0, 0, 0.025, 0.03, 0, 0, 0, 0, 0.015
Pate43, 0, 0, 0.019, 0.02, 0, 0, 0, 0, 0.016
Pate44, 0, 0, 0.02, 0.02, 0, 0, 0, 0, 0.013
Pate45, 0, 0, 0.021, 0.029, 0, 0, 0, 0, 0.016
Pate46, 0, 0, 0.074, 0.078, 0, 0, 0, 0, 0.062
Pate48, 0, 0, 0.015, 0.015, 0, 0, 0, 0, 0.011
Pate49, 0, 0, 0.027, 0.026, 0, 0, 0, 0, 0.017
Pate5, 0, 0, 0.021, 0.023, 0, 0, 0, 0, 0.013
Pate50, 0, 0, 0.019, 0.02, 0, 0, 0, 0, 0.014
Pate51, 0, 0, 0.016, 0.015, 0, 0, 0, 0, 0.006
Pate52, 0, 0, 0.019, 0.019, 0, 0, 0, 0, 0.016
Pate53, 0, 0, 0.019, 0.018, 0, 0, 0, 0, 0.011
Pate54, 0, 0, 0.019, 0.021, 0, 0, 0, 0, 0.014
Pate55, 0, 0, 0.018, 0.017, 0, 0, 0, 0, 0.009
Pate56, 0, 0, 0.015, 0.018, 0, 0, 0, 0, 0.012
Pate57, 0, 0, 0.022, 0.022, 0, 0, 0, 0, 0.019
Pate6, 0, 0, 0.026, 0.031, 0, 0, 0, 0, 0.021
Pate7, 0, 0, 0.027, 0.029, 0, 0, 0, 0, 0.023
Pate8, 0, 0, 0.019, 0.02, 0, 0, 0, 0, 0.014
Pate9, 0, 0, 0.014, 0.013, 0, 0, 0, 0, 0.01
Plan12, 0, 0, 0.045, 0.039, 0, 0, 0, 0, 0.015
Plan14, 0, 0, 0.042, 0.045, 0, 0, 0, 0, 0.009
Plan16, 2, 0.001, 0.376, 0.609, 1, 0, 2, 1, 1.009
Plan17, 0, 0, 0.012, 0.011, 0, 0, 0, 0, 0.008
Plan18, 0, 0, 0.278, 0.225, 0, 0, 0, 0, 0.025
Plan2, 1, 0.003, 0.484, 0.626, 1, 0, 1, 0.585, 0.422
Plan21, 1, 0.002, 0.158, 0.383, 1, 0, 1, 0.592, 0.413
Plan22, 1, 0.001, 0.46, 0.562, 1, 0, 1, 0.613, 0.4
Plan23, 0, 0, 0.015, 0.016, 0, 0, 0, 0, 0.011
Plan26, 1, 0.002, 0.102, 0.36, 1, 0, 1, 0.266, 0.744
Plan27, 1, 0, 0.033, 0.04, 1, 0, 1, 0.002, 1.008
Plan3, 0, 0, 0.062, 0.041, 0, 0, 0, 0, 0.009
Plan30, 0, 0, 0.04, 0.033, 0, 0, 0, 0, 0.007
Plan31, 0, 0, 0.011, 0.008, 0, 0, 0, 0, 0.005
Plan32, 0, 0.001, 0.041, 0.033, 0, 0, 0, 0, 0.01
Plan33, 0, 0, 0.084, 0.075, 0, 0, 0, 0, 0.008
Plan39, 0, 0, 0.1, 0.07, 0, 0, 0, 0, 0.011
Plan4, 0, 0, 0.697, 0.171, 0, 0, 0, 0, 0.012
Plan40, 1, 0, 0.231, 0.062, 1, 0, 1, 1, 0.014
Plan42, 2, 0, 0.034, 0.129, 1, 0, 2, 1.195, 0.817
Plan43, 1, 0, 0.692, 0.065, 1, 0, 1, 0.684, 0.324
Plan44, 0, 0, 0.085, 0.054, 0, 0, 0, 0, 0.009
Plan5, 0, 0, 0.367, 0.132, 0, 0, 0, 0, 0.011
Plan7, 0, 0, 1.073, 0.525, 0, 0, 0, 0, 0.032
Pori1, 1, 0, 0.077, 0.069, 1, 0, 1, 0.996, 0.017
Pori2, 1, 0.002, 0.078, 1.054, 1, 0, 1, 0.993, 0.016
ProtA10, 1, 0, 0.28, 0.074, 1, 0, 1, 0.135, 0.882
ProtA11, 1, 0, 0.507, 0.075, 1, 0, 1, 0.178, 0.838
ProtA12, 0, 0, 0.015, 0.012, 0, 0, 0, 0, 0.01
ProtA13, 1, 0, 0.015, 0.012, 1, 0, 1, 0.286, 0.721
ProtA14, 1, 0, 0.838, 0.085, 1, 0, 1, 0.033, 0.986
ProtA15, 1, 0, 0.206, 0.312, 1, 0, 1, 0.303, 0.707
ProtA16, 1, 0.001, 0.034, 0.193, 1, 0, 1, 0.008, 1.007
ProtA18, 1, 0.001, 0.148, 0.208, 1, 0, 1, 0.261, 0.749
ProtA19, 1, 0, 0.017, 0.016, 1, 0, 1, 1, 0.012
ProtA2, 1, 0, 0.964, 0.021, 1, 0, 1, 0.16, 0.847
ProtA20, 0, 0, 0.03, 0.028, 0, 0, 0, 0, 0.015
ProtA21, 0, 0, 0.018, 0.02, 0, 0, 0, 0, 0.012
ProtA24, 1, 0, 0.195, 0.19, 1, 0, 1, 0.563, 0.449
ProtA26, 0, 0, 0.016, 0.02, 0, 0, 0, 0, 0.013
ProtA27, 0, 0, 0.014, 0.015, 0, 0, 0, 0, 0.008
ProtA29, 1, 0, 0.092, 0.037, 1, 0, 1, 0.002, 1.01
ProtA3, 1, 0.001, 0.085, 0.946, 1, 0, 1, 0.963, 0.049
ProtA30, 0, 0, 0.021, 0.028, 0, 0, 0, 0, 0.02
ProtA31, 1, 0.008, 0.641, 1.609, 1, 0, 1, 0.921, 0.084
ProtA32, 1, 0, 0.173, 0.082, 1, 0, 1, 0.5, 0.504
ProtA33, 0, 0, 0.135, 0.071, 0, 0, 0, 0, 0.012
ProtA34, 0, 0, 1.003, 0.014, 0, 0, 0, 0, 0.005
ProtA35, 0, 0, 0.018, 0.023, 0, 0, 0, 0, 0.017
ProtA36, 0, 0, 0.019, 0.018, 0, 0, 0, 0, 0.012
ProtA37, 0, 0, 0.014, 0.012, 0, 0, 0, 0, 0.011
ProtA38, 0, 0, 0.389, 0.045, 0, 0, 0, 0, 0.015
ProtA39, 0, 0, 0.016, 0.018, 0, 0, 0, 0, 0.009
ProtA40, 1, 0, 1.001, 0.037, 1, 0, 1, 0.15, 0.863
ProtA41, 1, 0.001, 0.056, 0.253, 1, 0, 1, 0.326, 0.681
ProtA42, 1, 0, 0.333, 0.258, 1, 0, 1, 0.18, 0.834
ProtA43, 1, 0, 0.019, 0.029, 1, 0, 1, 0.991, 0.021
ProtA44, 0, 0, 0.015, 0.017, 0, 0, 0, 0, 0.009
ProtA45, 0, 0, 0.026, 0.025, 0, 0, 0, 0, 0.016
ProtA46, 1, 0, 0.008, 0.008, 1, 0, 1, 1, 0.006
ProtA47, 2, 0.002, 0.037, 0.183, 1, 0, 2, 1.634, 0.375
ProtA48, 1, 0, 0.212, 0.436, 1, 0, 1, 0.981, 0.025
ProtA49, 1, 0.001, 0.014, 1.005, 1, 0, 1, 0.999, 0.008
ProtA5, 0, 0, 0.028, 0.024, 0, 0, 0, 0, 0.013
ProtA50, 1, 0, 0.945, 0.477, 1, 0, 1, 0.25, 0.756
ProtA51, 1, 0.001, 0.829, 0.518, 1, 0, 1, 0.876, 0.128
ProtA52, 1, 0, 0.142, 0.055, 1, 0, 1, 0.352, 0.656
ProtA53, 0, 0, 0.109, 0.046, 0, 0, 0, 0, 0.013
ProtA54, 0, 0, 0.015, 0.015, 0, 0, 0, 0, 0.01
ProtA55, 1, 0, 0.012, 0.013, 1, 0, 1, 1, 0.01
ProtA56, 1, 0, 0.368, 0.072, 1, 0, 1, 0.132, 0.882
ProtA57, 0, 0, 0.014, 0.011, 0, 0, 0, 0, 0.006
ProtA58, 1, 0, 0.011, 0.067, 1, 0, 1, 0.092, 0.915
ProtA60, 0, 0, 0.017, 0.014, 0, 0, 0, 0, 0.007
ProtA61, 0, 0, 0.308, 0.019, 0, 0, 0, 0, 0.014
ProtA62, 1, 0.001, 0.457, 0.242, 1, 0, 1, 0.645, 0.365
ProtA63, 1, 0, 0.667, 0.034, 1, 0, 1, 0.999, 0.007
ProtA64, 1, 0, 0.25, 0.172, 1, 0, 1, 0.856, 0.152
ProtA66, 0, 0, 0.038, 0.025, 0, 0, 0, 0, 0.012
ProtA67, 1, 0, 0.164, 0.036, 1, 0, 1, 0.985, 0.026
ProtA68, 1, 0, 0.173, 0.028, 1, 0, 1, 0.95, 0.056
ProtA69, 1, 0, 0.27, 0.558, 1, 0, 1, 0.928, 0.081
ProtA7, 0, 0, 0.699, 0.05, 0, 0, 0, 0, 0.014
ProtA70, 0, 0, 0.021, 0.02, 0, 0, 0, 0, 0.013
ProtA71, 1, 0, 0.029, 0.021, 1, 0, 1, 1, 0.011
ProtA72, 1, 0, 0.068, 0.054, 1, 0, 1, 0.975, 0.033
ProtA74, 1, 0.014, 0.068, 1.871, 1, 0, 1, 0.968, 0.024
ProtA75, 1, 0.003, 0.196, 1.084, 1, 0, 1, 0.627, 0.378
ProtA76, 1, 0, 0.026, 0.023, 1, 0, 1, 0.999, 0.008
ProtA77, 2, 0.003, 0.901, 0.949, 1, 0, 2, 0.811, 1.198
ProtA8, 1, 0.001, 0.061, 0.345, 1, 0, 1, 0.981, 0.035
ProtA9, 0, 0, 0.022, 0.022, 0, 0, 0, 0, 0.012
ProtG1, 0, 0, 0.358, 0.1, 0, 0, 0, 0, 0.013
ProtG10, 0, 0, 0.015, 0.009, 0, 0, 0, 0, 0.006
ProtG11, 0, 0, 0.236, 0.053, 0, 0, 0, 0, 0.009
ProtG12, 0, 0, 0.023, 0.024, 0, 0, 0, 0, 0.016
ProtG13, 0, 0, 0.025, 0.027, 0, 0, 0, 0, 0.02
ProtG14, 0, 0, 0.017, 0.015, 0, 0, 0, 0, 0.013
ProtG15, 0, 0, 0.016, 0.014, 0, 0, 0, 0, 0.009
ProtG16, 0, 0, 0.026, 0.025, 0, 0, 0, 0, 0.016
ProtG17, 0, 0, 0.024, 0.019, 0, 0, 0, 0, 0.014
ProtG18, 0, 0, 0.018, 0.023, 0, 0, 0, 0, 0.012
ProtG19, 0, 0, 0.028, 0.031, 0, 0, 0, 0, 0.021
ProtG20, 1, 0, 1.022, 0.073, 1, 0, 1, 0.168, 0.85
ProtG21, 0, 0, 0.015, 0.013, 0, 0, 0, 0, 0.009
ProtG22, 0, 0, 0.011, 0.014, 0, 0, 0, 0, 0.005
ProtG24, 0, 0, 0.017, 0.021, 0, 0, 0, 0, 0.011
ProtG25, 1, 0, 0.246, 0.068, 1, 0, 1, 0.967, 0.048
ProtG26, 1, 0, 0.245, 0.022, 1, 0, 1, 0.994, 0.021
ProtG27, 0, 0, 0.026, 0.014, 0, 0, 0, 0, 0.004
ProtG28, 1, 0.002, 0.657, 0.238, 1, 0, 1, 0.99, 0.017
ProtG29, 0, 0, 0.015, 0.015, 0, 0, 0, 0, 0.012
ProtG3, 0, 0, 0.015, 0.015, 0, 0, 0, 0, 0.011
ProtG30, 0, 0, 0.021, 0.026, 0, 0, 0, 0, 0.014
ProtG31, 1, 0, 0.014, 0.095, 1, 0, 1, 0.214, 0.795
ProtG32, 1, 0, 1.012, 0.017, 1, 0, 1, 0.224, 0.788
ProtG33, 0, 0, 0.022, 0.016, 0, 0, 0, 0, 0.008
ProtG34, 1, 0.002, 0.03, 0.439, 1, 0, 1, 0.941, 0.07
ProtG35, 0, 0, 0.047, 0.037, 0, 0, 0, 0, 0.015
ProtG36, 1, 0, 0.18, 0.016, 1, 0, 1, 0.999, 0.008
ProtG37, 0, 0, 0.026, 0.018, 0, 0, 0, 0, 0.007
ProtG38, 0, 0, 0.801, 0.164, 0, 0, 0, 0, 0.014
ProtG39, 0, 0, 0.022, 0.021, 0, 0, 0, 0, 0.015
ProtG4, 0, 0, 0.027, 0.025, 0, 0, 0, 0, 0.022
ProtG40, 1, 0, 0.01, 0.127, 1, 0, 1, 0.285, 0.723
ProtG41, 0, 0, 0.301, 0.048, 0, 0, 0, 0, 0.014
ProtG42, 0, 0, 0.213, 0.098, 0, 0, 0, 0, 0.009
ProtG43, 1, 0, 0.013, 0.011, 1, 0, 1, 1, 0.008
ProtG44, 0, 0, 0.017, 0.017, 0, 0, 0, 0, 0.011
ProtG45, 2, 0.79, 0.189, 0.083, 1, 0, 2, 0.327, 0.324
ProtG46, 1, 0, 0.131, 0.244, 1, 0, 1, 0.67, 0.344
ProtG47, 0, 0, 0.034, 0.028, 0, 0, 0, 0, 0.014
ProtG48, 1, 0, 0.294, 0.087, 1, 0, 1, 0.97, 0.042
ProtG49, 0, 0, 0.012, 0.013, 0, 0, 0, 0, 0.008
ProtG5, 0, 0, 0.018, 0.016, 0, 0, 0, 0, 0.011
ProtG50, 0, 0.001, 1.065, 0.259, 0, 0, 0, 0, 0.008
ProtG51, 0, 0, 0.027, 0.021, 0, 0, 0, 0, 0.008
ProtG52, 1, 0, 0.01, 0.044, 1, 0, 1, 0.23, 0.778
ProtG53, 0, 0, 0.01, 0.008, 0, 0, 0, 0, 0.005
ProtG54, 0, 0, 0.021, 0.024, 0, 0, 0, 0, 0.017
ProtG55, 1, 0, 0.018, 0.022, 1, 0, 1, 1, 0.013
ProtG56, 1, 0, 0.952, 0.234, 1, 0, 1, 0.577, 0.432
ProtG57, 0, 0, 0.054, 0.031, 0, 0, 0, 0, 0.008
ProtG58, 1, 0.001, 0.118, 0.343, 1, 0, 1, 0.984, 0.026
ProtG59, 1, 0, 0.098, 0.065, 1, 0, 1, 0.207, 0.801
ProtG6, 1, 0, 0.99, 0.304, 1, 0, 1, 0.273, 0.738
ProtG60, 0, 0, 0.014, 0.009, 0, 0, 0, 0, 0.005
ProtG61, 0, 0, 0.011, 0.008, 0, 0, 0, 0, 0.002
ProtG62, 0, 0, 0.016, 0.014, 0, 0, 0, 0, 0.011
ProtG63, 0, 0, 0.017, 0.015, 0, 0, 0, 0, 0.008
ProtG64, 0, 0, 0.013, 0.015, 0, 0, 0, 0, 0.01
ProtG65, 0, 0, 1.008, 0.008, 0, 0, 0, 0, 0.006
ProtG66, 1, 0, 0.04, 0.035, 1, 0, 1, 1, 0.017
ProtG67, 0, 0, 0.024, 0.021, 0, 0, 0, 0, 0.015
ProtG68, 1, 0, 0.032, 0.027, 1, 0, 1, 1, 0.009
ProtG69, 1, 0, 0.011, 0.016, 1, 0, 1, 1, 0.009
ProtG7, 0, 0, 0.03, 0.031, 0, 0, 0, 0, 0.016
ProtG70, 0, 0, 0.018, 0.019, 0, 0, 0, 0, 0.013
ProtG71, 0, 0, 0.472, 0.175, 0, 0, 0, 0, 0.042
ProtG72, 1, 0, 0.032, 0.14, 1, 0, 1, 0.937, 0.077
ProtG73, 0, 0, 0.302, 0.048, 0, 0, 0, 0, 0.005
ProtG74, 1, 0.001, 0.094, 0.32, 1, 0, 1, 0.116, 0.889
ProtG75, 1, 0, 0.93, 0.235, 1, 0, 1, 0.162, 0.855
ProtG76, 0, 0, 0.016, 0.017, 0, 0, 0, 0, 0.013
ProtG77, 0, 0, 0.015, 0.015, 0, 0, 0, 0, 0.01
ProtG78, 0, 0, 0.059, 0.034, 0, 0, 0, 0, 0.012
ProtG79, 0, 0, 0.017, 0.015, 0, 0, 0, 0, 0.014
ProtG8, 0, 0, 0.15, 0.04, 0, 0, 0, 0, 0.008
ProtG80, 0, 0, 0.06, 0.046, 0, 0, 0, 0, 0.014
ProtG81, 0, 0, 0.016, 0.018, 0, 0, 0, 0, 0.013
ProtG82, 0, 0, 0.028, 0.028, 0, 0, 0, 0, 0.017
ProtG83, 0, 0, 0.24, 0.026, 0, 0, 0, 0, 0.008
ProtG84, 1, 0, 0.016, 0.199, 1, 0, 1, 0.222, 0.789
ProtG85, 0, 0, 0.956, 0.013, 0, 0, 0, 0, 0.009
ProtG86, 0, 0, 0.014, 0.014, 0, 0, 0, 0, 0.003
ProtG87, 0, 0, 0.008, 0.007, 0, 0, 0, 0, 0.004
ProtG88, 1, 0, 0.456, 0.119, 1, 0, 1, 0.978, 0.032
ProtG89, 0, 0.001, 0.013, 0.011, 0, 0, 0, 0, 0.007
ProtG9, 1, 0, 0.983, 0.192, 1, 0, 1, 0.221, 0.785
ProtG90, 0, 0, 0.014, 0.015, 0, 0, 0, 0, 0.01
ProtG91, 1, 0, 0.014, 0.023, 1, 0, 1, 0.941, 0.067
ProtM1, 0, 0, 0.025, 0.027, 0, 0, 0, 0, 0.012
ProtM2, 0, 0, 0.025, 0.029, 0, 0, 0, 0, 0.012
ProtM3, 0, 0, 0.059, 0.04, 0, 0, 0, 0, 0.005
ProtZ1, 1, 0.001, 0.067, 0.954, 1, 0, 1, 0.968, 0.039
ProtZ2, 1, 0, 0.954, 0.453, 1, 0, 1, 0.061, 0.949
ProtZ3, 1, 0, 0.052, 0.032, 1, 0, 1, 1, 0.016
ProtZ4, 1, 0, 0.037, 0.012, 1, 0, 1, 1, 0.01
ProtZ5, 1, 0, 0.153, 0.132, 1, 0, 1, 0.97, 0.093
RBG1, 0, 0, 0.317, 0.223, 0, 0, 0, 0, 0.076
Rifl1, 0, 0, 0.025, 0.028, 0, 0, 0, 0, 0.018
SAR3X1, 1, 0, 0.229, 0.63, 1, 0, 1, 0.13, 0.889
SAR3X2, 1, 0.001, 0.173, 0.566, 1, 0, 1, 0.182, 0.832
SLNR1, 0, 0, 0.012, 0.012, 0, 0, 0, 0, 0.011
SM23X1, 0, 0, 0.017, 0.022, 0, 0, 0, 0, 0.014
SZUA1, 0, 0, 0.881, 0.209, 0, 0, 0, 0, 0.01
SZUA2, 0, 0.001, 0.242, 0.104, 0, 0, 0, 0, 0.012
Sche1, 0, 0, 0.894, 0.257, 0, 0, 0, 0, 0.017
Spir10, 0, 0, 0.019, 0.016, 0, 0, 0, 0, 0.01
Spir11, 0, 0, 0.17, 0.105, 0, 0, 0, 0, 0.027
Spir12, 0, 0, 0.118, 0.066, 0, 0, 0, 0, 0.013
Spir13, 0, 0, 0.02, 0.018, 0, 0, 0, 0, 0.012
Spir15, 1, 0, 0.023, 0.06, 1, 0, 1, 0.996, 0.015
Spir2, 0, 0, 0.026, 0.025, 0, 0, 0, 0, 0.018
Spir3, 0, 0, 0.025, 0.031, 0, 0, 0, 0, 0.016
Spir4, 0, 0, 0.306, 0.169, 0, 0, 0, 0, 0.012
Spir8, 1, 0.002, 0.021, 0.48, 1, 0, 1, 0.097, 0.913
Spir9, 1, 0.005, 0.03, 0.991, 1, 0, 1, 0.991, 0.017
Sume1, 1, 0, 0.038, 0.034, 1, 0, 1, 0.995, 0.012
Syne1, 0, 0, 0.019, 0.016, 0, 0, 0, 0, 0.012
Syne10, 0, 0, 0.011, 0.012, 0, 0, 0, 0, 0.009
Syne2, 0, 0, 0.025, 0.028, 0, 0, 0, 0, 0.016
Syne3, 0, 0, 0.021, 0.018, 0, 0, 0, 0, 0.016
Syne4, 0, 0, 0.015, 0.019, 0, 0, 0, 0, 0.014
Syne5, 0, 0, 0.014, 0.014, 0, 0, 0, 0, 0.013
Syne6, 0, 0, 0.014, 0.011, 0, 0, 0, 0, 0.01
Syne7, 0, 0, 0.012, 0.013, 0, 0, 0, 0, 0.01
Syne8, 0, 0, 0.011, 0.014, 0, 0, 0, 0, 0.006
Syne9, 0, 0, 0.031, 0.035, 0, 0, 0, 0, 0.015
TA06A1, 0, 0, 0.012, 0.01, 0, 0, 0, 0, 0.009
TA06X1, 0, 0, 0.021, 0.024, 0, 0, 0, 0, 0.015
Therd1, 0, 0, 0.034, 0.028, 0, 0, 0, 0, 0.011
Therg2, 0, 0, 0.019, 0.017, 0, 0, 0, 0, 0.01
Therg3, 0, 0, 0.021, 0.022, 0, 0, 0, 0, 0.017
Therg4, 0, 0, 0.019, 0.022, 0, 0, 0, 0, 0.01
Therg5, 0, 0, 0.015, 0.021, 0, 0, 0, 0, 0.011
Therg6, 0, 0, 0.016, 0.016, 0, 0, 0, 0, 0.013
Therg8, 0, 0, 0.016, 0.02, 0, 0, 0, 0, 0.013
Thers1, 0, 0, 0.015, 0.013, 0, 0, 0, 0, 0.009
UBA1X1, 0, 0, 0.81, 0.326, 0, 0, 0, 0, 0.012
UBA1X2, 0, 0, 0.059, 0.045, 0, 0, 0, 0, 0.016
UBA1X3, 0, 0, 0.162, 0.113, 0, 0, 0, 0, 0.012
UBA1X4, 0, 0, 0.028, 0.021, 0, 0, 0, 0, 0.011
UBA1X5, 0, 0, 0.027, 0.024, 0, 0, 0, 0, 0.01
UBA1X6, 1, 0, 0.011, 0.17, 1, 0, 1, 0.791, 0.213
UBA2X1, 1, 0, 0.061, 0.283, 1, 0, 1, 0.176, 0.832
UBA6X1, 0, 0, 0.045, 0.038, 0, 0, 0, 0, 0.015
UBA9X1, 0, 0, 0.063, 0.055, 0, 0, 0, 0, 0.022
UBA9X2, 0, 0, 0.013, 0.012, 0, 0, 0, 0, 0.009
UBA9X3, 0, 0, 0.014, 0.013, 0, 0, 0, 0, 0.01
UBP13X1, 0, 0, 0.156, 0.059, 0, 0, 0, 0, 0.011
UBP14X1, 0, 0, 0.021, 0.019, 0, 0, 0, 0, 0.015
UBP4X1, 0, 0, 1.035, 0.031, 0, 0, 0, 0, 0.009
UBP6X1, 0, 0, 0.114, 0.104, 0, 0, 0, 0, 0.055
Verr10, 2, 0.773, 0.018, 0.031, 1, 0, 2, 0.35, 0.409
Verr11, 1, 0, 0.015, 0.273, 1, 0, 1, 0.221, 0.791
Verr12, 0, 0, 0.234, 0.046, 0, 0, 0, 0, 0.01
Verr13, 1, 0, 0.284, 0.127, 1, 0, 1, 0.78, 0.235
Verr14, 1, 0, 0.079, 0.04, 1, 0, 1, 0.992, 0.019
Verr2, 1, 0, 0.019, 0.109, 1, 0, 1, 0.382, 0.628
Verr3, 0, 0, 0.852, 0.049, 0, 0, 0, 0, 0.016
Verr4, 1, 0.004, 0.46, 0.743, 1, 0, 1, 0.915, 0.09
Verr5, 1, 0, 0.031, 0.027, 1, 0, 1, 0.996, 0.015
Verr6, 1, 0, 0.033, 0.023, 1, 0, 1, 0.996, 0.017
Verr7, 0, 0, 0.403, 0.178, 0, 0, 0, 0, 0.012
Verr8, 1, 0.002, 0.705, 0.145, 1, 0, 1, 0.781, 0.233
Verr9, 2, 0.005, 0.046, 1.042, 1, 0, 2, 1.438, 0.564
WOR1, 0, 0, 0.027, 0.029, 0, 0, 0, 0, 0.022
WOR2, 0, 0, 0.013, 0.016, 0, 0, 0, 0, 0.01
WOR3, 0, 0, 0.016, 0.016, 0, 0, 0, 0, 0.011
WOR4, 0, 0, 0.013, 0.011, 0, 0, 0, 0, 0.01
WOR6, 0, 0, 0.021, 0.021, 0, 0, 0, 0, 0.016
WOR7, 0, 0, 0.016, 0.014, 0, 0, 0, 0, 0.011
Wall1, 0, 0, 0.016, 0.017, 0, 0, 0, 0, 0.013
Zixi1, 0, 0, 0.014, 0.017, 0, 0, 0, 0, 0.014
Zixi2, 0, 0, 0.009, 0.01, 0, 0, 0, 0, 0.009
Zixi3, 0, 0, 0.02, 0.023, 0, 0, 0, 0, 0.015
Zixi4, 0, 0, 0.017, 0.018, 0, 0, 0, 0, 0.012
Zixi5, 0, 0, 0.014, 0.015, 0, 0, 0, 0, 0.012
chloroArabidopsis, 0, 0, 0.017, 0.017, 0, 0, 0, 0, 0.015
chloroBryophyte, 0, 0, 0.018, 0.018, 0, 0, 0, 0, 0.013
chloroChlorophyta, 0, 0, 0.017, 0.014, 0, 0, 0, 0, 0.011
chloroLycophyte, 0, 0, 0.013, 0.013, 0, 0, 0, 0, 0.011
chloroRedAlgae, 0, 0, 0.01, 0.011, 0, 0, 0, 0, 0.006
mitoAnnelida, 0, 0, 0.012, 0.013, 0, 0, 0, 0, 0.009
mitoArabidopsis, 0, 0, 0.013, 0.011, 0, 0, 0, 0, 0.008
mitoBryophyte, 0, 0, 0.01, 0.008, 0, 0, 0, 0, 0.007
mitoChelicerate, 0, 0, 0.023, 0.028, 0, 0, 0, 0, 0.019
mitoChlorophyta, 0, 0, 0.016, 0.018, 0, 0, 0, 0, 0.01
mitoExcavata, 0, 0, 0.02, 0.017, 0, 0, 0, 0, 0.012
mitoFungi, 0, 0, 0.018, 0.018, 0, 0, 0, 0, 0.011
mitoInsect, 0, 0, 0.009, 0.006, 0, 0, 0, 0, 0.005
mitoLycophyte, 0, 0, 0.012, 0.014, 0, 0, 0, 0, 0.007
mitoMollusc, 0, 0, 0.01, 0.013, 0, 0, 0, 0, 0.007
mitoParamecium, 0, 0, 0.01, 0.01, 0, 0, 0, 0, 0.007
mitoPriapulid, 0, 0, 0.015, 0.014, 0, 0, 0, 0, 0.009
mitoRedAlgae, 0, 0, 0.015, 0.015, 0, 0, 0, 0, 0.009
